"date_id";"option_name";"bytes_in";"bytes_out";"account_id";"option_datetime"
"2024-09-02";"Tas-ix";"1 196 638";"114 208";"27 561 722";"2024-09-02 17:26:28"
"2024-09-07";"";"71 206";"30 774";"27 563 011";"2024-09-07 07:40:59"
"2024-09-10";"Tas-ix";"449 962";"17 613";"27 561 921";"2024-09-10 10:55:55"
"2024-09-10";"";"51 814";"3 069";"27 562 305";"2024-09-10 22:43:08"
"2024-09-02";"";"33 138";"2 998";"27 562 595";"2024-09-02 19:16:01"
"2024-09-03";"";"276 700";"183 065";"27 563 225";"2024-09-04 00:45:37"
"2024-09-09";"YouTube";"71 655";"6 017";"27 563 187";"2024-09-09 11:32:56"
"2024-09-08";"";"131 303";"89 475";"27 561 177";"2024-09-08 05:38:47"
"2024-09-02";"";"289 718";"19 167";"27 562 587";"2024-09-02 08:05:28"
"2024-09-03";"";"53 714";"44 785";"27 562 451";"2024-09-03 06:39:24"
"2024-09-02";"Instagram";"38 296";"17 089";"27 562 492";"2024-09-02 20:05:13"
"2024-09-01";"YouTube";"30 405";"9 009";"27 562 168";"2024-09-01 09:54:34"
"2024-09-03";"";"27 268";"7 037";"27 562 934";"2024-09-03 12:45:43"
"2024-09-10";"";"339 129";"23 438";"27 563 427";"2024-09-11 02:47:25"
"2024-09-02";"";"25 828";"10 128";"27 561 796";"2024-09-02 07:16:59"
"2024-09-10";"Unknown";"97 465";"485 841";"27 563 154";"2024-09-10 13:46:13"
"2024-09-08";"Telegram";"16 926 349";"3 161 763";"27 561 222";"2024-09-08 19:52:01"
"2024-09-03";"";"537 317";"227 897";"27 561 352";"2024-09-04 01:34:32"
"2024-09-01";"";"43 581";"5 571";"27 561 745";"2024-09-01 03:12:11"
"2024-09-04";"";"163 825";"84 479";"27 561 555";"2024-09-04 03:24:23"
"2024-09-03";"";"2 450 381";"124 063";"27 561 354";"2024-09-03 15:24:04"
"2024-09-02";"";"167 410";"4 445";"27 563 430";"2024-09-02 18:15:38"
"2024-09-08";"VKontakte";"2 368 462";"2 296 812";"27 562 427";"2024-09-08 13:34:32"
"2024-09-05";"Instagram";"62 274 500";"1 257 244";"27 563 515";"2024-09-05 03:24:37"
"2024-09-02";"";"54 952";"5 671";"27 561 203";"2024-09-03 02:23:06"
"2024-09-06";"";"1 692 012";"91 309";"27 561 172";"2024-09-06 04:01:13"
"2024-09-02";"Telegram";"55 382";"4 821";"27 563 335";"2024-09-02 14:23:02"
"2024-09-01";"Telegram";"152 626 953";"35 454 807";"27 561 884";"2024-09-01 03:00:57"
"2024-09-01";"";"662 779";"31 957";"27 561 811";"2024-09-01 11:56:47"
"2024-09-07";"";"1 939 741";"89 944";"27 563 263";"2024-09-07 08:05:16"
"2024-09-01";"Telegram";"702 481";"99 274";"27 561 747";"2024-09-01 14:35:37"
"2024-09-09";"YouTube";"289 700";"134 358";"27 561 616";"2024-09-09 05:38:40"
"2024-09-04";"";"62 632";"19 822";"27 561 895";"2024-09-04 17:14:44"
"2024-09-04";"";"27 836";"2 360";"27 561 502";"2024-09-04 07:16:01"
"2024-09-06";"YouTube";"105 374 965";"8 133 722";"27 563 240";"2024-09-06 18:27:06"
"2024-09-06";"Instagram";"3 686 140";"1 769 026";"27 563 266";"2024-09-06 17:26:11"
"2024-09-10";"";"1 178 444";"65 886";"27 561 943";"2024-09-10 05:50:23"
"2024-09-02";"Telegram";"31 519 478";"2 006 943";"27 561 850";"2024-09-02 08:41:44"
"2024-09-09";"";"28 906";"12 025";"27 562 142";"2024-09-09 14:11:49"
"2024-09-02";"Instagram";"3 870 508";"179 985";"27 563 183";"2024-09-02 16:13:04"
"2024-09-09";"";"39 493";"7 273";"27 562 681";"2024-09-09 17:26:47"
"2024-09-09";"";"144 192";"5 821";"27 562 317";"2024-09-09 16:13:00"
"2024-09-10";"Instagram";"42 887 048";"813 293";"27 562 708";"2024-09-10 16:01:23"
"2024-09-01";"";"1 321 080";"4 523 191";"27 562 186";"2024-09-01 10:31:02"
"2024-09-05";"";"223 110";"17 635";"27 563 278";"2024-09-05 04:25:07"
"2024-09-01";"";"952 456";"136 734";"27 562 775";"2024-09-02 01:10:31"
"2024-09-09";"VKontakte";"182 373";"8 823";"27 561 368";"2024-09-09 15:36:51"
"2024-09-01";"Unknown";"26 008";"12 516";"27 563 447";"2024-09-01 07:04:25"
"2024-09-06";"Tas-ix";"7 819";"221 189";"27 561 350";"2024-09-06 03:48:10"
"2024-09-07";"Instagram";"13 264 353";"264 547";"27 561 289";"2024-09-07 07:40:49"
"2024-09-05";"";"250 025 325";"1 720 430";"27 562 317";"2024-09-05 14:35:37"
"2024-09-07";"Telegram";"1 949 046";"190 633";"27 561 866";"2024-09-07 10:19:36"
"2024-09-09";"YouTube";"58 228";"218 851";"27 561 176";"2024-09-10 02:59:10"
"2024-09-09";"";"1 894 457";"96 403";"27 561 344";"2024-09-09 15:00:48"
"2024-09-09";"";"26 925";"1 588";"27 563 243";"2024-09-09 04:13:45"
"2024-09-05";"Telegram";"1 570 929";"1 045 320";"27 563 213";"2024-09-05 12:09:02"
"2024-09-09";"VKontakte";"5 072";"37 576";"27 562 878";"2024-09-09 03:48:06"
"2024-09-09";"YouTube";"14 294";"42 565";"27 561 555";"2024-09-09 06:39:28"
"2024-09-05";"";"12 569";"28 899";"27 561 956";"2024-09-05 23:08:54"
"2024-09-08";"";"30 039";"5 255";"27 562 004";"2024-09-08 17:14:52"
"2024-09-07";"Yandex";"1 844 395";"126 087";"27 563 189";"2024-09-07 13:22:24"
"2024-09-03";"";"45 616";"7 115";"27 563 143";"2024-09-03 06:51:47"
"2024-09-04";"WhatsApp";"1 216 961";"1 945 407";"27 561 608";"2024-09-04 11:08:03"
"2024-09-06";"YouTube";"374 697";"3 860 120";"27 561 621";"2024-09-06 20:17:48"
"2024-09-07";"YouTube";"1 166 179";"523 538";"27 563 203";"2024-09-08 00:57:37"
"2024-09-07";"Tas-ix";"501 351";"61 392";"27 563 390";"2024-09-07 18:03:47"
"2024-09-08";"";"144 304";"20 985";"27 563 096";"2024-09-08 04:49:32"
"2024-09-07";"";"2 769 469";"837 591";"27 563 267";"2024-09-07 07:40:10"
"2024-09-08";"";"73 780";"4 841";"27 562 968";"2024-09-09 00:21:06"
"2024-09-02";"";"2 212 849";"345 933";"27 562 934";"2024-09-03 01:22:27"
"2024-09-02";"";"43 616";"5 416";"27 563 269";"2024-09-02 03:12:10"
"2024-09-04";"";"3 298 809";"1 779 873";"27 562 542";"2024-09-04 21:42:26"
"2024-09-09";"Facebook";"3 236 902";"111 668";"27 563 073";"2024-09-09 21:30:05"
"2024-09-02";"";"435 032";"190 494";"27 562 326";"2024-09-02 17:26:15"
"2024-09-06";"";"31 481";"2 351";"27 562 376";"2024-09-06 19:52:38"
"2024-09-10";"";"451 188";"183 352";"27 563 264";"2024-09-10 07:40:45"
"2024-09-10";"";"33 725";"7 971";"27 562 242";"2024-09-10 11:56:56"
"2024-09-07";"";"205 022";"112 153";"27 562 240";"2024-09-07 18:15:51"
"2024-09-10";"";"30 500";"4 152";"27 562 717";"2024-09-10 23:32:46"
"2024-09-09";"Yandex";"3 292 387";"148 477";"27 563 289";"2024-09-09 11:44:28"
"2024-09-09";"Yandex";"133 133";"1 339 331";"27 563 262";"2024-09-09 19:04:24"
"2024-09-06";"";"7 244";"35 937";"27 563 416";"2024-09-06 08:41:11"
"2024-09-09";"Yandex";"493 361";"312 725";"27 563 419";"2024-09-10 01:46:20"
"2024-09-04";"";"51 501";"26 029";"27 562 599";"2024-09-04 13:10:55"
"2024-09-08";"";"40 584";"2 826";"27 561 245";"2024-09-08 21:30:14"
"2024-09-10";"";"1 021 256";"536 048";"27 562 988";"2024-09-10 19:04:33"
"2024-09-10";"";"1 160 855";"245 172";"27 562 792";"2024-09-10 14:47:20"
"2024-09-05";"";"30 197";"8 003";"27 561 501";"2024-09-05 19:40:22"
"2024-09-02";"Instagram";"1 032 223";"393 655";"27 562 098";"2024-09-02 17:38:38"
"2024-09-05";"";"232 147";"15 683";"27 562 996";"2024-09-05 09:30:18"
"2024-09-02";"";"111 573";"42 912";"27 562 066";"2024-09-03 00:45:44"
"2024-09-01";"";"61 982";"11 796";"27 562 772";"2024-09-01 05:38:17"
"2024-09-06";"";"6 608 308";"1 328 706";"27 561 697";"2024-09-07 01:34:50"
"2024-09-04";"";"20 905";"30 249";"27 562 156";"2024-09-04 13:34:31"
"2024-09-03";"Facebook";"138 528";"6 967";"27 562 808";"2024-09-03 10:55:14"
"2024-09-04";"";"28 482";"6 479";"27 561 172";"2024-09-04 20:41:49"
"2024-09-09";"YouTube";"449 210 709";"28 079 680";"27 563 342";"2024-09-09 16:49:23"
"2024-09-08";"";"134 176";"23 632";"27 562 004";"2024-09-08 11:08:18"
"2024-09-02";"";"52 199";"14 163";"27 562 326";"2024-09-02 05:02:03"
"2024-09-02";"";"161 543";"10 519";"27 561 177";"2024-09-02 09:42:40"
"2024-09-09";"";"42 205";"6 461";"27 562 520";"2024-09-09 21:06:06"
"2024-09-01";"";"10 211";"30 559";"27 561 621";"2024-09-01 21:30:47"
"2024-09-10";"Telegram";"252 535";"24 194";"27 563 009";"2024-09-10 12:09:07"
"2024-09-09";"YouTube";"2 368 869";"766 330";"27 562 982";"2024-09-09 10:19:31"
"2024-09-04";"";"18 726";"133 737";"27 562 243";"2024-09-04 18:03:24"
"2024-09-06";"";"24 736";"33 361";"27 562 422";"2024-09-06 20:17:40"
"2024-09-10";"Facebook";"218 983";"80 649";"27 561 213";"2024-09-10 19:52:56"
"2024-09-08";"Unknown";"52 280";"16 032";"27 562 041";"2024-09-08 11:32:23"
"2024-09-04";"";"43 033";"31 889";"27 561 444";"2024-09-04 21:42:29"
"2024-09-06";"YouTube";"486 098 906";"28 213 078";"27 561 304";"2024-09-06 03:24:39"
"2024-09-10";"";"122 687";"43 702";"27 561 181";"2024-09-11 00:09:43"
"2024-09-05";"Yandex";"678 525";"419 585";"27 562 595";"2024-09-05 17:50:01"
"2024-09-03";"";"135 679";"34 972";"27 562 355";"2024-09-03 14:11:26"
"2024-09-04";"";"77 178";"6 930";"27 562 417";"2024-09-04 15:48:01"
"2024-09-03";"YouTube";"231 936";"31 064";"27 561 590";"2024-09-03 11:20:50"
"2024-09-07";"";"31 558";"20 523";"27 561 373";"2024-09-07 04:01:40"
"2024-09-06";"";"584 600";"29 906";"27 562 708";"2024-09-06 13:46:25"
"2024-09-05";"Yandex";"7 552 004";"181 237";"27 562 984";"2024-09-05 12:21:52"
"2024-09-05";"";"30 300";"39 868";"27 561 492";"2024-09-05 19:28:41"
"2024-09-06";"";"47 008 836";"2 156 273";"27 562 365";"2024-09-06 08:29:11"
"2024-09-03";"Instagram";"5 353 097";"142 310";"27 561 422";"2024-09-03 10:07:54"
"2024-09-08";"";"23 789";"58 488";"27 562 843";"2024-09-08 08:17:42"
"2024-09-01";"";"130 041";"243 539";"27 561 220";"2024-09-01 23:20:15"
"2024-09-09";"";"289 846";"16 346";"27 563 422";"2024-09-09 03:12:01"
"2024-09-04";"";"261 116";"25 928";"27 561 510";"2024-09-04 07:04:50"
"2024-09-02";"YouTube";"4 089 599";"1 829 606";"27 561 794";"2024-09-02 16:25:32"
"2024-09-09";"";"93 073";"105 430";"27 561 810";"2024-09-10 02:23:05"
"2024-09-02";"Instagram";"31 933";"4 319";"27 561 224";"2024-09-02 15:12:02"
"2024-09-03";"Instagram";"495 094";"5 039";"27 563 424";"2024-09-04 00:33:21"
"2024-09-03";"";"5 522 309";"465 766";"27 563 189";"2024-09-03 06:15:00"
"2024-09-08";"";"421 485";"55 638";"27 563 023";"2024-09-08 06:03:31"
"2024-09-04";"";"2 165 282";"246 883";"27 562 582";"2024-09-05 00:45:01"
"2024-09-04";"";"30 455";"4 136";"27 561 504";"2024-09-04 10:31:45"
"2024-09-10";"";"8 108";"96 915";"27 562 216";"2024-09-11 02:23:30"
"2024-09-01";"";"33 230";"6 267";"27 561 444";"2024-09-01 20:17:34"
"2024-09-10";"";"118 259";"118 705";"27 563 116";"2024-09-10 15:24:29"
"2024-09-08";"";"714 323";"169 948";"27 562 168";"2024-09-08 18:51:22"
"2024-09-10";"";"228 277";"17 786";"27 562 560";"2024-09-10 18:03:00"
"2024-09-03";"YouTube";"295 857";"45 677";"27 562 016";"2024-09-03 17:14:55"
"2024-09-09";"";"75 310";"24 594";"27 561 517";"2024-09-09 19:04:39"
"2024-09-03";"Apple Music";"773 721";"42 801";"27 561 217";"2024-09-03 21:42:05"
"2024-09-03";"";"77 146";"6 603";"27 562 192";"2024-09-03 16:49:57"
"2024-09-09";"";"1 745 652";"71 914";"27 561 821";"2024-09-10 01:46:55"
"2024-09-06";"";"88 277";"8 516";"27 561 826";"2024-09-06 04:13:07"
"2024-09-04";"";"1 363 869";"190 159";"27 563 219";"2024-09-04 07:28:00"
"2024-09-02";"";"29 139";"3 234";"27 561 457";"2024-09-03 00:33:23"
"2024-09-06";"";"3 943 245";"286 504";"27 561 449";"2024-09-06 16:49:57"
"2024-09-07";"Tas-ix";"394 448";"42 045";"27 561 212";"2024-09-07 08:53:44"
"2024-09-04";"";"42 626";"4 377";"27 563 494";"2024-09-04 14:23:50"
"2024-09-08";"";"12 917 300";"620 655";"27 562 759";"2024-09-08 14:35:19"
"2024-09-09";"";"119 308";"453 717";"27 563 044";"2024-09-09 04:25:30"
"2024-09-03";"";"59 780";"22 401";"27 563 021";"2024-09-03 08:41:41"
"2024-09-03";"";"70 290";"121 166";"27 561 422";"2024-09-03 11:56:54"
"2024-09-05";"Instagram";"1 514 343";"149 324";"27 561 233";"2024-09-05 14:47:16"
"2024-09-06";"";"411 674";"18 269";"27 562 656";"2024-09-06 10:43:39"
"2024-09-06";"";"3 299 437";"82 775";"27 561 820";"2024-09-06 15:12:42"
"2024-09-03";"";"343 282";"20 786";"27 563 471";"2024-09-03 15:48:40"
"2024-09-01";"";"246 699";"35 134";"27 562 015";"2024-09-01 04:13:58"
"2024-09-06";"";"289 624";"16 905";"27 562 840";"2024-09-06 04:49:05"
"2024-09-03";"";"121 123";"32 748";"27 562 853";"2024-09-03 10:31:38"
"2024-09-10";"";"419 157";"17 255 057";"27 562 232";"2024-09-10 17:14:42"
"2024-09-06";"";"349 381";"19 314";"27 562 989";"2024-09-06 10:55:26"
"2024-09-03";"";"98 402";"65 938";"27 561 222";"2024-09-03 15:00:23"
"2024-09-05";"Facebook";"32 713";"10 066";"27 561 420";"2024-09-05 14:59:07"
"2024-09-09";"WhatsApp";"29 180";"1 904";"27 562 861";"2024-09-09 07:04:10"
"2024-09-09";"";"85 450";"3 515";"27 562 981";"2024-09-10 00:45:49"
"2024-09-09";"Yandex";"4 252 492";"108 460";"27 562 858";"2024-09-09 11:32:49"
"2024-09-10";"";"167 225";"27 030";"27 563 143";"2024-09-11 02:35:22"
"2024-09-04";"PUBG";"105 499 729";"4 170 711";"27 562 788";"2024-09-04 19:40:24"
"2024-09-01";"";"115 860";"439 794";"27 561 250";"2024-09-01 09:54:36"
"2024-09-06";"";"55 637";"4 812";"27 561 767";"2024-09-06 20:29:04"
"2024-09-08";"Telegram";"86 397 585";"30 229 954";"27 562 418";"2024-09-08 22:19:55"
"2024-09-04";"";"289 009";"18 611";"27 563 171";"2024-09-04 15:00:16"
"2024-09-10";"Tas-ix";"286 468";"81 560";"27 561 520";"2024-09-10 15:48:20"
"2024-09-06";"VKontakte";"220 655";"189 858";"27 563 106";"2024-09-06 20:53:25"
"2024-09-05";"";"79 368";"67 223";"27 561 831";"2024-09-06 02:11:25"
"2024-09-07";"Instagram";"71 467";"3 555";"27 563 217";"2024-09-08 01:22:30"
"2024-09-03";"";"35 218";"9 687";"27 563 168";"2024-09-03 04:25:29"
"2024-09-10";"";"21 761";"100 393";"27 562 087";"2024-09-10 21:54:21"
"2024-09-01";"";"21 433";"46 537";"27 562 979";"2024-09-01 05:50:19"
"2024-09-04";"";"10 539 485";"758 639";"27 561 737";"2024-09-04 07:04:01"
"2024-09-01";"";"506 218";"30 869";"27 561 304";"2024-09-01 18:27:30"
"2024-09-05";"";"431 363";"61 839";"27 561 216";"2024-09-05 05:02:12"
"2024-09-10";"";"121 558";"11 477";"27 563 186";"2024-09-10 06:15:10"
"2024-09-01";"YouTube";"1 581 593";"100 140";"27 562 913";"2024-09-01 08:53:17"
"2024-09-09";"";"67 215";"5 616";"27 562 622";"2024-09-09 18:51:08"
"2024-09-01";"YouTube";"1 683 407";"227 954";"27 561 288";"2024-09-01 04:01:33"
"2024-09-05";"";"173 278";"8 446";"27 562 067";"2024-09-05 23:44:17"
"2024-09-06";"";"116 094";"10 747";"27 563 192";"2024-09-06 04:01:08"
"2024-09-06";"";"11 732";"39 180";"27 561 302";"2024-09-06 11:32:29"
"2024-09-01";"";"33 821";"4 810";"27 561 655";"2024-09-01 18:51:26"
"2024-09-10";"";"560 319";"86 273";"27 562 897";"2024-09-10 11:32:45"
"2024-09-02";"Telegram";"37 246 873";"2 240 040";"27 562 318";"2024-09-02 04:13:09"
"2024-09-09";"";"61 903";"4 233";"27 561 396";"2024-09-09 19:16:01"
"2024-09-02";"";"28 509";"9 178";"27 562 315";"2024-09-02 10:07:16"
"2024-09-05";"";"315 162";"242 404";"27 563 023";"2024-09-06 01:46:55"
"2024-09-07";"YouTube";"88 107";"18 647";"27 562 072";"2024-09-07 05:14:47"
"2024-09-06";"";"18 024";"169 435";"27 561 231";"2024-09-06 22:19:14"
"2024-09-06";"";"141 861";"10 977";"27 562 097";"2024-09-06 09:18:28"
"2024-09-02";"";"49 377";"101 910";"27 561 272";"2024-09-02 18:27:12"
"2024-09-06";"";"19 148 628";"908 974";"27 561 480";"2024-09-06 13:22:56"
"2024-09-09";"";"99 026";"91 370";"27 562 525";"2024-09-09 07:16:43"
"2024-09-10";"";"233 337";"17 566";"27 561 595";"2024-09-10 10:43:49"
"2024-09-06";"";"63 011";"5 949";"27 561 890";"2024-09-06 11:20:29"
"2024-09-02";"Instagram";"3 172 932";"1 094 171";"27 562 799";"2024-09-03 02:23:11"
"2024-09-08";"";"90 055";"8 727";"27 563 110";"2024-09-09 01:22:27"
"2024-09-05";"";"43 541";"52 186";"27 562 484";"2024-09-05 18:27:57"
"2024-09-02";"Instagram";"7 812 418";"320 193";"27 562 255";"2024-09-02 22:31:26"
"2024-09-05";"";"25 652";"8 164";"27 561 182";"2024-09-05 03:36:38"
"2024-09-04";"";"27 157";"886";"27 562 040";"2024-09-04 14:23:40"
"2024-09-09";"";"75 931";"106 885";"27 561 944";"2024-09-09 11:56:28"
"2024-09-04";"";"1 416 487";"24 762";"27 562 722";"2024-09-04 04:49:12"
"2024-09-05";"";"71 891";"126 684";"27 561 458";"2024-09-06 02:35:05"
"2024-09-07";"Apple Music";"458 322";"107 997";"27 561 738";"2024-09-07 18:39:23"
"2024-09-04";"Telegram";"3 522 521";"10 043 612";"27 563 147";"2024-09-04 16:13:01"
"2024-09-06";"";"236 437";"14 248";"27 562 906";"2024-09-06 08:05:46"
"2024-09-01";"";"335 213";"70 083";"27 562 985";"2024-09-01 11:56:32"
"2024-09-10";"";"32 746";"10 212";"27 562 865";"2024-09-11 01:58:09"
"2024-09-01";"YouTube";"3 618 440";"1 393 752";"27 562 646";"2024-09-01 11:32:21"
"2024-09-03";"YouTube";"39 692";"12 670";"27 562 975";"2024-09-03 21:42:43"
"2024-09-07";"";"6 194";"26 302";"27 562 873";"2024-09-07 03:36:24"
"2024-09-08";"Facebook";"302 897";"20 665";"27 561 212";"2024-09-08 21:42:55"
"2024-09-03";"Instagram";"936 044";"22 425";"27 563 328";"2024-09-03 08:29:44"
"2024-09-10";"";"47 961";"22 953";"27 561 441";"2024-09-10 21:54:49"
"2024-09-05";"";"4 005";"29 227";"27 563 192";"2024-09-05 19:52:32"
"2024-09-07";"";"151 225";"207 230";"27 562 713";"2024-09-07 18:15:44"
"2024-09-05";"Instagram";"13 861 350";"3 828 146";"27 562 100";"2024-09-05 11:56:14"
"2024-09-05";"";"157 369";"579 063";"27 562 762";"2024-09-05 19:52:44"
"2024-09-07";"";"36 818";"28 719";"27 563 011";"2024-09-07 20:17:55"
"2024-09-07";"Unknown";"149 354";"19 330";"27 561 428";"2024-09-07 15:24:06"
"2024-09-02";"YouTube";"375 030 103";"16 955 796";"27 561 861";"2024-09-02 22:19:58"
"2024-09-09";"";"1 504 059";"68 026";"27 563 166";"2024-09-09 16:25:00"
"2024-09-06";"";"7 074";"27 289";"27 561 708";"2024-09-06 22:43:43"
"2024-09-02";"";"27 993";"3 620";"27 563 351";"2024-09-02 08:53:16"
"2024-09-08";"";"64 671";"99 470";"27 563 326";"2024-09-08 08:41:21"
"2024-09-02";"Instagram";"82 490";"11 886";"27 562 266";"2024-09-02 11:56:43"
"2024-09-06";"Telegram";"21 465 163";"35 586 751";"27 562 653";"2024-09-06 05:14:39"
"2024-09-10";"";"419 077";"69 726";"27 562 009";"2024-09-10 22:43:28"
"2024-09-07";"";"8 397 727";"224 158";"27 561 293";"2024-09-07 08:05:58"
"2024-09-01";"";"73 554";"7 535";"27 563 016";"2024-09-01 20:29:30"
"2024-09-06";"";"37 529";"191 426";"27 563 411";"2024-09-06 22:55:09"
"2024-09-05";"YouTube";"3 977 785";"1 551 980";"27 563 445";"2024-09-06 00:45:37"
"2024-09-08";"";"936 641";"66 752";"27 563 478";"2024-09-08 04:13:13"
"2024-09-08";"";"35 171";"7 472";"27 562 357";"2024-09-08 22:43:06"
"2024-09-04";"";"61 987";"6 349";"27 561 659";"2024-09-04 11:56:23"
"2024-09-04";"";"56 158";"5 692";"27 563 061";"2024-09-04 05:50:18"
"2024-09-04";"Facebook";"63 599";"22 160";"27 562 613";"2024-09-04 10:19:17"
"2024-09-05";"";"48 788";"17 128";"27 562 627";"2024-09-05 15:36:59"
"2024-09-08";"";"7 319 836";"3 610 558";"27 561 896";"2024-09-08 05:14:43"
"2024-09-07";"TikTok";"420";"25 623";"27 561 298";"2024-09-07 06:03:20"
"2024-09-10";"";"139 662";"51 815";"27 561 466";"2024-09-10 08:17:54"
"2024-09-04";"Telegram";"1 072 321 575";"31 506 176";"27 563 463";"2024-09-05 02:11:17"
"2024-09-06";"";"1 707 143";"142 229";"27 561 971";"2024-09-06 07:52:13"
"2024-09-02";"YouTube";"1 443 555";"380 144";"27 562 608";"2024-09-02 14:59:56"
"2024-09-04";"";"81 224";"8 798";"27 563 203";"2024-09-05 01:22:00"
"2024-09-07";"";"139 862 246";"11 945 229";"27 561 876";"2024-09-07 14:35:14"
"2024-09-05";"";"393 064";"16 825";"27 562 063";"2024-09-05 20:29:18"
"2024-09-03";"";"4 072 643";"104 885";"27 563 242";"2024-09-03 19:28:15"
"2024-09-03";"";"16 410";"60 354";"27 561 863";"2024-09-03 15:24:47"
"2024-09-01";"YouTube";"2 869 410";"1 322 860";"27 561 182";"2024-09-02 01:10:42"
"2024-09-09";"";"162 448";"70 484";"27 563 424";"2024-09-09 15:12:49"
"2024-09-02";"";"96 008";"21 840";"27 561 249";"2024-09-02 11:08:38"
"2024-09-01";"";"138 028";"384 095";"27 563 386";"2024-09-01 06:03:01"
"2024-09-01";"";"1 588";"29 406";"27 561 217";"2024-09-01 13:34:09"
"2024-09-05";"Telegram";"144 477 246";"7 623 300";"27 561 520";"2024-09-05 21:06:05"
"2024-09-08";"";"136 568";"28 525";"27 562 689";"2024-09-09 00:33:30"
"2024-09-09";"YouTube";"78 193";"10 841";"27 561 500";"2024-09-09 21:54:50"
"2024-09-04";"";"75 328";"9 706";"27 563 462";"2024-09-04 05:14:10"
"2024-09-05";"Telegram";"674 419";"71 378";"27 562 508";"2024-09-06 00:57:17"
"2024-09-07";"YouTube";"304 269 578";"19 383 038";"27 563 404";"2024-09-07 19:16:06"
"2024-09-06";"";"37 154";"6 150";"27 563 336";"2024-09-06 11:44:13"
"2024-09-08";"";"30 468";"105 331";"27 562 157";"2024-09-08 10:19:37"
"2024-09-03";"YouTube";"4 395 046";"877 117";"27 561 345";"2024-09-03 14:23:41"
"2024-09-02";"";"28 401";"9 658";"27 563 458";"2024-09-02 22:19:20"
"2024-09-10";"";"38 687";"224 363";"27 563 503";"2024-09-10 13:10:50"
"2024-09-08";"";"264 260";"20 701";"27 562 205";"2024-09-08 12:21:29"
"2024-09-05";"";"126 453";"7 582";"27 561 997";"2024-09-05 22:55:20"
"2024-09-05";"";"885 683";"107 693";"27 563 342";"2024-09-05 19:16:33"
"2024-09-02";"Telegram";"29 522 177";"19 598 131";"27 561 413";"2024-09-02 15:48:43"
"2024-09-02";"";"31 852";"9 676";"27 562 156";"2024-09-02 11:08:55"
"2024-09-07";"Facebook";"2 278 873";"1 778 201";"27 562 890";"2024-09-07 21:54:10"
"2024-09-08";"";"2 029 532";"92 090";"27 563 507";"2024-09-09 01:22:36"
"2024-09-04";"YouTube";"331 200";"104 521";"27 561 474";"2024-09-04 04:01:37"
"2024-09-07";"";"149 273";"27 840";"27 561 211";"2024-09-07 20:53:31"
"2024-09-10";"";"28 091";"1 500";"27 561 775";"2024-09-11 02:11:55"
"2024-09-06";"YouTube";"558 576 372";"28 109 583";"27 562 654";"2024-09-06 06:15:59"
"2024-09-06";"YouTube";"52 736 351";"3 859 605";"27 561 533";"2024-09-06 23:56:39"
"2024-09-04";"";"130 821";"66 715";"27 561 177";"2024-09-04 19:16:55"
"2024-09-06";"";"46 949";"2 595";"27 561 212";"2024-09-06 11:44:15"
"2024-09-06";"";"296 481";"46 654";"27 561 815";"2024-09-06 10:55:11"
"2024-09-07";"";"27 092";"2 712";"27 563 181";"2024-09-07 23:44:58"
"2024-09-05";"Facebook";"872 569";"84 408";"27 562 071";"2024-09-05 04:37:29"
"2024-09-04";"";"660 112";"53 417";"27 561 398";"2024-09-04 12:09:55"
"2024-09-01";"";"596 601";"24 825";"27 561 809";"2024-09-01 21:06:34"
"2024-09-06";"";"28 197";"8 073";"27 562 101";"2024-09-06 09:30:02"
"2024-09-10";"";"29 045";"6 377";"27 562 642";"2024-09-11 01:22:54"
"2024-09-04";"YouTube";"7 239 068";"1 885 548";"27 562 273";"2024-09-04 11:56:46"
"2024-09-08";"";"56 866";"3 073";"27 562 090";"2024-09-08 14:59:59"
"2024-09-06";"";"509 051";"172 342";"27 562 101";"2024-09-06 12:33:33"
"2024-09-07";"Yandex";"10 703";"27 232";"27 562 693";"2024-09-07 18:15:19"
"2024-09-02";"VKontakte";"1 202 391";"58 396";"27 561 722";"2024-09-02 22:07:07"
"2024-09-01";"";"188 878";"470 260";"27 563 217";"2024-09-01 05:38:51"
"2024-09-02";"Yandex";"562 705";"13 696";"27 563 451";"2024-09-02 20:41:04"
"2024-09-02";"";"4 110";"39 435";"27 563 345";"2024-09-02 12:45:15"
"2024-09-06";"";"77 763";"308 526";"27 562 036";"2024-09-06 12:09:22"
"2024-09-08";"";"104 797";"9 064";"27 563 216";"2024-09-08 08:41:58"
"2024-09-04";"Telegram";"45 342 835";"61 782 070";"27 563 238";"2024-09-04 20:05:09"
"2024-09-03";"YouTube";"243 042";"416 712";"27 562 364";"2024-09-03 21:54:57"
"2024-09-10";"";"52 405";"3 771";"27 561 569";"2024-09-10 19:16:21"
"2024-09-05";"";"4 717 326";"163 188";"27 562 592";"2024-09-05 21:54:25"
"2024-09-05";"";"28 167";"1 355";"27 561 884";"2024-09-05 05:02:55"
"2024-09-09";"";"68 509";"13 950";"27 561 435";"2024-09-09 22:19:44"
"2024-09-06";"Unknown";"157 068";"16 348";"27 562 711";"2024-09-06 19:16:54"
"2024-09-08";"Yandex";"109 155";"2 412";"27 562 791";"2024-09-08 18:27:35"
"2024-09-09";"";"36 464";"13 180";"27 561 512";"2024-09-09 15:24:16"
"2024-09-04";"Yandex";"77 633";"31 847";"27 563 154";"2024-09-04 19:40:14"
"2024-09-06";"YouTube";"241 097";"7 026";"27 561 897";"2024-09-06 14:23:21"
"2024-09-01";"";"31 096";"16 041";"27 563 141";"2024-09-01 04:37:51"
"2024-09-08";"";"273 456";"14 855";"27 561 908";"2024-09-09 02:11:03"
"2024-09-10";"";"8 179 239";"3 645 009";"27 562 751";"2024-09-10 03:48:42"
"2024-09-07";"";"212 212";"11 681";"27 562 784";"2024-09-08 00:33:18"
"2024-09-10";"Instagram";"56 343 177";"1 680 835";"27 561 312";"2024-09-10 07:52:40"
"2024-09-09";"";"136 588";"3 151";"27 563 468";"2024-09-09 14:59:17"
"2024-09-04";"";"506 189";"33 603";"27 563 382";"2024-09-04 11:32:57"
"2024-09-06";"Facebook";"605 051";"18 510";"27 562 838";"2024-09-06 20:41:55"
"2024-09-03";"";"6 131 557";"242 386";"27 562 628";"2024-09-04 02:23:19"
"2024-09-08";"";"51 101";"120 451";"27 563 502";"2024-09-08 03:12:35"
"2024-09-03";"";"34 983";"21 605";"27 562 398";"2024-09-03 23:08:25"
"2024-09-07";"";"42 805";"12 976";"27 562 629";"2024-09-07 08:41:17"
"2024-09-07";"Instagram";"1 190 642";"91 910";"27 561 555";"2024-09-07 19:52:45"
"2024-09-02";"Facebook";"31 227";"2 929";"27 562 935";"2024-09-02 07:16:41"
"2024-09-06";"";"104 681";"16 288";"27 562 722";"2024-09-06 12:09:09"
"2024-09-04";"";"197 663";"8 307";"27 562 642";"2024-09-04 05:50:19"
"2024-09-09";"";"277 546";"55 246";"27 561 801";"2024-09-09 11:32:27"
"2024-09-03";"";"102 725";"5 777";"27 563 105";"2024-09-04 01:22:05"
"2024-09-04";"Odnoklassniki";"40 517";"8 381";"27 561 402";"2024-09-04 13:58:08"
"2024-09-07";"Instagram";"1 434 347";"272 468";"27 562 555";"2024-09-07 10:55:28"
"2024-09-05";"";"403 728";"324 145";"27 563 418";"2024-09-05 04:13:18"
"2024-09-03";"";"1 003 375";"311 364";"27 562 266";"2024-09-03 22:19:07"
"2024-09-03";"";"12 307";"27 320";"27 561 337";"2024-09-03 06:27:36"
"2024-09-01";"";"115 005";"13 433";"27 561 981";"2024-09-01 17:38:24"
"2024-09-08";"Yandex Video";"563 957";"22 563";"27 563 514";"2024-09-08 11:20:45"
"2024-09-10";"";"16 266";"387 723";"27 563 225";"2024-09-11 00:09:19"
"2024-09-02";"";"31 614";"19 620";"27 561 895";"2024-09-02 21:54:32"
"2024-09-02";"";"33 483";"12 514";"27 562 829";"2024-09-02 16:37:39"
"2024-09-09";"WhatsApp";"585 726";"1 227 567";"27 561 772";"2024-09-10 00:33:12"
"2024-09-04";"";"311 316";"54 537";"27 562 222";"2024-09-05 00:33:58"
"2024-09-02";"";"120 098";"319 435";"27 562 666";"2024-09-03 00:33:15"
"2024-09-08";"";"18 250 018";"439 485";"27 562 810";"2024-09-08 10:43:55"
"2024-09-10";"YouTube";"2 730 637";"113 657";"27 561 506";"2024-09-10 09:54:02"
"2024-09-10";"";"226 611";"22 554";"27 562 193";"2024-09-11 00:45:31"
"2024-09-03";"";"59 106";"3 843";"27 563 463";"2024-09-04 00:09:29"
"2024-09-05";"";"2 056 973";"175 386";"27 562 063";"2024-09-06 02:59:03"
"2024-09-09";"";"38 166";"3 666";"27 562 704";"2024-09-09 03:12:58"
"2024-09-09";"";"100 387";"6 335";"27 562 224";"2024-09-09 21:42:47"
"2024-09-03";"";"1 003 851";"48 907";"27 562 872";"2024-09-04 01:58:27"
"2024-09-08";"";"327 112";"39 527";"27 562 355";"2024-09-08 18:39:06"
"2024-09-09";"Instagram";"3 421 161";"222 624";"27 561 873";"2024-09-09 12:45:17"
"2024-09-10";"";"1 433 854";"60 565";"27 562 431";"2024-09-10 14:59:04"
"2024-09-06";"";"198 225";"13 334";"27 563 501";"2024-09-07 02:59:15"
"2024-09-05";"";"241 706";"19 645";"27 562 224";"2024-09-05 18:51:33"
"2024-09-08";"";"160 478";"96 100";"27 562 617";"2024-09-08 21:18:45"
"2024-09-10";"Unknown";"237 910";"7 196";"27 562 894";"2024-09-10 21:06:51"
"2024-09-03";"";"130 458 842";"1 808 683";"27 562 204";"2024-09-04 00:45:35"
"2024-09-01";"Facebook";"1 319 578";"20 308";"27 562 313";"2024-09-01 17:26:18"
"2024-09-02";"Telegram";"4 134 502";"787 479";"27 563 080";"2024-09-02 16:01:19"
"2024-09-03";"";"2 666 606";"85 083";"27 562 810";"2024-09-03 20:29:36"
"2024-09-07";"YouTube";"130 952 282";"8 097 000";"27 561 649";"2024-09-07 05:02:52"
"2024-09-06";"Yandex";"155 214";"44 417";"27 561 660";"2024-09-07 02:11:16"
"2024-09-09";"Yandex";"9 996 470";"344 496";"27 562 480";"2024-09-09 17:26:29"
"2024-09-03";"";"92 892 167";"3 451 584";"27 561 177";"2024-09-04 02:11:17"
"2024-09-03";"";"4 321 453";"185 098";"27 563 093";"2024-09-04 02:11:05"
"2024-09-09";"Facebook";"44 791";"7 648";"27 563 014";"2024-09-10 02:59:44"
"2024-09-06";"";"9 843";"31 731";"27 562 908";"2024-09-06 09:54:55"
"2024-09-03";"";"166 265";"7 791";"27 562 522";"2024-09-03 11:56:00"
"2024-09-07";"";"110 201";"8 402";"27 563 427";"2024-09-07 22:43:46"
"2024-09-06";"YouTube";"223 185 960";"11 898 567";"27 561 741";"2024-09-06 18:27:45"
"2024-09-07";"";"49 191";"15 407";"27 563 491";"2024-09-07 17:38:45"
"2024-09-02";"";"31 208";"1 586";"27 562 409";"2024-09-02 13:34:27"
"2024-09-09";"";"37 089";"70 721";"27 562 808";"2024-09-09 05:50:58"
"2024-09-01";"";"226 021";"6 625";"27 562 752";"2024-09-01 17:26:46"
"2024-09-03";"Instagram";"4 741 817";"198 332";"27 562 857";"2024-09-03 16:49:21"
"2024-09-10";"";"96 384";"5 132";"27 561 649";"2024-09-10 23:56:55"
"2024-09-04";"Instagram";"1 665 830";"549 033";"27 563 269";"2024-09-05 02:23:08"
"2024-09-04";"";"447 170";"68 380";"27 562 365";"2024-09-04 09:30:55"
"2024-09-05";"";"866 968";"379 523";"27 563 174";"2024-09-05 06:51:44"
"2024-09-03";"";"2 358 089";"145 817";"27 562 595";"2024-09-03 13:46:19"
"2024-09-06";"";"187 860 350";"8 198 623";"27 561 454";"2024-09-07 00:33:29"
"2024-09-06";"Facebook";"133 263";"388 848";"27 561 861";"2024-09-06 18:51:01"
"2024-09-05";"";"1 211 311";"109 753";"27 562 590";"2024-09-05 11:44:10"
"2024-09-02";"Instagram";"1 374 361";"70 276";"27 561 222";"2024-09-02 08:17:46"
"2024-09-03";"Instagram";"1 127 282";"1 004 827";"27 563 299";"2024-09-04 00:09:21"
"2024-09-03";"";"40 736";"6 191";"27 563 198";"2024-09-03 10:07:49"
"2024-09-06";"";"35 674";"3 971";"27 563 153";"2024-09-07 00:45:36"
"2024-09-05";"Instagram";"200 693";"14 949";"27 563 237";"2024-09-05 05:02:56"
"2024-09-06";"";"199 783";"42 222";"27 563 334";"2024-09-06 16:25:20"
"2024-09-07";"";"17 085";"39 822";"27 561 956";"2024-09-07 06:27:29"
"2024-09-07";"Facebook";"133 992";"11 269";"27 561 457";"2024-09-07 16:01:12"
"2024-09-05";"";"249 756";"9 162";"27 562 202";"2024-09-05 09:18:09"
"2024-09-05";"";"212 551";"986 085";"27 561 547";"2024-09-05 07:16:46"
"2024-09-07";"";"302 925";"10 625";"27 561 547";"2024-09-07 17:50:15"
"2024-09-02";"";"27 816";"2 034";"27 563 099";"2024-09-02 21:30:58"
"2024-09-01";"YouTube";"759 864";"37 806";"27 562 547";"2024-09-01 09:30:56"
"2024-09-09";"";"25 643";"2 249";"27 561 825";"2024-09-09 07:52:38"
"2024-09-07";"";"29 076";"2 887";"27 562 720";"2024-09-07 22:43:19"
"2024-09-03";"";"47 997 559";"3 353 684";"27 562 419";"2024-09-03 06:03:32"
"2024-09-07";"";"132 399";"25 296";"27 562 806";"2024-09-07 18:15:16"
"2024-09-08";"";"22 662 456";"1 267 421";"27 562 982";"2024-09-08 08:17:18"
"2024-09-07";"";"43 403";"36 955";"27 561 882";"2024-09-07 09:18:23"
"2024-09-05";"";"4 092";"238 647";"27 561 546";"2024-09-05 06:39:27"
"2024-09-06";"Instagram";"6 153 550";"3 334 029";"27 563 175";"2024-09-06 22:19:15"
"2024-09-09";"";"51 651";"11 777";"27 561 197";"2024-09-09 23:08:34"
"2024-09-06";"";"298 958";"27 308";"27 561 934";"2024-09-06 13:46:22"
"2024-09-07";"Facebook";"2 391 307";"120 679";"27 561 176";"2024-09-07 05:26:39"
"2024-09-07";"YouTube";"2 835 992";"1 214 021";"27 563 404";"2024-09-07 16:13:00"
"2024-09-03";"Telegram";"59 760 156";"2 822 627";"27 562 402";"2024-09-04 02:23:27"
"2024-09-02";"Instagram";"334 116";"13 629";"27 563 358";"2024-09-02 12:45:57"
"2024-09-09";"";"3 755 438";"227 874";"27 561 676";"2024-09-09 11:32:53"
"2024-09-01";"";"116 843";"21 014";"27 561 418";"2024-09-01 04:37:58"
"2024-09-09";"";"69 808";"2 641";"27 562 760";"2024-09-09 20:29:04"
"2024-09-09";"";"167 571";"10 135";"27 562 314";"2024-09-09 13:46:37"
"2024-09-09";"";"248 703";"107 879";"27 562 264";"2024-09-09 17:02:25"
"2024-09-01";"Facebook";"30 318";"2 740";"27 561 350";"2024-09-01 13:58:30"
"2024-09-08";"";"74 118";"11 518";"27 561 851";"2024-09-08 07:16:16"
"2024-09-08";"";"252 334";"16 379";"27 562 025";"2024-09-08 12:33:47"
"2024-09-04";"";"38 903";"8 975";"27 561 605";"2024-09-05 01:58:58"
"2024-09-04";"WhatsApp";"214 047 590";"525 325 215";"27 562 150";"2024-09-04 08:05:48"
"2024-09-09";"Instagram";"947 609";"158 922";"27 563 189";"2024-09-09 14:11:25"
"2024-09-02";"Instagram";"8 088 209";"1 515 956";"27 563 463";"2024-09-02 16:25:41"
"2024-09-04";"Telegram";"1 009 567";"81 290";"27 562 525";"2024-09-04 12:57:48"
"2024-09-01";"Telegram";"388 762 496";"76 083 670";"27 561 347";"2024-09-01 09:06:21"
"2024-09-08";"";"60 064";"10 463";"27 561 730";"2024-09-08 18:27:45"
"2024-09-01";"";"830 460";"104 623";"27 562 445";"2024-09-01 22:43:50"
"2024-09-07";"";"149 051";"27 044";"27 562 102";"2024-09-07 10:55:20"
"2024-09-06";"";"55 892";"31 788";"27 562 535";"2024-09-06 11:20:36"
"2024-09-08";"Telegram";"58 844 242";"3 300 077";"27 562 934";"2024-09-08 18:39:23"
"2024-09-03";"Telegram";"7 387 022";"667 804";"27 562 800";"2024-09-03 21:06:28"
"2024-09-06";"YouTube";"6 097 447";"357 143";"27 562 491";"2024-09-06 09:30:45"
"2024-09-04";"Yandex";"261 478";"122 973";"27 561 741";"2024-09-04 22:31:04"
"2024-09-08";"";"94 359";"8 414";"27 561 367";"2024-09-08 08:53:07"
"2024-09-04";"";"101 693";"1 142 353";"27 562 706";"2024-09-04 09:06:20"
"2024-09-06";"";"99 220";"8 139";"27 562 853";"2024-09-06 10:19:53"
"2024-09-02";"";"776 819";"46 955";"27 561 895";"2024-09-03 01:34:17"
"2024-09-08";"YouTube";"153 244 324";"10 007 376";"27 563 157";"2024-09-08 07:40:37"
"2024-09-09";"";"422 318";"417 722";"27 562 496";"2024-09-09 19:40:00"
"2024-09-10";"";"152 973 726";"7 370 616";"27 563 476";"2024-09-10 09:42:03"
"2024-09-03";"Facebook";"2 127 770";"68 720";"27 563 136";"2024-09-03 13:10:04"
"2024-09-07";"Instagram";"680 625";"109 085";"27 563 029";"2024-09-07 17:50:37"
"2024-09-04";"";"26 530 393";"1 601 351";"27 562 646";"2024-09-04 03:24:37"
"2024-09-08";"Facebook";"5 218 665";"251 549";"27 561 332";"2024-09-08 17:14:42"
"2024-09-05";"";"27 995";"3 467";"27 562 202";"2024-09-06 01:22:14"
"2024-09-03";"";"82 521";"6 382";"27 562 481";"2024-09-03 10:43:49"
"2024-09-10";"";"113 882";"3 971";"27 562 516";"2024-09-10 16:13:38"
"2024-09-09";"";"28 572";"3 791";"27 562 595";"2024-09-09 14:23:23"
"2024-09-07";"";"4 390 362";"255 522";"27 562 107";"2024-09-07 15:24:18"
"2024-09-02";"";"28 833";"22 817";"27 561 796";"2024-09-02 05:50:36"
"2024-09-06";"Telegram";"6 970 305";"369 686";"27 563 270";"2024-09-07 02:11:19"
"2024-09-02";"Telegram";"2 393 949";"695 291";"27 561 266";"2024-09-02 11:20:52"
"2024-09-03";"Facebook";"19 990 314";"776 944";"27 561 920";"2024-09-03 13:58:12"
"2024-09-01";"";"11 488 018";"604 813";"27 563 225";"2024-09-02 02:11:28"
"2024-09-10";"Yandex";"51 415";"17 282";"27 562 631";"2024-09-10 12:57:26"
"2024-09-05";"Instagram";"1 759 935";"1 697 004";"27 562 263";"2024-09-05 06:39:09"
"2024-09-09";"Facebook";"111 064";"61 834";"27 563 243";"2024-09-09 05:38:48"
"2024-09-08";"YouTube";"13 645 334";"1 114 518";"27 562 657";"2024-09-08 23:32:58"
"2024-09-06";"";"5 858 973";"305 775";"27 561 895";"2024-09-06 15:48:27"
"2024-09-09";"Instagram";"791 234";"131 900";"27 562 050";"2024-09-10 01:34:51"
"2024-09-01";"YouTube";"31 127";"4 839";"27 561 471";"2024-09-01 17:26:59"
"2024-09-09";"";"70 151";"4 381";"27 562 734";"2024-09-09 15:12:25"
"2024-09-10";"";"765 567";"36 103";"27 562 656";"2024-09-11 01:10:36"
"2024-09-05";"Instagram";"529 261 350";"10 539 987";"27 561 449";"2024-09-05 12:57:53"
"2024-09-05";"Facebook";"121 898";"48 132";"27 562 504";"2024-09-05 17:50:20"
"2024-09-09";"Unknown";"8 176";"34 080";"27 561 994";"2024-09-09 19:16:02"
"2024-09-06";"";"42 995";"7 946";"27 561 354";"2024-09-06 16:01:29"
"2024-09-02";"Yandex";"105 066";"63 593";"27 563 379";"2024-09-02 14:59:06"
"2024-09-07";"";"318 468";"18 401";"27 562 806";"2024-09-07 08:29:08"
"2024-09-09";"YouTube";"147 056";"25 716";"27 563 472";"2024-09-09 23:32:47"
"2024-09-08";"";"271 034";"14 468";"27 562 365";"2024-09-09 01:22:35"
"2024-09-06";"Instagram";"114 146";"10 440";"27 562 454";"2024-09-06 05:26:45"
"2024-09-09";"YouTube";"15 494 242";"784 092";"27 561 456";"2024-09-10 01:34:03"
"2024-09-02";"";"28 368";"2 987";"27 561 358";"2024-09-02 14:35:13"
"2024-09-01";"Facebook";"163 873";"81 306";"27 561 236";"2024-09-01 22:19:51"
"2024-09-02";"";"57 806";"77 360";"27 562 497";"2024-09-03 01:46:31"
"2024-09-05";"";"30 333";"3 614";"27 561 947";"2024-09-05 14:47:39"
"2024-09-05";"";"79 224";"59 180";"27 562 156";"2024-09-05 23:44:04"
"2024-09-02";"";"45 453";"2 724";"27 561 392";"2024-09-02 12:57:01"
"2024-09-06";"";"35 324";"3 983";"27 562 012";"2024-09-06 22:07:33"
"2024-09-07";"";"18 469 759";"320 764";"27 562 666";"2024-09-07 14:23:45"
"2024-09-09";"";"430 893";"19 476";"27 561 232";"2024-09-09 12:09:03"
"2024-09-06";"";"27 170";"17 304";"27 562 192";"2024-09-06 05:14:24"
"2024-09-07";"Yandex";"128 709";"17 761";"27 563 509";"2024-09-08 01:10:24"
"2024-09-04";"";"6 703";"141 900";"27 562 982";"2024-09-04 22:43:46"
"2024-09-10";"";"10 493 489";"442 395";"27 561 743";"2024-09-10 23:44:38"
"2024-09-04";"";"289 278";"525 065";"27 562 863";"2024-09-05 02:23:43"
"2024-09-06";"YouTube";"855 386";"62 716";"27 563 198";"2024-09-06 09:42:01"
"2024-09-08";"";"486 816";"174 891";"27 563 097";"2024-09-08 06:27:17"
"2024-09-01";"";"31 171";"225 547";"27 562 083";"2024-09-01 17:38:47"
"2024-09-07";"";"190 420 742";"10 077 385";"27 563 310";"2024-09-07 18:27:21"
"2024-09-09";"WhatsApp";"156 399";"9 375";"27 561 708";"2024-09-09 09:54:37"
"2024-09-01";"Yandex";"496 617";"184 491";"27 563 381";"2024-09-01 15:48:31"
"2024-09-06";"";"660 908";"957 593";"27 563 336";"2024-09-06 16:01:45"
"2024-09-05";"";"28 785";"14 739";"27 561 260";"2024-09-05 15:24:15"
"2024-09-07";"Facebook";"99 146";"29 749";"27 561 269";"2024-09-07 18:15:28"
"2024-09-07";"";"40 163";"5 932";"27 563 447";"2024-09-07 18:15:40"
"2024-09-02";"WhatsApp";"37 566";"1 955";"27 561 347";"2024-09-02 20:41:35"
"2024-09-07";"";"519 686";"93 939";"27 562 320";"2024-09-07 20:05:16"
"2024-09-01";"";"87 240";"59 577";"27 562 259";"2024-09-01 12:57:28"
"2024-09-06";"";"1 739 970";"45 509";"27 562 455";"2024-09-07 02:59:34"
"2024-09-06";"";"145 809";"14 365";"27 562 039";"2024-09-07 01:34:41"
"2024-09-08";"YouTube";"64 813";"14 872";"27 562 679";"2024-09-08 08:05:16"
"2024-09-03";"";"405 444";"20 332";"27 563 092";"2024-09-03 19:16:57"
"2024-09-01";"Instagram";"378 204";"53 601";"27 562 460";"2024-09-02 00:45:58"
"2024-09-04";"Facebook";"119 180";"5 487";"27 562 710";"2024-09-04 14:47:46"
"2024-09-02";"";"12 012";"41 334";"27 562 696";"2024-09-02 21:06:53"
"2024-09-05";"";"78 723";"50 823";"27 563 103";"2024-09-05 21:06:35"
"2024-09-06";"";"86 515";"275 957";"27 563 299";"2024-09-06 03:12:24"
"2024-09-04";"";"2 000 128";"150 697";"27 562 156";"2024-09-04 20:05:28"
"2024-09-04";"";"1 533 088";"73 542";"27 563 219";"2024-09-05 01:10:46"
"2024-09-04";"YouTube";"1 086 704";"566 441";"27 562 495";"2024-09-04 04:25:31"
"2024-09-06";"";"26 660";"7 127";"27 562 096";"2024-09-06 22:07:37"
"2024-09-08";"";"506 234";"60 357";"27 562 708";"2024-09-09 02:11:25"
"2024-09-02";"";"26 199";"1 270";"27 563 410";"2024-09-02 16:49:34"
"2024-09-07";"Telegram";"6 878 143";"1 050 601";"27 563 158";"2024-09-07 11:44:27"
"2024-09-03";"";"544 358";"57 772";"27 562 818";"2024-09-03 21:30:21"
"2024-09-09";"";"30 973";"8 766";"27 563 080";"2024-09-09 22:19:37"
"2024-09-09";"";"657 994";"188 346";"27 561 420";"2024-09-09 07:40:03"
"2024-09-08";"";"137 080";"14 044";"27 562 525";"2024-09-08 23:44:11"
"2024-09-01";"";"155 363";"4 033";"27 561 420";"2024-09-01 15:36:33"
"2024-09-10";"";"56 139";"11 878";"27 562 415";"2024-09-10 04:37:20"
"2024-09-03";"";"31 930";"7 129";"27 563 445";"2024-09-03 14:59:30"
"2024-09-03";"";"6 398";"246 301";"27 562 647";"2024-09-03 06:39:06"
"2024-09-01";"";"56 112";"3 209";"27 562 916";"2024-09-01 20:41:53"
"2024-09-10";"";"58 757";"7 439";"27 561 432";"2024-09-10 07:16:01"
"2024-09-02";"";"119 394";"6 343";"27 561 510";"2024-09-02 04:37:57"
"2024-09-08";"";"841 040";"63 782";"27 563 326";"2024-09-09 01:22:48"
"2024-09-09";"";"27 963";"2 085";"27 563 244";"2024-09-09 03:48:00"
"2024-09-04";"";"9 646 154";"1 654 580";"27 562 096";"2024-09-05 01:34:27"
"2024-09-05";"";"34 681";"53 368";"27 561 383";"2024-09-05 20:29:40"
"2024-09-04";"YouTube";"440 207";"2 199 697";"27 561 182";"2024-09-04 03:24:59"
"2024-09-05";"Facebook";"233 811";"32 548";"27 561 556";"2024-09-05 10:19:23"
"2024-09-04";"YouTube";"368 395";"23 846";"27 561 356";"2024-09-04 12:21:22"
"2024-09-04";"";"250 410";"4 747";"27 563 075";"2024-09-04 16:37:31"
"2024-09-06";"";"32 261";"3 122";"27 562 535";"2024-09-06 10:43:53"
"2024-09-06";"Unknown";"778 205";"25 013";"27 562 264";"2024-09-06 13:58:52"
"2024-09-01";"";"470 337";"19 619";"27 562 825";"2024-09-01 23:56:39"
"2024-09-03";"";"36 123";"22 831";"27 563 139";"2024-09-03 13:34:49"
"2024-09-07";"YouTube";"33 297";"6 030";"27 562 620";"2024-09-07 18:27:33"
"2024-09-02";"Facebook";"2 377 283";"1 220 233";"27 562 326";"2024-09-02 15:36:35"
"2024-09-03";"Telegram";"320 551 830";"55 550 738";"27 563 016";"2024-09-03 11:08:45"
"2024-09-10";"YouTube";"6 103 100";"2 000 333";"27 562 558";"2024-09-10 04:13:34"
"2024-09-05";"Yandex";"167 928";"92 976";"27 561 763";"2024-09-05 03:24:29"
"2024-09-10";"";"297 856";"6 384";"27 562 677";"2024-09-10 19:40:42"
"2024-09-04";"";"113 524";"11 406";"27 561 978";"2024-09-04 13:10:49"
"2024-09-01";"";"481 630";"83 941";"27 563 009";"2024-09-01 14:11:15"
"2024-09-09";"Unknown";"52 932";"29 626";"27 562 028";"2024-09-10 01:58:45"
"2024-09-08";"YouTube";"596 438";"206 786";"27 563 153";"2024-09-08 19:04:52"
"2024-09-05";"Facebook";"28 596";"16 609";"27 562 960";"2024-09-05 16:25:32"
"2024-09-06";"";"8 748 481";"128 780";"27 562 090";"2024-09-07 00:21:32"
"2024-09-08";"";"885 515";"65 454";"27 562 512";"2024-09-08 20:29:29"
"2024-09-06";"";"98 501";"5 096";"27 563 254";"2024-09-06 16:37:15"
"2024-09-01";"";"28 935";"16 346";"27 561 205";"2024-09-01 20:41:32"
"2024-09-04";"";"104 994";"11 757";"27 561 410";"2024-09-04 18:51:27"
"2024-09-05";"Facebook";"2 070 306";"2 840 345";"27 563 198";"2024-09-05 14:11:26"
"2024-09-07";"";"123 294";"14 546";"27 563 515";"2024-09-07 11:20:58"
"2024-09-01";"";"24 863";"26 358";"27 562 025";"2024-09-01 08:41:32"
"2024-09-05";"";"28 800";"2 841";"27 562 595";"2024-09-05 12:21:16"
"2024-09-02";"Yandex";"177 528";"201 029";"27 562 547";"2024-09-02 08:17:05"
"2024-09-09";"";"2 933 246";"104 286";"27 561 314";"2024-09-09 23:32:15"
"2024-09-05";"";"172 582";"16 142";"27 562 979";"2024-09-05 15:24:27"
"2024-09-10";"";"72 924";"47 995";"27 561 697";"2024-09-10 10:19:09"
"2024-09-08";"";"215 389";"22 194";"27 561 407";"2024-09-08 10:43:35"
"2024-09-05";"Yandex";"427 849";"185 359";"27 561 649";"2024-09-05 11:08:12"
"2024-09-01";"Unknown";"1 674 745";"82 926";"27 561 825";"2024-09-01 10:31:56"
"2024-09-09";"YouTube";"2 908 344";"1 003 571";"27 563 131";"2024-09-09 14:35:59"
"2024-09-03";"";"120 573";"6 984";"27 562 622";"2024-09-04 00:57:15"
"2024-09-10";"Facebook";"290 793";"104 400";"27 561 384";"2024-09-10 12:33:51"
"2024-09-03";"";"71 022";"59 492";"27 562 921";"2024-09-03 05:14:45"
"2024-09-04";"";"220 024";"9 216";"27 562 398";"2024-09-04 19:40:12"
"2024-09-02";"YouTube";"63 780";"24 804";"27 561 729";"2024-09-02 03:24:45"
"2024-09-02";"";"130 673";"77 770";"27 563 452";"2024-09-02 06:03:44"
"2024-09-03";"YouTube";"955 545";"341 828";"27 561 796";"2024-09-03 08:53:13"
"2024-09-05";"Instagram";"4 124 957";"4 450 490";"27 562 693";"2024-09-05 10:07:14"
"2024-09-01";"Facebook";"503 559";"18 685";"27 563 285";"2024-09-01 07:04:02"
"2024-09-05";"";"164 023";"12 617";"27 562 996";"2024-09-05 03:00:26"
"2024-09-07";"YouTube";"1 015 083";"682 616";"27 561 643";"2024-09-07 14:59:56"
"2024-09-06";"";"255 935";"83 796";"27 563 143";"2024-09-06 14:11:37"
"2024-09-08";"";"250 544";"57 654";"27 563 169";"2024-09-08 17:38:21"
"2024-09-02";"";"355 576";"46 684";"27 561 426";"2024-09-02 23:20:02"
"2024-09-02";"Instagram";"27 565";"26 882";"27 562 982";"2024-09-02 18:27:04"
"2024-09-04";"YouTube";"601 081";"162 442";"27 561 593";"2024-09-04 14:23:15"
"2024-09-06";"";"922 701";"75 198";"27 561 303";"2024-09-06 06:39:18"
"2024-09-09";"";"161 569";"12 991";"27 563 063";"2024-09-09 11:20:05"
"2024-09-02";"Instagram";"1 932 878";"348 626";"27 561 352";"2024-09-02 19:04:15"
"2024-09-05";"";"27 188";"5 624";"27 561 836";"2024-09-05 07:52:28"
"2024-09-05";"";"460 367";"23 585";"27 561 624";"2024-09-05 19:52:39"
"2024-09-10";"";"85 135";"10 001";"27 563 415";"2024-09-10 03:36:51"
"2024-09-08";"";"87 768";"21 629";"27 563 030";"2024-09-08 08:17:13"
"2024-09-07";"Facebook";"230 197";"1 941 987";"27 562 827";"2024-09-07 19:04:01"
"2024-09-03";"";"36 912";"8 194";"27 562 354";"2024-09-03 13:46:31"
"2024-09-02";"";"30 066";"2 666";"27 562 058";"2024-09-02 23:32:27"
"2024-09-02";"Facebook";"355 071";"4 431 019";"27 561 540";"2024-09-02 13:10:40"
"2024-09-10";"YouTube";"5 496 217";"330 899";"27 562 593";"2024-09-10 15:36:11"
"2024-09-10";"";"97 885";"21 229";"27 562 447";"2024-09-10 05:14:51"
"2024-09-07";"";"26 482";"17 122";"27 562 913";"2024-09-07 23:44:16"
"2024-09-03";"";"31 343";"15 799";"27 562 659";"2024-09-03 09:42:51"
"2024-09-04";"";"169 288";"491 395";"27 561 227";"2024-09-04 14:23:06"
"2024-09-10";"";"393 321";"98 612";"27 562 146";"2024-09-10 08:53:59"
"2024-09-07";"YouTube";"885 108";"51 900";"27 563 008";"2024-09-07 03:48:10"
"2024-09-05";"YouTube";"12 059 380";"793 263";"27 562 823";"2024-09-05 22:43:06"
"2024-09-01";"YouTube";"4 707 971";"435 334";"27 561 758";"2024-09-01 12:45:13"
"2024-09-01";"";"5 077 500";"152 043";"27 563 240";"2024-09-01 18:03:35"
"2024-09-09";"";"33 521";"10 760";"27 562 846";"2024-09-09 04:01:22"
"2024-09-07";"";"222 879";"20 487";"27 563 012";"2024-09-07 09:06:33"
"2024-09-06";"";"1 227 073";"85 159";"27 561 841";"2024-09-06 11:32:42"
"2024-09-03";"";"205 111";"39 253";"27 562 647";"2024-09-03 23:44:43"
"2024-09-08";"";"1 505 388";"734 894";"27 562 564";"2024-09-08 05:02:22"
"2024-09-05";"";"600 038";"263 951";"27 561 649";"2024-09-05 16:49:59"
"2024-09-01";"";"42 897";"30 170";"27 561 840";"2024-09-01 14:47:10"
"2024-09-05";"Yandex";"56 801";"32 245";"27 561 892";"2024-09-05 09:06:50"
"2024-09-10";"Facebook";"115 002";"26 040";"27 562 190";"2024-09-10 21:42:30"
"2024-09-08";"";"26 871";"17 827";"27 562 897";"2024-09-08 13:58:26"
"2024-09-06";"";"67 719 967";"1 646 478";"27 561 562";"2024-09-06 16:25:04"
"2024-09-05";"";"364 855";"15 954";"27 563 447";"2024-09-05 04:49:28"
"2024-09-07";"";"182 544";"710 217";"27 562 172";"2024-09-07 12:21:47"
"2024-09-07";"";"155 609";"11 326";"27 562 892";"2024-09-07 18:15:49"
"2024-09-07";"";"309 084";"147 151";"27 561 571";"2024-09-07 22:55:02"
"2024-09-10";"Instagram";"14 183 228";"375 394";"27 562 407";"2024-09-10 09:42:26"
"2024-09-09";"Unknown";"16 629";"38 805";"27 562 124";"2024-09-09 21:54:14"
"2024-09-03";"";"66 706";"6 082";"27 563 308";"2024-09-03 23:08:07"
"2024-09-05";"";"583 050";"92 307";"27 562 243";"2024-09-06 00:57:33"
"2024-09-09";"YouTube";"116 167";"42 934";"27 562 451";"2024-09-09 08:41:31"
"2024-09-07";"";"27 792";"8 393";"27 561 882";"2024-09-07 20:05:01"
"2024-09-06";"Facebook";"162 748";"15 633";"27 562 690";"2024-09-06 16:01:43"
"2024-09-02";"";"82 892";"11 186";"27 563 157";"2024-09-03 01:58:40"
"2024-09-06";"";"214 081";"147 765";"27 561 418";"2024-09-07 01:46:18"
"2024-09-10";"WhatsApp";"380 053";"28 445";"27 561 426";"2024-09-10 21:18:04"
"2024-09-05";"";"53 759";"9 088";"27 561 737";"2024-09-05 18:27:28"
"2024-09-01";"";"177 910";"24 538";"27 561 997";"2024-09-01 11:08:44"
"2024-09-07";"Tas-ix";"418 613";"20 473";"27 562 886";"2024-09-07 09:06:10"
"2024-09-05";"";"352 248";"28 415";"27 562 172";"2024-09-06 02:23:26"
"2024-09-02";"";"149 824";"36 685";"27 563 447";"2024-09-02 08:29:05"
"2024-09-01";"";"139 065";"463 304";"27 562 197";"2024-09-01 20:29:23"
"2024-09-02";"";"960 477";"277 866";"27 561 224";"2024-09-02 18:03:23"
"2024-09-04";"";"153 267";"10 004";"27 563 287";"2024-09-05 02:11:12"
"2024-09-06";"";"8 127 869";"327 606";"27 561 485";"2024-09-06 14:35:14"
"2024-09-06";"";"51 452 872";"3 215 573";"27 563 223";"2024-09-07 00:45:24"
"2024-09-05";"";"4 535 206";"272 958";"27 561 956";"2024-09-05 07:04:21"
"2024-09-08";"YouTube";"4 740 687";"274 645";"27 561 445";"2024-09-08 07:52:53"
"2024-09-10";"Telegram";"19 900 098";"1 640 826";"27 561 744";"2024-09-10 15:24:09"
"2024-09-02";"Instagram";"1 096 541";"189 524";"27 563 329";"2024-09-02 04:25:20"
"2024-09-01";"";"2 525 430";"135 363";"27 563 445";"2024-09-01 12:33:27"
"2024-09-10";"Yandex";"478 060";"69 438";"27 562 148";"2024-09-10 13:58:14"
"2024-09-01";"Unknown";"54 366";"17 471";"27 561 466";"2024-09-01 08:17:58"
"2024-09-08";"WhatsApp";"197 518";"384 355";"27 561 819";"2024-09-08 20:53:58"
"2024-09-06";"YouTube";"11 039 259";"641 222";"27 563 103";"2024-09-06 20:41:44"
"2024-09-08";"Yandex";"19 879 986";"885 797";"27 563 009";"2024-09-09 02:23:57"
"2024-09-07";"";"255 491";"227 433";"27 563 121";"2024-09-07 23:44:29"
"2024-09-01";"Instagram";"147 383";"37 088";"27 562 469";"2024-09-01 10:31:44"
"2024-09-03";"";"266 659";"141 942";"27 561 246";"2024-09-03 04:01:06"
"2024-09-07";"";"1 965 449";"137 712";"27 562 903";"2024-09-07 20:41:31"
"2024-09-10";"";"351 671";"55 856";"27 561 725";"2024-09-10 10:07:55"
"2024-09-08";"";"327 791";"19 454";"27 562 066";"2024-09-08 16:25:52"
"2024-09-08";"Instagram";"3 219 426";"2 975 161";"27 562 489";"2024-09-08 22:07:25"
"2024-09-09";"";"4 739 705";"653 409";"27 561 593";"2024-09-09 05:14:51"
"2024-09-07";"";"88 105";"65 010";"27 562 639";"2024-09-07 22:55:31"
"2024-09-05";"Odnoklassniki";"107 746";"40 815";"27 562 098";"2024-09-05 04:01:45"
"2024-09-05";"";"436 958";"38 336";"27 563 493";"2024-09-06 01:34:12"
"2024-09-04";"YouTube";"156 165";"33 256";"27 561 326";"2024-09-04 16:01:34"
"2024-09-04";"";"123 045";"222 624";"27 561 292";"2024-09-05 00:09:36"
"2024-09-09";"";"96 845";"6 913";"27 561 271";"2024-09-09 09:18:17"
"2024-09-06";"";"35 296";"12 341";"27 563 507";"2024-09-07 00:57:56"
"2024-09-03";"";"0";"25 664";"27 561 545";"2024-09-03 11:44:16"
"2024-09-07";"Facebook";"123 415";"60 282";"27 562 499";"2024-09-07 04:37:36"
"2024-09-06";"";"138 013";"285 497";"27 563 122";"2024-09-06 09:30:35"
"2024-09-02";"";"41 347";"13 696";"27 561 924";"2024-09-02 14:23:10"
"2024-09-05";"";"54 620";"47 949";"27 561 386";"2024-09-05 20:29:05"
"2024-09-09";"Yandex";"101 771";"5 443";"27 562 438";"2024-09-09 09:54:52"
"2024-09-03";"";"96 651 553";"11 417 245";"27 561 216";"2024-09-03 17:38:27"
"2024-09-04";"";"27 815";"16 742";"27 562 982";"2024-09-04 16:37:25"
"2024-09-07";"";"3 877 437";"215 249";"27 562 934";"2024-09-07 17:26:06"
"2024-09-07";"";"9 121 959";"356 354";"27 562 004";"2024-09-07 20:53:43"
"2024-09-03";"";"27 532";"2 424";"27 561 249";"2024-09-03 07:16:59"
"2024-09-06";"";"1 773 523";"159 035";"27 562 582";"2024-09-06 09:18:05"
"2024-09-06";"";"45 665";"47 413";"27 562 431";"2024-09-06 09:18:30"
"2024-09-07";"";"42 038";"4 525";"27 562 540";"2024-09-07 06:03:45"
"2024-09-05";"Instagram";"29 496 503";"569 262";"27 562 376";"2024-09-05 08:05:57"
"2024-09-08";"Instagram";"1 591 913";"459 008";"27 563 152";"2024-09-08 04:01:49"
"2024-09-08";"Instagram";"43 659 877";"1 262 074";"27 562 673";"2024-09-09 02:11:59"
"2024-09-05";"";"31 554";"2 236";"27 562 071";"2024-09-06 01:10:37"
"2024-09-05";"";"1 299 586";"54 041";"27 562 982";"2024-09-05 06:27:36"
"2024-09-06";"";"395 001";"85 040";"27 561 640";"2024-09-06 20:41:00"
"2024-09-07";"";"33 136";"24 493";"27 562 680";"2024-09-07 08:29:36"
"2024-09-10";"";"1 093 086";"944 722";"27 562 317";"2024-09-10 19:28:38"
"2024-09-02";"YouTube";"1 337 934";"675 829";"27 562 066";"2024-09-02 22:43:37"
"2024-09-08";"";"32 889";"2 541";"27 562 853";"2024-09-08 09:30:54"
"2024-09-04";"YouTube";"314 981";"44 136";"27 562 460";"2024-09-04 08:17:51"
"2024-09-01";"Instagram";"1 970 956";"1 165 946";"27 562 077";"2024-09-01 09:42:49"
"2024-09-01";"YouTube";"1 167 034";"490 863";"27 561 723";"2024-09-01 04:37:18"
"2024-09-09";"";"60 910";"34 476";"27 562 505";"2024-09-09 13:46:53"
"2024-09-06";"Yandex";"169 188";"123 933";"27 563 268";"2024-09-06 12:21:51"
"2024-09-05";"Telegram";"16 285 893";"898 204";"27 561 884";"2024-09-05 04:37:00"
"2024-09-03";"";"4 031";"56 588";"27 562 300";"2024-09-03 22:19:06"
"2024-09-09";"";"25 657";"8 272";"27 562 613";"2024-09-09 20:29:39"
"2024-09-08";"";"45 996";"3 899";"27 563 033";"2024-09-09 02:35:18"
"2024-09-10";"";"29 826";"3 043";"27 562 849";"2024-09-10 16:49:28"
"2024-09-03";"TikTok";"682 380";"284 999";"27 562 365";"2024-09-03 14:59:13"
"2024-09-10";"YouTube";"352 130";"53 861";"27 561 427";"2024-09-10 10:31:39"
"2024-09-08";"";"10 710";"32 368";"27 563 218";"2024-09-09 01:58:10"
"2024-09-08";"";"73 855";"26 267";"27 562 962";"2024-09-08 21:42:41"
"2024-09-05";"Instagram";"2 711 039";"90 185";"27 562 340";"2024-09-05 19:04:52"
"2024-09-07";"TikTok";"279 558";"2 635 458";"27 561 367";"2024-09-07 03:36:50"
"2024-09-08";"Facebook";"22 760 636";"870 274";"27 563 347";"2024-09-08 09:30:29"
"2024-09-03";"Telegram";"31 348 318";"6 813 836";"27 563 443";"2024-09-03 21:54:21"
"2024-09-07";"Facebook";"908 584";"211 505";"27 561 477";"2024-09-07 12:09:40"
"2024-09-02";"";"29 754";"18 256";"27 562 364";"2024-09-02 13:10:00"
"2024-09-10";"Instagram";"74 151 820";"3 551 932";"27 561 301";"2024-09-10 11:32:37"
"2024-09-01";"Telegram";"3 877 085";"225 189";"27 561 877";"2024-09-01 05:14:42"
"2024-09-07";"";"364 300";"61 047";"27 563 112";"2024-09-07 22:07:53"
"2024-09-01";"";"119 332";"4 123";"27 562 685";"2024-09-02 02:35:34"
"2024-09-04";"";"293 107";"43 105";"27 561 468";"2024-09-04 23:32:02"
"2024-09-09";"Tas-ix";"36 428";"16 310";"27 563 334";"2024-09-09 13:58:47"
"2024-09-05";"";"39 491";"7 660";"27 561 700";"2024-09-05 18:51:51"
"2024-09-03";"YouTube";"511 970 599";"29 921 226";"27 562 403";"2024-09-03 04:25:18"
"2024-09-04";"Telegram";"16 745 573";"895 624";"27 562 540";"2024-09-05 00:57:11"
"2024-09-01";"";"62 088";"68 834";"27 561 294";"2024-09-01 05:02:49"
"2024-09-02";"";"5 880 960";"469 415";"27 562 550";"2024-09-03 02:35:23"
"2024-09-05";"";"1 506 095";"246 393";"27 563 005";"2024-09-05 11:08:04"
"2024-09-04";"Instagram";"25 864 966";"1 033 387";"27 562 474";"2024-09-04 20:53:03"
"2024-09-04";"";"177 311";"444 066";"27 563 287";"2024-09-04 20:17:33"
"2024-09-10";"WhatsApp";"5 840 189";"22 343 659";"27 561 444";"2024-09-10 03:48:18"
"2024-09-08";"Telegram";"6 236 282";"393 289";"27 561 712";"2024-09-08 06:51:55"
"2024-09-10";"";"100 670";"42 174";"27 562 639";"2024-09-10 23:44:48"
"2024-09-04";"";"167 033";"11 031";"27 561 680";"2024-09-04 11:44:40"
"2024-09-09";"Instagram";"24 764 782";"847 457";"27 562 880";"2024-09-09 18:39:42"
"2024-09-03";"";"6 248 683";"1 568 090";"27 562 033";"2024-09-04 00:33:47"
"2024-09-01";"YouTube";"291 787";"19 238";"27 562 713";"2024-09-01 12:45:50"
"2024-09-07";"Instagram";"686 369";"17 097";"27 562 376";"2024-09-07 05:26:14"
"2024-09-10";"";"454 298";"26 566";"27 563 029";"2024-09-10 03:24:08"
"2024-09-05";"Apple Music";"456 636";"6 233";"27 563 262";"2024-09-05 08:29:08"
"2024-09-02";"VKontakte";"39 982";"2 490";"27 562 041";"2024-09-02 19:52:04"
"2024-09-01";"Facebook";"148 952";"12 338";"27 561 875";"2024-09-01 13:10:52"
"2024-09-09";"";"50 869";"33 623";"27 563 129";"2024-09-09 15:12:04"
"2024-09-09";"Instagram";"12 506";"83 800";"27 562 784";"2024-09-09 21:06:03"
"2024-09-01";"";"41 245";"3 934";"27 561 386";"2024-09-01 14:59:31"
"2024-09-06";"";"28 397";"3 654";"27 561 828";"2024-09-06 14:11:20"
"2024-09-09";"";"152 811";"49 709";"27 561 952";"2024-09-09 11:20:45"
"2024-09-07";"";"485 986";"21 833";"27 562 674";"2024-09-07 06:39:38"
"2024-09-08";"Yandex";"469 692";"32 420";"27 561 776";"2024-09-08 11:32:41"
"2024-09-07";"";"149 450";"17 247";"27 561 712";"2024-09-07 20:17:46"
"2024-09-04";"Telegram";"5 212 845";"648 958";"27 561 186";"2024-09-04 22:43:58"
"2024-09-07";"";"26 363";"2 976";"27 561 662";"2024-09-07 14:59:53"
"2024-09-03";"";"174 259";"10 185";"27 561 518";"2024-09-03 07:04:44"
"2024-09-04";"";"132 953";"5 179";"27 562 593";"2024-09-04 15:12:01"
"2024-09-07";"";"254 842";"161 946";"27 561 974";"2024-09-07 07:28:27"
"2024-09-08";"Instagram";"13 561 411";"581 559";"27 563 418";"2024-09-08 13:10:09"
"2024-09-04";"Instagram";"101 478";"6 897";"27 563 113";"2024-09-04 18:15:03"
"2024-09-04";"";"47 447";"5 089";"27 561 719";"2024-09-04 03:36:45"
"2024-09-01";"";"50 199";"16 649";"27 563 386";"2024-09-01 11:08:08"
"2024-09-08";"";"143 763";"5 589";"27 562 050";"2024-09-08 03:12:53"
"2024-09-10";"";"44 270";"3 429";"27 562 543";"2024-09-10 14:59:56"
"2024-09-07";"Telegram";"127 029";"15 047";"27 561 484";"2024-09-07 23:56:40"
"2024-09-07";"";"236 886";"94 079";"27 563 058";"2024-09-07 08:05:09"
"2024-09-08";"";"830 758";"42 400";"27 562 864";"2024-09-08 17:38:31"
"2024-09-05";"Telegram";"42 603";"3 991";"27 563 335";"2024-09-05 13:34:45"
"2024-09-04";"";"37 480";"17 593";"27 561 172";"2024-09-04 20:53:10"
"2024-09-02";"";"4 963 916";"1 909 006";"27 562 330";"2024-09-02 21:42:29"
"2024-09-02";"";"100 144";"11 052";"27 562 880";"2024-09-02 07:16:31"
"2024-09-01";"YouTube";"2 377 516";"621 662";"27 562 469";"2024-09-01 21:18:51"
"2024-09-09";"";"547 656";"66 113";"27 562 016";"2024-09-09 20:29:17"
"2024-09-07";"";"54 216";"18 778";"27 562 903";"2024-09-07 13:34:09"
"2024-09-08";"";"40 496";"133 590";"27 561 768";"2024-09-08 17:26:00"
"2024-09-05";"";"38 505 788";"1 569 986";"27 561 420";"2024-09-06 01:34:17"
"2024-09-10";"Yandex";"79 754";"22 552";"27 562 521";"2024-09-10 21:06:03"
"2024-09-04";"Instagram";"6 927 550";"1 124 910";"27 562 252";"2024-09-04 07:40:04"
"2024-09-01";"YouTube";"2 161 290";"536 596";"27 563 243";"2024-09-02 01:46:38"
"2024-09-07";"";"1 181 801";"122 214";"27 562 593";"2024-09-08 02:35:20"
"2024-09-06";"YouTube";"552 921";"92 163";"27 562 146";"2024-09-06 15:24:30"
"2024-09-08";"";"92 079";"34 624";"27 563 020";"2024-09-08 10:43:07"
"2024-09-10";"Instagram";"170 277";"8 972";"27 562 673";"2024-09-10 20:29:52"
"2024-09-04";"";"14 370 861";"2 536 165";"27 561 802";"2024-09-04 13:46:50"
"2024-09-10";"";"412 100";"48 707";"27 562 791";"2024-09-10 10:07:48"
"2024-09-05";"Instagram";"40 791";"3 886";"27 562 713";"2024-09-05 16:37:26"
"2024-09-01";"";"118 805";"26 384";"27 562 321";"2024-09-01 16:49:11"
"2024-09-01";"";"27 446";"2 861";"27 561 384";"2024-09-01 22:07:03"
"2024-09-03";"Instagram";"889 227";"484 406";"27 563 418";"2024-09-03 20:53:56"
"2024-09-06";"";"106 059";"63 854";"27 562 141";"2024-09-06 20:53:19"
"2024-09-06";"";"221 987";"17 804";"27 562 821";"2024-09-06 10:31:57"
"2024-09-07";"Tas-ix";"311 973";"11 386";"27 563 232";"2024-09-07 10:19:53"
"2024-09-05";"TikTok";"106 170";"349 490";"27 562 580";"2024-09-05 23:20:56"
"2024-09-07";"";"202 196";"147 562";"27 562 886";"2024-09-07 09:18:17"
"2024-09-09";"Yandex";"2 025 224";"54 385";"27 562 317";"2024-09-09 12:09:36"
"2024-09-05";"";"566 457";"188 373";"27 561 347";"2024-09-05 09:30:48"
"2024-09-03";"";"248 234";"60 829";"27 561 372";"2024-09-03 18:03:30"
"2024-09-10";"YouTube";"240 210";"3 111 027";"27 562 841";"2024-09-11 00:57:32"
"2024-09-08";"YouTube";"726 182";"6 852 575";"27 562 347";"2024-09-08 16:37:07"
"2024-09-08";"";"5 996 609";"225 248";"27 562 304";"2024-09-08 04:37:58"
"2024-09-09";"";"3 793 602";"4 813 983";"27 561 597";"2024-09-09 12:45:35"
"2024-09-03";"";"52 474";"4 212";"27 563 093";"2024-09-04 01:46:26"
"2024-09-08";"";"31 433";"3 313";"27 561 327";"2024-09-08 21:06:47"
"2024-09-07";"YouTube";"5 731 402";"865 538";"27 562 405";"2024-09-07 15:00:29"
"2024-09-09";"";"345 473";"131 482";"27 561 540";"2024-09-09 06:15:29"
"2024-09-04";"";"1 177 872";"43 117";"27 563 237";"2024-09-04 16:49:29"
"2024-09-08";"";"50 062";"6 580";"27 563 427";"2024-09-08 05:02:26"
"2024-09-03";"";"21 151 320";"1 959 128";"27 563 163";"2024-09-03 11:08:44"
"2024-09-04";"Telegram";"619 166";"41 412";"27 563 379";"2024-09-04 05:38:05"
"2024-09-02";"";"220 193";"10 706";"27 562 642";"2024-09-02 22:19:28"
"2024-09-10";"";"127 928";"92 831";"27 562 232";"2024-09-10 10:19:47"
"2024-09-05";"";"1 630 760";"17 319 173";"27 562 143";"2024-09-05 16:13:19"
"2024-09-02";"Facebook";"2 507 296";"805 005";"27 561 217";"2024-09-02 16:01:03"
"2024-09-05";"";"924 676";"48 705";"27 561 777";"2024-09-05 16:01:13"
"2024-09-03";"YouTube";"30 166 286";"1 853 844";"27 562 343";"2024-09-03 05:50:41"
"2024-09-04";"";"34 223";"25 661";"27 562 806";"2024-09-04 07:04:58"
"2024-09-10";"";"36 219";"61 573";"27 562 535";"2024-09-10 19:52:17"
"2024-09-09";"";"266 063";"68 079";"27 563 083";"2024-09-09 17:02:41"
"2024-09-09";"";"45 538";"40 145";"27 562 696";"2024-09-09 06:03:16"
"2024-09-02";"";"38 649";"15 457";"27 562 298";"2024-09-02 13:46:01"
"2024-09-04";"";"176 404";"206 779";"27 561 852";"2024-09-05 02:23:51"
"2024-09-08";"";"474 040";"598 001";"27 561 182";"2024-09-08 12:21:40"
"2024-09-08";"";"56 323";"18 572";"27 562 495";"2024-09-08 18:15:28"
"2024-09-06";"Instagram";"2 842 011";"601 519";"27 563 336";"2024-09-06 13:10:55"
"2024-09-01";"";"243 590";"9 412";"27 561 670";"2024-09-01 21:42:10"
"2024-09-05";"";"183 039";"4 734";"27 563 511";"2024-09-06 00:33:17"
"2024-09-04";"";"79 353 241";"4 640 252";"27 562 124";"2024-09-05 00:33:54"
"2024-09-10";"";"113 446";"5 555";"27 562 708";"2024-09-10 12:21:50"
"2024-09-05";"";"77 474";"12 921";"27 562 261";"2024-09-05 14:35:03"
"2024-09-10";"";"21 691";"34 316";"27 563 205";"2024-09-10 18:27:20"
"2024-09-09";"Instagram";"8 247 859";"1 519 430";"27 562 982";"2024-09-09 12:09:52"
"2024-09-07";"";"72 374";"47 777";"27 561 717";"2024-09-07 10:31:01"
"2024-09-09";"";"95 216";"11 489";"27 561 680";"2024-09-09 04:25:47"
"2024-09-06";"Facebook";"33 945";"5 801";"27 562 839";"2024-09-06 05:26:37"
"2024-09-02";"";"9 036";"26 222";"27 562 622";"2024-09-02 05:38:52"
"2024-09-01";"";"88 789";"6 114";"27 562 029";"2024-09-01 10:43:49"
"2024-09-07";"TikTok";"58 683";"296 654";"27 562 915";"2024-09-07 20:17:13"
"2024-09-01";"";"1 804 485";"296 178";"27 561 649";"2024-09-01 18:03:06"
"2024-09-04";"";"100 784";"149 413";"27 561 950";"2024-09-05 00:57:41"
"2024-09-09";"";"28 896";"1 586";"27 562 398";"2024-09-09 05:02:04"
"2024-09-01";"YouTube";"25 773";"38 307";"27 562 354";"2024-09-01 03:00:40"
"2024-09-01";"YouTube";"40 986";"30 493";"27 562 513";"2024-09-01 10:19:54"
"2024-09-05";"Telegram";"4 588 528";"834 498";"27 562 606";"2024-09-05 13:46:50"
"2024-09-10";"";"27 925";"22 848";"27 562 125";"2024-09-10 16:13:27"
"2024-09-05";"";"1 018 959";"466 869";"27 561 302";"2024-09-05 15:48:38"
"2024-09-01";"WhatsApp";"3 615";"33 160";"27 562 867";"2024-09-01 10:55:07"
"2024-09-08";"IMO";"25 947";"5 802";"27 562 292";"2024-09-09 00:09:17"
"2024-09-09";"";"344 085";"28 083";"27 563 107";"2024-09-09 03:48:01"
"2024-09-02";"";"7 579 497";"99 480";"27 562 226";"2024-09-02 12:57:49"
"2024-09-04";"";"68 025";"46 549";"27 562 243";"2024-09-05 01:34:05"
"2024-09-10";"Facebook";"3 274 972";"89 533";"27 563 154";"2024-09-10 20:05:45"
"2024-09-05";"";"80 492";"8 066";"27 562 101";"2024-09-06 01:58:45"
"2024-09-07";"Instagram";"11 617 955";"395 606";"27 562 633";"2024-09-07 04:01:15"
"2024-09-02";"";"8 537";"26 017";"27 562 075";"2024-09-02 21:54:45"
"2024-09-03";"";"152 921";"28 853";"27 562 314";"2024-09-04 01:34:17"
"2024-09-08";"Instagram";"80 341 121";"2 091 478";"27 562 527";"2024-09-08 18:39:45"
"2024-09-08";"Yandex";"1 630 726";"525 331";"27 561 552";"2024-09-08 20:17:20"
"2024-09-06";"";"29 293";"19 847";"27 562 721";"2024-09-06 15:00:11"
"2024-09-08";"";"29 947";"12 537";"27 563 224";"2024-09-08 07:04:04"
"2024-09-03";"Unknown";"65 153";"33 694";"27 561 669";"2024-09-03 18:27:28"
"2024-09-05";"";"48 923";"4 373";"27 562 646";"2024-09-05 19:16:52"
"2024-09-01";"";"121 502";"52 921";"27 562 341";"2024-09-01 18:03:04"
"2024-09-03";"";"7 592";"38 686";"27 561 689";"2024-09-03 09:18:42"
"2024-09-08";"";"62 597";"13 399";"27 563 439";"2024-09-08 15:36:39"
"2024-09-03";"Yandex Video";"15 712";"104 684";"27 561 547";"2024-09-03 15:36:03"
"2024-09-03";"";"35 786";"2 965";"27 562 879";"2024-09-03 18:51:27"
"2024-09-04";"";"74 600";"3 794";"27 562 520";"2024-09-04 13:34:03"
"2024-09-04";"";"125 566";"15 286";"27 561 543";"2024-09-04 23:32:28"
"2024-09-01";"Instagram";"155 446";"41 377";"27 562 982";"2024-09-02 02:23:48"
"2024-09-03";"";"58 440";"36 026";"27 563 141";"2024-09-03 05:26:44"
"2024-09-09";"";"43 782";"12 675";"27 562 752";"2024-09-09 12:57:24"
"2024-09-05";"";"198 715";"7 835";"27 561 834";"2024-09-05 09:30:25"
"2024-09-09";"";"607 961";"29 131";"27 562 899";"2024-09-09 15:12:10"
"2024-09-01";"";"38 125";"378 074";"27 563 141";"2024-09-01 18:39:21"
"2024-09-05";"";"41 139";"10 307";"27 561 634";"2024-09-05 17:26:34"
"2024-09-07";"";"115 293";"5 329";"27 562 675";"2024-09-08 01:22:06"
"2024-09-10";"YouTube";"199 176 001";"8 977 633";"27 563 331";"2024-09-10 05:14:16"
"2024-09-05";"PUBG";"26 157";"1 481";"27 562 712";"2024-09-05 17:38:36"
"2024-09-06";"Facebook";"119 679";"35 124";"27 561 627";"2024-09-06 06:03:48"
"2024-09-06";"";"29 454";"8 123";"27 563 250";"2024-09-06 20:17:15"
"2024-09-01";"YouTube";"3 876 206";"273 642";"27 562 938";"2024-09-01 11:08:38"
"2024-09-10";"";"154 189";"282 724";"27 562 435";"2024-09-10 20:53:49"
"2024-09-03";"";"52 998";"3 792";"27 561 965";"2024-09-03 09:30:27"
"2024-09-09";"Yandex";"73 271";"42 932";"27 563 100";"2024-09-09 22:43:22"
"2024-09-03";"";"111 323";"31 310";"27 561 597";"2024-09-03 04:13:46"
"2024-09-02";"Yandex";"1 122 989";"41 628";"27 561 221";"2024-09-02 20:17:06"
"2024-09-07";"";"31 682";"1 800";"27 563 052";"2024-09-07 05:02:34"
"2024-09-05";"";"57 438";"49 128";"27 563 016";"2024-09-05 09:06:45"
"2024-09-09";"YouTube";"185 362";"31 102";"27 562 264";"2024-09-09 11:44:04"
"2024-09-07";"";"29 979";"7 383";"27 562 398";"2024-09-07 21:42:13"
"2024-09-10";"";"16 615 819";"1 026 146";"27 561 745";"2024-09-11 00:45:19"
"2024-09-06";"";"152 808";"12 498";"27 561 506";"2024-09-06 21:06:33"
"2024-09-08";"";"54 039";"4 433";"27 561 733";"2024-09-08 11:32:44"
"2024-09-03";"";"13 236 070";"174 320";"27 562 280";"2024-09-03 09:30:03"
"2024-09-05";"";"207 741";"81 883";"27 562 803";"2024-09-05 19:04:16"
"2024-09-04";"";"90 264 193";"4 470 505";"27 561 825";"2024-09-04 05:38:06"
"2024-09-02";"Facebook";"200 190";"86 899";"27 561 345";"2024-09-02 04:49:50"
"2024-09-08";"";"3 110 163";"118 636";"27 562 445";"2024-09-08 10:19:07"
"2024-09-07";"";"162 363";"114 303";"27 561 251";"2024-09-07 21:06:06"
"2024-09-04";"";"152 011";"24 691";"27 561 815";"2024-09-04 17:02:27"
"2024-09-06";"";"6 315";"27 057";"27 561 485";"2024-09-06 15:12:33"
"2024-09-04";"";"4 907 953";"275 407";"27 561 640";"2024-09-04 11:20:53"
"2024-09-05";"";"3 949";"32 121";"27 563 014";"2024-09-06 01:10:00"
"2024-09-02";"";"817 735";"67 508";"27 561 373";"2024-09-02 06:03:32"
"2024-09-07";"";"28 850";"7 630";"27 562 722";"2024-09-07 03:00:04"
"2024-09-05";"";"113 025";"4 684";"27 562 407";"2024-09-05 16:49:37"
"2024-09-10";"";"153 879";"27 103";"27 561 221";"2024-09-11 01:22:09"
"2024-09-02";"";"349 833";"38 733";"27 561 384";"2024-09-02 09:06:45"
"2024-09-04";"";"26 872";"26 096";"27 563 467";"2024-09-04 03:48:49"
"2024-09-04";"";"32 021";"12 375";"27 563 128";"2024-09-04 23:56:23"
"2024-09-03";"";"137 995";"5 742";"27 562 609";"2024-09-03 04:37:57"
"2024-09-03";"YouTube";"5 200 349";"297 773";"27 561 345";"2024-09-03 13:22:21"
"2024-09-03";"Yandex";"1 236 445";"738 212";"27 561 172";"2024-09-03 12:57:06"
"2024-09-05";"Unknown";"167 309";"61 730";"27 562 398";"2024-09-05 10:19:10"
"2024-09-07";"";"70 822";"42 459";"27 562 832";"2024-09-07 04:01:52"
"2024-09-04";"";"17 017";"222 095";"27 562 975";"2024-09-04 03:12:51"
"2024-09-03";"Yandex";"12 169 701";"478 049";"27 561 433";"2024-09-03 17:50:57"
"2024-09-10";"";"34 109";"2 336";"27 563 121";"2024-09-10 16:25:04"
"2024-09-07";"";"43 289";"17 222";"27 561 792";"2024-09-07 10:31:05"
"2024-09-05";"";"40 653";"5 360";"27 562 771";"2024-09-05 08:53:40"
"2024-09-06";"Facebook";"698 815";"27 829";"27 562 192";"2024-09-06 23:44:06"
"2024-09-08";"";"28 133";"1 732";"27 561 452";"2024-09-08 12:45:58"
"2024-09-05";"Instagram";"187 421 786";"4 607 092";"27 561 687";"2024-09-05 09:18:48"
"2024-09-05";"YouTube";"152 433 077";"8 724 604";"27 562 491";"2024-09-05 12:21:36"
"2024-09-04";"";"85 402";"17 209";"27 562 014";"2024-09-04 14:11:06"
"2024-09-04";"";"226 440";"203 379";"27 561 214";"2024-09-04 06:39:38"
"2024-09-06";"";"299 933";"54 486";"27 563 447";"2024-09-06 14:59:04"
"2024-09-10";"";"70 773";"9 751";"27 563 225";"2024-09-10 07:04:25"
"2024-09-02";"";"126 239";"18 479";"27 561 555";"2024-09-03 01:58:07"
"2024-09-05";"Instagram";"9 254 793";"316 665";"27 563 338";"2024-09-05 21:18:14"
"2024-09-09";"";"344 109";"148 484";"27 561 915";"2024-09-09 20:53:05"
"2024-09-07";"";"534 128";"44 434";"27 562 230";"2024-09-07 21:42:25"
"2024-09-06";"WhatsApp";"6 971 673";"337 542";"27 561 792";"2024-09-06 18:15:12"
"2024-09-01";"";"28 576";"2 143";"27 562 981";"2024-09-02 02:59:07"
"2024-09-05";"Telegram";"10 852 408";"6 431 368";"27 561 342";"2024-09-05 11:56:37"
"2024-09-07";"Facebook";"461 123";"6 599 773";"27 561 477";"2024-09-07 03:36:48"
"2024-09-08";"Unknown";"1 678 734";"36 216";"27 561 250";"2024-09-08 09:30:49"
"2024-09-08";"Facebook";"1 019 708";"38 617";"27 562 051";"2024-09-09 00:45:23"
"2024-09-01";"";"737 701";"171 405";"27 562 197";"2024-09-01 13:46:31"
"2024-09-01";"";"29 670";"13 085";"27 563 136";"2024-09-01 14:35:07"
"2024-09-08";"";"659 709";"126 346";"27 563 169";"2024-09-08 10:55:00"
"2024-09-06";"YouTube";"195 765";"9 667";"27 561 438";"2024-09-06 19:52:14"
"2024-09-01";"";"4 156 769";"201 644";"27 562 595";"2024-09-01 16:13:24"
"2024-09-05";"";"2 165 765";"127 177";"27 561 951";"2024-09-05 09:42:09"
"2024-09-03";"YouTube";"289 186 728";"20 245 034";"27 563 193";"2024-09-03 05:02:57"
"2024-09-04";"";"58 934";"191 027";"27 562 291";"2024-09-04 04:01:39"
"2024-09-05";"";"30 259";"24 830";"27 562 998";"2024-09-05 12:09:10"
"2024-09-02";"";"60 079";"184 241";"27 562 155";"2024-09-02 03:00:43"
"2024-09-01";"";"34 703";"4 845";"27 561 216";"2024-09-01 23:08:35"
"2024-09-10";"Facebook";"123 558";"9 317";"27 562 144";"2024-09-10 14:35:08"
"2024-09-07";"YouTube";"3 696 599";"182 760";"27 561 994";"2024-09-08 02:59:33"
"2024-09-09";"Instagram";"9 656 007";"2 262 099";"27 562 142";"2024-09-09 21:06:21"
"2024-09-06";"";"36 733";"52 547";"27 562 445";"2024-09-06 03:00:52"
"2024-09-06";"YouTube";"88 522";"8 909";"27 562 157";"2024-09-06 18:51:14"
"2024-09-07";"";"33 173 941";"954 768";"27 563 066";"2024-09-07 16:49:07"
"2024-09-04";"Facebook";"18 419 952";"503 717";"27 563 099";"2024-09-04 08:29:56"
"2024-09-03";"";"657 964";"118 667";"27 562 403";"2024-09-03 18:51:26"
"2024-09-05";"Instagram";"3 335 147";"123 258";"27 562 041";"2024-09-05 08:05:24"
"2024-09-09";"Telegram";"85 659 180";"4 815 550";"27 561 533";"2024-09-09 13:10:07"
"2024-09-05";"YouTube";"272 096";"47 284";"27 561 963";"2024-09-05 15:00:13"
"2024-09-07";"";"134 075";"12 930";"27 562 290";"2024-09-07 08:05:30"
"2024-09-06";"";"55 981";"52 233";"27 563 000";"2024-09-07 01:34:02"
"2024-09-04";"YouTube";"13 983 897";"7 605 809";"27 562 535";"2024-09-04 05:26:17"
"2024-09-09";"Tas-ix";"334 566";"254 789";"27 562 090";"2024-09-09 14:35:13"
"2024-09-04";"";"69 241";"50 403";"27 562 428";"2024-09-04 07:04:56"
"2024-09-04";"";"686 369";"51 898";"27 562 337";"2024-09-04 06:27:02"
"2024-09-05";"Spotify";"1 331 091";"21 609";"27 563 198";"2024-09-05 15:00:27"
"2024-09-03";"Telegram";"5 697 257";"843 368";"27 561 379";"2024-09-03 04:25:06"
"2024-09-03";"";"4 762";"68 301";"27 561 386";"2024-09-03 10:43:10"
"2024-09-05";"Yandex Video";"28 680 114";"1 158 053";"27 561 796";"2024-09-06 02:47:01"
"2024-09-08";"Yandex Music";"1 938 959";"1 664 226";"27 562 992";"2024-09-08 20:05:31"
"2024-09-01";"Unknown";"3 238 127";"158 121";"27 562 720";"2024-09-01 11:08:02"
"2024-09-02";"";"341 125";"213 540";"27 563 147";"2024-09-02 04:25:26"
"2024-09-07";"";"78 882";"7 016";"27 561 490";"2024-09-07 05:38:18"
"2024-09-02";"Facebook";"93 909";"8 956";"27 563 003";"2024-09-02 04:25:08"
"2024-09-03";"Facebook";"57 722";"6 948";"27 561 638";"2024-09-03 17:50:46"
"2024-09-04";"";"72 200";"40 377";"27 561 424";"2024-09-04 20:17:45"
"2024-09-06";"";"131 833";"329 331";"27 562 086";"2024-09-06 07:04:51"
"2024-09-10";"YouTube";"3 775 915";"1 441 460";"27 561 490";"2024-09-10 18:15:33"
"2024-09-06";"Instagram";"19 150 322";"336 856";"27 562 540";"2024-09-06 21:18:51"
"2024-09-02";"";"467 964";"92 169";"27 562 304";"2024-09-03 00:33:21"
"2024-09-09";"";"27 925";"2 078";"27 563 488";"2024-09-09 06:03:00"
"2024-09-04";"";"165 352";"14 093";"27 562 261";"2024-09-05 00:45:54"
"2024-09-04";"Telegram";"144 070 986";"6 549 403";"27 563 144";"2024-09-04 16:49:23"
"2024-09-04";"";"58 358";"20 793";"27 561 339";"2024-09-05 02:11:11"
"2024-09-07";"YouTube";"152 337 728";"9 002 597";"27 562 365";"2024-09-07 16:25:03"
"2024-09-06";"";"632 316";"43 149";"27 562 508";"2024-09-06 12:45:34"
"2024-09-10";"";"117 982";"10 850";"27 562 646";"2024-09-10 03:12:28"
"2024-09-06";"";"96 433";"46 752";"27 563 017";"2024-09-06 04:25:51"
"2024-09-08";"";"2 960 959";"228 813";"27 562 680";"2024-09-08 07:52:37"
"2024-09-03";"Instagram";"19 711 877";"559 789";"27 562 479";"2024-09-03 21:06:36"
"2024-09-09";"YouTube";"19 040 020";"989 932";"27 562 612";"2024-09-09 11:32:19"
"2024-09-01";"";"638 394";"41 183";"27 561 772";"2024-09-01 20:17:15"
"2024-09-02";"Apple Music";"51 213";"6 590";"27 562 747";"2024-09-02 14:23:38"
"2024-09-04";"Instagram";"4 848 920";"309 998";"27 561 784";"2024-09-05 01:58:49"
"2024-09-04";"YouTube";"127 949";"14 405";"27 561 744";"2024-09-04 13:34:43"
"2024-09-01";"";"88 096";"19 508";"27 561 662";"2024-09-01 15:24:56"
"2024-09-08";"";"30 409";"2 863";"27 561 227";"2024-09-08 11:32:32"
"2024-09-04";"Facebook";"289 536";"27 864";"27 561 492";"2024-09-04 03:00:54"
"2024-09-08";"";"271 921";"6 561";"27 563 374";"2024-09-08 13:22:24"
"2024-09-06";"";"1 248 378";"463 116";"27 562 224";"2024-09-06 09:54:14"
"2024-09-04";"Facebook";"175 601";"52 128";"27 563 508";"2024-09-04 20:29:57"
"2024-09-08";"";"4 067 157";"155 349";"27 562 343";"2024-09-08 21:06:45"
"2024-09-09";"";"337 872";"18 317";"27 563 017";"2024-09-09 08:29:21"
"2024-09-04";"";"73 553";"335 844";"27 561 331";"2024-09-04 08:17:13"
"2024-09-02";"Unknown";"28 675";"20 158";"27 563 328";"2024-09-02 20:53:08"
"2024-09-03";"";"165 008";"69 712";"27 561 303";"2024-09-03 03:00:07"
"2024-09-03";"";"3 855";"41 609";"27 563 336";"2024-09-03 11:44:34"
"2024-09-10";"YouTube";"231 043";"54 480";"27 563 244";"2024-09-10 22:43:35"
"2024-09-01";"";"688 866";"67 836";"27 562 565";"2024-09-01 09:42:07"
"2024-09-04";"";"314 876";"45 555";"27 561 744";"2024-09-05 02:11:04"
"2024-09-05";"YouTube";"2 869 622";"948 488";"27 562 197";"2024-09-06 01:10:21"
"2024-09-02";"";"4 697 767";"205 708";"27 561 300";"2024-09-02 14:35:14"
"2024-09-06";"Yandex";"6 524 524";"364 202";"27 561 722";"2024-09-06 09:06:07"
"2024-09-01";"Instagram";"415 836";"36 745";"27 562 701";"2024-09-01 16:01:25"
"2024-09-03";"";"1 076 231";"3 431 390";"27 562 266";"2024-09-03 16:01:16"
"2024-09-04";"";"823 971";"67 666";"27 561 722";"2024-09-04 16:37:36"
"2024-09-09";"Apple Music";"298 425";"34 116";"27 562 711";"2024-09-10 00:21:25"
"2024-09-06";"";"111 749";"119 491";"27 563 110";"2024-09-06 03:00:32"
"2024-09-06";"Telegram";"12 671 475";"838 156";"27 562 479";"2024-09-06 10:31:36"
"2024-09-10";"";"206 709";"8 449";"27 562 804";"2024-09-11 01:58:51"
"2024-09-08";"";"1 373 187";"712 272";"27 562 622";"2024-09-08 06:39:34"
"2024-09-07";"";"111 031";"86 828";"27 562 261";"2024-09-07 06:39:58"
"2024-09-08";"VKontakte";"1 249 400";"107 045";"27 563 154";"2024-09-08 16:25:04"
"2024-09-06";"";"292 712";"19 271";"27 561 828";"2024-09-06 10:43:59"
"2024-09-06";"Telegram";"20 830 948";"2 329 531";"27 562 413";"2024-09-07 02:59:04"
"2024-09-10";"";"15 236";"372 709";"27 562 086";"2024-09-10 12:45:39"
"2024-09-07";"Yandex";"40 809";"10 741";"27 563 289";"2024-09-08 01:10:35"
"2024-09-10";"YouTube";"30 927";"7 663";"27 561 691";"2024-09-11 01:10:25"
"2024-09-06";"";"31 763";"4 244";"27 561 375";"2024-09-06 10:07:00"
"2024-09-02";"";"42 005 048";"2 620 636";"27 561 952";"2024-09-02 15:24:36"
"2024-09-09";"";"83 493";"59 706";"27 562 537";"2024-09-09 18:39:51"
"2024-09-02";"Instagram";"1 418 073";"367 603";"27 563 326";"2024-09-02 07:16:36"
"2024-09-04";"Facebook";"260 209";"24 388";"27 563 136";"2024-09-04 08:17:25"
"2024-09-10";"Facebook";"4 160 151";"1 549 273";"27 561 347";"2024-09-10 19:04:34"
"2024-09-05";"";"134 894";"130 720";"27 561 259";"2024-09-05 09:54:16"
"2024-09-05";"Yandex";"358 414";"113 506";"27 562 453";"2024-09-05 11:20:39"
"2024-09-10";"Telegram";"11 678 937";"680 836";"27 561 741";"2024-09-10 16:13:57"
"2024-09-05";"";"31 821";"2 792";"27 561 402";"2024-09-05 08:53:46"
"2024-09-08";"Yandex";"1 390 755";"549 453";"27 563 458";"2024-09-08 03:48:22"
"2024-09-02";"";"80 331";"7 512";"27 563 334";"2024-09-02 06:03:38"
"2024-09-05";"YouTube";"85 002";"716 069";"27 561 815";"2024-09-06 02:11:30"
"2024-09-10";"";"41 314";"13 907";"27 563 211";"2024-09-11 00:21:12"
"2024-09-07";"";"152 333";"30 356";"27 562 260";"2024-09-07 04:49:26"
"2024-09-07";"";"1 173 147";"2 375 448";"27 561 252";"2024-09-07 06:15:25"
"2024-09-06";"TikTok";"145 332";"608 489";"27 562 759";"2024-09-06 08:41:38"
"2024-09-09";"";"285 009";"9 131";"27 562 145";"2024-09-09 23:20:01"
"2024-09-04";"Unknown";"67 118";"12 058";"27 561 845";"2024-09-04 03:36:11"
"2024-09-06";"TikTok";"106 553";"574 061";"27 562 480";"2024-09-07 01:34:26"
"2024-09-04";"";"6 372 808";"280 764";"27 561 998";"2024-09-04 07:52:55"
"2024-09-03";"PUBG";"1 031 976";"48 867";"27 562 300";"2024-09-03 06:03:08"
"2024-09-09";"";"1 245 181";"60 034";"27 561 884";"2024-09-10 02:35:32"
"2024-09-06";"";"61 127";"23 941";"27 561 276";"2024-09-06 15:48:10"
"2024-09-09";"YouTube";"412 117";"77 892";"27 562 379";"2024-09-09 04:49:40"
"2024-09-01";"";"934 878";"54 435";"27 561 801";"2024-09-01 12:33:53"
"2024-09-01";"";"278 387";"45 311";"27 561 729";"2024-09-01 13:58:56"
"2024-09-02";"";"94 336";"9 482";"27 562 237";"2024-09-02 21:18:18"
"2024-09-08";"Facebook";"5 064";"108 634";"27 563 263";"2024-09-08 13:58:56"
"2024-09-04";"YouTube";"351 952";"60 741";"27 562 133";"2024-09-04 16:13:46"
"2024-09-05";"Facebook";"348 145";"33 504";"27 561 330";"2024-09-05 04:49:36"
"2024-09-05";"";"32 433";"8 347";"27 563 242";"2024-09-05 07:40:47"
"2024-09-02";"";"284 027";"72 701";"27 562 355";"2024-09-02 19:28:27"
"2024-09-04";"";"126 453";"6 448";"27 562 156";"2024-09-04 16:01:09"
"2024-09-04";"YouTube";"10 656 937";"520 220";"27 561 402";"2024-09-05 00:57:51"
"2024-09-04";"";"2 965 066";"133 197";"27 562 318";"2024-09-04 10:43:22"
"2024-09-04";"Facebook";"91 749";"82 345";"27 563 157";"2024-09-05 01:34:00"
"2024-09-02";"Telegram";"1 515 107";"106 067";"27 562 992";"2024-09-03 01:34:11"
"2024-09-07";"";"768 007";"33 685";"27 562 646";"2024-09-07 23:32:36"
"2024-09-01";"";"84 765";"74 343";"27 561 362";"2024-09-01 15:48:31"
"2024-09-10";"";"143 850";"122 157";"27 561 347";"2024-09-10 18:27:20"
"2024-09-10";"WhatsApp";"36 468 559";"58 142 699";"27 562 150";"2024-09-10 21:18:32"
"2024-09-07";"";"542 642";"20 183";"27 561 398";"2024-09-07 04:25:48"
"2024-09-04";"";"328 486";"261 041";"27 562 868";"2024-09-04 18:27:15"
"2024-09-04";"Instagram";"679 887";"27 533";"27 561 883";"2024-09-04 23:20:54"
"2024-09-06";"";"27 151";"38 893";"27 562 401";"2024-09-06 23:44:00"
"2024-09-06";"YouTube";"11 559 216";"3 415 033";"27 563 290";"2024-09-06 04:49:42"
"2024-09-05";"";"2 344 977";"87 271";"27 563 386";"2024-09-05 19:28:22"
"2024-09-06";"";"26 164";"54 930";"27 562 572";"2024-09-07 01:34:30"
"2024-09-08";"";"43 713";"5 716";"27 562 445";"2024-09-08 16:49:14"
"2024-09-09";"";"13 488";"29 413";"27 563 410";"2024-09-09 16:01:09"
"2024-09-10";"";"646 592";"262 459";"27 561 462";"2024-09-10 06:51:30"
"2024-09-04";"Instagram";"2 003 820";"138 443";"27 562 398";"2024-09-05 02:23:02"
"2024-09-06";"";"3 293 674";"370 075";"27 562 795";"2024-09-06 08:29:37"
"2024-09-05";"";"293 670";"23 292";"27 561 365";"2024-09-05 21:42:49"
"2024-09-10";"YouTube";"1 001 060";"332 791";"27 562 212";"2024-09-10 06:51:18"
"2024-09-03";"";"32 794";"39 918";"27 561 691";"2024-09-03 19:52:07"
"2024-09-09";"Unknown";"2 980 250";"119 831";"27 562 100";"2024-09-09 04:01:40"
"2024-09-04";"";"38 049";"3 611";"27 562 917";"2024-09-04 23:20:56"
"2024-09-06";"";"181 217";"62 901";"27 561 529";"2024-09-06 17:38:41"
"2024-09-06";"Facebook";"68 936";"6 421";"27 563 218";"2024-09-07 00:57:33"
"2024-09-08";"YouTube";"3 897 333";"1 932 599";"27 561 366";"2024-09-08 23:32:39"
"2024-09-09";"Facebook";"30 821";"2 557";"27 561 362";"2024-09-09 21:18:33"
"2024-09-09";"Facebook";"106 109";"27 983";"27 563 420";"2024-09-09 07:52:20"
"2024-09-02";"";"1 683 360";"486 543";"27 563 507";"2024-09-02 18:03:39"
"2024-09-09";"YouTube";"105 312";"360 594";"27 562 597";"2024-09-09 21:06:39"
"2024-09-05";"";"13 005";"151 255";"27 561 737";"2024-09-05 07:40:22"
"2024-09-08";"YouTube";"53 219 139";"4 598 565";"27 563 315";"2024-09-08 03:24:17"
"2024-09-08";"YouTube";"168 302 543";"7 041 259";"27 561 737";"2024-09-08 21:42:58"
"2024-09-05";"";"27 024";"4 463";"27 562 318";"2024-09-06 02:47:14"
"2024-09-07";"";"1 314 070";"694 983";"27 563 041";"2024-09-07 16:13:50"
"2024-09-09";"";"45 763";"5 350";"27 563 469";"2024-09-09 20:53:31"
"2024-09-10";"Instagram";"3 282 417";"4 289 008";"27 563 481";"2024-09-10 04:25:54"
"2024-09-03";"";"360 319 477";"242 089 385";"27 562 405";"2024-09-03 09:42:28"
"2024-09-04";"";"158 038";"12 052";"27 562 479";"2024-09-04 05:50:20"
"2024-09-07";"";"60 396";"72 498";"27 561 207";"2024-09-07 09:54:08"
"2024-09-02";"";"91 288";"15 764";"27 561 427";"2024-09-02 15:12:50"
"2024-09-08";"";"61 640";"20 063";"27 562 656";"2024-09-08 10:43:37"
"2024-09-08";"";"52 811";"44 877";"27 561 640";"2024-09-08 11:08:16"
"2024-09-01";"";"95 875";"5 715";"27 561 239";"2024-09-02 01:10:55"
"2024-09-02";"Instagram";"34 109 511";"1 007 727";"27 563 096";"2024-09-02 09:18:52"
"2024-09-03";"";"247 236";"9 930";"27 561 422";"2024-09-03 09:06:51"
"2024-09-03";"";"990 161";"60 536";"27 561 884";"2024-09-03 04:37:06"
"2024-09-03";"";"117 695";"27 826";"27 563 445";"2024-09-03 12:21:15"
"2024-09-02";"";"11 033";"25 814";"27 561 643";"2024-09-02 10:07:08"
"2024-09-07";"Yandex";"30 219";"29 415";"27 563 008";"2024-09-07 21:54:56"
"2024-09-04";"YouTube";"564 032";"11 754";"27 563 348";"2024-09-04 05:26:57"
"2024-09-05";"YouTube";"1 142 913";"466 745";"27 563 315";"2024-09-05 05:38:16"
"2024-09-02";"";"45 522";"46 894";"27 562 234";"2024-09-02 19:16:24"
"2024-09-02";"";"65 691";"11 684";"27 562 894";"2024-09-03 02:35:53"
"2024-09-06";"Instagram";"69 861 342";"3 960 205";"27 561 227";"2024-09-06 22:07:35"
"2024-09-06";"Instagram";"25 366 047";"4 843 032";"27 563 223";"2024-09-06 18:39:50"
"2024-09-07";"";"260 540";"11 167";"27 561 373";"2024-09-07 06:27:17"
"2024-09-05";"";"35 344";"1 837";"27 562 606";"2024-09-05 08:41:11"
"2024-09-09";"";"225 822";"9 995";"27 561 974";"2024-09-09 20:17:18"
"2024-09-08";"";"115 541";"82 933";"27 562 570";"2024-09-08 21:54:04"
"2024-09-01";"";"32 560";"2 623";"27 562 611";"2024-09-02 02:23:51"
"2024-09-01";"YouTube";"196 197";"51 984";"27 561 871";"2024-09-02 00:21:21"
"2024-09-03";"YouTube";"302 607";"35 184";"27 562 721";"2024-09-03 18:51:17"
"2024-09-05";"";"68 186";"12 665";"27 563 371";"2024-09-05 22:31:28"
"2024-09-08";"Instagram";"22 487 508";"810 698";"27 562 090";"2024-09-08 17:26:02"
"2024-09-02";"";"96 061 980";"4 492 626";"27 563 228";"2024-09-02 09:06:06"
"2024-09-07";"";"169 016";"40 367";"27 563 467";"2024-09-07 10:43:53"
"2024-09-05";"YouTube";"739 596";"146 207";"27 563 183";"2024-09-05 14:23:38"
"2024-09-07";"";"28 714";"17 722";"27 562 935";"2024-09-07 23:56:44"
"2024-09-10";"YouTube";"736 985";"1 338 822";"27 563 467";"2024-09-11 02:47:58"
"2024-09-10";"Yandex";"335 600";"15 573";"27 563 116";"2024-09-10 08:53:31"
"2024-09-05";"";"408 858";"76 495";"27 561 503";"2024-09-05 04:13:53"
"2024-09-02";"";"9 829 959";"830 218";"27 561 304";"2024-09-02 04:37:41"
"2024-09-03";"";"2 418 068";"175 109";"27 563 234";"2024-09-03 04:37:11"
"2024-09-04";"";"529 292";"27 916";"27 562 240";"2024-09-04 03:48:52"
"2024-09-10";"";"28 094";"10 899";"27 562 837";"2024-09-10 20:53:29"
"2024-09-04";"";"60 055";"14 923";"27 561 819";"2024-09-04 05:38:29"
"2024-09-02";"";"37 938";"29 091";"27 562 071";"2024-09-03 00:09:10"
"2024-09-02";"TikTok";"940";"46 149";"27 561 547";"2024-09-02 04:49:50"
"2024-09-03";"Instagram";"61 338";"3 310";"27 563 488";"2024-09-03 19:28:46"
"2024-09-10";"Telegram";"142 070 520";"13 413 354";"27 561 884";"2024-09-10 21:54:58"
"2024-09-07";"Telegram";"405 641";"26 910";"27 562 516";"2024-09-08 02:11:05"
"2024-09-03";"YouTube";"4 169 371";"1 005 539";"27 563 205";"2024-09-03 09:30:29"
"2024-09-09";"Odnoklassniki";"367 017";"20 557";"27 561 351";"2024-09-10 01:34:35"
"2024-09-02";"";"20 607";"42 734";"27 561 373";"2024-09-02 08:41:33"
"2024-09-03";"YouTube";"3 789 435";"1 535 537";"27 562 477";"2024-09-03 23:32:29"
"2024-09-05";"";"47 451";"2 805";"27 562 083";"2024-09-05 03:36:22"
"2024-09-08";"";"26 136";"3 104";"27 562 800";"2024-09-08 11:20:52"
"2024-09-10";"YouTube";"11 812 747";"567 182";"27 561 355";"2024-09-10 12:09:19"
"2024-09-04";"";"929 189";"175 298";"27 562 266";"2024-09-04 10:07:04"
"2024-09-08";"Yandex";"42 384";"3 730";"27 562 009";"2024-09-08 13:34:41"
"2024-09-08";"Instagram";"1 028 507";"80 305";"27 562 391";"2024-09-08 15:12:48"
"2024-09-08";"Telegram";"36 051 522";"2 296 795";"27 561 414";"2024-09-08 16:37:23"
"2024-09-06";"YouTube";"1 695 432";"410 862";"27 562 935";"2024-09-06 09:54:02"
"2024-09-08";"";"491 132";"49 290";"27 563 030";"2024-09-08 17:02:04"
"2024-09-05";"Instagram";"561 084";"90 301";"27 563 357";"2024-09-05 04:25:33"
"2024-09-04";"YouTube";"387 196";"162 264";"27 562 747";"2024-09-04 07:40:34"
"2024-09-08";"";"712 090";"35 406";"27 561 269";"2024-09-08 19:16:34"
"2024-09-03";"";"8 295";"42 610";"27 561 265";"2024-09-03 04:25:29"
"2024-09-04";"";"220 800";"63 500";"27 562 499";"2024-09-04 23:20:23"
"2024-09-05";"";"62 716";"33 841";"27 563 232";"2024-09-05 08:17:05"
"2024-09-08";"";"36 568";"30 107";"27 562 550";"2024-09-08 06:15:06"
"2024-09-06";"";"1 164 480";"89 702";"27 562 413";"2024-09-06 17:02:01"
"2024-09-10";"";"6 388";"37 496";"27 562 441";"2024-09-10 15:24:18"
"2024-09-07";"Telegram";"1 253 345";"78 110";"27 561 206";"2024-09-07 10:55:54"
"2024-09-09";"WhatsApp";"11 716 082";"47 166 517";"27 561 879";"2024-09-09 18:39:45"
"2024-09-06";"";"271 140";"11 796";"27 561 402";"2024-09-06 03:36:09"
"2024-09-10";"YouTube";"1 295 978 585";"53 230 897";"27 563 217";"2024-09-10 21:42:14"
"2024-09-10";"";"96 489 037";"6 549 323";"27 562 653";"2024-09-10 03:00:03"
"2024-09-05";"";"107 275";"3 054";"27 563 447";"2024-09-05 04:49:23"
"2024-09-03";"";"313 284";"183 950";"27 562 566";"2024-09-03 05:14:52"
"2024-09-06";"Telegram";"567 071";"65 613";"27 561 213";"2024-09-06 23:44:26"
"2024-09-08";"";"27 291";"1 493";"27 562 624";"2024-09-08 11:44:47"
"2024-09-07";"";"79 988";"165 823";"27 561 857";"2024-09-07 06:51:58"
"2024-09-04";"";"80 909";"13 351";"27 563 403";"2024-09-04 15:00:42"
"2024-09-07";"Instagram";"149 750";"20 727";"27 562 766";"2024-09-07 08:17:24"
"2024-09-01";"Telegram";"125 409";"15 715";"27 562 798";"2024-09-01 07:04:31"
"2024-09-08";"";"248 295";"57 235";"27 563 092";"2024-09-08 13:10:55"
"2024-09-03";"Instagram";"144 978";"16 480";"27 562 675";"2024-09-03 13:58:54"
"2024-09-07";"YouTube";"14 311 866";"707 487";"27 563 374";"2024-09-07 12:33:13"
"2024-09-01";"";"156 669";"7 462";"27 561 796";"2024-09-01 22:31:21"
"2024-09-03";"";"632 404";"50 696";"27 562 178";"2024-09-03 15:00:51"
"2024-09-06";"Yandex";"131 093";"21 769";"27 562 609";"2024-09-06 09:42:28"
"2024-09-10";"Telegram";"138 895 112";"6 325 437";"27 563 284";"2024-09-10 08:29:25"
"2024-09-08";"";"249 145";"21 107";"27 562 593";"2024-09-08 15:12:02"
"2024-09-01";"";"30 629";"4 497";"27 562 619";"2024-09-01 17:26:51"
"2024-09-06";"Instagram";"28 619 021";"918 311";"27 562 849";"2024-09-06 07:52:53"
"2024-09-08";"Unknown";"422 076";"29 681";"27 562 597";"2024-09-08 08:17:17"
"2024-09-09";"";"51 511";"81 978";"27 562 704";"2024-09-09 04:49:14"
"2024-09-05";"";"719 772";"161 485";"27 563 158";"2024-09-05 04:37:52"
"2024-09-04";"";"20 302";"32 728";"27 562 801";"2024-09-04 17:50:50"
"2024-09-03";"Telegram";"1 851 604";"146 302";"27 561 457";"2024-09-03 05:26:59"
"2024-09-02";"";"196 924";"12 797";"27 561 861";"2024-09-02 12:21:57"
"2024-09-03";"";"41 150";"3 851";"27 561 595";"2024-09-03 04:01:30"
"2024-09-07";"Facebook";"72 947";"6 711";"27 561 805";"2024-09-07 05:38:16"
"2024-09-02";"";"70 839";"3 059";"27 562 965";"2024-09-02 05:38:18"
"2024-09-08";"";"675 338";"226 562";"27 563 001";"2024-09-08 07:40:19"
"2024-09-04";"";"54 591";"5 501";"27 562 363";"2024-09-04 23:32:00"
"2024-09-08";"";"28 323";"8 086";"27 563 014";"2024-09-08 04:49:04"
"2024-09-07";"Facebook";"408 364";"227 478";"27 561 722";"2024-09-07 13:22:58"
"2024-09-09";"";"1 324 138";"59 875";"27 562 462";"2024-09-09 08:53:40"
"2024-09-06";"";"153 459";"534 742";"27 561 344";"2024-09-06 04:01:42"
"2024-09-10";"";"288 553";"5 201";"27 561 840";"2024-09-10 21:54:57"
"2024-09-05";"Instagram";"1 678 243";"298 998";"27 561 616";"2024-09-05 04:01:32"
"2024-09-04";"Telegram";"7 900 262";"587 602";"27 563 145";"2024-09-04 03:24:38"
"2024-09-03";"";"2 294 938";"459 465";"27 562 906";"2024-09-03 22:43:04"
"2024-09-08";"";"2 452 423";"68 329";"27 563 143";"2024-09-08 11:32:07"
"2024-09-05";"";"7 712";"40 501";"27 561 906";"2024-09-06 00:33:02"
"2024-09-02";"";"4 004 038";"58 953";"27 562 326";"2024-09-02 10:31:09"
"2024-09-10";"";"944 431";"206 212";"27 562 758";"2024-09-10 14:23:46"
"2024-09-02";"";"2 158 134";"125 530";"27 563 221";"2024-09-02 19:04:36"
"2024-09-06";"";"375 013";"428 841";"27 561 607";"2024-09-07 01:34:58"
"2024-09-07";"";"4 070";"26 518";"27 561 792";"2024-09-07 15:48:05"
"2024-09-03";"";"29 281";"8 854";"27 562 813";"2024-09-04 02:35:21"
"2024-09-05";"";"0";"78 880";"27 562 024";"2024-09-05 19:40:08"
"2024-09-06";"";"199 260";"28 348";"27 561 737";"2024-09-06 19:28:56"
"2024-09-06";"Apple Music";"596 574";"210 258";"27 563 458";"2024-09-06 03:12:28"
"2024-09-09";"";"197 141";"20 690";"27 561 172";"2024-09-09 10:31:18"
"2024-09-10";"";"21 561";"26 680";"27 563 250";"2024-09-10 04:01:02"
"2024-09-04";"";"2 555 680";"101 255";"27 562 376";"2024-09-04 18:15:49"
"2024-09-06";"";"357 989";"115 510";"27 562 185";"2024-09-06 06:39:54"
"2024-09-10";"YouTube";"45 477";"15 052";"27 561 922";"2024-09-10 04:49:05"
"2024-09-03";"";"64 556";"7 716";"27 561 480";"2024-09-03 11:32:02"
"2024-09-01";"";"26 914";"6 452";"27 562 300";"2024-09-01 09:06:33"
"2024-09-04";"";"33 323";"2 722";"27 563 205";"2024-09-05 00:45:00"
"2024-09-06";"";"703 523";"59 598";"27 561 460";"2024-09-06 20:41:11"
"2024-09-07";"";"97 608";"8 055";"27 562 563";"2024-09-07 18:03:36"
"2024-09-04";"YouTube";"741 563";"89 133";"27 563 284";"2024-09-04 11:56:26"
"2024-09-03";"YouTube";"13 769";"28 072";"27 562 778";"2024-09-03 12:21:58"
"2024-09-10";"";"66 572";"57 406";"27 562 708";"2024-09-10 21:18:39"
"2024-09-09";"";"32 149";"3 718";"27 562 550";"2024-09-09 14:47:58"
"2024-09-06";"Telegram";"4 262 657";"253 848";"27 563 000";"2024-09-06 20:05:45"
"2024-09-04";"";"56 903";"3 173";"27 562 499";"2024-09-04 07:16:00"
"2024-09-01";"";"4 169";"72 470";"27 563 285";"2024-09-01 10:19:46"
"2024-09-01";"";"742 006";"304 319";"27 561 288";"2024-09-02 00:45:23"
"2024-09-02";"YouTube";"975 767";"178 003";"27 561 339";"2024-09-02 21:30:17"
"2024-09-07";"YouTube";"656 624";"5 305 219";"27 563 009";"2024-09-07 06:03:38"
"2024-09-02";"";"632 079";"108 471";"27 563 238";"2024-09-02 09:30:25"
"2024-09-09";"YouTube";"28 397";"10 487";"27 562 560";"2024-09-09 07:04:28"
"2024-09-09";"";"137 885";"27 557";"27 563 043";"2024-09-09 13:22:34"
"2024-09-06";"Instagram";"25 484 943";"482 546";"27 562 907";"2024-09-06 20:29:54"
"2024-09-02";"";"726 553";"464 051";"27 563 500";"2024-09-02 15:24:26"
"2024-09-05";"";"26 412";"16 882";"27 561 965";"2024-09-06 01:34:12"
"2024-09-03";"";"207 079";"15 534";"27 561 219";"2024-09-03 16:13:06"
"2024-09-10";"";"190 120";"63 710";"27 562 598";"2024-09-10 09:30:18"
"2024-09-09";"";"212 583";"18 844";"27 562 759";"2024-09-09 22:07:34"
"2024-09-10";"";"787 282";"112 960";"27 561 480";"2024-09-10 05:02:02"
"2024-09-02";"";"55 344";"60 968";"27 562 237";"2024-09-02 11:32:23"
"2024-09-10";"";"1 008 501";"133 345";"27 562 766";"2024-09-11 01:46:18"
"2024-09-02";"";"519 932";"35 038";"27 563 291";"2024-09-02 21:30:29"
"2024-09-01";"";"75 892";"9 269";"27 563 509";"2024-09-01 12:21:11"
"2024-09-10";"";"220 841";"123 634";"27 562 629";"2024-09-10 06:15:24"
"2024-09-09";"";"40 334";"25 342";"27 563 240";"2024-09-09 15:36:56"
"2024-09-06";"";"56 044";"5 860";"27 563 463";"2024-09-06 11:44:19"
"2024-09-02";"";"10 675 138";"1 381 023";"27 562 639";"2024-09-02 04:01:21"
"2024-09-02";"Telegram";"8 464 076";"1 146 751";"27 561 587";"2024-09-02 06:27:48"
"2024-09-02";"Telegram";"23 425 267";"20 446 252";"27 562 468";"2024-09-03 02:59:55"
"2024-09-10";"";"74 712";"10 520";"27 562 666";"2024-09-10 11:32:12"
"2024-09-06";"";"4 341 737";"756 882";"27 562 398";"2024-09-06 14:59:46"
"2024-09-03";"Instagram";"541 570";"22 406";"27 561 801";"2024-09-03 03:36:59"
"2024-09-03";"";"283 785";"23 460";"27 561 232";"2024-09-04 00:45:12"
"2024-09-02";"";"2 360 331";"67 083";"27 563 514";"2024-09-02 09:54:34"
"2024-09-06";"Yandex";"321 635";"146 248";"27 561 368";"2024-09-06 06:03:58"
"2024-09-08";"";"47 263";"3 710";"27 561 707";"2024-09-09 00:33:29"
"2024-09-08";"";"6 569";"103 680";"27 561 741";"2024-09-08 20:29:22"
"2024-09-01";"Tas-ix";"1 805 718";"57 301";"27 561 575";"2024-09-01 22:19:30"
"2024-09-09";"";"12 847";"30 536";"27 561 958";"2024-09-09 18:03:13"
"2024-09-08";"";"41 202";"33 877";"27 562 298";"2024-09-08 10:19:30"
"2024-09-10";"";"85 084";"72 417";"27 562 938";"2024-09-10 16:01:15"
"2024-09-10";"Yandex";"684 505";"65 229";"27 562 098";"2024-09-11 01:34:57"
"2024-09-01";"";"5 396";"42 085";"27 562 815";"2024-09-01 12:21:54"
"2024-09-07";"Telegram";"113 276";"10 629";"27 563 045";"2024-09-07 20:05:39"
"2024-09-10";"";"9 651 073";"559 647";"27 561 970";"2024-09-10 19:40:47"
"2024-09-07";"Unknown";"239 735";"12 983";"27 561 792";"2024-09-08 01:58:07"
"2024-09-03";"Facebook";"283 441";"106 346";"27 562 872";"2024-09-03 06:27:57"
"2024-09-03";"";"26 067";"58 398";"27 561 953";"2024-09-03 12:45:04"
"2024-09-03";"";"135 429";"509 880";"27 563 060";"2024-09-04 00:09:33"
"2024-09-04";"Unknown";"129 290";"10 949";"27 563 348";"2024-09-04 10:19:22"
"2024-09-03";"YouTube";"216 534";"14 762";"27 563 159";"2024-09-03 11:56:32"
"2024-09-05";"";"9 649 568";"1 709 346";"27 562 966";"2024-09-05 05:14:09"
"2024-09-04";"";"147 927";"22 768";"27 561 368";"2024-09-04 10:55:26"
"2024-09-06";"";"3 409 759";"345 638";"27 562 663";"2024-09-07 00:57:53"
"2024-09-08";"";"57 667";"138 427";"27 563 130";"2024-09-08 17:14:40"
"2024-09-10";"";"45 027";"7 949";"27 561 361";"2024-09-10 11:56:49"
"2024-09-10";"YouTube";"4 648 608";"254 115";"27 562 137";"2024-09-10 06:03:07"
"2024-09-01";"";"176 044";"5 048";"27 562 425";"2024-09-01 15:12:10"
"2024-09-10";"YouTube";"76 139 458";"4 296 686";"27 561 592";"2024-09-10 03:24:01"
"2024-09-01";"";"31 437";"14 878";"27 562 230";"2024-09-01 22:55:43"
"2024-09-02";"";"840 397";"33 954";"27 561 506";"2024-09-02 10:31:43"
"2024-09-04";"";"24 020 725";"1 723 030";"27 561 552";"2024-09-04 14:35:37"
"2024-09-07";"";"26 729";"8 619";"27 562 516";"2024-09-07 23:08:53"
"2024-09-02";"";"80 108";"17 485";"27 561 956";"2024-09-02 12:33:15"
"2024-09-01";"";"47 993";"3 542";"27 563 078";"2024-09-01 10:55:35"
"2024-09-03";"";"52 754";"4 714";"27 561 230";"2024-09-03 15:48:34"
"2024-09-03";"";"43 380";"1 856";"27 562 063";"2024-09-03 23:56:32"
"2024-09-10";"";"96 570";"11 181";"27 561 627";"2024-09-10 18:51:57"
"2024-09-08";"";"280 793";"86 998";"27 561 841";"2024-09-08 18:51:17"
"2024-09-02";"Unknown";"218 543";"9 504";"27 563 409";"2024-09-03 02:47:00"
"2024-09-10";"";"557 113";"48 597";"27 561 361";"2024-09-11 01:10:57"
"2024-09-02";"";"8 919 940";"953 618";"27 562 527";"2024-09-02 09:18:35"
"2024-09-04";"WhatsApp";"2 251 306";"7 615 559";"27 561 882";"2024-09-04 12:45:28"
"2024-09-03";"";"31 700";"4 927";"27 562 801";"2024-09-03 06:27:06"
"2024-09-02";"Instagram";"727 273";"62 111";"27 561 402";"2024-09-02 03:24:33"
"2024-09-08";"";"101 656";"8 035";"27 561 737";"2024-09-08 14:11:16"
"2024-09-04";"";"3 117 625";"94 130";"27 563 183";"2024-09-04 06:15:17"
"2024-09-09";"";"14 625 242";"494 335";"27 561 720";"2024-09-09 12:57:55"
"2024-09-05";"";"55 148";"19 228";"27 562 289";"2024-09-05 03:36:23"
"2024-09-01";"";"35 886 254";"2 815 481";"27 561 257";"2024-09-01 10:55:17"
"2024-09-01";"";"37 505";"4 886";"27 562 698";"2024-09-01 10:31:03"
"2024-09-08";"Spotify";"553 756";"38 066";"27 563 491";"2024-09-08 09:42:38"
"2024-09-06";"";"176 773";"60 992";"27 562 398";"2024-09-07 00:45:37"
"2024-09-08";"";"52 687";"2 847";"27 562 646";"2024-09-09 01:34:15"
"2024-09-10";"";"450 507";"86 521";"27 563 363";"2024-09-10 07:28:30"
"2024-09-06";"";"2 019 961";"124 706";"27 563 424";"2024-09-06 06:27:26"
"2024-09-07";"";"32 149";"342 073";"27 562 083";"2024-09-07 17:02:22"
"2024-09-10";"";"238 392";"8 683";"27 563 119";"2024-09-10 22:55:10"
"2024-09-08";"";"27 707";"20 519";"27 561 254";"2024-09-08 13:46:02"
"2024-09-06";"Instagram";"1 184 280";"40 982";"27 562 006";"2024-09-06 17:02:12"
"2024-09-01";"";"98 031 183";"1 697 781";"27 563 219";"2024-09-01 15:24:29"
"2024-09-10";"";"392 945";"34 096";"27 562 527";"2024-09-10 12:21:10"
"2024-09-05";"";"32 091";"8 707";"27 561 458";"2024-09-06 01:58:47"
"2024-09-08";"";"47 577";"133 978";"27 561 701";"2024-09-08 22:55:15"
"2024-09-09";"Unknown";"439 978";"26 523";"27 562 016";"2024-09-09 16:01:45"
"2024-09-07";"";"33 317";"5 038";"27 562 892";"2024-09-07 06:15:23"
"2024-09-09";"";"34 187";"2 928";"27 562 023";"2024-09-09 14:35:11"
"2024-09-06";"";"94 643 434";"4 280 664";"27 563 291";"2024-09-06 13:58:20"
"2024-09-10";"";"777 855";"59 670";"27 562 350";"2024-09-11 00:45:35"
"2024-09-04";"";"4 849 844";"389 706";"27 563 129";"2024-09-04 17:50:15"
"2024-09-10";"";"804 092";"297 404";"27 562 506";"2024-09-10 19:16:34"
"2024-09-10";"";"657 800";"110 277";"27 563 114";"2024-09-10 08:17:00"
"2024-09-06";"Instagram";"1 653 084";"2 766 028";"27 562 025";"2024-09-06 19:52:31"
"2024-09-01";"YouTube";"16 336";"57 084";"27 563 121";"2024-09-01 07:40:14"
"2024-09-03";"";"179 077";"608 148";"27 562 007";"2024-09-03 04:25:12"
"2024-09-09";"";"141 762";"17 584";"27 561 454";"2024-09-09 13:46:33"
"2024-09-08";"";"2 454 270";"97 239";"27 561 934";"2024-09-09 00:09:15"
"2024-09-08";"Facebook";"52 884";"3 220";"27 562 534";"2024-09-08 19:04:21"
"2024-09-05";"Telegram";"36 349 378";"1 953 751";"27 561 543";"2024-09-05 20:29:51"
"2024-09-01";"";"301 647";"229 692";"27 562 622";"2024-09-01 06:39:33"
"2024-09-04";"YouTube";"3 485 757";"660 279";"27 563 254";"2024-09-04 15:36:00"
"2024-09-02";"";"64 909";"41 202";"27 563 245";"2024-09-02 10:31:41"
"2024-09-07";"";"168 091";"9 613";"27 561 402";"2024-09-07 11:44:37"
"2024-09-02";"";"3 209 716";"81 733";"27 561 449";"2024-09-02 20:29:34"
"2024-09-01";"Instagram";"41 576";"3 420";"27 562 186";"2024-09-01 23:56:29"
"2024-09-08";"Yandex Video";"8 962";"34 904";"27 561 490";"2024-09-08 21:06:18"
"2024-09-05";"";"93 597";"39 761";"27 562 864";"2024-09-05 17:38:13"
"2024-09-07";"Facebook";"146 185 668";"3 490 707";"27 563 156";"2024-09-07 18:15:03"
"2024-09-03";"";"62 490";"14 676";"27 563 081";"2024-09-03 09:06:51"
"2024-09-04";"Telegram";"88 027 887";"18 285 333";"27 562 572";"2024-09-04 15:00:52"
"2024-09-05";"";"91 408";"10 272";"27 561 173";"2024-09-05 19:40:56"
"2024-09-07";"";"14 369 855";"296 417";"27 561 214";"2024-09-07 19:52:22"
"2024-09-08";"Instagram";"2 633 524";"2 733 490";"27 561 341";"2024-09-08 17:14:30"
"2024-09-03";"PUBG";"63 899 009";"2 265 899";"27 563 415";"2024-09-03 07:28:29"
"2024-09-08";"";"841 206";"61 455";"27 562 525";"2024-09-09 00:21:26"
"2024-09-03";"Facebook";"88 302";"7 168";"27 561 259";"2024-09-04 01:10:54"
"2024-09-07";"Apple Music";"62 992";"12 655";"27 563 418";"2024-09-08 02:47:36"
"2024-09-06";"";"80 443";"223 555";"27 562 564";"2024-09-06 17:38:39"
"2024-09-04";"Telegram";"1 228 922 624";"42 210 386";"27 561 974";"2024-09-04 13:10:30"
"2024-09-10";"";"378 098 845";"401 111 445";"27 562 988";"2024-09-10 13:10:22"
"2024-09-10";"";"496 047";"27 988";"27 561 800";"2024-09-10 22:55:20"
"2024-09-09";"";"40 990";"11 896";"27 562 621";"2024-09-09 17:26:48"
"2024-09-06";"";"6 127 464";"121 582";"27 561 491";"2024-09-07 01:46:30"
"2024-09-06";"";"41 102";"20 996";"27 562 696";"2024-09-06 13:58:20"
"2024-09-02";"";"90 418";"52 185";"27 562 289";"2024-09-02 22:43:46"
"2024-09-01";"";"61 589";"23 030";"27 561 172";"2024-09-01 22:19:06"
"2024-09-09";"";"269 451";"34 338";"27 562 993";"2024-09-10 00:09:37"
"2024-09-03";"";"169 992";"357 102";"27 561 542";"2024-09-03 09:54:50"
"2024-09-07";"";"7 352";"36 881";"27 561 694";"2024-09-07 04:13:22"
"2024-09-09";"";"159 340";"383 795";"27 562 224";"2024-09-09 18:15:31"
"2024-09-10";"";"405 408";"21 201";"27 562 772";"2024-09-10 12:09:06"
"2024-09-04";"";"63 933";"11 592";"27 562 365";"2024-09-05 00:45:35"
"2024-09-06";"";"37 462";"10 979";"27 562 420";"2024-09-06 12:21:04"
"2024-09-09";"";"32 003";"3 015";"27 562 599";"2024-09-09 05:38:50"
"2024-09-08";"Instagram";"10 628 394";"532 547";"27 562 048";"2024-09-08 08:41:09"
"2024-09-06";"Yandex";"48 653";"8 381";"27 562 651";"2024-09-06 13:34:30"
"2024-09-09";"";"72 872";"26 061";"27 563 244";"2024-09-09 08:53:29"
"2024-09-04";"";"1 645 833";"25 049 367";"27 561 741";"2024-09-04 03:00:12"
"2024-09-04";"";"806 763";"23 130";"27 563 044";"2024-09-05 00:33:18"
"2024-09-10";"";"133 776";"126 407";"27 562 025";"2024-09-11 02:23:21"
"2024-09-02";"";"160 768";"43 954";"27 563 181";"2024-09-02 05:02:07"
"2024-09-03";"Apple Music";"57 283";"6 468";"27 562 202";"2024-09-03 10:31:37"
"2024-09-06";"";"207 858";"11 719";"27 562 906";"2024-09-06 04:37:35"
"2024-09-03";"";"32 868";"10 846";"27 562 659";"2024-09-03 13:34:17"
"2024-09-04";"";"107 310";"386 280";"27 562 875";"2024-09-04 09:30:15"
"2024-09-01";"";"349 879";"84 336";"27 561 988";"2024-09-01 10:55:22"
"2024-09-08";"YouTube";"399 067";"144 937";"27 561 916";"2024-09-08 23:44:40"
"2024-09-07";"YouTube";"1 364 490";"99 179";"27 561 950";"2024-09-07 08:29:56"
"2024-09-05";"Unknown";"91 237";"11 462";"27 562 760";"2024-09-05 06:39:06"
"2024-09-09";"";"157 189";"20 383";"27 561 822";"2024-09-09 23:32:35"
"2024-09-06";"";"65 981 663";"1 367 898";"27 563 219";"2024-09-06 20:41:55"
"2024-09-08";"";"37 112";"4 142";"27 561 836";"2024-09-09 01:34:52"
"2024-09-05";"";"162 029";"8 731";"27 562 878";"2024-09-05 03:00:27"
"2024-09-03";"Unknown";"698 120";"511 164";"27 562 327";"2024-09-03 23:44:32"
"2024-09-09";"WhatsApp";"1 218 328";"1 562 560";"27 563 186";"2024-09-09 11:08:28"
"2024-09-05";"";"61 985";"27 333";"27 563 331";"2024-09-05 17:38:53"
"2024-09-02";"";"117 514";"89 887";"27 561 365";"2024-09-02 20:41:34"
"2024-09-07";"Telegram";"638 363";"61 297";"27 562 455";"2024-09-07 15:00:36"
"2024-09-05";"";"29 452";"2 609";"27 562 898";"2024-09-06 00:21:20"
"2024-09-09";"Telegram";"67 624 104";"6 289 240";"27 561 293";"2024-09-09 19:04:53"
"2024-09-04";"";"67 147";"60 648";"27 562 447";"2024-09-04 22:55:17"
"2024-09-05";"";"98 388 467";"5 872 258";"27 563 039";"2024-09-06 00:45:47"
"2024-09-06";"";"21 232";"597 262";"27 561 173";"2024-09-06 17:14:04"
"2024-09-02";"";"282 925";"18 061";"27 561 233";"2024-09-02 05:26:09"
"2024-09-08";"TikTok";"2 396 799";"379 641";"27 561 383";"2024-09-08 03:00:44"
"2024-09-04";"";"166 701";"86 533";"27 561 232";"2024-09-04 13:34:12"
"2024-09-08";"";"5 599 002";"466 197";"27 563 107";"2024-09-08 18:39:51"
"2024-09-07";"Instagram";"9 295 076";"12 830 092";"27 561 547";"2024-09-07 03:48:31"
"2024-09-05";"Telegram";"3 077 797";"120 256";"27 561 262";"2024-09-05 08:53:00"
"2024-09-03";"";"168 006";"16 592";"27 562 156";"2024-09-03 17:38:45"
"2024-09-10";"YouTube";"1 668 616";"600 807";"27 563 278";"2024-09-10 10:43:14"
"2024-09-04";"";"1 355 481";"56 188";"27 561 254";"2024-09-04 16:49:16"
"2024-09-03";"Apple Music";"33 135";"4 692";"27 562 428";"2024-09-03 06:27:18"
"2024-09-08";"";"915 584";"59 384";"27 562 324";"2024-09-08 19:28:29"
"2024-09-03";"YouTube";"139 601";"1 249 119";"27 563 326";"2024-09-03 11:20:27"
"2024-09-06";"";"270 157";"13 621";"27 563 443";"2024-09-06 05:38:17"
"2024-09-03";"";"26 652";"6 103";"27 561 230";"2024-09-03 22:55:27"
"2024-09-08";"";"35 340";"6 806";"27 561 216";"2024-09-08 05:26:01"
"2024-09-05";"";"71 722";"274 382";"27 562 865";"2024-09-05 03:24:41"
"2024-09-03";"";"311 490";"12 609";"27 563 121";"2024-09-03 06:39:00"
"2024-09-04";"Unknown";"1 614 827";"150 044";"27 561 693";"2024-09-04 10:31:08"
"2024-09-06";"";"1 254 094";"1 490 549";"27 562 316";"2024-09-06 06:03:26"
"2024-09-01";"";"3 814 316";"67 643";"27 561 762";"2024-09-01 10:19:59"
"2024-09-03";"";"30 637";"15 748";"27 561 305";"2024-09-03 20:05:43"
"2024-09-02";"";"471 861";"1 625 195";"27 562 442";"2024-09-02 11:56:30"
"2024-09-08";"";"70 998";"32 912";"27 561 697";"2024-09-08 17:50:19"
"2024-09-08";"Instagram";"13 684 581";"432 950";"27 561 809";"2024-09-08 14:11:55"
"2024-09-10";"Apple Music";"55 637";"2 045";"27 562 047";"2024-09-10 13:22:36"
"2024-09-09";"";"152 381";"17 899";"27 563 297";"2024-09-09 03:00:22"
"2024-09-08";"YouTube";"2 306 420";"1 169 409";"27 562 696";"2024-09-08 08:29:18"
"2024-09-04";"Odnoklassniki";"193 506";"18 469";"27 562 350";"2024-09-04 10:55:19"
"2024-09-03";"";"32 617";"0";"27 563 469";"2024-09-03 04:37:26"
"2024-09-02";"";"286 121";"39 469";"27 562 445";"2024-09-02 09:30:15"
"2024-09-09";"YouTube";"13 670 302";"861 214";"27 562 803";"2024-09-09 23:56:55"
"2024-09-06";"";"14 675";"144 446";"27 562 593";"2024-09-06 04:01:31"
"2024-09-04";"YouTube";"88 242";"799 913";"27 563 166";"2024-09-04 14:35:01"
"2024-09-04";"";"4 942";"91 914";"27 561 682";"2024-09-04 19:16:08"
"2024-09-02";"";"1 199 553";"108 130";"27 563 024";"2024-09-02 22:43:56"
"2024-09-10";"";"12 129";"74 093";"27 562 036";"2024-09-10 17:02:22"
"2024-09-03";"";"43 506";"7 805";"27 562 886";"2024-09-04 02:11:33"
"2024-09-07";"";"499 900";"50 232";"27 562 859";"2024-09-07 07:52:41"
"2024-09-10";"Instagram";"1 133 723";"275 051";"27 562 660";"2024-09-11 01:34:47"
"2024-09-01";"";"26 805";"6 532";"27 562 553";"2024-09-01 04:37:33"
"2024-09-09";"";"423 250";"28 239";"27 562 747";"2024-09-09 04:49:14"
"2024-09-03";"";"591 272";"533 716";"27 562 593";"2024-09-03 15:48:29"
"2024-09-03";"";"11 103";"219 133";"27 563 333";"2024-09-03 07:16:22"
"2024-09-08";"";"103 310";"70 447";"27 561 596";"2024-09-09 00:57:57"
"2024-09-02";"";"99 398";"5 249";"27 562 192";"2024-09-02 10:07:26"
"2024-09-08";"";"746 562";"129 277";"27 562 173";"2024-09-08 10:19:58"
"2024-09-07";"Telegram";"25 737 545";"1 552 338";"27 561 474";"2024-09-07 14:23:18"
"2024-09-07";"";"279 526";"82 800";"27 562 382";"2024-09-08 01:46:23"
"2024-09-09";"";"69 418";"47 146";"27 562 372";"2024-09-09 23:44:25"
"2024-09-01";"";"408 953";"24 348";"27 562 047";"2024-09-01 08:41:13"
"2024-09-07";"";"18 182";"26 294";"27 562 595";"2024-09-07 07:16:24"
"2024-09-01";"";"52 403";"5 307";"27 562 971";"2024-09-01 17:50:37"
"2024-09-05";"Telegram";"59 509 633";"6 147 295";"27 562 900";"2024-09-05 11:08:49"
"2024-09-01";"";"149 170";"515 311";"27 561 818";"2024-09-01 20:41:44"
"2024-09-04";"";"681 515";"41 691";"27 561 232";"2024-09-04 17:26:32"
"2024-09-02";"";"2 731";"96 821";"27 563 080";"2024-09-02 03:12:35"
"2024-09-06";"";"149 618";"21 142";"27 563 291";"2024-09-06 03:00:27"
"2024-09-08";"Instagram";"293 244";"579 105";"27 561 339";"2024-09-09 00:09:23"
"2024-09-08";"YouTube";"384 780";"186 374";"27 561 468";"2024-09-08 05:14:11"
"2024-09-06";"Telegram";"1 867 159";"195 313";"27 562 102";"2024-09-06 11:32:44"
"2024-09-08";"";"38 579";"5 024";"27 562 717";"2024-09-08 22:43:16"
"2024-09-02";"";"240 757";"667 776";"27 562 427";"2024-09-02 16:13:25"
"2024-09-10";"VKontakte";"105 824";"48 037";"27 562 670";"2024-09-11 00:21:38"
"2024-09-06";"";"146 319";"30 297";"27 562 713";"2024-09-06 03:36:26"
"2024-09-06";"";"1 832 662";"18 216";"27 563 333";"2024-09-07 01:58:28"
"2024-09-06";"";"2 810 319";"109 510";"27 562 097";"2024-09-06 16:49:38"
"2024-09-06";"";"261 152";"28 996";"27 561 485";"2024-09-06 15:48:21"
"2024-09-10";"Facebook";"28 196";"6 083";"27 562 921";"2024-09-10 10:19:42"
"2024-09-05";"Yandex";"119 937";"42 858";"27 562 563";"2024-09-05 06:15:07"
"2024-09-06";"Facebook";"47 517";"2 604";"27 562 202";"2024-09-06 12:21:21"
"2024-09-05";"";"26 723";"6 296";"27 563 145";"2024-09-05 22:19:30"
"2024-09-06";"Instagram";"167 486 740";"3 634 212";"27 561 830";"2024-09-06 19:52:09"
"2024-09-05";"";"0";"28 174";"27 561 884";"2024-09-06 01:34:41"
"2024-09-01";"IMO";"28 978";"18 121";"27 562 587";"2024-09-01 14:59:50"
"2024-09-06";"";"74 137";"4 286";"27 561 372";"2024-09-06 18:03:04"
"2024-09-09";"";"35 920";"10 870";"27 562 675";"2024-09-09 17:50:47"
"2024-09-02";"Instagram";"3 116 282";"969 093";"27 561 480";"2024-09-03 02:35:53"
"2024-09-05";"";"26 276";"3 832";"27 563 344";"2024-09-05 15:48:01"
"2024-09-06";"";"50 802";"4 295";"27 562 423";"2024-09-06 20:17:10"
"2024-09-01";"";"142 350";"45 919";"27 562 941";"2024-09-01 16:49:22"
"2024-09-02";"";"117 994";"84 160";"27 562 512";"2024-09-02 05:14:41"
"2024-09-08";"";"255 555";"7 527";"27 563 048";"2024-09-08 21:42:50"
"2024-09-01";"";"27 689";"5 817";"27 562 593";"2024-09-01 05:26:35"
"2024-09-01";"";"104 694";"12 331";"27 562 778";"2024-09-01 04:25:30"
"2024-09-08";"";"31 145";"3 013";"27 562 298";"2024-09-08 09:18:41"
"2024-09-06";"";"807 818";"257 027";"27 563 238";"2024-09-06 16:25:28"
"2024-09-02";"";"198 102";"5 683 331";"27 561 589";"2024-09-02 20:53:14"
"2024-09-10";"";"10 839";"36 279";"27 562 022";"2024-09-10 09:18:51"
"2024-09-03";"";"46 694";"176 717";"27 562 468";"2024-09-03 22:31:14"
"2024-09-01";"";"155 251";"28 483";"27 562 341";"2024-09-01 17:14:37"
"2024-09-09";"";"39 568";"3 249";"27 562 082";"2024-09-09 04:37:08"
"2024-09-01";"Yandex";"121 296";"5 233";"27 563 050";"2024-09-01 04:49:05"
"2024-09-03";"Telegram";"7 445 211";"535 018";"27 563 193";"2024-09-03 16:49:02"
"2024-09-04";"";"123 335";"440 251";"27 562 222";"2024-09-04 21:06:55"
"2024-09-09";"";"111 967";"64 964";"27 562 560";"2024-09-09 06:51:29"
"2024-09-08";"Yandex";"51 892 338";"2 077 552";"27 563 177";"2024-09-08 13:10:58"
"2024-09-03";"";"203 139";"14 782";"27 561 605";"2024-09-03 04:01:19"
"2024-09-06";"Instagram";"12 862 130";"15 345 526";"27 563 287";"2024-09-06 03:36:16"
"2024-09-06";"PUBG";"103 783";"6 476";"27 562 982";"2024-09-06 06:39:22"
"2024-09-02";"";"103 205";"474 724";"27 563 409";"2024-09-02 12:09:19"
"2024-09-03";"";"126 578";"15 147";"27 561 337";"2024-09-03 08:05:37"
"2024-09-04";"";"175 319";"19 569";"27 562 382";"2024-09-04 11:08:28"
"2024-09-07";"";"1 018 049";"1 056 327";"27 562 800";"2024-09-07 11:56:43"
"2024-09-08";"";"197 133";"9 308";"27 562 538";"2024-09-08 20:41:24"
"2024-09-02";"";"29 483";"3 574";"27 562 099";"2024-09-02 12:57:30"
"2024-09-07";"";"191 313";"55 835";"27 562 076";"2024-09-07 23:08:11"
"2024-09-05";"Instagram";"297 771";"35 720";"27 563 503";"2024-09-05 14:11:34"
"2024-09-03";"";"71 578";"25 311";"27 563 076";"2024-09-03 04:49:08"
"2024-09-04";"Yandex";"192 458";"823 515";"27 563 336";"2024-09-04 08:53:19"
"2024-09-02";"";"30 288";"5 896";"27 562 535";"2024-09-02 19:04:01"
"2024-09-08";"";"281 693";"11 996";"27 562 304";"2024-09-08 04:49:56"
"2024-09-02";"Telegram";"38 069";"46 388";"27 561 899";"2024-09-02 04:37:04"
"2024-09-02";"";"2 180 652";"86 180";"27 563 336";"2024-09-02 11:32:48"
"2024-09-02";"YouTube";"450 433";"24 621";"27 561 477";"2024-09-03 01:34:10"
"2024-09-05";"";"611 063";"22 506";"27 562 821";"2024-09-05 20:29:35"
"2024-09-09";"Telegram";"269 289 556";"41 373 312";"27 561 994";"2024-09-09 07:28:08"
"2024-09-08";"";"42 325";"6 037";"27 562 009";"2024-09-08 05:02:03"
"2024-09-04";"";"89 556";"3 505";"27 562 613";"2024-09-04 16:01:30"
"2024-09-10";"YouTube";"30 153";"11 221";"27 561 696";"2024-09-11 01:34:53"
"2024-09-07";"";"442 574";"91 606";"27 563 264";"2024-09-07 15:00:01"
"2024-09-06";"";"278 646";"22 530";"27 562 698";"2024-09-06 03:36:11"
"2024-09-04";"";"62 507";"101 024";"27 561 225";"2024-09-04 22:31:15"
"2024-09-09";"";"13 222";"32 358";"27 562 696";"2024-09-09 07:40:35"
"2024-09-03";"";"217 719";"12 954";"27 562 922";"2024-09-03 12:33:26"
"2024-09-08";"";"782 160";"264 597";"27 562 799";"2024-09-09 00:57:27"
"2024-09-08";"";"255 216";"43 773";"27 563 186";"2024-09-09 00:09:49"
"2024-09-09";"";"287 364";"68 150";"27 562 350";"2024-09-09 05:14:15"
"2024-09-10";"";"773 756";"61 457";"27 562 801";"2024-09-10 16:13:12"
"2024-09-07";"";"821 922";"90 766";"27 562 905";"2024-09-07 19:28:06"
"2024-09-06";"";"171 854";"40 748";"27 562 224";"2024-09-06 13:22:26"
"2024-09-05";"";"1 964 588";"192 391";"27 562 674";"2024-09-05 06:39:29"
"2024-09-10";"YouTube";"4 131 623";"1 663 157";"27 563 512";"2024-09-10 07:40:47"
"2024-09-10";"";"12 014 606";"12 602 756";"27 562 366";"2024-09-10 13:22:53"
"2024-09-02";"YouTube";"3 590 245";"862 921";"27 561 365";"2024-09-02 17:26:11"
"2024-09-01";"WhatsApp";"1 136 547";"1 440 750";"27 562 768";"2024-09-01 12:57:32"
"2024-09-09";"Facebook";"75 524";"21 926";"27 561 943";"2024-09-09 13:10:14"
"2024-09-07";"";"20 010";"46 956";"27 562 197";"2024-09-07 09:06:09"
"2024-09-06";"";"162 273";"142 844";"27 561 636";"2024-09-06 08:17:51"
"2024-09-01";"Telegram";"270 916";"42 870";"27 562 513";"2024-09-01 13:46:17"
"2024-09-09";"";"7 023 193";"342 433";"27 562 145";"2024-09-09 05:26:36"
"2024-09-01";"";"37 637";"173 374";"27 562 069";"2024-09-01 06:51:10"
"2024-09-01";"";"228 843";"53 174";"27 563 299";"2024-09-01 20:17:00"
"2024-09-09";"";"277 071";"105 646";"27 563 269";"2024-09-09 16:37:47"
"2024-09-09";"Telegram";"556 163 762";"17 978 492";"27 562 981";"2024-09-10 01:34:22"
"2024-09-09";"";"103 487";"27 076";"27 563 388";"2024-09-09 06:03:45"
"2024-09-03";"";"747 147";"25 461";"27 561 597";"2024-09-03 03:48:46"
"2024-09-03";"YouTube";"5 847 676";"2 015 000";"27 563 445";"2024-09-03 15:36:26"
"2024-09-10";"Tas-ix";"47 124";"2 516";"27 562 098";"2024-09-10 11:20:16"
"2024-09-03";"";"25 894";"29 892";"27 563 238";"2024-09-03 13:46:17"
"2024-09-03";"";"31 987";"32 578";"27 562 981";"2024-09-03 08:05:45"
"2024-09-06";"";"1 291 182";"58 329";"27 561 775";"2024-09-06 18:51:55"
"2024-09-09";"";"191 896";"130 486";"27 561 388";"2024-09-09 17:02:43"
"2024-09-07";"";"26 105";"3 401";"27 561 855";"2024-09-07 13:46:55"
"2024-09-02";"";"50 526";"3 123";"27 562 447";"2024-09-02 12:09:56"
"2024-09-05";"";"340 730";"30 372";"27 562 083";"2024-09-05 17:02:51"
"2024-09-06";"Unknown";"770 565";"108 132";"27 561 872";"2024-09-06 12:57:26"
"2024-09-08";"YouTube";"1 300 026";"13 854 781";"27 563 273";"2024-09-08 10:07:48"
"2024-09-06";"";"11 668 869";"481 959";"27 562 561";"2024-09-06 15:48:08"
"2024-09-06";"";"1 419 110";"64 773";"27 562 534";"2024-09-06 14:23:18"
"2024-09-04";"";"134 209";"84 506";"27 562 047";"2024-09-04 06:15:27"
"2024-09-10";"";"43 449 934";"1 334 238";"27 562 677";"2024-09-10 07:52:01"
"2024-09-05";"";"956 539";"207 853";"27 561 402";"2024-09-05 11:32:03"
"2024-09-08";"";"125 957";"6 511";"27 562 167";"2024-09-08 15:48:04"
"2024-09-04";"";"141 887";"5 682";"27 562 849";"2024-09-04 20:29:35"
"2024-09-06";"";"1 011 730";"42 684";"27 562 216";"2024-09-07 01:34:44"
"2024-09-05";"";"342 689";"21 070";"27 562 620";"2024-09-05 18:39:37"
"2024-09-01";"";"47 520";"11 824";"27 561 897";"2024-09-01 19:04:53"
"2024-09-04";"YouTube";"1 747 727";"597 646";"27 562 645";"2024-09-05 00:33:53"
"2024-09-02";"";"4 946";"239 102";"27 562 692";"2024-09-02 19:28:40"
"2024-09-10";"";"58 435";"5 491";"27 562 200";"2024-09-10 17:26:39"
"2024-09-03";"";"109 066";"10 734";"27 563 113";"2024-09-03 19:40:58"
"2024-09-09";"Instagram";"29 828 639";"546 995";"27 562 708";"2024-09-09 13:34:36"
"2024-09-01";"";"13 670 012";"610 160";"27 563 058";"2024-09-01 07:52:01"
"2024-09-09";"";"215 218";"56 608";"27 561 592";"2024-09-09 05:26:18"
"2024-09-04";"";"26 622";"11 087";"27 562 352";"2024-09-04 08:29:17"
"2024-09-02";"";"62 180";"11 650";"27 562 636";"2024-09-02 09:30:18"
"2024-09-09";"";"25 812";"9 806";"27 561 994";"2024-09-09 05:38:56"
"2024-09-09";"";"150 682";"11 595";"27 562 137";"2024-09-09 16:37:02"
"2024-09-10";"";"9 604 230";"1 802 581";"27 561 649";"2024-09-10 22:31:08"
"2024-09-04";"Instagram";"7 719 614";"12 797 950";"27 561 189";"2024-09-04 15:24:35"
"2024-09-07";"";"131 978";"7 526";"27 561 745";"2024-09-07 19:04:15"
"2024-09-10";"";"25 629";"8 007";"27 561 335";"2024-09-10 15:36:36"
"2024-09-02";"";"643 115";"121 431";"27 562 317";"2024-09-02 05:26:25"
"2024-09-05";"";"210 823";"108 200";"27 561 292";"2024-09-05 18:03:10"
"2024-09-08";"";"29 276";"6 108";"27 562 840";"2024-09-08 11:44:53"
"2024-09-05";"";"2 395 376";"272 418";"27 563 458";"2024-09-05 05:14:37"
"2024-09-07";"YouTube";"651 759";"229 413";"27 562 014";"2024-09-07 15:12:51"
"2024-09-10";"";"175 119";"9 025";"27 562 117";"2024-09-10 19:04:41"
"2024-09-09";"IMO";"209 733";"167 236";"27 563 058";"2024-09-09 04:49:49"
"2024-09-04";"";"76 013";"305 405";"27 561 879";"2024-09-04 13:58:34"
"2024-09-09";"";"26 790";"5 042";"27 561 958";"2024-09-09 11:32:18"
"2024-09-04";"";"121 989";"38 315";"27 561 426";"2024-09-04 11:44:43"
"2024-09-08";"Unknown";"303 359";"44 372";"27 561 761";"2024-09-08 22:31:57"
"2024-09-04";"VKontakte";"33 490 100";"819 801";"27 561 865";"2024-09-04 08:41:19"
"2024-09-09";"Facebook";"102 678";"13 213";"27 563 452";"2024-09-09 22:31:18"
"2024-09-04";"";"52 421";"3 745";"27 561 707";"2024-09-04 09:06:21"
"2024-09-10";"";"42 409";"4 406";"27 563 467";"2024-09-10 18:15:48"
"2024-09-03";"Yandex";"1 082 380";"89 272";"27 561 651";"2024-09-03 23:32:16"
"2024-09-09";"";"217 469";"68 141";"27 561 902";"2024-09-09 13:10:36"
"2024-09-05";"WhatsApp";"26 266";"8 008";"27 561 453";"2024-09-05 05:14:42"
"2024-09-04";"";"32 982";"3 165";"27 562 141";"2024-09-04 06:27:01"
"2024-09-05";"";"67 407";"6 380";"27 562 695";"2024-09-05 14:47:17"
"2024-09-09";"";"29 900";"18 371";"27 562 170";"2024-09-09 10:31:02"
"2024-09-06";"Facebook";"621 883";"41 495";"27 563 162";"2024-09-06 21:18:33"
"2024-09-01";"Telegram";"96 472";"13 443";"27 561 573";"2024-09-01 22:55:19"
"2024-09-05";"";"33 692";"9 957";"27 563 462";"2024-09-05 20:29:16"
"2024-09-01";"YouTube";"3 541 104";"167 733";"27 563 232";"2024-09-02 00:57:08"
"2024-09-06";"";"84 556";"8 932";"27 562 255";"2024-09-06 11:08:34"
"2024-09-02";"YouTube";"1 171 532";"328 406";"27 563 017";"2024-09-02 13:58:59"
"2024-09-05";"Instagram";"419 060";"70 363";"27 563 032";"2024-09-05 18:03:34"
"2024-09-08";"YouTube";"439 185";"76 982";"27 561 357";"2024-09-09 02:47:01"
"2024-09-02";"YouTube";"30 085";"13 368";"27 562 770";"2024-09-02 16:13:14"
"2024-09-09";"YouTube";"5 200 933";"290 020";"27 563 168";"2024-09-09 20:53:09"
"2024-09-03";"";"105 823";"26 100";"27 561 480";"2024-09-03 22:43:59"
"2024-09-03";"";"103 040";"27 218";"27 563 366";"2024-09-03 13:58:42"
"2024-09-01";"YouTube";"119 900";"6 954";"27 562 203";"2024-09-01 17:14:08"
"2024-09-01";"Unknown";"85 919";"32 930";"27 562 623";"2024-09-01 04:49:48"
"2024-09-06";"";"38 683";"12 872";"27 563 290";"2024-09-06 06:15:35"
"2024-09-10";"";"348 154";"422 932";"27 561 570";"2024-09-10 17:26:30"
"2024-09-08";"Tas-ix";"56 382";"2 762";"27 562 699";"2024-09-08 11:44:51"
"2024-09-03";"";"95 225";"53 530";"27 563 113";"2024-09-03 06:15:47"
"2024-09-07";"";"1 586 164";"46 852";"27 562 330";"2024-09-07 11:56:10"
"2024-09-10";"";"206 267";"153 940";"27 561 722";"2024-09-10 18:27:02"
"2024-09-02";"YouTube";"141 805";"63 524";"27 561 987";"2024-09-02 12:09:13"
"2024-09-04";"";"159 658";"27 073";"27 562 090";"2024-09-04 14:11:07"
"2024-09-02";"";"39 543";"21 945";"27 561 448";"2024-09-02 03:48:14"
"2024-09-04";"";"1 586 328";"136 388";"27 562 886";"2024-09-04 23:56:07"
"2024-09-06";"";"938 941";"67 685";"27 563 219";"2024-09-06 21:06:46"
"2024-09-03";"";"37 219";"2 210";"27 562 561";"2024-09-04 00:09:34"
"2024-09-01";"";"864 066";"80 283";"27 562 202";"2024-09-02 00:09:23"
"2024-09-02";"Telegram";"3 882 601";"269 309";"27 561 432";"2024-09-02 09:30:59"
"2024-09-09";"Tas-ix";"355 178";"28 529";"27 562 264";"2024-09-09 22:07:57"
"2024-09-01";"Unknown";"51 406";"7 495";"27 562 734";"2024-09-01 08:41:49"
"2024-09-02";"";"27 518";"7 935";"27 563 453";"2024-09-02 08:53:54"
"2024-09-06";"Telegram";"3 497 139";"606 408";"27 562 978";"2024-09-06 06:27:55"
"2024-09-07";"";"46 003";"1 684 532";"27 561 171";"2024-09-07 18:15:25"
"2024-09-08";"";"1 195 712";"857 692";"27 562 260";"2024-09-08 15:24:14"
"2024-09-08";"Instagram";"2 828 174";"6 457 009";"27 561 315";"2024-09-08 18:03:31"
"2024-09-02";"";"1 205 576";"112 607";"27 562 281";"2024-09-02 10:43:41"
"2024-09-04";"";"42 960";"5 024";"27 562 034";"2024-09-04 11:44:59"
"2024-09-10";"";"77 995";"10 428";"27 563 128";"2024-09-10 10:43:44"
"2024-09-08";"";"47 201";"5 709";"27 562 774";"2024-09-08 17:50:49"
"2024-09-09";"Yandex";"234 603";"11 423";"27 562 560";"2024-09-09 05:26:00"
"2024-09-06";"";"61 481";"4 849";"27 562 906";"2024-09-06 21:30:03"
"2024-09-08";"Facebook";"127 891";"13 205";"27 562 462";"2024-09-08 03:36:30"
"2024-09-06";"";"5 961 054";"235 252";"27 561 378";"2024-09-06 13:46:43"
"2024-09-05";"";"111 877";"6 431";"27 562 842";"2024-09-05 15:48:43"
"2024-09-05";"VKontakte";"180 601";"8 925";"27 562 041";"2024-09-06 01:46:35"
"2024-09-04";"";"35 280";"11 226";"27 561 697";"2024-09-04 21:06:45"
"2024-09-01";"";"161 730";"154 171";"27 561 375";"2024-09-01 16:01:39"
"2024-09-06";"";"823 286";"19 835";"27 562 142";"2024-09-06 04:01:31"
"2024-09-04";"";"1 365 385";"1 415 039";"27 563 391";"2024-09-04 03:24:24"
"2024-09-07";"";"6 336";"26 606";"27 561 176";"2024-09-07 17:02:29"
"2024-09-04";"";"76 992";"5 074";"27 563 171";"2024-09-04 13:46:40"
"2024-09-10";"YouTube";"1 623 693";"289 545";"27 561 224";"2024-09-10 09:18:52"
"2024-09-04";"";"142 402";"460 898";"27 563 092";"2024-09-04 15:00:33"
"2024-09-01";"";"88 096";"4 019";"27 562 654";"2024-09-01 06:15:21"
"2024-09-08";"";"30 432";"2 183";"27 563 369";"2024-09-09 02:35:26"
"2024-09-03";"";"181 760";"211 642";"27 562 460";"2024-09-03 21:42:34"
"2024-09-05";"Facebook";"214 010";"17 913";"27 561 460";"2024-09-05 14:23:39"
"2024-09-07";"YouTube";"1 201 620";"6 433 474";"27 561 687";"2024-09-08 01:34:30"
"2024-09-03";"Facebook";"2 421 306";"118 120";"27 562 762";"2024-09-03 13:46:14"
"2024-09-08";"";"1 263 688";"135 469";"27 562 170";"2024-09-08 08:17:11"
"2024-09-09";"";"118 706";"56 197";"27 563 099";"2024-09-09 18:03:09"
"2024-09-03";"";"889 254";"320 138";"27 563 154";"2024-09-03 11:32:33"
"2024-09-04";"";"584 955";"447 500";"27 562 365";"2024-09-05 02:35:04"
"2024-09-08";"YouTube";"1 116 213";"83 466";"27 563 291";"2024-09-08 18:39:56"
"2024-09-02";"";"754 499";"655 107";"27 563 289";"2024-09-02 17:26:56"
"2024-09-08";"Instagram";"146 915 584";"3 489 625";"27 563 295";"2024-09-08 20:29:32"
"2024-09-03";"";"425 681";"22 513";"27 561 759";"2024-09-03 21:54:41"
"2024-09-09";"WhatsApp";"3 972 194";"9 851 153";"27 563 260";"2024-09-09 22:07:53"
"2024-09-09";"";"949 937";"153 996";"27 562 757";"2024-09-09 08:53:59"
"2024-09-10";"";"55 986";"82 895";"27 561 237";"2024-09-10 20:41:08"
"2024-09-07";"";"781 151";"148 312";"27 562 233";"2024-09-07 18:03:54"
"2024-09-06";"";"1 739 691";"274 160";"27 561 414";"2024-09-06 14:11:38"
"2024-09-06";"";"641 425";"704 509";"27 561 673";"2024-09-06 17:14:19"
"2024-09-03";"";"155 886";"9 188";"27 561 460";"2024-09-03 05:14:30"
"2024-09-08";"Apple Music";"1 269 332";"51 626";"27 562 076";"2024-09-09 01:58:09"
"2024-09-03";"";"32 530";"11 930";"27 561 613";"2024-09-03 15:00:24"
"2024-09-04";"";"139 244";"36 779";"27 561 936";"2024-09-04 10:43:20"
"2024-09-08";"";"137 544";"20 755";"27 563 424";"2024-09-08 22:19:22"
"2024-09-08";"";"244 145";"8 439";"27 562 442";"2024-09-08 11:44:05"
"2024-09-05";"";"62 473";"11 494";"27 562 172";"2024-09-06 02:47:19"
"2024-09-06";"";"62 371";"6 088";"27 562 535";"2024-09-06 14:59:24"
"2024-09-02";"Facebook";"230 071";"11 656";"27 563 022";"2024-09-03 02:47:17"
"2024-09-09";"";"8 196";"58 662";"27 563 114";"2024-09-09 21:18:08"
"2024-09-04";"";"469 712";"68 290";"27 562 580";"2024-09-04 21:42:40"
"2024-09-02";"";"41 798";"21 008";"27 563 006";"2024-09-03 01:46:28"
"2024-09-04";"";"2 681 815";"172 638";"27 563 154";"2024-09-04 16:13:44"
"2024-09-03";"";"5 551";"26 807";"27 562 535";"2024-09-03 09:18:23"
"2024-09-05";"";"195 650";"437 478";"27 561 963";"2024-09-05 11:08:31"
"2024-09-08";"";"512 944";"201 786";"27 561 792";"2024-09-08 13:10:07"
"2024-09-04";"";"256 775";"21 607";"27 563 426";"2024-09-04 09:42:23"
"2024-09-10";"";"427 111";"43 309";"27 563 464";"2024-09-10 23:20:24"
"2024-09-04";"";"18 398";"181 806";"27 561 921";"2024-09-04 23:44:22"
"2024-09-08";"Facebook";"61 673";"16 634";"27 562 203";"2024-09-08 22:07:03"
"2024-09-01";"";"233 145";"9 580";"27 562 951";"2024-09-01 16:25:27"
"2024-09-10";"Facebook";"13 656";"28 127";"27 562 454";"2024-09-11 02:23:57"
"2024-09-04";"";"68 079";"39 902";"27 561 895";"2024-09-04 08:41:59"
"2024-09-04";"Instagram";"1 361 661";"241 833";"27 562 754";"2024-09-04 09:54:14"
"2024-09-08";"";"25 352";"55 770";"27 562 037";"2024-09-08 05:02:31"
"2024-09-02";"YouTube";"2 464 252";"959 689";"27 562 522";"2024-09-02 08:41:39"
"2024-09-06";"";"155 280";"27 140";"27 563 285";"2024-09-06 23:20:24"
"2024-09-08";"Facebook";"13 902 617";"512 656";"27 561 271";"2024-09-08 12:33:32"
"2024-09-05";"";"269 278";"15 633";"27 562 070";"2024-09-05 10:31:29"
"2024-09-03";"";"28 179";"3 162";"27 563 472";"2024-09-04 00:21:13"
"2024-09-02";"YouTube";"44 453 962";"4 901 585";"27 562 291";"2024-09-02 06:27:55"
"2024-09-09";"";"78 233";"73 386";"27 562 756";"2024-09-09 14:59:16"
"2024-09-02";"";"44 920";"7 096";"27 561 761";"2024-09-02 11:56:40"
"2024-09-05";"Yandex";"140 217";"11 616";"27 563 267";"2024-09-05 12:33:18"
"2024-09-06";"";"31 375";"2 704";"27 563 344";"2024-09-07 02:59:40"
"2024-09-02";"";"77 398";"17 827";"27 562 863";"2024-09-02 20:05:52"
"2024-09-02";"";"114 505";"5 479";"27 562 622";"2024-09-02 11:44:59"
"2024-09-10";"";"57 606";"3 818";"27 561 538";"2024-09-10 11:44:14"
"2024-09-09";"YouTube";"26 184 889";"3 566 548";"27 561 944";"2024-09-09 08:17:34"
"2024-09-10";"Yandex";"48 247";"6 390";"27 563 273";"2024-09-10 16:37:06"
"2024-09-04";"";"33 416";"14 621";"27 563 216";"2024-09-04 16:37:00"
"2024-09-04";"Telegram";"17 697 575";"1 946 378";"27 561 418";"2024-09-04 04:13:59"
"2024-09-10";"";"59 175";"4 314";"27 562 677";"2024-09-10 12:09:34"
"2024-09-04";"YouTube";"432 879 768";"13 272 850";"27 562 810";"2024-09-04 13:58:46"
"2024-09-02";"";"35 498";"4 713";"27 562 674";"2024-09-02 14:11:42"
"2024-09-02";"YouTube";"370 927";"62 245";"27 563 437";"2024-09-02 23:32:11"
"2024-09-09";"Facebook";"894 610";"287 428";"27 561 462";"2024-09-09 17:38:00"
"2024-09-03";"YouTube";"27 488 709";"829 794";"27 562 871";"2024-09-03 18:03:45"
"2024-09-02";"";"27 710";"3 410";"27 561 246";"2024-09-02 19:40:11"
"2024-09-02";"Telegram";"10 847 044";"961 096";"27 561 344";"2024-09-02 23:20:01"
"2024-09-02";"";"54 644";"6 958";"27 562 300";"2024-09-02 21:42:16"
"2024-09-10";"Instagram";"381 696 128";"6 346 818";"27 563 141";"2024-09-10 05:26:49"
"2024-09-05";"YouTube";"380 251";"48 735";"27 561 564";"2024-09-05 13:46:29"
"2024-09-02";"";"25 988";"10 829";"27 562 583";"2024-09-02 04:37:08"
"2024-09-04";"";"27 673";"1 238";"27 561 873";"2024-09-04 18:51:49"
"2024-09-01";"YouTube";"70 891";"617 961";"27 561 687";"2024-09-01 07:52:48"
"2024-09-04";"Instagram";"1 704 165";"289 419";"27 563 077";"2024-09-04 03:24:15"
"2024-09-07";"";"109 072";"301 279";"27 563 426";"2024-09-08 02:11:23"
"2024-09-04";"";"1 070 629";"130 855";"27 562 372";"2024-09-04 23:44:14"
"2024-09-09";"Yandex";"777 732";"287 063";"27 563 426";"2024-09-09 14:35:27"
"2024-09-03";"Instagram";"6 216 158";"122 577";"27 563 205";"2024-09-04 02:35:27"
"2024-09-06";"";"52 944";"44 410";"27 561 570";"2024-09-06 13:34:13"
"2024-09-10";"Facebook";"94 561";"9 380";"27 562 021";"2024-09-11 00:21:19"
"2024-09-04";"";"53 648";"4 570";"27 563 176";"2024-09-04 21:18:42"
"2024-09-10";"YouTube";"1 090 813";"48 935";"27 561 281";"2024-09-10 15:48:57"
"2024-09-03";"";"1 227 456";"237 568";"27 561 687";"2024-09-03 19:04:10"
"2024-09-08";"";"69 972";"7 037";"27 562 892";"2024-09-08 20:29:50"
"2024-09-09";"";"43 414";"2 954";"27 563 260";"2024-09-09 03:48:43"
"2024-09-08";"Odnoklassniki";"1 950 562";"897 253";"27 561 725";"2024-09-09 02:35:38"
"2024-09-03";"";"26 034";"12 161";"27 561 410";"2024-09-03 14:35:21"
"2024-09-07";"";"2 110 940";"162 456";"27 563 515";"2024-09-07 23:56:53"
"2024-09-09";"";"84 148";"12 015";"27 562 152";"2024-09-09 22:43:01"
"2024-09-09";"";"31 151";"3 355";"27 562 717";"2024-09-09 21:06:45"
"2024-09-02";"";"507 614";"98 529";"27 561 213";"2024-09-03 02:23:01"
"2024-09-06";"";"190 815";"24 446";"27 563 238";"2024-09-06 08:41:52"
"2024-09-05";"Yandex";"119 206";"7 416";"27 562 653";"2024-09-06 01:22:06"
"2024-09-06";"";"162 938";"150 058";"27 561 607";"2024-09-06 15:36:09"
"2024-09-06";"";"168";"119 904";"27 562 326";"2024-09-06 03:12:00"
"2024-09-10";"";"921 020";"32 659";"27 563 116";"2024-09-10 18:39:56"
"2024-09-09";"";"338 347";"217 604";"27 562 868";"2024-09-09 18:51:39"
"2024-09-01";"Facebook";"536 346";"22 988";"27 562 459";"2024-09-01 17:14:13"
"2024-09-04";"";"521 363";"28 275";"27 561 662";"2024-09-04 17:38:36"
"2024-09-05";"";"742 661";"34 307";"27 561 529";"2024-09-05 19:28:29"
"2024-09-09";"";"52 787";"116 163";"27 562 505";"2024-09-09 17:50:09"
"2024-09-06";"";"33 525";"3 751";"27 561 240";"2024-09-06 07:16:12"
"2024-09-04";"";"142 993";"284 228";"27 563 267";"2024-09-05 00:21:12"
"2024-09-03";"";"50 993";"18 090";"27 562 040";"2024-09-03 14:23:30"
"2024-09-09";"";"124 149 505";"145 628 380";"27 562 491";"2024-09-09 08:05:58"
"2024-09-09";"";"52 436";"21 779";"27 563 334";"2024-09-09 10:55:22"
"2024-09-06";"WhatsApp";"262 730";"24 529";"27 562 521";"2024-09-06 06:39:52"
"2024-09-02";"Instagram";"21 157 065";"22 563 059";"27 562 287";"2024-09-02 23:44:41"
"2024-09-05";"";"28 611";"27 321";"27 561 485";"2024-09-05 15:12:19"
"2024-09-06";"YouTube";"53 781 690";"3 273 126";"27 561 396";"2024-09-06 03:36:08"
"2024-09-03";"";"40 342";"2 941";"27 562 009";"2024-09-03 14:23:12"
"2024-09-01";"Yandex";"75 824";"18 871";"27 562 320";"2024-09-01 18:15:46"
"2024-09-10";"";"700 321";"37 985";"27 562 360";"2024-09-10 21:06:03"
"2024-09-09";"";"236 747";"184 344";"27 562 580";"2024-09-09 14:11:10"
"2024-09-05";"YouTube";"2 836 849";"118 965";"27 561 634";"2024-09-06 01:34:38"
"2024-09-09";"";"3 821";"39 669";"27 562 685";"2024-09-09 05:50:14"
"2024-09-07";"YouTube";"131 852";"362 983";"27 563 203";"2024-09-07 06:15:28"
"2024-09-02";"";"276 043";"51 244";"27 563 344";"2024-09-03 02:47:32"
"2024-09-10";"";"1 511 328";"297 755";"27 562 339";"2024-09-10 14:23:30"
"2024-09-09";"";"71 792";"12 326";"27 562 567";"2024-09-10 01:58:01"
"2024-09-08";"";"142 418";"4 441 555";"27 562 014";"2024-09-09 00:33:59"
"2024-09-02";"";"456 789";"40 495";"27 562 156";"2024-09-02 07:04:52"
"2024-09-03";"";"23 852";"26 114";"27 563 041";"2024-09-04 01:46:19"
"2024-09-05";"";"579 551";"362 100";"27 561 173";"2024-09-05 14:11:56"
"2024-09-09";"Facebook";"1 619 615";"648 396";"27 563 211";"2024-09-09 14:11:00"
"2024-09-10";"";"93 417";"6 833";"27 562 044";"2024-09-10 05:50:42"
"2024-09-03";"";"712 608";"106 870";"27 561 796";"2024-09-04 01:58:34"
"2024-09-01";"";"114 305";"434 463";"27 561 432";"2024-09-01 11:08:27"
"2024-09-03";"";"547 497 535";"61 590 938";"27 561 262";"2024-09-03 12:33:44"
"2024-09-09";"Facebook";"741 067";"297 578";"27 562 382";"2024-09-10 00:45:06"
"2024-09-02";"";"930 221";"46 297";"27 561 290";"2024-09-02 09:18:45"
"2024-09-04";"";"319 944";"219 092";"27 562 063";"2024-09-04 23:56:50"
"2024-09-01";"";"825 083";"159 348";"27 563 331";"2024-09-02 02:11:04"
"2024-09-09";"";"45 103";"56 759";"27 563 151";"2024-09-09 09:42:58"
"2024-09-10";"";"2 892";"58 836";"27 562 168";"2024-09-10 03:48:17"
"2024-09-05";"";"179 205 068";"14 957 286";"27 562 696";"2024-09-05 05:14:23"
"2024-09-09";"";"2 390 829";"2 980 299";"27 561 435";"2024-09-09 03:48:11"
"2024-09-02";"";"197 175";"5 667";"27 562 086";"2024-09-02 21:42:48"
"2024-09-05";"";"318 203";"13 120";"27 561 851";"2024-09-05 06:03:13"
"2024-09-09";"";"40 427";"5 678";"27 563 063";"2024-09-09 04:25:41"
"2024-09-08";"";"28 429";"3 386";"27 561 809";"2024-09-08 18:15:18"
"2024-09-05";"Instagram";"8 058 319";"246 211";"27 562 178";"2024-09-05 05:50:05"
"2024-09-04";"";"230 374";"14 830";"27 562 366";"2024-09-04 23:44:52"
"2024-09-06";"";"134 247";"7 973";"27 563 109";"2024-09-06 23:20:42"
"2024-09-08";"Yandex";"384 786";"18 231";"27 562 663";"2024-09-08 12:57:10"
"2024-09-05";"VKontakte";"46 827";"37 176";"27 562 645";"2024-09-05 06:03:00"
"2024-09-08";"Instagram";"846 323";"204 182";"27 562 575";"2024-09-08 04:25:05"
"2024-09-03";"";"263 557";"18 441";"27 562 758";"2024-09-04 01:58:59"
"2024-09-10";"";"371 339";"18 957";"27 561 641";"2024-09-10 11:56:02"
"2024-09-02";"";"46 058";"5 050";"27 561 497";"2024-09-02 15:48:31"
"2024-09-10";"Instagram";"166 171";"59 115";"27 562 938";"2024-09-11 01:46:32"
"2024-09-04";"";"60 930";"49 523";"27 563 481";"2024-09-04 08:53:24"
"2024-09-09";"Facebook";"626 893";"270 501";"27 562 261";"2024-09-09 13:34:33"
"2024-09-09";"";"132 127";"6 189";"27 562 578";"2024-09-09 07:16:03"
"2024-09-04";"";"39 325";"3 976";"27 563 109";"2024-09-04 08:41:13"
"2024-09-06";"";"147 529";"29 401";"27 562 316";"2024-09-06 05:50:29"
"2024-09-04";"";"395 802";"54 666";"27 561 692";"2024-09-04 15:48:04"
"2024-09-05";"";"29 912";"21 952";"27 562 416";"2024-09-05 03:24:38"
"2024-09-04";"";"6 063 791";"371 947";"27 561 845";"2024-09-04 21:18:37"
"2024-09-02";"";"124 612";"8 603";"27 562 656";"2024-09-02 18:15:12"
"2024-09-07";"Telegram";"2 228 260";"131 192";"27 562 403";"2024-09-07 15:12:14"
"2024-09-04";"";"29 286";"19 223";"27 563 030";"2024-09-04 08:29:05"
"2024-09-06";"";"178 895";"7 955";"27 563 219";"2024-09-06 13:10:08"
"2024-09-09";"";"4 628 943";"84 484";"27 562 142";"2024-09-09 22:07:34"
"2024-09-06";"YouTube";"881 603";"65 803";"27 562 490";"2024-09-06 09:06:54"
"2024-09-08";"";"134 315";"16 244";"27 562 622";"2024-09-08 10:19:05"
"2024-09-02";"";"96 954";"21 272";"27 561 234";"2024-09-02 05:26:42"
"2024-09-09";"";"502 290";"127 998";"27 562 559";"2024-09-09 03:48:02"
"2024-09-05";"";"329 779";"250 042";"27 562 025";"2024-09-05 08:41:38"
"2024-09-07";"";"709 032";"31 462";"27 563 177";"2024-09-08 01:34:24"
"2024-09-02";"";"0";"27 553";"27 562 575";"2024-09-02 04:13:35"
"2024-09-09";"";"229 620";"4 380";"27 563 338";"2024-09-09 03:00:00"
"2024-09-06";"";"578 859";"43 636";"27 562 545";"2024-09-06 10:55:44"
"2024-09-01";"";"94 983";"6 253";"27 562 674";"2024-09-01 07:16:52"
"2024-09-03";"YouTube";"71 770";"11 281";"27 561 516";"2024-09-03 14:11:50"
"2024-09-07";"";"290 197";"817 283";"27 561 383";"2024-09-07 03:00:34"
"2024-09-04";"Instagram";"6 180 318";"788 082";"27 562 762";"2024-09-04 03:00:24"
"2024-09-07";"WhatsApp";"4 167 714";"178 343";"27 562 800";"2024-09-07 20:17:20"
"2024-09-09";"";"332 229";"48 797";"27 562 643";"2024-09-09 05:26:30"
"2024-09-07";"";"90 114";"24 912";"27 561 760";"2024-09-07 21:06:10"
"2024-09-08";"Facebook";"34 410";"3 677";"27 561 720";"2024-09-09 02:47:20"
"2024-09-09";"";"75 881";"61 459";"27 561 669";"2024-09-09 15:00:53"
"2024-09-03";"";"8 456";"116 041";"27 562 204";"2024-09-03 12:57:44"
"2024-09-10";"";"29 048";"15 514";"27 563 469";"2024-09-10 21:42:25"
"2024-09-09";"YouTube";"135 162";"512 823";"27 561 380";"2024-09-09 12:45:59"
"2024-09-09";"Telegram";"70 472 024";"10 757 608";"27 562 197";"2024-09-09 03:12:16"
"2024-09-06";"Instagram";"10 274 902";"475 330";"27 561 506";"2024-09-06 11:32:42"
"2024-09-05";"Facebook";"254 920";"129 492";"27 562 829";"2024-09-05 07:52:04"
"2024-09-09";"";"128 208";"448 629";"27 561 271";"2024-09-10 00:57:08"
"2024-09-07";"YouTube";"91 032 522";"5 061 440";"27 561 874";"2024-09-07 05:02:39"
"2024-09-07";"";"4 479";"63 740";"27 561 820";"2024-09-07 14:59:22"
"2024-09-06";"Telegram";"171 833 556";"9 073 893";"27 562 376";"2024-09-06 12:09:14"
"2024-09-03";"";"46 936";"6 229";"27 563 183";"2024-09-03 08:05:51"
"2024-09-02";"Yandex";"46 668";"9 815";"27 561 468";"2024-09-02 14:23:24"
"2024-09-07";"";"21 048";"67 057";"27 562 968";"2024-09-07 04:25:41"
"2024-09-02";"";"35 718";"4 927";"27 563 372";"2024-09-02 16:25:46"
"2024-09-09";"";"621 645";"203 452";"27 562 896";"2024-09-09 04:37:30"
"2024-09-06";"";"536";"27 972";"27 561 383";"2024-09-06 23:08:45"
"2024-09-04";"PUBG";"1 902 906";"77 822";"27 563 199";"2024-09-04 11:08:07"
"2024-09-01";"";"257 083";"7 486";"27 562 473";"2024-09-01 20:29:05"
"2024-09-08";"Facebook";"25 839";"28 092";"27 562 715";"2024-09-08 06:51:59"
"2024-09-08";"";"2 456 949";"127 410";"27 561 350";"2024-09-08 18:39:43"
"2024-09-07";"";"652 981";"426 689";"27 563 403";"2024-09-07 09:30:56"
"2024-09-06";"";"34 425";"18 621";"27 562 942";"2024-09-06 09:06:50"
"2024-09-09";"VKontakte";"108 675";"19 289";"27 561 744";"2024-09-09 23:44:19"
"2024-09-03";"Apple Music";"67 727";"20 958";"27 561 243";"2024-09-03 08:05:46"
"2024-09-05";"";"161 522";"681 718";"27 562 146";"2024-09-05 03:00:32"
"2024-09-01";"";"124 435";"79 790";"27 563 357";"2024-09-01 12:45:02"
"2024-09-10";"YouTube";"472 125";"118 803";"27 561 776";"2024-09-10 03:48:29"
"2024-09-10";"";"255 092";"33 208";"27 562 666";"2024-09-10 15:00:03"
"2024-09-09";"Unknown";"396 985";"16 704";"27 563 177";"2024-09-09 04:49:56"
"2024-09-02";"Telegram";"1 272 694";"112 783";"27 563 068";"2024-09-02 08:17:54"
"2024-09-02";"Telegram";"71 607";"8 330";"27 562 885";"2024-09-02 20:17:19"
"2024-09-06";"Unknown";"155 268";"12 696";"27 561 692";"2024-09-06 15:24:59"
"2024-09-08";"";"1 864 609";"255 259";"27 561 950";"2024-09-08 23:08:18"
"2024-09-07";"";"138 969";"15 624";"27 563 242";"2024-09-07 12:33:45"
"2024-09-04";"";"164 975";"46 902";"27 561 232";"2024-09-04 08:17:18"
"2024-09-08";"";"24 976";"168 395";"27 562 771";"2024-09-08 06:51:13"
"2024-09-08";"YouTube";"6 926";"26 396";"27 562 069";"2024-09-08 13:22:33"
"2024-09-02";"";"1 009 772";"30 817";"27 563 139";"2024-09-03 00:09:25"
"2024-09-04";"";"863 998";"2 125 319";"27 562 663";"2024-09-05 00:57:13"
"2024-09-07";"";"157 721";"13 534";"27 561 253";"2024-09-07 18:15:32"
"2024-09-02";"";"11 041";"28 900";"27 562 631";"2024-09-02 08:41:39"
"2024-09-07";"";"78 924";"12 727";"27 561 276";"2024-09-07 22:31:16"
"2024-09-08";"";"255 053";"112 352";"27 561 844";"2024-09-08 16:25:14"
"2024-09-01";"Spotify";"147 657";"6 287";"27 561 655";"2024-09-01 11:44:39"
"2024-09-08";"YouTube";"270 610";"3 770 761";"27 561 275";"2024-09-08 14:11:33"
"2024-09-05";"";"1 328 861";"258 794";"27 562 535";"2024-09-05 10:55:36"
"2024-09-05";"";"2 257 628";"41 890";"27 562 666";"2024-09-05 09:18:15"
"2024-09-06";"";"0";"2 584 391";"27 563 460";"2024-09-07 02:11:43"
"2024-09-04";"";"2 799 244";"149 018";"27 563 165";"2024-09-04 09:42:22"
"2024-09-08";"Instagram";"963 583";"99 702";"27 563 333";"2024-09-08 16:25:12"
"2024-09-09";"YouTube";"88 526";"297 603";"27 561 534";"2024-09-09 20:29:21"
"2024-09-04";"Facebook";"381 865";"292 681";"27 561 947";"2024-09-04 05:26:25"
"2024-09-07";"";"2 200";"102 523";"27 561 224";"2024-09-07 14:23:27"
"2024-09-10";"";"101 541";"9 012";"27 563 342";"2024-09-10 12:33:25"
"2024-09-07";"";"862 010";"485 144";"27 561 370";"2024-09-07 13:34:31"
"2024-09-10";"";"35 183";"4 415";"27 563 112";"2024-09-11 01:58:35"
"2024-09-10";"";"27 901";"10 997";"27 562 255";"2024-09-10 21:18:28"
"2024-09-05";"";"65 821";"5 789";"27 561 778";"2024-09-05 21:30:56"
"2024-09-03";"YouTube";"13 588 757";"1 524 303";"27 562 382";"2024-09-03 23:20:50"
"2024-09-01";"";"26 272";"2 633";"27 562 363";"2024-09-01 12:45:49"
"2024-09-06";"";"159 136";"78 061";"27 561 999";"2024-09-06 08:17:31"
"2024-09-03";"";"158 585";"63 773";"27 562 757";"2024-09-04 01:58:03"
"2024-09-08";"";"25 716";"4 017";"27 561 686";"2024-09-09 00:33:57"
"2024-09-06";"";"70 590";"4 340";"27 562 124";"2024-09-06 05:50:29"
"2024-09-08";"Instagram";"5 150 614";"1 644 707";"27 561 562";"2024-09-08 12:21:33"
"2024-09-02";"Instagram";"605 724";"113 362";"27 562 004";"2024-09-03 01:46:50"
"2024-09-10";"";"597 432";"52 579";"27 562 436";"2024-09-10 22:31:20"
"2024-09-08";"";"717 524";"65 826";"27 561 989";"2024-09-08 17:50:33"
"2024-09-02";"";"24 081";"31 890";"27 561 793";"2024-09-02 06:51:19"
"2024-09-03";"VKontakte";"33 921";"1 953";"27 562 040";"2024-09-03 21:54:58"
"2024-09-02";"Telegram";"12 855 962";"9 965 853";"27 561 944";"2024-09-03 02:35:38"
"2024-09-04";"";"37 397";"2 541";"27 563 026";"2024-09-04 05:38:39"
"2024-09-01";"";"242 860";"15 726";"27 561 341";"2024-09-01 13:46:05"
"2024-09-02";"";"2 375 967";"182 885";"27 563 387";"2024-09-02 23:32:28"
"2024-09-09";"Instagram";"5 272 806";"1 025 841";"27 561 252";"2024-09-09 18:27:46"
"2024-09-01";"";"74 855";"20 509";"27 563 163";"2024-09-01 15:24:53"
"2024-09-04";"";"32 749";"4 502";"27 562 105";"2024-09-04 06:51:12"
"2024-09-01";"";"110 248";"6 783";"27 562 468";"2024-09-01 10:31:30"
"2024-09-07";"YouTube";"3 259 739";"1 122 013";"27 562 497";"2024-09-07 03:12:17"
"2024-09-05";"";"2 459 129";"135 381";"27 563 439";"2024-09-05 17:50:25"
"2024-09-05";"YouTube";"48 729";"14 201";"27 562 193";"2024-09-05 05:50:29"
"2024-09-10";"";"56 827";"31 814";"27 561 745";"2024-09-10 12:21:46"
"2024-09-07";"";"31 752";"3 843";"27 561 959";"2024-09-07 06:15:55"
"2024-09-08";"";"625 705";"134 029";"27 562 701";"2024-09-08 17:14:37"
"2024-09-02";"";"37 414";"3 089";"27 561 978";"2024-09-02 18:03:45"
"2024-09-08";"YouTube";"604 347";"4 136 797";"27 561 350";"2024-09-08 19:04:11"
"2024-09-02";"";"424 662";"62 320";"27 563 467";"2024-09-03 01:22:09"
"2024-09-06";"YouTube";"4 084 833";"1 615 747";"27 562 708";"2024-09-06 07:40:05"
"2024-09-03";"";"54 662";"7 891";"27 561 453";"2024-09-03 12:33:25"
"2024-09-08";"";"46 898";"3 430";"27 561 320";"2024-09-08 03:48:23"
"2024-09-05";"Yandex";"144 601";"8 335";"27 562 898";"2024-09-05 11:56:29"
"2024-09-08";"";"244 110";"34 220";"27 561 818";"2024-09-08 05:50:23"
"2024-09-09";"Yandex";"128 535";"63 514";"27 562 538";"2024-09-09 04:49:00"
"2024-09-07";"";"463 573";"216 302";"27 563 000";"2024-09-07 06:15:18"
"2024-09-04";"";"8 819 939";"149 136";"27 562 803";"2024-09-04 14:35:50"
"2024-09-04";"";"127 300";"18 594";"27 563 114";"2024-09-05 01:34:18"
"2024-09-01";"Instagram";"514 336";"47 996";"27 562 243";"2024-09-01 15:12:43"
"2024-09-03";"";"26 792 747";"835 990";"27 563 379";"2024-09-03 12:57:47"
"2024-09-01";"";"92 015";"6 790";"27 561 224";"2024-09-02 00:45:28"
"2024-09-08";"";"512 478";"19 396";"27 562 447";"2024-09-08 13:34:38"
"2024-09-08";"";"41 037";"17 867";"27 562 906";"2024-09-08 11:44:49"
"2024-09-01";"";"18 207 650";"1 026 939";"27 562 921";"2024-09-01 08:29:45"
"2024-09-08";"WhatsApp";"13 004 369";"27 547 300";"27 562 477";"2024-09-09 00:09:36"
"2024-09-01";"";"84 279";"5 221";"27 562 684";"2024-09-01 07:40:55"
"2024-09-01";"";"26 339";"1 166";"27 563 048";"2024-09-01 04:25:35"
"2024-09-10";"";"64 786";"229 008";"27 562 760";"2024-09-10 13:34:57"
"2024-09-07";"";"55 269";"6 550";"27 562 473";"2024-09-07 22:19:18"
"2024-09-05";"";"252 635";"286 939";"27 561 421";"2024-09-05 09:54:55"
"2024-09-07";"";"6 293";"305 194";"27 562 326";"2024-09-07 18:27:54"
"2024-09-08";"";"32 519";"2 260";"27 562 840";"2024-09-08 06:39:47"
"2024-09-06";"";"128 848";"6 488";"27 563 082";"2024-09-06 03:36:33"
"2024-09-07";"YouTube";"510 561";"427 322";"27 561 950";"2024-09-07 14:23:18"
"2024-09-02";"Facebook";"6 334";"211 306";"27 562 257";"2024-09-02 11:20:16"
"2024-09-02";"Unknown";"246 227";"223 123";"27 562 264";"2024-09-02 09:30:13"
"2024-09-06";"";"28 270";"314 212";"27 562 613";"2024-09-06 05:02:04"
"2024-09-04";"";"28 660";"2 856";"27 561 836";"2024-09-04 07:16:15"
"2024-09-06";"";"1 010 693";"134 056";"27 561 390";"2024-09-07 00:09:47"
"2024-09-08";"";"27 326";"3 034";"27 563 397";"2024-09-08 03:00:03"
"2024-09-02";"";"48 956";"4 133";"27 562 514";"2024-09-02 04:49:50"
"2024-09-09";"YouTube";"219 775";"22 954";"27 562 906";"2024-09-09 20:29:27"
"2024-09-03";"";"62 091";"9 256";"27 562 376";"2024-09-03 22:07:53"
"2024-09-05";"YouTube";"153 313";"36 073";"27 561 288";"2024-09-05 05:26:33"
"2024-09-07";"YouTube";"197 365 253";"9 097 971";"27 562 302";"2024-09-07 11:44:32"
"2024-09-02";"";"72 407";"4 701";"27 563 503";"2024-09-02 23:08:51"
"2024-09-08";"Instagram";"387 333";"1 701 715";"27 561 506";"2024-09-08 19:28:10"
"2024-09-01";"";"43 593 242";"3 591 401";"27 563 066";"2024-09-01 22:43:06"
"2024-09-10";"Tas-ix";"284 751";"14 732";"27 561 775";"2024-09-10 14:23:54"
"2024-09-06";"";"8 467 771";"348 135";"27 561 668";"2024-09-06 13:46:19"
"2024-09-01";"Unknown";"25 823";"11 756";"27 563 478";"2024-09-01 22:19:15"
"2024-09-02";"";"324 079";"44 103";"27 563 087";"2024-09-03 01:22:21"
"2024-09-07";"Telegram";"4 665 068";"297 275";"27 561 350";"2024-09-07 10:43:03"
"2024-09-03";"Telegram";"6 519 148";"360 535";"27 561 673";"2024-09-03 14:23:36"
"2024-09-05";"";"24 165";"26 672";"27 562 659";"2024-09-05 08:17:28"
"2024-09-05";"";"85 426";"5 134";"27 562 098";"2024-09-05 11:20:05"
"2024-09-03";"";"596 798";"807 736";"27 562 101";"2024-09-03 09:54:05"
"2024-09-09";"";"348 719";"135 742";"27 562 168";"2024-09-10 00:21:44"
"2024-09-07";"";"63 472";"22 551";"27 561 690";"2024-09-07 10:43:20"
"2024-09-02";"";"56 118";"10 466";"27 561 542";"2024-09-02 11:44:05"
"2024-09-02";"";"77 965";"66 737";"27 561 870";"2024-09-02 09:42:07"
"2024-09-09";"Facebook";"543 925";"182 096";"27 561 204";"2024-09-10 00:21:00"
"2024-09-03";"Telegram";"78 993";"32 792";"27 561 342";"2024-09-03 20:05:37"
"2024-09-02";"";"71 551";"27 437";"27 562 007";"2024-09-02 15:48:29"
"2024-09-05";"Telegram";"736 963";"74 467";"27 562 035";"2024-09-05 17:50:14"
"2024-09-01";"";"712 049";"30 571";"27 561 279";"2024-09-01 15:00:46"
"2024-09-04";"";"318 422";"54 085";"27 561 324";"2024-09-04 06:27:05"
"2024-09-02";"";"94 768";"3 228";"27 562 790";"2024-09-02 07:16:19"
"2024-09-07";"Instagram";"9 153 032";"14 103 976";"27 561 787";"2024-09-07 03:48:10"
"2024-09-03";"Facebook";"474 530";"43 331";"27 562 223";"2024-09-03 16:01:18"
"2024-09-08";"Instagram";"2 138 935";"198 334";"27 563 070";"2024-09-08 08:29:32"
"2024-09-01";"YouTube";"190 506";"27 120";"27 562 090";"2024-09-01 21:06:16"
"2024-09-03";"";"193 804";"8 396";"27 561 518";"2024-09-03 03:00:42"
"2024-09-10";"";"84 205";"5 286";"27 561 774";"2024-09-10 22:31:54"
"2024-09-07";"Facebook";"23 895";"30 215";"27 561 738";"2024-09-07 17:50:01"
"2024-09-03";"YouTube";"775 562";"79 736";"27 563 318";"2024-09-03 13:58:32"
"2024-09-03";"";"115 494";"8 061";"27 563 144";"2024-09-03 06:15:35"
"2024-09-08";"WhatsApp";"7 069 823";"17 929 594";"27 561 205";"2024-09-08 12:57:34"
"2024-09-03";"WhatsApp";"215 250";"195 644";"27 562 371";"2024-09-03 17:14:28"
"2024-09-07";"";"374 690";"20 351";"27 562 860";"2024-09-07 04:01:50"
"2024-09-03";"";"1 383 113";"77 346";"27 562 156";"2024-09-03 14:59:24"
"2024-09-10";"";"152 112";"26 595";"27 561 600";"2024-09-10 06:27:47"
"2024-09-06";"";"876 110";"2 106 844";"27 561 884";"2024-09-06 21:54:09"
"2024-09-07";"Instagram";"14 336 511";"662 893";"27 563 136";"2024-09-07 07:04:54"
"2024-09-02";"";"1 486 450";"203 692";"27 561 403";"2024-09-02 17:02:41"
"2024-09-02";"Instagram";"4 782 558";"6 872 187";"27 561 312";"2024-09-02 12:45:27"
"2024-09-10";"";"485 923";"304 492";"27 563 073";"2024-09-11 02:35:44"
"2024-09-10";"";"32 127";"10 040";"27 563 494";"2024-09-11 02:47:01"
"2024-09-08";"";"77 131";"6 901";"27 562 511";"2024-09-08 11:32:00"
"2024-09-04";"";"295 873";"14 472";"27 562 131";"2024-09-04 04:25:43"
"2024-09-03";"";"196 609";"155 533";"27 562 868";"2024-09-03 17:02:41"
"2024-09-03";"TikTok";"13 142";"674 218";"27 562 748";"2024-09-03 03:00:33"
"2024-09-08";"";"49 186";"10 635";"27 563 174";"2024-09-08 16:01:58"
"2024-09-02";"Unknown";"821 600";"34 100";"27 562 827";"2024-09-02 07:40:37"
"2024-09-05";"";"30 478";"6 217";"27 563 236";"2024-09-06 02:35:06"
"2024-09-01";"";"163 078";"102 584";"27 561 380";"2024-09-01 09:42:16"
"2024-09-06";"Facebook";"102 103";"8 124";"27 562 127";"2024-09-06 22:07:22"
"2024-09-07";"Instagram";"1 243 614";"163 014";"27 562 969";"2024-09-07 15:48:26"
"2024-09-05";"";"2 262 121";"72 134";"27 561 331";"2024-09-05 18:15:02"
"2024-09-08";"YouTube";"4 243 252";"245 308";"27 561 994";"2024-09-08 11:20:05"
"2024-09-02";"";"9 698";"48 381";"27 561 831";"2024-09-03 02:59:40"
"2024-09-07";"";"89 594";"6 882";"27 562 541";"2024-09-07 23:56:04"
"2024-09-02";"YouTube";"68 990";"8 243";"27 561 457";"2024-09-02 04:13:52"
"2024-09-02";"TikTok";"100 554";"4 814 833";"27 562 721";"2024-09-02 22:07:13"
"2024-09-01";"";"718 342";"612 006";"27 561 720";"2024-09-01 07:28:43"
"2024-09-02";"Instagram";"2 934 252";"162 616";"27 561 817";"2024-09-02 07:28:08"
"2024-09-10";"";"49 761";"10 964";"27 563 065";"2024-09-10 08:05:07"
"2024-09-04";"";"650";"34 852";"27 561 251";"2024-09-04 09:42:55"
"2024-09-05";"Facebook";"6 180 069";"288 585";"27 563 066";"2024-09-05 09:54:06"
"2024-09-08";"";"73 419";"8 865";"27 561 195";"2024-09-08 15:24:42"
"2024-09-06";"Yandex";"578 733";"290 154";"27 561 222";"2024-09-06 18:27:48"
"2024-09-09";"";"33 344";"6 978";"27 562 193";"2024-09-09 05:02:43"
"2024-09-05";"";"3 697 182";"8 099 540";"27 562 102";"2024-09-05 05:02:07"
"2024-09-05";"";"40 177";"1 767";"27 563 386";"2024-09-05 19:04:59"
"2024-09-06";"Instagram";"652 490";"585 865";"27 561 501";"2024-09-06 06:15:23"
"2024-09-05";"";"59 019";"2 975";"27 562 898";"2024-09-05 05:14:19"
"2024-09-05";"";"92 496";"270 088";"27 561 277";"2024-09-05 19:04:25"
"2024-09-07";"";"451 333";"322 300";"27 563 478";"2024-09-07 20:53:56"
"2024-09-04";"";"949 832";"94 072";"27 562 088";"2024-09-04 03:24:59"
"2024-09-05";"Yandex";"495 400";"237 926";"27 562 965";"2024-09-05 09:06:13"
"2024-09-02";"";"635 517";"430 516";"27 561 921";"2024-09-02 04:13:40"
"2024-09-10";"";"100 423";"62 242";"27 561 265";"2024-09-10 20:05:06"
"2024-09-07";"";"129 391";"103 420";"27 561 794";"2024-09-07 14:11:48"
"2024-09-02";"";"10 171 116";"1 221 957";"27 562 083";"2024-09-02 12:33:50"
"2024-09-05";"Telegram";"8 240 916";"624 292";"27 562 835";"2024-09-05 19:28:32"
"2024-09-01";"";"30 418";"8 963";"27 562 572";"2024-09-02 00:21:33"
"2024-09-07";"";"1 486";"59 541";"27 562 003";"2024-09-07 22:07:10"
"2024-09-04";"";"76 536";"26 546";"27 563 228";"2024-09-04 05:02:10"
"2024-09-10";"";"100 127";"275 081";"27 562 009";"2024-09-10 19:28:32"
"2024-09-01";"Unknown";"1 158 758";"356 051";"27 562 992";"2024-09-01 04:49:28"
"2024-09-06";"";"25 826";"54 604";"27 561 303";"2024-09-06 09:30:24"
"2024-09-04";"";"167 158";"57 193";"27 562 445";"2024-09-05 02:11:23"
"2024-09-07";"";"313 025";"75 643";"27 561 361";"2024-09-07 15:48:46"
"2024-09-10";"";"2 369 626";"115 122";"27 562 167";"2024-09-10 07:28:07"
"2024-09-07";"";"1 769 791";"70 928";"27 562 238";"2024-09-07 18:39:47"
"2024-09-08";"";"39 579";"15 653";"27 562 418";"2024-09-08 11:32:12"
"2024-09-09";"";"3 034";"58 472";"27 561 916";"2024-09-09 21:06:15"
"2024-09-08";"YouTube";"1 038 124";"46 163";"27 563 176";"2024-09-08 18:27:42"
"2024-09-06";"";"177 806";"60 276";"27 562 455";"2024-09-06 05:02:40"
"2024-09-07";"";"522 307";"22 783";"27 562 293";"2024-09-07 05:50:50"
"2024-09-07";"";"137 841";"70 827";"27 561 470";"2024-09-07 15:48:46"
"2024-09-07";"YouTube";"203 783";"30 996";"27 562 265";"2024-09-07 14:59:07"
"2024-09-09";"";"17 436";"50 826";"27 562 964";"2024-09-09 09:42:22"
"2024-09-08";"";"173 162";"12 155";"27 561 887";"2024-09-08 16:37:53"
"2024-09-05";"";"448 403";"242 821";"27 561 259";"2024-09-05 03:24:12"
"2024-09-01";"";"2 484 162";"83 810";"27 562 462";"2024-09-01 23:32:59"
"2024-09-04";"Instagram";"13 495 834";"393 000";"27 561 237";"2024-09-04 13:34:48"
"2024-09-08";"Yandex Video";"257 319";"11 384";"27 562 423";"2024-09-09 02:23:47"
"2024-09-08";"";"30 681";"4 411";"27 562 850";"2024-09-08 07:52:50"
"2024-09-02";"";"5 027 432";"176 327";"27 563 076";"2024-09-02 10:19:17"
"2024-09-02";"";"72 611";"41 181";"27 561 895";"2024-09-02 11:32:57"
"2024-09-08";"";"69 557";"13 958";"27 562 497";"2024-09-08 22:55:55"
"2024-09-01";"Instagram";"3 597 942";"164 200";"27 562 644";"2024-09-02 01:22:01"
"2024-09-04";"";"991 993";"185 344";"27 562 696";"2024-09-04 20:17:13"
"2024-09-10";"";"543 499";"298 092";"27 561 844";"2024-09-10 10:31:15"
"2024-09-01";"";"160 285";"12 735";"27 562 009";"2024-09-01 07:40:50"
"2024-09-07";"Instagram";"259 929";"38 305";"27 562 594";"2024-09-07 13:34:42"
"2024-09-06";"";"1 651 805";"55 215";"27 561 695";"2024-09-06 23:20:30"
"2024-09-05";"";"85 639";"8 309";"27 561 884";"2024-09-05 15:48:39"
"2024-09-08";"";"76 967";"16 983";"27 561 676";"2024-09-08 17:50:39"
"2024-09-07";"";"221 035";"10 560";"27 561 213";"2024-09-07 22:55:35"
"2024-09-09";"";"25 744";"14 631";"27 562 865";"2024-09-09 10:55:43"
"2024-09-07";"";"38 871";"6 608";"27 561 567";"2024-09-08 02:59:34"
"2024-09-09";"";"198 239";"241 526";"27 562 202";"2024-09-09 16:25:17"
"2024-09-06";"";"45 466";"30 828";"27 561 605";"2024-09-07 01:34:42"
"2024-09-09";"";"52 879";"189 679";"27 563 427";"2024-09-09 17:38:25"
"2024-09-01";"Telegram";"15 073 587";"968 905";"27 563 496";"2024-09-01 07:52:44"
"2024-09-08";"";"221 128";"22 885";"27 562 795";"2024-09-08 08:53:40"
"2024-09-10";"";"31 009";"8 217";"27 561 897";"2024-09-10 13:46:32"
"2024-09-04";"Telegram";"663 796 677";"19 351 904";"27 562 561";"2024-09-04 08:41:05"
"2024-09-08";"";"23 765";"61 947";"27 562 883";"2024-09-08 11:32:17"
"2024-09-06";"";"653 174";"251 304";"27 563 471";"2024-09-06 17:38:44"
"2024-09-09";"";"518 772";"301 889";"27 561 290";"2024-09-09 08:41:46"
"2024-09-09";"";"28 892";"11 331";"27 561 914";"2024-09-10 02:23:42"
"2024-09-05";"";"518 041";"38 562";"27 561 359";"2024-09-05 22:43:46"
"2024-09-10";"";"2 778 057";"215 994";"27 561 922";"2024-09-10 06:51:00"
"2024-09-02";"";"24 060";"38 601";"27 561 978";"2024-09-03 00:21:26"
"2024-09-05";"Instagram";"2 968 770";"3 530 252";"27 562 260";"2024-09-05 17:02:10"
"2024-09-06";"";"564 213";"110 996";"27 561 924";"2024-09-06 20:29:32"
"2024-09-06";"";"543 537";"242 368";"27 561 339";"2024-09-06 04:25:59"
"2024-09-02";"Instagram";"2 688 067";"361 207";"27 561 524";"2024-09-02 05:14:12"
"2024-09-04";"";"37 389";"6 200";"27 562 696";"2024-09-04 08:29:15"
"2024-09-03";"";"189 537";"18 804";"27 562 651";"2024-09-04 00:21:43"
"2024-09-10";"YouTube";"109 674 079";"6 178 023";"27 561 994";"2024-09-11 01:22:41"
"2024-09-04";"";"146 177 421";"18 875 335";"27 562 675";"2024-09-04 07:16:47"
"2024-09-03";"Facebook";"123 832";"62 013";"27 561 943";"2024-09-03 16:25:58"
"2024-09-06";"Telegram";"27 303 980";"2 289 331";"27 563 114";"2024-09-06 18:51:13"
"2024-09-07";"Likee";"93 068";"23 197";"27 561 883";"2024-09-07 12:45:22"
"2024-09-03";"Instagram";"35 013 916";"703 009";"27 563 184";"2024-09-03 08:05:49"
"2024-09-06";"Instagram";"63 877 788";"1 917 652";"27 561 649";"2024-09-06 19:40:54"
"2024-09-06";"";"2 450 141";"129 860";"27 561 691";"2024-09-06 04:01:00"
"2024-09-03";"";"1 420 902";"523 568";"27 563 434";"2024-09-03 17:50:04"
"2024-09-09";"";"519 236";"149 724";"27 561 534";"2024-09-09 11:20:29"
"2024-09-09";"Telegram";"2 043 102";"129 543";"27 563 436";"2024-09-10 00:45:06"
"2024-09-07";"";"53 476";"7 959";"27 561 744";"2024-09-07 22:55:14"
"2024-09-06";"YouTube";"215 974";"9 936";"27 561 752";"2024-09-07 01:10:39"
"2024-09-05";"";"46 138";"3 343";"27 561 777";"2024-09-05 20:41:14"
"2024-09-01";"";"250 824";"15 851";"27 562 090";"2024-09-01 14:35:26"
"2024-09-07";"";"102 123";"15 567";"27 563 315";"2024-09-07 21:30:36"
"2024-09-10";"";"1 076 637";"163 814";"27 562 846";"2024-09-10 14:11:44"
"2024-09-10";"";"35 030";"3 081";"27 562 281";"2024-09-11 02:11:21"
"2024-09-07";"YouTube";"339 279";"4 195 841";"27 562 607";"2024-09-07 11:20:51"
"2024-09-04";"";"33 068";"15 115";"27 563 204";"2024-09-04 18:03:01"
"2024-09-04";"Facebook";"698 867";"239 105";"27 562 384";"2024-09-04 07:52:19"
"2024-09-07";"";"26 874";"9 250";"27 561 249";"2024-09-07 07:04:01"
"2024-09-06";"";"34 443";"2 813";"27 561 534";"2024-09-06 11:56:12"
"2024-09-04";"YouTube";"6 568 104";"477 728";"27 561 230";"2024-09-04 11:32:18"
"2024-09-10";"";"467 904";"84 645";"27 561 542";"2024-09-11 00:09:05"
"2024-09-10";"YouTube";"128 905";"1 211 804";"27 562 328";"2024-09-11 00:09:27"
"2024-09-06";"";"0";"51 925";"27 562 788";"2024-09-06 16:25:39"
"2024-09-02";"";"97 141";"5 010";"27 561 203";"2024-09-02 10:31:01"
"2024-09-08";"";"63 503 307";"5 847 614";"27 561 888";"2024-09-08 20:41:29"
"2024-09-09";"YouTube";"192 051 247";"14 229 386";"27 561 456";"2024-09-09 12:33:06"
"2024-09-04";"Apple Music";"401 330";"23 275";"27 562 357";"2024-09-05 00:45:46"
"2024-09-02";"Facebook";"244 016";"10 796";"27 563 338";"2024-09-02 07:52:28"
"2024-09-08";"";"74 473";"147 971";"27 561 887";"2024-09-08 15:24:04"
"2024-09-02";"";"41 493";"46 859";"27 563 369";"2024-09-02 11:32:43"
"2024-09-08";"";"40 461";"3 670";"27 561 671";"2024-09-08 22:31:21"
"2024-09-09";"Facebook";"8 962 806";"141 251";"27 563 198";"2024-09-09 20:17:20"
"2024-09-08";"Instagram";"7 341 930";"1 506 571";"27 563 514";"2024-09-08 16:01:45"
"2024-09-01";"";"866 803";"29 245";"27 561 424";"2024-09-01 11:08:20"
"2024-09-08";"";"146 462";"10 581";"27 561 288";"2024-09-08 14:23:10"
"2024-09-05";"";"28 821";"2 718";"27 561 426";"2024-09-05 06:39:15"
"2024-09-07";"Unknown";"793 143";"115 746";"27 562 863";"2024-09-07 12:09:28"
"2024-09-10";"";"299 975";"176 964";"27 562 622";"2024-09-10 14:59:29"
"2024-09-04";"YouTube";"1 724 573";"1 595 366";"27 561 211";"2024-09-04 22:19:19"
"2024-09-06";"";"30 995";"2 526";"27 563 130";"2024-09-06 20:41:35"
"2024-09-06";"";"3 608";"45 600";"27 561 449";"2024-09-06 11:08:12"
"2024-09-09";"";"114 883";"28 808";"27 562 553";"2024-09-09 06:51:56"
"2024-09-08";"VKontakte";"1 305 892";"96 323";"27 563 136";"2024-09-08 18:15:42"
"2024-09-05";"";"235 789";"10 152";"27 562 200";"2024-09-05 16:01:59"
"2024-09-06";"";"5 007 560";"149 125";"27 562 826";"2024-09-07 00:45:26"
"2024-09-02";"YouTube";"1 963 601";"682 105";"27 563 123";"2024-09-02 21:06:57"
"2024-09-03";"WhatsApp";"29 616";"1 993";"27 561 302";"2024-09-03 04:49:16"
"2024-09-04";"Telegram";"9 352 909";"556 512";"27 562 267";"2024-09-04 16:01:34"
"2024-09-02";"";"41 576";"2 040";"27 563 087";"2024-09-02 11:56:16"
"2024-09-02";"Facebook";"1 070 719";"23 615";"27 561 824";"2024-09-02 09:54:23"
"2024-09-05";"";"43 735";"16 343";"27 561 380";"2024-09-05 09:18:00"
"2024-09-03";"";"260 084";"21 769";"27 561 974";"2024-09-04 00:33:58"
"2024-09-06";"";"32 475";"3 977";"27 562 561";"2024-09-06 23:32:04"
"2024-09-01";"";"335 824";"266 869";"27 561 884";"2024-09-01 08:53:26"
"2024-09-01";"Facebook";"121 142";"20 574";"27 561 498";"2024-09-01 23:56:37"
"2024-09-08";"";"98 681";"6 255";"27 561 428";"2024-09-08 11:56:29"
"2024-09-02";"";"81 599";"9 700";"27 561 687";"2024-09-02 06:39:12"
"2024-09-05";"Telegram";"444 828 437";"21 801 745";"27 563 481";"2024-09-05 09:42:41"
"2024-09-09";"YouTube";"12 228 958";"817 161";"27 562 826";"2024-09-09 10:19:21"
"2024-09-08";"";"38 938";"232 966";"27 563 341";"2024-09-08 11:44:19"
"2024-09-05";"";"51 734";"2 538";"27 563 273";"2024-09-05 11:32:02"
"2024-09-10";"";"11 418";"68 807";"27 562 505";"2024-09-10 20:05:22"
"2024-09-04";"";"7 107 039";"496 608";"27 563 100";"2024-09-04 18:27:16"
"2024-09-02";"Likee";"173 736";"96 898";"27 562 660";"2024-09-02 13:34:06"
"2024-09-02";"";"45 435";"6 516";"27 563 369";"2024-09-02 18:51:39"
"2024-09-03";"";"113 862";"10 248";"27 561 640";"2024-09-03 09:30:41"
"2024-09-06";"";"8 995 532";"414 282";"27 563 317";"2024-09-06 17:14:18"
"2024-09-02";"";"2 200 997";"107 760";"27 561 205";"2024-09-02 08:17:47"
"2024-09-06";"";"57 051";"4 625";"27 563 087";"2024-09-06 23:56:16"
"2024-09-01";"";"28 723";"4 959";"27 561 424";"2024-09-01 13:22:36"
"2024-09-07";"Instagram";"5 612 216";"271 866";"27 563 175";"2024-09-07 05:02:40"
"2024-09-09";"";"278 215";"144 858";"27 562 674";"2024-09-09 04:13:30"
"2024-09-10";"Facebook";"154 661";"3 594";"27 563 032";"2024-09-11 02:35:22"
"2024-09-04";"";"219 638";"226 414";"27 561 802";"2024-09-04 15:12:20"
"2024-09-08";"Telegram";"2 034 568";"132 642";"27 561 636";"2024-09-08 13:10:12"
"2024-09-09";"";"54 192";"8 451";"27 562 622";"2024-09-09 06:03:26"
"2024-09-05";"Apple Music";"168 388";"34 807";"27 562 427";"2024-09-05 14:35:51"
"2024-09-05";"";"2 856 213";"254 848";"27 561 449";"2024-09-05 16:01:30"
"2024-09-01";"";"33 090";"1 916";"27 562 721";"2024-09-01 17:26:50"
"2024-09-01";"";"89 710";"9 256";"27 562 520";"2024-09-01 17:26:29"
"2024-09-06";"";"330 649";"33 275";"27 561 725";"2024-09-06 15:24:39"
"2024-09-06";"";"1 130 271";"145 164";"27 561 388";"2024-09-06 06:15:34"
"2024-09-04";"Tas-ix";"27 373";"14 622";"27 562 812";"2024-09-04 22:55:59"
"2024-09-10";"";"24 745 133";"11 325 441";"27 562 941";"2024-09-10 17:14:45"
"2024-09-06";"";"5 436 213";"925 994";"27 562 935";"2024-09-07 02:47:22"
"2024-09-10";"Yandex";"413 705";"59 242";"27 562 748";"2024-09-10 06:27:49"
"2024-09-07";"WhatsApp";"286 879";"20 342";"27 562 499";"2024-09-08 00:21:12"
"2024-09-08";"";"218 605";"12 988";"27 561 180";"2024-09-08 20:53:35"
"2024-09-02";"";"180 844";"50 945";"27 562 462";"2024-09-03 00:09:37"
"2024-09-04";"";"1 022 179";"36 444";"27 563 100";"2024-09-04 10:43:26"
"2024-09-01";"YouTube";"125 496";"51 497";"27 561 413";"2024-09-01 20:53:29"
"2024-09-02";"";"230 397";"91 530";"27 562 402";"2024-09-02 18:27:39"
"2024-09-10";"";"98 800";"303 714";"27 562 921";"2024-09-10 13:34:05"
"2024-09-01";"";"934 728";"74 429";"27 562 649";"2024-09-01 08:17:11"
"2024-09-01";"";"3 863 767";"174 257";"27 562 699";"2024-09-01 03:24:00"
"2024-09-04";"";"1 392 728";"100 165";"27 561 567";"2024-09-05 00:33:48"
"2024-09-02";"";"44 455 652";"2 706 694";"27 561 722";"2024-09-02 21:06:23"
"2024-09-10";"Yandex";"4 286 897";"140 255";"27 562 934";"2024-09-10 19:52:51"
"2024-09-04";"";"254 086";"10 774";"27 561 320";"2024-09-04 23:20:08"
"2024-09-10";"";"70 680";"21 217";"27 562 739";"2024-09-10 04:37:18"
"2024-09-02";"";"199 368";"8 777";"27 563 264";"2024-09-02 20:05:41"
"2024-09-08";"";"75 884";"3 897";"27 562 474";"2024-09-08 08:41:17"
"2024-09-07";"YouTube";"73 327";"34 818";"27 561 892";"2024-09-07 04:25:01"
"2024-09-03";"";"1 293 120";"47 520";"27 561 384";"2024-09-03 03:00:26"
"2024-09-09";"Instagram";"2 071 236";"426 811";"27 562 484";"2024-09-09 10:07:20"
"2024-09-04";"Shazam";"121 468";"33 886";"27 561 266";"2024-09-04 05:14:53"
"2024-09-05";"";"3 540 593";"124 124";"27 562 464";"2024-09-05 16:37:47"
"2024-09-10";"Instagram";"158 538 851";"2 980 166";"27 563 008";"2024-09-10 04:37:50"
"2024-09-08";"";"550 390";"39 740";"27 563 357";"2024-09-08 21:30:21"
"2024-09-10";"";"606 042";"357 609";"27 563 372";"2024-09-10 06:51:36"
"2024-09-09";"";"2 064 169";"1 885 379";"27 561 373";"2024-09-09 15:48:15"
"2024-09-02";"";"317 708";"97 896";"27 561 326";"2024-09-02 23:44:16"
"2024-09-08";"";"33 987";"3 407";"27 561 692";"2024-09-08 05:14:13"
"2024-09-10";"";"98";"127 644";"27 561 770";"2024-09-10 17:02:17"
"2024-09-09";"Telegram";"44 347 436";"2 251 627";"27 561 953";"2024-09-09 18:03:30"
"2024-09-01";"Unknown";"848 720";"66 127";"27 562 600";"2024-09-01 18:27:28"
"2024-09-04";"";"129 487";"475 972";"27 562 474";"2024-09-04 14:59:54"
"2024-09-02";"";"146 689";"19 471";"27 562 685";"2024-09-02 11:20:41"
"2024-09-06";"";"38 040";"5 630";"27 562 542";"2024-09-06 17:50:16"
"2024-09-07";"Facebook";"5 294 238";"298 113";"27 561 428";"2024-09-07 18:51:03"
"2024-09-07";"Likee";"394 659";"430 994";"27 561 600";"2024-09-07 08:53:36"
"2024-09-05";"Facebook";"19 116";"61 626";"27 561 378";"2024-09-05 09:42:27"
"2024-09-10";"";"3 502 359";"337 918";"27 561 466";"2024-09-10 16:37:02"
"2024-09-04";"";"168 020";"10 820";"27 563 445";"2024-09-04 19:40:48"
"2024-09-08";"YouTube";"112 511";"8 267";"27 562 167";"2024-09-08 13:58:07"
"2024-09-09";"";"27 281";"11 980";"27 561 294";"2024-09-10 00:21:32"
"2024-09-10";"";"10 570";"42 219";"27 561 752";"2024-09-10 16:49:47"
"2024-09-01";"YouTube";"126 998";"15 700";"27 562 388";"2024-09-01 21:18:46"
"2024-09-10";"";"590";"25 706";"27 561 915";"2024-09-10 19:16:22"
"2024-09-02";"YouTube";"779 026";"48 693";"27 563 283";"2024-09-02 10:19:57"
"2024-09-06";"";"70 800";"9 743";"27 562 003";"2024-09-07 02:23:25"
"2024-09-03";"";"262 370";"62 263";"27 563 101";"2024-09-03 12:33:06"
"2024-09-04";"";"57 312";"33 660";"27 561 240";"2024-09-04 15:12:09"
"2024-09-09";"";"325 330";"12 564";"27 562 098";"2024-09-10 01:34:18"
"2024-09-03";"";"950 147";"285 454";"27 562 721";"2024-09-03 12:21:56"
"2024-09-10";"";"95 010";"9 204";"27 562 837";"2024-09-10 09:54:22"
"2024-09-08";"";"2 390 894";"23 124";"27 563 458";"2024-09-08 05:38:20"
"2024-09-08";"YouTube";"121 994";"1 679 013";"27 562 956";"2024-09-09 02:47:10"
"2024-09-02";"";"227 247";"8 634";"27 561 634";"2024-09-02 12:21:18"
"2024-09-10";"WhatsApp";"30 625";"3 134";"27 563 065";"2024-09-10 18:39:37"
"2024-09-03";"";"748 934";"29 004";"27 562 917";"2024-09-03 05:38:39"
"2024-09-10";"";"4 619 907";"356 220";"27 561 884";"2024-09-10 18:27:21"
"2024-09-04";"Yandex";"67 542";"9 368";"27 562 700";"2024-09-04 17:50:49"
"2024-09-07";"";"19 541";"25 754";"27 562 681";"2024-09-07 10:55:32"
"2024-09-01";"";"153 545";"51 577";"27 562 757";"2024-09-01 21:42:11"
"2024-09-03";"Telegram";"19 690 684";"1 450 646";"27 562 275";"2024-09-03 21:30:33"
"2024-09-02";"Unknown";"890 570";"59 702";"27 563 361";"2024-09-02 19:52:22"
"2024-09-01";"";"60 223";"3 433";"27 563 177";"2024-09-01 11:56:36"
"2024-09-05";"Telegram";"18 205 836";"2 892 205";"27 561 501";"2024-09-05 04:01:20"
"2024-09-09";"";"54 942";"165 980";"27 561 554";"2024-09-09 05:02:49"
"2024-09-06";"";"619 654";"146 177";"27 562 629";"2024-09-06 18:51:38"
"2024-09-03";"PUBG";"111 668 250";"4 484 567";"27 562 326";"2024-09-03 20:17:48"
"2024-09-05";"";"49 276";"2 642";"27 563 467";"2024-09-05 09:18:39"
"2024-09-10";"";"79 763 468";"2 624 997";"27 562 894";"2024-09-10 20:05:24"
"2024-09-09";"";"56 288";"5 062";"27 561 293";"2024-09-09 09:30:13"
"2024-09-10";"";"32 153";"3 135";"27 562 405";"2024-09-10 11:08:52"
"2024-09-09";"YouTube";"613 005";"460 348";"27 562 470";"2024-09-09 04:13:53"
"2024-09-04";"Instagram";"9 331 787";"2 550 751";"27 562 832";"2024-09-04 21:18:25"
"2024-09-05";"";"1 139 715";"77 305";"27 562 364";"2024-09-05 07:40:50"
"2024-09-04";"";"121 784";"7 583";"27 563 171";"2024-09-04 10:07:33"
"2024-09-08";"";"52 140";"28 058";"27 562 547";"2024-09-08 17:38:21"
"2024-09-05";"";"1 217 911";"78 522";"27 563 446";"2024-09-05 04:13:04"
"2024-09-09";"";"37 935";"63 504";"27 562 793";"2024-09-09 18:39:54"
"2024-09-09";"";"180 921";"21 679";"27 561 916";"2024-09-09 19:40:46"
"2024-09-10";"Instagram";"746 125";"169 142";"27 562 743";"2024-09-10 06:27:32"
"2024-09-09";"";"61 927";"58 054";"27 561 562";"2024-09-09 08:41:59"
"2024-09-01";"";"94 892";"562 382";"27 562 250";"2024-09-01 13:34:32"
"2024-09-04";"PUBG";"305 818 301";"8 568 805";"27 562 014";"2024-09-04 21:06:51"
"2024-09-03";"";"35 572";"24 276";"27 562 469";"2024-09-03 19:28:58"
"2024-09-10";"";"25 811";"5 712";"27 562 496";"2024-09-10 14:23:15"
"2024-09-09";"YouTube";"29 445";"8 302";"27 562 270";"2024-09-09 22:07:17"
"2024-09-01";"Instagram";"81 659";"5 271";"27 561 673";"2024-09-01 05:50:29"
"2024-09-10";"Yandex";"186 842";"191 681";"27 561 888";"2024-09-10 22:43:05"
"2024-09-06";"";"10 018";"154 785";"27 561 922";"2024-09-06 22:43:28"
"2024-09-01";"YouTube";"51 323";"10 107";"27 562 834";"2024-09-01 17:50:14"
"2024-09-03";"Yandex Video";"359 550";"51 383";"27 562 684";"2024-09-03 08:53:29"
"2024-09-06";"";"33 795 470";"2 734 619";"27 562 302";"2024-09-06 04:49:20"
"2024-09-07";"";"37 325";"4 671";"27 562 698";"2024-09-07 23:56:59"
"2024-09-10";"";"860 554";"54 420";"27 561 804";"2024-09-11 01:34:29"
"2024-09-09";"";"182 356";"10 736";"27 561 953";"2024-09-09 15:12:10"
"2024-09-08";"";"1 085 904";"988 454";"27 562 497";"2024-09-08 17:38:43"
"2024-09-10";"Facebook";"345 508";"31 934";"27 561 776";"2024-09-10 21:42:54"
"2024-09-06";"";"223 982";"35 264";"27 563 052";"2024-09-07 01:46:12"
"2024-09-04";"Instagram";"6 213 953";"1 374 463";"27 563 081";"2024-09-04 03:36:44"
"2024-09-05";"";"73 248";"38 090";"27 561 600";"2024-09-05 05:38:33"
"2024-09-03";"Facebook";"1 695 593";"1 108 360";"27 562 865";"2024-09-03 12:33:19"
"2024-09-03";"";"109 279";"9 008";"27 561 866";"2024-09-03 18:27:42"
"2024-09-02";"";"472 087";"36 560";"27 562 580";"2024-09-02 18:27:46"
"2024-09-10";"PUBG";"2 855 068";"150 810";"27 561 975";"2024-09-11 01:58:58"
"2024-09-04";"";"50 667";"155 281";"27 562 051";"2024-09-04 07:28:19"
"2024-09-05";"";"171 408";"24 059";"27 561 965";"2024-09-05 14:47:34"
"2024-09-09";"Likee";"35 764";"9 936";"27 562 781";"2024-09-09 07:40:37"
"2024-09-06";"";"93 868";"26 373";"27 562 884";"2024-09-06 04:01:02"
"2024-09-09";"";"59 435";"168 923";"27 562 036";"2024-09-10 01:58:03"
"2024-09-10";"";"48 395";"5 325";"27 563 281";"2024-09-10 11:20:57"
"2024-09-06";"";"1 467 239";"114 953";"27 562 595";"2024-09-06 19:52:41"
"2024-09-07";"YouTube";"216 047";"33 905";"27 562 444";"2024-09-07 19:52:39"
"2024-09-09";"";"1 526 934";"501 821";"27 561 940";"2024-09-09 14:35:07"
"2024-09-04";"";"42 538";"46 630";"27 562 595";"2024-09-04 11:08:51"
"2024-09-07";"";"123 046";"5 354";"27 562 102";"2024-09-07 03:00:24"
"2024-09-10";"";"33 234";"12 003";"27 562 634";"2024-09-11 00:57:32"
"2024-09-08";"";"289 402";"26 776";"27 561 490";"2024-09-08 05:38:41"
"2024-09-10";"";"660 145";"203 425";"27 561 219";"2024-09-10 05:50:55"
"2024-09-02";"";"729 128";"23 310";"27 563 509";"2024-09-02 17:38:24"
"2024-09-01";"";"29 188";"26 629";"27 562 193";"2024-09-01 20:17:18"
"2024-09-02";"";"49 085";"8 089";"27 562 028";"2024-09-02 09:54:31"
"2024-09-08";"Yandex Music";"26 386";"3 810";"27 562 758";"2024-09-08 07:16:01"
"2024-09-09";"";"27 346";"2 456";"27 562 192";"2024-09-09 21:42:58"
"2024-09-08";"";"172 326 436";"8 886 085";"27 563 041";"2024-09-08 20:41:05"
"2024-09-09";"";"3 034 438";"154 276";"27 562 800";"2024-09-09 05:14:27"
"2024-09-10";"Telegram";"14 119 367";"978 872";"27 561 429";"2024-09-10 10:19:22"
"2024-09-09";"";"394 586";"39 682";"27 561 199";"2024-09-09 15:48:22"
"2024-09-02";"";"27 328";"4 558";"27 562 732";"2024-09-02 17:26:18"
"2024-09-01";"";"66 401";"37 517";"27 563 009";"2024-09-02 01:58:19"
"2024-09-08";"Instagram";"2 008 653";"1 589 287";"27 562 266";"2024-09-08 07:40:39"
"2024-09-05";"";"1 210 738";"90 225";"27 562 684";"2024-09-05 22:43:49"
"2024-09-03";"";"2 600";"118 817";"27 562 706";"2024-09-03 04:37:14"
"2024-09-08";"Facebook";"83 580";"77 032";"27 561 425";"2024-09-08 07:52:46"
"2024-09-03";"Telegram";"1 864 772";"1 535 630";"27 562 690";"2024-09-03 13:22:44"
"2024-09-05";"";"386 007";"171 677";"27 562 747";"2024-09-05 23:44:56"
"2024-09-02";"";"37 131";"2 927";"27 562 775";"2024-09-02 05:38:40"
"2024-09-04";"Instagram";"28 016 209";"1 027 232";"27 562 573";"2024-09-04 12:21:34"
"2024-09-08";"WhatsApp";"415 592";"572 082";"27 562 393";"2024-09-08 05:14:36"
"2024-09-04";"";"41 686";"19 947";"27 563 284";"2024-09-04 04:13:16"
"2024-09-10";"";"235 011";"227 353";"27 562 300";"2024-09-10 07:04:03"
"2024-09-05";"YouTube";"337 390";"51 688";"27 561 367";"2024-09-05 17:38:50"
"2024-09-08";"";"356 535";"20 843";"27 561 375";"2024-09-08 05:38:53"
"2024-09-05";"YouTube";"1 289 396";"116 093";"27 561 221";"2024-09-05 04:49:14"
"2024-09-09";"";"64 868";"6 028";"27 561 441";"2024-09-09 03:36:48"
"2024-09-03";"";"737 687";"47 258";"27 562 906";"2024-09-03 04:25:49"
"2024-09-02";"";"31 564";"9 199";"27 563 411";"2024-09-02 14:23:47"
"2024-09-08";"";"129 255";"7 899";"27 561 940";"2024-09-08 21:54:51"
"2024-09-08";"";"44 278";"13 304";"27 562 594";"2024-09-08 09:42:35"
"2024-09-10";"YouTube";"1 152 631";"228 513";"27 562 806";"2024-09-10 19:04:11"
"2024-09-01";"";"1 198 748";"135 698";"27 562 784";"2024-09-02 01:46:24"
"2024-09-06";"";"46 468";"76 680";"27 562 230";"2024-09-06 07:28:31"
"2024-09-06";"";"96 326";"34 739";"27 561 893";"2024-09-06 04:25:50"
"2024-09-01";"Unknown";"28 517";"129 268";"27 562 261";"2024-09-01 12:45:17"
"2024-09-03";"WhatsApp";"92 507";"40 282";"27 561 602";"2024-09-04 00:09:07"
"2024-09-04";"";"20 376 969";"498 980";"27 563 096";"2024-09-04 08:29:19"
"2024-09-02";"";"146 184";"15 375";"27 563 369";"2024-09-02 18:39:55"
"2024-09-09";"";"29 927";"3 807";"27 562 762";"2024-09-09 17:14:37"
"2024-09-05";"";"21 030";"37 089";"27 562 859";"2024-09-05 18:39:41"
"2024-09-07";"YouTube";"119 043";"685 681";"27 561 503";"2024-09-07 07:04:07"
"2024-09-05";"";"30 394";"5 322";"27 561 293";"2024-09-05 07:16:57"
"2024-09-08";"";"2 554 192";"422 653";"27 563 193";"2024-09-08 08:05:08"
"2024-09-01";"";"652 312";"37 335";"27 561 448";"2024-09-01 10:07:56"
"2024-09-05";"";"28 147";"3 632";"27 561 676";"2024-09-05 06:39:17"
"2024-09-02";"";"604 487";"171 750";"27 561 865";"2024-09-02 08:17:22"
"2024-09-09";"YouTube";"18 274 536";"1 147 073";"27 561 701";"2024-09-09 20:29:56"
"2024-09-05";"";"12 207 332";"598 117";"27 562 071";"2024-09-05 12:09:14"
"2024-09-02";"";"2 269 856";"166 154";"27 562 706";"2024-09-02 13:10:00"
"2024-09-07";"";"20 393 012";"849 227";"27 561 307";"2024-09-07 10:19:22"
"2024-09-09";"Likee";"417 260 795";"11 430 448";"27 563 386";"2024-09-09 06:03:32"
"2024-09-06";"";"122 416";"4 500";"27 562 348";"2024-09-06 07:16:09"
"2024-09-10";"Yandex";"148 408";"113 924";"27 562 934";"2024-09-10 15:12:43"
"2024-09-09";"Facebook";"273 321";"99 437";"27 562 150";"2024-09-09 17:38:07"
"2024-09-07";"";"82 036";"153 852";"27 562 774";"2024-09-07 19:28:18"
"2024-09-03";"";"8 706 385";"231 727";"27 562 403";"2024-09-03 11:32:41"
"2024-09-06";"";"14 396";"34 148";"27 561 564";"2024-09-06 19:04:05"
"2024-09-10";"Yandex";"37 289";"3 211";"27 562 580";"2024-09-10 15:00:45"
"2024-09-06";"";"342 529";"201 727";"27 561 884";"2024-09-06 11:56:42"
"2024-09-08";"";"8 718 606";"445 561";"27 563 157";"2024-09-08 10:07:21"
"2024-09-09";"";"29 723";"2 417";"27 562 267";"2024-09-09 07:40:21"
"2024-09-04";"Facebook";"64 482";"8 269";"27 562 590";"2024-09-04 10:31:07"
"2024-09-07";"";"27 594";"6 014";"27 562 155";"2024-09-07 11:08:36"
"2024-09-05";"";"49 313";"7 503";"27 561 454";"2024-09-05 11:56:28"
"2024-09-07";"";"1 673";"46 140";"27 562 411";"2024-09-07 08:53:58"
"2024-09-08";"";"593 089";"39 228";"27 561 173";"2024-09-08 16:37:23"
"2024-09-08";"WhatsApp";"82 713";"27 828";"27 562 949";"2024-09-09 00:21:25"
"2024-09-09";"Telegram";"12 827 069";"601 563";"27 563 284";"2024-09-09 11:32:06"
"2024-09-05";"YouTube";"18 511 082";"1 373 227";"27 561 662";"2024-09-06 00:09:03"
"2024-09-04";"";"257 094";"480 989";"27 562 672";"2024-09-04 14:23:00"
"2024-09-10";"";"142 800";"141 641";"27 563 211";"2024-09-10 20:41:24"
"2024-09-04";"";"697 937";"39 185";"27 563 445";"2024-09-04 13:22:51"
"2024-09-03";"";"124 290";"7 700";"27 562 656";"2024-09-03 17:50:59"
"2024-09-04";"";"79 249";"5 015";"27 562 204";"2024-09-04 03:24:02"
"2024-09-05";"";"6 708 411";"175 173";"27 561 884";"2024-09-05 03:24:15"
"2024-09-03";"Facebook";"187 917";"7 417";"27 562 998";"2024-09-04 01:34:33"
"2024-09-07";"Facebook";"233 062";"10 878";"27 563 070";"2024-09-07 07:40:39"
"2024-09-08";"";"104 177";"25 988";"27 562 998";"2024-09-08 16:25:41"
"2024-09-01";"";"44 103";"13 462";"27 561 943";"2024-09-01 16:25:35"
"2024-09-06";"";"243 208";"31 047";"27 563 207";"2024-09-06 10:55:42"
"2024-09-08";"";"70 693";"49 970";"27 562 580";"2024-09-08 18:03:06"
"2024-09-08";"";"138 416";"44 614";"27 562 617";"2024-09-08 09:30:30"
"2024-09-04";"";"109 535";"6 845";"27 562 690";"2024-09-04 07:40:23"
"2024-09-05";"YouTube";"117 514";"51 833";"27 562 484";"2024-09-05 06:27:13"
"2024-09-03";"";"28 688";"3 542";"27 563 006";"2024-09-04 01:10:22"
"2024-09-05";"";"864 990";"73 104";"27 561 252";"2024-09-05 09:54:20"
"2024-09-01";"";"41 193";"5 094";"27 562 337";"2024-09-01 18:27:42"
"2024-09-07";"";"39 879";"4 650";"27 562 827";"2024-09-07 12:09:25"
"2024-09-07";"Instagram";"189 861";"13 542";"27 561 511";"2024-09-07 06:03:54"
"2024-09-02";"";"20 892 335";"2 871 709";"27 562 120";"2024-09-02 15:24:40"
"2024-09-10";"";"113 384";"9 222";"27 561 710";"2024-09-10 17:26:26"
"2024-09-06";"Facebook";"93 781";"9 932";"27 562 511";"2024-09-06 12:33:17"
"2024-09-08";"Telegram";"197 678 802";"6 249 301";"27 563 098";"2024-09-08 10:43:01"
"2024-09-02";"Apple Music";"154 908";"35 580";"27 561 690";"2024-09-02 03:48:44"
"2024-09-01";"Instagram";"2 162 906";"5 290 474";"27 562 629";"2024-09-01 15:00:13"
"2024-09-03";"";"239 040";"18 129";"27 561 994";"2024-09-03 12:09:51"
"2024-09-08";"";"140 292";"137 934";"27 562 934";"2024-09-08 21:06:22"
"2024-09-06";"";"467 268";"21 068";"27 561 224";"2024-09-06 11:56:23"
"2024-09-01";"";"59 195";"4 220";"27 561 587";"2024-09-01 10:55:34"
"2024-09-05";"YouTube";"3 883 998";"6 983 429";"27 562 708";"2024-09-05 14:47:14"
"2024-09-04";"YouTube";"766 522";"740 559";"27 561 863";"2024-09-04 04:01:10"
"2024-09-02";"YouTube";"1 092 840";"127 038";"27 561 640";"2024-09-02 09:18:18"
"2024-09-06";"";"5 997";"107 764";"27 561 707";"2024-09-06 04:01:57"
"2024-09-07";"";"35 803";"7 540";"27 562 058";"2024-09-08 02:23:13"
"2024-09-06";"";"11 222";"37 435";"27 562 025";"2024-09-06 12:57:06"
"2024-09-07";"";"2 296 414";"296 845";"27 561 367";"2024-09-07 14:59:12"
"2024-09-10";"";"10 805";"28 950";"27 562 944";"2024-09-10 14:35:37"
"2024-09-08";"YouTube";"758 688";"116 860";"27 561 762";"2024-09-08 07:28:55"
"2024-09-08";"YouTube";"168 132";"11 789";"27 561 774";"2024-09-08 20:41:59"
"2024-09-07";"";"96 648";"21 988";"27 562 254";"2024-09-07 07:16:46"
"2024-09-07";"";"392 517";"80 152";"27 562 004";"2024-09-07 16:49:46"
"2024-09-04";"";"47 615";"4 256";"27 562 504";"2024-09-04 10:31:38"
"2024-09-10";"";"131 378";"9 351";"27 562 064";"2024-09-10 20:29:27"
"2024-09-10";"";"26 015";"4 617";"27 561 629";"2024-09-10 11:32:06"
"2024-09-01";"YouTube";"991 259";"133 619";"27 561 867";"2024-09-02 01:58:28"
"2024-09-06";"";"48 649";"77 284";"27 562 982";"2024-09-06 08:53:59"
"2024-09-09";"Instagram";"2 572 916";"961 068";"27 563 029";"2024-09-09 11:44:59"
"2024-09-03";"";"59 460";"9 600";"27 562 561";"2024-09-03 15:00:30"
"2024-09-04";"";"47 740";"167 472";"27 561 836";"2024-09-04 07:52:52"
"2024-09-09";"";"7 304 806";"345 787";"27 561 940";"2024-09-09 20:53:05"
"2024-09-07";"";"14 512 698";"1 323 712";"27 561 449";"2024-09-07 13:10:24"
"2024-09-09";"";"243 653";"28 377";"27 561 809";"2024-09-09 17:50:20"
"2024-09-03";"";"2 068 521";"83 440";"27 562 674";"2024-09-03 04:01:39"
"2024-09-10";"Yandex";"91 129";"163 465";"27 561 390";"2024-09-10 05:14:25"
"2024-09-05";"";"12 208 732";"724 064";"27 562 868";"2024-09-05 15:36:27"
"2024-09-09";"Instagram";"465 273";"116 382";"27 563 024";"2024-09-09 18:15:56"
"2024-09-03";"";"121 231";"317 939";"27 561 838";"2024-09-03 21:30:11"
"2024-09-05";"Telegram";"296 550";"30 060";"27 562 670";"2024-09-05 21:30:26"
"2024-09-04";"YouTube";"552 561";"86 849";"27 562 908";"2024-09-04 05:50:34"
"2024-09-02";"";"554 624";"49 919";"27 562 590";"2024-09-02 10:43:45"
"2024-09-03";"";"29 073";"7 154";"27 562 536";"2024-09-03 14:47:02"
"2024-09-05";"YouTube";"496 544";"78 139";"27 562 889";"2024-09-05 06:03:46"
"2024-09-07";"";"27 458";"10 267";"27 561 253";"2024-09-08 00:45:17"
"2024-09-04";"YouTube";"79 278";"464 622";"27 562 484";"2024-09-04 15:00:39"
"2024-09-09";"";"1 131 013";"357 306";"27 563 404";"2024-09-09 10:19:03"
"2024-09-06";"";"67 992";"7 804";"27 563 287";"2024-09-06 07:16:37"
"2024-09-02";"Facebook";"482 175";"23 455";"27 563 481";"2024-09-03 01:10:16"
"2024-09-10";"";"26 083";"10 888";"27 562 654";"2024-09-10 14:11:09"
"2024-09-08";"";"76 618";"42 268";"27 563 009";"2024-09-08 17:26:48"
"2024-09-06";"";"273 238";"26 911";"27 561 289";"2024-09-06 08:29:01"
"2024-09-03";"";"26 173";"7 275";"27 562 086";"2024-09-03 19:28:34"
"2024-09-10";"Unknown";"805 163";"123 215";"27 563 109";"2024-09-10 13:58:43"
"2024-09-06";"";"166 667";"97 553";"27 563 512";"2024-09-06 07:40:02"
"2024-09-04";"";"26 124";"12 173";"27 562 413";"2024-09-04 20:17:22"
"2024-09-09";"";"1 457 644";"121 444";"27 561 863";"2024-09-09 11:08:10"
"2024-09-06";"Yandex";"494 676";"21 857";"27 562 810";"2024-09-06 08:53:05"
"2024-09-07";"";"0";"30 306";"27 562 363";"2024-09-07 21:06:03"
"2024-09-06";"YouTube";"985 203";"89 796";"27 561 524";"2024-09-06 18:39:09"
"2024-09-02";"Telegram";"27 342 746";"1 266 677";"27 561 221";"2024-09-02 10:43:14"
"2024-09-02";"";"25 756";"117 506";"27 562 239";"2024-09-02 09:42:52"
"2024-09-05";"";"170 004";"242 068";"27 563 023";"2024-09-05 19:52:40"
"2024-09-08";"";"8 641 076";"910 376";"27 562 320";"2024-09-08 07:52:54"
"2024-09-01";"";"47 444";"2 773";"27 561 775";"2024-09-01 12:57:22"
"2024-09-03";"";"208 022";"16 753";"27 562 156";"2024-09-03 18:15:27"
"2024-09-08";"";"82 955";"8 492";"27 562 099";"2024-09-08 10:07:14"
"2024-09-01";"YouTube";"139 575";"15 676";"27 561 312";"2024-09-01 22:31:52"
"2024-09-02";"Instagram";"2 512 936";"2 757 927";"27 562 070";"2024-09-02 10:43:28"
"2024-09-04";"";"85 262";"9 251";"27 561 643";"2024-09-04 04:13:45"
"2024-09-03";"";"37 228";"37 000";"27 562 871";"2024-09-03 23:08:22"
"2024-09-06";"";"134 550";"150 968";"27 563 061";"2024-09-06 17:38:35"
"2024-09-08";"Telegram";"109 492 309";"8 134 637";"27 561 306";"2024-09-08 21:06:29"
"2024-09-03";"";"167 506";"25 446";"27 563 273";"2024-09-03 19:52:09"
"2024-09-07";"YouTube";"538 720";"195 699";"27 562 845";"2024-09-07 22:19:24"
"2024-09-06";"";"41 899";"6 116";"27 563 284";"2024-09-06 18:15:00"
"2024-09-10";"";"163 147";"193 165";"27 562 656";"2024-09-10 11:32:23"
"2024-09-09";"";"1 260 081";"558 101";"27 562 226";"2024-09-09 17:02:01"
"2024-09-09";"YouTube";"263 005";"15 528";"27 562 505";"2024-09-09 16:13:25"
"2024-09-02";"";"195 134";"102 149";"27 561 312";"2024-09-02 22:43:32"
"2024-09-01";"Telegram";"1 434 597";"266 078";"27 561 431";"2024-09-01 14:35:26"
"2024-09-02";"";"37 541";"2 631";"27 563 447";"2024-09-02 23:32:41"
"2024-09-01";"YouTube";"286 132";"138 854";"27 561 542";"2024-09-01 21:06:49"
"2024-09-05";"";"120 562";"107 308";"27 562 084";"2024-09-05 17:50:58"
"2024-09-08";"";"3 356 486";"154 925";"27 563 494";"2024-09-08 22:31:14"
"2024-09-03";"";"201 451";"64 588";"27 561 227";"2024-09-04 02:59:20"
"2024-09-05";"Facebook";"126 333";"53 259";"27 561 354";"2024-09-05 03:12:55"
"2024-09-09";"";"28 795";"14 637";"27 561 890";"2024-09-09 19:52:14"
"2024-09-06";"";"34 202";"3 979";"27 563 041";"2024-09-07 00:21:21"
"2024-09-08";"";"385 275";"26 936";"27 563 313";"2024-09-08 14:11:42"
"2024-09-08";"";"129 263";"81 632";"27 563 415";"2024-09-08 10:55:08"
"2024-09-02";"";"11 625";"29 014";"27 562 690";"2024-09-02 10:19:46"
"2024-09-07";"";"603 358";"262 837";"27 561 940";"2024-09-07 14:35:21"
"2024-09-09";"";"301 989";"46 884";"27 562 580";"2024-09-09 12:33:08"
"2024-09-05";"Instagram";"44 884 735";"772 955";"27 562 438";"2024-09-05 21:30:36"
"2024-09-07";"";"31 874";"13 648";"27 563 044";"2024-09-07 21:42:35"
"2024-09-02";"Facebook";"64 596";"8 072";"27 561 341";"2024-09-02 23:08:06"
"2024-09-04";"";"55 726";"9 171";"27 561 825";"2024-09-04 04:37:48"
"2024-09-07";"";"283 061";"152 123";"27 561 792";"2024-09-07 19:04:31"
"2024-09-04";"";"27 127";"2 950";"27 562 942";"2024-09-04 08:17:00"
"2024-09-05";"";"41 866";"4 451";"27 562 315";"2024-09-06 00:57:43"
"2024-09-03";"Instagram";"38 109";"5 011";"27 563 096";"2024-09-03 19:40:11"
"2024-09-01";"";"63 892";"5 448";"27 561 411";"2024-09-01 07:40:33"
"2024-09-08";"YouTube";"156 926 188";"4 021 620";"27 561 250";"2024-09-08 19:28:38"
"2024-09-01";"Telegram";"12 784 821";"1 645 243";"27 563 063";"2024-09-01 19:04:00"
"2024-09-08";"";"38 254";"16 516";"27 562 447";"2024-09-08 05:50:07"
"2024-09-07";"";"28 476";"3 564";"27 561 293";"2024-09-07 03:00:20"
"2024-09-10";"";"483 375";"291 505";"27 561 943";"2024-09-10 19:40:08"
"2024-09-09";"";"405 326";"16 427";"27 563 291";"2024-09-09 04:13:17"
"2024-09-02";"YouTube";"626 497";"38 146";"27 562 085";"2024-09-02 14:23:46"
"2024-09-07";"";"64 389";"3 945";"27 563 245";"2024-09-07 09:54:23"
"2024-09-01";"";"32 180";"2 310";"27 562 287";"2024-09-01 05:50:44"
"2024-09-02";"";"447 556";"35 420";"27 561 802";"2024-09-02 03:36:29"
"2024-09-10";"";"7 115 816";"195 010";"27 562 968";"2024-09-10 21:06:28"
"2024-09-08";"";"52 049";"3 292";"27 563 116";"2024-09-09 00:21:13"
"2024-09-09";"";"197 167";"70 285";"27 562 260";"2024-09-09 23:32:34"
"2024-09-01";"";"63 028";"10 733";"27 562 686";"2024-09-01 12:21:17"
"2024-09-04";"YouTube";"16 543 732";"799 281";"27 563 509";"2024-09-04 16:13:30"
"2024-09-02";"";"50 845";"18 646";"27 562 318";"2024-09-02 14:11:34"
"2024-09-01";"";"710 871";"6 522";"27 562 364";"2024-09-01 12:33:33"
"2024-09-02";"";"72 356";"33 314";"27 561 197";"2024-09-03 01:10:36"
"2024-09-08";"";"27 763";"8 424";"27 561 361";"2024-09-08 22:07:01"
"2024-09-01";"";"73 047";"21 191";"27 562 826";"2024-09-01 17:38:42"
"2024-09-02";"";"76 514";"42 336";"27 561 687";"2024-09-02 05:50:48"
"2024-09-02";"Unknown";"2 257 713";"128 417";"27 562 779";"2024-09-02 05:50:41"
"2024-09-05";"";"9 811 477";"303 583";"27 562 382";"2024-09-05 23:20:50"
"2024-09-09";"Telegram";"255 351";"21 180";"27 562 969";"2024-09-09 06:51:05"
"2024-09-01";"";"471 382";"358 864";"27 562 571";"2024-09-01 17:26:22"
"2024-09-02";"YouTube";"2 252 682";"870 196";"27 562 950";"2024-09-03 01:58:28"
"2024-09-02";"WhatsApp";"1 003 274";"1 586 569";"27 563 289";"2024-09-02 06:03:38"
"2024-09-10";"";"34 065";"8 153";"27 562 442";"2024-09-10 05:38:02"
"2024-09-05";"";"42 815";"12 825";"27 562 613";"2024-09-05 11:20:16"
"2024-09-03";"";"47 997";"33 857";"27 562 251";"2024-09-03 17:14:38"
"2024-09-08";"Instagram";"1 638 436";"208 116";"27 561 975";"2024-09-08 19:52:45"
"2024-09-05";"";"576 351";"55 397";"27 561 884";"2024-09-05 23:08:17"
"2024-09-04";"YouTube";"380 086";"418 476";"27 562 016";"2024-09-04 13:22:05"
"2024-09-05";"";"3 143 689";"71 540";"27 561 776";"2024-09-06 00:09:52"
"2024-09-07";"";"1 972 591";"28 951";"27 562 818";"2024-09-07 17:02:35"
"2024-09-04";"Facebook";"5 167 886";"229 764";"27 562 193";"2024-09-04 05:50:36"
"2024-09-07";"";"46 369 821";"3 362 128";"27 562 615";"2024-09-07 16:49:39"
"2024-09-03";"Instagram";"1 289 231";"249 915";"27 561 908";"2024-09-03 05:26:31"
"2024-09-08";"Unknown";"39 495";"3 727";"27 562 491";"2024-09-09 01:22:12"
"2024-09-09";"VKontakte";"1 146 128";"94 159";"27 562 861";"2024-09-09 18:27:42"
"2024-09-02";"Instagram";"6 466 137";"993 796";"27 562 569";"2024-09-02 16:13:19"
"2024-09-05";"";"128 262";"95 931";"27 562 382";"2024-09-05 12:33:21"
"2024-09-04";"";"66 809";"115 627";"27 562 447";"2024-09-04 15:36:24"
"2024-09-09";"Instagram";"782 804";"138 567";"27 563 325";"2024-09-09 14:11:33"
"2024-09-06";"";"43 556";"1 678";"27 561 567";"2024-09-06 21:54:32"
"2024-09-09";"";"4 705 989";"748 861";"27 561 375";"2024-09-09 13:10:08"
"2024-09-07";"YouTube";"396 964";"64 910";"27 563 107";"2024-09-07 21:54:58"
"2024-09-10";"";"68 229";"12 767";"27 561 802";"2024-09-10 23:56:29"
"2024-09-03";"YouTube";"8 892";"82 421";"27 563 028";"2024-09-03 20:53:13"
"2024-09-10";"Instagram";"8 186 682";"2 811 142";"27 562 594";"2024-09-10 19:04:58"
"2024-09-01";"Telegram";"1 575 966";"112 352";"27 561 516";"2024-09-01 17:38:23"
"2024-09-02";"Instagram";"2 470 664";"1 088 894";"27 561 236";"2024-09-03 01:58:15"
"2024-09-01";"YouTube";"73 749";"3 184";"27 562 138";"2024-09-01 16:13:49"
"2024-09-10";"";"411 378";"26 897";"27 563 240";"2024-09-10 14:35:02"
"2024-09-01";"YouTube";"117 654";"572 025";"27 561 723";"2024-09-01 18:39:56"
"2024-09-03";"Instagram";"3 748 458";"1 189 624";"27 561 224";"2024-09-03 13:22:00"
"2024-09-03";"";"49 359";"1 981 263";"27 561 634";"2024-09-03 09:42:26"
"2024-09-09";"Instagram";"965 939";"182 094";"27 561 413";"2024-09-09 20:53:20"
"2024-09-09";"";"103 310";"23 607";"27 563 203";"2024-09-09 08:17:09"
"2024-09-08";"Facebook";"5 045 578";"2 604 002";"27 561 484";"2024-09-08 15:00:55"
"2024-09-03";"Yandex";"5 080 750";"1 009 274";"27 562 557";"2024-09-03 03:24:00"
"2024-09-02";"Facebook";"292 949";"29 370";"27 562 003";"2024-09-03 02:59:43"
"2024-09-09";"";"98 235";"97 716";"27 562 207";"2024-09-09 18:51:39"
"2024-09-01";"";"776 261";"30 005";"27 561 211";"2024-09-01 13:46:22"
"2024-09-02";"";"9 488 784";"476 932";"27 562 591";"2024-09-02 07:16:57"
"2024-09-09";"YouTube";"539 505";"32 437";"27 561 320";"2024-09-10 01:22:19"
"2024-09-07";"";"163 639";"147 421";"27 562 965";"2024-09-07 23:20:50"
"2024-09-04";"";"84 938";"74 464";"27 562 550";"2024-09-04 21:42:34"
"2024-09-02";"";"126 230";"330 705";"27 563 404";"2024-09-03 02:35:09"
"2024-09-08";"";"433 203";"45 879";"27 563 430";"2024-09-08 21:42:50"
"2024-09-07";"Tas-ix";"539 338";"40 776";"27 562 942";"2024-09-07 13:34:41"
"2024-09-08";"Instagram";"104 611 908";"3 266 766";"27 562 935";"2024-09-08 21:54:46"
"2024-09-07";"Instagram";"144 849";"44 893";"27 561 830";"2024-09-08 01:22:37"
"2024-09-05";"";"299 351";"35 986";"27 562 086";"2024-09-05 12:57:53"
"2024-09-09";"";"31 260";"4 898";"27 563 306";"2024-09-09 17:38:01"
"2024-09-07";"";"689 522";"159 677";"27 562 792";"2024-09-07 10:19:31"
"2024-09-10";"YouTube";"221 300";"128 298";"27 563 119";"2024-09-10 17:38:15"
"2024-09-09";"";"237 774";"73 383";"27 561 477";"2024-09-10 00:57:51"
"2024-09-01";"";"57 075";"8 885";"27 562 571";"2024-09-01 11:20:59"
"2024-09-10";"";"228 792";"13 284";"27 561 804";"2024-09-10 15:36:20"
"2024-09-06";"TikTok";"14 415";"88 042";"27 561 831";"2024-09-06 04:37:04"
"2024-09-06";"Instagram";"16 936 179";"436 170";"27 563 082";"2024-09-07 00:09:23"
"2024-09-04";"Instagram";"1 537 168";"1 565 921";"27 562 712";"2024-09-04 12:09:10"
"2024-09-04";"Telegram";"14 685 700";"971 926";"27 563 231";"2024-09-04 05:26:36"
"2024-09-10";"";"53 974";"58 701";"27 561 794";"2024-09-10 22:55:46"
"2024-09-05";"";"7 839";"44 175";"27 561 582";"2024-09-05 09:54:40"
"2024-09-10";"Instagram";"278 009";"19 923";"27 563 224";"2024-09-10 23:32:39"
"2024-09-03";"";"45 049";"785 923";"27 561 474";"2024-09-03 23:32:29"
"2024-09-03";"";"181 262 210";"13 459 485";"27 562 397";"2024-09-04 02:35:36"
"2024-09-07";"";"6 412 507";"2 165 768";"27 563 017";"2024-09-07 06:15:42"
"2024-09-09";"";"63 283";"4 772";"27 561 721";"2024-09-09 18:15:20"
"2024-09-07";"Telegram";"1 740 793";"233 012";"27 561 573";"2024-09-08 00:45:58"
"2024-09-05";"";"54 460";"77 978";"27 562 302";"2024-09-05 09:18:04"
"2024-09-10";"";"84 922";"31 058";"27 562 582";"2024-09-10 15:00:19"
"2024-09-05";"";"16 539";"86 285";"27 562 648";"2024-09-05 11:44:08"
"2024-09-04";"";"30 766";"27 139";"27 562 236";"2024-09-04 20:05:39"
"2024-09-02";"YouTube";"1 588 961";"149 025";"27 562 344";"2024-09-02 05:26:39"
"2024-09-01";"";"121 893 864";"6 195 401";"27 561 279";"2024-09-01 20:05:12"
"2024-09-03";"";"44 954";"8 003";"27 561 332";"2024-09-03 16:37:49"
"2024-09-02";"";"56 424";"44 034";"27 562 714";"2024-09-02 21:18:44"
"2024-09-09";"";"68 558";"134 068";"27 562 708";"2024-09-09 21:06:46"
"2024-09-04";"";"64 534";"8 846";"27 562 403";"2024-09-04 15:00:13"
"2024-09-03";"Facebook";"15 914 596";"309 856";"27 561 785";"2024-09-03 23:32:04"
"2024-09-09";"Instagram";"76 233 126";"1 786 865";"27 562 804";"2024-09-10 02:11:19"
"2024-09-09";"Yandex";"436 397";"31 795";"27 563 469";"2024-09-09 03:12:01"
"2024-09-09";"";"817 568";"35 197";"27 563 035";"2024-09-10 00:45:07"
"2024-09-01";"";"647 891";"122 134";"27 562 050";"2024-09-01 12:45:20"
"2024-09-03";"YouTube";"211 904";"32 996";"27 561 422";"2024-09-03 07:40:49"
"2024-09-04";"";"2 782 896";"450 950";"27 562 968";"2024-09-04 17:26:58"
"2024-09-08";"";"30 690";"2 828";"27 561 827";"2024-09-08 17:38:35"
"2024-09-06";"";"25 758";"15 327";"27 562 447";"2024-09-07 00:45:50"
"2024-09-09";"";"146 650";"44 710";"27 563 390";"2024-09-09 11:20:53"
"2024-09-06";"Yandex";"60 955";"8 122";"27 562 263";"2024-09-06 08:17:30"
"2024-09-06";"";"5 035";"39 642";"27 562 499";"2024-09-06 16:37:26"
"2024-09-04";"";"219 722";"12 519";"27 562 717";"2024-09-04 20:41:42"
"2024-09-02";"";"31 864";"6 594";"27 562 524";"2024-09-02 13:58:24"
"2024-09-03";"";"59 880";"6 741";"27 561 890";"2024-09-04 00:21:06"
"2024-09-06";"";"18 008 745";"1 167 464";"27 563 367";"2024-09-06 20:29:02"
"2024-09-01";"";"8 960";"90 441";"27 562 336";"2024-09-01 20:41:34"
"2024-09-05";"";"319 951";"77 930";"27 562 585";"2024-09-05 12:21:18"
"2024-09-04";"Facebook";"352 048";"162 950";"27 561 383";"2024-09-04 09:18:49"
"2024-09-08";"";"26 836";"6 309";"27 562 366";"2024-09-08 04:25:31"
"2024-09-03";"";"1 034 209";"52 542";"27 563 076";"2024-09-03 10:31:07"
"2024-09-08";"";"347 554";"13 384";"27 562 287";"2024-09-08 05:38:09"
"2024-09-01";"Telegram";"7 179 146";"596 188";"27 561 491";"2024-09-01 09:54:53"
"2024-09-09";"YouTube";"1 218 077";"3 473 245";"27 561 994";"2024-09-09 21:42:53"
"2024-09-02";"YouTube";"14 808 750";"1 046 124";"27 561 900";"2024-09-02 21:54:28"
"2024-09-04";"";"1 334 490";"83 734";"27 563 310";"2024-09-04 19:04:22"
"2024-09-09";"Telegram";"291 424";"31 190";"27 563 439";"2024-09-09 09:54:46"
"2024-09-06";"";"3 301 541";"2 843 638";"27 561 760";"2024-09-06 06:39:11"
"2024-09-03";"";"284 057";"17 423";"27 563 415";"2024-09-03 19:40:14"
"2024-09-04";"";"1 179 941";"443 287";"27 561 501";"2024-09-04 15:48:32"
"2024-09-02";"";"25 643";"2 155";"27 562 237";"2024-09-02 09:18:37"
"2024-09-07";"";"81 308";"72 704";"27 563 314";"2024-09-07 07:52:40"
"2024-09-10";"";"204 761";"18 569";"27 561 335";"2024-09-10 13:10:13"
"2024-09-02";"";"26 490";"6 921";"27 561 219";"2024-09-02 06:51:34"
"2024-09-05";"";"316 179";"54 440";"27 563 390";"2024-09-05 14:59:46"
"2024-09-06";"Yandex";"100 880";"4 578";"27 563 239";"2024-09-06 05:38:34"
"2024-09-01";"";"617 298";"84 680";"27 561 477";"2024-09-01 05:38:59"
"2024-09-08";"";"18 038 777";"886 131";"27 562 756";"2024-09-08 23:08:09"
"2024-09-09";"WhatsApp";"30 292";"3 357";"27 562 098";"2024-09-09 04:49:36"
"2024-09-09";"Instagram";"4 657 124";"872 545";"27 562 841";"2024-09-10 00:09:36"
"2024-09-09";"Instagram";"7 507 694";"337 210";"27 561 629";"2024-09-09 03:24:29"
"2024-09-01";"";"32 411";"6 826";"27 563 101";"2024-09-02 00:57:32"
"2024-09-09";"";"2 297 622";"620 408";"27 563 134";"2024-09-09 17:50:20"
"2024-09-01";"";"231 524";"28 740";"27 562 431";"2024-09-01 11:44:22"
"2024-09-05";"Telegram";"4 314 009";"1 854 305";"27 562 960";"2024-09-05 05:14:03"
"2024-09-01";"Telegram";"1 085 214";"81 699";"27 562 555";"2024-09-01 12:33:29"
"2024-09-01";"YouTube";"11 703 486";"759 238";"27 561 249";"2024-09-01 07:04:07"
"2024-09-08";"";"224 582";"35 639";"27 561 708";"2024-09-08 16:01:22"
"2024-09-04";"TikTok";"272 252";"541 231";"27 562 582";"2024-09-04 06:03:34"
"2024-09-03";"YouTube";"1 930 589";"111 542";"27 563 367";"2024-09-03 22:31:21"
"2024-09-08";"Telegram";"860 742";"665 981";"27 563 151";"2024-09-08 14:23:27"
"2024-09-01";"Telegram";"612 963";"69 213";"27 561 964";"2024-09-01 03:36:41"
"2024-09-04";"Apple Music";"26 271";"9 100";"27 561 489";"2024-09-04 22:31:53"
"2024-09-08";"";"33 953";"2 525";"27 562 423";"2024-09-09 01:58:04"
"2024-09-10";"";"611 456";"19 495";"27 562 146";"2024-09-10 18:51:09"
"2024-09-03";"";"255 515";"27 320";"27 562 522";"2024-09-03 22:55:08"
"2024-09-10";"Yandex";"756 953";"34 329";"27 562 604";"2024-09-10 05:02:52"
"2024-09-08";"";"33 798";"24 709";"27 561 884";"2024-09-08 22:07:45"
"2024-09-03";"";"43 246";"47 331";"27 563 199";"2024-09-03 04:37:05"
"2024-09-07";"";"46 213";"118 432";"27 562 050";"2024-09-07 08:05:26"
"2024-09-07";"";"49 185";"1 148 762";"27 563 403";"2024-09-07 14:47:39"
"2024-09-07";"";"66 313";"4 583";"27 562 668";"2024-09-07 03:36:48"
"2024-09-06";"";"60 244";"7 922";"27 562 365";"2024-09-06 09:06:21"
"2024-09-10";"Instagram";"1 634 760";"32 725";"27 562 594";"2024-09-10 16:25:54"
"2024-09-07";"";"13 778 887";"981 159";"27 562 639";"2024-09-08 01:46:00"
"2024-09-03";"";"851 761";"108 928";"27 562 893";"2024-09-03 20:29:06"
"2024-09-06";"";"1 294 220";"25 736";"27 562 935";"2024-09-06 07:16:59"
"2024-09-07";"Yandex";"1 802 133";"88 272";"27 561 331";"2024-09-08 00:45:04"
"2024-09-01";"";"28 358";"2 492";"27 561 762";"2024-09-01 13:10:08"
"2024-09-08";"YouTube";"975 623";"194 219";"27 563 192";"2024-09-08 13:22:58"
"2024-09-03";"";"3 279 884";"235 790";"27 562 628";"2024-09-03 13:34:56"
"2024-09-03";"Apple Music";"499 914";"19 055";"27 562 907";"2024-09-03 20:29:29"
"2024-09-02";"";"320 915";"57 864";"27 562 905";"2024-09-02 14:59:07"
"2024-09-02";"";"109 380 379";"22 304 667";"27 561 332";"2024-09-03 01:46:30"
"2024-09-01";"";"647 899";"79 550";"27 561 429";"2024-09-01 12:09:14"
"2024-09-10";"YouTube";"2 156 282";"136 071";"27 563 075";"2024-09-10 20:53:03"
"2024-09-05";"";"40 115";"5 076";"27 562 570";"2024-09-06 02:11:31"
"2024-09-10";"Facebook";"1 259 487";"50 288";"27 562 035";"2024-09-11 02:35:17"
"2024-09-01";"YouTube";"8 535 016";"3 064 708";"27 561 177";"2024-09-01 23:44:17"
"2024-09-03";"TikTok";"6 334";"90 049";"27 563 338";"2024-09-04 02:23:03"
"2024-09-01";"";"353 513";"10 924";"27 561 818";"2024-09-02 00:57:44"
"2024-09-07";"Telegram";"7 569 409";"505 798";"27 561 240";"2024-09-08 02:47:52"
"2024-09-02";"";"1 498 749";"237 696";"27 563 439";"2024-09-03 00:45:24"
"2024-09-06";"";"39 170";"11 984";"27 561 502";"2024-09-06 13:34:31"
"2024-09-07";"";"266 209";"14 954";"27 561 464";"2024-09-07 06:03:51"
"2024-09-10";"Facebook";"5 312 326";"3 509 320";"27 561 753";"2024-09-10 17:26:16"
"2024-09-09";"";"931 625";"95 805";"27 562 212";"2024-09-09 17:50:14"
"2024-09-10";"YouTube";"409 142 186";"24 013 987";"27 562 701";"2024-09-11 00:33:41"
"2024-09-05";"";"1 253 371";"256 236";"27 563 381";"2024-09-05 10:07:36"
"2024-09-06";"Facebook";"3 694 476";"272 372";"27 562 641";"2024-09-06 11:08:08"
"2024-09-05";"";"837 768";"369 921";"27 561 792";"2024-09-05 12:09:16"
"2024-09-06";"Facebook";"15 643";"26 013";"27 561 192";"2024-09-06 19:16:56"
"2024-09-09";"Odnoklassniki";"64 451";"23 871";"27 562 172";"2024-09-09 05:02:43"
"2024-09-03";"";"26 004";"2 995";"27 563 278";"2024-09-03 10:19:49"
"2024-09-09";"YouTube";"2 713 334";"113 693";"27 561 253";"2024-09-09 22:07:10"
"2024-09-07";"YouTube";"13 744 779";"842 754";"27 561 592";"2024-09-08 00:33:15"
"2024-09-02";"";"22 550";"28 382";"27 563 211";"2024-09-02 07:52:29"
"2024-09-09";"";"82 750 862";"3 075 493";"27 563 334";"2024-09-09 06:15:23"
"2024-09-06";"";"68 807";"14 241";"27 563 177";"2024-09-06 11:08:50"
"2024-09-07";"";"359 403";"18 371";"27 562 780";"2024-09-07 17:14:57"
"2024-09-02";"";"59 959";"2 927";"27 562 609";"2024-09-02 09:06:28"
"2024-09-06";"";"1 740 265";"164 390";"27 562 041";"2024-09-06 18:15:26"
"2024-09-04";"YouTube";"64 598 515";"3 893 709";"27 561 888";"2024-09-04 19:04:22"
"2024-09-09";"";"137 719";"20 327";"27 562 352";"2024-09-09 09:06:20"
"2024-09-05";"";"50 708";"3 548";"27 562 932";"2024-09-05 19:16:02"
"2024-09-03";"";"325 496";"55 180";"27 562 363";"2024-09-03 15:36:26"
"2024-09-06";"";"8 148 776";"315 837";"27 561 339";"2024-09-06 08:53:46"
"2024-09-10";"";"53 955";"57 453";"27 561 706";"2024-09-10 03:48:34"
"2024-09-08";"";"172 504 602";"19 400 921";"27 561 865";"2024-09-08 14:23:15"
"2024-09-10";"";"44 453 550";"13 769 082";"27 562 555";"2024-09-10 03:12:46"
"2024-09-04";"";"27 607";"1 454";"27 563 511";"2024-09-05 00:21:50"
"2024-09-05";"";"3 671 936";"136 533";"27 561 680";"2024-09-05 08:29:44"
"2024-09-06";"";"31 326";"2 899";"27 561 825";"2024-09-06 04:25:42"
"2024-09-02";"YouTube";"2 818 957";"17 277 585";"27 563 509";"2024-09-03 01:22:25"
"2024-09-10";"";"196 212";"553 466";"27 561 271";"2024-09-10 17:38:56"
"2024-09-06";"";"29 348";"64 327";"27 563 095";"2024-09-06 06:15:36"
"2024-09-02";"";"13 458";"28 758";"27 563 469";"2024-09-02 03:36:02"
"2024-09-08";"";"888 322";"44 342";"27 561 276";"2024-09-08 03:24:26"
"2024-09-05";"";"9 434 068";"944 671";"27 561 697";"2024-09-05 14:59:47"
"2024-09-10";"Instagram";"3 280 730";"2 987 480";"27 562 903";"2024-09-10 13:10:42"
"2024-09-03";"YouTube";"120 900";"1 561 130";"27 562 960";"2024-09-03 17:50:20"
"2024-09-04";"";"194 195";"10 223";"27 561 865";"2024-09-04 13:58:04"
"2024-09-05";"";"27 518 514";"1 560 494";"27 562 590";"2024-09-05 11:08:30"
"2024-09-09";"";"387 782";"37 743";"27 561 290";"2024-09-09 08:05:55"
"2024-09-03";"YouTube";"1 078 206";"433 705";"27 562 853";"2024-09-03 10:31:59"
"2024-09-08";"";"363 819";"297 502";"27 561 421";"2024-09-08 04:01:13"
"2024-09-06";"";"623 400";"117 095";"27 562 050";"2024-09-07 02:35:24"
"2024-09-07";"";"1 842 104";"92 335";"27 562 232";"2024-09-07 18:39:24"
"2024-09-02";"";"1 012 895";"422 738";"27 563 152";"2024-09-02 04:13:16"
"2024-09-08";"";"51 358";"2 356";"27 562 232";"2024-09-08 05:14:57"
"2024-09-04";"Yandex";"1 414 844";"425 998";"27 563 297";"2024-09-04 21:42:48"
"2024-09-01";"";"30 367";"3 844";"27 563 044";"2024-09-01 14:11:42"
"2024-09-06";"";"103 131";"6 809";"27 561 877";"2024-09-06 23:20:19"
"2024-09-08";"YouTube";"951 859";"4 499 730";"27 561 396";"2024-09-08 16:49:35"
"2024-09-09";"WhatsApp";"1 292 899";"91 947";"27 563 110";"2024-09-10 01:46:48"
"2024-09-01";"";"2 497 647";"1 452 772";"27 562 241";"2024-09-01 22:19:24"
"2024-09-02";"Instagram";"18 410 705";"512 196";"27 562 988";"2024-09-02 08:41:49"
"2024-09-08";"";"27 603";"13 069";"27 563 006";"2024-09-08 19:52:46"
"2024-09-04";"Instagram";"200 162";"32 725";"27 561 633";"2024-09-04 18:27:48"
"2024-09-10";"Yandex";"1 714 494";"128 200";"27 562 992";"2024-09-11 01:34:06"
"2024-09-09";"";"93 679";"335 754";"27 563 131";"2024-09-09 04:13:34"
"2024-09-05";"";"53 362";"17 865";"27 561 680";"2024-09-05 22:07:52"
"2024-09-09";"";"46 439";"5 396";"27 561 459";"2024-09-09 22:55:38"
"2024-09-04";"Yandex";"33 147";"2 268";"27 563 036";"2024-09-04 18:15:54"
"2024-09-10";"";"25 826";"7 383";"27 561 350";"2024-09-10 20:29:32"
"2024-09-02";"";"192 874";"109 099";"27 562 719";"2024-09-02 08:53:19"
"2024-09-01";"YouTube";"137 864";"891 983";"27 561 356";"2024-09-01 10:07:38"
"2024-09-08";"";"78 537 972";"5 311 092";"27 561 215";"2024-09-08 03:24:50"
"2024-09-06";"YouTube";"35 503 058";"2 259 891";"27 561 418";"2024-09-06 08:29:49"
"2024-09-05";"Telegram";"26 505";"9 008";"27 563 021";"2024-09-05 20:53:55"
"2024-09-08";"";"166 303";"8 478";"27 562 701";"2024-09-08 16:01:07"
"2024-09-01";"Instagram";"42 331 473";"1 756 792";"27 563 432";"2024-09-01 04:25:02"
"2024-09-02";"";"232 234";"41 386";"27 562 436";"2024-09-02 23:20:36"
"2024-09-01";"";"830 602";"54 507";"27 561 259";"2024-09-01 16:49:31"
"2024-09-04";"";"57 312";"28 731";"27 562 542";"2024-09-04 06:03:20"
"2024-09-09";"Odnoklassniki";"394 731";"21 318";"27 562 041";"2024-09-09 12:09:20"
"2024-09-07";"YouTube";"923 807";"82 781";"27 562 447";"2024-09-07 07:28:45"
"2024-09-03";"Telegram";"19 816 777";"2 031 179";"27 562 908";"2024-09-03 15:36:19"
"2024-09-05";"";"50 085";"5 702";"27 561 687";"2024-09-05 14:47:17"
"2024-09-05";"";"556 943";"23 442";"27 562 365";"2024-09-05 20:05:43"
"2024-09-06";"";"45 099";"13 208";"27 562 398";"2024-09-06 14:47:43"
"2024-09-04";"YouTube";"3 506 551";"106 483";"27 561 840";"2024-09-04 05:14:10"
"2024-09-10";"";"146 012";"6 979";"27 561 312";"2024-09-10 18:51:29"
"2024-09-03";"";"134 190";"20 714";"27 561 427";"2024-09-03 11:44:49"
"2024-09-04";"";"22 664";"89 152";"27 562 816";"2024-09-04 03:36:38"
"2024-09-02";"";"80 021";"6 404";"27 562 281";"2024-09-02 04:25:24"
"2024-09-02";"YouTube";"60 896";"19 582";"27 561 867";"2024-09-02 09:18:24"
"2024-09-09";"";"27 272";"5 635";"27 561 462";"2024-09-09 06:27:29"
"2024-09-02";"Telegram";"10 217 515";"472 588";"27 562 997";"2024-09-03 02:23:41"
"2024-09-02";"";"1 026 981";"66 097";"27 561 934";"2024-09-03 01:58:10"
"2024-09-02";"Telegram";"98 535 142";"11 097 902";"27 561 825";"2024-09-02 15:24:10"
"2024-09-07";"";"51 816";"56 447";"27 562 331";"2024-09-08 02:23:02"
"2024-09-03";"Unknown";"923 366";"118 484";"27 561 221";"2024-09-03 13:10:38"
"2024-09-05";"";"134 123";"27 088";"27 562 601";"2024-09-05 06:51:52"
"2024-09-02";"YouTube";"28 842 623";"1 921 399";"27 562 539";"2024-09-02 09:42:20"
"2024-09-02";"Telegram";"5 316 102";"457 897";"27 562 838";"2024-09-02 10:19:19"
"2024-09-03";"Yandex";"182 227";"27 069";"27 562 685";"2024-09-03 19:16:52"
"2024-09-04";"";"123 522";"10 903";"27 562 199";"2024-09-04 04:25:24"
"2024-09-05";"";"73 723";"6 286";"27 561 484";"2024-09-05 20:29:20"
"2024-09-06";"YouTube";"9 959 695";"4 093 637";"27 561 906";"2024-09-06 15:12:13"
"2024-09-06";"";"528 240";"569 010";"27 561 204";"2024-09-06 21:30:52"
"2024-09-06";"";"0";"81 097";"27 562 468";"2024-09-06 04:37:30"
"2024-09-01";"Unknown";"29 050";"193 239";"27 561 994";"2024-09-01 04:49:02"
"2024-09-08";"Yandex";"181 623";"14 521";"27 561 600";"2024-09-08 19:04:41"
"2024-09-05";"YouTube";"1 412 078";"66 018";"27 561 613";"2024-09-05 11:56:20"
"2024-09-07";"";"144 651";"112 463";"27 562 033";"2024-09-07 05:14:51"
"2024-09-03";"";"6 097";"39 779";"27 563 014";"2024-09-03 15:36:38"
"2024-09-08";"YouTube";"985 913";"96 440";"27 563 093";"2024-09-08 04:13:23"
"2024-09-09";"";"8 709";"40 700";"27 561 730";"2024-09-09 20:29:14"
"2024-09-10";"";"25 609";"14 108";"27 562 364";"2024-09-11 00:57:37"
"2024-09-01";"";"4 425 111";"221 459";"27 562 495";"2024-09-01 05:50:25"
"2024-09-09";"Facebook";"113 938";"333 998";"27 561 821";"2024-09-09 03:36:39"
"2024-09-06";"Facebook";"1 136 438";"60 870 808";"27 562 629";"2024-09-06 09:06:32"
"2024-09-07";"";"367 401";"28 947";"27 562 066";"2024-09-07 15:48:03"
"2024-09-08";"YouTube";"2 531 123";"719 739";"27 562 233";"2024-09-08 17:02:48"
"2024-09-07";"";"6 690 732";"238 111";"27 563 326";"2024-09-07 22:43:48"
"2024-09-04";"";"42 564";"46 693";"27 561 613";"2024-09-04 04:37:52"
"2024-09-07";"";"76 990";"2 728";"27 562 041";"2024-09-07 17:38:17"
"2024-09-06";"Telegram";"4 510 116";"650 142";"27 561 393";"2024-09-06 21:18:02"
"2024-09-07";"";"31 496";"7 155";"27 561 651";"2024-09-07 14:11:26"
"2024-09-05";"VKontakte";"32 201";"6 754";"27 562 620";"2024-09-05 06:15:29"
"2024-09-03";"";"90 532";"7 638";"27 562 508";"2024-09-03 13:10:21"
"2024-09-07";"";"2 059 421";"138 544";"27 563 030";"2024-09-08 00:45:19"
"2024-09-09";"";"12 947 199";"10 168 735";"27 562 152";"2024-09-10 01:34:39"
"2024-09-05";"";"27 535 616";"1 562 720";"27 563 238";"2024-09-05 19:16:43"
"2024-09-03";"Telegram";"99 223 973";"6 361 464";"27 561 277";"2024-09-03 08:17:34"
"2024-09-09";"Telegram";"3 899 988";"189 667";"27 563 168";"2024-09-09 10:55:36"
"2024-09-02";"";"389 638";"270 225";"27 562 088";"2024-09-02 10:43:58"
"2024-09-01";"";"60 634";"6 751";"27 561 801";"2024-09-01 20:05:13"
"2024-09-04";"YouTube";"1 275 855";"357 996";"27 563 189";"2024-09-04 06:51:18"
"2024-09-01";"";"794 189";"230 335";"27 562 621";"2024-09-01 15:24:45"
"2024-09-03";"YouTube";"32 228 654";"2 189 060";"27 563 210";"2024-09-03 13:34:17"
"2024-09-03";"";"306 255";"125 065";"27 561 355";"2024-09-03 19:40:53"
"2024-09-06";"";"27 086";"7 911";"27 562 470";"2024-09-06 08:17:49"
"2024-09-10";"";"31 412";"5 554";"27 562 903";"2024-09-10 09:06:09"
"2024-09-02";"";"264 671";"150 319";"27 562 961";"2024-09-02 09:30:09"
"2024-09-08";"WhatsApp";"1 269 824";"1 809 360";"27 561 533";"2024-09-08 11:44:11"
"2024-09-04";"Facebook";"198 713";"18 561";"27 563 221";"2024-09-04 05:14:12"
"2024-09-05";"";"10 226";"31 046";"27 563 044";"2024-09-05 19:52:52"
"2024-09-04";"YouTube";"2 527 086";"150 441";"27 561 254";"2024-09-04 18:27:15"
"2024-09-09";"YouTube";"333 345";"82 160";"27 562 868";"2024-09-09 20:05:15"
"2024-09-03";"";"916 968";"49 206";"27 563 336";"2024-09-03 09:54:01"
"2024-09-01";"YouTube";"525 812";"88 915";"27 563 157";"2024-09-01 18:27:27"
"2024-09-02";"";"8 889 166";"1 154 940";"27 563 205";"2024-09-02 13:46:01"
"2024-09-01";"";"491 472";"415 514";"27 561 221";"2024-09-01 05:26:09"
"2024-09-10";"YouTube";"194 611";"1 829 332";"27 563 009";"2024-09-11 02:23:19"
"2024-09-06";"";"147 239";"27 362";"27 562 846";"2024-09-06 04:01:06"
"2024-09-02";"Yandex";"14 030 471";"741 531";"27 563 107";"2024-09-02 05:02:00"
"2024-09-09";"Facebook";"1 881 433";"99 460";"27 563 140";"2024-09-09 08:53:08"
"2024-09-06";"";"26 756";"5 890";"27 562 371";"2024-09-06 09:06:26"
"2024-09-03";"Odnoklassniki";"36 799";"13 496";"27 562 890";"2024-09-03 18:15:22"
"2024-09-03";"";"114 169";"19 084";"27 563 453";"2024-09-03 08:53:12"
"2024-09-01";"";"101 822";"4 907";"27 561 402";"2024-09-01 04:49:47"
"2024-09-01";"YouTube";"188 922";"82 804";"27 561 320";"2024-09-02 01:46:17"
"2024-09-03";"";"39 336";"1 927";"27 562 156";"2024-09-03 10:43:52"
"2024-09-08";"";"35 115";"151 431";"27 562 899";"2024-09-08 21:06:05"
"2024-09-07";"";"162 226";"37 702";"27 563 518";"2024-09-07 11:08:19"
"2024-09-09";"";"30 954 925";"446 334";"27 563 017";"2024-09-09 22:19:32"
"2024-09-01";"";"158 559";"14 782";"27 562 360";"2024-09-01 16:01:53"
"2024-09-04";"";"68 259";"8 227";"27 563 443";"2024-09-05 01:46:44"
"2024-09-09";"Yandex";"47 020";"6 097";"27 561 201";"2024-09-09 08:17:51"
"2024-09-08";"";"56 697";"2 418";"27 563 119";"2024-09-08 06:15:51"
"2024-09-04";"";"395 935";"15 118";"27 562 222";"2024-09-04 08:53:30"
"2024-09-10";"Unknown";"1 867 927";"85 904";"27 562 834";"2024-09-10 18:51:38"
"2024-09-01";"";"6 508 792";"222 374";"27 562 330";"2024-09-01 09:06:51"
"2024-09-02";"";"515 675";"164 914";"27 561 536";"2024-09-03 00:09:25"
"2024-09-04";"";"56 279";"785 966";"27 561 592";"2024-09-04 16:25:22"
"2024-09-06";"";"785 826";"162 731";"27 562 460";"2024-09-06 08:17:05"
"2024-09-07";"";"69 445";"24 319";"27 562 140";"2024-09-07 23:44:37"
"2024-09-09";"";"60 154";"2 435";"27 563 225";"2024-09-10 00:09:25"
"2024-09-09";"";"707 905";"94 361";"27 562 183";"2024-09-09 21:06:42"
"2024-09-06";"";"170 661";"34 464";"27 563 202";"2024-09-07 00:45:11"
"2024-09-10";"Unknown";"31 024";"3 630";"27 563 140";"2024-09-11 01:34:46"
"2024-09-01";"";"584 894";"192 683";"27 563 173";"2024-09-01 04:37:35"
"2024-09-10";"Yandex";"18 598";"58 221";"27 562 748";"2024-09-10 22:19:48"
"2024-09-05";"";"235 918";"42 088";"27 562 317";"2024-09-05 17:26:20"
"2024-09-04";"";"170 532";"132 506";"27 562 257";"2024-09-04 17:38:30"
"2024-09-01";"";"1 419 085";"136 666";"27 563 048";"2024-09-02 02:11:17"
"2024-09-05";"";"36 733";"24 791";"27 562 668";"2024-09-05 15:24:15"
"2024-09-06";"";"90 102";"7 004";"27 562 534";"2024-09-06 05:26:11"
"2024-09-02";"";"87 330";"5 022";"27 563 283";"2024-09-02 03:12:23"
"2024-09-09";"Yandex";"1 366 198";"1 016 989";"27 562 808";"2024-09-09 14:47:11"
"2024-09-03";"";"70 255";"10 032";"27 563 174";"2024-09-03 10:07:22"
"2024-09-09";"Apple Music";"519 977";"8 794";"27 561 172";"2024-09-09 06:51:07"
"2024-09-03";"";"28 734";"6 445";"27 563 445";"2024-09-03 22:19:51"
"2024-09-03";"Instagram";"4 815 368";"136 256";"27 562 779";"2024-09-03 19:04:16"
"2024-09-04";"";"236 484";"15 991";"27 563 088";"2024-09-04 22:55:04"
"2024-09-04";"Telegram";"78 047 185";"4 314 468";"27 562 542";"2024-09-04 16:13:56"
"2024-09-06";"";"26 953";"36 273";"27 561 687";"2024-09-06 13:46:32"
"2024-09-08";"Facebook";"283 097";"6 840";"27 562 352";"2024-09-08 20:17:19"
"2024-09-04";"Instagram";"664 870";"103 409";"27 562 442";"2024-09-04 18:39:02"
"2024-09-06";"";"11 740";"449 654";"27 562 076";"2024-09-06 21:54:53"
"2024-09-10";"";"72 419";"20 909";"27 561 230";"2024-09-10 19:28:33"
"2024-09-04";"";"58 913";"2 747";"27 561 237";"2024-09-04 07:40:16"
"2024-09-08";"YouTube";"702 508";"790 240";"27 561 857";"2024-09-08 23:08:47"
"2024-09-06";"Odnoklassniki";"31 387";"4 886";"27 562 086";"2024-09-06 12:33:02"
"2024-09-03";"";"62 586";"3 931";"27 562 934";"2024-09-03 16:37:05"
"2024-09-03";"";"85 125";"5 696";"27 563 093";"2024-09-03 08:41:08"
"2024-09-01";"Yandex";"155 102";"86 285";"27 561 352";"2024-09-01 22:07:13"
"2024-09-05";"Facebook";"454 318";"21 962";"27 561 466";"2024-09-05 03:00:22"
"2024-09-05";"Facebook";"1 083 364";"630 753";"27 562 982";"2024-09-05 16:37:41"
"2024-09-03";"";"173 046";"16 766";"27 563 066";"2024-09-03 23:32:38"
"2024-09-09";"Telegram";"36 743 900";"2 317 330";"27 563 451";"2024-09-09 09:30:12"
"2024-09-09";"YouTube";"264 826";"80 352";"27 562 213";"2024-09-09 13:58:31"
"2024-09-05";"";"83 407";"203 773";"27 562 039";"2024-09-05 23:20:51"
"2024-09-04";"";"90 314";"83 527";"27 562 156";"2024-09-04 12:21:58"
"2024-09-03";"YouTube";"4 027 757";"466 609";"27 561 600";"2024-09-03 09:06:03"
"2024-09-01";"";"399 510";"81 868";"27 561 524";"2024-09-01 13:58:13"
"2024-09-09";"YouTube";"349 704";"20 758";"27 562 868";"2024-09-10 01:22:44"
"2024-09-09";"";"26 707";"78 298";"27 561 538";"2024-09-09 08:05:30"
"2024-09-04";"";"421 086";"27 157";"27 563 334";"2024-09-04 22:43:42"
"2024-09-07";"";"186 533";"135 618";"27 563 231";"2024-09-08 02:11:41"
"2024-09-06";"";"6 037";"44 226";"27 561 999";"2024-09-06 10:43:22"
"2024-09-09";"";"33 682";"19 590";"27 562 839";"2024-09-09 19:52:52"
"2024-09-09";"";"262 013 989";"11 551 726";"27 562 708";"2024-09-09 14:35:17"
"2024-09-02";"Instagram";"127 066";"13 682";"27 561 375";"2024-09-02 15:48:27"
"2024-09-09";"VKontakte";"1 429 989";"106 528";"27 562 861";"2024-09-09 16:37:05"
"2024-09-05";"Instagram";"246 079";"6 583";"27 562 497";"2024-09-05 17:02:06"
"2024-09-07";"";"28 832";"12 329";"27 561 275";"2024-09-07 04:01:51"
"2024-09-03";"";"646 330";"23 470";"27 561 691";"2024-09-03 11:20:38"
"2024-09-04";"";"112 180";"3 836";"27 561 224";"2024-09-04 03:36:20"
"2024-09-07";"";"33 028 520";"2 086 118";"27 563 101";"2024-09-08 01:58:26"
"2024-09-10";"";"125 429";"5 982";"27 561 433";"2024-09-10 14:11:54"
"2024-09-03";"";"11 609";"27 703";"27 561 567";"2024-09-03 03:12:33"
"2024-09-01";"";"47 436";"2 287";"27 561 924";"2024-09-01 22:43:17"
"2024-09-01";"";"81 735";"27 485";"27 561 410";"2024-09-01 23:20:12"
"2024-09-10";"YouTube";"540 121";"90 778";"27 561 693";"2024-09-10 14:59:08"
"2024-09-08";"Facebook";"1 856 842";"1 268 473";"27 562 099";"2024-09-08 14:35:53"
"2024-09-02";"";"1 098 614";"484 876";"27 562 039";"2024-09-02 21:30:54"
"2024-09-04";"Facebook";"910 069";"29 632 168";"27 562 024";"2024-09-04 08:17:22"
"2024-09-05";"";"233 776";"404 497";"27 563 278";"2024-09-05 20:53:22"
"2024-09-01";"";"36 600";"15 305";"27 562 572";"2024-09-01 20:05:39"
"2024-09-04";"Instagram";"11 940 448";"417 887";"27 561 367";"2024-09-04 18:15:43"
"2024-09-09";"";"227 613";"227 626";"27 561 453";"2024-09-09 10:19:52"
"2024-09-07";"YouTube";"151 361 656";"10 928 838";"27 561 906";"2024-09-08 01:34:24"
"2024-09-09";"";"44 645";"3 963";"27 562 204";"2024-09-09 11:08:06"
"2024-09-04";"";"375 853";"21 696";"27 561 422";"2024-09-04 16:49:15"
"2024-09-04";"Instagram";"9 437 449";"91 713";"27 563 514";"2024-09-04 13:22:11"
"2024-09-07";"";"8 694 578";"446 836";"27 561 851";"2024-09-07 09:54:34"
"2024-09-04";"";"15 036";"38 319";"27 562 977";"2024-09-04 06:15:53"
"2024-09-08";"";"37 640";"21 655";"27 562 459";"2024-09-08 18:15:52"
"2024-09-01";"Unknown";"1 163 878";"96 945";"27 563 085";"2024-09-01 10:43:08"
"2024-09-09";"Unknown";"1 686 168";"72 310";"27 561 862";"2024-09-10 01:58:04"
"2024-09-05";"Telegram";"29 083 392";"1 762 371";"27 561 706";"2024-09-05 06:03:57"
"2024-09-05";"";"30 341";"13 307";"27 563 331";"2024-09-05 19:28:16"
"2024-09-03";"Facebook";"3 445 438";"126 273";"27 561 761";"2024-09-03 10:31:17"
"2024-09-07";"";"34 831";"101 682";"27 561 437";"2024-09-07 04:13:45"
"2024-09-01";"";"136 011";"57 236";"27 562 611";"2024-09-02 02:47:12"
"2024-09-05";"";"26 971";"9 911";"27 563 213";"2024-09-05 21:42:08"
"2024-09-07";"Instagram";"1 645 728";"377 124";"27 561 466";"2024-09-07 15:12:08"
"2024-09-04";"";"1 855 494";"141 937";"27 561 380";"2024-09-04 10:31:54"
"2024-09-05";"";"317 057";"20 978";"27 561 974";"2024-09-05 22:55:20"
"2024-09-02";"Instagram";"33 982 519";"978 530";"27 562 273";"2024-09-02 12:09:50"
"2024-09-04";"";"149 576";"142 358";"27 562 657";"2024-09-05 01:34:39"
"2024-09-03";"Yandex";"134 920";"42 231";"27 562 542";"2024-09-03 10:31:31"
"2024-09-03";"Instagram";"38 732";"8 621";"27 561 410";"2024-09-03 04:13:53"
"2024-09-07";"";"241 629";"8 712";"27 562 646";"2024-09-08 00:21:43"
"2024-09-09";"";"40 089";"3 213";"27 563 254";"2024-09-09 09:42:13"
"2024-09-08";"";"108 915";"82 079";"27 562 434";"2024-09-08 05:14:49"
"2024-09-06";"WhatsApp";"36 707";"4 042";"27 562 822";"2024-09-07 00:09:47"
"2024-09-05";"";"2 720 997";"365 057";"27 563 223";"2024-09-05 17:14:20"
"2024-09-09";"YouTube";"322 289";"6 965";"27 562 641";"2024-09-10 01:34:52"
"2024-09-10";"";"270 599";"15 260";"27 561 965";"2024-09-10 22:19:38"
"2024-09-01";"";"165 592";"176 788";"27 561 180";"2024-09-01 23:20:03"
"2024-09-08";"";"737 653";"2 434 588";"27 562 328";"2024-09-08 20:41:42"
"2024-09-06";"WhatsApp";"45 246";"3 819";"27 561 294";"2024-09-06 12:45:10"
"2024-09-09";"YouTube";"3 830 307";"634 682";"27 561 882";"2024-09-09 08:29:09"
"2024-09-08";"";"55 017";"4 526";"27 563 326";"2024-09-09 02:23:55"
"2024-09-02";"";"29 359";"1 763";"27 562 186";"2024-09-02 21:42:11"
"2024-09-07";"";"682 062";"44 431";"27 562 958";"2024-09-07 16:13:04"
"2024-09-01";"Instagram";"1 504 335";"90 890";"27 563 234";"2024-09-01 20:05:52"
"2024-09-02";"YouTube";"23 254";"176 353";"27 561 759";"2024-09-03 02:47:16"
"2024-09-10";"";"133 212";"34 444";"27 561 375";"2024-09-10 19:16:56"
"2024-09-07";"";"195 255";"148 628";"27 561 417";"2024-09-07 14:23:18"
"2024-09-08";"";"33 458";"3 551";"27 562 799";"2024-09-08 04:49:10"
"2024-09-08";"";"5 359 017";"265 755";"27 561 368";"2024-09-08 15:12:27"
"2024-09-03";"";"71 365";"4 052";"27 561 924";"2024-09-03 12:57:34"
"2024-09-02";"";"99 636";"15 656";"27 562 721";"2024-09-02 23:32:12"
"2024-09-07";"Telegram";"92 777 620";"5 406 981";"27 561 500";"2024-09-07 04:01:06"
"2024-09-04";"";"881 472";"139 217";"27 562 397";"2024-09-04 20:29:06"
"2024-09-06";"YouTube";"5 883 420";"1 798 498";"27 562 016";"2024-09-07 01:58:19"
"2024-09-05";"";"1 375 699";"208 958";"27 563 087";"2024-09-05 12:57:06"
"2024-09-06";"Instagram";"33 812 590";"1 484 484";"27 562 800";"2024-09-06 13:34:50"
"2024-09-05";"Tas-ix";"2 102 160";"61 363";"27 562 698";"2024-09-05 22:43:35"
"2024-09-04";"";"5 230 770";"5 931 859";"27 562 748";"2024-09-04 16:49:26"
"2024-09-09";"";"218 154";"21 445";"27 561 555";"2024-09-09 10:19:55"
"2024-09-06";"";"167 742";"19 487";"27 561 732";"2024-09-06 08:29:12"
"2024-09-07";"";"358 906";"26 321";"27 561 872";"2024-09-07 06:27:12"
"2024-09-01";"YouTube";"173 021";"87 415";"27 561 381";"2024-09-01 15:36:24"
"2024-09-01";"";"127 764";"33 862";"27 562 102";"2024-09-01 13:46:56"
"2024-09-03";"";"2 511 025";"284 583";"27 562 075";"2024-09-03 19:28:56"
"2024-09-07";"";"152 710";"31 747";"27 562 294";"2024-09-07 20:17:44"
"2024-09-04";"";"2 638 519";"231 408";"27 562 892";"2024-09-04 10:07:19"
"2024-09-03";"YouTube";"146 462";"1 013 307";"27 562 185";"2024-09-03 20:29:17"
"2024-09-02";"";"23 383";"32 899";"27 561 693";"2024-09-02 05:02:22"
"2024-09-01";"";"31 231";"2 740";"27 562 835";"2024-09-01 14:11:39"
"2024-09-02";"YouTube";"369 275";"33 613";"27 562 864";"2024-09-02 03:48:08"
"2024-09-06";"";"40 821";"51 757";"27 562 912";"2024-09-06 13:58:25"
"2024-09-08";"Instagram";"824 082";"93 665";"27 561 236";"2024-09-08 14:47:57"
"2024-09-02";"";"90 827";"5 713";"27 561 811";"2024-09-02 15:00:05"
"2024-09-04";"Apple Music";"88 008";"4 554";"27 563 153";"2024-09-04 21:42:25"
"2024-09-03";"Facebook";"70 207";"8 788";"27 562 820";"2024-09-03 14:35:09"
"2024-09-06";"";"56 879";"2 537";"27 562 505";"2024-09-06 19:16:54"
"2024-09-10";"";"937 328";"374 492";"27 563 507";"2024-09-10 07:40:38"
"2024-09-02";"Telegram";"14 209 620";"5 968 883";"27 562 409";"2024-09-03 02:23:05"
"2024-09-02";"";"2 111 140";"417 167";"27 561 542";"2024-09-02 06:27:23"
"2024-09-10";"";"120 471";"23 131";"27 562 816";"2024-09-10 13:22:56"
"2024-09-07";"";"709 613";"52 649";"27 561 694";"2024-09-08 01:22:02"
"2024-09-05";"WhatsApp";"46 293 816";"47 974 843";"27 563 136";"2024-09-05 22:19:26"
"2024-09-09";"Instagram";"19 621 825";"960 107";"27 562 355";"2024-09-09 15:12:19"
"2024-09-03";"";"414 211";"96 382";"27 562 376";"2024-09-03 20:53:05"
"2024-09-09";"";"214 590";"32 116";"27 562 951";"2024-09-09 13:46:07"
"2024-09-05";"";"159 046 496";"9 165 972";"27 561 641";"2024-09-05 23:08:24"
"2024-09-03";"";"138 800";"29 016";"27 563 395";"2024-09-03 11:56:58"
"2024-09-01";"WhatsApp";"258 864";"296 856";"27 562 398";"2024-09-01 03:00:37"
"2024-09-08";"";"118 179";"105 279";"27 562 812";"2024-09-08 21:18:14"
"2024-09-05";"";"1 094 746";"142 072";"27 561 250";"2024-09-05 05:38:08"
"2024-09-07";"";"600";"39 774";"27 563 453";"2024-09-07 09:54:43"
"2024-09-10";"";"409 322";"106 775";"27 561 981";"2024-09-10 04:37:00"
"2024-09-07";"";"2 298 518";"237 669";"27 562 320";"2024-09-07 14:47:41"
"2024-09-02";"Instagram";"53 519 437";"1 594 941";"27 562 547";"2024-09-02 13:58:43"
"2024-09-06";"Instagram";"443 592";"1 433 231";"27 562 073";"2024-09-07 02:23:48"
"2024-09-06";"";"79 220";"21 325";"27 561 669";"2024-09-06 12:45:45"
"2024-09-03";"";"827 600";"43 488";"27 563 281";"2024-09-03 11:08:10"
"2024-09-07";"YouTube";"3 613 840";"249 391";"27 563 223";"2024-09-08 02:11:52"
"2024-09-05";"";"2 769 264";"95 591";"27 561 844";"2024-09-06 02:35:28"
"2024-09-07";"";"7 583";"35 169";"27 561 459";"2024-09-07 11:32:07"
"2024-09-01";"";"19 145 564";"907 605";"27 561 240";"2024-09-01 20:29:11"
"2024-09-01";"";"481 979";"111 134";"27 562 070";"2024-09-01 04:13:51"
"2024-09-10";"";"82 014";"2 481";"27 562 821";"2024-09-10 18:15:04"
"2024-09-08";"Telegram";"53 185 250";"3 046 807";"27 561 547";"2024-09-08 12:57:00"
"2024-09-05";"YouTube";"7 312 714";"442 256";"27 562 100";"2024-09-05 21:30:29"
"2024-09-03";"Telegram";"51 274 465";"2 734 278";"27 563 070";"2024-09-03 10:43:27"
"2024-09-09";"YouTube";"2 250 650";"131 129";"27 563 502";"2024-09-09 22:19:57"
"2024-09-04";"";"222 611";"18 265";"27 562 895";"2024-09-04 15:36:08"
"2024-09-06";"Instagram";"148 353 897";"2 808 398";"27 562 841";"2024-09-07 02:35:42"
"2024-09-05";"";"526 410";"21 034";"27 563 313";"2024-09-05 07:04:14"
"2024-09-01";"";"44 707";"3 578";"27 562 157";"2024-09-02 00:45:02"
"2024-09-08";"";"84 567";"29 453";"27 563 143";"2024-09-08 23:20:00"
"2024-09-04";"WhatsApp";"44 712";"364";"27 561 658";"2024-09-04 07:16:30"
"2024-09-05";"";"467 396";"144 593";"27 561 173";"2024-09-05 16:49:59"
"2024-09-09";"";"123 937";"5 934";"27 563 106";"2024-09-09 10:31:38"
"2024-09-09";"";"38 036";"3 635";"27 562 118";"2024-09-09 10:31:56"
"2024-09-04";"";"44 982";"2 043";"27 562 291";"2024-09-04 12:45:50"
"2024-09-01";"";"2 528 989";"343 940";"27 561 871";"2024-09-01 12:09:49"
"2024-09-07";"Odnoklassniki";"535 473";"44 939";"27 562 646";"2024-09-07 23:32:44"
"2024-09-07";"";"347 793";"67 346";"27 563 357";"2024-09-07 14:59:11"
"2024-09-03";"Instagram";"125 227 029";"2 495 841";"27 561 763";"2024-09-03 09:30:08"
"2024-09-09";"";"32 547";"24 647";"27 562 686";"2024-09-09 05:14:31"
"2024-09-02";"";"87 236";"6 382";"27 562 102";"2024-09-02 21:18:36"
"2024-09-06";"";"40 660";"306 400";"27 561 375";"2024-09-06 23:20:50"
"2024-09-08";"Instagram";"40 697 450";"1 582 266";"27 562 659";"2024-09-08 23:56:37"
"2024-09-07";"YouTube";"305 672 726";"18 435 616";"27 563 134";"2024-09-07 09:42:03"
"2024-09-07";"Instagram";"11 395 881";"755 575";"27 562 489";"2024-09-07 19:16:14"
"2024-09-04";"";"135 125";"454 823";"27 562 864";"2024-09-04 07:28:19"
"2024-09-05";"";"86 082";"138 148";"27 561 314";"2024-09-06 01:10:22"
"2024-09-10";"YouTube";"565 606 074";"34 349 821";"27 561 247";"2024-09-10 10:55:38"
"2024-09-01";"";"157 633";"454 075";"27 563 291";"2024-09-01 23:08:57"
"2024-09-10";"Unknown";"65 193";"11 922";"27 562 120";"2024-09-10 06:15:51"
"2024-09-08";"";"78 512";"5 215";"27 563 143";"2024-09-08 18:27:57"
"2024-09-01";"";"30 192";"15 931";"27 562 243";"2024-09-01 22:43:41"
"2024-09-09";"";"236 549";"382 709";"27 561 920";"2024-09-09 13:58:12"
"2024-09-09";"";"44 812";"7 860";"27 562 791";"2024-09-09 19:52:46"
"2024-09-01";"";"283 117";"210 407";"27 561 489";"2024-09-01 15:24:15"
"2024-09-08";"";"34 545";"13 638";"27 562 259";"2024-09-08 18:03:01"
"2024-09-01";"WhatsApp";"298 815";"39 447";"27 563 213";"2024-09-01 09:42:22"
"2024-09-02";"";"30 189";"2 517";"27 562 484";"2024-09-02 21:06:27"
"2024-09-03";"";"133 192";"33 020";"27 562 659";"2024-09-03 15:12:42"
"2024-09-02";"";"200 812";"13 453";"27 562 127";"2024-09-02 20:05:42"
"2024-09-09";"";"88 660";"17 911";"27 562 696";"2024-09-09 14:11:45"
"2024-09-06";"";"51 826";"3 710";"27 562 170";"2024-09-06 03:36:15"
"2024-09-10";"YouTube";"111 270";"13 564";"27 563 110";"2024-09-10 13:34:48"
"2024-09-08";"";"205 288";"677 383";"27 561 424";"2024-09-09 02:11:06"
"2024-09-06";"";"30 783";"4 011";"27 561 958";"2024-09-06 21:54:47"
"2024-09-06";"YouTube";"556 891";"95 032";"27 562 365";"2024-09-06 14:23:39"
"2024-09-07";"VKontakte";"379 075";"22 681";"27 561 883";"2024-09-07 23:56:57"
"2024-09-06";"";"376 368";"30 201";"27 562 024";"2024-09-06 12:09:45"
"2024-09-04";"YouTube";"1 846 954";"394 343";"27 562 886";"2024-09-04 12:57:32"
"2024-09-08";"Facebook";"399 484";"101 326";"27 563 446";"2024-09-08 05:50:28"
"2024-09-10";"";"107 130";"55 442";"27 563 000";"2024-09-10 23:32:05"
"2024-09-08";"";"59 920";"4 089";"27 561 231";"2024-09-08 04:49:40"
"2024-09-07";"Unknown";"220 774";"16 686";"27 562 780";"2024-09-07 07:40:34"
"2024-09-03";"";"158 258";"41 432";"27 562 837";"2024-09-03 13:10:16"
"2024-09-03";"Facebook";"405 331";"138 523";"27 562 259";"2024-09-03 17:14:38"
"2024-09-05";"";"95 189";"6 655";"27 563 451";"2024-09-05 15:24:58"
"2024-09-10";"";"4 861";"46 327";"27 563 291";"2024-09-10 23:08:31"
"2024-09-06";"";"143 810";"79 924";"27 563 254";"2024-09-06 09:54:17"
"2024-09-03";"YouTube";"1 436 092";"2 263 523";"27 561 288";"2024-09-03 18:15:36"
"2024-09-05";"";"43 802";"6 099";"27 562 839";"2024-09-05 08:41:19"
"2024-09-05";"";"365 711";"47 981";"27 561 965";"2024-09-05 07:52:56"
"2024-09-01";"";"8 944";"97 328";"27 562 991";"2024-09-01 03:12:42"
"2024-09-07";"";"1 498 140";"218 857";"27 563 141";"2024-09-07 16:37:09"
"2024-09-08";"";"30 100";"22 194";"27 561 452";"2024-09-09 01:34:42"
"2024-09-07";"";"28 673";"12 792";"27 561 265";"2024-09-07 20:05:54"
"2024-09-09";"";"16 630";"94 223";"27 563 297";"2024-09-10 00:33:28"
"2024-09-01";"";"53 497";"18 344";"27 562 586";"2024-09-01 12:21:58"
"2024-09-10";"";"256 774";"6 794";"27 561 457";"2024-09-10 03:48:55"
"2024-09-04";"";"146 237";"51 534";"27 561 687";"2024-09-04 14:11:57"
"2024-09-03";"YouTube";"8 095 881";"3 056 071";"27 562 403";"2024-09-03 19:52:39"
"2024-09-02";"";"873 905";"279 593";"27 562 388";"2024-09-02 13:58:14"
"2024-09-05";"Yandex";"1 292 496";"979 831";"27 563 041";"2024-09-05 10:07:43"
"2024-09-02";"YouTube";"148 887";"60 973";"27 561 811";"2024-09-02 07:40:58"
"2024-09-03";"Odnoklassniki";"294 102";"75 847";"27 561 792";"2024-09-03 16:49:39"
"2024-09-01";"";"178 981";"9 830";"27 561 460";"2024-09-01 06:51:28"
"2024-09-06";"";"360 924";"19 322";"27 561 895";"2024-09-06 17:26:22"
"2024-09-05";"";"24 407";"33 553";"27 562 542";"2024-09-05 03:00:39"
"2024-09-04";"";"5 016";"46 510";"27 561 592";"2024-09-05 01:46:35"
"2024-09-05";"YouTube";"54 830";"17 863";"27 563 280";"2024-09-06 00:33:06"
"2024-09-05";"TikTok";"820";"30 969";"27 562 091";"2024-09-05 16:49:17"
"2024-09-03";"";"60 339";"4 125";"27 562 354";"2024-09-03 03:24:44"
"2024-09-09";"";"65 808";"90 766";"27 563 136";"2024-09-10 01:34:05"
"2024-09-06";"";"728 669";"162 566";"27 561 621";"2024-09-06 22:55:32"
"2024-09-01";"";"60 400";"156 301";"27 561 753";"2024-09-01 08:41:07"
"2024-09-08";"";"97 407";"112 340";"27 561 600";"2024-09-08 14:47:57"
"2024-09-03";"";"40 722";"27 336";"27 562 538";"2024-09-03 21:18:20"
"2024-09-05";"";"28 506";"10 280";"27 562 404";"2024-09-05 05:26:27"
"2024-09-05";"Telegram";"139 711 802";"5 249 806";"27 562 202";"2024-09-05 03:48:16"
"2024-09-07";"";"223 916";"23 236";"27 561 897";"2024-09-07 03:12:11"
"2024-09-10";"";"567 048";"23 373";"27 561 253";"2024-09-11 00:21:24"
"2024-09-06";"IMO";"72 766";"74 223";"27 562 393";"2024-09-06 16:49:29"
"2024-09-06";"";"2 387 849";"160 054";"27 561 920";"2024-09-06 18:03:39"
"2024-09-09";"";"1 444 563";"65 887";"27 562 840";"2024-09-09 13:10:44"
"2024-09-09";"";"48 431";"9 753";"27 563 029";"2024-09-09 11:44:41"
"2024-09-06";"";"33 747";"19 864";"27 562 559";"2024-09-06 22:31:56"
"2024-09-01";"";"62 477";"8 241";"27 561 347";"2024-09-01 17:38:47"
"2024-09-04";"";"25 874";"5 553";"27 561 819";"2024-09-04 14:47:14"
"2024-09-10";"";"58 696";"19 066";"27 563 311";"2024-09-10 05:02:57"
"2024-09-09";"YouTube";"1 314 669";"120 204";"27 561 524";"2024-09-09 12:33:08"
"2024-09-09";"";"651 266";"25 242";"27 563 285";"2024-09-09 23:08:45"
"2024-09-02";"";"31 516";"3 625";"27 562 695";"2024-09-02 08:41:51"
"2024-09-01";"";"60 795";"14 680";"27 562 704";"2024-09-01 22:55:34"
"2024-09-09";"Instagram";"226 863";"14 474";"27 561 204";"2024-09-09 20:17:13"
"2024-09-05";"";"310 493";"12 832";"27 563 310";"2024-09-06 00:45:53"
"2024-09-10";"YouTube";"31 578";"17 250";"27 563 123";"2024-09-10 15:48:08"
"2024-09-08";"";"3 250 199";"197 777";"27 563 326";"2024-09-08 19:16:39"
"2024-09-06";"YouTube";"662 988";"213 286";"27 562 505";"2024-09-06 13:34:02"
"2024-09-02";"";"45 401";"48 148";"27 561 621";"2024-09-03 00:09:35"
"2024-09-02";"Facebook";"1 824 672";"39 000";"27 562 377";"2024-09-02 03:12:36"
"2024-09-07";"Instagram";"142 073 816";"3 135 379";"27 562 459";"2024-09-07 06:15:31"
"2024-09-06";"";"1 538 570";"220 471";"27 562 685";"2024-09-06 12:21:10"
"2024-09-06";"Telegram";"94 007 599";"5 336 528";"27 561 958";"2024-09-06 18:27:21"
"2024-09-08";"";"99 251";"8 817";"27 562 202";"2024-09-08 23:08:00"
"2024-09-03";"";"76 511";"5 580";"27 561 915";"2024-09-03 14:11:40"
"2024-09-05";"";"94 227";"33 548";"27 561 582";"2024-09-06 02:35:17"
"2024-09-09";"YouTube";"1 060 433 475";"63 189 560";"27 561 197";"2024-09-09 14:35:30"
"2024-09-02";"Facebook";"7 707 157";"195 080";"27 562 233";"2024-09-03 00:57:02"
"2024-09-09";"Likee";"8 189 683";"1 467 712";"27 562 762";"2024-09-09 14:35:33"
"2024-09-05";"";"275 792";"19 599";"27 562 050";"2024-09-06 02:11:13"
"2024-09-01";"";"3 506 152";"389 192";"27 561 343";"2024-09-01 03:24:13"
"2024-09-05";"Apple Music";"378 256";"18 114";"27 562 851";"2024-09-05 13:10:03"
"2024-09-03";"";"244 169";"24 491";"27 562 775";"2024-09-03 07:40:46"
"2024-09-03";"Facebook";"45 998";"4 466";"27 561 845";"2024-09-03 19:04:24"
"2024-09-08";"";"24 896 812";"1 581 343";"27 562 022";"2024-09-08 14:35:01"
"2024-09-07";"";"200 683";"426 067";"27 561 222";"2024-09-07 17:50:27"
"2024-09-08";"WhatsApp";"32 261";"8 898";"27 562 658";"2024-09-09 02:59:51"
"2024-09-03";"YouTube";"112 853";"36 156";"27 561 616";"2024-09-03 20:29:50"
"2024-09-09";"";"95 239";"60 986";"27 561 171";"2024-09-09 12:45:02"
"2024-09-07";"";"862 271";"39 492";"27 561 513";"2024-09-07 14:23:17"
"2024-09-08";"";"46 675";"2 165";"27 562 025";"2024-09-08 03:00:08"
"2024-09-02";"";"2 615 881";"395 999";"27 561 592";"2024-09-02 03:00:58"
"2024-09-01";"";"68 960";"6 502";"27 562 608";"2024-09-01 09:42:34"
"2024-09-08";"";"59 639";"5 805";"27 563 311";"2024-09-08 23:44:54"
"2024-09-06";"";"33 117";"2 832";"27 563 369";"2024-09-07 00:09:59"
"2024-09-02";"";"29 211 947";"2 268 723";"27 562 450";"2024-09-02 17:50:46"
"2024-09-06";"";"173 419";"137 912";"27 561 250";"2024-09-06 06:51:53"
"2024-09-02";"";"51 166";"5 375";"27 562 399";"2024-09-03 00:21:25"
"2024-09-05";"";"62 807";"22 378";"27 561 225";"2024-09-05 12:45:11"
"2024-09-06";"TikTok";"344 150";"74 970";"27 561 915";"2024-09-06 11:20:51"
"2024-09-05";"";"541 841";"20 947";"27 562 398";"2024-09-05 15:48:47"
"2024-09-01";"Instagram";"76 871 790";"2 065 944";"27 562 071";"2024-09-01 09:54:17"
"2024-09-09";"Facebook";"146 093";"81 453";"27 563 213";"2024-09-09 05:26:55"
"2024-09-04";"YouTube";"3 122 746";"1 091 894";"27 563 136";"2024-09-04 03:00:26"
"2024-09-04";"";"2 058 361";"57 952";"27 562 480";"2024-09-04 20:53:43"
"2024-09-05";"";"61 171";"4 394";"27 561 265";"2024-09-06 00:45:55"
"2024-09-05";"";"201 584";"33 974";"27 563 119";"2024-09-06 01:58:15"
"2024-09-10";"";"30 635";"2 640";"27 561 655";"2024-09-10 14:35:32"
"2024-09-07";"";"379 743";"18 804";"27 562 536";"2024-09-07 06:27:25"
"2024-09-06";"Yandex";"88 237";"47 403";"27 561 370";"2024-09-06 19:40:36"
"2024-09-01";"YouTube";"663 224";"47 251";"27 562 287";"2024-09-01 06:15:24"
"2024-09-07";"Apple Music";"88 026";"39 313";"27 562 791";"2024-09-07 22:19:13"
"2024-09-04";"YouTube";"83 321";"314 376";"27 561 922";"2024-09-04 20:17:16"
"2024-09-09";"";"109 663";"35 216";"27 562 459";"2024-09-09 18:39:08"
"2024-09-06";"";"74 785";"29 814";"27 563 174";"2024-09-06 10:19:25"
"2024-09-10";"";"107 503";"91 487";"27 561 431";"2024-09-10 09:30:09"
"2024-09-08";"Telegram";"71 418 524";"5 916 696";"27 561 324";"2024-09-08 23:20:12"
"2024-09-02";"Apple Music";"100 559";"27 780";"27 562 951";"2024-09-02 14:59:23"
"2024-09-03";"";"524 750";"76 062";"27 562 613";"2024-09-03 23:32:08"
"2024-09-07";"YouTube";"262 044";"1 528 024";"27 562 775";"2024-09-07 07:28:20"
"2024-09-05";"";"26 673 774";"1 708 824";"27 563 136";"2024-09-05 09:18:25"
"2024-09-02";"";"175 520";"74 764";"27 562 398";"2024-09-02 15:24:42"
"2024-09-03";"";"77 375";"4 493";"27 563 376";"2024-09-03 07:28:38"
"2024-09-08";"";"30 016";"3 284";"27 561 436";"2024-09-08 15:00:33"
"2024-09-02";"";"73 586";"4 579";"27 562 520";"2024-09-03 00:45:01"
"2024-09-08";"TikTok";"1 782 427";"74 678 231";"27 561 741";"2024-09-08 21:18:26"
"2024-09-07";"";"2 264 996";"660 979";"27 563 128";"2024-09-07 18:15:39"
"2024-09-09";"Instagram";"1 358 289";"1 059 311";"27 562 827";"2024-09-09 11:20:56"
"2024-09-01";"Facebook";"122 989";"13 650";"27 561 924";"2024-09-01 10:19:46"
"2024-09-05";"";"77 377";"118 353";"27 562 267";"2024-09-05 13:10:37"
"2024-09-05";"";"6 174 712";"419 646";"27 563 284";"2024-09-06 01:58:03"
"2024-09-10";"";"27 312";"10 794";"27 563 403";"2024-09-10 21:06:21"
"2024-09-06";"";"198 929";"10 683";"27 562 320";"2024-09-06 23:32:56"
"2024-09-04";"YouTube";"389 203";"60 748";"27 561 490";"2024-09-05 02:11:59"
"2024-09-07";"";"73 898";"4 119";"27 562 778";"2024-09-07 20:17:00"
"2024-09-05";"Unknown";"1 005 251";"51 793";"27 561 354";"2024-09-05 15:24:10"
"2024-09-08";"";"33 375";"22 588";"27 562 660";"2024-09-08 22:43:19"
"2024-09-02";"";"51 358";"12 249";"27 563 083";"2024-09-02 10:07:36"
"2024-09-03";"";"278 612";"92 494";"27 562 376";"2024-09-03 21:06:51"
"2024-09-06";"";"786 429";"166 997";"27 561 978";"2024-09-06 05:26:54"
"2024-09-06";"";"5 430 370";"282 529";"27 561 375";"2024-09-06 14:59:08"
"2024-09-05";"";"225 061";"203 509";"27 562 252";"2024-09-05 05:50:25"
"2024-09-07";"YouTube";"165 799 959";"9 833 448";"27 561 422";"2024-09-07 18:27:14"
"2024-09-05";"";"352 635";"178 076";"27 562 047";"2024-09-06 02:11:27"
"2024-09-01";"YouTube";"162 689 473";"13 003 294";"27 561 359";"2024-09-02 02:47:07"
"2024-09-03";"";"45 775";"15 512";"27 562 756";"2024-09-03 18:27:12"
"2024-09-03";"";"2 429 303";"281 357";"27 563 238";"2024-09-03 07:40:46"
"2024-09-01";"";"3 861";"27 480";"27 563 217";"2024-09-02 00:21:13"
"2024-09-02";"Facebook";"34 607";"2 825";"27 562 674";"2024-09-02 19:52:14"
"2024-09-07";"";"78 978";"17 217";"27 563 211";"2024-09-07 06:15:01"
"2024-09-02";"Facebook";"52 826";"45 719";"27 561 491";"2024-09-02 04:25:25"
"2024-09-01";"";"92 667";"4 261";"27 562 663";"2024-09-01 19:28:09"
"2024-09-09";"Likee";"129 122";"158 301";"27 561 231";"2024-09-10 02:23:54"
"2024-09-06";"Yandex";"448 908";"22 064";"27 562 917";"2024-09-06 23:32:29"
"2024-09-09";"Instagram";"1 151 699";"38 387";"27 562 992";"2024-09-10 01:46:20"
"2024-09-04";"Yandex";"94 165";"172 375";"27 561 630";"2024-09-04 23:20:25"
"2024-09-03";"";"393 581";"231 448";"27 562 024";"2024-09-04 00:09:10"
"2024-09-09";"Unknown";"1 101 577";"868 048";"27 563 424";"2024-09-09 20:05:16"
"2024-09-05";"";"197 256";"26 490";"27 562 052";"2024-09-05 21:06:17"
"2024-09-09";"";"27 364";"23 341";"27 561 369";"2024-09-09 20:05:27"
"2024-09-01";"";"84 616";"5 695";"27 562 124";"2024-09-02 02:11:03"
"2024-09-08";"";"127 576";"56 631";"27 562 538";"2024-09-08 10:07:42"
"2024-09-01";"";"26 198";"6 219";"27 561 645";"2024-09-01 20:17:24"
"2024-09-04";"";"163 413";"11 796";"27 562 476";"2024-09-04 12:09:12"
"2024-09-04";"";"3 248 336";"132 137";"27 562 696";"2024-09-04 04:13:24"
"2024-09-08";"";"440 899";"19 498";"27 562 033";"2024-09-08 08:17:43"
"2024-09-02";"";"28 031";"10 335";"27 562 511";"2024-09-02 17:26:23"
"2024-09-02";"";"47 926";"18 378";"27 561 533";"2024-09-02 19:04:03"
"2024-09-10";"";"28 983";"1 936";"27 563 119";"2024-09-10 10:19:09"
"2024-09-03";"";"99 459";"349 318";"27 561 958";"2024-09-03 04:37:47"
"2024-09-08";"";"79 909";"7 570";"27 562 484";"2024-09-09 02:59:34"
"2024-09-06";"";"1 205 574";"74 599";"27 561 970";"2024-09-06 16:13:21"
"2024-09-03";"";"44 920";"3 908";"27 562 490";"2024-09-03 15:48:08"
"2024-09-05";"Facebook";"319 554";"129 557";"27 562 400";"2024-09-06 02:11:51"
"2024-09-09";"";"42 862";"6 148";"27 562 505";"2024-09-09 05:50:10"
"2024-09-03";"";"393 546";"322 678";"27 561 974";"2024-09-03 19:04:22"
"2024-09-05";"";"34 774";"10 102";"27 561 699";"2024-09-05 23:56:28"
"2024-09-01";"Odnoklassniki";"162 774";"95 767";"27 563 066";"2024-09-01 16:01:05"
"2024-09-04";"";"67 654";"7 827";"27 563 365";"2024-09-04 04:01:34"
"2024-09-05";"";"77 662";"34 520";"27 562 398";"2024-09-05 09:42:41"
"2024-09-01";"";"25 425";"31 320";"27 562 905";"2024-09-01 12:45:27"
"2024-09-09";"";"28 055";"9 766";"27 561 884";"2024-09-10 00:21:18"
"2024-09-10";"";"107 924";"5 495";"27 561 634";"2024-09-10 22:19:54"
"2024-09-05";"Facebook";"17 106";"27 358";"27 563 192";"2024-09-05 19:04:24"
"2024-09-02";"";"63 864";"7 447";"27 562 244";"2024-09-02 10:31:53"
"2024-09-10";"";"36 611";"10 948";"27 562 512";"2024-09-10 18:39:55"
"2024-09-01";"";"83 137";"80 064";"27 561 375";"2024-09-01 04:01:12"
"2024-09-02";"";"28 032";"25 551";"27 561 350";"2024-09-02 18:03:55"
"2024-09-01";"";"29 346";"29 533";"27 562 149";"2024-09-01 10:19:48"
"2024-09-07";"";"2 491 119";"153 170";"27 562 646";"2024-09-07 20:29:42"
"2024-09-02";"Yandex";"4 802 615";"2 085 030";"27 563 093";"2024-09-02 08:05:56"
"2024-09-06";"";"33 905";"20 345";"27 562 243";"2024-09-06 13:10:02"
"2024-09-04";"";"77 531";"10 788";"27 563 290";"2024-09-05 02:59:43"
"2024-09-02";"";"174 480";"8 352";"27 561 698";"2024-09-02 03:12:28"
"2024-09-09";"Instagram";"1 351 636";"966 745";"27 562 847";"2024-09-09 08:41:23"
"2024-09-05";"Telegram";"2 636 343";"298 515";"27 561 784";"2024-09-05 21:18:08"
"2024-09-05";"Facebook";"136 380";"16 615";"27 561 491";"2024-09-05 22:55:29"
"2024-09-06";"";"3 743";"66 102";"27 562 170";"2024-09-06 08:05:38"
"2024-09-07";"YouTube";"235 280 948";"13 455 207";"27 562 527";"2024-09-07 14:35:01"
"2024-09-04";"Instagram";"360 356";"86 826";"27 561 651";"2024-09-04 17:02:31"
"2024-09-09";"";"108 034";"18 204";"27 561 981";"2024-09-10 01:58:02"
"2024-09-10";"";"817 972";"178 684";"27 561 251";"2024-09-10 11:56:06"
"2024-09-07";"";"31 511";"2 872";"27 562 578";"2024-09-07 18:03:43"
"2024-09-06";"Yandex";"433 586";"108 790";"27 562 861";"2024-09-06 03:36:23"
"2024-09-10";"Facebook";"740 523";"20 253";"27 563 295";"2024-09-10 03:36:47"
"2024-09-06";"";"493 182";"54 156";"27 561 863";"2024-09-06 21:18:13"
"2024-09-10";"TikTok";"661 434";"6 407 672";"27 563 048";"2024-09-10 05:26:11"
"2024-09-10";"";"2 211 940";"2 006 200";"27 561 564";"2024-09-10 23:20:01"
"2024-09-07";"";"2 062";"132 258";"27 562 473";"2024-09-07 19:40:23"
"2024-09-08";"";"2 299 513";"355 567";"27 561 669";"2024-09-08 11:20:30"
"2024-09-04";"";"66 033";"15 309";"27 563 503";"2024-09-04 09:42:33"
"2024-09-06";"";"25 719";"6 454";"27 561 964";"2024-09-06 16:13:21"
"2024-09-02";"";"27 731";"1 340";"27 562 263";"2024-09-02 10:31:50"
"2024-09-10";"";"42 091";"5 207";"27 563 052";"2024-09-10 21:18:52"
"2024-09-04";"";"53 874";"5 196";"27 562 326";"2024-09-04 09:30:50"
"2024-09-07";"";"44 027";"92 796";"27 562 592";"2024-09-08 02:23:48"
"2024-09-08";"";"3 763 505";"217 113";"27 561 306";"2024-09-08 05:38:26"
"2024-09-01";"";"33 607";"12 803";"27 562 107";"2024-09-01 21:30:44"
"2024-09-03";"";"2 338 192";"161 140";"27 562 647";"2024-09-03 23:32:33"
"2024-09-06";"YouTube";"15 791 507";"813 118";"27 562 804";"2024-09-06 12:45:26"
"2024-09-05";"";"1 200 509";"40 595";"27 563 291";"2024-09-05 19:04:51"
"2024-09-10";"";"170 168";"235 697";"27 561 273";"2024-09-10 04:25:38"
"2024-09-06";"";"728 495";"133 739";"27 563 174";"2024-09-06 13:34:42"
"2024-09-03";"";"91 548";"4 692";"27 562 294";"2024-09-03 03:00:02"
"2024-09-09";"Facebook";"15 707";"28 142";"27 561 474";"2024-09-09 04:49:18"
"2024-09-02";"";"924 271";"52 313";"27 562 286";"2024-09-02 03:24:45"
"2024-09-10";"";"248 735";"9 758";"27 563 017";"2024-09-10 16:13:04"
"2024-09-01";"Facebook";"31 862";"2 493";"27 562 094";"2024-09-01 14:35:43"
"2024-09-03";"";"1 717 272";"125 561";"27 562 156";"2024-09-03 20:53:08"
"2024-09-09";"";"49 903";"195 395";"27 562 175";"2024-09-09 21:18:52"
"2024-09-08";"";"186 117";"234 132";"27 562 622";"2024-09-08 12:09:02"
"2024-09-07";"";"29 548";"8 955";"27 561 441";"2024-09-07 10:43:25"
"2024-09-07";"";"1 822 241";"127 004";"27 561 276";"2024-09-07 16:25:52"
"2024-09-04";"Instagram";"150 890";"11 054";"27 563 418";"2024-09-04 19:04:59"
"2024-09-04";"";"53 897";"2 742";"27 562 365";"2024-09-05 02:59:26"
"2024-09-08";"";"63 274";"10 041";"27 562 238";"2024-09-08 22:55:13"
"2024-09-01";"";"87 814";"4 499";"27 562 654";"2024-09-01 12:33:23"
"2024-09-02";"";"83 747";"426 304";"27 561 497";"2024-09-02 06:51:00"
"2024-09-10";"";"578 687";"33 064";"27 561 737";"2024-09-10 18:51:57"
"2024-09-02";"Facebook";"163 350";"25 149";"27 561 311";"2024-09-02 06:39:24"
"2024-09-09";"";"551 661";"108 878";"27 562 706";"2024-09-09 14:59:05"
"2024-09-09";"";"106 995";"26 343";"27 562 477";"2024-09-09 21:18:13"
"2024-09-03";"Yandex";"78 682";"117 688";"27 561 893";"2024-09-03 05:50:43"
"2024-09-03";"";"2 750";"27 541";"27 563 094";"2024-09-03 06:51:02"
"2024-09-01";"";"118 906";"209 694";"27 563 171";"2024-09-01 19:40:46"
"2024-09-05";"Yandex";"270 406";"10 540";"27 561 204";"2024-09-05 05:26:49"
"2024-09-09";"";"799 273";"40 594";"27 561 629";"2024-09-09 14:47:58"
"2024-09-02";"";"354 161";"14 106";"27 562 445";"2024-09-02 14:47:22"
"2024-09-05";"";"34 250";"2 506";"27 561 965";"2024-09-05 15:36:07"
"2024-09-05";"";"140 381";"75 035";"27 562 124";"2024-09-05 19:16:54"
"2024-09-01";"";"2 093 444";"47 652";"27 562 131";"2024-09-01 11:56:50"
"2024-09-01";"";"5 978";"58 527";"27 563 410";"2024-09-01 20:05:45"
"2024-09-06";"";"236 073";"5 723";"27 561 172";"2024-09-06 23:56:17"
"2024-09-08";"YouTube";"2 985 641";"166 435";"27 563 502";"2024-09-08 15:36:20"
"2024-09-01";"Facebook";"319 432";"26 153";"27 562 223";"2024-09-01 12:45:35"
"2024-09-09";"";"267 188";"116 802";"27 563 147";"2024-09-09 17:50:59"
"2024-09-02";"";"28 974";"6 685";"27 561 633";"2024-09-02 22:19:56"
"2024-09-10";"Facebook";"91 801";"12 926";"27 562 087";"2024-09-10 18:27:27"
"2024-09-02";"";"159 232";"14 613";"27 562 226";"2024-09-02 16:25:58"
"2024-09-01";"";"28 826";"8 490";"27 562 571";"2024-09-01 23:56:13"
"2024-09-10";"";"2 240 340";"119 493";"27 561 375";"2024-09-10 12:33:18"
"2024-09-01";"";"29 456";"5 946";"27 562 403";"2024-09-01 05:02:54"
"2024-09-03";"";"400 978";"30 434";"27 561 707";"2024-09-03 15:12:54"
"2024-09-10";"";"7 913";"26 532";"27 563 342";"2024-09-10 08:05:44"
"2024-09-10";"";"26 983";"6 132";"27 562 675";"2024-09-10 22:55:31"
"2024-09-07";"";"36 015";"7 796";"27 561 680";"2024-09-07 14:11:18"
"2024-09-01";"Instagram";"604 477";"96 060";"27 563 234";"2024-09-01 04:37:45"
"2024-09-03";"Yandex";"104 306";"48 105";"27 561 851";"2024-09-03 14:11:24"
"2024-09-03";"";"1 469 237";"133 500";"27 563 060";"2024-09-03 20:17:07"
"2024-09-02";"";"1 941 374";"1 919 822";"27 563 139";"2024-09-02 07:16:31"
"2024-09-04";"Telegram";"149 388 495";"8 350 361";"27 561 958";"2024-09-04 11:56:48"
"2024-09-09";"";"43 086";"4 171";"27 563 082";"2024-09-09 04:37:52"
"2024-09-05";"";"5 230";"28 203";"27 562 480";"2024-09-05 04:13:34"
"2024-09-07";"";"53 248";"8 421";"27 562 474";"2024-09-07 16:49:16"
"2024-09-06";"";"504 878";"34 665";"27 562 348";"2024-09-07 02:23:55"
"2024-09-06";"Facebook";"414 701";"32 290";"27 562 792";"2024-09-06 18:51:29"
"2024-09-04";"YouTube";"4 931 047";"2 099 465";"27 563 247";"2024-09-04 03:12:45"
"2024-09-03";"";"26 555";"28 252";"27 561 643";"2024-09-03 18:27:08"
"2024-09-06";"Instagram";"27 839 418";"672 334";"27 563 410";"2024-09-06 19:52:57"
"2024-09-04";"";"337 531";"67 172";"27 562 646";"2024-09-04 18:03:27"
"2024-09-04";"";"412 478";"76 013";"27 561 924";"2024-09-04 22:31:24"
"2024-09-04";"Yandex";"3 553 442";"1 345 199";"27 561 630";"2024-09-04 04:01:26"
"2024-09-04";"";"43 308";"15 064";"27 563 158";"2024-09-04 07:52:43"
"2024-09-08";"YouTube";"124 805";"960 538";"27 561 422";"2024-09-08 18:03:53"
"2024-09-03";"YouTube";"35 522";"196 464";"27 562 315";"2024-09-03 05:26:39"
"2024-09-04";"Facebook";"2 180 686";"105 697";"27 562 850";"2024-09-05 02:23:03"
"2024-09-02";"";"32 756";"3 427";"27 563 171";"2024-09-02 18:03:01"
"2024-09-06";"";"111 658";"10 722";"27 562 564";"2024-09-06 07:40:23"
"2024-09-04";"YouTube";"578 069";"252 815";"27 561 350";"2024-09-04 07:04:28"
"2024-09-03";"";"29 719";"2 168";"27 562 197";"2024-09-03 18:27:18"
"2024-09-04";"";"3 662 409";"137 518";"27 562 286";"2024-09-04 10:07:19"
"2024-09-03";"";"36 045";"31 469";"27 563 366";"2024-09-03 05:14:15"
"2024-09-01";"YouTube";"304 922";"2 260 192";"27 562 842";"2024-09-01 21:54:31"
"2024-09-04";"YouTube";"1 688 006";"504 123";"27 561 759";"2024-09-04 20:29:21"
"2024-09-10";"Instagram";"290 588";"42 068";"27 562 781";"2024-09-10 19:16:26"
"2024-09-08";"";"114 409";"131 187";"27 562 073";"2024-09-08 07:16:55"
"2024-09-01";"";"152 256";"63 299";"27 562 536";"2024-09-01 14:35:55"
"2024-09-09";"Facebook";"257 136";"30 175";"27 562 872";"2024-09-09 10:31:53"
"2024-09-08";"Telegram";"15 614 734";"1 608 586";"27 562 965";"2024-09-08 11:20:33"
"2024-09-10";"Instagram";"3 267 658";"1 258 235";"27 562 125";"2024-09-11 00:33:18"
"2024-09-03";"WhatsApp";"468 851";"28 365";"27 562 064";"2024-09-03 11:56:52"
"2024-09-08";"";"80 598";"3 293";"27 562 656";"2024-09-08 14:11:58"
"2024-09-10";"";"289 399";"79 765";"27 562 496";"2024-09-10 23:44:31"
"2024-09-04";"";"963 456";"313 722";"27 563 219";"2024-09-04 21:18:51"
"2024-09-04";"Instagram";"139 764";"17 373";"27 562 978";"2024-09-04 12:57:11"
"2024-09-05";"";"200 531";"50 547";"27 561 429";"2024-09-05 17:38:50"
"2024-09-09";"YouTube";"1 629 377";"67 475";"27 562 044";"2024-09-09 07:52:48"
"2024-09-05";"";"962 235";"63 477";"27 561 924";"2024-09-05 03:12:57"
"2024-09-07";"";"88 815";"76 289";"27 563 336";"2024-09-07 11:44:31"
"2024-09-01";"";"2 370";"97 460";"27 562 436";"2024-09-01 17:50:38"
"2024-09-03";"";"1 495 024";"222 264";"27 562 360";"2024-09-03 19:28:12"
"2024-09-05";"YouTube";"95 475";"425 190";"27 561 698";"2024-09-05 12:45:46"
"2024-09-01";"";"47 643";"34 920";"27 561 378";"2024-09-01 06:03:45"
"2024-09-04";"YouTube";"156 077";"38 668";"27 561 586";"2024-09-04 12:45:27"
"2024-09-07";"";"176 018";"119 246";"27 562 490";"2024-09-07 19:04:12"
"2024-09-07";"Yandex";"342 818";"64 858";"27 563 152";"2024-09-07 15:36:56"
"2024-09-10";"Telegram";"65 942 522";"3 728 591";"27 563 211";"2024-09-10 04:13:51"
"2024-09-02";"";"807 908";"75 442";"27 562 832";"2024-09-02 09:30:13"
"2024-09-09";"Likee";"165 322";"115 094";"27 562 886";"2024-09-09 03:36:44"
"2024-09-04";"Yandex Video";"885 361";"30 499";"27 562 646";"2024-09-04 23:20:38"
"2024-09-10";"";"8 203 738";"324 050";"27 561 453";"2024-09-10 15:48:17"
"2024-09-08";"";"216 742";"44 481";"27 563 371";"2024-09-08 10:43:32"
"2024-09-04";"";"41 237";"2 769";"27 562 815";"2024-09-04 17:26:20"
"2024-09-04";"PUBG";"33 902";"10 014";"27 563 379";"2024-09-04 23:56:19"
"2024-09-05";"";"158 820";"52 710";"27 562 615";"2024-09-05 21:30:15"
"2024-09-05";"";"41 270";"28 823";"27 563 030";"2024-09-05 16:13:40"
"2024-09-07";"YouTube";"317 959";"2 435 722";"27 562 545";"2024-09-07 20:41:56"
"2024-09-05";"";"134 168";"20 652";"27 561 965";"2024-09-05 23:20:48"
"2024-09-03";"";"9 709";"63 182";"27 561 981";"2024-09-03 06:51:08"
"2024-09-08";"Telegram";"30 785";"5 973";"27 562 575";"2024-09-08 17:38:07"
"2024-09-08";"";"30 903";"8 234";"27 563 469";"2024-09-08 20:17:31"
"2024-09-05";"Instagram";"2 439 315";"226 346";"27 563 512";"2024-09-05 08:41:16"
"2024-09-05";"Yandex";"29 515";"5 759";"27 561 867";"2024-09-05 21:54:52"
"2024-09-06";"Instagram";"3 448 588";"618 767";"27 561 819";"2024-09-06 06:15:53"
"2024-09-01";"";"554 459";"2 033 283";"27 562 352";"2024-09-01 17:02:17"
"2024-09-08";"";"3 227 598";"114 667";"27 561 219";"2024-09-08 04:25:02"
"2024-09-06";"";"1 085 207";"289 163";"27 561 466";"2024-09-06 13:10:03"
"2024-09-07";"";"27 014";"5 234";"27 562 609";"2024-09-07 19:28:22"
"2024-09-02";"Instagram";"82 706 309";"2 414 740";"27 561 737";"2024-09-02 12:09:50"
"2024-09-05";"";"201 997";"14 115";"27 561 777";"2024-09-05 19:52:01"
"2024-09-09";"Facebook";"41 671";"2 804";"27 563 254";"2024-09-09 06:15:24"
"2024-09-05";"";"130 682";"9 475";"27 562 012";"2024-09-06 00:57:21"
"2024-09-04";"";"68 229";"22 629";"27 562 347";"2024-09-04 21:18:08"
"2024-09-10";"";"3 935 736";"156 941";"27 561 176";"2024-09-10 08:17:06"
"2024-09-07";"Yandex";"46 338";"7 509";"27 561 978";"2024-09-07 18:27:58"
"2024-09-09";"Facebook";"36 166";"3 007";"27 562 822";"2024-09-09 08:53:31"
"2024-09-09";"";"148 662";"98 748";"27 561 674";"2024-09-09 21:30:14"
"2024-09-05";"";"1 450 962";"82 329";"27 561 800";"2024-09-05 06:51:32"
"2024-09-04";"YouTube";"1 110 603";"65 209";"27 561 940";"2024-09-04 07:52:58"
"2024-09-09";"";"33 101";"6 941";"27 562 835";"2024-09-09 13:22:40"
"2024-09-07";"";"225 876";"9 592";"27 562 545";"2024-09-07 07:28:14"
"2024-09-06";"";"1 203 340";"5 680 495";"27 561 205";"2024-09-06 14:35:18"
"2024-09-07";"";"79 208";"52 692";"27 563 005";"2024-09-07 23:20:59"
"2024-09-06";"";"91 016";"31 048";"27 561 204";"2024-09-06 03:24:20"
"2024-09-10";"Shazam";"29 609";"21 252";"27 561 715";"2024-09-10 08:41:28"
"2024-09-09";"";"265 573";"49 641";"27 561 825";"2024-09-10 01:34:32"
"2024-09-10";"";"67 716";"925 314";"27 561 540";"2024-09-10 09:30:30"
"2024-09-10";"";"1 545 375";"77 993";"27 561 873";"2024-09-10 11:08:33"
"2024-09-05";"YouTube";"284 153";"27 269";"27 561 883";"2024-09-06 01:22:54"
"2024-09-09";"YouTube";"42 608 016";"2 928 009";"27 563 494";"2024-09-09 12:45:20"
"2024-09-03";"YouTube";"931 856 828";"58 347 247";"27 562 654";"2024-09-03 06:15:00"
"2024-09-04";"";"117 294";"30 997";"27 562 511";"2024-09-04 22:31:42"
"2024-09-08";"";"49 693";"8 784";"27 562 928";"2024-09-08 16:37:44"
"2024-09-09";"";"26 682";"208 907";"27 562 560";"2024-09-09 08:29:15"
"2024-09-01";"";"218 981";"51 761";"27 563 143";"2024-09-02 01:22:07"
"2024-09-05";"";"1 192 129";"63 057";"27 562 371";"2024-09-05 13:46:11"
"2024-09-02";"";"34 358";"12 219";"27 561 775";"2024-09-02 20:17:45"
"2024-09-03";"Facebook";"60 080";"4 111";"27 562 120";"2024-09-03 18:51:41"
"2024-09-10";"PUBG";"326 040";"24 818";"27 562 216";"2024-09-10 05:38:28"
"2024-09-03";"";"83 660";"13 498";"27 562 504";"2024-09-03 09:18:11"
"2024-09-07";"";"417 345";"102 458";"27 562 898";"2024-09-07 14:23:38"
"2024-09-07";"";"152 005";"25 363";"27 562 629";"2024-09-07 11:08:33"
"2024-09-09";"YouTube";"147 954 176";"9 966 287";"27 563 481";"2024-09-09 10:43:04"
"2024-09-01";"";"1 597 953";"53 495";"27 562 574";"2024-09-01 11:08:14"
"2024-09-03";"";"32 445";"19 144";"27 562 906";"2024-09-03 16:49:35"
"2024-09-07";"Telegram";"49 261";"6 162";"27 563 293";"2024-09-07 10:43:14"
"2024-09-07";"Facebook";"59 435";"7 326";"27 563 336";"2024-09-07 20:41:07"
"2024-09-01";"";"1 685 085";"41 076";"27 561 555";"2024-09-01 12:21:41"
"2024-09-01";"YouTube";"1 332 508";"278 328";"27 561 386";"2024-09-01 07:16:28"
"2024-09-05";"WhatsApp";"14 363 306";"14 352 939";"27 562 540";"2024-09-05 08:05:02"
"2024-09-02";"";"904 677";"59 589";"27 562 192";"2024-09-02 21:06:42"
"2024-09-10";"";"31 110";"8 881";"27 561 420";"2024-09-10 10:31:39"
"2024-09-02";"";"389 222";"51 250";"27 561 243";"2024-09-02 03:12:24"
"2024-09-07";"";"548 188";"94 531";"27 561 380";"2024-09-08 02:59:07"
"2024-09-01";"YouTube";"503 008";"55 636";"27 563 112";"2024-09-01 23:44:06"
"2024-09-05";"Instagram";"515 185";"51 231";"27 562 825";"2024-09-05 19:16:24"
"2024-09-01";"";"46 525";"23 979";"27 561 890";"2024-09-01 19:04:45"
"2024-09-08";"";"64 100";"104 467";"27 561 366";"2024-09-08 18:27:05"
"2024-09-08";"Telegram";"7 829 136";"527 389";"27 562 759";"2024-09-08 16:25:45"
"2024-09-05";"";"78 782";"19 723";"27 563 165";"2024-09-05 12:45:25"
"2024-09-10";"VKontakte";"57 902";"390 868";"27 561 725";"2024-09-10 21:30:47"
"2024-09-08";"";"85 586";"15 488";"27 561 737";"2024-09-08 13:34:50"
"2024-09-08";"Telegram";"65 336 598";"3 785 708";"27 562 704";"2024-09-08 05:26:23"
"2024-09-05";"";"28 660";"9 745";"27 563 044";"2024-09-05 08:05:24"
"2024-09-02";"Instagram";"1 378 424";"45 993";"27 562 025";"2024-09-02 20:17:24"
"2024-09-04";"";"131 042";"18 255";"27 562 629";"2024-09-04 20:17:52"
"2024-09-10";"";"8 307 880";"264 078";"27 562 759";"2024-09-11 01:58:39"
"2024-09-03";"";"3 013 397";"146 998";"27 561 485";"2024-09-03 06:15:43"
"2024-09-08";"";"560";"26 880";"27 562 259";"2024-09-08 11:20:34"
"2024-09-01";"";"560 437";"313 040";"27 562 542";"2024-09-02 00:57:34"
"2024-09-03";"";"41 745";"8 198";"27 562 398";"2024-09-04 02:23:19"
"2024-09-08";"YouTube";"54 079";"16 035";"27 562 866";"2024-09-08 13:34:41"
"2024-09-08";"";"26 151";"9 019";"27 562 404";"2024-09-08 13:10:51"
"2024-09-09";"";"141 493";"42 348";"27 561 484";"2024-09-09 04:01:38"
"2024-09-08";"Apple Music";"46 707";"13 325";"27 562 102";"2024-09-08 11:32:00"
"2024-09-07";"";"36 883";"49 376";"27 561 997";"2024-09-07 06:39:22"
"2024-09-09";"";"1 058 455";"94 763";"27 561 774";"2024-09-09 21:18:12"
"2024-09-03";"";"299 270";"17 972";"27 562 143";"2024-09-03 13:22:52"
"2024-09-08";"";"65 452";"1 337 986";"27 561 214";"2024-09-08 17:38:54"
"2024-09-05";"";"2 853";"35 955";"27 562 956";"2024-09-05 03:48:28"
"2024-09-07";"Yandex";"2 702 261";"153 949";"27 563 075";"2024-09-07 21:30:02"
"2024-09-09";"";"771 092";"213 242";"27 562 505";"2024-09-10 01:34:03"
"2024-09-05";"";"542 345";"79 311";"27 562 233";"2024-09-05 11:56:36"
"2024-09-06";"";"41 869";"4 707";"27 563 236";"2024-09-06 19:16:45"
"2024-09-08";"";"4 174 227";"10 474 154";"27 562 422";"2024-09-08 08:41:23"
"2024-09-05";"";"165 712";"14 179";"27 561 231";"2024-09-05 14:11:58"
"2024-09-07";"YouTube";"184 214";"10 194";"27 563 325";"2024-09-07 11:08:24"
"2024-09-07";"";"2 926 137";"354 242";"27 563 009";"2024-09-07 14:59:43"
"2024-09-04";"";"980 639";"27 777";"27 563 453";"2024-09-04 11:56:04"
"2024-09-04";"";"294 839";"15 225";"27 561 867";"2024-09-04 11:44:40"
"2024-09-09";"";"74 744";"25 274";"27 562 760";"2024-09-09 13:58:40"
"2024-09-10";"";"5 752 301";"272 607";"27 561 230";"2024-09-10 23:08:09"
"2024-09-08";"";"131 840";"8 630";"27 562 835";"2024-09-09 01:10:24"
"2024-09-07";"Yandex";"685 943";"27 094";"27 562 330";"2024-09-08 00:57:50"
"2024-09-05";"";"311 084";"26 335";"27 562 613";"2024-09-05 06:39:14"
"2024-09-05";"";"368 620";"18 951";"27 563 333";"2024-09-05 22:31:35"
"2024-09-01";"";"242 484";"25 772";"27 561 645";"2024-09-01 11:56:42"
"2024-09-08";"Telegram";"681 896";"50 784";"27 563 325";"2024-09-08 11:20:06"
"2024-09-05";"";"494 715";"33 016";"27 561 414";"2024-09-05 22:31:57"
"2024-09-05";"";"19 604";"30 983";"27 563 497";"2024-09-05 22:07:25"
"2024-09-06";"";"110 967";"23 294";"27 561 825";"2024-09-06 08:41:22"
"2024-09-03";"";"30 055";"4 515";"27 562 878";"2024-09-03 13:10:45"
"2024-09-10";"YouTube";"11 114";"30 483";"27 561 952";"2024-09-10 08:17:55"
"2024-09-06";"";"28 850";"5 206";"27 561 732";"2024-09-06 03:36:40"
"2024-09-07";"";"28 841";"6 352";"27 562 710";"2024-09-07 12:33:51"
"2024-09-01";"Apple Music";"455 261";"94 403";"27 561 452";"2024-09-01 19:04:36"
"2024-09-09";"";"53 354";"198 423";"27 561 384";"2024-09-09 20:17:57"
"2024-09-06";"";"82 584";"32 119";"27 561 428";"2024-09-06 10:43:07"
"2024-09-05";"";"28 234";"5 948";"27 563 166";"2024-09-05 09:42:41"
"2024-09-05";"";"320 207";"26 507";"27 562 593";"2024-09-05 13:34:47"
"2024-09-05";"";"31 310";"7 309";"27 561 232";"2024-09-05 06:39:26"
"2024-09-03";"";"439 616";"17 902";"27 562 615";"2024-09-03 09:18:15"
"2024-09-05";"";"687 313";"58 929";"27 563 189";"2024-09-05 13:22:22"
"2024-09-04";"";"24 005";"31 046";"27 561 626";"2024-09-04 22:31:10"
"2024-09-04";"";"530 303";"1 126 175";"27 562 838";"2024-09-05 01:58:04"
"2024-09-02";"";"754 781";"1 720 994";"27 563 147";"2024-09-02 10:55:37"
"2024-09-08";"YouTube";"3 515 781";"193 142";"27 562 371";"2024-09-08 14:23:09"
"2024-09-05";"";"415 891";"25 374";"27 562 490";"2024-09-05 04:25:32"
"2024-09-10";"";"50 682";"72 514";"27 561 177";"2024-09-10 07:16:31"
"2024-09-07";"";"618 643";"85 621";"27 562 167";"2024-09-07 11:44:22"
"2024-09-01";"Instagram";"4 438 914";"1 927 709";"27 561 908";"2024-09-02 02:23:06"
"2024-09-10";"";"29 408";"4 886";"27 562 082";"2024-09-11 01:34:42"
"2024-09-10";"";"50 202";"5 006";"27 562 684";"2024-09-10 11:08:12"
"2024-09-01";"Facebook";"517 340";"21 647";"27 561 774";"2024-09-01 22:07:49"
"2024-09-04";"";"46 658";"2 342";"27 561 698";"2024-09-04 19:40:10"
"2024-09-09";"";"42 803";"2 811";"27 561 484";"2024-09-09 17:14:36"
"2024-09-08";"";"197 146";"9 609";"27 561 260";"2024-09-08 22:55:27"
"2024-09-04";"Instagram";"8 236 999";"3 365 694";"27 562 552";"2024-09-04 16:13:46"
"2024-09-04";"Facebook";"612 614";"27 891";"27 563 121";"2024-09-04 20:05:45"
"2024-09-05";"";"213 189";"72 353";"27 562 260";"2024-09-05 17:02:35"
"2024-09-07";"";"26 435";"10 130";"27 561 687";"2024-09-07 16:25:05"
"2024-09-01";"";"69 336";"6 107";"27 562 455";"2024-09-01 14:23:34"
"2024-09-05";"Unknown";"55 931";"5 318";"27 561 606";"2024-09-05 04:49:12"
"2024-09-01";"";"67 391";"29 113";"27 562 784";"2024-09-01 03:24:05"
"2024-09-05";"";"170 433";"21 810";"27 561 695";"2024-09-05 06:03:02"
"2024-09-07";"WhatsApp";"45 533";"80 369";"27 561 943";"2024-09-08 01:22:59"
"2024-09-08";"Facebook";"125 941";"79 056";"27 563 501";"2024-09-08 16:37:09"
"2024-09-10";"";"51 852";"2 328";"27 561 172";"2024-09-10 15:00:01"
"2024-09-05";"";"282 378";"36 533";"27 562 801";"2024-09-06 02:11:09"
"2024-09-08";"";"191 065";"701 145";"27 561 983";"2024-09-08 13:10:42"
"2024-09-04";"Telegram";"14 933 763";"949 731";"27 562 739";"2024-09-04 09:54:14"
"2024-09-03";"YouTube";"15 236 336";"1 336 444";"27 562 753";"2024-09-03 15:00:07"
"2024-09-09";"Apple Music";"71 695";"18 504";"27 563 044";"2024-09-09 10:19:01"
"2024-09-05";"";"47 192";"9 107";"27 561 186";"2024-09-05 22:19:22"
"2024-09-03";"";"53 655";"3 136";"27 562 706";"2024-09-03 10:31:27"
"2024-09-09";"";"167 847";"8 590";"27 562 878";"2024-09-09 16:37:24"
"2024-09-06";"";"51 067";"9 540";"27 561 835";"2024-09-06 10:07:06"
"2024-09-01";"Facebook";"72 964";"81 303";"27 562 802";"2024-09-01 22:07:42"
"2024-09-04";"";"2 112";"91 437";"27 562 320";"2024-09-05 00:09:35"
"2024-09-05";"";"211 176";"9 435";"27 563 186";"2024-09-05 06:51:46"
"2024-09-01";"";"711 577";"33 510";"27 561 640";"2024-09-01 10:07:10"
"2024-09-03";"";"14 636";"27 422";"27 563 328";"2024-09-03 13:58:00"
"2024-09-05";"YouTube";"572 434";"50 523";"27 561 435";"2024-09-05 16:37:49"
"2024-09-10";"YouTube";"33 171";"3 015";"27 563 176";"2024-09-10 21:06:01"
"2024-09-06";"";"801 271";"25 884";"27 562 737";"2024-09-06 22:55:51"
"2024-09-10";"";"565 038";"49 784";"27 562 653";"2024-09-10 17:02:28"
"2024-09-07";"";"534 671";"765 502";"27 562 445";"2024-09-08 00:33:41"
"2024-09-08";"";"84 168 889";"10 432 163";"27 562 965";"2024-09-08 15:12:50"
"2024-09-04";"";"11 814";"25 814";"27 561 687";"2024-09-04 23:08:16"
"2024-09-04";"Apple Music";"62 627";"2 164";"27 562 076";"2024-09-04 18:51:47"
"2024-09-09";"";"106 372";"26 455";"27 563 419";"2024-09-09 14:47:08"
"2024-09-09";"Instagram";"640 767";"119 057";"27 561 428";"2024-09-09 11:44:38"
"2024-09-05";"";"372 475";"11 779";"27 562 984";"2024-09-05 17:14:02"
"2024-09-10";"Facebook";"31 708";"5 575";"27 562 839";"2024-09-10 14:23:12"
"2024-09-07";"";"79 561";"12 718";"27 561 356";"2024-09-08 02:59:22"
"2024-09-08";"";"230 431";"8 777";"27 561 947";"2024-09-08 03:48:52"
"2024-09-01";"";"136 923";"12 771";"27 563 157";"2024-09-01 09:54:56"
"2024-09-03";"";"84 550";"273 298";"27 561 312";"2024-09-03 11:08:38"
"2024-09-01";"";"0";"148 553";"27 561 745";"2024-09-01 20:53:45"
"2024-09-07";"";"385 745";"40 992";"27 562 454";"2024-09-07 20:17:07"
"2024-09-05";"";"300 201";"246 026";"27 562 803";"2024-09-05 14:47:02"
"2024-09-07";"";"7 817";"40 217";"27 561 216";"2024-09-07 13:34:00"
"2024-09-06";"YouTube";"13 368";"26 005";"27 561 190";"2024-09-06 16:13:33"
"2024-09-03";"Instagram";"5 084 705";"96 863";"27 561 627";"2024-09-03 19:28:35"
"2024-09-01";"";"127 575";"98 897";"27 561 437";"2024-09-01 11:32:44"
"2024-09-05";"";"7 102";"34 698";"27 563 338";"2024-09-05 19:40:58"
"2024-09-03";"";"79 624";"43 750";"27 561 201";"2024-09-03 17:14:33"
"2024-09-10";"Yandex";"45 869";"44 251";"27 562 717";"2024-09-10 03:00:01"
"2024-09-02";"";"16 810";"245 078";"27 563 509";"2024-09-02 03:48:38"
"2024-09-01";"Unknown";"39 485";"8 379";"27 562 296";"2024-09-01 11:44:58"
"2024-09-02";"Instagram";"94 500 893";"3 224 272";"27 563 334";"2024-09-03 00:45:31"
"2024-09-07";"Instagram";"8 200 152";"389 938";"27 562 574";"2024-09-07 13:10:40"
"2024-09-06";"";"184 934";"21 158";"27 562 474";"2024-09-06 07:52:20"
"2024-09-02";"";"638 480";"34 469";"27 562 107";"2024-09-02 16:49:09"
"2024-09-03";"";"974 780";"36 848";"27 561 262";"2024-09-03 07:28:36"
"2024-09-06";"";"480";"28 701";"27 562 858";"2024-09-07 00:21:51"
"2024-09-10";"";"510 936";"17 803";"27 562 696";"2024-09-10 22:19:07"
"2024-09-02";"";"65 097";"7 878";"27 562 417";"2024-09-02 18:15:09"
"2024-09-07";"Yandex";"5 604 766";"204 929";"27 561 573";"2024-09-07 18:15:16"
"2024-09-06";"";"365 432";"32 010";"27 561 352";"2024-09-06 05:02:14"
"2024-09-07";"Telegram";"28 444 868";"3 080 613";"27 563 489";"2024-09-07 20:41:14"
"2024-09-08";"";"182 781";"24 382";"27 561 232";"2024-09-08 22:43:31"
"2024-09-04";"Instagram";"3 896 996";"3 269 184";"27 561 290";"2024-09-04 23:20:21"
"2024-09-03";"";"4 153";"26 218";"27 561 492";"2024-09-03 14:11:03"
"2024-09-05";"Instagram";"609 966";"40 187";"27 562 758";"2024-09-05 20:53:21"
"2024-09-04";"";"42 983";"5 165";"27 562 194";"2024-09-04 07:28:01"
"2024-09-02";"";"267 972";"298 763";"27 562 810";"2024-09-03 02:35:27"
"2024-09-08";"";"119 614";"6 496";"27 561 759";"2024-09-08 17:50:01"
"2024-09-02";"";"221 776";"16 958";"27 561 320";"2024-09-02 09:54:47"
"2024-09-04";"";"630 956";"111 758";"27 562 900";"2024-09-04 13:34:47"
"2024-09-01";"";"77 201";"18 103";"27 563 122";"2024-09-01 03:24:53"
"2024-09-09";"Facebook";"3 248 046";"99 963";"27 563 121";"2024-09-09 12:09:00"
"2024-09-01";"";"30 288";"4 758";"27 561 259";"2024-09-01 09:06:50"
"2024-09-05";"";"165 406";"52 328";"27 562 413";"2024-09-05 09:54:17"
"2024-09-04";"";"50 318";"6 506";"27 561 433";"2024-09-04 19:04:28"
"2024-09-08";"";"532 839";"352 972";"27 561 555";"2024-09-08 22:31:38"
"2024-09-08";"";"21 973";"34 050";"27 562 352";"2024-09-08 10:43:20"
"2024-09-04";"";"160 225";"10 862";"27 562 365";"2024-09-04 18:27:30"
"2024-09-01";"";"57 901";"3 561";"27 562 199";"2024-09-02 01:22:14"
"2024-09-07";"";"525 812";"45 649";"27 562 072";"2024-09-08 00:21:14"
"2024-09-08";"TikTok";"106 808";"1 048 168";"27 562 752";"2024-09-08 03:36:29"
"2024-09-06";"";"198 140";"61 053";"27 561 312";"2024-09-06 20:53:11"
"2024-09-09";"";"20 744";"133 041";"27 561 181";"2024-09-09 20:05:37"
"2024-09-05";"";"35 844";"3 762";"27 562 590";"2024-09-05 09:06:36"
"2024-09-02";"";"344 955";"42 419";"27 562 033";"2024-09-02 17:14:33"
"2024-09-08";"";"42 960";"5 042";"27 561 666";"2024-09-08 05:02:00"
"2024-09-10";"";"65 023";"38 026";"27 562 505";"2024-09-10 20:29:10"
"2024-09-02";"";"103 065";"43 292";"27 562 674";"2024-09-02 08:17:23"
"2024-09-07";"";"29 941";"10 437";"27 562 689";"2024-09-07 13:58:43"
"2024-09-05";"";"55 969";"27 247";"27 562 968";"2024-09-05 11:56:52"
"2024-09-09";"";"163 633";"10 942";"27 562 968";"2024-09-10 02:35:05"
"2024-09-10";"";"595 704";"69 247";"27 562 275";"2024-09-10 10:31:49"
"2024-09-01";"Instagram";"211 525";"35 902";"27 563 069";"2024-09-01 14:47:14"
"2024-09-05";"";"9 125";"55 271";"27 562 941";"2024-09-05 07:16:43"
"2024-09-03";"Instagram";"1 144 819";"29 840";"27 562 647";"2024-09-03 06:39:46"
"2024-09-09";"YouTube";"650 183";"51 054";"27 563 041";"2024-09-09 08:17:52"
"2024-09-07";"";"2 057 571";"133 494";"27 561 547";"2024-09-07 12:45:10"
"2024-09-02";"";"31 793";"18 992";"27 561 989";"2024-09-02 04:25:27"
"2024-09-04";"Yandex";"58 692";"50 092";"27 563 023";"2024-09-04 19:04:07"
"2024-09-05";"TikTok";"17 168";"680 106";"27 562 544";"2024-09-05 05:14:12"
"2024-09-05";"Instagram";"79 668 992";"2 195 505";"27 562 590";"2024-09-05 20:17:04"
"2024-09-03";"";"3 962";"63 535";"27 562 473";"2024-09-03 12:57:14"
"2024-09-09";"";"32 366";"24 660";"27 562 313";"2024-09-09 05:26:30"
"2024-09-03";"";"21 204";"27 234";"27 562 896";"2024-09-03 09:18:04"
"2024-09-07";"";"9 102";"51 050";"27 562 281";"2024-09-07 11:32:01"
"2024-09-02";"Telegram";"21 612 349";"5 480 457";"27 562 156";"2024-09-03 01:46:28"
"2024-09-02";"Instagram";"4 703 404";"1 453 799";"27 562 287";"2024-09-02 06:03:12"
"2024-09-02";"";"6 244 315";"479 227";"27 562 341";"2024-09-02 17:02:35"
"2024-09-09";"YouTube";"1 778 446";"95 863";"27 561 671";"2024-09-09 08:29:23"
"2024-09-05";"";"181 031";"42 209";"27 563 195";"2024-09-05 19:40:12"
"2024-09-03";"";"700 752";"94 832";"27 561 262";"2024-09-03 11:44:35"
"2024-09-02";"";"192 897";"103 467";"27 562 097";"2024-09-02 15:24:23"
"2024-09-10";"";"28 886";"3 273";"27 561 404";"2024-09-11 02:59:21"
"2024-09-09";"Unknown";"154 462";"88 544";"27 561 692";"2024-09-09 09:06:30"
"2024-09-06";"";"313 231";"44 820";"27 562 803";"2024-09-06 22:31:40"
"2024-09-10";"";"109 247";"11 340";"27 562 489";"2024-09-10 14:47:05"
"2024-09-10";"";"77 484";"31 304";"27 563 335";"2024-09-10 23:08:07"
"2024-09-04";"YouTube";"107 145";"14 791";"27 561 520";"2024-09-04 19:16:19"
"2024-09-08";"Telegram";"140 175";"13 493";"27 562 436";"2024-09-08 23:08:36"
"2024-09-10";"";"689 987";"290 953";"27 562 898";"2024-09-10 15:00:29"
"2024-09-04";"Facebook";"862 837";"270 488";"27 563 001";"2024-09-05 00:45:53"
"2024-09-03";"";"193 811";"94 861";"27 563 014";"2024-09-03 03:12:06"
"2024-09-05";"";"41 169";"3 580";"27 562 803";"2024-09-05 16:49:27"
"2024-09-05";"";"175 067";"107 386";"27 561 330";"2024-09-06 00:33:04"
"2024-09-05";"";"151 536";"13 308";"27 561 608";"2024-09-05 15:24:28"
"2024-09-08";"Yandex Video";"2 468 449";"138 171";"27 562 787";"2024-09-08 07:40:26"
"2024-09-08";"";"8 318";"29 190";"27 563 087";"2024-09-08 23:08:15"
"2024-09-01";"Instagram";"40 779";"7 161";"27 563 392";"2024-09-01 15:00:59"
"2024-09-04";"Apple Music";"64 743";"4 023";"27 561 481";"2024-09-04 09:06:27"
"2024-09-08";"";"32 477";"3 434";"27 562 087";"2024-09-08 10:31:59"
"2024-09-01";"Unknown";"1 593 265";"66 088";"27 561 792";"2024-09-01 20:53:33"
"2024-09-03";"";"73 948";"24 979";"27 563 030";"2024-09-04 02:47:29"
"2024-09-06";"";"1 088 612";"52 574";"27 563 472";"2024-09-06 13:46:11"
"2024-09-03";"";"44 473";"10 626";"27 562 040";"2024-09-03 22:19:10"
"2024-09-09";"YouTube";"359 365";"185 057";"27 562 126";"2024-09-09 09:42:44"
"2024-09-02";"";"4 339";"28 771";"27 561 375";"2024-09-02 17:50:31"
"2024-09-06";"";"23 626";"30 161";"27 563 182";"2024-09-06 06:27:57"
"2024-09-02";"Yandex";"367 148";"10 846";"27 561 243";"2024-09-02 21:54:59"
"2024-09-05";"";"119 449";"96 631";"27 562 659";"2024-09-05 11:20:00"
"2024-09-10";"Instagram";"37 201 092";"1 008 231";"27 563 512";"2024-09-10 06:03:13"
"2024-09-05";"Yandex";"67 286";"90 590";"27 563 240";"2024-09-05 07:16:18"
"2024-09-10";"Yandex";"343 250";"18 102";"27 562 145";"2024-09-10 11:32:13"
"2024-09-06";"";"30 684";"2 352";"27 561 593";"2024-09-06 15:36:30"
"2024-09-01";"Facebook";"63 057";"4 335";"27 562 239";"2024-09-01 03:12:13"
"2024-09-01";"";"1 547 612";"67 776";"27 562 865";"2024-09-01 23:08:13"
"2024-09-06";"Instagram";"3 024 824";"174 660";"27 561 830";"2024-09-06 23:44:14"
"2024-09-09";"";"30 533";"4 888";"27 562 444";"2024-09-10 00:21:54"
"2024-09-01";"";"33 710";"97 875";"27 562 473";"2024-09-01 20:05:55"
"2024-09-09";"YouTube";"107 700";"256 113";"27 562 322";"2024-09-10 00:33:38"
"2024-09-02";"Instagram";"27 902 229";"992 966";"27 562 779";"2024-09-02 14:35:51"
"2024-09-05";"Facebook";"37 972";"10 438";"27 562 377";"2024-09-05 05:50:04"
"2024-09-02";"";"27 797";"2 258";"27 563 467";"2024-09-02 10:55:00"
"2024-09-02";"";"114 164";"19 845";"27 562 824";"2024-09-02 20:29:20"
"2024-09-09";"";"276 901";"220 421";"27 561 924";"2024-09-09 21:42:53"
"2024-09-07";"";"38 464";"14 404";"27 561 362";"2024-09-07 23:08:48"
"2024-09-10";"";"92 951";"47 662";"27 563 042";"2024-09-11 00:33:26"
"2024-09-04";"Telegram";"5 459 923";"398 060";"27 562 459";"2024-09-04 18:03:19"
"2024-09-01";"Facebook";"31 142";"11 693";"27 562 091";"2024-09-01 22:55:08"
"2024-09-09";"";"817 339";"63 084";"27 562 242";"2024-09-09 10:43:44"
"2024-09-08";"";"31 785";"16 139";"27 562 200";"2024-09-08 23:44:59"
"2024-09-04";"";"1 388 441";"98 219";"27 561 433";"2024-09-04 07:40:46"
"2024-09-06";"";"37 863";"2 036";"27 562 858";"2024-09-06 14:59:38"
"2024-09-03";"Instagram";"857 359";"147 748";"27 562 591";"2024-09-03 14:47:31"
"2024-09-03";"YouTube";"1 802 832";"95 101";"27 561 464";"2024-09-03 16:13:19"
"2024-09-08";"";"2 619 994";"142 123";"27 562 167";"2024-09-08 08:17:21"
"2024-09-02";"YouTube";"2 442 209";"106 013";"27 561 831";"2024-09-03 01:22:42"
"2024-09-06";"Telegram";"10 719 506";"958 087";"27 561 822";"2024-09-06 12:33:15"
"2024-09-10";"Facebook";"78 244";"15 295";"27 562 492";"2024-09-10 14:59:35"
"2024-09-04";"";"34 316";"1 755";"27 561 176";"2024-09-05 02:11:00"
"2024-09-08";"";"41 454 178";"2 034 165";"27 561 650";"2024-09-08 10:43:03"
"2024-09-08";"";"311 548";"92 490";"27 562 204";"2024-09-09 01:58:20"
"2024-09-04";"VKontakte";"26 190";"12 383";"27 563 261";"2024-09-04 08:53:25"
"2024-09-01";"";"31 302";"114 378";"27 562 673";"2024-09-01 03:00:16"
"2024-09-05";"";"1 821 676";"132 182";"27 562 372";"2024-09-05 21:18:38"
"2024-09-03";"Instagram";"1 366 079";"207 689";"27 563 006";"2024-09-03 19:28:17"
"2024-09-10";"";"63 195";"29 020";"27 562 438";"2024-09-10 10:55:22"
"2024-09-04";"";"1 970 369";"48 045";"27 562 841";"2024-09-04 17:14:24"
"2024-09-03";"";"65 043";"11 938";"27 562 447";"2024-09-03 16:01:49"
"2024-09-01";"Instagram";"1 436 839";"96 401";"27 562 621";"2024-09-01 03:00:32"
"2024-09-10";"";"43 495";"2 784";"27 562 393";"2024-09-10 10:19:42"
"2024-09-10";"Instagram";"6 799 661";"136 219";"27 562 303";"2024-09-10 03:00:58"
"2024-09-02";"";"26 656";"8 277";"27 561 239";"2024-09-02 16:13:49"
"2024-09-07";"";"975 195";"658 913";"27 561 916";"2024-09-07 23:08:21"
"2024-09-02";"";"118 808";"17 698";"27 563 326";"2024-09-02 21:06:45"
"2024-09-06";"";"32 224";"4 025";"27 562 084";"2024-09-06 12:09:02"
"2024-09-02";"";"43 995";"18 723";"27 563 427";"2024-09-02 09:18:27"
"2024-09-02";"";"24 401 734";"16 461 574";"27 562 675";"2024-09-02 23:08:33"
"2024-09-08";"";"99 907 333";"7 660 958";"27 562 550";"2024-09-08 06:51:02"
"2024-09-05";"";"52 199";"2 084";"27 562 419";"2024-09-05 22:43:02"
"2024-09-04";"";"69 139";"6 507";"27 562 968";"2024-09-05 01:46:36"
"2024-09-01";"Instagram";"33 861 384";"1 468 649";"27 562 505";"2024-09-01 20:53:20"
"2024-09-08";"";"38 381";"5 994";"27 563 326";"2024-09-09 02:35:23"
"2024-09-03";"";"1 106 152";"309 150";"27 563 403";"2024-09-04 01:22:53"
"2024-09-07";"";"55 230";"7 948";"27 561 695";"2024-09-07 13:58:31"
"2024-09-09";"";"27 925";"19 974";"27 562 921";"2024-09-09 22:19:58"
"2024-09-08";"";"233 011";"84 072";"27 561 758";"2024-09-08 22:43:50"
"2024-09-05";"";"79 751";"51 447";"27 561 922";"2024-09-05 17:38:51"
"2024-09-10";"";"9 806 531";"478 695";"27 561 221";"2024-09-10 05:26:12"
"2024-09-05";"Odnoklassniki";"673 484";"93 357";"27 562 712";"2024-09-05 20:41:48"
"2024-09-09";"";"607 038";"90 436";"27 562 708";"2024-09-09 13:34:14"
"2024-09-02";"";"58 251";"75 741";"27 563 386";"2024-09-02 03:12:19"
"2024-09-03";"WhatsApp";"39 721";"39 566";"27 562 747";"2024-09-03 18:27:12"
"2024-09-08";"";"248 562";"21 319";"27 562 445";"2024-09-08 04:01:58"
"2024-09-08";"YouTube";"1 516 649";"83 562";"27 563 287";"2024-09-08 14:11:42"
"2024-09-08";"Facebook";"21 030";"26 877";"27 563 147";"2024-09-08 06:27:59"
"2024-09-07";"";"52 125";"2 913";"27 563 235";"2024-09-07 09:18:10"
"2024-09-05";"YouTube";"25 661";"13 297";"27 562 907";"2024-09-05 09:18:29"
"2024-09-01";"Instagram";"599 439";"55 508";"27 562 178";"2024-09-01 14:47:09"
"2024-09-02";"";"164 617";"20 142";"27 562 690";"2024-09-02 10:19:47"
"2024-09-09";"";"9 393";"57 073";"27 563 026";"2024-09-09 13:46:04"
"2024-09-02";"Instagram";"72 841 927";"2 839 001";"27 561 422";"2024-09-02 03:48:29"
"2024-09-04";"";"20 386";"238 302";"27 561 544";"2024-09-04 19:28:06"
"2024-09-08";"Yandex";"28 587";"13 165";"27 562 087";"2024-09-08 19:52:57"
"2024-09-06";"";"894 596";"59 642";"27 562 098";"2024-09-07 01:58:02"
"2024-09-07";"";"111 007";"16 257";"27 562 194";"2024-09-07 19:04:12"
"2024-09-06";"Apple Music";"460 242";"25 827";"27 562 364";"2024-09-07 00:09:00"
"2024-09-01";"";"28 176";"6 067";"27 561 454";"2024-09-01 22:43:42"
"2024-09-03";"";"5 091";"26 145";"27 561 844";"2024-09-03 15:36:12"
"2024-09-07";"";"11 117 949";"1 831 149";"27 563 392";"2024-09-07 21:18:10"
"2024-09-02";"";"234 392";"14 812";"27 561 684";"2024-09-02 15:24:32"
"2024-09-10";"Telegram";"41 447 689";"3 591 476";"27 561 772";"2024-09-11 00:45:31"
"2024-09-10";"";"28 053";"1 964";"27 563 032";"2024-09-10 20:17:00"
"2024-09-04";"Yandex Video";"12 839";"59 916";"27 562 646";"2024-09-04 14:35:07"
"2024-09-10";"Facebook";"634 566";"42 869";"27 562 376";"2024-09-10 14:35:54"
"2024-09-05";"";"402 498";"304 645";"27 562 615";"2024-09-05 10:43:51"
"2024-09-01";"YouTube";"385 820";"162 012";"27 563 248";"2024-09-01 11:32:18"
"2024-09-05";"";"507 901";"36 373";"27 563 147";"2024-09-05 05:14:42"
"2024-09-01";"Instagram";"645 484";"23 611";"27 561 433";"2024-09-02 02:35:30"
"2024-09-09";"YouTube";"2 201 337";"723 083";"27 561 881";"2024-09-09 23:20:24"
"2024-09-01";"";"6 503 579";"347 388";"27 562 758";"2024-09-02 02:47:49"
"2024-09-07";"";"328 707";"14 113";"27 561 227";"2024-09-07 07:40:08"
"2024-09-05";"";"34 228";"13 983";"27 562 313";"2024-09-05 22:31:02"
"2024-09-01";"";"29 134";"1 767";"27 562 787";"2024-09-01 16:01:09"
"2024-09-01";"PUBG";"2 109 545";"68 328";"27 561 850";"2024-09-01 20:53:58"
"2024-09-09";"Facebook";"1 257 088";"70 590";"27 562 890";"2024-09-10 01:58:16"
"2024-09-05";"Telegram";"714 759";"44 591";"27 561 479";"2024-09-05 17:50:33"
"2024-09-06";"";"197 526";"7 368";"27 562 865";"2024-09-06 09:54:08"
"2024-09-07";"WhatsApp";"19 714 220";"32 394 693";"27 562 879";"2024-09-07 20:53:49"
"2024-09-07";"";"120 266";"249 793";"27 561 383";"2024-09-07 06:39:40"
"2024-09-05";"Likee";"47 314";"11 513";"27 563 285";"2024-09-05 06:27:48"
"2024-09-01";"";"2 918 299";"358 085";"27 561 366";"2024-09-01 03:24:03"
"2024-09-09";"Telegram";"1 721 334";"122 743";"27 561 341";"2024-09-09 16:37:20"
"2024-09-01";"";"1 965 148";"43 364";"27 561 569";"2024-09-01 03:12:45"
"2024-09-08";"";"100 072";"5 025";"27 562 393";"2024-09-08 04:37:30"
"2024-09-08";"Instagram";"855 029";"163 605";"27 561 271";"2024-09-08 05:14:46"
"2024-09-03";"";"125 824";"11 932";"27 561 641";"2024-09-03 23:56:57"
"2024-09-09";"";"426 349";"104 449";"27 562 824";"2024-09-09 17:38:27"
"2024-09-02";"YouTube";"205 454";"8 366";"27 563 495";"2024-09-02 07:40:38"
"2024-09-10";"";"54 997";"21 035";"27 562 276";"2024-09-10 03:12:40"
"2024-09-05";"";"18 963 049";"972 925";"27 561 924";"2024-09-05 17:14:39"
"2024-09-02";"";"450 909";"955 288";"27 561 987";"2024-09-02 16:37:21"
"2024-09-06";"Telegram";"240 915 154";"72 897 164";"27 562 036";"2024-09-06 09:18:03"
"2024-09-03";"";"222 943";"8 019";"27 562 696";"2024-09-03 13:22:29"
"2024-09-02";"";"22 625";"61 222";"27 563 507";"2024-09-02 18:27:58"
"2024-09-03";"";"24 701";"85 158";"27 561 556";"2024-09-03 14:59:18"
"2024-09-04";"";"84 645";"13 460";"27 562 250";"2024-09-04 20:05:21"
"2024-09-01";"";"316 703";"10 907";"27 562 468";"2024-09-01 13:10:36"
"2024-09-05";"";"306 052";"11 746";"27 561 870";"2024-09-05 17:38:57"
"2024-09-05";"";"1 067 077";"47 898";"27 563 107";"2024-09-05 10:55:49"
"2024-09-07";"YouTube";"837 584";"83 034";"27 561 474";"2024-09-07 05:38:26"
"2024-09-07";"";"88 258";"64 838";"27 561 670";"2024-09-07 03:36:30"
"2024-09-07";"Yandex";"44 655";"5 140";"27 563 267";"2024-09-07 22:55:17"
"2024-09-04";"";"150 239";"9 537";"27 561 544";"2024-09-04 11:56:37"
"2024-09-02";"";"30 134";"2 376";"27 562 622";"2024-09-02 17:50:25"
"2024-09-05";"";"122 689";"44 899";"27 561 721";"2024-09-05 23:08:55"
"2024-09-03";"Telegram";"6 307 164";"348 097";"27 562 392";"2024-09-03 16:01:12"
"2024-09-05";"";"72 541";"10 359";"27 562 717";"2024-09-05 07:40:49"
"2024-09-03";"";"26 551";"5 641";"27 562 698";"2024-09-03 11:32:21"
"2024-09-08";"Apple Music";"96 098";"41 235";"27 563 198";"2024-09-08 08:53:53"
"2024-09-03";"";"216 372";"20 873";"27 562 808";"2024-09-03 08:05:32"
"2024-09-04";"";"36 517";"4 692";"27 561 608";"2024-09-04 04:49:52"
"2024-09-09";"";"40 321";"20 367";"27 561 396";"2024-09-09 19:28:06"
"2024-09-01";"";"195 254";"108 499";"27 561 466";"2024-09-01 12:33:37"
"2024-09-02";"";"3 566 309";"142 787";"27 562 868";"2024-09-02 19:16:10"
"2024-09-08";"";"7 846";"70 842";"27 561 306";"2024-09-08 19:28:06"
"2024-09-07";"";"828 718";"33 838";"27 561 722";"2024-09-07 23:56:45"
"2024-09-03";"";"1 386 816";"698 615";"27 561 721";"2024-09-04 02:11:34"
"2024-09-07";"";"146 322";"97 162";"27 561 221";"2024-09-07 07:04:34"
"2024-09-06";"";"29 846";"5 400";"27 561 814";"2024-09-06 17:26:52"
"2024-09-02";"Instagram";"871 119";"39 475";"27 562 067";"2024-09-02 13:34:45"
"2024-09-07";"YouTube";"349 626";"65 477";"27 562 806";"2024-09-08 02:23:11"
"2024-09-06";"Yandex";"957 307";"449 572";"27 562 692";"2024-09-07 02:59:28"
"2024-09-07";"";"20 321 786";"1 045 800";"27 562 737";"2024-09-07 05:26:15"
"2024-09-10";"Instagram";"198 148 878";"5 392 988";"27 562 681";"2024-09-10 05:26:38"
"2024-09-03";"YouTube";"1 756 944";"93 274";"27 563 144";"2024-09-03 13:58:22"
"2024-09-10";"";"66 779";"8 492";"27 562 793";"2024-09-10 10:31:32"
"2024-09-07";"Yandex";"1 858 846";"93 845";"27 562 125";"2024-09-07 06:51:26"
"2024-09-02";"";"75 794";"21 622";"27 561 983";"2024-09-02 03:36:14"
"2024-09-08";"";"142 080";"13 066";"27 562 391";"2024-09-08 13:46:51"
"2024-09-07";"";"68 500";"44 335";"27 563 228";"2024-09-07 14:35:48"
"2024-09-09";"";"24 113";"25 759";"27 563 438";"2024-09-09 03:12:18"
"2024-09-06";"Instagram";"48 985 711";"671 123";"27 562 921";"2024-09-06 21:54:08"
"2024-09-06";"Instagram";"1 207 138";"282 269";"27 561 217";"2024-09-06 18:27:14"
"2024-09-07";"PUBG";"148 524";"14 170";"27 561 596";"2024-09-08 01:34:06"
"2024-09-04";"";"442 352";"25 575";"27 563 369";"2024-09-05 02:47:59"
"2024-09-09";"";"67 488";"5 806";"27 562 969";"2024-09-10 01:34:12"
"2024-09-10";"";"331 820";"76 975";"27 563 016";"2024-09-10 06:15:07"
"2024-09-07";"";"10 627 679";"385 901";"27 563 162";"2024-09-07 07:40:35"
"2024-09-03";"";"191 568";"17 488";"27 561 873";"2024-09-03 19:16:50"
"2024-09-01";"";"35 007";"2 374";"27 562 410";"2024-09-01 16:01:13"
"2024-09-06";"";"151 702";"26 847";"27 563 042";"2024-09-06 16:49:45"
"2024-09-01";"";"73 838";"8 262";"27 561 896";"2024-09-01 23:20:41"
"2024-09-09";"";"2 463 616";"98 626";"27 561 989";"2024-09-09 05:02:02"
"2024-09-10";"Instagram";"3 683 117";"549 822";"27 562 439";"2024-09-10 14:59:29"
"2024-09-03";"Facebook";"266 259";"24 738";"27 562 150";"2024-09-04 00:57:29"
"2024-09-09";"YouTube";"58 614 722";"2 928 224";"27 562 200";"2024-09-09 13:46:09"
"2024-09-03";"";"29 251";"4 363";"27 561 587";"2024-09-03 17:14:36"
"2024-09-09";"";"46 017";"10 666";"27 562 417";"2024-09-09 22:43:26"
"2024-09-07";"";"38 988";"2 165";"27 563 203";"2024-09-07 20:53:51"
"2024-09-10";"Facebook";"662 138";"371 390";"27 561 401";"2024-09-10 19:28:15"
"2024-09-03";"";"34 260";"15 771";"27 562 535";"2024-09-03 18:51:20"
"2024-09-07";"YouTube";"647 039";"197 270";"27 561 592";"2024-09-07 16:49:43"
"2024-09-04";"";"2 125 216";"102 175";"27 561 725";"2024-09-05 02:11:13"
"2024-09-08";"";"6 236 318";"4 728 941";"27 562 698";"2024-09-08 22:19:32"
"2024-09-10";"";"113 812";"82 138";"27 563 427";"2024-09-10 17:50:39"
"2024-09-05";"";"138 189";"5 613";"27 561 963";"2024-09-05 21:42:58"
"2024-09-03";"";"49 267";"5 377";"27 562 595";"2024-09-03 23:44:06"
"2024-09-10";"Facebook";"605 612";"15 035";"27 563 224";"2024-09-10 10:07:26"
"2024-09-06";"";"99 627";"90 390";"27 562 462";"2024-09-06 12:57:40"
"2024-09-04";"";"259 560";"17 052";"27 561 432";"2024-09-04 15:12:06"
"2024-09-09";"";"1 625 215";"31 918";"27 562 580";"2024-09-09 08:53:11"
"2024-09-03";"";"376 707";"25 065";"27 561 998";"2024-09-03 15:12:57"
"2024-09-10";"";"28 694";"11 364";"27 562 243";"2024-09-10 05:38:40"
"2024-09-10";"Telegram";"15 878 211";"1 042 808";"27 562 232";"2024-09-10 14:59:10"
"2024-09-02";"";"80 639";"246 369";"27 562 583";"2024-09-02 11:08:30"
"2024-09-02";"";"3 842 953";"234 422";"27 562 398";"2024-09-02 18:15:33"
"2024-09-03";"";"58 019";"59 654";"27 562 795";"2024-09-03 04:13:36"
"2024-09-03";"Facebook";"399 436";"206 860";"27 561 320";"2024-09-03 11:56:02"
"2024-09-10";"";"177 851";"62 095";"27 562 674";"2024-09-10 21:06:59"
"2024-09-04";"";"223 937";"7 493";"27 561 367";"2024-09-05 01:10:34"
"2024-09-04";"YouTube";"690 845";"136 563";"27 562 555";"2024-09-04 11:08:54"
"2024-09-06";"";"57 005";"256 690";"27 563 095";"2024-09-06 18:15:16"
"2024-09-10";"";"584 142";"22 584";"27 561 608";"2024-09-10 09:06:07"
"2024-09-10";"";"75 607";"16 059";"27 563 217";"2024-09-10 13:46:16"
"2024-09-08";"";"7 040";"130 571";"27 561 668";"2024-09-08 22:31:56"
"2024-09-05";"";"1 500 037";"103 928";"27 562 717";"2024-09-06 00:45:19"
"2024-09-05";"Instagram";"1 462 358";"96 235";"27 562 192";"2024-09-05 12:33:45"
"2024-09-05";"";"51 130 782";"674 049";"27 562 758";"2024-09-05 18:51:08"
"2024-09-01";"";"135 196";"47 743";"27 562 014";"2024-09-01 14:59:29"
"2024-09-09";"";"81 693";"197 540";"27 562 586";"2024-09-09 20:53:32"
"2024-09-02";"";"369 502 168";"8 114 067";"27 561 269";"2024-09-02 22:55:02"
"2024-09-07";"";"81 256";"68 390";"27 561 574";"2024-09-07 09:06:56"
"2024-09-05";"YouTube";"41 065";"49 874";"27 562 690";"2024-09-05 06:39:09"
"2024-09-08";"TikTok";"950";"116 273";"27 562 266";"2024-09-08 10:43:32"
"2024-09-09";"YouTube";"50 419";"9 999";"27 562 175";"2024-09-09 13:58:04"
"2024-09-10";"";"1 565 814";"210 306";"27 563 336";"2024-09-10 03:00:01"
"2024-09-09";"";"87 503 387";"2 318 917";"27 562 622";"2024-09-09 03:24:23"
"2024-09-04";"";"32 695";"2 400";"27 562 753";"2024-09-04 10:55:50"
"2024-09-10";"Tas-ix";"166 965";"37 468";"27 562 331";"2024-09-10 04:13:04"
"2024-09-07";"";"1 041 896";"113 661";"27 561 973";"2024-09-07 08:17:35"
"2024-09-05";"Unknown";"916 966";"589 303";"27 563 424";"2024-09-05 08:29:02"
"2024-09-04";"";"7 034";"41 228";"27 562 473";"2024-09-05 01:22:02"
"2024-09-04";"";"83 854";"5 905";"27 563 076";"2024-09-05 02:59:57"
"2024-09-02";"";"81 848";"4 053";"27 561 967";"2024-09-02 08:41:19"
"2024-09-05";"";"293 014";"23 881";"27 562 444";"2024-09-06 02:35:48"
"2024-09-05";"";"92 936";"18 529";"27 562 309";"2024-09-05 12:45:34"
"2024-09-05";"";"273 316";"37 113";"27 561 921";"2024-09-05 16:49:44"
"2024-09-02";"Telegram";"32 306 166";"2 185 047";"27 562 756";"2024-09-03 00:33:32"
"2024-09-07";"";"28 863";"9 613";"27 561 851";"2024-09-07 07:16:24"
"2024-09-08";"";"148 000";"68 727";"27 561 596";"2024-09-08 10:07:07"
"2024-09-09";"YouTube";"79 723";"23 002";"27 562 270";"2024-09-09 08:05:07"
"2024-09-04";"";"512";"26 351";"27 562 582";"2024-09-04 10:43:28"
"2024-09-09";"WhatsApp";"1 705 621";"2 012 610";"27 561 850";"2024-09-09 10:31:42"
"2024-09-01";"";"379 959";"189 944";"27 562 194";"2024-09-02 02:23:59"
"2024-09-01";"";"119 515";"7 552";"27 561 775";"2024-09-01 14:47:10"
"2024-09-06";"";"351 091";"21 389";"27 562 234";"2024-09-06 03:00:04"
"2024-09-08";"";"29 737";"19 820";"27 561 362";"2024-09-09 00:57:15"
"2024-09-04";"Telegram";"211 180 212";"11 728 467";"27 562 263";"2024-09-04 18:39:26"
"2024-09-05";"";"1 630";"77 534";"27 562 863";"2024-09-05 15:24:11"
"2024-09-07";"";"49 843";"104 836";"27 563 134";"2024-09-08 02:59:46"
"2024-09-06";"";"863 393";"69 264";"27 561 796";"2024-09-06 20:17:26"
"2024-09-08";"Instagram";"789 030";"453 900";"27 562 442";"2024-09-08 21:30:09"
"2024-09-06";"";"123 451";"7 019";"27 563 082";"2024-09-06 09:30:44"
"2024-09-04";"";"859 459";"142 009";"27 561 573";"2024-09-04 23:08:54"
"2024-09-03";"";"444 034";"1 393 434";"27 562 304";"2024-09-03 07:28:14"
"2024-09-10";"";"42 287";"112 511";"27 561 578";"2024-09-11 01:58:47"
"2024-09-06";"";"41 173";"5 298";"27 561 999";"2024-09-06 10:31:44"
"2024-09-07";"";"87 223";"3 747";"27 562 935";"2024-09-07 13:10:09"
"2024-09-05";"";"328 137";"13 166";"27 561 776";"2024-09-06 02:23:53"
"2024-09-09";"Yandex";"238 471";"203 580";"27 561 219";"2024-09-09 22:31:40"
"2024-09-09";"Telegram";"2 257 570";"151 039";"27 561 392";"2024-09-09 20:29:26"
"2024-09-09";"YouTube";"64 030";"23 986";"27 563 460";"2024-09-09 11:56:40"
"2024-09-08";"Facebook";"497 722";"58 345";"27 562 343";"2024-09-08 14:47:40"
"2024-09-09";"";"191 771";"37 850";"27 562 014";"2024-09-09 16:01:16"
"2024-09-02";"";"208 059";"7 143";"27 562 839";"2024-09-02 21:42:52"
"2024-09-04";"";"141 174";"185 877";"27 563 236";"2024-09-04 06:51:30"
"2024-09-03";"Yandex";"73 767";"16 996";"27 561 357";"2024-09-03 22:43:07"
"2024-09-07";"";"1 614 780";"58 592";"27 562 772";"2024-09-07 23:32:53"
"2024-09-05";"";"48 272";"1 991";"27 562 473";"2024-09-05 10:43:22"
"2024-09-09";"";"5 723 303";"228 073";"27 562 792";"2024-09-09 03:36:53"
"2024-09-10";"";"52 533";"18 196";"27 561 997";"2024-09-10 04:49:47"
"2024-09-10";"";"932 438";"134 001";"27 561 924";"2024-09-11 02:59:44"
"2024-09-04";"";"468 063";"36 868";"27 562 057";"2024-09-04 22:31:09"
"2024-09-07";"YouTube";"571 315";"92 966";"27 561 975";"2024-09-07 12:21:42"
"2024-09-09";"";"72 549";"3 612";"27 562 903";"2024-09-09 12:21:41"
"2024-09-07";"YouTube";"6 144 641";"347 861";"27 561 355";"2024-09-08 01:22:05"
"2024-09-02";"";"1 467 704";"46 086";"27 562 520";"2024-09-02 17:50:17"
"2024-09-02";"WhatsApp";"26 079";"1 545";"27 562 124";"2024-09-02 03:24:36"
"2024-09-06";"Telegram";"2 705 519";"151 341";"27 562 150";"2024-09-06 23:20:08"
"2024-09-08";"";"122 445";"4 694";"27 562 809";"2024-09-08 14:59:11"
"2024-09-07";"";"8 999";"95 663";"27 561 407";"2024-09-08 01:22:26"
"2024-09-02";"";"41 714";"6 419";"27 561 383";"2024-09-02 16:13:01"
"2024-09-02";"";"21 078 437";"2 094 271";"27 561 997";"2024-09-02 15:48:07"
"2024-09-10";"";"38 317";"1 484";"27 562 725";"2024-09-10 12:21:38"
"2024-09-10";"Telegram";"26 891";"9 463";"27 561 224";"2024-09-10 21:54:03"
"2024-09-09";"";"28 073";"2 710";"27 562 548";"2024-09-09 18:03:07"
"2024-09-07";"VKontakte";"20 984 987";"1 095 929";"27 561 224";"2024-09-07 07:16:09"
"2024-09-03";"";"28 505 730";"1 872 436";"27 561 608";"2024-09-04 01:46:01"
"2024-09-10";"";"95 524";"10 103";"27 562 124";"2024-09-10 06:27:36"
"2024-09-07";"";"170 717";"10 064";"27 563 211";"2024-09-07 16:01:07"
"2024-09-06";"";"57 631";"4 080";"27 561 393";"2024-09-06 10:31:17"
"2024-09-10";"";"136 241";"15 180";"27 563 143";"2024-09-10 08:41:14"
"2024-09-04";"Telegram";"222 707 639";"14 309 326";"27 561 775";"2024-09-05 00:45:49"
"2024-09-07";"YouTube";"16 888 464";"2 361 288";"27 562 089";"2024-09-07 03:12:17"
"2024-09-03";"";"39 672";"43 382";"27 563 448";"2024-09-03 17:14:50"
"2024-09-01";"";"63 218";"6 461";"27 561 737";"2024-09-01 10:19:36"
"2024-09-09";"";"66 086";"297 781";"27 561 722";"2024-09-09 06:27:38"
"2024-09-09";"";"72 793";"4 898";"27 562 595";"2024-09-09 06:51:56"
"2024-09-07";"";"3 439";"58 037";"27 563 295";"2024-09-07 15:36:14"
"2024-09-10";"";"73 399";"28 693";"27 561 466";"2024-09-10 23:32:00"
"2024-09-04";"";"34 368";"2 585";"27 563 153";"2024-09-04 20:53:09"
"2024-09-08";"YouTube";"13 428";"33 790";"27 561 715";"2024-09-08 13:58:52"
"2024-09-04";"Instagram";"150 745";"11 606";"27 563 162";"2024-09-04 18:51:03"
"2024-09-02";"Unknown";"41 469";"4 123";"27 561 407";"2024-09-02 19:52:35"
"2024-09-03";"Instagram";"3 463 625";"6 179 387";"27 561 981";"2024-09-03 07:52:10"
"2024-09-06";"";"172 496";"24 957";"27 561 177";"2024-09-06 08:53:54"
"2024-09-10";"";"102 853";"5 319";"27 561 485";"2024-09-10 07:52:01"
"2024-09-02";"";"4 321 167";"296 204";"27 563 041";"2024-09-02 14:11:33"
"2024-09-09";"";"70 386";"26 953";"27 563 284";"2024-09-09 22:19:13"
"2024-09-10";"Telegram";"55 289 559";"2 860 022";"27 563 268";"2024-09-10 08:41:35"
"2024-09-05";"";"3 821 906";"1 940 058";"27 561 485";"2024-09-05 23:44:19"
"2024-09-08";"";"224 283";"6 307";"27 562 630";"2024-09-09 01:10:25"
"2024-09-10";"";"37 012";"8 208";"27 563 476";"2024-09-10 07:40:32"
"2024-09-08";"YouTube";"5 905 571";"3 159 188";"27 563 442";"2024-09-08 10:19:47"
"2024-09-09";"Telegram";"149 542 242";"98 088 860";"27 562 376";"2024-09-09 17:02:51"
"2024-09-07";"";"26 053";"6 072";"27 562 922";"2024-09-07 16:25:21"
"2024-09-10";"";"1 366 387";"2 032 746";"27 562 825";"2024-09-10 16:13:31"
"2024-09-09";"";"844 572";"88 245";"27 562 684";"2024-09-09 12:57:28"
"2024-09-08";"YouTube";"5 161 161";"684 393";"27 562 634";"2024-09-08 21:54:15"
"2024-09-01";"";"111 141";"606 259";"27 561 413";"2024-09-01 19:40:34"
"2024-09-07";"Instagram";"417 747";"69 550";"27 563 472";"2024-09-07 04:37:12"
"2024-09-05";"Unknown";"38 584";"12 730";"27 562 100";"2024-09-05 05:14:33"
"2024-09-02";"Facebook";"189 306";"92 595";"27 563 312";"2024-09-03 00:21:59"
"2024-09-09";"";"384 400";"177 783";"27 561 567";"2024-09-09 10:43:41"
"2024-09-03";"";"46 890";"7 805";"27 563 224";"2024-09-04 02:35:06"
"2024-09-04";"";"34 026";"15 493";"27 561 375";"2024-09-04 10:19:15"
"2024-09-07";"";"2 246 488";"106 036";"27 562 265";"2024-09-07 23:44:05"
"2024-09-10";"";"422 823";"21 819";"27 561 232";"2024-09-10 21:42:06"
"2024-09-01";"";"137 348";"28 460";"27 562 016";"2024-09-01 19:28:38"
"2024-09-04";"";"316 549";"57 034";"27 563 450";"2024-09-05 02:23:15"
"2024-09-09";"Instagram";"34 814 979";"1 832 807";"27 561 301";"2024-09-09 05:26:57"
"2024-09-02";"Unknown";"68 015";"13 380";"27 562 784";"2024-09-02 14:35:33"
"2024-09-06";"";"1 234 652";"689 975";"27 561 464";"2024-09-06 22:07:46"
"2024-09-10";"";"248 915";"138 338";"27 562 942";"2024-09-10 16:13:32"
"2024-09-06";"WhatsApp";"2 723 183";"1 472 599";"27 561 355";"2024-09-06 09:42:17"
"2024-09-09";"YouTube";"5 976 338";"274 187";"27 562 775";"2024-09-09 16:25:45"
"2024-09-07";"WhatsApp";"2 261 647";"543 764";"27 561 706";"2024-09-07 06:51:34"
"2024-09-05";"";"308 001";"158 838";"27 561 504";"2024-09-05 18:39:48"
"2024-09-08";"";"619 387";"38 704";"27 562 564";"2024-09-08 14:11:40"
"2024-09-10";"";"4 661 723";"298 994";"27 562 838";"2024-09-10 16:37:47"
"2024-09-04";"Instagram";"212 090";"45 561";"27 563 189";"2024-09-04 14:11:56"
"2024-09-05";"IMO";"0";"27 150";"27 562 692";"2024-09-05 09:30:31"
"2024-09-06";"Facebook";"414 297";"27 475";"27 563 128";"2024-09-06 07:52:37"
"2024-09-05";"Yandex";"136 775";"5 810";"27 561 213";"2024-09-05 04:25:45"
"2024-09-10";"Yandex Video";"437 873";"20 445";"27 562 007";"2024-09-10 17:38:23"
"2024-09-06";"";"175 780";"9 024";"27 561 761";"2024-09-06 07:04:48"
"2024-09-09";"Yandex";"496 427";"185 092";"27 562 183";"2024-09-09 18:39:35"
"2024-09-07";"";"470 402";"27 657";"27 562 451";"2024-09-07 14:59:00"
"2024-09-06";"YouTube";"3 626 495";"1 256 957";"27 562 442";"2024-09-06 07:52:54"
"2024-09-01";"";"45 857";"8 621";"27 562 484";"2024-09-02 01:58:04"
"2024-09-03";"Yandex";"121 141";"73 123";"27 561 463";"2024-09-03 11:44:22"
"2024-09-01";"Instagram";"355 960";"150 593";"27 562 753";"2024-09-01 12:33:25"
"2024-09-04";"Tas-ix";"36 002";"34 250";"27 561 481";"2024-09-04 07:52:42"
"2024-09-09";"Instagram";"7 094 904";"296 889";"27 561 557";"2024-09-09 12:33:57"
"2024-09-05";"";"30 991";"9 332";"27 561 994";"2024-09-05 06:03:43"
"2024-09-10";"YouTube";"2 500 142";"304 760";"27 561 903";"2024-09-11 01:22:29"
"2024-09-08";"";"193 162";"6 616";"27 561 953";"2024-09-08 05:38:17"
"2024-09-06";"";"1 187 973";"91 132";"27 563 267";"2024-09-06 04:25:11"
"2024-09-03";"";"25 983";"20 366";"27 561 912";"2024-09-03 08:29:43"
"2024-09-08";"";"37 766";"55 173";"27 562 525";"2024-09-08 14:59:29"
"2024-09-03";"";"138 432";"429 284";"27 562 542";"2024-09-03 23:56:37"
"2024-09-10";"";"30 955";"28 337";"27 562 865";"2024-09-10 15:12:52"
"2024-09-07";"";"125 236";"6 721";"27 562 185";"2024-09-07 08:17:59"
"2024-09-05";"";"51 327";"7 295";"27 562 856";"2024-09-05 17:02:46"
"2024-09-03";"";"1 437 647";"60 832";"27 563 297";"2024-09-03 18:39:44"
"2024-09-07";"YouTube";"4 308 379";"211 322";"27 562 779";"2024-09-08 00:21:17"
"2024-09-02";"PUBG";"28 849";"1 869";"27 563 415";"2024-09-03 01:58:07"
"2024-09-07";"";"12 985";"30 903";"27 563 313";"2024-09-07 19:28:18"
"2024-09-10";"YouTube";"329 897";"3 766 289";"27 561 177";"2024-09-10 13:46:41"
"2024-09-01";"";"29 263";"17 578";"27 562 672";"2024-09-01 20:41:48"
"2024-09-10";"";"29 053";"5 586";"27 561 718";"2024-09-10 10:19:46"
"2024-09-05";"";"390 053";"30 801";"27 563 114";"2024-09-05 17:14:08"
"2024-09-07";"Telegram";"3 272 684";"1 715 409";"27 563 497";"2024-09-07 08:53:20"
"2024-09-09";"";"346 340";"19 593";"27 563 432";"2024-09-09 08:53:59"
"2024-09-01";"";"79 895 813";"4 429 636";"27 561 410";"2024-09-01 12:09:14"
"2024-09-03";"YouTube";"1 284 639";"89 457";"27 562 173";"2024-09-03 03:36:00"
"2024-09-04";"";"87 640";"7 247";"27 563 153";"2024-09-04 18:27:48"
"2024-09-04";"";"117 281";"7 677";"27 563 177";"2024-09-04 17:38:49"
"2024-09-02";"";"104 756";"10 665";"27 562 550";"2024-09-02 08:41:14"
"2024-09-09";"";"40 246";"39 905";"27 561 721";"2024-09-09 18:51:21"
"2024-09-08";"";"6 883 431";"89 101 151";"27 563 236";"2024-09-08 17:02:25"
"2024-09-07";"";"859 923";"54 131";"27 562 899";"2024-09-07 17:14:20"
"2024-09-08";"";"47 312";"11 277";"27 561 342";"2024-09-08 08:29:45"
"2024-09-01";"YouTube";"83 880";"26 907";"27 561 375";"2024-09-01 06:27:27"
"2024-09-09";"YouTube";"4 064 905";"251 285";"27 561 305";"2024-09-09 09:30:21"
"2024-09-04";"";"109 458";"52 080";"27 561 761";"2024-09-04 21:18:55"
"2024-09-02";"YouTube";"326 115 707";"25 576 488";"27 562 906";"2024-09-02 14:35:21"
"2024-09-05";"";"115 857";"12 575";"27 561 262";"2024-09-05 11:32:24"
"2024-09-08";"";"44 533";"31 193";"27 561 403";"2024-09-08 09:06:37"
"2024-09-09";"WhatsApp";"1 028 260";"378 670";"27 561 236";"2024-09-09 05:50:29"
"2024-09-04";"Telegram";"491 968 316";"19 692 420";"27 562 376";"2024-09-04 11:56:47"
"2024-09-07";"";"382 176";"28 981";"27 562 900";"2024-09-07 16:37:31"
"2024-09-05";"";"79 915";"12 521";"27 561 417";"2024-09-05 15:36:24"
"2024-09-04";"";"34 520";"3 486";"27 561 559";"2024-09-04 17:26:20"
"2024-09-07";"";"39 035";"15 274";"27 563 052";"2024-09-08 00:09:03"
"2024-09-04";"Tas-ix";"527 212";"26 679";"27 563 221";"2024-09-04 22:31:18"
"2024-09-02";"";"46 986";"256 849";"27 563 367";"2024-09-02 22:55:38"
"2024-09-04";"";"150 621";"6 898";"27 561 458";"2024-09-04 10:19:15"
"2024-09-05";"YouTube";"3 382 242";"148 040";"27 562 851";"2024-09-05 05:02:22"
"2024-09-09";"";"218 549";"9 280";"27 561 758";"2024-09-10 00:09:58"
"2024-09-01";"";"412 853";"18 591";"27 563 363";"2024-09-01 23:44:54"
"2024-09-05";"Yandex";"1 028 276";"160 997";"27 563 443";"2024-09-05 04:13:12"
"2024-09-05";"";"329 020";"18 298";"27 562 158";"2024-09-05 17:38:53"
"2024-09-01";"";"630";"29 005";"27 563 446";"2024-09-01 22:55:56"
"2024-09-09";"";"27 019";"4 489";"27 561 630";"2024-09-09 23:08:15"
"2024-09-03";"Unknown";"781 863";"6 884";"27 562 049";"2024-09-03 14:47:27"
"2024-09-08";"";"5 641";"43 295";"27 562 083";"2024-09-08 03:36:09"
"2024-09-04";"";"936 530";"72 263";"27 562 908";"2024-09-04 04:13:07"
"2024-09-01";"Facebook";"131 972";"34 085";"27 563 469";"2024-09-01 04:37:40"
"2024-09-10";"";"278 036";"17 377";"27 562 791";"2024-09-11 00:33:14"
"2024-09-07";"YouTube";"5 594 962";"415 619";"27 563 467";"2024-09-08 00:21:45"
"2024-09-09";"";"131 512";"8 550";"27 561 915";"2024-09-10 01:22:20"
"2024-09-10";"Facebook";"58 278";"17 489";"27 563 082";"2024-09-11 02:47:37"
"2024-09-05";"";"83 521";"237 480";"27 562 757";"2024-09-05 04:01:30"
"2024-09-10";"";"776 586";"249 074";"27 563 033";"2024-09-10 23:20:56"
"2024-09-10";"";"82 366";"59 293";"27 562 857";"2024-09-10 14:59:36"
"2024-09-06";"Tas-ix";"351 818";"36 152";"27 562 604";"2024-09-06 13:10:39"
"2024-09-09";"";"26 750";"1 159";"27 562 801";"2024-09-10 00:09:39"
"2024-09-06";"";"961 807";"44 503";"27 562 087";"2024-09-06 17:50:43"
"2024-09-07";"Facebook";"711 616";"277 876";"27 563 238";"2024-09-07 23:32:54"
"2024-09-09";"";"131 858";"18 525";"27 562 897";"2024-09-10 02:23:03"
"2024-09-09";"";"27 002";"14 899";"27 562 552";"2024-09-10 00:21:59"
"2024-09-05";"";"264 918";"733 827";"27 563 031";"2024-09-05 12:45:27"
"2024-09-07";"";"57 190";"10 874";"27 561 921";"2024-09-07 03:24:20"
"2024-09-07";"YouTube";"155 145";"9 832";"27 561 668";"2024-09-07 04:37:29"
"2024-09-07";"Instagram";"34 569 249";"1 265 403";"27 561 846";"2024-09-07 15:12:26"
"2024-09-03";"";"31 423";"2 889";"27 562 222";"2024-09-03 19:52:43"
"2024-09-02";"Instagram";"3 243 342";"412 728";"27 562 326";"2024-09-02 09:30:20"
"2024-09-08";"YouTube";"328 775";"2 270 639";"27 561 454";"2024-09-09 01:34:14"
"2024-09-04";"WhatsApp";"114 276";"10 744";"27 562 057";"2024-09-04 07:40:50"
"2024-09-10";"Instagram";"1 819 048";"183 757";"27 561 767";"2024-09-10 08:05:48"
"2024-09-06";"";"60 013";"90 814";"27 561 251";"2024-09-06 14:47:08"
"2024-09-03";"Unknown";"1 530 539";"67 099";"27 561 974";"2024-09-03 09:18:16"
"2024-09-10";"";"14 678 569";"82 738 787";"27 561 195";"2024-09-10 15:36:13"
"2024-09-01";"Telegram";"36 670 501";"2 125 335";"27 561 205";"2024-09-01 07:16:58"
"2024-09-02";"";"123 357";"44 870";"27 562 149";"2024-09-02 14:47:02"
"2024-09-03";"";"29 781";"13 984";"27 562 124";"2024-09-03 16:25:17"
"2024-09-08";"";"849 950";"44 775";"27 562 084";"2024-09-08 08:05:07"
"2024-09-02";"YouTube";"1 154 440";"107 997";"27 562 782";"2024-09-02 16:37:24"
"2024-09-05";"";"7 576";"37 312";"27 561 835";"2024-09-05 11:08:28"
"2024-09-01";"";"119 285";"20 089";"27 562 824";"2024-09-01 09:54:13"
"2024-09-08";"";"310 033";"380 422";"27 563 031";"2024-09-09 02:35:04"
"2024-09-06";"";"50 207";"7 744";"27 563 095";"2024-09-06 18:51:39"
"2024-09-01";"Unknown";"5 506";"27 867";"27 563 213";"2024-09-01 16:13:33"
"2024-09-05";"";"879 885";"44 521";"27 562 254";"2024-09-06 01:46:04"
"2024-09-07";"YouTube";"909 866";"125 364";"27 563 284";"2024-09-07 17:50:32"
"2024-09-09";"";"52 566";"7 328";"27 563 092";"2024-09-09 17:14:58"
"2024-09-01";"";"65 958";"7 964";"27 563 189";"2024-09-01 05:02:19"
"2024-09-06";"";"63 951";"8 409";"27 562 156";"2024-09-06 03:00:03"
"2024-09-09";"";"2 670";"114 541";"27 561 547";"2024-09-09 22:31:32"
"2024-09-08";"Instagram";"146 769 460";"1 774 805";"27 562 356";"2024-09-08 12:45:22"
"2024-09-09";"TikTok";"24 979";"326 481";"27 563 368";"2024-09-09 07:40:34"
"2024-09-02";"Facebook";"1 269 106";"63 886";"27 563 335";"2024-09-02 11:32:09"
"2024-09-05";"Telegram";"18 700 355";"4 379 211";"27 561 491";"2024-09-05 17:26:35"
"2024-09-10";"";"49 739";"11 977";"27 563 191";"2024-09-10 15:36:17"
"2024-09-10";"YouTube";"567 602";"62 890";"27 562 024";"2024-09-10 15:12:04"
"2024-09-05";"Facebook";"372 194";"26 543";"27 562 281";"2024-09-05 04:37:27"
"2024-09-06";"";"1 156 760";"221 648";"27 563 311";"2024-09-06 19:28:44"
"2024-09-04";"";"31 251";"5 366";"27 562 492";"2024-09-04 20:17:06"
"2024-09-04";"PUBG";"273 440";"23 078";"27 561 435";"2024-09-05 01:58:25"
"2024-09-06";"Facebook";"21 621 914";"22 763 983";"27 562 552";"2024-09-06 12:57:38"
"2024-09-04";"";"468 381";"100 490";"27 563 512";"2024-09-05 02:11:48"
"2024-09-08";"WhatsApp";"730 471";"48 878";"27 563 022";"2024-09-09 00:09:53"
"2024-09-03";"Facebook";"380 108";"5 971 758";"27 562 226";"2024-09-03 05:26:38"
"2024-09-03";"";"65 920";"50 865";"27 562 393";"2024-09-03 04:25:27"
"2024-09-05";"";"102 446";"23 382";"27 562 849";"2024-09-05 23:08:58"
"2024-09-03";"YouTube";"749 333";"1 278 748";"27 561 491";"2024-09-03 12:21:00"
"2024-09-04";"Telegram";"89 722 493";"28 967 647";"27 561 712";"2024-09-04 15:00:41"
"2024-09-07";"";"179 159";"23 747";"27 561 592";"2024-09-07 13:46:49"
"2024-09-04";"PUBG";"96 464 724";"2 227 125";"27 562 497";"2024-09-04 12:09:38"
"2024-09-08";"";"103 955";"9 098";"27 562 973";"2024-09-08 16:13:50"
"2024-09-04";"";"5 695";"27 487";"27 562 646";"2024-09-04 17:02:31"
"2024-09-08";"WhatsApp";"40 645";"40 592";"27 562 435";"2024-09-09 00:57:32"
"2024-09-10";"YouTube";"4 400 112";"213 697";"27 561 220";"2024-09-10 04:49:58"
"2024-09-08";"";"123 245";"160 091";"27 563 092";"2024-09-08 19:16:13"
"2024-09-04";"YouTube";"5 764 745";"2 245 409";"27 562 466";"2024-09-04 13:34:01"
"2024-09-06";"YouTube";"2 631 159";"214 108";"27 563 174";"2024-09-06 22:07:12"
"2024-09-09";"YouTube";"36 254";"13 267";"27 563 193";"2024-09-09 12:21:15"
"2024-09-02";"Facebook";"629 098";"25 937";"27 561 508";"2024-09-02 06:15:10"
"2024-09-04";"WhatsApp";"26 150";"8 905";"27 562 292";"2024-09-04 18:15:50"
"2024-09-10";"YouTube";"1 318 160";"64 124";"27 563 358";"2024-09-10 07:04:22"
"2024-09-05";"YouTube";"119 965";"1 131 782";"27 563 012";"2024-09-05 06:27:37"
"2024-09-06";"";"27 298";"3 368";"27 562 629";"2024-09-06 21:06:06"
"2024-09-05";"WhatsApp";"37 713";"6 707";"27 562 690";"2024-09-05 23:20:24"
"2024-09-02";"YouTube";"58 825";"502 717";"27 562 679";"2024-09-02 17:02:35"
"2024-09-06";"";"45 924";"18 871";"27 561 428";"2024-09-06 22:55:47"
"2024-09-07";"";"40 815";"50 890";"27 562 566";"2024-09-07 04:25:17"
"2024-09-03";"Telegram";"11 399 817";"780 908";"27 561 994";"2024-09-03 08:05:07"
"2024-09-05";"YouTube";"1 280 518";"57 909";"27 562 612";"2024-09-05 22:07:04"
"2024-09-07";"";"2 080";"26 539";"27 563 016";"2024-09-07 14:59:46"
"2024-09-07";"";"34 334";"7 357";"27 563 093";"2024-09-07 06:51:56"
"2024-09-03";"";"57 931";"4 138";"27 561 554";"2024-09-03 08:29:20"
"2024-09-05";"";"3 987 598";"803 843";"27 563 041";"2024-09-05 12:21:34"
"2024-09-02";"";"119 750";"8 436";"27 561 252";"2024-09-02 05:26:21"
"2024-09-02";"Instagram";"1 195 478";"96 034";"27 563 065";"2024-09-02 03:12:15"
"2024-09-07";"";"311 846";"84 846";"27 562 880";"2024-09-07 23:32:06"
"2024-09-07";"";"42 581";"5 351";"27 561 534";"2024-09-07 07:52:59"
"2024-09-01";"";"21 700 839";"791 730";"27 562 015";"2024-09-01 12:09:45"
"2024-09-04";"YouTube";"14 446 748";"738 160";"27 561 420";"2024-09-04 15:48:49"
"2024-09-09";"";"165 234";"30 542";"27 561 914";"2024-09-09 11:56:37"
"2024-09-08";"Facebook";"11 615 643";"11 503 756";"27 561 887";"2024-09-08 10:19:13"
"2024-09-06";"";"403 109";"228 655";"27 562 893";"2024-09-06 15:24:17"
"2024-09-06";"Instagram";"63 927 928";"1 713 689";"27 562 524";"2024-09-06 12:57:16"
"2024-09-05";"TikTok";"630";"35 571";"27 561 305";"2024-09-05 12:21:02"
"2024-09-10";"YouTube";"1 830 374";"537 863";"27 562 968";"2024-09-10 16:37:42"
"2024-09-06";"YouTube";"1 716 319";"545 897";"27 561 201";"2024-09-06 03:36:02"
"2024-09-04";"Telegram";"8 678 398";"402 231";"27 562 575";"2024-09-04 16:49:26"
"2024-09-05";"";"47 274";"4 878";"27 562 330";"2024-09-05 03:12:41"
"2024-09-07";"";"1 800 297";"55 063";"27 561 649";"2024-09-07 19:40:13"
"2024-09-08";"";"784 212";"28 548";"27 561 396";"2024-09-08 03:00:27"
"2024-09-02";"";"116 380";"8 563";"27 563 308";"2024-09-03 02:23:49"
"2024-09-04";"YouTube";"65 711";"299 602";"27 561 625";"2024-09-04 12:33:53"
"2024-09-08";"";"155 435";"394 053";"27 563 156";"2024-09-08 11:08:34"
"2024-09-10";"";"34 263";"2 161";"27 562 865";"2024-09-10 19:04:04"
"2024-09-09";"";"55 899";"24 287";"27 563 050";"2024-09-09 05:26:21"
"2024-09-05";"";"27 076";"4 754";"27 563 347";"2024-09-05 09:30:18"
"2024-09-07";"";"79 485";"22 967";"27 561 357";"2024-09-07 23:32:04"
"2024-09-03";"Instagram";"18 418 059";"861 195";"27 561 745";"2024-09-03 09:54:12"
"2024-09-04";"Instagram";"10 482 032";"392 101";"27 562 889";"2024-09-05 00:33:21"
"2024-09-09";"WhatsApp";"452 936";"31 080";"27 562 630";"2024-09-09 11:56:40"
"2024-09-01";"YouTube";"506 669";"965 543";"27 561 892";"2024-09-01 07:52:22"
"2024-09-01";"";"31 425";"15 080";"27 561 772";"2024-09-01 20:05:45"
"2024-09-10";"";"82 441";"4 535";"27 563 187";"2024-09-10 03:36:29"
"2024-09-06";"";"64 899";"6 569";"27 562 660";"2024-09-06 23:08:54"
"2024-09-09";"Instagram";"101 233 898";"3 096 784";"27 562 142";"2024-09-09 21:42:26"
"2024-09-10";"";"106 041";"16 399";"27 563 219";"2024-09-10 19:40:24"
"2024-09-04";"Instagram";"2 384 630";"71 624";"27 563 016";"2024-09-05 01:34:22"
"2024-09-01";"";"92 910";"7 909";"27 562 187";"2024-09-01 22:19:48"
"2024-09-06";"";"294 477";"35 191";"27 561 760";"2024-09-06 07:28:56"
"2024-09-07";"Instagram";"2 636 590";"348 990";"27 563 260";"2024-09-07 07:40:35"
"2024-09-03";"";"1 086 486";"160 907";"27 562 931";"2024-09-03 20:53:53"
"2024-09-08";"";"49 909";"5 976";"27 562 339";"2024-09-08 16:25:18"
"2024-09-04";"";"47 999";"14 790";"27 562 259";"2024-09-04 08:29:27"
"2024-09-09";"";"59 251";"37 275";"27 561 390";"2024-09-10 01:46:05"
"2024-09-10";"";"419 763";"371 224";"27 562 085";"2024-09-10 22:07:49"
"2024-09-06";"";"34 700";"9 180";"27 561 825";"2024-09-06 11:20:18"
"2024-09-06";"Yandex";"973 771";"56 557";"27 562 921";"2024-09-06 11:08:43"
"2024-09-05";"";"9 289";"34 429";"27 563 028";"2024-09-05 17:38:17"
"2024-09-10";"";"69 828";"6 115";"27 562 969";"2024-09-10 10:43:39"
"2024-09-04";"";"400 349";"28 249";"27 561 578";"2024-09-04 09:18:25"
"2024-09-04";"";"2 460 354";"462 175";"27 562 721";"2024-09-04 04:49:05"
"2024-09-10";"YouTube";"3 975 375";"308 802";"27 562 099";"2024-09-10 12:57:01"
"2024-09-09";"";"187 995";"12 942";"27 561 543";"2024-09-09 12:57:29"
"2024-09-05";"";"26 919";"20 823";"27 563 351";"2024-09-05 09:42:57"
"2024-09-07";"";"205 521";"25 709";"27 561 707";"2024-09-07 17:50:32"
"2024-09-03";"";"538 892";"29 464";"27 561 173";"2024-09-03 15:36:43"
"2024-09-07";"";"6 496";"43 258";"27 562 048";"2024-09-07 05:14:17"
"2024-09-04";"YouTube";"2 574 183";"883 600";"27 562 447";"2024-09-04 10:43:17"
"2024-09-06";"";"694 343";"77 258";"27 561 366";"2024-09-06 04:01:36"
"2024-09-06";"Yandex";"524 365";"18 833";"27 563 418";"2024-09-06 09:18:31"
"2024-09-05";"";"46 094";"3 642";"27 561 959";"2024-09-05 11:56:17"
"2024-09-02";"Instagram";"15 773 928";"425 701";"27 562 791";"2024-09-02 16:49:56"
"2024-09-06";"";"510 437";"111 987";"27 561 352";"2024-09-06 11:44:44"
"2024-09-06";"";"36 792";"2 717";"27 562 107";"2024-09-06 08:29:35"
"2024-09-02";"Unknown";"56 433";"2 754";"27 562 663";"2024-09-02 06:27:51"
"2024-09-02";"";"362 322";"230 557";"27 561 230";"2024-09-02 10:19:48"
"2024-09-08";"";"451 190";"139 545";"27 562 404";"2024-09-09 02:35:27"
"2024-09-07";"";"1 692 800";"561 278";"27 562 932";"2024-09-08 01:58:40"
"2024-09-07";"YouTube";"713 821 884";"51 020 128";"27 563 469";"2024-09-07 07:52:40"
"2024-09-10";"YouTube";"756 901";"110 058";"27 561 605";"2024-09-10 10:19:29"
"2024-09-08";"Telegram";"1 134 745";"71 324";"27 562 083";"2024-09-09 00:09:00"
"2024-09-07";"YouTube";"1 274 935";"156 255";"27 563 061";"2024-09-08 01:10:31"
"2024-09-06";"";"165 086";"45 077";"27 561 468";"2024-09-06 22:43:01"
"2024-09-04";"";"990 462";"84 135";"27 562 265";"2024-09-05 00:57:05"
"2024-09-01";"YouTube";"28 087";"15 513";"27 563 356";"2024-09-01 19:40:16"
"2024-09-07";"";"602 760 105";"97 692 299";"27 563 238";"2024-09-07 23:44:04"
"2024-09-05";"";"4 925 599";"79 553";"27 561 314";"2024-09-05 03:12:11"
"2024-09-01";"";"104 394";"12 530";"27 561 697";"2024-09-01 23:44:29"
"2024-09-02";"";"66 545";"8 458";"27 561 370";"2024-09-02 06:03:30"
"2024-09-07";"";"6 884";"37 541";"27 562 004";"2024-09-07 04:25:24"
"2024-09-01";"";"28 268";"12 833";"27 563 290";"2024-09-01 16:01:51"
"2024-09-08";"YouTube";"38 657";"16 110";"27 562 317";"2024-09-09 02:47:07"
"2024-09-01";"";"1 101 049";"2 064 267";"27 561 564";"2024-09-01 07:16:33"
"2024-09-02";"";"1 064";"44 051";"27 562 094";"2024-09-02 22:55:31"
"2024-09-04";"Telegram";"184 129";"17 979";"27 562 522";"2024-09-04 07:28:41"
"2024-09-02";"";"158 047";"69 832";"27 563 289";"2024-09-03 02:59:58"
"2024-09-02";"Apple Music";"119 055";"34 812";"27 562 436";"2024-09-02 06:27:38"
"2024-09-08";"";"60 582";"13 049";"27 562 073";"2024-09-09 02:11:16"
"2024-09-01";"";"790 940";"42 688";"27 562 591";"2024-09-01 15:48:56"
"2024-09-01";"";"68 591";"26 281";"27 563 511";"2024-09-01 03:12:48"
"2024-09-09";"VKontakte";"212 629";"12 429";"27 562 487";"2024-09-09 13:58:30"
"2024-09-05";"";"31 493";"2 864";"27 563 011";"2024-09-05 16:37:43"
"2024-09-01";"Yandex";"48 411";"4 844";"27 562 459";"2024-09-02 02:35:52"
"2024-09-09";"";"882 946";"28 911";"27 561 529";"2024-09-09 04:37:58"
"2024-09-03";"Instagram";"40 158 199";"805 903";"27 562 858";"2024-09-03 17:02:21"
"2024-09-04";"Instagram";"35 621 912";"530 255";"27 562 992";"2024-09-04 10:07:21"
"2024-09-04";"";"27 529";"2 999";"27 563 333";"2024-09-04 03:48:05"
"2024-09-06";"";"134 257";"96 768";"27 562 530";"2024-09-06 04:25:30"
"2024-09-01";"";"424 845";"26 995";"27 562 300";"2024-09-01 19:40:18"
"2024-09-03";"";"107 718";"6 511";"27 563 082";"2024-09-03 16:49:02"
"2024-09-02";"YouTube";"942 133";"344 947";"27 561 290";"2024-09-02 11:20:30"
"2024-09-02";"";"127 507";"35 917";"27 562 725";"2024-09-02 11:44:14"
"2024-09-05";"";"42 735 654";"859 138";"27 562 445";"2024-09-05 19:52:47"
"2024-09-04";"Apple Music";"37 279";"14 744";"27 563 512";"2024-09-04 18:03:40"
"2024-09-06";"";"156 056";"17 631";"27 561 259";"2024-09-07 02:47:56"
"2024-09-03";"";"6 947 004";"272 018";"27 562 917";"2024-09-03 17:02:10"
"2024-09-04";"Instagram";"261 214 715";"5 832 185";"27 563 336";"2024-09-04 07:40:49"
"2024-09-05";"YouTube";"480 404";"90 806";"27 562 489";"2024-09-05 13:10:12"
"2024-09-01";"";"118 441";"26 499";"27 562 203";"2024-09-01 07:40:09"
"2024-09-09";"Instagram";"9 803 682";"5 648 150";"27 562 014";"2024-09-09 11:32:18"
"2024-09-05";"";"441 114";"27 206";"27 562 300";"2024-09-05 11:20:03"
"2024-09-02";"";"658 821";"19 850";"27 563 436";"2024-09-03 02:11:06"
"2024-09-02";"";"76 992";"4 470";"27 561 794";"2024-09-02 09:42:34"
"2024-09-01";"Instagram";"1 574 839";"53 285";"27 561 544";"2024-09-01 15:24:21"
"2024-09-10";"Telegram";"204 931";"20 274";"27 562 283";"2024-09-10 16:25:32"
"2024-09-01";"";"4 512 914";"54 604";"27 561 262";"2024-09-01 09:18:15"
"2024-09-04";"TikTok";"133 412";"1 811 193";"27 561 623";"2024-09-04 08:05:06"
"2024-09-08";"";"43 117";"5 964";"27 563 080";"2024-09-08 04:01:10"
"2024-09-09";"";"572 876";"306 225";"27 563 360";"2024-09-09 08:41:31"
"2024-09-10";"";"33 116";"42 640";"27 562 540";"2024-09-10 15:36:37"
"2024-09-09";"YouTube";"34 426";"7 805";"27 561 745";"2024-09-09 18:51:02"
"2024-09-06";"YouTube";"30 998 454";"2 827 172";"27 562 233";"2024-09-06 05:26:36"
"2024-09-08";"YouTube";"465 906";"69 119";"27 562 362";"2024-09-08 20:05:10"
"2024-09-06";"WhatsApp";"7 869 037";"410 149";"27 563 148";"2024-09-06 05:26:51"
"2024-09-06";"";"134 287";"5 282 567";"27 563 154";"2024-09-06 09:54:48"
"2024-09-04";"";"22 493 679";"2 309 172";"27 561 548";"2024-09-04 06:51:48"
"2024-09-06";"";"223 928";"8 535";"27 561 715";"2024-09-07 02:23:44"
"2024-09-07";"YouTube";"110 540 259";"6 555 395";"27 561 655";"2024-09-07 17:14:56"
"2024-09-02";"";"33 088";"2 073";"27 562 435";"2024-09-02 04:01:51"
"2024-09-08";"YouTube";"1 101 625";"119 973";"27 561 851";"2024-09-09 01:58:35"
"2024-09-06";"";"147 175";"27 620";"27 563 082";"2024-09-06 06:15:07"
"2024-09-07";"Telegram";"292 601";"45 669";"27 561 431";"2024-09-07 17:50:22"
"2024-09-09";"Yandex";"44 495";"2 897";"27 561 273";"2024-09-09 19:52:53"
"2024-09-02";"";"43 141";"23 836";"27 563 026";"2024-09-02 20:17:09"
"2024-09-09";"";"79 734";"39 706";"27 562 416";"2024-09-09 19:40:54"
"2024-09-02";"";"60 945";"14 882";"27 562 450";"2024-09-02 14:47:38"
"2024-09-01";"";"37 020";"12 010";"27 561 370";"2024-09-02 01:10:10"
"2024-09-01";"";"131 328";"18 584";"27 562 037";"2024-09-01 11:32:59"
"2024-09-10";"Facebook";"237 868";"16 648";"27 563 097";"2024-09-10 23:56:25"
"2024-09-02";"";"59 128";"19 538";"27 562 845";"2024-09-02 21:06:06"
"2024-09-08";"";"288 125";"32 017";"27 561 662";"2024-09-08 09:42:21"
"2024-09-10";"Telegram";"693 815";"60 543";"27 561 219";"2024-09-10 17:38:43"
"2024-09-10";"";"27 842";"13 621";"27 563 017";"2024-09-10 18:03:54"
"2024-09-01";"";"39 334";"5 860";"27 561 767";"2024-09-01 05:14:31"
"2024-09-03";"";"163 636";"104 523";"27 562 674";"2024-09-03 10:19:41"
"2024-09-02";"Facebook";"239 030";"8 579";"27 562 799";"2024-09-02 04:49:16"
"2024-09-07";"";"82 625";"173 484";"27 561 359";"2024-09-07 08:29:41"
"2024-09-01";"Yandex";"84 452";"6 661";"27 562 419";"2024-09-01 12:33:11"
"2024-09-09";"";"120 757";"4 879";"27 561 963";"2024-09-09 23:56:56"
"2024-09-10";"";"2 525 531";"392 355";"27 563 328";"2024-09-10 17:26:18"
"2024-09-10";"Telegram";"8 717 440";"1 031 167";"27 562 255";"2024-09-11 02:47:46"
"2024-09-04";"";"363 265";"16 666";"27 562 709";"2024-09-04 14:11:19"
"2024-09-01";"";"44 134";"4 135";"27 561 468";"2024-09-01 08:29:02"
"2024-09-07";"";"570 256";"25 771";"27 562 051";"2024-09-07 14:47:20"
"2024-09-05";"";"188 284";"93 457";"27 563 032";"2024-09-05 08:41:57"
"2024-09-02";"YouTube";"496 141";"4 563 634";"27 562 403";"2024-09-03 02:35:17"
"2024-09-10";"";"994 564";"1 907 005";"27 562 884";"2024-09-10 20:29:35"
"2024-09-09";"Facebook";"38 269";"4 507";"27 561 707";"2024-09-09 11:56:07"
"2024-09-09";"";"326 025";"76 285";"27 562 900";"2024-09-10 01:10:03"
"2024-09-05";"YouTube";"158 018";"37 202";"27 562 883";"2024-09-05 07:40:32"
"2024-09-05";"";"51 435";"157 291";"27 563 328";"2024-09-06 01:46:47"
"2024-09-05";"";"4 684";"41 007";"27 562 203";"2024-09-05 22:31:36"
"2024-09-08";"";"176 305";"12 878";"27 561 668";"2024-09-08 18:03:31"
"2024-09-02";"";"113 726";"5 623";"27 561 500";"2024-09-03 00:09:53"
"2024-09-09";"";"524 849";"287 411";"27 562 760";"2024-09-09 07:40:22"
"2024-09-04";"";"378 422";"125 940";"27 562 511";"2024-09-04 05:02:03"
"2024-09-07";"";"78 324";"56 096";"27 562 059";"2024-09-07 23:20:24"
"2024-09-02";"";"127 045";"9 746";"27 561 978";"2024-09-02 18:51:47"
"2024-09-06";"Instagram";"305 593";"20 764";"27 562 149";"2024-09-06 08:17:23"
"2024-09-02";"";"1 153 032";"176 784";"27 562 775";"2024-09-02 03:36:38"
"2024-09-07";"";"417 152";"125 623";"27 562 942";"2024-09-07 18:15:27"
"2024-09-04";"";"27 144";"3 994";"27 561 840";"2024-09-04 13:58:11"
"2024-09-07";"";"149 778";"161 634";"27 562 787";"2024-09-07 15:12:54"
"2024-09-08";"";"59 580";"25 047";"27 563 225";"2024-09-08 06:27:06"
"2024-09-10";"";"761 675";"428 582";"27 561 643";"2024-09-10 04:37:22"
"2024-09-08";"";"878 951";"606 483";"27 563 216";"2024-09-08 05:14:34"
"2024-09-04";"";"62 441";"44 802";"27 562 447";"2024-09-04 14:23:52"
"2024-09-05";"Instagram";"130 319 955";"2 255 820";"27 562 544";"2024-09-05 18:15:57"
"2024-09-07";"Apple Music";"166 324";"35 465";"27 562 400";"2024-09-08 00:09:37"
"2024-09-02";"Facebook";"34 089 285";"711 053";"27 563 409";"2024-09-02 05:38:03"
"2024-09-05";"";"351 016";"19 862";"27 561 745";"2024-09-05 09:18:48"
"2024-09-03";"";"90 716";"27 068";"27 563 083";"2024-09-03 19:04:37"
"2024-09-10";"Tas-ix";"257 247";"7 196";"27 562 008";"2024-09-10 14:23:04"
"2024-09-07";"YouTube";"2 170 012";"802 619";"27 561 619";"2024-09-07 18:51:26"
"2024-09-04";"";"191 310";"13 474";"27 562 527";"2024-09-04 19:04:07"
"2024-09-03";"";"51 403";"8 349";"27 562 100";"2024-09-03 19:52:57"
"2024-09-03";"Yandex";"255 531";"13 883";"27 563 184";"2024-09-03 17:14:54"
"2024-09-06";"";"302 455";"12 767";"27 562 843";"2024-09-06 09:42:32"
"2024-09-04";"WhatsApp";"378 046";"19 547";"27 563 147";"2024-09-04 12:33:15"
"2024-09-08";"";"27 998";"17 727";"27 562 737";"2024-09-08 08:05:37"
"2024-09-04";"";"27 962";"20 372";"27 563 325";"2024-09-05 01:34:03"
"2024-09-01";"Instagram";"1 977 084";"67 338";"27 561 866";"2024-09-01 09:42:44"
"2024-09-06";"Yandex";"417 633";"222 805";"27 563 304";"2024-09-07 01:58:44"
"2024-09-03";"";"10 398";"25 700";"27 561 680";"2024-09-03 05:38:00"
"2024-09-09";"VKontakte";"219 309";"9 038";"27 561 610";"2024-09-09 14:47:03"
"2024-09-08";"";"102 450";"39 845";"27 563 445";"2024-09-09 02:35:42"
"2024-09-01";"Facebook";"16 538";"27 819";"27 562 568";"2024-09-01 08:17:23"
"2024-09-09";"";"554 124";"24 554";"27 562 803";"2024-09-09 17:38:26"
"2024-09-06";"";"459 225";"105 029";"27 561 224";"2024-09-06 17:14:02"
"2024-09-07";"";"56 069";"6 805";"27 562 352";"2024-09-07 21:54:28"
"2024-09-08";"Facebook";"6 830 761";"307 947";"27 562 613";"2024-09-08 07:28:47"
"2024-09-03";"Facebook";"21 612 989";"217 197";"27 563 369";"2024-09-03 05:26:21"
"2024-09-03";"YouTube";"140 445";"1 730 949";"27 561 510";"2024-09-03 21:54:53"
"2024-09-08";"";"735 142";"635 875";"27 563 000";"2024-09-08 20:17:30"
"2024-09-09";"";"43 556";"6 463";"27 561 269";"2024-09-09 06:39:20"
"2024-09-04";"";"351 147";"203 534";"27 562 447";"2024-09-04 20:41:26"
"2024-09-07";"";"1 788 286";"35 252";"27 562 592";"2024-09-07 21:18:55"
"2024-09-07";"";"101 511";"5 847";"27 563 290";"2024-09-07 09:18:53"
"2024-09-10";"";"256 821";"110 518";"27 562 309";"2024-09-10 22:19:13"
"2024-09-02";"";"267 665";"18 401";"27 561 239";"2024-09-02 13:46:40"
"2024-09-08";"YouTube";"34 722 788";"2 533 065";"27 561 950";"2024-09-08 08:53:18"
"2024-09-02";"";"302 890";"127 588";"27 562 908";"2024-09-02 17:38:44"
"2024-09-01";"Yandex Video";"1 577 459";"76 485";"27 562 352";"2024-09-01 11:44:39"
"2024-09-04";"";"23 685";"131 891";"27 563 136";"2024-09-04 11:56:55"
"2024-09-05";"";"82 606";"7 151";"27 562 586";"2024-09-06 00:57:57"
"2024-09-01";"";"32 984";"20 033";"27 563 263";"2024-09-01 04:37:50"
"2024-09-09";"";"13 943";"113 990";"27 563 177";"2024-09-09 16:13:19"
"2024-09-03";"";"26 374";"2 037";"27 562 435";"2024-09-03 22:31:44"
"2024-09-04";"";"4 829 418";"279 711";"27 562 107";"2024-09-04 12:09:31"
"2024-09-04";"";"256 192";"11 618";"27 561 828";"2024-09-04 21:30:38"
"2024-09-03";"";"173 980";"78 320";"27 562 243";"2024-09-03 15:00:03"
"2024-09-06";"";"80 764";"5 090";"27 562 490";"2024-09-06 09:54:18"
"2024-09-06";"";"30 204";"4 741";"27 561 485";"2024-09-06 04:25:49"
"2024-09-09";"Instagram";"66 817 985";"1 654 239";"27 562 951";"2024-09-09 11:44:02"
"2024-09-08";"VKontakte";"140 242";"50 660";"27 561 830";"2024-09-08 09:42:49"
"2024-09-09";"";"211 781";"49 379";"27 561 290";"2024-09-09 19:40:31"
"2024-09-07";"";"597 638";"43 973";"27 563 467";"2024-09-07 22:31:56"
"2024-09-02";"Instagram";"29 987 320";"993 773";"27 561 628";"2024-09-03 00:33:30"
"2024-09-06";"";"81 025";"11 626";"27 562 651";"2024-09-06 14:11:26"
"2024-09-05";"";"227 531";"13 426";"27 561 697";"2024-09-06 00:57:09"
"2024-09-03";"Unknown";"3 445 463";"260 225";"27 563 494";"2024-09-03 19:28:36"
"2024-09-03";"";"2 022 609";"106 446";"27 563 129";"2024-09-03 18:15:50"
"2024-09-04";"";"123 894";"10 187";"27 563 023";"2024-09-04 20:41:20"
"2024-09-05";"";"538 021";"6 892";"27 563 095";"2024-09-05 20:53:49"
"2024-09-03";"Unknown";"92 462";"3 840";"27 561 772";"2024-09-03 17:02:03"
"2024-09-04";"";"193 101";"27 163";"27 561 562";"2024-09-04 19:04:42"
"2024-09-03";"";"467 367";"150 188";"27 562 014";"2024-09-03 14:35:55"
"2024-09-08";"";"194 146";"69 677";"27 563 145";"2024-09-08 18:03:58"
"2024-09-06";"";"26 190";"14 259";"27 562 172";"2024-09-06 12:09:44"
"2024-09-09";"";"92 103";"160 095";"27 562 841";"2024-09-09 09:18:01"
"2024-09-05";"";"103 364";"30 905";"27 563 186";"2024-09-05 16:49:22"
"2024-09-07";"WhatsApp";"26 265";"12 347";"27 563 308";"2024-09-07 23:32:26"
"2024-09-06";"YouTube";"2 714 631";"152 104";"27 561 173";"2024-09-06 10:55:47"
"2024-09-06";"";"43 186";"4 375";"27 561 354";"2024-09-06 20:41:55"
"2024-09-05";"";"23 686 018";"1 155 526";"27 563 336";"2024-09-05 11:44:15"
"2024-09-04";"Odnoklassniki";"482 695 597";"11 759 152";"27 563 392";"2024-09-04 08:29:07"
"2024-09-10";"";"8 450";"40 018";"27 561 306";"2024-09-10 15:48:04"
"2024-09-02";"Facebook";"86 203";"38 475";"27 562 402";"2024-09-03 01:58:46"
"2024-09-05";"";"285 554";"202 073";"27 561 343";"2024-09-05 22:07:16"
"2024-09-02";"Instagram";"153 754";"4 848";"27 562 197";"2024-09-02 13:22:26"
"2024-09-04";"";"99 170";"11 732";"27 563 072";"2024-09-05 01:22:29"
"2024-09-09";"";"35 358";"22 301";"27 562 298";"2024-09-09 14:59:36"
"2024-09-06";"";"295 009";"52 043";"27 561 179";"2024-09-06 15:12:50"
"2024-09-02";"";"35 972";"5 964";"27 563 291";"2024-09-02 11:56:59"
"2024-09-08";"YouTube";"1 921 886";"291 740";"27 561 177";"2024-09-08 13:46:56"
"2024-09-03";"";"35 106";"32 725";"27 563 024";"2024-09-03 10:31:18"
"2024-09-09";"";"502 294";"29 565";"27 563 136";"2024-09-09 22:19:38"
"2024-09-08";"";"79 132";"389 461";"27 563 210";"2024-09-08 20:53:05"
"2024-09-07";"";"475 423";"76 570";"27 563 101";"2024-09-07 20:53:59"
"2024-09-10";"Apple Music";"586 700";"156 213";"27 562 629";"2024-09-10 20:53:49"
"2024-09-04";"";"6 991";"31 125";"27 562 145";"2024-09-04 07:16:21"
"2024-09-09";"";"40 121";"4 660";"27 562 878";"2024-09-10 00:21:27"
"2024-09-10";"";"293 157";"87 298";"27 561 230";"2024-09-10 10:55:24"
"2024-09-07";"";"299 551";"19 749";"27 562 760";"2024-09-07 07:40:13"
"2024-09-05";"";"168 386";"14 155";"27 563 005";"2024-09-06 00:21:25"
"2024-09-08";"Facebook";"349 166";"246 894";"27 562 621";"2024-09-08 23:20:20"
"2024-09-05";"";"660 177";"107 057";"27 561 730";"2024-09-05 05:14:52"
"2024-09-05";"";"3 410 080";"10 175 858";"27 561 347";"2024-09-05 21:18:19"
"2024-09-04";"WhatsApp";"1 246 907";"281 807";"27 561 286";"2024-09-04 13:34:47"
"2024-09-07";"Yandex";"2 028 933";"164 369";"27 562 721";"2024-09-07 17:02:33"
"2024-09-01";"Facebook";"62 071";"5 855";"27 563 345";"2024-09-01 09:06:19"
"2024-09-10";"";"229 532";"24 962";"27 561 608";"2024-09-11 01:34:24"
"2024-09-01";"YouTube";"5 813 935";"373 282";"27 561 466";"2024-09-01 20:17:12"
"2024-09-10";"";"34 778";"3 460";"27 562 879";"2024-09-10 09:18:22"
"2024-09-07";"";"187 265";"157 721";"27 561 362";"2024-09-07 13:46:29"
"2024-09-06";"";"236 854";"26 651";"27 561 567";"2024-09-06 12:45:55"
"2024-09-08";"Instagram";"2 500 559";"95 839";"27 563 148";"2024-09-08 09:18:43"
"2024-09-04";"";"27 207";"2 733";"27 561 845";"2024-09-04 15:00:59"
"2024-09-07";"";"782 625";"9 523";"27 563 094";"2024-09-07 07:28:01"
"2024-09-02";"";"439 812";"36 786";"27 563 000";"2024-09-02 09:18:25"
"2024-09-03";"";"63 945";"4 671";"27 563 058";"2024-09-03 03:36:26"
"2024-09-09";"";"99 533";"48 902";"27 562 722";"2024-09-09 22:55:44"
"2024-09-07";"";"55 384";"3 158";"27 563 369";"2024-09-07 09:42:45"
"2024-09-05";"Yandex";"59 248";"3 761";"27 561 831";"2024-09-05 12:09:30"
"2024-09-10";"YouTube";"110 641 604";"6 228 500";"27 563 476";"2024-09-10 19:04:21"
"2024-09-09";"Instagram";"94 934 999";"2 130 889";"27 563 467";"2024-09-09 03:48:38"
"2024-09-07";"YouTube";"559 373";"38 695";"27 562 259";"2024-09-07 15:48:40"
"2024-09-02";"";"64 936";"21 044";"27 562 820";"2024-09-02 15:00:19"
"2024-09-09";"YouTube";"617 584";"124 476";"27 561 851";"2024-09-09 07:40:40"
"2024-09-01";"";"90 408";"9 753";"27 561 172";"2024-09-01 12:21:41"
"2024-09-08";"";"78 472";"4 661";"27 563 060";"2024-09-09 00:33:51"
"2024-09-02";"";"1 140 078";"249 766";"27 562 002";"2024-09-02 07:04:38"
"2024-09-04";"";"145 625";"217 736";"27 562 156";"2024-09-04 04:01:33"
"2024-09-04";"YouTube";"143 314";"104 929";"27 562 391";"2024-09-04 14:23:22"
"2024-09-06";"";"4 210 932";"333 668";"27 561 428";"2024-09-06 11:20:26"
"2024-09-06";"YouTube";"186 025";"1 427 950";"27 561 358";"2024-09-07 02:35:59"
"2024-09-05";"Yandex";"29 448";"9 108";"27 563 105";"2024-09-05 15:36:25"
"2024-09-10";"";"26 274";"9 561";"27 562 234";"2024-09-10 06:15:58"
"2024-09-09";"";"28 757";"4 800";"27 562 480";"2024-09-09 08:17:35"
"2024-09-10";"";"365 055";"18 259";"27 561 666";"2024-09-10 13:34:53"
"2024-09-06";"Yandex";"1 263 162";"52 474";"27 562 400";"2024-09-06 07:16:16"
"2024-09-09";"YouTube";"2 706 704";"157 245";"27 562 057";"2024-09-09 08:29:19"
"2024-09-04";"";"147 692";"177 240";"27 562 591";"2024-09-04 23:32:09"
"2024-09-01";"Unknown";"26 160";"7 354";"27 563 153";"2024-09-01 13:34:35"
"2024-09-02";"";"142 401";"156 856";"27 563 293";"2024-09-02 04:37:52"
"2024-09-08";"";"26 084";"4 398";"27 561 372";"2024-09-08 05:02:04"
"2024-09-06";"";"3 390 204";"6 202 991";"27 563 044";"2024-09-06 14:35:51"
"2024-09-09";"";"888 529";"1 164 866";"27 563 017";"2024-09-09 06:15:13"
"2024-09-06";"";"20 392";"74 673";"27 563 320";"2024-09-06 04:25:50"
"2024-09-09";"YouTube";"1 457 536";"219 591";"27 561 800";"2024-09-09 10:07:31"
"2024-09-08";"YouTube";"153 372";"1 452 584";"27 563 267";"2024-09-08 23:56:39"
"2024-09-08";"";"197 639";"94 905";"27 563 390";"2024-09-08 11:44:45"
"2024-09-08";"";"79 462";"131 150";"27 561 666";"2024-09-08 15:12:06"
"2024-09-01";"";"102 552";"8 922";"27 561 688";"2024-09-01 21:54:34"
"2024-09-07";"";"170 686";"10 789";"27 562 656";"2024-09-07 14:35:14"
"2024-09-02";"";"15 745";"33 749";"27 561 347";"2024-09-02 09:54:14"
"2024-09-04";"YouTube";"1 118 402";"159 743";"27 563 036";"2024-09-04 04:25:01"
"2024-09-02";"";"79 590";"12 797";"27 563 030";"2024-09-02 14:47:23"
"2024-09-02";"";"122 148";"11 134";"27 561 737";"2024-09-02 13:22:12"
"2024-09-05";"";"137 116";"9 170";"27 562 339";"2024-09-05 09:06:22"
"2024-09-06";"";"0";"27 074";"27 562 697";"2024-09-06 05:14:30"
"2024-09-06";"";"516 092";"208 078";"27 562 538";"2024-09-06 21:30:41"
"2024-09-03";"Instagram";"172 562";"20 420";"27 561 902";"2024-09-04 01:22:09"
"2024-09-01";"Yandex";"35 419";"5 332";"27 561 814";"2024-09-02 02:11:47"
"2024-09-07";"";"185 853";"19 994";"27 561 715";"2024-09-08 02:47:18"
"2024-09-05";"";"198 739";"59 633";"27 561 570";"2024-09-05 15:12:03"
"2024-09-01";"";"84 164";"8 581";"27 561 729";"2024-09-01 12:45:27"
"2024-09-05";"";"167 981";"122 735";"27 562 096";"2024-09-05 07:16:27"
"2024-09-05";"";"411 823";"21 960";"27 563 103";"2024-09-05 10:43:17"
"2024-09-10";"";"40 469";"99 059";"27 562 036";"2024-09-10 19:28:15"
"2024-09-06";"";"301 004";"47 180";"27 563 467";"2024-09-06 19:04:01"
"2024-09-02";"";"29 766";"12 333";"27 561 763";"2024-09-02 06:39:00"
"2024-09-06";"Facebook";"11 864 396";"496 729";"27 562 641";"2024-09-07 00:45:11"
"2024-09-01";"";"56 593";"8 497";"27 561 920";"2024-09-01 05:50:50"
"2024-09-02";"";"3 287 759";"112 847";"27 563 042";"2024-09-03 01:46:46"
"2024-09-09";"";"1 325 917";"59 903";"27 561 232";"2024-09-09 15:00:58"
"2024-09-01";"";"26 082";"2 757";"27 562 363";"2024-09-01 18:39:48"
"2024-09-08";"";"187 438";"15 025";"27 562 087";"2024-09-09 02:23:44"
"2024-09-10";"";"32 110";"8 410";"27 561 206";"2024-09-10 11:20:45"
"2024-09-08";"Spotify";"200 199";"85 143";"27 562 234";"2024-09-08 09:42:33"
"2024-09-01";"YouTube";"2 265 167";"349 163";"27 561 772";"2024-09-01 13:10:43"
"2024-09-08";"";"9 996";"34 764";"27 561 760";"2024-09-08 03:00:27"
"2024-09-03";"";"163 387";"404 743";"27 562 124";"2024-09-03 05:50:41"
"2024-09-07";"Telegram";"1 057 226";"158 666";"27 561 655";"2024-09-07 07:52:38"
"2024-09-05";"";"10 806 468";"308 356";"27 562 720";"2024-09-05 19:04:28"
"2024-09-06";"Yandex";"331 210";"20 165";"27 563 166";"2024-09-06 18:15:33"
"2024-09-07";"";"185 065";"22 222";"27 563 017";"2024-09-08 02:47:32"
"2024-09-09";"";"1 094 730";"299 976";"27 561 758";"2024-09-09 21:06:27"
"2024-09-02";"Instagram";"15 364 313";"817 989";"27 562 560";"2024-09-02 17:02:03"
"2024-09-09";"";"159 815";"8 207";"27 562 804";"2024-09-10 01:22:00"
"2024-09-09";"Tas-ix";"70 220";"17 845";"27 562 118";"2024-09-09 12:45:40"
"2024-09-06";"";"887 677";"607 368";"27 562 692";"2024-09-06 16:25:10"
"2024-09-09";"";"53 535";"2 792";"27 561 800";"2024-09-10 02:47:23"
"2024-09-09";"";"47 410";"33 725";"27 562 495";"2024-09-09 18:15:31"
"2024-09-06";"";"2 142 569";"109 494";"27 562 892";"2024-09-07 02:23:20"
"2024-09-10";"";"137 503";"6 395";"27 561 610";"2024-09-10 21:18:58"
"2024-09-02";"";"209 846";"10 397";"27 562 615";"2024-09-02 22:43:42"
"2024-09-04";"Instagram";"404 408";"326 840";"27 561 244";"2024-09-04 19:28:52"
"2024-09-10";"Telegram";"26 410 143";"1 649 387";"27 562 350";"2024-09-10 05:50:35"
"2024-09-02";"";"140 550";"11 574";"27 563 378";"2024-09-02 15:24:21"
"2024-09-01";"YouTube";"404 402";"23 718";"27 563 047";"2024-09-01 11:20:21"
"2024-09-04";"Facebook";"67 108 180";"811 710";"27 562 608";"2024-09-04 13:10:58"
"2024-09-07";"";"47 011";"2 024";"27 562 360";"2024-09-07 06:15:10"
"2024-09-03";"WhatsApp";"31 682";"10 063";"27 562 732";"2024-09-03 12:45:57"
"2024-09-09";"YouTube";"157 603";"53 193";"27 562 790";"2024-09-09 07:16:07"
"2024-09-06";"";"971 202";"51 083";"27 562 438";"2024-09-06 08:05:22"
"2024-09-02";"TikTok";"1 793 477";"3 349 299";"27 562 716";"2024-09-02 11:56:07"
"2024-09-06";"Instagram";"119 329";"8 629";"27 562 932";"2024-09-06 17:38:19"
"2024-09-02";"";"1 798 703";"78 255";"27 561 796";"2024-09-02 17:38:49"
"2024-09-09";"";"188 409";"26 673";"27 563 107";"2024-09-09 21:42:50"
"2024-09-01";"";"1 188 053";"173 050";"27 562 397";"2024-09-01 18:03:51"
"2024-09-03";"";"142 337";"14 407";"27 562 690";"2024-09-03 03:24:07"
"2024-09-02";"";"1 467 715";"218 395";"27 563 379";"2024-09-02 17:50:01"
"2024-09-01";"Facebook";"434 811";"43 788";"27 562 864";"2024-09-01 18:39:45"
"2024-09-06";"Telegram";"1 462 984";"92 676";"27 561 684";"2024-09-06 07:40:16"
"2024-09-04";"";"2 430 566";"370 221";"27 563 177";"2024-09-04 14:47:47"
"2024-09-05";"";"758 150";"45 065";"27 561 233";"2024-09-05 10:55:52"
"2024-09-10";"Odnoklassniki";"1 052 372";"477 297";"27 562 521";"2024-09-10 08:29:56"
"2024-09-03";"";"290 006 906";"2 509 988";"27 563 224";"2024-09-04 01:34:48"
"2024-09-06";"Facebook";"655 107";"377 089";"27 561 259";"2024-09-06 07:16:01"
"2024-09-01";"";"26 390";"5 151";"27 561 647";"2024-09-01 08:41:15"
"2024-09-01";"";"82 130";"81 290";"27 562 032";"2024-09-01 07:40:14"
"2024-09-04";"";"64 326";"31 320";"27 561 845";"2024-09-04 09:06:56"
"2024-09-03";"";"560";"27 420";"27 561 396";"2024-09-03 23:20:39"
"2024-09-02";"";"59 010";"3 066";"27 563 447";"2024-09-02 15:36:20"
"2024-09-10";"Yandex";"89 644";"4 203";"27 561 486";"2024-09-10 10:07:38"
"2024-09-06";"Unknown";"102 417";"49 445";"27 563 177";"2024-09-06 17:02:18"
"2024-09-05";"";"104 932";"67 233";"27 561 883";"2024-09-05 16:25:41"
"2024-09-04";"";"1 200 123";"126 990";"27 561 959";"2024-09-04 12:33:11"
"2024-09-01";"";"146 150";"6 760";"27 563 163";"2024-09-01 09:30:29"
"2024-09-03";"YouTube";"1 558 498";"281 922";"27 561 357";"2024-09-03 07:40:44"
"2024-09-02";"Facebook";"41 942";"3 993";"27 562 435";"2024-09-03 02:35:39"
"2024-09-02";"YouTube";"468 556";"534 771";"27 562 264";"2024-09-02 10:07:13"
"2024-09-08";"";"15 531 653";"292 157";"27 562 025";"2024-09-08 13:10:18"
"2024-09-04";"";"172 770";"11 734";"27 561 427";"2024-09-04 19:04:45"
"2024-09-08";"";"32 844";"2 518";"27 562 641";"2024-09-08 13:22:53"
"2024-09-05";"";"61 132";"8 630";"27 562 484";"2024-09-05 21:42:37"
"2024-09-08";"Facebook";"1 312 248";"189 167";"27 562 760";"2024-09-09 02:35:14"
"2024-09-04";"Facebook";"59 747";"18 579";"27 562 795";"2024-09-04 17:26:03"
"2024-09-09";"";"110 386";"13 493";"27 562 580";"2024-09-09 18:39:38"
"2024-09-05";"Facebook";"29 293";"6 133";"27 562 919";"2024-09-05 05:26:54"
"2024-09-01";"";"70 899";"53 243";"27 562 474";"2024-09-01 17:02:41"
"2024-09-01";"";"31 488";"3 404";"27 563 364";"2024-09-01 23:32:48"
"2024-09-05";"WhatsApp";"2 192 674";"2 645 636";"27 561 292";"2024-09-05 09:30:23"
"2024-09-10";"";"316 240";"26 154";"27 562 894";"2024-09-10 13:34:03"
"2024-09-10";"Telegram";"1 379 510";"102 003";"27 562 633";"2024-09-10 20:53:55"
"2024-09-01";"Telegram";"5 288 670";"482 520";"27 562 826";"2024-09-01 09:30:51"
"2024-09-04";"";"677 252";"62 481";"27 562 557";"2024-09-04 08:53:17"
"2024-09-08";"Facebook";"1 714 449";"1 514 294";"27 562 538";"2024-09-09 02:23:07"
"2024-09-01";"";"14 994";"72 124";"27 562 721";"2024-09-02 01:58:31"
"2024-09-03";"Instagram";"1 581 639";"355 387";"27 563 320";"2024-09-03 13:46:50"
"2024-09-06";"Yandex";"34 895";"40 971";"27 561 830";"2024-09-06 05:26:38"
"2024-09-07";"Facebook";"103 512";"57 634";"27 562 072";"2024-09-07 13:46:51"
"2024-09-05";"";"113 881";"41 426";"27 561 347";"2024-09-05 06:27:53"
"2024-09-01";"";"10 986";"37 785";"27 562 410";"2024-09-01 06:51:07"
"2024-09-05";"Instagram";"977 559";"536 364";"27 561 636";"2024-09-05 06:03:19"
"2024-09-01";"Unknown";"2 718 857";"226 342";"27 561 775";"2024-09-01 18:39:51"
"2024-09-10";"";"30 842 122";"1 723 689";"27 561 690";"2024-09-10 22:31:38"
"2024-09-08";"";"39 086";"8 364";"27 561 690";"2024-09-08 05:50:54"
"2024-09-07";"PUBG";"1 437 934";"55 120";"27 562 982";"2024-09-07 17:14:50"
"2024-09-04";"";"649 928";"26 831";"27 562 496";"2024-09-04 10:19:47"
"2024-09-05";"";"265 457";"14 337";"27 562 778";"2024-09-05 05:14:37"
"2024-09-03";"";"171 410";"12 636";"27 562 941";"2024-09-03 17:26:40"
"2024-09-05";"";"1 471 483";"212 773";"27 563 463";"2024-09-05 11:56:42"
"2024-09-02";"";"70 849";"79 905";"27 561 517";"2024-09-02 13:34:07"
"2024-09-05";"YouTube";"1 453 824";"112 942";"27 561 593";"2024-09-06 01:46:07"
"2024-09-08";"";"26 456";"15 437";"27 563 141";"2024-09-08 16:13:58"
"2024-09-01";"";"3 106";"30 269";"27 562 125";"2024-09-01 18:15:33"
"2024-09-09";"";"140 337";"41 654";"27 562 961";"2024-09-10 02:11:19"
"2024-09-08";"Telegram";"15 170 979";"810 406";"27 563 469";"2024-09-08 04:25:33"
"2024-09-01";"";"67 530";"2 951";"27 562 608";"2024-09-01 20:41:44"
"2024-09-06";"";"95 418";"9 746";"27 562 698";"2024-09-06 23:44:31"
"2024-09-03";"";"69 168";"9 377";"27 563 030";"2024-09-03 20:05:05"
"2024-09-04";"YouTube";"75 282";"4 754";"27 563 504";"2024-09-04 23:56:20"
"2024-09-03";"";"60 676";"4 092";"27 563 009";"2024-09-03 19:28:47"
"2024-09-02";"Likee";"47 901";"35 518";"27 562 747";"2024-09-02 22:19:54"
"2024-09-06";"Facebook";"625 349";"274 265";"27 561 435";"2024-09-07 01:34:56"
"2024-09-01";"YouTube";"16 189 758";"1 276 142";"27 562 112";"2024-09-01 23:20:59"
"2024-09-06";"";"105 310";"6 153";"27 561 326";"2024-09-06 10:43:34"
"2024-09-07";"";"348 545";"28 272";"27 561 874";"2024-09-07 20:17:48"
"2024-09-01";"";"45 830";"6 874";"27 562 675";"2024-09-01 03:24:47"
"2024-09-03";"";"146 417";"18 134";"27 562 800";"2024-09-03 10:31:25"
"2024-09-07";"YouTube";"345 386";"51 151";"27 562 344";"2024-09-07 12:57:05"
"2024-09-10";"";"36 214";"27 196";"27 562 292";"2024-09-10 05:50:34"
"2024-09-01";"Yandex";"127 880";"76 443";"27 562 259";"2024-09-01 14:23:03"
"2024-09-04";"Unknown";"27 164";"1 811";"27 562 784";"2024-09-04 10:55:49"
"2024-09-05";"YouTube";"41 447";"24 517";"27 562 514";"2024-09-05 15:24:59"
"2024-09-09";"";"57 580";"205 625";"27 562 806";"2024-09-10 00:45:52"
"2024-09-05";"";"539 351";"40 643";"27 563 016";"2024-09-05 13:34:39"
"2024-09-09";"Yandex Music";"27 917";"7 669";"27 563 390";"2024-09-09 21:06:55"
"2024-09-01";"";"32 196";"3 506";"27 562 600";"2024-09-01 17:02:57"
"2024-09-02";"";"1 378 670";"66 374";"27 562 783";"2024-09-02 07:04:50"
"2024-09-05";"";"992 662";"146 186";"27 562 142";"2024-09-05 03:48:48"
"2024-09-08";"Telegram";"1 158 391";"73 963";"27 562 960";"2024-09-08 05:14:23"
"2024-09-08";"";"2 099 406";"157 565";"27 563 113";"2024-09-08 14:11:09"
"2024-09-07";"YouTube";"2 541 479";"120 710";"27 562 608";"2024-09-07 16:49:41"
"2024-09-04";"";"257 098";"8 712";"27 561 596";"2024-09-04 13:10:18"
"2024-09-08";"";"212 009";"145 616";"27 563 141";"2024-09-08 04:25:36"
"2024-09-01";"";"11 177";"26 485";"27 561 645";"2024-09-01 09:42:16"
"2024-09-04";"";"5 108 590";"627 844";"27 561 687";"2024-09-04 05:14:04"
"2024-09-04";"";"29 973";"1 867";"27 562 674";"2024-09-04 19:40:18"
"2024-09-05";"";"206 357";"7 734";"27 561 490";"2024-09-05 14:11:40"
"2024-09-02";"";"800";"32 345";"27 562 251";"2024-09-02 04:25:31"
"2024-09-10";"";"1 878 429";"104 640";"27 561 497";"2024-09-11 00:09:30"
"2024-09-05";"";"81 190";"7 462";"27 561 482";"2024-09-05 23:32:46"
"2024-09-10";"";"653 651";"81 272";"27 562 686";"2024-09-10 22:43:29"
"2024-09-08";"";"47 696";"8 090";"27 563 106";"2024-09-08 13:46:17"
"2024-09-02";"Apple Music";"85 906";"6 265";"27 561 562";"2024-09-02 14:11:21"
"2024-09-04";"";"47 580";"5 041";"27 562 028";"2024-09-04 16:01:46"
"2024-09-04";"Facebook";"455 071";"28 903";"27 562 644";"2024-09-04 17:14:39"
"2024-09-01";"";"77 112";"8 016";"27 561 378";"2024-09-01 03:48:11"
"2024-09-10";"";"31 407";"19 618";"27 562 931";"2024-09-10 04:25:30"
"2024-09-07";"YouTube";"1 168 445";"80 504";"27 562 140";"2024-09-07 16:49:09"
"2024-09-09";"";"560";"29 150";"27 561 722";"2024-09-10 01:10:57"
"2024-09-03";"";"244 757";"7 035";"27 562 646";"2024-09-03 11:32:57"
"2024-09-03";"YouTube";"4 852 544";"246 545";"27 562 337";"2024-09-03 04:49:50"
"2024-09-05";"";"33 304";"2 306";"27 562 202";"2024-09-05 21:30:56"
"2024-09-02";"";"36 054";"12 995";"27 561 600";"2024-09-02 20:29:10"
"2024-09-01";"";"27 665";"12 302";"27 562 200";"2024-09-01 10:07:39"
"2024-09-01";"";"440 117";"313 108";"27 561 219";"2024-09-01 12:45:32"
"2024-09-03";"TikTok";"49 867";"621 645";"27 561 555";"2024-09-03 19:52:55"
"2024-09-09";"";"133 242";"156 335";"27 562 692";"2024-09-09 20:17:15"
"2024-09-07";"TikTok";"19 523";"203 530";"27 562 685";"2024-09-08 00:33:10"
"2024-09-07";"";"28 873";"10 604";"27 562 535";"2024-09-08 00:57:34"
"2024-09-05";"";"66 065";"26 196";"27 563 119";"2024-09-05 08:41:22"
"2024-09-06";"";"880 639";"61 515";"27 563 223";"2024-09-06 13:34:01"
"2024-09-03";"";"142 776";"686 176";"27 562 717";"2024-09-03 19:52:09"
"2024-09-07";"";"84 358";"25 819";"27 563 485";"2024-09-07 20:17:21"
"2024-09-09";"";"207 177";"8 137";"27 561 314";"2024-09-09 13:34:53"
"2024-09-02";"VKontakte";"3 141 605";"123 682";"27 561 674";"2024-09-02 18:27:12"
"2024-09-05";"";"28 508";"1 924";"27 562 365";"2024-09-05 03:12:04"
"2024-09-05";"";"39 091 977";"1 243 704";"27 562 226";"2024-09-05 12:21:36"
"2024-09-03";"";"845 555";"1 283 873";"27 562 230";"2024-09-03 07:28:54"
"2024-09-08";"";"462 566";"126 965";"27 562 721";"2024-09-08 22:31:15"
"2024-09-05";"";"33 999";"7 543";"27 561 821";"2024-09-06 01:22:55"
"2024-09-07";"";"376 712";"18 517";"27 561 743";"2024-09-08 00:09:52"
"2024-09-06";"YouTube";"160 408 259";"11 599 206";"27 561 814";"2024-09-06 20:05:54"
"2024-09-03";"";"56 172";"11 601";"27 562 239";"2024-09-04 00:33:17"
"2024-09-04";"";"79 789";"27 342";"27 563 393";"2024-09-04 22:31:51"
"2024-09-08";"";"76 942";"6 604";"27 561 687";"2024-09-08 05:26:55"
"2024-09-07";"";"36 912";"12 652";"27 562 048";"2024-09-07 07:04:15"
"2024-09-07";"";"439 823";"54 290";"27 562 550";"2024-09-07 04:13:21"
"2024-09-10";"";"405 638";"272 180";"27 563 157";"2024-09-10 13:58:58"
"2024-09-04";"WhatsApp";"38 286";"2 325";"27 561 284";"2024-09-04 06:51:46"
"2024-09-02";"";"47 148";"6 876";"27 561 429";"2024-09-02 03:24:00"
"2024-09-05";"";"1 766 073";"339 169";"27 562 205";"2024-09-05 13:22:52"
"2024-09-05";"Telegram";"16 749 927";"1 101 945";"27 562 939";"2024-09-05 03:12:18"
"2024-09-04";"";"26 913";"5 629";"27 562 544";"2024-09-05 01:22:25"
"2024-09-07";"";"286 208";"19 385";"27 561 884";"2024-09-07 04:13:55"
"2024-09-04";"";"32 686";"2 753";"27 562 097";"2024-09-04 18:39:54"
"2024-09-07";"";"27 223";"1 907";"27 561 372";"2024-09-07 21:30:51"
"2024-09-03";"";"865 450";"30 400";"27 561 883";"2024-09-03 05:50:18"
"2024-09-02";"Instagram";"67 126 026";"2 522 174";"27 562 803";"2024-09-02 11:20:02"
"2024-09-09";"Instagram";"17 114 776";"563 709";"27 562 470";"2024-09-09 16:25:24"
"2024-09-06";"YouTube";"256 455 898";"12 125 541";"27 562 913";"2024-09-06 10:19:34"
"2024-09-01";"";"280 300";"9 155";"27 562 451";"2024-09-01 18:15:14"
"2024-09-10";"";"140 839";"8 518";"27 561 461";"2024-09-10 08:17:53"
"2024-09-09";"";"566 720";"102 722";"27 562 758";"2024-09-09 13:22:34"
"2024-09-03";"YouTube";"72 749";"537 590";"27 563 173";"2024-09-03 22:19:43"
"2024-09-05";"Telegram";"118 733 558";"6 195 102";"27 563 225";"2024-09-05 23:20:26"
"2024-09-05";"Yandex";"10 989";"34 502";"27 561 940";"2024-09-05 14:11:34"
"2024-09-08";"";"1 369 999";"264 108";"27 561 641";"2024-09-08 22:07:21"
"2024-09-06";"";"30 871";"8 173";"27 562 004";"2024-09-06 23:44:30"
"2024-09-02";"";"52 069";"84 017";"27 563 404";"2024-09-02 09:06:40"
"2024-09-06";"";"70 575";"34 525";"27 561 458";"2024-09-06 07:40:31"
"2024-09-02";"Telegram";"74 120 881";"12 362 364";"27 561 195";"2024-09-02 16:25:52"
"2024-09-04";"";"31 643";"19 432";"27 561 776";"2024-09-04 06:15:30"
"2024-09-04";"";"243 167";"14 423";"27 562 347";"2024-09-05 01:10:55"
"2024-09-10";"";"2 444 345";"94 071";"27 561 555";"2024-09-10 11:56:04"
"2024-09-06";"Unknown";"30 219";"7 131";"27 562 593";"2024-09-06 09:30:13"
"2024-09-03";"";"261 150";"25 203";"27 561 741";"2024-09-03 12:33:43"
"2024-09-02";"";"1 660 888";"47 623";"27 562 825";"2024-09-03 02:11:45"
"2024-09-07";"";"171 789";"9 963";"27 562 898";"2024-09-07 03:12:17"
"2024-09-06";"Instagram";"32 392 507";"1 327 169";"27 561 557";"2024-09-06 15:36:56"
"2024-09-01";"";"591 890";"45 936";"27 563 009";"2024-09-01 05:26:18"
"2024-09-10";"";"58 470";"59 719";"27 562 880";"2024-09-10 16:49:41"
"2024-09-05";"";"75 875";"42 114";"27 561 814";"2024-09-05 08:29:39"
"2024-09-09";"";"596 808";"18 708";"27 561 866";"2024-09-09 15:36:35"
"2024-09-02";"";"218 244";"46 651";"27 562 827";"2024-09-02 10:55:08"
"2024-09-04";"YouTube";"8 639 327";"506 754";"27 563 082";"2024-09-04 20:41:20"
"2024-09-07";"";"649 857";"24 567";"27 562 473";"2024-09-07 03:24:24"
"2024-09-07";"YouTube";"902 584";"3 339 139";"27 561 742";"2024-09-07 14:23:57"
"2024-09-06";"Telegram";"12 501 149";"643 629";"27 561 311";"2024-09-06 05:38:47"
"2024-09-04";"";"280 675";"23 544";"27 561 290";"2024-09-04 22:19:42"
"2024-09-05";"";"38 629";"178 773";"27 562 800";"2024-09-05 13:22:14"
"2024-09-06";"YouTube";"239 403";"2 963 636";"27 563 244";"2024-09-07 02:59:50"
"2024-09-03";"";"6 911 108";"745 516";"27 563 397";"2024-09-03 03:24:06"
"2024-09-10";"";"88 297";"9 202";"27 562 760";"2024-09-10 14:59:14"
"2024-09-10";"";"883 169";"42 646";"27 563 491";"2024-09-10 18:15:18"
"2024-09-03";"";"198 824";"120 319";"27 561 883";"2024-09-03 18:03:11"
"2024-09-05";"YouTube";"3 863 177";"5 793 451";"27 562 934";"2024-09-05 15:48:26"
"2024-09-06";"";"100 211";"57 354";"27 561 294";"2024-09-06 08:05:15"
"2024-09-04";"YouTube";"46 097";"6 438";"27 562 170";"2024-09-05 02:35:45"
"2024-09-07";"";"37 847";"2 046";"27 561 222";"2024-09-07 08:53:38"
"2024-09-04";"";"39 028";"8 872";"27 563 225";"2024-09-04 23:20:59"
"2024-09-09";"Instagram";"1 849 640";"77 717";"27 562 648";"2024-09-09 16:37:13"
"2024-09-06";"Facebook";"178 948";"128 961";"27 562 436";"2024-09-06 16:49:19"
"2024-09-08";"YouTube";"29 405 674";"1 784 533";"27 562 050";"2024-09-09 02:47:22"
"2024-09-08";"";"42 432";"7 106";"27 563 041";"2024-09-08 05:38:15"
"2024-09-10";"";"31 384";"9 898";"27 562 145";"2024-09-10 05:02:52"
"2024-09-05";"Facebook";"186 830";"14 272";"27 563 174";"2024-09-05 09:42:31"
"2024-09-01";"";"30 228";"3 687";"27 561 234";"2024-09-01 06:15:39"
"2024-09-08";"";"40 649";"29 404";"27 561 647";"2024-09-09 00:33:40"
"2024-09-04";"";"417 245";"74 777";"27 562 512";"2024-09-05 01:22:00"
"2024-09-10";"";"79 345";"274 491";"27 561 836";"2024-09-10 07:16:58"
"2024-09-07";"";"738 001";"51 402";"27 561 924";"2024-09-07 22:43:34"
"2024-09-04";"";"48 117";"3 421";"27 561 259";"2024-09-04 13:58:35"
"2024-09-02";"";"518";"26 834";"27 561 498";"2024-09-02 19:52:33"
"2024-09-01";"";"226 130";"9 551";"27 563 168";"2024-09-01 04:01:16"
"2024-09-04";"";"47 696";"9 382";"27 561 952";"2024-09-04 09:18:30"
"2024-09-10";"WhatsApp";"417 642";"31 726";"27 563 112";"2024-09-10 19:28:53"
"2024-09-02";"";"25 758";"32 598";"27 562 445";"2024-09-02 15:36:43"
"2024-09-06";"";"236 478";"11 820";"27 561 944";"2024-09-06 21:18:22"
"2024-09-10";"";"49 037";"6 590";"27 562 681";"2024-09-10 22:07:16"
"2024-09-03";"YouTube";"512 658";"59 751";"27 563 204";"2024-09-03 12:09:24"
"2024-09-09";"";"224 452";"46 514";"27 562 039";"2024-09-09 09:06:09"
"2024-09-07";"";"41 809";"23 154";"27 563 093";"2024-09-07 22:43:49"
"2024-09-08";"Yandex";"55 893";"4 231";"27 563 378";"2024-09-08 07:04:01"
"2024-09-07";"Yandex";"93 338";"4 590";"27 561 290";"2024-09-07 11:08:19"
"2024-09-04";"Telegram";"446 285";"45 413";"27 562 928";"2024-09-04 13:58:56"
"2024-09-05";"";"124 914";"5 516";"27 562 133";"2024-09-05 17:50:44"
"2024-09-01";"YouTube";"510 002";"79 705";"27 562 808";"2024-09-01 06:27:17"
"2024-09-01";"Facebook";"155 009";"15 967";"27 562 401";"2024-09-01 03:36:29"
"2024-09-03";"Instagram";"49 332";"5 283";"27 562 985";"2024-09-03 18:15:06"
"2024-09-02";"";"36 309 126";"5 584 970";"27 561 698";"2024-09-02 11:56:20"
"2024-09-03";"";"39 833";"3 511";"27 563 240";"2024-09-03 03:24:13"
"2024-09-04";"YouTube";"24 727";"240 047";"27 562 476";"2024-09-04 09:54:07"
"2024-09-10";"";"501 978";"24 929";"27 562 620";"2024-09-10 14:47:49"
"2024-09-08";"";"37 302";"1 937";"27 563 402";"2024-09-09 02:59:32"
"2024-09-04";"";"63 300";"125 983";"27 562 588";"2024-09-04 22:43:32"
"2024-09-03";"";"7 111 938";"173 580";"27 562 291";"2024-09-03 09:18:15"
"2024-09-06";"";"1 694 408";"215 694";"27 563 225";"2024-09-06 17:02:21"
"2024-09-08";"";"98 575";"8 137";"27 562 468";"2024-09-08 11:32:47"
"2024-09-05";"";"496 334";"17 221";"27 562 917";"2024-09-05 06:15:35"
"2024-09-02";"";"64 671";"6 138";"27 561 698";"2024-09-02 12:09:48"
"2024-09-01";"";"26 201";"2 692";"27 563 331";"2024-09-02 00:33:48"
"2024-09-07";"YouTube";"14 660 074";"691 041";"27 563 450";"2024-09-07 22:55:31"
"2024-09-05";"";"290 160";"103 892";"27 562 156";"2024-09-05 23:32:40"
"2024-09-03";"";"333 569";"19 408";"27 561 201";"2024-09-03 12:57:49"
"2024-09-03";"";"93 520";"318 676";"27 563 335";"2024-09-03 23:56:41"
"2024-09-06";"";"326 881";"222 019";"27 561 796";"2024-09-06 23:20:29"
"2024-09-01";"Unknown";"1 051 171";"55 685";"27 561 239";"2024-09-01 03:36:28"
"2024-09-06";"";"85 720";"8 353";"27 562 009";"2024-09-06 20:53:40"
"2024-09-08";"YouTube";"1 947 521";"326 608";"27 563 290";"2024-09-08 12:09:01"
"2024-09-09";"Telegram";"10 384 785";"2 374 699";"27 561 289";"2024-09-09 07:04:34"
"2024-09-10";"";"98 159";"6 179";"27 562 004";"2024-09-10 13:58:23"
"2024-09-08";"";"63 866";"3 601";"27 563 462";"2024-09-08 06:27:14"
"2024-09-09";"";"213 982";"43 544";"27 563 453";"2024-09-09 09:06:55"
"2024-09-02";"YouTube";"126 176";"44 687";"27 562 298";"2024-09-02 10:43:28"
"2024-09-06";"";"37 136";"24 665";"27 561 410";"2024-09-06 04:01:18"
"2024-09-10";"";"107 931";"56 493";"27 562 949";"2024-09-10 03:24:24"
"2024-09-05";"";"65 953";"293 912";"27 561 279";"2024-09-05 12:45:58"
"2024-09-08";"Telegram";"47 252";"4 393";"27 562 598";"2024-09-09 00:45:36"
"2024-09-02";"";"59 865";"33 540";"27 562 456";"2024-09-03 00:45:34"
"2024-09-10";"";"146 178";"7 878";"27 563 119";"2024-09-10 03:36:40"
"2024-09-04";"";"832 577";"28 903";"27 561 433";"2024-09-04 03:00:34"
"2024-09-05";"";"249 822";"68 900";"27 563 223";"2024-09-05 05:02:07"
"2024-09-10";"";"1 200";"65 544";"27 562 680";"2024-09-10 03:24:07"
"2024-09-09";"Telegram";"49 395 389";"13 217 657";"27 563 462";"2024-09-10 01:46:30"
"2024-09-05";"Telegram";"623 429";"237 858";"27 561 778";"2024-09-06 02:47:32"
"2024-09-09";"";"92 654";"30 484";"27 563 468";"2024-09-09 21:18:31"
"2024-09-05";"";"47 999";"2 690";"27 562 317";"2024-09-05 04:49:26"
"2024-09-01";"WhatsApp";"30 132";"8 744";"27 561 720";"2024-09-01 23:56:28"
"2024-09-08";"";"935 718";"34 226";"27 562 289";"2024-09-08 11:44:39"
"2024-09-03";"YouTube";"34 497";"5 965";"27 562 863";"2024-09-04 01:22:44"
"2024-09-05";"";"29 688";"15 019";"27 561 895";"2024-09-05 22:07:27"
"2024-09-06";"";"34 946";"1 693";"27 562 698";"2024-09-06 18:39:06"
"2024-09-07";"";"2 615 793";"95 461";"27 563 020";"2024-09-08 01:34:52"
"2024-09-01";"Yandex";"117 714";"23 806";"27 562 473";"2024-09-01 19:40:35"
"2024-09-07";"";"1 632 373";"80 802";"27 563 310";"2024-09-07 10:55:31"
"2024-09-05";"";"9 970";"65 576";"27 561 343";"2024-09-05 21:06:35"
"2024-09-08";"";"158 096";"5 003";"27 562 039";"2024-09-08 22:19:10"
"2024-09-04";"";"182 007";"37 779";"27 563 310";"2024-09-04 21:06:37"
"2024-09-02";"";"95 215";"24 160";"27 561 524";"2024-09-03 02:35:53"
"2024-09-04";"Facebook";"555 165";"257 599";"27 563 177";"2024-09-04 07:04:27"
"2024-09-03";"YouTube";"3 285 684";"166 543";"27 562 075";"2024-09-03 22:07:22"
"2024-09-02";"Facebook";"120 032";"13 112";"27 563 328";"2024-09-02 19:04:11"
"2024-09-02";"";"54 425";"251 506";"27 561 413";"2024-09-02 06:51:59"
"2024-09-02";"";"349 982";"27 493";"27 561 924";"2024-09-02 06:15:54"
"2024-09-06";"";"39 254";"3 991";"27 563 152";"2024-09-07 00:45:12"
"2024-09-10";"Instagram";"3 559 432";"135 944";"27 563 031";"2024-09-10 03:36:53"
"2024-09-06";"";"1 010 691";"107 851";"27 561 950";"2024-09-07 01:22:25"
"2024-09-05";"";"399 407";"132 135";"27 562 863";"2024-09-05 17:02:35"
"2024-09-05";"Unknown";"191 744";"42 599";"27 563 334";"2024-09-05 10:43:03"
"2024-09-10";"YouTube";"2 362 280";"728 494";"27 561 234";"2024-09-10 09:54:07"
"2024-09-07";"";"13 931 570";"2 137 746";"27 561 806";"2024-09-07 23:56:13"
"2024-09-10";"Telegram";"25 296 180";"1 271 464";"27 562 416";"2024-09-10 07:04:56"
"2024-09-08";"";"27 386";"20 664";"27 562 366";"2024-09-08 05:50:00"
"2024-09-09";"";"2 135 556";"115 175";"27 562 766";"2024-09-09 14:11:07"
"2024-09-10";"";"611 836";"184 057";"27 561 372";"2024-09-10 08:53:38"
"2024-09-03";"Facebook";"140 283";"13 952";"27 561 586";"2024-09-03 14:35:42"
"2024-09-03";"";"12 104 545";"707 713";"27 562 720";"2024-09-03 05:38:22"
"2024-09-01";"YouTube";"31 415 726";"2 381 974";"27 561 815";"2024-09-01 15:00:57"
"2024-09-09";"YouTube";"555 309";"59 362";"27 562 592";"2024-09-09 10:31:26"
"2024-09-02";"";"8 016";"41 540";"27 562 834";"2024-09-02 23:56:15"
"2024-09-09";"";"186 568";"10 379";"27 562 453";"2024-09-09 06:27:49"
"2024-09-07";"";"94 820";"9 709";"27 563 268";"2024-09-07 12:09:25"
"2024-09-01";"";"31 002";"2 387";"27 563 210";"2024-09-01 08:29:33"
"2024-09-07";"";"144 793";"6 046";"27 561 224";"2024-09-08 02:59:08"
"2024-09-08";"";"633 835";"154 015";"27 563 512";"2024-09-08 05:50:18"
"2024-09-08";"";"44 771";"14 073";"27 561 452";"2024-09-08 23:44:48"
"2024-09-03";"VKontakte";"190 680";"12 425";"27 561 794";"2024-09-03 20:05:51"
"2024-09-03";"";"2 266 285";"131 821";"27 561 732";"2024-09-03 05:26:41"
"2024-09-03";"";"107 082";"10 680";"27 561 691";"2024-09-03 21:42:37"
"2024-09-04";"Facebook";"32 500";"21 390";"27 562 037";"2024-09-04 13:10:58"
"2024-09-09";"";"33 296";"13 685";"27 563 476";"2024-09-09 16:01:49"
"2024-09-08";"YouTube";"64 739";"276 802";"27 562 384";"2024-09-09 00:21:55"
"2024-09-09";"";"1 004 300";"90 933";"27 561 975";"2024-09-09 20:53:32"
"2024-09-07";"";"47 132";"32 842";"27 563 005";"2024-09-07 09:54:19"
"2024-09-01";"Telegram";"12 913 033";"937 345";"27 561 441";"2024-09-01 05:38:23"
"2024-09-03";"YouTube";"340 521 830";"18 235 543";"27 563 442";"2024-09-04 00:33:53"
"2024-09-02";"";"53 957";"3 701";"27 562 712";"2024-09-02 13:58:36"
"2024-09-05";"";"33 666";"3 512";"27 562 437";"2024-09-05 05:38:11"
"2024-09-08";"WhatsApp";"1 409 438";"6 531 821";"27 562 905";"2024-09-08 22:19:32"
"2024-09-09";"Yandex";"4 103 227";"114 266";"27 562 289";"2024-09-10 00:33:54"
"2024-09-01";"";"88 694";"21 644";"27 562 816";"2024-09-01 13:58:23"
"2024-09-07";"";"287 267";"77 555";"27 561 612";"2024-09-08 01:22:48"
"2024-09-07";"";"236 939";"63 995";"27 563 439";"2024-09-08 01:34:09"
"2024-09-10";"";"51 069";"3 882";"27 562 090";"2024-09-10 18:51:09"
"2024-09-06";"YouTube";"119 152 374";"6 313 549";"27 563 039";"2024-09-06 22:43:59"
"2024-09-02";"";"306 451";"48 834";"27 562 571";"2024-09-02 16:25:12"
"2024-09-06";"";"72 130";"22 942";"27 563 418";"2024-09-06 11:32:50"
"2024-09-06";"";"301 554";"14 150";"27 562 202";"2024-09-06 11:44:37"
"2024-09-02";"";"18 633";"36 871";"27 563 442";"2024-09-02 19:04:15"
"2024-09-06";"";"35 321";"11 063";"27 562 437";"2024-09-06 19:04:43"
"2024-09-06";"";"75 756";"5 668";"27 562 806";"2024-09-06 19:04:34"
"2024-09-10";"";"387 747";"906 920";"27 561 339";"2024-09-10 14:47:46"
"2024-09-10";"";"27 453";"25 509";"27 563 039";"2024-09-10 21:42:49"
"2024-09-02";"";"2 539 429";"201 890";"27 561 971";"2024-09-02 18:39:53"
"2024-09-09";"";"666 237";"25 980";"27 562 647";"2024-09-09 12:57:22"
"2024-09-02";"Facebook";"189 333";"17 938";"27 562 071";"2024-09-02 10:31:32"
"2024-09-09";"Instagram";"41 698 899";"996 038";"27 562 858";"2024-09-09 20:17:49"
"2024-09-08";"";"1 184 956";"109 248";"27 562 326";"2024-09-08 07:04:42"
"2024-09-08";"";"35 770";"6 661";"27 562 028";"2024-09-09 02:11:04"
"2024-09-04";"";"104 955";"11 196";"27 561 355";"2024-09-04 18:51:21"
"2024-09-04";"";"47 864";"21 944";"27 561 295";"2024-09-04 19:28:38"
"2024-09-03";"";"85 560";"13 259";"27 562 956";"2024-09-03 14:59:28"
"2024-09-06";"";"108 309";"143 791";"27 562 843";"2024-09-06 07:40:01"
"2024-09-01";"WhatsApp";"2 608 077";"8 890 573";"27 562 889";"2024-09-01 13:10:26"
"2024-09-05";"";"212 295";"17 868";"27 563 147";"2024-09-05 06:03:21"
"2024-09-03";"WhatsApp";"162 923";"102 403";"27 562 138";"2024-09-03 09:06:13"
"2024-09-06";"Tas-ix";"133 863";"3 769";"27 563 491";"2024-09-06 19:52:56"
"2024-09-05";"Instagram";"31 122 675";"557 365";"27 562 496";"2024-09-05 19:40:00"
"2024-09-03";"";"951 462";"49 877";"27 563 123";"2024-09-03 14:59:53"
"2024-09-09";"";"57 537";"5 322";"27 562 458";"2024-09-09 06:39:28"
"2024-09-08";"Instagram";"492 310";"29 595";"27 561 251";"2024-09-08 04:25:59"
"2024-09-04";"";"1 731 847";"80 409";"27 561 420";"2024-09-04 19:16:02"
"2024-09-05";"Yandex";"262 276";"18 796";"27 561 998";"2024-09-05 11:32:50"
"2024-09-05";"Yandex";"46 910";"3 658";"27 563 100";"2024-09-05 03:48:25"
"2024-09-07";"Yandex Video";"549 411";"28 402";"27 563 093";"2024-09-07 16:13:18"
"2024-09-07";"";"44 492";"28 265";"27 563 293";"2024-09-07 16:37:07"
"2024-09-06";"Telegram";"28 113 518";"1 699 839";"27 561 697";"2024-09-06 08:17:53"
"2024-09-07";"Telegram";"868 428";"289 452";"27 561 870";"2024-09-07 03:00:58"
"2024-09-09";"";"127 610";"8 040";"27 562 522";"2024-09-09 05:50:36"
"2024-09-06";"";"646 703";"41 222";"27 561 562";"2024-09-06 16:25:39"
"2024-09-09";"";"78 338";"8 155";"27 562 780";"2024-09-10 00:33:24"
"2024-09-05";"WhatsApp";"3 355 835";"2 997 572";"27 563 009";"2024-09-05 10:07:54"
"2024-09-03";"";"50 372";"42 323";"27 562 700";"2024-09-03 10:55:26"
"2024-09-01";"";"77 623";"7 034";"27 562 893";"2024-09-01 12:57:06"
"2024-09-05";"YouTube";"4 689 914";"251 585";"27 561 303";"2024-09-05 22:19:34"
"2024-09-02";"Facebook";"539 706";"40 718";"27 561 670";"2024-09-02 11:44:44"
"2024-09-09";"";"101 154";"5 391";"27 561 970";"2024-09-09 12:45:45"
"2024-09-10";"";"583 291";"51 890";"27 561 708";"2024-09-11 00:21:51"
"2024-09-05";"";"38 794";"40 112";"27 561 830";"2024-09-05 21:06:09"
"2024-09-07";"Apple Music";"26 629";"2 827";"27 562 200";"2024-09-07 11:56:54"
"2024-09-07";"";"1 001 676";"55 665";"27 562 516";"2024-09-08 00:21:13"
"2024-09-01";"YouTube";"61 357 083";"4 398 194";"27 562 494";"2024-09-01 08:17:12"
"2024-09-08";"";"1 329 277";"220 356";"27 562 088";"2024-09-08 04:13:16"
"2024-09-10";"";"33 969";"6 791";"27 561 216";"2024-09-10 11:20:47"
"2024-09-06";"";"47 968";"15 436";"27 561 592";"2024-09-06 23:44:34"
"2024-09-03";"";"27 417";"31 610";"27 563 336";"2024-09-03 14:47:50"
"2024-09-10";"";"180 574";"24 275";"27 563 012";"2024-09-10 12:09:08"
"2024-09-03";"";"70 369";"24 403";"27 562 459";"2024-09-03 23:32:47"
"2024-09-07";"Unknown";"404 185";"17 546";"27 561 788";"2024-09-07 06:51:17"
"2024-09-04";"";"189 374";"10 630";"27 562 756";"2024-09-04 15:24:20"
"2024-09-10";"Yandex";"111 542";"6 140";"27 561 539";"2024-09-10 13:22:36"
"2024-09-05";"Apple Music";"33 040";"2 996";"27 561 940";"2024-09-05 15:36:00"
"2024-09-09";"";"98 953";"6 658";"27 561 206";"2024-09-09 14:11:36"
"2024-09-09";"";"470 161";"26 292";"27 561 622";"2024-09-09 16:13:44"
"2024-09-08";"";"3 225 870";"210 001";"27 561 433";"2024-09-08 10:31:38"
"2024-09-04";"";"79 208";"47 101";"27 561 792";"2024-09-05 00:09:03"
"2024-09-03";"";"280 756";"38 654";"27 561 556";"2024-09-03 21:30:14"
"2024-09-08";"";"119 184";"109 239";"27 561 503";"2024-09-08 18:03:04"
"2024-09-04";"Facebook";"923 799";"38 732";"27 563 184";"2024-09-04 14:11:25"
"2024-09-09";"";"163 883";"57 995";"27 562 516";"2024-09-10 01:58:58"
"2024-09-09";"";"136 667";"46 900";"27 563 419";"2024-09-09 18:27:35"
"2024-09-02";"YouTube";"6 036 343";"396 039";"27 563 445";"2024-09-03 01:22:03"
"2024-09-09";"";"175 472";"19 825";"27 562 717";"2024-09-09 12:57:32"
"2024-09-04";"";"33 388";"2 817";"27 563 250";"2024-09-04 16:25:02"
"2024-09-07";"";"16 693 476";"321 827";"27 562 578";"2024-09-08 02:23:53"
"2024-09-02";"Instagram";"4 685 300";"1 134 238";"27 562 418";"2024-09-02 21:18:55"
"2024-09-02";"YouTube";"1 068 334";"101 249";"27 562 048";"2024-09-02 18:03:55"
"2024-09-05";"";"30 830";"21 066";"27 561 362";"2024-09-05 11:56:38"
"2024-09-02";"";"37 351";"5 814";"27 562 365";"2024-09-02 16:25:11"
"2024-09-06";"";"1 503 253";"942 038";"27 562 982";"2024-09-06 06:51:32"
"2024-09-10";"";"156 726";"27 709";"27 562 520";"2024-09-10 22:55:44"
"2024-09-06";"";"161 061";"23 793";"27 562 444";"2024-09-06 09:54:48"
"2024-09-09";"";"19 753";"33 958";"27 562 778";"2024-09-10 02:11:57"
"2024-09-09";"YouTube";"444 141";"13 367";"27 562 801";"2024-09-09 23:08:15"
"2024-09-09";"";"178 398";"7 960";"27 561 753";"2024-09-10 01:58:03"
"2024-09-05";"YouTube";"222 384";"16 639";"27 561 250";"2024-09-05 10:43:50"
"2024-09-06";"Instagram";"16 888 128";"372 205";"27 561 604";"2024-09-06 16:13:43"
"2024-09-04";"";"699 052";"69 151";"27 561 197";"2024-09-04 14:23:02"
"2024-09-02";"";"37 550";"17 426";"27 562 535";"2024-09-02 19:16:09"
"2024-09-03";"";"10 910";"26 984";"27 562 656";"2024-09-04 01:34:18"
"2024-09-04";"";"217 404";"8 752";"27 561 295";"2024-09-04 07:16:41"
"2024-09-08";"";"660";"25 784";"27 563 083";"2024-09-08 23:44:24"
"2024-09-04";"YouTube";"2 625 998";"145 933";"27 563 051";"2024-09-04 06:51:59"
"2024-09-08";"";"665 621 265";"33 417 068";"27 562 968";"2024-09-08 08:53:23"
"2024-09-03";"";"1 333 763";"3 386 157";"27 562 495";"2024-09-03 11:20:39"
"2024-09-09";"Unknown";"230 566";"26 648";"27 562 050";"2024-09-09 09:54:52"
"2024-09-06";"";"54 873";"5 126";"27 562 172";"2024-09-07 02:59:59"
"2024-09-01";"";"31 589";"2 647";"27 561 224";"2024-09-01 15:36:42"
"2024-09-06";"Telegram";"232 764 903";"26 781 700";"27 562 159";"2024-09-06 22:43:46"
"2024-09-10";"";"144 939";"11 189";"27 562 260";"2024-09-10 11:08:01"
"2024-09-09";"";"865 748";"232 388";"27 563 488";"2024-09-09 19:16:01"
"2024-09-03";"";"662 076";"85 280";"27 561 947";"2024-09-03 23:56:33"
"2024-09-06";"Yandex";"53 066";"5 060";"27 562 560";"2024-09-07 01:46:41"
"2024-09-10";"";"27 035";"4 180";"27 561 591";"2024-09-10 18:15:12"
"2024-09-02";"YouTube";"2 069 596";"158 026";"27 562 820";"2024-09-02 17:02:16"
"2024-09-10";"";"61 036";"34 626";"27 563 088";"2024-09-11 01:22:56"
"2024-09-05";"";"15 946";"28 948";"27 562 265";"2024-09-05 17:14:28"
"2024-09-10";"";"132 570";"96 160";"27 563 223";"2024-09-10 13:10:07"
"2024-09-05";"";"39 192";"21 444";"27 562 620";"2024-09-05 15:36:06"
"2024-09-06";"";"31 599";"4 890";"27 563 244";"2024-09-06 12:09:04"
"2024-09-06";"YouTube";"167 242";"15 176";"27 562 091";"2024-09-06 21:18:24"
"2024-09-02";"";"391 294";"31 729";"27 562 232";"2024-09-03 02:23:30"
"2024-09-01";"Instagram";"1 202 585";"56 331";"27 563 483";"2024-09-01 23:56:49"
"2024-09-07";"";"157 899";"325 691";"27 562 204";"2024-09-07 17:50:35"
"2024-09-08";"";"79 672";"8 285";"27 563 026";"2024-09-09 00:57:39"
"2024-09-01";"";"31 208";"4 370";"27 561 401";"2024-09-01 13:58:55"
"2024-09-05";"YouTube";"168 478";"9 907";"27 562 468";"2024-09-05 20:05:43"
"2024-09-10";"YouTube";"1 522 245";"6 930 946";"27 563 072";"2024-09-10 10:31:51"
"2024-09-01";"";"23 906";"46 511";"27 563 326";"2024-09-01 04:37:44"
"2024-09-09";"Telegram";"3 820 018";"238 149";"27 562 989";"2024-09-09 10:07:21"
"2024-09-06";"Instagram";"463 957";"86 281";"27 562 097";"2024-09-06 17:38:42"
"2024-09-02";"PUBG";"99 376";"7 858";"27 562 101";"2024-09-02 05:14:52"
"2024-09-10";"Facebook";"93 397";"39 760";"27 563 285";"2024-09-10 08:17:11"
"2024-09-04";"";"86 517";"14 202";"27 562 407";"2024-09-04 18:39:47"
"2024-09-05";"VKontakte";"119 546";"4 292";"27 561 220";"2024-09-06 01:58:38"
"2024-09-03";"";"217 107";"13 313";"27 562 124";"2024-09-03 23:20:24"
"2024-09-08";"";"37 340";"10 304";"27 562 518";"2024-09-08 07:04:56"
"2024-09-05";"";"3 354 534";"74 415";"27 562 471";"2024-09-06 00:09:29"
"2024-09-06";"";"1 270 588";"44 744";"27 562 535";"2024-09-06 15:12:13"
"2024-09-07";"";"521 109";"32 853";"27 562 692";"2024-09-07 21:42:19"
"2024-09-02";"";"33 859";"5 837";"27 561 988";"2024-09-02 03:36:36"
"2024-09-10";"WhatsApp";"212 453";"14 113";"27 561 820";"2024-09-10 09:06:45"
"2024-09-07";"";"81 304";"168 543";"27 562 913";"2024-09-07 10:07:38"
"2024-09-02";"Yandex";"93 940";"191 587";"27 561 259";"2024-09-03 02:47:35"
"2024-09-09";"";"164 389";"11 333";"27 562 685";"2024-09-09 21:42:17"
"2024-09-01";"Instagram";"675 977";"126 956";"27 563 353";"2024-09-01 16:13:49"
"2024-09-04";"";"1 338 577";"39 807";"27 562 582";"2024-09-04 19:04:43"
"2024-09-10";"";"82 149";"8 503";"27 561 988";"2024-09-10 07:52:06"
"2024-09-05";"";"25 548";"44 791";"27 562 082";"2024-09-05 22:19:43"
"2024-09-08";"";"1 417 807";"51 088";"27 562 152";"2024-09-09 02:35:48"
"2024-09-03";"";"64 563";"373 977";"27 563 181";"2024-09-03 15:00:05"
"2024-09-02";"";"73 839";"5 949";"27 561 855";"2024-09-02 15:48:17"
"2024-09-01";"Facebook";"42 224";"12 587";"27 563 240";"2024-09-01 22:31:08"
"2024-09-08";"";"561 019";"103 898";"27 562 829";"2024-09-09 00:57:49"
"2024-09-02";"";"35 047";"95 937";"27 562 778";"2024-09-02 19:04:49"
"2024-09-08";"Instagram";"34 845";"4 524";"27 562 845";"2024-09-08 12:09:33"
"2024-09-09";"";"29 092";"18 613";"27 562 692";"2024-09-09 20:05:57"
"2024-09-02";"";"52 309";"4 143";"27 561 718";"2024-09-02 07:52:24"
"2024-09-07";"YouTube";"28 271";"10 961";"27 563 065";"2024-09-07 19:52:32"
"2024-09-02";"YouTube";"63 069";"9 067";"27 562 293";"2024-09-02 19:16:01"
"2024-09-07";"";"127 132";"10 639";"27 563 072";"2024-09-07 14:11:57"
"2024-09-07";"Facebook";"556 215";"2 199 372";"27 563 295";"2024-09-07 06:27:15"
"2024-09-02";"";"29 675";"2 534";"27 562 598";"2024-09-02 04:49:22"
"2024-09-02";"";"249 296";"24 693";"27 561 232";"2024-09-02 08:29:39"
"2024-09-03";"";"885 411";"79 422";"27 562 593";"2024-09-03 12:33:48"
"2024-09-10";"";"26 009";"111 877";"27 561 597";"2024-09-10 09:06:58"
"2024-09-06";"Facebook";"179 597";"11 266";"27 561 218";"2024-09-06 18:03:48"
"2024-09-08";"";"66 985";"151 480";"27 561 215";"2024-09-08 20:05:24"
"2024-09-08";"";"17 322 930";"822 767";"27 562 117";"2024-09-08 20:17:16"
"2024-09-08";"Instagram";"194 919 084";"5 647 842";"27 562 645";"2024-09-08 09:06:49"
"2024-09-09";"";"97 568";"7 079";"27 563 129";"2024-09-09 10:07:26"
"2024-09-03";"";"29 782";"5 223";"27 561 785";"2024-09-03 16:25:50"
"2024-09-07";"Instagram";"99 201 315";"2 835 094";"27 563 094";"2024-09-07 04:49:04"
"2024-09-10";"YouTube";"5 044 589";"268 263";"27 563 363";"2024-09-10 23:32:28"
"2024-09-02";"";"1 302 844";"42 355";"27 561 213";"2024-09-03 02:59:11"
"2024-09-10";"Telegram";"87 206";"10 188";"27 562 382";"2024-09-10 05:14:13"
"2024-09-02";"";"63 444";"5 734";"27 562 864";"2024-09-02 13:58:31"
"2024-09-09";"";"565 018";"126 409";"27 561 908";"2024-09-09 14:47:14"
"2024-09-05";"";"266 047";"15 112";"27 561 358";"2024-09-06 02:59:51"
"2024-09-05";"";"26 119";"10 417";"27 562 286";"2024-09-05 11:56:05"
"2024-09-04";"YouTube";"1 133 934";"325 825";"27 561 744";"2024-09-04 10:19:17"
"2024-09-02";"Telegram";"29 751 814";"2 228 455";"27 561 670";"2024-09-02 08:29:02"
"2024-09-06";"";"3 889 524";"320 262";"27 561 823";"2024-09-06 21:06:37"
"2024-09-07";"Likee";"26 041";"9 105";"27 562 260";"2024-09-07 13:46:51"
"2024-09-03";"YouTube";"2 768 813";"1 014 703";"27 561 236";"2024-09-03 15:36:35"
"2024-09-03";"";"26 685";"1 946";"27 561 398";"2024-09-04 02:11:46"
"2024-09-02";"";"14 663";"54 417";"27 562 419";"2024-09-02 11:20:30"
"2024-09-03";"";"59 209";"3 715";"27 562 706";"2024-09-03 23:44:29"
"2024-09-01";"";"316 374";"22 697";"27 561 965";"2024-09-02 02:11:30"
"2024-09-05";"";"42 372";"15 673";"27 562 597";"2024-09-05 16:25:40"
"2024-09-03";"Facebook";"1 208 351";"54 340";"27 563 453";"2024-09-03 06:51:26"
"2024-09-02";"Yandex";"68 028";"4 588";"27 562 861";"2024-09-02 19:16:06"
"2024-09-02";"Apple Music";"1 329 221";"77 172";"27 563 355";"2024-09-02 20:53:23"
"2024-09-03";"";"45 651";"2 799";"27 561 778";"2024-09-03 21:30:04"
"2024-09-08";"";"11 220 727";"503 573";"27 561 386";"2024-09-08 15:00:03"
"2024-09-03";"";"530 555";"76 279";"27 561 693";"2024-09-03 21:54:08"
"2024-09-08";"";"5 110";"50 219";"27 562 513";"2024-09-08 12:09:13"
"2024-09-04";"";"71 790";"6 553";"27 561 827";"2024-09-04 10:43:03"
"2024-09-02";"YouTube";"285 961";"3 589 558";"27 563 066";"2024-09-03 02:59:55"
"2024-09-09";"";"133 243";"35 522";"27 562 427";"2024-09-10 00:45:07"
"2024-09-06";"Yandex";"236 244";"11 010";"27 563 432";"2024-09-06 09:54:12"
"2024-09-06";"Facebook";"154 158";"14 048";"27 563 234";"2024-09-06 17:26:02"
"2024-09-09";"";"51 682";"11 036";"27 562 090";"2024-09-09 09:18:27"
"2024-09-02";"";"30 487";"12 813";"27 562 222";"2024-09-02 07:40:13"
"2024-09-05";"";"39 119";"19 324";"27 562 917";"2024-09-05 06:03:44"
"2024-09-10";"";"28 552";"9 330";"27 562 679";"2024-09-10 13:22:18"
"2024-09-09";"";"52 591";"2 665";"27 561 433";"2024-09-09 11:56:12"
"2024-09-06";"";"91 347";"18 480";"27 561 767";"2024-09-06 06:27:18"
"2024-09-06";"";"115 306";"516 669";"27 563 193";"2024-09-06 10:55:19"
"2024-09-01";"";"39 369";"489 064";"27 562 402";"2024-09-01 04:13:04"
"2024-09-06";"";"279 881";"11 678";"27 562 059";"2024-09-06 10:19:35"
"2024-09-04";"";"5 308 421";"190 135";"27 562 352";"2024-09-04 15:36:25"
"2024-09-02";"YouTube";"48 014";"5 715";"27 563 176";"2024-09-02 20:29:57"
"2024-09-02";"";"1 320 705";"62 375";"27 562 343";"2024-09-02 11:20:30"
