"date_id";"option_name";"bytes_in";"bytes_out";"account_id";"option_datetime"
"2024-09-02";"Instagram";"3 475 807";"2 003 590";"27 562 494";"2024-09-02 08:17:13"
"2024-09-02";"YouTube";"216 655";"30 862";"27 562 560";"2024-09-02 08:17:15"
"2024-09-05";"";"188 180";"14 758";"27 561 809";"2024-09-05 21:18:49"
"2024-09-01";"";"58 118";"19 850";"27 562 354";"2024-09-01 19:28:59"
"2024-09-04";"";"955 090";"61 910";"27 562 757";"2024-09-04 03:00:30"
"2024-09-02";"WhatsApp";"619 197";"45 446";"27 561 602";"2024-09-02 14:23:46"
"2024-09-04";"";"140 378";"263 666";"27 563 005";"2024-09-04 07:04:20"
"2024-09-10";"";"86 204";"39 755";"27 561 953";"2024-09-10 10:19:59"
"2024-09-01";"Facebook";"105 660";"11 609";"27 562 687";"2024-09-01 08:29:32"
"2024-09-07";"";"366 924";"25 434";"27 562 879";"2024-09-07 09:18:23"
"2024-09-06";"";"9 116";"56 310";"27 563 096";"2024-09-06 05:26:54"
"2024-09-02";"";"30 570";"2 688";"27 562 087";"2024-09-02 21:18:32"
"2024-09-09";"Instagram";"460 095";"37 507";"27 562 545";"2024-09-09 13:22:56"
"2024-09-02";"";"47 211";"2 605";"27 561 845";"2024-09-02 19:16:18"
"2024-09-06";"";"99 590";"14 659";"27 563 329";"2024-09-06 12:09:02"
"2024-09-06";"YouTube";"3 844 468";"1 312 930";"27 563 035";"2024-09-06 17:38:33"
"2024-09-02";"";"1 043 663";"47 249";"27 562 698";"2024-09-02 19:52:49"
"2024-09-04";"";"423 647";"20 998";"27 563 238";"2024-09-05 00:45:06"
"2024-09-06";"";"1 851 176";"123 347";"27 561 981";"2024-09-06 22:43:05"
"2024-09-05";"";"262 254";"13 697";"27 563 326";"2024-09-06 02:11:59"
"2024-09-06";"";"342 910";"37 167";"27 562 192";"2024-09-06 16:37:20"
"2024-09-07";"";"30 004";"4 412";"27 561 485";"2024-09-07 03:36:44"
"2024-09-09";"";"106 083";"24 382";"27 562 313";"2024-09-09 04:25:44"
"2024-09-06";"";"99 172";"306 854";"27 562 905";"2024-09-06 21:06:40"
"2024-09-07";"";"339 173";"19 185";"27 561 819";"2024-09-07 17:38:43"
"2024-09-03";"";"15 208 171";"843 603";"27 561 259";"2024-09-04 01:34:17"
"2024-09-08";"";"34 577";"3 667";"27 562 821";"2024-09-08 15:24:22"
"2024-09-09";"";"88 035";"4 369";"27 562 124";"2024-09-09 07:04:24"
"2024-09-06";"VKontakte";"84 464";"21 943";"27 562 721";"2024-09-06 18:27:44"
"2024-09-09";"";"75 490";"24 836";"27 563 469";"2024-09-09 09:06:43"
"2024-09-07";"Instagram";"35 993 500";"935 972";"27 562 003";"2024-09-07 03:12:54"
"2024-09-05";"";"14 026 346";"452 974";"27 561 433";"2024-09-05 03:00:13"
"2024-09-10";"";"211 790";"133 364";"27 562 075";"2024-09-10 13:34:31"
"2024-09-08";"YouTube";"817 245";"2 370 062";"27 563 080";"2024-09-08 14:47:13"
"2024-09-08";"";"173 839";"9 420";"27 563 168";"2024-09-08 22:19:32"
"2024-09-09";"";"15 206";"368 173";"27 562 686";"2024-09-09 06:39:53"
"2024-09-09";"";"37 774";"5 818";"27 561 914";"2024-09-09 11:32:15"
"2024-09-08";"";"650 921";"24 542";"27 563 022";"2024-09-08 10:43:34"
"2024-09-08";"";"134 392";"5 878";"27 561 342";"2024-09-08 17:50:22"
"2024-09-02";"VKontakte";"28 065";"213 468";"27 563 041";"2024-09-03 00:33:15"
"2024-09-05";"";"54 254";"7 011";"27 563 119";"2024-09-05 20:05:12"
"2024-09-02";"";"160 523";"15 056";"27 562 896";"2024-09-02 22:19:15"
"2024-09-08";"";"103 235";"11 328";"27 563 472";"2024-09-08 14:23:05"
"2024-09-10";"";"22 570";"26 355";"27 562 899";"2024-09-10 16:25:09"
"2024-09-08";"Facebook";"442 608";"915 269";"27 562 427";"2024-09-08 08:17:18"
"2024-09-09";"YouTube";"123 735";"25 166";"27 562 356";"2024-09-09 08:41:49"
"2024-09-07";"";"30 702";"4 179";"27 562 255";"2024-09-07 12:21:48"
"2024-09-06";"Facebook";"244 605";"11 091";"27 563 223";"2024-09-06 03:36:36"
"2024-09-02";"Instagram";"219 942";"41 752";"27 561 450";"2024-09-03 01:34:36"
"2024-09-10";"Instagram";"45 929 874";"1 120 197";"27 562 278";"2024-09-10 18:51:40"
"2024-09-06";"";"978 147";"96 532";"27 563 066";"2024-09-06 10:19:06"
"2024-09-09";"";"60 048";"9 451";"27 563 184";"2024-09-09 22:19:34"
"2024-09-06";"";"3 779 300";"6 233 566";"27 561 908";"2024-09-06 21:06:48"
"2024-09-01";"Instagram";"50 306 532";"1 351 902";"27 563 100";"2024-09-01 21:54:44"
"2024-09-08";"Unknown";"1 261 400";"84 383";"27 561 547";"2024-09-08 10:43:17"
"2024-09-09";"";"447 589";"15 242";"27 561 586";"2024-09-09 18:51:08"
"2024-09-01";"Telegram";"2 890 950";"187 021";"27 561 942";"2024-09-01 22:31:59"
"2024-09-08";"";"38 278";"11 129";"27 562 815";"2024-09-08 18:27:14"
"2024-09-02";"YouTube";"122 457 178";"9 276 099";"27 561 490";"2024-09-02 16:37:32"
"2024-09-10";"Telegram";"3 414 138";"455 104";"27 561 393";"2024-09-10 13:22:52"
"2024-09-02";"";"2 067 014";"206 798";"27 562 025";"2024-09-02 07:52:58"
"2024-09-02";"";"58 278";"14 517";"27 561 213";"2024-09-02 06:15:07"
"2024-09-05";"";"306 470";"94 298";"27 561 571";"2024-09-05 19:28:47"
"2024-09-05";"";"54 632 137";"16 851 887";"27 562 958";"2024-09-05 03:24:00"
"2024-09-03";"";"5 751";"54 321";"27 561 732";"2024-09-03 03:12:00"
"2024-09-02";"";"121 902";"104 084";"27 563 365";"2024-09-02 05:26:39"
"2024-09-09";"";"31 035";"14 542";"27 561 331";"2024-09-09 04:37:35"
"2024-09-05";"YouTube";"69 339";"485 147";"27 562 693";"2024-09-05 17:26:24"
"2024-09-07";"";"49 859";"101 446";"27 562 016";"2024-09-07 12:45:13"
"2024-09-02";"";"130 410";"11 428";"27 562 156";"2024-09-03 01:58:38"
"2024-09-06";"";"533 742";"40 599";"27 561 676";"2024-09-07 00:21:43"
"2024-09-01";"";"40 853";"5 034";"27 561 824";"2024-09-02 02:47:38"
"2024-09-08";"Instagram";"11 191 714";"174 490";"27 563 427";"2024-09-08 23:44:22"
"2024-09-05";"Unknown";"1 038 715";"42 184";"27 561 870";"2024-09-05 14:59:08"
"2024-09-06";"";"63 827";"19 525";"27 562 591";"2024-09-06 03:12:53"
"2024-09-02";"";"384 071";"48 556";"27 563 393";"2024-09-02 06:27:06"
"2024-09-02";"";"36 531";"16 927";"27 561 331";"2024-09-02 13:58:54"
"2024-09-02";"";"396 317";"54 479";"27 561 214";"2024-09-02 07:16:07"
"2024-09-02";"";"273 485";"142 103";"27 562 863";"2024-09-02 07:28:15"
"2024-09-05";"Yandex";"1 176 289";"3 431 958";"27 561 745";"2024-09-05 10:07:02"
"2024-09-05";"";"134 248";"2 095";"27 563 511";"2024-09-06 02:23:43"
"2024-09-01";"Tas-ix";"40 671";"1 777";"27 563 478";"2024-09-01 19:28:04"
"2024-09-01";"";"392 566";"35 961";"27 563 166";"2024-09-01 10:07:25"
"2024-09-04";"";"499 733";"17 928";"27 563 453";"2024-09-04 08:41:16"
"2024-09-06";"";"17 735";"29 362";"27 562 961";"2024-09-06 12:57:50"
"2024-09-09";"";"178 864";"143 187";"27 561 390";"2024-09-09 22:31:40"
"2024-09-07";"";"59 737";"13 819";"27 561 743";"2024-09-07 23:56:15"
"2024-09-05";"";"300 239";"267 930";"27 561 924";"2024-09-05 20:29:41"
"2024-09-02";"";"521 967";"112 385";"27 562 372";"2024-09-02 11:32:43"
"2024-09-01";"";"3 881 131";"183 602";"27 561 697";"2024-09-02 00:33:27"
"2024-09-02";"";"97 397";"13 426";"27 562 255";"2024-09-02 18:03:28"
"2024-09-06";"Instagram";"1 040 391";"30 810";"27 563 199";"2024-09-06 12:21:32"
"2024-09-07";"";"31 864";"79 552";"27 563 507";"2024-09-07 11:56:34"
"2024-09-06";"";"52 908";"42 322";"27 562 964";"2024-09-07 01:10:52"
"2024-09-06";"";"77 868";"5 721";"27 563 326";"2024-09-07 00:09:55"
"2024-09-03";"";"11 100";"43 340";"27 561 396";"2024-09-03 11:20:04"
"2024-09-09";"Yandex";"98 140";"8 420";"27 561 597";"2024-09-09 03:00:45"
"2024-09-10";"";"1 276 754";"1 193 924";"27 562 275";"2024-09-11 01:58:46"
"2024-09-08";"";"30 322";"3 033";"27 562 709";"2024-09-08 22:55:33"
"2024-09-05";"";"97 022";"4 362";"27 563 494";"2024-09-05 11:44:53"
"2024-09-03";"";"109 096";"100 346";"27 563 016";"2024-09-03 21:42:54"
"2024-09-02";"";"46 050";"8 602";"27 562 827";"2024-09-02 07:52:06"
"2024-09-02";"";"69 675";"9 473";"27 562 675";"2024-09-02 23:08:11"
"2024-09-07";"";"122 476";"6 317";"27 562 536";"2024-09-07 12:33:27"
"2024-09-10";"";"182 456";"92 379";"27 561 474";"2024-09-10 14:35:48"
"2024-09-05";"";"136 861";"299 404";"27 562 653";"2024-09-05 20:05:42"
"2024-09-07";"Instagram";"8 430 268";"6 554 081";"27 562 309";"2024-09-08 00:09:23"
"2024-09-01";"";"54 929";"6 365";"27 561 697";"2024-09-02 01:34:12"
"2024-09-10";"";"1 333 379";"85 762";"27 562 291";"2024-09-11 00:21:31"
"2024-09-04";"Facebook";"91 494";"7 214";"27 562 572";"2024-09-04 23:08:27"
"2024-09-04";"YouTube";"6 297 316";"532 667";"27 563 033";"2024-09-04 18:03:19"
"2024-09-02";"";"69 565";"20 186";"27 561 814";"2024-09-02 18:51:57"
"2024-09-01";"YouTube";"245 652";"35 848";"27 563 244";"2024-09-01 07:40:55"
"2024-09-10";"Tas-ix";"969 037";"121 742";"27 562 459";"2024-09-10 06:39:47"
"2024-09-05";"";"2 010 799";"993 729";"27 561 542";"2024-09-05 19:28:45"
"2024-09-10";"";"642 144";"561 415";"27 562 527";"2024-09-10 10:19:35"
"2024-09-09";"";"462 826";"137 649";"27 562 856";"2024-09-09 22:55:04"
"2024-09-04";"";"53 218";"36 987";"27 562 064";"2024-09-04 16:25:02"
"2024-09-09";"";"8 614 967";"815 641";"27 561 610";"2024-09-09 03:48:46"
"2024-09-01";"";"32 257";"11 533";"27 562 494";"2024-09-01 17:50:17"
"2024-09-02";"";"50 037 004";"2 585 046";"27 561 401";"2024-09-02 13:10:20"
"2024-09-04";"";"315 726";"17 099";"27 561 881";"2024-09-04 20:05:28"
"2024-09-10";"Tas-ix";"119 956";"5 284";"27 562 416";"2024-09-10 11:20:52"
"2024-09-07";"";"214 437";"14 500";"27 562 714";"2024-09-07 04:37:09"
"2024-09-04";"";"75 611 696";"10 634 937";"27 562 865";"2024-09-04 20:53:26"
"2024-09-10";"";"60 960";"30 501";"27 562 813";"2024-09-11 00:21:14"
"2024-09-02";"";"813 096";"164 068";"27 561 197";"2024-09-02 07:04:51"
"2024-09-07";"";"7 616";"39 437";"27 561 250";"2024-09-07 16:13:50"
"2024-09-10";"";"115 671";"100 315";"27 563 030";"2024-09-10 13:46:59"
"2024-09-07";"";"32 315";"6 334";"27 562 849";"2024-09-07 12:09:26"
"2024-09-01";"";"31 338";"20 512";"27 563 148";"2024-09-01 13:10:38"
"2024-09-01";"Apple Music";"7 724 132";"521 249";"27 562 320";"2024-09-01 16:01:13"
"2024-09-07";"";"104 455";"65 123";"27 562 072";"2024-09-07 21:18:15"
"2024-09-08";"";"625 634";"53 771";"27 561 383";"2024-09-08 16:25:14"
"2024-09-09";"";"196 008";"5 627";"27 561 173";"2024-09-09 14:35:36"
"2024-09-01";"Tas-ix";"28 836";"14 891";"27 562 880";"2024-09-02 02:47:17"
"2024-09-02";"";"1 096 273";"88 767";"27 562 775";"2024-09-02 19:40:30"
"2024-09-09";"";"35 558";"2 253";"27 563 326";"2024-09-09 14:11:18"
"2024-09-03";"";"230 363";"15 764";"27 563 290";"2024-09-03 10:07:01"
"2024-09-05";"";"26 059";"14 806";"27 561 827";"2024-09-05 20:05:48"
"2024-09-10";"";"127 261";"93 522";"27 562 608";"2024-09-10 10:43:47"
"2024-09-03";"Odnoklassniki";"58 392 439";"1 761 822";"27 561 674";"2024-09-03 16:01:42"
"2024-09-02";"";"1 310 962";"202 553";"27 563 203";"2024-09-02 06:15:15"
"2024-09-01";"";"19 945";"140 591";"27 562 580";"2024-09-01 03:36:45"
"2024-09-09";"";"99 964";"6 535";"27 562 025";"2024-09-09 14:59:44"
"2024-09-01";"YouTube";"571 547";"122 949";"27 562 931";"2024-09-01 11:56:44"
"2024-09-06";"";"379 132";"28 449";"27 562 212";"2024-09-06 16:01:55"
"2024-09-04";"YouTube";"11 203 868";"326 660";"27 562 810";"2024-09-04 19:28:45"
"2024-09-07";"";"151 680";"16 106";"27 562 275";"2024-09-07 05:26:57"
"2024-09-01";"";"65 870";"41 730";"27 563 476";"2024-09-01 11:20:56"
"2024-09-08";"";"209 694";"7 559";"27 563 211";"2024-09-08 08:53:12"
"2024-09-10";"Telegram";"50 948 587";"2 662 001";"27 562 859";"2024-09-10 15:48:05"
"2024-09-07";"";"182 123";"8 440";"27 562 880";"2024-09-07 06:03:45"
"2024-09-02";"Facebook";"221 418";"21 678";"27 562 251";"2024-09-02 03:36:30"
"2024-09-04";"";"999 791";"60 179";"27 562 192";"2024-09-04 13:10:39"
"2024-09-07";"";"26 959";"6 710";"27 562 571";"2024-09-08 00:09:36"
"2024-09-06";"";"51 973";"3 587";"27 563 430";"2024-09-06 03:00:15"
"2024-09-03";"YouTube";"654 478";"4 693 068";"27 563 020";"2024-09-03 13:46:15"
"2024-09-09";"Telegram";"94 216 251";"29 654 965";"27 562 780";"2024-09-09 19:16:12"
"2024-09-04";"";"28 342";"9 900";"27 562 156";"2024-09-04 13:22:22"
"2024-09-03";"YouTube";"29 466";"6 039";"27 562 691";"2024-09-03 12:45:55"
"2024-09-06";"";"2 010 178";"404 375";"27 561 730";"2024-09-06 12:33:25"
"2024-09-02";"";"514 580";"83 303";"27 561 744";"2024-09-02 22:43:38"
"2024-09-04";"";"78 182";"262 357";"27 562 604";"2024-09-04 06:39:45"
"2024-09-07";"Apple Music";"403 823";"20 191";"27 562 597";"2024-09-07 09:54:40"
"2024-09-01";"";"94 313";"46 680";"27 563 291";"2024-09-01 20:53:29"
"2024-09-01";"";"252 876";"16 579";"27 562 504";"2024-09-01 10:55:54"
"2024-09-03";"";"82 378";"44 718";"27 562 453";"2024-09-03 19:16:10"
"2024-09-06";"YouTube";"29 449";"11 061";"27 563 378";"2024-09-07 01:10:45"
"2024-09-04";"Yandex Video";"180 600";"5 035";"27 561 470";"2024-09-04 22:55:56"
"2024-09-09";"";"630";"28 891";"27 561 828";"2024-09-09 04:01:55"
"2024-09-03";"";"145 047";"17 271";"27 561 362";"2024-09-03 09:18:03"
"2024-09-09";"Instagram";"2 381 529";"517 098";"27 562 981";"2024-09-09 06:27:06"
"2024-09-03";"";"94 509";"12 015";"27 562 156";"2024-09-03 15:24:45"
"2024-09-02";"";"208 628";"115 483";"27 561 295";"2024-09-02 18:51:01"
"2024-09-09";"";"353 312";"123 605";"27 561 876";"2024-09-09 16:37:29"
"2024-09-06";"Instagram";"11 858 052";"515 082";"27 562 633";"2024-09-06 09:54:11"
"2024-09-03";"";"217 155";"27 432";"27 561 867";"2024-09-03 06:27:45"
"2024-09-02";"Apple Music";"61 981";"11 393";"27 561 486";"2024-09-02 09:54:13"
"2024-09-04";"YouTube";"270 592";"42 779";"27 562 096";"2024-09-04 06:51:13"
"2024-09-10";"YouTube";"69 577";"119 813";"27 562 893";"2024-09-10 09:30:33"
"2024-09-01";"";"2 699 661";"122 264";"27 561 794";"2024-09-01 08:05:19"
"2024-09-01";"";"10 581";"70 871";"27 561 767";"2024-09-01 23:32:34"
"2024-09-06";"";"599 663";"83 897";"27 562 363";"2024-09-06 19:40:55"
"2024-09-09";"";"447 976";"146 250";"27 562 061";"2024-09-09 13:46:02"
"2024-09-04";"";"48 828";"48 087";"27 561 583";"2024-09-04 06:15:09"
"2024-09-04";"";"273 911";"27 952";"27 562 973";"2024-09-04 18:03:18"
"2024-09-10";"";"28 045";"2 439";"27 561 586";"2024-09-10 07:04:04"
"2024-09-08";"";"67 161";"5 266";"27 561 491";"2024-09-08 22:07:04"
"2024-09-03";"";"117 635";"5 523";"27 562 063";"2024-09-03 17:38:31"
"2024-09-08";"";"28 637";"2 857";"27 563 402";"2024-09-08 09:54:14"
"2024-09-02";"YouTube";"252 330";"42 294";"27 562 713";"2024-09-02 03:24:06"
"2024-09-01";"";"566 874";"212 607";"27 562 226";"2024-09-01 12:21:54"
"2024-09-07";"Instagram";"976 568";"111 209";"27 562 841";"2024-09-07 04:37:17"
"2024-09-10";"PUBG";"220 908";"11 868";"27 562 106";"2024-09-10 03:36:47"
"2024-09-05";"Yandex";"106 507";"5 700";"27 562 879";"2024-09-05 10:07:42"
"2024-09-09";"";"32 244";"18 361";"27 562 512";"2024-09-09 16:25:26"
"2024-09-03";"";"548 410";"37 202";"27 561 693";"2024-09-03 15:12:36"
"2024-09-10";"";"298 520";"16 451";"27 562 857";"2024-09-10 22:31:29"
"2024-09-08";"";"26 412";"2 232";"27 561 950";"2024-09-08 15:24:46"
"2024-09-10";"Telegram";"19 776 197";"1 167 809";"27 563 128";"2024-09-11 01:46:40"
"2024-09-08";"Instagram";"392 917";"52 065";"27 561 706";"2024-09-09 01:22:09"
"2024-09-04";"";"61 841";"3 388";"27 563 287";"2024-09-05 00:09:52"
"2024-09-07";"Facebook";"16 411 341";"502 436";"27 562 070";"2024-09-07 20:17:57"
"2024-09-08";"";"56 858";"6 432";"27 561 883";"2024-09-08 05:50:32"
"2024-09-04";"";"28 273 993";"1 444 132";"27 562 087";"2024-09-04 08:05:01"
"2024-09-05";"";"5 240 929";"200 747";"27 561 621";"2024-09-05 15:36:56"
"2024-09-04";"";"85 495";"372 917";"27 561 658";"2024-09-04 15:12:24"
"2024-09-01";"YouTube";"6 020 374";"305 502";"27 562 859";"2024-09-01 07:16:18"
"2024-09-09";"";"328 640";"27 184";"27 561 383";"2024-09-09 03:24:18"
"2024-09-05";"Facebook";"4 143 143";"686 947";"27 561 433";"2024-09-05 21:30:00"
"2024-09-03";"";"10 987";"31 493";"27 562 969";"2024-09-03 03:00:04"
"2024-09-01";"Facebook";"205 290";"9 559";"27 561 499";"2024-09-01 04:49:48"
"2024-09-09";"Telegram";"12 642 859";"1 028 655";"27 563 216";"2024-09-09 13:34:35"
"2024-09-04";"";"346 381";"91 879";"27 563 357";"2024-09-04 23:20:02"
"2024-09-07";"";"84 167";"4 650";"27 563 463";"2024-09-07 20:17:48"
"2024-09-04";"";"262 776";"37 598";"27 563 311";"2024-09-04 17:14:03"
"2024-09-03";"";"88 128";"14 170";"27 562 364";"2024-09-03 13:58:02"
"2024-09-07";"Facebook";"30 568";"2 318";"27 563 065";"2024-09-07 09:06:28"
"2024-09-08";"";"55 322";"17 999";"27 561 449";"2024-09-08 04:01:13"
"2024-09-01";"YouTube";"136 161";"28 595";"27 562 691";"2024-09-01 23:56:27"
"2024-09-01";"";"3 506 152";"389 192";"27 561 343";"2024-09-01 03:24:13"
"2024-09-09";"";"199 079 085";"8 901 849";"27 561 552";"2024-09-09 09:54:29"
"2024-09-04";"";"879 335";"54 365";"27 561 828";"2024-09-04 07:40:37"
"2024-09-09";"";"8 861 455";"311 845";"27 561 281";"2024-09-09 23:20:53"
"2024-09-02";"WhatsApp";"14 666 842";"93 883 967";"27 561 602";"2024-09-02 12:09:48"
"2024-09-03";"";"54 490";"3 263";"27 561 688";"2024-09-03 12:33:37"
"2024-09-09";"";"218 916";"7 121";"27 563 307";"2024-09-09 08:17:40"
"2024-09-06";"";"28 772";"10 411";"27 561 695";"2024-09-06 18:03:31"
"2024-09-07";"";"853 589";"66 834";"27 562 803";"2024-09-08 02:23:24"
"2024-09-03";"YouTube";"191 207 467";"12 983 603";"27 561 372";"2024-09-03 09:30:50"
"2024-09-02";"";"108 921 535";"6 272 224";"27 561 358";"2024-09-03 02:59:57"
"2024-09-07";"Yandex";"471 944";"111 427";"27 561 464";"2024-09-07 06:51:13"
"2024-09-09";"Yandex";"94 391";"5 306";"27 562 422";"2024-09-09 04:37:36"
"2024-09-02";"";"74 078";"10 002";"27 563 008";"2024-09-02 11:20:00"
"2024-09-10";"YouTube";"1 161 158";"378 306";"27 561 544";"2024-09-10 11:44:34"
"2024-09-10";"";"28 094";"20 304";"27 561 763";"2024-09-10 17:38:03"
"2024-09-03";"";"204 520";"132 634";"27 562 784";"2024-09-03 05:14:11"
"2024-09-04";"Likee";"294 263";"20 044";"27 562 557";"2024-09-04 06:27:23"
"2024-09-03";"";"207 645";"33 993";"27 561 649";"2024-09-03 09:18:16"
"2024-09-08";"YouTube";"53 003";"18 582";"27 562 067";"2024-09-08 20:05:55"
"2024-09-01";"YouTube";"24 707 122";"2 429 413";"27 562 898";"2024-09-02 02:35:45"
"2024-09-03";"";"1 174 178";"213 285";"27 562 398";"2024-09-04 02:23:14"
"2024-09-09";"YouTube";"794 399";"8 299 524";"27 561 794";"2024-09-09 14:23:39"
"2024-09-09";"";"140 275";"118 543";"27 561 555";"2024-09-09 05:38:08"
"2024-09-06";"Apple Music";"17 377 912";"701 034";"27 563 347";"2024-09-06 13:46:09"
"2024-09-08";"";"64 141";"346 061";"27 562 689";"2024-09-08 21:42:22"
"2024-09-01";"TikTok";"190 516";"1 440 004";"27 562 840";"2024-09-01 11:20:45"
"2024-09-09";"Yandex";"423 571";"284 944";"27 563 238";"2024-09-09 14:35:05"
"2024-09-10";"";"1 367 323";"78 068";"27 563 205";"2024-09-10 18:51:53"
"2024-09-09";"";"516 297";"59 121";"27 563 052";"2024-09-09 21:18:54"
"2024-09-06";"";"124 627";"41 478";"27 563 250";"2024-09-06 04:25:41"
"2024-09-08";"YouTube";"4 290 495";"453 933";"27 561 373";"2024-09-08 15:48:44"
"2024-09-01";"";"412 853";"18 591";"27 563 363";"2024-09-01 23:44:54"
"2024-09-06";"Telegram";"123 248 103";"5 062 075";"27 561 536";"2024-09-06 13:58:01"
"2024-09-04";"";"110 653";"349 236";"27 561 344";"2024-09-04 04:49:38"
"2024-09-09";"";"34 703";"4 588";"27 562 496";"2024-09-09 06:51:32"
"2024-09-08";"Telegram";"23 610 293";"1 431 046";"27 563 072";"2024-09-08 06:39:33"
"2024-09-02";"YouTube";"83 026";"918 950";"27 563 420";"2024-09-02 03:36:59"
"2024-09-08";"Instagram";"123 268";"16 497";"27 561 809";"2024-09-08 16:25:17"
"2024-09-05";"Facebook";"74 772";"20 851";"27 561 339";"2024-09-05 10:43:56"
"2024-09-01";"";"140 619";"8 237";"27 562 330";"2024-09-01 11:56:48"
"2024-09-08";"";"43 051";"103 099";"27 562 442";"2024-09-08 17:50:21"
"2024-09-02";"";"156 163";"33 314";"27 563 367";"2024-09-03 00:57:34"
"2024-09-05";"Instagram";"14 935 916";"626 429";"27 562 633";"2024-09-05 04:25:43"
"2024-09-04";"TikTok";"3 086";"89 420";"27 561 943";"2024-09-04 13:46:25"
"2024-09-04";"";"29 664";"3 250";"27 562 512";"2024-09-04 13:34:29"
"2024-09-04";"";"1 044 343";"279 632";"27 561 275";"2024-09-04 18:15:39"
"2024-09-03";"";"58 530";"1 323";"27 562 580";"2024-09-04 00:33:58"
"2024-09-06";"";"26 914";"2 925";"27 561 801";"2024-09-06 10:19:58"
"2024-09-03";"Yandex";"3 655 449";"2 053 511";"27 562 352";"2024-09-03 11:20:29"
"2024-09-05";"";"3 113 666";"387 189";"27 562 622";"2024-09-06 02:35:28"
"2024-09-02";"";"407 225";"61 692";"27 563 153";"2024-09-02 08:17:09"
"2024-09-02";"";"29 783";"25 222";"27 562 025";"2024-09-03 00:45:10"
"2024-09-08";"Instagram";"119 463";"4 639";"27 562 451";"2024-09-09 01:22:41"
"2024-09-01";"";"115 062";"254 016";"27 562 320";"2024-09-01 09:18:30"
"2024-09-09";"";"15 267 466";"788 928";"27 562 002";"2024-09-09 13:34:03"
"2024-09-03";"";"29 254";"3 166";"27 563 216";"2024-09-03 23:20:24"
"2024-09-09";"YouTube";"345 961 172";"17 611 074";"27 562 025";"2024-09-09 17:26:22"
"2024-09-02";"Instagram";"101 186 577";"3 222 834";"27 561 690";"2024-09-02 06:51:34"
"2024-09-05";"";"92 723";"19 081";"27 562 503";"2024-09-05 15:24:38"
"2024-09-01";"WhatsApp";"111 589";"46 195";"27 562 861";"2024-09-01 11:44:17"
"2024-09-09";"";"20 914 661";"430 250";"27 562 982";"2024-09-09 10:31:29"
"2024-09-10";"";"62 895";"5 230";"27 563 451";"2024-09-10 16:25:21"
"2024-09-10";"YouTube";"1 052 564";"189 983";"27 563 006";"2024-09-10 22:07:05"
"2024-09-09";"";"256 595";"15 454";"27 562 801";"2024-09-09 12:09:20"
"2024-09-02";"YouTube";"5 865 669";"506 124";"27 562 304";"2024-09-02 12:33:57"
"2024-09-05";"";"157 203";"61 780";"27 562 205";"2024-09-05 10:43:29"
"2024-09-08";"";"730 390";"221 127";"27 561 737";"2024-09-08 16:37:35"
"2024-09-01";"";"40 337";"2 876";"27 563 059";"2024-09-01 16:13:12"
"2024-09-07";"Instagram";"18 232 546";"389 325";"27 561 975";"2024-09-07 10:31:38"
"2024-09-04";"";"117 113";"12 661";"27 561 305";"2024-09-04 09:54:37"
"2024-09-04";"Instagram";"152 254";"18 421";"27 562 087";"2024-09-04 14:35:26"
"2024-09-08";"";"1 300 864";"158 075";"27 562 100";"2024-09-08 06:39:09"
"2024-09-06";"";"30 713";"2 015";"27 563 273";"2024-09-06 19:28:27"
"2024-09-06";"Telegram";"15 214 318";"806 446";"27 561 207";"2024-09-06 23:44:07"
"2024-09-10";"";"5 412";"225 265";"27 561 801";"2024-09-10 16:37:26"
"2024-09-10";"Instagram";"1 543 464";"1 224 228";"27 561 760";"2024-09-10 15:12:16"
"2024-09-02";"";"129 975";"172 806";"27 561 691";"2024-09-03 00:21:27"
"2024-09-04";"";"38 166";"13 580";"27 562 582";"2024-09-04 05:26:37"
"2024-09-03";"Yandex Video";"359 550";"51 383";"27 562 684";"2024-09-03 08:53:29"
"2024-09-06";"Telegram";"22 396 678";"1 373 363";"27 562 558";"2024-09-06 12:21:40"
"2024-09-05";"";"30 414";"4 785";"27 563 059";"2024-09-05 18:39:51"
"2024-09-01";"";"3 802 521";"247 296";"27 563 289";"2024-09-01 12:57:58"
"2024-09-02";"";"35 852";"13 630";"27 562 889";"2024-09-02 21:42:14"
"2024-09-02";"";"55 010";"13 827";"27 563 363";"2024-09-02 08:17:28"
"2024-09-07";"Telegram";"856 296";"45 329";"27 562 921";"2024-09-07 20:05:16"
"2024-09-09";"";"35 104";"4 551";"27 562 919";"2024-09-09 10:55:36"
"2024-09-10";"YouTube";"154 540";"48 965";"27 561 732";"2024-09-10 12:45:55"
"2024-09-08";"";"1 243 704";"95 582";"27 561 691";"2024-09-08 17:26:12"
"2024-09-01";"";"1 141 798";"1 383 284";"27 562 696";"2024-09-01 21:42:50"
"2024-09-05";"";"1 115 915";"28 356";"27 563 191";"2024-09-06 02:11:42"
"2024-09-08";"";"54 623";"6 718";"27 562 255";"2024-09-09 00:21:13"
"2024-09-10";"YouTube";"116 193";"727 665";"27 563 393";"2024-09-10 21:18:38"
"2024-09-06";"";"9 987 918";"1 038 799";"27 563 100";"2024-09-06 16:37:47"
"2024-09-08";"Yandex";"585 806";"183 355";"27 563 225";"2024-09-08 12:21:11"
"2024-09-06";"";"199 518";"19 606";"27 562 675";"2024-09-06 07:04:31"
"2024-09-06";"";"149 652";"71 400";"27 561 302";"2024-09-06 15:12:50"
"2024-09-07";"Yandex";"65 392";"26 885";"27 561 452";"2024-09-08 00:57:22"
"2024-09-05";"Yandex";"179 017";"14 649";"27 563 225";"2024-09-05 13:46:16"
"2024-09-08";"";"32 106";"2 929";"27 561 365";"2024-09-08 22:55:50"
"2024-09-08";"";"152 834";"490 133";"27 563 442";"2024-09-08 10:07:09"
"2024-09-09";"";"163 519";"19 622";"27 562 033";"2024-09-10 00:21:31"
"2024-09-04";"";"1 024 285";"2 873 533";"27 561 252";"2024-09-04 05:38:38"
"2024-09-03";"Telegram";"6 519 148";"360 535";"27 561 673";"2024-09-03 14:23:36"
"2024-09-01";"YouTube";"603 481";"187 737";"27 562 553";"2024-09-01 13:58:52"
"2024-09-09";"Instagram";"4 927 218";"2 418 628";"27 563 153";"2024-09-10 01:46:18"
"2024-09-07";"";"245 125";"77 633";"27 562 339";"2024-09-07 09:18:47"
"2024-09-01";"";"38 942 596";"2 086 688";"27 562 550";"2024-09-01 15:24:12"
"2024-09-05";"";"6 882";"28 466";"27 562 098";"2024-09-05 23:08:53"
"2024-09-06";"";"35 063";"4 437";"27 561 600";"2024-09-06 23:20:35"
"2024-09-05";"YouTube";"235 602 496";"12 141 165";"27 562 931";"2024-09-05 16:01:36"
"2024-09-02";"";"53 514";"104 630";"27 563 026";"2024-09-02 11:44:21"
"2024-09-07";"";"228 125";"12 720";"27 563 391";"2024-09-07 08:05:08"
"2024-09-08";"";"5 154 288";"139 643";"27 563 063";"2024-09-08 14:11:19"
"2024-09-09";"Instagram";"60 161 921";"1 473 713";"27 561 212";"2024-09-09 13:34:36"
"2024-09-05";"Instagram";"38 971 052";"1 272 989";"27 561 690";"2024-09-05 04:01:20"
"2024-09-07";"";"25 810";"2 814";"27 562 919";"2024-09-07 19:04:46"
"2024-09-02";"Yandex";"47 221";"2 230";"27 562 838";"2024-09-02 14:11:14"
"2024-09-05";"Instagram";"94 671";"9 632";"27 562 524";"2024-09-06 02:23:23"
"2024-09-09";"";"117 072";"14 702";"27 561 643";"2024-09-09 17:14:57"
"2024-09-05";"Telegram";"30 425 473";"15 107 059";"27 561 361";"2024-09-05 23:32:45"
"2024-09-10";"YouTube";"26 696";"141 605";"27 562 982";"2024-09-10 16:01:03"
"2024-09-09";"Telegram";"55 379";"6 899";"27 562 594";"2024-09-10 01:58:22"
"2024-09-08";"";"256 801";"9 908";"27 561 569";"2024-09-09 00:09:27"
"2024-09-03";"";"120 981";"77 057";"27 562 896";"2024-09-03 17:38:00"
"2024-09-02";"";"41 290";"6 901";"27 563 174";"2024-09-03 02:11:01"
"2024-09-09";"YouTube";"6 548 949";"1 306 755";"27 563 022";"2024-09-09 03:24:17"
"2024-09-02";"";"160 724 889";"9 907 129";"27 561 468";"2024-09-02 13:58:40"
"2024-09-01";"";"32 333";"20 742";"27 563 419";"2024-09-01 14:35:50"
"2024-09-04";"";"196 105";"136 197";"27 562 762";"2024-09-05 01:22:23"
"2024-09-04";"";"1 516 392";"91 392";"27 563 262";"2024-09-04 03:24:57"
"2024-09-05";"YouTube";"4 712 787";"462 437";"27 561 841";"2024-09-05 11:44:32"
"2024-09-05";"";"537 758";"27 643";"27 563 304";"2024-09-05 12:21:14"
"2024-09-09";"";"33 308";"5 343";"27 561 320";"2024-09-09 14:11:26"
"2024-09-06";"Instagram";"1 244 522";"162 794";"27 563 186";"2024-09-06 07:16:33"
"2024-09-08";"";"26 502";"9 572";"27 561 624";"2024-09-08 05:14:00"
"2024-09-08";"";"47 410";"47 941";"27 563 119";"2024-09-09 02:11:53"
"2024-09-07";"";"1 481 453";"566 631";"27 562 698";"2024-09-07 23:44:20"
"2024-09-03";"YouTube";"7 280 931";"3 099 767";"27 561 906";"2024-09-03 05:38:06"
"2024-09-02";"";"180 248";"50 453";"27 562 760";"2024-09-02 16:01:27"
"2024-09-03";"";"43 200";"5 616";"27 561 693";"2024-09-03 03:36:08"
"2024-09-03";"";"45 965 633";"2 710 571";"27 561 344";"2024-09-03 07:04:42"
"2024-09-04";"";"1 111 072";"44 006";"27 563 171";"2024-09-04 09:18:30"
"2024-09-07";"";"179 644";"12 195";"27 562 512";"2024-09-07 10:19:58"
"2024-09-02";"YouTube";"283 897";"52 260";"27 562 024";"2024-09-02 16:37:01"
"2024-09-05";"Facebook";"2 327 782";"127 817";"27 561 171";"2024-09-05 18:39:15"
"2024-09-02";"";"44 269";"4 984";"27 562 654";"2024-09-02 08:53:12"
"2024-09-08";"Instagram";"3 867 231";"1 875 145";"27 561 597";"2024-09-08 19:16:03"
"2024-09-03";"";"434 842";"31 647";"27 562 535";"2024-09-03 04:49:44"
"2024-09-07";"";"112 676";"65 045";"27 562 427";"2024-09-07 04:01:37"
"2024-09-10";"Facebook";"214 452";"13 420";"27 561 706";"2024-09-10 19:52:58"
"2024-09-02";"";"70 099";"13 646";"27 563 409";"2024-09-02 12:45:57"
"2024-09-06";"Facebook";"782 108";"33 218";"27 563 081";"2024-09-07 01:46:53"
"2024-09-01";"";"2 536";"33 972";"27 562 992";"2024-09-01 07:28:05"
"2024-09-08";"";"28 329";"28 075";"27 563 100";"2024-09-08 07:04:24"
"2024-09-07";"";"30 954";"3 705";"27 563 005";"2024-09-07 06:39:46"
"2024-09-07";"";"3 180 449";"1 939 488";"27 563 447";"2024-09-07 20:17:19"
"2024-09-10";"";"31 666";"3 360";"27 562 642";"2024-09-10 13:46:50"
"2024-09-07";"";"243 722";"9 649";"27 561 670";"2024-09-07 06:51:13"
"2024-09-09";"Instagram";"2 243 403";"30 395";"27 563 059";"2024-09-09 17:38:57"
"2024-09-06";"";"908 212";"32 618";"27 561 571";"2024-09-06 09:30:48"
"2024-09-07";"";"519 308";"87 377";"27 562 661";"2024-09-07 16:25:06"
"2024-09-03";"";"6 854 266";"278 845";"27 563 443";"2024-09-04 02:11:51"
"2024-09-04";"";"178 091";"46 849";"27 562 757";"2024-09-04 15:00:29"
"2024-09-07";"";"549 868";"56 257";"27 561 981";"2024-09-07 08:05:01"
"2024-09-04";"";"74 072";"9 050";"27 562 622";"2024-09-04 13:22:51"
"2024-09-10";"";"43 509";"3 773";"27 561 691";"2024-09-10 05:02:52"
"2024-09-02";"";"32 245";"6 203";"27 562 832";"2024-09-02 03:48:24"
"2024-09-06";"";"32 607";"2 558";"27 562 832";"2024-09-06 08:05:51"
"2024-09-09";"Telegram";"14 920 663";"1 267 121";"27 562 252";"2024-09-09 03:24:57"
"2024-09-07";"WhatsApp";"1 916 296";"188 859";"27 561 936";"2024-09-07 22:55:51"
"2024-09-09";"Facebook";"127 870";"240 035";"27 561 624";"2024-09-09 12:45:19"
"2024-09-08";"";"41 736";"18 710";"27 561 247";"2024-09-08 17:26:04"
"2024-09-06";"";"37 677";"2 703";"27 561 823";"2024-09-06 15:00:43"
"2024-09-09";"YouTube";"133 416";"61 101";"27 563 195";"2024-09-10 00:57:25"
"2024-09-06";"";"51 568";"15 174";"27 562 170";"2024-09-07 01:22:07"
"2024-09-07";"Facebook";"525 653";"48 355";"27 562 555";"2024-09-07 03:48:40"
"2024-09-05";"";"116 233";"5 969";"27 561 413";"2024-09-05 21:42:22"
"2024-09-09";"";"256 802";"8 697";"27 562 883";"2024-09-09 14:59:14"
"2024-09-09";"Likee";"64 008";"68 100";"27 563 379";"2024-09-09 15:48:01"
"2024-09-01";"YouTube";"107 998";"1 102 784";"27 561 237";"2024-09-01 09:42:47"
"2024-09-09";"";"758 630";"192 170";"27 562 202";"2024-09-09 19:40:28"
"2024-09-07";"";"6 717 091";"246 368";"27 561 828";"2024-09-07 06:39:34"
"2024-09-07";"";"39 929";"4 865";"27 562 150";"2024-09-07 13:34:27"
"2024-09-02";"Telegram";"12 964 523";"738 680";"27 563 157";"2024-09-02 22:43:52"
"2024-09-03";"Instagram";"459 674";"27 710";"27 563 418";"2024-09-03 19:04:13"
"2024-09-08";"";"35 171";"7 472";"27 562 357";"2024-09-08 22:43:06"
"2024-09-06";"";"34 742";"2 680";"27 563 140";"2024-09-06 09:42:14"
"2024-09-08";"YouTube";"73 817 169";"5 411 558";"27 561 806";"2024-09-09 02:47:47"
"2024-09-01";"";"95 620";"34 354";"27 563 114";"2024-09-01 17:14:39"
"2024-09-01";"Instagram";"693 768";"142 639";"27 563 489";"2024-09-01 10:07:24"
"2024-09-05";"";"536 450";"41 392";"27 561 315";"2024-09-05 21:42:18"
"2024-09-10";"YouTube";"1 250 553";"435 474";"27 561 249";"2024-09-10 06:27:00"
"2024-09-09";"";"173 049";"7 703";"27 561 344";"2024-09-09 11:32:07"
"2024-09-05";"WhatsApp";"3 557 765";"13 887 231";"27 561 956";"2024-09-05 23:56:29"
"2024-09-07";"";"258 487";"15 482";"27 562 254";"2024-09-07 12:09:39"
"2024-09-04";"";"27 266";"4 182";"27 562 090";"2024-09-04 11:08:14"
"2024-09-08";"";"66 143";"9 146";"27 562 622";"2024-09-08 04:49:32"
"2024-09-02";"Facebook";"412 954";"126 856";"27 562 036";"2024-09-02 05:50:58"
"2024-09-06";"";"46 344";"1 814";"27 563 198";"2024-09-06 17:38:01"
"2024-09-10";"";"29 051";"11 320";"27 561 586";"2024-09-10 06:51:43"
"2024-09-10";"Instagram";"34 748 648";"818 288";"27 563 285";"2024-09-10 19:16:49"
"2024-09-03";"";"31 553";"3 524";"27 562 692";"2024-09-03 16:37:50"
"2024-09-08";"";"104 754";"8 472";"27 562 365";"2024-09-08 21:06:52"
"2024-09-05";"";"52 402";"30 819";"27 561 989";"2024-09-05 16:01:52"
"2024-09-10";"";"86 974";"11 810";"27 562 445";"2024-09-10 03:24:27"
"2024-09-06";"";"941 998";"77 226";"27 562 399";"2024-09-06 19:04:52"
"2024-09-10";"Facebook";"209 464";"23 855";"27 561 480";"2024-09-10 18:39:53"
"2024-09-08";"";"22 519";"105 611";"27 562 708";"2024-09-08 21:30:21"
"2024-09-02";"";"0";"26 526";"27 562 832";"2024-09-02 09:06:25"
"2024-09-01";"";"125 372";"12 933";"27 563 464";"2024-09-01 20:05:03"
"2024-09-03";"";"46 441";"7 542";"27 562 290";"2024-09-03 10:43:59"
"2024-09-09";"";"30 475";"6 214";"27 563 174";"2024-09-09 20:29:06"
"2024-09-08";"WhatsApp";"628 139";"32 567";"27 562 512";"2024-09-08 13:46:07"
"2024-09-06";"";"731 221";"1 295 085";"27 563 112";"2024-09-06 13:46:43"
"2024-09-01";"";"35 941";"20 303";"27 561 548";"2024-09-01 15:24:22"
"2024-09-05";"";"45 058";"41 294";"27 562 580";"2024-09-05 03:12:23"
"2024-09-05";"";"38 706";"70 508";"27 561 225";"2024-09-05 17:14:12"
"2024-09-03";"";"487 246";"89 289";"27 562 417";"2024-09-03 10:55:05"
"2024-09-05";"";"99 731";"52 182";"27 562 512";"2024-09-05 20:53:19"
"2024-09-07";"";"25 706";"81 718";"27 562 014";"2024-09-07 03:24:54"
"2024-09-06";"";"13 499 461";"988 903";"27 562 014";"2024-09-06 23:44:43"
"2024-09-03";"Yandex";"194 191";"12 476";"27 563 464";"2024-09-03 06:27:26"
"2024-09-01";"YouTube";"1 400 556";"51 470";"27 562 371";"2024-09-01 05:26:00"
"2024-09-01";"";"26 037";"31 737";"27 561 898";"2024-09-01 09:54:37"
"2024-09-01";"";"291 937";"16 700";"27 561 204";"2024-09-02 00:57:26"
"2024-09-08";"Instagram";"841 413";"98 909";"27 563 336";"2024-09-08 05:02:43"
"2024-09-04";"Unknown";"42 683";"9 983";"27 562 847";"2024-09-04 13:46:46"
"2024-09-03";"";"72 400";"6 296";"27 561 887";"2024-09-03 03:36:06"
"2024-09-04";"";"35 530";"11 254";"27 563 105";"2024-09-04 11:44:47"
"2024-09-04";"";"13 996 057";"657 293";"27 562 315";"2024-09-04 09:30:13"
"2024-09-04";"YouTube";"315 056 684";"19 844 445";"27 562 197";"2024-09-04 20:29:51"
"2024-09-10";"";"31 602";"25 360";"27 562 783";"2024-09-10 13:22:29"
"2024-09-04";"";"673 167";"303 963";"27 561 552";"2024-09-04 21:30:51"
"2024-09-01";"YouTube";"427 815";"70 202";"27 561 814";"2024-09-01 20:17:00"
"2024-09-10";"";"46 507";"2 490";"27 561 555";"2024-09-10 16:37:09"
"2024-09-10";"Facebook";"5 206 906";"169 213";"27 563 503";"2024-09-11 02:59:01"
"2024-09-04";"Instagram";"1 582 456";"17 067 377";"27 562 784";"2024-09-04 12:33:18"
"2024-09-07";"";"80 264";"17 943";"27 561 367";"2024-09-08 02:47:22"
"2024-09-10";"";"166 613";"8 308";"27 562 494";"2024-09-10 12:21:09"
"2024-09-07";"";"56 416";"7 426";"27 561 197";"2024-09-07 05:02:38"
"2024-09-07";"";"164 639";"8 469";"27 561 610";"2024-09-07 23:08:51"
"2024-09-02";"Telegram";"3 669 224";"204 160";"27 563 283";"2024-09-02 03:24:33"
"2024-09-09";"";"147 832";"88 768";"27 561 828";"2024-09-09 11:20:26"
"2024-09-06";"";"1 322 344";"67 409";"27 563 143";"2024-09-06 12:33:37"
"2024-09-09";"";"598 106";"160 877";"27 562 580";"2024-09-09 10:43:29"
"2024-09-08";"";"63 052";"44 123";"27 563 219";"2024-09-08 18:15:51"
"2024-09-05";"YouTube";"8 654 042";"389 776";"27 562 364";"2024-09-05 21:18:18"
"2024-09-04";"TikTok";"45 752";"310 004";"27 563 219";"2024-09-04 07:16:17"
"2024-09-07";"";"5 060";"286 563";"27 563 446";"2024-09-08 02:23:36"
"2024-09-06";"";"676 866";"116 378";"27 562 051";"2024-09-06 23:44:12"
"2024-09-10";"";"825 022";"57 237";"27 563 467";"2024-09-10 22:19:02"
"2024-09-03";"";"374 720";"143 989";"27 563 413";"2024-09-04 00:09:27"
"2024-09-10";"Apple Music";"29 154 744";"920 581";"27 562 194";"2024-09-10 16:25:33"
"2024-09-04";"Unknown";"29 416";"9 907";"27 561 547";"2024-09-04 14:23:33"
"2024-09-06";"";"4 849 269";"164 019";"27 561 373";"2024-09-06 03:48:32"
"2024-09-10";"Yandex";"3 646 392";"828 345";"27 561 676";"2024-09-10 12:57:47"
"2024-09-03";"";"126 843";"80 974";"27 561 796";"2024-09-03 04:37:38"
"2024-09-10";"";"659 165";"48 459";"27 562 473";"2024-09-10 11:44:56"
"2024-09-01";"";"67 508";"8 867";"27 562 574";"2024-09-01 10:55:43"
"2024-09-03";"";"55 014";"156";"27 562 059";"2024-09-03 21:30:11"
"2024-09-07";"";"1 537 579";"52 099";"27 562 294";"2024-09-07 17:38:56"
"2024-09-08";"";"66 810";"6 895";"27 562 677";"2024-09-08 04:25:17"
"2024-09-08";"VKontakte";"830 541";"868 878";"27 561 305";"2024-09-08 06:39:14"
"2024-09-09";"";"189 912";"64 577";"27 562 560";"2024-09-09 20:29:24"
"2024-09-03";"";"75 432";"68 240";"27 561 666";"2024-09-03 11:32:56"
"2024-09-02";"";"205 755";"235 836";"27 562 504";"2024-09-02 18:51:35"
"2024-09-05";"";"1 688 782";"679 565";"27 562 894";"2024-09-05 06:27:43"
"2024-09-06";"";"36 904";"89 338";"27 561 501";"2024-09-06 05:02:02"
"2024-09-03";"Unknown";"28 425";"2 544";"27 562 725";"2024-09-03 12:09:09"
"2024-09-07";"";"36 785";"8 315";"27 561 687";"2024-09-07 07:40:31"
"2024-09-08";"";"650 076";"183 315";"27 562 578";"2024-09-08 18:51:53"
"2024-09-03";"YouTube";"111 966";"1 175 841";"27 562 714";"2024-09-03 18:27:38"
"2024-09-09";"";"46 101";"47 686";"27 563 371";"2024-09-09 22:07:37"
"2024-09-07";"";"202 660";"15 113";"27 563 191";"2024-09-08 00:33:17"
"2024-09-10";"";"46 645";"28 447";"27 562 397";"2024-09-10 23:32:30"
"2024-09-04";"";"484 581";"43 266";"27 561 557";"2024-09-04 18:27:58"
"2024-09-07";"";"212 437";"23 222";"27 562 941";"2024-09-07 06:39:16"
"2024-09-06";"TikTok";"18 050";"103 118";"27 561 842";"2024-09-06 19:28:11"
"2024-09-04";"";"48 582";"3 569";"27 562 140";"2024-09-05 02:11:41"
"2024-09-09";"Instagram";"900 356";"1 201 411";"27 563 101";"2024-09-09 18:27:17"
"2024-09-06";"";"108 458";"9 195";"27 562 398";"2024-09-06 08:53:36"
"2024-09-05";"";"1 977 762";"3 483 346";"27 563 481";"2024-09-05 07:28:11"
"2024-09-05";"Instagram";"109 416 138";"3 573 487";"27 563 403";"2024-09-05 04:25:36"
"2024-09-05";"";"23 158";"37 454";"27 562 653";"2024-09-05 15:12:06"
"2024-09-07";"";"25 892 335";"581 868";"27 562 854";"2024-09-07 22:43:22"
"2024-09-06";"";"8 007";"26 656";"27 561 870";"2024-09-06 10:43:46"
"2024-09-03";"Facebook";"733 618";"342 766";"27 563 336";"2024-09-03 11:44:23"
"2024-09-01";"";"36 911";"10 709";"27 563 123";"2024-09-01 07:40:56"
"2024-09-06";"YouTube";"7 304 619";"365 002";"27 561 643";"2024-09-06 16:01:16"
"2024-09-07";"";"53 650";"40 728";"27 562 989";"2024-09-07 13:58:43"
"2024-09-03";"";"32 024";"5 091";"27 561 335";"2024-09-03 14:35:11"
"2024-09-07";"";"140 764";"6 166";"27 562 620";"2024-09-07 05:50:29"
"2024-09-10";"";"9 128 344";"497 168";"27 561 259";"2024-09-10 03:12:15"
"2024-09-09";"";"293 040";"2 151 494";"27 563 031";"2024-09-09 17:14:25"
"2024-09-03";"";"26 523";"2 549";"27 563 088";"2024-09-03 11:32:50"
"2024-09-08";"";"26 422";"1 287";"27 563 291";"2024-09-08 16:49:37"
"2024-09-04";"";"14 380";"32 133";"27 561 767";"2024-09-04 04:13:45"
"2024-09-01";"YouTube";"21 026 715";"1 307 794";"27 563 458";"2024-09-01 16:49:25"
"2024-09-06";"";"1 905 555";"146 738";"27 561 314";"2024-09-06 08:53:02"
"2024-09-01";"Telegram";"14 513 777";"1 447 644";"27 561 654";"2024-09-01 08:41:14"
"2024-09-03";"";"4 012";"33 498";"27 563 075";"2024-09-04 01:10:15"
"2024-09-02";"";"36 370";"9 824";"27 562 550";"2024-09-02 21:54:41"
"2024-09-07";"YouTube";"393 914";"18 995";"27 562 840";"2024-09-07 16:49:49"
"2024-09-03";"Facebook";"140 919";"12 686";"27 563 174";"2024-09-03 08:05:36"
"2024-09-05";"";"2 250 680";"169 902";"27 562 859";"2024-09-05 17:02:25"
"2024-09-02";"Yandex";"101 287";"41 466";"27 562 838";"2024-09-02 04:13:47"
"2024-09-06";"";"83 071";"27 767";"27 562 998";"2024-09-06 09:18:28"
"2024-09-02";"";"29 587";"3 185";"27 561 963";"2024-09-02 15:12:27"
"2024-09-10";"YouTube";"1 048 883 473";"44 500 356";"27 562 419";"2024-09-10 16:49:38"
"2024-09-09";"";"27 785";"22 399";"27 562 787";"2024-09-09 03:24:21"
"2024-09-09";"";"38 076";"2 221";"27 561 845";"2024-09-09 04:37:42"
"2024-09-03";"";"679 819";"197 972";"27 561 216";"2024-09-03 18:51:17"
"2024-09-03";"";"3 290 089";"1 177 019";"27 562 613";"2024-09-03 15:48:31"
"2024-09-03";"";"3 915 563";"117 325";"27 562 894";"2024-09-03 03:48:08"
"2024-09-08";"";"801 987";"590 750";"27 563 017";"2024-09-08 20:17:07"
"2024-09-03";"";"16 546";"740 264";"27 562 762";"2024-09-03 21:30:08"
"2024-09-02";"Apple Music";"60 375";"10 632";"27 562 051";"2024-09-02 18:27:50"
"2024-09-03";"Telegram";"81 390 148";"22 069 463";"27 561 634";"2024-09-03 06:51:16"
"2024-09-06";"YouTube";"943 961";"138 171";"27 563 452";"2024-09-06 23:32:21"
"2024-09-04";"";"105 351";"37 876";"27 562 365";"2024-09-04 22:07:52"
"2024-09-05";"";"318 543";"247 240";"27 563 344";"2024-09-05 10:43:17"
"2024-09-08";"";"29 470";"23 265";"27 563 154";"2024-09-08 10:55:47"
"2024-09-03";"Instagram";"2 469 167";"857 471";"27 562 623";"2024-09-04 01:58:26"
"2024-09-01";"";"47 352";"2 544";"27 562 890";"2024-09-01 03:36:18"
"2024-09-05";"";"509 493";"62 560";"27 562 371";"2024-09-05 16:13:20"
"2024-09-06";"Instagram";"1 461 224";"93 077";"27 562 473";"2024-09-06 16:01:03"
"2024-09-09";"";"844 489";"82 262";"27 563 334";"2024-09-09 18:51:27"
"2024-09-03";"Facebook";"2 882 609";"60 955";"27 563 097";"2024-09-03 15:24:35"
"2024-09-04";"";"156 608";"25 975";"27 562 719";"2024-09-04 18:03:25"
"2024-09-01";"";"865 394";"397 197";"27 562 754";"2024-09-02 02:11:25"
"2024-09-01";"";"766 251";"54 534";"27 562 155";"2024-09-01 12:45:47"
"2024-09-03";"";"371 373";"533 563";"27 562 326";"2024-09-03 19:16:49"
"2024-09-02";"Facebook";"7 525 780";"249 392";"27 562 124";"2024-09-02 15:12:51"
"2024-09-02";"Telegram";"9 014 236";"993 022";"27 561 824";"2024-09-02 05:38:52"
"2024-09-07";"";"78 306 972";"8 942 381";"27 562 427";"2024-09-07 20:53:33"
"2024-09-03";"";"176 320";"7 166";"27 563 225";"2024-09-03 09:06:34"
"2024-09-09";"";"660";"37 282";"27 563 333";"2024-09-10 01:22:19"
"2024-09-03";"";"30 712";"3 721";"27 562 298";"2024-09-03 20:53:44"
"2024-09-05";"";"32 118";"6 391";"27 562 593";"2024-09-05 16:49:25"
"2024-09-02";"";"3 140 605";"98 075";"27 562 917";"2024-09-02 03:00:46"
"2024-09-04";"";"87 158";"29 514";"27 562 863";"2024-09-04 11:32:26"
"2024-09-04";"";"121 252";"74 840";"27 561 449";"2024-09-04 15:12:40"
"2024-09-07";"Instagram";"282 003 775";"6 184 691";"27 562 034";"2024-09-07 21:06:24"
"2024-09-08";"";"53 358";"2 765";"27 562 590";"2024-09-08 14:23:21"
"2024-09-08";"Telegram";"3 112 505";"589 743";"27 562 854";"2024-09-08 11:08:02"
"2024-09-08";"Telegram";"3 948 316";"281 023";"27 563 261";"2024-09-08 14:59:53"
"2024-09-10";"YouTube";"83 274";"797 635";"27 563 293";"2024-09-10 16:49:49"
"2024-09-06";"";"125 599";"75 776";"27 561 216";"2024-09-06 18:15:33"
"2024-09-01";"";"54 050";"61 803";"27 563 363";"2024-09-01 08:53:18"
"2024-09-05";"";"67 272";"89 362";"27 562 364";"2024-09-05 13:34:06"
"2024-09-05";"";"4 571 514";"257 787";"27 562 404";"2024-09-06 00:21:53"
"2024-09-03";"";"110 528";"5 420";"27 562 803";"2024-09-03 07:28:19"
"2024-09-01";"";"68 813";"7 262";"27 561 390";"2024-09-01 22:55:40"
"2024-09-04";"";"3 252 646";"244 624";"27 561 762";"2024-09-04 17:50:52"
"2024-09-09";"";"48 035";"50 308";"27 561 776";"2024-09-09 18:03:23"
"2024-09-10";"";"77 110";"51 600";"27 562 982";"2024-09-11 01:10:27"
"2024-09-02";"Yandex";"1 900 723";"106 153";"27 562 155";"2024-09-02 23:56:28"
"2024-09-02";"";"61 661";"137 643";"27 561 213";"2024-09-02 11:44:13"
"2024-09-03";"";"217 592";"31 326";"27 562 719";"2024-09-03 17:38:29"
"2024-09-02";"Facebook";"15 117 127";"1 058 712";"27 562 695";"2024-09-02 10:19:58"
"2024-09-07";"Instagram";"230 583 601";"4 231 086";"27 561 224";"2024-09-07 10:07:46"
"2024-09-10";"Telegram";"22 385 027";"8 625 336";"27 562 621";"2024-09-10 14:23:23"
"2024-09-07";"";"96 832";"16 825";"27 563 005";"2024-09-07 20:17:56"
"2024-09-08";"Telegram";"27 487";"3 481";"27 563 153";"2024-09-08 11:08:09"
"2024-09-02";"";"32 759";"3 481";"27 561 338";"2024-09-02 03:00:02"
"2024-09-05";"";"107 626";"7 201";"27 561 691";"2024-09-05 14:47:08"
"2024-09-02";"";"127 635";"12 655";"27 563 221";"2024-09-02 13:10:22"
"2024-09-09";"";"26 226";"32 740";"27 562 631";"2024-09-10 01:46:49"
"2024-09-08";"Telegram";"1 189 404";"50 344";"27 562 639";"2024-09-08 07:28:37"
"2024-09-04";"";"45 999";"5 017";"27 562 717";"2024-09-04 19:16:30"
"2024-09-06";"";"41 561";"35 889";"27 562 490";"2024-09-06 05:50:54"
"2024-09-06";"Instagram";"70 224";"4 128";"27 561 848";"2024-09-06 03:12:23"
"2024-09-06";"";"251 078";"15 239";"27 563 030";"2024-09-06 16:37:23"
"2024-09-10";"";"144 450";"26 664";"27 562 711";"2024-09-10 21:54:31"
"2024-09-04";"";"42 043";"37 264";"27 562 835";"2024-09-04 14:47:13"
"2024-09-10";"";"508 285";"51 164";"27 561 586";"2024-09-10 12:09:14"
"2024-09-06";"YouTube";"124 206";"1 528 402";"27 562 454";"2024-09-06 19:28:26"
"2024-09-04";"Facebook";"417 194";"34 162";"27 561 855";"2024-09-04 15:36:13"
"2024-09-01";"Instagram";"2 056 851";"611 933";"27 562 864";"2024-09-01 11:44:47"
"2024-09-09";"";"77 868";"10 646";"27 562 696";"2024-09-09 05:14:45"
"2024-09-07";"Telegram";"42 052 529";"5 458 844";"27 561 218";"2024-09-07 16:13:33"
"2024-09-04";"Instagram";"1 455 594";"63 725";"27 562 524";"2024-09-05 02:59:13"
"2024-09-09";"YouTube";"30 595 447";"1 737 313";"27 562 469";"2024-09-09 11:20:47"
"2024-09-06";"";"683 356";"94 468";"27 563 293";"2024-09-06 11:44:38"
"2024-09-09";"";"84 047";"6 984";"27 562 542";"2024-09-10 02:11:10"
"2024-09-02";"";"75 717";"18 508";"27 561 449";"2024-09-02 04:25:42"
"2024-09-10";"";"411 428";"34 307";"27 561 643";"2024-09-10 10:55:17"
"2024-09-09";"";"263 281";"168 980";"27 563 491";"2024-09-10 00:21:02"
"2024-09-06";"";"2 792 204";"143 038";"27 562 240";"2024-09-06 21:42:12"
"2024-09-01";"";"32 024";"6 935";"27 562 124";"2024-09-01 10:19:29"
"2024-09-03";"Facebook";"91 525";"5 003";"27 562 997";"2024-09-03 03:48:05"
"2024-09-06";"";"463 839";"96 078";"27 562 499";"2024-09-07 00:57:19"
"2024-09-07";"";"12 785";"141 338";"27 563 001";"2024-09-07 22:43:41"
"2024-09-01";"";"86 076";"10 176";"27 562 820";"2024-09-01 15:12:02"
"2024-09-09";"Instagram";"50 160 344";"1 137 239";"27 562 057";"2024-09-09 10:43:35"
"2024-09-03";"YouTube";"732 314";"115 846";"27 563 351";"2024-09-03 03:00:21"
"2024-09-03";"YouTube";"12 980 591";"604 627";"27 562 465";"2024-09-03 21:18:12"
"2024-09-08";"Facebook";"44 331";"27 889";"27 561 359";"2024-09-08 07:40:02"
"2024-09-10";"Instagram";"102 103";"3 265";"27 561 790";"2024-09-10 11:08:33"
"2024-09-10";"";"111 964";"14 171";"27 561 915";"2024-09-10 18:15:01"
"2024-09-07";"";"53 253";"4 497";"27 563 211";"2024-09-07 09:30:37"
"2024-09-04";"";"30 234 407";"1 427 537";"27 561 857";"2024-09-04 19:04:59"
"2024-09-03";"";"131 714";"8 544";"27 561 768";"2024-09-03 05:38:22"
"2024-09-04";"YouTube";"2 666 317";"128 012";"27 563 436";"2024-09-04 12:09:43"
"2024-09-10";"Instagram";"1 012 274";"568 077";"27 563 406";"2024-09-11 02:11:23"
"2024-09-03";"Odnoklassniki";"59 786";"10 989";"27 561 236";"2024-09-04 02:35:47"
"2024-09-08";"Instagram";"610 042";"101 478";"27 562 082";"2024-09-08 19:40:35"
"2024-09-03";"";"283 389";"17 568";"27 562 633";"2024-09-04 00:57:09"
"2024-09-04";"";"1 432 351";"120 383";"27 563 219";"2024-09-04 09:54:47"
"2024-09-05";"Telegram";"36 233 365";"5 451 885";"27 562 754";"2024-09-05 13:10:32"
"2024-09-09";"";"1 583 060";"925 071";"27 562 685";"2024-09-09 14:11:01"
"2024-09-07";"Instagram";"145 033 595";"3 627 311";"27 561 224";"2024-09-07 13:46:49"
"2024-09-04";"Instagram";"5 962 789";"153 299";"27 562 230";"2024-09-04 03:48:20"
"2024-09-08";"YouTube";"894 130";"53 469";"27 562 322";"2024-09-08 10:19:55"
"2024-09-08";"YouTube";"1 598 545";"89 876";"27 561 959";"2024-09-09 00:21:24"
"2024-09-02";"Instagram";"113 907 910";"2 040 074";"27 562 352";"2024-09-02 03:24:39"
"2024-09-09";"";"76 612";"4 863";"27 562 884";"2024-09-09 22:55:34"
"2024-09-02";"";"38 614";"17 799";"27 561 217";"2024-09-02 16:13:24"
"2024-09-05";"Instagram";"1 457 077";"298 451";"27 562 139";"2024-09-05 03:48:35"
"2024-09-01";"Facebook";"1 384 615";"39 649";"27 561 271";"2024-09-01 11:44:22"
"2024-09-10";"";"1 847 207";"86 100";"27 562 242";"2024-09-10 14:47:13"
"2024-09-07";"YouTube";"5 374 256";"1 492 902";"27 561 997";"2024-09-07 17:38:31"
"2024-09-06";"WhatsApp";"30 939";"2 681";"27 562 138";"2024-09-06 23:20:36"
"2024-09-03";"";"80 777";"19 609";"27 562 445";"2024-09-03 21:06:43"
"2024-09-06";"YouTube";"3 359 518";"223 880";"27 561 342";"2024-09-06 09:18:13"
"2024-09-09";"";"282 404";"12 248";"27 562 236";"2024-09-09 07:52:06"
"2024-09-02";"Instagram";"100 695";"4 940";"27 563 101";"2024-09-02 14:35:36"
"2024-09-05";"";"118 527";"7 253";"27 563 005";"2024-09-05 23:20:57"
"2024-09-02";"Facebook";"505 589";"31 750";"27 562 858";"2024-09-02 06:39:33"
"2024-09-03";"";"307 646";"10 260";"27 561 410";"2024-09-03 05:26:59"
"2024-09-09";"Facebook";"29 842";"2 120";"27 562 139";"2024-09-09 21:42:19"
"2024-09-02";"";"677 545";"56 431";"27 562 931";"2024-09-02 11:56:19"
"2024-09-01";"";"6 395 571";"342 476";"27 561 254";"2024-09-02 02:47:00"
"2024-09-09";"";"262 964";"8 882";"27 562 973";"2024-09-10 01:46:18"
"2024-09-09";"";"575 789";"22 846";"27 561 288";"2024-09-09 06:15:46"
"2024-09-03";"";"63 560";"16 625";"27 561 237";"2024-09-03 04:25:21"
"2024-09-04";"";"27 313";"9 686";"27 561 252";"2024-09-04 18:39:09"
"2024-09-07";"YouTube";"193 056";"37 591";"27 561 350";"2024-09-07 10:07:26"
"2024-09-03";"Instagram";"222 513";"9 612";"27 562 969";"2024-09-04 00:45:41"
"2024-09-05";"";"10 427";"27 596";"27 563 295";"2024-09-05 10:43:20"
"2024-09-01";"";"50 071";"47 657";"27 562 041";"2024-09-01 03:48:17"
"2024-09-10";"Yandex";"110 789";"4 932";"27 562 660";"2024-09-10 20:41:17"
"2024-09-03";"";"593 323";"87 969";"27 562 989";"2024-09-03 07:52:32"
"2024-09-01";"YouTube";"242 108";"33 871";"27 562 143";"2024-09-01 06:39:59"
"2024-09-02";"Yandex";"3 608 779";"105 439";"27 562 784";"2024-09-02 05:38:02"
"2024-09-03";"";"956 501";"62 601";"27 562 096";"2024-09-03 17:02:51"
"2024-09-02";"";"62 623";"22 895";"27 562 365";"2024-09-02 09:18:15"
"2024-09-06";"";"66 877";"42 906";"27 563 458";"2024-09-06 10:43:17"
"2024-09-05";"";"278 145";"719 926";"27 562 413";"2024-09-05 10:31:20"
"2024-09-08";"";"74 528";"65 699";"27 562 984";"2024-09-08 22:07:22"
"2024-09-06";"";"3 849 568";"1 050 929";"27 561 760";"2024-09-06 12:57:44"
"2024-09-05";"Instagram";"45 944 999";"1 436 124";"27 561 687";"2024-09-05 14:23:51"
"2024-09-10";"";"159 115";"487 244";"27 561 600";"2024-09-10 18:39:43"
"2024-09-10";"Telegram";"92 461 275";"5 666 728";"27 563 110";"2024-09-10 22:43:40"
"2024-09-06";"";"285 058";"28 775";"27 561 457";"2024-09-06 12:33:18"
"2024-09-04";"";"2 036 642";"283 795";"27 562 192";"2024-09-05 00:57:44"
"2024-09-09";"";"828 423";"62 085";"27 562 973";"2024-09-09 15:48:25"
"2024-09-06";"";"724 536";"932 099";"27 563 472";"2024-09-06 14:35:06"
"2024-09-04";"";"38 723";"3 401";"27 562 512";"2024-09-04 07:04:01"
"2024-09-01";"Instagram";"590 251";"155 884";"27 561 529";"2024-09-02 02:35:21"
"2024-09-02";"";"12 531 366";"1 068 123";"27 562 155";"2024-09-02 12:09:34"
"2024-09-01";"";"378";"391 250";"27 561 341";"2024-09-01 23:08:16"
"2024-09-10";"";"290 691";"81 309";"27 561 670";"2024-09-10 03:00:00"
"2024-09-04";"";"521 559";"36 256";"27 563 326";"2024-09-04 10:55:58"
"2024-09-04";"Telegram";"5 653 528";"2 945 675";"27 562 808";"2024-09-04 06:03:12"
"2024-09-04";"Likee";"35 063";"10 199";"27 563 110";"2024-09-05 01:22:32"
"2024-09-03";"WhatsApp";"45 020";"24 580";"27 561 870";"2024-09-03 03:00:36"
"2024-09-07";"";"1 138 866";"412 505";"27 563 112";"2024-09-07 14:11:33"
"2024-09-07";"";"351 501";"134 001";"27 563 333";"2024-09-07 09:42:55"
"2024-09-09";"YouTube";"31 178";"11 227";"27 562 586";"2024-09-10 00:45:04"
"2024-09-07";"YouTube";"2 093 673";"207 288";"27 561 706";"2024-09-07 12:21:29"
"2024-09-03";"Instagram";"465 449";"93 358";"27 562 048";"2024-09-03 18:27:08"
"2024-09-05";"";"75 609";"4 893";"27 561 855";"2024-09-05 09:42:25"
"2024-09-06";"";"383 269";"38 720";"27 561 533";"2024-09-07 00:09:19"
"2024-09-10";"";"34 361";"13 251";"27 561 903";"2024-09-10 23:32:56"
"2024-09-06";"";"584 074";"41 832";"27 561 689";"2024-09-06 13:46:19"
"2024-09-02";"Unknown";"37 644";"13 506";"27 561 674";"2024-09-02 09:30:31"
"2024-09-07";"";"321 682";"27 720";"27 562 703";"2024-09-07 13:22:14"
"2024-09-07";"";"57 902";"10 385";"27 561 555";"2024-09-07 10:07:22"
"2024-09-05";"YouTube";"1 261 537";"88 086";"27 561 950";"2024-09-05 10:43:56"
"2024-09-04";"";"442 838";"6 215";"27 562 760";"2024-09-04 16:13:50"
"2024-09-09";"Facebook";"4 445 679";"224 224";"27 561 801";"2024-09-09 10:43:19"
"2024-09-01";"";"235 976";"101 200";"27 562 138";"2024-09-01 03:36:11"
"2024-09-06";"Instagram";"4 231 398";"2 733 172";"27 563 234";"2024-09-06 13:10:45"
"2024-09-05";"Telegram";"25 026 296";"1 518 765";"27 562 456";"2024-09-05 08:41:10"
"2024-09-05";"";"272 361";"52 480";"27 563 101";"2024-09-05 04:01:08"
"2024-09-01";"Telegram";"2 318 896";"371 633";"27 562 772";"2024-09-01 12:09:25"
"2024-09-10";"YouTube";"4 663 049";"415 421";"27 561 388";"2024-09-11 01:10:24"
"2024-09-02";"Telegram";"2 667 783";"371 770";"27 561 621";"2024-09-02 04:13:35"
"2024-09-06";"";"1 630 767";"29 565";"27 561 300";"2024-09-06 15:12:43"
"2024-09-03";"";"243 853";"40 069";"27 562 614";"2024-09-03 05:02:19"
"2024-09-01";"";"44 282";"2 988";"27 561 669";"2024-09-01 17:50:52"
"2024-09-10";"";"682 368";"40 208";"27 562 226";"2024-09-10 11:56:25"
"2024-09-02";"Unknown";"40 591";"4 087";"27 562 879";"2024-09-02 17:38:26"
"2024-09-07";"";"40 714";"13 313";"27 562 028";"2024-09-07 06:27:00"
"2024-09-04";"Telegram";"12 491 627";"1 078 562";"27 563 210";"2024-09-04 16:49:41"
"2024-09-03";"VKontakte";"43 588 737";"1 841 345";"27 561 250";"2024-09-03 05:02:40"
"2024-09-05";"";"35 833";"3 669";"27 562 719";"2024-09-06 01:22:35"
"2024-09-08";"";"62 408";"10 411";"27 561 182";"2024-09-08 06:39:08"
"2024-09-09";"";"1 255 617";"41 499";"27 561 890";"2024-09-09 15:36:11"
"2024-09-10";"";"4 447";"32 255";"27 563 445";"2024-09-10 09:42:07"
"2024-09-06";"";"4 311";"34 150";"27 562 456";"2024-09-06 16:01:24"
"2024-09-03";"";"31 751";"2 992";"27 563 061";"2024-09-03 18:03:47"
"2024-09-09";"";"58 580";"10 055";"27 562 574";"2024-09-09 22:55:26"
"2024-09-01";"YouTube";"5 411 373";"1 102 171";"27 563 381";"2024-09-01 19:04:35"
"2024-09-06";"";"135 207";"93 805";"27 562 607";"2024-09-06 07:52:10"
"2024-09-09";"";"152 423";"685 404";"27 562 561";"2024-09-09 14:47:38"
"2024-09-08";"";"25 779";"14 924";"27 563 059";"2024-09-09 02:23:47"
"2024-09-09";"YouTube";"329 937";"837 270";"27 562 076";"2024-09-09 18:27:32"
"2024-09-05";"";"73 913";"81 528";"27 561 668";"2024-09-05 20:41:54"
"2024-09-07";"";"1 560 512";"167 914";"27 561 695";"2024-09-07 21:06:04"
"2024-09-07";"";"27 144";"3 002";"27 563 357";"2024-09-07 05:26:01"
"2024-09-06";"Instagram";"19 150 322";"336 856";"27 562 540";"2024-09-06 21:18:51"
"2024-09-03";"";"31 825";"5 738";"27 562 998";"2024-09-03 06:03:15"
"2024-09-09";"";"0";"184 968";"27 561 732";"2024-09-09 03:48:49"
"2024-09-04";"";"79 208";"47 101";"27 561 792";"2024-09-05 00:09:03"
"2024-09-02";"WhatsApp";"28 097";"1 411";"27 561 511";"2024-09-02 15:48:55"
"2024-09-04";"YouTube";"897 067";"190 279";"27 561 386";"2024-09-04 05:26:13"
"2024-09-01";"Telegram";"280 202";"41 614";"27 562 898";"2024-09-01 03:36:38"
"2024-09-05";"";"2 968 346";"158 257";"27 561 564";"2024-09-05 06:03:06"
"2024-09-08";"";"82 951";"9 420";"27 562 250";"2024-09-08 22:31:23"
"2024-09-02";"Yandex";"238 750";"10 668";"27 561 752";"2024-09-02 13:58:34"
"2024-09-06";"";"793 297";"350 502";"27 561 888";"2024-09-06 10:19:37"
"2024-09-01";"YouTube";"57 687";"125 798";"27 563 291";"2024-09-01 08:05:34"
"2024-09-09";"";"730 230";"121 987";"27 562 853";"2024-09-09 04:37:02"
"2024-09-10";"";"20 539 575";"945 335";"27 561 800";"2024-09-10 17:50:49"
"2024-09-03";"Instagram";"5 176 344";"3 789 687";"27 562 641";"2024-09-03 18:51:20"
"2024-09-02";"WhatsApp";"136 333";"11 044";"27 561 592";"2024-09-02 20:17:33"
"2024-09-10";"";"37 655";"3 170";"27 561 802";"2024-09-10 04:25:48"
"2024-09-10";"";"120 476";"160 770";"27 563 058";"2024-09-10 17:26:52"
"2024-09-03";"YouTube";"121 307";"19 022";"27 561 669";"2024-09-03 04:49:23"
"2024-09-06";"";"720 718";"66 722";"27 561 176";"2024-09-06 03:00:14"
"2024-09-02";"";"1 087 577";"89 266";"27 563 147";"2024-09-02 06:03:08"
"2024-09-06";"";"74 213";"25 251";"27 562 586";"2024-09-06 11:44:34"
"2024-09-10";"";"887 319";"50 342";"27 562 512";"2024-09-10 08:41:16"
"2024-09-04";"";"10 498";"37 228";"27 563 335";"2024-09-04 17:26:57"
"2024-09-06";"";"6 070 362";"304 436";"27 561 815";"2024-09-06 17:38:27"
"2024-09-07";"";"422 855";"37 564";"27 561 592";"2024-09-07 06:39:44"
"2024-09-09";"";"57 697";"15 791";"27 562 667";"2024-09-09 03:48:14"
"2024-09-02";"";"1 650";"72 997";"27 563 213";"2024-09-02 10:07:26"
"2024-09-02";"";"29 032 912";"588 564";"27 562 044";"2024-09-02 07:16:54"
"2024-09-01";"Instagram";"1 152 255";"65 881";"27 562 494";"2024-09-01 19:16:01"
"2024-09-06";"Facebook";"30 981";"25 901";"27 562 575";"2024-09-06 05:02:28"
"2024-09-02";"";"2 986 738";"161 025";"27 563 421";"2024-09-02 22:43:37"
"2024-09-08";"";"566 932";"22 467";"27 563 029";"2024-09-08 10:19:13"
"2024-09-08";"";"71 691";"7 268";"27 562 289";"2024-09-09 02:59:09"
"2024-09-06";"";"281 649";"11 867";"27 562 273";"2024-09-06 23:56:55"
"2024-09-06";"";"802 968";"43 212";"27 562 535";"2024-09-06 15:00:01"
"2024-09-02";"YouTube";"80 601";"915 244";"27 561 470";"2024-09-02 16:25:58"
"2024-09-02";"";"226 189";"9 832";"27 563 471";"2024-09-02 08:41:20"
"2024-09-04";"";"28 710";"5 042";"27 562 460";"2024-09-04 11:32:37"
"2024-09-01";"";"28 697";"159 893";"27 561 484";"2024-09-02 01:10:25"
"2024-09-09";"";"3 816 870";"3 665 711";"27 562 751";"2024-09-09 08:41:05"
"2024-09-04";"";"376 420";"88 851";"27 562 775";"2024-09-04 10:31:32"
"2024-09-10";"";"60 061";"16 725";"27 562 968";"2024-09-10 13:46:47"
"2024-09-04";"Facebook";"31 525";"14 014";"27 563 280";"2024-09-04 14:59:35"
"2024-09-03";"";"191 812";"14 055";"27 562 575";"2024-09-03 22:07:18"
"2024-09-01";"WhatsApp";"1 719 261";"1 728 115";"27 563 169";"2024-09-01 19:16:33"
"2024-09-08";"";"197 076";"6 811";"27 563 114";"2024-09-08 10:07:58"
"2024-09-04";"";"24 200 550";"1 971 110";"27 563 264";"2024-09-04 23:20:56"
"2024-09-09";"";"48 906";"8 716";"27 563 169";"2024-09-10 01:22:36"
"2024-09-03";"";"143 114";"90 181";"27 562 124";"2024-09-03 18:15:52"
"2024-09-06";"";"489 868";"29 639";"27 561 354";"2024-09-06 06:27:35"
"2024-09-06";"YouTube";"558 576 372";"28 109 583";"27 562 654";"2024-09-06 06:15:59"
"2024-09-04";"";"143 153";"11 235";"27 563 093";"2024-09-04 23:08:43"
"2024-09-09";"Facebook";"66 163";"16 341";"27 563 026";"2024-09-09 19:04:45"
"2024-09-10";"Instagram";"383 848";"57 114";"27 562 391";"2024-09-10 13:22:29"
"2024-09-06";"";"59 070";"185 582";"27 561 761";"2024-09-06 23:32:46"
"2024-09-03";"";"52 254";"6 778";"27 561 422";"2024-09-03 19:52:50"
"2024-09-02";"Telegram";"1 760 454";"119 204";"27 562 467";"2024-09-02 05:38:16"
"2024-09-07";"";"54 624";"78 138";"27 562 784";"2024-09-07 21:42:07"
"2024-09-02";"";"30 470";"3 853";"27 561 482";"2024-09-02 06:03:43"
"2024-09-06";"";"44 158";"3 058";"27 563 334";"2024-09-06 11:56:52"
"2024-09-10";"";"114 242";"136 449";"27 563 432";"2024-09-10 14:11:46"
"2024-09-02";"";"115 872";"38 077";"27 563 414";"2024-09-02 16:49:39"
"2024-09-01";"";"15 829";"28 148";"27 561 305";"2024-09-01 12:57:19"
"2024-09-02";"YouTube";"62 880";"10 239";"27 562 934";"2024-09-02 18:39:11"
"2024-09-01";"";"34 928";"25 858";"27 561 555";"2024-09-01 21:06:07"
"2024-09-09";"";"448 274";"44 661";"27 562 016";"2024-09-10 02:35:09"
"2024-09-01";"YouTube";"877 541";"154 323";"27 561 204";"2024-09-01 11:44:58"
"2024-09-05";"";"180 054";"8 158";"27 561 326";"2024-09-05 07:52:22"
"2024-09-02";"Tas-ix";"6 313 233";"261 003";"27 561 884";"2024-09-02 15:36:42"
"2024-09-09";"YouTube";"443 423";"90 681";"27 563 099";"2024-09-09 11:44:01"
"2024-09-10";"Facebook";"31 014";"2 662";"27 561 243";"2024-09-10 07:16:36"
"2024-09-07";"YouTube";"100 919 664";"6 027 268";"27 562 595";"2024-09-07 07:52:29"
"2024-09-02";"";"52 664";"16 038";"27 562 812";"2024-09-02 17:02:27"
"2024-09-03";"";"130 369";"6 279";"27 561 981";"2024-09-03 19:28:46"
"2024-09-01";"YouTube";"94 662";"32 634";"27 561 396";"2024-09-01 03:36:12"
"2024-09-06";"";"109 149";"15 595";"27 562 090";"2024-09-06 19:04:47"
"2024-09-03";"WhatsApp";"124 114";"7 633";"27 561 305";"2024-09-03 14:47:57"
"2024-09-05";"";"151 970";"22 289";"27 563 207";"2024-09-05 22:19:02"
"2024-09-02";"";"32 326";"5 745";"27 563 128";"2024-09-02 10:31:20"
"2024-09-10";"YouTube";"17 143 757";"817 273";"27 563 153";"2024-09-10 09:30:30"
"2024-09-01";"";"72 420";"268 841";"27 562 131";"2024-09-01 08:41:52"
"2024-09-02";"";"39 602";"3 284";"27 561 460";"2024-09-03 01:46:08"
"2024-09-10";"";"30 146";"2 028";"27 562 527";"2024-09-10 17:14:21"
"2024-09-09";"";"838 135";"33 907";"27 563 174";"2024-09-09 05:02:20"
"2024-09-10";"";"785 887";"113 257";"27 561 662";"2024-09-10 11:44:51"
"2024-09-05";"";"1 056 764";"219 805";"27 561 881";"2024-09-05 12:09:45"
"2024-09-10";"";"260 259";"37 512";"27 562 322";"2024-09-10 06:51:37"
"2024-09-09";"";"10 290";"50 557";"27 562 635";"2024-09-09 10:07:08"
"2024-09-03";"";"56 572";"6 246";"27 561 370";"2024-09-03 13:58:28"
"2024-09-05";"";"3 460 149";"549 527";"27 563 122";"2024-09-05 23:56:16"
"2024-09-03";"";"4 311 757";"85 587";"27 563 458";"2024-09-03 19:04:53"
"2024-09-10";"";"69 088";"31 739";"27 562 172";"2024-09-10 06:27:48"
"2024-09-07";"";"206 956";"32 307";"27 561 893";"2024-09-07 10:43:52"
"2024-09-06";"";"124 798";"14 359";"27 562 447";"2024-09-06 08:17:11"
"2024-09-01";"";"56 603";"84 355";"27 562 192";"2024-09-01 09:18:29"
"2024-09-09";"";"89 865";"22 465";"27 563 291";"2024-09-09 13:10:43"
"2024-09-07";"";"46 282";"2 331";"27 562 630";"2024-09-07 16:13:06"
"2024-09-09";"";"153 562";"8 882";"27 561 592";"2024-09-09 15:24:04"
"2024-09-01";"";"50 440";"10 777";"27 562 417";"2024-09-01 20:17:12"
"2024-09-05";"";"1 663 797";"156 646";"27 561 866";"2024-09-05 22:43:24"
"2024-09-02";"";"70 498";"27 387";"27 562 316";"2024-09-02 16:25:18"
"2024-09-08";"Facebook";"515 408";"34 391";"27 561 474";"2024-09-08 10:19:37"
"2024-09-05";"";"236 889";"20 536";"27 562 801";"2024-09-05 04:25:54"
"2024-09-08";"";"383 628";"106 654";"27 562 428";"2024-09-08 13:22:42"
"2024-09-01";"";"3 313 239";"123 728";"27 561 219";"2024-09-02 02:47:49"
"2024-09-07";"";"94 348";"35 998";"27 562 950";"2024-09-07 05:26:43"
"2024-09-09";"";"944 498";"1 029 161";"27 562 521";"2024-09-09 22:19:56"
"2024-09-08";"Telegram";"10 225 906";"464 115";"27 561 658";"2024-09-08 16:01:40"
"2024-09-01";"";"305 356";"82 442";"27 561 718";"2024-09-01 09:18:37"
"2024-09-06";"";"226 592";"24 133";"27 561 776";"2024-09-07 00:45:47"
"2024-09-04";"";"174 443";"33 039";"27 562 260";"2024-09-04 05:02:34"
"2024-09-02";"";"28 317";"4 786";"27 562 631";"2024-09-02 10:43:31"
"2024-09-06";"WhatsApp";"655 915";"2 686 477";"27 562 993";"2024-09-06 11:32:03"
"2024-09-07";"YouTube";"1 809 038";"534 361";"27 561 622";"2024-09-07 18:39:33"
"2024-09-05";"";"37 902";"3 680";"27 562 099";"2024-09-05 17:02:55"
"2024-09-01";"";"53 370";"28 686";"27 561 674";"2024-09-01 03:36:40"
"2024-09-06";"";"65 538 066";"69 700 164";"27 561 778";"2024-09-06 09:30:42"
"2024-09-07";"YouTube";"5 332 339";"261 066";"27 563 177";"2024-09-07 16:25:14"
"2024-09-05";"Telegram";"13 949 477";"2 733 271";"27 563 099";"2024-09-05 15:48:27"
"2024-09-02";"";"25 783";"6 200";"27 563 017";"2024-09-02 18:03:19"
"2024-09-06";"";"566 775";"38 499";"27 562 033";"2024-09-06 21:54:52"
"2024-09-04";"";"9 625";"86 522";"27 561 224";"2024-09-04 06:27:01"
"2024-09-07";"Facebook";"1 741 470";"835 837";"27 562 772";"2024-09-07 22:07:33"
"2024-09-07";"YouTube";"289 385";"118 514";"27 562 772";"2024-09-07 22:19:58"
"2024-09-02";"";"113 351";"19 242";"27 561 221";"2024-09-02 20:53:05"
"2024-09-02";"";"26 748";"4 073";"27 561 947";"2024-09-02 08:41:08"
"2024-09-06";"";"31 790";"10 660";"27 562 422";"2024-09-06 21:30:04"
"2024-09-07";"Instagram";"91 137";"5 391";"27 562 255";"2024-09-07 03:48:05"
"2024-09-04";"";"92 964";"4 975";"27 562 041";"2024-09-04 22:19:19"
"2024-09-05";"";"464 621";"60 193";"27 563 245";"2024-09-05 09:54:28"
"2024-09-05";"";"37 756";"50 116";"27 561 393";"2024-09-05 11:32:38"
"2024-09-06";"";"113 491 486";"130 514 606";"27 562 867";"2024-09-06 15:12:40"
"2024-09-07";"";"1 345 516";"70 162";"27 561 897";"2024-09-07 17:38:56"
"2024-09-02";"";"44 288";"3 412";"27 561 383";"2024-09-02 15:00:57"
"2024-09-01";"";"629 147";"116 327";"27 561 742";"2024-09-01 13:34:14"
"2024-09-02";"";"16 004 437";"496 769";"27 562 720";"2024-09-02 09:06:12"
"2024-09-06";"";"1 057 326";"127 063";"27 563 141";"2024-09-06 16:49:23"
"2024-09-04";"";"186 378";"16 023";"27 561 870";"2024-09-04 12:21:44"
"2024-09-04";"";"424 331";"24 278";"27 563 336";"2024-09-04 04:49:46"
"2024-09-03";"Facebook";"24 136 949";"84 572";"27 561 562";"2024-09-03 04:01:55"
"2024-09-03";"";"4 339 663";"314 156";"27 562 527";"2024-09-03 06:39:38"
"2024-09-01";"";"9 770 344";"600 289";"27 561 760";"2024-09-01 20:53:26"
"2024-09-07";"";"1 425 010";"1 006 175";"27 561 737";"2024-09-07 12:45:11"
"2024-09-03";"Apple Music";"76 796";"19 628";"27 561 872";"2024-09-03 19:04:04"
"2024-09-06";"";"8 520";"83 407";"27 561 792";"2024-09-06 10:07:19"
"2024-09-08";"";"760 447";"910 193";"27 562 436";"2024-09-08 03:00:26"
"2024-09-06";"";"13 532 272";"348 911";"27 563 009";"2024-09-06 18:03:31"
"2024-09-06";"VKontakte";"32 273";"2 452";"27 561 596";"2024-09-07 00:45:47"
"2024-09-01";"";"37 567 977";"3 121 308";"27 561 548";"2024-09-02 00:45:32"
"2024-09-08";"";"434 984";"17 880";"27 563 174";"2024-09-08 11:44:28"
"2024-09-07";"";"27 307";"6 107";"27 561 626";"2024-09-07 09:54:34"
"2024-09-02";"";"49 274";"120 425";"27 562 494";"2024-09-02 22:19:16"
"2024-09-07";"Apple Music";"2 368 855";"122 221";"27 562 780";"2024-09-07 23:56:10"
"2024-09-06";"";"190 508";"25 956";"27 562 651";"2024-09-06 11:44:04"
"2024-09-10";"";"749 159";"18 165";"27 562 255";"2024-09-10 23:44:53"
"2024-09-04";"";"34 084";"4 867";"27 561 629";"2024-09-05 02:11:29"
"2024-09-01";"Instagram";"66 069";"4 167";"27 562 734";"2024-09-01 15:36:42"
"2024-09-07";"";"38 678";"2 970";"27 563 005";"2024-09-07 11:08:56"
"2024-09-07";"";"4 585";"38 795";"27 561 670";"2024-09-07 15:00:13"
"2024-09-02";"";"15 723 132";"860 825";"27 562 101";"2024-09-02 08:17:59"
"2024-09-04";"";"46 537";"7 289";"27 563 336";"2024-09-04 21:06:58"
"2024-09-07";"";"3 416 460";"181 574";"27 561 638";"2024-09-07 05:14:40"
"2024-09-06";"YouTube";"230 093";"44 759";"27 561 895";"2024-09-06 07:52:48"
"2024-09-05";"";"18 554";"60 144";"27 561 730";"2024-09-05 05:38:06"
"2024-09-10";"";"285 210";"25 951";"27 562 892";"2024-09-10 04:01:51"
"2024-09-05";"";"160 439";"7 011";"27 562 595";"2024-09-05 05:50:54"
"2024-09-04";"Instagram";"177 609 220";"5 094 600";"27 561 595";"2024-09-04 07:40:38"
"2024-09-07";"";"42 302";"38 563";"27 562 156";"2024-09-07 12:45:28"
"2024-09-02";"Likee";"977 514";"107 193";"27 562 886";"2024-09-02 06:27:47"
"2024-09-01";"Facebook";"4 563 241";"78 915";"27 563 016";"2024-09-01 07:16:41"
"2024-09-03";"Likee";"3 856 614";"248 201";"27 563 094";"2024-09-04 02:35:08"
"2024-09-02";"";"73 101";"13 647";"27 562 575";"2024-09-02 15:48:27"
"2024-09-02";"VKontakte";"18 740 076";"829 758";"27 563 269";"2024-09-02 21:54:38"
"2024-09-05";"YouTube";"5 189 343";"299 424";"27 562 897";"2024-09-05 18:27:47"
"2024-09-02";"";"303 126";"27 691";"27 561 220";"2024-09-02 04:37:08"
"2024-09-10";"";"2 070 838";"62 411";"27 562 934";"2024-09-10 12:09:32"
"2024-09-08";"YouTube";"316 555";"35 663";"27 563 047";"2024-09-08 21:18:42"
"2024-09-03";"Instagram";"9 711 697";"342 705";"27 561 547";"2024-09-03 13:22:44"
"2024-09-02";"";"28 392";"18 689";"27 562 330";"2024-09-02 20:41:50"
"2024-09-04";"";"27 084";"4 179";"27 562 098";"2024-09-04 18:03:12"
"2024-09-07";"Instagram";"1 037 733";"28 438";"27 561 273";"2024-09-07 22:31:41"
"2024-09-04";"";"37 847 583";"1 479 955";"27 561 958";"2024-09-04 13:58:35"
"2024-09-03";"";"88 184";"5 698";"27 561 763";"2024-09-03 21:42:38"
"2024-09-09";"";"58 181";"15 516";"27 561 330";"2024-09-09 20:17:16"
"2024-09-10";"YouTube";"541 655";"200 500";"27 563 478";"2024-09-10 06:15:41"
"2024-09-10";"Facebook";"30 031";"2 943";"27 562 251";"2024-09-11 01:34:29"
"2024-09-08";"";"143 788";"16 215";"27 562 242";"2024-09-08 22:43:40"
"2024-09-04";"";"122 279";"79 282";"27 562 612";"2024-09-04 12:21:35"
"2024-09-07";"";"534 452";"31 387";"27 563 232";"2024-09-07 18:39:18"
"2024-09-08";"";"55 816";"23 248";"27 561 490";"2024-09-08 11:44:10"
"2024-09-04";"Instagram";"21 398 741";"527 938";"27 563 175";"2024-09-04 18:39:26"
"2024-09-04";"Facebook";"115 650";"16 090";"27 561 396";"2024-09-04 07:40:57"
"2024-09-10";"";"1 674 821";"132 549";"27 562 170";"2024-09-10 05:50:13"
"2024-09-07";"";"354 474";"717 756";"27 563 446";"2024-09-07 09:30:42"
"2024-09-03";"Yandex";"437 572";"215 567";"27 561 437";"2024-09-03 06:39:51"
"2024-09-02";"";"101 926";"5 284";"27 562 451";"2024-09-02 05:50:52"
"2024-09-06";"";"83 747";"4 967";"27 563 467";"2024-09-06 13:34:47"
"2024-09-08";"";"32 365";"2 337";"27 563 264";"2024-09-09 01:22:47"
"2024-09-07";"YouTube";"119 813 684";"6 289 328";"27 562 899";"2024-09-07 07:52:10"
"2024-09-02";"";"43 994";"5 742";"27 562 313";"2024-09-02 11:56:17"
"2024-09-08";"";"8 180";"104 960";"27 561 785";"2024-09-08 07:40:51"
"2024-09-04";"";"6 787 261";"1 107 628";"27 562 156";"2024-09-04 20:29:48"
"2024-09-04";"Facebook";"12 326 933";"521 739";"27 562 886";"2024-09-04 11:32:26"
"2024-09-09";"Facebook";"43 592";"15 348";"27 562 715";"2024-09-09 23:20:49"
"2024-09-05";"";"45 326";"6 471";"27 563 366";"2024-09-05 08:17:37"
"2024-09-09";"";"154 232";"28 768";"27 563 192";"2024-09-09 03:00:30"
"2024-09-05";"";"292 221";"159 011";"27 562 729";"2024-09-05 11:32:12"
"2024-09-01";"";"144 067";"20 512";"27 563 481";"2024-09-01 14:59:25"
"2024-09-08";"";"480 402";"63 025";"27 561 978";"2024-09-08 22:07:34"
"2024-09-04";"";"637 300";"54 200";"27 561 600";"2024-09-04 15:00:15"
"2024-09-06";"";"2 133 666";"93 168";"27 563 121";"2024-09-06 21:54:08"
"2024-09-06";"";"121 054";"151 427";"27 561 181";"2024-09-06 12:21:24"
"2024-09-03";"YouTube";"606 409";"28 500";"27 562 470";"2024-09-03 16:49:49"
"2024-09-06";"Instagram";"181 532";"38 391";"27 562 022";"2024-09-06 14:23:39"
"2024-09-08";"Facebook";"167 676";"15 586";"27 561 289";"2024-09-09 01:22:32"
"2024-09-05";"";"26 130";"12 494";"27 562 036";"2024-09-05 11:44:26"
"2024-09-09";"Tas-ix";"32 563";"3 910";"27 563 244";"2024-09-09 20:53:04"
"2024-09-09";"";"119 714";"150 813";"27 563 512";"2024-09-10 02:47:05"
"2024-09-07";"";"65 523";"6 938";"27 561 380";"2024-09-07 08:41:04"
"2024-09-04";"";"121 828";"8 402";"27 561 392";"2024-09-04 09:30:42"
"2024-09-08";"YouTube";"1 415 829";"68 332";"27 562 317";"2024-09-08 04:01:21"
"2024-09-02";"";"83 980";"3 514";"27 562 993";"2024-09-02 17:14:34"
"2024-09-09";"Facebook";"91 736";"7 481";"27 563 162";"2024-09-09 04:37:32"
"2024-09-01";"";"62 477";"8 241";"27 561 347";"2024-09-01 17:38:47"
"2024-09-08";"";"114 027";"5 733";"27 562 853";"2024-09-08 03:00:57"
"2024-09-01";"";"57 911";"3 555";"27 562 998";"2024-09-01 05:26:14"
"2024-09-06";"";"38 525";"8 745";"27 562 292";"2024-09-06 17:50:52"
"2024-09-02";"";"153 863";"11 639";"27 562 382";"2024-09-03 01:22:35"
"2024-09-06";"YouTube";"332 387 962";"21 501 808";"27 562 344";"2024-09-06 05:50:37"
"2024-09-05";"";"209 330";"72 398";"27 562 634";"2024-09-05 19:28:57"
"2024-09-05";"YouTube";"1 254 358";"79 402";"27 561 249";"2024-09-05 11:20:17"
"2024-09-01";"";"26 134";"12 990";"27 561 862";"2024-09-01 07:04:31"
"2024-09-01";"";"391 362";"209 173";"27 562 622";"2024-09-01 10:55:05"
"2024-09-04";"VKontakte";"305 803";"229 584";"27 562 721";"2024-09-04 22:07:13"
"2024-09-02";"YouTube";"203 416 023";"15 445 859";"27 561 234";"2024-09-02 05:02:58"
"2024-09-05";"";"410 786";"186 772";"27 562 265";"2024-09-05 09:18:35"
"2024-09-09";"";"170 098";"162 063";"27 561 840";"2024-09-09 04:01:21"
"2024-09-03";"YouTube";"38 008";"2 123";"27 563 254";"2024-09-03 06:51:41"
"2024-09-10";"";"491 304";"36 218";"27 562 447";"2024-09-10 05:02:55"
"2024-09-02";"";"5 900 347";"166 448";"27 562 788";"2024-09-02 06:15:07"
"2024-09-09";"";"407 506";"41 377";"27 563 393";"2024-09-09 14:23:48"
"2024-09-10";"YouTube";"39 698";"9 530";"27 562 647";"2024-09-10 07:28:12"
"2024-09-02";"";"1 569 519";"204 210";"27 561 337";"2024-09-02 12:09:37"
"2024-09-06";"";"42 987";"64 530";"27 563 264";"2024-09-07 00:57:55"
"2024-09-10";"";"179 526";"10 145";"27 561 629";"2024-09-11 02:11:36"
"2024-09-04";"";"45 327 950";"1 037 896";"27 562 651";"2024-09-04 09:06:38"
"2024-09-08";"";"37 812";"5 270";"27 561 873";"2024-09-08 05:02:10"
"2024-09-10";"";"3 831";"40 786";"27 561 306";"2024-09-10 04:37:26"
"2024-09-07";"Telegram";"121 089";"12 472";"27 562 173";"2024-09-07 04:01:15"
"2024-09-05";"";"1 118 271";"109 965";"27 561 723";"2024-09-05 15:36:42"
"2024-09-06";"";"956 374";"37 581";"27 561 216";"2024-09-06 22:55:39"
"2024-09-05";"YouTube";"13 327 473";"809 383";"27 562 620";"2024-09-05 19:16:08"
"2024-09-02";"Instagram";"7 557 102";"342 393";"27 562 097";"2024-09-02 18:15:34"
"2024-09-02";"";"833 689";"59 098";"27 562 842";"2024-09-02 14:47:47"
"2024-09-02";"Instagram";"1 147 098";"617 078";"27 561 633";"2024-09-02 11:56:01"
"2024-09-06";"YouTube";"794 825";"39 278";"27 561 573";"2024-09-06 10:43:01"
"2024-09-03";"Unknown";"1 648 856";"750 792";"27 563 351";"2024-09-03 11:08:56"
"2024-09-10";"";"56 345";"3 369";"27 561 480";"2024-09-10 05:14:57"
"2024-09-09";"Facebook";"55 107";"4 433";"27 561 673";"2024-09-09 23:20:55"
"2024-09-01";"";"98 564";"275 594";"27 562 535";"2024-09-02 01:58:21"
"2024-09-06";"";"33 937";"2 095";"27 562 654";"2024-09-06 11:32:00"
"2024-09-04";"Telegram";"70 031 481";"23 384 000";"27 563 308";"2024-09-04 20:41:14"
"2024-09-03";"Instagram";"15 273 188";"285 775";"27 561 562";"2024-09-03 06:03:09"
"2024-09-06";"";"1 416 415";"845 430";"27 562 784";"2024-09-06 16:25:58"
"2024-09-10";"";"81 242";"19 977";"27 563 418";"2024-09-10 14:59:52"
"2024-09-10";"";"26 832";"2 449";"27 561 180";"2024-09-10 04:01:52"
"2024-09-01";"";"336 957";"72 047";"27 563 220";"2024-09-01 23:44:10"
"2024-09-08";"Yandex";"289 700";"10 155";"27 562 401";"2024-09-09 02:35:58"
"2024-09-07";"";"25 741";"1 785";"27 563 244";"2024-09-08 01:46:35"
"2024-09-04";"";"420 508";"200 419";"27 563 100";"2024-09-05 02:47:29"
"2024-09-04";"YouTube";"10 829 261";"732 657";"27 561 862";"2024-09-04 17:38:59"
"2024-09-06";"";"270 582";"136 445";"27 561 801";"2024-09-06 14:47:50"
"2024-09-08";"Instagram";"36 737";"2 398";"27 563 446";"2024-09-08 18:15:31"
"2024-09-03";"Instagram";"2 049 308";"102 745";"27 561 295";"2024-09-04 00:33:40"
"2024-09-06";"YouTube";"9 455 671";"539 113";"27 561 861";"2024-09-06 11:44:47"
"2024-09-01";"WhatsApp";"29 144";"36 990";"27 563 058";"2024-09-01 17:14:01"
"2024-09-06";"";"158 311";"92 128";"27 561 698";"2024-09-07 02:59:44"
"2024-09-08";"Yandex";"493 441";"1 082 762";"27 563 075";"2024-09-08 06:03:42"
"2024-09-05";"";"404 943";"209 240";"27 563 082";"2024-09-06 02:23:21"
"2024-09-08";"";"345 481";"7 565";"27 563 262";"2024-09-08 09:06:50"
"2024-09-09";"";"54 752 607";"5 812 838";"27 563 442";"2024-09-09 08:05:14"
"2024-09-04";"Telegram";"3 792 300";"227 947";"27 561 669";"2024-09-04 10:07:02"
"2024-09-10";"";"54 914";"7 604";"27 562 431";"2024-09-11 01:58:25"
"2024-09-07";"YouTube";"1 041 775";"42 421";"27 563 291";"2024-09-07 23:56:41"
"2024-09-05";"YouTube";"4 113 328";"282 426";"27 561 723";"2024-09-05 13:34:37"
"2024-09-06";"";"201 847";"57 990";"27 563 445";"2024-09-06 16:37:18"
"2024-09-06";"Instagram";"43 368 780";"780 384";"27 562 178";"2024-09-06 15:24:11"
"2024-09-02";"YouTube";"42 271 705";"4 069 124";"27 561 342";"2024-09-03 00:09:28"
"2024-09-04";"";"50 465";"1 664";"27 561 591";"2024-09-04 04:49:41"
"2024-09-03";"";"100 972";"10 626";"27 562 931";"2024-09-04 01:58:35"
"2024-09-01";"Yandex";"1 129 036";"382 942";"27 562 089";"2024-09-01 05:38:59"
"2024-09-02";"YouTube";"1 329 496";"543 779";"27 561 470";"2024-09-02 06:15:12"
"2024-09-03";"Apple Music";"76 640";"11 175";"27 561 221";"2024-09-04 02:35:38"
"2024-09-02";"";"5 594";"28 693";"27 562 048";"2024-09-02 18:27:42"
"2024-09-07";"";"32 665";"3 114";"27 561 802";"2024-09-07 22:19:57"
"2024-09-07";"Instagram";"49 373 088";"555 258";"27 561 401";"2024-09-07 21:06:23"
"2024-09-01";"";"101 006";"25 174";"27 562 216";"2024-09-01 15:00:01"
"2024-09-07";"Facebook";"2 398 638";"249 397";"27 561 562";"2024-09-07 22:55:20"
"2024-09-04";"Instagram";"540 188 743";"22 687 830";"27 561 744";"2024-09-04 16:13:45"
"2024-09-09";"";"301 657";"18 486";"27 562 254";"2024-09-09 10:43:21"
"2024-09-01";"";"33 562";"3 618";"27 561 698";"2024-09-01 07:40:11"
"2024-09-02";"";"57 833";"2 937";"27 562 608";"2024-09-02 05:50:07"
"2024-09-05";"";"42 338";"41 683";"27 563 344";"2024-09-06 00:21:00"
"2024-09-04";"";"28 026";"8 858";"27 563 095";"2024-09-04 23:44:08"
"2024-09-04";"";"23 660 842";"1 167 453";"27 561 485";"2024-09-04 10:55:02"
"2024-09-03";"";"315 604";"16 916";"27 563 264";"2024-09-03 03:00:25"
"2024-09-05";"Instagram";"3 229 995";"109 626";"27 562 932";"2024-09-06 00:21:36"
"2024-09-01";"Telegram";"33 327 632";"2 348 404";"27 563 345";"2024-09-01 15:36:00"
"2024-09-09";"YouTube";"204 482 191";"6 699 412";"27 561 185";"2024-09-09 14:23:56"
"2024-09-06";"YouTube";"30 998 454";"2 827 172";"27 562 233";"2024-09-06 05:26:36"
"2024-09-10";"";"37 135";"270 470";"27 561 840";"2024-09-11 00:45:16"
"2024-09-09";"";"348 719";"135 742";"27 562 168";"2024-09-10 00:21:44"
"2024-09-09";"";"27 830";"23 519";"27 561 571";"2024-09-09 16:49:33"
"2024-09-08";"";"42 234";"6 187";"27 563 191";"2024-09-08 16:01:04"
"2024-09-03";"";"123 387";"14 748";"27 562 865";"2024-09-03 18:15:01"
"2024-09-02";"";"32 461";"5 724";"27 561 569";"2024-09-02 04:25:21"
"2024-09-03";"";"11 664 575";"942 633";"27 563 112";"2024-09-03 11:08:12"
"2024-09-06";"";"280 859";"43 654";"27 563 439";"2024-09-06 12:33:05"
"2024-09-10";"";"90 988";"5 498";"27 562 070";"2024-09-10 09:06:04"
"2024-09-05";"";"178 571";"11 759";"27 562 122";"2024-09-05 13:10:43"
"2024-09-05";"";"62 661";"67 761";"27 563 467";"2024-09-05 09:42:44"
"2024-09-10";"";"657 476";"35 384";"27 563 174";"2024-09-10 07:40:28"
"2024-09-08";"Yandex";"212 489";"157 465";"27 563 080";"2024-09-08 21:54:39"
"2024-09-01";"";"53 939";"29 396";"27 561 782";"2024-09-01 10:55:53"
"2024-09-10";"Yandex";"280 792";"26 207";"27 562 787";"2024-09-10 18:39:09"
"2024-09-07";"YouTube";"11 296 005";"13 829 116";"27 561 339";"2024-09-07 04:01:31"
"2024-09-10";"Instagram";"660 377";"46 645";"27 562 012";"2024-09-10 09:42:50"
"2024-09-03";"";"108 862";"5 137";"27 563 317";"2024-09-04 02:59:59"
"2024-09-03";"YouTube";"181 750";"1 188 681";"27 562 138";"2024-09-03 10:31:24"
"2024-09-10";"";"31 239";"68 887";"27 561 850";"2024-09-11 01:46:41"
"2024-09-08";"";"115 630";"5 935";"27 561 367";"2024-09-08 08:05:15"
"2024-09-06";"";"118 988";"93 964";"27 563 008";"2024-09-06 03:12:29"
"2024-09-01";"";"31 055";"2 634";"27 561 987";"2024-09-01 20:29:36"
"2024-09-08";"";"108 128";"8 588";"27 562 962";"2024-09-08 07:16:27"
"2024-09-08";"";"29 965";"2 383";"27 562 040";"2024-09-08 23:08:23"
"2024-09-09";"";"32 560";"10 433";"27 561 879";"2024-09-09 12:33:09"
"2024-09-09";"";"39 730";"29 466";"27 562 594";"2024-09-09 07:16:31"
"2024-09-06";"Instagram";"13 697 055";"439 103";"27 561 292";"2024-09-06 17:38:01"
"2024-09-08";"";"34 019";"84 190";"27 561 331";"2024-09-08 12:09:42"
"2024-09-03";"Instagram";"8 062 955";"148 338";"27 563 093";"2024-09-03 08:53:32"
"2024-09-09";"";"66 495";"158 331";"27 561 638";"2024-09-09 21:06:28"
"2024-09-04";"Facebook";"790 702";"24 868";"27 561 867";"2024-09-04 05:50:55"
"2024-09-02";"YouTube";"389 571 002";"24 957 849";"27 561 418";"2024-09-02 14:11:08"
"2024-09-08";"Facebook";"335 306";"147 936";"27 562 538";"2024-09-08 05:02:32"
"2024-09-05";"";"138 961";"116 838";"27 562 996";"2024-09-05 10:19:37"
"2024-09-07";"";"287 167";"109 630";"27 561 742";"2024-09-07 08:17:07"
"2024-09-06";"";"72 326";"76 625";"27 562 563";"2024-09-06 10:31:49"
"2024-09-02";"";"215 823";"16 673";"27 561 180";"2024-09-02 11:56:44"
"2024-09-04";"";"417 549";"151 489";"27 562 622";"2024-09-05 01:58:50"
"2024-09-07";"";"183 605";"25 069";"27 562 714";"2024-09-07 21:54:46"
"2024-09-03";"Telegram";"52 078 308";"2 778 866";"27 561 850";"2024-09-03 17:14:51"
"2024-09-04";"YouTube";"157 476";"24 261";"27 563 289";"2024-09-04 12:57:17"
"2024-09-05";"";"3 452 212";"136 361";"27 561 788";"2024-09-06 00:33:05"
"2024-09-08";"";"39 831 799";"12 419 660";"27 562 102";"2024-09-08 06:39:34"
"2024-09-08";"Likee";"88 021";"84 561";"27 562 481";"2024-09-09 01:22:45"
"2024-09-02";"Odnoklassniki";"52 879";"8 168";"27 561 180";"2024-09-02 18:27:10"
"2024-09-05";"";"47 679 878";"3 197 239";"27 563 299";"2024-09-06 00:57:31"
"2024-09-03";"";"38 555";"3 969";"27 562 840";"2024-09-03 23:44:05"
"2024-09-09";"";"328 912";"17 112";"27 563 088";"2024-09-09 19:04:40"
"2024-09-04";"";"47 959";"85 999";"27 561 884";"2024-09-04 17:38:19"
"2024-09-03";"";"27 311 686";"868 632";"27 561 827";"2024-09-04 01:58:43"
"2024-09-08";"";"43 604";"43 320";"27 561 422";"2024-09-08 23:44:29"
"2024-09-08";"";"1 883 266";"169 047";"27 561 697";"2024-09-08 04:13:03"
"2024-09-03";"";"15 275 586";"686 905";"27 561 433";"2024-09-03 22:31:24"
"2024-09-01";"";"172 255";"86 302";"27 562 009";"2024-09-01 08:17:05"
"2024-09-08";"";"92 847";"22 033";"27 563 210";"2024-09-08 19:40:08"
"2024-09-05";"YouTube";"181 098 254";"4 607 706";"27 562 721";"2024-09-05 11:20:59"
"2024-09-06";"Facebook";"64 876";"4 873";"27 563 306";"2024-09-06 08:29:37"
"2024-09-05";"";"1 823 737";"59 531";"27 562 402";"2024-09-05 15:48:52"
"2024-09-06";"";"222 060";"9 514";"27 561 420";"2024-09-07 01:34:35"
"2024-09-03";"";"272 224";"178 882";"27 562 518";"2024-09-03 05:26:11"
"2024-09-10";"Instagram";"298 813";"42 618";"27 562 469";"2024-09-10 10:31:54"
"2024-09-06";"";"628 857";"27 604";"27 563 186";"2024-09-06 16:01:24"
"2024-09-04";"YouTube";"3 843 311";"1 155 201";"27 562 391";"2024-09-04 11:32:05"
"2024-09-08";"";"37 881";"3 979";"27 562 539";"2024-09-08 07:40:58"
"2024-09-04";"";"144 062 852";"7 788 916";"27 561 809";"2024-09-04 03:48:37"
"2024-09-05";"";"25 843";"14 676";"27 561 250";"2024-09-05 10:19:45"
"2024-09-08";"YouTube";"1 177 825";"51 564";"27 563 232";"2024-09-08 16:49:53"
"2024-09-01";"YouTube";"281 131";"50 331";"27 563 218";"2024-09-02 01:22:14"
"2024-09-05";"";"90 854";"79 602";"27 561 279";"2024-09-05 11:56:24"
"2024-09-03";"";"9 331";"41 665";"27 563 351";"2024-09-03 23:56:29"
"2024-09-03";"";"11 719";"37 147";"27 561 417";"2024-09-03 05:26:08"
"2024-09-09";"YouTube";"51 281";"18 926";"27 563 476";"2024-09-09 10:07:42"
"2024-09-05";"";"40 178";"20 062";"27 562 300";"2024-09-05 03:00:02"
"2024-09-08";"Instagram";"6 100 486";"472 357";"27 561 805";"2024-09-08 14:23:28"
"2024-09-03";"Tas-ix";"458 409";"10 562";"27 563 080";"2024-09-03 14:11:09"
"2024-09-02";"";"313 075";"40 634";"27 561 827";"2024-09-03 00:09:57"
"2024-09-10";"Telegram";"2 336 493";"153 873";"27 561 818";"2024-09-10 09:06:03"
"2024-09-01";"";"31 943";"29 085";"27 561 289";"2024-09-01 23:08:10"
"2024-09-03";"";"70 485";"4 909";"27 561 800";"2024-09-03 13:34:33"
"2024-09-03";"";"2 614 096";"1 300 656";"27 563 514";"2024-09-03 19:52:27"
"2024-09-01";"";"684 447";"15 902";"27 563 293";"2024-09-01 08:29:43"
"2024-09-08";"";"40 980";"121 083";"27 562 912";"2024-09-08 18:03:00"
"2024-09-01";"Facebook";"244 248";"44 224";"27 561 772";"2024-09-01 19:52:04"
"2024-09-08";"WhatsApp";"7 481 726";"31 414 801";"27 562 696";"2024-09-08 18:27:45"
"2024-09-05";"";"221 396";"13 775";"27 563 198";"2024-09-05 22:31:11"
"2024-09-03";"";"523 519";"30 260";"27 561 884";"2024-09-03 06:39:17"
"2024-09-01";"";"80 781";"41 403";"27 563 110";"2024-09-01 03:24:21"
"2024-09-01";"Telegram";"61 710 921";"69 348 487";"27 563 218";"2024-09-01 19:28:14"
"2024-09-03";"Facebook";"35 817";"4 542";"27 561 823";"2024-09-03 18:39:43"
"2024-09-07";"Facebook";"177 427";"10 283 233";"27 561 695";"2024-09-07 23:20:26"
"2024-09-03";"YouTube";"115 979 048";"7 709 625";"27 563 060";"2024-09-03 20:53:46"
"2024-09-08";"YouTube";"75 059";"675 398";"27 562 117";"2024-09-08 04:37:04"
"2024-09-07";"";"60 136";"3 657";"27 563 080";"2024-09-07 04:13:37"
"2024-09-10";"YouTube";"412 753 000";"25 175 287";"27 561 432";"2024-09-11 02:47:02"
"2024-09-04";"";"414 966";"202 948";"27 561 477";"2024-09-04 13:34:59"
"2024-09-01";"";"8 405 392";"398 842";"27 563 006";"2024-09-01 05:14:22"
"2024-09-02";"Facebook";"30 141";"15 044";"27 563 122";"2024-09-02 20:05:31"
"2024-09-07";"";"2 214 890";"91 003";"27 563 102";"2024-09-08 00:33:18"
"2024-09-07";"";"42 593";"7 654";"27 561 571";"2024-09-07 18:27:22"
"2024-09-08";"";"35 566";"16 416";"27 561 350";"2024-09-09 01:22:39"
"2024-09-07";"";"22 322";"38 466";"27 561 331";"2024-09-07 23:08:07"
"2024-09-06";"";"67 022";"33 176";"27 562 428";"2024-09-07 01:58:41"
"2024-09-01";"Facebook";"148 316";"55 362";"27 561 628";"2024-09-01 17:38:56"
"2024-09-01";"Yandex";"391 761";"36 231";"27 562 265";"2024-09-01 03:12:19"
"2024-09-05";"";"73 561";"46 612";"27 561 181";"2024-09-05 08:53:01"
"2024-09-05";"";"86 410";"76 338";"27 561 390";"2024-09-05 07:28:07"
"2024-09-02";"";"188 121";"166 825";"27 561 988";"2024-09-02 13:46:09"
"2024-09-08";"Instagram";"31 344 788";"926 602";"27 563 394";"2024-09-08 09:30:33"
"2024-09-08";"YouTube";"153 315";"13 852";"27 563 232";"2024-09-08 10:07:51"
"2024-09-01";"";"452 117";"15 588";"27 561 347";"2024-09-01 20:05:57"
"2024-09-01";"Yandex";"99 874";"17 208";"27 563 050";"2024-09-01 13:22:30"
"2024-09-08";"YouTube";"618 179";"6 628 290";"27 561 185";"2024-09-08 08:29:44"
"2024-09-06";"";"28 506";"2 800";"27 563 174";"2024-09-06 13:46:13"
"2024-09-07";"";"151 996";"97 004";"27 562 899";"2024-09-07 03:00:30"
"2024-09-10";"Instagram";"2 856 453";"478 291";"27 563 313";"2024-09-10 19:04:47"
"2024-09-06";"Facebook";"414 597";"35 357";"27 563 153";"2024-09-06 05:14:59"
"2024-09-08";"";"39 163";"121 770";"27 563 225";"2024-09-08 16:13:49"
"2024-09-04";"";"32 870";"25 630";"27 561 863";"2024-09-04 15:00:45"
"2024-09-05";"Instagram";"15 930 517";"511 832";"27 562 759";"2024-09-06 00:09:23"
"2024-09-02";"Instagram";"34 714 684";"1 301 911";"27 561 288";"2024-09-02 14:35:45"
"2024-09-05";"";"78 660";"32 134";"27 561 293";"2024-09-05 13:34:27"
"2024-09-08";"Telegram";"429 384";"100 589";"27 562 818";"2024-09-08 08:53:19"
"2024-09-04";"YouTube";"116 013 382";"4 266 918";"27 562 747";"2024-09-04 07:40:43"
"2024-09-03";"Instagram";"181 236 572";"3 339 582";"27 562 985";"2024-09-03 05:14:41"
"2024-09-10";"";"265 547";"16 225";"27 562 289";"2024-09-10 15:12:57"
"2024-09-07";"Telegram";"9 471 424";"59 790 173";"27 561 659";"2024-09-08 00:57:35"
"2024-09-09";"";"49 629";"40 120";"27 562 866";"2024-09-09 16:49:57"
"2024-09-03";"";"609 757";"65 208";"27 561 872";"2024-09-03 16:25:29"
"2024-09-04";"";"18 703 159";"1 451 179";"27 561 884";"2024-09-04 05:38:03"
"2024-09-05";"";"200 193";"17 610";"27 561 501";"2024-09-05 06:03:18"
"2024-09-03";"";"22 003";"230 632";"27 563 345";"2024-09-03 14:35:06"
"2024-09-02";"YouTube";"32 414 265";"2 619 841";"27 561 817";"2024-09-02 13:46:01"
"2024-09-05";"";"29 348";"9 646";"27 563 031";"2024-09-05 21:54:29"
"2024-09-08";"Yandex";"4 139 815";"112 536";"27 561 375";"2024-09-08 10:31:43"
"2024-09-06";"";"29 689";"29 258";"27 562 348";"2024-09-06 06:27:49"
"2024-09-02";"Yandex";"406 687";"294 811";"27 562 825";"2024-09-02 05:38:54"
"2024-09-02";"Facebook";"1 052 586";"384 623";"27 561 426";"2024-09-02 20:29:32"
"2024-09-10";"";"37 512 726";"3 069 705";"27 561 413";"2024-09-10 18:51:44"
"2024-09-04";"";"114 131";"68 900";"27 562 760";"2024-09-04 10:31:30"
"2024-09-03";"";"31 072";"10 333";"27 561 929";"2024-09-03 08:05:54"
"2024-09-02";"";"70 636";"13 526";"27 562 497";"2024-09-02 21:42:01"
"2024-09-07";"Telegram";"31 782 578";"1 911 617";"27 561 934";"2024-09-07 22:55:41"
"2024-09-10";"";"26 898";"15 430";"27 561 201";"2024-09-10 19:28:03"
"2024-09-06";"";"65 451";"19 554";"27 561 540";"2024-09-07 00:45:10"
"2024-09-09";"";"238 716";"37 462";"27 562 762";"2024-09-09 13:58:01"
"2024-09-01";"";"5 175";"27 905";"27 562 354";"2024-09-01 11:20:30"
"2024-09-05";"";"65 195";"40 717";"27 562 413";"2024-09-05 03:12:39"
"2024-09-04";"";"69 927";"47 362";"27 561 339";"2024-09-04 04:49:32"
"2024-09-08";"Telegram";"1 760 535";"3 877 095";"27 561 660";"2024-09-08 09:30:36"
"2024-09-06";"";"2 236 819";"298 973";"27 561 252";"2024-09-06 03:12:37"
"2024-09-10";"";"545 249";"75 692";"27 561 792";"2024-09-10 16:01:29"
"2024-09-05";"";"360 219";"11 452";"27 561 324";"2024-09-05 10:31:56"
"2024-09-04";"YouTube";"809 407";"87 607";"27 561 595";"2024-09-04 17:14:30"
"2024-09-01";"";"60 610";"4 955";"27 561 850";"2024-09-02 00:45:55"
"2024-09-09";"Unknown";"19 245 427";"421 723";"27 561 792";"2024-09-09 17:50:51"
"2024-09-07";"";"537 143";"206 580";"27 561 649";"2024-09-07 14:23:57"
"2024-09-02";"";"10 534";"29 181";"27 561 555";"2024-09-02 22:55:37"
"2024-09-10";"PUBG";"581 516 993";"21 325 682";"27 562 788";"2024-09-10 22:55:46"
"2024-09-04";"";"1 191 268";"1 152 326";"27 562 795";"2024-09-04 21:54:35"
"2024-09-07";"";"85 143";"18 298";"27 562 693";"2024-09-07 04:01:14"
"2024-09-09";"";"1 964 124";"402 916";"27 562 352";"2024-09-09 19:40:30"
"2024-09-06";"";"4 113 322";"223 679";"27 562 883";"2024-09-06 12:21:50"
"2024-09-02";"";"27 484";"16 915";"27 562 247";"2024-09-03 02:59:23"
"2024-09-10";"";"8 560 196";"272 217";"27 563 244";"2024-09-10 08:53:04"
"2024-09-06";"";"27 352";"6 079";"27 561 466";"2024-09-07 02:11:34"
"2024-09-06";"Telegram";"51 713";"10 836";"27 562 841";"2024-09-06 08:29:25"
"2024-09-07";"YouTube";"33 669";"3 439";"27 562 309";"2024-09-07 07:28:11"
"2024-09-01";"";"39 268";"2 013";"27 561 908";"2024-09-01 04:01:52"
"2024-09-01";"Unknown";"1 179 794";"53 536";"27 561 448";"2024-09-01 21:30:33"
"2024-09-09";"";"130 062";"7 929";"27 562 004";"2024-09-09 18:51:59"
"2024-09-04";"";"2 627";"47 060";"27 562 545";"2024-09-04 10:07:16"
"2024-09-04";"";"1 727 421";"77 598";"27 562 071";"2024-09-04 06:39:50"
"2024-09-02";"";"49 056";"16 690";"27 562 875";"2024-09-02 13:46:57"
"2024-09-07";"";"150 975";"30 935";"27 562 343";"2024-09-07 17:50:19"
"2024-09-05";"Instagram";"38 505 718";"1 055 962";"27 562 102";"2024-09-05 11:20:36"
"2024-09-01";"";"978 119";"60 303";"27 562 985";"2024-09-01 17:02:04"
"2024-09-03";"YouTube";"329 529";"185 251";"27 563 451";"2024-09-03 07:40:47"
"2024-09-07";"";"1 197 717";"60 750";"27 563 278";"2024-09-07 06:27:44"
"2024-09-05";"";"76 037";"185 118";"27 562 364";"2024-09-05 14:35:31"
"2024-09-08";"";"366 095";"53 255";"27 563 030";"2024-09-09 01:10:53"
"2024-09-03";"";"27 159";"8 241";"27 562 775";"2024-09-03 03:00:54"
"2024-09-06";"";"145 349";"12 601";"27 561 428";"2024-09-06 09:30:19"
"2024-09-01";"Facebook";"269 434";"88 330";"27 562 757";"2024-09-01 23:44:37"
"2024-09-06";"";"114 282";"16 988";"27 563 122";"2024-09-06 17:50:52"
"2024-09-09";"YouTube";"69 488";"6 331";"27 563 415";"2024-09-09 06:39:38"
"2024-09-04";"YouTube";"28 902 018";"1 488 347";"27 562 156";"2024-09-04 08:05:03"
"2024-09-02";"";"161 472";"1 085 873";"27 561 347";"2024-09-02 20:05:53"
"2024-09-07";"";"19 795 790";"1 066 198";"27 562 889";"2024-09-07 15:48:59"
"2024-09-02";"YouTube";"177 907";"14 877";"27 562 434";"2024-09-02 19:04:07"
"2024-09-05";"";"318 046";"20 920";"27 562 865";"2024-09-05 17:26:29"
"2024-09-06";"";"33 064";"1 769";"27 562 025";"2024-09-06 12:33:48"
"2024-09-08";"Yandex Video";"744 530";"4 818 216";"27 563 357";"2024-09-08 05:26:07"
"2024-09-04";"";"46 620";"2 739";"27 562 102";"2024-09-04 18:39:13"
"2024-09-02";"YouTube";"3 425 337";"243 828";"27 562 938";"2024-09-03 00:45:31"
"2024-09-10";"";"205 684";"453 377";"27 562 593";"2024-09-11 00:21:50"
"2024-09-09";"Facebook";"234 715";"98 806";"27 563 105";"2024-09-09 20:41:35"
"2024-09-03";"";"172 114";"17 226";"27 562 376";"2024-09-03 07:40:33"
"2024-09-07";"";"101 168 191";"6 329 368";"27 561 701";"2024-09-08 02:59:15"
"2024-09-07";"Facebook";"4 308 281";"239 323";"27 562 041";"2024-09-07 15:24:56"
"2024-09-02";"";"133 280";"28 388";"27 561 457";"2024-09-02 07:28:56"
"2024-09-04";"";"102 634";"6 345";"27 562 239";"2024-09-04 22:19:09"
"2024-09-08";"";"1 443 405";"67 445";"27 562 033";"2024-09-08 05:50:48"
"2024-09-02";"";"160 211";"120 472";"27 563 140";"2024-09-02 06:03:46"
"2024-09-07";"";"26 921 211";"1 469 600";"27 563 424";"2024-09-07 14:11:48"
"2024-09-05";"YouTube";"261 979";"14 173";"27 562 437";"2024-09-05 11:32:01"
"2024-09-08";"YouTube";"3 154 819";"185 976";"27 563 453";"2024-09-08 22:55:47"
"2024-09-09";"";"436 727";"82 396";"27 563 484";"2024-09-09 06:03:31"
"2024-09-09";"Facebook";"59 938";"3 911";"27 561 578";"2024-09-09 12:09:38"
"2024-09-07";"YouTube";"242 555";"34 848";"27 563 269";"2024-09-07 14:23:14"
"2024-09-08";"";"10 008";"26 108";"27 561 450";"2024-09-08 23:56:01"
"2024-09-02";"Facebook";"302 582";"15 140";"27 561 953";"2024-09-02 13:22:57"
"2024-09-04";"";"566 574";"20 043";"27 563 287";"2024-09-04 12:57:46"
"2024-09-04";"";"145 879";"40 945";"27 561 252";"2024-09-04 11:44:08"
"2024-09-10";"";"125 111";"44 963";"27 563 424";"2024-09-10 13:34:20"
"2024-09-03";"Instagram";"1 855 484";"244 998";"27 562 404";"2024-09-03 05:02:04"
"2024-09-08";"";"522 357";"119 552";"27 563 075";"2024-09-08 08:29:59"
"2024-09-10";"";"46 883";"12 292";"27 562 578";"2024-09-10 18:15:51"
"2024-09-05";"YouTube";"60 191";"10 895";"27 562 685";"2024-09-06 01:46:50"
"2024-09-02";"";"28 118";"1 903";"27 562 956";"2024-09-03 00:21:00"
"2024-09-08";"";"234 751";"13 558";"27 561 669";"2024-09-08 08:29:23"
"2024-09-01";"";"1 181 866";"619 394";"27 562 955";"2024-09-01 15:00:12"
"2024-09-06";"TikTok";"570";"32 075";"27 562 239";"2024-09-06 08:05:26"
"2024-09-08";"";"35 191";"13 088";"27 563 198";"2024-09-08 18:39:02"
"2024-09-10";"";"989 502";"65 532";"27 561 485";"2024-09-10 21:54:50"
"2024-09-08";"Odnoklassniki";"1 136 343";"218 694";"27 561 224";"2024-09-09 00:57:50"
"2024-09-07";"";"74 926";"3 398";"27 562 791";"2024-09-07 15:24:03"
"2024-09-09";"Unknown";"154 904";"8 060";"27 563 313";"2024-09-09 07:04:09"
"2024-09-01";"";"63 130";"7 048";"27 562 861";"2024-09-01 05:38:41"
"2024-09-09";"";"89 379";"15 271";"27 562 491";"2024-09-09 13:10:26"
"2024-09-04";"";"84 547";"158 705";"27 562 898";"2024-09-04 15:12:32"
"2024-09-01";"Instagram";"179 760";"11 299";"27 563 437";"2024-09-01 22:19:50"
"2024-09-04";"";"32 771";"3 148";"27 561 320";"2024-09-04 18:39:59"
"2024-09-04";"";"32 333";"64 699";"27 562 878";"2024-09-04 03:12:10"
"2024-09-01";"WhatsApp";"26 760";"7 080";"27 561 879";"2024-09-01 03:00:38"
"2024-09-02";"Instagram";"1 244 982";"75 756";"27 562 600";"2024-09-02 21:18:07"
"2024-09-06";"Facebook";"231 517";"21 723";"27 563 143";"2024-09-06 19:40:12"
"2024-09-08";"";"14 257 724";"657 644";"27 562 615";"2024-09-08 19:28:53"
"2024-09-08";"";"4 183";"27 508";"27 561 592";"2024-09-08 14:11:16"
"2024-09-05";"YouTube";"3 250 558";"570 517";"27 561 240";"2024-09-05 14:35:50"
"2024-09-04";"TikTok";"34 355";"483 587";"27 561 695";"2024-09-05 01:22:19"
"2024-09-04";"";"13 693";"45 939";"27 562 260";"2024-09-04 19:52:56"
"2024-09-10";"";"42 449";"34 974";"27 561 482";"2024-09-11 02:23:54"
"2024-09-09";"YouTube";"1 133 871";"69 320";"27 562 574";"2024-09-10 02:11:31"
"2024-09-05";"YouTube";"298 303";"2 112 527";"27 562 938";"2024-09-05 09:30:48"
"2024-09-06";"Telegram";"6 317 864";"761 856";"27 561 862";"2024-09-06 11:20:57"
"2024-09-09";"Telegram";"2 386 954";"163 034";"27 562 102";"2024-09-09 15:48:59"
"2024-09-07";"";"34 100";"3 846";"27 562 951";"2024-09-07 05:26:19"
"2024-09-02";"";"344 768";"60 824";"27 563 335";"2024-09-02 19:52:35"
"2024-09-07";"TikTok";"87 387";"932 783";"27 563 225";"2024-09-07 05:50:01"
"2024-09-03";"";"119 769";"35 137";"27 562 497";"2024-09-03 13:46:49"
"2024-09-04";"";"253 045";"92 042";"27 562 886";"2024-09-04 18:27:30"
"2024-09-08";"";"639 254";"25 699";"27 563 317";"2024-09-08 12:33:49"
"2024-09-02";"";"18 798";"29 797";"27 561 892";"2024-09-02 22:55:05"
"2024-09-07";"";"360 293";"1 122 200";"27 562 898";"2024-09-07 16:13:04"
"2024-09-04";"TikTok";"964";"43 062";"27 562 399";"2024-09-04 13:46:20"
"2024-09-08";"";"650";"26 307";"27 562 840";"2024-09-08 08:17:29"
"2024-09-03";"";"580 224";"32 625";"27 561 922";"2024-09-03 12:09:08"
"2024-09-05";"";"152 895";"34 470";"27 562 311";"2024-09-06 00:45:13"
"2024-09-02";"Instagram";"2 352 193";"2 760 597";"27 563 069";"2024-09-03 01:10:07"
"2024-09-06";"";"205 176";"14 067";"27 562 674";"2024-09-06 06:03:32"
"2024-09-06";"";"198 649";"82 121";"27 562 560";"2024-09-06 21:30:47"
"2024-09-07";"";"60 735";"54 725";"27 561 182";"2024-09-07 23:20:14"
"2024-09-05";"YouTube";"809 711";"9 285 565";"27 561 903";"2024-09-05 15:36:32"
"2024-09-06";"";"146 208";"13 539";"27 561 276";"2024-09-06 06:27:37"
"2024-09-07";"";"96 582";"24 606";"27 563 145";"2024-09-07 15:48:11"
"2024-09-07";"";"1 663 223";"29 815";"27 562 142";"2024-09-07 09:18:10"
"2024-09-08";"";"622 576";"273 353";"27 563 143";"2024-09-08 12:09:19"
"2024-09-03";"";"27 891";"5 152";"27 562 614";"2024-09-03 22:43:30"
"2024-09-08";"";"177 224";"592 124";"27 563 403";"2024-09-08 07:28:13"
"2024-09-04";"";"383 323";"32 092";"27 563 107";"2024-09-05 02:35:14"
"2024-09-10";"Telegram";"362 774 531";"20 526 326";"27 561 254";"2024-09-10 04:37:28"
"2024-09-07";"";"123 450";"315 407";"27 561 800";"2024-09-07 20:17:08"
"2024-09-05";"";"131 104";"88 211";"27 562 899";"2024-09-05 06:15:33"
"2024-09-10";"";"37 520";"3 767";"27 562 393";"2024-09-10 10:07:52"
"2024-09-08";"";"28 939";"11 407";"27 563 469";"2024-09-08 05:26:43"
"2024-09-10";"";"31 454";"2 342";"27 563 220";"2024-09-10 07:16:37"
"2024-09-08";"Facebook";"1 091 776";"354 389";"27 562 668";"2024-09-09 00:45:01"
"2024-09-05";"";"32 781";"19 421";"27 563 151";"2024-09-05 05:02:42"
"2024-09-09";"";"103 608";"36 238";"27 562 205";"2024-09-10 01:46:18"
"2024-09-05";"";"28 215";"2 673";"27 561 697";"2024-09-05 03:48:08"
"2024-09-10";"";"132 772";"33 152";"27 562 935";"2024-09-10 15:24:39"
"2024-09-02";"Yandex";"582 999";"35 217";"27 561 355";"2024-09-02 03:36:02"
"2024-09-10";"YouTube";"39 520";"339 823";"27 562 661";"2024-09-11 02:23:13"
"2024-09-02";"";"15 842";"743 395";"27 562 692";"2024-09-03 00:57:32"
"2024-09-09";"";"137 157";"5 586";"27 562 553";"2024-09-09 18:03:47"
"2024-09-06";"";"9 208";"52 324";"27 562 207";"2024-09-06 23:32:15"
"2024-09-02";"TikTok";"20 773";"211 964";"27 561 715";"2024-09-02 12:57:47"
"2024-09-05";"";"88 549";"4 751";"27 561 482";"2024-09-05 15:00:33"
"2024-09-02";"";"309 514";"9 804";"27 562 402";"2024-09-03 01:58:13"
"2024-09-06";"Telegram";"4 834 770";"329 936";"27 561 806";"2024-09-06 05:26:47"
"2024-09-09";"";"69 776";"55 311";"27 562 402";"2024-09-10 02:47:50"
"2024-09-05";"";"209 185";"156 852";"27 561 893";"2024-09-05 16:37:00"
"2024-09-01";"";"92 478";"3 715";"27 561 547";"2024-09-01 04:13:01"
"2024-09-02";"";"345 831 436";"22 061 561";"27 561 179";"2024-09-03 00:57:29"
"2024-09-01";"";"5 685";"34 965";"27 562 599";"2024-09-01 21:30:46"
"2024-09-03";"YouTube";"10 398 350";"633 692";"27 562 701";"2024-09-03 13:22:40"
"2024-09-03";"YouTube";"290 433 966";"15 821 987";"27 561 591";"2024-09-03 20:53:39"
"2024-09-10";"";"267 032";"36 381";"27 561 922";"2024-09-10 08:53:34"
"2024-09-10";"";"182 644";"12 683";"27 562 942";"2024-09-10 18:27:33"
"2024-09-08";"";"141 447";"10 867";"27 561 591";"2024-09-08 13:34:23"
"2024-09-03";"Unknown";"91 222";"3 428";"27 561 481";"2024-09-03 21:30:46"
"2024-09-05";"";"144 009";"83 130";"27 561 379";"2024-09-05 06:39:51"
"2024-09-08";"";"26 112";"1 737";"27 561 213";"2024-09-08 12:09:38"
"2024-09-03";"";"16 689 414";"745 831";"27 562 950";"2024-09-03 16:25:52"
"2024-09-03";"";"23 545 867";"1 523 347";"27 562 733";"2024-09-03 17:14:12"
"2024-09-04";"";"55 992";"8 279";"27 562 255";"2024-09-05 02:11:42"
"2024-09-05";"Telegram";"11 674 440";"809 194";"27 561 591";"2024-09-05 13:34:36"
"2024-09-07";"WhatsApp";"26 416";"5 516";"27 561 673";"2024-09-07 15:12:19"
"2024-09-09";"Instagram";"3 757 473";"20 143 040";"27 562 642";"2024-09-09 20:53:25"
"2024-09-02";"Telegram";"23 452 655";"1 845 821";"27 563 443";"2024-09-02 07:16:24"
"2024-09-05";"";"1 469 103";"47 050";"27 563 252";"2024-09-05 04:13:41"
"2024-09-01";"";"284 863";"18 211";"27 561 944";"2024-09-01 05:14:30"
"2024-09-02";"";"147 413 038";"2 633 130";"27 562 494";"2024-09-02 19:28:41"
"2024-09-10";"Instagram";"4 937 352";"4 408 004";"27 562 239";"2024-09-10 23:56:33"
"2024-09-06";"Instagram";"4 239 811";"3 068 888";"27 563 306";"2024-09-06 06:39:06"
"2024-09-10";"";"482 477";"36 697";"27 562 677";"2024-09-10 09:54:31"
"2024-09-04";"";"319 132";"55 892";"27 562 839";"2024-09-04 03:24:30"
"2024-09-07";"";"1 221 996";"127 497";"27 561 788";"2024-09-08 00:33:54"
"2024-09-03";"";"3 869 233";"202 939";"27 562 419";"2024-09-03 23:32:41"
"2024-09-03";"";"104 801";"264 602";"27 561 956";"2024-09-03 22:43:34"
"2024-09-03";"";"94 076";"96 364";"27 561 262";"2024-09-03 03:00:44"
"2024-09-03";"";"86 263";"25 208";"27 562 320";"2024-09-03 18:51:34"
"2024-09-07";"";"104 591";"145 854";"27 562 330";"2024-09-07 08:05:44"
"2024-09-05";"WhatsApp";"3 056 649";"5 599 512";"27 562 041";"2024-09-05 12:21:41"
"2024-09-02";"";"137 293";"7 165";"27 562 497";"2024-09-02 05:38:04"
"2024-09-03";"";"98 991";"12 119";"27 562 337";"2024-09-03 17:50:31"
"2024-09-10";"";"180 299";"729 830";"27 563 512";"2024-09-10 04:49:41"
"2024-09-09";"";"181 957";"520 828";"27 563 240";"2024-09-09 20:05:07"
"2024-09-02";"";"30 335";"960";"27 562 536";"2024-09-03 02:35:12"
"2024-09-03";"";"904 288";"78 853";"27 561 243";"2024-09-03 08:41:51"
"2024-09-03";"YouTube";"74 564";"639 570";"27 561 850";"2024-09-03 17:14:01"
"2024-09-02";"";"279 541";"40 854";"27 563 316";"2024-09-02 22:55:23"
"2024-09-02";"";"162 148";"59 480";"27 562 675";"2024-09-02 15:48:56"
"2024-09-06";"VKontakte";"47 968";"18 242";"27 562 865";"2024-09-06 21:30:02"
"2024-09-08";"Odnoklassniki";"26 143";"3 026";"27 563 148";"2024-09-08 12:09:51"
"2024-09-08";"";"283 745";"14 272";"27 562 609";"2024-09-08 12:57:40"
"2024-09-01";"YouTube";"89 302";"13 458";"27 562 617";"2024-09-01 19:40:07"
"2024-09-06";"";"33 295";"2 939";"27 562 788";"2024-09-06 21:54:02"
"2024-09-08";"";"107 776";"8 763";"27 563 094";"2024-09-08 22:19:25"
"2024-09-10";"";"28 391";"8 595";"27 561 383";"2024-09-10 05:26:09"
"2024-09-08";"";"334 171";"46 772";"27 562 143";"2024-09-08 18:03:29"
"2024-09-06";"Facebook";"27 357";"4 576";"27 561 604";"2024-09-06 16:13:19"
"2024-09-03";"";"1 190";"65 537";"27 561 633";"2024-09-03 10:07:07"
"2024-09-01";"";"34 107";"2 661";"27 561 718";"2024-09-01 03:48:07"
"2024-09-02";"";"31 865";"4 389";"27 562 083";"2024-09-02 17:14:02"
"2024-09-07";"";"26 679";"8 066";"27 563 033";"2024-09-07 20:05:47"
"2024-09-01";"";"580";"26 802";"27 563 096";"2024-09-02 01:22:33"
"2024-09-03";"";"35 239";"6 818";"27 563 419";"2024-09-03 12:57:00"
"2024-09-09";"";"41 174";"6 104";"27 562 558";"2024-09-10 01:58:52"
"2024-09-01";"Telegram";"32 161 407";"5 967 893";"27 562 204";"2024-09-01 23:20:53"
"2024-09-10";"";"12 152 952";"761 298";"27 562 758";"2024-09-10 21:30:22"
"2024-09-06";"Facebook";"103 523";"67 479";"27 562 055";"2024-09-06 05:02:30"
"2024-09-01";"Facebook";"96 351";"48 558";"27 561 608";"2024-09-02 00:09:09"
"2024-09-07";"";"201 256";"69 565";"27 561 456";"2024-09-07 08:41:08"
"2024-09-05";"";"29 003";"2 652";"27 562 780";"2024-09-06 02:35:16"
"2024-09-03";"";"2 582 518";"1 322 168";"27 562 656";"2024-09-03 09:06:46"
"2024-09-03";"YouTube";"2 715 198";"376 297";"27 562 895";"2024-09-03 10:55:14"
"2024-09-08";"YouTube";"44 063";"498 947";"27 562 645";"2024-09-08 13:10:30"
"2024-09-06";"TikTok";"731 558";"1 187 087";"27 563 344";"2024-09-06 16:25:46"
"2024-09-04";"";"94 733";"7 728";"27 561 433";"2024-09-04 08:41:04"
"2024-09-09";"";"937 272";"151 123";"27 562 889";"2024-09-09 22:55:23"
"2024-09-07";"";"168 985";"20 456";"27 563 035";"2024-09-07 12:21:34"
"2024-09-01";"";"1 123 841";"358 616";"27 562 503";"2024-09-01 04:37:04"
"2024-09-09";"";"624 147";"27 281";"27 562 866";"2024-09-09 23:08:34"
"2024-09-06";"";"180 008";"7 474";"27 562 839";"2024-09-06 21:42:14"
"2024-09-10";"";"110 334";"14 678";"27 563 515";"2024-09-10 23:32:50"
"2024-09-09";"TikTok";"3 276";"165 431";"27 562 957";"2024-09-09 14:47:07"
"2024-09-06";"";"291 821";"47 683";"27 562 497";"2024-09-06 03:24:35"
"2024-09-04";"";"1 329 467";"67 737";"27 562 330";"2024-09-04 23:44:52"
"2024-09-01";"Instagram";"104 782";"79 825";"27 561 782";"2024-09-02 02:47:46"
"2024-09-09";"Instagram";"47 258 997";"2 908 765";"27 561 265";"2024-09-09 13:22:17"
"2024-09-01";"";"41 828 520";"2 185 361";"27 563 061";"2024-09-01 20:41:38"
"2024-09-03";"Facebook";"125 203";"51 630";"27 563 048";"2024-09-03 04:13:28"
"2024-09-10";"";"7 339";"123 604";"27 563 128";"2024-09-11 02:23:49"
"2024-09-07";"";"9 508";"147 222";"27 563 491";"2024-09-07 13:10:07"
"2024-09-09";"";"1 892 253";"118 900";"27 562 971";"2024-09-09 04:13:11"
"2024-09-06";"";"6 729 207";"265 524";"27 562 898";"2024-09-06 06:51:47"
"2024-09-02";"";"30 506";"2 812";"27 561 414";"2024-09-02 09:18:33"
"2024-09-02";"";"980 683";"32 582";"27 563 381";"2024-09-02 12:45:52"
"2024-09-08";"";"4 721 463";"168 552";"27 561 641";"2024-09-08 18:15:00"
"2024-09-02";"Instagram";"45 940 089";"2 006 817";"27 562 170";"2024-09-02 21:06:09"
"2024-09-09";"";"269 683";"38 649";"27 563 367";"2024-09-09 07:52:23"
"2024-09-03";"";"1 013 015";"131 257";"27 563 410";"2024-09-03 03:12:42"
"2024-09-01";"";"29 495";"6 468";"27 561 855";"2024-09-01 14:23:59"
"2024-09-03";"";"193 811";"94 861";"27 563 014";"2024-09-03 03:12:06"
"2024-09-07";"";"33 097";"6 109";"27 562 593";"2024-09-07 17:26:32"
"2024-09-01";"TikTok";"65 371";"132 510";"27 561 569";"2024-09-01 04:01:58"
"2024-09-05";"";"35 021";"66 311";"27 562 840";"2024-09-05 07:52:53"
"2024-09-05";"YouTube";"1 143 219";"2 238 350";"27 563 107";"2024-09-05 20:29:35"
"2024-09-04";"Odnoklassniki";"1 320 572";"757 077";"27 562 611";"2024-09-04 20:29:16"
"2024-09-10";"";"39 712";"42 168";"27 562 405";"2024-09-10 19:40:38"
"2024-09-02";"Facebook";"1 097 292";"32 958";"27 561 817";"2024-09-02 21:30:22"
"2024-09-04";"";"70 066";"310 992";"27 563 384";"2024-09-04 13:58:30"
"2024-09-06";"YouTube";"12 104 888";"643 844";"27 561 417";"2024-09-06 07:52:47"
"2024-09-08";"YouTube";"351 031";"49 866";"27 562 366";"2024-09-08 04:37:48"
"2024-09-09";"";"30 604";"4 941";"27 561 564";"2024-09-09 04:25:55"
"2024-09-01";"YouTube";"14 915 901";"981 815";"27 563 177";"2024-09-01 23:56:37"
"2024-09-01";"";"123 576";"18 765";"27 562 692";"2024-09-02 00:21:43"
"2024-09-07";"";"80 160";"96 016";"27 561 199";"2024-09-07 19:16:21"
"2024-09-08";"Instagram";"19 397 739";"33 646 971";"27 562 993";"2024-09-08 09:30:47"
"2024-09-02";"";"100 820";"5 717";"27 563 041";"2024-09-02 04:37:45"
"2024-09-02";"";"5 196";"152 248";"27 561 430";"2024-09-02 07:04:14"
"2024-09-06";"";"83 974";"4 592";"27 562 003";"2024-09-06 09:06:45"
"2024-09-08";"";"321 341";"90 309";"27 563 304";"2024-09-08 05:50:36"
"2024-09-01";"YouTube";"139 141";"31 549";"27 563 183";"2024-09-01 05:50:26"
"2024-09-10";"";"49 011 646";"4 591 378";"27 562 615";"2024-09-10 11:44:50"
"2024-09-03";"";"17 391";"127 659";"27 561 420";"2024-09-03 21:30:10"
"2024-09-08";"";"30 652";"9 023";"27 561 536";"2024-09-08 06:15:36"
"2024-09-09";"";"86 793";"8 280";"27 562 255";"2024-09-09 12:33:50"
"2024-09-07";"Telegram";"357 299";"25 666";"27 561 216";"2024-09-08 00:45:49"
"2024-09-08";"";"354 920";"19 978";"27 561 851";"2024-09-08 21:18:28"
"2024-09-10";"";"41 426";"2 311";"27 563 157";"2024-09-10 12:57:17"
"2024-09-06";"";"335 990";"251 638";"27 562 674";"2024-09-06 15:48:56"
"2024-09-10";"";"18 488";"721 388";"27 561 361";"2024-09-10 07:16:18"
"2024-09-06";"";"1 109 948";"79 940";"27 562 829";"2024-09-06 19:28:18"
"2024-09-07";"";"46 146";"4 681";"27 563 017";"2024-09-07 22:07:28"
"2024-09-04";"";"151 465";"9 653";"27 563 029";"2024-09-04 09:18:51"
"2024-09-03";"";"436 150";"183 103";"27 562 069";"2024-09-03 08:53:12"
"2024-09-05";"";"702 028";"29 335";"27 561 811";"2024-09-05 14:23:53"
"2024-09-07";"";"289 835";"82 683";"27 563 291";"2024-09-07 17:38:05"
"2024-09-01";"";"467 080";"46 570";"27 562 102";"2024-09-01 05:50:36"
"2024-09-05";"";"210 374";"6 255";"27 561 396";"2024-09-05 08:29:06"
"2024-09-03";"";"160 889";"206 522";"27 561 501";"2024-09-03 22:31:14"
"2024-09-07";"";"160 090";"12 557";"27 561 873";"2024-09-07 18:27:46"
"2024-09-07";"";"454 436";"24 200";"27 561 872";"2024-09-07 07:16:46"
"2024-09-03";"";"187 945";"14 806";"27 563 101";"2024-09-04 02:11:47"
"2024-09-03";"";"38 390";"4 487";"27 562 903";"2024-09-03 16:37:08"
"2024-09-06";"";"99 598";"7 971";"27 562 364";"2024-09-06 04:49:55"
"2024-09-03";"";"77 770";"5 335";"27 561 908";"2024-09-03 20:05:51"
"2024-09-07";"";"238 206";"12 363";"27 562 621";"2024-09-07 12:09:45"
"2024-09-10";"WhatsApp";"25 848";"5 921";"27 562 890";"2024-09-10 20:29:17"
"2024-09-02";"";"117 493";"681 397";"27 561 232";"2024-09-02 05:50:08"
"2024-09-01";"YouTube";"1 020 193";"70 763";"27 561 605";"2024-09-01 15:36:49"
"2024-09-07";"";"27 789";"28 053";"27 561 501";"2024-09-07 21:42:18"
"2024-09-06";"";"2 479 347";"105 725";"27 563 491";"2024-09-06 11:32:50"
"2024-09-03";"Telegram";"3 288 494";"272 507";"27 562 788";"2024-09-03 04:01:30"
"2024-09-02";"";"27 155";"2 009";"27 561 564";"2024-09-02 07:04:51"
"2024-09-03";"";"391 045";"16 951";"27 561 410";"2024-09-03 23:56:59"
"2024-09-04";"";"111 809";"7 471";"27 563 341";"2024-09-04 03:00:52"
"2024-09-01";"";"141 917";"8 639 535";"27 562 034";"2024-09-01 23:32:34"
"2024-09-10";"";"272 816";"49 998";"27 562 704";"2024-09-10 17:14:48"
"2024-09-10";"";"3 544 123";"505 928";"27 563 386";"2024-09-10 06:51:00"
"2024-09-03";"";"6 630";"75 926";"27 561 725";"2024-09-03 23:56:45"
"2024-09-04";"";"1 030 449";"75 733";"27 563 264";"2024-09-05 01:22:21"
"2024-09-03";"";"229 413";"28 172";"27 562 352";"2024-09-03 20:05:55"
"2024-09-01";"";"56 155";"22 834";"27 563 014";"2024-09-01 08:29:09"
"2024-09-02";"";"110 446 703";"3 369 826";"27 563 238";"2024-09-02 12:09:25"
"2024-09-03";"Yandex";"68 991";"31 606";"27 561 468";"2024-09-03 16:37:45"
"2024-09-03";"";"430 643";"38 926";"27 563 009";"2024-09-03 12:09:15"
"2024-09-03";"";"74 511";"304 631";"27 561 462";"2024-09-03 17:02:11"
"2024-09-06";"YouTube";"135 440";"42 232";"27 562 898";"2024-09-06 03:12:36"
"2024-09-10";"";"152 161";"26 138";"27 561 680";"2024-09-10 06:39:42"
"2024-09-08";"";"84 255";"26 282";"27 562 758";"2024-09-08 20:17:25"
"2024-09-07";"";"205 364";"25 422";"27 562 748";"2024-09-07 05:26:27"
"2024-09-05";"";"3 528 221";"243 648";"27 562 239";"2024-09-05 08:29:38"
"2024-09-04";"";"33 648";"2 499";"27 562 803";"2024-09-04 06:27:01"
"2024-09-06";"";"11 381 304";"295 636";"27 563 051";"2024-09-06 07:40:09"
"2024-09-03";"";"96 822";"14 168";"27 561 176";"2024-09-03 17:50:29"
"2024-09-06";"";"94 550";"102 376";"27 562 992";"2024-09-06 09:06:49"
"2024-09-04";"YouTube";"2 883 496";"136 202";"27 562 865";"2024-09-04 21:18:16"
"2024-09-09";"";"49 049 872";"2 284 220";"27 562 521";"2024-09-09 15:12:40"
"2024-09-07";"";"3 402 608";"1 380 247";"27 562 698";"2024-09-07 18:15:08"
"2024-09-01";"Instagram";"3 340 354";"195 799";"27 563 031";"2024-09-01 20:53:21"
"2024-09-01";"Apple Music";"66 552 931";"2 621 246";"27 562 317";"2024-09-01 12:57:01"
"2024-09-10";"";"122 607";"39 319";"27 563 211";"2024-09-11 01:46:59"
"2024-09-07";"WhatsApp";"7 094 267";"37 693 923";"27 562 199";"2024-09-07 17:50:41"
"2024-09-04";"";"38 180";"161 365";"27 562 291";"2024-09-04 12:45:15"
"2024-09-06";"Facebook";"603 912";"45 017";"27 563 469";"2024-09-06 20:29:09"
"2024-09-09";"";"41 825";"3 142";"27 561 611";"2024-09-09 18:27:29"
"2024-09-04";"";"117 039";"313 237";"27 561 325";"2024-09-04 07:16:42"
"2024-09-05";"";"2 024 622";"266 109";"27 563 006";"2024-09-05 06:51:47"
"2024-09-04";"";"230 107";"13 297";"27 561 927";"2024-09-04 23:44:34"
"2024-09-09";"";"87 626";"5 996";"27 561 687";"2024-09-10 01:22:36"
"2024-09-03";"";"6 400 111";"217 708";"27 561 965";"2024-09-03 14:59:58"
"2024-09-07";"";"44 482";"5 833";"27 562 445";"2024-09-07 14:35:23"
"2024-09-01";"YouTube";"1 105 418";"48 240";"27 561 680";"2024-09-01 05:38:16"
"2024-09-01";"";"119 419";"6 066";"27 562 421";"2024-09-01 16:25:54"
"2024-09-10";"";"51 786";"298 495";"27 562 810";"2024-09-10 04:01:22"
"2024-09-08";"YouTube";"922 237";"139 255";"27 563 072";"2024-09-08 23:32:54"
"2024-09-05";"";"1 078";"60 808";"27 563 128";"2024-09-05 17:26:18"
"2024-09-08";"";"532 189";"29 552";"27 561 312";"2024-09-09 00:21:37"
"2024-09-07";"Instagram";"2 873 885";"293 891";"27 562 127";"2024-09-07 19:16:57"
"2024-09-03";"";"2 923 953";"224 057";"27 561 435";"2024-09-03 05:50:40"
"2024-09-06";"Apple Music";"1 194 785";"37 205";"27 562 988";"2024-09-07 01:10:19"
"2024-09-07";"YouTube";"259 906";"15 782";"27 561 269";"2024-09-07 03:48:56"
"2024-09-08";"Telegram";"45 213";"6 976";"27 562 094";"2024-09-08 16:49:41"
"2024-09-08";"";"28 622";"11 425";"27 562 427";"2024-09-08 18:27:40"
"2024-09-08";"";"30 470";"3 302";"27 562 476";"2024-09-08 07:52:37"
"2024-09-09";"YouTube";"2 799 302";"8 928 610";"27 561 445";"2024-09-09 03:12:39"
"2024-09-04";"";"180 637";"147 903";"27 562 083";"2024-09-04 07:40:45"
"2024-09-02";"";"139 153 137";"7 940 085";"27 562 083";"2024-09-02 09:42:32"
"2024-09-03";"";"50 279";"46 979";"27 563 336";"2024-09-03 13:58:12"
"2024-09-07";"";"51 967";"5 455";"27 562 956";"2024-09-07 17:02:34"
"2024-09-03";"";"515 203";"37 527";"27 563 147";"2024-09-03 13:10:07"
"2024-09-03";"";"302 494";"30 161";"27 561 708";"2024-09-03 18:15:26"
"2024-09-06";"";"31 770";"2 824";"27 562 009";"2024-09-06 13:34:45"
"2024-09-07";"";"336 635";"35 891";"27 563 413";"2024-09-08 01:46:05"
"2024-09-02";"";"247 130";"12 605";"27 561 684";"2024-09-02 10:55:17"
"2024-09-05";"Facebook";"885 166";"57 706";"27 563 313";"2024-09-05 11:32:08"
"2024-09-03";"";"210 318";"56 313";"27 562 037";"2024-09-03 18:51:26"
"2024-09-01";"";"392 984";"46 933";"27 561 690";"2024-09-02 00:57:19"
"2024-09-08";"";"139 868";"41 530";"27 563 154";"2024-09-08 09:18:13"
"2024-09-04";"YouTube";"107 913";"22 139";"27 562 474";"2024-09-04 23:32:40"
"2024-09-07";"";"86 928";"8 527";"27 563 415";"2024-09-07 10:55:54"
"2024-09-09";"";"33 213";"54 000";"27 562 681";"2024-09-10 00:33:32"
"2024-09-10";"Unknown";"944 293";"25 766";"27 561 792";"2024-09-10 06:39:40"
"2024-09-07";"";"173 647";"123 009";"27 563 478";"2024-09-07 19:16:26"
"2024-09-02";"";"38 023";"2 188";"27 562 858";"2024-09-02 14:11:42"
"2024-09-07";"";"1 797 723";"76 729";"27 561 224";"2024-09-07 07:52:24"
"2024-09-09";"Telegram";"17 052 509";"1 306 563";"27 562 790";"2024-09-09 11:32:50"
"2024-09-06";"";"1 811 957";"49 710";"27 562 717";"2024-09-06 14:47:16"
"2024-09-03";"";"71 380";"15 282";"27 562 609";"2024-09-04 01:22:26"
"2024-09-04";"";"437 128";"19 029";"27 562 732";"2024-09-04 16:37:01"
"2024-09-07";"";"65 805";"3 395";"27 563 174";"2024-09-07 11:20:32"
"2024-09-03";"";"40 055";"1 972";"27 563 143";"2024-09-03 06:27:00"
"2024-09-08";"YouTube";"591 955";"86 711";"27 562 712";"2024-09-08 21:06:06"
"2024-09-04";"WeChat";"36 995";"22 871";"27 562 821";"2024-09-04 13:46:58"
"2024-09-10";"Apple Music";"56 209";"2 955";"27 563 262";"2024-09-10 07:04:51"
"2024-09-04";"YouTube";"72 185";"229 420";"27 561 834";"2024-09-05 00:45:16"
"2024-09-09";"YouTube";"1 240 376";"561 207";"27 561 195";"2024-09-10 02:23:15"
"2024-09-03";"";"367 402";"171 584";"27 563 408";"2024-09-03 21:06:49"
"2024-09-04";"YouTube";"29 240";"14 774";"27 562 118";"2024-09-05 01:34:20"
"2024-09-09";"";"338 308";"22 433";"27 562 865";"2024-09-10 00:21:07"
"2024-09-03";"";"62 499";"11 015";"27 561 556";"2024-09-03 05:14:15"
"2024-09-03";"";"401 261";"33 113";"27 562 514";"2024-09-04 01:34:23"
"2024-09-10";"";"193 543";"9 168";"27 562 675";"2024-09-10 10:31:47"
"2024-09-07";"";"12 069";"28 229";"27 561 231";"2024-09-07 05:38:42"
"2024-09-02";"";"34 701";"14 445";"27 563 508";"2024-09-02 21:06:11"
"2024-09-08";"";"111 300";"10 698";"27 561 534";"2024-09-08 09:18:19"
"2024-09-03";"";"430 636";"25 788";"27 561 383";"2024-09-03 19:04:04"
"2024-09-10";"";"140 921";"6 492";"27 562 604";"2024-09-10 08:53:34"
"2024-09-07";"Instagram";"165 076";"43 341";"27 563 016";"2024-09-07 04:37:44"
"2024-09-01";"";"125 734";"7 151";"27 563 440";"2024-09-02 00:45:08"
"2024-09-04";"";"494 315";"21 873";"27 562 398";"2024-09-04 23:08:01"
"2024-09-05";"";"314 824";"9 575";"27 563 177";"2024-09-05 18:39:03"
"2024-09-10";"";"12 618 594";"844 998";"27 563 157";"2024-09-10 03:12:55"
"2024-09-05";"";"7 950 061";"289 120";"27 563 369";"2024-09-05 08:41:11"
"2024-09-06";"";"13 267 432";"966 752";"27 561 884";"2024-09-06 03:24:21"
"2024-09-06";"";"1 630 847";"52 534";"27 561 279";"2024-09-07 00:21:33"
"2024-09-10";"";"942 961";"38 987";"27 561 997";"2024-09-10 15:48:39"
"2024-09-04";"";"439 344";"18 296";"27 562 400";"2024-09-04 11:20:16"
"2024-09-04";"";"44 027";"19 469";"27 561 379";"2024-09-04 19:16:34"
"2024-09-01";"Instagram";"151 372";"25 877";"27 562 097";"2024-09-01 12:09:32"
"2024-09-03";"Unknown";"20 326 417";"920 917";"27 561 350";"2024-09-03 17:14:13"
"2024-09-08";"";"76 590";"9 441";"27 562 987";"2024-09-08 18:51:20"
"2024-09-06";"Facebook";"1 534 275";"681 192";"27 563 065";"2024-09-06 06:27:14"
"2024-09-04";"";"10 711 078";"629 719";"27 563 311";"2024-09-04 08:17:07"
"2024-09-05";"";"95 153";"10 763";"27 563 507";"2024-09-05 07:16:39"
"2024-09-06";"";"526 453";"147 481";"27 562 580";"2024-09-06 17:14:19"
"2024-09-01";"";"106 313";"115 644";"27 562 836";"2024-09-01 08:17:59"
"2024-09-06";"YouTube";"3 003 288";"1 433 813";"27 562 892";"2024-09-06 08:41:31"
"2024-09-01";"";"43 259";"3 453";"27 561 542";"2024-09-01 11:32:47"
"2024-09-09";"";"43 293";"4 342";"27 561 180";"2024-09-09 22:55:56"
"2024-09-10";"Telegram";"413 623";"102 073";"27 562 490";"2024-09-10 11:56:56"
"2024-09-04";"";"691 828";"65 252";"27 562 838";"2024-09-04 03:00:10"
"2024-09-09";"";"3 112";"56 260";"27 563 052";"2024-09-09 23:32:53"
"2024-09-03";"";"37 434";"12 758";"27 561 290";"2024-09-03 11:32:21"
"2024-09-07";"";"102 881";"62 864";"27 562 849";"2024-09-07 04:25:37"
"2024-09-08";"";"39 086";"2 208";"27 563 307";"2024-09-08 17:14:52"
"2024-09-04";"";"95 650";"9 568";"27 561 761";"2024-09-04 05:38:32"
"2024-09-05";"";"433 390";"17 740";"27 563 083";"2024-09-05 05:50:11"
"2024-09-10";"YouTube";"8 849 690";"616 124";"27 563 216";"2024-09-11 01:34:38"
"2024-09-06";"";"54 387";"2 225";"27 562 331";"2024-09-06 23:32:26"
"2024-09-08";"Telegram";"501 737";"38 774";"27 562 384";"2024-09-08 10:31:05"
"2024-09-01";"";"2 252 129";"246 450";"27 562 741";"2024-09-01 14:59:25"
"2024-09-05";"";"673 188";"61 606";"27 562 516";"2024-09-05 13:34:27"
"2024-09-08";"";"6 819";"27 645";"27 562 172";"2024-09-08 03:24:44"
"2024-09-06";"";"4 487 161";"7 609";"27 561 171";"2024-09-06 05:50:07"
"2024-09-01";"Unknown";"1 153 135";"210 446";"27 562 059";"2024-09-02 00:21:15"
"2024-09-03";"";"430 009";"39 409";"27 563 030";"2024-09-03 05:38:14"
"2024-09-08";"";"178 832";"10 499";"27 562 289";"2024-09-08 22:31:33"
"2024-09-04";"";"450 788";"26 706";"27 561 417";"2024-09-04 17:14:34"
"2024-09-04";"YouTube";"13 295 782";"870 133";"27 562 535";"2024-09-04 14:35:59"
"2024-09-07";"";"745 607";"123 846";"27 562 260";"2024-09-07 08:53:54"
"2024-09-08";"";"107 824";"32 768";"27 562 640";"2024-09-08 03:12:25"
"2024-09-08";"Spotify";"501 673";"349 670";"27 562 572";"2024-09-08 18:03:53"
"2024-09-04";"";"53 735";"1 838";"27 561 840";"2024-09-04 16:13:15"
"2024-09-09";"YouTube";"7 012 195";"366 544";"27 563 261";"2024-09-09 14:59:47"
"2024-09-05";"";"66 576 593";"5 437 724";"27 562 841";"2024-09-05 16:37:23"
"2024-09-09";"";"47 532";"199 963";"27 563 096";"2024-09-09 10:55:14"
"2024-09-01";"";"562 959";"14 072";"27 561 171";"2024-09-02 02:11:10"
"2024-09-04";"";"316 233";"68 527";"27 563 211";"2024-09-04 19:40:07"
"2024-09-03";"";"98 038";"3 637";"27 561 264";"2024-09-03 14:35:56"
"2024-09-07";"";"4 900";"27 441";"27 561 592";"2024-09-07 16:01:23"
"2024-09-02";"Telegram";"31 701 462";"2 040 565";"27 563 216";"2024-09-02 22:07:40"
"2024-09-04";"YouTube";"5 286 956";"2 983 946";"27 561 372";"2024-09-05 01:22:29"
"2024-09-08";"";"13 771";"67 765";"27 561 857";"2024-09-08 11:56:35"
"2024-09-02";"";"1 712 448";"147 512";"27 563 198";"2024-09-02 11:20:59"
"2024-09-09";"Facebook";"159 310";"12 748";"27 563 097";"2024-09-09 05:38:40"
"2024-09-07";"";"32 005";"15 045";"27 563 065";"2024-09-07 13:10:50"
"2024-09-06";"";"1 551 793";"411 362";"27 563 017";"2024-09-06 06:15:11"
"2024-09-04";"Instagram";"1 771 451";"327 939";"27 562 088";"2024-09-04 17:50:53"
"2024-09-10";"";"627 258";"20 064";"27 563 333";"2024-09-10 21:42:53"
"2024-09-01";"";"31 544";"22 459";"27 561 936";"2024-09-01 06:03:00"
"2024-09-06";"";"274 564";"9 867";"27 562 699";"2024-09-06 10:31:24"
"2024-09-05";"Telegram";"3 030 968";"113 423";"27 562 423";"2024-09-05 10:31:03"
"2024-09-07";"";"55 744 702";"2 992 374";"27 562 663";"2024-09-07 07:16:30"
"2024-09-08";"";"29 052";"27 240";"27 561 428";"2024-09-08 15:12:22"
"2024-09-09";"Instagram";"26 959 883";"1 162 322";"27 562 648";"2024-09-09 16:25:02"
"2024-09-02";"Facebook";"30 027";"10 552";"27 562 314";"2024-09-02 22:19:45"
"2024-09-01";"Yandex";"53 262";"8 255";"27 563 049";"2024-09-01 08:17:15"
"2024-09-07";"";"25 191";"26 649";"27 562 100";"2024-09-07 03:00:38"
"2024-09-02";"Instagram";"26 217";"4 711";"27 562 117";"2024-09-02 19:28:09"
"2024-09-08";"";"263 321";"16 140";"27 561 357";"2024-09-08 08:41:34"
"2024-09-08";"";"15 176";"41 597";"27 561 176";"2024-09-08 16:13:27"
"2024-09-06";"";"27 689";"5 623";"27 562 490";"2024-09-06 03:12:33"
"2024-09-04";"YouTube";"374 472 733";"24 931 429";"27 561 429";"2024-09-04 05:02:21"
"2024-09-06";"";"161 074";"20 169";"27 563 424";"2024-09-06 22:43:12"
"2024-09-09";"Facebook";"9 045 827";"182 060";"27 563 338";"2024-09-09 10:07:58"
"2024-09-05";"";"104 477";"13 082";"27 563 177";"2024-09-05 10:19:35"
"2024-09-10";"Instagram";"2 994 685";"106 108";"27 563 424";"2024-09-10 20:53:47"
"2024-09-06";"";"59 847";"27 977";"27 562 291";"2024-09-06 11:44:38"
"2024-09-05";"";"6 722 551";"786 676";"27 562 240";"2024-09-05 14:47:32"
"2024-09-09";"";"5 867";"30 865";"27 561 538";"2024-09-09 15:12:07"
"2024-09-10";"";"2 480";"110 182";"27 562 656";"2024-09-10 09:42:46"
"2024-09-05";"";"2 862 946";"106 686";"27 561 753";"2024-09-05 19:52:56"
"2024-09-02";"WhatsApp";"2 086 118";"2 027 100";"27 562 630";"2024-09-02 05:38:32"
"2024-09-04";"";"94 861";"9 411";"27 561 959";"2024-09-04 19:52:22"
"2024-09-03";"";"146 618";"26 253";"27 563 410";"2024-09-04 02:11:48"
"2024-09-02";"";"1 151 545";"53 866";"27 561 616";"2024-09-02 14:11:54"
"2024-09-07";"";"585 214";"27 521";"27 563 382";"2024-09-07 18:15:07"
"2024-09-09";"";"3 966 703";"189 950";"27 561 435";"2024-09-10 00:33:46"
"2024-09-05";"Facebook";"82 387";"46 817";"27 561 760";"2024-09-05 15:24:32"
"2024-09-03";"";"713 283";"120 152";"27 562 820";"2024-09-03 14:35:54"
"2024-09-08";"";"30 188";"3 114";"27 563 445";"2024-09-08 17:02:33"
"2024-09-08";"Instagram";"2 828 270";"418 527";"27 562 599";"2024-09-08 08:17:07"
"2024-09-09";"";"28 450";"4 896";"27 561 886";"2024-09-09 13:46:33"
"2024-09-06";"";"6 043";"28 003";"27 562 667";"2024-09-06 17:26:40"
"2024-09-03";"";"566 500";"42 231";"27 563 269";"2024-09-03 22:31:27"
"2024-09-09";"";"34 569";"16 857";"27 561 587";"2024-09-09 21:06:34"
"2024-09-07";"Telegram";"49 011";"5 267";"27 563 269";"2024-09-07 17:38:02"
"2024-09-03";"";"13 121";"115 173";"27 561 745";"2024-09-03 17:14:22"
"2024-09-04";"Telegram";"7 630 837";"548 070";"27 561 426";"2024-09-04 22:07:09"
"2024-09-08";"";"112 678";"40 010";"27 562 357";"2024-09-08 03:48:26"
"2024-09-02";"Yandex";"151 250";"12 359";"27 563 497";"2024-09-02 04:49:16"
"2024-09-05";"Yandex";"472 907";"27 836";"27 561 315";"2024-09-05 10:43:27"
"2024-09-03";"";"9 660";"55 376";"27 561 477";"2024-09-03 23:56:50"
"2024-09-10";"";"34 290";"11 826";"27 562 720";"2024-09-10 15:36:41"
"2024-09-07";"";"33 908";"2 882";"27 563 139";"2024-09-08 01:10:07"
"2024-09-05";"";"25 765";"23 853";"27 562 645";"2024-09-05 13:58:16"
"2024-09-01";"";"191 132";"8 057";"27 561 392";"2024-09-01 16:49:11"
"2024-09-06";"Facebook";"94 658";"17 950";"27 563 236";"2024-09-06 03:48:46"
"2024-09-10";"";"79 583";"7 522";"27 562 099";"2024-09-10 12:45:31"
"2024-09-08";"Yandex";"46 027";"197 441";"27 562 339";"2024-09-08 15:48:34"
"2024-09-05";"";"48 000";"7 176";"27 563 113";"2024-09-05 03:36:11"
"2024-09-10";"";"1 721 919";"84 013";"27 562 122";"2024-09-10 07:52:59"
"2024-09-10";"YouTube";"38 019 317";"1 480 833";"27 562 633";"2024-09-10 17:50:21"
"2024-09-10";"";"281 010";"209 171";"27 562 580";"2024-09-10 08:41:41"
"2024-09-07";"";"457 655";"25 796";"27 562 564";"2024-09-07 22:31:34"
"2024-09-05";"Telegram";"151 670 439";"10 092 451";"27 561 662";"2024-09-05 13:10:28"
"2024-09-05";"WhatsApp";"139 709";"14 227";"27 562 548";"2024-09-05 03:36:39"
"2024-09-10";"";"51 543";"5 870";"27 562 808";"2024-09-10 08:53:34"
"2024-09-09";"";"34 214";"4 520";"27 563 121";"2024-09-10 01:34:27"
"2024-09-05";"YouTube";"95 455";"39 874";"27 561 250";"2024-09-05 20:29:33"
"2024-09-05";"";"15 742";"200 050";"27 561 362";"2024-09-05 11:32:57"
"2024-09-04";"Instagram";"253 773";"6 028";"27 562 647";"2024-09-04 04:01:18"
"2024-09-07";"Yandex";"112 538";"5 202";"27 561 775";"2024-09-07 23:20:37"
"2024-09-03";"";"130 562 270";"10 951 214";"27 561 680";"2024-09-03 07:04:34"
"2024-09-04";"";"34 314";"1 723";"27 563 314";"2024-09-04 16:37:00"
"2024-09-04";"Facebook";"236 992";"64 583";"27 563 450";"2024-09-04 18:15:15"
"2024-09-04";"";"47 787";"4 774";"27 563 069";"2024-09-04 04:01:45"
"2024-09-05";"";"30 489";"5 843";"27 561 307";"2024-09-05 23:32:03"
"2024-09-05";"YouTube";"71 752";"702 705";"27 561 332";"2024-09-05 04:37:04"
"2024-09-07";"";"61 754";"4 659";"27 563 107";"2024-09-07 08:53:04"
"2024-09-03";"";"122 359";"25 318";"27 562 470";"2024-09-03 08:17:36"
"2024-09-02";"";"113 751";"5 438";"27 563 466";"2024-09-02 08:29:51"
"2024-09-06";"";"92 700";"6 917";"27 561 262";"2024-09-06 20:17:36"
"2024-09-03";"Facebook";"135 120";"16 268";"27 561 557";"2024-09-03 23:08:13"
"2024-09-01";"Yandex";"38 473";"250 784";"27 562 355";"2024-09-01 12:57:12"
"2024-09-02";"";"474 732";"109 678";"27 562 255";"2024-09-02 13:10:24"
"2024-09-07";"";"2 288 448";"103 496";"27 561 778";"2024-09-07 11:44:39"
"2024-09-10";"Instagram";"7 712 146";"361 123";"27 562 615";"2024-09-10 08:29:32"
"2024-09-09";"";"131 430";"8 448";"27 561 213";"2024-09-09 09:18:18"
"2024-09-03";"YouTube";"3 916 081";"230 162";"27 561 742";"2024-09-03 06:03:02"
"2024-09-02";"";"658 852";"53 887";"27 561 956";"2024-09-02 14:59:47"
"2024-09-07";"Yandex";"596 050";"211 588";"27 561 920";"2024-09-07 17:38:36"
"2024-09-05";"";"250 062";"24 384";"27 562 968";"2024-09-05 09:06:44"
"2024-09-02";"";"247 755";"69 549";"27 562 739";"2024-09-02 03:24:53"
"2024-09-02";"";"1 494 575";"53 512";"27 562 917";"2024-09-02 18:27:00"
"2024-09-05";"Instagram";"46 429 752";"1 084 143";"27 561 380";"2024-09-05 18:15:58"
"2024-09-05";"Facebook";"27 944";"5 509";"27 562 508";"2024-09-06 00:33:34"
"2024-09-02";"";"1 687 887";"33 422";"27 563 291";"2024-09-02 08:29:53"
"2024-09-08";"";"1 455 072";"238 367";"27 562 360";"2024-09-09 02:59:14"
"2024-09-06";"";"488 652";"134 746";"27 563 503";"2024-09-07 01:58:53"
"2024-09-06";"";"521 037";"21 569";"27 562 675";"2024-09-06 17:26:26"
"2024-09-09";"";"126 574";"23 719";"27 561 386";"2024-09-09 08:53:02"
"2024-09-06";"YouTube";"35 687";"188 170";"27 561 684";"2024-09-06 12:57:18"
"2024-09-10";"";"106 914";"133 106";"27 562 226";"2024-09-10 23:20:00"
"2024-09-03";"";"346 245";"23 481";"27 561 636";"2024-09-03 09:06:37"
"2024-09-07";"";"27 209";"0";"27 563 451";"2024-09-07 20:29:32"
"2024-09-01";"Facebook";"1 513 328";"162 449";"27 561 481";"2024-09-01 04:37:17"
"2024-09-07";"YouTube";"497 200";"42 864";"27 562 266";"2024-09-07 19:04:00"
"2024-09-05";"";"124 067";"11 848";"27 563 140";"2024-09-05 06:15:39"
"2024-09-08";"";"101 438";"6 701";"27 561 279";"2024-09-08 22:19:01"
"2024-09-09";"";"30 156";"2 910";"27 563 372";"2024-09-09 21:06:30"
"2024-09-06";"Facebook";"115 552";"27 517";"27 561 902";"2024-09-06 08:29:50"
"2024-09-05";"";"30 149";"26 804";"27 562 780";"2024-09-05 04:13:29"
"2024-09-07";"";"885 114";"97 090";"27 561 342";"2024-09-07 07:04:42"
"2024-09-08";"";"916 598";"65 694";"27 562 587";"2024-09-08 23:32:42"
"2024-09-05";"";"340 199";"2 112 843";"27 562 838";"2024-09-05 05:02:50"
"2024-09-02";"YouTube";"1 583 632";"150 515";"27 562 965";"2024-09-02 06:27:01"
"2024-09-03";"";"42 110";"1 885";"27 562 527";"2024-09-03 06:15:19"
"2024-09-06";"";"480";"28 062";"27 563 432";"2024-09-06 09:42:45"
"2024-09-08";"";"102 495";"8 720";"27 562 775";"2024-09-09 02:35:32"
"2024-09-05";"";"77 646";"3 468";"27 562 155";"2024-09-05 21:54:31"
"2024-09-05";"Instagram";"9 610 846";"391 046";"27 562 758";"2024-09-05 15:12:58"
"2024-09-05";"";"30 491";"4 400";"27 562 365";"2024-09-05 22:31:48"
"2024-09-01";"";"52 809";"7 285";"27 561 500";"2024-09-02 01:34:00"
"2024-09-07";"";"302 503";"145 138";"27 562 089";"2024-09-07 20:41:36"
"2024-09-06";"";"323 334";"181 602";"27 561 249";"2024-09-06 03:36:09"
"2024-09-05";"YouTube";"125 962 304";"7 995 834";"27 563 035";"2024-09-05 05:38:21"
"2024-09-10";"";"21 974 743";"630 642";"27 561 347";"2024-09-10 04:25:33"
"2024-09-09";"";"37 181";"85 917";"27 562 148";"2024-09-09 05:38:30"
"2024-09-04";"";"85 315";"10 527";"27 562 286";"2024-09-04 13:22:58"
"2024-09-07";"";"101 969";"25 939";"27 563 147";"2024-09-07 15:48:19"
"2024-09-09";"";"1 099 302";"125 951";"27 562 646";"2024-09-09 08:53:12"
"2024-09-06";"";"356 472";"16 448";"27 561 924";"2024-09-06 11:20:09"
"2024-09-03";"";"453 831";"20 372";"27 561 216";"2024-09-03 14:23:02"
"2024-09-07";"";"34 312";"6 606";"27 561 464";"2024-09-08 01:58:49"
"2024-09-03";"";"37 166";"134 675";"27 563 268";"2024-09-03 04:01:38"
"2024-09-08";"Telegram";"1 494 051 884";"150 148 894";"27 561 892";"2024-09-08 21:18:27"
"2024-09-01";"";"37 304";"4 225";"27 563 171";"2024-09-01 12:09:55"
"2024-09-03";"";"392 942";"23 559";"27 563 402";"2024-09-03 08:41:25"
"2024-09-07";"";"40 005";"3 330";"27 561 482";"2024-09-07 18:15:13"
"2024-09-10";"YouTube";"1 171 045";"77 958";"27 563 029";"2024-09-10 22:43:10"
"2024-09-01";"Facebook";"129 826";"331 119";"27 561 251";"2024-09-01 04:25:49"
"2024-09-08";"YouTube";"1 920 582";"165 275";"27 562 832";"2024-09-08 20:17:38"
"2024-09-05";"";"38 222";"89 058";"27 562 040";"2024-09-05 11:20:12"
"2024-09-05";"YouTube";"1 470 511";"74 818";"27 563 328";"2024-09-05 20:29:33"
"2024-09-04";"";"27 795";"8 520";"27 562 101";"2024-09-04 06:15:03"
"2024-09-06";"";"96 326";"34 739";"27 561 893";"2024-09-06 04:25:50"
"2024-09-05";"";"98 768";"60 607";"27 561 339";"2024-09-05 18:15:33"
"2024-09-08";"";"3 188";"113 543";"27 561 805";"2024-09-08 22:31:27"
"2024-09-10";"";"97 313";"6 185";"27 561 312";"2024-09-10 13:58:14"
"2024-09-06";"";"27 306";"11 052";"27 562 097";"2024-09-06 09:18:23"
"2024-09-08";"";"29 494";"18 239";"27 561 317";"2024-09-09 00:33:57"
"2024-09-01";"";"82 844";"411 330";"27 561 490";"2024-09-01 17:14:21"
"2024-09-08";"";"23 761";"276 129";"27 562 357";"2024-09-08 13:10:58"
"2024-09-06";"";"95 729";"22 177";"27 562 105";"2024-09-06 21:06:39"
"2024-09-09";"";"612 807 679";"35 805 173";"27 561 433";"2024-09-09 15:12:08"
"2024-09-05";"";"1 277 832";"144 736";"27 561 836";"2024-09-05 19:28:05"
"2024-09-09";"";"71 654";"9 453";"27 561 886";"2024-09-09 14:47:31"
"2024-09-08";"";"1 231 750";"93 695";"27 563 452";"2024-09-09 00:45:54"
"2024-09-05";"";"14 248";"57 997";"27 561 633";"2024-09-05 08:05:02"
"2024-09-07";"";"534 596";"593 994";"27 561 177";"2024-09-07 17:50:05"
"2024-09-01";"";"68 885";"19 654";"27 563 476";"2024-09-01 06:39:45"
"2024-09-03";"Telegram";"96 198";"19 098";"27 561 778";"2024-09-03 03:36:12"
"2024-09-09";"";"30 307";"3 010";"27 561 831";"2024-09-09 08:17:33"
"2024-09-08";"";"373 592";"22 621";"27 561 730";"2024-09-09 00:33:02"
"2024-09-01";"";"80 661";"7 167";"27 562 956";"2024-09-01 15:48:38"
"2024-09-03";"Telegram";"619 445";"53 007";"27 561 326";"2024-09-03 23:32:04"
"2024-09-09";"Instagram";"660 164";"48 695";"27 562 487";"2024-09-09 22:19:08"
"2024-09-06";"Yandex";"124 327";"9 224";"27 561 193";"2024-09-06 18:51:15"
"2024-09-04";"Likee";"236 416";"99 341";"27 562 372";"2024-09-05 00:57:57"
"2024-09-05";"";"65 571";"5 561";"27 562 590";"2024-09-05 23:32:51"
"2024-09-09";"Telegram";"521 897";"196 182";"27 563 438";"2024-09-10 02:59:40"
"2024-09-06";"";"34 416";"13 099";"27 563 216";"2024-09-06 22:55:55"
"2024-09-07";"";"32 480";"4 030";"27 563 468";"2024-09-07 09:30:05"
"2024-09-05";"Yandex";"29 052";"3 437";"27 561 388";"2024-09-05 20:29:24"
"2024-09-09";"";"28 061";"9 635";"27 561 373";"2024-09-09 19:16:16"
"2024-09-04";"";"19 522";"50 421";"27 562 839";"2024-09-04 10:43:39"
"2024-09-09";"";"254 354";"56 661";"27 562 757";"2024-09-10 02:35:50"
"2024-09-04";"";"90 850";"8 757";"27 563 467";"2024-09-04 10:07:36"
"2024-09-10";"";"1 286 769";"78 610";"27 562 711";"2024-09-10 22:19:33"
"2024-09-05";"";"137 139";"160 938";"27 562 415";"2024-09-06 00:57:40"
"2024-09-09";"";"26 897";"3 142";"27 563 047";"2024-09-09 18:39:00"
"2024-09-01";"";"48 059";"4 536";"27 561 368";"2024-09-01 14:35:45"
"2024-09-03";"WhatsApp";"4 245 809";"40 750 504";"27 562 762";"2024-09-03 12:33:23"
"2024-09-08";"Instagram";"3 067 533";"222 924";"27 563 384";"2024-09-08 12:57:24"
"2024-09-07";"YouTube";"42 856";"3 261";"27 562 572";"2024-09-07 16:37:41"
"2024-09-01";"";"473 548";"95 909";"27 561 312";"2024-09-01 12:57:54"
"2024-09-02";"YouTube";"198 440";"4 188";"27 562 663";"2024-09-02 23:08:46"
"2024-09-03";"";"8 902";"55 379";"27 563 432";"2024-09-03 12:21:42"
"2024-09-04";"";"83 692";"64 337";"27 561 742";"2024-09-05 00:09:40"
"2024-09-04";"";"129 389";"79 408";"27 561 752";"2024-09-05 00:57:47"
"2024-09-08";"YouTube";"694 988";"125 152";"27 563 157";"2024-09-08 15:00:41"
"2024-09-05";"";"424 343";"30 344";"27 561 462";"2024-09-05 10:07:46"
"2024-09-04";"";"67 755";"146 607";"27 563 207";"2024-09-04 21:42:43"
"2024-09-02";"";"208 007";"202 286";"27 562 033";"2024-09-02 16:13:22"
"2024-09-05";"";"57 204";"3 166";"27 562 066";"2024-09-05 13:10:03"
"2024-09-05";"YouTube";"10 997 635";"631 247";"27 562 185";"2024-09-05 21:42:08"
"2024-09-06";"Unknown";"48 363";"21 160";"27 562 205";"2024-09-06 22:43:35"
"2024-09-01";"";"32 401";"2 256";"27 562 812";"2024-09-01 04:37:46"
"2024-09-10";"YouTube";"3 852 871";"945 462";"27 563 033";"2024-09-10 16:13:43"
"2024-09-01";"";"128 498";"23 953";"27 563 390";"2024-09-01 06:51:24"
"2024-09-01";"Instagram";"358 964";"61 095";"27 561 524";"2024-09-01 14:59:00"
"2024-09-02";"";"70 998";"8 740";"27 562 535";"2024-09-02 13:58:17"
"2024-09-08";"";"1 408 726";"44 750";"27 563 072";"2024-09-08 15:36:14"
"2024-09-01";"";"95 509";"7 047";"27 563 448";"2024-09-01 07:16:05"
"2024-09-02";"Unknown";"54 528";"41 106";"27 563 373";"2024-09-02 21:54:56"
"2024-09-05";"Yandex";"49 444";"13 505";"27 563 311";"2024-09-06 00:09:29"
"2024-09-01";"YouTube";"171 934";"29 777";"27 561 836";"2024-09-01 18:51:37"
"2024-09-02";"";"144 415";"12 352";"27 561 456";"2024-09-03 02:47:07"
"2024-09-08";"";"30 713";"3 269";"27 562 538";"2024-09-09 01:22:39"
"2024-09-05";"";"70 252";"7 734";"27 562 543";"2024-09-05 13:46:59"
"2024-09-10";"";"34 271";"10 314";"27 562 810";"2024-09-10 20:05:25"
"2024-09-07";"";"166 895";"45 064";"27 563 223";"2024-09-07 18:39:19"
"2024-09-09";"";"478 032";"61 283";"27 562 846";"2024-09-09 14:35:53"
"2024-09-03";"";"77 874";"7 905";"27 563 381";"2024-09-03 06:39:17"
"2024-09-01";"Instagram";"493 363";"95 560";"27 562 630";"2024-09-01 14:23:09"
"2024-09-09";"Apple Music";"670 163";"193 684";"27 562 739";"2024-09-09 18:27:58"
"2024-09-07";"Instagram";"18 430 471";"421 874";"27 561 630";"2024-09-07 12:45:03"
"2024-09-09";"YouTube";"50 174";"97 842";"27 562 085";"2024-09-09 11:56:40"
"2024-09-01";"";"92 582";"4 722";"27 561 963";"2024-09-01 11:44:13"
"2024-09-07";"";"223 884";"7 743";"27 563 260";"2024-09-07 06:27:36"
"2024-09-09";"Unknown";"158 043";"10 461";"27 561 354";"2024-09-09 03:24:05"
"2024-09-05";"";"33 147";"4 247";"27 563 000";"2024-09-05 05:14:13"
"2024-09-08";"";"146 500";"18 244";"27 562 091";"2024-09-08 11:44:27"
"2024-09-02";"";"29 584";"4 161";"27 562 812";"2024-09-02 04:25:37"
"2024-09-05";"Telegram";"507 201";"31 795";"27 563 093";"2024-09-05 07:16:49"
"2024-09-08";"";"235 614";"35 976";"27 562 445";"2024-09-08 09:30:15"
"2024-09-04";"";"1 000 567";"115 606";"27 562 951";"2024-09-04 08:53:01"
"2024-09-10";"";"53 532";"2 617";"27 561 710";"2024-09-10 16:49:21"
"2024-09-01";"";"68 989";"10 571";"27 561 362";"2024-09-01 03:00:15"
"2024-09-04";"";"32 738";"2 471";"27 562 110";"2024-09-04 04:49:52"
"2024-09-06";"";"489 575";"23 005";"27 561 600";"2024-09-06 15:00:25"
"2024-09-02";"YouTube";"1 029 263";"94 470";"27 563 269";"2024-09-02 08:53:17"
"2024-09-03";"";"673 531 708";"80 391 400";"27 562 133";"2024-09-03 23:08:51"
"2024-09-06";"";"8 765 510";"7 169 497";"27 562 124";"2024-09-06 18:27:50"
"2024-09-05";"";"33 525";"3 238";"27 562 756";"2024-09-05 22:43:07"
"2024-09-06";"";"68 201";"5 552";"27 563 289";"2024-09-06 04:13:17"
"2024-09-04";"";"1 509 770";"55 179";"27 561 344";"2024-09-04 08:29:49"
"2024-09-01";"";"35 564";"5 343";"27 561 729";"2024-09-01 14:47:49"
"2024-09-05";"";"1 918 772";"276 547";"27 562 609";"2024-09-05 18:39:53"
"2024-09-02";"Instagram";"1 039 677";"50 313";"27 562 810";"2024-09-02 09:30:39"
"2024-09-03";"";"256 012";"9 746";"27 563 076";"2024-09-03 09:18:17"
"2024-09-04";"";"810 581 521";"111 669 734";"27 562 490";"2024-09-04 18:15:32"
"2024-09-04";"Telegram";"7 473 322";"617 136";"27 561 277";"2024-09-04 13:58:24"
"2024-09-02";"";"430 487";"62 806";"27 561 592";"2024-09-03 00:33:12"
"2024-09-10";"";"4 177 019";"210 655";"27 563 317";"2024-09-10 21:54:16"
"2024-09-09";"Yandex";"391 759";"267 646";"27 561 368";"2024-09-09 08:05:54"
"2024-09-08";"";"53 565";"16 219";"27 561 232";"2024-09-08 19:04:37"
"2024-09-06";"";"47 022";"7 071";"27 561 587";"2024-09-07 00:33:00"
"2024-09-09";"";"2 016 829";"219 321";"27 561 232";"2024-09-10 01:10:41"
"2024-09-04";"Facebook";"33 196";"3 360";"27 562 511";"2024-09-04 07:16:05"
"2024-09-07";"";"45 983";"16 022";"27 561 306";"2024-09-07 16:25:20"
"2024-09-10";"YouTube";"142 022";"16 858";"27 562 260";"2024-09-10 03:00:28"
"2024-09-04";"";"57 405";"6 225";"27 562 215";"2024-09-04 09:30:36"
"2024-09-08";"Yandex";"2 689 286";"781 127";"27 562 859";"2024-09-08 16:13:24"
"2024-09-08";"";"80 399";"46 004";"27 562 590";"2024-09-08 22:43:04"
"2024-09-04";"Instagram";"3 211 037";"79 931";"27 561 350";"2024-09-04 19:28:29"
"2024-09-01";"Facebook";"148 595";"146 777";"27 561 940";"2024-09-01 07:52:13"
"2024-09-01";"YouTube";"2 219 102";"113 344";"27 563 448";"2024-09-01 09:06:44"
"2024-09-07";"";"56 924";"49 110";"27 562 127";"2024-09-07 05:14:40"
"2024-09-08";"";"7 498 271";"416 709";"27 563 518";"2024-09-08 23:20:09"
"2024-09-09";"TikTok";"832";"47 141";"27 562 758";"2024-09-10 00:33:59"
"2024-09-10";"YouTube";"560 993";"134 192";"27 561 892";"2024-09-10 04:25:51"
"2024-09-01";"";"151 953";"44 190";"27 561 262";"2024-09-01 18:03:41"
"2024-09-08";"";"33 588";"4 500";"27 562 762";"2024-09-08 03:48:20"
"2024-09-04";"";"364 457";"55 307";"27 561 883";"2024-09-04 07:04:57"
"2024-09-03";"";"129 115";"3 368";"27 562 981";"2024-09-03 06:03:04"
"2024-09-03";"Instagram";"2 203 592";"674 058";"27 562 835";"2024-09-03 05:50:36"
"2024-09-06";"";"100 444";"8 221";"27 562 355";"2024-09-06 20:05:06"
"2024-09-07";"";"28 283";"12 345";"27 562 445";"2024-09-07 23:08:46"
"2024-09-08";"";"66 137";"4 818";"27 561 244";"2024-09-08 14:35:49"
"2024-09-03";"Instagram";"2 223 311";"91 880";"27 563 285";"2024-09-03 10:31:51"
"2024-09-06";"";"210 206 540";"11 363 340";"27 562 115";"2024-09-06 11:20:18"
"2024-09-03";"";"535 790";"292 087";"27 563 289";"2024-09-04 00:57:58"
"2024-09-07";"";"35 142 460";"1 599 615";"27 562 714";"2024-09-07 22:55:40"
"2024-09-01";"Yandex";"377 162";"31 502";"27 562 360";"2024-09-01 19:04:06"
"2024-09-10";"";"1 225 634";"64 903";"27 562 083";"2024-09-10 12:57:05"
"2024-09-08";"Telegram";"26 561 717";"1 682 220";"27 562 087";"2024-09-08 20:17:19"
"2024-09-02";"";"232 557";"157 372";"27 561 207";"2024-09-02 04:49:59"
"2024-09-07";"WhatsApp";"618 800";"30 216";"27 563 128";"2024-09-07 11:56:10"
"2024-09-10";"";"20 949 954";"1 076 221";"27 561 375";"2024-09-10 10:55:01"
"2024-09-08";"WhatsApp";"49 624";"10 847";"27 561 629";"2024-09-08 18:51:04"
"2024-09-09";"Tas-ix";"29 267";"12 724";"27 562 642";"2024-09-09 18:51:59"
"2024-09-06";"";"31 194";"5 277";"27 562 634";"2024-09-06 18:51:04"
"2024-09-05";"";"547 610";"681 016";"27 562 841";"2024-09-05 21:06:46"
"2024-09-10";"";"22 755";"133 178";"27 561 622";"2024-09-10 08:53:59"
"2024-09-05";"";"11 578";"33 243";"27 563 250";"2024-09-05 16:01:28"
"2024-09-03";"YouTube";"31 064 866";"1 321 495";"27 561 456";"2024-09-03 20:41:43"
"2024-09-07";"";"303 345";"48 760";"27 561 569";"2024-09-07 04:25:41"
"2024-09-06";"";"54 864";"20 811";"27 562 689";"2024-09-06 06:15:36"
"2024-09-09";"YouTube";"760 370";"472 390";"27 563 203";"2024-09-09 03:00:27"
"2024-09-03";"";"190 992";"18 409";"27 562 083";"2024-09-03 04:01:54"
"2024-09-06";"";"37 928";"31 849";"27 562 516";"2024-09-06 12:57:37"
"2024-09-09";"";"332 959";"19 482";"27 563 088";"2024-09-09 04:01:44"
"2024-09-02";"";"30 383";"1 091";"27 563 287";"2024-09-02 13:34:14"
"2024-09-06";"";"37 281";"7 048";"27 563 096";"2024-09-06 04:49:23"
"2024-09-08";"YouTube";"16 938 865";"1 377 758";"27 562 469";"2024-09-08 18:03:46"
"2024-09-03";"Instagram";"389 282";"48 700";"27 561 436";"2024-09-03 09:42:59"
"2024-09-05";"";"67 528";"27 131";"27 562 867";"2024-09-05 06:39:46"
"2024-09-02";"";"806 354";"623 619";"27 562 100";"2024-09-02 08:53:19"
"2024-09-01";"";"68 695";"13 476";"27 562 961";"2024-09-01 22:31:41"
"2024-09-05";"";"219 051";"159 284";"27 561 708";"2024-09-06 02:35:03"
"2024-09-02";"Odnoklassniki";"4 240 470";"162 273";"27 562 521";"2024-09-02 18:03:47"
"2024-09-06";"";"88 131";"27 109";"27 561 877";"2024-09-06 19:40:12"
"2024-09-09";"";"2 148 014";"515 787";"27 563 266";"2024-09-09 20:41:58"
"2024-09-02";"";"42 727";"6 311";"27 562 090";"2024-09-02 09:18:10"
"2024-09-10";"";"221 408";"57 626";"27 561 743";"2024-09-10 13:34:30"
"2024-09-01";"";"76 722";"4 244";"27 562 989";"2024-09-01 17:26:29"
"2024-09-06";"WhatsApp";"114 366";"8 522";"27 561 201";"2024-09-06 11:08:28"
"2024-09-02";"";"0";"47 809";"27 562 561";"2024-09-02 04:49:58"
"2024-09-07";"";"793 946";"53 327";"27 561 605";"2024-09-07 04:13:12"
"2024-09-06";"";"107 062";"9 355";"27 561 185";"2024-09-06 20:17:24"
"2024-09-01";"";"80 634";"39 677";"27 562 756";"2024-09-02 02:11:03"
"2024-09-07";"Unknown";"2 807 054";"672 444";"27 563 318";"2024-09-07 05:38:54"
"2024-09-04";"Telegram";"101 068 855";"4 921 775";"27 561 383";"2024-09-04 09:30:06"
"2024-09-10";"";"256 830";"12 443";"27 561 873";"2024-09-10 20:53:52"
"2024-09-07";"Instagram";"60 893 215";"1 785 498";"27 562 082";"2024-09-07 04:13:27"
"2024-09-08";"";"1 258 983";"5 158 568";"27 562 040";"2024-09-09 02:11:35"
"2024-09-03";"";"477 988";"41 282";"27 562 522";"2024-09-03 09:30:32"
"2024-09-04";"";"405 319";"22 702";"27 563 051";"2024-09-04 08:41:20"
"2024-09-04";"TikTok";"902";"48 164";"27 562 257";"2024-09-04 13:46:10"
"2024-09-10";"";"10 180";"145 290";"27 562 127";"2024-09-11 01:10:54"
"2024-09-03";"YouTube";"511 407";"4 632 101";"27 562 842";"2024-09-03 23:08:15"
"2024-09-02";"";"200 445";"59 919";"27 562 059";"2024-09-02 15:24:23"
"2024-09-10";"";"39 051";"31 473";"27 562 505";"2024-09-10 15:24:45"
"2024-09-06";"Tas-ix";"1 486 801";"61 843";"27 562 521";"2024-09-06 23:44:06"
"2024-09-04";"Telegram";"116 583 855";"6 211 502";"27 561 725";"2024-09-04 08:17:53"
"2024-09-08";"TikTok";"3 822";"175 346";"27 561 215";"2024-09-08 11:08:51"
"2024-09-03";"";"15 315 204";"636 796";"27 561 332";"2024-09-03 19:40:40"
"2024-09-04";"";"44 363";"254 373";"27 562 384";"2024-09-04 11:56:47"
"2024-09-08";"";"2 706 443";"98 379";"27 563 239";"2024-09-08 17:02:28"
"2024-09-02";"";"5 581";"77 998";"27 562 156";"2024-09-02 14:59:55"
"2024-09-07";"";"101 949";"14 177";"27 561 462";"2024-09-07 17:26:21"
"2024-09-10";"";"26 255";"8 049";"27 562 613";"2024-09-10 11:44:43"
"2024-09-09";"";"32 669";"2 614";"27 561 354";"2024-09-09 06:03:52"
"2024-09-03";"";"48 050";"3 903";"27 561 556";"2024-09-03 20:53:39"
"2024-09-10";"";"26 356";"3 064";"27 561 828";"2024-09-10 23:20:54"
"2024-09-04";"";"32 736";"2 641";"27 562 862";"2024-09-04 04:37:53"
"2024-09-10";"Apple Music";"91 615";"6 008";"27 563 154";"2024-09-10 18:03:16"
"2024-09-07";"Facebook";"816 455";"1 773 399";"27 562 458";"2024-09-07 17:14:38"
"2024-09-02";"YouTube";"446 231";"4 736 155";"27 561 227";"2024-09-02 21:06:43"
"2024-09-10";"";"52 153";"4 980";"27 561 392";"2024-09-10 16:13:31"
"2024-09-07";"";"329 374";"758 201";"27 562 840";"2024-09-07 18:15:15"
"2024-09-03";"";"1 011 656";"44 097";"27 562 437";"2024-09-03 20:53:57"
"2024-09-09";"";"34 217";"4 714";"27 563 331";"2024-09-09 06:51:29"
"2024-09-03";"";"138 386";"27 452";"27 562 337";"2024-09-04 01:58:38"
"2024-09-10";"";"16 617 346";"783 141";"27 561 994";"2024-09-10 10:07:04"
"2024-09-07";"";"72 579";"818 660";"27 561 221";"2024-09-08 02:59:32"
"2024-09-03";"";"539 684";"111 563";"27 562 234";"2024-09-03 10:07:32"
"2024-09-07";"YouTube";"191 354";"73 931";"27 562 226";"2024-09-07 16:25:12"
"2024-09-09";"Instagram";"3 993 982";"1 841 256";"27 563 024";"2024-09-10 01:58:32"
"2024-09-03";"Instagram";"776 494";"130 314";"27 561 870";"2024-09-03 19:28:08"
"2024-09-04";"Instagram";"1 689 885";"127 736";"27 562 889";"2024-09-04 08:41:56"
"2024-09-07";"";"313 929";"57 736";"27 562 597";"2024-09-07 04:25:56"
"2024-09-09";"";"55 030";"28 246";"27 563 238";"2024-09-09 23:56:52"
"2024-09-10";"";"386 412";"31 630";"27 562 084";"2024-09-10 13:22:40"
"2024-09-05";"YouTube";"401 924";"90 347";"27 561 172";"2024-09-05 10:31:02"
"2024-09-09";"";"115 431";"19 031";"27 561 543";"2024-09-09 17:02:24"
"2024-09-04";"YouTube";"830 160";"120 400";"27 563 278";"2024-09-04 19:40:25"
"2024-09-07";"";"50 977";"3 677";"27 562 942";"2024-09-07 09:54:06"
"2024-09-04";"";"322 956";"117 672";"27 562 435";"2024-09-04 15:48:26"
"2024-09-06";"";"14 033";"33 828";"27 561 993";"2024-09-06 08:41:58"
"2024-09-02";"Telegram";"29 163";"3 424";"27 562 762";"2024-09-02 22:07:25"
"2024-09-06";"";"57 559";"4 609";"27 563 326";"2024-09-06 11:08:21"
"2024-09-05";"Facebook";"759 514";"504 542";"27 562 903";"2024-09-05 03:36:40"
"2024-09-05";"";"592 305";"81 497";"27 562 202";"2024-09-05 05:02:18"
"2024-09-04";"";"26 677";"2 343";"27 562 371";"2024-09-04 07:40:50"
"2024-09-07";"";"1 751 892";"10 504 969";"27 563 378";"2024-09-07 16:01:48"
"2024-09-02";"Telegram";"11 357 251";"737 220";"27 563 469";"2024-09-02 10:31:44"
"2024-09-01";"";"231 045";"29 273";"27 562 758";"2024-09-01 17:38:23"
"2024-09-05";"";"44 666";"97 032";"27 561 741";"2024-09-05 05:38:36"
"2024-09-04";"";"330 712";"16 113";"27 561 845";"2024-09-04 04:25:48"
"2024-09-07";"Yandex";"1 296 785";"54 342";"27 563 143";"2024-09-08 02:47:11"
"2024-09-09";"Instagram";"3 607 898";"136 227";"27 562 720";"2024-09-09 08:05:01"
"2024-09-03";"";"144 730";"435 328";"27 562 897";"2024-09-03 05:38:40"
"2024-09-01";"";"866 791";"112 505";"27 562 363";"2024-09-01 03:36:12"
"2024-09-01";"";"81 060";"8 908";"27 563 264";"2024-09-01 19:28:59"
"2024-09-02";"";"7 260";"313 790";"27 562 479";"2024-09-02 05:50:30"
"2024-09-10";"";"31 459";"10 601";"27 561 800";"2024-09-10 15:00:00"
"2024-09-06";"";"195 740";"30 203";"27 562 656";"2024-09-06 10:43:39"
"2024-09-03";"";"2 829 218";"1 310 718";"27 563 434";"2024-09-03 11:56:59"
"2024-09-05";"";"51 702";"6 281";"27 561 536";"2024-09-06 02:23:39"
"2024-09-10";"";"44 065";"4 174";"27 561 500";"2024-09-11 02:59:02"
"2024-09-02";"";"29 600";"8 927";"27 562 693";"2024-09-02 10:07:25"
"2024-09-08";"";"121 499";"45 717";"27 562 434";"2024-09-08 11:56:52"
"2024-09-08";"";"67 691";"12 951";"27 561 815";"2024-09-08 05:02:26"
"2024-09-07";"";"671 346";"55 661";"27 562 263";"2024-09-08 02:47:10"
"2024-09-03";"";"93 093";"6 482";"27 562 140";"2024-09-04 02:35:35"
"2024-09-03";"Instagram";"92 075 309";"2 995 637";"27 562 391";"2024-09-03 13:46:09"
"2024-09-08";"";"343 968";"15 122";"27 561 464";"2024-09-08 05:50:50"
"2024-09-02";"";"878 747";"142 330";"27 561 621";"2024-09-03 00:57:10"
"2024-09-10";"";"32 481";"12 499";"27 561 176";"2024-09-10 07:40:29"
"2024-09-02";"YouTube";"793 543";"44 011";"27 561 444";"2024-09-02 05:14:35"
"2024-09-02";"";"73 954";"15 062";"27 562 835";"2024-09-02 03:36:50"
"2024-09-01";"YouTube";"157 303";"10 530";"27 563 258";"2024-09-01 04:13:58"
"2024-09-03";"YouTube";"541 943";"60 950";"27 563 504";"2024-09-03 16:13:28"
"2024-09-06";"";"536 938";"190 824";"27 562 622";"2024-09-06 13:22:17"
"2024-09-07";"";"150 719";"26 007";"27 562 751";"2024-09-07 17:26:27"
"2024-09-09";"Yandex";"277 512";"448 344";"27 561 737";"2024-09-09 03:36:58"
"2024-09-03";"";"49 578";"2 384";"27 561 357";"2024-09-03 05:02:39"
"2024-09-01";"";"6 406 291";"109 764";"27 562 360";"2024-09-01 10:55:00"
"2024-09-03";"";"17 625";"32 118";"27 562 419";"2024-09-03 18:03:17"
"2024-09-01";"Telegram";"23 129 309";"1 538 507";"27 562 352";"2024-09-01 19:16:18"
"2024-09-02";"";"39 970 484";"35 872 052";"27 561 301";"2024-09-02 19:16:25"
"2024-09-01";"";"2 823 935";"100 362";"27 562 692";"2024-09-01 20:17:22"
"2024-09-10";"Unknown";"2 655 696";"158 991";"27 561 221";"2024-09-10 18:27:06"
"2024-09-04";"";"56 751";"73 052";"27 561 559";"2024-09-04 14:23:38"
"2024-09-08";"";"154 600";"5 963";"27 561 459";"2024-09-08 06:03:45"
"2024-09-10";"";"352 431";"172 743";"27 561 251";"2024-09-10 09:54:31"
"2024-09-03";"";"55 008";"7 152";"27 561 763";"2024-09-03 03:00:21"
"2024-09-02";"";"404 488";"58 455";"27 561 616";"2024-09-02 10:43:09"
"2024-09-08";"YouTube";"2 622 481";"767 392";"27 562 700";"2024-09-08 20:53:58"
"2024-09-09";"";"199 748";"17 562";"27 563 129";"2024-09-09 17:50:13"
"2024-09-04";"YouTube";"154 251";"731 049";"27 561 350";"2024-09-04 15:00:33"
"2024-09-09";"";"106 373";"21 120";"27 563 261";"2024-09-09 08:53:14"
"2024-09-04";"";"512 758";"27 639";"27 562 239";"2024-09-04 16:37:03"
"2024-09-07";"";"294 515";"57 865";"27 562 071";"2024-09-07 15:00:43"
"2024-09-01";"WhatsApp";"4 026 992";"221 576";"27 562 889";"2024-09-01 19:28:05"
"2024-09-03";"";"188 513";"8 170";"27 562 156";"2024-09-03 06:03:46"
"2024-09-06";"";"147 671";"12 534";"27 562 591";"2024-09-06 08:05:42"
"2024-09-02";"";"170 590";"130 242";"27 563 430";"2024-09-02 19:52:08"
"2024-09-09";"Apple Music";"25 695";"6 761";"27 561 788";"2024-09-09 11:56:24"
"2024-09-07";"WhatsApp";"364 940";"26 122";"27 562 847";"2024-09-07 09:42:10"
"2024-09-06";"";"125 898";"5 103";"27 562 314";"2024-09-06 12:21:50"
"2024-09-02";"";"405 001";"47 416";"27 563 432";"2024-09-02 20:17:24"
"2024-09-09";"";"56 869";"3 124";"27 561 895";"2024-09-09 20:53:59"
"2024-09-01";"Instagram";"1 042 351";"37 303";"27 562 047";"2024-09-01 17:14:56"
"2024-09-08";"";"105 176";"222 939";"27 561 776";"2024-09-08 14:35:41"
"2024-09-01";"Yandex";"70 852";"184 246";"27 562 516";"2024-09-01 05:38:30"
"2024-09-06";"YouTube";"2 405 076";"860 146";"27 561 240";"2024-09-07 01:22:12"
"2024-09-04";"";"56 461";"7 680";"27 562 067";"2024-09-04 16:01:41"
"2024-09-08";"";"27 063";"3 835";"27 561 243";"2024-09-08 13:58:08"
"2024-09-04";"";"91 513 242";"6 694 988";"27 562 504";"2024-09-04 17:50:02"
"2024-09-01";"";"5 411 941";"274 334";"27 561 246";"2024-09-01 06:15:42"
"2024-09-03";"";"52 184 420";"1 248 723";"27 562 453";"2024-09-04 02:23:31"
"2024-09-06";"VKontakte";"950 874";"45 427";"27 562 714";"2024-09-06 16:01:03"
"2024-09-05";"";"41 287";"26 462";"27 562 524";"2024-09-06 00:09:17"
"2024-09-10";"";"57 794";"27 235";"27 562 812";"2024-09-11 00:09:10"
"2024-09-03";"";"485 380";"342 384";"27 561 924";"2024-09-03 07:04:57"
"2024-09-03";"";"170 045";"13 350";"27 561 437";"2024-09-03 14:35:33"
"2024-09-03";"";"71 951";"4 014";"27 562 388";"2024-09-03 08:05:39"
"2024-09-07";"";"134 071";"278 305";"27 561 596";"2024-09-07 11:56:43"
"2024-09-02";"YouTube";"13 163 764";"767 546";"27 561 929";"2024-09-02 09:30:53"
"2024-09-06";"Instagram";"112 648";"10 135";"27 563 467";"2024-09-07 02:23:27"
"2024-09-08";"";"42 765";"55 155";"27 563 000";"2024-09-08 03:00:19"
"2024-09-07";"";"16 606 395";"244 512";"27 561 692";"2024-09-07 06:27:29"
"2024-09-07";"YouTube";"486 528";"320 235";"27 562 935";"2024-09-07 06:03:27"
"2024-09-07";"";"167 008";"108 870";"27 562 041";"2024-09-08 01:58:58"
"2024-09-09";"";"282 679";"702 549";"27 561 501";"2024-09-09 07:28:12"
"2024-09-06";"";"118 615";"14 196";"27 562 352";"2024-09-06 22:31:08"
"2024-09-09";"";"125 011";"5 550";"27 562 894";"2024-09-09 04:01:45"
"2024-09-04";"";"46 838";"7 788";"27 563 228";"2024-09-04 05:26:06"
"2024-09-10";"Instagram";"504 821";"70 910";"27 562 156";"2024-09-10 22:31:57"
"2024-09-03";"";"261 013";"54 390";"27 561 680";"2024-09-03 22:43:34"
"2024-09-01";"YouTube";"5 703 889";"334 739";"27 563 269";"2024-09-01 15:48:26"
"2024-09-08";"";"241 585";"46 931";"27 562 497";"2024-09-08 15:36:05"
"2024-09-09";"YouTube";"552 760";"148 323";"27 563 239";"2024-09-09 22:43:50"
"2024-09-01";"";"31 865";"2 882";"27 563 105";"2024-09-01 22:07:47"
"2024-09-03";"";"618 099";"64 337";"27 561 370";"2024-09-03 23:56:44"
"2024-09-01";"";"2 450 607";"58 984";"27 562 732";"2024-09-01 10:31:15"
"2024-09-04";"";"584 955";"447 500";"27 562 365";"2024-09-05 02:35:04"
"2024-09-08";"";"101 435";"3 775";"27 563 191";"2024-09-08 21:30:32"
"2024-09-06";"";"146 942";"20 156";"27 563 035";"2024-09-06 13:58:50"
"2024-09-07";"Telegram";"50 659 002";"3 173 141";"27 563 083";"2024-09-08 02:23:01"
"2024-09-09";"YouTube";"246 073";"43 009";"27 563 495";"2024-09-09 05:02:10"
"2024-09-03";"";"90 532";"34 922";"27 561 482";"2024-09-03 09:54:54"
"2024-09-10";"";"2 047 564";"126 787";"27 562 291";"2024-09-11 02:11:23"
"2024-09-05";"";"611 903";"45 413";"27 561 828";"2024-09-05 07:16:33"
"2024-09-03";"";"1 314";"79 132";"27 562 094";"2024-09-04 01:46:24"
"2024-09-02";"";"30 969";"5 137";"27 563 165";"2024-09-02 13:46:01"
"2024-09-06";"Likee";"327 801 549";"18 860 077";"27 561 950";"2024-09-06 13:46:56"
"2024-09-03";"";"26 691";"18 603";"27 562 033";"2024-09-03 09:54:32"
"2024-09-08";"";"771 537";"29 770";"27 561 331";"2024-09-08 22:07:33"
"2024-09-04";"";"304 903";"13 923";"27 563 219";"2024-09-04 13:46:08"
"2024-09-08";"Instagram";"31 685 369";"716 483";"27 563 328";"2024-09-08 07:52:18"
"2024-09-09";"Facebook";"631 947";"29 465";"27 562 578";"2024-09-09 23:32:14"
"2024-09-07";"";"158 043";"21 017";"27 562 232";"2024-09-07 23:20:50"
"2024-09-04";"";"318 559";"1 453 882";"27 563 096";"2024-09-04 20:41:24"
"2024-09-01";"";"199 761";"9 000";"27 562 609";"2024-09-01 12:21:47"
"2024-09-02";"";"40 797";"8 035";"27 563 157";"2024-09-02 19:52:08"
"2024-09-09";"";"118 038";"7 867";"27 563 413";"2024-09-09 04:25:59"
"2024-09-03";"";"7 183";"174 297";"27 562 084";"2024-09-03 19:40:14"
"2024-09-03";"";"65 657";"5 348";"27 562 275";"2024-09-03 16:25:50"
"2024-09-08";"";"717 524";"65 826";"27 561 989";"2024-09-08 17:50:33"
"2024-09-01";"";"66 094";"271 356";"27 562 756";"2024-09-01 13:10:14"
"2024-09-09";"";"213 526";"51 549";"27 561 873";"2024-09-09 22:55:10"
"2024-09-02";"";"48 558";"10 485";"27 561 500";"2024-09-02 06:03:50"
"2024-09-07";"";"61 744";"27 985";"27 561 510";"2024-09-07 20:29:57"
"2024-09-03";"Instagram";"67 010 749";"2 078 513";"27 561 362";"2024-09-03 09:42:52"
"2024-09-05";"";"309 437";"19 577";"27 562 226";"2024-09-06 01:34:50"
"2024-09-08";"";"257 302";"10 755";"27 562 097";"2024-09-08 04:37:40"
"2024-09-04";"";"42 436";"243 343";"27 561 373";"2024-09-04 14:59:37"
"2024-09-05";"";"329 088";"984 099";"27 563 514";"2024-09-05 06:27:51"
"2024-09-05";"";"193 830";"548 567";"27 561 249";"2024-09-05 08:17:43"
"2024-09-02";"";"466 433";"99 713";"27 562 841";"2024-09-02 13:46:21"
"2024-09-02";"YouTube";"548 961";"184 671";"27 563 481";"2024-09-02 03:12:16"
"2024-09-02";"";"61 877 326";"2 958 331";"27 563 058";"2024-09-02 20:17:56"
"2024-09-03";"";"38 058";"10 678";"27 562 906";"2024-09-03 19:16:07"
"2024-09-10";"";"64 511";"16 575";"27 562 494";"2024-09-10 17:26:30"
"2024-09-03";"";"22 129";"39 645";"27 561 216";"2024-09-04 01:34:17"
"2024-09-08";"";"13 100 023";"2 104 928";"27 562 808";"2024-09-08 18:51:09"
"2024-09-06";"";"155 033";"30 080";"27 561 684";"2024-09-06 04:13:51"
"2024-09-04";"Facebook";"27 382";"9 548";"27 562 152";"2024-09-04 21:30:09"
"2024-09-06";"";"31 880";"18 857";"27 561 698";"2024-09-06 04:37:27"
"2024-09-02";"";"29 309";"3 069";"27 561 325";"2024-09-02 05:38:23"
"2024-09-09";"";"18 289 856";"1 262 466";"27 562 981";"2024-09-09 05:02:43"
"2024-09-10";"";"58 905";"2 370";"27 562 715";"2024-09-10 06:15:12"
"2024-09-04";"";"178 766";"150 408";"27 562 286";"2024-09-04 17:14:51"
"2024-09-01";"";"119 964";"22 632";"27 563 148";"2024-09-01 15:36:45"
"2024-09-07";"";"37 106";"7 622";"27 563 036";"2024-09-07 19:28:27"
"2024-09-09";"Telegram";"33 612 061";"2 060 473";"27 561 607";"2024-09-09 17:14:25"
"2024-09-05";"";"55 430";"10 589";"27 561 449";"2024-09-05 22:19:00"
"2024-09-08";"";"133 504";"31 867";"27 563 264";"2024-09-08 14:11:33"
"2024-09-04";"";"693 615";"25 847";"27 561 221";"2024-09-04 17:02:54"
"2024-09-03";"";"44 052 336";"2 139 851";"27 562 758";"2024-09-03 14:47:41"
"2024-09-01";"Telegram";"47 091 278";"5 654 236";"27 562 572";"2024-09-01 21:54:55"
"2024-09-07";"";"31 983 128";"1 768 322";"27 562 468";"2024-09-07 13:10:14"
"2024-09-01";"WhatsApp";"234 489";"58 041";"27 561 831";"2024-09-01 21:30:45"
"2024-09-07";"";"319 205";"58 547";"27 561 902";"2024-09-07 19:52:57"
"2024-09-02";"";"272 570";"9 604";"27 562 629";"2024-09-02 09:54:01"
"2024-09-05";"Facebook";"126 663";"25 860";"27 562 025";"2024-09-05 06:03:25"
"2024-09-02";"";"68 707";"175 839";"27 563 356";"2024-09-02 13:46:45"
"2024-09-10";"";"161 586";"67 786";"27 561 924";"2024-09-10 07:52:13"
"2024-09-07";"Facebook";"233 119";"10 860";"27 562 148";"2024-09-07 22:19:39"
"2024-09-05";"";"229 299";"1 469 027";"27 561 347";"2024-09-05 17:26:03"
"2024-09-02";"";"62 902";"41 523";"27 562 476";"2024-09-02 04:25:24"
"2024-09-01";"YouTube";"355 433";"87 287";"27 561 634";"2024-09-01 19:40:47"
"2024-09-10";"Yandex";"14 940 697";"383 116";"27 563 422";"2024-09-10 08:53:58"
"2024-09-07";"Telegram";"3 477 255";"1 202 800";"27 563 146";"2024-09-07 10:55:00"
"2024-09-02";"";"29 651 733";"1 547 837";"27 562 934";"2024-09-02 05:50:55"
"2024-09-05";"";"2 643 054";"114 900";"27 563 379";"2024-09-05 21:54:39"
"2024-09-06";"";"32 714";"2 610";"27 563 022";"2024-09-06 23:44:53"
"2024-09-08";"";"54 119";"2 757";"27 562 230";"2024-09-08 23:56:28"
"2024-09-05";"YouTube";"345 927";"46 008";"27 563 342";"2024-09-05 18:15:19"
"2024-09-03";"";"62 589";"24 249";"27 561 215";"2024-09-03 09:18:28"
"2024-09-08";"";"33 153";"57 968";"27 562 997";"2024-09-08 20:41:11"
"2024-09-08";"";"47 816";"2 251";"27 562 629";"2024-09-08 06:27:20"
"2024-09-10";"";"17 384 345";"1 417 293";"27 563 493";"2024-09-10 17:38:36"
"2024-09-10";"YouTube";"32 103";"56 148";"27 563 084";"2024-09-10 06:51:42"
"2024-09-09";"YouTube";"5 147 430";"2 098 370";"27 562 971";"2024-09-09 11:20:38"
"2024-09-01";"";"558 168";"18 074";"27 562 089";"2024-09-01 05:02:02"
"2024-09-04";"";"29 167";"3 828";"27 561 871";"2024-09-04 22:55:29"
"2024-09-05";"YouTube";"254 952";"35 594";"27 562 965";"2024-09-05 05:26:25"
"2024-09-05";"";"17 142";"347 517";"27 562 339";"2024-09-05 06:39:46"
"2024-09-04";"";"157 966";"20 491";"27 561 650";"2024-09-04 20:17:44"
"2024-09-02";"Facebook";"262 376";"249 174";"27 561 815";"2024-09-02 17:50:15"
"2024-09-02";"";"140 702";"19 922";"27 562 459";"2024-09-02 19:04:46"
"2024-09-02";"Telegram";"3 919 004";"380 355";"27 562 094";"2024-09-03 02:59:33"
"2024-09-09";"Instagram";"32 217 121";"821 797";"27 562 679";"2024-09-09 17:38:29"
"2024-09-02";"";"0";"25 950";"27 562 022";"2024-09-02 09:30:19"
"2024-09-08";"YouTube";"964 552";"206 827";"27 563 467";"2024-09-08 14:59:13"
"2024-09-05";"Instagram";"131 425";"119 204";"27 562 086";"2024-09-06 00:09:46"
"2024-09-10";"";"382 301";"221 974";"27 561 477";"2024-09-10 06:15:42"
"2024-09-08";"YouTube";"526 479";"70 480";"27 561 477";"2024-09-08 10:19:29"
"2024-09-07";"";"33 534";"9 557";"27 562 238";"2024-09-07 14:11:10"
"2024-09-07";"Yandex";"107 976";"112 536";"27 561 281";"2024-09-07 03:12:45"
"2024-09-08";"Facebook";"32 169";"1 900";"27 562 091";"2024-09-08 16:49:40"
"2024-09-01";"";"42 927";"16 567";"27 562 615";"2024-09-02 01:34:54"
"2024-09-05";"";"31 274";"6 041";"27 561 815";"2024-09-05 22:55:13"
"2024-09-01";"";"4 412 392";"7 327 040";"27 562 600";"2024-09-01 03:12:34"
"2024-09-06";"";"59 232";"3 220";"27 561 390";"2024-09-06 07:52:24"
"2024-09-10";"";"33 484";"3 124";"27 563 184";"2024-09-10 11:08:06"
"2024-09-10";"";"83 363";"4 819";"27 561 497";"2024-09-10 09:42:41"
"2024-09-04";"Instagram";"4 621 343";"1 570 531";"27 561 330";"2024-09-04 21:54:58"
"2024-09-08";"Telegram";"193 709 338";"10 423 502";"27 561 195";"2024-09-08 03:00:08"
"2024-09-07";"";"0";"29 669";"27 562 316";"2024-09-07 08:29:56"
"2024-09-09";"";"41 406";"16 089";"27 562 668";"2024-09-09 18:15:34"
"2024-09-10";"";"82 850";"84 154";"27 563 371";"2024-09-10 15:24:50"
"2024-09-08";"";"8 696 833";"1 803 150";"27 562 360";"2024-09-08 10:43:59"
"2024-09-09";"";"234 481";"21 968";"27 562 704";"2024-09-09 12:09:44"
"2024-09-04";"Yandex";"292 610";"19 939";"27 563 030";"2024-09-05 00:09:05"
"2024-09-08";"Facebook";"250 764";"15 664";"27 563 329";"2024-09-08 07:28:24"
"2024-09-04";"";"48 431";"69 445";"27 562 511";"2024-09-04 15:36:38"
"2024-09-01";"";"13 469";"67 335";"27 562 928";"2024-09-01 23:44:28"
"2024-09-06";"";"11 710 266";"624 107";"27 562 453";"2024-09-06 08:53:43"
"2024-09-08";"";"96 947";"122 469";"27 563 478";"2024-09-08 11:56:34"
"2024-09-05";"Telegram";"53 005 207";"17 207 360";"27 561 271";"2024-09-05 18:27:05"
"2024-09-02";"";"46 454";"60 304";"27 562 124";"2024-09-02 09:18:47"
"2024-09-06";"Apple Music";"28 269";"3 767";"27 562 009";"2024-09-06 23:56:20"
"2024-09-04";"";"369 259";"25 791";"27 562 842";"2024-09-04 13:10:50"
"2024-09-09";"";"115 526";"423 216";"27 561 422";"2024-09-09 17:02:47"
"2024-09-02";"";"1 287 860";"122 789";"27 562 451";"2024-09-02 04:49:06"
"2024-09-07";"Instagram";"134 671";"12 227";"27 561 848";"2024-09-07 21:18:28"
"2024-09-10";"";"322 433";"13 884";"27 562 445";"2024-09-10 08:17:03"
"2024-09-08";"Instagram";"4 052 838";"101 777";"27 562 813";"2024-09-09 02:35:26"
"2024-09-05";"";"21 571";"28 340";"27 562 799";"2024-09-05 18:51:19"
"2024-09-08";"";"29 617";"11 536";"27 561 706";"2024-09-08 20:53:51"
"2024-09-03";"";"28 602";"13 166";"27 562 883";"2024-09-03 11:08:57"
"2024-09-10";"Apple Music";"260 353";"17 133";"27 562 372";"2024-09-11 01:46:14"
"2024-09-07";"";"106 775";"37 545";"27 561 567";"2024-09-07 11:20:03"
"2024-09-07";"YouTube";"288 536";"39 947";"27 562 840";"2024-09-07 22:43:44"
"2024-09-07";"";"70 933";"33 872";"27 561 177";"2024-09-08 00:45:28"
"2024-09-02";"YouTube";"8 172 966";"623 352";"27 563 432";"2024-09-02 09:18:03"
"2024-09-06";"";"291 495";"18 310";"27 562 552";"2024-09-06 16:25:38"
"2024-09-09";"";"37 196";"8 224";"27 563 096";"2024-09-09 15:00:34"
"2024-09-01";"";"231 632";"22 727";"27 562 801";"2024-09-01 10:19:23"
"2024-09-10";"";"112 087";"4 295";"27 563 467";"2024-09-10 09:42:23"
"2024-09-08";"";"249 706";"27 071";"27 561 591";"2024-09-08 12:57:07"
"2024-09-02";"";"422 589";"24 581";"27 563 446";"2024-09-02 05:50:31"
"2024-09-03";"";"290 338";"28 519";"27 562 372";"2024-09-03 20:17:08"
"2024-09-02";"Facebook";"1 195 635";"839 407";"27 562 518";"2024-09-02 13:22:10"
"2024-09-07";"Instagram";"14 228 609";"536 379";"27 563 453";"2024-09-07 23:08:49"
"2024-09-10";"YouTube";"2 112 973";"173 306";"27 562 317";"2024-09-10 18:39:02"
"2024-09-05";"";"1 624 738";"29 346";"27 561 484";"2024-09-05 07:04:40"
"2024-09-08";"";"30 750";"737 258";"27 562 810";"2024-09-08 11:08:00"
"2024-09-10";"Unknown";"271 766";"73 882";"27 562 242";"2024-09-10 03:48:36"
"2024-09-10";"";"26 035";"93 989";"27 561 518";"2024-09-10 03:24:00"
"2024-09-02";"Unknown";"178 936";"133 547";"27 562 702";"2024-09-02 06:03:04"
"2024-09-09";"YouTube";"137 561";"11 479";"27 562 843";"2024-09-09 03:00:50"
"2024-09-04";"Facebook";"44 605";"8 140";"27 561 221";"2024-09-04 20:05:47"
"2024-09-03";"";"97 071";"20 398";"27 562 826";"2024-09-03 16:49:34"
"2024-09-06";"";"42 804";"4 372";"27 563 419";"2024-09-06 19:16:51"
"2024-09-02";"";"78 996";"7 068";"27 563 285";"2024-09-02 03:24:20"
"2024-09-08";"YouTube";"254 552";"3 044 467";"27 562 592";"2024-09-08 06:39:50"
"2024-09-01";"Instagram";"153 534";"11 818";"27 562 641";"2024-09-01 19:52:33"
"2024-09-01";"";"81 349";"2 420";"27 561 778";"2024-09-01 12:09:57"
"2024-09-03";"";"29 756";"2 435";"27 561 420";"2024-09-03 10:31:21"
"2024-09-03";"YouTube";"38 229 599";"3 507 962";"27 563 239";"2024-09-03 04:01:15"
"2024-09-10";"";"30 156";"4 989";"27 561 994";"2024-09-10 12:45:51"
"2024-09-06";"YouTube";"1 294 680";"81 648";"27 562 197";"2024-09-06 03:48:23"
"2024-09-03";"";"27 524";"14 327";"27 563 379";"2024-09-03 22:31:58"
"2024-09-05";"";"59 850";"14 149";"27 562 720";"2024-09-05 10:19:19"
"2024-09-06";"";"1 665 043";"70 444";"27 563 239";"2024-09-07 02:47:14"
"2024-09-10";"YouTube";"607 211";"423 949";"27 563 143";"2024-09-10 03:00:51"
"2024-09-02";"";"5 005 039";"155 560";"27 562 660";"2024-09-03 02:59:05"
"2024-09-03";"";"2 646 326";"56 682";"27 562 405";"2024-09-03 11:08:30"
"2024-09-07";"";"383 393";"44 403";"27 562 864";"2024-09-07 23:56:17"
"2024-09-07";"";"12 370";"27 451";"27 562 251";"2024-09-07 08:41:38"
"2024-09-02";"";"155 838";"8 419";"27 561 569";"2024-09-02 04:37:22"
"2024-09-05";"";"178 300";"11 567";"27 561 449";"2024-09-05 06:27:38"
"2024-09-03";"Unknown";"533 688";"27 335";"27 563 318";"2024-09-04 02:23:30"
"2024-09-04";"YouTube";"2 423 427";"1 191 537";"27 561 947";"2024-09-04 15:24:29"
"2024-09-06";"";"111 443";"4 514";"27 563 291";"2024-09-06 16:37:19"
"2024-09-01";"";"29 827";"8 435";"27 562 003";"2024-09-01 09:42:22"
"2024-09-03";"";"70 642";"101 936";"27 562 754";"2024-09-03 21:18:45"
"2024-09-10";"Yandex";"122 583";"29 294";"27 562 788";"2024-09-10 08:17:18"
"2024-09-09";"";"91 002";"196 970";"27 562 316";"2024-09-09 23:32:59"
"2024-09-01";"Facebook";"61 534";"14 806";"27 561 607";"2024-09-01 23:20:43"
"2024-09-01";"";"43 233";"9 768";"27 562 803";"2024-09-01 12:21:50"
"2024-09-01";"";"100 898";"25 368";"27 561 204";"2024-09-01 05:26:02"
"2024-09-01";"Instagram";"11 678 910";"448 516";"27 562 365";"2024-09-01 13:46:14"
"2024-09-10";"Instagram";"87 220 576";"750 207";"27 562 473";"2024-09-10 10:43:47"
"2024-09-06";"Apple Music";"612 448";"14 111";"27 562 851";"2024-09-06 18:39:25"
"2024-09-03";"";"59 338 422";"3 619 560";"27 562 892";"2024-09-03 09:42:59"
"2024-09-10";"YouTube";"1 063 141";"55 486";"27 561 251";"2024-09-10 14:47:26"
"2024-09-04";"Yandex";"45 577";"102 808";"27 562 575";"2024-09-04 20:05:43"
"2024-09-07";"";"0";"135 251";"27 562 908";"2024-09-07 14:11:32"
"2024-09-05";"";"21 700";"33 131";"27 562 934";"2024-09-05 18:51:08"
"2024-09-04";"Telegram";"1 360 373";"91 808";"27 562 771";"2024-09-04 16:01:01"
"2024-09-04";"";"26 197";"5 968";"27 562 192";"2024-09-04 08:05:21"
"2024-09-09";"Telegram";"31 260 732";"2 446 037";"27 561 699";"2024-09-09 20:29:47"
"2024-09-04";"";"320 047 214";"13 750 828";"27 563 503";"2024-09-04 21:42:00"
"2024-09-07";"";"171 959";"45 008";"27 561 331";"2024-09-07 10:07:09"
"2024-09-02";"YouTube";"535 849";"217 315";"27 562 280";"2024-09-02 23:44:31"
"2024-09-03";"Instagram";"89 519 673";"1 665 139";"27 561 787";"2024-09-03 07:52:28"
"2024-09-07";"";"117 794";"7 602";"27 562 866";"2024-09-07 23:56:53"
"2024-09-10";"YouTube";"341 525";"22 348";"27 561 890";"2024-09-10 12:33:38"
"2024-09-07";"";"203 670";"650 533";"27 561 330";"2024-09-07 22:43:22"
"2024-09-09";"Instagram";"7 771 411";"176 114";"27 562 896";"2024-09-10 00:45:35"
"2024-09-09";"Instagram";"1 904 001";"117 095";"27 561 744";"2024-09-09 11:56:50"
"2024-09-10";"Instagram";"370 668";"12 583";"27 562 343";"2024-09-10 22:31:52"
"2024-09-04";"YouTube";"3 788 508";"1 693 003";"27 562 667";"2024-09-04 10:31:35"
"2024-09-07";"";"57 450";"139 928";"27 561 640";"2024-09-07 05:38:53"
"2024-09-02";"";"125 224";"5 716";"27 562 622";"2024-09-02 23:20:49"
"2024-09-07";"Instagram";"31 934 680";"987 359";"27 562 595";"2024-09-07 18:39:00"
"2024-09-04";"";"102 361";"7 861";"27 562 267";"2024-09-04 17:02:22"
"2024-09-03";"YouTube";"281 468";"2 292 365";"27 562 783";"2024-09-03 04:13:58"
"2024-09-06";"";"66 646";"91 726";"27 561 689";"2024-09-06 23:32:23"
"2024-09-08";"";"580 249";"95 648";"27 562 666";"2024-09-08 12:57:38"
"2024-09-06";"";"65 477";"6 722";"27 561 814";"2024-09-06 10:19:01"
"2024-09-04";"";"55 497";"4 991";"27 562 982";"2024-09-04 11:08:04"
"2024-09-08";"";"83 457";"22 544";"27 562 582";"2024-09-08 20:41:40"
"2024-09-06";"";"41 809";"5 058";"27 562 668";"2024-09-06 22:07:48"
"2024-09-03";"";"301 427";"16 419";"27 563 175";"2024-09-03 17:26:58"
"2024-09-09";"YouTube";"881 173";"553 341";"27 563 314";"2024-09-09 13:34:05"
"2024-09-07";"";"124 981";"44 312";"27 562 363";"2024-09-08 00:33:12"
"2024-09-03";"";"7 154 210";"3 572 788";"27 563 411";"2024-09-03 09:18:49"
"2024-09-05";"";"453 853";"15 649";"27 562 371";"2024-09-05 17:02:15"
"2024-09-10";"VKontakte";"116 297";"7 602";"27 563 411";"2024-09-10 14:59:38"
"2024-09-02";"";"29 006";"3 512";"27 562 607";"2024-09-03 01:58:25"
"2024-09-09";"Tas-ix";"75 426";"119 745";"27 561 339";"2024-09-09 06:51:31"
"2024-09-02";"YouTube";"34 564 261";"2 984 514";"27 561 345";"2024-09-02 10:55:07"
"2024-09-09";"";"265 952";"63 525";"27 563 320";"2024-09-09 08:17:54"
"2024-09-06";"";"851 676";"51 538";"27 561 692";"2024-09-07 01:34:32"
"2024-09-08";"";"15 879";"32 906";"27 563 335";"2024-09-08 20:05:07"
"2024-09-04";"";"2 906 799";"83 698";"27 561 761";"2024-09-04 04:37:24"
"2024-09-10";"Unknown";"123 971";"6 677";"27 563 041";"2024-09-10 19:28:46"
"2024-09-07";"Yandex";"24 223";"175 897";"27 563 000";"2024-09-07 11:20:21"
"2024-09-06";"";"33 525";"3 751";"27 561 240";"2024-09-06 07:16:12"
"2024-09-04";"";"524 120";"286 500";"27 561 596";"2024-09-04 23:20:06"
"2024-09-01";"Instagram";"7 238 159";"1 501 600";"27 561 540";"2024-09-01 18:39:37"
"2024-09-06";"";"412 494";"164 972";"27 562 559";"2024-09-06 05:26:14"
"2024-09-01";"";"12 944 897";"431 459";"27 563 157";"2024-09-01 07:16:23"
"2024-09-01";"";"204 285";"35 061";"27 561 552";"2024-09-01 21:06:53"
"2024-09-01";"Unknown";"942 671";"151 812";"27 562 884";"2024-09-01 14:23:24"
"2024-09-10";"";"5 597 220";"125 583";"27 562 322";"2024-09-10 06:03:48"
"2024-09-07";"Yandex Video";"1 342 659";"69 953";"27 563 424";"2024-09-07 23:32:26"
"2024-09-10";"";"6 579 326";"187 697";"27 561 950";"2024-09-10 10:43:50"
"2024-09-03";"";"2 350 041";"123 191";"27 562 508";"2024-09-03 11:32:12"
"2024-09-03";"";"34 535";"5 906";"27 563 016";"2024-09-03 04:01:44"
"2024-09-03";"";"32 072";"2 630";"27 563 008";"2024-09-04 01:22:47"
"2024-09-01";"";"106 682";"15 887";"27 562 853";"2024-09-01 04:49:25"
"2024-09-06";"";"28 225";"3 900";"27 563 041";"2024-09-06 16:25:21"
"2024-09-06";"YouTube";"962 862";"33 962";"27 562 401";"2024-09-06 11:44:08"
"2024-09-07";"";"229 327";"55 367";"27 563 415";"2024-09-07 09:54:26"
"2024-09-07";"";"46 725";"47 944";"27 561 828";"2024-09-07 16:49:46"
"2024-09-09";"";"319 787";"36 354";"27 561 629";"2024-09-09 08:41:21"
"2024-09-03";"Instagram";"1 435 836";"230 124";"27 563 207";"2024-09-03 03:00:39"
"2024-09-07";"Odnoklassniki";"434 284";"37 169";"27 562 366";"2024-09-08 00:33:34"
"2024-09-07";"YouTube";"234 431";"1 340 317";"27 563 058";"2024-09-07 15:48:27"
"2024-09-06";"Apple Music";"212 124";"18 969";"27 563 287";"2024-09-07 00:33:30"
"2024-09-04";"YouTube";"66 885 199";"3 242 033";"27 561 180";"2024-09-04 03:12:52"
"2024-09-07";"";"4 488 615";"901 653";"27 561 260";"2024-09-07 15:48:22"
"2024-09-04";"Facebook";"44 032";"2 021";"27 561 265";"2024-09-05 00:33:40"
"2024-09-10";"";"156 072";"19 647";"27 562 192";"2024-09-10 18:39:17"
"2024-09-08";"";"383 016";"189 940";"27 563 030";"2024-09-08 07:16:29"
"2024-09-03";"";"1 278 601";"249 524";"27 561 591";"2024-09-04 00:45:41"
"2024-09-07";"YouTube";"2 484 144";"948 332";"27 562 942";"2024-09-07 23:56:04"
"2024-09-06";"Yandex";"3 059 929";"436 851";"27 563 419";"2024-09-06 07:40:47"
"2024-09-05";"";"2 726 089";"112 048";"27 563 000";"2024-09-05 20:17:01"
"2024-09-10";"Yandex";"8 060 220";"360 936";"27 561 697";"2024-09-10 15:36:31"
"2024-09-08";"";"33 766";"11 370";"27 562 994";"2024-09-08 19:16:31"
"2024-09-08";"";"4 071 668";"183 991";"27 562 675";"2024-09-08 06:39:16"
"2024-09-03";"YouTube";"810 001";"2 612 791";"27 561 432";"2024-09-03 11:32:27"
"2024-09-10";"";"221 216 456";"11 699 183";"27 562 545";"2024-09-10 10:19:16"
"2024-09-05";"Apple Music";"130 182";"28 809";"27 562 737";"2024-09-05 18:51:29"
"2024-09-08";"Instagram";"101 589 846";"1 213 527";"27 562 112";"2024-09-09 00:33:53"
"2024-09-09";"";"312 998";"14 692";"27 563 458";"2024-09-09 21:30:36"
"2024-09-01";"Telegram";"109 764";"12 808";"27 561 498";"2024-09-01 07:52:25"
"2024-09-06";"";"177 963";"16 817";"27 563 445";"2024-09-06 23:20:27"
"2024-09-01";"";"13 047";"80 354";"27 562 587";"2024-09-01 20:41:34"
"2024-09-06";"";"102 680";"104 939";"27 562 505";"2024-09-06 22:19:36"
"2024-09-02";"";"41 365";"45 153";"27 561 479";"2024-09-03 01:58:25"
"2024-09-07";"YouTube";"48 998";"3 378";"27 562 393";"2024-09-07 11:56:43"
"2024-09-06";"";"43 246";"12 101";"27 561 199";"2024-09-06 06:27:13"
"2024-09-10";"YouTube";"504 727";"81 795";"27 561 234";"2024-09-10 13:22:45"
"2024-09-02";"";"98 312";"7 598";"27 562 341";"2024-09-03 01:10:39"
"2024-09-01";"";"124 538";"7 575";"27 562 494";"2024-09-01 20:53:01"
"2024-09-04";"Yandex";"1 026 774";"602 604";"27 562 265";"2024-09-04 21:18:33"
"2024-09-01";"";"50 306 843";"2 390 898";"27 562 981";"2024-09-01 08:41:57"
"2024-09-10";"";"34 687";"2 074";"27 562 291";"2024-09-10 20:41:07"
"2024-09-05";"";"30 254";"14 326";"27 563 234";"2024-09-05 15:00:25"
"2024-09-08";"Instagram";"2 430 395";"41 345";"27 562 827";"2024-09-08 07:40:57"
"2024-09-06";"Yandex";"973 771";"56 557";"27 562 921";"2024-09-06 11:08:43"
"2024-09-05";"";"83 033";"31 076";"27 562 088";"2024-09-05 16:49:01"
"2024-09-07";"";"40 018";"16 819";"27 563 452";"2024-09-07 08:17:28"
"2024-09-10";"";"35 643";"19 743";"27 561 831";"2024-09-10 21:06:13"
"2024-09-06";"WhatsApp";"208 558";"281 371";"27 562 041";"2024-09-06 20:29:39"
"2024-09-08";"";"604 121";"214 359";"27 562 696";"2024-09-08 11:20:24"
"2024-09-03";"";"745 421";"186 240";"27 562 674";"2024-09-03 08:41:16"
"2024-09-03";"";"47 433";"7 848";"27 562 516";"2024-09-03 12:21:12"
"2024-09-09";"";"481 732";"160 649";"27 562 025";"2024-09-10 00:21:03"
"2024-09-06";"";"115 588";"39 934";"27 562 317";"2024-09-06 05:02:55"
"2024-09-04";"VKontakte";"559 681";"35 568";"27 562 721";"2024-09-04 04:49:12"
"2024-09-08";"";"412 907";"32 602";"27 561 640";"2024-09-09 00:09:15"
"2024-09-04";"Instagram";"185 724 880";"3 983 843";"27 561 298";"2024-09-04 06:03:07"
"2024-09-01";"";"212 794";"81 328";"27 563 144";"2024-09-01 05:02:01"
"2024-09-02";"Unknown";"218 222";"74 918";"27 562 758";"2024-09-02 07:40:51"
"2024-09-10";"";"329 714";"80 218";"27 562 050";"2024-09-10 15:12:19"
"2024-09-01";"";"55 983";"36 898";"27 561 390";"2024-09-01 04:01:28"
"2024-09-02";"";"1 814 040";"75 656";"27 562 732";"2024-09-02 11:56:56"
"2024-09-01";"Telegram";"113 938";"10 709";"27 561 457";"2024-09-01 18:27:46"
"2024-09-09";"VKontakte";"18 456 984";"403 249";"27 561 787";"2024-09-09 04:13:22"
"2024-09-10";"";"61 118";"15 184";"27 562 858";"2024-09-10 09:42:43"
"2024-09-10";"";"71 102";"16 062";"27 562 666";"2024-09-10 23:44:31"
"2024-09-01";"";"84 493";"4 132";"27 561 249";"2024-09-01 20:05:46"
"2024-09-07";"";"27 452";"4 614";"27 562 803";"2024-09-07 05:26:20"
"2024-09-06";"YouTube";"495 973";"128 610";"27 563 437";"2024-09-06 10:43:05"
"2024-09-03";"Yandex";"129 873";"10 414";"27 562 757";"2024-09-03 10:07:22"
"2024-09-06";"TikTok";"194 162";"973 296";"27 562 057";"2024-09-06 05:38:34"
"2024-09-09";"";"4 573";"40 472";"27 562 057";"2024-09-10 00:45:30"
"2024-09-08";"";"332 067";"14 485";"27 562 402";"2024-09-08 19:52:45"
"2024-09-10";"Facebook";"1 187 863";"516 660";"27 562 075";"2024-09-10 22:43:05"
"2024-09-02";"";"867 023";"11 924 423";"27 562 666";"2024-09-03 01:46:54"
"2024-09-09";"Facebook";"43 404 890";"1 229 360";"27 561 643";"2024-09-09 13:10:02"
"2024-09-07";"";"105 184";"35 813";"27 562 322";"2024-09-08 00:57:29"
"2024-09-09";"Telegram";"1 126 253";"133 603";"27 561 398";"2024-09-09 03:36:58"
"2024-09-03";"";"525 166";"144 255";"27 561 697";"2024-09-03 16:01:34"
"2024-09-04";"";"110 096";"12 815";"27 562 168";"2024-09-04 10:31:29"
"2024-09-10";"";"5 074 944";"207 379";"27 563 238";"2024-09-10 22:43:23"
"2024-09-06";"";"251 305";"324 187";"27 561 802";"2024-09-06 23:32:54"
"2024-09-08";"";"52 687";"2 361";"27 561 510";"2024-09-08 19:28:10"
"2024-09-05";"";"3 768 203";"156 317";"27 562 239";"2024-09-05 19:40:05"
"2024-09-08";"";"35 181";"14 102";"27 562 468";"2024-09-08 14:23:12"
"2024-09-09";"";"2 568 418";"74 571";"27 562 515";"2024-09-09 16:49:29"
"2024-09-10";"";"3 815 669";"677 405";"27 561 306";"2024-09-10 13:34:50"
"2024-09-07";"YouTube";"144 455";"964 256";"27 562 388";"2024-09-07 10:31:47"
"2024-09-06";"";"0";"55 099";"27 562 667";"2024-09-06 22:19:10"
"2024-09-08";"Telegram";"84 476";"13 339";"27 562 504";"2024-09-08 18:15:18"
"2024-09-06";"Instagram";"372 141";"19 055";"27 561 974";"2024-09-06 23:56:11"
"2024-09-03";"";"64 279";"165 029";"27 561 630";"2024-09-03 15:48:13"
"2024-09-06";"";"58 407";"7 375";"27 562 803";"2024-09-07 01:22:57"
"2024-09-05";"";"53 801";"2 899";"27 562 025";"2024-09-05 15:00:27"
"2024-09-07";"YouTube";"2 526 334";"1 051 617";"27 563 100";"2024-09-07 10:31:19"
"2024-09-06";"YouTube";"39 898";"5 594";"27 562 849";"2024-09-06 15:12:34"
"2024-09-04";"";"220 638";"23 786";"27 561 214";"2024-09-04 11:44:44"
"2024-09-07";"";"5 141 749";"1 414 004";"27 563 404";"2024-09-07 12:33:37"
"2024-09-03";"";"15 075 369";"864 138";"27 563 083";"2024-09-03 06:27:35"
"2024-09-07";"";"34 116";"2 330";"27 561 372";"2024-09-07 17:26:04"
"2024-09-08";"";"25 935";"4 733";"27 561 593";"2024-09-08 23:08:06"
"2024-09-01";"";"621 696";"37 373";"27 562 188";"2024-09-01 08:29:50"
"2024-09-09";"";"109 796";"484 350";"27 561 831";"2024-09-09 05:26:01"
"2024-09-07";"";"22 539";"31 468";"27 562 034";"2024-09-07 10:07:00"
"2024-09-02";"";"25 804";"4 831";"27 562 812";"2024-09-02 14:35:06"
"2024-09-04";"";"167 330";"186 041";"27 561 224";"2024-09-04 22:31:53"
"2024-09-05";"";"111 209";"53 097";"27 562 349";"2024-09-05 05:26:23"
"2024-09-09";"";"95 884";"5 869";"27 562 711";"2024-09-09 20:53:57"
"2024-09-09";"";"146 167 780";"7 697 994";"27 562 289";"2024-09-10 01:34:17"
"2024-09-04";"";"53 853";"29 635";"27 562 223";"2024-09-04 19:28:54"
"2024-09-04";"";"1 774 788";"87 628";"27 561 884";"2024-09-04 19:16:24"
"2024-09-02";"";"7 103 408";"384 866";"27 561 688";"2024-09-02 13:34:02"
"2024-09-02";"";"121 914";"12 007";"27 561 344";"2024-09-02 04:01:19"
"2024-09-09";"";"339 912";"72 771";"27 563 210";"2024-09-09 06:03:46"
"2024-09-09";"";"122 205";"11 854";"27 561 598";"2024-09-09 22:19:20"
"2024-09-10";"Telegram";"7 689 203";"534 906";"27 563 035";"2024-09-10 08:29:41"
"2024-09-06";"";"40 450 298";"5 227 003";"27 561 737";"2024-09-07 00:21:53"
"2024-09-09";"YouTube";"19 019 736";"1 206 708";"27 563 446";"2024-09-09 15:24:04"
"2024-09-02";"";"9 295 833";"2 078 122";"27 562 775";"2024-09-02 22:55:39"
"2024-09-04";"YouTube";"49 965";"5 726";"27 563 238";"2024-09-04 14:11:16"
"2024-09-06";"";"54 316";"6 399";"27 561 629";"2024-09-06 22:55:07"
"2024-09-04";"YouTube";"5 015 458";"341 751";"27 562 857";"2024-09-04 04:49:52"
"2024-09-06";"";"106 925";"42 735";"27 562 622";"2024-09-06 23:20:56"
"2024-09-08";"";"18 805 561";"802 487";"27 561 453";"2024-09-08 03:48:00"
"2024-09-02";"";"41 702";"5 245";"27 562 845";"2024-09-02 06:27:49"
"2024-09-10";"";"154 518";"28 017";"27 561 384";"2024-09-10 18:15:25"
"2024-09-01";"";"33 361";"2 553";"27 563 310";"2024-09-01 13:34:59"
"2024-09-07";"";"151 605";"26 160";"27 561 293";"2024-09-08 00:45:37"
"2024-09-02";"Telegram";"252 824 226";"17 380 737";"27 563 221";"2024-09-02 06:03:09"
"2024-09-06";"";"25 783";"3 638";"27 562 617";"2024-09-07 00:21:54"
"2024-09-05";"";"36 617";"2 120";"27 561 307";"2024-09-05 04:37:27"
"2024-09-06";"YouTube";"7 681 802";"251 976";"27 563 395";"2024-09-06 05:38:17"
"2024-09-04";"YouTube";"5 689 570";"1 719 069";"27 562 656";"2024-09-04 10:19:46"
"2024-09-06";"";"38 131";"2 031";"27 562 748";"2024-09-06 13:22:41"
"2024-09-10";"YouTube";"99 738";"689 112";"27 562 004";"2024-09-10 21:30:28"
"2024-09-09";"";"61 897";"111 946";"27 562 356";"2024-09-09 14:23:58"
"2024-09-07";"";"433 384";"14 273";"27 561 347";"2024-09-07 12:57:36"
"2024-09-05";"";"169 035";"255 479";"27 562 666";"2024-09-05 05:14:45"
"2024-09-01";"";"9 730";"278 005";"27 562 708";"2024-09-02 02:35:57"
"2024-09-03";"Instagram";"245 021 968";"4 352 894";"27 561 428";"2024-09-03 09:42:28"
"2024-09-05";"";"145 099";"12 139";"27 563 469";"2024-09-05 17:38:12"
"2024-09-01";"Telegram";"6 554 395";"466 545";"27 562 720";"2024-09-01 07:40:09"
"2024-09-06";"YouTube";"1 867 568";"915 547";"27 562 294";"2024-09-06 06:15:51"
"2024-09-07";"";"202 722";"17 341";"27 562 615";"2024-09-07 10:43:40"
"2024-09-04";"";"35 051";"6 246";"27 561 638";"2024-09-04 20:17:52"
"2024-09-02";"";"32 147";"2 166";"27 562 094";"2024-09-02 20:53:43"
"2024-09-04";"";"13 677";"25 620";"27 563 388";"2024-09-04 12:57:32"
"2024-09-07";"";"43 825";"6 955";"27 561 796";"2024-09-07 23:20:27"
"2024-09-10";"Facebook";"697 924";"35 680";"27 561 846";"2024-09-10 23:44:16"
"2024-09-09";"YouTube";"392 538";"51 939";"27 561 640";"2024-09-10 00:57:04"
"2024-09-01";"YouTube";"25 447 811";"2 132 047";"27 561 325";"2024-09-01 21:18:38"
"2024-09-05";"";"2 128 584";"831 846";"27 562 729";"2024-09-05 09:30:24"
"2024-09-10";"Instagram";"1 935 277";"416 962";"27 561 597";"2024-09-11 02:59:02"
"2024-09-05";"";"775 509";"19 596";"27 562 720";"2024-09-05 12:45:31"
"2024-09-04";"";"90 722";"4 103";"27 562 784";"2024-09-04 04:25:48"
"2024-09-02";"";"15 895";"101 152";"27 561 595";"2024-09-03 02:47:30"
"2024-09-09";"YouTube";"1 058 449";"440 132";"27 561 997";"2024-09-10 00:21:45"
"2024-09-05";"";"136 203";"204 378";"27 563 109";"2024-09-06 00:21:45"
"2024-09-02";"";"341 420";"579 962";"27 562 124";"2024-09-03 01:22:33"
"2024-09-10";"Instagram";"7 321 491";"5 335 755";"27 561 438";"2024-09-10 09:06:32"
"2024-09-07";"";"31 930";"1 982";"27 561 851";"2024-09-07 03:12:39"
"2024-09-09";"Telegram";"26 790 434";"5 021 439";"27 562 371";"2024-09-09 20:53:58"
"2024-09-09";"";"558 350";"17 691";"27 562 343";"2024-09-09 20:41:00"
"2024-09-09";"";"43 562";"6 754";"27 561 804";"2024-09-09 15:36:23"
"2024-09-03";"";"99 520";"6 047";"27 563 284";"2024-09-03 18:27:35"
"2024-09-06";"Instagram";"188 812";"50 267";"27 563 000";"2024-09-06 18:39:50"
"2024-09-03";"";"758 942";"52 857";"27 561 611";"2024-09-04 02:59:17"
"2024-09-08";"Instagram";"1 644 329";"59 899";"27 561 390";"2024-09-08 15:48:02"
"2024-09-10";"";"3 090 105";"201 053";"27 562 606";"2024-09-10 17:38:31"
"2024-09-05";"";"48 362 438";"3 120 835";"27 561 227";"2024-09-05 12:33:32"
"2024-09-10";"Facebook";"274 536";"47 821";"27 562 204";"2024-09-10 16:37:43"
"2024-09-05";"";"39 234";"37 047";"27 563 404";"2024-09-05 12:21:42"
"2024-09-03";"Instagram";"188 654";"16 852";"27 563 238";"2024-09-03 21:06:15"
"2024-09-03";"YouTube";"116 118";"38 362";"27 563 514";"2024-09-03 19:40:44"
"2024-09-02";"";"97 929";"40 915";"27 562 841";"2024-09-02 07:04:08"
"2024-09-03";"";"72 070";"58 750";"27 562 799";"2024-09-03 23:20:48"
"2024-09-09";"";"174 570";"28 475";"27 561 205";"2024-09-09 08:05:50"
"2024-09-03";"";"102 082";"16 809";"27 562 712";"2024-09-03 22:31:48"
"2024-09-09";"Yandex";"301 578";"92 313";"27 561 763";"2024-09-09 06:51:38"
"2024-09-08";"";"345 324";"26 621";"27 563 494";"2024-09-08 20:05:59"
"2024-09-06";"Apple Music";"170 826";"10 594";"27 561 908";"2024-09-06 07:40:14"
"2024-09-03";"";"58 579";"2 668";"27 562 663";"2024-09-04 02:47:12"
"2024-09-01";"YouTube";"15 019 710";"1 411 147";"27 561 362";"2024-09-01 04:37:28"
"2024-09-03";"Unknown";"302 483";"141 238";"27 562 721";"2024-09-03 12:21:57"
"2024-09-10";"";"38 458";"5 173";"27 562 170";"2024-09-11 02:11:16"
"2024-09-08";"Instagram";"1 040 668";"1 128 529";"27 563 066";"2024-09-08 08:17:31"
"2024-09-02";"";"225 290";"32 305";"27 562 028";"2024-09-02 06:15:55"
"2024-09-08";"";"1 040 099";"55 068";"27 563 224";"2024-09-09 02:47:31"
"2024-09-05";"";"256 667";"12 963";"27 562 167";"2024-09-05 17:50:56"
"2024-09-09";"Apple Music";"88 699";"26 608";"27 562 234";"2024-09-09 14:47:13"
"2024-09-03";"";"226 003";"6 975";"27 562 083";"2024-09-03 13:58:49"
"2024-09-01";"";"39 616";"2 874";"27 561 232";"2024-09-01 13:10:04"
"2024-09-09";"";"86 730";"24 010";"27 562 012";"2024-09-09 07:40:27"
"2024-09-08";"";"789 636";"281 318";"27 563 219";"2024-09-08 05:14:29"
"2024-09-05";"Facebook";"98 467";"6 979";"27 561 343";"2024-09-05 17:26:34"
"2024-09-03";"Apple Music";"49 197";"4 795";"27 562 810";"2024-09-03 19:52:59"
"2024-09-02";"";"486 262";"43 797";"27 562 398";"2024-09-02 22:19:20"
"2024-09-06";"";"168 969";"18 416";"27 563 030";"2024-09-06 20:05:13"
"2024-09-01";"";"35 332";"2 256";"27 563 216";"2024-09-01 07:28:15"
"2024-09-04";"Telegram";"1 756 428";"84 183";"27 562 843";"2024-09-04 06:51:46"
"2024-09-01";"";"209 334";"18 827";"27 563 059";"2024-09-01 20:41:01"
"2024-09-08";"YouTube";"24 936";"134 000";"27 561 612";"2024-09-08 11:56:29"
"2024-09-09";"";"9 546";"39 343";"27 563 442";"2024-09-09 04:49:08"
"2024-09-06";"";"42 544";"4 194";"27 561 651";"2024-09-06 13:58:47"
"2024-09-04";"";"13 201 441";"558 350";"27 562 401";"2024-09-04 18:51:17"
"2024-09-03";"";"97 133";"23 923";"27 561 598";"2024-09-03 03:36:10"
"2024-09-06";"YouTube";"5 260 773";"528 672";"27 562 090";"2024-09-07 00:45:54"
"2024-09-08";"";"5 541";"122 502";"27 563 191";"2024-09-08 06:03:20"
"2024-09-01";"";"34 926";"4 149";"27 563 313";"2024-09-01 06:15:30"
"2024-09-04";"";"785 074";"887 655";"27 563 368";"2024-09-04 04:49:47"
"2024-09-08";"";"79 121";"10 120";"27 563 402";"2024-09-08 12:21:52"
"2024-09-02";"";"14 238";"27 065";"27 562 931";"2024-09-03 02:23:53"
"2024-09-05";"";"33 678";"2 706";"27 561 956";"2024-09-05 03:24:03"
"2024-09-10";"Telegram";"65 110";"6 916";"27 562 016";"2024-09-10 05:26:00"
"2024-09-10";"";"477 353";"25 961";"27 561 706";"2024-09-10 13:34:53"
"2024-09-10";"";"409 620";"56 238";"27 563 145";"2024-09-10 21:18:38"
"2024-09-04";"";"19 047";"51 425";"27 561 504";"2024-09-04 11:32:44"
"2024-09-04";"";"1 869 458";"162 255";"27 562 365";"2024-09-04 20:53:37"
"2024-09-06";"";"304 685";"108 750";"27 562 143";"2024-09-06 14:35:54"
"2024-09-02";"";"1 609 329";"454 339";"27 561 725";"2024-09-02 07:28:56"
"2024-09-06";"";"919 580";"34 143";"27 562 216";"2024-09-06 14:23:57"
"2024-09-03";"YouTube";"33 703 854";"2 666 228";"27 562 895";"2024-09-03 05:02:40"
"2024-09-06";"";"453 697";"49 017";"27 562 784";"2024-09-06 13:34:47"
"2024-09-01";"";"242 663";"16 655";"27 562 734";"2024-09-02 01:58:13"
"2024-09-08";"YouTube";"3 304";"27 279";"27 562 538";"2024-09-08 10:43:05"
"2024-09-06";"";"73 118";"50 566";"27 562 527";"2024-09-06 15:24:36"
"2024-09-06";"TikTok";"8 880";"621 978";"27 561 792";"2024-09-06 21:18:08"
"2024-09-07";"";"73 230";"1 410 034";"27 562 780";"2024-09-07 19:04:12"
"2024-09-03";"";"173 971";"153 753";"27 563 141";"2024-09-03 07:04:37"
"2024-09-02";"Instagram";"4 867 101";"224 189";"27 563 022";"2024-09-02 05:50:32"
"2024-09-10";"YouTube";"2 971 279";"941 285";"27 561 997";"2024-09-10 15:24:05"
"2024-09-07";"";"146 872";"26 066";"27 561 486";"2024-09-07 21:18:49"
"2024-09-06";"";"1 839 613";"858 640";"27 561 276";"2024-09-06 08:53:42"
"2024-09-07";"";"1 541 412";"557 469";"27 562 489";"2024-09-07 12:21:48"
"2024-09-06";"";"1 147 125";"100 438";"27 561 239";"2024-09-06 22:43:55"
"2024-09-06";"Facebook";"8 556 652";"1 122 362";"27 562 516";"2024-09-06 09:54:10"
"2024-09-08";"";"28 679";"24 533";"27 561 477";"2024-09-08 07:52:52"
"2024-09-04";"";"395 728";"17 943";"27 562 868";"2024-09-04 10:31:56"
"2024-09-07";"Facebook";"24 502 213";"942 644";"27 562 099";"2024-09-07 12:57:48"
"2024-09-08";"";"2 213 196";"1 959 516";"27 562 934";"2024-09-08 03:12:27"
"2024-09-06";"";"685 048";"397 730";"27 563 452";"2024-09-06 21:18:27"
"2024-09-03";"";"51 063";"2 348";"27 563 014";"2024-09-03 14:11:54"
"2024-09-06";"";"336 174";"19 265";"27 561 762";"2024-09-07 02:59:14"
"2024-09-09";"";"67 625";"28 922";"27 562 025";"2024-09-09 22:07:05"
"2024-09-04";"";"76 281";"103 776";"27 563 020";"2024-09-04 12:57:00"
"2024-09-04";"Facebook";"620 103";"59 923 826";"27 563 295";"2024-09-04 20:29:39"
"2024-09-03";"";"191 483 052";"16 640 278";"27 562 560";"2024-09-03 13:10:13"
"2024-09-07";"WhatsApp";"11 689 132";"40 527 774";"27 563 143";"2024-09-07 13:46:49"
"2024-09-10";"";"10 320";"25 756";"27 563 033";"2024-09-10 07:16:00"
"2024-09-09";"YouTube";"164 828";"29 621";"27 561 499";"2024-09-09 04:49:24"
"2024-09-01";"YouTube";"1 303 443";"123 058";"27 562 456";"2024-09-01 16:01:45"
"2024-09-06";"";"644 606";"67 383";"27 563 199";"2024-09-06 08:29:39"
"2024-09-01";"";"28 458";"16 434";"27 563 462";"2024-09-01 15:12:28"
"2024-09-03";"";"29 701";"15 645";"27 562 674";"2024-09-03 13:46:33"
"2024-09-08";"";"9 498";"38 956";"27 562 371";"2024-09-09 01:34:04"
"2024-09-05";"";"52 073";"5 187";"27 562 653";"2024-09-05 23:20:32"
"2024-09-05";"";"809 948";"38 668";"27 561 482";"2024-09-05 03:36:26"
"2024-09-05";"";"21 000 896";"640 371";"27 561 586";"2024-09-05 14:47:52"
"2024-09-03";"YouTube";"312 504";"29 807";"27 561 356";"2024-09-04 02:11:03"
"2024-09-03";"Telegram";"5 366 962";"1 422 629";"27 562 806";"2024-09-03 18:51:35"
"2024-09-03";"";"547 531";"15 822";"27 561 691";"2024-09-03 04:13:53"
"2024-09-03";"";"275 278";"136 152";"27 562 893";"2024-09-04 01:10:34"
"2024-09-01";"Instagram";"150 237";"71 227";"27 563 140";"2024-09-01 19:04:54"
"2024-09-08";"Instagram";"990 657";"102 915";"27 561 628";"2024-09-08 15:12:15"
"2024-09-06";"";"1 654 277";"208 300";"27 561 529";"2024-09-06 12:57:25"
"2024-09-08";"Instagram";"15 413 252";"530 516";"27 562 436";"2024-09-08 19:28:17"
"2024-09-07";"";"101 393";"34 990";"27 561 424";"2024-09-07 18:03:43"
"2024-09-04";"Facebook";"923 799";"38 732";"27 563 184";"2024-09-04 14:11:25"
"2024-09-09";"";"780 618";"41 990";"27 561 610";"2024-09-09 11:08:06"
"2024-09-10";"Instagram";"22 639 045";"570 762";"27 562 993";"2024-09-10 10:07:18"
"2024-09-09";"Yandex";"247 630";"14 892";"27 561 633";"2024-09-09 13:22:45"
"2024-09-04";"";"56 206";"6 553";"27 561 883";"2024-09-05 02:59:27"
"2024-09-07";"";"154 183";"85 364";"27 561 965";"2024-09-07 06:27:55"
"2024-09-06";"";"32 776";"3 417";"27 561 231";"2024-09-06 04:13:01"
"2024-09-02";"Yandex";"189 784";"6 538";"27 561 794";"2024-09-02 05:02:43"
"2024-09-10";"";"1 526 224";"74 428";"27 561 881";"2024-09-10 23:32:46"
"2024-09-06";"Telegram";"80 182 457";"14 927 969";"27 562 014";"2024-09-06 13:46:44"
"2024-09-10";"";"100 963";"97 605";"27 562 048";"2024-09-10 19:28:05"
"2024-09-02";"";"198 190";"39 212";"27 562 979";"2024-09-02 21:42:34"
"2024-09-05";"";"607 081";"43 067";"27 561 246";"2024-09-05 15:48:21"
"2024-09-05";"";"62 481";"3 641";"27 563 451";"2024-09-05 05:02:01"
"2024-09-03";"";"89 829";"39 014";"27 561 895";"2024-09-03 14:23:28"
"2024-09-06";"";"3 597 824";"97 748";"27 562 957";"2024-09-06 07:52:55"
"2024-09-06";"Apple Music";"104 320";"23 346";"27 562 810";"2024-09-06 13:46:16"
"2024-09-08";"Instagram";"43 659 877";"1 262 074";"27 562 673";"2024-09-09 02:11:59"
"2024-09-10";"";"80 033";"34 668";"27 563 073";"2024-09-10 08:41:07"
"2024-09-01";"";"980 731";"27 385";"27 562 950";"2024-09-01 23:56:01"
"2024-09-07";"Instagram";"7 759 880";"267 396";"27 562 592";"2024-09-07 23:56:52"
"2024-09-08";"";"44 689 669";"1 614 082";"27 561 722";"2024-09-09 02:11:17"
"2024-09-08";"";"216 607";"7 933";"27 563 402";"2024-09-08 23:20:25"
"2024-09-05";"YouTube";"270 668";"12 581";"27 563 147";"2024-09-05 04:49:12"
"2024-09-01";"";"62 536";"299 303";"27 562 516";"2024-09-01 18:39:18"
"2024-09-03";"Telegram";"2 391 316";"127 016";"27 563 314";"2024-09-03 15:12:43"
"2024-09-07";"";"52 717";"6 355";"27 562 791";"2024-09-07 11:32:50"
"2024-09-01";"";"39 128";"63 515";"27 563 205";"2024-09-01 22:43:06"
"2024-09-03";"";"179 117";"160 954";"27 561 912";"2024-09-03 18:51:40"
"2024-09-06";"";"197 343";"71 432";"27 561 892";"2024-09-07 02:35:47"
"2024-09-03";"YouTube";"463 435";"5 051 697";"27 563 450";"2024-09-03 07:52:11"
"2024-09-01";"";"3 346 625";"179 240";"27 563 220";"2024-09-01 04:25:38"
"2024-09-06";"";"192 353";"10 895";"27 561 670";"2024-09-06 19:28:52"
"2024-09-08";"YouTube";"256 980";"1 839 259";"27 561 592";"2024-09-08 10:19:22"
"2024-09-04";"";"727 223";"43 800";"27 562 393";"2024-09-05 02:23:30"
"2024-09-01";"";"118 605";"21 595";"27 561 680";"2024-09-01 19:40:22"
"2024-09-04";"";"45 099";"2 987";"27 562 441";"2024-09-04 17:26:00"
"2024-09-10";"";"37 508";"8 677";"27 563 211";"2024-09-10 12:45:41"
"2024-09-02";"";"28 495";"4 464";"27 562 398";"2024-09-02 10:19:29"
"2024-09-06";"Likee";"172 014";"187 195";"27 561 484";"2024-09-06 04:49:52"
"2024-09-10";"";"1 121 249";"70 831";"27 562 254";"2024-09-10 03:00:40"
"2024-09-09";"";"884 930";"1 324 165";"27 561 629";"2024-09-09 18:15:10"
"2024-09-05";"";"8 974";"27 148";"27 562 668";"2024-09-05 05:02:01"
"2024-09-03";"Yandex";"85 128";"70 197";"27 562 445";"2024-09-04 00:45:53"
"2024-09-03";"";"40 631";"4 215";"27 562 824";"2024-09-03 17:26:28"
"2024-09-09";"Instagram";"5 122 357";"12 919 124";"27 561 445";"2024-09-09 12:21:54"
"2024-09-07";"Telegram";"4 462 525";"242 634";"27 561 607";"2024-09-07 10:19:11"
"2024-09-10";"";"342 634";"179 120";"27 562 149";"2024-09-10 21:54:57"
"2024-09-04";"Spotify";"2 250 339";"63 536";"27 561 172";"2024-09-04 14:35:38"
"2024-09-01";"YouTube";"300 443";"3 657 442";"27 561 668";"2024-09-02 00:45:38"
"2024-09-05";"Facebook";"166 618";"72 456";"27 562 780";"2024-09-05 13:34:50"
"2024-09-09";"";"486 392";"26 583";"27 563 403";"2024-09-10 02:35:29"
"2024-09-04";"";"77 989";"164 079";"27 561 767";"2024-09-04 07:28:20"
"2024-09-01";"Yandex";"79 543";"14 716";"27 562 915";"2024-09-01 14:59:42"
"2024-09-02";"YouTube";"237 683";"35 111";"27 561 850";"2024-09-02 13:34:27"
"2024-09-06";"";"87 811";"101 380";"27 561 543";"2024-09-07 02:11:31"
"2024-09-08";"";"156 006";"14 485";"27 563 203";"2024-09-08 22:31:24"
"2024-09-05";"";"264 443";"235 245";"27 561 368";"2024-09-05 11:08:16"
"2024-09-03";"YouTube";"3 946 051";"201 495";"27 561 870";"2024-09-03 13:46:15"
"2024-09-09";"";"432 153";"34 881";"27 562 861";"2024-09-09 21:54:50"
"2024-09-05";"";"2 299 337";"268 602";"27 562 810";"2024-09-05 14:59:59"
"2024-09-07";"Instagram";"29 164";"2 639";"27 562 965";"2024-09-07 06:03:18"
"2024-09-09";"";"497 469";"243 908";"27 561 428";"2024-09-09 20:17:33"
"2024-09-09";"Facebook";"2 383 963";"809 906";"27 563 333";"2024-09-10 00:09:18"
"2024-09-06";"";"270 772";"209 545";"27 563 059";"2024-09-06 08:17:03"
"2024-09-05";"YouTube";"49 260";"5 449";"27 563 069";"2024-09-05 16:49:07"
"2024-09-07";"";"41 893";"3 290";"27 562 845";"2024-09-07 18:03:31"
"2024-09-02";"";"24 401 734";"16 461 574";"27 562 675";"2024-09-02 23:08:33"
"2024-09-03";"";"66 185";"17 731";"27 561 641";"2024-09-03 15:36:59"
"2024-09-01";"Instagram";"5 831 023";"357 617";"27 562 642";"2024-09-01 03:00:26"
"2024-09-10";"";"43 089";"6 034";"27 562 612";"2024-09-10 22:43:11"
"2024-09-01";"";"101 822";"4 907";"27 561 402";"2024-09-01 04:49:47"
"2024-09-02";"YouTube";"1 129 891";"327 537";"27 561 529";"2024-09-02 07:28:54"
"2024-09-08";"";"48 581";"73 204";"27 561 388";"2024-09-08 12:45:17"
"2024-09-02";"";"807 743";"879 080";"27 562 261";"2024-09-02 10:43:08"
"2024-09-08";"Instagram";"1 173 644";"170 851";"27 563 093";"2024-09-08 18:15:04"
"2024-09-06";"";"74 831";"183 375";"27 562 037";"2024-09-06 17:26:02"
"2024-09-04";"";"107 012 077";"6 655 580";"27 561 686";"2024-09-04 12:57:36"
"2024-09-10";"";"351 223";"24 759";"27 562 155";"2024-09-11 01:22:39"
"2024-09-05";"";"3 169 024";"185 832";"27 562 957";"2024-09-05 19:16:08"
"2024-09-05";"Telegram";"24 647 198";"1 556 209";"27 561 219";"2024-09-05 18:27:14"
"2024-09-03";"";"964 314";"482 636";"27 562 542";"2024-09-03 17:50:09"
"2024-09-04";"";"114 120";"9 163";"27 562 540";"2024-09-04 22:43:32"
"2024-09-02";"YouTube";"181 692";"1 246 614";"27 562 384";"2024-09-02 21:06:03"
"2024-09-06";"";"43 203";"2 960";"27 561 760";"2024-09-06 14:23:41"
"2024-09-08";"";"70 262";"56 222";"27 563 112";"2024-09-08 07:04:04"
"2024-09-05";"";"1 378 953";"149 172";"27 561 326";"2024-09-06 00:45:41"
"2024-09-06";"";"28 808";"36 003";"27 562 988";"2024-09-06 14:11:48"
"2024-09-09";"";"85 369";"19 412";"27 561 311";"2024-09-10 00:21:27"
"2024-09-07";"";"262 409";"10 899";"27 562 984";"2024-09-07 23:08:33"
"2024-09-09";"Facebook";"82 014 322";"2 118 947";"27 562 397";"2024-09-10 00:09:12"
"2024-09-07";"";"61 626";"47 316";"27 562 172";"2024-09-07 09:42:09"
"2024-09-05";"";"96 903";"12 369";"27 562 530";"2024-09-05 03:12:12"
"2024-09-10";"YouTube";"3 988 004";"2 296 790";"27 563 374";"2024-09-10 13:34:27"
"2024-09-07";"";"148 911";"448 992";"27 562 941";"2024-09-07 18:03:39"
"2024-09-08";"";"205 740";"9 566";"27 562 451";"2024-09-08 05:26:53"
"2024-09-09";"";"173 397";"143 866";"27 562 133";"2024-09-09 10:43:52"
"2024-09-07";"";"160 760";"19 838";"27 563 424";"2024-09-08 01:58:05"
"2024-09-06";"";"96 441";"5 352";"27 561 533";"2024-09-06 12:33:57"
"2024-09-01";"";"76 636";"6 554";"27 561 680";"2024-09-01 09:30:51"
"2024-09-08";"Unknown";"53 425";"9 766";"27 561 357";"2024-09-09 02:11:31"
"2024-09-10";"Facebook";"885 325";"69 134";"27 562 613";"2024-09-10 06:39:04"
"2024-09-08";"";"27 324";"8 536";"27 563 026";"2024-09-08 07:40:58"
"2024-09-04";"";"1 253 993";"125 169";"27 561 920";"2024-09-04 05:02:51"
"2024-09-03";"";"462 473";"17 335";"27 563 223";"2024-09-03 03:48:58"
"2024-09-01";"";"254 450";"326 684";"27 561 432";"2024-09-02 01:34:51"
"2024-09-07";"Telegram";"456 060 054";"33 259 881";"27 562 234";"2024-09-07 18:15:19"
"2024-09-03";"YouTube";"237 632";"36 519";"27 563 017";"2024-09-04 02:11:41"
"2024-09-08";"";"32 421";"15 835";"27 561 862";"2024-09-08 19:16:02"
"2024-09-09";"";"413 444";"1 135 705";"27 561 224";"2024-09-10 00:09:11"
"2024-09-04";"YouTube";"3 163 209";"863 031";"27 561 454";"2024-09-04 03:00:02"
"2024-09-09";"";"68 175";"205 968";"27 563 095";"2024-09-09 18:03:41"
"2024-09-09";"";"54 251";"3 701";"27 562 439";"2024-09-09 19:52:39"
"2024-09-09";"Instagram";"10 509 856";"220 426";"27 561 649";"2024-09-09 05:02:22"
"2024-09-05";"";"113 202";"5 727";"27 563 266";"2024-09-05 12:09:49"
"2024-09-06";"";"3 368 388";"134 773";"27 561 230";"2024-09-06 04:01:51"
"2024-09-02";"";"30 110";"9 509";"27 562 007";"2024-09-02 22:19:36"
"2024-09-01";"Telegram";"8 590 747";"1 076 875";"27 561 999";"2024-09-01 17:02:16"
"2024-09-05";"Telegram";"46 287";"4 754";"27 561 444";"2024-09-05 20:41:30"
"2024-09-06";"Apple Music";"66 372 809";"2 672 268";"27 561 536";"2024-09-06 08:17:30"
"2024-09-07";"";"7 645 969";"658 826";"27 562 252";"2024-09-07 06:15:07"
"2024-09-01";"";"120 948";"9 946";"27 561 999";"2024-09-02 01:34:48"
"2024-09-08";"";"49 278";"10 158";"27 561 250";"2024-09-08 15:36:54"
"2024-09-02";"Telegram";"121 500 730";"6 774 851";"27 561 203";"2024-09-03 00:21:15"
"2024-09-07";"";"2 925 193";"129 883";"27 562 880";"2024-09-07 23:56:10"
"2024-09-05";"YouTube";"215 582 464";"13 804 762";"27 562 105";"2024-09-05 05:26:12"
"2024-09-10";"";"50 179";"4 142";"27 561 596";"2024-09-10 12:21:03"
"2024-09-08";"WhatsApp";"4 308 410";"6 154 256";"27 563 152";"2024-09-08 13:46:46"
"2024-09-03";"";"25 991";"2 226";"27 561 350";"2024-09-03 20:17:42"
"2024-09-03";"Facebook";"72 739";"29 000";"27 561 585";"2024-09-03 06:39:57"
"2024-09-02";"";"999 434";"504 952";"27 563 289";"2024-09-02 21:06:43"
"2024-09-10";"";"43 243";"13 075";"27 561 638";"2024-09-10 17:38:23"
"2024-09-03";"";"9 066 526";"1 054 228";"27 562 784";"2024-09-03 05:14:47"
"2024-09-04";"";"25 786";"15 536";"27 562 234";"2024-09-04 21:42:53"
"2024-09-02";"YouTube";"145 740";"1 514 584";"27 562 639";"2024-09-02 07:04:43"
"2024-09-05";"";"85 276";"56 717";"27 563 419";"2024-09-05 12:33:39"
"2024-09-01";"Facebook";"93 414";"7 854";"27 561 760";"2024-09-01 15:48:52"
"2024-09-01";"Unknown";"527 186";"53 305";"27 563 266";"2024-09-01 06:51:44"
"2024-09-10";"";"757 149";"38 551";"27 561 753";"2024-09-10 07:40:37"
"2024-09-06";"";"743 755";"369 123";"27 562 815";"2024-09-07 01:58:28"
"2024-09-08";"VKontakte";"3 349 645";"398 558";"27 563 447";"2024-09-08 06:03:42"
"2024-09-02";"YouTube";"11 346 994";"734 782";"27 561 366";"2024-09-02 11:56:37"
"2024-09-02";"";"373 788";"57 445";"27 561 688";"2024-09-02 04:13:52"
"2024-09-06";"YouTube";"195 965 686";"15 857 271";"27 562 840";"2024-09-06 16:37:49"
"2024-09-04";"YouTube";"48 788";"422 228";"27 561 413";"2024-09-04 19:16:30"
"2024-09-02";"Instagram";"3 805 416";"3 558 017";"27 561 217";"2024-09-02 20:53:14"
"2024-09-05";"Yandex";"504 682";"23 459";"27 562 255";"2024-09-06 00:21:01"
"2024-09-03";"";"3 122 821";"110 164";"27 562 445";"2024-09-03 20:05:49"
"2024-09-08";"";"4 444";"53 309";"27 562 597";"2024-09-08 12:33:37"
"2024-09-08";"YouTube";"7 700 493";"585 349";"27 562 286";"2024-09-08 13:22:58"
"2024-09-05";"Instagram";"36 517 435";"893 988";"27 561 760";"2024-09-05 10:43:14"
"2024-09-07";"";"6 455";"42 390";"27 562 578";"2024-09-07 08:05:08"
"2024-09-03";"Apple Music";"65 864";"2 591";"27 562 988";"2024-09-03 10:55:24"
"2024-09-06";"";"168 437";"90 586";"27 563 082";"2024-09-06 18:03:10"
"2024-09-06";"";"104 929";"6 391";"27 561 199";"2024-09-06 11:20:33"
"2024-09-03";"";"641 844";"33 326";"27 562 527";"2024-09-03 05:50:31"
"2024-09-03";"";"2 920 055";"55 844";"27 561 330";"2024-09-03 22:19:58"
"2024-09-02";"";"114 950";"95 669";"27 562 170";"2024-09-02 22:19:06"
"2024-09-07";"";"31 114";"3 158";"27 562 667";"2024-09-07 03:12:42"
"2024-09-09";"";"54 904";"16 460";"27 563 438";"2024-09-09 15:24:53"
"2024-09-08";"Facebook";"59 456";"4 510";"27 561 396";"2024-09-08 09:06:39"
"2024-09-05";"";"1 739 932";"46 856";"27 563 218";"2024-09-05 15:48:47"
"2024-09-06";"";"4 341 737";"756 882";"27 562 398";"2024-09-06 14:59:46"
"2024-09-02";"Facebook";"109 359";"3 388";"27 562 663";"2024-09-02 22:07:47"
"2024-09-05";"";"546 102";"34 992";"27 561 396";"2024-09-05 09:54:50"
"2024-09-02";"";"460 632";"415 307";"27 561 449";"2024-09-02 14:59:59"
"2024-09-02";"";"30 478";"4 106";"27 562 733";"2024-09-02 03:24:45"
"2024-09-02";"Yandex Video";"17 886";"61 851";"27 561 330";"2024-09-02 12:57:17"
"2024-09-06";"Instagram";"2 842 011";"601 519";"27 563 336";"2024-09-06 13:10:55"
"2024-09-07";"Facebook";"43 801";"28 162";"27 562 086";"2024-09-07 14:23:59"
"2024-09-03";"Facebook";"646 213";"269 156";"27 561 458";"2024-09-03 12:09:33"
"2024-09-08";"";"29 445";"3 967";"27 561 201";"2024-09-08 07:52:34"
"2024-09-04";"YouTube";"6 242 008";"2 564 245";"27 562 371";"2024-09-04 08:53:42"
"2024-09-07";"Odnoklassniki";"38 253 654";"9 494 907";"27 562 721";"2024-09-07 12:21:05"
"2024-09-02";"";"78 895";"2 630";"27 563 152";"2024-09-03 00:45:35"
"2024-09-06";"";"307 151";"63 586";"27 561 518";"2024-09-06 12:57:47"
"2024-09-03";"";"311 865";"19 042";"27 562 873";"2024-09-03 22:07:09"
"2024-09-09";"YouTube";"41 531 257";"4 252 767";"27 561 674";"2024-09-09 19:04:40"
"2024-09-05";"";"850 355";"419 173";"27 563 048";"2024-09-05 03:48:35"
"2024-09-09";"";"68 601";"140 077";"27 561 898";"2024-09-10 01:58:46"
"2024-09-05";"";"77 136";"27 692";"27 562 607";"2024-09-05 23:08:28"
"2024-09-04";"";"385 163";"144 414";"27 563 394";"2024-09-04 20:17:15"
"2024-09-03";"";"116 116";"33 419";"27 562 678";"2024-09-03 18:15:55"
"2024-09-06";"";"27 728";"5 894";"27 561 179";"2024-09-07 01:22:36"
"2024-09-03";"";"26 408";"2 590";"27 561 433";"2024-09-03 09:18:49"
"2024-09-02";"";"689 383";"31 109";"27 562 674";"2024-09-02 15:12:04"
"2024-09-02";"YouTube";"4 327 396";"2 277 646";"27 561 355";"2024-09-02 05:02:50"
"2024-09-03";"";"57 005";"63 029";"27 562 024";"2024-09-03 13:34:00"
"2024-09-03";"YouTube";"441 203";"5 585 456";"27 562 146";"2024-09-03 22:19:26"
"2024-09-09";"";"65 954";"7 665";"27 562 903";"2024-09-09 14:59:16"
"2024-09-09";"";"4 233 698";"191 164";"27 563 165";"2024-09-09 09:42:28"
"2024-09-03";"YouTube";"107 378";"590 594";"27 561 224";"2024-09-03 07:52:19"
"2024-09-04";"";"133 748";"63 241";"27 561 367";"2024-09-05 00:09:49"
"2024-09-02";"";"673 524";"30 861";"27 563 326";"2024-09-02 12:45:23"
"2024-09-09";"YouTube";"10 360 255";"509 629";"27 563 097";"2024-09-09 23:44:38"
"2024-09-10";"Yandex";"4 517 355";"170 133";"27 563 358";"2024-09-10 03:48:14"
"2024-09-08";"";"84 290";"7 344";"27 562 185";"2024-09-08 05:14:16"
"2024-09-10";"";"225 584";"161 964";"27 562 454";"2024-09-10 23:08:35"
"2024-09-04";"WhatsApp";"800 303";"1 293 038";"27 561 244";"2024-09-04 16:01:53"
"2024-09-10";"";"294 407";"15 780";"27 561 888";"2024-09-10 14:47:41"
"2024-09-10";"Telegram";"13 745 108";"3 114 879";"27 562 951";"2024-09-10 14:47:59"
"2024-09-09";"";"78 362";"26 395";"27 561 301";"2024-09-10 00:57:27"
"2024-09-07";"Facebook";"3 033 766";"716 157";"27 562 296";"2024-09-07 22:43:59"
"2024-09-04";"";"941 757";"65 897";"27 561 700";"2024-09-04 17:14:56"
"2024-09-08";"YouTube";"15 001 311";"825 566";"27 561 640";"2024-09-08 08:17:48"
"2024-09-10";"Facebook";"41 234";"18 621";"27 562 660";"2024-09-11 02:35:58"
"2024-09-07";"";"27 369";"11 372";"27 561 883";"2024-09-07 08:41:27"
"2024-09-08";"";"92 444 423";"6 120 523";"27 562 075";"2024-09-08 21:06:29"
"2024-09-09";"";"55 149 886";"4 586 814";"27 561 358";"2024-09-09 07:40:07"
"2024-09-03";"";"53 460";"46 597";"27 561 775";"2024-09-03 04:37:40"
"2024-09-03";"";"118 395";"12 458";"27 562 257";"2024-09-03 08:53:48"
"2024-09-03";"";"630 152";"100 792";"27 561 292";"2024-09-03 03:24:49"
"2024-09-01";"Instagram";"15 865 339";"670 883";"27 562 313";"2024-09-01 09:42:02"
"2024-09-01";"";"52 580";"85 586";"27 562 014";"2024-09-02 01:46:01"
"2024-09-02";"";"30 747";"2 018";"27 562 366";"2024-09-02 08:05:27"
"2024-09-01";"Instagram";"2 009 371";"14 101 371";"27 563 080";"2024-09-02 01:22:07"
"2024-09-01";"";"66 841";"3 846";"27 563 207";"2024-09-01 10:07:46"
"2024-09-10";"";"19 457";"28 464";"27 563 237";"2024-09-10 20:41:59"
"2024-09-07";"";"86 525";"46 150";"27 562 066";"2024-09-07 06:15:06"
"2024-09-02";"YouTube";"4 416 152";"462 637";"27 562 722";"2024-09-03 00:09:07"
"2024-09-02";"";"25 845";"4 984";"27 561 217";"2024-09-02 16:49:08"
"2024-09-04";"";"531 986";"106 547";"27 561 752";"2024-09-04 16:13:25"
"2024-09-02";"";"29 462";"3 976";"27 563 264";"2024-09-02 09:18:34"
"2024-09-01";"";"70 196";"4 151";"27 562 360";"2024-09-01 22:07:23"
"2024-09-06";"";"140 252";"7 532";"27 561 529";"2024-09-06 19:04:37"
"2024-09-03";"";"173 291";"77 042";"27 563 402";"2024-09-03 16:13:43"
"2024-09-06";"";"80 596";"14 032";"27 561 324";"2024-09-06 23:08:46"
"2024-09-02";"";"497 377";"28 674";"27 562 514";"2024-09-02 22:31:40"
"2024-09-04";"";"29 189";"8 724";"27 562 982";"2024-09-04 20:53:19"
"2024-09-05";"";"176 638";"9 846";"27 562 071";"2024-09-05 07:04:04"
"2024-09-02";"";"189 491";"27 912";"27 563 252";"2024-09-02 14:23:14"
"2024-09-04";"Instagram";"169 006 219";"4 595 556";"27 563 153";"2024-09-04 10:55:37"
"2024-09-08";"";"137 329";"61 464";"27 561 668";"2024-09-08 04:13:07"
"2024-09-09";"Telegram";"2 372 456";"500 848";"27 562 989";"2024-09-09 03:24:53"
"2024-09-01";"";"1 285 360";"157 791";"27 562 289";"2024-09-01 10:31:31"
"2024-09-02";"Unknown";"972 441";"193 843";"27 561 402";"2024-09-02 07:04:22"
"2024-09-09";"";"70 615";"5 077";"27 561 865";"2024-09-09 23:32:36"
"2024-09-10";"";"22 346 661";"1 390 425";"27 561 454";"2024-09-10 09:06:10"
"2024-09-01";"";"25 833";"7 680";"27 561 679";"2024-09-01 12:33:35"
"2024-09-09";"Instagram";"3 534 469";"2 585 835";"27 561 823";"2024-09-09 19:04:03"
"2024-09-06";"YouTube";"88 580 174";"3 973 585";"27 563 228";"2024-09-06 18:39:37"
"2024-09-03";"Tas-ix";"70 740";"3 934";"27 561 222";"2024-09-03 13:34:26"
"2024-09-08";"Telegram";"876 386";"100 318";"27 563 442";"2024-09-08 03:24:47"
"2024-09-02";"Telegram";"27 671 586";"1 304 053";"27 561 805";"2024-09-02 10:19:16"
"2024-09-05";"";"35 714";"8 391";"27 562 157";"2024-09-05 20:05:21"
"2024-09-04";"Odnoklassniki";"71 275";"38 091";"27 562 641";"2024-09-05 01:46:13"
"2024-09-06";"VKontakte";"58 286";"35 959";"27 561 636";"2024-09-07 00:45:42"
"2024-09-03";"";"36 011";"12 356";"27 562 365";"2024-09-03 10:07:03"
"2024-09-03";"YouTube";"109 094";"51 611";"27 562 059";"2024-09-03 04:25:47"
"2024-09-06";"TikTok";"17 398";"143 608";"27 563 468";"2024-09-06 17:26:50"
"2024-09-06";"Unknown";"42 695";"13 148";"27 562 628";"2024-09-06 22:43:18"
"2024-09-01";"Telegram";"111 328";"14 953";"27 563 423";"2024-09-01 20:41:02"
"2024-09-10";"YouTube";"8 802 426";"2 154 582";"27 561 729";"2024-09-10 03:48:10"
"2024-09-03";"Facebook";"1 093 819";"471 800";"27 562 752";"2024-09-03 06:39:56"
"2024-09-06";"";"1 038 182";"91 438";"27 563 464";"2024-09-06 15:00:16"
"2024-09-06";"";"1 270 922";"53 149";"27 562 035";"2024-09-06 18:51:40"
"2024-09-09";"YouTube";"289 401";"66 552";"27 562 518";"2024-09-09 12:33:19"
"2024-09-02";"";"35 003";"113 075";"27 561 873";"2024-09-03 01:58:40"
"2024-09-10";"";"15 318";"36 632";"27 562 957";"2024-09-10 17:50:39"
"2024-09-05";"Telegram";"95 179";"7 638";"27 562 641";"2024-09-05 04:37:08"
"2024-09-04";"";"475 954";"72 314";"27 561 984";"2024-09-04 15:48:22"
"2024-09-04";"YouTube";"9 986 405";"2 873 304";"27 561 548";"2024-09-04 08:29:17"
"2024-09-02";"YouTube";"3 084 394";"655 351";"27 561 607";"2024-09-02 20:05:17"
"2024-09-05";"WhatsApp";"518 412";"47 582";"27 561 890";"2024-09-05 05:14:19"
"2024-09-03";"";"83 195";"7 817";"27 561 533";"2024-09-03 07:52:10"
"2024-09-05";"Telegram";"49 067";"4 145";"27 562 334";"2024-09-05 07:52:52"
"2024-09-06";"";"1 246 572";"172 057";"27 563 005";"2024-09-06 16:49:26"
"2024-09-10";"";"1 026 578";"894 511";"27 562 083";"2024-09-10 12:09:10"
"2024-09-09";"";"57 059";"4 819";"27 563 338";"2024-09-09 09:18:18"
"2024-09-10";"Instagram";"973 010";"48 122";"27 562 086";"2024-09-10 07:52:11"
"2024-09-02";"";"353 469";"136 685";"27 561 213";"2024-09-02 05:14:41"
"2024-09-09";"PUBG";"1 846 749";"86 601";"27 561 975";"2024-09-09 09:30:13"
"2024-09-07";"";"958 527";"102 265";"27 562 615";"2024-09-07 19:52:47"
"2024-09-01";"";"147 335";"11 439";"27 561 900";"2024-09-01 17:14:27"
"2024-09-01";"YouTube";"30 784";"6 855";"27 561 388";"2024-09-01 10:19:16"
"2024-09-09";"";"101 618";"7 091";"27 562 622";"2024-09-09 16:49:07"
"2024-09-08";"";"26 591";"2 478";"27 562 535";"2024-09-08 08:29:50"
"2024-09-07";"";"100 461";"6 419";"27 562 230";"2024-09-07 11:20:48"
"2024-09-09";"";"103 954";"11 094";"27 561 373";"2024-09-09 19:28:10"
"2024-09-06";"";"971 817";"106 318";"27 561 737";"2024-09-06 10:55:41"
"2024-09-04";"";"27 663";"25 686";"27 561 339";"2024-09-05 00:09:53"
"2024-09-02";"";"116 493";"852 406";"27 562 722";"2024-09-02 22:19:28"
"2024-09-07";"";"130 821";"19 146";"27 562 192";"2024-09-07 18:27:59"
"2024-09-02";"";"313 638";"14 054";"27 562 993";"2024-09-02 23:32:36"
"2024-09-03";"";"148 399";"7 446";"27 562 732";"2024-09-03 16:25:58"
"2024-09-10";"";"29 574";"3 951";"27 562 040";"2024-09-11 00:45:35"
"2024-09-10";"";"82 014";"2 481";"27 562 821";"2024-09-10 18:15:04"
"2024-09-02";"";"970 487";"32 806";"27 561 688";"2024-09-03 00:33:12"
"2024-09-10";"";"124 319";"64 165";"27 561 428";"2024-09-10 15:24:24"
"2024-09-08";"Instagram";"9 802 815";"504 941";"27 561 461";"2024-09-08 23:56:57"
"2024-09-09";"WhatsApp";"100 253";"79 134";"27 562 700";"2024-09-09 14:47:53"
"2024-09-09";"";"9 775 351";"307 298";"27 561 466";"2024-09-09 12:09:26"
"2024-09-06";"Facebook";"113 406";"54 974";"27 563 415";"2024-09-06 23:20:03"
"2024-09-06";"";"205 748";"121 740";"27 562 202";"2024-09-06 11:08:34"
"2024-09-03";"Telegram";"52 086 045";"7 545 229";"27 562 525";"2024-09-03 13:34:32"
"2024-09-06";"";"31 093";"7 926";"27 562 889";"2024-09-06 22:19:30"
"2024-09-01";"Facebook";"179 222";"18 655";"27 562 701";"2024-09-02 00:57:58"
"2024-09-05";"VKontakte";"375 132 384";"13 982 620";"27 562 684";"2024-09-05 07:04:30"
"2024-09-02";"Instagram";"18 587 499";"37 594 070";"27 562 608";"2024-09-02 20:29:35"
"2024-09-07";"";"239 600";"11 563";"27 563 148";"2024-09-07 06:03:51"
"2024-09-02";"";"525 706";"44 663";"27 563 198";"2024-09-02 12:09:03"
"2024-09-03";"Telegram";"8 981 526";"1 765 272";"27 563 181";"2024-09-03 09:18:07"
"2024-09-05";"";"304 711";"23 924";"27 562 100";"2024-09-05 06:15:46"
"2024-09-10";"Facebook";"214 565";"90 905";"27 562 356";"2024-09-11 01:10:54"
"2024-09-02";"Yandex";"13 916 984";"998 938";"27 561 269";"2024-09-02 21:42:59"
"2024-09-04";"";"315 043";"54 462";"27 562 339";"2024-09-04 04:25:35"
"2024-09-08";"Instagram";"10 890 330";"8 984 932";"27 562 835";"2024-09-09 01:22:32"
"2024-09-06";"";"55 926";"19 137";"27 562 314";"2024-09-06 18:03:30"
"2024-09-01";"";"34 882";"2 836";"27 561 232";"2024-09-01 17:38:17"
"2024-09-10";"";"34 373";"8 095";"27 562 784";"2024-09-10 15:48:04"
"2024-09-09";"Yandex";"96 313";"12 443";"27 563 177";"2024-09-09 15:36:07"
"2024-09-08";"";"58 192 037";"1 728 904";"27 561 622";"2024-09-09 00:21:49"
"2024-09-10";"";"49 078";"78 027";"27 562 747";"2024-09-10 04:25:11"
"2024-09-10";"";"62 854";"33 585";"27 563 165";"2024-09-10 10:19:04"
"2024-09-04";"";"463 467";"53 857";"27 562 098";"2024-09-04 07:04:13"
"2024-09-09";"Facebook";"262 438";"24 043";"27 563 001";"2024-09-09 20:41:44"
"2024-09-09";"";"1 363 121";"35 019";"27 562 014";"2024-09-09 23:20:01"
"2024-09-04";"Instagram";"65 532";"17 692";"27 561 922";"2024-09-04 19:04:52"
"2024-09-06";"";"186 037";"24 495";"27 561 407";"2024-09-06 07:52:05"
"2024-09-03";"";"425 280";"6 362";"27 562 791";"2024-09-03 05:02:56"
"2024-09-04";"";"158 481";"28 201";"27 562 350";"2024-09-04 13:22:06"
"2024-09-08";"Telegram";"25 128 390";"1 486 774";"27 563 493";"2024-09-08 07:04:51"
"2024-09-09";"";"8 699 840";"399 222";"27 561 426";"2024-09-09 17:02:30"
"2024-09-10";"";"167 285";"140 938";"27 562 544";"2024-09-10 18:03:22"
"2024-09-03";"";"113 060";"484 401";"27 563 152";"2024-09-03 08:41:34"
"2024-09-03";"Instagram";"134 482 516";"3 447 733";"27 562 317";"2024-09-03 20:29:22"
"2024-09-05";"";"9 190 414";"310 682";"27 562 729";"2024-09-05 03:36:30"
"2024-09-04";"";"65 209";"6 268";"27 561 884";"2024-09-04 08:17:54"
"2024-09-08";"YouTube";"6 797 668";"375 737";"27 561 281";"2024-09-09 00:45:34"
"2024-09-04";"";"228 524";"39 856";"27 563 069";"2024-09-04 15:00:43"
"2024-09-05";"YouTube";"6 975";"51 348";"27 562 175";"2024-09-05 06:03:43"
"2024-09-03";"Instagram";"39 253";"5 148";"27 562 836";"2024-09-03 04:01:24"
"2024-09-06";"";"156 887";"6 790";"27 562 347";"2024-09-07 00:57:16"
"2024-09-04";"";"232 393";"12 923";"27 563 153";"2024-09-04 15:36:53"
"2024-09-03";"";"692 644";"80 957";"27 562 067";"2024-09-03 12:21:56"
"2024-09-08";"Telegram";"69 012 318";"3 536 677";"27 562 989";"2024-09-08 22:55:29"
"2024-09-09";"YouTube";"572 898 770";"33 441 941";"27 562 193";"2024-09-09 10:31:47"
"2024-09-07";"PUBG";"77 701 536";"2 922 618";"27 562 497";"2024-09-07 21:54:21"
"2024-09-04";"";"68 675";"6 179";"27 561 770";"2024-09-05 01:34:28"
"2024-09-02";"YouTube";"2 726 191";"126 372";"27 562 564";"2024-09-02 22:43:25"
"2024-09-02";"";"118 943";"381 958";"27 562 864";"2024-09-03 00:21:29"
"2024-09-08";"";"5 936 120";"205 010";"27 561 752";"2024-09-08 13:10:31"
"2024-09-05";"";"399 755";"98 993";"27 562 071";"2024-09-05 07:28:07"
"2024-09-03";"YouTube";"253 334";"462 364";"27 563 427";"2024-09-03 21:18:16"
"2024-09-01";"";"35 325";"3 305";"27 562 967";"2024-09-01 17:50:26"
"2024-09-06";"";"30 935";"7 407";"27 561 989";"2024-09-06 17:02:23"
"2024-09-03";"";"695 303";"178 753";"27 561 320";"2024-09-03 03:36:40"
"2024-09-08";"";"172 003 265";"9 159 742";"27 561 814";"2024-09-08 18:27:50"
"2024-09-04";"Telegram";"32 517 730";"21 117 751";"27 563 413";"2024-09-04 20:41:14"
"2024-09-01";"";"45 160";"221 807";"27 561 530";"2024-09-01 18:27:29"
"2024-09-07";"";"10 953";"28 438";"27 561 776";"2024-09-07 10:31:33"
"2024-09-04";"Yandex";"201 865";"41 006";"27 563 365";"2024-09-04 18:51:28"
"2024-09-03";"YouTube";"514 294 621";"24 146 706";"27 563 401";"2024-09-03 10:07:13"
"2024-09-04";"";"16 039";"34 908";"27 563 009";"2024-09-04 22:07:29"
"2024-09-07";"Facebook";"126 139";"42 406";"27 562 127";"2024-09-07 20:05:05"
"2024-09-01";"Instagram";"1 874 783";"100 867";"27 561 621";"2024-09-01 21:30:16"
"2024-09-07";"";"40 279";"35 994";"27 562 251";"2024-09-07 04:13:42"
"2024-09-03";"";"39 152 002";"3 310 726";"27 562 087";"2024-09-03 11:08:07"
"2024-09-06";"";"144 103";"23 599";"27 561 721";"2024-09-06 17:02:57"
"2024-09-04";"";"40 033";"3 618";"27 563 460";"2024-09-04 22:31:16"
"2024-09-08";"";"8 675 504";"569 923";"27 562 982";"2024-09-08 06:27:54"
"2024-09-03";"";"98 846";"31 266";"27 561 273";"2024-09-03 11:32:41"
"2024-09-02";"WhatsApp";"41 471";"3 265";"27 561 805";"2024-09-02 03:36:27"
"2024-09-07";"";"30 338";"10 188";"27 562 127";"2024-09-07 17:26:45"
"2024-09-09";"";"35 138";"10 312";"27 562 255";"2024-09-09 21:30:34"
"2024-09-07";"";"179 555 759";"11 882 971";"27 561 881";"2024-09-07 21:30:27"
"2024-09-04";"";"0";"32 054";"27 561 687";"2024-09-04 17:14:20"
"2024-09-08";"";"689 559";"34 661";"27 561 851";"2024-09-08 23:20:42"
"2024-09-09";"";"27 707";"2 252";"27 562 196";"2024-09-09 10:19:59"
"2024-09-04";"";"378 883";"19 696";"27 562 900";"2024-09-04 14:59:25"
"2024-09-08";"Telegram";"37 686 680";"3 310 575";"27 562 971";"2024-09-09 02:35:52"
"2024-09-10";"";"53 476";"159 499";"27 563 238";"2024-09-11 02:35:29"
"2024-09-04";"Yandex";"813 191";"47 054";"27 561 390";"2024-09-04 16:25:22"
"2024-09-08";"";"2 175 521";"115 534";"27 562 401";"2024-09-08 18:15:50"
"2024-09-04";"";"5 746 180";"190 531";"27 562 593";"2024-09-05 02:11:27"
"2024-09-04";"";"90 264";"425 569";"27 563 128";"2024-09-04 04:13:58"
"2024-09-07";"Telegram";"1 509 329";"328 225";"27 561 694";"2024-09-07 21:54:15"
"2024-09-06";"Instagram";"62 222 534";"1 659 655";"27 562 152";"2024-09-07 00:09:01"
"2024-09-07";"";"5 725 966";"263 062";"27 562 343";"2024-09-07 23:08:10"
"2024-09-02";"";"260 189";"22 603";"27 562 590";"2024-09-02 03:12:07"
"2024-09-06";"";"108 917";"365 938";"27 562 672";"2024-09-06 18:15:08"
"2024-09-01";"Yandex";"3 217 140";"165 791";"27 561 204";"2024-09-01 14:11:49"
"2024-09-02";"Telegram";"180 108";"17 267";"27 562 827";"2024-09-03 02:35:53"
"2024-09-05";"";"70 436";"15 986";"27 563 510";"2024-09-06 01:22:24"
"2024-09-01";"Instagram";"345 535";"16 313";"27 562 410";"2024-09-01 03:48:18"
"2024-09-05";"";"26 904";"2 817";"27 561 211";"2024-09-05 12:21:57"
"2024-09-05";"Yandex";"22 674";"37 609";"27 561 404";"2024-09-05 22:43:02"
"2024-09-09";"WhatsApp";"4 668 084";"24 582 407";"27 563 058";"2024-09-09 14:11:04"
"2024-09-10";"";"27 860";"34 422";"27 562 838";"2024-09-10 05:02:22"
"2024-09-03";"Yandex Video";"13 079";"30 397";"27 561 470";"2024-09-03 15:36:14"
"2024-09-06";"";"6 910 080";"740 995";"27 562 717";"2024-09-06 22:55:10"
"2024-09-07";"";"2 133 960";"328 361";"27 561 448";"2024-09-07 20:41:23"
"2024-09-05";"";"239 627";"10 153";"27 561 862";"2024-09-05 15:00:37"
"2024-09-04";"";"10 659";"32 522";"27 562 087";"2024-09-04 08:41:11"
"2024-09-09";"YouTube";"379 318";"55 685";"27 563 043";"2024-09-09 06:03:30"
"2024-09-09";"";"47 054 608";"13 229 779";"27 562 613";"2024-09-09 14:47:23"
"2024-09-04";"TikTok";"555 983";"6 838 829";"27 562 339";"2024-09-04 07:52:28"
"2024-09-04";"";"1 620 066";"45 238";"27 563 165";"2024-09-04 19:04:33"
"2024-09-09";"";"58 591";"109 582";"27 561 775";"2024-09-09 08:53:01"
"2024-09-10";"YouTube";"102 786";"43 101";"27 562 314";"2024-09-10 18:27:18"
"2024-09-10";"";"1 626 212";"250 171";"27 563 250";"2024-09-10 18:03:43"
"2024-09-03";"";"858 554";"58 436";"27 563 030";"2024-09-04 01:10:49"
"2024-09-03";"";"830 632";"101 393";"27 562 709";"2024-09-03 12:45:20"
"2024-09-01";"Instagram";"8 984 483";"307 436";"27 561 774";"2024-09-01 10:19:39"
"2024-09-05";"";"761 011";"459 556";"27 562 894";"2024-09-06 02:47:25"
"2024-09-02";"";"46 095";"6 758";"27 561 817";"2024-09-02 08:53:48"
"2024-09-06";"";"1 320 499";"67 676";"27 562 766";"2024-09-06 18:15:21"
"2024-09-03";"";"4 762";"68 301";"27 561 386";"2024-09-03 10:43:10"
"2024-09-06";"";"174 048";"16 166";"27 562 977";"2024-09-06 17:14:42"
"2024-09-02";"";"60 342";"82 350";"27 563 122";"2024-09-02 15:12:46"
"2024-09-08";"Likee";"2 078 916";"179 096";"27 563 094";"2024-09-08 23:32:20"
"2024-09-10";"Facebook";"11 347 122";"448 855";"27 562 641";"2024-09-10 04:37:59"
"2024-09-07";"";"131 857";"45 502";"27 561 486";"2024-09-08 02:59:33"
"2024-09-06";"";"226 952";"37 831";"27 563 041";"2024-09-06 18:03:07"
"2024-09-07";"Instagram";"5 300 467";"357 639";"27 561 227";"2024-09-07 13:46:01"
"2024-09-01";"Unknown";"25 667";"9 659";"27 563 130";"2024-09-02 01:46:53"
"2024-09-02";"";"30 706";"2 272";"27 561 339";"2024-09-02 05:38:29"
"2024-09-09";"";"14 614";"62 554";"27 561 388";"2024-09-09 11:08:51"
"2024-09-07";"";"139 290";"54 010";"27 561 760";"2024-09-07 07:40:13"
"2024-09-06";"YouTube";"96 932";"1 084 299";"27 561 586";"2024-09-07 02:11:52"
"2024-09-07";"";"262 924";"15 058";"27 562 444";"2024-09-07 17:02:19"
"2024-09-06";"";"716 719";"597 223";"27 562 365";"2024-09-06 17:02:59"
"2024-09-02";"Tas-ix";"1 462 630";"55 812";"27 562 587";"2024-09-02 13:22:04"
"2024-09-04";"";"62 950";"6 527";"27 563 145";"2024-09-05 00:57:34"
"2024-09-03";"";"55 306";"4 139";"27 563 147";"2024-09-04 00:45:54"
"2024-09-09";"Yandex";"958 799";"49 972";"27 561 845";"2024-09-09 06:51:07"
"2024-09-04";"";"202 477";"12 289";"27 562 699";"2024-09-04 17:26:47"
"2024-09-08";"";"38 916";"28 687";"27 563 119";"2024-09-08 22:43:16"
"2024-09-02";"";"5 814 061";"284 104";"27 562 527";"2024-09-02 08:05:21"
"2024-09-04";"";"337 609";"193 349";"27 561 344";"2024-09-04 09:18:29"
"2024-09-08";"";"82 604";"6 338";"27 562 698";"2024-09-09 01:22:49"
"2024-09-07";"";"64 641";"6 052";"27 562 382";"2024-09-07 16:13:46"
"2024-09-08";"";"33 701";"3 341";"27 562 133";"2024-09-08 13:22:10"
"2024-09-07";"YouTube";"33 317";"3 991";"27 562 215";"2024-09-07 15:48:13"
"2024-09-10";"";"32 817";"10 018";"27 561 862";"2024-09-10 22:55:08"
"2024-09-02";"";"89 878";"29 396";"27 563 033";"2024-09-02 21:54:52"
"2024-09-08";"";"500 937";"119 328";"27 561 307";"2024-09-08 12:45:22"
"2024-09-04";"";"120 183";"8 529";"27 562 992";"2024-09-04 03:12:27"
"2024-09-05";"";"851 240";"96 390";"27 561 697";"2024-09-05 17:50:56"
"2024-09-07";"";"172 484";"40 012";"27 561 327";"2024-09-07 03:36:24"
"2024-09-10";"YouTube";"1 424 851";"118 484";"27 562 751";"2024-09-10 18:15:13"
"2024-09-01";"";"30 385";"21 133";"27 563 408";"2024-09-01 17:38:35"
"2024-09-07";"";"97 088";"14 121";"27 562 656";"2024-09-07 20:29:32"
"2024-09-10";"";"16 036";"130 242";"27 562 593";"2024-09-11 01:58:22"
"2024-09-04";"Unknown";"328 155";"156 922";"27 561 725";"2024-09-04 16:37:50"
"2024-09-03";"";"288 942";"50 956";"27 563 285";"2024-09-03 13:58:38"
"2024-09-02";"";"65 455";"8 019";"27 562 535";"2024-09-02 13:34:14"
"2024-09-06";"";"244 326";"64 893";"27 563 017";"2024-09-06 06:39:32"
"2024-09-01";"";"180 378";"13 724";"27 562 063";"2024-09-01 17:02:21"
"2024-09-09";"";"389 063";"162 372";"27 561 992";"2024-09-09 14:35:54"
"2024-09-06";"Instagram";"398 205 087";"10 871 367";"27 562 868";"2024-09-06 09:54:24"
"2024-09-02";"Tas-ix";"779 733";"62 782";"27 563 225";"2024-09-02 22:55:25"
"2024-09-02";"TikTok";"54 381";"512 372";"27 561 555";"2024-09-02 20:53:27"
"2024-09-06";"";"42 930";"3 562";"27 562 692";"2024-09-06 07:52:44"
"2024-09-07";"";"370 344";"17 268";"27 562 497";"2024-09-07 15:12:36"
"2024-09-03";"";"82 793 268";"6 786 370";"27 563 515";"2024-09-04 01:58:56"
"2024-09-05";"YouTube";"59 566 983";"3 680 092";"27 563 123";"2024-09-05 22:55:10"
"2024-09-09";"Apple Music";"83 653";"24 043";"27 562 320";"2024-09-09 11:56:56"
"2024-09-07";"WhatsApp";"1 339 371";"1 368 801";"27 562 552";"2024-09-07 15:12:21"
"2024-09-02";"Yandex";"27 416";"19 224";"27 561 373";"2024-09-02 11:20:46"
"2024-09-07";"";"88 637";"18 415";"27 561 845";"2024-09-07 15:12:50"
"2024-09-04";"YouTube";"199 260 033";"12 200 503";"27 561 978";"2024-09-04 19:16:25"
"2024-09-10";"";"169 026";"171 800";"27 561 825";"2024-09-10 05:26:48"
"2024-09-02";"Instagram";"129 102";"8 046";"27 562 966";"2024-09-02 15:48:51"
"2024-09-06";"";"43 453";"4 607";"27 563 148";"2024-09-06 15:00:00"
"2024-09-09";"Unknown";"61 961";"5 886";"27 563 333";"2024-09-10 02:47:18"
"2024-09-04";"Facebook";"176 299";"15 591";"27 562 699";"2024-09-04 13:10:58"
"2024-09-10";"WhatsApp";"30 323";"2 326";"27 563 267";"2024-09-10 12:09:26"
"2024-09-02";"";"30 624";"7 305";"27 561 569";"2024-09-02 12:09:19"
"2024-09-06";"";"70 522";"7 946";"27 561 567";"2024-09-06 15:48:04"
"2024-09-09";"Yandex";"26 287";"37 016";"27 562 518";"2024-09-09 18:03:33"
"2024-09-03";"Unknown";"648 598";"274 351";"27 561 725";"2024-09-03 08:29:49"
"2024-09-06";"";"32 634";"8 899";"27 561 698";"2024-09-06 16:13:55"
"2024-09-10";"Instagram";"320 527 731";"7 088 828";"27 563 334";"2024-09-11 02:59:45"
"2024-09-10";"";"75 597";"2 638 253";"27 562 704";"2024-09-10 05:50:18"
"2024-09-07";"";"20 002";"52 740";"27 563 045";"2024-09-08 01:22:07"
"2024-09-05";"";"85 596";"75 140";"27 562 612";"2024-09-05 11:56:47"
"2024-09-07";"";"31 470";"2 380";"27 562 365";"2024-09-07 13:10:38"
"2024-09-05";"Facebook";"28 751";"10 453";"27 561 338";"2024-09-05 15:24:32"
"2024-09-01";"";"1 549 403";"53 066";"27 563 326";"2024-09-01 16:49:04"
"2024-09-05";"";"40 286";"7 433";"27 562 036";"2024-09-05 10:19:57"
"2024-09-05";"";"757 763";"86 299";"27 562 014";"2024-09-05 09:42:40"
"2024-09-03";"";"1 478 785";"35 645";"27 561 684";"2024-09-03 09:30:24"
"2024-09-05";"Yandex";"439 244";"213 403";"27 561 381";"2024-09-05 18:27:46"
"2024-09-07";"";"79 311";"128 525";"27 562 534";"2024-09-07 23:56:38"
"2024-09-06";"";"257 122 655";"7 593 075";"27 561 776";"2024-09-06 05:50:17"
"2024-09-04";"";"627 409";"83 382";"27 561 362";"2024-09-04 10:31:27"
"2024-09-02";"Telegram";"42 909 088";"3 177 531";"27 561 303";"2024-09-02 22:19:06"
"2024-09-08";"";"51 030";"13 415";"27 562 840";"2024-09-08 08:05:44"
"2024-09-10";"YouTube";"38 386";"9 148";"27 561 413";"2024-09-10 17:14:55"
"2024-09-08";"Telegram";"1 205 763 485";"48 531 170";"27 561 888";"2024-09-08 10:55:06"
"2024-09-02";"";"36 790";"7 086";"27 562 741";"2024-09-02 07:16:18"
"2024-09-04";"Yandex";"827 529";"195 966";"27 562 473";"2024-09-04 18:15:34"
"2024-09-02";"";"14 943 319";"658 918";"27 563 219";"2024-09-02 08:17:22"
"2024-09-01";"";"227 652";"6 413";"27 561 510";"2024-09-01 20:05:00"
"2024-09-03";"";"27 344";"4 424";"27 562 695";"2024-09-03 19:28:17"
"2024-09-04";"Instagram";"2 966 561";"1 290 278";"27 562 273";"2024-09-04 10:19:28"
"2024-09-07";"";"228 898";"11 847";"27 562 489";"2024-09-07 04:25:07"
"2024-09-04";"WhatsApp";"2 196 833";"5 036 081";"27 562 102";"2024-09-04 13:34:29"
"2024-09-07";"";"58 922";"41 744";"27 561 543";"2024-09-07 13:46:46"
"2024-09-08";"";"294 846";"29 505";"27 561 304";"2024-09-08 18:51:03"
"2024-09-07";"";"1 385 971";"84 743";"27 561 997";"2024-09-07 21:54:07"
"2024-09-01";"";"3 119 244";"100 089";"27 562 505";"2024-09-02 00:33:33"
"2024-09-02";"";"30 085";"2 585";"27 563 308";"2024-09-02 09:30:26"
"2024-09-06";"";"32 962";"2 449";"27 563 189";"2024-09-06 14:11:54"
"2024-09-09";"";"266 341";"162 391";"27 562 024";"2024-09-09 23:32:27"
"2024-09-04";"";"544 842";"25 819";"27 563 419";"2024-09-04 16:01:06"
"2024-09-06";"";"48 670";"35 485";"27 562 365";"2024-09-06 14:35:01"
"2024-09-04";"";"136 048";"6 293";"27 561 265";"2024-09-05 00:21:43"
"2024-09-08";"Telegram";"43 592 843";"2 959 656";"27 562 296";"2024-09-08 14:59:44"
"2024-09-05";"Instagram";"60 663 565";"3 021 884";"27 562 004";"2024-09-05 12:09:14"
"2024-09-10";"";"31 807";"9 466";"27 563 266";"2024-09-10 20:53:52"
"2024-09-07";"Instagram";"7 065 326";"276 972";"27 562 400";"2024-09-07 05:38:42"
"2024-09-03";"";"671 007";"42 185";"27 563 006";"2024-09-03 11:32:51"
"2024-09-05";"";"208 239";"68 560";"27 561 294";"2024-09-05 10:19:07"
"2024-09-08";"";"6 490 320";"354 265";"27 562 915";"2024-09-08 04:25:45"
"2024-09-08";"Instagram";"115 897 775";"2 427 342";"27 563 318";"2024-09-08 08:17:51"
"2024-09-07";"";"37 778 230";"2 441 299";"27 562 468";"2024-09-07 20:29:15"
"2024-09-09";"Unknown";"3 791 336";"722 345";"27 563 458";"2024-09-09 04:01:16"
"2024-09-02";"";"46 948";"2 385 884";"27 563 174";"2024-09-02 03:12:28"
"2024-09-02";"YouTube";"116 318";"247 167";"27 561 266";"2024-09-02 08:05:34"
"2024-09-05";"YouTube";"176 409 925";"8 351 545";"27 561 303";"2024-09-05 17:50:34"
"2024-09-01";"";"67 170";"188 175";"27 561 274";"2024-09-01 12:45:33"
"2024-09-08";"";"46 754";"208 306";"27 562 648";"2024-09-08 15:00:30"
"2024-09-02";"";"11 701 058";"170 165";"27 562 094";"2024-09-02 10:43:32"
"2024-09-05";"";"485 461";"530 716";"27 561 777";"2024-09-05 20:17:21"
"2024-09-06";"";"57 317";"8 217";"27 563 065";"2024-09-06 17:14:55"
"2024-09-02";"";"493 814";"20 888";"27 563 033";"2024-09-03 01:22:47"
"2024-09-04";"";"516 549";"218 296";"27 561 500";"2024-09-04 16:25:28"
"2024-09-10";"";"306 295";"27 400";"27 563 022";"2024-09-11 02:35:36"
"2024-09-03";"";"96 017";"8 009";"27 562 889";"2024-09-03 13:46:20"
"2024-09-08";"";"519 850";"330 417";"27 561 485";"2024-09-08 22:07:42"
"2024-09-08";"Facebook";"463 038";"37 636";"27 561 555";"2024-09-08 13:34:26"
"2024-09-08";"";"66 407 149";"20 315 914";"27 563 458";"2024-09-09 02:23:50"
"2024-09-03";"";"686 204";"61 063";"27 562 645";"2024-09-03 06:27:32"
"2024-09-02";"WhatsApp";"42 982";"10 358";"27 563 408";"2024-09-02 15:00:53"
"2024-09-03";"YouTube";"4 405 500";"258 511";"27 563 092";"2024-09-03 22:31:20"
"2024-09-10";"";"87 694";"18 140";"27 561 445";"2024-09-10 21:54:38"
"2024-09-10";"Spotify";"554 951";"30 381";"27 562 255";"2024-09-10 23:32:33"
"2024-09-05";"";"152 444";"17 584";"27 561 712";"2024-09-05 15:48:20"
"2024-09-02";"";"112 595";"74 830";"27 561 722";"2024-09-02 12:45:14"
"2024-09-07";"";"680 343";"10 177";"27 561 719";"2024-09-07 19:40:05"
"2024-09-03";"";"96 682";"3 553";"27 563 029";"2024-09-03 14:35:42"
"2024-09-10";"";"4 726 547";"230 951";"27 562 435";"2024-09-10 13:58:14"
"2024-09-05";"Yandex";"108 562";"58 782";"27 562 613";"2024-09-05 19:04:53"
"2024-09-03";"Instagram";"2 305 107";"1 228 074";"27 561 311";"2024-09-04 00:21:51"
"2024-09-03";"";"2 393 797";"3 378 083";"27 562 016";"2024-09-03 03:00:58"
"2024-09-01";"Instagram";"2 126 507";"108 399";"27 563 065";"2024-09-01 05:26:29"
"2024-09-03";"TikTok";"6 338";"252 802";"27 562 775";"2024-09-03 15:00:11"
"2024-09-03";"";"29 777";"11 464";"27 561 801";"2024-09-03 12:21:52"
"2024-09-10";"";"232 569";"138 931";"27 562 324";"2024-09-10 07:40:55"
"2024-09-04";"";"126 286";"9 726";"27 562 839";"2024-09-04 07:52:40"
"2024-09-08";"Instagram";"18 857 612";"917 651";"27 561 844";"2024-09-08 10:43:52"
"2024-09-05";"";"33 060";"2 866";"27 562 867";"2024-09-06 01:46:59"
"2024-09-04";"";"28 156";"19 979";"27 561 997";"2024-09-04 18:15:01"
"2024-09-07";"";"65 885";"243 915";"27 561 227";"2024-09-07 11:20:38"
"2024-09-04";"";"27 848";"8 922";"27 563 006";"2024-09-04 05:50:07"
"2024-09-02";"Tas-ix";"390 702";"29 020";"27 561 688";"2024-09-02 13:22:57"
"2024-09-05";"YouTube";"479 356";"59 479";"27 562 832";"2024-09-05 14:35:48"
"2024-09-05";"";"44 085";"4 422";"27 563 143";"2024-09-05 06:27:05"
"2024-09-06";"Instagram";"799 128";"32 052";"27 562 587";"2024-09-06 15:00:31"
"2024-09-04";"Instagram";"1 198 936";"148 491";"27 563 413";"2024-09-04 22:07:34"
"2024-09-05";"Instagram";"142 640 697";"2 223 515";"27 561 775";"2024-09-05 23:32:02"
"2024-09-08";"";"470 271";"26 332";"27 563 345";"2024-09-08 22:43:46"
"2024-09-08";"";"367 482";"918 132";"27 561 402";"2024-09-08 09:54:16"
"2024-09-02";"Telegram";"315 411 596";"17 157 641";"27 562 836";"2024-09-02 16:37:12"
"2024-09-01";"";"304 034";"44 025";"27 561 213";"2024-09-01 14:59:00"
"2024-09-07";"";"9 191";"39 989";"27 561 457";"2024-09-07 07:40:11"
"2024-09-05";"YouTube";"3 712 647";"778 506";"27 561 940";"2024-09-05 12:33:31"
"2024-09-05";"";"41 756";"32 056";"27 562 205";"2024-09-05 15:12:18"
"2024-09-09";"YouTube";"242 020";"58 111";"27 562 648";"2024-09-09 14:11:01"
"2024-09-08";"";"2 141 452";"292 147";"27 563 507";"2024-09-09 02:59:35"
"2024-09-03";"Instagram";"368 777";"98 029";"27 562 656";"2024-09-03 09:06:48"
"2024-09-06";"";"12 646";"25 777";"27 561 831";"2024-09-07 02:23:24"
"2024-09-03";"";"74 557";"4 279";"27 562 813";"2024-09-03 23:56:08"
"2024-09-03";"";"61 572";"11 093";"27 561 974";"2024-09-03 20:05:06"
"2024-09-10";"Instagram";"146 808 709";"3 996 786";"27 563 153";"2024-09-10 10:55:14"
"2024-09-01";"";"4 677 377";"225 294";"27 562 499";"2024-09-02 02:11:06"
"2024-09-04";"";"74 228";"13 935";"27 562 264";"2024-09-04 14:23:41"
"2024-09-08";"YouTube";"176 513";"44 053";"27 562 263";"2024-09-08 09:06:45"
"2024-09-01";"";"34 901";"2 796";"27 561 941";"2024-09-01 20:17:16"
"2024-09-10";"Instagram";"927 545";"82 756";"27 562 170";"2024-09-11 00:21:23"
"2024-09-10";"";"554 548";"30 895";"27 561 992";"2024-09-10 14:23:34"
"2024-09-05";"";"26 486";"8 231";"27 561 276";"2024-09-05 16:37:47"
"2024-09-08";"";"411 741";"149 054";"27 562 812";"2024-09-08 14:35:27"
"2024-09-10";"";"537 079";"21 427";"27 562 117";"2024-09-10 05:26:05"
"2024-09-04";"";"88 784";"34 094";"27 563 087";"2024-09-05 01:58:28"
"2024-09-04";"";"126 402 762";"5 543 944";"27 561 732";"2024-09-04 13:46:07"
"2024-09-09";"";"369 631";"232 955";"27 562 762";"2024-09-09 21:06:25"
"2024-09-09";"Apple Music";"260 870";"63 305";"27 563 001";"2024-09-09 10:55:01"
"2024-09-03";"";"103 724";"27 014";"27 563 198";"2024-09-03 13:58:47"
"2024-09-03";"Instagram";"3 014 253";"491 187";"27 562 462";"2024-09-03 03:00:14"
"2024-09-02";"";"40 361";"9 844";"27 561 915";"2024-09-03 00:45:22"
"2024-09-10";"";"58 655";"25 062";"27 562 721";"2024-09-10 08:17:57"
"2024-09-08";"YouTube";"11 659 286";"561 696";"27 563 074";"2024-09-08 17:02:49"
"2024-09-10";"Instagram";"413 516";"35 397";"27 562 675";"2024-09-10 20:53:49"
"2024-09-06";"Tas-ix";"414 467";"20 057";"27 563 121";"2024-09-06 07:04:25"
"2024-09-02";"";"165 845";"39 608";"27 562 156";"2024-09-02 16:13:14"
"2024-09-09";"";"402 075";"69 264";"27 562 156";"2024-09-09 06:39:33"
"2024-09-04";"";"410 681";"17 591";"27 563 358";"2024-09-04 19:52:22"
"2024-09-05";"Facebook";"624 457";"398 457";"27 561 613";"2024-09-05 13:34:29"
"2024-09-05";"Yandex";"304 020";"52 203";"27 562 865";"2024-09-05 18:03:22"
"2024-09-03";"";"328 762";"14 759";"27 563 403";"2024-09-03 12:21:15"
"2024-09-03";"Instagram";"1 311 951";"34 475";"27 561 863";"2024-09-03 05:26:24"
"2024-09-03";"";"278 907";"11 822 910";"27 563 318";"2024-09-03 12:57:58"
"2024-09-10";"Tas-ix";"305 512";"64 054";"27 561 367";"2024-09-10 17:26:35"
"2024-09-06";"";"171 675 567";"36 913 174";"27 561 172";"2024-09-06 16:01:47"
"2024-09-02";"YouTube";"378 362";"81 214";"27 562 598";"2024-09-02 03:36:35"
"2024-09-05";"";"42 220";"43 392";"27 561 670";"2024-09-05 07:52:16"
"2024-09-03";"";"26 168";"12 595";"27 561 410";"2024-09-03 06:03:27"
"2024-09-02";"";"383 782";"30 814";"27 561 410";"2024-09-02 23:56:05"
"2024-09-04";"";"342 023";"59 636";"27 561 367";"2024-09-04 22:19:56"
"2024-09-01";"Instagram";"492 208";"126 225";"27 563 147";"2024-09-01 04:13:04"
"2024-09-09";"";"35 566";"18 960";"27 561 884";"2024-09-10 01:46:05"
"2024-09-09";"YouTube";"2 037 098";"569 151";"27 562 689";"2024-09-09 20:29:22"
"2024-09-07";"";"655 384";"97 721";"27 562 936";"2024-09-07 12:45:31"
"2024-09-02";"";"252 094";"19 996";"27 563 136";"2024-09-02 05:50:20"
"2024-09-10";"";"42 444";"2 230";"27 561 185";"2024-09-10 13:34:26"
"2024-09-09";"Telegram";"34 042 572";"35 527 883";"27 562 102";"2024-09-10 02:35:04"
"2024-09-10";"";"28 308";"8 904";"27 563 225";"2024-09-10 15:12:12"
"2024-09-05";"Instagram";"57 140 550";"2 081 908";"27 563 168";"2024-09-05 13:58:24"
"2024-09-07";"";"109 072";"301 279";"27 563 426";"2024-09-08 02:11:23"
"2024-09-06";"";"80 474";"4 262";"27 562 047";"2024-09-06 19:16:07"
"2024-09-01";"";"361 072";"8 273";"27 561 325";"2024-09-01 12:45:33"
"2024-09-01";"";"8 169";"39 327";"27 562 438";"2024-09-01 03:36:54"
"2024-09-06";"";"98 156";"13 285";"27 562 006";"2024-09-06 12:21:34"
"2024-09-10";"YouTube";"97 230";"17 304";"27 561 290";"2024-09-10 09:54:05"
"2024-09-07";"";"72 465";"18 606";"27 561 352";"2024-09-07 18:51:10"
"2024-09-05";"Instagram";"43 359 656";"1 306 847";"27 561 907";"2024-09-05 10:43:25"
"2024-09-10";"";"133 307";"71 079";"27 562 704";"2024-09-10 05:26:03"
"2024-09-05";"Instagram";"4 967";"57 491";"27 561 737";"2024-09-05 13:58:24"
"2024-09-09";"Telegram";"155 765 362";"18 308 796";"27 563 139";"2024-09-10 01:58:21"
"2024-09-07";"";"36 391";"2 389";"27 562 559";"2024-09-07 23:20:27"
"2024-09-02";"Yandex";"268 595";"19 922";"27 562 155";"2024-09-02 16:37:05"
"2024-09-09";"YouTube";"6 475 832";"299 428";"27 561 608";"2024-09-09 15:00:12"
"2024-09-07";"YouTube";"154 302";"27 027";"27 563 351";"2024-09-07 12:09:13"
"2024-09-05";"";"507 901";"36 373";"27 563 147";"2024-09-05 05:14:42"
"2024-09-10";"Facebook";"219 388";"577 250";"27 561 597";"2024-09-10 09:18:46"
"2024-09-06";"";"59 366";"131 360";"27 562 982";"2024-09-07 01:46:47"
"2024-09-03";"Instagram";"234 436";"5 164";"27 561 575";"2024-09-03 11:20:56"
"2024-09-07";"";"105 202";"8 066";"27 561 373";"2024-09-07 15:48:52"
"2024-09-05";"";"6 676 157";"1 934 553";"27 561 552";"2024-09-05 17:50:07"
"2024-09-10";"";"492 215";"21 647";"27 562 328";"2024-09-11 01:22:38"
"2024-09-05";"";"164 800";"14 534";"27 562 264";"2024-09-05 09:54:53"
"2024-09-05";"YouTube";"31 220 405";"2 260 813";"27 561 844";"2024-09-05 21:18:12"
"2024-09-07";"";"238 773";"158 447";"27 563 136";"2024-09-07 23:20:12"
"2024-09-03";"Facebook";"95 083";"25 257";"27 561 574";"2024-09-03 07:40:03"
"2024-09-03";"";"28 309 598";"1 575 223";"27 561 920";"2024-09-04 00:21:48"
"2024-09-10";"";"1 690";"83 125";"27 561 413";"2024-09-11 02:35:08"
"2024-09-09";"";"2 916 208";"1 912 815";"27 562 192";"2024-09-09 10:43:50"
"2024-09-03";"YouTube";"179 655";"562 001";"27 563 189";"2024-09-03 11:56:36"
"2024-09-04";"Facebook";"179 102";"16 752";"27 562 364";"2024-09-04 17:14:38"
"2024-09-02";"TikTok";"32 577";"642 771";"27 562 894";"2024-09-02 15:48:33"
"2024-09-05";"";"26 635";"1 754";"27 561 222";"2024-09-06 00:09:43"
"2024-09-05";"";"601 445";"92 502";"27 561 676";"2024-09-05 14:47:39"
"2024-09-03";"YouTube";"179 529";"7 286";"27 562 477";"2024-09-04 02:35:08"
"2024-09-08";"";"26 727";"13 351";"27 563 402";"2024-09-09 01:58:40"
"2024-09-06";"";"937 171";"552 245";"27 562 591";"2024-09-06 03:36:14"
"2024-09-09";"";"36 640";"5 151";"27 562 622";"2024-09-09 10:31:57"
"2024-09-04";"";"52 758";"15 531";"27 563 092";"2024-09-04 12:09:22"
"2024-09-07";"";"66 032";"6 790";"27 562 698";"2024-09-07 09:42:08"
"2024-09-04";"YouTube";"1 092 899";"54 024";"27 563 504";"2024-09-04 14:23:09"
"2024-09-08";"";"56 951";"2 983";"27 563 243";"2024-09-08 09:54:59"
"2024-09-01";"Telegram";"1 287 085";"105 511";"27 563 166";"2024-09-01 23:56:05"
"2024-09-10";"";"28 530";"20 131";"27 562 096";"2024-09-10 16:01:06"
"2024-09-09";"";"58 736";"18 674";"27 562 320";"2024-09-09 13:10:54"
"2024-09-09";"Instagram";"1 353 951";"331 662";"27 562 278";"2024-09-10 00:33:56"
"2024-09-03";"";"189 004";"12 355";"27 563 291";"2024-09-04 02:59:33"
"2024-09-02";"";"103 080";"11 033";"27 563 368";"2024-09-02 20:53:01"
"2024-09-09";"";"30 750";"3 103";"27 563 418";"2024-09-09 16:13:38"
"2024-09-06";"";"35 452";"11 842";"27 562 233";"2024-09-06 17:14:52"
"2024-09-06";"";"32 645";"3 472";"27 561 855";"2024-09-07 00:57:01"
"2024-09-07";"";"1 615 208";"143 756";"27 563 110";"2024-09-07 07:04:09"
"2024-09-07";"";"268 096 510";"16 622 454";"27 561 641";"2024-09-07 07:04:09"
"2024-09-03";"";"25 920";"120 997";"27 561 694";"2024-09-03 16:37:29"
"2024-09-09";"Telegram";"1 121 865";"268 264";"27 563 088";"2024-09-09 04:49:41"
"2024-09-05";"";"815 084";"78 496";"27 561 772";"2024-09-05 15:00:55"
"2024-09-10";"";"284 025";"24 879";"27 562 720";"2024-09-10 03:24:29"
"2024-09-01";"";"91 748";"5 649";"27 561 719";"2024-09-01 08:17:13"
"2024-09-09";"";"82 573";"3 567";"27 561 501";"2024-09-09 07:40:21"
"2024-09-05";"Instagram";"29 574 502";"877 268";"27 562 455";"2024-09-05 21:30:17"
"2024-09-07";"";"1 383 666";"115 652";"27 562 668";"2024-09-07 17:38:53"
"2024-09-01";"";"263 821";"31 938";"27 562 028";"2024-09-01 10:19:17"
"2024-09-09";"";"834 355";"37 618";"27 562 608";"2024-09-09 08:53:19"
"2024-09-08";"";"1 184 562";"64 311";"27 562 204";"2024-09-08 12:33:08"
"2024-09-09";"";"1 082 078";"200 111";"27 561 624";"2024-09-09 16:49:41"
"2024-09-05";"Telegram";"18 859 501";"1 172 813";"27 561 712";"2024-09-05 21:54:43"
"2024-09-06";"VKontakte";"12 134 913";"540 843";"27 562 941";"2024-09-06 15:36:37"
"2024-09-10";"";"700";"32 140";"27 563 032";"2024-09-10 11:20:28"
"2024-09-05";"";"26 464";"19 722";"27 563 041";"2024-09-05 13:46:41"
"2024-09-06";"";"213 141";"23 191";"27 562 004";"2024-09-06 07:52:23"
"2024-09-01";"";"150 833";"1 654 298";"27 562 527";"2024-09-01 22:31:51"
"2024-09-05";"";"30 696";"30 876";"27 562 666";"2024-09-05 15:12:15"
"2024-09-03";"Apple Music";"163 155";"13 585";"27 563 047";"2024-09-03 07:40:27"
"2024-09-03";"";"867 523";"479 437";"27 561 907";"2024-09-03 11:20:29"
"2024-09-05";"Facebook";"164 980";"162 712";"27 563 069";"2024-09-05 23:32:36"
"2024-09-08";"";"33 014";"10 324";"27 562 720";"2024-09-08 21:18:13"
"2024-09-06";"YouTube";"865 210";"144 197";"27 562 291";"2024-09-06 18:27:14"
"2024-09-05";"";"33 787";"4 223";"27 563 174";"2024-09-05 21:30:20"
"2024-09-05";"Zoom";"325 065";"130 134";"27 562 912";"2024-09-05 18:39:51"
"2024-09-03";"YouTube";"56 897";"14 282";"27 561 570";"2024-09-03 22:19:51"
"2024-09-06";"YouTube";"7 504 531";"410 434";"27 563 403";"2024-09-06 08:05:09"
"2024-09-02";"Facebook";"65 642";"19 440";"27 561 950";"2024-09-02 05:02:10"
"2024-09-07";"";"1 528 590";"133 340";"27 561 362";"2024-09-07 05:50:59"
"2024-09-04";"Telegram";"21 558 400";"1 886 253";"27 563 458";"2024-09-04 16:13:26"
"2024-09-03";"";"67 701";"3 815";"27 561 670";"2024-09-03 23:56:55"
"2024-09-04";"";"160";"60 867";"27 561 625";"2024-09-04 22:07:10"
"2024-09-10";"";"499 505";"195 056";"27 561 974";"2024-09-10 04:01:45"
"2024-09-10";"";"104 303";"7 725";"27 563 157";"2024-09-10 23:08:40"
"2024-09-04";"";"734 620";"259 847";"27 563 058";"2024-09-04 06:27:44"
"2024-09-07";"";"139 901";"153 924";"27 561 361";"2024-09-07 20:05:58"
"2024-09-09";"Instagram";"1 751 470";"94 453";"27 562 968";"2024-09-09 14:23:39"
"2024-09-05";"";"1 548 051";"256 814";"27 562 864";"2024-09-05 20:05:48"
"2024-09-04";"";"537 497";"26 471";"27 562 508";"2024-09-04 19:28:59"
"2024-09-02";"";"94 108";"261 012";"27 561 725";"2024-09-02 19:40:11"
"2024-09-10";"Tas-ix";"1 021 919";"53 195";"27 562 609";"2024-09-10 13:34:11"
"2024-09-01";"";"13 656";"61 405";"27 562 324";"2024-09-01 16:01:30"
"2024-09-05";"YouTube";"555 232";"33 054";"27 562 841";"2024-09-06 01:46:02"
"2024-09-09";"";"6 332 288";"128 794";"27 561 312";"2024-09-09 21:42:50"
"2024-09-06";"";"286 573";"73 599";"27 562 178";"2024-09-06 07:52:01"
"2024-09-08";"";"59 946";"3 704";"27 562 609";"2024-09-08 05:50:36"
"2024-09-02";"";"83 678";"88 623";"27 563 016";"2024-09-02 08:41:43"
"2024-09-04";"";"388 797";"60 515";"27 562 240";"2024-09-04 11:32:53"
"2024-09-03";"YouTube";"4 420 453";"3 245 403";"27 563 165";"2024-09-03 19:16:38"
"2024-09-10";"YouTube";"3 080 200";"451 524";"27 562 520";"2024-09-10 07:04:37"
"2024-09-02";"";"33 961";"2 098";"27 562 313";"2024-09-02 14:59:00"
"2024-09-10";"";"5 350 261";"208 092";"27 563 193";"2024-09-10 04:13:23"
"2024-09-03";"Facebook";"524 013";"49 644";"27 562 542";"2024-09-03 12:57:36"
"2024-09-10";"";"17 989";"197 560";"27 562 100";"2024-09-10 08:29:55"
"2024-09-06";"YouTube";"62 544";"4 377";"27 563 198";"2024-09-06 12:21:09"
"2024-09-06";"";"2 335 828";"115 325";"27 562 560";"2024-09-06 12:33:31"
"2024-09-04";"Facebook";"95 790";"22 662";"27 562 497";"2024-09-04 15:12:44"
"2024-09-05";"YouTube";"214 513";"32 058";"27 561 259";"2024-09-05 22:31:05"
"2024-09-03";"";"26 929";"30 019";"27 562 969";"2024-09-03 23:08:29"
"2024-09-05";"";"422 196";"32 287";"27 562 365";"2024-09-05 22:43:44"
"2024-09-04";"Telegram";"5 288 716";"335 511";"27 561 441";"2024-09-04 22:07:22"
"2024-09-01";"";"144 990";"13 888";"27 562 824";"2024-09-02 01:58:28"
"2024-09-10";"";"156 871";"7 896";"27 561 369";"2024-09-10 10:07:27"
"2024-09-01";"";"1 654 684";"62 532";"27 562 692";"2024-09-01 19:16:12"
"2024-09-07";"";"170 657";"66 983";"27 562 259";"2024-09-07 19:40:36"
"2024-09-06";"Facebook";"1 568 179";"1 292 301";"27 562 560";"2024-09-06 19:40:44"
"2024-09-08";"";"122 326";"26 465";"27 563 515";"2024-09-08 18:51:47"
"2024-09-10";"";"648 235";"21 628";"27 562 048";"2024-09-11 02:23:38"
"2024-09-10";"";"188 669";"675 439";"27 562 150";"2024-09-10 15:48:01"
"2024-09-03";"";"2 193 493";"98 941";"27 562 365";"2024-09-03 05:14:04"
"2024-09-01";"Facebook";"318 409";"28 647";"27 563 143";"2024-09-01 19:16:50"
"2024-09-05";"";"236 372";"42 368";"27 563 419";"2024-09-05 07:40:27"
"2024-09-10";"";"812 161";"57 224";"27 561 306";"2024-09-10 12:45:53"
"2024-09-03";"";"432 580";"578 093";"27 562 124";"2024-09-03 12:33:26"
"2024-09-03";"";"25 770";"14 239";"27 562 170";"2024-09-03 04:49:40"
"2024-09-04";"Instagram";"103 660 843";"2 666 145";"27 561 760";"2024-09-04 07:28:09"
"2024-09-07";"TikTok";"87 867";"576 074";"27 561 908";"2024-09-07 08:41:39"
"2024-09-03";"";"600 132";"846 496";"27 561 533";"2024-09-03 07:28:06"
"2024-09-10";"";"80 542";"4 287";"27 561 890";"2024-09-10 16:49:08"
"2024-09-07";"";"100 301";"5 211";"27 563 079";"2024-09-07 11:32:35"
"2024-09-02";"";"320 969";"10 313";"27 561 230";"2024-09-02 13:22:12"
"2024-09-06";"";"10 252 676";"427 002";"27 562 350";"2024-09-06 17:38:56"
"2024-09-05";"";"10 420";"25 801";"27 563 344";"2024-09-05 08:41:02"
"2024-09-02";"Instagram";"42 814 173";"1 035 207";"27 561 484";"2024-09-02 15:00:13"
"2024-09-08";"Facebook";"74 054";"10 275";"27 562 121";"2024-09-08 20:29:03"
"2024-09-08";"";"59 019";"4 199";"27 561 305";"2024-09-08 05:38:32"
"2024-09-05";"";"92 667";"6 795";"27 562 645";"2024-09-05 09:42:34"
"2024-09-04";"";"87 512";"7 992";"27 562 445";"2024-09-04 11:44:55"
"2024-09-08";"YouTube";"47 671";"96 376";"27 562 382";"2024-09-09 02:47:00"
"2024-09-04";"";"1 233 986";"879 054";"27 562 942";"2024-09-04 11:20:10"
"2024-09-09";"";"25 489";"25 727";"27 561 689";"2024-09-09 03:36:32"
"2024-09-04";"YouTube";"112 892";"822 425";"27 561 815";"2024-09-04 16:37:53"
"2024-09-10";"";"28 846";"41 860";"27 561 806";"2024-09-10 05:26:47"
"2024-09-03";"";"1 542 327";"260 061";"27 561 965";"2024-09-03 15:48:23"
"2024-09-01";"";"29 431";"8 955";"27 561 950";"2024-09-01 13:46:23"
"2024-09-09";"";"62 224";"7 051";"27 562 853";"2024-09-09 14:35:32"
"2024-09-07";"";"458 522";"89 294";"27 562 292";"2024-09-07 19:16:18"
"2024-09-10";"";"77 054";"53 879";"27 561 538";"2024-09-10 16:13:49"
"2024-09-04";"";"48 780";"1 988";"27 563 415";"2024-09-04 11:08:27"
"2024-09-08";"";"122 328";"18 998";"27 563 035";"2024-09-08 17:26:33"
"2024-09-09";"";"190 379";"22 352";"27 562 265";"2024-09-09 22:31:27"
"2024-09-03";"";"282 417";"11 694";"27 561 975";"2024-09-03 18:51:01"
"2024-09-08";"";"692 622";"119 109";"27 563 411";"2024-09-08 06:51:17"
"2024-09-02";"";"25 616 567";"2 183 274";"27 563 331";"2024-09-02 20:41:18"
"2024-09-07";"";"167 291";"17 172";"27 561 369";"2024-09-08 02:23:44"
"2024-09-04";"Apple Music";"41 340";"11 668";"27 563 207";"2024-09-04 19:28:50"
"2024-09-01";"";"129 171";"6 529";"27 563 088";"2024-09-01 07:40:37"
"2024-09-02";"";"7 437 588";"299 553";"27 562 679";"2024-09-03 00:21:31"
"2024-09-06";"";"82 195";"363 837";"27 561 193";"2024-09-06 19:52:20"
"2024-09-10";"";"19 946";"26 460";"27 561 461";"2024-09-10 17:26:44"
"2024-09-10";"";"439 393";"29 933";"27 563 280";"2024-09-10 09:06:13"
"2024-09-04";"Instagram";"1 647 611";"391 206";"27 561 794";"2024-09-04 20:17:48"
"2024-09-10";"Facebook";"91 914";"9 291";"27 562 542";"2024-09-11 00:45:52"
"2024-09-01";"Facebook";"245 534";"32 792";"27 563 047";"2024-09-02 01:46:23"
"2024-09-04";"";"316 661";"51 890";"27 562 836";"2024-09-04 10:31:25"
"2024-09-01";"Yandex";"37 192";"17 262";"27 563 481";"2024-09-02 01:34:04"
"2024-09-07";"";"50 794";"325 301";"27 563 140";"2024-09-07 18:15:40"
"2024-09-06";"";"92 106";"7 623";"27 563 080";"2024-09-06 12:09:37"
"2024-09-02";"YouTube";"1 942 861";"618 740";"27 561 325";"2024-09-02 12:21:56"
"2024-09-09";"";"207 977";"616 744";"27 562 360";"2024-09-09 12:21:27"
"2024-09-09";"Facebook";"124 373";"6 569";"27 562 143";"2024-09-10 01:22:49"
"2024-09-04";"";"1 607 128";"294 380";"27 562 816";"2024-09-04 15:48:55"
"2024-09-05";"";"40 984";"333 075";"27 563 044";"2024-09-05 22:19:20"
"2024-09-08";"";"829 993";"250 071";"27 563 151";"2024-09-08 19:04:00"
"2024-09-09";"";"105 806";"16 352";"27 561 814";"2024-09-10 01:58:21"
"2024-09-04";"";"230 786";"104 086";"27 561 224";"2024-09-04 03:12:48"
"2024-09-04";"";"398 370";"204 812";"27 562 839";"2024-09-04 17:02:31"
"2024-09-01";"";"257 841";"6 234";"27 561 896";"2024-09-01 06:15:00"
"2024-09-10";"";"53 671";"4 878";"27 561 851";"2024-09-10 16:49:45"
"2024-09-04";"";"765 787";"24 898";"27 561 410";"2024-09-04 08:05:46"
"2024-09-01";"Facebook";"28 147";"5 651";"27 562 157";"2024-09-01 09:18:37"
"2024-09-06";"";"27 798";"5 783";"27 561 944";"2024-09-06 08:41:35"
"2024-09-07";"";"70 423";"20 676";"27 562 693";"2024-09-07 22:19:10"
"2024-09-02";"";"104 981";"51 126";"27 562 907";"2024-09-02 14:47:01"
"2024-09-04";"";"0";"54 104";"27 561 907";"2024-09-04 11:44:01"
"2024-09-01";"Instagram";"11 213 940";"16 671 527";"27 562 070";"2024-09-01 14:47:34"
"2024-09-10";"Facebook";"392 933";"45 839";"27 563 093";"2024-09-10 07:52:07"
"2024-09-02";"";"58 295";"35 124";"27 562 895";"2024-09-02 14:59:34"
"2024-09-07";"";"43 057";"7 998";"27 562 034";"2024-09-07 10:55:30"
"2024-09-08";"Instagram";"8 462 042";"7 649 878";"27 562 313";"2024-09-08 03:00:19"
"2024-09-06";"Instagram";"2 598 957";"469 094";"27 563 503";"2024-09-06 14:11:20"
"2024-09-06";"Facebook";"153 653";"13 786";"27 562 495";"2024-09-06 18:39:54"
"2024-09-10";"";"231 123";"27 135";"27 562 267";"2024-09-10 21:18:02"
"2024-09-03";"";"25 614";"3 023";"27 562 456";"2024-09-03 08:17:46"
"2024-09-08";"";"312 367";"17 375";"27 562 759";"2024-09-08 09:42:57"
"2024-09-05";"";"990 149";"200 874";"27 561 621";"2024-09-06 02:23:30"
"2024-09-05";"";"817 731";"34 773";"27 562 124";"2024-09-05 03:24:05"
"2024-09-06";"";"1 201 470";"113 788";"27 561 992";"2024-09-06 13:58:12"
"2024-09-06";"";"60 033";"2 810";"27 561 698";"2024-09-06 14:23:28"
"2024-09-06";"";"13 706";"71 828";"27 563 232";"2024-09-07 01:34:15"
"2024-09-05";"Likee";"162 492";"78 287";"27 563 058";"2024-09-05 14:59:07"
"2024-09-08";"Telegram";"12 092 977";"1 064 134";"27 561 180";"2024-09-09 02:11:51"
"2024-09-05";"";"38 196 889";"903 396";"27 561 243";"2024-09-05 16:25:42"
"2024-09-02";"";"272 954";"9 136";"27 562 812";"2024-09-02 21:30:00"
"2024-09-07";"YouTube";"285 811";"48 032";"27 561 659";"2024-09-07 06:03:38"
"2024-09-05";"";"2 122 803";"22 996 649";"27 561 320";"2024-09-05 23:32:34"
"2024-09-07";"Instagram";"2 090 937";"182 602";"27 561 195";"2024-09-07 22:19:55"
"2024-09-03";"Instagram";"5 256 968";"1 347 409";"27 561 378";"2024-09-03 12:57:43"
"2024-09-04";"";"95 584";"6 485";"27 563 410";"2024-09-05 00:09:00"
"2024-09-08";"";"274 830";"15 696";"27 562 539";"2024-09-08 09:06:25"
"2024-09-10";"";"2 166 847";"58 774";"27 562 376";"2024-09-10 08:41:56"
"2024-09-02";"Facebook";"23 513 627";"538 671";"27 561 562";"2024-09-02 05:38:42"
"2024-09-01";"Yandex";"40 673";"26 181";"27 561 422";"2024-09-01 17:14:08"
"2024-09-03";"";"524 787";"128 248";"27 561 220";"2024-09-03 22:55:50"
"2024-09-06";"";"4 903";"132 803";"27 562 490";"2024-09-06 21:06:57"
"2024-09-09";"";"980 714";"62 844";"27 563 368";"2024-09-09 17:38:55"
"2024-09-03";"WhatsApp";"5 879 369";"13 662 617";"27 561 809";"2024-09-03 13:46:59"
"2024-09-07";"";"125 185";"17 403";"27 561 920";"2024-09-07 07:28:45"
"2024-09-01";"";"9 779 793";"385 644";"27 562 289";"2024-09-02 00:57:14"
"2024-09-06";"";"34 455";"3 567";"27 562 405";"2024-09-06 09:42:20"
"2024-09-06";"Instagram";"19 528 196";"321 153";"27 562 047";"2024-09-06 08:29:13"
"2024-09-07";"";"229 571 757";"53 433 602";"27 562 203";"2024-09-08 02:59:33"
"2024-09-06";"";"30 158";"30 183";"27 561 636";"2024-09-06 08:41:03"
"2024-09-09";"";"34 338";"5 003";"27 563 260";"2024-09-09 08:41:33"
"2024-09-01";"";"250 089";"115 260";"27 562 812";"2024-09-02 00:09:53"
"2024-09-03";"";"96 800";"5 769";"27 562 094";"2024-09-03 20:29:05"
"2024-09-10";"";"100 368";"234 882";"27 562 675";"2024-09-10 21:30:52"
"2024-09-10";"";"346 784";"28 841";"27 562 698";"2024-09-10 04:25:36"
"2024-09-06";"";"174 317 056";"16 787 575";"27 562 613";"2024-09-07 02:11:46"
"2024-09-06";"";"3 403 548";"413 489";"27 562 326";"2024-09-06 08:17:10"
"2024-09-02";"";"3 213 351";"71 890";"27 562 919";"2024-09-02 04:01:32"
"2024-09-06";"";"26 963";"14 267";"27 563 472";"2024-09-07 01:10:52"
"2024-09-02";"";"312 072";"5 833 406";"27 562 047";"2024-09-02 17:38:14"
"2024-09-03";"YouTube";"658 526";"12 439";"27 562 614";"2024-09-04 00:45:49"
"2024-09-07";"Instagram";"162 152 688";"4 629 018";"27 561 687";"2024-09-07 21:06:57"
"2024-09-07";"Facebook";"29 352";"1 801";"27 561 983";"2024-09-07 04:13:11"
"2024-09-06";"";"9 845 488";"596 840";"27 562 905";"2024-09-06 03:48:23"
"2024-09-01";"";"151 539";"132 406";"27 561 950";"2024-09-01 04:25:19"
"2024-09-04";"";"91 569";"4 347";"27 562 033";"2024-09-04 15:36:59"
"2024-09-06";"Instagram";"4 918 781";"39 068 489";"27 562 791";"2024-09-07 01:10:12"
"2024-09-10";"";"55 954";"3 630";"27 561 390";"2024-09-10 19:04:55"
"2024-09-09";"Facebook";"29 517";"35 064";"27 562 775";"2024-09-10 00:21:45"
"2024-09-02";"";"25 798";"17 398";"27 562 560";"2024-09-02 23:56:11"
"2024-09-02";"";"171 343";"110 745";"27 561 634";"2024-09-02 19:28:00"
"2024-09-04";"";"121 391";"64 250";"27 562 402";"2024-09-04 04:01:56"
"2024-09-06";"Instagram";"3 149 647";"1 072 154";"27 563 419";"2024-09-06 12:21:38"
"2024-09-09";"";"276 818";"17 619";"27 562 620";"2024-09-09 08:17:04"
"2024-09-04";"";"12 514 142";"683 661";"27 561 180";"2024-09-04 14:23:38"
"2024-09-08";"";"79 807";"54 856";"27 562 098";"2024-09-09 02:23:26"
"2024-09-08";"YouTube";"800 706";"1 511 661";"27 562 152";"2024-09-08 18:27:23"
"2024-09-07";"";"1 185 408";"116 345";"27 561 687";"2024-09-07 20:53:57"
"2024-09-04";"YouTube";"18 353 447";"1 094 777";"27 561 951";"2024-09-04 19:04:22"
"2024-09-01";"Telegram";"4 225 884";"249 948";"27 562 267";"2024-09-01 03:12:58"
"2024-09-10";"";"93 924";"5 210";"27 561 699";"2024-09-10 17:14:31"
"2024-09-09";"Apple Music";"391 577 089";"11 970 893";"27 561 173";"2024-09-09 09:42:59"
"2024-09-05";"";"74 433";"79 336";"27 562 808";"2024-09-05 04:49:37"
"2024-09-04";"Telegram";"9 135 610";"1 257 704";"27 562 700";"2024-09-04 21:54:13"
"2024-09-05";"";"2 432 581";"79 431";"27 562 100";"2024-09-05 07:52:40"
"2024-09-04";"Facebook";"47 625";"13 465";"27 562 754";"2024-09-04 13:10:10"
"2024-09-05";"";"2 862 354";"142 120";"27 561 772";"2024-09-05 13:34:44"
"2024-09-07";"";"257 159";"285 638";"27 561 390";"2024-09-07 16:37:27"
"2024-09-01";"";"7 872";"51 038";"27 561 874";"2024-09-01 17:50:49"
"2024-09-02";"";"415 919";"15 974";"27 562 401";"2024-09-02 16:13:58"
"2024-09-01";"";"1 149 480";"47 478";"27 563 148";"2024-09-01 09:18:29"
"2024-09-01";"";"715 334";"80 381";"27 563 401";"2024-09-01 22:55:37"
"2024-09-04";"";"161 861";"26 444";"27 561 852";"2024-09-04 04:25:23"
"2024-09-02";"Facebook";"34 242";"10 743";"27 563 293";"2024-09-02 12:45:29"
"2024-09-08";"";"85 086";"7 072";"27 563 036";"2024-09-09 01:58:21"
"2024-09-06";"";"50 983";"4 864";"27 561 850";"2024-09-07 02:47:18"
"2024-09-03";"YouTube";"1 442 930";"508 041";"27 563 189";"2024-09-03 14:11:09"
"2024-09-08";"";"33 815";"11 010";"27 562 752";"2024-09-08 20:05:28"
"2024-09-05";"Instagram";"7 475 276";"7 900 151";"27 563 139";"2024-09-05 22:07:34"
"2024-09-06";"";"62 360";"7 837";"27 563 014";"2024-09-07 00:57:41"
"2024-09-10";"Facebook";"105 322";"3 154";"27 562 404";"2024-09-10 23:56:04"
"2024-09-08";"";"42 086";"4 903";"27 562 863";"2024-09-09 00:09:49"
"2024-09-02";"";"18 461 316";"424 118";"27 562 445";"2024-09-02 05:14:34"
"2024-09-07";"Apple Music";"87 137";"26 669";"27 562 521";"2024-09-08 01:46:58"
"2024-09-01";"";"28 312";"12 311";"27 562 352";"2024-09-01 18:03:46"
"2024-09-09";"";"86 759";"17 805";"27 561 916";"2024-09-09 23:44:25"
"2024-09-10";"";"94 149";"16 740";"27 563 148";"2024-09-10 12:09:28"
"2024-09-04";"";"26 540";"3 410";"27 562 185";"2024-09-05 01:10:59"
"2024-09-04";"Apple Music";"144 724";"32 023";"27 562 827";"2024-09-04 14:47:27"
"2024-09-01";"";"119 484";"14 258";"27 563 072";"2024-09-01 17:02:17"
"2024-09-03";"YouTube";"398 032 999";"24 202 993";"27 562 653";"2024-09-03 11:32:39"
"2024-09-04";"";"99 973";"110 654";"27 561 357";"2024-09-04 06:27:06"
"2024-09-07";"";"298 734";"50 897";"27 562 561";"2024-09-08 02:11:16"
"2024-09-03";"";"29 933";"10 211";"27 563 295";"2024-09-03 19:04:41"
"2024-09-03";"Instagram";"35 403 497";"2 085 705";"27 562 521";"2024-09-03 05:02:12"
"2024-09-07";"YouTube";"395 291";"29 010";"27 563 493";"2024-09-07 08:41:43"
"2024-09-06";"";"29 935";"143 054";"27 563 171";"2024-09-07 00:09:49"
"2024-09-04";"YouTube";"360 749";"68 166";"27 562 913";"2024-09-04 14:35:29"
"2024-09-07";"YouTube";"91 198";"14 514";"27 563 030";"2024-09-07 19:52:37"
"2024-09-06";"Yandex";"9 353 807";"494 747";"27 563 291";"2024-09-06 13:34:25"
"2024-09-09";"";"109 571";"24 311";"27 561 468";"2024-09-09 13:22:18"
"2024-09-08";"Instagram";"30 413 915";"1 385 039";"27 562 816";"2024-09-08 13:34:49"
"2024-09-08";"";"126 067";"5 984";"27 563 105";"2024-09-08 06:51:00"
"2024-09-07";"";"38 988";"2 165";"27 563 203";"2024-09-07 20:53:51"
"2024-09-10";"";"393 131";"960 640";"27 563 041";"2024-09-10 06:51:37"
"2024-09-04";"";"32 452";"6 588";"27 561 688";"2024-09-04 19:40:30"
"2024-09-07";"";"62 317";"1 513 294";"27 562 609";"2024-09-07 14:11:36"
"2024-09-04";"";"162 303";"28 262";"27 562 611";"2024-09-04 08:05:45"
"2024-09-02";"Facebook";"304 706";"37 257";"27 563 295";"2024-09-02 14:23:59"
"2024-09-03";"Yandex Video";"5 013";"29 394";"27 561 649";"2024-09-03 18:27:44"
"2024-09-08";"Telegram";"10 820 114";"607 318";"27 563 331";"2024-09-08 03:12:34"
"2024-09-02";"Facebook";"341 688";"34 807";"27 562 100";"2024-09-02 10:55:44"
"2024-09-09";"YouTube";"722 363";"1 472 361";"27 563 478";"2024-09-09 23:44:47"
"2024-09-04";"";"693 184";"59 552";"27 563 026";"2024-09-04 03:36:27"
"2024-09-06";"";"31 873";"117 224";"27 563 129";"2024-09-06 12:57:50"
"2024-09-02";"";"12 769";"26 838";"27 562 595";"2024-09-02 10:07:36"
"2024-09-09";"YouTube";"72 068 172";"4 001 758";"27 561 234";"2024-09-09 13:10:19"
"2024-09-03";"";"93 929";"7 878";"27 562 036";"2024-09-04 02:47:58"
"2024-09-03";"";"4 292 640";"204 692";"27 562 699";"2024-09-03 23:32:33"
"2024-09-04";"";"768 910";"568 592";"27 563 453";"2024-09-04 09:42:55"
"2024-09-10";"";"50 036";"101 397";"27 562 377";"2024-09-10 20:53:14"
"2024-09-05";"";"62 099";"25 099";"27 561 606";"2024-09-05 09:18:31"
"2024-09-03";"";"292 552";"13 092";"27 563 409";"2024-09-03 07:04:56"
"2024-09-03";"";"30 255";"2 689";"27 562 316";"2024-09-03 19:04:29"
"2024-09-07";"";"101 566";"26 663";"27 562 635";"2024-09-08 00:09:22"
"2024-09-03";"";"759 003";"6 119";"27 562 663";"2024-09-03 05:02:31"
"2024-09-01";"";"55 672";"31 416";"27 562 039";"2024-09-01 19:28:30"
"2024-09-09";"";"28 068";"13 200";"27 562 849";"2024-09-09 15:48:52"
"2024-09-08";"Telegram";"39 990";"7 522";"27 561 978";"2024-09-08 19:52:55"
"2024-09-02";"";"98 530";"29 184";"27 562 168";"2024-09-02 13:34:17"
"2024-09-02";"Facebook";"247 188";"128 313";"27 563 384";"2024-09-03 00:21:35"
"2024-09-02";"YouTube";"108 328 145";"7 320 638";"27 563 316";"2024-09-02 10:43:47"
"2024-09-09";"";"28 014";"1 625";"27 561 173";"2024-09-10 02:59:56"
"2024-09-03";"Instagram";"13 073 652";"638 646";"27 561 492";"2024-09-03 21:18:22"
"2024-09-02";"";"263 689";"46 983";"27 561 448";"2024-09-02 19:52:46"
"2024-09-06";"";"28 506";"2 665";"27 561 811";"2024-09-06 22:31:11"
"2024-09-07";"";"34 541 290";"515 503";"27 562 685";"2024-09-07 20:53:47"
"2024-09-08";"";"50 759";"12 234";"27 562 497";"2024-09-08 20:53:29"
"2024-09-02";"YouTube";"801 870";"21 206";"27 561 940";"2024-09-02 23:56:10"
"2024-09-03";"";"68 442";"40 989";"27 562 058";"2024-09-03 18:51:14"
"2024-09-10";"";"90 823";"13 847";"27 562 347";"2024-09-10 09:30:26"
"2024-09-04";"";"53 530";"29 050";"27 563 083";"2024-09-04 23:20:45"
"2024-09-06";"";"18 934 345";"772 006";"27 562 863";"2024-09-07 02:11:23"
"2024-09-01";"Unknown";"846 836";"456 113";"27 562 794";"2024-09-01 16:49:09"
"2024-09-04";"";"55 459";"11 584";"27 563 022";"2024-09-04 14:23:10"
"2024-09-05";"";"28 474";"14 572";"27 563 404";"2024-09-05 17:26:10"
"2024-09-07";"";"78 527";"177 332";"27 561 205";"2024-09-07 22:19:38"
"2024-09-08";"";"78 376";"8 492";"27 563 372";"2024-09-08 15:48:28"
"2024-09-02";"";"39 579";"7 610";"27 561 596";"2024-09-02 08:29:51"
"2024-09-08";"";"11 484";"78 201";"27 561 818";"2024-09-09 00:45:56"
"2024-09-10";"Facebook";"532 873";"13 541";"27 562 034";"2024-09-10 09:54:04"
"2024-09-05";"";"37 533";"1 644";"27 563 509";"2024-09-05 12:57:31"
"2024-09-06";"YouTube";"3 614 664";"168 241";"27 562 898";"2024-09-06 04:25:29"
"2024-09-08";"";"2 160 699";"101 105";"27 561 265";"2024-09-08 23:44:58"
"2024-09-06";"";"82 949";"5 331";"27 563 414";"2024-09-06 11:20:42"
"2024-09-02";"Facebook";"99 942";"9 187";"27 562 572";"2024-09-02 04:49:11"
"2024-09-07";"";"42 639";"12 028";"27 562 646";"2024-09-07 22:07:06"
"2024-09-03";"Likee";"4 506 392";"258 673";"27 561 402";"2024-09-03 12:45:10"
"2024-09-09";"Tas-ix";"2 974 582";"360 978";"27 561 624";"2024-09-09 19:40:55"
"2024-09-03";"";"101 181";"4 528";"27 562 720";"2024-09-03 16:49:37"
"2024-09-10";"Facebook";"200 572";"195 586";"27 561 743";"2024-09-10 17:38:01"
"2024-09-08";"";"51 059";"13 820";"27 562 232";"2024-09-08 10:19:48"
"2024-09-10";"Instagram";"331 361";"18 219";"27 563 175";"2024-09-10 23:20:15"
"2024-09-04";"";"8 589 827";"332 329";"27 562 291";"2024-09-04 15:36:01"
"2024-09-06";"";"3 538";"150 706";"27 561 805";"2024-09-06 23:44:42"
"2024-09-05";"Facebook";"1 143 254";"392 748";"27 563 445";"2024-09-05 05:02:00"
"2024-09-04";"YouTube";"219 126";"1 487 103";"27 562 754";"2024-09-05 00:09:22"
"2024-09-03";"YouTube";"406 306";"2 145 818";"27 561 965";"2024-09-03 15:24:21"
"2024-09-07";"YouTube";"307 084";"37 371";"27 563 110";"2024-09-07 10:55:24"
"2024-09-07";"Instagram";"35 273 420";"1 583 077";"27 561 302";"2024-09-07 12:57:44"
"2024-09-05";"";"535 792";"40 198";"27 562 192";"2024-09-05 17:50:59"
"2024-09-02";"";"59 251";"6 191";"27 561 224";"2024-09-02 21:42:54"
"2024-09-04";"";"190 756";"166 112";"27 562 698";"2024-09-04 15:48:28"
"2024-09-06";"";"397 689";"20 435";"27 563 489";"2024-09-06 23:44:41"
"2024-09-01";"";"54 401";"82 129";"27 561 950";"2024-09-01 21:30:45"
"2024-09-05";"";"1 272";"64 426";"27 562 934";"2024-09-05 13:58:56"
"2024-09-04";"";"28 702";"8 526";"27 562 089";"2024-09-04 07:28:12"
"2024-09-06";"Instagram";"992 880";"775 499";"27 562 055";"2024-09-06 14:59:43"
"2024-09-07";"";"19 644 287";"639 685";"27 561 281";"2024-09-07 15:12:39"
"2024-09-06";"";"1 394 154";"240 886";"27 562 365";"2024-09-06 19:40:30"
"2024-09-09";"";"40 752";"18 651";"27 562 125";"2024-09-09 06:03:54"
"2024-09-07";"";"83 028";"5 803";"27 561 573";"2024-09-07 10:31:48"
"2024-09-08";"";"346 804";"131 347";"27 562 835";"2024-09-09 02:11:41"
"2024-09-09";"";"23 484 420";"814 761";"27 561 720";"2024-09-10 00:21:51"
"2024-09-05";"IMO";"130 645";"98 826";"27 562 366";"2024-09-05 10:31:14"
"2024-09-10";"";"11 964";"30 580";"27 561 290";"2024-09-10 19:04:05"
"2024-09-08";"";"157 745";"13 294";"27 562 499";"2024-09-08 18:39:30"
"2024-09-10";"";"29 140";"7 692";"27 561 567";"2024-09-10 19:52:08"
"2024-09-03";"Instagram";"919 875";"185 451";"27 563 198";"2024-09-03 09:06:13"
"2024-09-05";"";"86 265";"13 810";"27 561 422";"2024-09-05 22:55:40"
"2024-09-03";"";"125 530 519";"27 535 649";"27 562 791";"2024-09-03 03:48:01"
"2024-09-04";"";"27 990";"20 812";"27 562 398";"2024-09-04 13:22:08"
"2024-09-06";"";"226 797";"10 366";"27 561 883";"2024-09-06 22:43:31"
"2024-09-10";"";"0";"32 017";"27 562 234";"2024-09-10 04:37:20"
"2024-09-10";"";"356 896";"37 537";"27 561 825";"2024-09-10 20:53:44"
"2024-09-01";"";"38 330";"3 932";"27 561 480";"2024-09-02 01:22:02"
"2024-09-09";"";"1 002 466";"117 608";"27 561 865";"2024-09-09 21:54:40"
"2024-09-07";"Instagram";"279 742";"43 382";"27 563 328";"2024-09-07 15:24:51"
"2024-09-02";"";"78 196";"42 968";"27 562 489";"2024-09-02 15:24:11"
"2024-09-02";"";"555 167";"237 658";"27 562 330";"2024-09-02 12:45:08"
"2024-09-04";"Yandex";"163 451";"3 683";"27 561 173";"2024-09-05 01:34:51"
"2024-09-04";"Yandex";"787 800";"305 973";"27 561 865";"2024-09-05 00:33:17"
"2024-09-01";"";"43 978";"68 182";"27 561 514";"2024-09-01 11:20:41"
"2024-09-01";"Instagram";"1 086 014";"1 541 490";"27 561 288";"2024-09-01 11:44:55"
"2024-09-10";"Instagram";"29 188 124";"617 027";"27 562 289";"2024-09-10 10:31:31"
"2024-09-04";"Unknown";"129 201";"56 085";"27 561 479";"2024-09-04 09:06:52"
"2024-09-10";"";"1 102 797";"53 763";"27 563 507";"2024-09-10 03:00:45"
"2024-09-06";"";"189 612";"13 287";"27 562 601";"2024-09-06 06:39:48"
"2024-09-02";"";"60 079";"184 241";"27 562 155";"2024-09-02 03:00:43"
"2024-09-05";"";"1 045 686";"35 486";"27 561 176";"2024-09-05 23:32:11"
"2024-09-07";"";"215 429";"8 505";"27 562 900";"2024-09-07 17:14:19"
"2024-09-03";"YouTube";"38 958";"3 063";"27 562 633";"2024-09-04 00:21:00"
"2024-09-01";"";"39 150";"10 868";"27 562 124";"2024-09-01 05:38:20"
"2024-09-04";"";"318 276";"13 373";"27 561 315";"2024-09-04 20:29:16"
"2024-09-08";"";"72 817";"9 900";"27 561 441";"2024-09-08 16:37:47"
"2024-09-07";"";"88 034";"5 085";"27 562 527";"2024-09-08 02:59:31"
"2024-09-08";"YouTube";"978 031";"64 706";"27 561 259";"2024-09-08 12:57:47"
"2024-09-10";"YouTube";"4 463 337";"1 440 146";"27 563 061";"2024-09-10 14:23:54"
"2024-09-04";"";"21 610";"28 508";"27 561 224";"2024-09-04 09:18:21"
"2024-09-03";"Yandex";"646 799";"864 406";"27 562 615";"2024-09-04 00:45:52"
"2024-09-04";"";"37 926";"3 178";"27 561 810";"2024-09-04 19:04:51"
"2024-09-04";"";"37 620";"24 872";"27 561 379";"2024-09-04 23:32:24"
"2024-09-07";"";"150 570";"26 178";"27 562 444";"2024-09-07 15:48:27"
"2024-09-09";"";"10 375";"34 808";"27 562 966";"2024-09-09 18:03:31"
"2024-09-09";"Telegram";"2 804 279";"448 520";"27 562 083";"2024-09-09 10:19:07"
"2024-09-08";"YouTube";"2 060 879";"846 567";"27 561 179";"2024-09-08 17:26:34"
"2024-09-06";"";"761 092";"46 080";"27 561 536";"2024-09-06 07:52:31"
"2024-09-06";"";"25 770";"42 259";"27 561 641";"2024-09-06 16:49:20"
"2024-09-02";"Yandex Video";"2 689 762";"108 018";"27 562 105";"2024-09-02 07:40:17"
"2024-09-10";"";"38 732";"99 097";"27 561 752";"2024-09-11 00:09:58"
"2024-09-02";"Facebook";"147 530";"97 741";"27 562 059";"2024-09-02 18:51:52"
"2024-09-10";"";"38 224";"21 026";"27 562 567";"2024-09-10 21:30:52"
"2024-09-01";"";"62 621";"208 429";"27 563 129";"2024-09-01 21:30:10"
"2024-09-10";"TikTok";"63 477";"624 291";"27 561 776";"2024-09-10 03:48:37"
"2024-09-10";"";"42 862";"7 023";"27 562 824";"2024-09-10 16:25:18"
"2024-09-08";"";"966 249";"58 334";"27 561 306";"2024-09-09 02:23:45"
"2024-09-08";"";"30 322";"2 695";"27 561 830";"2024-09-08 20:17:30"
"2024-09-04";"";"205 809";"11 869";"27 562 821";"2024-09-05 01:58:16"
"2024-09-07";"";"111 648";"52 581";"27 562 894";"2024-09-08 00:09:22"
"2024-09-09";"";"6 649 789";"202 066";"27 562 427";"2024-09-10 02:35:58"
"2024-09-04";"Facebook";"27 084";"25 018";"27 561 218";"2024-09-05 01:22:41"
"2024-09-07";"";"30 461";"4 033";"27 562 363";"2024-09-07 09:54:44"
"2024-09-02";"VKontakte";"13 072 770";"381 512";"27 563 041";"2024-09-02 05:02:22"
"2024-09-09";"";"46 704";"3 504";"27 563 266";"2024-09-09 03:48:22"
"2024-09-03";"";"41 856";"1 159 670";"27 561 290";"2024-09-03 17:26:15"
"2024-09-08";"";"87 892";"22 935";"27 562 039";"2024-09-08 22:07:28"
"2024-09-05";"";"49 958";"22 572";"27 561 347";"2024-09-05 05:50:05"
"2024-09-03";"";"382 266";"191 245";"27 563 344";"2024-09-03 10:31:35"
"2024-09-08";"Facebook";"35 351";"8 525";"27 562 401";"2024-09-08 07:16:18"
"2024-09-10";"Telegram";"1 603 420";"369 094";"27 562 941";"2024-09-10 05:14:45"
"2024-09-02";"";"29 374";"2 638";"27 562 063";"2024-09-02 23:32:20"
"2024-09-01";"";"353 513";"10 924";"27 561 818";"2024-09-02 00:57:44"
"2024-09-07";"YouTube";"65 495 739";"3 707 713";"27 563 502";"2024-09-07 07:52:54"
"2024-09-01";"";"66 734";"6 990";"27 561 247";"2024-09-01 23:44:17"
"2024-09-02";"";"119 415";"358 944";"27 563 481";"2024-09-02 18:39:43"
"2024-09-05";"";"375 781";"24 881";"27 561 559";"2024-09-05 09:42:46"
"2024-09-10";"";"52 821";"12 124";"27 562 721";"2024-09-10 04:25:49"
"2024-09-04";"";"40 492";"58 071";"27 561 480";"2024-09-04 22:43:25"
"2024-09-05";"";"4 094 375";"1 025 835";"27 563 328";"2024-09-05 05:50:22"
"2024-09-05";"";"118 384";"38 810";"27 561 688";"2024-09-05 21:54:11"
"2024-09-09";"YouTube";"599 193";"198 132";"27 563 095";"2024-09-10 00:45:53"
"2024-09-10";"";"2 376 853";"83 563";"27 563 154";"2024-09-10 11:56:04"
"2024-09-10";"";"41 128";"3 095";"27 563 216";"2024-09-10 18:03:22"
"2024-09-06";"";"16 138";"26 132";"27 561 547";"2024-09-06 09:30:02"
"2024-09-04";"Facebook";"59 308";"24 839";"27 563 387";"2024-09-04 06:27:01"
"2024-09-09";"";"13 247";"47 582";"27 562 098";"2024-09-09 16:49:08"
"2024-09-03";"Yandex";"101 376";"3 970";"27 561 893";"2024-09-03 13:46:33"
"2024-09-05";"";"36 939";"201 244";"27 562 124";"2024-09-05 10:43:41"
"2024-09-07";"YouTube";"4 910 009";"914 235";"27 561 591";"2024-09-07 23:44:42"
"2024-09-03";"WhatsApp";"1 481 138";"64 880";"27 561 217";"2024-09-03 13:58:40"
"2024-09-02";"";"91 711";"9 735";"27 562 263";"2024-09-03 01:46:54"
"2024-09-02";"";"29 432";"10 843";"27 561 811";"2024-09-02 06:15:42"
"2024-09-09";"Tas-ix";"491 470";"19 728";"27 561 177";"2024-09-10 01:58:11"
"2024-09-07";"";"342 514";"274 406";"27 561 924";"2024-09-07 03:00:49"
"2024-09-07";"VKontakte";"45 690";"10 225";"27 563 410";"2024-09-07 22:55:19"
"2024-09-03";"";"1 144 486";"68 312";"27 562 560";"2024-09-03 09:18:07"
"2024-09-03";"";"1 574 405";"105 359";"27 561 213";"2024-09-03 07:04:57"
"2024-09-08";"";"39 187";"2 836";"27 561 669";"2024-09-09 02:23:00"
"2024-09-05";"";"38 002 254";"2 330 933";"27 561 707";"2024-09-05 14:47:11"
"2024-09-04";"";"514 382";"15 715";"27 561 231";"2024-09-04 12:57:20"
"2024-09-04";"";"420 115";"24 350";"27 563 336";"2024-09-04 12:45:04"
"2024-09-07";"";"440 572";"103 500";"27 561 668";"2024-09-07 19:52:40"
"2024-09-07";"";"17 484";"1 104 835";"27 562 858";"2024-09-07 10:19:03"
"2024-09-10";"YouTube";"279 341";"46 231";"27 561 362";"2024-09-10 15:12:15"
"2024-09-06";"";"3 874 995";"118 070";"27 562 622";"2024-09-06 20:05:30"
"2024-09-05";"";"28 138";"1 823";"27 561 569";"2024-09-05 12:21:59"
"2024-09-04";"";"30 118";"11 881";"27 562 756";"2024-09-05 02:59:59"
"2024-09-03";"";"62 189";"4 171";"27 563 295";"2024-09-03 03:00:03"
"2024-09-06";"";"1 775 343";"134 398";"27 563 121";"2024-09-06 16:01:17"
"2024-09-02";"";"113 070";"114 555";"27 563 404";"2024-09-02 12:45:56"
"2024-09-02";"Unknown";"2 713 663";"123 130";"27 561 304";"2024-09-02 20:53:47"
"2024-09-10";"";"33 632";"21 786";"27 562 240";"2024-09-10 05:38:14"
"2024-09-10";"YouTube";"10 989 123";"1 487 224";"27 562 595";"2024-09-10 22:07:23"
"2024-09-07";"";"1 510 130";"48 118";"27 563 310";"2024-09-07 03:48:42"
"2024-09-02";"";"43 154";"83 791";"27 563 493";"2024-09-02 12:45:09"
"2024-09-08";"";"80 847";"41 819";"27 561 981";"2024-09-08 05:26:26"
"2024-09-10";"Likee";"57 509";"17 119";"27 562 527";"2024-09-10 15:48:26"
"2024-09-09";"Instagram";"1 786 330";"1 695 196";"27 561 975";"2024-09-09 17:26:15"
"2024-09-04";"";"12 034";"26 484";"27 562 988";"2024-09-05 01:58:25"
"2024-09-03";"YouTube";"46 632 363";"2 219 527";"27 561 896";"2024-09-03 13:10:58"
"2024-09-03";"";"115 968";"13 042";"27 561 902";"2024-09-03 13:10:30"
"2024-09-03";"";"149 764";"6 353";"27 562 281";"2024-09-04 00:57:01"
"2024-09-07";"";"273 574";"28 909";"27 563 096";"2024-09-07 14:23:24"
"2024-09-10";"YouTube";"110 515";"18 119";"27 561 874";"2024-09-10 21:54:26"
"2024-09-03";"";"64 176";"8 969";"27 562 865";"2024-09-03 20:05:11"
"2024-09-07";"";"57 705";"12 596";"27 563 247";"2024-09-07 08:41:43"
"2024-09-09";"YouTube";"66 998";"824 156";"27 563 467";"2024-09-09 13:34:31"
"2024-09-08";"";"28 397";"11 287";"27 561 355";"2024-09-08 15:24:36"
"2024-09-02";"Yandex";"245 867";"205 153";"27 562 473";"2024-09-02 15:00:10"
"2024-09-10";"YouTube";"2 195 256";"714 637";"27 562 607";"2024-09-10 16:13:58"
"2024-09-03";"";"170 405";"9 619";"27 563 105";"2024-09-03 03:24:00"
"2024-09-04";"";"27 900";"14 755";"27 562 889";"2024-09-04 10:55:06"
"2024-09-06";"";"39 223";"20 596";"27 561 701";"2024-09-06 14:59:58"
"2024-09-03";"Yandex";"25 918";"4 968";"27 563 122";"2024-09-04 01:46:08"
"2024-09-01";"Instagram";"94 206";"7 980";"27 562 175";"2024-09-01 21:06:01"
"2024-09-03";"YouTube";"512 880";"209 195";"27 562 898";"2024-09-03 14:35:20"
"2024-09-05";"Instagram";"20 827 495";"578 994";"27 561 337";"2024-09-05 04:49:44"
"2024-09-07";"";"623 664";"80 164";"27 563 264";"2024-09-07 07:28:18"
"2024-09-06";"";"31 485";"30 907";"27 563 313";"2024-09-06 19:52:23"
"2024-09-09";"";"193 514";"100 726";"27 562 823";"2024-09-09 03:00:02"
"2024-09-03";"";"40 612";"64 417";"27 561 892";"2024-09-03 08:29:30"
"2024-09-02";"Telegram";"61 363 379";"4 874 145";"27 563 006";"2024-09-02 23:44:35"
"2024-09-10";"";"208 154";"44 397";"27 562 617";"2024-09-11 02:11:05"
"2024-09-02";"TikTok";"95 213";"640 287";"27 562 469";"2024-09-02 23:20:35"
"2024-09-09";"Telegram";"127 085";"10 487";"27 563 265";"2024-09-09 07:52:55"
"2024-09-08";"";"335 532";"326 405";"27 561 851";"2024-09-08 20:17:19"
"2024-09-02";"";"820 392";"45 903";"27 562 897";"2024-09-02 18:15:22"
"2024-09-07";"Instagram";"17 185 784";"1 526 408";"27 562 458";"2024-09-07 19:52:41"
"2024-09-08";"";"82 467";"109 071";"27 561 553";"2024-09-08 21:18:55"
"2024-09-07";"";"527 274";"44 020";"27 562 741";"2024-09-08 01:34:12"
"2024-09-03";"";"92 832 976";"3 018 371";"27 563 472";"2024-09-03 06:27:13"
"2024-09-04";"";"31 997";"1 349";"27 562 690";"2024-09-04 13:46:33"
"2024-09-04";"";"386 501";"188 829";"27 563 186";"2024-09-04 05:50:53"
"2024-09-03";"Telegram";"1 240 348";"372 883";"27 562 463";"2024-09-04 02:11:52"
"2024-09-01";"Instagram";"413 662";"29 695";"27 562 331";"2024-09-01 08:17:53"
"2024-09-02";"Yandex";"279 089";"13 243";"27 563 264";"2024-09-02 15:12:43"
"2024-09-03";"";"17 781";"208 469";"27 563 174";"2024-09-03 05:50:42"
"2024-09-02";"";"1 350 971";"54 640";"27 561 172";"2024-09-02 06:51:16"
"2024-09-06";"";"18 988";"28 206";"27 562 981";"2024-09-06 13:34:51"
"2024-09-09";"";"139 728";"12 823";"27 562 320";"2024-09-09 10:31:25"
"2024-09-06";"";"621 851";"63 681";"27 563 193";"2024-09-06 23:32:15"
"2024-09-05";"";"1 421 634";"220 335";"27 563 418";"2024-09-05 12:09:39"
"2024-09-05";"";"248 206";"44 474";"27 561 306";"2024-09-05 03:00:46"
"2024-09-02";"";"253 005";"10 283";"27 561 216";"2024-09-02 11:08:52"
"2024-09-01";"Instagram";"1 306 044";"673 741";"27 562 970";"2024-09-01 04:25:57"
"2024-09-10";"";"133 382";"14 808";"27 562 197";"2024-09-10 17:50:41"
"2024-09-10";"";"20 859";"123 259";"27 562 050";"2024-09-11 01:58:01"
"2024-09-03";"";"5 000";"215 915";"27 562 459";"2024-09-03 22:55:49"
"2024-09-02";"Facebook";"376 396";"206 152";"27 561 964";"2024-09-02 23:08:05"
"2024-09-07";"YouTube";"843 805";"68 151";"27 561 914";"2024-09-07 07:16:59"
"2024-09-02";"Yandex";"428 824";"83 485";"27 562 668";"2024-09-02 08:29:23"
"2024-09-06";"";"142 778";"9 228";"27 563 395";"2024-09-06 17:26:20"
"2024-09-10";"";"254 552";"17 841";"27 562 594";"2024-09-10 20:53:23"
"2024-09-07";"Yandex";"2 979 611";"288 529";"27 563 495";"2024-09-07 15:00:41"
"2024-09-08";"Instagram";"707 588";"35 065";"27 563 238";"2024-09-09 00:33:46"
"2024-09-04";"";"40 666";"6 138";"27 562 423";"2024-09-04 07:04:48"
"2024-09-06";"Facebook";"475 202";"59 517";"27 563 445";"2024-09-07 02:59:07"
"2024-09-10";"";"27 862 357";"952 565";"27 563 203";"2024-09-10 21:42:29"
"2024-09-01";"";"377 829";"19 268";"27 562 741";"2024-09-01 20:17:10"
"2024-09-10";"";"29 080";"11 291";"27 563 082";"2024-09-10 06:51:43"
"2024-09-08";"";"39 808";"3 299";"27 562 962";"2024-09-08 06:27:11"
"2024-09-04";"";"26 777";"1 985";"27 563 145";"2024-09-04 13:22:47"
"2024-09-05";"";"58 464";"18 542";"27 562 243";"2024-09-05 17:26:50"
"2024-09-10";"Yandex Video";"841 630";"31 185";"27 561 480";"2024-09-10 10:55:28"
"2024-09-01";"";"33 633";"7 917";"27 561 964";"2024-09-01 09:30:55"
"2024-09-04";"";"2 253 411";"217 936";"27 562 739";"2024-09-04 22:07:53"
"2024-09-09";"Yandex";"89 530";"22 420";"27 562 622";"2024-09-09 17:50:39"
"2024-09-04";"Yandex";"191 939";"11 292";"27 562 540";"2024-09-05 02:11:52"
"2024-09-02";"";"573 825";"25 207";"27 563 511";"2024-09-02 19:52:50"
"2024-09-09";"";"134 765";"18 629";"27 562 298";"2024-09-09 13:34:33"
"2024-09-04";"";"507 818";"487 443";"27 561 435";"2024-09-04 08:41:52"
"2024-09-06";"Yandex";"2 243 800";"117 133";"27 563 291";"2024-09-06 08:53:29"
"2024-09-09";"";"115 667";"9 254";"27 562 388";"2024-09-09 04:01:49"
"2024-09-02";"Instagram";"547 589";"30 580";"27 562 965";"2024-09-02 12:09:21"
"2024-09-05";"";"176 374";"42 779";"27 562 973";"2024-09-05 12:33:31"
"2024-09-09";"TikTok";"106 874";"699 798";"27 561 510";"2024-09-09 11:32:26"
"2024-09-05";"";"51 465";"3 000";"27 563 338";"2024-09-05 12:45:04"
"2024-09-07";"YouTube";"527 998 348";"24 678 284";"27 561 315";"2024-09-07 03:12:46"
"2024-09-03";"YouTube";"1 028 928";"462 754";"27 563 199";"2024-09-03 13:22:36"
"2024-09-02";"";"5 562";"58 523";"27 562 239";"2024-09-02 08:05:40"
"2024-09-02";"Instagram";"643 968";"239 248";"27 562 186";"2024-09-02 19:16:12"
"2024-09-07";"Apple Music";"41 190";"8 599";"27 562 511";"2024-09-07 16:49:17"
"2024-09-07";"";"73 226";"143 574";"27 562 378";"2024-09-07 11:20:08"
"2024-09-03";"";"35 099";"2 668";"27 562 352";"2024-09-03 18:27:17"
"2024-09-05";"";"26 631";"1 632";"27 562 810";"2024-09-05 18:03:42"
"2024-09-06";"";"309 929";"186 584";"27 562 437";"2024-09-06 04:13:45"
"2024-09-01";"YouTube";"1 416 912";"94 013";"27 563 030";"2024-09-01 08:05:49"
"2024-09-08";"YouTube";"73 458 258";"4 822 385";"27 562 024";"2024-09-08 14:23:46"
"2024-09-10";"";"26 174";"15 764";"27 562 445";"2024-09-10 13:58:59"
"2024-09-09";"Facebook";"83 222";"40 757";"27 563 338";"2024-09-09 22:19:39"
"2024-09-02";"Telegram";"10 157 809";"7 586 739";"27 562 527";"2024-09-02 07:28:25"
"2024-09-04";"YouTube";"331 098";"3 253 522";"27 562 593";"2024-09-04 07:40:26"
"2024-09-07";"";"444 989";"256 272";"27 563 308";"2024-09-07 08:41:52"
"2024-09-09";"";"77 149";"12 278";"27 561 777";"2024-09-09 06:27:54"
"2024-09-01";"";"16 825";"80 537";"27 562 635";"2024-09-01 21:42:13"
"2024-09-01";"";"353 501";"69 496";"27 563 165";"2024-09-02 00:57:29"
"2024-09-10";"";"15 088";"66 024";"27 563 171";"2024-09-10 19:52:31"
"2024-09-05";"";"563 728";"76 013";"27 562 961";"2024-09-06 00:21:37"
"2024-09-04";"Instagram";"76 866";"5 657";"27 561 624";"2024-09-04 14:23:45"
"2024-09-06";"Yandex";"548 006";"15 672";"27 562 192";"2024-09-06 17:38:56"
"2024-09-02";"";"145 344";"106 563";"27 562 706";"2024-09-02 06:27:59"
"2024-09-06";"";"303 169";"31 220";"27 562 788";"2024-09-07 00:09:43"
"2024-09-02";"";"430 280";"26 504";"27 563 152";"2024-09-02 19:04:07"
"2024-09-05";"";"76 456";"7 448";"27 561 687";"2024-09-05 03:24:59"
"2024-09-03";"";"26 613";"2 667";"27 562 801";"2024-09-03 03:00:52"
"2024-09-05";"";"231 216";"3 038";"27 562 232";"2024-09-05 17:14:02"
"2024-09-08";"Telegram";"1 108 698";"242 542";"27 563 411";"2024-09-08 19:40:12"
"2024-09-02";"Facebook";"11 843 063";"314 591";"27 561 852";"2024-09-03 01:34:16"
"2024-09-04";"";"3 523 676";"189 079";"27 561 512";"2024-09-04 06:15:47"
"2024-09-05";"";"29 844";"11 865";"27 562 759";"2024-09-06 00:09:57"
"2024-09-09";"";"823 091";"143 765";"27 563 238";"2024-09-09 19:16:08"
"2024-09-09";"";"402 455";"34 134";"27 562 382";"2024-09-09 08:29:45"
"2024-09-02";"YouTube";"180 943";"38 230";"27 562 371";"2024-09-02 08:53:31"
"2024-09-02";"";"58 020";"6 841";"27 561 231";"2024-09-02 16:01:48"
"2024-09-05";"Yandex";"161 868";"9 440";"27 561 715";"2024-09-05 23:08:33"
"2024-09-04";"";"46 795";"18 041";"27 562 656";"2024-09-04 15:36:48"
"2024-09-08";"Telegram";"648 409";"42 849";"27 562 350";"2024-09-08 13:58:12"
"2024-09-02";"";"126 289";"13 196";"27 562 156";"2024-09-03 00:45:14"
"2024-09-03";"";"168 805";"22 795";"27 562 273";"2024-09-03 11:20:56"
"2024-09-01";"WhatsApp";"37 088";"3 519";"27 563 502";"2024-09-02 02:47:46"
"2024-09-03";"Instagram";"3 585 761";"862 195";"27 561 649";"2024-09-03 15:36:19"
"2024-09-09";"YouTube";"6 487 892";"353 053";"27 561 687";"2024-09-09 12:45:09"
"2024-09-03";"";"30 540";"1 752";"27 562 535";"2024-09-03 15:12:22"
"2024-09-08";"";"48 669 858";"2 961 453";"27 561 474";"2024-09-08 18:51:13"
"2024-09-06";"";"117 033";"37 800";"27 562 508";"2024-09-06 12:33:48"
"2024-09-05";"Instagram";"7 710 653";"1 354 582";"27 561 480";"2024-09-05 06:15:52"
"2024-09-04";"";"36 231";"1 915";"27 561 956";"2024-09-04 13:46:21"
"2024-09-09";"";"422 881";"71 885";"27 562 703";"2024-09-09 09:06:27"
"2024-09-04";"Instagram";"6 776 683";"397 913";"27 562 720";"2024-09-04 15:36:45"
"2024-09-08";"YouTube";"835 815";"2 425 554";"27 561 195";"2024-09-08 12:09:33"
"2024-09-09";"";"87 530";"6 547";"27 562 615";"2024-09-10 00:57:40"
"2024-09-05";"";"82 555";"4 852";"27 563 404";"2024-09-06 02:47:34"
"2024-09-09";"";"69 361";"184 610";"27 561 651";"2024-09-09 06:51:19"
"2024-09-05";"Facebook";"394 424";"559 103";"27 561 700";"2024-09-05 10:07:55"
"2024-09-08";"";"430 183";"132 174";"27 562 243";"2024-09-08 16:37:43"
"2024-09-08";"";"94 979";"2 189 173";"27 563 135";"2024-09-08 03:12:41"
"2024-09-07";"Facebook";"840 936";"197 913";"27 563 335";"2024-09-07 12:09:08"
"2024-09-08";"Facebook";"3 019 473";"226 644";"27 562 263";"2024-09-09 00:57:01"
"2024-09-03";"";"7 282 796";"243 366";"27 562 660";"2024-09-03 05:02:21"
"2024-09-09";"YouTube";"1 272 043";"115 290";"27 561 224";"2024-09-09 16:13:13"
"2024-09-01";"";"101 284";"33 276";"27 562 561";"2024-09-01 19:40:25"
"2024-09-10";"";"19 385 860";"1 305 763";"27 562 347";"2024-09-11 02:23:36"
"2024-09-09";"";"71 527";"8 717";"27 562 423";"2024-09-09 15:24:22"
"2024-09-01";"Telegram";"19 072 920";"1 246 017";"27 561 386";"2024-09-01 12:57:29"
"2024-09-09";"YouTube";"78 028";"16 156";"27 562 620";"2024-09-09 11:44:41"
"2024-09-08";"";"82 823";"9 750";"27 563 264";"2024-09-08 08:53:25"
"2024-09-02";"";"477 413";"232 324";"27 563 183";"2024-09-02 12:57:17"
"2024-09-04";"";"116 377";"129 448";"27 563 152";"2024-09-04 20:05:58"
"2024-09-04";"";"39 101";"4 960";"27 562 884";"2024-09-05 00:21:20"
"2024-09-10";"";"438 319";"22 101";"27 562 615";"2024-09-10 07:40:44"
"2024-09-02";"";"38 830";"2 119";"27 562 468";"2024-09-02 08:29:49"
"2024-09-04";"";"2 260 584";"3 503 500";"27 562 058";"2024-09-04 07:04:40"
"2024-09-01";"YouTube";"147 442";"7 115";"27 562 590";"2024-09-02 00:57:45"
"2024-09-07";"";"353 622";"18 189";"27 561 721";"2024-09-07 06:51:58"
"2024-09-04";"VKontakte";"33 684";"1 941";"27 562 400";"2024-09-04 12:45:56"
"2024-09-06";"";"24 610 331";"1 329 678";"27 562 780";"2024-09-06 20:29:20"
"2024-09-10";"";"30 185";"8 242";"27 562 009";"2024-09-10 06:27:24"
"2024-09-07";"";"132 752";"135 196";"27 562 570";"2024-09-07 15:48:39"
"2024-09-07";"";"27 130";"28 068";"27 563 514";"2024-09-08 01:58:11"
"2024-09-05";"";"35 657";"3 035";"27 561 380";"2024-09-05 07:52:26"
"2024-09-09";"";"9 970 497";"21 513 539";"27 562 096";"2024-09-09 23:56:20"
"2024-09-02";"Instagram";"5 176 144";"164 323";"27 562 094";"2024-09-02 14:47:04"
"2024-09-02";"";"97 324";"1 195 151";"27 562 354";"2024-09-02 06:15:24"
"2024-09-10";"Instagram";"2 314 979";"760 942";"27 562 527";"2024-09-10 12:21:39"
"2024-09-03";"Instagram";"7 922 460";"286 311";"27 562 778";"2024-09-03 06:51:07"
"2024-09-10";"";"259 148";"18 694";"27 561 940";"2024-09-10 21:42:18"
"2024-09-07";"";"99 144";"7 769";"27 561 215";"2024-09-07 20:53:49"
"2024-09-10";"";"742 741";"51 596";"27 563 306";"2024-09-10 12:57:23"
"2024-09-04";"Facebook";"140 039";"12 356";"27 562 639";"2024-09-04 22:55:23"
"2024-09-07";"Instagram";"91 303";"6 443";"27 562 804";"2024-09-07 21:06:17"
"2024-09-07";"Facebook";"918 776";"84 181";"27 562 048";"2024-09-08 00:57:09"
"2024-09-02";"Telegram";"441 163";"29 501";"27 562 580";"2024-09-02 03:24:26"
"2024-09-10";"";"1 914 835";"74 230";"27 563 314";"2024-09-10 20:05:30"
"2024-09-10";"";"135 618";"11 428";"27 562 139";"2024-09-11 01:46:30"
"2024-09-08";"";"579 855";"23 690";"27 561 940";"2024-09-08 20:05:35"
"2024-09-05";"";"32 464";"31 839";"27 561 697";"2024-09-05 10:43:43"
"2024-09-04";"";"307 533";"15 544";"27 562 588";"2024-09-04 16:37:50"
"2024-09-08";"";"40 173";"32 864";"27 561 260";"2024-09-08 08:17:10"
"2024-09-07";"";"39 423";"14 633";"27 561 831";"2024-09-07 11:56:00"
"2024-09-07";"";"441 879";"33 142";"27 562 873";"2024-09-07 16:01:10"
"2024-09-08";"";"56 327";"75 863";"27 561 686";"2024-09-09 01:10:01"
"2024-09-04";"";"196 385";"88 604";"27 561 951";"2024-09-04 16:49:29"
"2024-09-02";"";"743 965";"543 657";"27 562 890";"2024-09-03 01:22:36"
"2024-09-02";"";"40 855";"23 020";"27 561 448";"2024-09-02 14:35:38"
"2024-09-05";"Telegram";"27 234 970";"1 044 294";"27 563 224";"2024-09-05 19:04:12"
"2024-09-05";"";"30 353";"10 897";"27 562 942";"2024-09-05 21:30:52"
"2024-09-05";"";"1 724 431";"51 901";"27 561 890";"2024-09-05 23:32:03"
"2024-09-08";"";"123 870";"16 356";"27 561 707";"2024-09-08 21:06:22"
"2024-09-01";"";"46 377";"40 175";"27 561 907";"2024-09-01 11:32:25"
"2024-09-05";"";"57 479";"32 538";"27 563 264";"2024-09-05 20:17:00"
"2024-09-04";"";"27 468";"11 038";"27 561 542";"2024-09-04 13:46:25"
"2024-09-09";"";"42 908";"36 200";"27 561 730";"2024-09-09 07:28:11"
"2024-09-02";"";"256 858";"8 163";"27 563 041";"2024-09-02 16:01:10"
"2024-09-07";"";"28 786";"8 553";"27 562 320";"2024-09-07 22:19:13"
"2024-09-02";"";"150 804";"38 080";"27 562 956";"2024-09-02 07:04:28"
"2024-09-02";"";"37 575 471";"2 073 659";"27 562 287";"2024-09-02 05:50:11"
"2024-09-09";"";"92 896";"10 580";"27 561 715";"2024-09-09 15:36:14"
"2024-09-07";"";"5 687";"37 012";"27 562 212";"2024-09-07 06:39:06"
"2024-09-03";"";"15 617";"111 788";"27 563 467";"2024-09-03 16:25:14"
"2024-09-07";"";"442 287";"170 546";"27 562 516";"2024-09-07 20:53:08"
"2024-09-05";"Facebook";"64 969";"5 592";"27 561 922";"2024-09-05 04:01:45"
"2024-09-01";"";"189 957";"16 145";"27 561 232";"2024-09-01 17:02:21"
"2024-09-08";"";"52 439";"3 417";"27 562 593";"2024-09-08 11:56:18"
"2024-09-01";"Instagram";"287 820";"31 323";"27 563 196";"2024-09-01 18:03:11"
"2024-09-02";"";"254 776";"31 939";"27 563 075";"2024-09-02 14:35:47"
"2024-09-01";"";"863 667";"65 336";"27 562 414";"2024-09-01 14:23:50"
"2024-09-02";"";"33 785";"6 871";"27 563 168";"2024-09-02 03:36:46"
"2024-09-09";"";"7 720";"32 989";"27 562 558";"2024-09-09 08:29:47"
"2024-09-10";"YouTube";"1 792 356";"2 680 313";"27 561 375";"2024-09-10 08:29:26"
"2024-09-03";"";"12 168";"307 442";"27 561 649";"2024-09-03 05:50:16"
"2024-09-10";"";"2 658";"175 614";"27 561 744";"2024-09-10 03:12:42"
"2024-09-08";"";"35 396";"23 741";"27 562 614";"2024-09-08 04:37:51"
"2024-09-05";"";"32 798";"17 431";"27 563 326";"2024-09-06 00:09:22"
"2024-09-02";"";"147 499";"80 160";"27 562 906";"2024-09-02 22:19:56"
"2024-09-03";"";"56 214";"3 784";"27 562 656";"2024-09-04 01:58:59"
"2024-09-01";"";"1 190";"26 518";"27 563 023";"2024-09-01 15:48:37"
"2024-09-03";"";"77 729";"14 861";"27 562 606";"2024-09-04 01:10:25"
"2024-09-01";"";"53 632";"5 528";"27 562 842";"2024-09-01 03:00:51"
"2024-09-09";"";"11 235";"107 041";"27 562 427";"2024-09-09 07:16:42"
"2024-09-01";"";"64 805";"4 598";"27 563 424";"2024-09-01 22:43:34"
"2024-09-05";"YouTube";"792 946";"2 430 874";"27 562 534";"2024-09-05 23:20:18"
"2024-09-07";"";"272 354";"115 924";"27 562 846";"2024-09-07 09:18:42"
"2024-09-07";"";"43 989";"7 027";"27 561 830";"2024-09-07 19:16:30"
"2024-09-01";"";"158 530";"3 866";"27 561 180";"2024-09-01 15:36:03"
"2024-09-02";"";"717 408";"774 578";"27 562 437";"2024-09-02 05:26:39"
"2024-09-09";"";"51 280";"6 993";"27 563 254";"2024-09-09 04:13:42"
"2024-09-10";"";"548";"27 251";"27 561 252";"2024-09-10 10:19:37"
"2024-09-06";"Unknown";"92 412";"6 876";"27 562 781";"2024-09-06 03:48:32"
"2024-09-01";"";"509 126";"251 959";"27 561 368";"2024-09-02 00:45:50"
"2024-09-06";"";"121 503 979";"7 272 586";"27 562 563";"2024-09-06 08:05:45"
"2024-09-10";"";"90 270";"13 806";"27 561 314";"2024-09-10 15:36:20"
"2024-09-06";"";"1 468 372";"107 319";"27 563 141";"2024-09-06 22:31:36"
"2024-09-06";"Facebook";"109 360";"11 231";"27 562 401";"2024-09-06 18:51:05"
"2024-09-09";"Tas-ix";"273 380";"12 491";"27 561 365";"2024-09-09 10:31:38"
"2024-09-10";"";"1 979 680";"84 682";"27 561 983";"2024-09-10 05:02:03"
"2024-09-04";"";"1 224 651";"371 818";"27 562 363";"2024-09-04 16:49:04"
"2024-09-04";"";"94 411";"11 681";"27 562 906";"2024-09-04 15:12:40"
"2024-09-07";"Facebook";"1 624 607";"1 150 047";"27 562 382";"2024-09-07 17:14:26"
"2024-09-07";"";"25 710";"22 862";"27 563 264";"2024-09-07 23:32:05"
"2024-09-07";"Instagram";"25 218 263";"701 596";"27 562 484";"2024-09-07 06:39:58"
"2024-09-04";"";"71 664";"29 467";"27 563 165";"2024-09-04 22:31:51"
"2024-09-04";"YouTube";"376 931";"32 131";"27 561 379";"2024-09-04 09:42:10"
"2024-09-03";"";"102 679";"10 390";"27 561 967";"2024-09-03 08:29:50"
"2024-09-05";"Facebook";"956 978";"38 128";"27 561 855";"2024-09-05 21:06:51"
"2024-09-01";"";"57 964";"15 846";"27 563 289";"2024-09-01 13:10:18"
"2024-09-04";"";"189 532";"37 922";"27 563 122";"2024-09-04 09:54:54"
"2024-09-06";"TikTok";"32 012";"415 296";"27 562 567";"2024-09-06 23:08:33"
"2024-09-02";"";"88 382";"10 695";"27 561 305";"2024-09-02 08:17:30"
"2024-09-05";"";"53 558";"6 069";"27 561 480";"2024-09-05 14:47:56"
"2024-09-08";"";"44 195";"3 448";"27 563 081";"2024-09-08 06:03:56"
"2024-09-08";"";"50 693";"22 048";"27 562 799";"2024-09-09 00:21:07"
"2024-09-05";"Instagram";"3 387 691";"1 355 896";"27 561 763";"2024-09-05 14:47:35"
"2024-09-09";"";"191 797";"19 933";"27 562 508";"2024-09-09 05:50:17"
"2024-09-03";"TikTok";"2 901";"25 634";"27 562 203";"2024-09-04 02:35:45"
"2024-09-04";"";"87 014";"13 933";"27 561 547";"2024-09-04 06:27:49"
"2024-09-09";"";"33 058 838";"1 589 763";"27 563 293";"2024-09-09 20:41:46"
"2024-09-08";"";"65 069";"12 399";"27 563 094";"2024-09-08 23:08:54"
"2024-09-05";"";"1 179 949";"132 739";"27 562 866";"2024-09-05 11:08:46"
"2024-09-09";"Facebook";"2 998 734";"135 751";"27 562 645";"2024-09-09 16:25:24"
"2024-09-07";"Telegram";"109 605";"20 690";"27 562 347";"2024-09-08 02:35:42"
"2024-09-08";"";"29 207";"4 202";"27 561 669";"2024-09-08 04:49:34"
"2024-09-08";"";"82 128";"10 100";"27 561 227";"2024-09-08 23:08:22"
"2024-09-05";"";"38 205";"11 556";"27 562 898";"2024-09-05 12:21:17"
"2024-09-05";"";"3 386 769";"100 874";"27 562 436";"2024-09-05 14:23:16"
"2024-09-10";"IMO";"15 841";"31 109";"27 561 815";"2024-09-10 09:30:49"
"2024-09-03";"Unknown";"96 989";"7 001";"27 562 364";"2024-09-04 01:10:19"
"2024-09-04";"";"180 080";"9 251";"27 562 675";"2024-09-04 22:31:33"
"2024-09-09";"";"185 207";"14 030";"27 561 304";"2024-09-09 16:37:12"
"2024-09-09";"Instagram";"23 839 598";"639 096";"27 562 003";"2024-09-09 17:14:46"
"2024-09-03";"YouTube";"772 056";"87 108";"27 563 299";"2024-09-03 15:24:11"
"2024-09-05";"Facebook";"3 820 928";"246 392";"27 563 260";"2024-09-05 19:40:53"
"2024-09-01";"Facebook";"47 621";"5 396";"27 563 264";"2024-09-01 04:37:50"
"2024-09-09";"";"7 968";"39 959";"27 562 624";"2024-09-10 02:47:59"
"2024-09-10";"Instagram";"7 639 407";"254 417";"27 562 572";"2024-09-10 11:44:38"
"2024-09-07";"";"98 317 715";"2 007 364";"27 562 578";"2024-09-07 18:39:50"
"2024-09-01";"";"96 761";"21 020";"27 563 076";"2024-09-01 16:01:37"
"2024-09-09";"";"3 227 961";"829 246";"27 561 649";"2024-09-09 10:07:12"
"2024-09-10";"YouTube";"114 658";"16 356";"27 562 324";"2024-09-11 01:34:50"
"2024-09-09";"Telegram";"25 483 305";"1 572 633";"27 563 335";"2024-09-09 21:18:19"
"2024-09-06";"Yandex";"134 484";"34 614";"27 563 387";"2024-09-06 21:18:10"
"2024-09-03";"";"488 846";"157 544";"27 561 674";"2024-09-04 01:10:43"
"2024-09-05";"";"2 113 924";"882 207";"27 562 698";"2024-09-05 22:31:21"
"2024-09-02";"YouTube";"1 932 266";"264 767";"27 563 193";"2024-09-02 04:13:10"
"2024-09-07";"";"508 799";"21 438";"27 562 754";"2024-09-07 08:17:22"
"2024-09-06";"Instagram";"709 206";"92 821";"27 563 066";"2024-09-06 22:07:40"
"2024-09-02";"";"104 448";"39 569";"27 562 965";"2024-09-02 20:17:00"
"2024-09-08";"";"186 498";"93 450";"27 562 124";"2024-09-08 15:48:39"
"2024-09-05";"";"283 651";"124 269";"27 561 306";"2024-09-05 19:40:59"
"2024-09-05";"";"0";"40 456";"27 562 202";"2024-09-05 19:16:44"
"2024-09-08";"Odnoklassniki";"63 052";"10 684";"27 562 466";"2024-09-08 11:56:17"
"2024-09-04";"";"989 302";"48 057";"27 562 347";"2024-09-04 10:19:53"
"2024-09-10";"";"90 128";"119 439";"27 561 331";"2024-09-11 02:47:55"
"2024-09-09";"";"1 462 584";"608 928";"27 562 846";"2024-09-09 03:12:15"
"2024-09-04";"";"132 294";"5 559";"27 563 001";"2024-09-05 00:33:58"
"2024-09-09";"";"113 003";"4 328";"27 563 268";"2024-09-09 22:31:33"
"2024-09-03";"YouTube";"7 454 631";"541 517";"27 561 670";"2024-09-03 23:08:41"
"2024-09-01";"";"318 113";"12 998";"27 561 232";"2024-09-01 10:31:11"
"2024-09-03";"";"178 255";"11 233";"27 561 697";"2024-09-03 11:08:34"
"2024-09-06";"";"921 595";"1 904 296";"27 561 715";"2024-09-06 14:11:58"
"2024-09-02";"";"56 839";"5 917";"27 562 756";"2024-09-02 23:56:27"
"2024-09-10";"";"33 822";"6 825";"27 562 442";"2024-09-10 18:27:46"
"2024-09-10";"";"65 018";"8 074";"27 561 741";"2024-09-10 15:12:10"
"2024-09-03";"Unknown";"60 647";"10 959";"27 563 072";"2024-09-03 17:26:56"
"2024-09-03";"";"74 564";"5 724";"27 563 031";"2024-09-03 11:08:22"
"2024-09-08";"";"27 267";"3 155";"27 561 545";"2024-09-08 17:02:04"
"2024-09-01";"Facebook";"39 253";"20 122";"27 562 520";"2024-09-02 02:35:53"
"2024-09-02";"";"286 226";"124 836";"27 563 250";"2024-09-02 17:02:30"
"2024-09-09";"";"258 736";"20 084";"27 562 067";"2024-09-09 15:00:28"
"2024-09-01";"";"63 014";"9 976";"27 561 274";"2024-09-01 09:30:09"
"2024-09-09";"";"26 706";"3 663";"27 563 047";"2024-09-09 12:09:03"
"2024-09-09";"";"115 396";"19 092";"27 562 696";"2024-09-09 19:28:24"
"2024-09-02";"";"25 853";"9 872";"27 561 508";"2024-09-02 16:25:57"
"2024-09-06";"";"420";"28 247";"27 563 489";"2024-09-06 14:47:46"
"2024-09-05";"";"250 408";"8 676";"27 561 219";"2024-09-05 07:04:10"
"2024-09-09";"";"283 126";"53 239";"27 561 232";"2024-09-09 08:05:03"
"2024-09-02";"";"12 928 382";"372 524";"27 563 110";"2024-09-02 13:46:49"
"2024-09-10";"YouTube";"720 130";"101 852";"27 562 666";"2024-09-10 09:42:59"
"2024-09-04";"";"1 133 660";"59 614";"27 561 659";"2024-09-04 21:54:52"
"2024-09-05";"";"528 154";"315 791";"27 561 884";"2024-09-05 12:45:39"
"2024-09-03";"";"443 923";"25 893";"27 563 009";"2024-09-03 19:16:18"
"2024-09-08";"";"68 540";"14 513";"27 563 088";"2024-09-08 16:13:50"
"2024-09-04";"";"3 493 560";"207 455";"27 561 273";"2024-09-05 02:35:50"
"2024-09-06";"";"76 402";"7 015";"27 561 845";"2024-09-06 20:17:54"
"2024-09-05";"";"88 819";"16 324";"27 561 855";"2024-09-06 02:23:31"
"2024-09-01";"YouTube";"1 858 851";"2 072 302";"27 561 836";"2024-09-01 04:13:11"
"2024-09-10";"Instagram";"1 073 146";"2 204 329";"27 561 254";"2024-09-10 14:35:14"
"2024-09-02";"";"89 029";"57 195";"27 563 114";"2024-09-02 19:04:22"
"2024-09-08";"";"569 104";"177 233";"27 563 503";"2024-09-08 12:57:23"
"2024-09-08";"";"53 230";"54 816";"27 561 195";"2024-09-09 01:46:00"
"2024-09-10";"YouTube";"105 854";"18 577";"27 563 316";"2024-09-10 18:51:44"
"2024-09-09";"";"106 640";"99 184";"27 563 174";"2024-09-09 03:24:18"
"2024-09-08";"";"31 404";"10 991";"27 563 231";"2024-09-08 14:35:03"
"2024-09-01";"";"130 986";"4 783";"27 562 545";"2024-09-01 04:49:37"
"2024-09-03";"";"459 129";"45 139";"27 563 048";"2024-09-03 07:28:02"
"2024-09-07";"Telegram";"752 353";"72 939";"27 561 597";"2024-09-07 07:52:32"
"2024-09-05";"";"34 090";"17 867";"27 562 125";"2024-09-06 00:57:39"
"2024-09-07";"";"287 289";"27 602";"27 562 012";"2024-09-07 14:11:28"
"2024-09-02";"";"34 687";"5 241";"27 562 660";"2024-09-02 19:28:39"
"2024-09-02";"";"124 387 569";"6 605 778";"27 561 680";"2024-09-02 06:27:13"
"2024-09-02";"Instagram";"351 922";"63 441";"27 561 384";"2024-09-02 22:43:13"
"2024-09-07";"";"284 314";"20 869";"27 563 291";"2024-09-08 02:23:51"
"2024-09-10";"";"22 954";"77 154";"27 561 499";"2024-09-10 07:28:41"
"2024-09-04";"";"117 001";"38 677";"27 562 550";"2024-09-04 17:38:56"
"2024-09-06";"Telegram";"2 045 259";"117 869";"27 561 778";"2024-09-06 11:08:31"
"2024-09-06";"";"2 118 489";"47 581";"27 562 239";"2024-09-07 01:10:00"
"2024-09-05";"YouTube";"1 407 787";"258 687";"27 563 047";"2024-09-05 13:34:44"
"2024-09-08";"";"29 713";"20 016";"27 561 375";"2024-09-08 04:49:17"
"2024-09-02";"";"569 609";"73 539";"27 562 009";"2024-09-02 23:08:11"
"2024-09-10";"VKontakte";"400 564";"28 437";"27 562 917";"2024-09-10 04:01:30"
"2024-09-05";"Instagram";"4 913 695";"673 362";"27 561 953";"2024-09-05 04:37:10"
"2024-09-03";"";"402 363";"19 820";"27 562 512";"2024-09-04 02:23:21"
"2024-09-05";"";"147 448";"21 336";"27 563 011";"2024-09-05 19:04:07"
"2024-09-06";"";"86 220";"90 317";"27 562 552";"2024-09-06 20:17:25"
"2024-09-10";"";"33 095";"18 937";"27 562 086";"2024-09-10 03:12:40"
"2024-09-07";"";"30 813";"2 983";"27 562 654";"2024-09-07 07:16:37"
"2024-09-07";"";"4 623";"31 442";"27 562 127";"2024-09-07 20:05:00"
"2024-09-04";"";"339 040";"27 097";"27 561 570";"2024-09-04 20:17:01"
"2024-09-04";"";"126 570";"51 929";"27 562 004";"2024-09-04 14:59:44"
"2024-09-08";"TikTok";"228 628";"1 825 357";"27 563 228";"2024-09-08 20:05:19"
"2024-09-05";"";"740 657";"27 210";"27 562 666";"2024-09-05 14:47:58"
"2024-09-09";"";"21 212";"94 416";"27 562 850";"2024-09-09 23:08:16"
"2024-09-01";"";"1 116 623";"104 064";"27 561 380";"2024-09-02 02:47:26"
"2024-09-10";"";"152 506";"32 154";"27 561 722";"2024-09-10 07:40:46"
"2024-09-02";"Instagram";"1 011 275";"59 492";"27 562 257";"2024-09-02 10:07:27"
"2024-09-09";"Telegram";"977 338";"176 119";"27 563 393";"2024-09-09 20:17:14"
"2024-09-07";"";"217 793";"8 942";"27 563 080";"2024-09-07 10:55:47"
"2024-09-04";"";"68 870 625";"63 098 962";"27 562 676";"2024-09-04 22:07:55"
"2024-09-02";"YouTube";"68 600";"269 364";"27 562 040";"2024-09-02 23:44:19"
"2024-09-04";"";"145 049";"281 383";"27 561 809";"2024-09-04 03:12:04"
"2024-09-10";"";"29 489";"6 441";"27 562 215";"2024-09-10 05:50:59"
"2024-09-06";"YouTube";"10 450 427";"996 884";"27 562 644";"2024-09-06 10:31:53"
"2024-09-06";"";"44 884";"541 764";"27 562 216";"2024-09-06 19:28:46"
"2024-09-03";"";"540 321";"24 333";"27 563 390";"2024-09-03 09:54:06"
"2024-09-05";"";"195 089";"9 096";"27 562 014";"2024-09-05 20:05:01"
"2024-09-08";"";"53 711";"8 016";"27 563 430";"2024-09-09 02:47:17"
"2024-09-10";"";"913 315";"39 000";"27 563 430";"2024-09-10 22:55:43"
"2024-09-08";"Telegram";"2 247 102";"164 738";"27 561 822";"2024-09-08 11:20:58"
"2024-09-09";"";"29 557";"11 335";"27 563 018";"2024-09-09 23:32:48"
"2024-09-04";"Yandex";"1 229 780";"46 729";"27 562 810";"2024-09-05 00:09:45"
"2024-09-04";"";"162 811";"116 858";"27 561 221";"2024-09-05 00:09:36"
"2024-09-04";"";"32 884";"2 735";"27 561 247";"2024-09-04 06:39:56"
"2024-09-07";"Yandex";"271 935";"158 088";"27 561 695";"2024-09-07 18:03:40"
"2024-09-08";"WhatsApp";"29 584";"14 354";"27 561 890";"2024-09-08 21:18:19"
"2024-09-09";"";"198 510";"19 676";"27 561 224";"2024-09-09 05:26:21"
"2024-09-09";"";"35 081";"2 501";"27 561 586";"2024-09-10 01:22:15"
"2024-09-09";"";"5 757 748";"300 390";"27 563 468";"2024-09-09 13:58:41"
"2024-09-09";"";"42 253";"49 798";"27 562 608";"2024-09-09 14:11:20"
"2024-09-07";"YouTube";"68 583";"474 837";"27 562 666";"2024-09-07 15:00:34"
"2024-09-05";"";"146 827";"75 042";"27 563 134";"2024-09-05 16:49:58"
"2024-09-07";"";"30 915";"3 623";"27 561 741";"2024-09-07 05:38:45"
"2024-09-10";"";"1 393 061";"99 180";"27 563 238";"2024-09-10 20:41:42"
"2024-09-06";"Facebook";"255 803";"5 597 707";"27 562 981";"2024-09-06 09:30:35"
"2024-09-08";"Instagram";"493 520";"436 814";"27 561 666";"2024-09-09 01:34:03"
"2024-09-04";"";"33 166";"18 652";"27 561 915";"2024-09-04 05:38:38"
"2024-09-09";"";"66 934";"10 650";"27 561 895";"2024-09-09 19:04:55"
"2024-09-02";"";"67 978";"26 420";"27 562 723";"2024-09-02 09:18:43"
"2024-09-01";"";"105 212";"158 844";"27 563 062";"2024-09-01 11:56:00"
"2024-09-02";"";"204 981";"6 352";"27 563 351";"2024-09-02 16:13:13"
"2024-09-10";"";"494 093";"21 153";"27 562 322";"2024-09-10 17:26:52"
"2024-09-10";"";"4 220 380";"152 798";"27 563 210";"2024-09-10 21:18:51"
"2024-09-02";"";"1 496 333";"2 274 933";"27 563 460";"2024-09-02 05:26:32"
"2024-09-05";"Telegram";"11 504 070";"838 164";"27 563 032";"2024-09-05 21:54:02"
"2024-09-01";"YouTube";"806 258";"94 524";"27 563 371";"2024-09-01 17:02:07"
"2024-09-10";"Telegram";"359 505 452";"22 676 162";"27 562 985";"2024-09-11 01:34:56"
"2024-09-05";"";"14 950 967";"506 789";"27 562 950";"2024-09-05 07:16:17"
"2024-09-04";"WhatsApp";"1 460 695";"1 299 948";"27 561 347";"2024-09-04 22:43:06"
"2024-09-08";"";"27 070";"1 979";"27 563 326";"2024-09-08 12:09:50"
"2024-09-06";"Instagram";"13 869 615";"765 200";"27 562 889";"2024-09-07 02:35:08"
"2024-09-03";"";"78 607";"2 947";"27 563 372";"2024-09-03 05:14:35"
"2024-09-05";"Instagram";"3 639 093";"133 114";"27 562 645";"2024-09-05 10:07:42"
"2024-09-03";"";"54 799";"10 220";"27 561 301";"2024-09-03 06:39:50"
"2024-09-08";"YouTube";"654 935";"123 815";"27 562 985";"2024-09-09 01:10:47"
"2024-09-03";"YouTube";"7 172 843";"2 421 250";"27 562 141";"2024-09-04 00:33:00"
"2024-09-02";"";"862 977";"98 560";"27 562 810";"2024-09-02 04:37:15"
"2024-09-05";"Instagram";"17 398 458";"502 494";"27 562 699";"2024-09-05 03:12:29"
"2024-09-02";"";"507 256";"82 310";"27 561 534";"2024-09-02 09:06:15"
"2024-09-05";"";"43 320";"14 249";"27 562 717";"2024-09-05 20:29:35"
"2024-09-02";"";"740 577";"289 553";"27 561 775";"2024-09-02 05:50:41"
"2024-09-01";"Facebook";"208 726";"21 631";"27 561 660";"2024-09-01 08:17:23"
"2024-09-03";"YouTube";"946 723";"516 947";"27 561 251";"2024-09-03 09:30:56"
"2024-09-09";"";"22 319 070";"8 184 922";"27 562 791";"2024-09-09 19:52:59"
"2024-09-09";"";"861 811";"26 501";"27 562 473";"2024-09-09 03:12:03"
"2024-09-05";"";"4 761 910";"212 036";"27 561 181";"2024-09-05 21:06:59"
"2024-09-02";"";"50 748";"164 153";"27 562 673";"2024-09-02 08:41:49"
"2024-09-08";"";"131 476";"13 741";"27 562 431";"2024-09-08 20:17:12"
"2024-09-07";"";"129 543";"5 858";"27 561 567";"2024-09-07 20:41:34"
"2024-09-09";"";"37 372";"4 591";"27 561 860";"2024-09-09 14:23:59"
"2024-09-06";"";"114 390";"6 260";"27 562 314";"2024-09-06 05:50:06"
"2024-09-08";"";"88 474";"7 974";"27 562 222";"2024-09-08 19:28:04"
"2024-09-03";"";"84 271 456";"5 973 913";"27 561 252";"2024-09-03 20:29:53"
"2024-09-01";"";"5 515";"38 962";"27 562 012";"2024-09-01 08:17:24"
"2024-09-09";"YouTube";"175 460";"838 061";"27 562 703";"2024-09-09 04:01:55"
"2024-09-01";"Facebook";"707 420";"34 115";"27 562 290";"2024-09-01 10:55:35"
"2024-09-10";"Tas-ix";"114 829";"8 089";"27 563 166";"2024-09-10 17:38:29"
"2024-09-05";"Telegram";"363 909";"34 002";"27 563 243";"2024-09-05 18:51:19"
"2024-09-02";"VKontakte";"1 400 937";"261 577";"27 562 041";"2024-09-02 13:34:05"
"2024-09-08";"Unknown";"52 275";"25 426";"27 562 810";"2024-09-08 16:01:57"
"2024-09-05";"";"28 600";"34 409";"27 563 083";"2024-09-05 12:09:30"
"2024-09-04";"";"688 776 203";"8 107 341";"27 561 265";"2024-09-04 11:44:15"
"2024-09-10";"Likee";"60 607";"15 932";"27 561 893";"2024-09-10 06:39:45"
"2024-09-06";"Facebook";"45 286";"4 036";"27 562 260";"2024-09-06 05:02:13"
"2024-09-02";"";"45 700";"8 076";"27 561 240";"2024-09-02 19:16:57"
"2024-09-10";"Instagram";"585 960";"93 600";"27 563 122";"2024-09-10 03:00:15"
"2024-09-06";"";"189 749";"161 035";"27 562 595";"2024-09-06 03:24:27"
"2024-09-03";"";"10 801";"27 096";"27 562 445";"2024-09-03 04:37:18"
"2024-09-05";"";"554 206";"22 223";"27 561 630";"2024-09-06 00:09:04"
"2024-09-05";"";"33 159 254";"3 099 722";"27 563 058";"2024-09-05 19:16:09"
"2024-09-07";"YouTube";"756 889";"6 769 089";"27 562 754";"2024-09-07 13:58:19"
"2024-09-03";"Yandex";"1 824 992";"392 332";"27 562 124";"2024-09-03 15:24:33"
"2024-09-10";"";"55 854";"3 471";"27 562 350";"2024-09-11 00:45:53"
"2024-09-09";"Yandex";"203 009";"53 426";"27 562 083";"2024-09-09 22:55:44"
"2024-09-04";"";"32 988";"2 472";"27 563 035";"2024-09-04 15:00:54"
"2024-09-04";"";"77 186";"8 838";"27 561 206";"2024-09-04 11:44:20"
"2024-09-02";"";"436 748";"13 202";"27 562 317";"2024-09-03 01:10:59"
"2024-09-03";"";"70 551";"31 600";"27 563 310";"2024-09-03 10:31:01"
"2024-09-03";"";"92 150";"11 953";"27 563 347";"2024-09-03 18:03:21"
"2024-09-01";"";"216 409";"19 447";"27 561 660";"2024-09-01 11:56:18"
"2024-09-06";"";"27 382";"13 520";"27 561 396";"2024-09-06 09:42:49"
"2024-09-05";"PUBG";"1 918 465";"97 662";"27 563 174";"2024-09-05 10:07:01"
"2024-09-03";"";"900 974";"22 168";"27 562 772";"2024-09-03 09:42:51"
"2024-09-04";"";"597 622";"35 454";"27 561 907";"2024-09-04 07:16:30"
"2024-09-03";"YouTube";"20 693 826";"1 619 132";"27 563 234";"2024-09-03 17:38:49"
"2024-09-08";"";"145 489";"14 434";"27 563 424";"2024-09-08 14:23:39"
"2024-09-09";"";"3 419 947";"232 795";"27 563 469";"2024-09-09 17:02:47"
"2024-09-05";"";"676 568";"245 643";"27 561 347";"2024-09-05 14:11:42"
"2024-09-01";"Yandex";"358 652";"28 699";"27 562 838";"2024-09-01 18:51:33"
"2024-09-10";"";"90 665";"21 524";"27 562 810";"2024-09-10 16:49:41"
"2024-09-05";"";"273 008 390";"163 434 825";"27 562 741";"2024-09-06 02:35:32"
"2024-09-06";"";"321 944";"147 383";"27 562 314";"2024-09-06 10:07:13"
"2024-09-01";"YouTube";"48 638";"12 671";"27 561 544";"2024-09-01 16:49:13"
"2024-09-04";"";"212 752";"15 465";"27 562 467";"2024-09-04 04:37:02"
"2024-09-08";"";"44 853";"1 924";"27 561 900";"2024-09-08 04:37:47"
"2024-09-09";"Facebook";"48 685";"9 740";"27 562 552";"2024-09-09 12:45:44"
"2024-09-10";"";"128 350";"93 124";"27 562 663";"2024-09-10 05:14:54"
"2024-09-08";"";"714 678";"590 808";"27 562 085";"2024-09-08 09:06:34"
"2024-09-07";"";"26 666";"11 400";"27 562 659";"2024-09-07 05:26:20"
"2024-09-02";"Telegram";"45 838 682";"2 443 913";"27 563 174";"2024-09-02 22:55:05"
"2024-09-06";"";"8 034";"31 482";"27 563 225";"2024-09-06 15:36:35"
"2024-09-07";"";"73 879";"164 777";"27 561 717";"2024-09-07 03:36:46"
"2024-09-05";"Facebook";"29 822";"15 409";"27 561 992";"2024-09-05 18:51:32"
"2024-09-03";"";"120 819";"52 752";"27 562 398";"2024-09-03 06:51:55"
"2024-09-03";"";"1 016 610";"202 504";"27 562 670";"2024-09-03 13:34:11"
"2024-09-07";"";"293 860";"56 288";"27 561 902";"2024-09-07 15:48:21"
"2024-09-05";"";"66 630";"12 307";"27 563 245";"2024-09-05 04:37:09"
"2024-09-01";"";"83 784";"9 910";"27 563 174";"2024-09-02 01:34:36"
"2024-09-08";"";"123 020";"7 234";"27 562 192";"2024-09-08 09:54:42"
"2024-09-01";"";"262 649";"9 457";"27 561 785";"2024-09-01 21:06:21"
"2024-09-09";"";"354 581";"34 609";"27 562 674";"2024-09-09 09:30:51"
"2024-09-08";"";"37 371";"16 370";"27 562 803";"2024-09-08 08:41:57"
"2024-09-06";"";"52 778";"8 881";"27 563 252";"2024-09-06 06:39:16"
"2024-09-07";"Instagram";"3 057 525";"4 391 878";"27 563 168";"2024-09-07 22:43:34"
"2024-09-03";"";"120 551";"15 550";"27 561 557";"2024-09-04 00:21:41"
"2024-09-06";"";"335 259";"39 997";"27 562 658";"2024-09-06 19:16:32"
"2024-09-02";"Instagram";"2 594 305";"391 703";"27 562 040";"2024-09-02 03:48:40"
"2024-09-02";"";"223 435";"164 355";"27 561 562";"2024-09-03 01:10:37"
"2024-09-07";"";"52 554";"45 840";"27 562 762";"2024-09-07 21:54:23"
"2024-09-08";"";"439 025";"105 732";"27 563 439";"2024-09-08 08:17:47"
"2024-09-06";"";"39 730";"10 792";"27 561 373";"2024-09-06 05:02:25"
"2024-09-07";"";"63 126";"9 594";"27 562 110";"2024-09-07 03:00:07"
"2024-09-05";"";"605 753";"480 761";"27 561 842";"2024-09-05 13:34:05"
"2024-09-08";"";"57 361";"8 221";"27 562 236";"2024-09-08 17:02:55"
"2024-09-09";"";"37 161";"33 956";"27 562 436";"2024-09-09 08:17:51"
"2024-09-07";"";"80 086";"3 594";"27 561 503";"2024-09-07 19:40:56"
"2024-09-02";"Telegram";"9 048 336";"564 528";"27 563 099";"2024-09-02 03:24:08"
"2024-09-06";"";"47 219";"3 014";"27 562 468";"2024-09-06 04:13:22"
"2024-09-01";"YouTube";"13 054 754";"1 063 811";"27 563 143";"2024-09-01 16:25:05"
"2024-09-10";"Instagram";"319 255";"15 835";"27 563 306";"2024-09-10 05:50:50"
"2024-09-01";"";"89 051";"3 321";"27 562 149";"2024-09-01 23:32:23"
"2024-09-09";"Instagram";"4 875 306";"4 987 784";"27 562 699";"2024-09-09 05:50:50"
"2024-09-10";"";"30 539";"16 791";"27 562 087";"2024-09-10 05:50:53"
"2024-09-05";"Odnoklassniki";"42 997";"13 858";"27 562 965";"2024-09-06 02:35:28"
"2024-09-06";"YouTube";"4 035 906";"3 787 822";"27 562 879";"2024-09-06 19:28:57"
"2024-09-01";"";"48 633";"16 973";"27 561 414";"2024-09-01 17:26:56"
"2024-09-10";"YouTube";"3 136 549";"167 481";"27 562 193";"2024-09-11 01:10:40"
"2024-09-08";"YouTube";"32 865";"187 636";"27 561 836";"2024-09-08 16:01:45"
"2024-09-04";"Likee";"27 902 681";"1 913 323";"27 561 819";"2024-09-04 15:24:20"
"2024-09-07";"";"26 775";"9 585";"27 562 778";"2024-09-07 03:00:03"
"2024-09-09";"";"77 092";"109 594";"27 562 340";"2024-09-09 17:26:06"
"2024-09-06";"Yandex";"158 716";"18 020";"27 562 099";"2024-09-06 03:36:27"
"2024-09-07";"YouTube";"8 463 085";"497 214";"27 562 058";"2024-09-07 22:19:22"
"2024-09-05";"";"347 531";"13 859";"27 563 205";"2024-09-06 01:10:13"
"2024-09-07";"";"276 618";"591 390";"27 561 306";"2024-09-07 03:48:40"
"2024-09-02";"Facebook";"28 086";"7 406";"27 561 952";"2024-09-02 23:32:54"
"2024-09-01";"Facebook";"75 782";"7 139";"27 562 170";"2024-09-01 04:01:49"
"2024-09-09";"";"162 120";"13 509";"27 562 607";"2024-09-10 00:09:16"
"2024-09-05";"Telegram";"6 403 839";"401 157";"27 561 213";"2024-09-05 15:36:09"
"2024-09-03";"";"60 992";"25 643";"27 562 388";"2024-09-03 22:55:26"
"2024-09-03";"";"40 995";"4 125";"27 561 974";"2024-09-03 03:00:31"
"2024-09-09";"";"105 303";"17 070";"27 561 269";"2024-09-10 00:33:23"
"2024-09-07";"Facebook";"30 875";"2 104";"27 562 099";"2024-09-07 06:39:29"
"2024-09-05";"";"244 876";"10 534";"27 562 993";"2024-09-05 05:50:34"
"2024-09-03";"YouTube";"1 680 010";"96 171";"27 561 715";"2024-09-03 16:01:01"
"2024-09-07";"";"7 460";"25 949";"27 561 596";"2024-09-07 04:49:34"
"2024-09-03";"";"6 520 246";"278 530";"27 562 906";"2024-09-03 11:56:07"
"2024-09-04";"";"247 107";"14 380";"27 561 428";"2024-09-04 10:07:34"
"2024-09-09";"";"107 218";"53 322";"27 562 799";"2024-09-09 07:40:45"
"2024-09-04";"YouTube";"1 236 689";"109 472";"27 561 958";"2024-09-04 04:01:21"
"2024-09-04";"";"571 677";"27 965";"27 562 415";"2024-09-04 05:02:56"
"2024-09-06";"";"400 537";"16 230";"27 563 065";"2024-09-06 10:07:27"
"2024-09-04";"";"5 790 078";"300 132";"27 561 251";"2024-09-04 21:30:02"
"2024-09-06";"Instagram";"157 470";"31 992";"27 561 251";"2024-09-06 09:42:34"
"2024-09-10";"Instagram";"3 738 591";"187 983";"27 563 390";"2024-09-10 09:54:25"
"2024-09-10";"";"119 999";"11 827";"27 561 247";"2024-09-10 21:06:58"
"2024-09-09";"";"256 275";"29 681";"27 562 993";"2024-09-09 23:56:39"
"2024-09-08";"";"746 562";"129 277";"27 562 173";"2024-09-08 10:19:58"
"2024-09-05";"Yandex";"120 417";"18 462";"27 563 110";"2024-09-05 18:39:08"
"2024-09-04";"";"1 172 071";"24 509";"27 562 069";"2024-09-04 15:00:25"
"2024-09-07";"";"1 803 881";"95 895";"27 563 326";"2024-09-07 11:56:37"
"2024-09-09";"YouTube";"4 394 516";"217 511";"27 562 477";"2024-09-09 22:07:40"
"2024-09-03";"";"86 658";"185 708";"27 562 254";"2024-09-03 17:26:23"
"2024-09-02";"";"101 029";"19 333";"27 563 452";"2024-09-02 05:02:03"
"2024-09-08";"";"3 274";"162 877";"27 561 792";"2024-09-09 02:11:41"
"2024-09-05";"TikTok";"334 225";"184 868";"27 561 330";"2024-09-06 00:33:30"
"2024-09-02";"VKontakte";"156 646";"14 290";"27 562 436";"2024-09-02 11:56:29"
"2024-09-07";"";"111 920";"12 354";"27 561 225";"2024-09-07 05:14:42"
"2024-09-01";"";"130 566";"7 471";"27 562 239";"2024-09-01 16:37:00"
"2024-09-07";"";"171 621";"8 804";"27 561 234";"2024-09-07 20:05:04"
"2024-09-04";"YouTube";"27 611";"4 306";"27 562 328";"2024-09-05 00:57:19"
"2024-09-08";"Likee";"124 525";"163 360";"27 562 192";"2024-09-08 08:05:58"
"2024-09-07";"";"124 843";"52 822";"27 562 864";"2024-09-07 20:05:36"
"2024-09-03";"Facebook";"353 650";"29 107";"27 561 887";"2024-09-03 08:17:47"
"2024-09-08";"";"516 236";"819 085";"27 563 328";"2024-09-08 12:21:33"
"2024-09-05";"Facebook";"156 860";"16 011";"27 561 592";"2024-09-06 02:11:48"
"2024-09-01";"";"36 583";"3 306";"27 563 281";"2024-09-01 04:49:38"
"2024-09-06";"PUBG";"103 783";"6 476";"27 562 982";"2024-09-06 06:39:22"
"2024-09-03";"";"14 483";"26 611";"27 563 100";"2024-09-03 09:54:50"
"2024-09-04";"";"25 870";"4 606";"27 561 903";"2024-09-04 23:56:04"
"2024-09-08";"Facebook";"129 981";"38 947";"27 561 888";"2024-09-08 19:28:09"
"2024-09-06";"";"275 532";"52 248";"27 563 140";"2024-09-06 15:00:37"
"2024-09-01";"";"39 751";"26 840";"27 561 236";"2024-09-01 18:51:05"
"2024-09-03";"";"44 002";"7 834";"27 563 507";"2024-09-03 23:56:38"
"2024-09-09";"";"23 223";"25 834";"27 561 294";"2024-09-09 04:37:10"
"2024-09-01";"";"76 740";"13 001";"27 563 075";"2024-09-01 08:41:57"
"2024-09-06";"";"5 670";"264 756";"27 562 965";"2024-09-06 21:06:04"
"2024-09-03";"";"9 317 905";"477 772";"27 562 328";"2024-09-03 08:17:36"
"2024-09-10";"Instagram";"215 643 831";"6 206 099";"27 563 177";"2024-09-10 05:50:59"
"2024-09-09";"";"240 070";"125 265";"27 561 247";"2024-09-09 10:55:53"
"2024-09-02";"Facebook";"313 934";"19 724";"27 562 563";"2024-09-02 13:58:36"
"2024-09-03";"";"322 219";"92 952";"27 561 265";"2024-09-03 22:31:11"
"2024-09-03";"";"26 352";"10 551";"27 563 165";"2024-09-03 18:03:09"
"2024-09-06";"";"196 009";"47 683";"27 561 396";"2024-09-06 23:32:36"
"2024-09-05";"WhatsApp";"24 384";"29 935";"27 562 599";"2024-09-05 10:19:03"
"2024-09-08";"";"553 169";"15 567 768";"27 561 343";"2024-09-08 20:17:49"
"2024-09-03";"";"26 876";"23 785";"27 562 988";"2024-09-04 00:21:26"
"2024-09-06";"";"1 574 759";"896 154";"27 561 758";"2024-09-06 20:53:49"
"2024-09-04";"";"80 710";"9 270";"27 562 263";"2024-09-04 07:40:59"
"2024-09-06";"";"82 848";"13 180";"27 562 520";"2024-09-06 07:28:00"
"2024-09-09";"";"83 237 607";"3 132 101";"27 562 069";"2024-09-09 23:08:57"
"2024-09-05";"VKontakte";"16 404 928";"373 089";"27 561 301";"2024-09-05 04:37:20"
"2024-09-10";"";"58 195";"5 342";"27 563 238";"2024-09-10 12:57:35"
"2024-09-05";"";"95 702";"5 826";"27 562 239";"2024-09-05 11:08:55"
"2024-09-04";"YouTube";"100 895";"683 808";"27 562 858";"2024-09-05 02:23:47"
"2024-09-09";"VKontakte";"26 244 364";"1 494 037";"27 561 269";"2024-09-09 20:41:04"
"2024-09-02";"";"107 351";"6 063";"27 561 772";"2024-09-02 17:14:54"
"2024-09-05";"Facebook";"417 709";"39 189";"27 561 295";"2024-09-05 13:58:08"
"2024-09-03";"Yandex";"267 627";"15 062";"27 562 495";"2024-09-03 20:29:06"
"2024-09-04";"";"22 581";"98 784";"27 562 701";"2024-09-05 00:45:13"
"2024-09-05";"";"62 182";"16 798";"27 561 684";"2024-09-05 23:20:09"
"2024-09-03";"YouTube";"248 364";"1 247 756";"27 561 876";"2024-09-03 11:20:21"
"2024-09-03";"";"186 222";"19 815";"27 562 536";"2024-09-04 00:57:20"
"2024-09-04";"";"2 600";"120 573";"27 561 697";"2024-09-04 08:53:31"
"2024-09-06";"Yandex";"48 551 398";"7 398 672";"27 563 357";"2024-09-07 01:10:00"
"2024-09-07";"Tas-ix";"398 358";"23 869";"27 562 281";"2024-09-07 22:07:22"
"2024-09-06";"";"28 803";"16 373";"27 562 156";"2024-09-06 11:56:31"
"2024-09-07";"";"23 985";"124 614";"27 563 114";"2024-09-07 18:39:45"
"2024-09-04";"";"1 666 439";"26 271";"27 562 041";"2024-09-04 17:50:07"
"2024-09-02";"";"28 056";"63 606";"27 562 906";"2024-09-02 09:42:16"
"2024-09-02";"";"226 068";"8 474";"27 561 649";"2024-09-02 17:02:05"
"2024-09-08";"";"201 440";"63 455";"27 561 220";"2024-09-08 10:55:08"
"2024-09-04";"";"2 222 609";"142 937";"27 562 300";"2024-09-04 13:46:15"
"2024-09-04";"YouTube";"1 015 793";"7 911 179";"27 561 687";"2024-09-04 07:52:49"
"2024-09-10";"";"125 032";"35 427";"27 563 472";"2024-09-10 22:19:44"
"2024-09-10";"";"350 579";"37 516";"27 561 951";"2024-09-10 18:15:40"
"2024-09-05";"";"1 400 058";"30 414";"27 563 243";"2024-09-05 03:12:24"
"2024-09-06";"YouTube";"229 106";"632 788";"27 563 418";"2024-09-06 09:54:38"
"2024-09-07";"";"479 354";"25 053";"27 562 216";"2024-09-08 02:47:04"
"2024-09-07";"YouTube";"19 746 481";"871 943";"27 562 304";"2024-09-07 03:24:24"
"2024-09-07";"";"1 857 254";"127 462";"27 561 641";"2024-09-07 15:36:47"
"2024-09-10";"YouTube";"27 825 031";"1 457 721";"27 561 956";"2024-09-10 19:52:27"
"2024-09-07";"Unknown";"55 239";"25 949";"27 562 098";"2024-09-07 23:08:31"
"2024-09-05";"";"40 934";"8 289";"27 561 674";"2024-09-06 02:23:12"
"2024-09-08";"Instagram";"11 756 728";"2 863 548";"27 563 453";"2024-09-08 07:16:42"
"2024-09-07";"WhatsApp";"35 654";"11 925";"27 561 276";"2024-09-07 14:59:55"
"2024-09-05";"Tas-ix";"119 442";"25 403";"27 563 386";"2024-09-05 08:05:08"
"2024-09-06";"";"21 793";"28 839";"27 562 884";"2024-09-06 19:52:26"
"2024-09-06";"";"15 026";"714 303";"27 561 994";"2024-09-06 20:29:33"
"2024-09-10";"";"982 569";"524 142";"27 561 180";"2024-09-10 18:51:07"
"2024-09-04";"";"33 922";"24 288";"27 561 882";"2024-09-04 13:10:42"
"2024-09-10";"";"254 948";"11 267";"27 561 232";"2024-09-10 10:55:22"
"2024-09-01";"Instagram";"277 301";"18 263";"27 562 270";"2024-09-01 07:04:15"
"2024-09-06";"Apple Music";"73 212";"7 408";"27 562 711";"2024-09-06 07:40:26"
"2024-09-07";"";"757 161";"134 754";"27 562 302";"2024-09-07 06:15:39"
"2024-09-08";"WeChat";"385 181";"20 470";"27 562 211";"2024-09-08 06:51:36"
"2024-09-06";"YouTube";"5 853";"66 501";"27 562 676";"2024-09-06 21:54:03"
"2024-09-04";"";"205 852";"13 005";"27 561 284";"2024-09-04 04:37:28"
"2024-09-02";"";"8 878";"69 594";"27 563 006";"2024-09-02 19:52:04"
"2024-09-03";"";"35 253";"2 922";"27 561 914";"2024-09-03 18:15:21"
"2024-09-01";"";"38 618";"18 299";"27 561 809";"2024-09-01 16:37:29"
"2024-09-07";"";"118 399";"7 678";"27 562 240";"2024-09-07 08:17:00"
"2024-09-09";"";"179 037";"27 746";"27 561 629";"2024-09-10 02:23:27"
"2024-09-02";"";"153 170";"6 543";"27 561 659";"2024-09-02 20:53:37"
"2024-09-06";"";"117 101";"8 169";"27 563 084";"2024-09-06 17:50:52"
"2024-09-07";"";"4 624 611";"1 454 812";"27 563 021";"2024-09-07 10:43:14"
"2024-09-08";"";"810";"35 913";"27 561 354";"2024-09-08 06:03:07"
"2024-09-04";"";"254 678";"1 008 315";"27 563 415";"2024-09-04 20:53:29"
"2024-09-07";"WhatsApp";"26 782";"12 854";"27 563 169";"2024-09-07 15:36:36"
"2024-09-06";"";"148 704";"19 324";"27 561 638";"2024-09-06 07:28:00"
"2024-09-02";"";"79 926";"27 398";"27 562 729";"2024-09-02 23:44:53"
"2024-09-06";"";"195 482";"12 177";"27 562 355";"2024-09-06 14:59:36"
"2024-09-05";"Facebook";"61 704";"20 298";"27 561 344";"2024-09-05 21:42:40"
"2024-09-10";"";"191 874";"473 974";"27 562 656";"2024-09-10 19:28:58"
"2024-09-08";"";"685 936";"777 589";"27 561 732";"2024-09-08 08:05:55"
"2024-09-05";"";"658 865";"39 852";"27 562 784";"2024-09-05 08:17:27"
"2024-09-10";"Instagram";"24 106 809";"817 558";"27 561 441";"2024-09-10 10:07:03"
"2024-09-06";"";"1 979 919";"85 160";"27 562 293";"2024-09-07 02:59:10"
"2024-09-01";"";"100 764";"11 873";"27 563 060";"2024-09-01 08:17:46"
"2024-09-08";"Instagram";"193 600";"13 678";"27 562 362";"2024-09-08 17:38:32"
"2024-09-08";"";"23 547";"36 490";"27 561 758";"2024-09-08 16:37:00"
"2024-09-10";"";"157 216";"313 225";"27 561 172";"2024-09-10 20:41:24"
"2024-09-09";"";"457 252";"33 360";"27 562 293";"2024-09-09 07:52:46"
"2024-09-02";"";"215 539";"15 694";"27 563 177";"2024-09-02 20:53:32"
"2024-09-09";"";"304 500";"52 362";"27 562 548";"2024-09-09 09:42:28"
"2024-09-05";"";"2 123 444";"96 656";"27 562 117";"2024-09-05 07:40:01"
"2024-09-04";"";"83 328";"99 028";"27 561 300";"2024-09-04 07:16:23"
"2024-09-05";"";"7 514 712";"311 248";"27 562 595";"2024-09-05 19:40:19"
"2024-09-09";"";"1 306 305";"419 610";"27 562 725";"2024-09-09 06:15:39"
"2024-09-08";"";"119 729";"25 581";"27 563 073";"2024-09-08 17:50:13"
"2024-09-03";"";"3 523 191";"80 175";"27 561 974";"2024-09-03 09:06:33"
"2024-09-09";"";"452 295";"101 097";"27 562 654";"2024-09-09 03:12:13"
"2024-09-06";"";"76 110";"194 032";"27 562 825";"2024-09-07 01:22:01"
"2024-09-10";"";"39 203";"24 402";"27 562 967";"2024-09-10 08:05:36"
"2024-09-10";"Instagram";"1 251 603";"212 533";"27 562 088";"2024-09-10 19:16:01"
"2024-09-03";"";"147 247";"18 536";"27 562 141";"2024-09-03 18:03:37"
"2024-09-03";"";"314 408";"34 177";"27 563 168";"2024-09-03 12:45:05"
"2024-09-03";"Facebook";"1 088 492";"86 964";"27 562 560";"2024-09-03 11:56:54"
"2024-09-09";"Yandex";"107 869";"10 831";"27 562 906";"2024-09-09 23:20:47"
"2024-09-07";"YouTube";"2 265 224";"243 952";"27 562 148";"2024-09-07 03:36:11"
"2024-09-10";"YouTube";"370 430";"26 007";"27 562 594";"2024-09-10 08:17:04"
"2024-09-10";"";"31 573";"3 174";"27 562 634";"2024-09-10 22:07:47"
"2024-09-07";"Instagram";"9 319 008";"1 227 601";"27 561 428";"2024-09-07 04:49:46"
"2024-09-08";"";"290 105";"32 155";"27 561 252";"2024-09-08 15:00:42"
"2024-09-07";"Telegram";"9 553 778";"623 602";"27 563 436";"2024-09-07 15:00:13"
"2024-09-09";"";"393 997";"730 504";"27 562 708";"2024-09-09 08:41:25"
"2024-09-01";"";"70 215";"18 463";"27 561 866";"2024-09-02 01:58:46"
"2024-09-05";"";"27 408";"9 817";"27 561 339";"2024-09-05 04:25:12"
"2024-09-04";"Instagram";"370 553";"82 086";"27 561 874";"2024-09-05 02:59:26"
"2024-09-04";"Telegram";"24 034 078";"7 490 003";"27 562 604";"2024-09-04 12:21:00"
"2024-09-02";"Yandex";"996 834";"267 515";"27 563 219";"2024-09-02 08:29:43"
"2024-09-02";"YouTube";"4 296 185";"5 075 961";"27 562 372";"2024-09-02 05:26:01"
"2024-09-05";"";"6 682 944";"215 920";"27 561 981";"2024-09-05 19:04:48"
"2024-09-07";"";"371 322";"55 933";"27 562 397";"2024-09-07 10:55:12"
"2024-09-01";"";"4 084 666";"221 074";"27 561 380";"2024-09-01 23:20:37"
"2024-09-04";"";"803 168";"92 381";"27 561 289";"2024-09-04 16:49:15"
"2024-09-09";"";"43 416";"4 172";"27 562 812";"2024-09-09 23:08:55"
"2024-09-09";"";"767 912";"68 869";"27 563 334";"2024-09-10 00:21:27"
"2024-09-05";"Unknown";"102 456";"41 048";"27 562 992";"2024-09-05 11:44:55"
"2024-09-03";"Facebook";"144 471";"49 411";"27 562 590";"2024-09-03 13:22:18"
"2024-09-03";"Apple Music";"34 732";"5 158";"27 562 964";"2024-09-03 05:50:38"
"2024-09-10";"";"168 174";"294 891";"27 562 693";"2024-09-10 12:45:10"
"2024-09-09";"";"76 282";"8 108";"27 563 467";"2024-09-09 09:30:03"
"2024-09-06";"";"349 244";"243 768";"27 562 255";"2024-09-06 23:32:50"
"2024-09-05";"";"26 434";"7 090";"27 562 484";"2024-09-05 23:44:35"
"2024-09-04";"YouTube";"518 349";"2 230 599";"27 562 260";"2024-09-04 15:48:09"
"2024-09-06";"Telegram";"94 175 035";"5 234 673";"27 562 542";"2024-09-06 07:28:17"
"2024-09-04";"YouTube";"136 629 193";"7 990 820";"27 562 732";"2024-09-05 00:33:20"
"2024-09-06";"";"1 267 560";"677 696";"27 562 328";"2024-09-06 11:56:12"
"2024-09-04";"Facebook";"518 327";"46 726";"27 561 690";"2024-09-05 00:33:10"
"2024-09-03";"";"125 678";"60 548";"27 562 261";"2024-09-03 13:46:02"
"2024-09-01";"";"109 503";"5 365";"27 561 921";"2024-09-01 07:28:08"
"2024-09-06";"";"2 266 783";"70 718";"27 562 951";"2024-09-07 00:21:35"
"2024-09-08";"";"2 382 082";"103 025";"27 561 540";"2024-09-08 06:27:11"
"2024-09-04";"Odnoklassniki";"30 987";"4 319";"27 562 222";"2024-09-04 05:26:53"
"2024-09-06";"";"13 627";"47 537";"27 562 885";"2024-09-06 15:24:11"
"2024-09-09";"Facebook";"19 681 773";"239 942";"27 562 670";"2024-09-09 14:35:17"
"2024-09-05";"";"77 589";"208 064";"27 561 674";"2024-09-05 08:53:36"
"2024-09-05";"";"129 351";"6 726";"27 562 445";"2024-09-06 00:57:40"
"2024-09-10";"";"81 367";"45 736";"27 561 369";"2024-09-11 02:23:11"
"2024-09-04";"";"116 365";"11 222";"27 561 289";"2024-09-04 06:27:15"
"2024-09-01";"Yandex";"560 241";"37 260";"27 561 794";"2024-09-02 00:21:35"
"2024-09-04";"";"4 088 158";"112 259";"27 563 225";"2024-09-04 12:57:04"
"2024-09-03";"";"2 185 290";"611 238";"27 562 967";"2024-09-03 03:48:05"
"2024-09-05";"Apple Music";"582 864";"9 179";"27 561 172";"2024-09-05 14:23:40"
"2024-09-01";"";"17 739";"34 070";"27 561 502";"2024-09-01 20:29:38"
"2024-09-09";"Instagram";"225 095";"285 008";"27 562 069";"2024-09-09 10:43:01"
"2024-09-10";"YouTube";"820 677";"112 505";"27 561 458";"2024-09-10 17:02:31"
"2024-09-04";"Facebook";"61 120";"5 270";"27 562 894";"2024-09-04 09:30:03"
"2024-09-09";"";"201 299";"40 696";"27 561 805";"2024-09-09 06:15:19"
"2024-09-09";"Yandex";"1 315 679";"2 468 194";"27 563 289";"2024-09-09 12:33:38"
"2024-09-06";"";"163 953";"10 947";"27 562 252";"2024-09-06 15:00:09"
"2024-09-07";"";"51 958";"1 800";"27 562 613";"2024-09-08 01:58:57"
"2024-09-04";"";"5 653 280";"161 391";"27 562 057";"2024-09-05 02:11:06"
"2024-09-06";"";"42 593";"4 675";"27 562 801";"2024-09-06 15:48:52"
"2024-09-04";"";"27 165";"5 224";"27 561 314";"2024-09-04 16:49:23"
"2024-09-04";"";"1 473 200";"574 268";"27 562 143";"2024-09-04 07:28:14"
"2024-09-06";"";"194 210";"256 686";"27 562 033";"2024-09-06 11:56:08"
"2024-09-02";"";"39 279";"3 513";"27 561 815";"2024-09-02 03:12:07"
"2024-09-05";"";"173 807";"384 027";"27 563 231";"2024-09-05 05:14:58"
"2024-09-06";"WhatsApp";"51 373";"4 194";"27 562 998";"2024-09-06 10:07:15"
"2024-09-08";"";"370 358";"98 107";"27 563 342";"2024-09-08 12:45:04"
"2024-09-04";"";"56 938";"3 308";"27 563 427";"2024-09-04 09:06:02"
"2024-09-08";"YouTube";"703 092";"120 147";"27 562 317";"2024-09-08 18:39:12"
"2024-09-05";"Facebook";"33 286";"2 071";"27 561 638";"2024-09-05 08:17:53"
"2024-09-01";"";"480 923";"90 773";"27 561 457";"2024-09-01 19:16:16"
"2024-09-01";"";"150 602";"10 806";"27 562 642";"2024-09-01 11:08:54"
"2024-09-09";"WhatsApp";"109 430";"149 503";"27 561 971";"2024-09-10 00:33:09"
"2024-09-08";"YouTube";"5 997 066";"391 570";"27 561 402";"2024-09-08 07:16:46"
"2024-09-01";"";"2 378 375";"247 920";"27 562 149";"2024-09-02 02:35:42"
"2024-09-02";"YouTube";"3 236 251";"1 129 927";"27 562 089";"2024-09-02 05:38:41"
"2024-09-01";"";"129 513";"28 987";"27 561 686";"2024-09-01 07:40:25"
"2024-09-04";"";"30 740";"2 676";"27 561 682";"2024-09-04 11:56:34"
"2024-09-08";"";"21 848";"983 610";"27 562 674";"2024-09-08 05:38:34"
"2024-09-02";"Yandex";"1 535 576";"202 626";"27 561 176";"2024-09-02 05:02:42"
"2024-09-07";"";"79 173";"6 359";"27 562 002";"2024-09-07 23:32:15"
"2024-09-03";"";"188 625";"12 920";"27 563 463";"2024-09-03 20:05:35"
"2024-09-07";"TikTok";"254 081";"1 816 141";"27 563 127";"2024-09-07 09:42:02"
"2024-09-03";"";"59 491";"6 708";"27 563 424";"2024-09-03 10:19:01"
"2024-09-05";"";"44 736";"5 969";"27 563 331";"2024-09-05 20:05:27"
"2024-09-05";"";"4 830 086";"187 650";"27 562 423";"2024-09-05 11:56:17"
"2024-09-05";"Instagram";"816 103";"66 319";"27 562 222";"2024-09-05 17:02:04"
"2024-09-07";"";"767 297";"100 313";"27 563 336";"2024-09-07 13:10:36"
"2024-09-07";"YouTube";"70 089 797";"2 891 348";"27 563 217";"2024-09-07 04:25:31"
"2024-09-07";"Yandex";"26 996";"16 298";"27 562 059";"2024-09-08 01:34:12"
"2024-09-08";"Facebook";"8 495 791";"126 019";"27 561 586";"2024-09-08 05:50:58"
"2024-09-07";"";"409 643";"109 230";"27 563 011";"2024-09-07 20:53:28"
"2024-09-01";"";"156 628";"91 226";"27 562 124";"2024-09-01 09:54:18"
"2024-09-06";"";"59 417";"8 330";"27 561 895";"2024-09-06 22:07:17"
"2024-09-10";"";"4 353 152";"214 240";"27 563 030";"2024-09-10 03:12:13"
"2024-09-04";"Instagram";"3 030 337";"1 018 273";"27 561 607";"2024-09-04 05:50:46"
"2024-09-09";"WhatsApp";"26 236";"1 534";"27 562 350";"2024-09-09 05:50:37"
"2024-09-05";"Instagram";"3 010 007";"438 616";"27 562 518";"2024-09-05 18:03:46"
"2024-09-01";"";"122 026";"213 338";"27 561 671";"2024-09-01 15:24:53"
"2024-09-02";"";"1 499 265";"79 777";"27 563 144";"2024-09-02 13:22:10"
"2024-09-10";"YouTube";"139 065";"18 002";"27 562 604";"2024-09-10 14:47:10"
"2024-09-09";"Facebook";"425 869";"33 573";"27 562 675";"2024-09-09 13:22:34"
"2024-09-04";"Instagram";"49 009 391";"1 258 658";"27 562 608";"2024-09-04 04:49:00"
"2024-09-03";"Instagram";"155 245";"39 008";"27 562 775";"2024-09-04 00:33:22"
"2024-09-09";"";"145 618";"596 895";"27 561 273";"2024-09-09 04:13:45"
"2024-09-05";"";"265 295";"37 890";"27 562 721";"2024-09-05 20:05:31"
"2024-09-03";"";"108 637";"26 604";"27 562 291";"2024-09-03 04:01:32"
"2024-09-06";"";"119 196";"5 289";"27 561 633";"2024-09-07 00:45:44"
"2024-09-05";"";"33 852 539";"5 704 729";"27 563 145";"2024-09-05 15:48:52"
"2024-09-09";"Facebook";"28 676";"4 933";"27 562 756";"2024-09-09 12:09:36"
"2024-09-07";"";"151 345";"28 122";"27 562 847";"2024-09-07 22:07:54"
"2024-09-02";"Yandex";"3 261 633";"163 924";"27 562 041";"2024-09-02 16:37:55"
"2024-09-01";"";"62 032";"5 551";"27 562 588";"2024-09-02 02:23:15"
"2024-09-01";"";"28 886";"2 488";"27 563 268";"2024-09-01 09:54:13"
"2024-09-04";"";"1 032 155";"535 084";"27 562 838";"2024-09-04 18:39:12"
"2024-09-09";"";"68 946";"2 798";"27 562 725";"2024-09-09 11:44:57"
"2024-09-02";"VKontakte";"45 428 084";"2 319 269";"27 561 725";"2024-09-02 04:13:53"
"2024-09-04";"YouTube";"79 492";"25 885";"27 561 401";"2024-09-04 20:17:33"
"2024-09-05";"YouTube";"5 681 732";"290 507";"27 563 243";"2024-09-05 10:19:22"
"2024-09-06";"";"106 123";"65 791";"27 561 840";"2024-09-06 05:14:39"
"2024-09-06";"";"54 873";"5 126";"27 562 172";"2024-09-07 02:59:59"
"2024-09-09";"";"900 652";"69 082";"27 561 984";"2024-09-09 17:14:37"
"2024-09-08";"";"18 732";"26 606";"27 561 231";"2024-09-08 05:38:33"
"2024-09-01";"YouTube";"32 535";"20 889";"27 562 872";"2024-09-01 03:24:54"
"2024-09-01";"";"55 365";"36 401";"27 563 369";"2024-09-01 17:26:17"
"2024-09-08";"";"70 717";"13 398";"27 562 143";"2024-09-08 22:55:01"
"2024-09-05";"Yandex";"114 730";"33 526";"27 561 712";"2024-09-05 11:56:42"
"2024-09-06";"";"343 712";"16 632";"27 562 250";"2024-09-06 11:44:03"
"2024-09-08";"";"45 438";"69 512";"27 562 879";"2024-09-08 17:50:09"
"2024-09-08";"";"89 138";"50 228";"27 562 401";"2024-09-09 01:46:13"
"2024-09-06";"";"159 963";"67 499";"27 562 900";"2024-09-06 17:02:54"
"2024-09-01";"";"376 636";"135 626";"27 562 124";"2024-09-01 09:42:22"
"2024-09-03";"";"688 024";"447 840";"27 561 687";"2024-09-03 19:04:18"
"2024-09-08";"";"597 269";"113 318";"27 563 072";"2024-09-08 22:07:25"
"2024-09-07";"";"840 433";"116 905";"27 561 742";"2024-09-07 05:38:33"
"2024-09-05";"";"40 384";"3 270";"27 562 193";"2024-09-06 01:34:16"
"2024-09-02";"";"31 842";"9 018";"27 563 113";"2024-09-02 15:00:48"
"2024-09-04";"";"314 686";"11 258";"27 563 225";"2024-09-04 03:24:19"
"2024-09-05";"YouTube";"213 748";"91 639";"27 561 883";"2024-09-05 14:47:53"
"2024-09-04";"";"422 491";"28 109";"27 563 088";"2024-09-04 03:00:06"
"2024-09-06";"Unknown";"10 628";"45 705";"27 561 173";"2024-09-06 08:53:23"
"2024-09-10";"";"93 133 727";"4 426 141";"27 563 266";"2024-09-10 15:48:58"
"2024-09-07";"";"627 356";"17 681";"27 561 367";"2024-09-07 16:37:30"
"2024-09-09";"";"513 969";"39 376";"27 561 315";"2024-09-09 04:25:13"
"2024-09-08";"";"385 504";"346 796";"27 561 403";"2024-09-08 15:00:03"
"2024-09-02";"";"44 612";"2 524";"27 562 237";"2024-09-02 03:36:51"
"2024-09-04";"";"31 868";"2 505";"27 562 107";"2024-09-04 08:53:43"
"2024-09-09";"";"1 215 667";"58 002";"27 562 778";"2024-09-09 16:49:16"
"2024-09-02";"";"56 239";"6 388";"27 561 436";"2024-09-02 14:47:26"
"2024-09-07";"Instagram";"457 766";"51 416";"27 562 451";"2024-09-08 01:22:51"
"2024-09-07";"";"47 418";"52 252";"27 563 066";"2024-09-08 01:10:36"
"2024-09-02";"";"635 124";"43 666";"27 562 859";"2024-09-03 01:10:07"
"2024-09-06";"";"65 136";"14 580";"27 562 447";"2024-09-06 15:36:17"
"2024-09-03";"Tas-ix";"265 610";"46 263";"27 561 707";"2024-09-03 20:53:58"
"2024-09-01";"YouTube";"477 165";"37 123";"27 562 835";"2024-09-01 19:28:42"
"2024-09-01";"YouTube";"510 043";"384 362";"27 562 617";"2024-09-02 00:45:04"
"2024-09-05";"";"473 982";"124 547";"27 562 648";"2024-09-05 20:29:45"
"2024-09-10";"";"152 129";"25 492";"27 563 335";"2024-09-11 00:21:36"
"2024-09-02";"YouTube";"12 814 012";"718 916";"27 563 218";"2024-09-02 03:48:29"
"2024-09-01";"";"171 771";"6 487";"27 563 122";"2024-09-01 13:58:42"
"2024-09-03";"";"20 712";"35 742";"27 562 623";"2024-09-03 09:54:24"
"2024-09-03";"Facebook";"463 039";"227 808";"27 563 514";"2024-09-03 10:07:08"
"2024-09-10";"";"1 247 802";"45 365";"27 563 512";"2024-09-11 02:47:31"
"2024-09-02";"";"31 949";"12 240";"27 563 076";"2024-09-02 08:29:21"
"2024-09-03";"";"92 277";"12 876";"27 561 629";"2024-09-03 12:33:31"
"2024-09-03";"";"3 005 727";"197 736";"27 563 267";"2024-09-03 18:03:54"
"2024-09-06";"";"35 338";"3 342";"27 563 500";"2024-09-06 19:40:26"
"2024-09-06";"YouTube";"346 628 061";"20 332 751";"27 563 158";"2024-09-06 23:32:08"
"2024-09-09";"";"1 110 522";"194 394";"27 562 143";"2024-09-09 15:36:29"
"2024-09-06";"";"108 847";"6 748";"27 562 073";"2024-09-06 14:35:15"
"2024-09-03";"Unknown";"538 130";"21 991";"27 561 218";"2024-09-03 12:21:21"
"2024-09-09";"";"171 300";"8 213";"27 561 295";"2024-09-09 20:53:55"
"2024-09-02";"";"27 426";"2 336 280";"27 562 326";"2024-09-02 21:06:57"
"2024-09-10";"";"516 695";"521 626";"27 562 233";"2024-09-10 12:21:03"
"2024-09-08";"Yandex";"343 284";"110 246";"27 561 828";"2024-09-08 05:50:35"
"2024-09-05";"Facebook";"1 252 411";"28 868";"27 562 647";"2024-09-05 18:39:32"
"2024-09-05";"";"13 926";"72 891";"27 562 083";"2024-09-05 12:57:28"
"2024-09-01";"";"31 484";"1 824";"27 562 071";"2024-09-01 23:08:33"
"2024-09-09";"YouTube";"1 913 640";"1 252 905";"27 562 787";"2024-09-09 12:45:45"
"2024-09-05";"Telegram";"28 442 348";"35 828 035";"27 561 484";"2024-09-05 18:03:43"
"2024-09-08";"";"81 729";"4 408";"27 562 105";"2024-09-08 04:37:21"
"2024-09-03";"YouTube";"844 171";"4 129 228";"27 562 066";"2024-09-04 02:59:53"
"2024-09-01";"YouTube";"628 479";"143 253";"27 563 437";"2024-09-01 15:12:37"
"2024-09-08";"Facebook";"25 768";"10 800";"27 562 194";"2024-09-08 19:28:05"
"2024-09-08";"";"30 374";"5 346";"27 563 023";"2024-09-08 11:20:57"
"2024-09-01";"";"38 813";"17 418";"27 561 764";"2024-09-02 02:11:22"
"2024-09-05";"";"34 256";"1 904";"27 562 575";"2024-09-05 19:40:01"
"2024-09-02";"";"131 375";"66 451";"27 562 267";"2024-09-02 21:06:58"
"2024-09-06";"";"53 004";"38 357";"27 562 226";"2024-09-06 20:41:13"
"2024-09-07";"";"11 942";"192 351";"27 562 574";"2024-09-07 08:53:02"
"2024-09-08";"Instagram";"40 491 098";"1 440 700";"27 561 477";"2024-09-08 09:18:37"
"2024-09-05";"";"650 327";"254 630";"27 562 607";"2024-09-05 16:37:49"
"2024-09-06";"YouTube";"419 243";"327 136";"27 562 413";"2024-09-06 06:39:23"
"2024-09-08";"";"28 823";"5 869";"27 563 043";"2024-09-08 15:12:46"
"2024-09-02";"";"0";"55 642";"27 561 182";"2024-09-02 13:22:16"
"2024-09-08";"";"30 384";"112 789";"27 562 790";"2024-09-08 16:13:51"
"2024-09-10";"";"6 107";"40 141";"27 563 169";"2024-09-10 03:48:42"
"2024-09-07";"";"339 509";"15 894";"27 561 723";"2024-09-07 14:23:14"
"2024-09-05";"";"186 498";"21 704";"27 562 403";"2024-09-05 05:02:42"
"2024-09-07";"";"31 738";"2 166";"27 562 613";"2024-09-07 19:04:39"
"2024-09-08";"Telegram";"49 780 889";"30 766 428";"27 561 206";"2024-09-08 08:17:33"
"2024-09-10";"YouTube";"15 074";"57 662";"27 562 264";"2024-09-10 19:16:07"
"2024-09-07";"";"4 509 768";"166 508";"27 563 168";"2024-09-07 23:56:22"
"2024-09-03";"";"40 727";"6 250";"27 562 015";"2024-09-03 12:57:49"
"2024-09-04";"Instagram";"12 868 001";"9 371 374";"27 562 453";"2024-09-04 18:15:33"
"2024-09-02";"Telegram";"52 622 014";"2 720 790";"27 562 419";"2024-09-02 07:04:48"
"2024-09-08";"Telegram";"18 389 579";"1 026 652";"27 562 834";"2024-09-08 18:51:02"
"2024-09-07";"";"278 755";"13 403";"27 562 294";"2024-09-07 09:18:41"
"2024-09-03";"YouTube";"6 493 330";"368 823";"27 563 058";"2024-09-03 04:13:41"
"2024-09-02";"YouTube";"106 089 065";"7 893 805";"27 562 009";"2024-09-02 09:30:08"
"2024-09-06";"Instagram";"224 272";"32 750";"27 562 706";"2024-09-06 09:42:50"
"2024-09-04";"";"199 011";"44 330";"27 562 758";"2024-09-04 08:41:33"
"2024-09-03";"";"90 578";"376 006";"27 561 215";"2024-09-03 03:24:45"
"2024-09-07";"Instagram";"480 137";"58 782";"27 562 961";"2024-09-08 02:59:49"
"2024-09-04";"";"68 770";"244 448";"27 562 466";"2024-09-04 21:18:12"
"2024-09-03";"YouTube";"11 256 761";"596 612";"27 563 211";"2024-09-03 16:13:33"
"2024-09-04";"";"1 160 494";"33 896";"27 562 239";"2024-09-04 09:30:03"
"2024-09-01";"";"30 622";"12 794";"27 562 289";"2024-09-01 03:36:14"
"2024-09-03";"";"26 613";"8 247";"27 563 344";"2024-09-03 15:00:48"
"2024-09-06";"";"778";"40 353";"27 562 890";"2024-09-06 22:31:51"
"2024-09-04";"Telegram";"205 271 934";"7 683 874";"27 562 557";"2024-09-04 19:28:38"
"2024-09-01";"";"282 497";"143 027";"27 562 490";"2024-09-01 07:04:55"
"2024-09-10";"";"4 593";"32 654";"27 563 191";"2024-09-11 02:47:12"
"2024-09-10";"";"45 059";"70 648";"27 562 238";"2024-09-10 06:27:17"
"2024-09-04";"Yandex";"9 984 923";"553 853";"27 562 459";"2024-09-04 19:16:27"
"2024-09-06";"";"738 251";"294 245";"27 562 806";"2024-09-06 19:16:04"
"2024-09-06";"";"1 650 732";"77 050";"27 562 865";"2024-09-07 01:22:57"
"2024-09-03";"";"1 160";"29 400";"27 562 979";"2024-09-03 11:20:05"
"2024-09-06";"";"2 248 874";"122 259";"27 561 379";"2024-09-06 08:53:11"
"2024-09-01";"";"140 173";"8 902";"27 562 516";"2024-09-01 14:35:50"
"2024-09-06";"";"25 607";"5 128";"27 563 041";"2024-09-06 18:15:07"
"2024-09-08";"Facebook";"1 050 992";"56 868";"27 563 171";"2024-09-08 23:20:38"
"2024-09-07";"";"235 181";"12 446";"27 561 884";"2024-09-07 22:07:16"
"2024-09-08";"";"1 650 418";"290 933";"27 563 469";"2024-09-08 18:51:33"
"2024-09-07";"";"269 141";"10 877";"27 562 801";"2024-09-07 13:58:40"
"2024-09-06";"YouTube";"93 886";"27 998";"27 561 999";"2024-09-06 15:24:18"
"2024-09-07";"Instagram";"62 564 567";"1 172 144";"27 561 775";"2024-09-07 10:31:47"
"2024-09-06";"";"43 223";"13 090";"27 562 447";"2024-09-06 12:33:23"
"2024-09-01";"";"225 199";"37 038";"27 563 008";"2024-09-01 16:37:42"
"2024-09-07";"";"279 530";"17 645";"27 562 906";"2024-09-07 10:55:31"
"2024-09-08";"Facebook";"54 824";"16 369";"27 561 998";"2024-09-08 12:33:51"
"2024-09-02";"YouTube";"14 273 598";"877 208";"27 562 722";"2024-09-02 17:26:08"
"2024-09-10";"";"18 481 148";"612 343";"27 562 699";"2024-09-10 06:51:14"
"2024-09-08";"";"30 657";"2 595";"27 563 335";"2024-09-08 15:12:32"
"2024-09-08";"";"438 043";"42 422";"27 562 630";"2024-09-08 12:45:04"
"2024-09-10";"";"27 474";"1 510";"27 561 485";"2024-09-10 19:04:49"
"2024-09-04";"";"26 161";"3 689";"27 561 341";"2024-09-04 21:30:58"
"2024-09-10";"";"33 080";"2 264";"27 562 149";"2024-09-10 19:04:53"
"2024-09-05";"";"11 295 318";"378 431";"27 561 252";"2024-09-05 08:29:37"
"2024-09-02";"";"38 197";"2 012";"27 562 759";"2024-09-02 12:09:42"
"2024-09-06";"";"26 610";"7 152";"27 563 310";"2024-09-06 21:42:37"
"2024-09-03";"VKontakte";"54 035";"45 261";"27 561 830";"2024-09-03 11:56:32"
"2024-09-02";"Unknown";"51 962";"16 941";"27 562 886";"2024-09-03 02:23:29"
"2024-09-04";"";"226 483";"196 204";"27 561 176";"2024-09-05 02:47:26"
"2024-09-08";"";"49 605";"153 018";"27 563 328";"2024-09-08 18:03:46"
"2024-09-08";"";"91 234";"3 531";"27 562 421";"2024-09-08 16:25:47"
"2024-09-09";"";"61 199";"250 374";"27 563 496";"2024-09-09 08:53:55"
"2024-09-04";"Yandex Video";"5 613";"47 839";"27 561 547";"2024-09-04 07:52:54"
"2024-09-09";"";"181 361 460";"11 113 345";"27 562 205";"2024-09-09 16:25:08"
"2024-09-06";"";"147 877";"29 911";"27 562 564";"2024-09-06 23:08:37"
"2024-09-01";"";"47 015";"3 827";"27 561 232";"2024-09-01 13:22:28"
"2024-09-05";"";"8 419";"32 728";"27 563 378";"2024-09-05 14:47:51"
"2024-09-01";"Instagram";"1 098 460";"591 285";"27 561 466";"2024-09-01 04:25:37"
"2024-09-02";"";"2 029 837";"256 186";"27 561 921";"2024-09-03 02:23:00"
"2024-09-04";"Facebook";"824 753";"40 455";"27 561 715";"2024-09-04 11:08:12"
"2024-09-10";"";"5 904 470";"271 204";"27 561 691";"2024-09-10 21:54:16"
"2024-09-03";"Facebook";"644 428";"34 190";"27 563 221";"2024-09-03 21:18:06"
"2024-09-09";"Yandex";"59 263";"230 221";"27 562 809";"2024-09-09 23:44:14"
"2024-09-02";"Instagram";"1 986 731";"120 979";"27 561 952";"2024-09-02 09:30:17"
"2024-09-07";"";"1 037 512";"49 379";"27 563 515";"2024-09-07 06:51:08"
"2024-09-09";"";"249 012";"36 314";"27 563 471";"2024-09-09 17:26:33"
"2024-09-05";"";"121 536";"9 152";"27 562 050";"2024-09-05 11:08:46"
"2024-09-07";"YouTube";"15 963 888";"758 578";"27 561 543";"2024-09-07 13:46:04"
"2024-09-09";"Telegram";"132 336 312";"109 485 082";"27 561 312";"2024-09-09 13:34:33"
"2024-09-05";"";"236 928";"17 143";"27 561 794";"2024-09-05 10:31:20"
"2024-09-04";"";"245 072";"7 968";"27 561 596";"2024-09-04 11:20:10"
"2024-09-09";"YouTube";"3 342 096";"942 054";"27 563 445";"2024-09-09 09:30:01"
"2024-09-10";"Unknown";"3 365 428";"239 433";"27 563 458";"2024-09-10 16:01:48"
"2024-09-05";"Instagram";"27 376 753";"1 097 733";"27 562 309";"2024-09-06 01:46:44"
"2024-09-02";"";"18 624";"32 719";"27 562 094";"2024-09-02 10:43:33"
"2024-09-08";"Facebook";"23 561 094";"552 047";"27 561 670";"2024-09-08 08:41:51"
"2024-09-05";"Yandex";"612 486";"191 119";"27 562 240";"2024-09-05 16:25:56"
"2024-09-07";"";"70 827";"59 312";"27 562 570";"2024-09-07 14:59:41"
"2024-09-10";"";"210 918";"22 849";"27 563 145";"2024-09-10 10:07:57"
"2024-09-10";"";"31 887";"3 938";"27 562 599";"2024-09-10 20:05:58"
"2024-09-06";"";"46 000";"117 375";"27 562 566";"2024-09-06 10:55:13"
"2024-09-03";"";"44 919";"60 247";"27 563 225";"2024-09-04 01:46:31"
"2024-09-07";"";"51 600";"26 918";"27 562 236";"2024-09-07 17:38:05"
"2024-09-09";"";"506 009";"66 637";"27 562 815";"2024-09-09 09:06:26"
"2024-09-10";"";"2 776";"140 806";"27 562 522";"2024-09-10 17:02:55"
"2024-09-08";"Instagram";"19 734 683";"1 027 091";"27 563 128";"2024-09-09 01:34:17"
"2024-09-05";"";"1 191 821";"70 686";"27 561 252";"2024-09-05 14:47:25"
"2024-09-04";"";"190 731";"44 038";"27 562 098";"2024-09-04 04:49:07"
"2024-09-06";"";"201 508";"11 520";"27 562 595";"2024-09-06 07:28:30"
"2024-09-06";"";"53 554";"9 813";"27 562 236";"2024-09-06 10:07:33"
"2024-09-09";"";"716 723";"34 834";"27 561 182";"2024-09-10 00:57:15"
"2024-09-06";"";"141 054";"53 532";"27 562 935";"2024-09-06 21:06:25"
"2024-09-04";"";"3 188 663";"499 337";"27 561 845";"2024-09-04 19:40:40"
"2024-09-04";"Odnoklassniki";"33 618";"7 337";"27 561 300";"2024-09-04 14:35:49"
"2024-09-07";"";"336 868";"293 924";"27 561 260";"2024-09-07 03:12:07"
"2024-09-08";"";"41 725";"5 212";"27 563 059";"2024-09-08 20:17:49"
"2024-09-07";"";"324 734";"81 965";"27 563 093";"2024-09-07 22:19:46"
"2024-09-05";"";"344 434";"20 705";"27 562 535";"2024-09-05 06:39:51"
"2024-09-05";"Telegram";"13 003 683";"629 169";"27 562 428";"2024-09-05 15:12:08"
"2024-09-08";"";"1 930 328";"57 119";"27 563 101";"2024-09-08 10:07:14"
"2024-09-03";"Instagram";"144 271 829";"2 647 700";"27 562 495";"2024-09-03 04:49:35"
"2024-09-07";"WhatsApp";"7 726 799";"41 696 618";"27 562 679";"2024-09-07 04:37:14"
"2024-09-04";"Instagram";"1 193 497";"843 492";"27 562 330";"2024-09-04 16:49:29"
"2024-09-03";"";"338 896";"10 597";"27 562 803";"2024-09-03 08:53:14"
"2024-09-04";"";"88 946";"17 667";"27 563 267";"2024-09-04 08:53:46"
"2024-09-04";"";"132 884";"223 802";"27 563 174";"2024-09-05 01:46:26"
"2024-09-01";"";"35 179";"17 716";"27 561 468";"2024-09-02 02:35:48"
"2024-09-05";"Telegram";"299 613 995";"14 383 933";"27 562 810";"2024-09-05 03:48:59"
"2024-09-09";"";"48 060";"2 946";"27 563 022";"2024-09-09 09:06:30"
"2024-09-09";"";"29 142";"15 195";"27 561 302";"2024-09-09 12:57:23"
"2024-09-05";"";"54 551";"42 167";"27 562 243";"2024-09-06 01:58:07"
"2024-09-08";"";"256 682";"6 670";"27 563 311";"2024-09-08 03:12:53"
"2024-09-08";"";"37 470";"5 590";"27 563 151";"2024-09-08 07:40:10"
"2024-09-02";"";"21 476";"107 394";"27 561 870";"2024-09-02 17:50:28"
"2024-09-02";"";"1 130 330";"133 642";"27 561 778";"2024-09-02 15:12:39"
"2024-09-10";"Telegram";"3 603 035";"188 614";"27 563 392";"2024-09-10 12:09:56"
"2024-09-02";"";"53 233";"410 587";"27 561 866";"2024-09-02 23:20:18"
"2024-09-05";"";"65 103";"9 819";"27 561 989";"2024-09-05 21:42:29"
"2024-09-06";"";"45 568";"32 637";"27 561 172";"2024-09-06 16:25:02"
"2024-09-10";"Instagram";"29 841 245";"842 941";"27 563 158";"2024-09-10 21:06:01"
"2024-09-02";"";"77 186";"18 043";"27 563 336";"2024-09-03 00:09:52"
"2024-09-02";"Instagram";"28 550";"11 130";"27 561 700";"2024-09-02 11:20:36"
"2024-09-07";"Yandex";"578 424";"32 175";"27 562 007";"2024-09-07 18:39:45"
"2024-09-03";"";"56 899 145";"3 190 825";"27 561 482";"2024-09-03 21:30:59"
"2024-09-07";"Telegram";"27 998";"2 579";"27 561 660";"2024-09-07 04:37:05"
"2024-09-09";"";"32 928";"3 683";"27 561 239";"2024-09-09 14:11:06"
"2024-09-05";"";"22 147";"37 990";"27 562 915";"2024-09-05 20:17:01"
"2024-09-02";"YouTube";"153 677";"23 332";"27 561 219";"2024-09-02 12:09:30"
"2024-09-02";"YouTube";"96 475";"14 806";"27 562 793";"2024-09-02 20:41:32"
"2024-09-02";"";"145 575";"37 159";"27 562 550";"2024-09-03 01:34:27"
"2024-09-01";"";"201 162";"29 328";"27 562 473";"2024-09-01 21:30:24"
"2024-09-05";"";"185 647";"199 585";"27 562 413";"2024-09-05 11:32:12"
"2024-09-02";"";"30 341";"24 608";"27 562 784";"2024-09-02 16:49:09"
"2024-09-07";"";"41 587";"80 382";"27 563 098";"2024-09-07 04:49:19"
"2024-09-07";"";"253 012";"650 327";"27 562 601";"2024-09-07 06:39:33"
"2024-09-04";"Instagram";"208 296";"18 421";"27 562 534";"2024-09-04 16:37:47"
"2024-09-06";"";"26 824";"20 916";"27 561 354";"2024-09-06 07:40:57"
"2024-09-04";"PUBG";"1 342 167";"51 803";"27 561 290";"2024-09-04 05:50:19"
"2024-09-10";"";"762 395";"184 474";"27 563 471";"2024-09-11 00:09:48"
"2024-09-02";"YouTube";"848 398";"117 604";"27 561 197";"2024-09-02 05:02:00"
"2024-09-01";"";"36 089";"1 534";"27 561 744";"2024-09-01 18:03:16"
"2024-09-05";"YouTube";"977 347";"159 149";"27 562 678";"2024-09-05 03:36:24"
"2024-09-06";"";"29 640";"2 621";"27 562 535";"2024-09-06 08:41:22"
"2024-09-08";"";"141 258";"15 297";"27 562 810";"2024-09-08 06:15:05"
"2024-09-09";"";"111 219";"31 090";"27 563 035";"2024-09-09 16:49:43"
"2024-09-03";"";"25 178";"42 080";"27 561 290";"2024-09-03 13:58:12"
"2024-09-02";"PUBG";"2 035 918";"99 776";"27 563 154";"2024-09-02 09:54:56"
"2024-09-10";"";"510 650";"35 804";"27 562 917";"2024-09-11 01:34:04"
"2024-09-09";"YouTube";"740 175";"2 924 519";"27 563 082";"2024-09-09 17:14:46"
"2024-09-02";"";"64 610 752";"9 246 357";"27 562 965";"2024-09-02 16:49:31"
"2024-09-02";"";"268 047";"463 727";"27 562 234";"2024-09-02 17:14:57"
"2024-09-08";"";"568 148";"295 712";"27 562 025";"2024-09-08 07:40:58"
"2024-09-03";"WhatsApp";"2 319 545";"2 744 181";"27 563 264";"2024-09-03 17:26:57"
"2024-09-10";"Yandex";"8 194 593";"212 861";"27 562 861";"2024-09-10 17:14:14"
"2024-09-07";"";"80 180";"37 645";"27 562 668";"2024-09-07 12:45:38"
"2024-09-05";"";"27 983";"11 198";"27 561 173";"2024-09-05 16:01:31"
"2024-09-09";"";"1 172 943";"81 374";"27 563 219";"2024-09-09 08:17:03"
"2024-09-07";"";"142 118";"29 636";"27 562 302";"2024-09-07 13:34:37"
"2024-09-07";"";"8 138";"208 185";"27 562 044";"2024-09-07 14:23:03"
"2024-09-04";"Instagram";"1 279 036";"59 770";"27 561 975";"2024-09-04 17:26:08"
"2024-09-10";"TikTok";"560";"31 426";"27 561 802";"2024-09-10 21:06:19"
"2024-09-09";"Facebook";"228 129";"11 818";"27 562 670";"2024-09-09 22:07:59"
"2024-09-08";"";"182 141";"32 904";"27 563 503";"2024-09-08 08:05:50"
"2024-09-07";"";"405 948";"6 776";"27 562 838";"2024-09-07 23:44:47"
"2024-09-07";"Facebook";"180 001";"454 214";"27 562 758";"2024-09-07 18:15:42"
"2024-09-02";"";"24 432";"143 883";"27 561 897";"2024-09-02 06:15:03"
"2024-09-04";"";"117 565";"74 625";"27 563 088";"2024-09-05 01:10:01"
"2024-09-02";"";"505 869";"106 147";"27 562 041";"2024-09-02 19:16:00"
"2024-09-09";"Unknown";"86 022";"11 057";"27 563 291";"2024-09-10 02:59:10"
"2024-09-09";"Instagram";"2 324 423";"95 482";"27 561 392";"2024-09-09 12:45:19"
"2024-09-05";"";"7 920 716";"413 055";"27 562 675";"2024-09-05 14:11:57"
"2024-09-01";"";"60 498";"2 755";"27 561 430";"2024-09-01 16:13:32"
"2024-09-04";"Facebook";"100 343";"88 821";"27 562 061";"2024-09-04 23:44:31"
"2024-09-01";"Facebook";"38 252";"5 632";"27 562 298";"2024-09-01 15:24:18"
"2024-09-04";"Instagram";"284 103 194";"4 712 221";"27 563 139";"2024-09-04 18:15:54"
"2024-09-07";"";"178 510";"26 608";"27 563 236";"2024-09-07 17:38:11"
"2024-09-08";"";"27 710";"26 545";"27 561 391";"2024-09-08 18:15:02"
"2024-09-10";"";"28 377";"8 161";"27 562 382";"2024-09-10 13:58:05"
"2024-09-04";"";"36 750";"11 936";"27 561 623";"2024-09-04 17:26:06"
"2024-09-02";"";"110 903";"28 144";"27 561 638";"2024-09-02 18:27:10"
"2024-09-06";"";"30 250";"17 883";"27 562 866";"2024-09-06 16:13:01"
"2024-09-06";"Telegram";"46 586 854";"2 706 517";"27 562 793";"2024-09-06 14:11:33"
"2024-09-03";"";"55 709";"2 880";"27 561 835";"2024-09-03 08:29:45"
"2024-09-04";"";"1 276 226";"120 294";"27 563 171";"2024-09-04 11:20:45"
"2024-09-08";"";"2 418 964";"2 295 854";"27 561 511";"2024-09-08 21:18:48"
"2024-09-07";"VKontakte";"87 680 017";"1 311 501";"27 563 143";"2024-09-08 01:58:55"
"2024-09-08";"";"95 651";"266 655";"27 563 169";"2024-09-08 05:26:23"
"2024-09-09";"";"56 597";"7 657";"27 562 719";"2024-09-09 09:54:42"
"2024-09-08";"Telegram";"3 877 136";"280 232";"27 562 234";"2024-09-08 19:28:53"
"2024-09-03";"";"63 504";"88 444";"27 563 261";"2024-09-03 07:28:19"
"2024-09-01";"";"57 158";"18 375";"27 563 082";"2024-09-01 08:53:35"
"2024-09-10";"";"12 779 824";"9 721 558";"27 562 374";"2024-09-10 17:02:13"
"2024-09-01";"Tas-ix";"272 987";"12 968";"27 562 224";"2024-09-01 22:55:39"
"2024-09-08";"";"147 287";"14 867";"27 562 739";"2024-09-08 13:34:01"
"2024-09-03";"";"27 415";"9 812";"27 562 076";"2024-09-03 06:27:12"
"2024-09-03";"";"50 993";"39 344";"27 563 224";"2024-09-03 04:37:03"
"2024-09-10";"Instagram";"4 560 334";"6 484 363";"27 561 840";"2024-09-10 20:17:46"
"2024-09-02";"";"54 740";"29 328";"27 562 226";"2024-09-02 23:08:00"
"2024-09-07";"";"2 441 783";"116 479";"27 562 614";"2024-09-07 09:42:22"
"2024-09-07";"";"37 711";"7 689";"27 561 687";"2024-09-07 19:40:34"
"2024-09-07";"";"156 157";"68 029";"27 563 030";"2024-09-07 05:26:21"
"2024-09-01";"";"274 024";"36 638";"27 561 245";"2024-09-01 09:42:46"
"2024-09-07";"Instagram";"2 437 515";"348 290";"27 561 958";"2024-09-07 08:05:18"
"2024-09-05";"";"31 636";"53 202";"27 563 026";"2024-09-06 01:58:08"
"2024-09-08";"Instagram";"250 009";"26 686";"27 562 985";"2024-09-09 02:35:06"
"2024-09-10";"";"27 994";"2 848";"27 563 439";"2024-09-10 05:02:08"
"2024-09-09";"";"4 430";"217 312";"27 562 458";"2024-09-09 09:42:57"
"2024-09-07";"";"53 945";"24 300";"27 562 063";"2024-09-07 08:05:02"
"2024-09-08";"";"83 508";"9 428";"27 561 686";"2024-09-08 11:56:29"
"2024-09-05";"";"71 970";"10 228";"27 562 906";"2024-09-06 01:58:41"
"2024-09-02";"";"6 395 223";"258 435";"27 561 800";"2024-09-02 21:18:56"
"2024-09-01";"Instagram";"175 894";"16 256";"27 562 010";"2024-09-01 09:30:01"
"2024-09-04";"";"42 591";"5 424";"27 562 124";"2024-09-04 18:15:00"
"2024-09-06";"";"90 322";"5 189";"27 563 463";"2024-09-06 18:51:55"
"2024-09-07";"";"17 204 320";"854 203";"27 561 448";"2024-09-07 14:23:45"
"2024-09-06";"YouTube";"2 096 312";"567 496";"27 562 423";"2024-09-06 03:48:58"
"2024-09-08";"Facebook";"554 876";"17 609 871";"27 561 407";"2024-09-08 14:47:27"
"2024-09-02";"Facebook";"97 655";"11 559";"27 563 481";"2024-09-02 17:14:12"
"2024-09-04";"";"2 820 121";"392 025";"27 562 732";"2024-09-04 13:46:21"
"2024-09-10";"";"113 371";"3 570";"27 562 734";"2024-09-10 16:01:29"
"2024-09-08";"";"52 189";"2 647";"27 562 172";"2024-09-08 23:56:08"
"2024-09-03";"";"8 086 469";"298 771";"27 562 698";"2024-09-03 03:00:32"
"2024-09-10";"";"65 981";"6 231";"27 562 243";"2024-09-10 23:32:02"
"2024-09-10";"Telegram";"976 251";"112 039";"27 561 315";"2024-09-10 13:10:22"
"2024-09-06";"Likee";"74 870";"21 344";"27 562 552";"2024-09-07 01:34:02"
"2024-09-08";"YouTube";"564 293";"32 935";"27 562 298";"2024-09-08 15:48:32"
"2024-09-04";"";"18 247";"26 596";"27 561 706";"2024-09-04 14:23:28"
"2024-09-01";"";"26 476";"4 377";"27 561 233";"2024-09-01 16:13:08"
"2024-09-01";"";"10 561";"66 574";"27 563 031";"2024-09-02 02:35:51"
"2024-09-07";"";"12 145";"88 314";"27 562 192";"2024-09-07 22:19:44"
"2024-09-06";"";"1 510 318";"1 652 793";"27 563 335";"2024-09-06 10:31:11"
"2024-09-03";"";"19 080";"78 780";"27 561 559";"2024-09-03 15:00:18"
"2024-09-10";"";"927 881";"37 789";"27 562 291";"2024-09-10 09:30:56"
"2024-09-07";"";"48 082";"49 688";"27 561 596";"2024-09-07 21:30:17"
"2024-09-02";"YouTube";"446 540";"5 407 194";"27 562 033";"2024-09-02 17:14:37"
"2024-09-05";"WhatsApp";"114 222";"7 524";"27 561 249";"2024-09-05 21:06:17"
"2024-09-06";"";"563 807";"97 994";"27 563 469";"2024-09-06 04:01:18"
"2024-09-09";"";"57 677";"9 182";"27 562 856";"2024-09-09 22:19:08"
"2024-09-08";"YouTube";"873 101";"3 219 771";"27 562 197";"2024-09-08 11:32:08"
"2024-09-09";"";"66 538";"54 443";"27 561 591";"2024-09-10 00:21:09"
"2024-09-04";"";"36 091";"3 321";"27 563 371";"2024-09-04 07:52:34"
"2024-09-01";"";"28 661";"4 119";"27 562 701";"2024-09-01 23:20:27"
"2024-09-02";"";"67 253";"5 282";"27 561 421";"2024-09-02 10:55:05"
"2024-09-10";"YouTube";"130 789";"26 311";"27 561 222";"2024-09-10 23:20:11"
"2024-09-10";"";"111 461";"49 640";"27 563 367";"2024-09-10 16:01:51"
"2024-09-01";"";"149 357";"44 523";"27 561 596";"2024-09-01 11:20:18"
"2024-09-09";"";"171 098";"29 335";"27 563 510";"2024-09-09 12:33:24"
"2024-09-06";"";"52 867";"5 231";"27 562 800";"2024-09-06 21:18:40"
"2024-09-04";"";"27 000";"2 967";"27 561 184";"2024-09-04 18:27:59"
"2024-09-09";"";"491 468";"401 808";"27 561 390";"2024-09-09 23:56:52"
"2024-09-07";"";"143 627";"474 147";"27 561 622";"2024-09-07 17:14:57"
"2024-09-08";"";"130 279";"20 238";"27 563 481";"2024-09-08 16:37:05"
"2024-09-01";"";"157 064";"121 126";"27 562 438";"2024-09-01 09:30:21"
"2024-09-03";"Telegram";"377 330";"25 468";"27 562 597";"2024-09-03 09:18:07"
"2024-09-06";"";"30 922";"3 149";"27 562 139";"2024-09-06 18:51:40"
"2024-09-03";"";"39 392";"5 516";"27 561 534";"2024-09-03 07:28:29"
"2024-09-08";"";"998 796";"79 220";"27 561 940";"2024-09-08 11:56:40"
"2024-09-09";"Instagram";"1 414 463";"51 004";"27 561 556";"2024-09-09 06:27:14"
"2024-09-02";"YouTube";"9 190 202";"790 689";"27 562 376";"2024-09-02 14:11:28"
"2024-09-03";"";"461 216";"272 119";"27 561 485";"2024-09-03 18:15:13"
"2024-09-10";"";"29 817";"1 997";"27 562 223";"2024-09-10 17:14:18"
"2024-09-05";"";"249 930";"9 531";"27 561 410";"2024-09-06 00:21:14"
"2024-09-10";"";"1 000 998";"140 432";"27 562 808";"2024-09-10 17:50:14"
"2024-09-07";"Telegram";"529 831";"44 961";"27 561 634";"2024-09-07 19:52:47"
"2024-09-07";"YouTube";"240 016";"34 861";"27 562 520";"2024-09-07 08:17:48"
"2024-09-03";"";"1 056";"195 831";"27 562 365";"2024-09-03 18:27:48"
"2024-09-07";"YouTube";"405 511";"72 390";"27 561 686";"2024-09-07 16:01:39"
"2024-09-10";"Instagram";"3 515 470";"4 419 387";"27 562 082";"2024-09-10 04:37:28"
"2024-09-07";"";"326 228";"26 502";"27 561 380";"2024-09-07 05:50:47"
"2024-09-03";"";"289 731";"28 043";"27 561 729";"2024-09-03 17:14:57"
"2024-09-05";"";"381 249";"580 874";"27 562 401";"2024-09-05 14:23:21"
"2024-09-05";"";"43 505";"13 274";"27 561 216";"2024-09-05 22:19:27"
"2024-09-07";"Unknown";"416 511";"20 941";"27 562 597";"2024-09-07 07:52:54"
"2024-09-07";"YouTube";"3 601 452";"2 235 046";"27 562 838";"2024-09-07 13:58:44"
"2024-09-08";"";"319 121";"8 375";"27 561 224";"2024-09-08 19:16:34"
"2024-09-06";"";"1 439 109";"72 667";"27 562 527";"2024-09-06 19:16:57"
"2024-09-02";"";"68 057";"98 533";"27 562 145";"2024-09-02 09:30:45"
"2024-09-06";"";"156 176";"14 717";"27 563 088";"2024-09-06 16:13:28"
"2024-09-10";"";"2 034 094";"180 812";"27 562 117";"2024-09-10 21:06:09"
"2024-09-08";"YouTube";"461 263";"3 411 564";"27 563 112";"2024-09-08 22:07:28"
"2024-09-02";"";"55 035";"6 491";"27 562 739";"2024-09-02 17:26:15"
"2024-09-06";"Instagram";"9 430 316";"302 849";"27 562 518";"2024-09-06 16:25:11"
"2024-09-08";"";"120 669";"68 636";"27 562 812";"2024-09-08 20:05:33"
"2024-09-03";"YouTube";"4 331 553";"1 301 254";"27 562 233";"2024-09-03 10:07:48"
"2024-09-04";"";"650 851";"51 576";"27 561 920";"2024-09-04 22:07:04"
"2024-09-01";"YouTube";"81 645 295";"9 218 153";"27 562 697";"2024-09-01 03:48:54"
"2024-09-06";"";"26 215";"12 663";"27 561 221";"2024-09-07 01:58:28"
"2024-09-01";"";"226 664";"6 039";"27 561 567";"2024-09-02 02:23:47"
"2024-09-06";"";"80 597";"24 810";"27 562 560";"2024-09-07 02:47:34"
"2024-09-07";"";"393 148 739";"41 133 428";"27 563 507";"2024-09-07 10:07:21"
"2024-09-01";"";"21 255 430";"1 120 668";"27 562 771";"2024-09-01 13:58:20"
"2024-09-04";"YouTube";"310 334";"3 380 340";"27 562 064";"2024-09-04 05:14:06"
"2024-09-06";"";"123 195";"105 944";"27 562 127";"2024-09-06 14:59:11"
"2024-09-10";"Telegram";"1 230 721";"92 653";"27 562 778";"2024-09-10 17:14:33"
"2024-09-10";"YouTube";"62 429";"208 924";"27 562 737";"2024-09-10 12:33:13"
"2024-09-10";"";"34 544";"3 526";"27 561 921";"2024-09-10 09:30:20"
"2024-09-07";"";"89 923";"59 442";"27 562 751";"2024-09-07 16:25:53"
"2024-09-07";"Facebook";"59 545";"42 261";"27 562 447";"2024-09-08 01:46:58"
"2024-09-03";"";"588 566";"54 381";"27 561 596";"2024-09-03 14:47:09"
"2024-09-03";"";"252 536";"19 171";"27 562 320";"2024-09-03 06:27:17"
"2024-09-02";"";"45 487";"23 610";"27 561 352";"2024-09-02 04:37:30"
"2024-09-06";"";"42 623";"2 550";"27 561 276";"2024-09-06 08:53:31"
"2024-09-09";"";"41 219";"4 870";"27 562 428";"2024-09-09 12:09:40"
"2024-09-07";"Unknown";"5 747 012";"332 358";"27 563 512";"2024-09-07 05:50:13"
"2024-09-08";"";"43 778";"14 760";"27 562 793";"2024-09-08 05:38:45"
"2024-09-04";"";"334 324";"22 138";"27 561 828";"2024-09-04 17:02:24"
"2024-09-02";"";"48 525";"21 157";"27 561 981";"2024-09-02 13:22:36"
"2024-09-02";"YouTube";"1 343 882";"153 794";"27 563 035";"2024-09-02 07:16:36"
"2024-09-03";"WhatsApp";"1 400 836";"4 191 769";"27 563 165";"2024-09-03 08:05:06"
"2024-09-10";"";"680 361";"97 304";"27 561 641";"2024-09-10 20:05:36"
"2024-09-05";"";"87 004";"21 435";"27 562 865";"2024-09-05 10:19:04"
"2024-09-08";"";"30 886";"4 921";"27 562 558";"2024-09-09 02:47:58"
"2024-09-08";"Instagram";"187 757";"11 983";"27 562 513";"2024-09-08 15:00:17"
"2024-09-04";"";"98 118";"16 238";"27 562 964";"2024-09-04 23:56:03"
"2024-09-03";"";"278 981";"41 512";"27 561 876";"2024-09-04 00:33:24"
"2024-09-04";"";"37 472";"37 319";"27 562 838";"2024-09-04 10:31:27"
"2024-09-02";"";"94 478";"15 112";"27 561 802";"2024-09-02 09:30:15"
"2024-09-05";"";"48 558";"5 045";"27 561 458";"2024-09-05 14:23:56"
"2024-09-04";"YouTube";"4 652 538";"2 119 269";"27 561 247";"2024-09-04 18:27:38"
"2024-09-03";"Odnoklassniki";"520 784";"64 290";"27 563 041";"2024-09-03 05:14:30"
"2024-09-10";"";"61 012";"55 784";"27 562 942";"2024-09-10 15:36:27"
"2024-09-10";"Facebook";"51 131";"34 198";"27 563 139";"2024-09-10 12:09:13"
"2024-09-01";"";"79 495";"466 602";"27 562 775";"2024-09-01 04:37:00"
"2024-09-08";"";"9 637 662";"425 623";"27 561 906";"2024-09-08 16:25:12"
"2024-09-01";"";"34 634";"39 743";"27 563 481";"2024-09-01 04:37:23"
"2024-09-04";"Instagram";"490 485";"19 792";"27 561 698";"2024-09-04 16:37:02"
"2024-09-08";"";"62 456";"7 123";"27 563 030";"2024-09-08 06:39:35"
"2024-09-10";"WeChat";"29 571";"48 401";"27 561 825";"2024-09-10 23:32:59"
"2024-09-10";"";"46 257";"55 745";"27 561 776";"2024-09-10 05:02:00"
"2024-09-02";"YouTube";"893 715";"199 175";"27 561 186";"2024-09-02 05:50:08"
"2024-09-10";"PUBG";"1 627 444";"92 692";"27 562 257";"2024-09-10 11:56:41"
"2024-09-05";"Facebook";"1 291 074";"1 686 907";"27 562 340";"2024-09-05 16:01:19"
"2024-09-06";"PUBG";"2 547 108";"123 854";"27 561 802";"2024-09-06 05:02:09"
"2024-09-03";"";"49 151 841";"2 467 422";"27 562 666";"2024-09-03 18:03:12"
"2024-09-09";"";"633 968";"1 092 751";"27 561 981";"2024-09-09 18:39:47"
"2024-09-07";"";"5 798 809";"189 173";"27 561 376";"2024-09-07 09:42:59"
"2024-09-06";"";"39 080";"13 971";"27 562 701";"2024-09-06 14:11:50"
"2024-09-08";"";"169 310";"24 638";"27 562 028";"2024-09-08 07:28:19"
"2024-09-04";"";"62 267";"261 431";"27 563 293";"2024-09-04 13:58:56"
"2024-09-06";"";"56 652";"2 699";"27 562 484";"2024-09-07 02:11:53"
"2024-09-03";"";"38 511";"7 677";"27 562 968";"2024-09-03 15:48:41"
"2024-09-04";"";"58 978";"7 313";"27 562 839";"2024-09-04 06:51:02"
"2024-09-04";"";"54 054";"2 069";"27 563 154";"2024-09-04 14:23:21"
"2024-09-07";"";"2 144 940";"3 242 558";"27 563 481";"2024-09-07 05:38:54"
"2024-09-03";"";"347 008";"11 562";"27 562 040";"2024-09-03 13:10:45"
"2024-09-09";"";"142 664";"27 928";"27 563 210";"2024-09-09 03:12:25"
"2024-09-03";"";"9 273 499";"892 115";"27 561 794";"2024-09-03 09:54:16"
"2024-09-07";"";"30 339";"4 891";"27 561 510";"2024-09-08 01:10:52"
"2024-09-05";"Facebook";"26 876";"6 853";"27 561 796";"2024-09-05 12:09:37"
"2024-09-05";"Telegram";"108 426";"6 904";"27 563 341";"2024-09-05 13:10:13"
"2024-09-05";"";"32 234";"19 872";"27 561 902";"2024-09-05 05:26:41"
"2024-09-02";"Telegram";"172 245";"5 367";"27 561 498";"2024-09-02 15:12:36"
"2024-09-03";"";"47 693";"6 422";"27 562 068";"2024-09-03 22:55:01"
"2024-09-05";"Tas-ix";"372 554";"10 238";"27 563 097";"2024-09-05 19:52:47"
"2024-09-05";"YouTube";"785 000";"121 164";"27 561 680";"2024-09-05 23:44:01"
"2024-09-04";"";"112 861";"8 068";"27 562 979";"2024-09-04 20:29:09"
"2024-09-08";"Facebook";"59 836";"17 570";"27 562 372";"2024-09-08 09:06:54"
"2024-09-08";"";"122 085";"26 898";"27 563 445";"2024-09-08 18:03:49"
"2024-09-03";"";"98 915";"13 508";"27 562 331";"2024-09-03 10:43:44"
"2024-09-10";"";"12 249";"27 660";"27 563 491";"2024-09-11 00:09:39"
"2024-09-09";"";"284 964";"54 146";"27 563 050";"2024-09-09 17:50:31"
"2024-09-02";"";"195 305";"90 807";"27 562 622";"2024-09-02 11:32:41"
"2024-09-07";"";"655 056";"73 317";"27 563 496";"2024-09-08 00:33:23"
"2024-09-05";"";"62 726";"9 768";"27 562 316";"2024-09-05 17:14:04"
"2024-09-02";"YouTube";"19 960 034";"33 523 214";"27 563 469";"2024-09-02 19:28:52"
"2024-09-04";"Instagram";"4 144 326";"973 500";"27 563 070";"2024-09-04 21:06:58"
"2024-09-01";"";"488 149";"210 323";"27 561 354";"2024-09-01 03:12:24"
"2024-09-10";"";"59 012";"9 620";"27 562 494";"2024-09-10 19:52:26"
"2024-09-01";"";"32 246";"11 202";"27 561 570";"2024-09-01 11:08:14"
"2024-09-08";"";"374 298";"25 364";"27 562 840";"2024-09-08 17:02:36"
"2024-09-10";"Telegram";"31 247 491";"1 808 561";"27 563 063";"2024-09-10 15:12:20"
"2024-09-08";"";"56 220";"89 356";"27 561 822";"2024-09-08 19:16:15"
"2024-09-07";"";"65 364";"57 668";"27 563 020";"2024-09-07 11:32:30"
"2024-09-07";"";"330 641";"24 318";"27 561 722";"2024-09-08 02:59:09"
"2024-09-09";"Instagram";"954 404";"11 362";"27 562 884";"2024-09-09 09:06:57"
"2024-09-03";"";"28 907";"2 575";"27 563 494";"2024-09-03 21:42:14"
"2024-09-10";"";"324 506";"38 173";"27 562 634";"2024-09-10 18:39:26"
"2024-09-10";"";"39 064";"21 635";"27 562 474";"2024-09-10 06:39:06"
"2024-09-01";"";"74 203";"524 733";"27 561 575";"2024-09-01 19:16:49"
"2024-09-08";"Instagram";"33 004 463";"1 086 910";"27 562 659";"2024-09-09 00:33:53"
"2024-09-07";"YouTube";"7 496 700";"2 787 312";"27 561 456";"2024-09-07 15:12:00"
"2024-09-10";"";"132 479";"13 592";"27 562 957";"2024-09-10 10:31:20"
"2024-09-09";"";"512 249";"37 540";"27 561 866";"2024-09-10 00:09:37"
"2024-09-10";"";"26 296 271";"2 909 182";"27 562 033";"2024-09-11 00:33:34"
"2024-09-04";"";"573 172";"366 936";"27 563 225";"2024-09-04 07:28:41"
"2024-09-05";"Yandex";"206 491";"259 293";"27 563 024";"2024-09-05 19:04:37"
"2024-09-02";"";"342 851";"166 732";"27 561 865";"2024-09-02 18:03:55"
"2024-09-02";"";"73 882";"5 332";"27 563 508";"2024-09-02 17:14:12"
"2024-09-02";"";"188 465";"45 700";"27 562 617";"2024-09-03 00:45:01"
"2024-09-05";"";"48 655";"11 473";"27 562 202";"2024-09-05 11:08:01"
"2024-09-03";"";"1 415 476";"476 374";"27 562 775";"2024-09-03 05:50:18"
"2024-09-04";"";"31 277";"12 537";"27 562 569";"2024-09-04 17:14:18"
"2024-09-10";"Instagram";"19 483 456";"381 998";"27 561 177";"2024-09-10 09:54:54"
"2024-09-05";"";"272 235";"16 358";"27 562 699";"2024-09-05 20:53:05"
"2024-09-08";"";"38 873";"9 825";"27 562 968";"2024-09-08 05:38:06"
"2024-09-03";"";"31 755";"2 617";"27 561 368";"2024-09-03 07:52:43"
"2024-09-05";"";"50 178";"7 722";"27 563 059";"2024-09-05 15:00:39"
"2024-09-10";"";"84 625";"4 981";"27 561 490";"2024-09-10 17:26:56"
"2024-09-05";"";"467 226";"53 070";"27 562 575";"2024-09-05 03:36:42"
"2024-09-02";"Tas-ix";"649 210";"21 677";"27 561 912";"2024-09-02 18:27:48"
"2024-09-04";"";"32 623";"7 906";"27 563 287";"2024-09-04 20:29:45"
"2024-09-06";"";"11 141";"110 765";"27 562 508";"2024-09-06 13:46:19"
"2024-09-09";"";"5 740 772";"277 069";"27 562 224";"2024-09-09 12:21:58"
"2024-09-03";"";"86 360";"5 359";"27 561 920";"2024-09-03 18:39:17"
"2024-09-09";"Yandex";"184 638";"91 427";"27 562 942";"2024-09-09 20:05:00"
"2024-09-01";"Instagram";"3 243 992";"687 727";"27 561 298";"2024-09-01 18:39:17"
"2024-09-04";"YouTube";"2 434 760";"185 724";"27 562 737";"2024-09-04 23:44:44"
"2024-09-08";"";"15 793 948";"320 025";"27 561 432";"2024-09-08 16:13:39"
"2024-09-01";"YouTube";"58 269";"15 101";"27 561 891";"2024-09-01 05:50:13"
