"date_id";"option_name";"bytes_in";"bytes_out";"account_id";"option_datetime"
"2024-09-03";"Instagram";"2 090 212";"149 287";"27 562 555";"2024-09-03 14:59:14"
"2024-09-01";"YouTube";"7 708";"56 278";"27 563 510";"2024-09-01 05:26:39"
"2024-09-06";"";"225 061";"301 192";"27 561 978";"2024-09-06 08:53:42"
"2024-09-06";"Facebook";"577 963";"49 958";"27 563 095";"2024-09-06 12:21:39"
"2024-09-05";"YouTube";"193 014";"18 198";"27 562 036";"2024-09-05 15:12:12"
"2024-09-08";"";"29 302";"7 339";"27 561 383";"2024-09-08 20:41:06"
"2024-09-02";"";"82 509";"17 258";"27 561 221";"2024-09-03 02:47:37"
"2024-09-05";"Yandex";"18 184";"34 487";"27 562 124";"2024-09-05 18:51:46"
"2024-09-06";"";"39 370";"15 414";"27 562 865";"2024-09-06 19:04:07"
"2024-09-06";"";"35 058";"16 137";"27 561 898";"2024-09-06 06:15:31"
"2024-09-04";"Facebook";"197 658";"19 337";"27 562 364";"2024-09-04 14:35:09"
"2024-09-08";"YouTube";"4 697 393";"749 995";"27 561 744";"2024-09-08 15:48:53"
"2024-09-09";"";"28 874";"4 891";"27 561 398";"2024-09-10 00:45:37"
"2024-09-02";"";"35 235";"90 389";"27 561 305";"2024-09-02 11:44:56"
"2024-09-03";"";"50 448";"6 221";"27 563 144";"2024-09-03 08:29:26"
"2024-09-03";"";"69 416 353";"8 980 866";"27 563 494";"2024-09-03 22:19:12"
"2024-09-06";"";"142 659";"11 981";"27 561 365";"2024-09-06 11:20:46"
"2024-09-01";"";"254 641";"1 339 338";"27 561 347";"2024-09-01 22:19:39"
"2024-09-02";"YouTube";"4 443 255";"230 531";"27 561 518";"2024-09-02 05:26:57"
"2024-09-06";"";"8 747";"39 156";"27 562 837";"2024-09-07 02:23:59"
"2024-09-05";"";"2 672 492";"125 039";"27 561 262";"2024-09-05 22:31:15"
"2024-09-08";"";"377 801";"27 427";"27 562 780";"2024-09-08 15:48:32"
"2024-09-03";"Telegram";"20 471 697";"9 250 968";"27 562 803";"2024-09-03 12:45:46"
"2024-09-05";"Instagram";"1 056 876";"142 676";"27 562 542";"2024-09-05 11:32:55"
"2024-09-03";"";"227 088";"234 235";"27 561 426";"2024-09-03 22:43:53"
"2024-09-02";"";"116 371";"11 089";"27 561 737";"2024-09-02 23:20:14"
"2024-09-07";"Facebook";"134 494";"14 978";"27 562 352";"2024-09-07 03:12:54"
"2024-09-10";"";"46 729";"2 526";"27 563 153";"2024-09-10 10:55:12"
"2024-09-06";"WhatsApp";"3 563 576";"7 650 268";"27 563 308";"2024-09-06 15:24:58"
"2024-09-10";"";"518 672";"259 480";"27 562 363";"2024-09-10 03:12:41"
"2024-09-01";"";"33 425";"67 212";"27 562 224";"2024-09-01 08:17:46"
"2024-09-01";"";"8 688 486";"559 804";"27 561 654";"2024-09-01 13:10:22"
"2024-09-07";"";"75 779";"11 121";"27 563 453";"2024-09-07 23:20:29"
"2024-09-09";"";"294 450";"144 679";"27 561 231";"2024-09-09 04:49:11"
"2024-09-02";"";"75 312";"6 292";"27 561 692";"2024-09-02 07:04:36"
"2024-09-10";"";"277 799";"20 777";"27 561 445";"2024-09-10 19:16:45"
"2024-09-04";"YouTube";"108 317";"13 811";"27 562 674";"2024-09-04 19:28:21"
"2024-09-08";"";"33 853";"9 049";"27 561 181";"2024-09-08 17:02:09"
"2024-09-04";"";"175 007";"11 131";"27 562 993";"2024-09-04 21:18:01"
"2024-09-04";"Telegram";"11 006 309";"1 213 332";"27 562 211";"2024-09-04 20:41:36"
"2024-09-05";"YouTube";"147 085";"2 401 607";"27 561 564";"2024-09-05 15:12:46"
"2024-09-08";"Odnoklassniki";"31 378";"2 935";"27 561 820";"2024-09-08 20:53:43"
"2024-09-08";"";"287 304";"31 004";"27 561 593";"2024-09-08 23:08:03"
"2024-09-08";"";"94 711";"28 820";"27 561 821";"2024-09-08 06:51:35"
"2024-09-04";"";"2 049 736";"91 896";"27 563 030";"2024-09-04 19:52:56"
"2024-09-05";"Instagram";"288 114";"18 636";"27 561 462";"2024-09-05 09:30:07"
"2024-09-06";"Facebook";"1 665 836";"198 466";"27 562 747";"2024-09-06 09:42:43"
"2024-09-06";"";"2 236 819";"298 973";"27 561 252";"2024-09-06 03:12:37"
"2024-09-04";"YouTube";"177 540";"9 766";"27 563 183";"2024-09-04 13:46:13"
"2024-09-02";"";"685 993";"771 345";"27 561 418";"2024-09-02 13:58:53"
"2024-09-07";"Instagram";"1 688 711";"485 627";"27 563 195";"2024-09-07 13:58:23"
"2024-09-05";"Facebook";"50 708";"6 769";"27 563 148";"2024-09-06 00:57:34"
"2024-09-08";"YouTube";"1 087 824";"66 992";"27 562 973";"2024-09-08 11:56:28"
"2024-09-09";"YouTube";"222 820";"38 167";"27 563 359";"2024-09-09 14:47:29"
"2024-09-04";"";"31 558";"14 516";"27 562 663";"2024-09-04 21:54:40"
"2024-09-09";"";"32 947";"4 304";"27 563 059";"2024-09-09 06:51:12"
"2024-09-04";"";"856 693";"74 947";"27 561 741";"2024-09-04 11:20:16"
"2024-09-02";"";"172 631";"9 580";"27 561 684";"2024-09-02 06:51:22"
"2024-09-04";"";"1 272 431";"174 309";"27 562 100";"2024-09-04 23:20:07"
"2024-09-07";"";"45 040";"5 204";"27 563 342";"2024-09-07 15:24:22"
"2024-09-10";"Facebook";"29 647";"2 046";"27 562 331";"2024-09-10 16:13:16"
"2024-09-08";"";"29 429";"18 599";"27 562 936";"2024-09-08 07:28:00"
"2024-09-06";"";"26 329";"13 295";"27 562 512";"2024-09-06 03:24:36"
"2024-09-04";"";"123 805";"18 761";"27 562 899";"2024-09-04 09:06:45"
"2024-09-08";"Unknown";"1 068 079";"82 622";"27 561 743";"2024-09-09 00:21:47"
"2024-09-09";"";"4 870 256";"5 466 984";"27 561 890";"2024-09-09 11:20:52"
"2024-09-08";"Instagram";"684 416";"141 511";"27 563 029";"2024-09-08 18:27:39"
"2024-09-08";"";"617 341";"24 071";"27 561 649";"2024-09-08 15:12:54"
"2024-09-06";"YouTube";"75 598";"246 231";"27 561 989";"2024-09-06 16:49:38"
"2024-09-06";"Yandex";"409 879";"145 587";"27 562 266";"2024-09-06 13:46:34"
"2024-09-02";"";"65 821";"6 227";"27 562 384";"2024-09-02 03:48:00"
"2024-09-02";"";"351 493";"16 349";"27 561 555";"2024-09-02 21:42:18"
"2024-09-06";"";"39 734";"10 152";"27 563 145";"2024-09-06 17:26:18"
"2024-09-07";"Apple Music";"605 602";"24 629";"27 561 908";"2024-09-07 18:51:02"
"2024-09-08";"";"243 999";"28 491";"27 562 808";"2024-09-08 21:30:24"
"2024-09-05";"YouTube";"218 919";"33 430";"27 561 457";"2024-09-05 16:49:03"
"2024-09-08";"";"106 418";"6 688";"27 563 177";"2024-09-08 21:06:51"
"2024-09-07";"";"32 351";"3 480";"27 562 490";"2024-09-08 02:11:58"
"2024-09-10";"Yandex";"354 707";"324 028";"27 563 080";"2024-09-10 18:15:07"
"2024-09-01";"Facebook";"52 123";"4 149";"27 561 953";"2024-09-01 19:52:22"
"2024-09-01";"Telegram";"30 404 029";"17 156 703";"27 563 189";"2024-09-01 07:52:47"
"2024-09-06";"";"201 923";"13 636";"27 562 035";"2024-09-06 18:39:55"
"2024-09-10";"Instagram";"131 070 216";"2 890 490";"27 562 343";"2024-09-10 05:26:47"
"2024-09-02";"";"694 689";"163 763";"27 561 222";"2024-09-02 23:32:04"
"2024-09-06";"";"53 625";"41 043";"27 561 218";"2024-09-06 15:48:46"
"2024-09-03";"";"30 205";"5 762";"27 563 072";"2024-09-03 18:27:59"
"2024-09-01";"Unknown";"7 181 093";"646 900";"27 563 394";"2024-09-01 12:33:39"
"2024-09-07";"YouTube";"85 756";"45 580";"27 561 597";"2024-09-07 11:56:53"
"2024-09-05";"Telegram";"285 697 902";"89 229 405";"27 562 575";"2024-09-05 06:27:53"
"2024-09-10";"";"5 987 469";"1 570 777";"27 561 570";"2024-09-11 01:46:42"
"2024-09-08";"";"306 638";"70 166";"27 561 373";"2024-09-08 07:04:48"
"2024-09-04";"";"1 355 420";"326 867";"27 563 351";"2024-09-04 10:07:22"
"2024-09-02";"";"1 197 531";"122 128";"27 563 224";"2024-09-02 22:19:56"
"2024-09-01";"";"2 496 048";"116 944";"27 563 224";"2024-09-01 19:52:29"
"2024-09-08";"Facebook";"374 534";"152 382";"27 562 810";"2024-09-08 23:56:49"
"2024-09-04";"";"387 417";"309 864";"27 562 203";"2024-09-04 12:21:12"
"2024-09-01";"Unknown";"666 345";"73 841";"27 561 694";"2024-09-01 05:26:21"
"2024-09-09";"";"50 428";"34 584";"27 563 273";"2024-09-09 07:52:10"
"2024-09-04";"Odnoklassniki";"21 033 305";"1 080 317";"27 562 787";"2024-09-05 01:22:36"
"2024-09-03";"";"290 454";"56 381";"27 561 974";"2024-09-03 14:35:48"
"2024-09-06";"";"2 016 159";"52 726";"27 562 476";"2024-09-06 16:25:48"
"2024-09-03";"Unknown";"7 390 184";"278 213";"27 562 696";"2024-09-03 16:37:03"
"2024-09-01";"";"459 757";"29 620";"27 561 802";"2024-09-01 20:17:33"
"2024-09-06";"Facebook";"27 654";"32 804";"27 561 796";"2024-09-06 05:38:04"
"2024-09-07";"";"1 620 253";"69 302";"27 561 776";"2024-09-07 06:15:35"
"2024-09-08";"";"272 246";"230 808";"27 561 562";"2024-09-08 17:14:50"
"2024-09-03";"";"26 635";"2 025";"27 562 099";"2024-09-03 07:40:46"
"2024-09-06";"";"164 840";"18 679";"27 562 140";"2024-09-06 18:39:35"
"2024-09-02";"";"100 038";"21 074";"27 562 514";"2024-09-02 11:32:11"
"2024-09-05";"";"358 064";"139 082";"27 561 778";"2024-09-05 13:46:51"
"2024-09-01";"";"156 117";"115 621";"27 563 041";"2024-09-01 13:58:17"
"2024-09-06";"";"239 606";"249 543";"27 562 087";"2024-09-06 08:29:31"
"2024-09-08";"";"540 480";"36 690";"27 561 542";"2024-09-08 21:30:11"
"2024-09-04";"";"73 966";"6 479";"27 561 384";"2024-09-05 00:45:24"
"2024-09-07";"Yandex";"192 658";"11 740";"27 562 366";"2024-09-07 17:38:03"
"2024-09-01";"";"25 968";"7 111";"27 562 341";"2024-09-01 10:19:30"
"2024-09-10";"YouTube";"1 771 247";"653 077";"27 562 006";"2024-09-10 15:24:03"
"2024-09-06";"";"55 880";"5 322";"27 562 445";"2024-09-06 05:02:12"
"2024-09-02";"";"42 384";"4 212";"27 561 582";"2024-09-02 15:36:45"
"2024-09-09";"";"28 248 184";"885 908";"27 561 301";"2024-09-09 15:12:40"
"2024-09-03";"";"719 803";"45 403";"27 562 659";"2024-09-03 17:26:32"
"2024-09-10";"";"216 875";"32 322";"27 562 856";"2024-09-10 08:17:31"
"2024-09-08";"";"70 687";"10 187";"27 562 640";"2024-09-08 21:54:28"
"2024-09-01";"YouTube";"183 715 439";"11 157 041";"27 561 492";"2024-09-01 19:40:44"
"2024-09-02";"Instagram";"1 303 129";"353 668";"27 561 586";"2024-09-02 08:17:07"
"2024-09-08";"";"467 358";"41 653";"27 562 085";"2024-09-08 22:31:50"
"2024-09-08";"";"9 389 111";"364 437";"27 563 092";"2024-09-08 23:08:35"
"2024-09-08";"";"243 804";"11 580";"27 563 079";"2024-09-08 03:24:33"
"2024-09-08";"YouTube";"1 661 001";"93 170";"27 561 993";"2024-09-08 14:11:21"
"2024-09-04";"";"167 877";"9 537";"27 561 380";"2024-09-04 09:54:34"
"2024-09-07";"";"107 931";"5 726";"27 562 343";"2024-09-07 20:17:56"
"2024-09-02";"Telegram";"1 116 121";"137 169";"27 562 201";"2024-09-02 13:10:52"
"2024-09-10";"";"51 707";"51 873";"27 563 313";"2024-09-10 23:20:15"
"2024-09-08";"Yandex";"26 140";"9 586";"27 562 834";"2024-09-08 17:26:57"
"2024-09-02";"";"87 910";"72 881";"27 561 347";"2024-09-02 18:51:47"
"2024-09-03";"";"50 632";"2 383";"27 563 403";"2024-09-04 02:35:50"
"2024-09-05";"YouTube";"14 948 717";"617 348";"27 561 506";"2024-09-05 04:25:20"
"2024-09-06";"";"1 343 877";"87 297";"27 563 088";"2024-09-06 09:54:31"
"2024-09-08";"YouTube";"7 644 845";"1 832 221";"27 562 984";"2024-09-08 21:06:30"
"2024-09-07";"";"90 634";"14 159";"27 561 762";"2024-09-07 12:33:27"
"2024-09-06";"";"7 939";"51 860";"27 561 378";"2024-09-06 18:39:57"
"2024-09-06";"";"31 401";"3 875";"27 563 397";"2024-09-06 23:56:52"
"2024-09-07";"";"4 963 263";"252 956";"27 561 403";"2024-09-07 14:59:22"
"2024-09-10";"";"257 408";"87 115";"27 562 243";"2024-09-10 06:03:25"
"2024-09-05";"YouTube";"16 554 691";"932 226";"27 561 794";"2024-09-05 16:37:29"
"2024-09-03";"";"36 713";"120 661";"27 562 318";"2024-09-03 09:54:13"
"2024-09-05";"YouTube";"701 093";"7 482 921";"27 561 934";"2024-09-05 17:14:00"
"2024-09-07";"VKontakte";"93 995";"61 939";"27 561 520";"2024-09-07 09:54:59"
"2024-09-05";"";"123 032";"13 499";"27 562 470";"2024-09-05 22:31:45"
"2024-09-02";"";"11 627";"27 840";"27 562 226";"2024-09-02 14:47:34"
"2024-09-08";"";"30 187";"5 512";"27 561 865";"2024-09-08 14:59:56"
"2024-09-03";"";"497 881";"33 053";"27 562 156";"2024-09-03 09:54:29"
"2024-09-08";"";"33 355";"6 743";"27 562 890";"2024-09-08 21:18:40"
"2024-09-04";"YouTube";"8 660 780";"1 790 684";"27 561 249";"2024-09-04 19:04:54"
"2024-09-03";"";"50 238";"4 024";"27 563 041";"2024-09-04 01:22:02"
"2024-09-07";"";"46 151";"224 216";"27 561 185";"2024-09-07 10:07:03"
"2024-09-06";"";"88 028";"3 238";"27 561 176";"2024-09-06 21:06:12"
"2024-09-01";"Telegram";"5 692 283";"1 013 741";"27 563 078";"2024-09-01 19:04:40"
"2024-09-06";"";"379 359";"178 948";"27 563 095";"2024-09-06 22:07:03"
"2024-09-07";"";"1 223 420";"235 464";"27 563 445";"2024-09-07 23:44:08"
"2024-09-07";"";"196 397";"13 751";"27 562 480";"2024-09-07 07:28:01"
"2024-09-04";"";"80 015";"7 461";"27 561 555";"2024-09-04 23:56:34"
"2024-09-08";"";"1 654 957";"55 992";"27 562 063";"2024-09-08 16:49:09"
"2024-09-02";"";"25 674";"1 865";"27 562 222";"2024-09-02 14:59:35"
"2024-09-10";"";"226 168";"30 517";"27 562 090";"2024-09-10 08:05:46"
"2024-09-02";"";"63 489";"46 691";"27 561 862";"2024-09-02 23:20:21"
"2024-09-05";"Instagram";"465 360";"29 222";"27 561 518";"2024-09-05 17:02:25"
"2024-09-04";"Apple Music";"361 775";"18 370";"27 563 080";"2024-09-04 12:45:21"
"2024-09-02";"";"118 578";"7 039";"27 561 276";"2024-09-02 04:37:56"
"2024-09-06";"";"27 583 170";"1 678 143";"27 563 112";"2024-09-06 12:33:53"
"2024-09-08";"";"460 331";"74 032";"27 562 810";"2024-09-08 06:03:03"
"2024-09-10";"";"885 373";"98 750";"27 563 088";"2024-09-10 06:03:01"
"2024-09-09";"";"133 943";"19 903";"27 562 553";"2024-09-09 09:06:38"
"2024-09-04";"";"254 538";"19 885";"27 561 761";"2024-09-04 10:43:44"
"2024-09-02";"";"205 989";"57 588";"27 562 557";"2024-09-02 12:57:55"
"2024-09-04";"";"3 351 499";"60 043";"27 561 776";"2024-09-04 17:02:35"
"2024-09-09";"";"157 309";"5 404";"27 562 468";"2024-09-09 20:53:07"
"2024-09-08";"Instagram";"140 745 009";"3 339 513";"27 562 455";"2024-09-08 21:42:05"
"2024-09-09";"YouTube";"734 232";"57 563";"27 563 058";"2024-09-09 14:35:57"
"2024-09-07";"";"200 992";"73 667";"27 562 880";"2024-09-07 06:39:46"
"2024-09-10";"Apple Music";"1 305 608";"355 011";"27 562 542";"2024-09-10 14:59:46"
"2024-09-01";"";"179 484";"16 087";"27 561 908";"2024-09-01 22:31:35"
"2024-09-03";"";"763 651";"33 000";"27 562 156";"2024-09-03 22:31:46"
"2024-09-04";"";"1 035 197";"29 532";"27 563 154";"2024-09-04 20:29:27"
"2024-09-01";"";"70 659";"25 286";"27 561 336";"2024-09-01 20:05:59"
"2024-09-05";"";"225 430";"26 413";"27 562 302";"2024-09-05 14:23:58"
"2024-09-01";"Instagram";"91 376";"4 620";"27 562 523";"2024-09-01 23:56:59"
"2024-09-03";"";"18 106";"64 807";"27 561 989";"2024-09-03 20:53:49"
"2024-09-01";"";"30 944";"1 944";"27 561 706";"2024-09-01 11:08:28"
"2024-09-03";"";"32 577";"20 883";"27 562 622";"2024-09-03 15:00:54"
"2024-09-02";"";"102 722";"13 552";"27 563 500";"2024-09-02 21:54:22"
"2024-09-10";"Telegram";"150 841 661";"37 740 850";"27 561 634";"2024-09-10 18:51:25"
"2024-09-02";"";"84 142";"35 828";"27 562 330";"2024-09-02 21:30:59"
"2024-09-02";"";"36 916";"7 091";"27 563 447";"2024-09-02 18:27:20"
"2024-09-04";"";"59 466";"3 845";"27 562 364";"2024-09-05 02:11:33"
"2024-09-04";"";"36 140";"2 559";"27 562 497";"2024-09-04 14:59:26"
"2024-09-08";"Facebook";"5 218 665";"251 549";"27 561 332";"2024-09-08 17:14:42"
"2024-09-05";"Instagram";"1 054 832";"70 849";"27 562 787";"2024-09-05 12:21:36"
"2024-09-09";"";"41 603";"2 483";"27 561 311";"2024-09-10 01:46:20"
"2024-09-08";"Instagram";"62 067";"2 953";"27 562 150";"2024-09-08 07:40:50"
"2024-09-04";"Facebook";"705 352";"53 766";"27 562 931";"2024-09-05 01:58:31"
"2024-09-08";"Telegram";"29 697 472";"1 486 336";"27 563 364";"2024-09-08 11:08:18"
"2024-09-09";"Instagram";"44 464 210";"1 521 791";"27 563 175";"2024-09-09 12:21:20"
"2024-09-03";"";"26 285";"20 967";"27 562 645";"2024-09-03 23:32:52"
"2024-09-05";"";"27 313";"6 052";"27 561 874";"2024-09-05 08:05:33"
"2024-09-03";"";"6 669 044";"558 871";"27 561 865";"2024-09-03 06:15:39"
"2024-09-09";"";"26 220";"3 448";"27 562 437";"2024-09-09 07:28:56"
"2024-09-03";"";"121 075";"7 740";"27 562 435";"2024-09-03 10:55:28"
"2024-09-04";"";"170 974";"22 638";"27 562 476";"2024-09-04 07:52:16"
"2024-09-01";"";"28 443";"19 716";"27 561 512";"2024-09-01 18:39:01"
"2024-09-05";"";"52 580";"6 432";"27 562 243";"2024-09-05 23:32:50"
"2024-09-04";"";"29 051";"1 746";"27 562 981";"2024-09-04 08:17:07"
"2024-09-03";"";"26 269";"17 336";"27 562 863";"2024-09-04 00:45:16"
"2024-09-06";"Facebook";"161 669";"18 582";"27 561 595";"2024-09-06 14:11:02"
"2024-09-06";"";"16 435";"59 742";"27 562 841";"2024-09-06 04:37:41"
"2024-09-07";"";"191 092";"9 176";"27 563 515";"2024-09-07 15:48:22"
"2024-09-03";"Telegram";"37 463 286";"2 657 327";"27 561 260";"2024-09-03 08:53:46"
"2024-09-09";"";"442 418";"141 918";"27 561 224";"2024-09-09 11:56:23"
"2024-09-07";"";"463 860";"20 541";"27 562 464";"2024-09-07 12:21:44"
"2024-09-05";"Instagram";"25 139 832";"792 415";"27 563 205";"2024-09-05 10:07:02"
"2024-09-01";"";"36 867";"22 675";"27 562 173";"2024-09-02 01:22:55"
"2024-09-05";"Instagram";"6 139 626";"274 055";"27 562 025";"2024-09-05 20:41:56"
"2024-09-03";"";"60 167";"10 575";"27 562 615";"2024-09-03 17:02:47"
"2024-09-01";"YouTube";"5 081 862";"314 964";"27 562 701";"2024-09-01 21:06:28"
"2024-09-01";"";"27 360";"3 059";"27 561 742";"2024-09-01 14:59:04"
"2024-09-08";"";"33 809";"4 140";"27 562 912";"2024-09-08 08:29:19"
"2024-09-06";"Instagram";"7 978 477";"266 269";"27 562 382";"2024-09-06 05:26:07"
"2024-09-09";"Instagram";"1 661 247";"1 277 596";"27 562 190";"2024-09-09 22:43:48"
"2024-09-05";"Telegram";"1 441 737";"141 521";"27 562 648";"2024-09-05 05:38:52"
"2024-09-10";"";"25 815";"30 997";"27 563 234";"2024-09-10 07:52:28"
"2024-09-04";"";"2 470 028";"520 915";"27 563 369";"2024-09-04 18:03:29"
"2024-09-09";"";"454 819";"46 537";"27 562 127";"2024-09-09 23:56:33"
"2024-09-09";"";"161 275";"68 165";"27 562 985";"2024-09-09 03:00:14"
"2024-09-09";"";"58 729";"84 181";"27 563 261";"2024-09-09 17:50:49"
"2024-09-05";"";"825 459";"49 971";"27 562 360";"2024-09-05 09:30:54"
"2024-09-06";"";"83 048";"86 365";"27 562 376";"2024-09-07 00:33:14"
"2024-09-07";"";"59 910";"10 313";"27 561 706";"2024-09-08 02:23:42"
"2024-09-03";"";"32 222";"3 264";"27 562 867";"2024-09-03 17:26:54"
"2024-09-04";"YouTube";"2 642 937";"503 602";"27 562 455";"2024-09-04 22:19:25"
"2024-09-01";"";"216 804";"13 313";"27 561 221";"2024-09-01 08:17:21"
"2024-09-09";"";"549 180";"34 945";"27 561 232";"2024-09-09 16:25:21"
"2024-09-06";"";"30 215";"8 461";"27 561 622";"2024-09-06 15:36:26"
"2024-09-07";"WhatsApp";"2 189 729";"8 833 893";"27 561 421";"2024-09-07 17:02:16"
"2024-09-07";"";"51 052";"127 564";"27 562 222";"2024-09-07 11:56:46"
"2024-09-09";"";"13 196";"26 854";"27 563 112";"2024-09-09 21:30:40"
"2024-09-09";"";"8 453 622";"2 707 825";"27 563 087";"2024-09-09 10:07:14"
"2024-09-06";"";"18 452";"26 437";"27 563 210";"2024-09-06 12:09:28"
"2024-09-06";"";"80 166";"4 934";"27 561 213";"2024-09-06 23:20:11"
"2024-09-06";"";"4 258";"31 228";"27 562 048";"2024-09-06 17:26:54"
"2024-09-08";"";"30 828";"3 043";"27 562 088";"2024-09-08 10:31:38"
"2024-09-02";"";"526 016";"93 239";"27 561 311";"2024-09-02 10:55:12"
"2024-09-02";"";"40 055";"4 430";"27 561 870";"2024-09-02 16:25:24"
"2024-09-07";"YouTube";"2 184 369";"525 225";"27 561 940";"2024-09-07 21:54:35"
"2024-09-01";"";"187 571";"466 128";"27 562 187";"2024-09-01 14:59:56"
"2024-09-10";"";"161 123";"11 846";"27 561 480";"2024-09-10 04:49:49"
"2024-09-04";"";"283 347";"24 488";"27 563 393";"2024-09-04 14:35:18"
"2024-09-02";"";"3 370";"149 463";"27 562 965";"2024-09-02 04:13:28"
"2024-09-07";"";"112 295";"160 092";"27 562 063";"2024-09-07 14:47:23"
"2024-09-04";"";"136 880";"4 785";"27 561 912";"2024-09-04 20:05:36"
"2024-09-04";"Facebook";"32 652";"2 151";"27 562 787";"2024-09-04 06:03:48"
"2024-09-07";"TikTok";"323 966";"359 900";"27 563 083";"2024-09-07 13:46:58"
"2024-09-05";"";"265 033";"3 555 122";"27 561 697";"2024-09-05 06:15:41"
"2024-09-09";"";"340 932";"83 540";"27 562 213";"2024-09-09 11:32:44"
"2024-09-06";"";"4 891 808";"1 563 861";"27 561 884";"2024-09-06 08:29:56"
"2024-09-03";"YouTube";"227 390 857";"15 941 489";"27 562 903";"2024-09-03 21:06:23"
"2024-09-01";"";"1 703 588";"135 843";"27 561 978";"2024-09-02 02:11:34"
"2024-09-03";"";"35 156";"6 897";"27 563 313";"2024-09-03 08:53:00"
"2024-09-04";"";"126 954";"150 482";"27 561 432";"2024-09-04 23:56:14"
"2024-09-03";"Tas-ix";"70 589";"6 781";"27 561 767";"2024-09-03 21:30:53"
"2024-09-02";"YouTube";"1 097 894";"103 698";"27 561 951";"2024-09-02 11:32:15"
"2024-09-09";"";"59 045";"2 780";"27 561 851";"2024-09-09 04:25:18"
"2024-09-06";"";"128 155";"338 043";"27 561 182";"2024-09-07 01:58:41"
"2024-09-06";"";"37 785";"5 656";"27 562 629";"2024-09-06 04:01:14"
"2024-09-02";"Facebook";"124 362";"111 947";"27 561 417";"2024-09-02 08:29:23"
"2024-09-05";"";"5 300 347";"226 888";"27 561 396";"2024-09-05 14:35:12"
"2024-09-04";"";"34 469";"28 818";"27 563 081";"2024-09-05 02:47:32"
"2024-09-05";"";"639 639";"174 049";"27 562 326";"2024-09-05 19:28:36"
"2024-09-03";"";"31 091";"1 887";"27 561 420";"2024-09-03 05:38:29"
"2024-09-10";"";"72 551";"54 153";"27 562 317";"2024-09-10 11:44:07"
"2024-09-07";"VKontakte";"163 470";"6 849";"27 563 489";"2024-09-07 18:39:23"
"2024-09-09";"Facebook";"1 412 190";"1 217 137";"27 562 538";"2024-09-09 10:07:13"
"2024-09-05";"Facebook";"552 102";"212 703";"27 562 663";"2024-09-06 00:45:28"
"2024-09-08";"";"57 513";"23 148";"27 561 367";"2024-09-09 00:21:26"
"2024-09-06";"";"220 373";"11 231";"27 562 398";"2024-09-06 07:04:36"
"2024-09-08";"";"253 745";"103 050";"27 561 219";"2024-09-08 14:35:27"
"2024-09-08";"WhatsApp";"5 151 996";"2 116 418";"27 562 721";"2024-09-08 17:14:24"
"2024-09-04";"";"73 782";"102 201";"27 562 829";"2024-09-04 18:03:19"
"2024-09-08";"";"299 337";"58 280";"27 563 285";"2024-09-08 20:17:36"
"2024-09-09";"Facebook";"152 894";"46 163";"27 561 401";"2024-09-09 04:37:10"
"2024-09-07";"";"873 932";"77 027";"27 563 211";"2024-09-07 10:19:29"
"2024-09-10";"Facebook";"13 656";"28 127";"27 562 454";"2024-09-11 02:23:57"
"2024-09-01";"";"79 288";"21 305";"27 562 512";"2024-09-01 12:33:45"
"2024-09-07";"YouTube";"85 941";"11 195";"27 562 044";"2024-09-07 11:56:11"
"2024-09-01";"Tas-ix";"70 594";"21 584";"27 562 355";"2024-09-01 21:18:21"
"2024-09-05";"";"0";"35 476";"27 561 846";"2024-09-05 07:16:54"
"2024-09-05";"Facebook";"2 191 801";"60 481";"27 562 615";"2024-09-05 05:02:22"
"2024-09-09";"YouTube";"26 827";"5 311";"27 563 228";"2024-09-09 05:38:21"
"2024-09-09";"";"559 435";"18 775";"27 563 445";"2024-09-09 05:50:22"
"2024-09-08";"";"27 355";"2 923";"27 562 026";"2024-09-08 17:38:02"
"2024-09-10";"TikTok";"540";"34 673";"27 563 388";"2024-09-10 08:53:52"
"2024-09-07";"";"228 042";"6 677";"27 563 096";"2024-09-08 02:59:07"
"2024-09-08";"YouTube";"4 928 440";"249 718";"27 561 725";"2024-09-08 17:38:01"
"2024-09-01";"YouTube";"75 353";"24 393";"27 563 399";"2024-09-01 05:26:37"
"2024-09-10";"";"238 516";"19 273";"27 563 439";"2024-09-10 08:29:57"
"2024-09-02";"WhatsApp";"701 865";"173 905";"27 562 762";"2024-09-02 13:10:57"
"2024-09-04";"Instagram";"47 196 499";"1 803 871";"27 561 529";"2024-09-04 05:50:43"
"2024-09-03";"";"57 546";"2 885";"27 563 088";"2024-09-04 02:11:04"
"2024-09-01";"";"117 102";"5 619";"27 561 670";"2024-09-01 12:21:27"
"2024-09-06";"YouTube";"6 054 163";"383 239";"27 561 855";"2024-09-06 05:02:54"
"2024-09-08";"Telegram";"18 389 579";"1 026 652";"27 562 834";"2024-09-08 18:51:02"
"2024-09-09";"WhatsApp";"5 850 247";"9 382 094";"27 561 981";"2024-09-10 00:21:43"
"2024-09-04";"";"189 902";"8 269";"27 561 410";"2024-09-04 06:51:01"
"2024-09-09";"Instagram";"21 980 279";"818 255";"27 561 924";"2024-09-10 01:34:45"
"2024-09-02";"";"168 942";"63 388";"27 563 153";"2024-09-02 13:10:43"
"2024-09-05";"";"63 776";"4 681";"27 562 047";"2024-09-05 12:57:24"
"2024-09-04";"";"173 380";"13 802";"27 562 656";"2024-09-04 09:42:11"
"2024-09-05";"";"246 233";"31 173";"27 563 304";"2024-09-05 17:26:14"
"2024-09-05";"Instagram";"649 760";"483 663";"27 562 647";"2024-09-06 02:23:54"
"2024-09-05";"";"139 184";"13 529";"27 561 659";"2024-09-05 04:13:27"
"2024-09-01";"";"62 602 759";"3 073 013";"27 562 561";"2024-09-01 15:12:57"
"2024-09-05";"YouTube";"378 543";"2 418 686";"27 561 965";"2024-09-05 08:29:12"
"2024-09-10";"";"66 170";"6 894";"27 562 025";"2024-09-10 11:44:10"
"2024-09-07";"";"58 342";"2 196";"27 563 478";"2024-09-07 13:58:05"
"2024-09-07";"";"26 813";"18 114";"27 561 499";"2024-09-08 02:47:29"
"2024-09-06";"Instagram";"205 625";"21 504";"27 561 817";"2024-09-06 20:29:51"
"2024-09-06";"";"91 361";"7 680";"27 562 392";"2024-09-06 20:41:30"
"2024-09-09";"";"28 950";"14 958";"27 561 670";"2024-09-09 15:48:19"
"2024-09-06";"";"76 022";"3 411";"27 561 573";"2024-09-06 20:53:14"
"2024-09-06";"VKontakte";"112 914";"22 791";"27 561 744";"2024-09-06 12:45:37"
"2024-09-07";"";"28 525";"12 285";"27 561 929";"2024-09-07 13:10:48"
"2024-09-02";"Tas-ix";"45 177";"5 329";"27 562 343";"2024-09-02 13:46:25"
"2024-09-02";"";"1 622";"68 758";"27 562 398";"2024-09-02 15:00:43"
"2024-09-07";"";"246 429";"13 136";"27 561 722";"2024-09-07 08:05:15"
"2024-09-05";"YouTube";"16 347";"126 665";"27 563 310";"2024-09-05 23:32:50"
"2024-09-10";"";"773 948";"404 866";"27 563 119";"2024-09-10 09:54:28"
"2024-09-06";"Facebook";"89 855";"44 622";"27 562 499";"2024-09-06 08:17:24"
"2024-09-02";"";"172 571";"50 322";"27 563 080";"2024-09-02 08:53:08"
"2024-09-03";"";"459 447";"111 834";"27 561 325";"2024-09-03 12:21:12"
"2024-09-05";"IMO";"104 762";"28 882";"27 561 819";"2024-09-05 15:24:16"
"2024-09-06";"";"203 850";"84 634";"27 561 787";"2024-09-06 07:04:04"
"2024-09-10";"";"25 938";"12 507";"27 561 634";"2024-09-11 00:45:24"
"2024-09-07";"";"196 957";"174 517";"27 562 292";"2024-09-07 05:14:54"
"2024-09-04";"YouTube";"125 278";"1 468 504";"27 562 829";"2024-09-04 17:02:37"
"2024-09-02";"";"341 080";"1 216 289";"27 563 445";"2024-09-02 12:09:33"
"2024-09-06";"";"40 993";"15 367";"27 563 193";"2024-09-06 11:20:23"
"2024-09-07";"YouTube";"106 351 178";"4 920 264";"27 562 326";"2024-09-07 05:02:14"
"2024-09-10";"YouTube";"33 274";"73 613";"27 562 601";"2024-09-10 18:27:48"
"2024-09-06";"Unknown";"25 608";"2 831";"27 563 317";"2024-09-07 02:59:44"
"2024-09-06";"";"35 047";"93 635";"27 563 021";"2024-09-06 21:42:26"
"2024-09-07";"";"237 147";"718 329";"27 562 689";"2024-09-07 15:36:14"
"2024-09-01";"Instagram";"5 089 689";"213 009";"27 562 437";"2024-09-01 21:18:46"
"2024-09-09";"";"52 956";"35 971";"27 561 232";"2024-09-09 10:07:49"
"2024-09-03";"Facebook";"3 107 671";"77 751";"27 562 663";"2024-09-04 01:22:54"
"2024-09-01";"";"19 169";"107 964";"27 563 238";"2024-09-01 08:53:11"
"2024-09-06";"";"268 859";"16 984";"27 562 530";"2024-09-06 06:03:38"
"2024-09-04";"";"166 396";"133 007";"27 561 882";"2024-09-04 06:03:54"
"2024-09-09";"YouTube";"99 838";"5 004";"27 563 287";"2024-09-09 13:22:28"
"2024-09-01";"";"204 249";"122 273";"27 561 943";"2024-09-01 05:02:25"
"2024-09-04";"YouTube";"642 571";"35 753";"27 563 113";"2024-09-04 15:24:03"
"2024-09-05";"";"29 785";"5 446";"27 561 622";"2024-09-06 02:11:52"
"2024-09-10";"";"363 933";"33 820";"27 561 597";"2024-09-10 04:13:17"
"2024-09-01";"";"30 425";"41 885";"27 563 176";"2024-09-02 01:10:03"
"2024-09-06";"";"522 168";"394 285";"27 562 784";"2024-09-06 16:13:44"
"2024-09-05";"";"232 039";"137 031";"27 562 552";"2024-09-06 01:10:30"
"2024-09-09";"";"1 213 836";"757 388";"27 561 269";"2024-09-09 11:44:32"
"2024-09-08";"";"296 117";"26 114";"27 563 101";"2024-09-08 10:31:42"
"2024-09-10";"YouTube";"459 035";"21 672";"27 562 597";"2024-09-10 14:47:07"
"2024-09-02";"";"371 739";"22 405";"27 563 122";"2024-09-02 19:04:41"
"2024-09-10";"Instagram";"351 577";"15 423";"27 561 595";"2024-09-10 19:40:10"
"2024-09-09";"";"498 429";"39 487";"27 563 238";"2024-09-09 07:16:39"
"2024-09-03";"";"37 530";"17 133";"27 561 337";"2024-09-03 18:03:06"
"2024-09-10";"";"34 876";"2 875";"27 561 368";"2024-09-11 02:11:17"
"2024-09-01";"";"322 843";"73 701";"27 562 438";"2024-09-01 19:04:05"
"2024-09-10";"";"555 379";"82 045";"27 561 720";"2024-09-10 11:44:14"
"2024-09-06";"";"33 099";"5 035";"27 562 780";"2024-09-07 01:34:21"
"2024-09-10";"";"87 027";"72 750";"27 562 473";"2024-09-10 12:57:37"
"2024-09-05";"";"119 584";"18 727";"27 562 835";"2024-09-06 02:11:03"
"2024-09-10";"";"355 282";"277 048";"27 561 173";"2024-09-10 05:50:23"
"2024-09-09";"";"242 517";"68 454";"27 562 007";"2024-09-09 06:51:49"
"2024-09-09";"";"84 981";"16 308";"27 561 373";"2024-09-09 12:09:52"
"2024-09-10";"";"3 066 904";"291 469";"27 561 845";"2024-09-10 08:53:43"
"2024-09-05";"";"21 707";"108 371";"27 563 154";"2024-09-06 01:58:40"
"2024-09-01";"YouTube";"157 239";"31 975";"27 561 647";"2024-09-02 01:34:32"
"2024-09-02";"Telegram";"72 324";"7 599";"27 561 730";"2024-09-02 06:03:19"
"2024-09-04";"";"139 176";"87 913";"27 562 025";"2024-09-04 04:49:50"
"2024-09-02";"Likee";"3 410 321";"359 566";"27 562 204";"2024-09-02 18:27:18"
"2024-09-08";"";"72 346";"28 691";"27 562 025";"2024-09-09 00:57:50"
"2024-09-03";"Instagram";"3 000 175";"144 107";"27 561 401";"2024-09-03 21:42:02"
"2024-09-08";"";"53 193";"439 193";"27 563 403";"2024-09-08 05:26:03"
"2024-09-06";"";"30 619";"15 049";"27 561 815";"2024-09-06 23:08:36"
"2024-09-10";"";"238 473";"9 727";"27 561 251";"2024-09-10 19:40:22"
"2024-09-10";"";"334 105";"31 490";"27 562 350";"2024-09-10 06:15:55"
"2024-09-02";"";"35 834";"3 731";"27 562 672";"2024-09-02 16:25:35"
"2024-09-10";"";"33 318";"13 275";"27 561 597";"2024-09-10 12:33:45"
"2024-09-04";"TikTok";"797 503";"4 314 032";"27 562 204";"2024-09-04 18:15:55"
"2024-09-09";"Telegram";"79 846 736";"4 724 968";"27 562 002";"2024-09-09 03:24:17"
"2024-09-08";"Instagram";"956 693";"92 380";"27 561 293";"2024-09-08 12:33:50"
"2024-09-08";"";"138 504";"28 239";"27 562 620";"2024-09-08 18:03:47"
"2024-09-05";"";"346 431";"12 730";"27 562 832";"2024-09-05 04:01:51"
"2024-09-08";"";"121 228";"298 161";"27 561 231";"2024-09-08 16:49:53"
"2024-09-08";"";"110 791";"14 821";"27 561 281";"2024-09-08 23:32:56"
"2024-09-02";"YouTube";"9 652";"78 388";"27 563 488";"2024-09-02 11:20:40"
"2024-09-09";"";"438 988";"27 003";"27 562 674";"2024-09-09 10:31:39"
"2024-09-06";"Telegram";"65 576 423";"8 316 933";"27 562 729";"2024-09-06 23:56:33"
"2024-09-10";"";"31 451 749";"680 050";"27 561 845";"2024-09-11 02:59:17"
"2024-09-08";"";"209 093";"7 226";"27 562 935";"2024-09-08 10:19:03"
"2024-09-03";"";"643 825";"88 779";"27 562 205";"2024-09-03 07:04:06"
"2024-09-05";"";"50 973";"3 436";"27 561 516";"2024-09-05 04:49:04"
"2024-09-04";"";"105 478";"5 521";"27 562 759";"2024-09-05 02:59:29"
"2024-09-01";"TikTok";"776";"48 645";"27 561 922";"2024-09-01 08:41:14"
"2024-09-06";"";"5 084 712";"561 611";"27 563 507";"2024-09-06 14:23:03"
"2024-09-08";"Unknown";"47 463";"32 066";"27 562 949";"2024-09-08 20:29:15"
"2024-09-01";"";"52 834";"6 935";"27 563 344";"2024-09-01 12:09:57"
"2024-09-05";"";"34 182";"14 596";"27 563 339";"2024-09-05 13:58:07"
"2024-09-06";"";"1 377 909";"45 450";"27 561 433";"2024-09-06 18:39:13"
"2024-09-01";"";"3 880";"44 041";"27 561 994";"2024-09-01 20:41:59"
"2024-09-02";"";"1 139 518";"105 178";"27 563 096";"2024-09-02 11:56:26"
"2024-09-02";"Instagram";"1 576 296";"196 883";"27 562 384";"2024-09-02 14:59:31"
"2024-09-05";"";"82 431";"3 071";"27 562 575";"2024-09-05 17:02:15"
"2024-09-08";"";"27 936";"16 966";"27 561 825";"2024-09-09 01:22:29"
"2024-09-09";"";"100 816";"31 825";"27 562 376";"2024-09-09 20:41:06"
"2024-09-01";"";"30 796";"3 770";"27 561 197";"2024-09-01 09:06:45"
"2024-09-08";"Facebook";"2 041 282";"116 391";"27 562 571";"2024-09-08 04:13:36"
"2024-09-03";"Facebook";"1 059 012";"65 087";"27 563 333";"2024-09-03 14:59:20"
"2024-09-07";"";"80 988";"153 660";"27 561 775";"2024-09-07 03:48:06"
"2024-09-04";"Telegram";"285 875";"18 655";"27 562 555";"2024-09-04 21:30:45"
"2024-09-01";"";"74 739";"40 321";"27 562 168";"2024-09-01 07:40:10"
"2024-09-01";"Instagram";"1 354 830";"265 374";"27 562 462";"2024-09-01 15:24:02"
"2024-09-04";"YouTube";"629 887 265";"31 454 446";"27 563 509";"2024-09-04 18:51:37"
"2024-09-02";"WhatsApp";"113 293";"6 480";"27 561 708";"2024-09-02 16:13:57"
"2024-09-06";"Tas-ix";"3 620 646";"507 873";"27 561 649";"2024-09-06 18:39:05"
"2024-09-08";"";"389 397";"25 371";"27 561 970";"2024-09-08 03:48:07"
"2024-09-02";"YouTube";"1 121 871";"70 993";"27 563 308";"2024-09-02 19:04:48"
"2024-09-05";"";"150 533";"25 626";"27 561 658";"2024-09-06 02:59:21"
"2024-09-05";"";"107 545";"160 166";"27 563 244";"2024-09-05 18:51:37"
"2024-09-10";"";"146 751";"7 395";"27 562 232";"2024-09-10 21:06:41"
"2024-09-07";"VKontakte";"1 207 117";"1 173 800";"27 562 427";"2024-09-08 00:57:49"
"2024-09-01";"";"56 536";"142 767";"27 562 861";"2024-09-01 10:43:13"
"2024-09-03";"";"560 958";"779 529";"27 562 261";"2024-09-03 18:27:24"
"2024-09-07";"";"26 778";"1 545";"27 561 533";"2024-09-07 06:03:43"
"2024-09-02";"WhatsApp";"162 162";"10 123";"27 562 813";"2024-09-02 16:25:42"
"2024-09-03";"";"2 406 391";"827 907";"27 561 501";"2024-09-03 13:58:02"
"2024-09-02";"";"272 202";"20 929";"27 562 290";"2024-09-02 22:31:51"
"2024-09-01";"";"266 721";"120 846";"27 561 784";"2024-09-01 18:27:35"
"2024-09-10";"";"527 518";"34 108";"27 561 616";"2024-09-10 05:26:36"
"2024-09-01";"";"31 362";"11 965";"27 562 803";"2024-09-01 10:07:13"
"2024-09-04";"";"669 573";"734 191";"27 562 254";"2024-09-04 07:04:57"
"2024-09-07";"";"1 214 666";"84 934";"27 561 477";"2024-09-07 03:00:36"
"2024-09-06";"";"533 233";"39 868";"27 561 477";"2024-09-06 08:41:31"
"2024-09-08";"";"66 549";"175 877";"27 562 780";"2024-09-08 05:26:24"
"2024-09-09";"Instagram";"21 839 913";"390 042";"27 562 629";"2024-09-09 06:15:59"
"2024-09-09";"";"298 172";"92 196";"27 562 899";"2024-09-09 11:08:03"
"2024-09-09";"";"7 561";"37 515";"27 561 277";"2024-09-09 07:16:30"
"2024-09-06";"Unknown";"3 037 825";"151 223";"27 561 873";"2024-09-06 03:48:30"
"2024-09-04";"";"105 329";"18 356";"27 562 149";"2024-09-04 16:25:36"
"2024-09-10";"Facebook";"282 258";"434 962";"27 562 903";"2024-09-10 07:40:32"
"2024-09-01";"VKontakte";"379 519 782";"15 389 747";"27 562 941";"2024-09-01 20:29:15"
"2024-09-09";"";"12 168 641";"664 120";"27 562 708";"2024-09-09 12:21:47"
"2024-09-03";"Tas-ix";"442 702";"42 344";"27 563 265";"2024-09-03 09:06:50"
"2024-09-05";"";"507 558";"26 435";"27 562 051";"2024-09-05 20:53:59"
"2024-09-02";"";"338 953";"24 970";"27 562 829";"2024-09-02 14:23:39"
"2024-09-05";"";"367 639";"29 558";"27 561 500";"2024-09-06 00:57:11"
"2024-09-04";"";"115 968";"8 791";"27 561 304";"2024-09-04 10:19:47"
"2024-09-03";"";"31 923";"7 727";"27 562 040";"2024-09-03 05:50:36"
"2024-09-03";"YouTube";"30 954";"11 123";"27 563 335";"2024-09-03 08:17:00"
"2024-09-08";"Facebook";"82 636";"14 569";"27 562 982";"2024-09-08 08:05:12"
"2024-09-05";"";"322 096 601";"5 482 768";"27 563 005";"2024-09-05 12:09:33"
"2024-09-06";"";"46 947";"35 560";"27 563 263";"2024-09-06 22:07:45"
"2024-09-08";"";"140 625";"153 856";"27 562 504";"2024-09-08 04:01:04"
"2024-09-05";"Instagram";"8 352 537";"295 463";"27 562 832";"2024-09-05 11:20:20"
"2024-09-03";"";"78 794";"61 702";"27 562 578";"2024-09-03 03:36:24"
"2024-09-05";"";"102 355";"14 385";"27 562 812";"2024-09-05 07:40:27"
"2024-09-07";"Unknown";"1 684 664";"126 482";"27 562 047";"2024-09-07 13:46:51"
"2024-09-05";"";"140 880";"14 130";"27 562 366";"2024-09-05 21:30:50"
"2024-09-02";"";"133 100";"57 084";"27 561 355";"2024-09-02 11:44:41"
"2024-09-04";"";"29 548";"4 228";"27 562 847";"2024-09-04 11:56:37"
"2024-09-01";"Telegram";"78 557 449";"9 108 584";"27 562 224";"2024-09-01 12:33:00"
"2024-09-10";"Facebook";"388 571";"20 925";"27 562 699";"2024-09-10 11:56:14"
"2024-09-09";"Instagram";"142 718 059";"3 223 582";"27 561 259";"2024-09-09 20:41:36"
"2024-09-07";"";"29 504";"4 668";"27 563 225";"2024-09-07 23:32:41"
"2024-09-04";"";"20 308";"32 759";"27 562 374";"2024-09-04 06:27:50"
"2024-09-08";"";"97 616";"8 418";"27 562 173";"2024-09-08 05:14:40"
"2024-09-08";"Facebook";"10 604 860";"476 501";"27 562 142";"2024-09-08 12:21:53"
"2024-09-01";"TikTok";"225 168";"2 175 622";"27 562 762";"2024-09-02 01:10:07"
"2024-09-05";"Yandex";"16 439 287";"2 376 632";"27 562 239";"2024-09-05 18:39:59"
"2024-09-02";"YouTube";"6 162 197";"3 402 707";"27 563 186";"2024-09-02 19:04:09"
"2024-09-07";"";"26 193";"4 404";"27 561 753";"2024-09-08 00:57:05"
"2024-09-08";"YouTube";"2 163 274";"809 804";"27 562 709";"2024-09-08 09:18:30"
"2024-09-06";"";"740 450";"192 211";"27 563 333";"2024-09-07 00:21:26"
"2024-09-02";"Instagram";"441 216 066";"11 443 728";"27 562 041";"2024-09-02 21:54:17"
"2024-09-08";"Instagram";"547 490";"135 725";"27 561 809";"2024-09-08 10:55:52"
"2024-09-06";"";"353 969";"73 004";"27 561 534";"2024-09-06 16:13:09"
"2024-09-01";"";"256 534";"12 334";"27 563 458";"2024-09-01 23:08:48"
"2024-09-07";"Telegram";"303 134";"56 105";"27 563 316";"2024-09-07 10:19:52"
"2024-09-01";"Telegram";"23 854 515";"1 585 048";"27 562 571";"2024-09-01 22:43:55"
"2024-09-05";"";"112 325";"65 457";"27 562 535";"2024-09-05 17:02:37"
"2024-09-10";"";"85 249";"17 549";"27 561 289";"2024-09-10 09:18:07"
"2024-09-01";"";"220 781";"58 093";"27 563 236";"2024-09-01 21:54:28"
"2024-09-01";"";"121 175";"22 069";"27 561 999";"2024-09-01 15:24:52"
"2024-09-07";"Yandex Music";"27 893";"4 649";"27 561 368";"2024-09-08 01:22:25"
"2024-09-05";"";"79 954";"7 458";"27 563 345";"2024-09-05 07:52:34"
"2024-09-06";"";"37 483";"26 667";"27 562 686";"2024-09-07 01:10:41"
"2024-09-04";"Yandex";"57 559";"1 811";"27 562 688";"2024-09-04 21:30:53"
"2024-09-08";"YouTube";"129 247";"931 185";"27 563 218";"2024-09-08 19:52:44"
"2024-09-04";"";"61 357";"9 429";"27 562 799";"2024-09-04 13:46:47"
"2024-09-07";"Instagram";"75 877 073";"1 785 548";"27 563 318";"2024-09-07 16:01:46"
"2024-09-03";"";"29 657";"14 083";"27 561 485";"2024-09-03 15:00:17"
"2024-09-03";"YouTube";"2 619 505";"537 615";"27 561 362";"2024-09-03 19:40:11"
"2024-09-03";"";"149 879";"15 456";"27 562 435";"2024-09-04 02:35:33"
"2024-09-09";"Instagram";"8 976 877";"345 294";"27 562 644";"2024-09-09 22:31:41"
"2024-09-06";"";"1 312 292";"85 353";"27 563 221";"2024-09-06 08:05:56"
"2024-09-07";"";"93 320";"5 239";"27 562 025";"2024-09-07 18:39:25"
"2024-09-04";"";"95 738 723";"7 034 329";"27 561 355";"2024-09-04 15:12:50"
"2024-09-04";"";"5 815 061";"873 524";"27 562 968";"2024-09-04 04:25:45"
"2024-09-02";"";"38 965 820";"2 082 285";"27 562 143";"2024-09-02 20:05:21"
"2024-09-10";"";"61 388";"19 456";"27 561 952";"2024-09-10 15:24:28"
"2024-09-03";"";"19 622";"219 907";"27 561 171";"2024-09-03 12:09:55"
"2024-09-09";"";"96 495";"6 485";"27 561 325";"2024-09-09 23:20:09"
"2024-09-08";"";"1 855 212";"752 084";"27 562 607";"2024-09-08 11:56:32"
"2024-09-10";"";"57 662";"7 489";"27 562 595";"2024-09-10 18:51:51"
"2024-09-04";"";"3 563 309";"147 147";"27 562 156";"2024-09-04 11:56:24"
"2024-09-08";"";"463 975";"2 632 555";"27 561 825";"2024-09-08 05:50:05"
"2024-09-09";"";"82 986";"4 450";"27 563 075";"2024-09-09 07:16:34"
"2024-09-04";"";"217 484";"71 757";"27 563 452";"2024-09-04 20:41:12"
"2024-09-05";"";"432 736";"29 012";"27 562 668";"2024-09-05 15:48:57"
"2024-09-02";"";"961 178";"187 349";"27 561 753";"2024-09-02 10:07:25"
"2024-09-01";"Facebook";"63 381";"7 339";"27 561 471";"2024-09-01 19:40:47"
"2024-09-03";"";"2 980 790";"1 961 820";"27 562 197";"2024-09-03 05:50:46"
"2024-09-01";"Instagram";"73 867 603";"2 532 621";"27 562 600";"2024-09-01 19:04:22"
"2024-09-10";"";"187 519";"170 022";"27 562 961";"2024-09-10 16:01:35"
"2024-09-06";"Yandex";"26 680";"5 198";"27 563 088";"2024-09-06 09:18:18"
"2024-09-08";"";"56 964";"5 020";"27 563 030";"2024-09-08 19:04:19"
"2024-09-02";"";"35 407";"8 188";"27 561 802";"2024-09-02 14:35:15"
"2024-09-02";"";"14 428 666";"310 659";"27 561 796";"2024-09-02 16:25:33"
"2024-09-05";"";"61 319";"2 877";"27 562 668";"2024-09-05 23:56:41"
"2024-09-10";"";"84 969";"13 074";"27 562 563";"2024-09-10 06:03:20"
"2024-09-07";"";"48 987";"4 530";"27 561 435";"2024-09-08 00:57:55"
"2024-09-06";"Facebook";"363 483";"174 265";"27 561 224";"2024-09-06 07:28:37"
"2024-09-09";"";"29 427";"4 302";"27 563 109";"2024-09-09 12:09:37"
"2024-09-02";"YouTube";"6 545 699";"340 588";"27 561 482";"2024-09-02 18:27:42"
"2024-09-02";"";"54 216";"23 176";"27 561 172";"2024-09-02 19:52:53"
"2024-09-06";"";"476 084";"121 215";"27 561 649";"2024-09-06 14:59:32"
"2024-09-03";"";"40 423";"2 522";"27 563 392";"2024-09-03 12:45:09"
"2024-09-06";"YouTube";"149 912";"27 379";"27 562 512";"2024-09-06 06:51:32"
"2024-09-04";"Instagram";"7 785 850";"3 702 372";"27 561 301";"2024-09-05 01:22:42"
"2024-09-08";"YouTube";"48 202";"155 438";"27 561 658";"2024-09-08 03:00:56"
"2024-09-03";"";"13 992";"82 588";"27 561 958";"2024-09-03 07:40:05"
"2024-09-06";"";"6 137";"25 676";"27 562 242";"2024-09-06 16:13:18"
"2024-09-08";"";"41 428";"6 321";"27 561 564";"2024-09-08 16:49:57"
"2024-09-08";"";"7 025 787";"320 388";"27 562 069";"2024-09-08 18:15:21"
"2024-09-10";"Instagram";"696 359";"132 587";"27 561 341";"2024-09-10 13:46:09"
"2024-09-01";"YouTube";"781 178";"116 448";"27 561 903";"2024-09-01 05:26:36"
"2024-09-10";"";"29 181";"3 293";"27 561 638";"2024-09-10 05:14:24"
"2024-09-09";"";"201 041";"20 526";"27 561 845";"2024-09-10 02:47:55"
"2024-09-02";"";"119 352";"6 906";"27 563 095";"2024-09-02 21:18:02"
"2024-09-01";"";"160 721";"7 004";"27 562 445";"2024-09-01 16:25:57"
"2024-09-08";"";"122 481";"27 120";"27 562 400";"2024-09-08 12:21:56"
"2024-09-03";"";"74 381";"5 322";"27 562 587";"2024-09-04 02:23:17"
"2024-09-09";"";"4 139";"49 466";"27 562 748";"2024-09-09 16:25:56"
"2024-09-06";"";"164 727";"62 080";"27 561 290";"2024-09-06 10:07:48"
"2024-09-08";"Facebook";"35 781";"5 902";"27 563 432";"2024-09-08 22:43:56"
"2024-09-03";"";"376 773";"25 112";"27 562 090";"2024-09-03 08:05:58"
"2024-09-04";"";"492 022";"93 682";"27 561 838";"2024-09-04 11:44:37"
"2024-09-04";"";"90 373";"12 795";"27 563 083";"2024-09-04 19:28:11"
"2024-09-08";"";"212 691";"94 338";"27 562 935";"2024-09-09 00:09:10"
"2024-09-08";"";"334 227";"16 655";"27 562 185";"2024-09-08 05:02:28"
"2024-09-02";"";"584 261";"93 034";"27 561 717";"2024-09-02 18:15:52"
"2024-09-08";"";"28 157";"7 735";"27 561 314";"2024-09-08 15:12:58"
"2024-09-09";"YouTube";"454 019";"134 435";"27 561 825";"2024-09-10 01:34:04"
"2024-09-04";"";"28 575";"13 022";"27 562 442";"2024-09-04 08:17:55"
"2024-09-09";"";"38 447";"21 941";"27 562 072";"2024-09-09 07:28:03"
"2024-09-02";"";"401 903";"21 720";"27 561 697";"2024-09-03 02:23:36"
"2024-09-01";"";"90 509";"6 716";"27 562 292";"2024-09-01 04:25:12"
"2024-09-01";"";"38 502";"2 540";"27 562 292";"2024-09-01 05:02:50"
"2024-09-02";"Instagram";"1 895 565";"849 435";"27 563 491";"2024-09-02 03:00:30"
"2024-09-06";"";"15 125 860";"569 545";"27 561 433";"2024-09-06 08:05:54"
"2024-09-02";"";"230 849";"724 775";"27 563 500";"2024-09-02 19:04:16"
"2024-09-08";"";"573 101";"45 007";"27 563 467";"2024-09-08 15:48:01"
"2024-09-09";"Telegram";"29 204 716";"36 468 331";"27 563 052";"2024-09-10 02:47:30"
"2024-09-06";"";"795 458";"252 156";"27 562 560";"2024-09-06 17:14:36"
"2024-09-02";"";"50 465";"3 654";"27 561 288";"2024-09-03 02:59:01"
"2024-09-04";"";"1 916 962";"357 455";"27 563 291";"2024-09-04 12:57:04"
"2024-09-08";"YouTube";"377 977 180";"18 796 336";"27 563 404";"2024-09-08 23:56:55"
"2024-09-04";"Instagram";"652 842";"45 011";"27 561 516";"2024-09-04 08:53:18"
"2024-09-09";"";"324 089";"63 175";"27 563 113";"2024-09-09 03:24:32"
"2024-09-06";"";"42 119";"3 945";"27 563 096";"2024-09-06 11:44:40"
"2024-09-05";"YouTube";"60 284 205";"3 988 452";"27 563 032";"2024-09-05 12:57:06"
"2024-09-10";"";"32 497";"6 820";"27 562 441";"2024-09-10 08:17:33"
"2024-09-07";"";"54 290";"3 574";"27 563 166";"2024-09-07 03:24:38"
"2024-09-10";"Instagram";"78 289 167";"3 146 900";"27 562 435";"2024-09-10 14:47:40"
"2024-09-02";"";"36 425";"3 471";"27 561 534";"2024-09-02 11:56:38"
"2024-09-08";"";"276 264";"33 206";"27 562 143";"2024-09-08 17:50:34"
"2024-09-07";"YouTube";"1 092 808";"705 487";"27 561 422";"2024-09-08 02:35:42"
"2024-09-05";"";"7 397 972";"1 377 016";"27 562 156";"2024-09-05 15:48:29"
"2024-09-04";"";"565 629";"3 317 867";"27 561 418";"2024-09-04 11:56:14"
"2024-09-07";"";"41 589";"24 565";"27 561 260";"2024-09-07 13:34:01"
"2024-09-03";"";"25 655";"14 924";"27 561 867";"2024-09-03 22:19:45"
"2024-09-05";"";"16 529";"35 106";"27 561 929";"2024-09-05 14:35:36"
"2024-09-06";"";"38 689";"2 756";"27 562 124";"2024-09-07 00:45:54"
"2024-09-02";"YouTube";"174 989";"11 847";"27 562 457";"2024-09-02 23:56:08"
"2024-09-06";"Tas-ix";"95 026";"241 044";"27 562 100";"2024-09-07 01:10:00"
"2024-09-06";"WhatsApp";"259 048";"299 964";"27 562 984";"2024-09-06 07:52:10"
"2024-09-03";"Telegram";"67 625 871";"3 384 720";"27 561 920";"2024-09-03 18:51:05"
"2024-09-01";"";"34 362";"22 436";"27 561 715";"2024-09-01 17:38:27"
"2024-09-05";"";"281 027";"11 111";"27 562 845";"2024-09-05 13:58:41"
"2024-09-03";"";"61 172";"2 880";"27 562 847";"2024-09-03 23:32:40"
"2024-09-02";"Facebook";"546 474";"30 931";"27 563 063";"2024-09-02 16:25:14"
"2024-09-08";"";"332 818";"63 039";"27 563 099";"2024-09-08 04:37:58"
"2024-09-04";"YouTube";"124 268 892";"6 200 884";"27 562 296";"2024-09-04 19:16:57"
"2024-09-01";"Telegram";"5 837 478";"446 787";"27 561 503";"2024-09-01 12:45:22"
"2024-09-10";"";"125 085";"22 664";"27 563 141";"2024-09-10 08:29:37"
"2024-09-07";"";"9 355 358";"577 833";"27 562 302";"2024-09-08 02:11:31"
"2024-09-06";"Telegram";"56 467 225";"25 124 485";"27 561 593";"2024-09-06 17:50:37"
"2024-09-08";"";"350 447";"27 190";"27 562 630";"2024-09-09 00:57:56"
"2024-09-03";"";"30 378";"7 848";"27 561 915";"2024-09-03 21:06:22"
"2024-09-05";"";"147 563";"12 197";"27 562 083";"2024-09-05 19:40:37"
"2024-09-08";"";"6 936 121";"395 528";"27 563 263";"2024-09-08 12:09:56"
"2024-09-04";"";"53 002";"67 751";"27 563 313";"2024-09-04 12:33:07"
"2024-09-06";"";"79 128";"41 114";"27 561 802";"2024-09-06 05:02:02"
"2024-09-10";"";"71 728";"5 388";"27 562 173";"2024-09-10 07:16:51"
"2024-09-06";"Tas-ix";"34 320";"894 065";"27 562 322";"2024-09-06 20:05:43"
"2024-09-07";"";"339 742";"48 116";"27 563 070";"2024-09-07 21:18:38"
"2024-09-04";"";"146 568";"341 807";"27 561 298";"2024-09-05 02:35:23"
"2024-09-04";"";"42 618";"7 037";"27 561 347";"2024-09-05 02:35:16"
"2024-09-01";"Unknown";"280 717";"42 581";"27 563 279";"2024-09-01 21:18:52"
"2024-09-02";"";"25 709";"7 143";"27 563 410";"2024-09-02 23:32:28"
"2024-09-04";"Likee";"119 830 781";"4 621 596";"27 562 900";"2024-09-04 20:17:03"
"2024-09-10";"";"310 681";"27 435";"27 563 129";"2024-09-10 07:16:21"
"2024-09-03";"";"3 912 000";"128 536";"27 561 912";"2024-09-03 19:16:25"
"2024-09-07";"";"136";"26 453";"27 561 811";"2024-09-08 00:09:25"
"2024-09-02";"";"358 851";"34 176";"27 562 203";"2024-09-02 06:27:30"
"2024-09-09";"YouTube";"118 967";"18 790";"27 562 142";"2024-09-10 00:57:57"
"2024-09-06";"";"27 287 287";"1 711 994";"27 561 293";"2024-09-06 12:21:12"
"2024-09-04";"";"876 151";"40 192";"27 561 870";"2024-09-05 02:23:43"
"2024-09-10";"";"141 826";"41 874";"27 563 422";"2024-09-10 07:40:37"
"2024-09-08";"";"36 012";"6 832";"27 562 313";"2024-09-08 07:04:08"
"2024-09-01";"";"7 946";"54 443";"27 562 473";"2024-09-01 16:49:23"
"2024-09-03";"Apple Music";"208 537";"60 664";"27 561 305";"2024-09-03 20:41:52"
"2024-09-08";"";"367 960";"87 407";"27 561 275";"2024-09-08 18:27:53"
"2024-09-05";"";"30 582";"6 883";"27 561 262";"2024-09-05 04:25:14"
"2024-09-08";"Facebook";"165 842";"22 580";"27 561 586";"2024-09-09 01:22:24"
"2024-09-01";"";"0";"60 202";"27 561 277";"2024-09-01 13:22:02"
"2024-09-05";"YouTube";"213 222 184";"14 616 180";"27 562 545";"2024-09-05 07:04:03"
"2024-09-06";"Instagram";"740 363";"27 996";"27 561 775";"2024-09-07 02:59:03"
"2024-09-08";"";"87 177";"19 411";"27 563 392";"2024-09-08 07:28:45"
"2024-09-08";"YouTube";"33 977";"13 782";"27 562 588";"2024-09-09 02:59:57"
"2024-09-03";"";"493 467";"22 392";"27 561 482";"2024-09-03 06:39:58"
"2024-09-08";"";"11 933 315";"70 532";"27 563 083";"2024-09-08 10:07:38"
"2024-09-07";"";"1 060 642";"28 350";"27 562 124";"2024-09-07 19:52:29"
"2024-09-03";"";"2 540 443";"95 911";"27 561 567";"2024-09-03 05:14:23"
"2024-09-10";"";"194 560";"57 888";"27 563 489";"2024-09-10 19:28:04"
"2024-09-06";"Yandex";"249 058";"9 165";"27 562 267";"2024-09-06 10:43:02"
"2024-09-02";"";"275 519";"117 960";"27 562 973";"2024-09-03 02:59:34"
"2024-09-04";"";"646 548";"127 746";"27 563 016";"2024-09-04 09:54:02"
"2024-09-01";"";"319 900";"314 975";"27 563 430";"2024-09-01 06:15:48"
"2024-09-03";"";"561 874";"106 044";"27 563 048";"2024-09-04 01:58:19"
"2024-09-09";"YouTube";"4 403 232";"237 875";"27 561 586";"2024-09-09 14:47:31"
"2024-09-06";"YouTube";"75 727 158";"4 905 041";"27 562 484";"2024-09-07 02:59:41"
"2024-09-03";"Facebook";"876 997";"274 611";"27 562 156";"2024-09-03 19:28:56"
"2024-09-05";"";"11 753";"26 210";"27 563 187";"2024-09-05 22:43:19"
"2024-09-10";"";"113 442";"6 212";"27 562 254";"2024-09-10 17:14:56"
"2024-09-06";"Yandex";"6 721 008";"341 953";"27 562 684";"2024-09-06 04:01:09"
"2024-09-01";"";"112 617";"8 707";"27 562 156";"2024-09-01 07:04:13"
"2024-09-06";"Facebook";"36 414";"32 654";"27 562 061";"2024-09-06 23:08:30"
"2024-09-08";"Facebook";"1 295 681";"88 597";"27 563 238";"2024-09-08 09:18:42"
"2024-09-02";"";"1 515 123";"88 437";"27 561 402";"2024-09-02 03:00:15"
"2024-09-06";"";"32 455";"6 305";"27 562 781";"2024-09-06 03:00:27"
"2024-09-01";"WhatsApp";"39 981";"6 782";"27 562 716";"2024-09-01 14:23:47"
"2024-09-01";"";"166 814";"75 051";"27 561 384";"2024-09-01 20:05:18"
"2024-09-06";"Unknown";"34 051";"4 003";"27 562 320";"2024-09-06 17:14:20"
"2024-09-01";"Facebook";"134 568";"91 426";"27 561 875";"2024-09-01 13:34:39"
"2024-09-06";"Yandex";"1 194 288";"447 904";"27 562 613";"2024-09-06 19:52:41"
"2024-09-09";"YouTube";"5 437";"41 841";"27 562 280";"2024-09-10 01:58:52"
"2024-09-08";"Telegram";"174 800 666";"8 858 061";"27 563 453";"2024-09-09 02:47:47"
"2024-09-09";"";"117 961";"111 718";"27 561 640";"2024-09-10 02:59:16"
"2024-09-04";"YouTube";"64 648 452";"4 207 959";"27 563 481";"2024-09-04 06:51:04"
"2024-09-07";"WhatsApp";"2 275 307";"359 920";"27 562 903";"2024-09-07 06:27:12"
"2024-09-10";"";"44 182";"3 807";"27 563 225";"2024-09-10 16:49:59"
"2024-09-04";"";"155 897";"16 177";"27 561 785";"2024-09-04 21:54:40"
"2024-09-09";"Instagram";"204 605";"11 681";"27 562 766";"2024-09-10 01:46:02"
"2024-09-05";"";"152 384";"27 024";"27 562 816";"2024-09-05 11:08:54"
"2024-09-03";"Unknown";"171 606";"12 954";"27 563 391";"2024-09-03 03:00:45"
"2024-09-05";"";"1 274 573";"152 220";"27 563 489";"2024-09-05 20:53:47"
"2024-09-04";"";"5 102";"35 193";"27 561 578";"2024-09-05 02:35:42"
"2024-09-08";"";"0";"51 729";"27 563 059";"2024-09-08 12:09:37"
"2024-09-09";"YouTube";"474 411";"47 362";"27 561 693";"2024-09-09 16:13:57"
"2024-09-06";"Instagram";"154 923";"33 131";"27 561 429";"2024-09-06 17:14:20"
"2024-09-01";"";"53 761";"4 921";"27 563 076";"2024-09-01 05:02:46"
"2024-09-08";"Facebook";"60 070";"15 884";"27 563 310";"2024-09-08 21:54:39"
"2024-09-02";"";"65 271";"6 255";"27 561 502";"2024-09-02 09:06:55"
"2024-09-01";"";"147 096";"43 227";"27 563 233";"2024-09-01 06:03:43"
"2024-09-07";"";"171 419";"6 415";"27 562 762";"2024-09-07 21:54:38"
"2024-09-01";"";"1 261 115";"67 769";"27 563 136";"2024-09-01 07:04:28"
"2024-09-02";"";"39 410";"2 286";"27 561 454";"2024-09-02 11:56:56"
"2024-09-02";"";"71 094";"19 689";"27 561 298";"2024-09-02 18:03:07"
"2024-09-07";"";"557 309";"18 869";"27 562 786";"2024-09-07 13:58:01"
"2024-09-08";"";"192 449";"120 957";"27 562 289";"2024-09-08 17:26:14"
"2024-09-08";"";"41 620";"2 116 611";"27 563 174";"2024-09-08 10:31:42"
"2024-09-03";"Facebook";"168 277";"40 148";"27 561 597";"2024-09-03 12:45:44"
"2024-09-09";"Facebook";"120 658";"72 947";"27 561 952";"2024-09-10 00:45:16"
"2024-09-02";"Unknown";"140 802";"41 745";"27 561 219";"2024-09-02 06:27:25"
"2024-09-01";"";"26 437";"3 150";"27 561 173";"2024-09-01 22:07:55"
"2024-09-08";"";"1 442 547";"87 878";"27 563 145";"2024-09-08 20:05:04"
"2024-09-09";"";"629 903";"71 436";"27 562 779";"2024-09-09 14:59:53"
"2024-09-02";"";"19 834";"66 957";"27 562 607";"2024-09-02 10:31:27"
"2024-09-10";"Facebook";"2 359 430";"78 730";"27 561 458";"2024-09-10 03:00:21"
"2024-09-02";"";"244 188";"57 497";"27 562 203";"2024-09-02 08:05:16"
"2024-09-10";"";"165 497";"33 150";"27 561 384";"2024-09-11 02:47:06"
"2024-09-03";"";"102 838";"21 108";"27 561 819";"2024-09-03 13:46:39"
"2024-09-03";"";"1 727 023";"171 376";"27 562 915";"2024-09-04 02:59:23"
"2024-09-04";"Instagram";"18 814 656";"586 816";"27 563 494";"2024-09-04 19:52:34"
"2024-09-10";"";"41 370";"7 416";"27 562 784";"2024-09-10 21:06:07"
"2024-09-07";"";"215 916";"17 723";"27 563 152";"2024-09-08 02:59:56"
"2024-09-03";"";"101 211";"5 182";"27 562 941";"2024-09-03 04:13:43"
"2024-09-07";"";"1 440 218";"404 788";"27 563 093";"2024-09-07 09:06:30"
"2024-09-04";"YouTube";"1 767 876";"710 205";"27 563 442";"2024-09-04 12:21:00"
"2024-09-02";"";"27 484";"16 915";"27 562 247";"2024-09-03 02:59:23"
"2024-09-04";"";"16 581";"28 907";"27 562 413";"2024-09-04 11:08:34"
"2024-09-04";"Telegram";"2 094 234";"183 768";"27 561 612";"2024-09-04 21:42:40"
"2024-09-03";"";"1 260 304";"81 052";"27 562 560";"2024-09-03 23:56:33"
"2024-09-08";"";"137 007";"7 146";"27 563 238";"2024-09-08 12:33:01"
"2024-09-09";"";"8 174";"181 744";"27 562 260";"2024-09-09 09:18:39"
"2024-09-05";"IMO";"344 722";"13 018";"27 561 752";"2024-09-05 23:20:37"
"2024-09-10";"";"36 303";"64 665";"27 561 874";"2024-09-10 03:48:49"
"2024-09-09";"Facebook";"220 304";"18 506";"27 563 059";"2024-09-09 13:10:48"
"2024-09-10";"";"303 357";"53 994";"27 561 306";"2024-09-10 18:51:33"
"2024-09-05";"";"1 662";"104 991";"27 562 003";"2024-09-06 00:33:46"
"2024-09-05";"Instagram";"123 873 276";"3 462 535";"27 562 099";"2024-09-05 22:31:38"
"2024-09-02";"";"16 081 065";"421 753";"27 562 252";"2024-09-02 13:58:28"
"2024-09-09";"VKontakte";"68 935";"3 864";"27 563 442";"2024-09-09 10:19:07"
"2024-09-02";"TikTok";"1 786";"52 803";"27 561 649";"2024-09-02 16:49:05"
"2024-09-10";"Instagram";"11 343 737";"14 415 602";"27 562 289";"2024-09-10 22:19:13"
"2024-09-10";"";"26 709";"2 210";"27 562 572";"2024-09-11 02:59:49"
"2024-09-05";"";"25 854";"31 925";"27 561 723";"2024-09-05 14:59:37"
"2024-09-06";"";"1 102 399";"1 735 279";"27 562 997";"2024-09-06 17:38:56"
"2024-09-05";"";"369 323";"10 379";"27 562 525";"2024-09-06 01:22:17"
"2024-09-02";"";"888 018";"470 775";"27 562 808";"2024-09-02 12:33:27"
"2024-09-05";"Instagram";"2 968 191";"68 731";"27 562 553";"2024-09-05 13:22:09"
"2024-09-03";"";"2 514 359";"56 345";"27 561 752";"2024-09-03 19:04:27"
"2024-09-02";"Instagram";"34 109 511";"1 007 727";"27 563 096";"2024-09-02 09:18:52"
"2024-09-09";"";"306 855";"13 309";"27 561 762";"2024-09-09 07:04:21"
"2024-09-08";"YouTube";"287 825";"71 645";"27 561 391";"2024-09-09 01:10:54"
"2024-09-02";"";"299 498";"261 107";"27 562 281";"2024-09-02 16:25:26"
"2024-09-03";"";"817 054";"36 544";"27 562 403";"2024-09-03 17:38:15"
"2024-09-07";"";"60 045";"185 389";"27 563 189";"2024-09-07 13:34:54"
"2024-09-05";"";"33 063";"3 208";"27 563 061";"2024-09-05 10:31:02"
"2024-09-08";"";"90 386";"26 789";"27 563 264";"2024-09-08 10:55:31"
"2024-09-05";"Unknown";"73 931";"18 191";"27 563 419";"2024-09-05 13:22:21"
"2024-09-10";"YouTube";"1 514 175";"87 533";"27 562 436";"2024-09-10 23:08:57"
"2024-09-03";"";"316 469";"16 422";"27 561 230";"2024-09-03 14:11:28"
"2024-09-01";"";"292 285";"22 194";"27 561 250";"2024-09-01 10:19:24"
"2024-09-03";"Unknown";"3 539 022";"788 406";"27 563 334";"2024-09-03 15:48:14"
"2024-09-07";"";"64 780";"25 096";"27 561 251";"2024-09-07 23:56:58"
"2024-09-01";"";"27 687";"7 643";"27 561 297";"2024-09-01 05:50:53"
"2024-09-03";"";"341 886";"14 257";"27 562 675";"2024-09-03 10:43:21"
"2024-09-06";"";"28 046";"4 973";"27 562 398";"2024-09-06 22:19:30"
"2024-09-05";"";"29 949";"7 190";"27 562 024";"2024-09-05 14:59:11"
"2024-09-03";"YouTube";"1 199 955";"5 690 016";"27 561 978";"2024-09-03 06:51:19"
"2024-09-01";"";"60 187";"37 427";"27 563 478";"2024-09-01 09:54:16"
"2024-09-03";"Facebook";"73 735";"26 181";"27 563 009";"2024-09-03 07:16:39"
"2024-09-05";"YouTube";"313 278";"31 490";"27 561 922";"2024-09-05 11:08:27"
"2024-09-10";"";"66 698";"40 097";"27 563 129";"2024-09-10 22:55:47"
"2024-09-07";"";"30 250";"23 950";"27 562 118";"2024-09-07 11:20:02"
"2024-09-02";"";"4 587";"44 268";"27 563 441";"2024-09-02 18:15:08"
"2024-09-02";"";"76 382";"5 428";"27 562 289";"2024-09-02 21:30:38"
"2024-09-07";"Facebook";"32 851";"18 452";"27 562 071";"2024-09-07 18:03:33"
"2024-09-02";"Yandex Video";"5 888 331";"259 509";"27 562 801";"2024-09-02 03:00:38"
"2024-09-03";"";"38 783";"4 994";"27 562 497";"2024-09-03 04:37:17"
"2024-09-08";"";"61 638";"95 873";"27 563 005";"2024-09-09 02:11:15"
"2024-09-04";"";"26 053";"22 965";"27 563 152";"2024-09-04 13:58:10"
"2024-09-09";"YouTube";"1 927 662";"129 858";"27 562 832";"2024-09-09 03:00:55"
"2024-09-06";"Facebook";"6 874 050";"375 598";"27 563 386";"2024-09-06 19:28:16"
"2024-09-04";"Telegram";"11 195 519";"1 153 259";"27 562 050";"2024-09-04 13:58:07"
"2024-09-07";"";"28 305";"10 526";"27 562 898";"2024-09-08 02:11:28"
"2024-09-07";"YouTube";"4 849 694";"1 254 767";"27 563 299";"2024-09-07 16:01:24"
"2024-09-01";"";"311 590";"25 864";"27 561 796";"2024-09-01 17:14:14"
"2024-09-06";"Telegram";"144 349 435";"5 669 571";"27 562 557";"2024-09-07 01:46:10"
"2024-09-03";"";"28 078";"8 947";"27 561 624";"2024-09-03 20:05:10"
"2024-09-10";"";"90 975";"6 880";"27 562 591";"2024-09-10 10:55:18"
"2024-09-07";"";"3 005 449";"212 418";"27 562 439";"2024-09-07 22:07:18"
"2024-09-06";"Telegram";"10 584 464";"663 968";"27 561 355";"2024-09-06 19:52:44"
"2024-09-08";"Facebook";"4 834 021";"311 262";"27 561 501";"2024-09-08 22:43:32"
"2024-09-09";"Instagram";"3 322 310";"1 638 310";"27 563 225";"2024-09-09 15:00:46"
"2024-09-05";"";"810 875";"33 450";"27 562 223";"2024-09-05 08:05:43"
"2024-09-03";"";"43 811";"7 487";"27 562 469";"2024-09-03 13:58:32"
"2024-09-07";"";"9 991 922";"481 785";"27 562 934";"2024-09-07 14:47:37"
"2024-09-10";"";"35 730";"5 112";"27 562 338";"2024-09-10 21:42:48"
"2024-09-04";"";"74 985";"7 130";"27 562 613";"2024-09-04 14:35:41"
"2024-09-02";"";"69 838";"37 778";"27 563 501";"2024-09-02 03:36:56"
"2024-09-06";"Facebook";"156 171";"13 074";"27 561 881";"2024-09-07 00:45:12"
"2024-09-09";"Tas-ix";"120 520";"6 787";"27 561 555";"2024-09-09 14:47:13"
"2024-09-04";"YouTube";"14 602 834";"682 771";"27 563 266";"2024-09-04 08:05:36"
"2024-09-01";"";"51 626";"9 893";"27 563 466";"2024-09-01 10:19:15"
"2024-09-02";"Instagram";"1 229 999";"785 906";"27 561 597";"2024-09-02 04:25:59"
"2024-09-01";"";"76 145";"136 899";"27 561 744";"2024-09-01 23:44:30"
"2024-09-10";"";"1 098 916";"68 315";"27 563 295";"2024-09-10 18:51:32"
"2024-09-06";"";"121 097";"37 433";"27 563 239";"2024-09-06 13:10:25"
"2024-09-04";"";"373 411";"369 711";"27 562 595";"2024-09-04 13:22:51"
"2024-09-09";"";"49 613";"11 629";"27 563 112";"2024-09-09 21:42:12"
"2024-09-08";"";"13 735";"28 100";"27 562 233";"2024-09-08 06:15:58"
"2024-09-10";"";"15 540 182";"402 825";"27 563 485";"2024-09-11 02:47:10"
"2024-09-01";"";"0";"59 481";"27 561 403";"2024-09-01 12:21:54"
"2024-09-06";"";"77 445";"25 069";"27 563 443";"2024-09-06 13:34:05"
"2024-09-07";"Facebook";"380 422";"22 437";"27 562 405";"2024-09-07 22:19:08"
"2024-09-10";"VKontakte";"699 135";"40 125";"27 561 970";"2024-09-10 15:00:12"
"2024-09-04";"";"93 754";"38 778";"27 561 940";"2024-09-04 07:52:05"
"2024-09-08";"Instagram";"530 876 154";"9 952 072";"27 561 815";"2024-09-08 13:46:02"
"2024-09-08";"Facebook";"64 943";"4 456";"27 562 629";"2024-09-08 18:39:33"
"2024-09-06";"";"60 290 515";"1 015 733";"27 561 706";"2024-09-06 03:48:42"
"2024-09-08";"";"773 203";"79 725";"27 563 136";"2024-09-08 19:28:09"
"2024-09-02";"";"217 825";"20 291";"27 562 156";"2024-09-02 15:36:41"
"2024-09-10";"";"34 322";"9 366";"27 562 993";"2024-09-10 11:08:16"
"2024-09-06";"";"606 929";"46 118";"27 563 378";"2024-09-06 10:07:50"
"2024-09-09";"";"273 637";"13 616";"27 561 564";"2024-09-10 00:33:52"
"2024-09-09";"YouTube";"1 457 536";"219 591";"27 561 800";"2024-09-09 10:07:31"
"2024-09-08";"Facebook";"24 107 927";"624 111";"27 562 317";"2024-09-08 17:38:00"
"2024-09-07";"";"99 619";"10 189";"27 562 753";"2024-09-07 11:08:18"
"2024-09-10";"YouTube";"1 861 461";"57 224";"27 563 219";"2024-09-10 08:05:46"
"2024-09-02";"Instagram";"29 388";"4 013";"27 562 484";"2024-09-02 20:41:34"
"2024-09-02";"Tas-ix";"28 200";"2 318";"27 562 281";"2024-09-02 17:38:05"
"2024-09-09";"";"682 323";"166 805";"27 562 737";"2024-09-09 11:08:31"
"2024-09-02";"";"14 379";"45 683";"27 563 504";"2024-09-02 17:02:00"
"2024-09-07";"Instagram";"2 242 112";"164 080";"27 561 953";"2024-09-07 03:12:01"
"2024-09-07";"";"34 665 804";"1 970 677";"27 563 392";"2024-09-07 04:01:04"
"2024-09-01";"";"29 234";"23 094";"27 562 758";"2024-09-01 11:08:43"
"2024-09-06";"Facebook";"59 971";"46 991";"27 561 836";"2024-09-06 21:42:49"
"2024-09-07";"PUBG";"1 057 308 086";"54 167 179";"27 561 259";"2024-09-07 12:45:52"
"2024-09-07";"Facebook";"407 465";"33 865";"27 563 416";"2024-09-07 21:30:33"
"2024-09-02";"";"1 045 737";"41 429";"27 562 421";"2024-09-02 17:26:11"
"2024-09-01";"Tas-ix";"392 733";"23 528";"27 561 900";"2024-09-01 08:41:22"
"2024-09-02";"";"59 101";"26 242";"27 562 241";"2024-09-03 02:23:13"
"2024-09-04";"Likee";"252 357";"220 943";"27 562 886";"2024-09-04 23:20:53"
"2024-09-07";"";"1 564 819";"226 743";"27 561 855";"2024-09-07 13:22:35"
"2024-09-01";"";"1 438 667";"152 058";"27 561 221";"2024-09-01 08:05:07"
"2024-09-10";"Instagram";"29 459";"27 549";"27 562 840";"2024-09-10 11:08:30"
"2024-09-10";"";"205 946";"72 321";"27 562 372";"2024-09-10 14:47:22"
"2024-09-08";"Telegram";"105 310 308";"5 044 906";"27 561 413";"2024-09-09 01:34:32"
"2024-09-09";"";"56 897";"2 392";"27 561 999";"2024-09-09 12:09:52"
"2024-09-09";"YouTube";"576 096";"6 497 460";"27 562 083";"2024-09-09 15:36:55"
"2024-09-02";"";"63 114";"205 838";"27 561 893";"2024-09-02 11:32:49"
"2024-09-01";"Facebook";"885 272";"130 242";"27 561 217";"2024-09-01 05:14:15"
"2024-09-04";"";"412 538";"18 619";"27 562 156";"2024-09-05 00:57:51"
"2024-09-09";"";"403 076";"22 756";"27 562 747";"2024-09-09 03:12:58"
"2024-09-10";"";"26 605";"5 713";"27 561 936";"2024-09-10 17:38:23"
"2024-09-04";"";"61 977";"2 524";"27 562 582";"2024-09-04 16:01:45"
"2024-09-07";"";"476 506";"273 182";"27 562 961";"2024-09-07 03:48:56"
"2024-09-10";"Yandex";"46 794";"6 118";"27 562 224";"2024-09-10 19:52:49"
"2024-09-02";"";"120 670";"386 119";"27 562 436";"2024-09-02 08:29:27"
"2024-09-06";"";"2 239 197";"104 975";"27 563 426";"2024-09-06 23:32:41"
"2024-09-10";"";"133 792";"12 346";"27 561 433";"2024-09-10 05:38:21"
"2024-09-08";"";"438 030";"160 923";"27 562 696";"2024-09-08 12:33:49"
"2024-09-02";"Facebook";"85 957";"49 643";"27 561 222";"2024-09-02 03:00:36"
"2024-09-03";"Telegram";"936 815 154";"36 875 763";"27 563 299";"2024-09-04 00:57:49"
"2024-09-07";"YouTube";"60 066";"5 832";"27 561 466";"2024-09-07 21:18:58"
"2024-09-01";"";"36 582";"24 365";"27 561 633";"2024-09-01 14:47:09"
"2024-09-03";"Unknown";"26 115";"2 646";"27 562 886";"2024-09-03 12:21:47"
"2024-09-05";"";"91 820";"96 658";"27 562 978";"2024-09-05 09:18:24"
"2024-09-07";"";"31 411";"5 938";"27 562 252";"2024-09-07 08:29:13"
"2024-09-01";"YouTube";"2 544 971";"159 400";"27 563 207";"2024-09-01 06:51:43"
"2024-09-08";"";"38 381";"20 340";"27 562 906";"2024-09-08 20:41:47"
"2024-09-06";"Apple Music";"26 513 406";"525 010";"27 562 413";"2024-09-06 19:16:24"
"2024-09-08";"YouTube";"966 205";"145 930";"27 562 939";"2024-09-09 02:35:21"
"2024-09-05";"";"2 448 577";"546 608";"27 561 388";"2024-09-05 12:45:11"
"2024-09-07";"";"296 452";"42 199";"27 563 153";"2024-09-07 14:11:26"
"2024-09-09";"";"1 536 028";"79 270";"27 562 102";"2024-09-09 05:38:12"
"2024-09-10";"Facebook";"66 919";"41 207";"27 563 183";"2024-09-10 09:06:01"
"2024-09-10";"Telegram";"56 955 160";"2 677 391";"27 562 868";"2024-09-10 18:51:45"
"2024-09-04";"Facebook";"413 368";"13 337";"27 563 001";"2024-09-04 12:45:07"
"2024-09-05";"";"28 319";"2 046";"27 562 553";"2024-09-05 08:05:03"
"2024-09-07";"Yandex";"184 573";"72 702";"27 561 437";"2024-09-07 22:55:52"
"2024-09-03";"";"18 934";"63 846";"27 563 006";"2024-09-03 07:40:47"
"2024-09-01";"";"52 794";"5 460";"27 563 372";"2024-09-01 09:54:42"
"2024-09-05";"";"163 030 383";"9 643 456";"27 563 250";"2024-09-05 10:19:58"
"2024-09-03";"Odnoklassniki";"58 392 439";"1 761 822";"27 561 674";"2024-09-03 16:01:42"
"2024-09-03";"";"31 658";"21 335";"27 563 112";"2024-09-03 04:13:49"
"2024-09-01";"";"601 968";"90 555";"27 563 030";"2024-09-01 06:03:25"
"2024-09-10";"";"25 970";"98 510";"27 562 084";"2024-09-10 19:40:44"
"2024-09-08";"";"2 125 620";"51 808";"27 561 224";"2024-09-08 07:28:54"
"2024-09-08";"";"73 139";"3 355";"27 562 942";"2024-09-08 09:54:44"
"2024-09-03";"";"127 823";"178 574";"27 562 675";"2024-09-03 16:37:03"
"2024-09-05";"";"34 373";"21 237";"27 561 802";"2024-09-05 05:50:16"
"2024-09-08";"";"873 447";"35 046";"27 563 333";"2024-09-09 00:33:24"
"2024-09-01";"Facebook";"540 893";"70 583";"27 562 660";"2024-09-01 07:16:54"
"2024-09-05";"Telegram";"212 657 340";"11 924 129";"27 563 110";"2024-09-05 08:29:14"
"2024-09-07";"";"143 138";"16 031";"27 561 670";"2024-09-07 04:49:31"
"2024-09-01";"";"84 838";"22 711";"27 562 821";"2024-09-01 08:29:55"
"2024-09-04";"Facebook";"476 094";"40 455";"27 561 794";"2024-09-05 00:09:05"
"2024-09-03";"";"60 458";"4 816";"27 561 350";"2024-09-03 21:54:52"
"2024-09-03";"";"59 611";"2 192";"27 562 051";"2024-09-03 06:03:18"
"2024-09-07";"";"17 659 497";"918 716";"27 561 884";"2024-09-07 08:53:22"
"2024-09-07";"";"1 431 129";"26 328";"27 562 006";"2024-09-07 12:57:54"
"2024-09-09";"";"36 936";"11 143";"27 561 888";"2024-09-09 10:19:00"
"2024-09-10";"";"2 106 270";"1 243 807";"27 561 480";"2024-09-10 16:37:20"
"2024-09-01";"";"1 329 916";"37 854";"27 561 420";"2024-09-01 13:10:57"
"2024-09-05";"";"196 317";"38 527";"27 561 216";"2024-09-05 07:04:08"
"2024-09-05";"Instagram";"165 379 090";"4 326 077";"27 561 715";"2024-09-05 18:27:11"
"2024-09-04";"";"264 625";"23 752";"27 562 684";"2024-09-04 20:17:03"
"2024-09-02";"";"56 089";"72 468";"27 562 349";"2024-09-02 16:37:25"
"2024-09-08";"Instagram";"336 097";"11 976";"27 561 359";"2024-09-08 04:13:00"
"2024-09-10";"";"344 079";"172 621";"27 561 953";"2024-09-10 07:40:07"
"2024-09-09";"YouTube";"1 083 035";"336 314";"27 563 098";"2024-09-09 16:49:33"
"2024-09-05";"Instagram";"598 134";"47 919";"27 562 752";"2024-09-06 00:33:40"
"2024-09-10";"";"157 677";"28 004";"27 561 307";"2024-09-10 20:41:56"
"2024-09-06";"";"351 948";"1 253 202";"27 562 552";"2024-09-06 09:30:31"
"2024-09-03";"";"181 700";"34 801";"27 561 304";"2024-09-04 00:21:05"
"2024-09-07";"";"3 481 854";"194 129";"27 561 221";"2024-09-08 02:23:39"
"2024-09-01";"";"66 813";"6 910";"27 562 815";"2024-09-01 22:43:17"
"2024-09-06";"";"23 781";"450 400";"27 561 573";"2024-09-06 16:01:01"
"2024-09-08";"";"188 448";"148 618";"27 562 941";"2024-09-08 13:46:10"
"2024-09-06";"";"391 704";"17 675";"27 562 643";"2024-09-06 14:59:13"
"2024-09-03";"";"535 313";"257 708";"27 561 367";"2024-09-03 16:01:10"
"2024-09-09";"YouTube";"58 808";"22 290";"27 563 488";"2024-09-09 05:38:30"
"2024-09-07";"Yandex";"305 240";"119 506";"27 562 152";"2024-09-07 21:06:47"
"2024-09-05";"Telegram";"162 103 050";"9 546 805";"27 561 390";"2024-09-05 10:55:18"
"2024-09-03";"";"70 361";"150 317";"27 563 168";"2024-09-04 01:58:46"
"2024-09-08";"";"48 204";"5 885";"27 562 141";"2024-09-08 20:29:00"
"2024-09-07";"";"78 431";"3 938";"27 561 587";"2024-09-07 04:49:43"
"2024-09-05";"";"312 007";"36 475";"27 561 567";"2024-09-05 05:02:04"
"2024-09-02";"";"100 181";"20 631";"27 563 404";"2024-09-02 23:32:08"
"2024-09-01";"Instagram";"579 248";"68 357";"27 562 069";"2024-09-01 16:25:56"
"2024-09-05";"Instagram";"534 715";"118 607";"27 563 347";"2024-09-05 21:42:53"
"2024-09-01";"";"418 563";"631 429";"27 563 211";"2024-09-01 19:52:59"
"2024-09-09";"";"130 286";"93 655";"27 561 425";"2024-09-10 00:21:19"
"2024-09-05";"";"345 749";"30 575";"27 562 402";"2024-09-05 07:04:43"
"2024-09-07";"YouTube";"61 996";"35 089";"27 561 616";"2024-09-07 08:05:10"
"2024-09-03";"Odnoklassniki";"114 950";"22 891";"27 563 424";"2024-09-03 12:21:58"
"2024-09-10";"";"620 274";"118 307";"27 562 836";"2024-09-10 08:41:05"
"2024-09-09";"Facebook";"2 586 375";"458 352";"27 562 143";"2024-09-09 18:27:27"
"2024-09-04";"";"927 838";"34 645";"27 562 143";"2024-09-04 14:23:24"
"2024-09-01";"Telegram";"73 201 418";"4 761 407";"27 561 501";"2024-09-01 04:25:48"
"2024-09-10";"";"26 196";"15 474";"27 562 363";"2024-09-10 09:30:56"
"2024-09-02";"";"41 593";"4 566";"27 562 118";"2024-09-02 10:19:41"
"2024-09-01";"";"1 091 081";"438 661";"27 562 836";"2024-09-01 09:42:57"
"2024-09-06";"YouTube";"2 413 744";"761 354";"27 563 030";"2024-09-06 21:18:10"
"2024-09-04";"YouTube";"4 958 729";"264 228";"27 561 974";"2024-09-04 08:17:29"
"2024-09-08";"Instagram";"6 301 361";"4 890 594";"27 563 140";"2024-09-08 14:35:19"
"2024-09-08";"";"1 740 831";"939 236";"27 561 276";"2024-09-08 14:47:40"
"2024-09-09";"";"1 297 316";"75 530";"27 562 708";"2024-09-10 01:46:48"
"2024-09-10";"";"977 731";"94 658";"27 562 040";"2024-09-11 00:09:43"
"2024-09-04";"";"26 938";"1 830";"27 562 058";"2024-09-04 19:28:47"
"2024-09-07";"";"208 852";"26 795";"27 561 851";"2024-09-07 18:27:16"
"2024-09-07";"";"1 656 855";"660 425";"27 562 612";"2024-09-07 11:20:12"
"2024-09-10";"";"1 432 368";"66 763";"27 561 774";"2024-09-10 22:31:51"
"2024-09-02";"";"134 932";"76 546";"27 563 217";"2024-09-02 17:38:14"
"2024-09-08";"";"1 104 170";"145 374";"27 563 107";"2024-09-08 11:44:15"
"2024-09-10";"";"11 782";"129 540";"27 563 422";"2024-09-10 13:22:33"
"2024-09-05";"YouTube";"1 114 189";"88 835";"27 563 122";"2024-09-05 03:24:30"
"2024-09-04";"";"2 574";"89 598";"27 561 402";"2024-09-04 15:12:21"
"2024-09-09";"";"30 156";"2 255";"27 563 462";"2024-09-09 14:11:24"
"2024-09-10";"Instagram";"43 111 071";"1 009 937";"27 561 311";"2024-09-10 11:08:30"
"2024-09-05";"Instagram";"3 885 822";"236 190";"27 561 366";"2024-09-05 15:12:00"
"2024-09-03";"";"64 176";"7 775";"27 561 695";"2024-09-04 02:11:59"
"2024-09-02";"Unknown";"380 765";"47 955";"27 562 399";"2024-09-02 11:20:27"
"2024-09-07";"Likee";"54 365 046";"2 179 644";"27 562 699";"2024-09-07 21:30:06"
"2024-09-08";"Instagram";"5 774";"64 586";"27 562 071";"2024-09-08 19:40:43"
"2024-09-01";"";"134 774";"232 866";"27 562 456";"2024-09-01 11:20:16"
"2024-09-05";"Telegram";"109 292 100";"5 575 195";"27 561 190";"2024-09-05 10:55:32"
"2024-09-06";"";"114 492";"49 876";"27 562 663";"2024-09-06 19:28:23"
"2024-09-02";"";"159 841";"11 217";"27 561 587";"2024-09-02 13:58:30"
"2024-09-10";"";"89 805";"97 583";"27 561 378";"2024-09-10 23:08:13"
"2024-09-04";"";"30 919";"5 149";"27 561 815";"2024-09-04 23:08:00"
"2024-09-10";"";"71 577";"3 184";"27 562 651";"2024-09-10 04:01:27"
"2024-09-09";"";"57 805";"22 332";"27 561 845";"2024-09-09 04:37:21"
"2024-09-04";"";"1 494 374";"108 305";"27 562 578";"2024-09-04 10:19:06"
"2024-09-02";"";"22 564";"33 994";"27 562 083";"2024-09-02 17:38:25"
"2024-09-09";"";"29 148";"5 282";"27 562 894";"2024-09-09 17:50:44"
"2024-09-08";"";"236 311";"30 037";"27 561 690";"2024-09-08 23:08:23"
"2024-09-08";"YouTube";"46 527 045";"2 527 927";"27 562 973";"2024-09-08 07:52:49"
"2024-09-01";"";"255 126";"12 345";"27 562 709";"2024-09-01 18:51:34"
"2024-09-08";"";"215 443";"232 421";"27 562 612";"2024-09-08 03:24:38"
"2024-09-02";"";"255 661";"18 293";"27 562 921";"2024-09-02 21:54:39"
"2024-09-07";"";"301 650";"57 268";"27 561 289";"2024-09-08 01:58:49"
"2024-09-10";"";"782 647";"154 449";"27 562 086";"2024-09-10 19:16:10"
"2024-09-05";"";"414 956";"29 792";"27 562 575";"2024-09-05 07:28:07"
"2024-09-06";"";"28 059";"9 467";"27 562 438";"2024-09-06 17:26:15"
"2024-09-03";"";"5 883";"31 196";"27 563 144";"2024-09-04 02:59:10"
"2024-09-02";"";"47 003";"58 191";"27 562 083";"2024-09-02 05:14:31"
"2024-09-10";"";"201 372";"51 560";"27 561 862";"2024-09-10 23:32:09"
"2024-09-08";"";"20 680";"38 986";"27 561 673";"2024-09-08 05:26:56"
"2024-09-03";"";"488 895";"249 650";"27 562 239";"2024-09-03 20:05:05"
"2024-09-04";"";"60 957";"14 899";"27 563 023";"2024-09-04 19:16:38"
"2024-09-08";"Yandex";"27 737";"9 316";"27 562 801";"2024-09-09 00:33:10"
"2024-09-09";"Facebook";"1 577 763";"3 186 523";"27 561 302";"2024-09-10 01:46:02"
"2024-09-01";"Unknown";"2 138 236";"101 747";"27 563 081";"2024-09-01 18:03:19"
"2024-09-10";"";"161 580";"17 993";"27 562 124";"2024-09-10 08:53:55"
"2024-09-06";"";"80 893";"5 107";"27 562 527";"2024-09-06 11:20:20"
"2024-09-03";"";"55 146";"7 626";"27 563 367";"2024-09-03 15:12:27"
"2024-09-04";"";"2 406 009";"297 810";"27 562 242";"2024-09-04 06:39:38"
"2024-09-04";"YouTube";"37 887 860";"3 192 872";"27 562 906";"2024-09-04 07:52:47"
"2024-09-08";"";"35 191";"13 088";"27 563 198";"2024-09-08 18:39:02"
"2024-09-02";"";"46 401";"8 787";"27 561 250";"2024-09-02 15:48:11"
"2024-09-10";"";"95 280";"10 477";"27 563 129";"2024-09-10 16:37:37"
"2024-09-10";"";"675 246";"339 046";"27 563 333";"2024-09-10 07:52:02"
"2024-09-03";"Instagram";"5 844 330";"247 542";"27 562 631";"2024-09-03 03:12:18"
"2024-09-05";"";"42 931";"2 372";"27 562 398";"2024-09-05 18:03:33"
"2024-09-06";"";"352 945";"44 346";"27 561 737";"2024-09-06 22:31:12"
"2024-09-01";"";"24 964 062";"2 466 424";"27 563 009";"2024-09-02 01:46:44"
"2024-09-01";"";"86 978 843";"4 074 647";"27 563 446";"2024-09-01 13:10:34"
"2024-09-02";"";"69 612";"20 497";"27 562 370";"2024-09-02 16:49:01"
"2024-09-01";"";"247 079";"26 800";"27 562 739";"2024-09-01 18:39:38"
"2024-09-05";"YouTube";"1 044 572";"61 226";"27 561 882";"2024-09-06 01:58:17"
"2024-09-09";"";"10 386 892";"1 733 522";"27 561 357";"2024-09-09 09:54:04"
"2024-09-10";"";"6 876 124";"162 601";"27 562 477";"2024-09-10 08:05:07"
"2024-09-03";"";"3 882 296";"217 951";"27 562 622";"2024-09-03 18:27:22"
"2024-09-04";"";"165 650";"10 274";"27 561 793";"2024-09-04 07:04:19"
"2024-09-04";"";"39 593";"2 024";"27 563 145";"2024-09-04 04:37:56"
"2024-09-08";"";"7 660";"40 335";"27 562 758";"2024-09-08 22:55:59"
"2024-09-05";"";"53 057 518";"3 567 142";"27 561 482";"2024-09-05 23:20:26"
"2024-09-10";"YouTube";"1 362 925";"193 221";"27 561 390";"2024-09-10 13:46:21"
"2024-09-09";"";"154 456";"43 667";"27 563 473";"2024-09-09 06:03:01"
"2024-09-03";"";"2 614 131";"63 167";"27 561 801";"2024-09-03 05:38:12"
"2024-09-07";"VKontakte";"39 236 746";"1 437 421";"27 562 563";"2024-09-08 02:47:01"
"2024-09-08";"";"118 555";"211 054";"27 562 477";"2024-09-08 20:29:56"
"2024-09-04";"Instagram";"1 719 530";"342 266";"27 562 803";"2024-09-04 07:16:37"
"2024-09-01";"";"46 432";"5 679";"27 562 593";"2024-09-01 10:31:41"
"2024-09-10";"Tas-ix";"149 164";"47 706";"27 562 931";"2024-09-11 01:10:48"
"2024-09-07";"";"280 222";"16 271";"27 561 436";"2024-09-08 00:33:24"
"2024-09-06";"";"89 239";"21 660";"27 561 897";"2024-09-06 22:19:28"
"2024-09-08";"";"1 432 902";"37 386";"27 562 804";"2024-09-08 03:48:02"
"2024-09-05";"Tas-ix";"69 407";"11 945";"27 563 307";"2024-09-05 19:52:33"
"2024-09-08";"";"112 827";"8 915";"27 562 889";"2024-09-08 17:02:17"
"2024-09-01";"";"240 048";"158 028";"27 562 735";"2024-09-01 15:36:20"
"2024-09-10";"";"54 781";"8 999";"27 561 221";"2024-09-10 15:00:37"
"2024-09-05";"";"25 747";"5 859";"27 563 445";"2024-09-06 01:46:16"
"2024-09-05";"";"663 400";"85 345";"27 561 293";"2024-09-05 20:05:47"
"2024-09-02";"YouTube";"37 758 020";"2 989 339";"27 562 878";"2024-09-02 18:39:13"
"2024-09-06";"";"100 025";"78 523";"27 562 413";"2024-09-06 15:48:45"
"2024-09-02";"";"27 838";"65 085";"27 561 393";"2024-09-02 22:43:29"
"2024-09-09";"";"54 308";"9 026";"27 562 889";"2024-09-10 01:34:33"
"2024-09-03";"Instagram";"5 664 376";"367 677";"27 562 591";"2024-09-03 16:13:20"
"2024-09-07";"";"1 182 109";"230 365";"27 561 975";"2024-09-07 05:14:24"
"2024-09-04";"";"384 436";"11 233";"27 561 680";"2024-09-04 08:29:56"
"2024-09-02";"";"5 366";"28 782";"27 563 491";"2024-09-02 23:08:41"
"2024-09-04";"";"92 066";"213 595";"27 561 458";"2024-09-05 00:21:56"
"2024-09-04";"";"39 633";"9 019";"27 562 131";"2024-09-04 07:52:06"
"2024-09-09";"Facebook";"2 362 484";"117 706";"27 562 474";"2024-09-09 09:30:21"
"2024-09-02";"";"4 623 902";"433 212";"27 562 143";"2024-09-02 05:14:51"
"2024-09-08";"";"98 390";"31 567";"27 563 264";"2024-09-09 00:57:39"
"2024-09-04";"";"132 884";"223 802";"27 563 174";"2024-09-05 01:46:26"
"2024-09-01";"";"236 953";"4 805";"27 562 287";"2024-09-01 09:18:17"
"2024-09-10";"Telegram";"13 111 164";"4 459 165";"27 562 204";"2024-09-10 04:49:23"
"2024-09-01";"";"1 888 430";"85 774";"27 562 734";"2024-09-01 15:24:02"
"2024-09-01";"";"307 993";"67 610";"27 563 414";"2024-09-01 06:03:36"
"2024-09-06";"Instagram";"3 079 732";"358 036";"27 561 433";"2024-09-06 11:08:57"
"2024-09-10";"Instagram";"10 710 287";"10 389 214";"27 562 343";"2024-09-11 00:21:35"
"2024-09-06";"";"714 028";"29 609";"27 562 656";"2024-09-07 00:57:56"
"2024-09-03";"";"55 694";"6 946";"27 561 490";"2024-09-03 03:00:26"
"2024-09-06";"Tas-ix";"190 812";"8 570";"27 561 866";"2024-09-06 17:02:13"
"2024-09-05";"";"1 138 437";"128 518";"27 562 912";"2024-09-05 22:55:09"
"2024-09-09";"";"3 086 711";"922 477";"27 562 993";"2024-09-09 15:48:11"
"2024-09-06";"";"486 724";"820 630";"27 562 393";"2024-09-06 05:14:53"
"2024-09-02";"";"491 832";"26 334";"27 563 351";"2024-09-02 09:06:21"
"2024-09-10";"YouTube";"97 999";"18 926";"27 561 224";"2024-09-11 00:45:29"
"2024-09-01";"";"134 806";"89 054";"27 561 231";"2024-09-01 15:00:18"
"2024-09-09";"Instagram";"927 935";"35 476";"27 563 306";"2024-09-09 06:51:34"
"2024-09-09";"";"2 045 977";"129 794";"27 562 527";"2024-09-09 06:51:37"
"2024-09-01";"";"7 769";"25 873";"27 562 192";"2024-09-01 21:42:36"
"2024-09-07";"";"1 055 147";"63 528";"27 563 469";"2024-09-07 14:35:26"
"2024-09-04";"Yandex";"304 476";"148 317";"27 563 100";"2024-09-04 12:33:27"
"2024-09-09";"";"27 806";"2 446";"27 562 824";"2024-09-09 15:12:02"
"2024-09-05";"";"97 541";"10 303";"27 562 275";"2024-09-05 15:24:58"
"2024-09-01";"";"86 250";"7 320";"27 561 890";"2024-09-01 21:30:35"
"2024-09-05";"";"18 698";"243 833";"27 563 174";"2024-09-05 22:31:45"
"2024-09-09";"Apple Music";"338 038";"88 646";"27 561 715";"2024-09-09 15:24:06"
"2024-09-08";"";"67 691";"12 951";"27 561 815";"2024-09-08 05:02:26"
"2024-09-06";"YouTube";"22 707 398";"1 854 784";"27 562 759";"2024-09-06 09:42:41"
"2024-09-03";"";"160 173";"16 746";"27 561 420";"2024-09-03 18:39:29"
"2024-09-07";"";"509 895";"38 325";"27 561 300";"2024-09-07 15:00:22"
"2024-09-04";"";"184 210";"16 058";"27 561 616";"2024-09-04 15:48:22"
"2024-09-10";"";"216 581";"55 267";"27 563 443";"2024-09-10 03:48:18"
"2024-09-02";"";"30 338";"4 430";"27 562 039";"2024-09-02 19:28:47"
"2024-09-06";"Telegram";"4 537 694";"1 776 063";"27 563 017";"2024-09-06 08:17:17"
"2024-09-07";"";"31 230";"10 507";"27 561 862";"2024-09-07 04:37:57"
"2024-09-08";"";"1 316 470";"81 873";"27 561 720";"2024-09-08 10:43:03"
"2024-09-08";"";"33 793";"11 069";"27 561 763";"2024-09-08 09:42:28"
"2024-09-02";"";"615 423";"88 042";"27 561 621";"2024-09-02 04:25:14"
"2024-09-04";"";"5 083 241";"230 217";"27 562 352";"2024-09-04 05:38:34"
"2024-09-03";"";"675 772";"24 371";"27 562 851";"2024-09-03 18:03:41"
"2024-09-10";"";"9 308 226";"301 640";"27 562 101";"2024-09-10 05:26:38"
"2024-09-06";"";"123 309";"7 380";"27 562 097";"2024-09-06 12:09:46"
"2024-09-04";"";"17 385";"95 573";"27 562 459";"2024-09-04 17:38:49"
"2024-09-04";"";"69 168";"21 598";"27 562 105";"2024-09-05 01:46:07"
"2024-09-05";"Yandex";"4 578 264";"221 235";"27 562 265";"2024-09-05 06:39:54"
"2024-09-07";"";"80 343 674";"5 160 045";"27 561 424";"2024-09-08 02:59:37"
"2024-09-10";"WhatsApp";"113 142";"57 281";"27 561 185";"2024-09-11 02:23:24"
"2024-09-04";"";"27 573";"10 587";"27 563 329";"2024-09-04 03:00:21"
"2024-09-09";"Instagram";"491 810";"12 644";"27 563 110";"2024-09-10 01:34:04"
"2024-09-03";"Instagram";"422 751";"50 592";"27 562 710";"2024-09-03 18:03:53"
"2024-09-02";"";"98 829";"52 023";"27 561 436";"2024-09-02 15:12:08"
"2024-09-04";"";"33 712";"3 382";"27 561 444";"2024-09-04 17:14:10"
"2024-09-08";"";"210 203";"20 627";"27 563 240";"2024-09-09 01:10:28"
"2024-09-05";"";"67 254";"143 737";"27 562 775";"2024-09-05 10:31:09"
"2024-09-08";"";"55 384";"9 501";"27 562 594";"2024-09-08 16:25:48"
"2024-09-07";"YouTube";"129 325";"9 441";"27 562 107";"2024-09-08 01:46:07"
"2024-09-08";"";"96 564";"6 684";"27 562 719";"2024-09-08 03:48:12"
"2024-09-01";"";"25 903";"11 735";"27 562 066";"2024-09-01 09:18:16"
"2024-09-10";"Likee";"63 825";"4 232";"27 563 481";"2024-09-10 20:17:20"
"2024-09-08";"";"64 329";"3 659";"27 562 405";"2024-09-08 23:08:19"
"2024-09-04";"TikTok";"22 530";"283 348";"27 562 786";"2024-09-05 01:58:58"
"2024-09-10";"";"59 619";"61 132";"27 563 404";"2024-09-10 10:31:07"
"2024-09-04";"Facebook";"2 500 908";"59 592";"27 561 845";"2024-09-04 15:00:45"
"2024-09-03";"";"71 520";"13 006";"27 562 497";"2024-09-04 01:46:05"
"2024-09-03";"YouTube";"565 192";"180 788";"27 562 774";"2024-09-03 15:00:19"
"2024-09-02";"";"35 881";"40 591";"27 562 393";"2024-09-02 11:32:44"
"2024-09-04";"Yandex";"210 777";"14 773";"27 561 722";"2024-09-05 01:10:35"
"2024-09-09";"";"639 866";"17 256";"27 561 596";"2024-09-09 05:02:31"
"2024-09-06";"";"80 806";"61 140";"27 562 047";"2024-09-06 13:46:39"
"2024-09-02";"PUBG";"14 870 252";"540 001";"27 561 802";"2024-09-03 00:33:22"
"2024-09-07";"Facebook";"766 513";"254 532";"27 562 582";"2024-09-07 16:25:10"
"2024-09-07";"";"30 498";"3 725";"27 561 870";"2024-09-08 02:23:42"
"2024-09-05";"";"7 038 572";"346 522";"27 562 758";"2024-09-05 09:54:50"
"2024-09-03";"";"530 856";"124 763";"27 561 304";"2024-09-03 14:59:16"
"2024-09-07";"";"5 514 568";"72 529";"27 563 017";"2024-09-07 20:17:10"
"2024-09-03";"YouTube";"67 442";"28 350";"27 563 070";"2024-09-03 11:32:57"
"2024-09-02";"";"27 699";"3 902";"27 563 069";"2024-09-02 20:41:16"
"2024-09-05";"";"43 583";"21 513";"27 562 850";"2024-09-05 11:56:50"
"2024-09-09";"";"441 138";"38 088";"27 562 892";"2024-09-09 21:06:52"
"2024-09-07";"";"107 405";"17 339";"27 561 533";"2024-09-07 19:04:47"
"2024-09-01";"Odnoklassniki";"1 167 020";"58 719";"27 562 772";"2024-09-01 14:59:17"
"2024-09-01";"Instagram";"5 887 787";"6 710 129";"27 561 270";"2024-09-01 07:16:39"
"2024-09-03";"";"25 633";"5 960";"27 563 463";"2024-09-03 12:33:15"
"2024-09-06";"";"37 945";"4 465";"27 562 595";"2024-09-06 05:50:04"
"2024-09-05";"";"34 682";"11 747";"27 561 616";"2024-09-05 16:49:44"
"2024-09-08";"YouTube";"101 635 702";"5 917 024";"27 562 397";"2024-09-08 17:26:27"
"2024-09-02";"";"90 793";"11 531";"27 562 566";"2024-09-02 15:24:03"
"2024-09-08";"";"171 564";"11 416";"27 563 313";"2024-09-08 07:40:29"
"2024-09-05";"";"306 103";"56 301";"27 562 778";"2024-09-05 07:04:24"
"2024-09-05";"Telegram";"77 556 541";"4 760 363";"27 561 729";"2024-09-05 03:24:29"
"2024-09-06";"YouTube";"82 318 197";"5 232 047";"27 562 899";"2024-09-06 23:44:42"
"2024-09-05";"";"248 553";"109 162";"27 561 850";"2024-09-05 22:55:37"
"2024-09-03";"";"2 281 242";"121 617";"27 562 762";"2024-09-03 06:39:28"
"2024-09-10";"YouTube";"43 144 695";"2 390 353";"27 561 225";"2024-09-10 19:28:10"
"2024-09-09";"Yandex";"136 491";"29 265";"27 562 721";"2024-09-09 15:36:37"
"2024-09-04";"";"386 604";"379 451";"27 562 698";"2024-09-05 02:35:40"
"2024-09-03";"YouTube";"25 324 661";"1 672 989";"27 561 775";"2024-09-03 05:50:36"
"2024-09-08";"Instagram";"6 564 743";"344 539";"27 561 698";"2024-09-08 21:42:32"
"2024-09-04";"";"33 430";"82 288";"27 561 834";"2024-09-04 17:38:17"
"2024-09-05";"";"530";"29 068";"27 563 051";"2024-09-05 09:18:55"
"2024-09-05";"YouTube";"28 174";"10 252";"27 563 198";"2024-09-05 05:26:24"
"2024-09-07";"";"985 985";"145 778";"27 561 435";"2024-09-07 22:43:37"
"2024-09-10";"";"111 136";"39 790";"27 562 791";"2024-09-10 17:26:09"
"2024-09-04";"";"58 460";"175 103";"27 561 876";"2024-09-04 22:43:55"
"2024-09-09";"Instagram";"18 648 562";"523 461";"27 561 871";"2024-09-09 10:43:20"
"2024-09-05";"";"36 600";"12 364";"27 562 185";"2024-09-05 07:04:09"
"2024-09-09";"";"49 320";"13 519";"27 561 671";"2024-09-09 10:19:28"
"2024-09-08";"";"306 551";"21 657";"27 561 271";"2024-09-08 11:08:42"
"2024-09-01";"VKontakte";"28 958";"5 930";"27 561 402";"2024-09-01 19:28:48"
"2024-09-08";"";"492 556";"82 300";"27 562 453";"2024-09-08 11:56:48"
"2024-09-05";"YouTube";"4 331 907";"242 173";"27 562 893";"2024-09-05 19:40:20"
"2024-09-04";"";"558 604";"68 711";"27 562 709";"2024-09-04 06:15:33"
"2024-09-02";"YouTube";"65 422 453";"5 589 856";"27 562 853";"2024-09-02 08:29:23"
"2024-09-10";"";"523 698";"69 940";"27 561 372";"2024-09-11 01:58:56"
"2024-09-02";"Telegram";"74 696 005";"5 624 789";"27 561 929";"2024-09-02 21:54:47"
"2024-09-05";"Telegram";"251 125";"26 930";"27 562 781";"2024-09-05 18:15:20"
"2024-09-09";"";"64 398";"28 002";"27 562 893";"2024-09-09 03:00:24"
"2024-09-05";"";"1 326 065";"55 430";"27 563 113";"2024-09-05 10:55:14"
"2024-09-10";"";"205 657";"9 105";"27 563 098";"2024-09-10 13:22:47"
"2024-09-06";"";"6 941";"83 844";"27 563 419";"2024-09-06 20:05:07"
"2024-09-09";"";"30 791";"13 463";"27 562 026";"2024-09-10 01:34:22"
"2024-09-10";"Telegram";"24 362 567";"2 258 369";"27 562 553";"2024-09-10 19:16:49"
"2024-09-04";"";"211 016";"57 991";"27 561 398";"2024-09-04 18:27:50"
"2024-09-10";"YouTube";"15 567";"130 122";"27 563 372";"2024-09-10 12:09:16"
"2024-09-01";"";"3 594 699";"192 312";"27 561 232";"2024-09-01 06:51:10"
"2024-09-04";"Yandex";"445 140";"23 554";"27 563 095";"2024-09-05 01:34:06"
"2024-09-02";"WhatsApp";"37 173";"2 419";"27 562 068";"2024-09-02 19:52:35"
"2024-09-05";"";"1 717 350";"257 052";"27 561 298";"2024-09-05 21:42:04"
"2024-09-07";"";"54 415";"43 894";"27 562 609";"2024-09-07 08:29:23"
"2024-09-04";"";"139 232";"5 650";"27 562 812";"2024-09-04 21:42:08"
"2024-09-03";"Yandex";"1 562 607";"396 964";"27 561 698";"2024-09-03 22:31:35"
"2024-09-02";"YouTube";"2 755 473";"152 742";"27 563 347";"2024-09-02 18:15:42"
"2024-09-02";"Telegram";"35 570";"5 974";"27 561 188";"2024-09-02 03:24:55"
"2024-09-03";"Yandex";"155 035";"7 972";"27 562 363";"2024-09-04 02:47:10"
"2024-09-01";"";"240 772";"17 320";"27 561 594";"2024-09-01 23:32:00"
"2024-09-10";"";"94 941";"41 454";"27 562 025";"2024-09-10 06:15:43"
"2024-09-08";"";"385 571";"98 955";"27 563 286";"2024-09-08 17:26:45"
"2024-09-09";"Yandex";"335 634";"248 750";"27 561 173";"2024-09-09 11:44:23"
"2024-09-02";"";"209 015";"14 859";"27 561 863";"2024-09-02 05:14:18"
"2024-09-04";"YouTube";"187 317 127";"10 825 472";"27 563 157";"2024-09-04 18:39:45"
"2024-09-02";"Apple Music";"272 605";"39 254";"27 562 287";"2024-09-02 06:39:58"
"2024-09-01";"YouTube";"54 695 225";"4 273 065";"27 562 197";"2024-09-01 05:50:02"
"2024-09-09";"Instagram";"1 013 399";"3 241 763";"27 561 660";"2024-09-09 13:22:11"
"2024-09-10";"";"130 573";"397 172";"27 563 088";"2024-09-10 12:45:57"
"2024-09-09";"";"15 062";"30 006";"27 561 304";"2024-09-09 23:08:30"
"2024-09-07";"";"82 598";"18 810";"27 561 571";"2024-09-07 11:08:54"
"2024-09-10";"";"26 346";"6 440";"27 562 993";"2024-09-10 05:26:27"
"2024-09-01";"YouTube";"268 482";"20 438";"27 561 231";"2024-09-01 11:20:09"
"2024-09-10";"Telegram";"31 873 277";"1 874 088";"27 561 722";"2024-09-10 08:05:33"
"2024-09-05";"";"37 882";"3 014";"27 562 595";"2024-09-05 03:36:48"
"2024-09-07";"Telegram";"67 913 259";"8 741 549";"27 563 378";"2024-09-07 11:08:48"
"2024-09-05";"";"274 636";"29 809";"27 562 674";"2024-09-05 08:05:44"
"2024-09-02";"Facebook";"210 721";"7 985";"27 561 866";"2024-09-02 21:06:27"
"2024-09-01";"";"88 404";"6 931";"27 561 830";"2024-09-01 10:55:53"
"2024-09-04";"";"535 411";"225 634";"27 561 662";"2024-09-04 08:05:50"
"2024-09-04";"";"10 668 322";"601 868";"27 562 097";"2024-09-04 09:30:21"
"2024-09-08";"";"206 802";"8 592";"27 562 047";"2024-09-08 21:54:53"
"2024-09-03";"";"129 020";"18 409";"27 562 593";"2024-09-04 00:09:34"
"2024-09-01";"";"49 088 539";"2 846 424";"27 561 674";"2024-09-01 22:43:49"
"2024-09-03";"YouTube";"212 919";"1 356 106";"27 563 442";"2024-09-03 04:25:30"
"2024-09-01";"Telegram";"846 560";"61 334";"27 563 466";"2024-09-02 01:34:18"
"2024-09-09";"";"298 712";"17 257";"27 563 177";"2024-09-09 12:09:39"
"2024-09-09";"WhatsApp";"161 276";"68 352";"27 561 680";"2024-09-09 23:08:16"
"2024-09-03";"";"174 917";"149 091";"27 562 717";"2024-09-03 11:08:00"
"2024-09-01";"";"28 777";"12 797";"27 561 266";"2024-09-01 09:54:55"
"2024-09-07";"";"171 996";"10 775";"27 563 140";"2024-09-07 14:11:27"
"2024-09-05";"Telegram";"95 455 142";"10 343 037";"27 561 723";"2024-09-05 14:59:01"
"2024-09-05";"";"475 937";"240 860";"27 562 259";"2024-09-05 16:37:27"
"2024-09-01";"Unknown";"255 930";"13 335";"27 562 417";"2024-09-01 12:45:52"
"2024-09-09";"";"33 962";"71 491";"27 562 757";"2024-09-10 00:33:34"
"2024-09-06";"";"333 054";"10 892";"27 561 555";"2024-09-06 05:26:19"
"2024-09-06";"";"2 334 270";"1 447 478";"27 563 082";"2024-09-06 23:08:17"
"2024-09-04";"";"96 197";"7 646";"27 562 453";"2024-09-04 22:43:18"
"2024-09-02";"";"99 809";"33 683";"27 563 093";"2024-09-02 07:52:14"
"2024-09-02";"";"215 914";"8 488";"27 563 427";"2024-09-02 05:02:24"
"2024-09-10";"";"25 872";"13 020";"27 561 336";"2024-09-10 15:12:28"
"2024-09-08";"";"1 353 940";"311 569";"27 561 627";"2024-09-08 08:29:35"
"2024-09-09";"";"38 166";"3 724";"27 563 111";"2024-09-09 13:10:58"
"2024-09-10";"Facebook";"3 732 294";"242 704";"27 561 591";"2024-09-11 01:58:29"
"2024-09-03";"";"26 147";"7 545";"27 561 915";"2024-09-03 23:32:36"
"2024-09-05";"";"26 781";"1 950";"27 563 254";"2024-09-05 06:51:47"
"2024-09-04";"";"62 533 550";"3 664 851";"27 561 326";"2024-09-04 20:41:04"
"2024-09-07";"";"653 996";"49 211";"27 562 216";"2024-09-07 10:07:12"
"2024-09-09";"";"158 161";"19 537";"27 561 393";"2024-09-09 05:38:36"
"2024-09-08";"";"1 071 257";"128 331";"27 562 167";"2024-09-08 23:08:55"
"2024-09-01";"";"26 892";"2 591";"27 562 382";"2024-09-01 14:23:54"
"2024-09-07";"";"76 197";"26 050";"27 563 369";"2024-09-07 10:07:02"
"2024-09-05";"Yandex";"64 685 893";"7 148 095";"27 562 684";"2024-09-05 23:08:19"
"2024-09-08";"Telegram";"305 467";"46 758";"27 561 450";"2024-09-08 04:25:42"
"2024-09-03";"Telegram";"41 391 221";"2 175 361";"27 561 520";"2024-09-03 09:42:05"
"2024-09-06";"";"26 350";"11 178";"27 562 102";"2024-09-06 19:28:15"
"2024-09-09";"";"39 999";"5 180";"27 561 193";"2024-09-09 14:59:31"
"2024-09-08";"";"69 680";"7 557";"27 563 463";"2024-09-08 08:17:52"
"2024-09-07";"";"140 575";"6 488";"27 562 445";"2024-09-07 18:03:30"
"2024-09-07";"";"262 114";"32 429";"27 561 365";"2024-09-07 18:03:05"
"2024-09-09";"";"27 170";"2 810";"27 561 745";"2024-09-09 07:40:59"
"2024-09-04";"";"7 772";"28 316";"27 562 044";"2024-09-04 19:28:00"
"2024-09-06";"YouTube";"101 879";"689 864";"27 563 058";"2024-09-06 10:43:57"
"2024-09-04";"WhatsApp";"78 662";"24 964";"27 562 200";"2024-09-04 21:06:16"
"2024-09-06";"";"27 254";"9 070";"27 562 741";"2024-09-06 15:24:03"
"2024-09-07";"YouTube";"23 870 352";"1 476 713";"27 562 423";"2024-09-07 20:05:30"
"2024-09-01";"Yandex";"48 411";"4 844";"27 562 459";"2024-09-02 02:35:52"
"2024-09-09";"";"636 628";"133 911";"27 561 547";"2024-09-09 22:19:25"
"2024-09-07";"";"1 271 881";"149 599";"27 562 689";"2024-09-07 11:20:54"
"2024-09-04";"";"33 120";"3 372";"27 562 905";"2024-09-04 15:12:04"
"2024-09-09";"YouTube";"80 882";"29 780";"27 561 676";"2024-09-10 01:22:26"
"2024-09-04";"";"59 361";"6 849";"27 562 753";"2024-09-04 21:30:02"
"2024-09-06";"";"29 129";"7 144";"27 563 460";"2024-09-06 12:33:02"
"2024-09-09";"Facebook";"28 676";"4 933";"27 562 756";"2024-09-09 12:09:36"
"2024-09-09";"";"178 351";"72 704";"27 562 778";"2024-09-09 18:15:50"
"2024-09-04";"";"46 938";"36 620";"27 562 961";"2024-09-04 17:38:55"
"2024-09-06";"";"95 450";"15 380";"27 562 173";"2024-09-07 01:10:28"
"2024-09-04";"YouTube";"136 629 193";"7 990 820";"27 562 732";"2024-09-05 00:33:20"
"2024-09-04";"WhatsApp";"29 565";"3 473";"27 561 688";"2024-09-04 17:38:30"
"2024-09-10";"";"27 325";"15 262";"27 562 969";"2024-09-10 14:47:05"
"2024-09-07";"";"4 561";"28 092";"27 561 876";"2024-09-07 16:13:26"
"2024-09-06";"";"184 460";"9 275";"27 563 059";"2024-09-06 10:55:17"
"2024-09-07";"";"11 232";"62 006";"27 563 379";"2024-09-07 17:38:12"
"2024-09-03";"";"179 800";"22 965";"27 563 242";"2024-09-03 16:25:47"
"2024-09-04";"YouTube";"309 028";"26 366";"27 562 942";"2024-09-04 21:54:53"
"2024-09-01";"";"586 463";"19 802";"27 562 699";"2024-09-01 04:25:02"
"2024-09-02";"Facebook";"163 803";"8 763";"27 562 100";"2024-09-02 09:06:45"
"2024-09-05";"";"371 634";"12 974";"27 562 143";"2024-09-05 11:08:06"
"2024-09-03";"";"367 350";"1 399 185";"27 563 504";"2024-09-03 18:15:25"
"2024-09-03";"Yandex";"443 580";"62 303";"27 562 847";"2024-09-03 14:23:18"
"2024-09-01";"";"44 619";"2 372";"27 562 423";"2024-09-02 02:11:49"
"2024-09-09";"";"316 995";"48 142";"27 561 850";"2024-09-09 04:37:51"
"2024-09-06";"";"555 973";"159 061";"27 563 357";"2024-09-06 05:14:10"
"2024-09-01";"";"233 935";"54 106";"27 561 411";"2024-09-01 20:41:00"
"2024-09-02";"";"203 517";"103 926";"27 562 462";"2024-09-02 06:03:14"
"2024-09-07";"YouTube";"356 211";"27 239";"27 561 356";"2024-09-07 05:50:54"
"2024-09-01";"YouTube";"6 557 455";"412 323";"27 562 566";"2024-09-01 13:58:37"
"2024-09-03";"Yandex";"306 069";"38 818";"27 562 257";"2024-09-03 10:07:28"
"2024-09-09";"Instagram";"1 212 154";"66 334";"27 561 988";"2024-09-09 11:08:04"
"2024-09-06";"";"374 286";"1 286 954";"27 563 225";"2024-09-06 11:20:52"
"2024-09-03";"";"76 423";"4 320";"27 562 156";"2024-09-03 10:43:27"
"2024-09-02";"Instagram";"131 888 187";"4 175 516";"27 562 436";"2024-09-03 02:23:17"
"2024-09-07";"";"115 651";"22 035";"27 562 302";"2024-09-08 01:46:56"
"2024-09-07";"";"173 600";"36 487";"27 562 355";"2024-09-07 18:27:00"
"2024-09-06";"";"46 470";"33 376";"27 561 693";"2024-09-07 01:46:18"
"2024-09-08";"";"10 792";"66 276";"27 562 192";"2024-09-08 07:28:50"
"2024-09-07";"YouTube";"192 726";"9 359";"27 561 352";"2024-09-07 08:05:40"
"2024-09-03";"Telegram";"70 088";"9 127";"27 562 709";"2024-09-03 18:15:12"
"2024-09-02";"";"75 748";"11 107";"27 563 250";"2024-09-03 02:35:28"
"2024-09-08";"Instagram";"14 443 797";"11 937 353";"27 562 382";"2024-09-08 17:50:51"
"2024-09-05";"YouTube";"67 013";"735 258";"27 561 201";"2024-09-06 02:11:42"
"2024-09-07";"Instagram";"11 864 151";"241 867";"27 562 645";"2024-09-07 13:58:40"
"2024-09-05";"Tas-ix";"1 403 641";"69 731";"27 561 221";"2024-09-05 15:12:33"
"2024-09-08";"";"456 350";"121 674";"27 561 373";"2024-09-08 11:44:20"
"2024-09-10";"Telegram";"57 257 453";"8 354 701";"27 562 058";"2024-09-10 21:54:21"
"2024-09-09";"";"1 086 021";"63 535";"27 563 509";"2024-09-09 07:16:35"
"2024-09-06";"Facebook";"1 213 296";"728 917";"27 562 759";"2024-09-06 16:13:42"
"2024-09-07";"";"61 589";"8 346";"27 562 222";"2024-09-08 02:35:39"
"2024-09-02";"";"18 812";"47 102";"27 561 347";"2024-09-02 13:34:59"
"2024-09-09";"";"157 171";"30 946";"27 562 339";"2024-09-09 08:17:21"
"2024-09-09";"";"102 386";"27 737";"27 563 180";"2024-09-09 22:43:41"
"2024-09-05";"";"3 343 481";"3 768 227";"27 561 428";"2024-09-05 07:28:17"
"2024-09-01";"YouTube";"129 689 728";"10 483 796";"27 561 402";"2024-09-01 15:24:15"
"2024-09-02";"Instagram";"8 713 853";"61 074";"27 562 264";"2024-09-03 02:47:29"
"2024-09-01";"";"236 176";"12 041";"27 561 221";"2024-09-01 12:57:22"
"2024-09-07";"";"25 363";"37 670";"27 562 720";"2024-09-07 12:33:30"
"2024-09-07";"";"41 444";"17 796";"27 563 452";"2024-09-07 11:20:52"
"2024-09-05";"";"507 479";"49 467";"27 562 645";"2024-09-05 05:26:49"
"2024-09-07";"";"122 839";"7 312";"27 562 170";"2024-09-08 02:11:41"
"2024-09-04";"Instagram";"10 407 670";"374 250";"27 562 034";"2024-09-04 19:40:59"
"2024-09-08";"";"75 701";"16 680";"27 563 009";"2024-09-08 08:41:23"
"2024-09-06";"";"72 825";"9 135";"27 561 600";"2024-09-06 03:00:39"
"2024-09-07";"";"30 940";"11 889";"27 562 534";"2024-09-07 16:49:08"
"2024-09-06";"";"67 022";"33 176";"27 562 428";"2024-09-07 01:58:41"
"2024-09-03";"";"409 271";"25 176";"27 561 195";"2024-09-04 02:47:24"
"2024-09-01";"Facebook";"43 781";"4 271";"27 561 745";"2024-09-01 07:52:00"
"2024-09-06";"";"11 530";"27 542";"27 562 620";"2024-09-06 03:12:30"
"2024-09-10";"";"187 740";"33 072";"27 562 711";"2024-09-10 15:12:48"
"2024-09-04";"";"149 127";"57 300";"27 563 221";"2024-09-04 06:27:24"
"2024-09-08";"";"475 844";"30 301";"27 562 834";"2024-09-08 12:45:21"
"2024-09-07";"";"322 314";"50 833";"27 562 774";"2024-09-07 22:07:11"
"2024-09-02";"YouTube";"353 411 462";"22 619 959";"27 563 238";"2024-09-03 00:21:54"
"2024-09-07";"YouTube";"2 032 834";"110 471";"27 563 494";"2024-09-07 12:45:13"
"2024-09-05";"";"121 449";"11 805";"27 562 548";"2024-09-05 09:54:12"
"2024-09-05";"";"91 713";"53 202";"27 561 902";"2024-09-05 06:15:09"
"2024-09-01";"";"53 275";"20 610";"27 563 266";"2024-09-01 16:25:18"
"2024-09-01";"";"25 856";"6 500";"27 562 629";"2024-09-01 07:16:23"
"2024-09-03";"";"57 912 337";"4 452 326";"27 562 957";"2024-09-03 18:03:06"
"2024-09-09";"YouTube";"31 662 169";"1 678 494";"27 562 343";"2024-09-09 10:43:46"
"2024-09-09";"";"65 217";"21 846";"27 563 211";"2024-09-09 18:03:30"
"2024-09-05";"";"1 522 463";"89 148";"27 563 273";"2024-09-05 14:11:36"
"2024-09-09";"Yandex";"607 404";"266 243";"27 562 096";"2024-09-10 02:47:36"
"2024-09-10";"YouTube";"13 861 535";"4 871 122";"27 563 005";"2024-09-10 12:57:06"
"2024-09-02";"Telegram";"92 358";"8 561";"27 561 812";"2024-09-03 02:59:49"
"2024-09-06";"YouTube";"15 548";"102 478";"27 563 101";"2024-09-06 21:06:40"
"2024-09-09";"";"56 546";"81 815";"27 561 454";"2024-09-09 04:01:03"
"2024-09-09";"";"403 175";"105 401";"27 562 587";"2024-09-09 19:16:45"
"2024-09-07";"";"995 755";"204 705";"27 561 883";"2024-09-07 07:40:04"
"2024-09-03";"Yandex Video";"59 978";"2 388";"27 563 122";"2024-09-03 17:26:23"
"2024-09-06";"";"105 835";"14 667";"27 561 219";"2024-09-07 01:22:05"
"2024-09-02";"Facebook";"28 238";"2 540";"27 562 185";"2024-09-02 13:58:07"
"2024-09-09";"Instagram";"2 324 423";"95 482";"27 561 392";"2024-09-09 12:45:19"
"2024-09-02";"YouTube";"969 206";"141 185";"27 562 445";"2024-09-02 10:31:03"
"2024-09-07";"Unknown";"741 511";"120 372";"27 561 543";"2024-09-07 22:43:38"
"2024-09-10";"Odnoklassniki";"80 504";"13 312";"27 563 392";"2024-09-10 03:36:38"
"2024-09-06";"Instagram";"1 228 418";"155 107";"27 562 456";"2024-09-07 00:45:35"
"2024-09-06";"Telegram";"202 433 828";"7 021 610";"27 562 239";"2024-09-07 01:58:14"
"2024-09-03";"Yandex";"22 651";"105 219";"27 561 362";"2024-09-04 01:10:18"
"2024-09-09";"";"27 512";"37 935";"27 562 025";"2024-09-10 02:47:54"
"2024-09-07";"Facebook";"279 043";"26 409";"27 562 838";"2024-09-07 07:52:54"
"2024-09-08";"Telegram";"26 882 428";"1 651 400";"27 561 359";"2024-09-08 15:48:38"
"2024-09-08";"";"68 564";"32 013";"27 561 342";"2024-09-08 20:17:45"
"2024-09-05";"";"12 941";"63 707";"27 561 539";"2024-09-05 19:28:46"
"2024-09-01";"";"12 305";"34 687";"27 561 378";"2024-09-01 03:12:49"
"2024-09-02";"TikTok";"104 466";"519 232";"27 563 510";"2024-09-02 13:58:56"
"2024-09-06";"";"274 140";"136 533";"27 561 252";"2024-09-06 12:33:26"
"2024-09-07";"";"36 610";"233 555";"27 562 666";"2024-09-08 00:45:01"
"2024-09-10";"Instagram";"102 337";"3 537";"27 562 601";"2024-09-10 13:34:38"
"2024-09-02";"";"158 316";"185 766";"27 561 893";"2024-09-02 21:42:20"
"2024-09-10";"";"45 070";"292 188";"27 561 193";"2024-09-10 13:58:12"
"2024-09-09";"";"64 751";"11 268";"27 562 050";"2024-09-09 14:59:40"
"2024-09-09";"";"1 010 183";"87 874";"27 562 286";"2024-09-09 12:57:00"
"2024-09-06";"";"34 054";"4 403";"27 562 748";"2024-09-06 12:57:24"
"2024-09-02";"";"33 813";"4 694";"27 562 232";"2024-09-02 14:47:25"
"2024-09-06";"Instagram";"18 468 580";"20 933 361";"27 563 080";"2024-09-06 16:01:59"
"2024-09-04";"";"1 049 527";"96 461";"27 562 487";"2024-09-04 15:48:59"
"2024-09-07";"";"5 328 638";"282 556";"27 561 503";"2024-09-07 21:54:11"
"2024-09-02";"Yandex";"283 579";"276 666";"27 562 989";"2024-09-02 16:25:22"
"2024-09-01";"";"40 225";"2 172";"27 563 446";"2024-09-01 16:37:03"
"2024-09-08";"";"33 120";"9 641";"27 561 341";"2024-09-08 20:41:07"
"2024-09-01";"Telegram";"33 785 261";"48 439 444";"27 562 365";"2024-09-01 12:45:07"
"2024-09-02";"";"582 647";"22 928";"27 561 752";"2024-09-02 10:55:55"
"2024-09-06";"";"1 245 550";"77 095";"27 562 722";"2024-09-06 08:05:26"
"2024-09-08";"";"15 029";"95 551";"27 561 171";"2024-09-08 15:00:25"
"2024-09-03";"";"90 977";"19 612";"27 562 784";"2024-09-04 00:09:25"
"2024-09-09";"";"138 377";"260 357";"27 562 725";"2024-09-10 01:34:27"
"2024-09-02";"";"753 954";"2 892 514";"27 562 808";"2024-09-02 07:28:44"
"2024-09-02";"Telegram";"20 439 570";"23 095 023";"27 561 343";"2024-09-02 12:33:45"
"2024-09-01";"";"129 579";"58 349";"27 561 401";"2024-09-01 11:08:19"
"2024-09-01";"";"828 733";"170 157";"27 562 973";"2024-09-01 13:10:28"
"2024-09-01";"";"38 265 917";"1 916 205";"27 562 029";"2024-09-01 05:02:01"
"2024-09-05";"";"778 910";"113 335";"27 563 503";"2024-09-06 00:45:42"
"2024-09-10";"";"176 581";"76 963";"27 561 172";"2024-09-10 11:44:15"
"2024-09-03";"";"1 726 455";"57 108";"27 561 680";"2024-09-03 06:03:15"
"2024-09-08";"";"91 037";"5 380";"27 562 436";"2024-09-08 12:57:04"
"2024-09-03";"";"9 021 474";"644 541";"27 562 063";"2024-09-03 18:15:00"
"2024-09-09";"";"135 168";"3 797";"27 561 345";"2024-09-09 08:05:09"
"2024-09-06";"YouTube";"1 461 393";"69 277";"27 563 169";"2024-09-07 01:10:06"
"2024-09-05";"";"26 476 025";"6 992 988";"27 561 375";"2024-09-05 08:53:10"
"2024-09-08";"";"34 565";"39 817";"27 561 692";"2024-09-08 09:42:23"
"2024-09-01";"";"50 531";"2 300";"27 561 908";"2024-09-01 10:31:48"
"2024-09-04";"YouTube";"622 250";"224 455";"27 562 428";"2024-09-04 12:45:07"
"2024-09-06";"WhatsApp";"39 294";"3 737";"27 563 381";"2024-09-07 02:11:10"
"2024-09-06";"";"349 323";"328 353";"27 561 934";"2024-09-06 15:36:56"
"2024-09-03";"";"38 403";"6 406";"27 561 428";"2024-09-03 04:49:28"
"2024-09-01";"";"33 606";"23 346";"27 561 774";"2024-09-01 03:12:29"
"2024-09-06";"";"33 646";"1 769";"27 562 473";"2024-09-06 18:15:54"
"2024-09-04";"";"171 565";"49 468";"27 562 224";"2024-09-04 20:53:50"
"2024-09-01";"Instagram";"2 846 048";"2 538 640";"27 562 845";"2024-09-01 03:48:26"
"2024-09-02";"Facebook";"226 916";"24 438";"27 561 402";"2024-09-02 05:14:53"
"2024-09-09";"Yandex";"2 355 984";"149 136";"27 561 366";"2024-09-09 03:00:31"
"2024-09-02";"YouTube";"92 567";"273 006";"27 562 734";"2024-09-02 08:53:55"
"2024-09-09";"";"48 612";"6 158";"27 562 102";"2024-09-09 05:50:07"
"2024-09-05";"";"85 701";"17 134";"27 562 057";"2024-09-05 22:55:08"
"2024-09-07";"Telegram";"13 494 465";"782 341";"27 562 150";"2024-09-08 01:46:28"
"2024-09-01";"";"2 608 800";"181 721";"27 561 336";"2024-09-01 20:41:05"
"2024-09-08";"";"40 097";"15 013";"27 562 708";"2024-09-08 09:30:11"
"2024-09-04";"Tas-ix";"2 298 166";"157 991";"27 562 266";"2024-09-05 00:57:21"
"2024-09-09";"";"447 605";"222 414";"27 562 468";"2024-09-09 14:59:40"
"2024-09-06";"";"29 882";"18 164";"27 563 058";"2024-09-07 01:46:00"
"2024-09-09";"";"171 906";"15 405";"27 561 970";"2024-09-09 18:51:13"
"2024-09-04";"";"46 949";"4 023";"27 562 226";"2024-09-04 23:32:29"
"2024-09-03";"";"288 666";"55 597";"27 562 756";"2024-09-03 10:43:22"
"2024-09-05";"";"477 105";"489 698";"27 561 337";"2024-09-05 14:23:08"
"2024-09-04";"YouTube";"4 910 140";"2 562 825";"27 562 659";"2024-09-04 16:25:29"
"2024-09-07";"";"158 752";"7 633";"27 562 850";"2024-09-07 20:05:43"
"2024-09-05";"";"60 915";"11 099";"27 561 706";"2024-09-05 17:14:00"
"2024-09-07";"";"70 266";"7 605";"27 562 445";"2024-09-07 18:51:58"
"2024-09-08";"Telegram";"1 661 129";"66 350";"27 561 563";"2024-09-08 10:19:54"
"2024-09-03";"VKontakte";"66 197";"4 917";"27 561 232";"2024-09-03 05:14:51"
"2024-09-04";"";"691 218";"63 448";"27 561 219";"2024-09-04 13:46:46"
"2024-09-10";"";"505 294";"338 177";"27 561 534";"2024-09-10 18:51:34"
"2024-09-01";"";"389 644";"85 270";"27 562 550";"2024-09-01 05:14:09"
"2024-09-06";"Telegram";"7 715 916";"487 829";"27 563 066";"2024-09-06 20:05:17"
"2024-09-10";"Telegram";"1 204 043";"62 471";"27 563 000";"2024-09-10 13:34:05"
"2024-09-06";"";"26 373";"1 835";"27 562 619";"2024-09-06 11:08:42"
"2024-09-03";"";"123 970";"58 428";"27 562 634";"2024-09-04 01:58:23"
"2024-09-04";"";"4 105 743";"157 557";"27 563 311";"2024-09-04 15:00:33"
"2024-09-01";"";"196 337";"14 772";"27 561 694";"2024-09-01 08:29:11"
"2024-09-04";"";"6 080";"93 981";"27 562 806";"2024-09-04 08:41:40"
"2024-09-07";"Facebook";"124 410";"96 596";"27 562 143";"2024-09-07 17:26:50"
"2024-09-02";"";"862 977";"98 560";"27 562 810";"2024-09-02 04:37:15"
"2024-09-03";"";"26 727";"4 825";"27 562 654";"2024-09-03 19:52:15"
"2024-09-08";"Facebook";"1 221 779";"42 252";"27 561 743";"2024-09-09 02:11:40"
"2024-09-09";"";"148 160";"24 796";"27 562 170";"2024-09-09 15:36:49"
"2024-09-08";"";"170 440";"619 858";"27 561 965";"2024-09-08 05:38:42"
"2024-09-05";"";"110 120";"7 347";"27 562 503";"2024-09-05 14:47:34"
"2024-09-07";"";"11 219";"26 453";"27 562 215";"2024-09-07 19:52:16"
"2024-09-01";"Facebook";"294 950";"190 075";"27 561 380";"2024-09-01 12:45:50"
"2024-09-06";"Instagram";"6 515 010";"422 896";"27 562 404";"2024-09-06 13:46:19"
"2024-09-02";"YouTube";"105 084 876";"7 833 271";"27 562 484";"2024-09-02 22:07:41"
"2024-09-05";"";"224 411";"64 194";"27 562 141";"2024-09-05 08:05:06"
"2024-09-05";"YouTube";"5 226 080";"310 716";"27 561 474";"2024-09-05 23:56:47"
"2024-09-07";"";"137 203";"474 467";"27 561 591";"2024-09-07 09:30:56"
"2024-09-02";"";"3 805 443";"208 828";"27 562 292";"2024-09-02 10:31:02"
"2024-09-01";"";"80 661";"7 167";"27 562 956";"2024-09-01 15:48:38"
"2024-09-02";"";"743 995";"43 091";"27 562 007";"2024-09-02 09:06:10"
"2024-09-04";"";"10 111 706";"5 549 879";"27 562 714";"2024-09-04 04:25:15"
"2024-09-03";"Telegram";"684 223 292";"29 379 432";"27 562 069";"2024-09-03 23:44:47"
"2024-09-08";"";"35 439";"18 591";"27 563 336";"2024-09-08 09:30:00"
"2024-09-02";"";"90 299";"8 652";"27 562 646";"2024-09-03 02:11:29"
"2024-09-05";"";"165 704";"76 088";"27 562 998";"2024-09-05 19:52:17"
"2024-09-05";"";"1 151 030";"147 533";"27 561 787";"2024-09-05 22:43:25"
"2024-09-05";"";"666 960";"631 826";"27 561 449";"2024-09-05 05:26:27"
"2024-09-05";"";"78 730";"13 815";"27 563 023";"2024-09-05 04:25:25"
"2024-09-02";"";"3 065 092";"407 421";"27 562 315";"2024-09-02 04:13:45"
"2024-09-02";"";"62 732";"2 095";"27 562 376";"2024-09-02 06:27:48"
"2024-09-08";"YouTube";"13 236 380";"720 459";"27 562 287";"2024-09-09 02:59:08"
"2024-09-06";"";"117 468";"31 184";"27 561 354";"2024-09-06 23:32:46"
"2024-09-01";"";"119 402";"8 151";"27 562 578";"2024-09-01 20:53:15"
"2024-09-08";"";"275 170";"17 926";"27 562 644";"2024-09-08 11:56:50"
"2024-09-06";"";"71 385";"68 216";"27 561 883";"2024-09-06 20:41:16"
"2024-09-03";"";"310 603";"62 100";"27 563 009";"2024-09-03 10:43:07"
"2024-09-03";"";"1 406 745";"54 284";"27 561 257";"2024-09-03 08:29:30"
"2024-09-04";"";"29 509";"19 414";"27 562 864";"2024-09-04 14:23:09"
"2024-09-01";"YouTube";"263 767";"139 726";"27 561 320";"2024-09-01 08:53:14"
"2024-09-01";"Instagram";"75 241";"5 678";"27 561 460";"2024-09-01 18:39:29"
"2024-09-05";"";"31 285";"97 246";"27 562 836";"2024-09-05 14:11:25"
"2024-09-07";"";"143 675";"7 235";"27 563 336";"2024-09-08 01:10:09"
"2024-09-02";"Yandex";"813 476";"56 888";"27 563 153";"2024-09-02 07:04:03"
"2024-09-05";"";"31 555";"3 438";"27 563 230";"2024-09-05 04:13:49"
"2024-09-02";"";"4 033 518";"104 071";"27 562 917";"2024-09-02 16:49:35"
"2024-09-08";"";"36 797";"2 563";"27 561 915";"2024-09-08 03:00:33"
"2024-09-09";"";"121 998";"30 859";"27 561 195";"2024-09-09 04:37:28"
"2024-09-04";"Instagram";"365 159";"64 571";"27 563 367";"2024-09-04 13:10:37"
"2024-09-09";"";"561 869";"11 864";"27 562 659";"2024-09-09 16:13:37"
"2024-09-07";"";"69 165";"21 679";"27 562 028";"2024-09-07 07:04:08"
"2024-09-09";"";"243 223";"17 501";"27 562 521";"2024-09-09 15:24:27"
"2024-09-02";"";"117 276";"11 937";"27 561 718";"2024-09-03 00:33:32"
"2024-09-03";"Instagram";"387 846";"91 814";"27 562 263";"2024-09-03 23:20:56"
"2024-09-07";"";"38 965";"51 124";"27 563 284";"2024-09-07 20:29:00"
"2024-09-05";"YouTube";"38 533";"2 573";"27 561 658";"2024-09-05 21:06:51"
"2024-09-05";"YouTube";"1 753 469";"154 540";"27 562 318";"2024-09-05 12:09:00"
"2024-09-04";"";"46 562";"5 507";"27 561 767";"2024-09-04 16:49:40"
"2024-09-03";"";"45 086";"65 540";"27 563 236";"2024-09-03 13:46:26"
"2024-09-09";"";"689 746";"303 770";"27 562 224";"2024-09-09 15:36:35"
"2024-09-03";"";"123 344";"25 431";"27 561 422";"2024-09-04 02:35:47"
"2024-09-08";"PUBG";"80 275 669";"3 576 511";"27 562 085";"2024-09-08 23:20:21"
"2024-09-05";"Instagram";"172 886";"45 747";"27 563 122";"2024-09-05 20:53:26"
"2024-09-10";"";"306 794";"125 107";"27 563 395";"2024-09-11 00:21:59"
"2024-09-07";"";"263 186";"7 598";"27 562 903";"2024-09-07 19:04:07"
"2024-09-01";"Unknown";"3 251 800";"241 450";"27 561 373";"2024-09-01 05:50:12"
"2024-09-07";"Telegram";"47 561 439";"3 030 504";"27 562 674";"2024-09-07 18:03:59"
"2024-09-07";"";"75 226";"3 744";"27 563 437";"2024-09-07 13:10:09"
"2024-09-04";"";"84 646";"5 924";"27 563 026";"2024-09-04 21:30:05"
"2024-09-10";"";"247 980";"443 627";"27 562 956";"2024-09-11 02:47:16"
"2024-09-10";"YouTube";"24 980 521";"1 526 057";"27 561 835";"2024-09-10 21:18:45"
"2024-09-02";"";"42 037";"4 896";"27 563 123";"2024-09-02 16:13:49"
"2024-09-04";"";"1 156 370";"123 844";"27 561 332";"2024-09-04 09:54:22"
"2024-09-01";"WhatsApp";"312 606";"191 891";"27 563 147";"2024-09-01 20:17:04"
"2024-09-03";"";"133 574";"132 852";"27 561 384";"2024-09-03 05:26:24"
"2024-09-08";"";"53 574";"13 380";"27 562 178";"2024-09-08 21:54:09"
"2024-09-01";"";"3 589 498";"212 451";"27 563 112";"2024-09-01 16:49:39"
"2024-09-03";"Instagram";"1 409 672";"98 091";"27 563 097";"2024-09-03 14:23:17"
"2024-09-03";"";"27 744";"5 706";"27 562 076";"2024-09-03 21:30:34"
"2024-09-09";"";"84 622";"4 256";"27 563 106";"2024-09-09 09:18:48"
"2024-09-03";"Instagram";"1 836 192";"392 745";"27 561 359";"2024-09-03 12:57:29"
"2024-09-04";"";"1 424 809";"114 877";"27 561 552";"2024-09-04 17:26:36"
"2024-09-08";"";"152 662";"58 341";"27 562 788";"2024-09-08 22:43:10"
"2024-09-01";"Telegram";"56 274 420";"3 595 772";"27 562 611";"2024-09-01 11:32:21"
"2024-09-02";"";"136 695";"28 330";"27 561 216";"2024-09-02 04:25:30"
"2024-09-07";"";"94 271";"90 129";"27 562 578";"2024-09-07 11:20:44"
"2024-09-05";"";"959 460";"109 572";"27 561 921";"2024-09-05 03:12:10"
"2024-09-06";"Instagram";"1 618 223";"164 319";"27 562 843";"2024-09-06 17:02:05"
"2024-09-02";"";"25 132 071";"976 852";"27 561 213";"2024-09-02 22:43:29"
"2024-09-09";"";"4 102 648";"174 017";"27 562 778";"2024-09-09 12:45:46"
"2024-09-01";"Facebook";"78 985";"11 250";"27 561 884";"2024-09-01 22:55:02"
"2024-09-06";"";"27 990";"13 155";"27 563 504";"2024-09-06 12:45:51"
"2024-09-10";"";"144 900";"412 113";"27 563 460";"2024-09-11 00:33:50"
"2024-09-04";"";"7 456";"99 325";"27 561 552";"2024-09-04 08:41:47"
"2024-09-09";"";"42 435";"124 900";"27 562 729";"2024-09-09 10:55:53"
"2024-09-10";"Tas-ix";"170 834";"69 517";"27 561 745";"2024-09-10 18:51:03"
"2024-09-04";"Instagram";"712 891";"49 971";"27 562 997";"2024-09-05 01:22:08"
"2024-09-02";"";"26 323";"8 287";"27 562 129";"2024-09-02 05:50:46"
"2024-09-05";"";"166 134";"30 664";"27 561 381";"2024-09-06 01:58:47"
"2024-09-02";"";"78 611";"473 116";"27 563 357";"2024-09-02 18:27:57"
"2024-09-06";"";"58 912";"68 832";"27 562 804";"2024-09-06 19:04:17"
"2024-09-05";"VKontakte";"6 351 461";"260 925";"27 562 041";"2024-09-05 05:26:03"
"2024-09-04";"";"78 002";"112 794";"27 561 697";"2024-09-04 23:56:47"
"2024-09-02";"Facebook";"3 014 476";"132 117";"27 563 059";"2024-09-02 04:13:25"
"2024-09-08";"";"54 187";"1 718";"27 562 791";"2024-09-08 12:45:19"
"2024-09-01";"";"1 172 275";"143 975";"27 561 772";"2024-09-01 21:30:22"
"2024-09-10";"";"272 195";"84 020";"27 562 255";"2024-09-10 10:55:22"
"2024-09-09";"";"72 521";"825 450";"27 561 924";"2024-09-09 14:11:39"
"2024-09-07";"";"31 650";"11 395";"27 562 846";"2024-09-07 16:25:10"
"2024-09-03";"";"5 348 333";"196 343";"27 563 076";"2024-09-03 07:16:06"
"2024-09-01";"YouTube";"327 727";"110 611";"27 562 331";"2024-09-01 05:38:03"
"2024-09-09";"";"58 918";"5 335";"27 563 491";"2024-09-09 08:53:42"
"2024-09-10";"";"53 367";"12 140";"27 561 804";"2024-09-10 14:47:55"
"2024-09-05";"";"784 501";"36 926";"27 563 404";"2024-09-05 06:27:54"
"2024-09-01";"";"248 270";"12 228";"27 561 269";"2024-09-01 05:38:24"
"2024-09-10";"";"13 336";"37 459";"27 563 130";"2024-09-10 14:35:27"
"2024-09-02";"Telegram";"37 368 625";"2 960 146";"27 562 431";"2024-09-02 14:11:27"
"2024-09-01";"Instagram";"648 648";"40 758";"27 562 786";"2024-09-01 09:06:54"
"2024-09-06";"Telegram";"61 879 099";"3 234 659";"27 562 003";"2024-09-06 09:18:17"
"2024-09-10";"";"139 340";"129 748";"27 562 787";"2024-09-10 03:48:50"
"2024-09-09";"";"50 498";"7 461";"27 561 647";"2024-09-10 02:59:39"
"2024-09-08";"Yandex";"877 110";"82 374";"27 562 578";"2024-09-08 15:24:54"
"2024-09-05";"";"735 100";"88 808";"27 563 098";"2024-09-05 15:48:19"
"2024-09-04";"";"53 716";"3 188";"27 561 886";"2024-09-04 03:24:29"
"2024-09-06";"";"15 403";"560 143";"27 563 063";"2024-09-06 05:26:55"
"2024-09-08";"YouTube";"201 698";"1 558 592";"27 562 651";"2024-09-08 13:10:22"
"2024-09-10";"";"248 745";"18 287";"27 561 403";"2024-09-10 11:32:30"
"2024-09-06";"";"1 247 040";"84 619";"27 561 557";"2024-09-06 22:19:56"
"2024-09-10";"";"34 013";"219 328";"27 563 043";"2024-09-11 00:21:13"
"2024-09-09";"";"54 854";"6 027";"27 562 534";"2024-09-09 20:41:08"
"2024-09-04";"";"2 222 609";"142 937";"27 562 300";"2024-09-04 13:46:15"
"2024-09-08";"";"70 415";"108 938";"27 562 127";"2024-09-08 04:13:53"
"2024-09-05";"";"202 693";"15 587";"27 562 544";"2024-09-05 03:00:22"
"2024-09-05";"Instagram";"2 619 734";"1 450 515";"27 563 443";"2024-09-05 20:29:22"
"2024-09-04";"YouTube";"305 081";"32 934";"27 562 714";"2024-09-05 02:35:20"
"2024-09-04";"";"49 135";"90 968";"27 562 883";"2024-09-04 18:03:21"
"2024-09-06";"";"434 574";"436 594";"27 561 306";"2024-09-06 19:28:11"
"2024-09-08";"";"30 905 328";"1 445 458";"27 561 373";"2024-09-08 13:46:47"
"2024-09-10";"Facebook";"37 247";"3 883";"27 563 000";"2024-09-10 21:30:51"
"2024-09-09";"";"35 485";"7 121";"27 561 354";"2024-09-09 09:06:06"
"2024-09-07";"";"180 960";"8 206";"27 561 199";"2024-09-08 01:46:31"
"2024-09-01";"Telegram";"12 641 003";"846 857";"27 561 760";"2024-09-01 07:40:58"
"2024-09-07";"Instagram";"279 042";"21 044";"27 562 837";"2024-09-07 17:26:00"
"2024-09-07";"";"141 301";"157 053";"27 561 552";"2024-09-07 13:34:43"
"2024-09-08";"";"46 193";"52 911";"27 561 674";"2024-09-08 11:44:31"
"2024-09-10";"Telegram";"142 070 520";"13 413 354";"27 561 884";"2024-09-10 21:54:58"
"2024-09-01";"YouTube";"2 760 123";"1 277 189";"27 562 300";"2024-09-01 11:32:53"
"2024-09-08";"";"59 288";"4 718";"27 563 192";"2024-09-09 01:46:40"
"2024-09-05";"Telegram";"162 812";"18 992";"27 561 952";"2024-09-05 07:04:18"
"2024-09-09";"";"559 509";"148 512";"27 562 993";"2024-09-10 00:21:00"
"2024-09-07";"Telegram";"56 178 705";"4 448 010";"27 563 291";"2024-09-07 06:15:27"
"2024-09-01";"";"2 642 363";"123 001";"27 562 696";"2024-09-01 15:24:53"
"2024-09-09";"";"28 892";"11 331";"27 561 914";"2024-09-10 02:23:42"
"2024-09-06";"";"220 296";"12 433";"27 562 084";"2024-09-06 04:49:47"
"2024-09-06";"";"521 520";"15 261";"27 562 758";"2024-09-07 00:21:27"
"2024-09-08";"";"164 196";"10 547";"27 561 768";"2024-09-09 02:23:07"
"2024-09-05";"";"65 066";"16 594";"27 561 649";"2024-09-05 15:00:36"
"2024-09-02";"";"69 218 186";"1 375 693";"27 561 974";"2024-09-02 18:39:38"
"2024-09-05";"";"227 239";"22 149";"27 563 242";"2024-09-05 07:28:33"
"2024-09-04";"";"3 103 390";"92 192";"27 561 357";"2024-09-04 09:42:35"
"2024-09-05";"";"69 021 514";"5 246 058";"27 562 197";"2024-09-05 07:52:55"
"2024-09-09";"Facebook";"23 106 548";"402 145";"27 563 445";"2024-09-10 00:33:06"
"2024-09-03";"";"1 731 277";"953 766";"27 562 721";"2024-09-03 22:43:30"
"2024-09-03";"";"376 665";"78 007";"27 562 908";"2024-09-03 19:52:46"
"2024-09-10";"";"322 161";"33 371";"27 563 491";"2024-09-10 23:32:15"
"2024-09-10";"";"51 962";"12 929";"27 561 800";"2024-09-10 22:31:48"
"2024-09-05";"";"37 691";"3 557";"27 562 012";"2024-09-05 19:28:52"
"2024-09-01";"Instagram";"101 204 724";"2 837 123";"27 562 352";"2024-09-02 02:47:18"
"2024-09-07";"";"236 562";"16 158";"27 562 363";"2024-09-07 03:00:07"
"2024-09-06";"";"640 598";"163 186";"27 562 821";"2024-09-06 03:24:57"
"2024-09-06";"";"65 230 959";"3 527 934";"27 561 300";"2024-09-07 00:33:48"
"2024-09-05";"";"87 309";"227 683";"27 561 641";"2024-09-05 19:52:29"
"2024-09-06";"";"4 913";"35 712";"27 561 658";"2024-09-06 20:05:46"
"2024-09-04";"";"24 754";"40 304";"27 563 234";"2024-09-04 21:18:50"
"2024-09-05";"";"862 933";"41 568";"27 562 689";"2024-09-05 16:01:45"
"2024-09-03";"";"280 167";"14 651";"27 561 831";"2024-09-03 05:38:08"
"2024-09-03";"";"6 955 659";"246 812";"27 561 882";"2024-09-04 02:11:24"
"2024-09-01";"";"237 630";"112 374";"27 562 754";"2024-09-01 15:24:20"
"2024-09-09";"";"14 164 746";"1 037 382";"27 561 543";"2024-09-09 03:48:41"
"2024-09-01";"";"35 422";"10 054";"27 562 089";"2024-09-01 23:56:34"
"2024-09-01";"";"1 497 179";"130 248";"27 561 484";"2024-09-01 14:47:14"
"2024-09-04";"";"32 211";"5 690";"27 561 730";"2024-09-04 08:41:19"
"2024-09-02";"";"1 441 042";"1 123 069";"27 561 647";"2024-09-03 02:11:21"
"2024-09-07";"";"225 839";"14 530";"27 562 997";"2024-09-07 12:09:03"
"2024-09-07";"";"179 244";"140 957";"27 561 883";"2024-09-07 20:41:22"
"2024-09-04";"Facebook";"151 345";"14 362";"27 561 290";"2024-09-04 14:47:37"
"2024-09-05";"";"86 599";"4 041";"27 561 464";"2024-09-05 19:40:06"
"2024-09-02";"";"38 766";"4 942";"27 562 236";"2024-09-02 07:28:17"
"2024-09-01";"";"854 188";"65 682";"27 561 205";"2024-09-02 01:10:18"
"2024-09-09";"Facebook";"33 965";"3 549";"27 562 857";"2024-09-09 05:14:15"
"2024-09-08";"YouTube";"858 944";"89 379";"27 562 124";"2024-09-08 14:23:03"
"2024-09-06";"";"6 873 231";"197 989";"27 561 298";"2024-09-06 07:40:32"
"2024-09-09";"Instagram";"102 919 820";"1 539 251";"27 562 590";"2024-09-09 10:31:50"
"2024-09-09";"";"57 929";"14 062";"27 561 227";"2024-09-09 18:51:59"
"2024-09-07";"Instagram";"3 097 112";"224 715";"27 562 255";"2024-09-07 14:47:38"
"2024-09-08";"";"588 154";"234 677";"27 562 915";"2024-09-08 18:51:08"
"2024-09-06";"";"80 146";"4 543";"27 561 554";"2024-09-06 20:29:06"
"2024-09-04";"Unknown";"114 933";"17 678";"27 561 536";"2024-09-04 14:11:06"
"2024-09-01";"YouTube";"328 548";"968 090";"27 561 662";"2024-09-01 17:38:06"
"2024-09-05";"YouTube";"1 516 473";"124 388";"27 561 638";"2024-09-05 08:41:28"
"2024-09-07";"Yandex";"117 336";"7 326";"27 561 547";"2024-09-07 09:42:46"
"2024-09-08";"";"2 622 359";"146 404";"27 561 851";"2024-09-08 06:03:27"
"2024-09-03";"";"686 204";"61 063";"27 562 645";"2024-09-03 06:27:32"
"2024-09-09";"";"85 361";"23 691";"27 562 265";"2024-09-09 23:32:10"
"2024-09-09";"Yandex";"535 495";"32 395";"27 561 722";"2024-09-09 05:50:38"
"2024-09-06";"";"32 176";"1 971";"27 563 244";"2024-09-06 22:07:41"
"2024-09-04";"Instagram";"7 897 995";"813 822";"27 561 641";"2024-09-04 12:57:58"
"2024-09-01";"YouTube";"1 452 480";"372 271";"27 562 287";"2024-09-01 10:31:07"
"2024-09-09";"";"38 361 140";"7 998 494";"27 562 378";"2024-09-09 13:34:36"
"2024-09-08";"";"75 317";"27 443";"27 563 415";"2024-09-08 19:40:07"
"2024-09-06";"";"499 905";"39 965";"27 562 261";"2024-09-06 17:50:58"
"2024-09-04";"";"523 312";"65 267";"27 562 156";"2024-09-04 06:39:05"
"2024-09-02";"";"30 872";"2 116";"27 562 371";"2024-09-02 15:48:29"
"2024-09-06";"";"85 168";"6 343";"27 562 812";"2024-09-07 02:11:15"
"2024-09-10";"";"951 110";"42 412";"27 561 373";"2024-09-10 21:42:35"
"2024-09-02";"";"43 523";"354 938";"27 562 033";"2024-09-02 16:01:24"
"2024-09-10";"";"140 487";"28 057";"27 563 135";"2024-09-10 19:04:05"
"2024-09-03";"YouTube";"14 020 905";"425 986";"27 561 984";"2024-09-03 22:31:48"
"2024-09-03";"";"26 065";"1 874";"27 561 690";"2024-09-03 06:39:39"
"2024-09-08";"YouTube";"257 558";"2 071 867";"27 562 829";"2024-09-08 12:45:14"
"2024-09-10";"Telegram";"45 709 987";"20 651 254";"27 563 171";"2024-09-10 20:41:12"
"2024-09-05";"";"369 491";"108 383";"27 561 640";"2024-09-05 13:34:38"
"2024-09-10";"YouTube";"708 469";"81 716";"27 563 424";"2024-09-10 12:45:41"
"2024-09-03";"";"79 735 756";"7 439 784";"27 562 384";"2024-09-03 07:40:15"
"2024-09-01";"";"232 513";"11 041";"27 562 799";"2024-09-01 05:14:35"
"2024-09-08";"";"1 890 609";"93 750";"27 562 204";"2024-09-08 18:39:43"
"2024-09-09";"";"29 336";"12 361";"27 562 864";"2024-09-09 12:57:56"
"2024-09-02";"";"167 941";"22 754";"27 563 092";"2024-09-02 18:15:46"
"2024-09-03";"";"280 529";"19 103";"27 562 557";"2024-09-03 19:52:56"
"2024-09-07";"";"186 489 707";"6 799 397";"27 561 250";"2024-09-07 19:04:51"
"2024-09-06";"";"237 723";"115 961";"27 562 858";"2024-09-06 23:44:56"
"2024-09-09";"";"1 942 119";"524 043";"27 562 185";"2024-09-09 21:42:01"
"2024-09-09";"Instagram";"11 309 295";"7 506 183";"27 561 533";"2024-09-09 09:18:54"
"2024-09-04";"YouTube";"3 839 892";"1 974 874";"27 563 367";"2024-09-05 01:46:07"
"2024-09-05";"Facebook";"5 786 031";"165 573";"27 563 175";"2024-09-05 15:24:56"
"2024-09-06";"";"1 316 149";"235 506";"27 562 527";"2024-09-06 10:55:36"
"2024-09-05";"";"32 988";"2 519";"27 563 075";"2024-09-05 14:47:55"
"2024-09-04";"";"248 945 198";"60 555 942";"27 563 351";"2024-09-04 23:20:31"
"2024-09-05";"";"228 228";"10 896";"27 561 232";"2024-09-05 15:24:51"
"2024-09-05";"";"3 971 073";"451 790";"27 562 620";"2024-09-06 02:23:08"
"2024-09-01";"";"32 997";"10 985";"27 562 051";"2024-09-01 17:02:19"
"2024-09-10";"Instagram";"287 746";"52 047";"27 563 489";"2024-09-10 04:13:37"
"2024-09-02";"YouTube";"2 983 913";"209 437";"27 562 405";"2024-09-02 09:30:13"
"2024-09-08";"";"111 553 892";"3 973 618";"27 561 881";"2024-09-08 09:30:35"
"2024-09-06";"";"66 064";"12 701";"27 562 698";"2024-09-07 00:45:07"
"2024-09-04";"";"228 538";"31 673";"27 562 582";"2024-09-04 06:51:22"
"2024-09-05";"";"27 824";"78 030";"27 562 860";"2024-09-05 17:14:38"
"2024-09-10";"";"424 661";"59 914";"27 562 445";"2024-09-10 18:15:45"
"2024-09-05";"YouTube";"79 135 400";"4 874 156";"27 562 752";"2024-09-05 07:16:35"
"2024-09-09";"";"90 434";"14 661";"27 562 121";"2024-09-10 02:35:30"
"2024-09-10";"";"6 477 154";"181 906";"27 562 435";"2024-09-10 23:20:50"
"2024-09-09";"YouTube";"367 098";"3 462 777";"27 562 658";"2024-09-09 06:15:18"
"2024-09-02";"";"3 211 497";"95 837";"27 563 112";"2024-09-02 17:14:13"
"2024-09-08";"YouTube";"321 366";"3 762 939";"27 561 279";"2024-09-08 12:45:43"
"2024-09-08";"";"220 161";"8 956";"27 561 201";"2024-09-08 16:37:11"
"2024-09-07";"YouTube";"40 787";"211 633";"27 563 152";"2024-09-07 15:00:04"
"2024-09-02";"";"84 315";"14 688";"27 563 174";"2024-09-02 06:03:30"
"2024-09-05";"";"572 420";"24 720";"27 563 087";"2024-09-05 23:20:31"
"2024-09-04";"Instagram";"1 585 162";"88 981";"27 563 018";"2024-09-05 02:23:01"
"2024-09-07";"";"78 771";"7 912";"27 562 922";"2024-09-07 22:43:26"
"2024-09-04";"";"56 208";"2 926";"27 562 864";"2024-09-05 01:34:51"
"2024-09-10";"";"30 747";"23 789";"27 562 121";"2024-09-10 11:56:05"
"2024-09-05";"";"88 236";"10 794";"27 562 719";"2024-09-05 09:30:30"
"2024-09-03";"YouTube";"35 709 013";"2 617 933";"27 563 415";"2024-09-03 05:26:49"
"2024-09-08";"";"29 230";"2 152";"27 563 390";"2024-09-08 17:02:13"
"2024-09-02";"";"15 584";"26 917";"27 563 093";"2024-09-03 00:21:05"
"2024-09-09";"YouTube";"62 384 992";"3 424 248";"27 562 397";"2024-09-09 19:40:12"
"2024-09-09";"";"7 911 431";"296 411";"27 562 534";"2024-09-09 13:22:58"
"2024-09-04";"WhatsApp";"29 915";"11 810";"27 562 445";"2024-09-04 16:25:57"
"2024-09-06";"Telegram";"5 767 194";"438 785";"27 562 818";"2024-09-06 14:59:19"
"2024-09-05";"VKontakte";"287 158";"27 141";"27 562 803";"2024-09-05 22:19:22"
"2024-09-04";"YouTube";"1 888 967";"640 772";"27 561 240";"2024-09-04 22:19:37"
"2024-09-06";"Instagram";"7 283 915";"189 421";"27 562 659";"2024-09-06 03:36:33"
"2024-09-04";"Odnoklassniki";"36 925";"5 872";"27 561 974";"2024-09-04 08:17:07"
"2024-09-04";"";"809 402";"29 630";"27 562 156";"2024-09-04 19:52:50"
"2024-09-03";"";"138 498";"24 228";"27 562 254";"2024-09-03 09:06:07"
"2024-09-09";"YouTube";"36 149 290";"1 988 244";"27 562 440";"2024-09-10 01:34:15"
"2024-09-01";"";"132 384";"959 783";"27 561 204";"2024-09-02 02:47:01"
"2024-09-04";"";"340 942";"18 845";"27 562 050";"2024-09-04 06:27:57"
"2024-09-06";"WhatsApp";"28 877";"2 460";"27 562 490";"2024-09-06 20:17:13"
"2024-09-10";"";"66 099";"9 048";"27 563 396";"2024-09-10 06:27:31"
"2024-09-10";"";"411 314";"29 894";"27 562 607";"2024-09-10 19:28:32"
"2024-09-08";"";"345 581";"97 866";"27 561 921";"2024-09-09 02:47:54"
"2024-09-07";"";"27 255";"1 695";"27 563 082";"2024-09-07 09:30:49"
"2024-09-06";"YouTube";"4 877 205";"2 253 388";"27 562 064";"2024-09-06 04:13:25"
"2024-09-03";"WhatsApp";"4 364 764";"1 690 114";"27 561 368";"2024-09-03 17:38:08"
"2024-09-01";"YouTube";"249 216";"16 962";"27 561 944";"2024-09-01 21:18:21"
"2024-09-10";"";"110 052";"301 894";"27 561 770";"2024-09-10 13:46:39"
"2024-09-09";"";"60 072";"7 635";"27 562 684";"2024-09-09 06:27:17"
"2024-09-08";"Telegram";"6 262 787";"286 840";"27 562 174";"2024-09-08 06:27:36"
"2024-09-10";"YouTube";"2 296 582";"1 055 527";"27 562 294";"2024-09-10 08:29:41"
"2024-09-02";"";"491 844";"851 534";"27 561 383";"2024-09-02 05:38:53"
"2024-09-04";"";"137 998";"4 888";"27 562 365";"2024-09-04 17:26:48"
"2024-09-04";"YouTube";"10 000 880";"1 654 653";"27 563 299";"2024-09-04 08:53:35"
"2024-09-09";"";"89 256";"206 302";"27 561 432";"2024-09-10 01:58:15"
"2024-09-07";"Instagram";"285 746";"14 501";"27 562 790";"2024-09-07 10:07:02"
"2024-09-09";"";"506 993";"271 301";"27 562 560";"2024-09-10 01:34:42"
"2024-09-08";"Instagram";"1 313 607";"112 934";"27 562 022";"2024-09-08 08:41:45"
"2024-09-03";"";"675 306";"192 977";"27 562 536";"2024-09-03 14:23:42"
"2024-09-04";"";"101 353";"69 154";"27 563 107";"2024-09-04 14:47:25"
"2024-09-09";"";"30 607";"17 048";"27 562 527";"2024-09-09 18:15:56"
"2024-09-09";"";"59 948";"9 583";"27 561 402";"2024-09-09 06:51:35"
"2024-09-01";"Telegram";"491 574";"40 072";"27 563 419";"2024-09-02 01:46:36"
"2024-09-05";"";"132 607";"29 386";"27 561 884";"2024-09-05 20:53:59"
"2024-09-01";"";"86 258";"18 190";"27 561 197";"2024-09-01 03:48:24"
"2024-09-01";"";"29 213 204";"7 862 597";"27 561 480";"2024-09-01 04:01:18"
"2024-09-10";"";"223 374";"45 618";"27 561 583";"2024-09-10 03:12:49"
"2024-09-02";"YouTube";"355 347";"917 485";"27 563 333";"2024-09-02 19:52:08"
"2024-09-04";"YouTube";"239 501 635";"11 978 236";"27 563 204";"2024-09-05 02:11:18"
"2024-09-10";"";"210 901 459";"49 582 992";"27 561 539";"2024-09-10 22:31:04"
"2024-09-10";"YouTube";"1 372 862";"93 510";"27 561 384";"2024-09-10 23:32:23"
"2024-09-10";"";"1 273 760";"154 762";"27 562 460";"2024-09-10 21:42:05"
"2024-09-08";"Telegram";"81 119 276";"4 244 920";"27 562 864";"2024-09-08 15:36:21"
"2024-09-06";"VKontakte";"2 732 513";"697 789";"27 562 803";"2024-09-06 09:42:43"
"2024-09-04";"";"61 094";"21 737";"27 562 561";"2024-09-04 10:31:48"
"2024-09-03";"Facebook";"93 732";"9 270";"27 562 660";"2024-09-03 21:42:10"
"2024-09-06";"";"49 601";"66 771";"27 562 309";"2024-09-06 23:32:23"
"2024-09-07";"";"23 603";"38 646";"27 562 822";"2024-09-07 20:29:22"
"2024-09-02";"";"58 830";"33 789";"27 563 113";"2024-09-02 06:39:26"
"2024-09-05";"";"41 585";"2 337";"27 562 168";"2024-09-05 05:02:19"
"2024-09-06";"";"61 772";"327 348";"27 561 827";"2024-09-06 11:20:51"
"2024-09-05";"Telegram";"6 453 489";"564 500";"27 561 692";"2024-09-05 08:29:39"
"2024-09-01";"";"35 595";"16 524";"27 562 566";"2024-09-01 18:39:41"
"2024-09-10";"";"318 101";"11 901";"27 561 480";"2024-09-10 05:02:00"
"2024-09-08";"";"43 145";"30 315";"27 563 264";"2024-09-08 23:20:14"
"2024-09-01";"";"203 335";"9 040";"27 561 250";"2024-09-02 02:35:23"
"2024-09-05";"";"28 656";"16 923";"27 562 812";"2024-09-05 06:39:35"
"2024-09-06";"";"6 105";"31 530";"27 562 355";"2024-09-06 06:15:16"
"2024-09-02";"";"500 571";"261 140";"27 562 829";"2024-09-03 02:11:57"
"2024-09-05";"";"49 179";"11 832";"27 561 636";"2024-09-05 06:51:10"
"2024-09-01";"";"583 130";"99 585";"27 563 447";"2024-09-01 14:35:47"
"2024-09-08";"";"268 030";"30 621";"27 562 405";"2024-09-08 22:31:46"
"2024-09-05";"";"510 560";"605 000";"27 562 125";"2024-09-05 19:40:55"
"2024-09-03";"";"25 155";"48 750";"27 562 787";"2024-09-03 12:45:19"
"2024-09-08";"";"497 433";"328 222";"27 562 367";"2024-09-08 10:55:36"
"2024-09-02";"Facebook";"7 565 431";"3 797 909";"27 561 884";"2024-09-02 15:00:53"
"2024-09-04";"Yandex";"205 450";"37 933";"27 561 638";"2024-09-05 02:23:33"
"2024-09-03";"Yandex";"46 565";"2 192";"27 561 778";"2024-09-03 16:37:07"
"2024-09-10";"IMO";"29 291";"36 443";"27 562 559";"2024-09-11 01:34:57"
"2024-09-03";"";"393 581";"231 448";"27 562 024";"2024-09-04 00:09:10"
"2024-09-07";"";"173 042";"32 689";"27 563 060";"2024-09-07 06:51:17"
"2024-09-09";"";"47 640";"6 039";"27 561 802";"2024-09-09 18:39:56"
"2024-09-03";"";"5 454 041";"218 859";"27 562 363";"2024-09-03 23:20:29"
"2024-09-10";"";"52 634";"2 505";"27 562 014";"2024-09-10 14:59:11"
"2024-09-08";"";"36 785";"15 437";"27 562 328";"2024-09-09 01:22:42"
"2024-09-07";"Instagram";"1 443 517";"710 822";"27 561 421";"2024-09-07 06:39:03"
"2024-09-04";"";"39 835";"5 710";"27 562 787";"2024-09-04 20:05:35"
"2024-09-06";"";"35 894";"5 544";"27 562 670";"2024-09-06 17:38:54"
"2024-09-05";"Telegram";"377 932";"52 195";"27 563 029";"2024-09-06 02:47:41"
"2024-09-10";"";"52 345";"44 051";"27 562 570";"2024-09-10 15:36:03"
"2024-09-04";"";"2 078 312";"106 612";"27 562 590";"2024-09-04 15:24:09"
"2024-09-08";"YouTube";"6 442 425";"1 895 010";"27 561 230";"2024-09-08 06:15:34"
"2024-09-04";"";"120 404";"98 397";"27 561 784";"2024-09-04 20:41:28"
"2024-09-04";"";"8 985";"33 952";"27 563 250";"2024-09-04 04:37:09"
"2024-09-07";"Telegram";"43 405 139";"10 038 951";"27 562 775";"2024-09-07 05:50:20"
"2024-09-09";"YouTube";"418 431";"57 857";"27 563 262";"2024-09-09 11:08:22"
"2024-09-08";"";"829 111";"283 514";"27 562 260";"2024-09-08 12:45:26"
"2024-09-08";"";"571 653";"130 290";"27 562 440";"2024-09-08 18:03:59"
"2024-09-08";"";"181 149";"24 984";"27 561 384";"2024-09-09 00:33:21"
"2024-09-04";"";"29 683";"2 737";"27 563 047";"2024-09-04 23:20:24"
"2024-09-02";"";"38 874";"5 617";"27 561 802";"2024-09-02 22:31:24"
"2024-09-02";"";"8 402 249";"3 723 307";"27 562 398";"2024-09-02 15:36:55"
"2024-09-03";"";"36 874";"2 435";"27 562 985";"2024-09-04 00:09:33"
"2024-09-07";"Yandex";"182 965";"124 725";"27 563 438";"2024-09-07 13:10:16"
"2024-09-09";"";"69 704";"4 428";"27 561 486";"2024-09-09 23:32:21"
"2024-09-05";"";"85 630";"12 651";"27 561 753";"2024-09-05 04:01:22"
"2024-09-06";"Instagram";"19 240 656";"1 026 866";"27 561 883";"2024-09-06 05:02:55"
"2024-09-10";"";"29 965";"7 881";"27 562 749";"2024-09-11 01:46:18"
"2024-09-03";"";"286 096";"449 171";"27 561 582";"2024-09-03 06:27:32"
"2024-09-02";"YouTube";"9 391 983";"571 980";"27 561 221";"2024-09-02 06:03:39"
"2024-09-02";"";"9 828";"434 498";"27 562 716";"2024-09-02 17:26:03"
"2024-09-02";"";"6 637 688";"363 204";"27 561 723";"2024-09-02 23:32:48"
"2024-09-07";"";"1 307 794";"204 815";"27 562 719";"2024-09-07 12:09:06"
"2024-09-09";"";"523 756";"54 449";"27 562 265";"2024-09-10 00:45:22"
"2024-09-06";"YouTube";"194 176";"2 176 821";"27 561 216";"2024-09-06 16:37:09"
"2024-09-02";"Apple Music";"877 375";"45 231";"27 562 041";"2024-09-03 01:46:46"
"2024-09-05";"PUBG";"1 688 731";"71 421";"27 562 076";"2024-09-05 19:52:21"
"2024-09-09";"";"26 678";"24 595";"27 562 492";"2024-09-09 12:33:32"
"2024-09-03";"";"111 857";"14 958";"27 562 004";"2024-09-04 02:35:08"
"2024-09-05";"";"35 331";"9 236";"27 561 460";"2024-09-06 02:47:25"
"2024-09-06";"";"28 335";"12 648";"27 561 512";"2024-09-06 18:03:49"
"2024-09-07";"Unknown";"1 571 487";"112 704";"27 561 600";"2024-09-07 18:51:41"
"2024-09-04";"";"11 101";"31 873";"27 563 485";"2024-09-04 17:14:09"
"2024-09-01";"Facebook";"436 946";"159 289";"27 563 154";"2024-09-01 06:15:22"
"2024-09-09";"Instagram";"112 433";"4 799";"27 561 794";"2024-09-09 19:52:32"
"2024-09-03";"";"246 736";"87 481";"27 563 392";"2024-09-03 20:17:42"
"2024-09-02";"";"42 854";"21 047";"27 562 656";"2024-09-02 16:01:39"
"2024-09-07";"";"59 963";"3 059";"27 561 680";"2024-09-08 01:22:30"
"2024-09-09";"";"22 941";"82 907";"27 561 262";"2024-09-09 11:08:38"
"2024-09-10";"Telegram";"1 235 400";"57 582";"27 562 555";"2024-09-10 09:42:29"
"2024-09-07";"";"6 032 623";"300 369";"27 561 687";"2024-09-07 19:52:29"
"2024-09-05";"Facebook";"345 594";"644 240";"27 561 855";"2024-09-05 05:14:58"
"2024-09-02";"";"423 521";"19 421";"27 562 063";"2024-09-03 01:22:49"
"2024-09-09";"Telegram";"23 369 957";"2 102 439";"27 562 413";"2024-09-09 23:56:23"
"2024-09-07";"";"7 581";"32 040";"27 562 787";"2024-09-08 00:21:36"
"2024-09-01";"";"115 485";"6 951";"27 561 454";"2024-09-01 15:36:24"
"2024-09-02";"";"25 114 071";"1 758 507";"27 562 467";"2024-09-02 21:18:45"
"2024-09-08";"";"4 077";"28 388";"27 563 075";"2024-09-08 20:05:24"
"2024-09-06";"YouTube";"2 554 075";"187 354";"27 562 428";"2024-09-06 08:29:54"
"2024-09-03";"";"99 151";"5 769";"27 561 477";"2024-09-03 19:40:29"
"2024-09-01";"YouTube";"333 353";"68 933";"27 561 866";"2024-09-02 01:46:02"
"2024-09-05";"YouTube";"5 769 668";"1 534 277";"27 562 712";"2024-09-05 04:25:19"
"2024-09-08";"Facebook";"453 915";"40 354";"27 562 048";"2024-09-08 16:49:22"
"2024-09-01";"";"10 328";"35 853";"27 563 098";"2024-09-01 08:41:41"
"2024-09-08";"";"169 197";"8 629";"27 563 199";"2024-09-08 13:46:38"
"2024-09-10";"";"180 911";"314 288";"27 562 640";"2024-09-10 10:19:31"
"2024-09-10";"";"645 016";"490 425";"27 563 101";"2024-09-10 04:01:14"
"2024-09-06";"";"26 705";"16 956";"27 563 177";"2024-09-06 08:41:16"
"2024-09-07";"YouTube";"287 508 095";"16 973 245";"27 562 856";"2024-09-07 15:00:53"
"2024-09-04";"";"903 732";"9 030 447";"27 563 460";"2024-09-04 06:39:41"
"2024-09-05";"";"141 489";"17 512";"27 562 979";"2024-09-05 04:01:30"
"2024-09-03";"";"66 765";"27 230";"27 562 156";"2024-09-03 14:35:39"
"2024-09-05";"";"106 510";"82 128";"27 562 552";"2024-09-06 01:58:26"
"2024-09-07";"";"1 232 476";"97 991";"27 561 424";"2024-09-07 06:27:44"
"2024-09-03";"Instagram";"4 985 392";"2 266 717";"27 561 983";"2024-09-03 08:29:41"
"2024-09-03";"";"7 206 164";"418 154";"27 563 514";"2024-09-04 01:58:43"
"2024-09-08";"YouTube";"5 550 668";"409 689";"27 561 432";"2024-09-08 08:17:23"
"2024-09-06";"";"416 048";"14 372";"27 561 518";"2024-09-06 07:40:44"
"2024-09-09";"";"237 318";"12 956";"27 561 182";"2024-09-09 05:14:42"
"2024-09-01";"";"98 968";"8 654";"27 561 410";"2024-09-01 09:42:56"
"2024-09-01";"YouTube";"32 075 231";"1 720 919";"27 561 492";"2024-09-02 01:10:41"
"2024-09-07";"";"167 287";"226 649";"27 563 254";"2024-09-07 03:36:39"
"2024-09-05";"Instagram";"118 334";"13 203";"27 561 850";"2024-09-05 20:17:55"
"2024-09-05";"";"13 926";"72 891";"27 562 083";"2024-09-05 12:57:28"
"2024-09-07";"";"59 834";"12 943";"27 561 800";"2024-09-07 12:57:07"
"2024-09-07";"";"81 886";"14 445";"27 561 350";"2024-09-07 22:31:03"
"2024-09-03";"";"19 633";"254 470";"27 563 415";"2024-09-04 02:23:41"
"2024-09-10";"WhatsApp";"825 883";"50 243";"27 561 776";"2024-09-10 09:06:01"
"2024-09-02";"Facebook";"1 109 665";"831 681";"27 562 897";"2024-09-02 13:46:33"
"2024-09-10";"Odnoklassniki";"105 997";"13 849";"27 561 315";"2024-09-10 17:26:58"
"2024-09-08";"";"26 654";"88 363";"27 563 460";"2024-09-08 12:57:10"
"2024-09-04";"YouTube";"45 111";"12 842";"27 561 376";"2024-09-04 20:53:39"
"2024-09-04";"";"56 614 234";"3 149 802";"27 561 611";"2024-09-04 07:16:40"
"2024-09-05";"";"496 953";"67 968";"27 562 912";"2024-09-05 12:21:09"
"2024-09-01";"";"1 950 099";"198 339";"27 561 575";"2024-09-01 09:18:04"
"2024-09-10";"";"1 533 862";"97 967";"27 563 238";"2024-09-11 00:09:58"
"2024-09-03";"Yandex";"680 019";"133 892";"27 561 197";"2024-09-04 02:11:39"
"2024-09-01";"";"14 346";"45 192";"27 563 295";"2024-09-01 21:18:55"
"2024-09-10";"WhatsApp";"2 451 308";"1 335 939";"27 563 186";"2024-09-11 02:47:12"
"2024-09-09";"Telegram";"44 632";"5 298";"27 561 364";"2024-09-09 13:10:19"
"2024-09-04";"";"74 966";"86 069";"27 561 456";"2024-09-04 22:55:50"
"2024-09-06";"";"108 459";"352 264";"27 561 545";"2024-09-06 22:43:47"
"2024-09-05";"";"47 323";"357 330";"27 561 536";"2024-09-05 16:13:26"
"2024-09-04";"";"373 935";"6 181 261";"27 562 591";"2024-09-04 07:16:31"
"2024-09-09";"";"76 717";"39 321";"27 562 704";"2024-09-10 01:58:20"
"2024-09-04";"";"105 245";"6 762";"27 561 729";"2024-09-05 02:47:40"
"2024-09-06";"Instagram";"1 264 888";"128 141";"27 563 094";"2024-09-07 00:09:10"
"2024-09-07";"";"39 913";"66 738";"27 561 234";"2024-09-07 22:31:46"
"2024-09-04";"";"694";"33 229";"27 562 365";"2024-09-04 14:23:39"
"2024-09-10";"Yandex";"160 507";"171 041";"27 561 776";"2024-09-10 15:48:15"
"2024-09-10";"";"52 122";"3 740";"27 561 184";"2024-09-10 17:02:18"
"2024-09-06";"";"60 016";"47 695";"27 563 217";"2024-09-07 02:11:57"
"2024-09-06";"WhatsApp";"271 683";"199 956";"27 563 453";"2024-09-06 18:39:36"
"2024-09-04";"";"122 845";"55 480";"27 562 205";"2024-09-04 08:05:43"
"2024-09-05";"";"76 047";"4 527";"27 562 843";"2024-09-05 09:54:25"
"2024-09-06";"";"337 900";"18 294";"27 562 595";"2024-09-06 13:34:21"
"2024-09-09";"Instagram";"137 148";"16 358";"27 562 190";"2024-09-09 05:26:35"
"2024-09-04";"";"180 417";"10 950";"27 562 175";"2024-09-04 18:27:53"
"2024-09-06";"Instagram";"140";"28 790";"27 562 779";"2024-09-06 13:10:49"
"2024-09-01";"YouTube";"121 656";"11 202";"27 562 021";"2024-09-01 21:18:08"
"2024-09-10";"";"27 816";"2 893";"27 561 872";"2024-09-10 16:49:07"
"2024-09-10";"";"135 330 916";"1 330 085";"27 563 041";"2024-09-10 12:21:50"
"2024-09-05";"";"64 113";"15 961";"27 561 480";"2024-09-05 13:34:20"
"2024-09-04";"";"126 487";"60 069";"27 561 185";"2024-09-04 07:16:05"
"2024-09-04";"";"17 721 473";"778 196";"27 562 806";"2024-09-04 16:49:16"
"2024-09-09";"Instagram";"95 948";"34 074";"27 563 098";"2024-09-09 17:02:40"
"2024-09-10";"";"80 622";"3 783";"27 561 884";"2024-09-11 00:45:04"
"2024-09-02";"Instagram";"893 523";"57 944";"27 563 326";"2024-09-02 14:47:34"
"2024-09-10";"YouTube";"251 363";"8 104";"27 562 801";"2024-09-10 06:27:14"
"2024-09-05";"Yandex";"16 406";"75 508";"27 562 371";"2024-09-05 21:54:19"
"2024-09-04";"YouTube";"51 602 472";"4 020 146";"27 561 692";"2024-09-04 05:38:26"
"2024-09-04";"";"102 512";"9 059";"27 561 908";"2024-09-04 22:31:35"
"2024-09-04";"";"1 065 988";"165 719";"27 562 853";"2024-09-04 06:27:17"
"2024-09-06";"YouTube";"409 591 772";"20 041 713";"27 563 267";"2024-09-06 08:05:34"
"2024-09-06";"";"201 525";"24 332";"27 561 732";"2024-09-06 20:17:38"
"2024-09-04";"";"412 153";"14 668";"27 562 139";"2024-09-04 08:41:08"
"2024-09-04";"Facebook";"5 596 355";"151 462";"27 562 264";"2024-09-04 12:57:58"
"2024-09-09";"";"2 386 388";"5 392 814";"27 561 413";"2024-09-09 13:22:32"
"2024-09-09";"";"1 451 650";"167 240";"27 562 906";"2024-09-09 21:30:48"
"2024-09-08";"";"52 641";"5 207";"27 563 336";"2024-09-08 11:08:38"
"2024-09-01";"";"97 274";"30 902";"27 561 890";"2024-09-01 19:16:21"
"2024-09-05";"";"383 512";"60 007";"27 563 371";"2024-09-06 02:59:55"
"2024-09-04";"";"57 236";"86 426";"27 561 999";"2024-09-05 01:22:56"
"2024-09-01";"";"52 187";"5 154";"27 563 095";"2024-09-01 08:41:33"
"2024-09-02";"";"93 838";"12 217";"27 561 981";"2024-09-03 02:35:40"
"2024-09-02";"";"191 216";"484 947";"27 562 511";"2024-09-02 14:23:41"
"2024-09-07";"";"300 333";"20 144";"27 562 037";"2024-09-07 08:17:24"
"2024-09-05";"YouTube";"4 631 430";"236 525";"27 561 554";"2024-09-05 14:35:19"
"2024-09-02";"";"15 939";"27 463";"27 563 096";"2024-09-02 13:22:14"
"2024-09-10";"YouTube";"34 265 419";"2 540 123";"27 561 760";"2024-09-10 09:42:15"
"2024-09-05";"";"202 162";"6 616";"27 561 396";"2024-09-05 05:38:47"
"2024-09-05";"";"144 619";"11 728";"27 561 368";"2024-09-05 14:47:03"
"2024-09-01";"";"487 968";"1 038 366";"27 561 288";"2024-09-01 09:54:23"
"2024-09-04";"Telegram";"33 680";"3 636";"27 563 082";"2024-09-04 23:56:13"
"2024-09-03";"";"174 705";"11 731";"27 563 128";"2024-09-03 07:16:04"
"2024-09-08";"";"797 575";"41 371";"27 561 454";"2024-09-08 05:26:49"
"2024-09-02";"";"820 668";"38 141";"27 562 535";"2024-09-02 20:29:08"
"2024-09-03";"";"45 616";"7 115";"27 563 143";"2024-09-03 06:51:47"
"2024-09-01";"";"453 786";"236 670";"27 562 124";"2024-09-01 03:36:04"
"2024-09-10";"";"102 971";"3 839";"27 562 560";"2024-09-10 13:10:48"
"2024-09-07";"Instagram";"54 252 789";"1 628 578";"27 563 462";"2024-09-07 10:07:33"
"2024-09-07";"";"769 692";"250 007";"27 561 881";"2024-09-07 14:59:56"
"2024-09-04";"Instagram";"288 620 076";"6 378 832";"27 561 592";"2024-09-04 07:28:29"
"2024-09-06";"";"28 995";"1 898";"27 562 063";"2024-09-06 08:53:08"
"2024-09-08";"VKontakte";"35 803";"34 013";"27 563 402";"2024-09-08 03:36:38"
"2024-09-07";"YouTube";"265 320";"147 423";"27 563 240";"2024-09-07 18:03:47"
"2024-09-05";"Instagram";"1 720 306";"1 152 612";"27 562 840";"2024-09-06 01:58:49"
"2024-09-06";"YouTube";"3 472 655";"154 885";"27 562 558";"2024-09-06 15:00:35"
"2024-09-06";"Instagram";"902 720";"176 599";"27 562 803";"2024-09-06 18:39:53"
"2024-09-02";"Instagram";"28 067 100";"811 137";"27 563 510";"2024-09-03 00:57:02"
"2024-09-07";"";"389 807";"19 920";"27 562 725";"2024-09-08 02:47:17"
"2024-09-10";"";"9 594";"249 773";"27 561 873";"2024-09-11 02:47:13"
"2024-09-09";"Facebook";"30 049";"2 537";"27 563 421";"2024-09-09 21:06:25"
"2024-09-08";"";"406 254";"16 658";"27 563 143";"2024-09-08 11:32:29"
"2024-09-06";"";"28 285";"1 917";"27 562 555";"2024-09-06 13:22:02"
"2024-09-10";"";"198 718";"43 129";"27 562 442";"2024-09-11 02:47:18"
"2024-09-05";"";"522 152";"30 415";"27 561 745";"2024-09-05 18:27:05"
"2024-09-05";"Instagram";"1 433 487";"167 608";"27 562 895";"2024-09-05 10:55:50"
"2024-09-06";"";"103 634";"22 481";"27 563 041";"2024-09-06 22:55:01"
"2024-09-07";"";"207 927";"16 971";"27 563 267";"2024-09-07 21:18:28"
"2024-09-01";"";"1 210 930";"209 865";"27 562 372";"2024-09-01 22:55:47"
"2024-09-05";"";"295 195";"25 293";"27 561 872";"2024-09-05 19:28:24"
"2024-09-08";"Instagram";"76 902 603";"2 133 779";"27 562 534";"2024-09-08 17:02:43"
"2024-09-09";"";"875 679";"13 492";"27 562 841";"2024-09-09 22:31:11"
"2024-09-09";"";"59 486";"7 593";"27 561 744";"2024-09-10 02:59:10"
"2024-09-05";"Facebook";"11 219 376";"394 778";"27 563 333";"2024-09-05 05:14:41"
"2024-09-02";"";"354 814";"8 697";"27 562 646";"2024-09-02 10:31:35"
"2024-09-03";"Facebook";"30 468";"3 241";"27 562 460";"2024-09-03 16:49:37"
"2024-09-09";"";"256 490";"9 252";"27 562 878";"2024-09-09 17:02:17"
"2024-09-07";"";"27 078";"420";"27 561 936";"2024-09-07 21:18:34"
"2024-09-04";"Telegram";"32 199 135";"2 274 007";"27 562 829";"2024-09-05 01:22:31"
"2024-09-09";"";"32 635";"9 972";"27 561 359";"2024-09-09 10:07:06"
"2024-09-08";"Unknown";"1 119 124";"139 208";"27 562 322";"2024-09-08 15:12:43"
"2024-09-08";"";"224 933";"15 686";"27 561 367";"2024-09-08 22:19:06"
"2024-09-09";"";"36 497";"5 995";"27 561 230";"2024-09-09 15:12:04"
"2024-09-06";"";"182 161";"10 454";"27 561 190";"2024-09-06 18:15:06"
"2024-09-04";"";"932 672";"141 403";"27 562 570";"2024-09-04 06:15:00"
"2024-09-04";"";"147 048";"8 805";"27 563 410";"2024-09-05 00:33:58"
"2024-09-09";"";"26 755";"17 597";"27 562 997";"2024-09-09 03:12:23"
"2024-09-01";"YouTube";"419 753";"2 113 907";"27 563 267";"2024-09-01 07:40:16"
"2024-09-09";"";"46 430";"2 568";"27 562 622";"2024-09-09 17:38:09"
"2024-09-05";"YouTube";"105 519 160";"6 283 400";"27 563 372";"2024-09-05 03:00:45"
"2024-09-05";"";"26 371";"6 607";"27 561 368";"2024-09-05 05:38:29"
"2024-09-02";"";"35 294";"7 045";"27 561 234";"2024-09-02 06:39:03"
"2024-09-01";"";"43 264";"25 724";"27 562 651";"2024-09-01 15:48:29"
"2024-09-09";"Telegram";"443 709 656";"21 292 000";"27 562 571";"2024-09-09 03:36:16"
"2024-09-05";"";"33 258";"2 071";"27 562 122";"2024-09-05 04:49:53"
"2024-09-01";"";"113 214";"21 526";"27 563 096";"2024-09-01 07:40:27"
"2024-09-03";"Telegram";"2 794 015";"305 844";"27 562 457";"2024-09-03 22:19:38"
"2024-09-02";"";"1 120 384";"39 145";"27 563 430";"2024-09-02 20:29:15"
"2024-09-04";"Telegram";"229 116";"32 777";"27 562 286";"2024-09-04 08:53:38"
"2024-09-10";"";"27 339";"8 019";"27 561 392";"2024-09-10 09:18:53"
"2024-09-01";"";"100 800";"152 323";"27 561 230";"2024-09-01 22:43:11"
"2024-09-10";"Instagram";"45 206 372";"1 069 195";"27 562 843";"2024-09-10 18:27:35"
"2024-09-02";"Tas-ix";"163 301";"13 032";"27 563 312";"2024-09-02 08:53:23"
"2024-09-04";"";"678";"35 211";"27 563 141";"2024-09-04 12:09:58"
"2024-09-03";"";"142 385";"270 983";"27 561 802";"2024-09-03 19:28:53"
"2024-09-01";"Telegram";"18 659 050";"1 598 538";"27 561 477";"2024-09-01 07:28:15"
"2024-09-04";"";"30 065";"4 499";"27 562 420";"2024-09-04 07:04:45"
"2024-09-10";"";"86 371";"23 748";"27 562 917";"2024-09-10 10:19:21"
"2024-09-04";"Facebook";"55 354";"4 992";"27 561 298";"2024-09-04 13:46:03"
"2024-09-02";"";"165 541 583";"10 407 435";"27 562 423";"2024-09-02 05:38:50"
"2024-09-08";"";"47 563";"3 449";"27 562 586";"2024-09-08 15:12:30"
"2024-09-02";"";"69 325";"39 768";"27 561 988";"2024-09-02 16:13:10"
"2024-09-08";"";"433 716";"100 448";"27 562 289";"2024-09-08 23:44:01"
"2024-09-08";"";"59 191";"13 034";"27 563 318";"2024-09-08 12:45:02"
"2024-09-04";"Apple Music";"126 077";"29 890";"27 562 733";"2024-09-04 18:27:59"
"2024-09-08";"";"476 363";"22 140";"27 563 491";"2024-09-09 02:23:05"
"2024-09-10";"";"40 026";"3 730";"27 563 136";"2024-09-10 07:16:17"
"2024-09-02";"Instagram";"8 212 090";"334 064";"27 563 325";"2024-09-02 21:54:21"
"2024-09-09";"";"34 379";"29 521";"27 562 993";"2024-09-09 15:00:39"
"2024-09-09";"";"201 706";"10 105";"27 562 085";"2024-09-09 14:11:18"
"2024-09-10";"Instagram";"59 020 404";"1 218 718";"27 563 333";"2024-09-10 13:22:51"
"2024-09-09";"YouTube";"1 035 922";"159 152";"27 561 359";"2024-09-09 21:54:10"
"2024-09-04";"Instagram";"539 307";"78 896";"27 562 779";"2024-09-04 14:23:02"
"2024-09-04";"";"57 992";"9 864";"27 563 127";"2024-09-04 11:56:18"
"2024-09-05";"Facebook";"937 936";"718 395";"27 562 699";"2024-09-05 22:31:03"
"2024-09-01";"Instagram";"367 174";"27 305";"27 562 611";"2024-09-01 18:39:44"
"2024-09-06";"";"223 919";"21 703";"27 562 365";"2024-09-06 09:42:56"
"2024-09-07";"";"76 053";"23 023";"27 563 485";"2024-09-07 07:16:30"
"2024-09-05";"";"818 525";"53 177";"27 563 145";"2024-09-06 01:22:17"
"2024-09-03";"";"263 200";"18 803";"27 563 388";"2024-09-03 06:03:00"
"2024-09-10";"Instagram";"21 393 138";"1 024 410";"27 562 474";"2024-09-10 15:48:15"
"2024-09-02";"";"28 413";"4 869";"27 561 182";"2024-09-02 21:42:32"
"2024-09-08";"Instagram";"37 625 995";"1 198 536";"27 562 720";"2024-09-08 22:31:45"
"2024-09-06";"";"861 036";"80 636";"27 561 745";"2024-09-06 11:32:56"
"2024-09-09";"";"38 426";"2 209";"27 561 288";"2024-09-09 06:15:46"
"2024-09-08";"";"1 102 222";"209 598";"27 562 084";"2024-09-08 07:40:38"
"2024-09-03";"YouTube";"402 707";"47 672";"27 562 058";"2024-09-03 22:19:03"
"2024-09-02";"YouTube";"168 445";"1 568 804";"27 561 730";"2024-09-02 12:09:32"
"2024-09-01";"Facebook";"127 913";"14 586";"27 561 998";"2024-09-01 14:59:44"
"2024-09-04";"Instagram";"42 783 046";"639 912";"27 563 458";"2024-09-05 01:58:09"
"2024-09-07";"Facebook";"43 801";"28 162";"27 562 086";"2024-09-07 14:23:59"
"2024-09-09";"YouTube";"7 730 098";"393 551";"27 562 289";"2024-09-09 12:09:56"
"2024-09-07";"";"2 302";"59 192";"27 562 541";"2024-09-07 09:54:14"
"2024-09-09";"";"235 547";"30 911";"27 561 607";"2024-09-09 13:58:24"
"2024-09-06";"Facebook";"769 719";"47 167";"27 563 463";"2024-09-07 01:46:08"
"2024-09-10";"";"81 092";"9 574";"27 562 096";"2024-09-10 21:06:06"
"2024-09-08";"";"38 463";"24 253";"27 562 215";"2024-09-08 07:16:27"
"2024-09-02";"Unknown";"186 962";"84 578";"27 561 482";"2024-09-02 07:40:15"
"2024-09-04";"";"130 068";"587 903";"27 563 502";"2024-09-04 14:11:39"
"2024-09-04";"";"19 056";"55 596";"27 563 453";"2024-09-04 15:12:26"
"2024-09-07";"";"93 321";"8 681";"27 562 445";"2024-09-07 05:02:00"
"2024-09-04";"";"249 555";"81 989";"27 561 989";"2024-09-04 11:44:15"
"2024-09-04";"Facebook";"59 972";"12 701";"27 562 100";"2024-09-04 04:13:06"
"2024-09-07";"YouTube";"58 885 456";"4 293 046";"27 561 647";"2024-09-07 17:02:45"
"2024-09-09";"";"98 283 557";"6 412 177";"27 563 183";"2024-09-09 09:54:17"
"2024-09-05";"";"57 083";"6 453";"27 561 480";"2024-09-05 11:56:35"
"2024-09-08";"";"68 020";"7 786";"27 562 601";"2024-09-08 17:26:38"
"2024-09-08";"Instagram";"494 144";"468 244";"27 562 969";"2024-09-08 15:48:23"
"2024-09-04";"";"84 575";"4 365";"27 562 698";"2024-09-04 23:20:49"
"2024-09-08";"YouTube";"680 757";"610 892";"27 563 450";"2024-09-08 20:29:16"
"2024-09-03";"";"39 056";"122 399";"27 561 433";"2024-09-03 10:55:54"
"2024-09-04";"";"289 271";"17 689";"27 562 622";"2024-09-04 03:00:09"
"2024-09-08";"";"170 491";"34 924";"27 562 668";"2024-09-09 02:35:14"
"2024-09-02";"";"111 991";"6 927";"27 561 687";"2024-09-03 01:58:49"
"2024-09-03";"";"58 875";"3 819";"27 562 088";"2024-09-03 09:54:26"
"2024-09-07";"Instagram";"91 137";"5 391";"27 562 255";"2024-09-07 03:48:05"
"2024-09-09";"Facebook";"124 496";"2 338";"27 562 827";"2024-09-09 21:54:08"
"2024-09-08";"Unknown";"2 117 226";"703 453";"27 562 124";"2024-09-08 10:19:06"
"2024-09-07";"";"32 147";"3 361";"27 563 358";"2024-09-07 15:48:55"
"2024-09-10";"";"72 391";"2 507";"27 562 801";"2024-09-10 21:18:28"
"2024-09-09";"YouTube";"2 377 392";"443 745";"27 562 204";"2024-09-09 12:57:11"
"2024-09-03";"Facebook";"31 192";"8 837";"27 561 687";"2024-09-04 00:09:40"
"2024-09-09";"";"33 174";"27 107";"27 561 863";"2024-09-09 20:41:02"
"2024-09-10";"";"365 334";"229 040";"27 562 317";"2024-09-10 17:14:03"
"2024-09-10";"";"648 375";"37 797";"27 562 845";"2024-09-10 15:12:21"
"2024-09-09";"";"593 582";"233 682";"27 561 314";"2024-09-09 11:44:52"
"2024-09-03";"";"417 533";"31 754";"27 562 367";"2024-09-03 10:07:52"
"2024-09-03";"";"107 488";"22 146";"27 562 695";"2024-09-03 13:34:36"
"2024-09-09";"";"75 647 202";"3 496 953";"27 563 152";"2024-09-09 06:15:41"
"2024-09-02";"Instagram";"52 270";"7 719";"27 563 381";"2024-09-02 16:49:59"
"2024-09-10";"";"7 657 048";"9 479 590";"27 562 727";"2024-09-10 17:38:06"
"2024-09-03";"Unknown";"495 074";"25 218";"27 561 870";"2024-09-03 23:32:42"
"2024-09-02";"";"73 121";"11 520";"27 561 719";"2024-09-02 20:41:06"
"2024-09-10";"Telegram";"17 890 393";"4 615 589";"27 563 008";"2024-09-10 09:42:59"
"2024-09-06";"";"39 637";"4 955";"27 563 467";"2024-09-06 03:12:25"
"2024-09-10";"Facebook";"35 839";"11 776";"27 561 466";"2024-09-11 02:35:56"
"2024-09-07";"Instagram";"17 359 886";"489 540";"27 561 571";"2024-09-07 05:26:54"
"2024-09-08";"Telegram";"221 922 465";"11 241 354";"27 562 559";"2024-09-08 06:39:38"
"2024-09-02";"";"3 056 685";"159 601";"27 563 290";"2024-09-03 01:46:02"
"2024-09-10";"Telegram";"13 691 981";"692 444";"27 561 712";"2024-09-10 04:25:24"
"2024-09-10";"";"1 019 268";"76 389";"27 562 102";"2024-09-10 12:57:36"
"2024-09-06";"Instagram";"1 327 109";"276 470";"27 562 034";"2024-09-06 22:19:15"
"2024-09-05";"";"50 973";"8 915";"27 563 317";"2024-09-05 11:08:58"
"2024-09-08";"";"5 730 047";"254 207";"27 563 225";"2024-09-09 01:34:22"
"2024-09-01";"Facebook";"32 053";"19 262";"27 561 512";"2024-09-01 06:15:33"
"2024-09-04";"YouTube";"18 212 027";"929 227";"27 561 669";"2024-09-04 09:54:12"
"2024-09-08";"";"95 535";"7 366";"27 561 312";"2024-09-08 16:01:09"
"2024-09-04";"";"34 584";"3 082";"27 561 658";"2024-09-04 13:46:16"
"2024-09-05";"";"71 281";"5 771";"27 562 100";"2024-09-05 15:12:50"
"2024-09-01";"YouTube";"832 453";"98 980";"27 561 607";"2024-09-01 20:53:14"
"2024-09-03";"";"3 323 368";"123 325";"27 563 317";"2024-09-03 08:53:26"
"2024-09-07";"";"1 476 233";"217 127";"27 561 818";"2024-09-07 19:40:13"
"2024-09-08";"";"119 894";"57 315";"27 562 185";"2024-09-08 20:29:32"
"2024-09-10";"";"771 830";"65 432";"27 561 922";"2024-09-11 01:22:32"
"2024-09-01";"Instagram";"813 869";"65 386";"27 562 835";"2024-09-01 18:15:32"
"2024-09-06";"";"172 407";"39 175";"27 562 313";"2024-09-07 01:22:15"
"2024-09-01";"";"516 319";"19 019";"27 562 578";"2024-09-01 21:18:13"
"2024-09-09";"";"1 796 516";"101 864";"27 563 424";"2024-09-09 07:40:23"
"2024-09-07";"";"0";"10 919 206";"27 563 460";"2024-09-08 01:46:52"
"2024-09-08";"";"59 580";"25 047";"27 563 225";"2024-09-08 06:27:06"
"2024-09-01";"WhatsApp";"29 862 613";"1 741 405";"27 562 150";"2024-09-01 05:38:20"
"2024-09-01";"";"36 644 171";"2 688 295";"27 562 186";"2024-09-01 21:06:24"
"2024-09-10";"";"249 329";"12 689";"27 562 047";"2024-09-10 13:58:40"
"2024-09-06";"Instagram";"412 250";"56 760";"27 562 793";"2024-09-06 05:50:10"
"2024-09-06";"";"64 820 675";"2 466 675";"27 561 916";"2024-09-06 17:50:33"
"2024-09-07";"YouTube";"332 635";"43 300";"27 561 293";"2024-09-08 02:35:39"
"2024-09-03";"";"725 850";"320 525";"27 562 772";"2024-09-04 02:35:23"
"2024-09-08";"";"429 616";"16 515";"27 562 578";"2024-09-08 22:31:21"
"2024-09-08";"Odnoklassniki";"33 016";"3 469";"27 561 250";"2024-09-08 08:05:04"
"2024-09-04";"";"46 970";"4 255";"27 563 268";"2024-09-04 12:45:32"
"2024-09-10";"Facebook";"278 197";"3 732";"27 562 839";"2024-09-10 04:49:59"
"2024-09-02";"";"404 545";"40 702";"27 561 571";"2024-09-03 02:47:12"
"2024-09-02";"";"73 813";"8 935";"27 562 861";"2024-09-02 23:08:47"
"2024-09-05";"YouTube";"2 735";"43 514";"27 562 460";"2024-09-05 04:49:42"
"2024-09-03";"";"28 266";"4 297";"27 563 502";"2024-09-03 22:43:25"
"2024-09-08";"";"1 369 105";"91 454";"27 561 649";"2024-09-08 18:39:25"
"2024-09-07";"Instagram";"10 363 993";"20 669 182";"27 562 003";"2024-09-08 02:35:11"
"2024-09-06";"WhatsApp";"5 210 929";"4 829 920";"27 563 152";"2024-09-06 20:29:28"
"2024-09-01";"Telegram";"274 895";"49 685";"27 561 741";"2024-09-01 07:40:05"
"2024-09-08";"";"62 611";"2 503";"27 562 840";"2024-09-08 05:14:51"
"2024-09-05";"";"76 754";"57 042";"27 562 315";"2024-09-05 23:56:17"
"2024-09-05";"";"39 855";"2 876";"27 562 866";"2024-09-05 14:11:07"
"2024-09-04";"";"9 110 929";"374 774";"27 563 418";"2024-09-04 18:03:57"
"2024-09-02";"";"36 908";"7 090";"27 563 165";"2024-09-02 09:18:19"
"2024-09-04";"";"113 902";"136 467";"27 561 744";"2024-09-04 04:49:43"
"2024-09-08";"";"699 216";"50 519";"27 563 136";"2024-09-09 02:35:57"
"2024-09-10";"";"50 180";"28 332";"27 563 395";"2024-09-10 11:32:05"
"2024-09-04";"Yandex";"526 964";"25 325";"27 562 436";"2024-09-04 04:49:02"
"2024-09-05";"";"88 305";"12 266";"27 563 087";"2024-09-05 14:11:45"
"2024-09-09";"";"52 339";"5 721";"27 563 219";"2024-09-09 07:40:40"
"2024-09-09";"";"14 840";"42 168";"27 562 040";"2024-09-09 11:08:30"
"2024-09-04";"Tas-ix";"3 033 418";"133 668";"27 562 072";"2024-09-05 01:46:50"
"2024-09-01";"";"1 772 486";"111 119";"27 561 879";"2024-09-01 16:25:56"
"2024-09-04";"";"26 757";"11 522";"27 561 485";"2024-09-05 02:59:22"
"2024-09-06";"WhatsApp";"150 164";"10 744";"27 561 994";"2024-09-06 15:48:49"
"2024-09-08";"YouTube";"321 443 863";"16 807 475";"27 562 931";"2024-09-08 21:18:13"
"2024-09-05";"";"841 488";"354 218";"27 563 022";"2024-09-05 05:26:17"
"2024-09-07";"";"5 218 105";"393 356";"27 561 884";"2024-09-08 00:21:14"
"2024-09-07";"YouTube";"361 484";"48 787";"27 563 295";"2024-09-07 18:51:22"
"2024-09-02";"Instagram";"2 852 005";"77 533";"27 561 695";"2024-09-02 05:38:15"
"2024-09-02";"";"254 776";"31 939";"27 563 075";"2024-09-02 14:35:47"
"2024-09-07";"";"2 961 403";"658 256";"27 561 884";"2024-09-07 06:39:16"
"2024-09-04";"";"830 268";"70 281";"27 561 888";"2024-09-05 00:09:05"
"2024-09-01";"";"71 595";"178 228";"27 562 676";"2024-09-01 10:43:38"
"2024-09-02";"YouTube";"125 395";"193 479";"27 562 473";"2024-09-02 13:34:08"
"2024-09-06";"";"366 326";"21 714";"27 562 883";"2024-09-06 11:20:40"
"2024-09-10";"Instagram";"36 247 880";"749 409";"27 562 451";"2024-09-10 20:29:12"
"2024-09-01";"Telegram";"16 567 847";"1 043 405";"27 561 275";"2024-09-01 07:52:12"
"2024-09-05";"";"29 293";"8 142";"27 562 265";"2024-09-05 22:55:14"
"2024-09-04";"";"58 336";"55 786";"27 561 884";"2024-09-04 05:02:01"
"2024-09-08";"";"79 082";"10 047";"27 561 790";"2024-09-08 20:29:51"
"2024-09-09";"";"229 075";"24 779";"27 561 883";"2024-09-09 09:54:18"
"2024-09-04";"";"3 332 387";"159 952";"27 562 801";"2024-09-04 06:39:03"
"2024-09-07";"YouTube";"268 991";"33 044";"27 563 413";"2024-09-07 22:55:20"
"2024-09-08";"";"30 135";"2 764";"27 562 748";"2024-09-08 22:19:28"
"2024-09-08";"";"46 035";"71 241";"27 563 378";"2024-09-08 15:36:32"
"2024-09-06";"Tas-ix";"386 677";"84 636";"27 563 205";"2024-09-06 04:13:33"
"2024-09-03";"YouTube";"633 710";"5 958 524";"27 563 342";"2024-09-03 13:34:42"
"2024-09-01";"Instagram";"574 315";"55 900";"27 561 375";"2024-09-02 02:35:02"
"2024-09-05";"";"48 344";"7 312";"27 562 417";"2024-09-05 03:36:16"
"2024-09-01";"";"106 008";"15 550";"27 561 456";"2024-09-02 01:58:15"
"2024-09-06";"Facebook";"10 781 462";"9 563 682";"27 561 792";"2024-09-06 11:44:51"
"2024-09-02";"Facebook";"21 050 691";"104 014";"27 563 369";"2024-09-02 04:25:47"
"2024-09-09";"";"730 353";"264 831";"27 562 100";"2024-09-09 03:24:51"
"2024-09-02";"Facebook";"233 810";"26 003";"27 562 838";"2024-09-02 16:13:18"
"2024-09-05";"";"5 654";"209 306";"27 562 878";"2024-09-05 19:40:49"
"2024-09-07";"";"31 311 943";"1 285 084";"27 561 222";"2024-09-07 14:47:50"
"2024-09-01";"";"27 659";"1 597";"27 561 800";"2024-09-01 03:36:52"
"2024-09-05";"";"8 842 823";"435 024";"27 561 778";"2024-09-06 02:47:18"
"2024-09-04";"";"24 656";"533 012";"27 563 177";"2024-09-04 07:28:56"
"2024-09-04";"Telegram";"11 816 618";"857 106";"27 562 324";"2024-09-04 23:44:17"
"2024-09-05";"";"68 833";"26 358";"27 561 697";"2024-09-05 10:31:51"
"2024-09-07";"YouTube";"2 561 424";"846 970";"27 561 719";"2024-09-07 13:34:03"
"2024-09-02";"Tas-ix";"387 115";"28 453";"27 562 552";"2024-09-02 11:08:15"
"2024-09-02";"Instagram";"98 430 305";"3 764 068";"27 563 335";"2024-09-03 00:33:23"
"2024-09-05";"";"106 195";"33 403";"27 562 497";"2024-09-05 17:38:15"
"2024-09-04";"YouTube";"549 609";"48 398";"27 562 729";"2024-09-05 02:47:40"
"2024-09-10";"";"47 157 357";"6 179 563";"27 561 485";"2024-09-10 19:40:29"
"2024-09-10";"Apple Music";"33 471";"12 031";"27 562 685";"2024-09-11 01:22:35"
"2024-09-07";"";"5 553";"80 916";"27 562 795";"2024-09-08 00:09:24"
"2024-09-02";"";"349 129";"21 104";"27 562 239";"2024-09-02 12:33:42"
"2024-09-08";"";"99 595";"80 136";"27 562 172";"2024-09-08 22:31:57"
"2024-09-08";"";"2 442";"99 227";"27 561 407";"2024-09-08 08:29:56"
"2024-09-07";"";"79 857";"2 000";"27 562 791";"2024-09-07 20:17:38"
"2024-09-03";"";"1 145 238";"55 911";"27 563 326";"2024-09-04 00:09:11"
"2024-09-01";"Instagram";"11 167 846";"733 980";"27 561 872";"2024-09-01 13:46:38"
"2024-09-07";"";"107 107";"9 043";"27 563 266";"2024-09-07 17:50:21"
"2024-09-06";"";"1 339 546";"262 876";"27 561 605";"2024-09-06 17:02:04"
"2024-09-06";"";"399 409";"32 810";"27 562 595";"2024-09-06 06:39:02"
"2024-09-06";"Facebook";"117 935";"63 049";"27 562 076";"2024-09-06 03:24:09"
"2024-09-03";"YouTube";"1 775 652";"100 618";"27 561 888";"2024-09-04 01:10:42"
"2024-09-02";"YouTube";"28 294";"203 679";"27 562 759";"2024-09-02 16:13:39"
"2024-09-03";"";"246 457";"131 297";"27 562 291";"2024-09-03 21:54:57"
"2024-09-09";"Instagram";"226 792";"9 027";"27 562 278";"2024-09-09 22:19:18"
"2024-09-10";"";"160 259";"103 374";"27 561 460";"2024-09-10 20:53:56"
"2024-09-04";"";"1 236 486";"50 430";"27 561 608";"2024-09-04 15:36:29"
"2024-09-01";"";"38 554";"125 585";"27 563 173";"2024-09-01 06:39:21"
"2024-09-05";"YouTube";"29 362";"135 933";"27 562 266";"2024-09-05 10:55:32"
"2024-09-03";"YouTube";"6 228 182";"296 165";"27 562 216";"2024-09-03 22:07:23"
"2024-09-10";"";"427 472";"46 647";"27 562 651";"2024-09-11 02:59:01"
"2024-09-07";"";"30 266";"11 025";"27 563 148";"2024-09-07 14:11:52"
"2024-09-09";"";"116 032";"115 873";"27 563 314";"2024-09-09 20:05:39"
"2024-09-03";"TikTok";"109 060";"2 031 994";"27 562 459";"2024-09-03 17:14:50"
"2024-09-03";"";"505 998";"39 802";"27 562 854";"2024-09-03 19:40:58"
"2024-09-08";"";"177 248";"88 893";"27 561 669";"2024-09-08 08:41:21"
"2024-09-06";"";"25 687";"10 239";"27 561 410";"2024-09-07 01:46:59"
"2024-09-04";"";"1 406 169";"76 361";"27 563 129";"2024-09-04 05:50:05"
"2024-09-04";"Facebook";"378 780";"142 801";"27 561 689";"2024-09-04 16:01:55"
"2024-09-05";"Unknown";"30 361";"1 756";"27 562 155";"2024-09-05 08:17:21"
"2024-09-03";"";"27 329";"2 165";"27 561 647";"2024-09-04 01:34:54"
"2024-09-09";"";"1 759 584";"3 486 902";"27 561 650";"2024-09-09 17:26:24"
"2024-09-09";"";"249 443";"25 043";"27 563 396";"2024-09-10 01:46:44"
"2024-09-01";"";"48 308";"40 295";"27 563 231";"2024-09-01 22:43:46"
"2024-09-06";"TikTok";"709 489";"527 182";"27 562 580";"2024-09-07 02:11:06"
"2024-09-09";"";"57 722";"5 942";"27 562 506";"2024-09-09 19:04:36"
"2024-09-06";"Tas-ix";"1 226 766";"1 527 604";"27 563 378";"2024-09-06 13:10:03"
"2024-09-08";"";"287 091";"15 485";"27 561 459";"2024-09-08 11:56:25"
"2024-09-08";"";"258 368";"11 418";"27 562 850";"2024-09-08 05:26:57"
"2024-09-02";"Instagram";"738 270";"196 790";"27 562 878";"2024-09-02 23:20:50"
"2024-09-07";"";"756 933";"40 172";"27 561 633";"2024-09-07 20:05:51"
"2024-09-07";"";"1 034 997";"62 769";"27 563 496";"2024-09-07 09:06:57"
"2024-09-01";"";"6 461 441";"338 792";"27 563 169";"2024-09-01 04:13:22"
"2024-09-06";"";"39 787";"1 976";"27 561 760";"2024-09-06 06:03:57"
"2024-09-07";"";"33 430";"20 120";"27 562 016";"2024-09-07 09:30:55"
"2024-09-04";"";"26 290";"19 184";"27 563 462";"2024-09-04 21:54:34"
"2024-09-08";"";"5 966 906";"954 325";"27 562 025";"2024-09-08 18:51:32"
"2024-09-07";"";"261 852";"192 766";"27 561 539";"2024-09-07 13:58:46"
"2024-09-06";"";"46 790";"95 214";"27 562 703";"2024-09-06 23:44:40"
"2024-09-09";"";"1 520 773";"404 031";"27 561 275";"2024-09-09 07:04:48"
"2024-09-02";"";"4 124 901";"137 704";"27 563 264";"2024-09-02 16:25:26"
"2024-09-04";"";"411 060";"36 635";"27 561 240";"2024-09-05 02:35:36"
"2024-09-03";"";"28 899";"7 081";"27 562 124";"2024-09-03 07:40:59"
"2024-09-04";"";"1 372 914";"98 643";"27 561 763";"2024-09-05 00:57:15"
"2024-09-09";"";"767 880";"24 313";"27 561 775";"2024-09-09 04:13:01"
"2024-09-07";"";"55 354";"7 071";"27 563 023";"2024-09-07 04:25:24"
"2024-09-08";"";"1 662 959";"232 265";"27 563 048";"2024-09-08 19:04:52"
"2024-09-10";"";"52 306";"2 948";"27 561 582";"2024-09-10 09:54:12"
"2024-09-05";"";"882 221";"100 330";"27 561 182";"2024-09-05 18:51:45"
"2024-09-01";"";"1 647 513";"714 521";"27 561 501";"2024-09-01 05:14:40"
"2024-09-07";"Instagram";"36 685 831";"1 425 334";"27 562 894";"2024-09-07 08:05:51"
"2024-09-03";"";"1 576 477";"115 385";"27 561 690";"2024-09-03 09:42:58"
"2024-09-05";"YouTube";"1 529 915";"1 105 237";"27 561 707";"2024-09-05 03:12:11"
"2024-09-07";"";"10 136";"54 789";"27 561 600";"2024-09-07 08:05:49"
"2024-09-03";"";"448 371";"264 591";"27 561 173";"2024-09-03 21:42:49"
"2024-09-07";"";"12 301 902";"606 700";"27 563 041";"2024-09-07 13:22:26"
"2024-09-01";"WhatsApp";"71 163";"31 167";"27 563 148";"2024-09-01 21:30:03"
"2024-09-10";"";"28 228";"1 872";"27 561 693";"2024-09-10 07:40:01"
"2024-09-05";"YouTube";"192 000";"1 696 942";"27 562 545";"2024-09-06 01:22:49"
"2024-09-08";"YouTube";"36 078";"324 106";"27 563 351";"2024-09-08 19:04:01"
"2024-09-06";"Yandex";"452 878";"34 666";"27 562 721";"2024-09-06 11:44:15"
"2024-09-07";"Facebook";"761 714";"334 642";"27 563 366";"2024-09-07 15:36:43"
"2024-09-06";"";"340 545";"43 495";"27 561 206";"2024-09-06 19:40:00"
"2024-09-01";"Tas-ix";"42 776";"2 469";"27 562 921";"2024-09-01 08:05:32"
"2024-09-10";"Facebook";"121 006";"54 269";"27 562 216";"2024-09-10 06:15:12"
"2024-09-09";"";"54 274";"101 632";"27 563 198";"2024-09-09 05:26:59"
"2024-09-08";"";"52 115";"123 591";"27 563 336";"2024-09-08 05:26:17"
"2024-09-07";"";"26 523";"1 875";"27 562 917";"2024-09-07 09:18:43"
"2024-09-08";"Telegram";"460 956";"30 866";"27 562 629";"2024-09-08 17:02:58"
"2024-09-01";"Unknown";"319 479";"14 704";"27 562 592";"2024-09-01 10:43:41"
"2024-09-09";"";"9 841 250";"250 406";"27 561 787";"2024-09-09 19:16:56"
"2024-09-01";"";"213 254";"29 940";"27 562 202";"2024-09-01 05:14:31"
"2024-09-02";"";"32 079";"32 209";"27 561 844";"2024-09-02 19:28:42"
"2024-09-02";"Apple Music";"6 236 357";"468 537";"27 562 768";"2024-09-02 17:14:28"
"2024-09-10";"";"15 394";"93 927";"27 562 601";"2024-09-10 04:01:13"
"2024-09-05";"";"683 592";"147 474";"27 561 877";"2024-09-05 21:06:30"
"2024-09-10";"";"163 901";"37 769";"27 563 338";"2024-09-11 01:10:36"
"2024-09-02";"YouTube";"19 672";"192 373";"27 562 687";"2024-09-02 08:05:20"
"2024-09-10";"Tas-ix";"3 463 536";"868 411";"27 563 328";"2024-09-10 22:07:59"
"2024-09-09";"PUBG";"1 509 590";"75 780";"27 561 670";"2024-09-09 05:50:13"
"2024-09-08";"";"265 915";"316 177";"27 561 866";"2024-09-08 23:32:00"
"2024-09-06";"";"147 177";"31 155";"27 562 714";"2024-09-06 15:12:43"
"2024-09-01";"";"241 547";"13 709";"27 561 392";"2024-09-01 19:16:32"
"2024-09-04";"";"36 471";"3 062";"27 562 398";"2024-09-04 08:53:35"
"2024-09-04";"";"39 086";"24 680";"27 561 458";"2024-09-05 01:46:37"
"2024-09-10";"";"24 541";"64 035";"27 563 111";"2024-09-10 19:16:45"
"2024-09-09";"";"198 829";"562 003";"27 561 312";"2024-09-09 11:32:48"
"2024-09-09";"";"85 435";"52 898";"27 562 405";"2024-09-10 00:33:03"
"2024-09-09";"YouTube";"110 375";"287 340";"27 562 810";"2024-09-09 14:35:17"
"2024-09-05";"Telegram";"9 965 679";"6 834 646";"27 562 608";"2024-09-05 16:25:03"
"2024-09-06";"";"505 939";"61 229";"27 561 540";"2024-09-06 03:48:31"
"2024-09-09";"";"449 020";"81 654";"27 563 174";"2024-09-09 13:34:26"
"2024-09-08";"";"119 213";"4 819";"27 562 973";"2024-09-08 03:12:40"
"2024-09-07";"";"199 078";"175 127";"27 563 291";"2024-09-08 00:45:22"
"2024-09-03";"";"397 509";"26 354";"27 562 535";"2024-09-04 02:23:38"
"2024-09-04";"";"462 120";"40 325";"27 561 252";"2024-09-04 08:05:44"
"2024-09-08";"";"293 396";"27 231";"27 562 200";"2024-09-08 14:47:26"
"2024-09-05";"Telegram";"13 029 489";"2 502 073";"27 562 538";"2024-09-05 13:22:35"
"2024-09-08";"";"48 724";"16 588";"27 561 253";"2024-09-08 11:32:53"
"2024-09-06";"";"34 624";"6 529";"27 562 692";"2024-09-06 20:53:51"
"2024-09-03";"";"1 049 659";"48 870";"27 562 427";"2024-09-03 04:49:05"
"2024-09-03";"";"6 911 108";"745 516";"27 563 397";"2024-09-03 03:24:06"
"2024-09-10";"Apple Music";"340 371";"97 282";"27 561 343";"2024-09-10 16:13:56"
"2024-09-09";"";"28 506";"16 144";"27 561 390";"2024-09-09 13:10:26"
"2024-09-07";"";"202 309";"21 560";"27 562 473";"2024-09-08 00:09:18"
"2024-09-04";"Facebook";"5 879 744";"215 533";"27 562 203";"2024-09-05 00:57:52"
"2024-09-09";"YouTube";"167 681";"611 096";"27 561 533";"2024-09-09 04:37:47"
"2024-09-06";"";"25 505 483";"817 244";"27 563 507";"2024-09-06 10:07:07"
"2024-09-07";"YouTube";"998 658";"111 135";"27 562 701";"2024-09-07 12:33:57"
"2024-09-09";"";"54 503";"3 423";"27 563 001";"2024-09-09 17:26:39"
"2024-09-01";"";"63 568";"59 568";"27 561 964";"2024-09-01 19:16:31"
"2024-09-06";"";"4 837 818";"611 852";"27 562 710";"2024-09-06 17:50:16"
"2024-09-06";"YouTube";"20 323 216";"866 226";"27 561 499";"2024-09-06 13:22:34"
"2024-09-08";"";"25 729";"25 252";"27 563 168";"2024-09-08 08:41:29"
"2024-09-04";"";"104 082";"6 432";"27 561 570";"2024-09-04 21:54:25"
"2024-09-05";"";"85 741";"11 470";"27 563 116";"2024-09-05 14:11:12"
"2024-09-05";"";"0";"27 110";"27 562 203";"2024-09-05 17:50:31"
"2024-09-10";"";"33 415";"7 644";"27 562 057";"2024-09-10 22:19:50"
"2024-09-07";"";"387 262";"66 303";"27 563 414";"2024-09-07 16:25:35"
"2024-09-09";"";"291 361";"160 584";"27 562 006";"2024-09-09 04:25:19"
"2024-09-01";"Instagram";"1 245 683";"918 286";"27 562 772";"2024-09-01 12:09:39"
"2024-09-09";"";"34 607 010";"1 461 326";"27 561 669";"2024-09-09 11:56:23"
"2024-09-06";"TikTok";"1 153 228";"12 402 678";"27 563 008";"2024-09-06 13:46:19"
"2024-09-09";"";"207 924";"158 792";"27 563 154";"2024-09-09 23:56:07"
"2024-09-03";"";"243 668";"15 409";"27 562 216";"2024-09-04 00:57:10"
"2024-09-01";"";"945 993";"29 750";"27 562 264";"2024-09-02 02:23:37"
"2024-09-08";"";"2 983 024";"62 597";"27 561 555";"2024-09-09 00:21:36"
"2024-09-02";"YouTube";"47 997";"13 607";"27 563 463";"2024-09-02 23:44:16"
"2024-09-02";"";"2 673 829";"195 721";"27 562 044";"2024-09-02 17:50:15"
"2024-09-06";"";"28 358";"9 519";"27 561 492";"2024-09-06 08:17:18"
"2024-09-02";"";"24 212";"969 230";"27 561 370";"2024-09-02 13:22:34"
"2024-09-01";"";"163 169";"9 078";"27 561 692";"2024-09-02 02:47:42"
"2024-09-04";"";"53 509";"38 980";"27 562 829";"2024-09-04 20:29:24"
"2024-09-06";"";"117 515";"10 850";"27 561 719";"2024-09-06 16:25:23"
"2024-09-01";"";"119 490";"7 542";"27 563 446";"2024-09-01 03:12:10"
"2024-09-10";"";"47 995";"3 320";"27 562 553";"2024-09-10 06:15:33"
"2024-09-05";"Facebook";"139 435";"16 473";"27 562 035";"2024-09-05 07:28:59"
"2024-09-05";"";"8 000";"534 985";"27 562 795";"2024-09-05 12:45:29"
"2024-09-04";"";"17 436";"88 074";"27 563 418";"2024-09-04 09:30:35"
"2024-09-07";"Facebook";"2 508 356";"56 390";"27 563 291";"2024-09-07 13:46:27"
"2024-09-07";"";"43 672";"3 586";"27 563 175";"2024-09-07 05:38:52"
"2024-09-08";"";"127 595";"19 780";"27 561 686";"2024-09-08 18:15:33"
"2024-09-07";"";"2 293 127";"837 344";"27 563 174";"2024-09-07 10:31:44"
"2024-09-10";"";"296 728";"79 190";"27 562 772";"2024-09-10 09:18:39"
"2024-09-02";"";"110 766";"10 178";"27 562 492";"2024-09-02 11:44:09"
"2024-09-05";"Instagram";"95 851";"13 007";"27 561 312";"2024-09-05 21:18:08"
"2024-09-03";"PUBG";"1 214 600";"67 149";"27 562 096";"2024-09-03 08:29:37"
"2024-09-09";"Instagram";"2 071 236";"426 811";"27 562 484";"2024-09-09 10:07:20"
"2024-09-01";"";"104 053 037";"4 976 219";"27 563 130";"2024-09-01 19:16:32"
"2024-09-10";"";"28 735";"7 292";"27 562 720";"2024-09-10 06:27:00"
"2024-09-02";"Telegram";"25 477 497";"1 688 364";"27 563 430";"2024-09-03 00:21:38"
"2024-09-02";"YouTube";"582 112";"49 965";"27 561 776";"2024-09-02 16:37:20"
"2024-09-06";"Instagram";"6 363 480";"8 761 504";"27 561 698";"2024-09-06 19:04:49"
"2024-09-03";"";"139 607";"28 326";"27 561 722";"2024-09-03 08:53:59"
"2024-09-09";"";"89 327";"37 129";"27 562 313";"2024-09-09 03:36:04"
"2024-09-03";"TikTok";"164 399";"1 628 858";"27 562 511";"2024-09-03 04:37:52"
"2024-09-03";"";"1 205 491";"47 173";"27 562 156";"2024-09-03 11:44:46"
"2024-09-01";"";"36 198";"3 048";"27 562 462";"2024-09-01 09:06:32"
"2024-09-02";"";"3 513 321";"181 561";"27 562 622";"2024-09-02 13:22:48"
"2024-09-09";"YouTube";"558 717";"5 031 595";"27 563 072";"2024-09-09 19:52:43"
"2024-09-05";"";"1 054 268";"141 205";"27 563 236";"2024-09-05 12:33:14"
"2024-09-06";"";"33 871";"2 289";"27 562 993";"2024-09-06 19:40:01"
"2024-09-04";"YouTube";"283 488";"1 967 106";"27 561 706";"2024-09-04 21:54:05"
"2024-09-10";"TikTok";"36 359";"164 360";"27 563 485";"2024-09-10 10:19:27"
"2024-09-06";"";"107 755";"7 872";"27 562 004";"2024-09-06 22:07:16"
"2024-09-01";"";"4 490 048";"204 177";"27 562 025";"2024-09-01 20:05:22"
"2024-09-04";"";"168 434";"54 544";"27 562 063";"2024-09-04 21:18:09"
"2024-09-09";"";"152 150";"158 475";"27 562 641";"2024-09-09 20:05:46"
"2024-09-07";"";"619 029";"308 135";"27 561 881";"2024-09-07 23:44:31"
"2024-09-04";"";"41 369";"4 990";"27 561 719";"2024-09-04 18:39:43"
"2024-09-02";"Telegram";"137 117 652";"6 719 902";"27 563 268";"2024-09-02 13:34:55"
"2024-09-10";"";"26 245";"10 803";"27 562 322";"2024-09-10 19:28:10"
"2024-09-04";"";"36 800";"4 720";"27 563 211";"2024-09-04 03:00:55"
"2024-09-08";"";"29 616";"1 879";"27 562 540";"2024-09-08 10:55:14"
"2024-09-01";"Odnoklassniki";"1 809 784";"1 134 003";"27 561 236";"2024-09-01 22:07:37"
"2024-09-07";"";"47 127";"16 449";"27 563 374";"2024-09-07 03:36:35"
"2024-09-03";"";"29 608";"11 675";"27 561 693";"2024-09-03 06:03:52"
"2024-09-03";"Telegram";"45 446 656";"1 948 034";"27 561 630";"2024-09-03 21:30:06"
"2024-09-03";"";"13 113";"34 163";"27 563 491";"2024-09-03 23:56:52"
"2024-09-04";"";"26 669";"3 524";"27 562 479";"2024-09-04 04:13:01"
"2024-09-05";"Tas-ix";"114 833";"14 050";"27 561 608";"2024-09-05 06:03:28"
"2024-09-03";"";"1 708 683";"262 094";"27 562 950";"2024-09-03 20:17:27"
"2024-09-09";"";"88 276";"8 124";"27 561 793";"2024-09-09 19:40:04"
"2024-09-05";"";"133 714";"8 091";"27 562 550";"2024-09-05 16:25:38"
"2024-09-09";"Facebook";"96 816";"11 346";"27 562 659";"2024-09-09 21:42:01"
"2024-09-03";"";"72 714";"7 426";"27 561 500";"2024-09-03 07:40:21"
"2024-09-06";"";"285 830";"13 305";"27 563 092";"2024-09-07 02:35:51"
"2024-09-06";"YouTube";"282 677 413";"14 488 767";"27 561 624";"2024-09-06 07:40:41"
"2024-09-07";"";"446 086";"39 915";"27 562 360";"2024-09-07 04:01:00"
"2024-09-07";"";"85 147";"4 673";"27 562 170";"2024-09-07 15:00:58"
"2024-09-09";"";"40 672";"1 660";"27 562 126";"2024-09-09 23:32:03"
"2024-09-08";"";"32 017";"45 239";"27 562 644";"2024-09-08 03:36:52"
"2024-09-05";"Instagram";"185 890";"24 653";"27 562 232";"2024-09-05 18:03:05"
"2024-09-04";"";"704 216";"42 455";"27 562 961";"2024-09-04 10:31:26"
"2024-09-03";"";"30 055";"27 211";"27 563 494";"2024-09-03 05:26:32"
"2024-09-08";"";"1 293 780";"148 805";"27 562 340";"2024-09-08 20:05:25"
"2024-09-08";"Tas-ix";"3 205 205";"98 425";"27 563 495";"2024-09-08 09:30:36"
"2024-09-06";"";"875 908";"422 475";"27 561 815";"2024-09-06 10:43:23"
"2024-09-05";"";"27 507";"11 476";"27 561 433";"2024-09-05 10:43:29"
"2024-09-03";"Facebook";"316 087";"27 781";"27 562 313";"2024-09-03 23:08:18"
"2024-09-09";"WhatsApp";"729 504";"841 691";"27 562 003";"2024-09-09 14:35:51"
"2024-09-02";"Telegram";"13 881 503";"693 655";"27 561 776";"2024-09-02 09:18:11"
"2024-09-08";"";"626 600";"1 110 213";"27 561 337";"2024-09-08 08:53:28"
"2024-09-01";"YouTube";"104 438 961";"7 574 195";"27 562 061";"2024-09-01 23:56:51"
"2024-09-08";"WhatsApp";"21 428";"27 112";"27 562 973";"2024-09-08 15:00:05"
"2024-09-09";"Facebook";"29 452";"3 278";"27 562 934";"2024-09-09 21:30:27"
"2024-09-04";"Facebook";"374 893";"17 289";"27 562 290";"2024-09-05 01:22:21"
"2024-09-07";"";"170 010";"48 781";"27 563 216";"2024-09-07 10:31:27"
"2024-09-07";"";"274 782";"91 609";"27 561 213";"2024-09-07 10:31:03"
"2024-09-04";"";"619 380";"124 174";"27 562 330";"2024-09-04 13:34:55"
"2024-09-02";"";"32 780";"9 845";"27 562 512";"2024-09-02 04:25:06"
"2024-09-05";"";"5 099 175";"240 503";"27 562 700";"2024-09-05 17:38:56"
"2024-09-09";"";"351 575";"74 624";"27 561 543";"2024-09-09 10:19:01"
"2024-09-06";"";"37 802";"6 813";"27 562 090";"2024-09-07 02:35:26"
"2024-09-01";"Facebook";"436 069";"30 863";"27 563 033";"2024-09-01 15:12:49"
"2024-09-09";"Facebook";"126 680";"5 934";"27 562 102";"2024-09-09 17:14:06"
"2024-09-01";"";"17 984";"27 271";"27 563 388";"2024-09-01 18:15:32"
"2024-09-08";"";"582 555";"106 003";"27 563 136";"2024-09-09 01:58:45"
"2024-09-04";"";"75 494";"488 940";"27 563 334";"2024-09-04 05:14:04"
"2024-09-05";"VKontakte";"323 785";"11 376";"27 561 185";"2024-09-05 04:01:51"
"2024-09-04";"";"0";"26 409";"27 563 245";"2024-09-04 12:09:24"
"2024-09-06";"";"993 686";"560 948";"27 562 239";"2024-09-06 13:34:06"
"2024-09-04";"";"508 534";"39 392";"27 562 801";"2024-09-04 09:06:19"
"2024-09-09";"";"14 009";"37 506";"27 563 471";"2024-09-09 14:35:35"
"2024-09-02";"WhatsApp";"144 185";"9 632";"27 561 444";"2024-09-02 04:37:38"
"2024-09-06";"Facebook";"35 117 511";"606 256";"27 562 571";"2024-09-06 10:07:57"
"2024-09-05";"";"25 839";"160 823";"27 562 969";"2024-09-05 17:02:06"
"2024-09-04";"";"2 502 910";"92 094";"27 562 292";"2024-09-04 07:04:30"
"2024-09-10";"Instagram";"223 240 505";"4 382 770";"27 562 590";"2024-09-10 06:15:12"
"2024-09-07";"YouTube";"99 369";"926 521";"27 561 893";"2024-09-07 13:10:58"
"2024-09-02";"";"683 359";"214 475";"27 561 533";"2024-09-02 21:54:38"
"2024-09-03";"Instagram";"3 607 925";"163 183";"27 563 445";"2024-09-03 15:48:31"
"2024-09-01";"";"106 791";"36 649";"27 562 879";"2024-09-01 19:40:54"
"2024-09-01";"";"1 464 064";"40 222";"27 562 578";"2024-09-01 17:26:42"
"2024-09-06";"YouTube";"6 531 425";"423 731";"27 562 803";"2024-09-06 07:16:11"
"2024-09-09";"";"874 834";"84 150";"27 563 052";"2024-09-09 19:04:49"
"2024-09-01";"";"2 774 160";"86 069";"27 563 122";"2024-09-01 08:29:42"
"2024-09-01";"";"30 455";"6 098";"27 563 203";"2024-09-01 04:13:05"
"2024-09-05";"";"2 356 898";"263 856";"27 563 169";"2024-09-05 05:14:47"
"2024-09-06";"";"69 505";"10 143";"27 563 467";"2024-09-06 19:28:16"
"2024-09-02";"";"1 016 875";"3 794 434";"27 561 542";"2024-09-02 08:29:53"
"2024-09-09";"YouTube";"212 226";"1 567 119";"27 562 087";"2024-09-09 12:45:33"
"2024-09-01";"Facebook";"47 553";"31 099";"27 561 983";"2024-09-01 07:52:06"
"2024-09-01";"Instagram";"3 734 370";"420 007";"27 561 600";"2024-09-01 04:37:23"
"2024-09-09";"YouTube";"6 051 441";"273 186";"27 562 760";"2024-09-09 06:27:06"
"2024-09-02";"";"64 746";"7 033";"27 561 996";"2024-09-02 22:19:57"
"2024-09-04";"";"27 487";"16 240";"27 563 329";"2024-09-05 02:47:17"
"2024-09-09";"YouTube";"23 271 482";"1 033 022";"27 563 217";"2024-09-09 19:04:45"
"2024-09-04";"YouTube";"1 629 229";"95 993";"27 562 692";"2024-09-04 09:42:32"
"2024-09-05";"";"29 763";"9 915";"27 563 463";"2024-09-05 09:18:36"
"2024-09-10";"";"793 280";"104 650";"27 562 818";"2024-09-10 21:30:39"
"2024-09-09";"";"70 062";"14 750";"27 562 613";"2024-09-09 23:32:08"
"2024-09-09";"";"221 222";"54 610";"27 562 821";"2024-09-09 03:12:58"
"2024-09-05";"";"21 571";"28 340";"27 562 799";"2024-09-05 18:51:19"
"2024-09-06";"";"52 147";"5 526";"27 563 234";"2024-09-06 04:13:36"
"2024-09-01";"";"371 830";"66 700";"27 561 742";"2024-09-01 05:50:05"
"2024-09-10";"";"26 159";"9 435";"27 563 147";"2024-09-10 05:14:55"
"2024-09-04";"";"168 872";"16 659";"27 562 809";"2024-09-04 14:11:55"
"2024-09-09";"";"253 807";"12 411";"27 562 647";"2024-09-09 13:58:22"
"2024-09-07";"";"549 701";"28 986";"27 562 780";"2024-09-08 02:47:26"
"2024-09-08";"";"96 920";"17 487";"27 561 921";"2024-09-09 02:47:04"
"2024-09-06";"";"65 190";"47 816";"27 563 238";"2024-09-06 17:26:50"
"2024-09-06";"";"109 857";"4 815";"27 561 547";"2024-09-06 03:12:06"
"2024-09-10";"";"8 044 822";"287 736";"27 562 535";"2024-09-11 01:58:45"
"2024-09-01";"TikTok";"11 669";"247 325";"27 561 658";"2024-09-01 13:34:09"
"2024-09-02";"";"91 107";"12 248";"27 561 981";"2024-09-02 14:35:13"
"2024-09-04";"";"217 520";"18 814";"27 563 223";"2024-09-04 09:54:23"
"2024-09-05";"";"95 331 485";"5 827 786";"27 561 921";"2024-09-05 18:51:52"
"2024-09-05";"";"120 564";"59 656";"27 561 542";"2024-09-05 07:40:02"
"2024-09-10";"IMO";"123 152";"187 066";"27 561 943";"2024-09-10 21:18:42"
"2024-09-02";"";"63 602";"32 812";"27 561 796";"2024-09-02 09:54:04"
"2024-09-02";"";"27 874";"3 138";"27 561 232";"2024-09-02 07:52:10"
"2024-09-02";"";"27 267";"9 130";"27 561 437";"2024-09-02 16:37:03"
"2024-09-09";"YouTube";"267 622";"296 941";"27 562 555";"2024-09-09 14:23:05"
"2024-09-02";"";"313 821";"10 679";"27 562 906";"2024-09-02 23:20:05"
"2024-09-02";"";"711 071";"88 382";"27 562 365";"2024-09-02 16:13:14"
"2024-09-05";"YouTube";"18 924 983";"825 739";"27 561 288";"2024-09-05 21:42:47"
"2024-09-08";"Tas-ix";"218 446";"21 705";"27 561 315";"2024-09-08 10:31:01"
"2024-09-08";"";"94 182";"57 635";"27 561 772";"2024-09-08 20:17:18"
"2024-09-03";"";"149 885";"66 052";"27 561 357";"2024-09-03 12:57:59"
"2024-09-08";"";"1 653 193";"145 727";"27 562 699";"2024-09-08 03:00:49"
"2024-09-08";"";"59 472";"7 794";"27 561 651";"2024-09-08 21:06:12"
"2024-09-10";"";"155 976";"9 537";"27 563 363";"2024-09-10 12:33:35"
"2024-09-04";"Yandex Video";"396 168";"11 217";"27 563 072";"2024-09-04 12:45:53"
"2024-09-06";"";"1 208 448";"225 897";"27 561 339";"2024-09-06 12:45:03"
"2024-09-09";"";"381 852";"45 904";"27 562 142";"2024-09-09 07:16:17"
"2024-09-03";"";"26 435";"2 648";"27 561 393";"2024-09-03 22:43:50"
"2024-09-06";"YouTube";"936 065";"155 814";"27 563 502";"2024-09-07 02:59:58"
"2024-09-04";"";"168 991";"211 068";"27 562 254";"2024-09-04 22:19:20"
"2024-09-10";"";"61 020";"4 999";"27 562 117";"2024-09-10 22:19:00"
"2024-09-08";"";"1 846 160";"163 233";"27 563 153";"2024-09-08 20:53:53"
"2024-09-05";"YouTube";"15 619 109";"831 381";"27 563 158";"2024-09-05 05:50:44"
"2024-09-09";"";"186 437";"117 688";"27 563 077";"2024-09-10 00:45:41"
"2024-09-06";"";"223 295";"15 071";"27 562 072";"2024-09-07 01:46:43"
"2024-09-03";"Instagram";"105 808";"7 783";"27 563 205";"2024-09-04 02:11:55"
"2024-09-09";"";"55 410";"3 609";"27 561 616";"2024-09-09 06:39:50"
"2024-09-06";"";"393 481";"26 393";"27 562 646";"2024-09-06 21:54:58"
"2024-09-03";"";"139 226";"51 783";"27 562 203";"2024-09-03 20:29:50"
"2024-09-05";"Facebook";"79 026";"69 737";"27 563 515";"2024-09-05 14:23:47"
"2024-09-10";"Apple Music";"436 930";"117 375";"27 563 207";"2024-09-10 04:25:23"
"2024-09-01";"";"5 818";"64 624";"27 561 629";"2024-09-01 05:02:44"
"2024-09-08";"YouTube";"1 866 161";"175 343";"27 561 611";"2024-09-08 19:04:15"
"2024-09-02";"";"250 899";"40 576";"27 561 888";"2024-09-02 22:55:34"
"2024-09-07";"";"1 676 141";"96 409";"27 561 879";"2024-09-07 09:30:25"
"2024-09-03";"";"5 203 298";"2 948 984";"27 563 445";"2024-09-03 13:22:42"
"2024-09-06";"";"187 932";"9 956";"27 561 569";"2024-09-06 11:08:58"
"2024-09-04";"";"365 260";"21 615";"27 561 304";"2024-09-04 22:55:28"
"2024-09-08";"Facebook";"814 615";"47 126";"27 562 997";"2024-09-09 00:21:37"
"2024-09-04";"";"335 487";"113 439";"27 562 550";"2024-09-04 09:06:49"
"2024-09-06";"";"69 408";"138 633";"27 561 203";"2024-09-06 12:21:40"
"2024-09-07";"PUBG";"1 884 669";"87 849";"27 562 850";"2024-09-07 09:18:45"
"2024-09-06";"";"150 634";"27 821";"27 561 649";"2024-09-06 18:15:44"
"2024-09-10";"";"30 594";"2 709";"27 561 380";"2024-09-10 18:03:33"
"2024-09-03";"Unknown";"61 925";"13 134";"27 561 239";"2024-09-03 14:59:30"
"2024-09-09";"YouTube";"232 475";"2 195 453";"27 561 234";"2024-09-09 19:28:39"
"2024-09-10";"";"197 342";"639 875";"27 563 371";"2024-09-10 04:37:32"
"2024-09-09";"";"121 408";"5 340";"27 561 435";"2024-09-09 07:28:07"
"2024-09-04";"YouTube";"13 295 782";"870 133";"27 562 535";"2024-09-04 14:35:59"
"2024-09-08";"";"98 501";"23 526";"27 561 391";"2024-09-08 14:47:20"
"2024-09-05";"";"1 086 763";"131 512";"27 563 451";"2024-09-05 14:35:02"
"2024-09-02";"";"107 564";"31 883";"27 561 198";"2024-09-02 10:07:14"
"2024-09-06";"";"1 385 856";"89 045";"27 562 012";"2024-09-06 08:41:49"
"2024-09-09";"";"569 712";"435 658";"27 562 988";"2024-09-09 13:10:33"
"2024-09-10";"";"296 718";"85 283";"27 562 260";"2024-09-10 20:41:40"
"2024-09-10";"";"30 427";"7 813";"27 562 257";"2024-09-10 11:20:22"
"2024-09-02";"YouTube";"222 090";"38 044";"27 561 586";"2024-09-03 01:34:21"
"2024-09-06";"YouTube";"158 412";"29 603";"27 561 326";"2024-09-07 02:35:20"
"2024-09-03";"";"48 334";"77 637";"27 563 401";"2024-09-03 22:31:59"
"2024-09-09";"";"7 081 773";"389 830";"27 561 737";"2024-09-09 22:43:16"
"2024-09-04";"";"888 336";"106 264";"27 561 965";"2024-09-04 19:40:46"
"2024-09-01";"";"12 469 461";"648 087";"27 563 436";"2024-09-01 15:48:15"
"2024-09-08";"";"634 995";"299 197";"27 562 747";"2024-09-08 19:52:41"
"2024-09-05";"";"31 252";"4 078";"27 561 815";"2024-09-05 05:50:53"
"2024-09-04";"Telegram";"42 919";"3 372";"27 563 353";"2024-09-04 22:31:42"
"2024-09-03";"";"42 382";"2 476";"27 561 884";"2024-09-03 05:38:28"
"2024-09-09";"";"481 934";"18 936";"27 563 439";"2024-09-09 17:50:28"
"2024-09-07";"";"335 977";"44 250";"27 561 830";"2024-09-07 22:07:22"
"2024-09-02";"Instagram";"12 521 917";"474 734";"27 561 295";"2024-09-02 06:51:06"
"2024-09-06";"WhatsApp";"85 853";"7 995";"27 563 387";"2024-09-06 11:08:38"
"2024-09-02";"";"60 503";"5 234";"27 562 352";"2024-09-02 04:37:57"
"2024-09-06";"";"68 057 681";"12 878 683";"27 561 591";"2024-09-06 15:24:23"
"2024-09-09";"";"40 829";"6 122";"27 563 174";"2024-09-09 10:31:49"
"2024-09-04";"";"32 771";"3 148";"27 561 320";"2024-09-04 18:39:59"
"2024-09-03";"Instagram";"20 331 331";"1 259 903";"27 561 227";"2024-09-03 21:54:32"
"2024-09-05";"Instagram";"5 371 993";"4 757 172";"27 561 744";"2024-09-05 16:25:11"
"2024-09-02";"PUBG";"3 628 775";"152 439";"27 561 884";"2024-09-02 17:14:12"
"2024-09-06";"Yandex";"382 741";"30 799";"27 562 934";"2024-09-06 23:20:55"
"2024-09-03";"Instagram";"188 228 405";"3 630 911";"27 563 286";"2024-09-03 07:16:33"
"2024-09-04";"YouTube";"27 419";"9 225";"27 561 179";"2024-09-04 23:44:06"
"2024-09-05";"";"146 392";"14 547";"27 563 511";"2024-09-05 22:19:49"
"2024-09-07";"";"40 217";"3 368";"27 562 721";"2024-09-07 04:25:15"
"2024-09-06";"";"47 603";"10 946";"27 562 234";"2024-09-06 16:49:45"
"2024-09-03";"YouTube";"7 402 410";"418 084";"27 563 131";"2024-09-04 01:34:24"
"2024-09-01";"";"22 884";"27 735";"27 562 259";"2024-09-01 06:39:26"
"2024-09-02";"";"35 656 138";"2 291 292";"27 561 490";"2024-09-03 01:10:34"
"2024-09-04";"";"16 960 699";"1 438 883";"27 563 177";"2024-09-04 09:42:35"
"2024-09-10";"";"280 302";"53 120";"27 561 697";"2024-09-10 17:02:34"
"2024-09-02";"Facebook";"93 918";"8 480";"27 562 118";"2024-09-02 17:38:03"
"2024-09-05";"";"48 589";"4 950";"27 562 982";"2024-09-05 22:19:55"
"2024-09-06";"";"91 693";"11 941";"27 561 600";"2024-09-06 05:14:16"
"2024-09-01";"Telegram";"16 151 729";"895 356";"27 562 275";"2024-09-01 08:05:10"
"2024-09-08";"Facebook";"5 008 186";"237 991";"27 561 920";"2024-09-08 20:17:21"
"2024-09-04";"";"36 911";"26 575";"27 561 529";"2024-09-04 09:06:34"
"2024-09-08";"";"27 187";"10 336";"27 561 491";"2024-09-08 14:23:15"
"2024-09-01";"";"43 114";"14 188";"27 561 177";"2024-09-01 17:02:33"
"2024-09-02";"";"67 760";"4 102";"27 561 796";"2024-09-02 09:42:58"
"2024-09-04";"Facebook";"104 021";"57 870";"27 562 402";"2024-09-04 14:11:58"
"2024-09-05";"";"155 585";"80 409";"27 561 684";"2024-09-05 05:14:19"
"2024-09-10";"";"5 571 990";"553 947";"27 562 347";"2024-09-10 12:57:59"
"2024-09-09";"";"29 288";"5 944";"27 562 903";"2024-09-09 03:12:52"
"2024-09-05";"";"63 657";"82 156";"27 561 778";"2024-09-05 16:13:18"
"2024-09-08";"YouTube";"10 751";"31 429";"27 561 627";"2024-09-08 15:00:01"
"2024-09-05";"";"53 425";"5 093";"27 563 107";"2024-09-05 09:18:45"
"2024-09-07";"";"10 511";"43 194";"27 562 254";"2024-09-07 20:05:57"
"2024-09-01";"";"38 652 984";"2 010 580";"27 561 375";"2024-09-01 07:04:15"
"2024-09-10";"";"43 563";"47 546";"27 562 127";"2024-09-10 08:29:11"
"2024-09-06";"Facebook";"1 213 147";"94 861";"27 562 427";"2024-09-06 11:08:00"
"2024-09-07";"";"68 085";"7 972";"27 562 921";"2024-09-07 04:37:40"
"2024-09-08";"YouTube";"96 436 153";"7 766 362";"27 562 112";"2024-09-08 14:35:05"
"2024-09-03";"";"836 316";"105 353";"27 562 684";"2024-09-03 08:29:56"
"2024-09-10";"Facebook";"3 913";"71 709";"27 562 118";"2024-09-11 01:22:36"
"2024-09-04";"";"34 664";"5 256";"27 563 236";"2024-09-04 11:20:39"
"2024-09-08";"Telegram";"73 760";"5 545";"27 563 310";"2024-09-08 12:45:13"
"2024-09-09";"";"47 280";"7 546";"27 562 690";"2024-09-09 13:46:08"
"2024-09-10";"Odnoklassniki";"188 886";"8 986";"27 562 578";"2024-09-10 19:52:58"
"2024-09-04";"";"2 921 324";"2 694 600";"27 562 695";"2024-09-04 23:44:59"
"2024-09-02";"";"1 844 234";"58 803";"27 562 252";"2024-09-02 08:17:10"
"2024-09-02";"";"588 215";"38 707";"27 561 429";"2024-09-02 21:42:29"
"2024-09-08";"Instagram";"17 439 218";"446 048";"27 561 237";"2024-09-08 13:46:52"
"2024-09-02";"";"80 142";"39 175";"27 561 647";"2024-09-02 16:37:53"
"2024-09-06";"";"51 905";"239 330";"27 561 373";"2024-09-06 22:55:32"
"2024-09-09";"";"2 197 226";"124 929";"27 561 449";"2024-09-09 14:35:01"
"2024-09-08";"Tas-ix";"45 333";"4 929";"27 562 578";"2024-09-08 09:42:22"
"2024-09-03";"";"132 601";"13 950";"27 561 542";"2024-09-03 10:31:25"
"2024-09-04";"";"33 283";"73 465";"27 562 756";"2024-09-04 23:08:47"
"2024-09-10";"Telegram";"78 385 391";"4 210 986";"27 561 994";"2024-09-10 20:17:03"
"2024-09-05";"";"852 771";"30 025";"27 561 380";"2024-09-05 07:16:07"
"2024-09-08";"";"956 518";"33 679";"27 561 802";"2024-09-08 08:17:01"
"2024-09-04";"";"171 573";"9 351";"27 562 286";"2024-09-04 15:24:09"
"2024-09-06";"";"172 300";"37 261";"27 562 293";"2024-09-06 20:41:55"
"2024-09-02";"";"345 878";"27 677";"27 561 506";"2024-09-02 22:55:15"
"2024-09-07";"Instagram";"40 655";"5 040";"27 563 153";"2024-09-08 02:35:36"
"2024-09-09";"";"34 609";"46 257";"27 561 292";"2024-09-09 13:46:28"
"2024-09-06";"";"142 146";"464 141";"27 561 850";"2024-09-07 02:47:02"
"2024-09-10";"";"283 631";"16 115";"27 562 467";"2024-09-10 13:46:57"
"2024-09-02";"YouTube";"226 708";"666 295";"27 561 542";"2024-09-02 14:23:50"
"2024-09-01";"Yandex";"65 892";"10 562";"27 561 573";"2024-09-01 17:14:44"
"2024-09-08";"Telegram";"855 602";"50 339";"27 562 146";"2024-09-08 16:01:59"
"2024-09-10";"Instagram";"1 901 256";"1 992 425";"27 561 222";"2024-09-10 20:41:56"
"2024-09-03";"YouTube";"245 354";"32 685";"27 563 293";"2024-09-04 02:59:20"
"2024-09-06";"";"67 616";"11 337";"27 562 040";"2024-09-06 20:53:09"
"2024-09-04";"Telegram";"6 896 052";"2 185 354";"27 561 982";"2024-09-05 01:46:34"
"2024-09-09";"";"33 770";"8 636";"27 561 361";"2024-09-10 01:46:04"
"2024-09-08";"";"24 650";"389 789";"27 562 105";"2024-09-08 10:19:04"
"2024-09-10";"YouTube";"1 956 805";"1 104 355";"27 561 590";"2024-09-10 11:20:11"
"2024-09-01";"";"91 555";"21 937";"27 562 816";"2024-09-01 23:32:54"
"2024-09-06";"Unknown";"2 742 734";"122 311";"27 562 100";"2024-09-07 00:45:30"
"2024-09-02";"";"646 923";"25 969";"27 562 232";"2024-09-02 07:52:08"
"2024-09-07";"";"194 113";"53 951";"27 563 180";"2024-09-07 03:24:20"
"2024-09-08";"Tas-ix";"326 049";"7 672";"27 561 361";"2024-09-08 04:01:37"
"2024-09-05";"";"96 903";"12 369";"27 562 530";"2024-09-05 03:12:12"
"2024-09-10";"Yandex";"137 715";"65 318";"27 562 260";"2024-09-10 20:53:50"
"2024-09-06";"";"1 481 556";"143 440";"27 561 426";"2024-09-06 07:16:49"
"2024-09-05";"";"1 520 790";"210 186";"27 561 249";"2024-09-05 03:36:29"
"2024-09-03";"";"41 268";"6 028";"27 563 335";"2024-09-03 19:16:52"
"2024-09-07";"";"3 413 334";"573 426";"27 562 298";"2024-09-07 03:00:27"
"2024-09-06";"Unknown";"27 845";"16 646";"27 563 035";"2024-09-06 22:31:24"
"2024-09-08";"";"28 389";"16 314";"27 561 237";"2024-09-08 18:03:27"
"2024-09-03";"";"34 877";"2 403";"27 561 820";"2024-09-03 11:20:12"
"2024-09-05";"";"27 685";"16 007";"27 561 403";"2024-09-05 15:12:16"
"2024-09-09";"Instagram";"11 104 171";"424 827";"27 562 343";"2024-09-10 01:58:29"
"2024-09-03";"Instagram";"53 320 891";"503 922";"27 562 444";"2024-09-03 16:13:48"
"2024-09-05";"";"1 210 600";"150 099";"27 561 233";"2024-09-05 22:19:46"
"2024-09-04";"WhatsApp";"22 106 860";"29 454 556";"27 561 647";"2024-09-04 11:56:34"
"2024-09-06";"";"245 850";"838 661";"27 563 304";"2024-09-07 02:11:45"
"2024-09-09";"Instagram";"2 037 262";"216 681";"27 562 379";"2024-09-09 10:43:39"
"2024-09-06";"";"348 592 042";"3 700 178";"27 562 984";"2024-09-06 15:00:22"
"2024-09-09";"YouTube";"2 233 832";"127 229";"27 563 411";"2024-09-09 16:01:30"
"2024-09-09";"Telegram";"101 802 571";"17 571 656";"27 561 347";"2024-09-09 06:27:42"
"2024-09-07";"Telegram";"24 671 092";"2 133 688";"27 563 153";"2024-09-07 23:20:27"
"2024-09-04";"Instagram";"7 022 941";"8 561 394";"27 563 287";"2024-09-04 10:55:23"
"2024-09-06";"";"15 161 648";"1 310 432";"27 563 252";"2024-09-06 19:40:20"
"2024-09-08";"Facebook";"83 580";"77 032";"27 561 425";"2024-09-08 07:52:46"
"2024-09-08";"YouTube";"1 421 807";"224 028";"27 561 485";"2024-09-08 14:35:18"
"2024-09-02";"Yandex";"728 322";"242 546";"27 562 237";"2024-09-02 23:08:48"
"2024-09-08";"Instagram";"1 660 737";"464 673";"27 563 101";"2024-09-08 21:30:14"
"2024-09-04";"";"156 589";"9 675";"27 563 193";"2024-09-04 19:04:42"
"2024-09-05";"Instagram";"225 157";"52 586";"27 563 124";"2024-09-05 18:03:17"
"2024-09-10";"";"2 955 923";"201 875";"27 562 708";"2024-09-11 01:58:17"
"2024-09-05";"";"951 082";"102 017";"27 562 466";"2024-09-05 06:39:30"
"2024-09-02";"";"32 543";"6 920";"27 561 218";"2024-09-02 10:43:34"
"2024-09-04";"YouTube";"57 379";"19 493";"27 562 894";"2024-09-04 03:12:48"
"2024-09-10";"Instagram";"6 912 878";"7 371 552";"27 561 698";"2024-09-10 17:50:44"
"2024-09-06";"";"2 250 690";"51 387";"27 563 058";"2024-09-07 00:57:40"
"2024-09-03";"";"17 450 314";"815 117";"27 562 775";"2024-09-03 18:51:14"
"2024-09-09";"Instagram";"23 231 883";"560 397";"27 562 243";"2024-09-09 03:00:22"
"2024-09-06";"";"538 720";"14 186";"27 562 508";"2024-09-06 21:06:09"
"2024-09-05";"";"196 445";"784 741";"27 562 202";"2024-09-05 21:06:31"
"2024-09-04";"PUBG";"223 840";"18 963";"27 562 100";"2024-09-04 22:43:28"
"2024-09-04";"";"795 066";"195 699";"27 562 427";"2024-09-05 00:45:07"
"2024-09-08";"";"818 010";"299 122";"27 562 273";"2024-09-08 07:52:11"
"2024-09-02";"";"59 805";"2 854";"27 561 582";"2024-09-02 22:19:26"
"2024-09-06";"";"828 362";"621 546";"27 562 849";"2024-09-06 23:08:39"
"2024-09-08";"Instagram";"77 949";"8 585";"27 561 820";"2024-09-08 17:14:25"
"2024-09-02";"Facebook";"258 998";"25 760";"27 562 629";"2024-09-03 01:58:27"
"2024-09-05";"";"40 187";"2 638";"27 561 752";"2024-09-05 12:45:08"
"2024-09-04";"";"55 202";"14 476";"27 562 425";"2024-09-04 09:18:36"
"2024-09-06";"";"82 975";"3 757";"27 562 956";"2024-09-06 23:32:27"
"2024-09-09";"Facebook";"27 341 835";"1 342 285";"27 561 460";"2024-09-09 19:40:41"
"2024-09-08";"";"44 943";"3 996";"27 561 224";"2024-09-08 06:39:09"
"2024-09-04";"";"7 820 141";"3 887 796";"27 563 219";"2024-09-04 20:17:19"
"2024-09-01";"";"69 716";"5 346";"27 562 916";"2024-09-01 17:02:30"
"2024-09-03";"Instagram";"53 835 448";"1 317 506";"27 562 760";"2024-09-03 21:54:09"
"2024-09-06";"";"354 289";"24 396";"27 563 336";"2024-09-06 16:25:06"
"2024-09-09";"WhatsApp";"1 066 783";"857 583";"27 562 393";"2024-09-10 01:46:43"
"2024-09-07";"";"26 657";"8 234";"27 562 024";"2024-09-07 22:31:48"
"2024-09-10";"YouTube";"3 940 987";"331 985";"27 561 997";"2024-09-10 15:12:09"
"2024-09-04";"";"26 781";"6 066";"27 562 968";"2024-09-04 18:27:28"
"2024-09-05";"";"26 296";"32 703";"27 561 802";"2024-09-05 10:19:49"
"2024-09-02";"";"155 198";"6 200";"27 563 020";"2024-09-03 01:58:53"
"2024-09-04";"";"56 018 280";"967 537";"27 562 722";"2024-09-04 04:37:38"
"2024-09-10";"Facebook";"334 511";"7 332";"27 562 511";"2024-09-10 14:23:58"
"2024-09-05";"";"259 778";"232 460";"27 562 240";"2024-09-06 01:58:02"
"2024-09-02";"";"652 605";"36 947";"27 563 184";"2024-09-02 11:32:55"
"2024-09-05";"Facebook";"44 596";"2 981";"27 562 041";"2024-09-05 12:57:55"
"2024-09-08";"";"46 203";"7 006";"27 561 491";"2024-09-08 04:49:52"
"2024-09-05";"Instagram";"3 133 397";"2 458 261";"27 562 197";"2024-09-05 21:18:56"
"2024-09-06";"YouTube";"4 784";"45 095";"27 562 962";"2024-09-06 10:19:18"
"2024-09-09";"Instagram";"9 345 109";"234 050";"27 562 402";"2024-09-09 18:39:31"
"2024-09-07";"YouTube";"7 258 527";"2 600 395";"27 561 838";"2024-09-07 13:22:09"
"2024-09-04";"";"34 188";"3 036";"27 562 982";"2024-09-04 03:24:12"
"2024-09-08";"Telegram";"1 620 915";"5 388 265";"27 562 490";"2024-09-08 07:40:11"
"2024-09-02";"";"494 517";"27 006";"27 563 379";"2024-09-02 06:03:55"
"2024-09-07";"Telegram";"4 260 368";"225 839";"27 563 291";"2024-09-07 10:07:42"
"2024-09-10";"";"328 674";"99 922";"27 563 460";"2024-09-10 07:16:25"
"2024-09-06";"";"582 789";"48 583";"27 561 973";"2024-09-06 07:52:13"
"2024-09-07";"YouTube";"201 929";"38 776";"27 562 969";"2024-09-07 12:45:07"
"2024-09-01";"Yandex Music";"25 664";"10 850";"27 562 361";"2024-09-01 13:34:05"
"2024-09-07";"";"166 154";"61 780";"27 561 485";"2024-09-07 09:54:59"
"2024-09-03";"Yandex";"117 347";"6 071";"27 563 152";"2024-09-03 13:58:34"
"2024-09-01";"";"29 781";"2 508";"27 561 953";"2024-09-01 12:09:22"
"2024-09-05";"YouTube";"394 221";"24 236";"27 563 223";"2024-09-05 20:17:44"
"2024-09-04";"";"33 351";"2 921";"27 561 189";"2024-09-04 11:32:02"
"2024-09-03";"YouTube";"30 163";"3 386";"27 562 120";"2024-09-04 00:09:35"
"2024-09-08";"";"28 260";"4 815";"27 561 462";"2024-09-08 06:15:30"
"2024-09-02";"";"236 863";"14 906";"27 562 696";"2024-09-02 12:09:57"
"2024-09-09";"";"309 545";"47 271";"27 561 994";"2024-09-09 11:56:28"
"2024-09-02";"YouTube";"965 612";"483 990";"27 563 263";"2024-09-02 05:02:36"
"2024-09-07";"";"33 220";"2 544";"27 563 382";"2024-09-07 07:04:57"
"2024-09-07";"Telegram";"3 785 904";"324 545";"27 562 898";"2024-09-07 20:29:04"
"2024-09-02";"Telegram";"125 740 823";"7 476 138";"27 561 243";"2024-09-02 20:41:49"
"2024-09-06";"";"834";"26 929";"27 562 593";"2024-09-06 22:43:37"
"2024-09-06";"Telegram";"676 699 640";"18 837 361";"27 561 506";"2024-09-06 12:21:50"
"2024-09-05";"";"531 787";"117 066";"27 563 271";"2024-09-05 16:13:08"
"2024-09-07";"Instagram";"99 896";"6 950";"27 561 300";"2024-09-08 01:46:48"
"2024-09-08";"";"10 013";"116 649";"27 563 140";"2024-09-08 17:02:06"
"2024-09-07";"Instagram";"1 832 585";"67 023";"27 561 821";"2024-09-07 11:08:36"
"2024-09-06";"";"33 525";"3 669";"27 562 260";"2024-09-06 21:54:11"
"2024-09-08";"";"3 944 461";"88 456";"27 562 982";"2024-09-08 08:17:09"
"2024-09-07";"";"41 012";"3 970";"27 562 668";"2024-09-07 09:42:29"
"2024-09-02";"";"176 140";"7 772";"27 562 063";"2024-09-02 03:12:39"
"2024-09-03";"";"230 882";"135 597";"27 561 433";"2024-09-04 02:59:04"
"2024-09-03";"Yandex";"1 079 672";"48 361";"27 562 156";"2024-09-03 12:33:00"
"2024-09-05";"";"23 587";"106 668";"27 563 419";"2024-09-05 10:55:42"
"2024-09-04";"Facebook";"2 519 727";"834 150";"27 562 675";"2024-09-05 00:57:58"
"2024-09-07";"Instagram";"512 270";"39 117";"27 563 182";"2024-09-07 14:47:53"
"2024-09-05";"Telegram";"14 418 854";"852 917";"27 562 311";"2024-09-05 22:31:17"
"2024-09-09";"";"2 027 738";"82 349";"27 561 908";"2024-09-09 10:07:40"
"2024-09-04";"";"313 816";"16 433";"27 563 059";"2024-09-04 12:09:02"
"2024-09-07";"Facebook";"39 058";"8 626";"27 562 234";"2024-09-07 23:44:56"
"2024-09-05";"";"221 716";"11 431";"27 561 533";"2024-09-05 14:47:51"
"2024-09-03";"";"34 970";"16 070";"27 562 396";"2024-09-03 19:40:30"
"2024-09-04";"Facebook";"566 915";"33 921";"27 562 571";"2024-09-04 23:56:08"
"2024-09-07";"";"186 865";"16 186";"27 563 326";"2024-09-07 14:11:50"
"2024-09-03";"";"156 265";"13 983";"27 563 042";"2024-09-03 19:28:22"
"2024-09-08";"";"23 810";"47 756";"27 563 304";"2024-09-09 01:46:55"
"2024-09-01";"";"117 113";"48 888";"27 562 547";"2024-09-01 20:41:40"
"2024-09-07";"";"2 685 882";"109 102";"27 562 326";"2024-09-07 19:04:49"
"2024-09-06";"";"25 705";"14 398";"27 562 025";"2024-09-07 02:23:41"
"2024-09-05";"";"25 882";"12 722";"27 563 154";"2024-09-05 15:24:26"
"2024-09-05";"";"40 547";"42 952";"27 561 733";"2024-09-05 06:39:54"
"2024-09-04";"";"7 283 845";"281 049";"27 561 201";"2024-09-05 01:34:48"
"2024-09-02";"";"82 391";"144 092";"27 562 150";"2024-09-02 22:43:44"
"2024-09-09";"";"235 056";"72 102";"27 562 656";"2024-09-09 09:18:11"
"2024-09-09";"";"459 654";"132 357";"27 562 841";"2024-09-09 06:51:40"
"2024-09-03";"Yandex";"8 656 573";"440 787";"27 562 684";"2024-09-03 19:40:13"
"2024-09-10";"";"3 915 866";"145 915";"27 562 156";"2024-09-11 00:21:57"
"2024-09-02";"";"91 603";"68 444";"27 563 048";"2024-09-02 18:27:40"
"2024-09-06";"";"97 370";"114 314";"27 563 171";"2024-09-06 07:04:16"
"2024-09-06";"Facebook";"59 126";"20 822";"27 562 622";"2024-09-06 07:28:19"
"2024-09-03";"";"604 293";"84 423";"27 562 653";"2024-09-03 15:36:47"
"2024-09-04";"Facebook";"2 125 093";"1 054 969";"27 562 041";"2024-09-04 17:02:00"
"2024-09-02";"YouTube";"60 973";"5 536";"27 562 689";"2024-09-02 08:29:05"
"2024-09-01";"TikTok";"50 383";"1 002 799";"27 561 556";"2024-09-01 17:02:31"
"2024-09-03";"YouTube";"496 862";"222 645";"27 563 061";"2024-09-03 14:47:55"
"2024-09-10";"";"246 253";"25 664";"27 561 802";"2024-09-11 00:57:19"
"2024-09-10";"";"3 999";"25 733";"27 562 515";"2024-09-10 23:32:57"
"2024-09-06";"";"1 143 836";"196 038";"27 562 847";"2024-09-06 05:14:18"
"2024-09-06";"";"517 481";"27 352";"27 561 381";"2024-09-06 12:33:48"
"2024-09-02";"Instagram";"223 576";"48 700";"27 562 009";"2024-09-02 23:56:22"
"2024-09-03";"";"100 985";"12 127";"27 562 022";"2024-09-03 03:12:51"
"2024-09-08";"YouTube";"518 208";"5 892 675";"27 561 596";"2024-09-08 06:03:28"
"2024-09-02";"";"140 589";"557 518";"27 562 859";"2024-09-02 22:07:21"
"2024-09-05";"Facebook";"123 833";"13 937";"27 562 825";"2024-09-05 13:10:57"
"2024-09-10";"";"66 413";"7 461";"27 561 815";"2024-09-10 05:14:18"
"2024-09-10";"";"1 061 789";"87 983";"27 561 312";"2024-09-10 07:52:37"
"2024-09-09";"";"29 620";"3 826";"27 562 873";"2024-09-09 17:26:34"
"2024-09-10";"";"129 574";"10 425";"27 562 613";"2024-09-10 10:19:19"
"2024-09-06";"Telegram";"88 403 633";"4 000 522";"27 562 931";"2024-09-06 06:15:41"
"2024-09-08";"";"65 839";"5 118";"27 563 291";"2024-09-08 16:37:49"
"2024-09-10";"";"34 688";"1 241";"27 561 697";"2024-09-10 04:49:59"
"2024-09-05";"";"348 417";"16 844";"27 561 227";"2024-09-05 08:41:52"
"2024-09-10";"";"553 453";"270 021";"27 562 601";"2024-09-10 13:34:14"
"2024-09-10";"";"0";"33 516";"27 563 473";"2024-09-10 15:36:35"
"2024-09-01";"Instagram";"291 182";"123 074";"27 562 515";"2024-09-01 19:16:02"
"2024-09-05";"Tas-ix";"212 992";"12 828";"27 563 088";"2024-09-05 07:40:38"
"2024-09-01";"WhatsApp";"941 397";"1 352 654";"27 562 762";"2024-09-01 14:11:20"
"2024-09-10";"";"121 943";"186 604";"27 561 366";"2024-09-10 06:27:25"
"2024-09-07";"";"57 407 156";"25 956 451";"27 563 244";"2024-09-07 18:27:56"
"2024-09-05";"";"83 208";"34 683";"27 562 608";"2024-09-05 06:51:38"
"2024-09-04";"";"16 369";"45 935";"27 563 284";"2024-09-04 03:24:23"
"2024-09-05";"PUBG";"902 319";"40 643";"27 563 174";"2024-09-05 05:02:09"
"2024-09-09";"YouTube";"1 067 182";"115 096";"27 561 862";"2024-09-09 17:38:02"
"2024-09-06";"";"287 417";"426 365";"27 562 100";"2024-09-07 01:22:57"
"2024-09-02";"WhatsApp";"95 258";"25 826";"27 562 107";"2024-09-02 07:04:10"
"2024-09-02";"";"35 148";"2 242";"27 561 908";"2024-09-03 01:10:13"
"2024-09-02";"";"1 230 589";"524 862";"27 563 093";"2024-09-02 22:31:34"
"2024-09-07";"";"34 126";"3 299";"27 563 147";"2024-09-07 12:45:14"
"2024-09-05";"";"8 967";"63 008";"27 563 165";"2024-09-06 02:35:59"
"2024-09-03";"TikTok";"6 334";"90 049";"27 563 338";"2024-09-04 02:23:03"
"2024-09-03";"";"554 363";"92 878";"27 562 719";"2024-09-03 12:21:52"
"2024-09-08";"YouTube";"310 415";"50 180";"27 562 842";"2024-09-08 22:55:05"
"2024-09-06";"";"32 428";"5 692";"27 563 096";"2024-09-06 11:20:21"
"2024-09-07";"";"175 356";"16 376";"27 563 082";"2024-09-07 23:32:57"
"2024-09-05";"Telegram";"4 907 881";"344 189";"27 562 710";"2024-09-05 09:30:20"
"2024-09-08";"YouTube";"17 539 251";"875 086";"27 562 607";"2024-09-08 04:37:03"
"2024-09-09";"Unknown";"130 243";"45 329";"27 561 420";"2024-09-09 15:12:15"
"2024-09-07";"Telegram";"95 672 165";"5 961 140";"27 562 420";"2024-09-07 04:25:53"
"2024-09-07";"Instagram";"1 747 335";"224 049";"27 562 675";"2024-09-07 03:24:33"
"2024-09-09";"WhatsApp";"45 302";"10 143";"27 561 936";"2024-09-09 08:05:14"
"2024-09-02";"";"900";"47 565";"27 563 042";"2024-09-02 12:45:04"
"2024-09-05";"";"355 275";"222 711";"27 561 796";"2024-09-05 21:06:19"
"2024-09-07";"TikTok";"70 534";"512 372";"27 561 776";"2024-09-07 21:06:09"
"2024-09-01";"Telegram";"1 904 774";"506 028";"27 561 708";"2024-09-01 05:02:48"
"2024-09-01";"Unknown";"7 127";"32 801";"27 561 172";"2024-09-01 19:28:39"
"2024-09-07";"YouTube";"21 711";"170 322";"27 562 033";"2024-09-07 12:33:00"
"2024-09-03";"";"75 195";"7 528";"27 562 563";"2024-09-03 22:43:47"
"2024-09-01";"";"45 298";"9 860";"27 562 704";"2024-09-01 09:18:11"
"2024-09-08";"Facebook";"113 095";"26 378";"27 561 762";"2024-09-08 12:33:14"
"2024-09-04";"";"122 139";"11 071";"27 562 757";"2024-09-04 13:10:12"
"2024-09-04";"Unknown";"523 962";"267 224";"27 562 721";"2024-09-04 05:26:51"
"2024-09-03";"";"69 366";"2 163";"27 562 127";"2024-09-03 12:09:55"
"2024-09-02";"";"79 701";"8 185";"27 563 165";"2024-09-03 01:46:38"
"2024-09-06";"";"803 050";"20 706";"27 562 096";"2024-09-06 07:16:17"
"2024-09-08";"";"8 953 741";"390 883";"27 562 402";"2024-09-08 11:44:26"
"2024-09-01";"";"20 856 384";"1 729 818";"27 563 268";"2024-09-01 21:42:22"
"2024-09-03";"";"43 451";"30 643";"27 562 087";"2024-09-03 09:54:20"
"2024-09-07";"";"31 035";"19 935";"27 562 866";"2024-09-07 21:30:29"
"2024-09-07";"Instagram";"3 888 829";"4 702 395";"27 562 540";"2024-09-07 19:04:52"
"2024-09-08";"YouTube";"948 650";"68 156";"27 561 805";"2024-09-09 01:46:28"
"2024-09-03";"";"335 041";"34 615";"27 563 075";"2024-09-03 11:56:36"
"2024-09-09";"YouTube";"1 179 571";"1 565 124";"27 562 243";"2024-09-09 10:55:26"
"2024-09-03";"";"94 393";"423 994";"27 561 454";"2024-09-03 14:47:23"
"2024-09-08";"";"283 162";"15 465";"27 563 447";"2024-09-08 22:07:46"
"2024-09-10";"YouTube";"1 863 156";"539 582";"27 563 316";"2024-09-10 05:38:27"
"2024-09-02";"";"68 168";"3 818";"27 562 398";"2024-09-02 13:46:59"
"2024-09-03";"";"2 740";"32 840";"27 562 200";"2024-09-03 15:00:55"
"2024-09-06";"YouTube";"6 563 816";"2 081 292";"27 562 143";"2024-09-06 23:08:51"
"2024-09-03";"";"214 687";"14 214";"27 562 033";"2024-09-03 16:01:09"
"2024-09-06";"";"261 649";"33 049";"27 562 087";"2024-09-06 05:38:06"
"2024-09-09";"Yandex";"531 501";"283 585";"27 561 433";"2024-09-10 01:46:50"
"2024-09-01";"Telegram";"539 220";"61 679";"27 563 379";"2024-09-01 14:59:08"
"2024-09-03";"Yandex";"43 789";"3 695";"27 563 285";"2024-09-03 15:24:54"
"2024-09-08";"";"596 587";"54 538";"27 562 615";"2024-09-08 08:05:31"
"2024-09-03";"";"176 615";"19 355";"27 562 350";"2024-09-03 13:10:39"
"2024-09-10";"";"768 161";"42 741";"27 561 482";"2024-09-10 17:02:09"
"2024-09-10";"";"3 954";"40 929";"27 561 542";"2024-09-10 06:03:28"
"2024-09-07";"";"581 542";"291 862";"27 563 211";"2024-09-07 23:44:34"
"2024-09-08";"";"224 530";"19 454";"27 562 152";"2024-09-08 03:24:39"
"2024-09-03";"Facebook";"203 548";"202 705";"27 561 649";"2024-09-03 08:53:42"
"2024-09-09";"";"212 105";"27 735";"27 561 428";"2024-09-09 11:20:58"
"2024-09-04";"";"5 881 227";"659 591";"27 563 264";"2024-09-04 05:38:08"
"2024-09-03";"";"30 040";"4 301";"27 562 696";"2024-09-04 00:21:43"
"2024-09-09";"";"32 610";"7 073";"27 563 326";"2024-09-09 14:23:36"
"2024-09-03";"Tas-ix";"567 764";"3 084";"27 562 059";"2024-09-03 11:08:08"
"2024-09-07";"";"291 133";"14 431";"27 563 177";"2024-09-07 23:44:55"
"2024-09-08";"YouTube";"548 268";"219 204";"27 561 792";"2024-09-08 03:12:54"
"2024-09-01";"";"217 530";"17 225";"27 562 462";"2024-09-01 14:35:07"
"2024-09-04";"Facebook";"35 989";"47 205";"27 562 973";"2024-09-04 13:34:51"
"2024-09-05";"YouTube";"179 318";"2 856 084";"27 562 352";"2024-09-05 05:02:54"
"2024-09-06";"Telegram";"3 679 527";"262 539";"27 561 827";"2024-09-06 21:06:00"
"2024-09-01";"";"11 767";"29 123";"27 561 477";"2024-09-01 21:30:48"
"2024-09-06";"Facebook";"3 248 283";"274 384";"27 563 148";"2024-09-06 22:07:06"
"2024-09-01";"";"724 917";"222 651";"27 561 778";"2024-09-01 03:48:55"
"2024-09-07";"";"46 277";"75 735";"27 561 877";"2024-09-07 23:32:20"
"2024-09-07";"Facebook";"34 951";"3 739";"27 562 512";"2024-09-07 05:50:26"
"2024-09-04";"Instagram";"91 685";"7 492";"27 562 609";"2024-09-04 12:57:31"
"2024-09-03";"YouTube";"82 893";"27 997";"27 561 497";"2024-09-03 13:10:28"
"2024-09-04";"Unknown";"426 665";"72 447";"27 563 334";"2024-09-04 11:32:11"
"2024-09-05";"";"225 416";"22 258";"27 562 202";"2024-09-05 21:54:16"
"2024-09-05";"";"307 155 698";"38 343 693";"27 561 231";"2024-09-06 02:11:13"
"2024-09-08";"";"34 905";"3 229";"27 562 366";"2024-09-09 01:34:21"
"2024-09-02";"";"119 496";"4 871";"27 561 974";"2024-09-03 02:47:43"
"2024-09-07";"Facebook";"30 671";"17 244";"27 561 556";"2024-09-07 14:35:59"
"2024-09-02";"Tas-ix";"232 277";"11 618";"27 562 784";"2024-09-02 10:55:38"
"2024-09-03";"";"1 438 012";"50 135";"27 562 903";"2024-09-03 06:27:01"
"2024-09-09";"";"126 656";"4 381";"27 561 529";"2024-09-10 00:57:50"
"2024-09-03";"";"68 916";"103 881";"27 562 205";"2024-09-04 00:57:47"
"2024-09-06";"";"30 951";"1 796";"27 561 800";"2024-09-06 14:47:27"
"2024-09-09";"";"2 206 559";"92 441";"27 563 515";"2024-09-09 19:40:10"
"2024-09-06";"";"52 397";"70 799";"27 561 767";"2024-09-06 07:16:31"
"2024-09-05";"";"62 440";"3 892";"27 563 424";"2024-09-05 23:32:03"
"2024-09-08";"Unknown";"12 361 379";"607 671";"27 562 075";"2024-09-08 05:50:30"
"2024-09-08";"YouTube";"97 544";"4 811";"27 561 195";"2024-09-08 22:55:03"
"2024-09-04";"";"41 660";"5 200";"27 561 974";"2024-09-04 15:00:48"
"2024-09-10";"Unknown";"59 695";"5 021";"27 563 080";"2024-09-10 15:36:47"
"2024-09-02";"";"37 911";"2 136";"27 561 492";"2024-09-02 18:27:40"
"2024-09-06";"";"87 349";"12 976";"27 561 659";"2024-09-06 08:05:43"
"2024-09-10";"YouTube";"2 042 149";"776 151";"27 561 201";"2024-09-10 07:40:43"
"2024-09-05";"";"98 516";"6 698";"27 562 167";"2024-09-06 01:34:32"
"2024-09-06";"WhatsApp";"31 073";"2 965";"27 561 250";"2024-09-06 09:18:40"
"2024-09-09";"YouTube";"30 427 083";"1 361 973";"27 562 708";"2024-09-09 03:36:10"
"2024-09-07";"";"114 390";"19 637";"27 562 152";"2024-09-07 14:47:20"
"2024-09-05";"";"4 859 623";"231 537";"27 561 224";"2024-09-05 19:40:31"
"2024-09-02";"YouTube";"67 533";"19 048";"27 562 536";"2024-09-02 16:01:25"
"2024-09-09";"YouTube";"100 656";"678 220";"27 562 347";"2024-09-09 07:16:48"
"2024-09-10";"YouTube";"4 663 049";"415 421";"27 561 388";"2024-09-11 01:10:24"
"2024-09-01";"";"120 703";"3 977";"27 563 105";"2024-09-01 03:00:46"
"2024-09-06";"";"26 743";"1 321";"27 562 566";"2024-09-06 11:44:40"
"2024-09-09";"";"60 344";"16 988";"27 561 958";"2024-09-09 07:52:53"
"2024-09-06";"Instagram";"269 662";"53 190";"27 563 485";"2024-09-06 07:52:48"
"2024-09-10";"";"85 537";"150 938";"27 562 490";"2024-09-10 06:15:24"
"2024-09-08";"";"851 451";"38 453";"27 562 936";"2024-09-08 11:44:19"
"2024-09-06";"";"486 611";"94 712";"27 563 467";"2024-09-06 22:43:53"
"2024-09-08";"";"44 615";"46 008";"27 563 189";"2024-09-09 02:23:06"
"2024-09-02";"";"6 786";"56 753";"27 561 420";"2024-09-02 14:59:35"
"2024-09-08";"";"25 773";"24 541";"27 562 607";"2024-09-08 13:34:23"
"2024-09-02";"";"257 030";"11 542";"27 562 028";"2024-09-02 15:12:45"
"2024-09-06";"";"86 456";"5 541";"27 562 780";"2024-09-06 08:17:19"
"2024-09-02";"Telegram";"20 982 013";"2 492 272";"27 562 653";"2024-09-02 08:05:22"
"2024-09-03";"Instagram";"1 878 357";"983 002";"27 562 555";"2024-09-03 10:19:53"
"2024-09-04";"";"28 234 634";"1 457 425";"27 563 494";"2024-09-04 06:39:40"
"2024-09-09";"";"35 047";"1 740";"27 562 842";"2024-09-09 22:07:07"
"2024-09-05";"";"101 986";"100 790";"27 561 758";"2024-09-05 03:36:47"
"2024-09-08";"";"31 465";"3 516";"27 563 189";"2024-09-08 16:01:49"
"2024-09-07";"";"446 181";"32 025";"27 562 100";"2024-09-07 09:06:42"
"2024-09-07";"Instagram";"6 802 864";"310 897";"27 562 668";"2024-09-07 20:41:37"
"2024-09-08";"";"368 389";"729 782";"27 562 192";"2024-09-08 06:51:01"
"2024-09-02";"";"4 554 324";"117 341";"27 562 720";"2024-09-02 20:05:36"
"2024-09-03";"Yandex";"517 736";"126 688";"27 561 646";"2024-09-03 03:24:24"
"2024-09-05";"";"40 400";"10 474";"27 562 653";"2024-09-05 21:54:28"
"2024-09-06";"";"2 834 099";"1 781 896";"27 563 058";"2024-09-06 06:15:19"
"2024-09-07";"";"1 200 250";"3 914 216";"27 563 489";"2024-09-07 21:06:24"
"2024-09-05";"";"1 030 116";"146 805";"27 563 143";"2024-09-05 12:21:09"
"2024-09-08";"Telegram";"19 243 066";"1 275 438";"27 561 366";"2024-09-08 19:04:45"
"2024-09-10";"";"1 993 588";"338 444";"27 562 708";"2024-09-10 03:12:40"
"2024-09-06";"";"970 318";"31 864";"27 562 313";"2024-09-06 17:02:01"
"2024-09-09";"YouTube";"130 721";"949 802";"27 562 967";"2024-09-09 22:43:05"
"2024-09-08";"Facebook";"12 148 420";"727 194";"27 562 961";"2024-09-09 01:34:56"
"2024-09-04";"Facebook";"58 859";"4 619";"27 563 285";"2024-09-05 01:58:34"
"2024-09-02";"";"10 236";"33 703";"27 561 510";"2024-09-02 22:19:19"
"2024-09-03";"";"56 967";"12 043";"27 561 514";"2024-09-03 13:10:30"
"2024-09-09";"";"333 115";"278 467";"27 561 314";"2024-09-09 17:02:55"
"2024-09-01";"";"14 561 037";"636 311";"27 563 147";"2024-09-01 23:08:53"
"2024-09-03";"";"96 617 904";"7 050 252";"27 563 381";"2024-09-03 15:36:01"
"2024-09-06";"";"559 867";"38 894";"27 563 000";"2024-09-06 12:21:47"
"2024-09-01";"";"29 934";"16 297";"27 561 354";"2024-09-01 10:31:42"
"2024-09-04";"";"156 714";"122 007";"27 561 222";"2024-09-04 12:21:27"
"2024-09-02";"";"1 968 897";"911 708";"27 562 068";"2024-09-02 08:05:06"
"2024-09-05";"Instagram";"1 576 942";"1 383 057";"27 561 172";"2024-09-05 10:19:19"
"2024-09-01";"YouTube";"59 418 814";"4 534 620";"27 562 955";"2024-09-01 13:34:54"
"2024-09-10";"Odnoklassniki";"813 398";"40 305";"27 562 772";"2024-09-11 02:23:17"
"2024-09-04";"";"496 603";"119 807";"27 563 326";"2024-09-04 21:30:44"
"2024-09-02";"";"29 157";"8 416";"27 562 300";"2024-09-02 16:13:15"
"2024-09-09";"";"3 740 718";"773 031";"27 562 708";"2024-09-10 00:09:17"
"2024-09-01";"";"243 574";"243 479";"27 562 615";"2024-09-02 00:33:10"
"2024-09-04";"";"54 654";"11 133";"27 562 690";"2024-09-04 06:27:57"
"2024-09-07";"";"1 131 484";"116 660";"27 562 832";"2024-09-07 03:24:01"
"2024-09-07";"YouTube";"1 812 264";"662 477";"27 562 174";"2024-09-07 08:41:27"
"2024-09-02";"YouTube";"186 204 148";"15 233 009";"27 562 033";"2024-09-03 00:57:51"
"2024-09-01";"YouTube";"25 707 943";"2 496 231";"27 561 958";"2024-09-02 01:34:41"
"2024-09-08";"";"438 974";"132 759";"27 563 151";"2024-09-08 08:53:17"
"2024-09-07";"Facebook";"33 552";"13 838";"27 563 122";"2024-09-07 17:50:53"
"2024-09-02";"";"219 911 041";"17 655 428";"27 563 509";"2024-09-03 00:09:24"
"2024-09-07";"";"329 728";"16 769";"27 563 048";"2024-09-07 12:57:44"
"2024-09-05";"";"11 480";"46 812";"27 563 180";"2024-09-05 23:32:42"
"2024-09-08";"";"684 846";"1 045 859";"27 563 349";"2024-09-08 20:05:27"
"2024-09-10";"Instagram";"5 658 702";"3 849 722";"27 562 034";"2024-09-10 11:44:44"
"2024-09-05";"";"59 980";"8 707";"27 563 162";"2024-09-06 02:47:26"
"2024-09-05";"";"156 407";"59 523";"27 561 622";"2024-09-05 05:50:59"
"2024-09-02";"Telegram";"4 333 327";"384 682";"27 561 706";"2024-09-02 20:29:20"
"2024-09-06";"YouTube";"22 471 456";"772 116";"27 561 922";"2024-09-06 07:52:55"
"2024-09-05";"";"61 897";"14 717";"27 561 695";"2024-09-05 09:54:46"
"2024-09-02";"Telegram";"26 610";"3 006";"27 561 418";"2024-09-02 03:36:56"
"2024-09-09";"";"196 888";"7 542";"27 563 310";"2024-09-10 01:10:04"
"2024-09-04";"Telegram";"856 430 639";"71 073 386";"27 561 737";"2024-09-04 04:25:00"
"2024-09-04";"";"35 735";"7 711";"27 563 142";"2024-09-04 09:06:14"
"2024-09-07";"";"1 579 755";"207 052";"27 561 383";"2024-09-07 10:07:48"
"2024-09-06";"";"45 938";"3 566";"27 563 393";"2024-09-06 19:04:15"
"2024-09-04";"";"7 917";"35 484";"27 561 879";"2024-09-04 12:21:14"
"2024-09-08";"";"30 988 305";"1 856 599";"27 561 538";"2024-09-08 19:04:09"
"2024-09-07";"";"1 845 245";"195 992";"27 562 997";"2024-09-07 16:37:12"
"2024-09-03";"YouTube";"2 694 242";"1 142 204";"27 562 428";"2024-09-04 01:46:24"
"2024-09-05";"Telegram";"25 404 858";"2 918 537";"27 561 355";"2024-09-05 14:35:33"
"2024-09-06";"";"34 681";"37 226";"27 562 086";"2024-09-06 06:27:59"
"2024-09-02";"";"298 600";"71 029";"27 562 716";"2024-09-02 08:29:36"
"2024-09-07";"";"31 358";"26 686";"27 562 016";"2024-09-07 15:24:40"
"2024-09-01";"";"28 492";"2 874";"27 563 083";"2024-09-02 01:46:13"
"2024-09-03";"Facebook";"5 410 163";"217 588";"27 562 089";"2024-09-03 18:51:57"
"2024-09-07";"";"520 497";"121 346";"27 561 361";"2024-09-07 14:23:58"
"2024-09-07";"";"27 334 992";"877 304";"27 561 873";"2024-09-07 11:56:02"
"2024-09-05";"VKontakte";"40 142";"31 509";"27 561 886";"2024-09-05 14:11:56"
"2024-09-05";"YouTube";"477 197";"75 301";"27 562 317";"2024-09-05 21:18:04"
"2024-09-09";"";"113 409";"379 490";"27 562 436";"2024-09-09 14:59:08"
"2024-09-05";"";"136 322";"8 830";"27 561 454";"2024-09-05 03:12:11"
"2024-09-09";"";"37 272";"19 122";"27 561 402";"2024-09-09 21:54:23"
"2024-09-01";"";"830 139";"90 055";"27 561 662";"2024-09-01 13:34:21"
"2024-09-06";"";"32 807";"10 129";"27 562 413";"2024-09-06 03:36:09"
"2024-09-04";"";"403 523";"315 900";"27 561 649";"2024-09-05 02:23:54"
"2024-09-03";"";"0";"39 540";"27 562 090";"2024-09-03 15:00:35"
"2024-09-10";"";"31 305";"2 709";"27 562 808";"2024-09-10 09:54:40"
"2024-09-05";"WhatsApp";"401 678";"28 791";"27 562 050";"2024-09-05 08:29:44"
"2024-09-03";"YouTube";"121 810 123";"6 199 667";"27 562 034";"2024-09-03 09:30:57"
"2024-09-07";"Facebook";"110 454";"121 805";"27 563 016";"2024-09-07 14:59:42"
"2024-09-01";"Apple Music";"1 048 227";"49 932";"27 561 173";"2024-09-01 18:39:01"
"2024-09-04";"";"29 612";"4 694";"27 563 147";"2024-09-04 13:46:43"
"2024-09-10";"";"533 329";"22 530";"27 562 289";"2024-09-10 22:19:38"
"2024-09-04";"Facebook";"108 828 848";"3 111 336";"27 561 753";"2024-09-04 11:44:41"
"2024-09-06";"WhatsApp";"1 670 107";"77 986";"27 562 646";"2024-09-06 08:53:20"
"2024-09-10";"";"37 668";"38 724";"27 561 825";"2024-09-10 03:12:43"
"2024-09-07";"";"34 038";"8 755";"27 561 994";"2024-09-07 04:13:07"
"2024-09-07";"";"189 083";"82 367";"27 563 374";"2024-09-07 13:10:14"
"2024-09-05";"";"392 583";"38 349";"27 563 247";"2024-09-05 15:12:49"
"2024-09-02";"TikTok";"23 184";"331 630";"27 562 339";"2024-09-03 01:34:08"
"2024-09-04";"YouTube";"8 778 319";"434 461";"27 563 243";"2024-09-04 23:20:27"
"2024-09-04";"";"26 118";"9 942";"27 561 424";"2024-09-04 15:00:00"
"2024-09-03";"";"33 184";"4 230";"27 561 633";"2024-09-04 01:34:14"
"2024-09-01";"YouTube";"1 688 279";"826 100";"27 562 559";"2024-09-01 22:19:03"
"2024-09-09";"YouTube";"411 139";"52 158";"27 562 701";"2024-09-09 04:37:12"
"2024-09-10";"Instagram";"72 678 327";"1 638 470";"27 563 416";"2024-09-10 08:17:07"
"2024-09-03";"YouTube";"235 557";"611 912";"27 562 810";"2024-09-03 08:29:14"
"2024-09-10";"";"103 288";"46 049";"27 563 453";"2024-09-10 12:57:53"
"2024-09-03";"";"145 556";"20 363";"27 562 758";"2024-09-03 10:19:39"
"2024-09-08";"";"233 444";"57 401";"27 563 245";"2024-09-08 16:25:28"
"2024-09-04";"Instagram";"4 261 719";"2 612 761";"27 561 784";"2024-09-04 19:40:44"
"2024-09-04";"Instagram";"35 659";"2 608";"27 563 205";"2024-09-04 14:47:22"
"2024-09-04";"";"622 930";"27 679";"27 562 465";"2024-09-04 20:29:26"
"2024-09-08";"";"80 159";"112 558";"27 562 513";"2024-09-09 00:57:07"
"2024-09-02";"";"194 250";"48 731";"27 562 957";"2024-09-02 08:41:29"
"2024-09-04";"Odnoklassniki";"36 714";"5 068";"27 562 595";"2024-09-05 01:22:57"
"2024-09-05";"";"5 952 320";"217 181";"27 562 894";"2024-09-05 16:01:15"
"2024-09-09";"Instagram";"310 725 242";"11 095 405";"27 561 883";"2024-09-09 18:27:46"
"2024-09-02";"";"502 114";"228 603";"27 562 040";"2024-09-02 16:37:47"
"2024-09-04";"Unknown";"1 358 265";"968 721";"27 561 467";"2024-09-04 21:06:49"
"2024-09-05";"";"65 830";"14 974";"27 563 273";"2024-09-05 23:44:28"
"2024-09-05";"";"110 858";"25 504";"27 561 189";"2024-09-05 21:42:43"
"2024-09-10";"";"98 901";"9 324";"27 562 856";"2024-09-10 12:45:02"
"2024-09-08";"Apple Music";"58 347";"6 791";"27 561 396";"2024-09-08 05:38:51"
"2024-09-09";"";"1 030 253";"33 141";"27 563 310";"2024-09-09 05:14:13"
"2024-09-07";"";"262 409";"10 899";"27 562 984";"2024-09-07 23:08:33"
"2024-09-09";"";"96 472";"22 922";"27 561 801";"2024-09-09 21:54:53"
"2024-09-01";"";"46 972";"5 036";"27 561 831";"2024-09-01 03:48:40"
"2024-09-07";"WhatsApp";"33 897";"12 289";"27 561 327";"2024-09-07 13:46:41"
"2024-09-07";"";"153 716";"28 004";"27 562 973";"2024-09-07 19:40:17"
"2024-09-04";"";"40 118";"3 111";"27 561 763";"2024-09-04 08:29:12"
"2024-09-06";"";"55 766";"19 050";"27 563 295";"2024-09-06 11:56:28"
"2024-09-02";"Facebook";"290 436";"104 485";"27 563 359";"2024-09-02 04:01:49"
"2024-09-05";"";"40 473";"5 643";"27 561 326";"2024-09-05 15:36:41"
"2024-09-05";"Telegram";"80 715";"12 472";"27 563 408";"2024-09-05 22:07:31"
"2024-09-03";"YouTube";"4 891 558";"1 763 803";"27 562 720";"2024-09-03 20:41:13"
"2024-09-04";"Telegram";"19 361 057";"2 011 268";"27 563 069";"2024-09-04 16:25:03"
"2024-09-06";"";"121 793";"401 621";"27 563 005";"2024-09-07 01:34:14"
"2024-09-07";"";"39 310";"1 762";"27 561 884";"2024-09-07 11:32:50"
"2024-09-10";"";"173 571";"6 421";"27 562 313";"2024-09-10 19:52:59"
"2024-09-09";"";"64 140";"46 377";"27 562 069";"2024-09-10 00:57:25"
"2024-09-10";"Instagram";"7 668 064";"1 721 062";"27 563 081";"2024-09-10 17:26:51"
"2024-09-02";"";"320 146";"43 383";"27 563 409";"2024-09-02 04:49:35"
"2024-09-04";"Facebook";"123 450";"11 319";"27 562 706";"2024-09-04 12:09:27"
"2024-09-06";"";"72 131";"12 905";"27 561 295";"2024-09-06 07:16:10"
"2024-09-07";"";"25 968";"23 265";"27 562 002";"2024-09-07 12:33:12"
"2024-09-02";"";"26 693";"4 282";"27 561 611";"2024-09-02 18:15:09"
"2024-09-09";"";"43 634";"3 917";"27 562 878";"2024-09-09 10:31:55"
"2024-09-08";"";"454 787";"462 063";"27 563 058";"2024-09-08 05:50:48"
"2024-09-06";"Apple Music";"55 473";"15 149";"27 562 291";"2024-09-06 17:02:46"
"2024-09-10";"Telegram";"97 859";"6 357";"27 563 143";"2024-09-10 11:56:22"
"2024-09-01";"";"27 957";"13 692";"27 562 858";"2024-09-01 12:09:56"
"2024-09-09";"";"680 238";"20 533";"27 563 180";"2024-09-09 22:31:47"
"2024-09-07";"";"5 160 750";"205 239";"27 562 692";"2024-09-08 00:09:19"
"2024-09-04";"";"157 733";"27 255";"27 562 733";"2024-09-04 23:08:49"
"2024-09-04";"TikTok";"7 253";"116 861";"27 563 420";"2024-09-04 13:34:41"
"2024-09-02";"";"43 633";"27 319";"27 561 730";"2024-09-02 11:32:49"
"2024-09-08";"";"715 261";"39 423";"27 562 232";"2024-09-08 07:04:46"
"2024-09-07";"";"38 091";"1 650";"27 562 041";"2024-09-08 00:21:37"
"2024-09-08";"";"29 932";"2 699";"27 562 445";"2024-09-08 18:51:26"
"2024-09-08";"";"10 496";"38 578";"27 563 393";"2024-09-08 21:54:10"
"2024-09-01";"Facebook";"147 047";"112 606";"27 562 672";"2024-09-02 00:33:16"
"2024-09-02";"Unknown";"2 607 342";"235 229";"27 561 725";"2024-09-02 14:11:45"
"2024-09-07";"";"63 569";"19 074";"27 562 527";"2024-09-07 14:23:46"
"2024-09-03";"";"35 022";"1 807";"27 561 872";"2024-09-03 16:49:08"
"2024-09-03";"Facebook";"199 309";"21 709";"27 562 641";"2024-09-03 05:38:50"
"2024-09-07";"";"26 913";"14 359";"27 562 865";"2024-09-07 19:52:52"
"2024-09-05";"";"2 738 061";"102 042";"27 562 590";"2024-09-05 18:03:21"
"2024-09-02";"";"51 647";"7 913";"27 561 552";"2024-09-02 19:40:55"
"2024-09-06";"Instagram";"819 014";"149 076";"27 561 410";"2024-09-06 05:50:20"
"2024-09-06";"";"83 773";"6 406";"27 563 336";"2024-09-06 14:59:01"
"2024-09-09";"";"686 112";"51 963";"27 562 950";"2024-09-09 06:15:00"
"2024-09-09";"Instagram";"50 915 222";"1 705 283";"27 562 073";"2024-09-09 04:25:05"
"2024-09-06";"PUBG";"347 051";"17 161";"27 562 490";"2024-09-06 15:12:42"
"2024-09-02";"";"407 306 050";"23 255 601";"27 563 507";"2024-09-02 22:31:16"
"2024-09-02";"";"28 668";"23 641";"27 561 575";"2024-09-02 16:49:43"
"2024-09-05";"";"279 464";"19 968";"27 562 639";"2024-09-05 11:32:54"
"2024-09-07";"";"69 055";"19 339";"27 561 762";"2024-09-07 05:14:43"
"2024-09-06";"";"1 505 694";"103 279";"27 561 552";"2024-09-06 16:13:09"
"2024-09-10";"Odnoklassniki";"26 647";"4 416";"27 561 674";"2024-09-10 10:43:10"
"2024-09-09";"";"56 907";"2 889";"27 562 242";"2024-09-09 15:36:57"
"2024-09-05";"";"34 264 692";"1 354 044";"27 562 398";"2024-09-05 03:36:27"
"2024-09-05";"Facebook";"82 387";"46 817";"27 561 760";"2024-09-05 15:24:32"
"2024-09-09";"";"65 731";"5 818";"27 563 266";"2024-09-09 08:29:55"
"2024-09-03";"";"55 402";"7 533";"27 562 672";"2024-09-03 10:55:29"
"2024-09-06";"";"32 817";"3 498";"27 562 089";"2024-09-06 06:15:03"
"2024-09-05";"";"942 642";"47 076";"27 562 223";"2024-09-05 09:18:57"
"2024-09-03";"";"72 514";"19 125";"27 562 660";"2024-09-03 10:19:16"
"2024-09-05";"";"1 308 691";"43 085";"27 562 778";"2024-09-05 03:36:17"
"2024-09-04";"Telegram";"15 567 983";"738 922";"27 562 878";"2024-09-04 12:45:49"
"2024-09-06";"";"30 141";"1 924";"27 562 537";"2024-09-06 04:25:20"
"2024-09-06";"";"123 514";"14 309";"27 562 142";"2024-09-06 18:03:58"
"2024-09-01";"";"30 066";"2 425";"27 561 341";"2024-09-01 22:31:24"
"2024-09-05";"";"300 239";"267 930";"27 561 924";"2024-09-05 20:29:41"
"2024-09-10";"Facebook";"126 952";"11 742";"27 562 505";"2024-09-11 01:34:06"
"2024-09-06";"Facebook";"71 251";"3 152";"27 561 540";"2024-09-06 06:03:24"
"2024-09-08";"";"476 937";"53 888";"27 562 511";"2024-09-08 20:05:28"
"2024-09-04";"YouTube";"3 179 920";"223 439";"27 563 223";"2024-09-04 18:39:13"
"2024-09-02";"Instagram";"140 776";"8 234";"27 563 300";"2024-09-02 21:30:50"
"2024-09-05";"";"52 712";"46 528";"27 563 258";"2024-09-05 03:00:32"
"2024-09-04";"";"13 879";"53 685";"27 563 000";"2024-09-04 07:04:15"
"2024-09-08";"Yandex";"6 712 909";"760 429";"27 561 201";"2024-09-08 05:38:33"
"2024-09-08";"Facebook";"3 086 516";"157 957";"27 562 343";"2024-09-08 12:33:44"
"2024-09-08";"YouTube";"3 595 883";"216 602";"27 563 084";"2024-09-08 16:25:24"
"2024-09-10";"";"129 238";"11 120";"27 562 096";"2024-09-10 09:18:23"
"2024-09-05";"";"349 815";"224 109";"27 563 426";"2024-09-05 15:24:39"
"2024-09-04";"PUBG";"3 537 541";"200 916";"27 562 436";"2024-09-04 04:37:04"
"2024-09-08";"YouTube";"321 029";"39 996";"27 562 560";"2024-09-08 20:05:10"
"2024-09-06";"";"2 727 026";"125 073";"27 562 167";"2024-09-06 14:59:20"
"2024-09-05";"Apple Music";"132 728";"36 177";"27 563 384";"2024-09-05 20:05:09"
"2024-09-03";"";"27 690";"13 001";"27 562 720";"2024-09-03 14:11:46"
"2024-09-09";"";"34 812";"18 834";"27 562 364";"2024-09-09 09:06:56"
"2024-09-02";"";"79 980";"5 106";"27 561 354";"2024-09-02 09:06:10"
"2024-09-02";"";"312 322";"26 643";"27 562 107";"2024-09-02 16:25:29"
"2024-09-08";"YouTube";"2 820 434";"207 182";"27 563 100";"2024-09-08 19:16:36"
"2024-09-06";"";"119 989";"9 780";"27 563 224";"2024-09-06 04:49:37"
"2024-09-08";"";"46 293 042";"2 500 505";"27 563 035";"2024-09-08 14:47:15"
"2024-09-07";"Instagram";"29 177 555";"856 563";"27 563 217";"2024-09-07 17:38:41"
"2024-09-07";"";"27 000";"16 043";"27 562 322";"2024-09-07 14:23:10"
"2024-09-01";"Facebook";"487 250";"40 326";"27 563 081";"2024-09-01 11:56:55"
"2024-09-05";"";"1 994 455";"90 605";"27 561 715";"2024-09-05 15:00:30"
"2024-09-06";"WhatsApp";"566 791";"113 781";"27 561 658";"2024-09-06 07:52:25"
"2024-09-07";"YouTube";"358 001";"3 020 286";"27 563 063";"2024-09-08 02:47:02"
"2024-09-07";"";"65 107";"4 785";"27 562 808";"2024-09-07 07:52:38"
"2024-09-01";"";"26 583";"9 041";"27 561 215";"2024-09-01 11:44:56"
"2024-09-02";"";"780 628";"28 847";"27 561 262";"2024-09-02 06:15:54"
"2024-09-01";"";"126 452 564";"6 545 375";"27 561 884";"2024-09-01 22:19:19"
"2024-09-06";"";"18 153 192";"744 279";"27 562 863";"2024-09-06 18:51:34"
"2024-09-01";"";"44 168";"12 922";"27 562 200";"2024-09-01 21:30:30"
"2024-09-06";"";"166 184";"37 381";"27 563 182";"2024-09-07 00:45:55"
"2024-09-04";"";"31 492";"12 820";"27 562 330";"2024-09-04 11:32:23"
"2024-09-02";"Telegram";"3 585 513";"229 272";"27 562 436";"2024-09-02 12:45:47"
"2024-09-01";"";"66 736";"2 993";"27 561 547";"2024-09-01 12:09:37"
"2024-09-04";"";"325 228";"6 268 329";"27 562 595";"2024-09-04 16:37:55"
"2024-09-07";"YouTube";"2 254 392";"182 663";"27 562 428";"2024-09-08 02:35:10"
"2024-09-03";"";"109 683";"78 126";"27 562 317";"2024-09-03 12:09:18"
"2024-09-07";"";"87 034";"10 003";"27 563 424";"2024-09-07 08:17:10"
"2024-09-07";"";"93 967";"95 598";"27 562 957";"2024-09-07 16:25:35"
"2024-09-03";"";"30 247";"2 808";"27 562 968";"2024-09-03 10:55:30"
"2024-09-04";"";"38 273";"6 120";"27 561 830";"2024-09-04 20:53:23"
"2024-09-05";"";"108 159";"330 135";"27 562 588";"2024-09-05 09:54:02"
"2024-09-04";"";"42 980";"4 045";"27 561 482";"2024-09-04 12:45:50"
"2024-09-01";"Instagram";"1 375 425";"125 934";"27 562 127";"2024-09-01 18:39:13"
"2024-09-08";"Tas-ix";"277 084";"28 647";"27 561 649";"2024-09-08 22:31:57"
"2024-09-06";"";"56 663";"6 312";"27 561 650";"2024-09-07 02:35:29"
"2024-09-08";"";"330 215";"16 118";"27 561 830";"2024-09-08 16:13:43"
"2024-09-02";"";"27 376";"34 836";"27 562 812";"2024-09-02 07:52:22"
"2024-09-05";"";"1 065 538";"128 346";"27 561 760";"2024-09-05 07:04:58"
"2024-09-03";"YouTube";"868 384";"7 102 854";"27 561 956";"2024-09-04 01:58:32"
"2024-09-09";"";"48 731";"3 164";"27 563 022";"2024-09-09 10:55:38"
"2024-09-01";"";"69 003";"4 135";"27 561 752";"2024-09-01 13:58:11"
"2024-09-05";"";"26 593";"1 684";"27 562 897";"2024-09-05 08:17:42"
"2024-09-04";"Telegram";"3 618 358";"214 736";"27 563 112";"2024-09-04 09:54:50"
"2024-09-03";"Telegram";"244 692";"23 695";"27 561 303";"2024-09-03 22:07:43"
"2024-09-04";"";"52 950";"233 647";"27 563 171";"2024-09-04 16:37:45"
"2024-09-09";"";"61 431";"13 894";"27 563 191";"2024-09-09 16:25:33"
"2024-09-06";"";"397 969";"44 711";"27 561 293";"2024-09-06 03:00:46"
"2024-09-06";"";"79 491";"4 701";"27 563 169";"2024-09-06 03:12:01"
"2024-09-06";"Facebook";"717 838";"687 249";"27 562 864";"2024-09-06 10:07:10"
"2024-09-07";"";"1 017 829";"241 407";"27 562 261";"2024-09-07 07:16:52"
"2024-09-01";"";"46 998";"3 429";"27 562 436";"2024-09-01 06:27:24"
"2024-09-07";"";"38 938";"3 748";"27 562 646";"2024-09-07 17:26:06"
"2024-09-03";"";"292 652";"15 731";"27 562 427";"2024-09-03 10:43:23"
"2024-09-03";"";"631 034";"115 491";"27 563 216";"2024-09-03 08:05:25"
"2024-09-04";"";"2 135 982";"286 420";"27 561 294";"2024-09-04 13:22:44"
"2024-09-04";"YouTube";"52 453 817";"2 893 121";"27 562 890";"2024-09-04 13:58:29"
"2024-09-02";"";"132 533";"12 340";"27 561 974";"2024-09-02 12:33:08"
"2024-09-04";"";"1 225 432";"118 026";"27 561 958";"2024-09-04 13:58:54"
"2024-09-02";"";"135 990";"5 274";"27 562 615";"2024-09-02 03:24:32"
"2024-09-03";"";"3 398";"27 977";"27 562 642";"2024-09-03 10:55:13"
"2024-09-06";"";"28 748";"18 635";"27 561 369";"2024-09-06 10:43:53"
"2024-09-04";"";"26 922";"6 006";"27 561 339";"2024-09-04 03:48:29"
"2024-09-04";"YouTube";"979 720";"95 868";"27 561 414";"2024-09-04 07:28:15"
"2024-09-07";"";"50 818";"185 204";"27 562 366";"2024-09-07 09:42:20"
"2024-09-08";"Unknown";"41 667 712";"9 736 874";"27 563 187";"2024-09-08 21:06:25"
"2024-09-08";"Telegram";"28 012 780";"4 385 366";"27 563 481";"2024-09-08 21:06:41"
"2024-09-08";"YouTube";"12 822 872";"4 196 571";"27 563 446";"2024-09-08 14:23:34"
"2024-09-08";"";"670 304";"32 825";"27 562 459";"2024-09-08 04:49:11"
"2024-09-01";"YouTube";"25 618 854";"2 567 368";"27 562 865";"2024-09-02 01:22:42"
"2024-09-09";"";"174 536";"10 233";"27 561 520";"2024-09-09 20:29:47"
"2024-09-07";"";"30 957";"24 705";"27 563 051";"2024-09-07 09:42:16"
"2024-09-08";"";"14 628";"87 888";"27 563 363";"2024-09-08 15:36:05"
"2024-09-05";"";"76 631";"17 837";"27 561 249";"2024-09-05 07:28:44"
"2024-09-10";"";"423 453";"18 018";"27 563 372";"2024-09-10 18:51:34"
"2024-09-06";"";"32 534";"2 890";"27 561 922";"2024-09-06 03:24:54"
"2024-09-04";"";"514 096";"17 945";"27 562 884";"2024-09-04 12:21:40"
"2024-09-02";"";"281 255";"47 702";"27 562 906";"2024-09-02 16:37:49"
"2024-09-08";"";"144 137 656";"8 266 928";"27 563 446";"2024-09-08 03:24:45"
"2024-09-05";"YouTube";"5 705 713";"2 559 712";"27 562 126";"2024-09-05 20:05:34"
"2024-09-08";"";"41 538";"8 853";"27 562 149";"2024-09-08 18:51:23"
"2024-09-05";"";"309 954";"51 280";"27 562 624";"2024-09-05 13:34:12"
"2024-09-04";"";"285 201";"16 521";"27 562 098";"2024-09-04 21:42:17"
"2024-09-07";"Unknown";"181 163";"74 361";"27 561 481";"2024-09-07 23:44:35"
"2024-09-08";"";"31 302";"31 185";"27 561 403";"2024-09-08 18:27:24"
"2024-09-06";"";"662 534";"36 652";"27 561 920";"2024-09-06 21:06:31"
"2024-09-10";"";"1 088 956";"62 987";"27 561 804";"2024-09-10 18:03:59"
"2024-09-06";"";"63 217";"4 759";"27 563 464";"2024-09-06 11:56:19"
"2024-09-09";"Instagram";"67 932 861";"946 148";"27 561 789";"2024-09-09 20:29:50"
"2024-09-01";"Facebook";"644 627";"285 878";"27 563 087";"2024-09-01 04:25:05"
"2024-09-06";"";"1 205 925";"135 635";"27 563 254";"2024-09-06 11:20:35"
"2024-09-07";"";"44 500";"2 324";"27 561 689";"2024-09-07 03:24:48"
"2024-09-10";"";"152 159";"6 744";"27 563 231";"2024-09-11 02:23:29"
"2024-09-01";"YouTube";"7 646 246";"713 669";"27 561 671";"2024-09-01 22:55:19"
"2024-09-09";"";"35 658";"8 499";"27 562 885";"2024-09-10 00:57:21"
"2024-09-09";"";"230 725";"33 402";"27 563 264";"2024-09-09 10:07:01"
"2024-09-10";"Telegram";"1 100 890";"91 559";"27 561 253";"2024-09-10 12:09:44"
"2024-09-07";"";"6 289";"60 031";"27 562 607";"2024-09-07 11:20:03"
"2024-09-06";"Tas-ix";"2 079 585";"194 239";"27 563 014";"2024-09-06 19:04:58"
"2024-09-08";"";"411 911";"50 398";"27 561 370";"2024-09-09 00:09:03"
"2024-09-06";"Apple Music";"887 188";"182 126";"27 562 076";"2024-09-06 21:54:13"
"2024-09-07";"";"98 021";"5 733";"27 562 571";"2024-09-07 05:14:17"
"2024-09-05";"";"41 291";"2 408";"27 563 419";"2024-09-05 22:19:16"
"2024-09-08";"";"50 781";"90 061";"27 562 438";"2024-09-08 13:22:28"
"2024-09-10";"Yandex Video";"2 385 758";"64 452";"27 561 879";"2024-09-10 05:50:22"
"2024-09-09";"";"38 654";"4 566";"27 561 988";"2024-09-09 23:20:12"
"2024-09-06";"Instagram";"62 259 639";"1 015 711";"27 563 195";"2024-09-07 01:10:53"
"2024-09-09";"";"1 945 268";"67 229";"27 561 460";"2024-09-09 04:37:24"
"2024-09-04";"";"1 516 316";"391 763";"27 562 642";"2024-09-04 10:19:00"
"2024-09-05";"Yandex";"21 834";"52 362";"27 561 651";"2024-09-05 15:36:21"
"2024-09-03";"";"32 430";"64 888";"27 561 454";"2024-09-04 01:58:13"
"2024-09-04";"Yandex";"597 268";"35 456";"27 561 845";"2024-09-04 15:24:27"
"2024-09-06";"";"66 163";"6 168";"27 563 218";"2024-09-06 22:31:03"
"2024-09-06";"";"4 510 170";"865 275";"27 563 177";"2024-09-07 00:45:54"
"2024-09-09";"";"369 870";"15 538";"27 561 199";"2024-09-09 19:28:14"
"2024-09-08";"Instagram";"169 030";"6 551";"27 562 642";"2024-09-09 00:21:15"
"2024-09-06";"";"26 121";"2 330";"27 563 311";"2024-09-06 14:11:44"
"2024-09-02";"Instagram";"18 308 434";"552 609";"27 561 552";"2024-09-02 22:43:30"
"2024-09-01";"";"107 419";"5 339";"27 561 180";"2024-09-01 09:18:47"
"2024-09-03";"";"35 793";"4 463";"27 562 317";"2024-09-03 11:56:42"
"2024-09-08";"";"34 055";"9 457";"27 561 251";"2024-09-08 03:12:15"
"2024-09-06";"";"3 697 703";"267 354";"27 563 128";"2024-09-06 20:17:50"
"2024-09-06";"";"452 220";"29 659";"27 562 608";"2024-09-06 10:19:18"
"2024-09-02";"";"25 769";"8 774";"27 561 536";"2024-09-02 10:43:45"
"2024-09-10";"";"1 591 592";"65 217";"27 561 690";"2024-09-10 20:29:08"
"2024-09-07";"";"164 117";"12 707";"27 561 828";"2024-09-07 19:04:28"
"2024-09-08";"";"532 137";"112 989";"27 562 356";"2024-09-08 09:06:31"
"2024-09-02";"TikTok";"387 280";"341 648";"27 561 592";"2024-09-02 03:48:29"
"2024-09-02";"YouTube";"1 764 738";"155 561";"27 561 520";"2024-09-02 14:59:02"
"2024-09-08";"";"33 511";"2 999";"27 562 257";"2024-09-08 09:30:05"
"2024-09-02";"";"84 552";"1 741";"27 562 251";"2024-09-02 16:13:22"
"2024-09-06";"Instagram";"1 472 406";"200 581";"27 563 162";"2024-09-06 22:07:49"
"2024-09-03";"Yandex Video";"10 612 357";"470 627";"27 562 459";"2024-09-03 03:24:09"
"2024-09-06";"YouTube";"93 895";"51 128";"27 561 499";"2024-09-06 18:03:10"
"2024-09-06";"";"2 432 785";"637 322";"27 561 888";"2024-09-06 06:27:41"
"2024-09-04";"";"73 502";"9 863";"27 561 669";"2024-09-04 16:25:53"
"2024-09-02";"";"27 111";"2 661";"27 562 793";"2024-09-02 15:12:57"
"2024-09-09";"";"19 760";"32 230";"27 561 331";"2024-09-09 09:30:39"
"2024-09-03";"";"106 511";"16 707";"27 562 646";"2024-09-03 05:38:32"
"2024-09-07";"YouTube";"5 286 774";"206 479";"27 561 243";"2024-09-07 16:13:32"
"2024-09-10";"";"29 127";"5 919";"27 563 381";"2024-09-10 09:06:50"
"2024-09-07";"";"205 818";"6 651";"27 562 717";"2024-09-08 00:09:24"
"2024-09-10";"Telegram";"464 974";"39 312";"27 563 199";"2024-09-11 01:46:02"
"2024-09-01";"";"277 451";"72 593";"27 563 388";"2024-09-01 07:04:20"
"2024-09-05";"";"3 688 319";"192 398";"27 561 745";"2024-09-05 16:37:47"
"2024-09-06";"";"902 170";"830 928";"27 562 935";"2024-09-06 13:58:50"
"2024-09-06";"";"30 907";"5 790";"27 562 232";"2024-09-06 04:37:06"
"2024-09-06";"";"712 780";"56 675";"27 561 689";"2024-09-06 18:15:14"
"2024-09-06";"";"866 443";"171 105";"27 562 552";"2024-09-06 07:28:55"
"2024-09-10";"";"26 841";"4 415";"27 563 186";"2024-09-10 11:56:12"
"2024-09-09";"Apple Music";"1 001 368";"29 575";"27 562 348";"2024-09-10 02:23:49"
"2024-09-04";"";"679 296";"610 716";"27 561 252";"2024-09-04 15:12:00"
"2024-09-04";"YouTube";"1 211 582";"278 681";"27 562 599";"2024-09-04 10:43:22"
"2024-09-01";"";"112 310";"26 339";"27 562 355";"2024-09-01 04:49:06"
"2024-09-02";"";"52 872";"5 204";"27 561 390";"2024-09-02 23:56:40"
"2024-09-03";"";"76 209";"6 448";"27 561 701";"2024-09-03 04:37:46"
"2024-09-03";"Telegram";"63 954 399";"3 361 421";"27 562 401";"2024-09-03 23:20:18"
"2024-09-05";"";"3 686 618";"155 622";"27 562 192";"2024-09-05 11:20:22"
"2024-09-07";"";"154 037";"9 920";"27 563 035";"2024-09-07 16:37:19"
"2024-09-09";"YouTube";"559 234";"72 465";"27 561 295";"2024-09-09 22:19:16"
"2024-09-02";"";"131 757";"4 938";"27 561 772";"2024-09-02 18:15:46"
"2024-09-04";"";"175 493";"10 759";"27 562 436";"2024-09-04 15:12:02"
"2024-09-04";"Telegram";"3 614 522";"177 310";"27 562 322";"2024-09-04 03:12:58"
"2024-09-03";"WhatsApp";"27 622";"39 766";"27 563 285";"2024-09-03 23:08:13"
"2024-09-02";"";"96 018";"48 379";"27 563 336";"2024-09-02 16:37:03"
"2024-09-06";"";"294 430";"52 375";"27 561 247";"2024-09-06 08:05:48"
"2024-09-04";"Facebook";"463 349";"137 284";"27 563 087";"2024-09-04 12:33:06"
"2024-09-04";"Telegram";"53 479 471";"12 460 792";"27 562 685";"2024-09-05 02:23:02"
"2024-09-04";"Unknown";"150 204";"18 279";"27 563 180";"2024-09-04 06:03:04"
"2024-09-03";"";"57 154";"4 558";"27 562 417";"2024-09-03 11:32:17"
"2024-09-07";"PUBG";"36 145";"13 356";"27 562 497";"2024-09-07 16:01:15"
"2024-09-01";"";"32 161";"3 564";"27 562 170";"2024-09-01 16:25:57"
"2024-09-05";"";"315 162";"242 404";"27 563 023";"2024-09-06 01:46:55"
"2024-09-10";"";"4 368 607";"4 616 971";"27 562 593";"2024-09-10 05:38:35"
"2024-09-07";"Facebook";"27 312";"19 676";"27 562 966";"2024-09-07 23:08:49"
"2024-09-02";"Facebook";"123 881";"12 333";"27 562 621";"2024-09-02 17:14:42"
"2024-09-04";"";"74 582";"6 708";"27 563 403";"2024-09-04 05:50:32"
"2024-09-10";"Instagram";"2 580 603";"3 697 479";"27 561 492";"2024-09-10 21:42:20"
"2024-09-07";"";"152 532";"21 015";"27 562 466";"2024-09-07 06:27:55"
"2024-09-01";"";"26 500";"6 909";"27 561 448";"2024-09-01 04:49:34"
"2024-09-10";"";"22 319";"192 274";"27 561 424";"2024-09-10 12:33:45"
"2024-09-09";"Unknown";"120 861";"11 928";"27 561 687";"2024-09-10 00:09:07"
"2024-09-01";"";"11 457 170";"202 031";"27 561 845";"2024-09-01 04:01:12"
"2024-09-05";"YouTube";"4 785 303";"378 228";"27 561 490";"2024-09-05 06:51:35"
"2024-09-07";"";"81 042 324";"4 318 260";"27 562 016";"2024-09-07 03:24:45"
"2024-09-09";"";"109 087";"7 809";"27 562 238";"2024-09-09 19:16:28"
"2024-09-03";"";"339 028";"58 928";"27 563 245";"2024-09-03 15:36:19"
"2024-09-02";"";"755 328";"128 123";"27 562 371";"2024-09-02 14:11:14"
"2024-09-09";"";"491 847";"26 096";"27 562 734";"2024-09-10 02:23:19"
"2024-09-09";"";"30 931";"10 638";"27 562 889";"2024-09-09 04:49:55"
"2024-09-06";"Instagram";"171 308 441";"1 629 241";"27 563 024";"2024-09-06 21:42:56"
"2024-09-02";"";"4 729 802";"1 318 854";"27 561 884";"2024-09-02 11:56:06"
"2024-09-04";"";"178 590";"58 414";"27 563 211";"2024-09-04 07:04:30"
"2024-09-07";"";"248 933";"243 168";"27 562 588";"2024-09-07 08:41:01"
"2024-09-06";"";"62 787";"6 906";"27 563 290";"2024-09-07 00:33:36"
"2024-09-10";"YouTube";"4 389";"33 479";"27 563 081";"2024-09-10 23:08:18"
"2024-09-01";"YouTube";"71 923";"24 350";"27 562 110";"2024-09-01 12:33:02"
"2024-09-09";"Facebook";"96 630";"7 074";"27 562 261";"2024-09-09 03:24:17"
"2024-09-05";"";"8 951 127";"341 135";"27 562 659";"2024-09-05 17:02:42"
"2024-09-04";"";"36 134";"2 733";"27 562 719";"2024-09-04 14:47:28"
"2024-09-05";"";"6 806 651";"377 731";"27 563 326";"2024-09-05 09:42:23"
"2024-09-09";"";"2 988 546";"522 563";"27 561 485";"2024-09-09 08:29:11"
"2024-09-04";"";"156 439";"174 336";"27 562 252";"2024-09-04 10:55:07"
"2024-09-08";"";"84 708 435";"9 232 438";"27 561 352";"2024-09-08 04:13:48"
"2024-09-01";"";"381 589";"23 607";"27 561 288";"2024-09-01 07:16:31"
"2024-09-09";"";"4 325";"26 810";"27 562 070";"2024-09-09 10:55:11"
"2024-09-02";"YouTube";"2 241 485";"517 709";"27 562 808";"2024-09-02 13:34:51"
"2024-09-04";"";"149 278";"17 104";"27 561 908";"2024-09-04 17:02:43"
"2024-09-01";"";"38 715";"5 321";"27 563 266";"2024-09-01 23:56:20"
"2024-09-01";"";"97 045";"15 729";"27 563 448";"2024-09-02 01:34:47"
"2024-09-01";"";"31 824";"14 295";"27 563 166";"2024-09-01 18:39:41"
"2024-09-04";"";"193 884";"769 474";"27 561 906";"2024-09-05 01:58:33"
"2024-09-05";"Instagram";"92 929";"5 905";"27 562 758";"2024-09-05 05:14:28"
"2024-09-09";"YouTube";"173 068";"88 574";"27 562 670";"2024-09-09 21:42:36"
"2024-09-06";"Instagram";"37 232 509";"1 406 977";"27 562 935";"2024-09-06 17:26:54"
"2024-09-02";"Instagram";"26 303 959";"1 026 491";"27 561 536";"2024-09-02 21:30:04"
"2024-09-09";"";"234 752";"16 247";"27 561 596";"2024-09-09 10:19:49"
"2024-09-04";"YouTube";"3 843 311";"1 155 201";"27 562 391";"2024-09-04 11:32:05"
"2024-09-03";"";"68 724";"17 805";"27 561 830";"2024-09-03 12:09:25"
"2024-09-01";"YouTube";"29 485";"21 509";"27 562 376";"2024-09-01 21:54:29"
"2024-09-07";"";"244 835";"79 451";"27 562 713";"2024-09-08 01:46:02"
"2024-09-05";"";"142 197";"51 483";"27 562 063";"2024-09-05 03:00:16"
"2024-09-08";"Instagram";"6 906 791";"1 848 490";"27 562 142";"2024-09-08 12:21:12"
"2024-09-03";"Instagram";"4 591 779";"2 704 954";"27 562 803";"2024-09-03 16:13:07"
"2024-09-06";"";"1 349 487";"62 397";"27 563 191";"2024-09-06 15:24:18"
"2024-09-10";"Yandex";"179 672";"329 382";"27 562 604";"2024-09-10 17:14:50"
"2024-09-02";"WhatsApp";"611 019";"726 084";"27 561 958";"2024-09-02 18:03:51"
"2024-09-01";"";"7 846";"41 937";"27 561 297";"2024-09-01 10:43:17"
"2024-09-05";"Facebook";"66 205";"4 247";"27 562 050";"2024-09-05 15:12:44"
"2024-09-08";"WhatsApp";"18 388 565";"872 174";"27 561 697";"2024-09-08 22:19:07"
"2024-09-10";"Telegram";"343 294";"31 880";"27 563 082";"2024-09-10 09:54:31"
"2024-09-02";"";"3 102 086";"115 259";"27 563 469";"2024-09-02 04:25:13"
"2024-09-02";"";"26 164";"6 049";"27 562 320";"2024-09-02 08:53:22"
"2024-09-01";"";"28 739";"2 614";"27 561 418";"2024-09-01 12:33:13"
"2024-09-10";"";"88 035";"43 265";"27 563 509";"2024-09-10 23:20:53"
"2024-09-04";"";"36 653";"30 290";"27 561 723";"2024-09-04 10:43:09"
"2024-09-09";"YouTube";"1 902 904";"139 890";"27 561 821";"2024-09-09 13:34:27"
"2024-09-10";"";"263 963";"113 960";"27 562 004";"2024-09-10 22:43:59"
"2024-09-01";"Facebook";"36 011";"11 200";"27 563 424";"2024-09-01 06:51:52"
"2024-09-07";"";"33 661";"14 699";"27 563 096";"2024-09-07 03:00:03"
"2024-09-01";"";"1 258 801";"284 597";"27 561 879";"2024-09-01 09:18:13"
"2024-09-02";"";"31 219";"6 862";"27 563 166";"2024-09-02 20:41:20"
"2024-09-08";"";"197 285 871";"226 403 899";"27 561 413";"2024-09-08 13:10:57"
"2024-09-05";"YouTube";"5 265 385";"267 166";"27 561 491";"2024-09-06 02:11:05"
"2024-09-09";"";"60 288";"6 699";"27 562 866";"2024-09-09 06:27:09"
"2024-09-04";"";"602 700";"134 433";"27 561 952";"2024-09-05 00:33:51"
"2024-09-09";"";"34 425";"5 879";"27 562 417";"2024-09-09 11:44:43"
"2024-09-10";"";"331 543";"64 418";"27 563 273";"2024-09-10 12:21:59"
"2024-09-06";"Instagram";"11 822";"48 946";"27 562 988";"2024-09-06 03:48:07"
"2024-09-09";"";"495 146";"21 336 064";"27 561 846";"2024-09-09 21:30:32"
"2024-09-04";"Unknown";"2 143 162";"189 390";"27 562 098";"2024-09-04 19:52:45"
"2024-09-05";"";"737 834";"44 460";"27 561 207";"2024-09-05 17:14:22"
"2024-09-04";"";"418 550";"187 525";"27 563 048";"2024-09-04 06:15:00"
"2024-09-06";"";"782 591";"26 997";"27 561 375";"2024-09-06 23:08:55"
"2024-09-01";"";"26 911";"2 067";"27 563 030";"2024-09-01 13:58:49"
"2024-09-10";"";"34 363";"2 837";"27 562 666";"2024-09-10 03:00:12"
"2024-09-10";"YouTube";"5 535 503";"1 907 132";"27 562 372";"2024-09-10 22:55:26"
"2024-09-02";"Facebook";"238 870";"25 501";"27 562 993";"2024-09-02 14:11:03"
"2024-09-03";"";"25 133";"781 928";"27 562 398";"2024-09-03 16:01:30"
"2024-09-10";"";"30 085";"2 864";"27 563 432";"2024-09-11 00:09:29"
"2024-09-02";"";"221 932";"5 394";"27 562 717";"2024-09-03 01:46:53"
"2024-09-08";"";"92 767";"7 986";"27 561 762";"2024-09-08 04:13:47"
"2024-09-09";"";"90 701";"5 411";"27 562 608";"2024-09-09 19:52:01"
"2024-09-06";"YouTube";"2 555 441";"1 096 928";"27 562 431";"2024-09-06 04:49:43"
"2024-09-05";"Yandex";"618 409";"14 923";"27 562 035";"2024-09-05 23:32:33"
"2024-09-08";"";"47 509";"1 663";"27 562 668";"2024-09-08 23:32:11"
"2024-09-10";"";"27 824";"9 683";"27 562 009";"2024-09-10 22:07:15"
"2024-09-02";"";"5 853";"40 416";"27 561 857";"2024-09-03 00:09:42"
"2024-09-05";"";"180 075";"191 557";"27 562 047";"2024-09-05 19:52:56"
"2024-09-09";"Telegram";"72 155";"3 581";"27 563 347";"2024-09-09 19:16:37"
"2024-09-02";"";"456";"65 845";"27 561 984";"2024-09-02 16:01:03"
"2024-09-07";"";"9 280 270";"589 641";"27 563 295";"2024-09-07 10:31:59"
"2024-09-04";"";"55 128 794";"3 746 733";"27 562 146";"2024-09-05 02:47:35"
"2024-09-04";"";"25 811";"38 243";"27 562 105";"2024-09-05 01:34:40"
"2024-09-01";"Facebook";"3 273 453";"98 767";"27 561 556";"2024-09-01 07:40:02"
"2024-09-09";"Yandex";"233 116";"24 126";"27 561 674";"2024-09-09 13:22:52"
"2024-09-05";"";"236 889";"20 536";"27 562 801";"2024-09-05 04:25:54"
"2024-09-06";"Instagram";"8 607 935";"1 663 683";"27 562 613";"2024-09-06 05:38:56"
"2024-09-05";"";"3 372 213";"152 252";"27 561 540";"2024-09-05 20:05:24"
"2024-09-04";"";"545 024";"22 686";"27 562 735";"2024-09-04 17:50:37"
"2024-09-03";"Tas-ix";"5 166 488";"194 868";"27 561 649";"2024-09-03 23:56:33"
"2024-09-09";"";"147 238";"10 001";"27 563 260";"2024-09-09 18:39:12"
"2024-09-05";"";"40 464";"4 806";"27 563 128";"2024-09-05 09:30:32"
"2024-09-06";"Telegram";"11 327 681";"10 822 581";"27 562 681";"2024-09-06 17:02:42"
"2024-09-02";"";"4 003 162";"152 839";"27 562 289";"2024-09-02 20:41:40"
"2024-09-10";"";"36 409";"18 671";"27 562 289";"2024-09-10 03:00:10"
"2024-09-05";"";"30 494";"6 570";"27 562 552";"2024-09-05 11:44:10"
"2024-09-06";"";"37 474";"5 500";"27 562 921";"2024-09-06 17:14:09"
"2024-09-06";"Instagram";"5 809 475";"14 041 632";"27 562 719";"2024-09-06 14:47:31"
"2024-09-10";"Instagram";"41 835 635";"1 442 917";"27 562 259";"2024-09-10 03:12:05"
"2024-09-10";"Facebook";"108 358";"36 588";"27 562 534";"2024-09-10 13:46:09"
"2024-09-05";"";"1 000 963";"95 604";"27 561 428";"2024-09-05 10:07:45"
"2024-09-08";"";"502 572";"42 104";"27 562 710";"2024-09-08 23:56:46"
"2024-09-06";"";"6 934 688";"313 837";"27 563 452";"2024-09-07 00:45:05"
"2024-09-02";"Instagram";"1 091 929";"637 868";"27 563 367";"2024-09-03 00:57:17"
"2024-09-05";"YouTube";"35 955 288";"2 403 335";"27 562 263";"2024-09-06 02:23:06"
"2024-09-02";"";"144 320";"130 544";"27 563 266";"2024-09-02 19:04:48"
"2024-09-05";"";"147 522";"32 540";"27 562 889";"2024-09-05 17:02:00"
"2024-09-03";"";"948 647";"59 153";"27 562 813";"2024-09-03 19:40:58"
"2024-09-01";"";"50 640";"112 644";"27 563 211";"2024-09-01 15:24:12"
"2024-09-06";"";"33 765";"4 120";"27 562 968";"2024-09-06 16:25:18"
"2024-09-09";"";"33 066";"5 963";"27 561 873";"2024-09-09 08:29:30"
"2024-09-02";"";"35 718";"4 927";"27 563 372";"2024-09-02 16:25:46"
"2024-09-04";"";"499 112";"26 170";"27 561 306";"2024-09-04 21:42:32"
"2024-09-05";"Instagram";"7 685 669";"1 057 093";"27 562 252";"2024-09-05 21:42:07"
"2024-09-08";"Facebook";"1 392 620";"62 064";"27 562 149";"2024-09-08 23:44:26"
"2024-09-09";"";"105 418";"8 047";"27 563 122";"2024-09-09 20:05:54"
"2024-09-04";"";"29 938";"2 863";"27 561 314";"2024-09-04 20:41:28"
"2024-09-07";"";"188 118";"14 561";"27 562 545";"2024-09-08 02:59:46"
"2024-09-10";"YouTube";"8 496 083";"2 830 522";"27 561 762";"2024-09-11 00:45:46"
"2024-09-05";"";"42 742";"4 618";"27 562 866";"2024-09-05 11:20:53"
"2024-09-06";"";"161 687";"12 019";"27 562 250";"2024-09-06 21:06:57"
"2024-09-06";"Telegram";"44 865 405";"2 941 537";"27 561 794";"2024-09-07 01:22:49"
"2024-09-05";"";"28 677";"7 922";"27 562 090";"2024-09-06 02:59:05"
"2024-09-02";"";"270 239";"18 049";"27 561 250";"2024-09-02 03:48:02"
"2024-09-10";"Facebook";"146 477";"43 677";"27 562 376";"2024-09-10 05:14:41"
"2024-09-05";"";"57 160";"3 415";"27 563 210";"2024-09-06 02:35:05"
"2024-09-03";"";"50 599";"61 600";"27 562 239";"2024-09-04 02:59:41"
"2024-09-03";"";"52 049";"9 672";"27 563 467";"2024-09-03 20:41:17"
"2024-09-07";"Yandex";"925 809";"409 897";"27 562 791";"2024-09-07 13:46:37"
"2024-09-03";"";"60 542";"35 499";"27 563 041";"2024-09-03 20:41:00"
"2024-09-10";"";"117 017";"52 856";"27 563 107";"2024-09-10 04:13:18"
"2024-09-07";"";"37 910";"2 988";"27 562 149";"2024-09-07 05:38:48"
"2024-09-04";"";"108 125";"16 247";"27 562 224";"2024-09-04 07:52:43"
"2024-09-09";"Facebook";"44 488";"13 024";"27 562 993";"2024-09-09 11:32:35"
"2024-09-07";"";"336 704";"41 990";"27 563 039";"2024-09-08 01:34:06"
"2024-09-01";"";"27 292";"1 445";"27 562 957";"2024-09-01 12:57:47"
"2024-09-05";"YouTube";"3 471 041";"354 804";"27 562 542";"2024-09-05 08:05:38"
"2024-09-09";"Facebook";"891 462";"48 035";"27 563 192";"2024-09-09 20:17:34"
"2024-09-05";"";"85 700";"12 271";"27 562 553";"2024-09-05 06:51:19"
"2024-09-03";"Instagram";"26 092 606";"572 481";"27 561 413";"2024-09-03 10:07:10"
"2024-09-04";"";"1 293 663";"158 760";"27 563 238";"2024-09-04 18:03:04"
"2024-09-04";"";"3 801 118";"158 466";"27 562 801";"2024-09-04 19:04:55"
"2024-09-06";"YouTube";"2 084 324";"145 137";"27 562 944";"2024-09-06 08:41:34"
"2024-09-03";"";"58 180";"16 302";"27 561 300";"2024-09-03 13:22:24"
"2024-09-07";"";"30 473";"18 651";"27 562 795";"2024-09-07 23:44:11"
"2024-09-01";"Instagram";"1 114 529";"1 307 594";"27 562 487";"2024-09-01 22:43:41"
"2024-09-09";"";"96 745";"24 214";"27 561 958";"2024-09-10 02:59:09"
"2024-09-09";"";"1 183 659";"72 549";"27 561 801";"2024-09-09 03:48:22"
"2024-09-06";"";"26 103";"16 157";"27 562 212";"2024-09-06 23:20:02"
"2024-09-05";"";"51 645";"8 734";"27 562 821";"2024-09-05 22:19:03"
"2024-09-05";"";"11 464 332";"262 984";"27 562 033";"2024-09-05 07:16:33"
"2024-09-08";"";"27 710";"26 545";"27 561 391";"2024-09-08 18:15:02"
"2024-09-05";"YouTube";"1 135 851";"575 755";"27 562 558";"2024-09-06 01:46:16"
"2024-09-03";"";"29 767";"18 555";"27 562 569";"2024-09-03 13:22:03"
"2024-09-09";"";"327 766";"17 936";"27 563 177";"2024-09-09 09:42:37"
"2024-09-02";"";"309 630";"61 774";"27 562 124";"2024-09-02 07:04:54"
"2024-09-05";"";"81 169";"141 521";"27 562 250";"2024-09-05 21:30:06"
"2024-09-09";"Instagram";"833 718";"29 165";"27 561 884";"2024-09-09 14:23:48"
"2024-09-04";"";"125 884";"6 676";"27 562 971";"2024-09-04 11:20:05"
"2024-09-01";"";"181 418";"20 090";"27 561 583";"2024-09-01 07:28:35"
"2024-09-09";"";"76 329";"6 154";"27 563 307";"2024-09-09 22:43:44"
"2024-09-08";"WhatsApp";"269 791";"18 031";"27 562 356";"2024-09-08 17:02:58"
"2024-09-10";"";"57 254";"22 885";"27 563 242";"2024-09-10 06:39:21"
"2024-09-07";"";"45 765";"10 755";"27 562 401";"2024-09-07 03:00:25"
"2024-09-10";"";"116 475";"13 567";"27 563 331";"2024-09-10 13:22:40"
"2024-09-09";"Telegram";"96 998";"8 058";"27 562 334";"2024-09-09 11:56:30"
"2024-09-10";"";"269 967";"43 294";"27 562 435";"2024-09-10 16:01:12"
"2024-09-10";"YouTube";"1 688 797";"215 166";"27 562 850";"2024-09-10 22:43:19"
"2024-09-09";"";"124 949";"13 708";"27 562 696";"2024-09-09 12:57:06"
"2024-09-06";"";"32 364";"6 997";"27 563 016";"2024-09-06 04:01:33"
"2024-09-01";"";"44 309";"2 653";"27 562 313";"2024-09-01 21:42:49"
"2024-09-10";"";"32 756";"5 822";"27 562 829";"2024-09-10 13:58:25"
"2024-09-09";"";"35 452";"3 532";"27 561 543";"2024-09-09 11:44:29"
"2024-09-07";"Telegram";"157 035 769";"4 881 613";"27 561 458";"2024-09-07 17:02:13"
"2024-09-10";"YouTube";"27 474";"8 304";"27 563 119";"2024-09-10 21:18:57"
"2024-09-06";"";"88 282";"8 450";"27 562 413";"2024-09-06 15:12:07"
"2024-09-10";"";"26 317";"1 273";"27 562 629";"2024-09-10 17:50:35"
"2024-09-08";"";"892 286";"32 510";"27 563 515";"2024-09-08 07:16:07"
"2024-09-05";"";"38 437";"12 555";"27 562 590";"2024-09-05 19:52:29"
"2024-09-07";"";"745 574";"988 572";"27 563 494";"2024-09-07 05:26:01"
"2024-09-01";"PUBG";"35 317";"13 817";"27 562 014";"2024-09-01 09:54:11"
"2024-09-05";"Instagram";"1 511 773";"1 347 340";"27 562 167";"2024-09-05 20:53:31"
"2024-09-05";"";"1 009 089";"96 942";"27 563 204";"2024-09-05 18:51:20"
"2024-09-03";"";"244 379";"12 132";"27 561 596";"2024-09-04 02:11:45"
"2024-09-01";"";"31 243";"9 031";"27 562 739";"2024-09-01 05:14:42"
"2024-09-03";"";"48 152";"4 747";"27 563 500";"2024-09-03 06:39:48"
"2024-09-07";"";"84 423";"5 430";"27 562 155";"2024-09-08 00:33:58"
"2024-09-10";"";"84 186";"22 553";"27 561 492";"2024-09-10 14:59:47"
"2024-09-08";"";"285 855";"28 200";"27 563 515";"2024-09-08 18:15:20"
"2024-09-03";"";"117 936";"529 479";"27 562 836";"2024-09-03 18:15:54"
"2024-09-02";"Facebook";"269 573";"15 796";"27 562 376";"2024-09-02 12:09:33"
"2024-09-10";"Instagram";"10 340 852";"7 619 410";"27 562 759";"2024-09-10 09:42:22"
"2024-09-05";"";"130 858";"196 349";"27 561 662";"2024-09-05 18:27:32"
"2024-09-08";"Telegram";"9 314 535";"4 391 543";"27 563 063";"2024-09-08 17:38:20"
"2024-09-06";"";"46 593";"56 110";"27 561 365";"2024-09-06 10:43:07"
"2024-09-10";"";"12 230 245";"388 381";"27 562 861";"2024-09-10 05:26:06"
"2024-09-02";"";"765 854";"163 383";"27 562 252";"2024-09-02 08:17:52"
"2024-09-03";"Facebook";"527 110";"42 549";"27 563 143";"2024-09-03 22:19:56"
"2024-09-08";"";"51 680";"85 646";"27 561 835";"2024-09-09 01:46:53"
"2024-09-06";"Tas-ix";"920 264";"39 455";"27 561 547";"2024-09-06 10:19:57"
"2024-09-05";"";"80 315";"9 439";"27 562 997";"2024-09-05 21:54:57"
"2024-09-06";"Instagram";"196 300";"69 947";"27 561 539";"2024-09-06 18:27:22"
"2024-09-06";"";"443 756";"41 416";"27 561 246";"2024-09-06 15:12:51"
"2024-09-10";"";"57 774";"6 005";"27 563 203";"2024-09-10 14:59:37"
"2024-09-01";"Facebook";"29 466";"19 528";"27 562 611";"2024-09-01 13:34:09"
"2024-09-02";"";"31 247";"2 667";"27 562 654";"2024-09-02 05:14:39"
"2024-09-07";"Telegram";"7 569 409";"505 798";"27 561 240";"2024-09-08 02:47:52"
"2024-09-02";"YouTube";"1 246 319";"250 022";"27 561 424";"2024-09-02 16:01:23"
"2024-09-09";"";"182 289";"4 778";"27 562 791";"2024-09-09 14:47:10"
"2024-09-06";"";"1 942 376";"1 752 816";"27 561 396";"2024-09-06 11:32:51"
"2024-09-04";"YouTube";"295 792 003";"17 642 513";"27 562 753";"2024-09-04 15:36:05"
"2024-09-09";"";"28 455";"18 373";"27 563 295";"2024-09-09 07:28:48"
"2024-09-02";"YouTube";"79 516";"59 329";"27 561 303";"2024-09-02 08:05:08"
"2024-09-02";"YouTube";"113 756";"201 352";"27 562 752";"2024-09-02 15:48:31"
"2024-09-05";"";"34 800";"7 736";"27 563 418";"2024-09-05 11:56:05"
"2024-09-10";"";"66 512";"22 392";"27 561 819";"2024-09-10 11:44:49"
"2024-09-04";"";"225 191";"466 931";"27 563 508";"2024-09-04 13:22:21"
"2024-09-03";"";"47 078";"2 625";"27 561 337";"2024-09-04 02:23:17"
"2024-09-03";"";"1 584 186";"53 684";"27 562 259";"2024-09-03 17:50:58"
"2024-09-08";"YouTube";"2 230 327";"5 606 271";"27 562 698";"2024-09-09 01:58:05"
"2024-09-06";"Facebook";"157 531";"16 764";"27 563 313";"2024-09-06 10:55:02"
"2024-09-07";"";"629 205";"43 586";"27 562 840";"2024-09-08 02:11:07"
"2024-09-02";"";"60 771";"3 043";"27 561 182";"2024-09-03 01:34:38"
"2024-09-05";"";"3 821 906";"1 940 058";"27 561 485";"2024-09-05 23:44:19"
"2024-09-09";"VKontakte";"116 855";"5 267";"27 562 837";"2024-09-09 13:22:21"
"2024-09-05";"";"191 079";"17 913";"27 562 316";"2024-09-05 03:12:49"
"2024-09-10";"Telegram";"2 466 865";"335 802";"27 563 393";"2024-09-10 22:07:06"
"2024-09-07";"Facebook";"1 354 078";"107 936";"27 563 414";"2024-09-07 09:54:40"
"2024-09-06";"Apple Music";"657 455";"166 624";"27 562 791";"2024-09-06 18:39:20"
"2024-09-04";"";"45 324";"9 733";"27 562 468";"2024-09-04 04:37:10"
"2024-09-04";"Odnoklassniki";"281 337";"113 970";"27 563 066";"2024-09-04 06:27:53"
"2024-09-02";"";"38 479";"85 629";"27 561 824";"2024-09-02 07:28:41"
"2024-09-04";"";"1 048 060";"74 346";"27 562 293";"2024-09-05 01:46:04"
"2024-09-05";"Yandex";"143 933";"8 351";"27 562 484";"2024-09-05 07:04:22"
"2024-09-03";"Telegram";"34 481";"7 118";"27 562 968";"2024-09-03 10:19:55"
"2024-09-04";"";"1 974 575";"122 046";"27 561 375";"2024-09-04 08:41:26"
"2024-09-02";"";"94 464";"25 257";"27 562 591";"2024-09-02 12:21:57"
"2024-09-06";"";"71 070";"3 066";"27 562 534";"2024-09-06 03:36:21"
"2024-09-10";"";"48 157";"42 390";"27 562 221";"2024-09-10 22:07:05"
"2024-09-06";"";"26 594";"5 397";"27 561 367";"2024-09-07 02:11:19"
"2024-09-03";"Yandex";"926 989";"496 898";"27 563 130";"2024-09-03 18:27:18"
"2024-09-01";"";"154 279";"47 756";"27 563 067";"2024-09-01 06:15:40"
"2024-09-01";"YouTube";"572 862";"59 715";"27 561 259";"2024-09-01 12:57:25"
"2024-09-03";"";"29 370";"24 329";"27 562 593";"2024-09-03 14:59:56"
"2024-09-03";"YouTube";"598 407";"81 066";"27 562 992";"2024-09-03 12:33:14"
"2024-09-08";"Instagram";"1 719 221";"279 771";"27 563 313";"2024-09-08 11:32:09"
"2024-09-05";"";"206 599";"24 374";"27 561 246";"2024-09-06 00:33:29"
"2024-09-06";"";"60 013";"90 814";"27 561 251";"2024-09-06 14:47:08"
"2024-09-07";"";"112 720";"10 245";"27 561 737";"2024-09-07 16:25:29"
"2024-09-05";"";"53 957";"4 623";"27 561 542";"2024-09-05 23:20:45"
"2024-09-07";"";"453 596";"262 645";"27 563 452";"2024-09-07 12:21:22"
"2024-09-06";"";"57 706";"28 744";"27 561 722";"2024-09-06 05:50:24"
"2024-09-07";"";"53 965";"5 317";"27 562 185";"2024-09-07 05:02:52"
"2024-09-01";"YouTube";"1 415 784";"103 520";"27 563 469";"2024-09-01 11:44:13"
"2024-09-08";"Facebook";"210 807";"61 925";"27 563 224";"2024-09-08 23:32:27"
"2024-09-02";"";"5 607";"25 840";"27 563 357";"2024-09-02 10:07:14"
"2024-09-06";"";"339 048";"74 833";"27 561 433";"2024-09-06 04:01:58"
"2024-09-02";"YouTube";"2 506 723";"136 608";"27 561 470";"2024-09-02 22:31:33"
"2024-09-07";"Yandex Video";"942 572";"5 840 493";"27 563 357";"2024-09-07 20:05:30"
"2024-09-07";"Instagram";"3 849 332";"194 858";"27 563 066";"2024-09-08 01:10:01"
"2024-09-04";"";"1 742";"45 165";"27 563 005";"2024-09-04 14:47:49"
"2024-09-02";"";"914 493";"138 658";"27 561 456";"2024-09-02 10:31:31"
"2024-09-01";"";"75 638";"48 309";"27 562 439";"2024-09-01 14:47:39"
"2024-09-08";"";"30 698";"4 750";"27 562 156";"2024-09-08 03:48:54"
"2024-09-03";"";"48 253";"4 621";"27 563 260";"2024-09-03 05:14:48"
"2024-09-06";"";"62 300";"4 858";"27 562 968";"2024-09-06 09:18:11"
"2024-09-06";"";"566 758";"10 995";"27 562 178";"2024-09-06 04:13:17"
"2024-09-03";"";"1 226 326";"349 969";"27 562 591";"2024-09-04 02:35:42"
"2024-09-05";"";"9 730 525";"281 309";"27 562 365";"2024-09-05 21:54:38"
"2024-09-03";"Instagram";"5 636 427";"156 098";"27 562 243";"2024-09-03 08:05:25"
"2024-09-05";"";"152 508";"1 027 302";"27 563 065";"2024-09-05 21:30:38"
"2024-09-03";"";"109 720";"20 394";"27 561 951";"2024-09-03 13:34:41"
"2024-09-05";"YouTube";"28 618";"27 571";"27 562 555";"2024-09-05 08:29:21"
"2024-09-07";"YouTube";"129 540";"10 119";"27 562 377";"2024-09-07 06:39:16"
"2024-09-01";"Instagram";"4 997 976";"129 660";"27 561 457";"2024-09-01 15:36:36"
"2024-09-03";"Instagram";"1 074 426";"78 382";"27 561 492";"2024-09-03 19:28:08"
"2024-09-07";"";"150 756";"29 454";"27 561 312";"2024-09-07 21:30:02"
"2024-09-08";"";"862 082";"887 583";"27 562 365";"2024-09-08 20:05:36"
"2024-09-06";"";"143 909";"13 024";"27 561 825";"2024-09-07 00:33:09"
"2024-09-02";"";"78 298";"79 008";"27 562 733";"2024-09-02 13:46:13"
"2024-09-05";"";"40 857 048";"3 281 785";"27 562 300";"2024-09-05 04:13:28"
"2024-09-07";"";"27 188";"3 573";"27 562 405";"2024-09-07 20:41:07"
"2024-09-04";"";"338 262";"19 996";"27 561 361";"2024-09-04 13:58:42"
"2024-09-09";"Facebook";"1 798 666";"111 261";"27 561 227";"2024-09-09 10:07:19"
"2024-09-07";"";"738 342";"37 423";"27 561 491";"2024-09-07 16:25:17"
"2024-09-03";"";"269 063";"104 091";"27 561 428";"2024-09-03 05:14:11"
"2024-09-07";"Telegram";"34 517";"2 645";"27 562 044";"2024-09-07 13:22:11"
"2024-09-04";"YouTube";"10 320 517";"553 738";"27 561 555";"2024-09-05 02:35:22"
"2024-09-03";"";"27 124";"12 169";"27 562 791";"2024-09-03 08:53:32"
"2024-09-04";"";"52 510";"3 613";"27 563 469";"2024-09-04 14:23:21"
"2024-09-10";"Telegram";"31 650 169";"3 647 081";"27 563 009";"2024-09-10 21:30:52"
"2024-09-09";"";"39 911";"1 771";"27 562 232";"2024-09-09 21:42:56"
"2024-09-08";"";"1 498 726";"85 841";"27 561 243";"2024-09-08 18:27:05"
"2024-09-10";"Facebook";"30 700";"2 151";"27 563 285";"2024-09-10 22:31:28"
"2024-09-03";"";"375 773";"103 762";"27 562 732";"2024-09-03 18:15:55"
"2024-09-05";"";"236 754";"10 557";"27 563 144";"2024-09-05 18:51:13"
"2024-09-03";"";"35 847";"1 580";"27 562 363";"2024-09-03 14:47:14"
"2024-09-07";"";"79 372";"14 138";"27 561 362";"2024-09-07 09:30:35"
"2024-09-03";"";"535 790";"292 087";"27 563 289";"2024-09-04 00:57:58"
"2024-09-10";"";"880 299";"44 757";"27 561 920";"2024-09-10 03:36:10"
"2024-09-06";"Telegram";"3 204 357";"260 945";"27 563 098";"2024-09-06 17:02:33"
"2024-09-03";"";"43 653";"7 314";"27 563 112";"2024-09-03 18:27:29"
"2024-09-10";"";"27 577";"4 711";"27 561 897";"2024-09-10 11:08:22"
"2024-09-10";"";"37 739";"3 469";"27 562 660";"2024-09-10 03:48:52"
"2024-09-03";"";"42 857";"3 012";"27 561 708";"2024-09-03 08:29:38"
"2024-09-07";"";"39 376 027";"1 538 600";"27 563 308";"2024-09-07 06:27:06"
"2024-09-08";"";"50 410";"158 127";"27 563 140";"2024-09-08 04:37:45"
"2024-09-07";"WhatsApp";"80 078";"8 853";"27 561 741";"2024-09-07 14:11:49"
"2024-09-05";"";"254 587";"9 018";"27 561 230";"2024-09-05 16:25:56"
"2024-09-06";"Telegram";"103 197";"7 406";"27 562 534";"2024-09-06 14:23:26"
"2024-09-10";"";"209 588";"56 833";"27 561 188";"2024-09-11 00:21:24"
"2024-09-06";"";"36 075";"17 118";"27 561 290";"2024-09-06 12:33:51"
"2024-09-10";"";"36 989 145";"3 143 177";"27 562 083";"2024-09-10 05:02:43"
"2024-09-05";"";"346 871";"20 746";"27 561 302";"2024-09-05 12:57:16"
"2024-09-03";"";"45 631 136";"3 443 165";"27 562 278";"2024-09-03 16:01:03"
"2024-09-08";"YouTube";"191 046";"1 662 419";"27 561 806";"2024-09-08 20:05:54"
"2024-09-03";"";"293 743";"686 060";"27 562 721";"2024-09-03 06:03:18"
"2024-09-03";"";"39 937";"5 546";"27 562 230";"2024-09-03 06:03:34"
"2024-09-01";"";"32 184";"8 024";"27 562 511";"2024-09-01 11:08:42"
"2024-09-07";"";"1 169 422";"181 451";"27 562 372";"2024-09-07 12:33:08"
"2024-09-03";"";"121 764";"5 579";"27 562 557";"2024-09-04 02:23:13"
"2024-09-09";"YouTube";"5 075 320";"286 686";"27 561 367";"2024-09-10 01:46:40"
"2024-09-05";"";"41 702";"12 974";"27 562 317";"2024-09-05 07:16:06"
"2024-09-09";"";"552 400";"62 393";"27 561 398";"2024-09-09 12:33:27"
"2024-09-09";"";"361 488";"294 216";"27 562 864";"2024-09-09 03:24:17"
"2024-09-10";"Instagram";"5 119 744";"1 304 967";"27 563 422";"2024-09-10 10:31:47"
"2024-09-08";"Telegram";"7 217 050";"410 948";"27 561 706";"2024-09-08 09:18:19"
"2024-09-09";"Telegram";"822 739";"81 803";"27 563 451";"2024-09-09 09:42:45"
"2024-09-10";"";"45 256";"8 042";"27 561 545";"2024-09-10 21:18:52"
"2024-09-03";"";"3 283 208";"85 038";"27 562 436";"2024-09-03 17:26:22"
"2024-09-06";"YouTube";"414 212 275";"21 715 638";"27 562 393";"2024-09-06 04:13:39"
"2024-09-08";"Unknown";"884 228";"48 983";"27 563 080";"2024-09-08 22:31:32"
"2024-09-01";"";"803 963";"177 661";"27 561 224";"2024-09-01 03:24:36"
"2024-09-04";"";"60 586";"19 450";"27 563 083";"2024-09-04 23:56:20"
"2024-09-10";"";"847 174";"23 723";"27 563 443";"2024-09-10 12:57:08"
"2024-09-05";"";"44 927";"18 861";"27 562 949";"2024-09-05 23:08:37"
"2024-09-07";"";"5 158 361";"816 524";"27 561 251";"2024-09-07 16:25:48"
"2024-09-08";"TikTok";"1 000";"66 743";"27 562 597";"2024-09-08 18:03:17"
"2024-09-01";"Yandex";"19 242";"77 105";"27 562 722";"2024-09-01 14:47:03"
"2024-09-06";"YouTube";"346 628 061";"20 332 751";"27 563 158";"2024-09-06 23:32:08"
"2024-09-03";"";"156 053";"6 250";"27 562 156";"2024-09-03 18:03:03"
"2024-09-09";"";"61 032";"6 803";"27 562 772";"2024-09-09 14:35:18"
"2024-09-04";"";"28 010";"23 592";"27 562 162";"2024-09-04 05:02:36"
"2024-09-04";"";"2 802 189";"50 103";"27 562 041";"2024-09-04 15:12:22"
"2024-09-05";"YouTube";"190 459";"1 732 480";"27 562 462";"2024-09-05 14:59:29"
"2024-09-07";"YouTube";"7 296 212";"3 852 504";"27 562 126";"2024-09-07 23:56:07"
"2024-09-08";"";"142 167";"32 077";"27 561 557";"2024-09-08 07:04:02"
"2024-09-01";"";"175 906";"111 427";"27 562 131";"2024-09-01 08:53:53"
"2024-09-10";"";"29 882";"58 581";"27 561 429";"2024-09-11 02:23:44"
"2024-09-08";"";"533 132";"96 980";"27 563 207";"2024-09-08 19:52:01"
"2024-09-09";"";"2 040 544";"295 578";"27 563 210";"2024-09-09 13:22:21"
"2024-09-05";"YouTube";"17 164 059";"1 838 339";"27 563 083";"2024-09-05 17:38:03"
"2024-09-07";"";"146 403";"7 182";"27 562 490";"2024-09-07 12:45:35"
"2024-09-02";"";"184 883";"6 449";"27 562 462";"2024-09-02 07:52:53"
"2024-09-03";"Instagram";"119 132 420";"3 261 463";"27 561 201";"2024-09-03 06:03:58"
"2024-09-05";"YouTube";"132 657";"8 740";"27 562 690";"2024-09-05 16:37:33"
"2024-09-06";"";"193 748";"43 054";"27 562 379";"2024-09-06 21:42:28"
"2024-09-06";"";"3 438 407";"239 787";"27 561 607";"2024-09-06 05:14:01"
"2024-09-08";"";"253 562";"9 655";"27 561 767";"2024-09-08 12:57:52"
"2024-09-09";"";"522 610";"88 610";"27 562 795";"2024-09-09 15:00:52"
"2024-09-09";"";"49 896";"4 601";"27 563 183";"2024-09-09 20:17:04"
"2024-09-10";"Instagram";"351 590";"15 453";"27 561 743";"2024-09-10 14:23:10"
"2024-09-07";"";"796 605";"52 927";"27 562 984";"2024-09-07 07:52:35"
"2024-09-06";"";"26 091";"16 009";"27 562 107";"2024-09-06 07:40:01"
"2024-09-10";"";"91 718";"9 150";"27 562 698";"2024-09-10 23:08:48"
"2024-09-05";"";"61 537";"6 336";"27 561 827";"2024-09-05 04:13:18"
"2024-09-03";"";"15 941 205";"756 097";"27 563 293";"2024-09-04 01:22:53"
"2024-09-01";"";"94 403";"6 737";"27 563 504";"2024-09-01 07:40:51"
"2024-09-09";"WhatsApp";"5 398 506";"6 621 046";"27 561 365";"2024-09-09 19:52:15"
"2024-09-08";"";"441 670";"127 089";"27 561 643";"2024-09-08 10:19:47"
"2024-09-06";"";"252 615";"13 822";"27 563 145";"2024-09-06 16:37:24"
"2024-09-08";"";"13 518";"26 620";"27 561 836";"2024-09-08 13:58:41"
"2024-09-07";"";"17 701 042";"196 691";"27 561 806";"2024-09-08 00:33:57"
"2024-09-02";"";"782 954";"830 194";"27 561 410";"2024-09-02 15:48:51"
"2024-09-09";"";"145 945";"34 791";"27 563 110";"2024-09-09 19:16:07"
"2024-09-05";"";"112 752";"13 202";"27 562 453";"2024-09-05 05:14:59"
"2024-09-04";"Telegram";"104 121 033";"17 634 764";"27 562 242";"2024-09-04 08:17:37"
"2024-09-10";"";"277 181";"50 986";"27 563 403";"2024-09-10 18:27:41"
"2024-09-09";"";"281 257";"82 627";"27 563 107";"2024-09-09 23:44:38"
"2024-09-09";"";"525 067";"3 921 035";"27 562 238";"2024-09-09 09:42:01"
"2024-09-01";"";"23 196";"95 455";"27 561 727";"2024-09-01 22:31:46"
"2024-09-10";"";"737 962";"44 079";"27 562 595";"2024-09-10 04:01:20"
"2024-09-06";"";"100 804";"88 010";"27 561 454";"2024-09-06 09:54:28"
"2024-09-01";"";"240 240";"50 461";"27 562 243";"2024-09-01 16:01:27"
"2024-09-06";"";"1 518 167";"453 916";"27 562 197";"2024-09-06 06:03:40"
"2024-09-10";"YouTube";"706 289";"247 194";"27 562 899";"2024-09-10 14:23:54"
"2024-09-03";"";"232 421";"24 640";"27 562 216";"2024-09-04 00:21:50"
"2024-09-03";"Instagram";"2 231 620";"121 241";"27 561 435";"2024-09-04 00:21:08"
"2024-09-04";"";"181 008 622";"11 242 988";"27 563 317";"2024-09-04 21:30:56"
"2024-09-07";"";"361 088";"36 765";"27 562 063";"2024-09-07 08:53:18"
"2024-09-06";"YouTube";"223 598";"28 695";"27 561 605";"2024-09-06 08:53:02"
"2024-09-01";"VKontakte";"7 275 772";"313 579";"27 563 075";"2024-09-02 02:11:53"
"2024-09-06";"";"118 654";"15 961";"27 561 586";"2024-09-07 02:35:26"
"2024-09-10";"";"117 576";"68 808";"27 562 621";"2024-09-10 03:24:03"
"2024-09-03";"";"277 133";"43 300";"27 563 450";"2024-09-03 12:33:24"
"2024-09-06";"";"207 124 877";"11 669 444";"27 561 641";"2024-09-06 04:01:43"
"2024-09-04";"";"548 669";"456 521";"27 561 460";"2024-09-05 01:10:31"
"2024-09-09";"Instagram";"15 933 181";"18 819 455";"27 561 883";"2024-09-09 15:36:06"
"2024-09-03";"";"114 274";"12 058";"27 562 261";"2024-09-03 23:32:03"
"2024-09-09";"";"96 236";"5 324";"27 561 311";"2024-09-09 19:40:55"
"2024-09-05";"Instagram";"167 307 114";"3 098 530";"27 562 096";"2024-09-05 07:04:56"
"2024-09-10";"";"26 174";"15 764";"27 562 445";"2024-09-10 13:58:59"
"2024-09-10";"";"34 933";"2 230";"27 563 463";"2024-09-10 14:23:11"
"2024-09-04";"";"32 419 006";"2 227 984";"27 563 481";"2024-09-04 17:50:29"
"2024-09-05";"";"44 583";"2 918";"27 562 725";"2024-09-05 08:41:55"
"2024-09-10";"";"32 392";"18 747";"27 562 613";"2024-09-10 22:19:31"
"2024-09-07";"Instagram";"4 414 969";"999 207";"27 561 844";"2024-09-07 19:16:21"
"2024-09-06";"";"748 219";"23 153";"27 562 656";"2024-09-06 15:12:33"
"2024-09-08";"YouTube";"288 178 360";"14 569 466";"27 561 185";"2024-09-08 21:06:58"
"2024-09-06";"";"11 912";"46 534";"27 561 501";"2024-09-06 09:06:44"
"2024-09-08";"YouTube";"367 178";"20 808";"27 562 527";"2024-09-08 05:26:39"
"2024-09-09";"YouTube";"25 136 728";"1 508 529";"27 562 281";"2024-09-09 04:37:52"
"2024-09-05";"";"355 258";"46 405";"27 562 039";"2024-09-06 02:23:56"
"2024-09-06";"YouTube";"3 299 610";"335 627";"27 561 866";"2024-09-06 08:17:52"
"2024-09-01";"";"30 916";"1 918";"27 561 883";"2024-09-01 05:14:28"
"2024-09-06";"";"170 813";"145 484";"27 561 454";"2024-09-06 04:37:42"
"2024-09-09";"";"1 347 824";"63 342";"27 561 800";"2024-09-09 17:26:11"
"2024-09-07";"YouTube";"9 264 173";"806 251";"27 561 342";"2024-09-07 03:24:24"
"2024-09-09";"";"28 443";"19 931";"27 563 147";"2024-09-09 17:14:03"
"2024-09-08";"";"203 574";"13 721";"27 561 906";"2024-09-09 02:35:12"
"2024-09-06";"";"281 342";"65 283";"27 561 611";"2024-09-06 20:05:46"
"2024-09-06";"";"3 697 298";"387 635";"27 561 466";"2024-09-06 16:13:49"
"2024-09-04";"";"1 536 731";"159 213";"27 563 140";"2024-09-04 11:44:39"
"2024-09-08";"";"250 341";"11 517";"27 562 255";"2024-09-08 21:18:38"
"2024-09-04";"";"139 960";"437 733";"27 563 204";"2024-09-04 16:13:16"
"2024-09-06";"YouTube";"30 797 279";"1 679 085";"27 562 213";"2024-09-06 23:44:43"
"2024-09-06";"";"165 758";"10 916";"27 561 216";"2024-09-06 13:34:26"
"2024-09-06";"Instagram";"7 833 259";"1 729 238";"27 561 500";"2024-09-06 12:57:44"
"2024-09-08";"";"64 703";"7 512";"27 563 110";"2024-09-09 02:35:02"
"2024-09-09";"";"180 828";"48 168";"27 562 646";"2024-09-09 15:36:09"
"2024-09-02";"YouTube";"592 026";"402 253";"27 563 466";"2024-09-02 10:19:42"
"2024-09-04";"";"30 861";"2 623";"27 561 286";"2024-09-04 07:04:34"
"2024-09-04";"";"98 506";"346 543";"27 562 328";"2024-09-04 20:29:10"
"2024-09-01";"Instagram";"4 855 261";"147 007";"27 562 176";"2024-09-01 23:08:42"
"2024-09-06";"";"70 464";"17 895";"27 562 293";"2024-09-06 18:39:43"
"2024-09-02";"";"251 910";"758 232";"27 562 393";"2024-09-02 09:42:21"
"2024-09-02";"";"27 816";"2 034";"27 563 099";"2024-09-02 21:30:58"
"2024-09-04";"Facebook";"134 746";"77 698";"27 561 805";"2024-09-04 23:44:24"
"2024-09-05";"";"26 969";"3 117";"27 562 254";"2024-09-05 17:26:00"
"2024-09-09";"Facebook";"65 694";"7 018";"27 561 964";"2024-09-09 19:52:07"
"2024-09-07";"";"71 621";"9 554";"27 562 607";"2024-09-07 10:55:31"
"2024-09-08";"Telegram";"45 230";"16 564";"27 562 962";"2024-09-08 21:54:17"
"2024-09-07";"";"197 840";"472 116";"27 561 578";"2024-09-07 23:56:39"
"2024-09-07";"PUBG";"63 688";"24 249";"27 562 788";"2024-09-07 04:37:39"
"2024-09-09";"";"74 784";"13 370";"27 562 436";"2024-09-09 05:14:41"
"2024-09-06";"";"46 299";"3 639";"27 563 088";"2024-09-06 21:18:19"
"2024-09-03";"YouTube";"70 166";"760 745";"27 561 300";"2024-09-03 10:31:29"
"2024-09-02";"";"35 487";"7 572";"27 563 438";"2024-09-02 06:39:10"
"2024-09-10";"";"13 938 693";"2 728 814";"27 562 117";"2024-09-10 14:47:55"
"2024-09-06";"";"601 899";"49 406";"27 561 347";"2024-09-06 20:05:33"
"2024-09-05";"";"914 031";"129 121";"27 561 929";"2024-09-05 19:52:51"
"2024-09-05";"Instagram";"127 152 598";"3 558 419";"27 561 732";"2024-09-05 12:57:10"
"2024-09-05";"Facebook";"38 349";"102 963";"27 561 658";"2024-09-05 03:12:33"
"2024-09-03";"";"2 026 328";"84 387";"27 561 480";"2024-09-03 14:35:47"
"2024-09-03";"Facebook";"330 348";"16 575";"27 561 221";"2024-09-03 06:03:49"
"2024-09-07";"";"85 353";"6 220";"27 562 331";"2024-09-07 16:13:15"
"2024-09-08";"";"431 111";"257 202";"27 563 404";"2024-09-08 20:53:43"
"2024-09-10";"";"21 690 852";"1 259 548";"27 562 508";"2024-09-10 19:40:04"
"2024-09-09";"";"808 286";"22 654";"27 562 804";"2024-09-09 15:00:29"
"2024-09-04";"";"52 768";"2 259";"27 563 092";"2024-09-04 22:07:10"
"2024-09-08";"Instagram";"14 365 660";"1 646 245";"27 563 135";"2024-09-08 20:05:39"
"2024-09-04";"";"36 739";"15 559";"27 561 249";"2024-09-04 05:38:42"
"2024-09-08";"Instagram";"1 613 923";"308 737";"27 562 024";"2024-09-08 23:20:26"
"2024-09-03";"";"59 303";"4 187";"27 563 093";"2024-09-03 13:10:34"
"2024-09-04";"";"132 228";"78 369";"27 561 326";"2024-09-05 00:57:05"
"2024-09-09";"";"124 566";"7 950";"27 562 447";"2024-09-09 15:36:05"
"2024-09-01";"";"176 715";"9 250";"27 563 203";"2024-09-01 16:25:59"
"2024-09-06";"YouTube";"158 809 379";"10 636 755";"27 562 372";"2024-09-06 17:14:01"
"2024-09-06";"";"4 688 702";"215 559";"27 561 185";"2024-09-06 08:41:22"
"2024-09-09";"Yandex";"8 778 603";"885 915";"27 561 181";"2024-09-09 09:18:45"
"2024-09-03";"Instagram";"14 875 699";"832 302";"27 563 059";"2024-09-03 04:01:00"
"2024-09-03";"YouTube";"654 478";"4 693 068";"27 563 020";"2024-09-03 13:46:15"
"2024-09-08";"";"51 450";"2 469";"27 562 459";"2024-09-08 18:39:59"
"2024-09-04";"";"11 108 243";"1 874 573";"27 561 259";"2024-09-04 19:16:48"
"2024-09-07";"Yandex";"196 692";"6 852";"27 562 014";"2024-09-07 03:24:55"
"2024-09-02";"";"320 189";"72 533";"27 561 368";"2024-09-02 13:22:27"
"2024-09-01";"";"252 563";"261 626";"27 561 921";"2024-09-01 16:49:41"
"2024-09-06";"Instagram";"45 914 785";"1 123 186";"27 562 339";"2024-09-06 14:11:39"
"2024-09-01";"YouTube";"24 854 327";"1 361 888";"27 561 965";"2024-09-01 10:55:22"
"2024-09-10";"";"37 427";"1 602";"27 562 317";"2024-09-10 08:29:30"
"2024-09-10";"YouTube";"1 161 707";"9 532 871";"27 562 126";"2024-09-10 13:58:25"
"2024-09-02";"";"1 878 027";"145 651";"27 561 941";"2024-09-03 01:58:16"
"2024-09-07";"";"52 736";"15 742";"27 562 684";"2024-09-07 09:18:24"
"2024-09-02";"";"1 605 332";"556 220";"27 562 034";"2024-09-02 19:52:15"
"2024-09-01";"";"26 838";"10 285";"27 562 473";"2024-09-01 22:43:11"
"2024-09-04";"";"557 041";"29 687";"27 562 646";"2024-09-04 03:48:47"
"2024-09-06";"YouTube";"270 602 200";"16 322 965";"27 561 881";"2024-09-06 08:05:51"
"2024-09-05";"";"120 452";"66 387";"27 563 127";"2024-09-06 02:59:08"
"2024-09-06";"";"152 967";"16 628";"27 561 691";"2024-09-06 14:35:15"
"2024-09-08";"TikTok";"17 031";"159 367";"27 563 419";"2024-09-09 01:58:23"
"2024-09-08";"";"1 120 751";"221 664";"27 563 023";"2024-09-09 02:35:44"
"2024-09-08";"";"2 167 130";"86 468";"27 563 153";"2024-09-09 01:58:35"
"2024-09-05";"";"35 219";"16 751";"27 561 959";"2024-09-05 13:10:39"
"2024-09-01";"";"33 035";"2 474";"27 563 381";"2024-09-01 16:49:55"
"2024-09-07";"Facebook";"458 797";"109 957";"27 563 402";"2024-09-07 05:14:47"
"2024-09-09";"Telegram";"63 415 948";"4 014 718";"27 561 890";"2024-09-09 05:26:26"
"2024-09-03";"Instagram";"3 345 560";"2 184 436";"27 561 867";"2024-09-03 15:36:39"
"2024-09-08";"TikTok";"633 042";"1 323 209";"27 562 365";"2024-09-08 14:11:02"
"2024-09-02";"";"42 008";"20 266";"27 561 303";"2024-09-02 21:54:22"
"2024-09-03";"";"83 952";"4 159";"27 562 438";"2024-09-03 10:31:41"
"2024-09-08";"";"428 155";"148 269";"27 561 666";"2024-09-08 19:04:04"
"2024-09-08";"YouTube";"480 897";"172 516";"27 562 663";"2024-09-08 16:13:54"
"2024-09-08";"";"346 804";"131 347";"27 562 835";"2024-09-09 02:11:41"
"2024-09-08";"";"9 339";"30 886";"27 562 281";"2024-09-08 04:25:42"
"2024-09-10";"Telegram";"49 035 543";"2 702 265";"27 563 181";"2024-09-10 03:48:58"
"2024-09-03";"";"141 492";"547 091";"27 563 211";"2024-09-04 02:23:45"
"2024-09-04";"Facebook";"26 495 797";"333 094";"27 562 701";"2024-09-04 14:11:28"
"2024-09-05";"";"44 802";"2 426";"27 563 189";"2024-09-05 23:08:52"
"2024-09-01";"YouTube";"503 008";"55 636";"27 563 112";"2024-09-01 23:44:06"
"2024-09-04";"";"39 953";"11 014";"27 563 443";"2024-09-04 18:27:29"
"2024-09-03";"";"25 522 785";"669 868";"27 562 242";"2024-09-03 16:13:26"
"2024-09-05";"";"1 703 117";"223 281";"27 562 090";"2024-09-05 17:38:03"
"2024-09-02";"";"29 403";"10 105";"27 563 107";"2024-09-02 07:28:35"
"2024-09-05";"";"350 919";"25 139";"27 563 154";"2024-09-05 05:38:40"
"2024-09-09";"";"341 866";"116 132";"27 562 097";"2024-09-09 09:18:19"
"2024-09-02";"";"652";"26 236";"27 562 840";"2024-09-02 11:08:28"
"2024-09-08";"Facebook";"67 593";"6 983";"27 563 122";"2024-09-08 11:56:25"
"2024-09-07";"YouTube";"6 803";"64 361";"27 561 307";"2024-09-07 07:04:51"
"2024-09-06";"";"39 107";"178 460";"27 563 207";"2024-09-06 10:07:15"
"2024-09-07";"";"65 178";"4 109";"27 563 088";"2024-09-08 02:47:32"
"2024-09-07";"YouTube";"1 236 584";"62 308";"27 561 420";"2024-09-07 15:12:28"
"2024-09-07";"YouTube";"290 397";"2 956 897";"27 562 240";"2024-09-08 01:34:12"
"2024-09-04";"Facebook";"60 393";"19 714";"27 563 269";"2024-09-04 22:07:21"
"2024-09-08";"";"31 252";"18 614";"27 562 438";"2024-09-08 21:06:18"
"2024-09-07";"";"25 635";"16 920";"27 561 448";"2024-09-07 06:15:05"
"2024-09-10";"Instagram";"727 929";"340 451";"27 562 819";"2024-09-10 23:20:03"
"2024-09-04";"";"336 686";"77 739";"27 561 570";"2024-09-04 20:05:04"
"2024-09-04";"";"40 747";"6 014";"27 562 656";"2024-09-04 12:21:47"
"2024-09-02";"";"48 913";"65 719";"27 561 612";"2024-09-02 11:32:06"
"2024-09-05";"Instagram";"2 120 822";"2 373 823";"27 563 344";"2024-09-06 00:45:06"
"2024-09-10";"YouTube";"630 231";"149 909";"27 562 608";"2024-09-10 23:20:01"
"2024-09-09";"";"126 454";"17 012";"27 562 774";"2024-09-09 21:06:54"
"2024-09-05";"";"248 934";"131 609";"27 562 886";"2024-09-06 02:23:25"
"2024-09-03";"";"170 228";"48 600";"27 562 854";"2024-09-03 23:08:28"
"2024-09-06";"";"18 086 249";"796 336";"27 563 403";"2024-09-06 12:45:05"
"2024-09-09";"";"67 127";"7 404";"27 561 723";"2024-09-09 14:11:25"
"2024-09-09";"";"7 775 072";"225 317";"27 562 998";"2024-09-09 16:49:23"
"2024-09-09";"";"132 032";"15 858";"27 561 234";"2024-09-09 05:50:38"
"2024-09-04";"YouTube";"63 893 720";"2 975 563";"27 562 548";"2024-09-04 06:03:52"
"2024-09-01";"";"265 368";"9 590";"27 561 921";"2024-09-01 17:38:49"
"2024-09-02";"";"23 487 277";"592 468";"27 562 550";"2024-09-02 20:05:17"
"2024-09-04";"";"5 044 356";"121 737";"27 561 393";"2024-09-05 00:33:00"
"2024-09-09";"";"11 991 015";"1 170 357";"27 561 354";"2024-09-09 15:12:33"
"2024-09-08";"";"51 562";"6 928";"27 563 069";"2024-09-08 05:50:44"
"2024-09-09";"";"95 652";"74 020";"27 562 518";"2024-09-09 19:52:16"
"2024-09-08";"";"268 632 488";"21 271 458";"27 561 536";"2024-09-08 05:26:19"
"2024-09-05";"";"6 525 025";"336 939";"27 562 850";"2024-09-05 07:04:39"
"2024-09-05";"";"28 365";"4 204";"27 563 325";"2024-09-05 04:49:25"
"2024-09-10";"";"34 460";"23 003";"27 561 989";"2024-09-10 10:43:34"
"2024-09-04";"";"2 609 511";"1 091 515";"27 562 839";"2024-09-04 13:46:50"
"2024-09-03";"YouTube";"153 575 632";"11 397 072";"27 562 968";"2024-09-03 19:04:27"
"2024-09-05";"WhatsApp";"1 339 917";"744 502";"27 561 720";"2024-09-05 22:19:24"
"2024-09-04";"";"4 143 854";"196 348";"27 562 696";"2024-09-04 21:42:22"
"2024-09-07";"Telegram";"1 450 929";"80 291";"27 561 180";"2024-09-07 23:20:12"
"2024-09-10";"";"88 724";"38 167";"27 562 491";"2024-09-10 06:51:08"
"2024-09-09";"";"141 267";"19 926";"27 563 261";"2024-09-09 12:33:51"
"2024-09-09";"Instagram";"1 124 566";"909 779";"27 562 183";"2024-09-09 12:45:03"
"2024-09-07";"";"102 675";"72 653";"27 562 483";"2024-09-07 11:08:13"
"2024-09-04";"";"312 046";"34 490";"27 562 593";"2024-09-04 03:36:45"
"2024-09-09";"YouTube";"6 256 156";"1 688 687";"27 562 442";"2024-09-09 06:03:08"
"2024-09-08";"";"41 255";"2 320";"27 562 371";"2024-09-08 18:15:15"
"2024-09-10";"";"121 895";"16 428";"27 563 058";"2024-09-10 14:23:03"
"2024-09-08";"YouTube";"642 307";"121 922";"27 561 767";"2024-09-09 00:09:22"
"2024-09-07";"";"482 412";"93 232";"27 562 435";"2024-09-07 07:04:56"
"2024-09-08";"";"176 316";"17 618";"27 561 698";"2024-09-08 17:14:19"
"2024-09-04";"";"27 360";"7 039";"27 563 304";"2024-09-04 10:19:43"
"2024-09-07";"YouTube";"225 424";"1 261 545";"27 563 512";"2024-09-07 04:49:49"
"2024-09-06";"";"40 027";"5 640";"27 561 851";"2024-09-06 22:07:36"
"2024-09-03";"";"238 870";"25 554";"27 563 328";"2024-09-03 19:04:04"
"2024-09-09";"";"250 169";"66 946";"27 561 831";"2024-09-09 06:15:51"
"2024-09-08";"YouTube";"325 431";"88 148";"27 563 500";"2024-09-08 14:59:55"
"2024-09-10";"";"262 520";"213 698";"27 562 640";"2024-09-10 13:58:22"
"2024-09-01";"";"66 973";"36 354";"27 561 359";"2024-09-01 10:07:13"
"2024-09-01";"";"30 676";"5 562";"27 561 875";"2024-09-02 01:58:02"
"2024-09-01";"";"125 626";"1 332 951";"27 561 232";"2024-09-01 04:37:05"
"2024-09-04";"";"30 810";"52 217";"27 561 418";"2024-09-04 14:47:50"
"2024-09-06";"Instagram";"63 710";"26 667";"27 561 461";"2024-09-06 20:17:03"
"2024-09-06";"";"34 948";"5 213";"27 561 606";"2024-09-06 12:21:41"
"2024-09-10";"";"34 016";"22 106";"27 562 599";"2024-09-10 13:22:21"
"2024-09-03";"";"408 686";"21 028";"27 562 917";"2024-09-03 21:54:37"
"2024-09-02";"";"894 413";"238 752";"27 561 384";"2024-09-02 08:05:51"
"2024-09-04";"";"653 727";"119 133";"27 562 366";"2024-09-04 15:00:48"
"2024-09-03";"";"353 006";"37 496";"27 562 233";"2024-09-04 01:22:05"
"2024-09-06";"";"31 871";"3 821";"27 561 179";"2024-09-06 07:52:56"
"2024-09-05";"";"2 785 164";"204 777";"27 563 471";"2024-09-06 00:21:19"
"2024-09-02";"";"56 405";"46 143";"27 563 217";"2024-09-02 23:08:05"
"2024-09-02";"";"204 491";"27 727";"27 562 607";"2024-09-02 21:18:42"
"2024-09-10";"YouTube";"5 926 316";"726 946";"27 561 586";"2024-09-10 09:42:52"
"2024-09-04";"";"34 848";"22 570";"27 562 096";"2024-09-04 13:58:34"
"2024-09-02";"";"114 960";"4 508";"27 561 698";"2024-09-02 23:08:54"
"2024-09-03";"";"28 639";"19 303";"27 563 036";"2024-09-03 17:02:59"
"2024-09-09";"";"872 803";"53 134";"27 562 158";"2024-09-09 20:17:19"
"2024-09-03";"";"26 201";"7 415";"27 563 264";"2024-09-03 19:16:36"
"2024-09-01";"";"105 000";"12 363";"27 562 559";"2024-09-01 06:03:33"
"2024-09-10";"";"1 205 842";"94 966";"27 563 333";"2024-09-10 11:08:48"
"2024-09-01";"YouTube";"6 221 268";"602 270";"27 561 394";"2024-09-01 05:38:15"
"2024-09-10";"Odnoklassniki";"31 306";"5 862";"27 562 843";"2024-09-10 19:28:11"
"2024-09-10";"YouTube";"194 975 953";"10 710 639";"27 561 366";"2024-09-10 19:52:05"
"2024-09-03";"";"348 324";"17 478";"27 562 239";"2024-09-03 21:42:58"
"2024-09-09";"";"209 772";"81 560";"27 561 422";"2024-09-09 23:32:33"
"2024-09-09";"";"89 934";"23 949";"27 562 757";"2024-09-09 06:03:58"
"2024-09-06";"";"601 537";"423 855";"27 561 181";"2024-09-06 19:52:53"
"2024-09-03";"";"145 837";"28 885";"27 561 511";"2024-09-03 05:02:07"
"2024-09-03";"Telegram";"38 243";"4 070";"27 562 104";"2024-09-03 04:13:03"
"2024-09-08";"YouTube";"634 371";"2 044 479";"27 563 509";"2024-09-08 21:30:28"
"2024-09-02";"";"108 972";"9 457";"27 562 725";"2024-09-02 16:49:44"
"2024-09-06";"";"971 162";"62 670";"27 561 306";"2024-09-06 11:32:18"
"2024-09-03";"";"53 696";"3 665";"27 563 402";"2024-09-03 04:01:33"
"2024-09-10";"";"715 778";"31 514";"27 562 594";"2024-09-10 07:52:32"
"2024-09-10";"";"80 157";"41 554";"27 561 300";"2024-09-10 10:31:17"
"2024-09-03";"YouTube";"201 957";"30 168";"27 563 261";"2024-09-04 00:45:41"
"2024-09-03";"Telegram";"305 582";"42 018";"27 563 079";"2024-09-03 11:20:56"
"2024-09-10";"";"485 470";"20 508";"27 561 800";"2024-09-10 13:58:19"
"2024-09-10";"";"2 453 775";"212 651";"27 562 613";"2024-09-10 05:26:24"
"2024-09-04";"";"141 960";"111 423";"27 563 069";"2024-09-04 18:03:13"
"2024-09-02";"";"59 630";"31 932";"27 561 959";"2024-09-02 05:02:15"
"2024-09-03";"";"106 256";"27 221";"27 561 638";"2024-09-03 16:37:14"
"2024-09-04";"";"74 587";"4 535";"27 562 178";"2024-09-04 21:42:11"
"2024-09-02";"";"39 401";"3 733";"27 562 339";"2024-09-02 09:54:11"
"2024-09-02";"";"17 449";"26 021";"27 562 063";"2024-09-02 09:30:14"
"2024-09-04";"";"73 121";"11 576";"27 561 796";"2024-09-04 04:37:06"
"2024-09-10";"";"43 483";"7 353";"27 562 606";"2024-09-10 07:16:28"
"2024-09-09";"";"2 625 884";"122 582";"27 562 167";"2024-09-09 13:46:04"
"2024-09-07";"";"32 761";"9 217";"27 563 329";"2024-09-07 05:38:59"
"2024-09-06";"";"1 802 768";"319 927";"27 561 197";"2024-09-06 18:15:46"
"2024-09-02";"";"2 481 025";"78 413";"27 562 437";"2024-09-02 09:18:34"
"2024-09-08";"Facebook";"4 474 074";"302 204";"27 562 956";"2024-09-08 17:38:02"
"2024-09-01";"";"44 349";"2 959";"27 561 873";"2024-09-01 07:28:53"
"2024-09-02";"";"72 544";"4 762";"27 561 232";"2024-09-02 05:26:53"
"2024-09-10";"";"17 849 843";"191 160";"27 562 145";"2024-09-10 14:23:50"
"2024-09-07";"";"129 898";"24 434";"27 561 375";"2024-09-07 15:12:43"
"2024-09-03";"Yandex";"39 337";"76 078";"27 561 830";"2024-09-04 02:35:14"
"2024-09-07";"";"44 409";"33 837";"27 562 339";"2024-09-07 09:06:02"
"2024-09-02";"";"52 361";"7 534";"27 562 673";"2024-09-02 18:15:58"
"2024-09-10";"Telegram";"29 375";"2 923";"27 563 503";"2024-09-10 21:18:22"
"2024-09-04";"";"399 330";"22 035";"27 562 984";"2024-09-05 00:45:13"
"2024-09-08";"";"4 611 672";"629 199";"27 563 481";"2024-09-08 18:51:28"
"2024-09-02";"Facebook";"1 315 363";"79 345";"27 563 048";"2024-09-02 23:08:27"
"2024-09-06";"";"75 453 685";"3 353 245";"27 562 100";"2024-09-06 05:50:29"
"2024-09-04";"";"174 366";"91 319";"27 561 413";"2024-09-04 08:05:16"
"2024-09-07";"";"161 497";"19 584";"27 562 934";"2024-09-07 04:01:10"
"2024-09-01";"";"26 368";"22 678";"27 562 665";"2024-09-01 17:26:10"
"2024-09-01";"";"3 022 740";"124 798";"27 561 236";"2024-09-01 13:58:35"
"2024-09-02";"WhatsApp";"146 693";"12 643";"27 563 310";"2024-09-02 03:36:33"
"2024-09-03";"";"6 994";"29 400";"27 561 992";"2024-09-03 13:34:03"
"2024-09-10";"";"609 487";"229 173";"27 561 643";"2024-09-10 07:40:46"
"2024-09-09";"Instagram";"2 343 417";"1 820 559";"27 561 776";"2024-09-09 03:36:59"
"2024-09-07";"";"22 683";"29 189";"27 562 708";"2024-09-07 11:32:38"
"2024-09-02";"";"1 687 639";"968 145";"27 562 436";"2024-09-02 19:04:37"
"2024-09-09";"";"58 867";"168 071";"27 563 403";"2024-09-09 21:18:49"
"2024-09-01";"YouTube";"1 667 339";"214 350";"27 562 593";"2024-09-01 20:29:36"
"2024-09-05";"YouTube";"134 666";"12 953";"27 563 008";"2024-09-05 22:19:36"
"2024-09-01";"Telegram";"27 084 559";"2 022 433";"27 561 421";"2024-09-01 11:32:09"
"2024-09-01";"";"63 608";"5 300";"27 561 645";"2024-09-01 07:28:29"
"2024-09-09";"";"177 719";"15 131";"27 561 752";"2024-09-09 13:10:08"
"2024-09-10";"";"425 125";"17 546";"27 561 189";"2024-09-10 18:51:46"
"2024-09-08";"";"61 318 323";"4 924 873";"27 563 171";"2024-09-08 07:16:31"
"2024-09-10";"";"1 858 758";"247 551";"27 561 359";"2024-09-11 00:09:03"
"2024-09-08";"";"925 843";"64 233";"27 561 490";"2024-09-08 07:16:00"
"2024-09-05";"";"207 383";"23 725";"27 562 762";"2024-09-05 15:48:31"
"2024-09-10";"";"26 640";"16 790";"27 562 854";"2024-09-10 17:50:14"
"2024-09-07";"Facebook";"369 165";"19 586";"27 562 608";"2024-09-08 02:11:47"
"2024-09-03";"";"156 034";"106 824";"27 562 069";"2024-09-03 13:58:48"
"2024-09-03";"Instagram";"5 145 255";"1 219 469";"27 562 436";"2024-09-03 23:44:47"
"2024-09-02";"";"586 011";"17 954";"27 562 622";"2024-09-02 08:05:39"
"2024-09-10";"";"18 647";"26 531";"27 562 305";"2024-09-10 13:58:31"
"2024-09-05";"Facebook";"488 455";"36 146";"27 561 819";"2024-09-05 12:21:26"
"2024-09-10";"";"132 210";"19 167";"27 561 386";"2024-09-10 12:57:13"
"2024-09-10";"";"136 267";"28 430";"27 561 866";"2024-09-10 12:57:26"
"2024-09-04";"";"47 642";"5 449";"27 562 104";"2024-09-04 06:51:50"
"2024-09-06";"Instagram";"102 661 369";"3 181 671";"27 563 059";"2024-09-06 19:40:30"
"2024-09-06";"YouTube";"364 029";"131 345";"27 562 883";"2024-09-06 17:14:33"
"2024-09-08";"";"34 604";"10 235";"27 561 666";"2024-09-08 10:19:28"
"2024-09-09";"";"27 782";"21 562";"27 562 545";"2024-09-09 03:24:13"
"2024-09-01";"";"53 364";"17 683";"27 562 812";"2024-09-01 10:07:50"
"2024-09-10";"Unknown";"991 726";"114 425";"27 562 706";"2024-09-10 18:51:21"
"2024-09-10";"Instagram";"145 609";"14 855";"27 563 509";"2024-09-10 03:24:44"
"2024-09-08";"";"40 122";"109 104";"27 562 379";"2024-09-08 21:06:52"
"2024-09-03";"";"39 108";"46 057";"27 561 326";"2024-09-03 16:25:11"
"2024-09-10";"";"229 681";"10 869";"27 562 956";"2024-09-11 01:10:05"
"2024-09-06";"";"69 218";"4 826";"27 561 273";"2024-09-06 07:04:20"
"2024-09-08";"";"62 609";"4 586";"27 561 774";"2024-09-08 22:55:11"
"2024-09-06";"";"241 649";"28 149";"27 561 453";"2024-09-06 17:38:57"
"2024-09-10";"";"32 143";"10 353";"27 561 760";"2024-09-10 19:16:04"
"2024-09-06";"";"67 943";"6 301";"27 562 358";"2024-09-06 15:24:22"
"2024-09-02";"";"45 082";"2 944";"27 562 025";"2024-09-02 05:26:00"
"2024-09-02";"";"76 305";"2 618";"27 562 511";"2024-09-02 14:23:09"
"2024-09-02";"";"51 572";"13 762";"27 561 470";"2024-09-02 09:54:53"
"2024-09-10";"";"599 244";"46 563";"27 561 315";"2024-09-10 18:27:38"
"2024-09-03";"";"2 511 025";"284 583";"27 562 075";"2024-09-03 19:28:56"
"2024-09-02";"";"37 037";"9 201";"27 561 974";"2024-09-02 17:38:42"
"2024-09-10";"";"32 702";"14 443";"27 562 264";"2024-09-10 12:45:51"
"2024-09-10";"Telegram";"79 632 717";"3 507 864";"27 562 281";"2024-09-11 00:21:45"
"2024-09-07";"Apple Music";"47 162";"12 920";"27 563 495";"2024-09-07 13:22:00"
"2024-09-06";"Telegram";"952 819";"79 650";"27 563 410";"2024-09-06 16:49:04"
"2024-09-05";"";"177 452";"51 991";"27 563 467";"2024-09-05 06:03:14"
"2024-09-09";"";"431 615";"87 952";"27 562 827";"2024-09-09 18:27:35"
"2024-09-07";"";"135 129";"15 099";"27 562 150";"2024-09-07 15:48:02"
"2024-09-03";"YouTube";"3 321 194";"304 417";"27 561 468";"2024-09-03 06:51:16"
"2024-09-06";"";"66 632";"3 310";"27 562 629";"2024-09-06 09:42:39"
"2024-09-08";"YouTube";"46 907 030";"2 982 368";"27 561 929";"2024-09-09 01:58:53"
"2024-09-01";"";"39 002";"2 119";"27 562 825";"2024-09-01 12:21:51"
"2024-09-05";"YouTube";"180 083";"1 752 543";"27 563 168";"2024-09-05 05:26:06"
"2024-09-07";"YouTube";"185 187";"365 298";"27 561 823";"2024-09-08 00:45:44"
"2024-09-09";"";"97 368";"14 783";"27 562 073";"2024-09-10 02:11:41"
"2024-09-09";"Facebook";"728 358";"54 085";"27 562 427";"2024-09-09 22:43:24"
"2024-09-02";"";"396 344";"29 025";"27 563 508";"2024-09-02 20:29:53"
"2024-09-07";"";"44 027";"92 796";"27 562 592";"2024-09-08 02:23:48"
"2024-09-09";"";"25 376";"29 598";"27 563 414";"2024-09-09 17:14:09"
"2024-09-05";"Instagram";"58 475 416";"848 409";"27 561 881";"2024-09-05 04:25:18"
"2024-09-05";"Instagram";"31 680 116";"18 364 573";"27 563 384";"2024-09-05 12:09:46"
"2024-09-01";"Unknown";"2 129 173";"492 800";"27 561 792";"2024-09-02 00:33:59"
"2024-09-04";"";"63 784";"63 016";"27 562 239";"2024-09-04 11:20:08"
"2024-09-06";"";"63 671";"6 498";"27 563 184";"2024-09-06 20:29:41"
"2024-09-05";"";"116 581";"549 297";"27 561 722";"2024-09-06 01:58:58"
"2024-09-06";"Facebook";"30 121";"8 533";"27 561 429";"2024-09-06 17:14:26"
"2024-09-02";"Instagram";"686 783";"166 130";"27 563 218";"2024-09-02 04:13:09"
"2024-09-06";"";"30 697";"3 367";"27 563 123";"2024-09-06 11:44:40"
"2024-09-10";"";"131 025";"10 004";"27 561 290";"2024-09-10 08:29:30"
"2024-09-10";"";"21 222";"35 514";"27 562 422";"2024-09-10 03:36:27"
"2024-09-04";"";"59 470";"4 372";"27 562 591";"2024-09-04 05:02:38"
"2024-09-03";"";"590 058";"37 221";"27 562 642";"2024-09-03 18:39:32"
"2024-09-05";"";"37 317";"11 390";"27 561 660";"2024-09-05 14:47:07"
"2024-09-07";"Tas-ix";"1 329 037";"55 179";"27 561 373";"2024-09-07 19:16:42"
"2024-09-05";"Yandex";"116 716";"6 809";"27 563 165";"2024-09-06 00:45:35"
"2024-09-06";"";"289 170";"146 452";"27 563 218";"2024-09-07 01:22:36"
"2024-09-07";"";"1 377 600";"151 385";"27 562 107";"2024-09-07 20:05:49"
"2024-09-04";"";"13 649";"28 216";"27 563 107";"2024-09-04 12:45:58"
"2024-09-07";"";"3 483 652";"120 303";"27 561 350";"2024-09-07 22:55:39"
"2024-09-02";"";"41 798";"21 008";"27 563 006";"2024-09-03 01:46:28"
"2024-09-08";"";"2 580 268";"118 843";"27 561 789";"2024-09-09 02:11:51"
"2024-09-03";"";"30 243";"8 705";"27 562 091";"2024-09-03 23:08:29"
"2024-09-05";"YouTube";"854 688";"52 021";"27 561 186";"2024-09-05 16:49:07"
"2024-09-03";"";"51 178";"7 936";"27 563 403";"2024-09-03 05:14:51"
"2024-09-05";"Telegram";"60 657 249";"1 445 926";"27 562 200";"2024-09-05 10:55:31"
"2024-09-09";"";"1 418 809";"72 377";"27 561 598";"2024-09-09 21:06:31"
"2024-09-06";"";"772 965";"792 929";"27 561 435";"2024-09-06 17:14:58"
"2024-09-04";"";"1 665 800";"1 567 475";"27 561 185";"2024-09-04 22:55:52"
"2024-09-04";"Odnoklassniki";"61 058";"11 215";"27 561 725";"2024-09-04 12:33:02"
"2024-09-10";"";"25 828";"2 037";"27 561 627";"2024-09-10 04:25:38"
"2024-09-07";"Instagram";"2 258 926";"293 962";"27 563 140";"2024-09-07 11:08:28"
"2024-09-04";"Facebook";"210 995";"10 509 314";"27 562 502";"2024-09-04 16:49:43"
"2024-09-06";"";"30 328";"1 661";"27 562 892";"2024-09-07 00:09:19"
"2024-09-02";"Instagram";"3 494 594";"681 501";"27 562 398";"2024-09-03 02:35:00"
"2024-09-04";"";"33 068";"2 703";"27 561 490";"2024-09-04 14:11:57"
"2024-09-10";"";"30 910";"4 405";"27 562 193";"2024-09-10 14:35:53"
"2024-09-03";"";"76 358";"4 521";"27 562 646";"2024-09-04 02:59:28"
"2024-09-08";"";"31 423";"2 136";"27 562 028";"2024-09-08 10:19:35"
"2024-09-03";"";"750 863";"35 018";"27 562 535";"2024-09-03 04:01:58"
"2024-09-03";"Yandex";"1 547 135";"61 151";"27 562 236";"2024-09-04 01:46:02"
"2024-09-03";"YouTube";"540 310";"159 502";"27 562 868";"2024-09-03 23:32:38"
"2024-09-04";"";"60 946";"4 564";"27 561 383";"2024-09-04 17:50:55"
"2024-09-09";"";"59 984";"2 858";"27 563 238";"2024-09-09 13:22:28"
"2024-09-08";"YouTube";"3 084 415";"141 413";"27 562 339";"2024-09-08 15:48:38"
"2024-09-08";"";"63 106";"8 055";"27 563 290";"2024-09-08 04:01:51"
"2024-09-07";"Facebook";"1 525 771";"3 600 187";"27 563 180";"2024-09-07 17:38:19"
"2024-09-04";"YouTube";"357 816";"19 800";"27 561 785";"2024-09-04 03:36:56"
"2024-09-06";"";"95 885";"8 778";"27 561 759";"2024-09-07 02:23:26"
"2024-09-08";"VKontakte";"78 110";"3 273";"27 561 383";"2024-09-09 02:23:33"
"2024-09-10";"";"67 887";"234 785";"27 562 843";"2024-09-10 11:32:26"
"2024-09-06";"Telegram";"20 902 173";"867 344";"27 561 369";"2024-09-06 08:17:15"
"2024-09-01";"";"137 115";"78 060";"27 561 747";"2024-09-01 18:15:51"
"2024-09-05";"Instagram";"394 555 852";"12 512 383";"27 561 697";"2024-09-05 14:35:42"
"2024-09-08";"";"28 850";"203 499";"27 561 649";"2024-09-08 08:29:43"
"2024-09-03";"";"590 391";"109 923";"27 561 884";"2024-09-03 21:54:43"
"2024-09-04";"";"35 803";"2 094";"27 562 787";"2024-09-04 04:37:18"
"2024-09-09";"";"25 701";"18 083";"27 561 380";"2024-09-09 11:44:17"
"2024-09-09";"";"39 380";"35 632";"27 562 016";"2024-09-09 15:12:30"
"2024-09-06";"";"41 062";"2 047";"27 563 045";"2024-09-06 08:29:11"
"2024-09-01";"";"3 500 971";"211 217";"27 561 920";"2024-09-01 15:48:41"
"2024-09-05";"";"217 569";"77 561";"27 563 151";"2024-09-05 05:50:11"
"2024-09-10";"";"40 724";"37 700";"27 562 066";"2024-09-10 19:04:04"
"2024-09-06";"";"40 259";"15 778";"27 563 033";"2024-09-07 00:57:20"
"2024-09-09";"YouTube";"987 897";"59 499";"27 562 026";"2024-09-09 15:36:33"
"2024-09-01";"Unknown";"84 611";"35 264";"27 563 370";"2024-09-01 22:55:58"
"2024-09-01";"";"272 533";"182 095";"27 563 143";"2024-09-01 23:08:46"
"2024-09-04";"VKontakte";"102 040 849";"7 120 304";"27 562 684";"2024-09-04 12:33:31"
"2024-09-01";"";"129 464";"23 982";"27 563 291";"2024-09-01 17:26:34"
"2024-09-09";"WhatsApp";"29 244";"5 603";"27 561 294";"2024-09-10 02:47:48"
"2024-09-09";"";"27 379";"2 583";"27 561 195";"2024-09-09 13:22:59"
"2024-09-05";"Telegram";"255 505 254";"14 155 445";"27 563 366";"2024-09-05 14:59:26"
"2024-09-10";"";"327 888";"17 488";"27 562 051";"2024-09-10 19:16:33"
"2024-09-07";"";"6 437 375";"743 171";"27 562 185";"2024-09-07 13:46:45"
"2024-09-04";"";"5 519 621";"400 957";"27 561 881";"2024-09-04 21:18:45"
"2024-09-07";"";"36 897";"7 831";"27 562 942";"2024-09-07 19:28:27"
"2024-09-10";"";"525 973";"31 779";"27 562 804";"2024-09-10 19:52:57"
"2024-09-08";"";"18 365";"144 309";"27 563 442";"2024-09-08 05:14:06"
"2024-09-07";"";"872 332";"38 245";"27 563 410";"2024-09-07 20:17:45"
"2024-09-03";"";"78 005";"6 079";"27 562 629";"2024-09-03 15:24:00"
"2024-09-06";"";"31 772";"5 335";"27 562 037";"2024-09-06 06:27:11"
"2024-09-04";"";"13 337 561";"715 946";"27 561 375";"2024-09-04 22:07:15"
"2024-09-10";"YouTube";"102 604 755";"5 970 311";"27 562 900";"2024-09-10 05:26:50"
"2024-09-06";"";"47 667";"9 602";"27 561 895";"2024-09-06 08:29:32"
"2024-09-05";"";"146 996";"214 747";"27 561 744";"2024-09-05 18:03:17"
"2024-09-06";"";"282 780";"64 145";"27 561 687";"2024-09-06 08:05:49"
"2024-09-04";"";"180 864";"77 800";"27 561 359";"2024-09-04 19:04:06"
"2024-09-08";"";"165 748";"194 370";"27 561 988";"2024-09-09 01:58:01"
"2024-09-02";"";"65 591";"8 075";"27 563 443";"2024-09-02 13:46:16"
"2024-09-06";"";"597 728";"19 043";"27 563 212";"2024-09-06 22:31:47"
"2024-09-08";"";"221 687";"27 128";"27 561 262";"2024-09-08 10:55:28"
"2024-09-06";"";"95 786";"267 126";"27 562 758";"2024-09-06 11:32:29"
"2024-09-10";"";"383 193";"26 298";"27 561 629";"2024-09-10 06:51:14"
"2024-09-03";"";"89 419";"66 615";"27 561 486";"2024-09-03 13:34:00"
"2024-09-08";"";"1 552 675";"127 689";"27 562 552";"2024-09-08 07:04:03"
"2024-09-10";"";"32 700";"1 667";"27 563 392";"2024-09-11 02:47:43"
"2024-09-03";"";"84 263";"13 244";"27 563 300";"2024-09-03 22:07:15"
"2024-09-02";"";"93 502";"33 348";"27 562 863";"2024-09-02 13:10:08"
"2024-09-01";"";"105 711";"8 207";"27 562 593";"2024-09-01 17:38:59"
"2024-09-08";"";"120 943";"24 804";"27 563 153";"2024-09-08 22:07:17"
"2024-09-10";"";"25 389";"46 718";"27 562 355";"2024-09-10 14:47:01"
"2024-09-01";"";"6 101";"45 938";"27 563 410";"2024-09-01 10:19:40"
"2024-09-08";"Instagram";"1 963 746";"656 391";"27 562 827";"2024-09-08 12:57:41"
"2024-09-04";"";"87 348";"73 670";"27 563 445";"2024-09-04 05:38:50"
"2024-09-04";"";"54 705";"7 158";"27 561 457";"2024-09-04 18:03:18"
"2024-09-06";"";"1 155 565";"149 516";"27 561 272";"2024-09-06 12:21:30"
"2024-09-08";"";"132 068";"90 547";"27 562 693";"2024-09-08 18:15:06"
"2024-09-08";"Yandex";"149 260";"6 891";"27 562 041";"2024-09-08 10:31:01"
"2024-09-03";"";"27 854";"10 872";"27 561 636";"2024-09-03 17:26:27"
"2024-09-05";"Telegram";"252 246 167";"15 858 224";"27 563 333";"2024-09-05 10:31:03"
"2024-09-08";"";"29 631";"2 814";"27 563 174";"2024-09-09 00:45:24"
"2024-09-02";"";"42 376";"58 853";"27 562 376";"2024-09-03 00:09:52"
"2024-09-05";"";"4 042 614";"174 479";"27 562 143";"2024-09-05 08:53:50"
"2024-09-09";"";"26 161";"18 269";"27 563 134";"2024-09-09 09:30:24"
"2024-09-07";"YouTube";"221 718";"2 018 650";"27 563 031";"2024-09-07 19:28:23"
"2024-09-05";"YouTube";"2 154 390";"699 287";"27 562 096";"2024-09-05 08:17:36"
"2024-09-04";"WhatsApp";"148 255";"8 406";"27 562 544";"2024-09-04 16:01:06"
"2024-09-08";"Facebook";"26 219";"19 813";"27 562 416";"2024-09-08 03:12:40"
"2024-09-05";"Instagram";"5 776 307";"214 254";"27 563 351";"2024-09-05 20:41:25"
"2024-09-08";"YouTube";"2 491 644";"208 424";"27 561 827";"2024-09-08 23:08:00"
"2024-09-10";"";"338 286";"224 985";"27 561 378";"2024-09-10 18:51:52"
"2024-09-07";"Yandex";"472 811";"204 169";"27 562 398";"2024-09-07 15:00:49"
"2024-09-02";"";"1 414 041";"74 996";"27 562 810";"2024-09-02 08:17:10"
"2024-09-07";"";"75 850";"6 039";"27 561 231";"2024-09-07 04:49:38"
"2024-09-10";"";"1 921 238";"89 657";"27 562 982";"2024-09-10 10:55:08"
"2024-09-03";"";"2 697";"38 771";"27 563 173";"2024-09-03 23:08:54"
"2024-09-03";"YouTube";"3 560 989";"175 323";"27 562 559";"2024-09-03 19:52:43"
"2024-09-08";"";"20 204";"32 674";"27 562 989";"2024-09-08 09:18:48"
"2024-09-06";"";"76 291";"165 428";"27 562 476";"2024-09-06 18:39:17"
"2024-09-02";"Telegram";"19 836 892";"3 131 188";"27 562 687";"2024-09-02 11:20:00"
"2024-09-10";"";"487 395";"105 178";"27 562 126";"2024-09-10 16:13:45"
"2024-09-03";"";"130 295";"447 737";"27 561 230";"2024-09-03 19:52:20"
"2024-09-03";"";"32 211";"4 508";"27 563 460";"2024-09-04 02:59:07"
"2024-09-08";"";"108 294";"49 002";"27 562 366";"2024-09-08 03:36:12"
"2024-09-03";"";"44 021 836";"2 133 372";"27 562 696";"2024-09-03 19:28:32"
"2024-09-06";"";"166 164 165";"9 510 008";"27 563 344";"2024-09-06 08:53:01"
"2024-09-08";"Telegram";"34 219 943";"19 117 603";"27 563 096";"2024-09-08 21:06:35"
"2024-09-01";"";"36 921";"7 076";"27 562 330";"2024-09-01 08:17:19"
"2024-09-04";"";"80 060";"43 046";"27 562 928";"2024-09-04 13:46:31"
"2024-09-09";"YouTube";"139 453";"443 613";"27 562 608";"2024-09-09 13:46:10"
"2024-09-02";"Likee";"243 486";"125 507";"27 561 611";"2024-09-02 20:53:29"
"2024-09-06";"Spotify";"123 437";"34 361";"27 562 234";"2024-09-07 01:58:17"
"2024-09-05";"";"1 350 401";"119 022";"27 562 766";"2024-09-06 02:23:54"
"2024-09-03";"";"287 209";"46 754";"27 562 276";"2024-09-03 06:03:39"
"2024-09-06";"YouTube";"252 345 757";"4 447 497";"27 563 333";"2024-09-07 01:34:52"
"2024-09-03";"";"59 853";"3 493";"27 561 978";"2024-09-03 13:46:33"
"2024-09-08";"";"656 974";"436 242";"27 563 140";"2024-09-08 19:16:12"
"2024-09-02";"";"149 775";"26 455";"27 562 981";"2024-09-03 01:10:22"
"2024-09-01";"";"27 183";"13 900";"27 562 007";"2024-09-01 22:43:50"
"2024-09-04";"";"140 968";"328 047";"27 561 759";"2024-09-04 10:55:10"
"2024-09-06";"";"140 000";"15 337";"27 561 763";"2024-09-06 12:57:53"
"2024-09-01";"YouTube";"8 555 702";"1 281 895";"27 561 456";"2024-09-02 00:57:35"
"2024-09-01";"YouTube";"163 116";"29 341";"27 562 545";"2024-09-01 04:37:04"
"2024-09-09";"Yandex Video";"33 350 931";"670 921";"27 563 289";"2024-09-09 07:52:18"
"2024-09-08";"";"79 437";"11 926";"27 562 560";"2024-09-08 22:43:13"
"2024-09-09";"";"323 009";"131 591";"27 562 107";"2024-09-09 19:40:46"
"2024-09-09";"";"1 441 023";"1 044 718";"27 563 154";"2024-09-09 16:01:17"
"2024-09-07";"";"3 110";"128 641";"27 563 031";"2024-09-07 18:51:57"
"2024-09-01";"";"520 878";"25 310";"27 562 263";"2024-09-01 23:08:01"
"2024-09-08";"Facebook";"1 644 333";"59 832";"27 562 170";"2024-09-09 00:45:01"
"2024-09-09";"";"501 764";"207 729";"27 561 501";"2024-09-09 08:53:14"
"2024-09-03";"";"6 086";"25 937";"27 562 512";"2024-09-03 10:43:20"
"2024-09-10";"Instagram";"11 316 880";"160 418";"27 561 511";"2024-09-10 21:18:52"
"2024-09-09";"Instagram";"385 277";"44 712";"27 561 789";"2024-09-09 08:29:39"
"2024-09-07";"";"83 471";"10 902";"27 561 441";"2024-09-07 08:53:43"
"2024-09-10";"Instagram";"1 130 931";"20 613";"27 562 553";"2024-09-10 03:24:55"
"2024-09-06";"Telegram";"175 725 327";"9 709 263";"27 561 243";"2024-09-06 09:30:45"
"2024-09-06";"TikTok";"204 112";"7 565 199";"27 561 292";"2024-09-06 10:31:53"
"2024-09-06";"";"216 120";"35 459";"27 562 801";"2024-09-06 14:59:55"
"2024-09-10";"";"147 452";"223 614";"27 562 820";"2024-09-10 05:26:50"
"2024-09-09";"";"1 518 626";"668 752";"27 561 207";"2024-09-09 21:18:33"
"2024-09-06";"";"69 684";"5 041";"27 562 330";"2024-09-06 16:25:27"
"2024-09-09";"";"41 037";"20 746";"27 561 590";"2024-09-09 10:43:17"
"2024-09-03";"";"53 501";"38 789";"27 561 908";"2024-09-03 13:10:22"
"2024-09-08";"";"32 289";"20 005";"27 562 538";"2024-09-09 01:34:42"
"2024-09-08";"";"508 373";"928 393";"27 563 289";"2024-09-08 09:06:27"
"2024-09-04";"Instagram";"45 079 571";"1 061 988";"27 561 947";"2024-09-05 02:59:15"
"2024-09-03";"";"4 327 917";"4 048 183";"27 562 634";"2024-09-03 07:40:01"
"2024-09-04";"";"26 438";"12 871";"27 561 514";"2024-09-05 00:09:33"
"2024-09-06";"";"418 377";"363 159";"27 561 449";"2024-09-06 03:36:15"
"2024-09-04";"";"17 780 973";"394 694";"27 562 917";"2024-09-04 14:47:16"
"2024-09-01";"Yandex";"4 963";"33 408";"27 561 854";"2024-09-01 22:31:23"
"2024-09-04";"";"1 560 430";"295 426";"27 563 372";"2024-09-04 11:56:18"
"2024-09-08";"";"257 644";"15 571";"27 563 136";"2024-09-09 02:35:32"
"2024-09-08";"";"35 432";"10 774";"27 561 485";"2024-09-08 09:06:42"
"2024-09-02";"YouTube";"1 605 519";"501 773";"27 563 293";"2024-09-02 23:32:12"
"2024-09-05";"Facebook";"321 765";"31 986";"27 561 872";"2024-09-05 18:51:57"
"2024-09-09";"";"88 604";"16 452";"27 562 004";"2024-09-09 11:56:30"
"2024-09-08";"";"53 681";"2 540";"27 563 491";"2024-09-08 16:01:22"
"2024-09-09";"";"3 214 076";"358 457";"27 561 730";"2024-09-09 16:13:25"
"2024-09-10";"";"69 365";"208 569";"27 563 136";"2024-09-10 17:14:19"
"2024-09-04";"";"37 472";"37 319";"27 562 838";"2024-09-04 10:31:27"
"2024-09-02";"";"175 060";"5 742";"27 561 574";"2024-09-02 13:22:08"
"2024-09-08";"Instagram";"5 666 970";"122 137";"27 563 472";"2024-09-08 22:07:51"
"2024-09-01";"";"42 587";"2 231";"27 561 689";"2024-09-01 13:58:28"
"2024-09-06";"";"151 699";"57 475";"27 561 485";"2024-09-06 17:14:51"
"2024-09-09";"";"146 396";"112 499";"27 562 057";"2024-09-09 10:55:08"
"2024-09-03";"YouTube";"48 556";"7 668";"27 562 793";"2024-09-03 19:04:22"
"2024-09-02";"";"122 826";"8 119";"27 562 719";"2024-09-02 04:25:49"
"2024-09-02";"";"707 282";"52 533";"27 563 238";"2024-09-03 02:35:38"
"2024-09-05";"YouTube";"917 240";"3 611 216";"27 561 921";"2024-09-05 19:16:44"
"2024-09-02";"";"11 822";"25 641";"27 561 421";"2024-09-03 02:23:14"
"2024-09-04";"";"780";"36 126";"27 561 863";"2024-09-04 21:06:09"
"2024-09-03";"";"59 209";"3 715";"27 562 706";"2024-09-03 23:44:29"
"2024-09-06";"";"28 271";"3 049";"27 561 392";"2024-09-06 03:00:13"
"2024-09-01";"Instagram";"37 360";"11 493";"27 562 865";"2024-09-01 16:13:08"
"2024-09-06";"";"41 344";"2 656";"27 563 507";"2024-09-06 11:20:20"
"2024-09-06";"Telegram";"175 943";"16 881";"27 561 212";"2024-09-06 11:44:08"
"2024-09-08";"";"26 743";"2 165";"27 561 253";"2024-09-08 15:48:49"
"2024-09-04";"";"26 972";"19 192";"27 562 224";"2024-09-04 15:24:41"
"2024-09-02";"";"290 056";"80 690";"27 563 250";"2024-09-02 21:06:47"
"2024-09-08";"WhatsApp";"5 815";"60 034";"27 562 087";"2024-09-08 20:29:58"
"2024-09-10";"";"25 036";"363 672";"27 562 998";"2024-09-10 07:28:47"
"2024-09-10";"";"128 129";"52 363";"27 562 608";"2024-09-10 15:12:04"
"2024-09-08";"Instagram";"1 363 050";"54 636";"27 562 094";"2024-09-08 09:06:16"
"2024-09-04";"";"67 732";"34 660";"27 562 666";"2024-09-04 11:32:03"
"2024-09-05";"";"3 192 150";"53 362";"27 561 988";"2024-09-05 19:52:55"
"2024-09-07";"YouTube";"16 645";"35 428";"27 562 413";"2024-09-07 20:53:40"
"2024-09-10";"VKontakte";"87 931";"8 376";"27 563 183";"2024-09-10 22:07:03"
"2024-09-07";"";"73 052";"37 685";"27 562 239";"2024-09-07 04:37:27"
"2024-09-02";"";"30 436";"10 188";"27 561 205";"2024-09-02 19:04:46"
"2024-09-01";"";"1 721 531";"57 598";"27 561 453";"2024-09-01 12:09:31"
"2024-09-02";"";"111 185";"60 688";"27 561 623";"2024-09-02 12:33:38"
"2024-09-08";"";"130 931";"6 679";"27 563 442";"2024-09-08 21:30:56"
"2024-09-09";"";"78 868";"8 789";"27 563 119";"2024-09-09 12:57:36"
"2024-09-09";"WhatsApp";"29 935";"21 553";"27 562 642";"2024-09-09 11:08:34"
"2024-09-01";"Unknown";"116 495";"104 485";"27 562 658";"2024-09-01 15:00:49"
"2024-09-10";"YouTube";"102 426";"10 641";"27 561 428";"2024-09-10 06:27:50"
"2024-09-02";"";"106 679";"5 857";"27 562 890";"2024-09-02 03:36:45"
"2024-09-02";"";"77 132";"5 365";"27 561 895";"2024-09-02 12:57:44"
"2024-09-06";"";"382 705";"236 544";"27 562 099";"2024-09-06 04:49:12"
"2024-09-02";"";"38 843";"6 889";"27 561 236";"2024-09-02 15:12:37"
"2024-09-04";"";"363 888";"10 060";"27 561 449";"2024-09-04 07:28:19"
"2024-09-06";"YouTube";"6 107 245";"295 662";"27 562 445";"2024-09-06 22:07:09"
"2024-09-03";"";"27 951";"11 260";"27 561 759";"2024-09-03 22:31:32"
"2024-09-08";"";"410 855";"12 381";"27 561 567";"2024-09-08 23:56:32"
"2024-09-05";"WhatsApp";"151 215";"50 112";"27 562 863";"2024-09-05 18:27:33"
"2024-09-08";"";"108 210";"9 811";"27 561 669";"2024-09-08 16:01:40"
"2024-09-09";"Facebook";"5 229 327";"294 161";"27 563 357";"2024-09-09 11:08:34"
"2024-09-09";"Telegram";"321 435";"127 091";"27 562 818";"2024-09-09 17:26:45"
"2024-09-02";"";"191 555";"8 363";"27 562 156";"2024-09-03 01:58:19"
"2024-09-02";"";"98 702 924";"7 899 860";"27 563 358";"2024-09-02 19:04:07"
"2024-09-02";"Yandex";"779 333";"28 349";"27 563 205";"2024-09-02 13:22:36"
"2024-09-05";"Instagram";"112 867 259";"1 457 349";"27 561 330";"2024-09-05 11:08:06"
"2024-09-09";"Telegram";"148 643";"20 692";"27 562 266";"2024-09-09 18:15:13"
"2024-09-02";"";"87 387";"88 641";"27 561 426";"2024-09-02 15:48:20"
"2024-09-05";"";"82 684";"11 015";"27 563 446";"2024-09-05 06:39:36"
"2024-09-03";"";"147 009";"215 835";"27 563 177";"2024-09-03 15:24:28"
"2024-09-02";"";"1 528 938";"41 419";"27 561 542";"2024-09-02 16:37:43"
"2024-09-10";"";"59 178";"13 096";"27 561 302";"2024-09-10 13:34:02"
"2024-09-09";"Telegram";"165 773";"115 728";"27 561 378";"2024-09-09 08:41:55"
"2024-09-04";"";"26 750";"1 690";"27 562 021";"2024-09-04 03:00:44"
"2024-09-10";"";"137 627";"5 113";"27 561 199";"2024-09-10 15:00:47"
"2024-09-03";"VKontakte";"43 982";"4 000";"27 561 641";"2024-09-03 09:42:59"
"2024-09-06";"";"103 588";"127 763";"27 561 616";"2024-09-06 18:51:33"
"2024-09-05";"";"86 082";"138 148";"27 561 314";"2024-09-06 01:10:22"
"2024-09-02";"";"32 265";"12 816";"27 563 143";"2024-09-02 12:21:30"
"2024-09-08";"YouTube";"392 315";"46 422";"27 562 045";"2024-09-08 20:17:07"
"2024-09-04";"Telegram";"11 898 206";"752 766";"27 561 942";"2024-09-04 23:32:29"
"2024-09-07";"";"168 624 550";"12 924 153";"27 563 420";"2024-09-07 10:43:07"
"2024-09-06";"";"425 666";"33 329";"27 563 218";"2024-09-06 22:55:29"
"2024-09-05";"";"16 360";"40 374";"27 563 491";"2024-09-06 01:34:27"
"2024-09-05";"";"158 198";"16 021";"27 562 647";"2024-09-05 06:39:02"
"2024-09-04";"Likee";"15 336 468";"963 380";"27 562 372";"2024-09-04 11:08:38"
"2024-09-01";"";"169 683";"13 759";"27 562 788";"2024-09-01 13:22:34"
"2024-09-02";"YouTube";"260 817 618";"19 456 598";"27 562 696";"2024-09-02 11:56:22"
"2024-09-05";"";"3 694 237";"1 035 513";"27 563 334";"2024-09-06 01:10:17"
"2024-09-06";"";"38 581";"25 960";"27 562 055";"2024-09-06 08:41:45"
"2024-09-04";"YouTube";"334 688 199";"19 334 003";"27 563 471";"2024-09-04 05:02:42"
"2024-09-04";"";"28 502 409";"1 080 700";"27 562 838";"2024-09-04 16:49:31"
"2024-09-07";"PUBG";"2 882 323";"145 996";"27 563 009";"2024-09-08 02:59:43"
"2024-09-07";"";"37 669 783";"1 819 789";"27 562 851";"2024-09-07 23:32:35"
"2024-09-09";"Telegram";"78 626 907";"26 839 105";"27 563 207";"2024-09-09 07:52:40"
"2024-09-07";"";"60 449";"10 449";"27 561 815";"2024-09-07 05:38:48"
"2024-09-10";"Tas-ix";"1 572 042";"301 474";"27 561 855";"2024-09-10 07:16:15"
"2024-09-09";"";"124 396";"8 318";"27 561 690";"2024-09-09 21:54:07"
"2024-09-01";"Instagram";"25 662 317";"843 935";"27 561 506";"2024-09-01 07:52:42"
"2024-09-04";"YouTube";"722 551 436";"32 543 376";"27 562 838";"2024-09-04 23:32:08"
"2024-09-08";"Yandex";"754 998";"453 582";"27 562 240";"2024-09-08 15:00:25"
"2024-09-06";"Facebook";"913 736";"23 030";"27 561 570";"2024-09-07 01:46:07"
"2024-09-04";"";"294 621";"19 439";"27 562 124";"2024-09-04 23:20:20"
"2024-09-01";"";"256 665";"12 137";"27 562 156";"2024-09-01 05:02:48"
"2024-09-01";"";"153 996";"11 520";"27 563 344";"2024-09-01 15:36:35"
"2024-09-08";"";"3 781 553";"397 362";"27 562 400";"2024-09-08 14:35:29"
"2024-09-09";"";"816 244";"131 139";"27 562 684";"2024-09-09 10:43:53"
"2024-09-07";"PUBG";"2 655 026";"102 783";"27 563 264";"2024-09-07 20:29:38"
"2024-09-04";"";"1 639 790";"86 190";"27 561 449";"2024-09-04 23:20:39"
"2024-09-06";"";"484 193";"21 562";"27 563 082";"2024-09-06 06:15:17"
"2024-09-05";"";"3 724 568";"191 515";"27 562 527";"2024-09-05 06:03:40"
"2024-09-03";"";"1 119 680";"38 902";"27 562 806";"2024-09-03 09:42:05"
"2024-09-10";"Instagram";"545 903";"387 906";"27 562 984";"2024-09-10 20:29:38"
"2024-09-05";"";"50 530";"7 695";"27 563 129";"2024-09-05 04:25:42"
"2024-09-10";"";"80 556 608";"4 539 379";"27 562 224";"2024-09-10 06:27:39"
"2024-09-10";"";"58 502";"5 962";"27 563 036";"2024-09-10 03:24:44"
"2024-09-05";"";"49 809";"3 889";"27 562 239";"2024-09-05 13:58:56"
"2024-09-04";"";"156 371";"198 276";"27 563 184";"2024-09-05 02:47:06"
"2024-09-09";"";"2 087 741";"70 934";"27 563 136";"2024-09-09 22:55:46"
"2024-09-03";"YouTube";"205 023 620";"13 146 109";"27 562 550";"2024-09-03 12:09:37"
"2024-09-10";"Tas-ix";"601 176";"55 262";"27 561 940";"2024-09-10 17:38:24"
"2024-09-09";"";"131 427";"114 373";"27 562 286";"2024-09-09 19:40:58"
"2024-09-07";"YouTube";"165 000 250";"9 885 685";"27 562 252";"2024-09-08 02:35:39"
"2024-09-05";"YouTube";"1 313 956";"141 923";"27 561 591";"2024-09-05 18:39:38"
"2024-09-10";"Telegram";"436 200";"81 748";"27 561 479";"2024-09-10 07:28:19"
"2024-09-03";"";"443 358 359";"60 856 598";"27 562 091";"2024-09-03 16:37:49"
"2024-09-09";"";"805 251";"69 527";"27 562 442";"2024-09-09 05:38:47"
"2024-09-10";"";"35 291";"4 237";"27 561 485";"2024-09-10 03:48:35"
"2024-09-10";"";"91 351";"305 009";"27 561 983";"2024-09-10 03:00:03"
"2024-09-01";"";"20 642 979";"781 322";"27 561 460";"2024-09-01 08:41:43"
"2024-09-08";"";"128 138";"12 891";"27 563 135";"2024-09-08 08:29:30"
"2024-09-10";"TikTok";"4 657";"39 238";"27 562 133";"2024-09-11 02:35:18"
"2024-09-09";"";"380 330";"33 829";"27 563 041";"2024-09-09 18:39:01"
"2024-09-10";"";"154 189";"282 724";"27 562 435";"2024-09-10 20:53:49"
"2024-09-09";"";"51 565";"13 334";"27 561 958";"2024-09-09 06:39:48"
"2024-09-05";"";"71 642";"3 743";"27 561 172";"2024-09-05 04:25:33"
"2024-09-04";"";"27 884";"9 916";"27 562 965";"2024-09-04 03:00:18"
"2024-09-01";"";"237 120";"11 842";"27 562 267";"2024-09-01 13:22:29"
"2024-09-07";"";"69 796";"3 942";"27 562 061";"2024-09-07 13:58:17"
"2024-09-07";"Facebook";"31 066";"6 993";"27 561 192";"2024-09-07 22:19:20"
"2024-09-01";"Unknown";"2 127 104";"108 502";"27 562 543";"2024-09-01 09:06:36"
"2024-09-08";"";"680 908";"197 880";"27 562 292";"2024-09-08 07:28:27"
"2024-09-03";"Facebook";"65 991";"8 324";"27 561 870";"2024-09-03 14:35:23"
"2024-09-04";"";"25 800";"24 369";"27 562 487";"2024-09-04 12:09:21"
"2024-09-10";"";"69 421";"2 385";"27 561 690";"2024-09-11 01:46:58"
"2024-09-01";"";"17 202 805";"3 513 936";"27 562 863";"2024-09-01 16:01:47"
"2024-09-03";"";"1 575 444";"83 093";"27 561 882";"2024-09-03 20:17:25"
"2024-09-10";"Unknown";"1 109 426";"83 715";"27 562 733";"2024-09-10 08:41:51"
"2024-09-02";"Instagram";"2 399 602";"78 504";"27 562 211";"2024-09-02 13:46:01"
"2024-09-09";"";"193 685";"20 743";"27 561 243";"2024-09-09 15:48:44"
"2024-09-04";"";"8 583";"136 570";"27 562 098";"2024-09-04 04:13:11"
"2024-09-03";"";"57 635";"1 487";"27 561 840";"2024-09-03 13:22:51"
"2024-09-09";"";"210 701";"383 970";"27 561 915";"2024-09-10 02:11:06"
"2024-09-05";"Telegram";"240 266 000";"7 646 979";"27 561 253";"2024-09-05 14:59:49"
"2024-09-10";"";"36 060";"9 278";"27 561 641";"2024-09-10 05:38:33"
"2024-09-09";"Instagram";"2 414 695";"129 274";"27 562 594";"2024-09-09 20:29:59"
"2024-09-07";"Telegram";"68 390 773";"5 741 540";"27 562 956";"2024-09-07 12:33:23"
"2024-09-08";"";"50 450";"7 383";"27 562 771";"2024-09-08 20:53:38"
"2024-09-02";"";"60 363";"7 704";"27 562 571";"2024-09-02 06:27:20"
"2024-09-02";"Facebook";"7 933 609";"132 184";"27 562 824";"2024-09-02 20:53:17"
"2024-09-03";"";"105 164";"52 746";"27 561 448";"2024-09-03 17:50:19"
"2024-09-02";"";"404 308";"32 580";"27 561 402";"2024-09-02 19:28:48"
"2024-09-04";"";"2 587 340";"400 048";"27 561 592";"2024-09-04 15:48:53"
"2024-09-06";"";"24 962";"34 223";"27 562 560";"2024-09-06 04:25:51"
"2024-09-04";"";"190 837";"193 854";"27 562 039";"2024-09-04 22:31:06"
"2024-09-02";"";"53 599";"4 289";"27 563 342";"2024-09-02 03:48:38"
"2024-09-08";"Instagram";"38 281 663";"984 675";"27 561 823";"2024-09-08 13:58:23"
"2024-09-08";"Instagram";"97 848 618";"1 891 574";"27 563 097";"2024-09-08 11:32:21"
"2024-09-03";"";"413 301";"51 570";"27 561 332";"2024-09-03 18:51:28"
"2024-09-03";"";"719 491";"148 744";"27 562 376";"2024-09-03 14:35:42"
"2024-09-04";"";"28 762";"16 361";"27 562 657";"2024-09-04 06:03:31"
"2024-09-06";"";"25 743";"5 860";"27 562 088";"2024-09-06 22:43:16"
"2024-09-05";"";"13 678 238";"662 287";"27 562 800";"2024-09-06 00:45:05"
"2024-09-03";"";"6 449 924";"6 435 724";"27 561 785";"2024-09-03 03:48:36"
"2024-09-04";"WhatsApp";"71 284";"18 246";"27 562 701";"2024-09-04 13:10:55"
"2024-09-04";"Tas-ix";"211 358";"7 071";"27 562 903";"2024-09-04 08:29:24"
"2024-09-10";"";"128 520";"81 037";"27 562 508";"2024-09-10 16:37:55"
"2024-09-02";"";"98 170";"5 734";"27 561 380";"2024-09-02 11:44:19"
"2024-09-09";"YouTube";"459 682";"65 388";"27 562 572";"2024-09-10 01:10:30"
"2024-09-09";"";"28 722";"10 085";"27 562 567";"2024-09-10 02:47:28"
"2024-09-02";"";"76 270";"4 348";"27 561 906";"2024-09-02 05:38:26"
"2024-09-04";"Instagram";"11 942 963";"404 030";"27 561 597";"2024-09-04 04:13:49"
"2024-09-09";"Telegram";"203 635 667";"32 415 760";"27 562 982";"2024-09-09 06:27:54"
"2024-09-04";"";"82 639";"4 597";"27 562 223";"2024-09-04 23:56:32"
"2024-09-07";"";"41 036";"3 723";"27 562 538";"2024-09-08 02:59:27"
"2024-09-05";"WhatsApp";"33 232";"13 685";"27 561 573";"2024-09-06 00:57:49"
"2024-09-06";"";"657 846";"320 523";"27 563 238";"2024-09-06 12:09:03"
"2024-09-04";"";"480 913";"108 235";"27 563 169";"2024-09-04 23:08:11"
"2024-09-02";"";"286 377";"640 798";"27 561 435";"2024-09-02 10:55:31"
"2024-09-04";"";"20 351";"25 873";"27 562 144";"2024-09-04 03:24:42"
"2024-09-01";"";"405 272";"240 346";"27 561 239";"2024-09-01 21:18:36"
"2024-09-05";"Yandex";"586 559";"22 439";"27 561 772";"2024-09-06 01:58:29"
"2024-09-04";"Facebook";"6 772 046";"191 908";"27 562 047";"2024-09-04 21:54:39"
"2024-09-06";"YouTube";"2 610 110";"684 248";"27 561 643";"2024-09-07 01:58:03"
"2024-09-04";"Unknown";"191 402";"29 344";"27 562 760";"2024-09-04 21:06:47"
"2024-09-02";"";"437 730";"24 020";"27 561 691";"2024-09-02 17:50:57"
"2024-09-06";"";"59 269";"6 428";"27 562 771";"2024-09-06 12:57:56"
"2024-09-10";"Instagram";"1 218 296";"202 046";"27 561 237";"2024-09-11 01:22:43"
"2024-09-05";"";"57 374";"88 476";"27 562 950";"2024-09-05 05:50:18"
"2024-09-03";"";"348 986";"16 983";"27 563 464";"2024-09-03 20:29:59"
"2024-09-02";"";"44 507";"25 783";"27 563 220";"2024-09-02 21:30:42"
"2024-09-04";"";"380 211";"21 368";"27 562 735";"2024-09-04 14:59:55"
"2024-09-09";"";"26 185";"4 248";"27 562 729";"2024-09-09 04:13:04"
"2024-09-09";"YouTube";"159 731";"23 190";"27 562 883";"2024-09-09 20:41:29"
"2024-09-07";"YouTube";"12 438 334";"1 420 979";"27 561 914";"2024-09-07 12:33:53"
"2024-09-02";"";"2 001 955";"339 016";"27 562 197";"2024-09-02 14:11:09"
"2024-09-10";"";"31 644";"1 884";"27 561 253";"2024-09-10 03:48:35"
"2024-09-06";"";"105 011";"10 924";"27 563 171";"2024-09-06 18:15:19"
"2024-09-09";"Facebook";"85 273";"55 453";"27 561 670";"2024-09-09 17:26:27"
"2024-09-06";"";"606 485";"202 445";"27 563 052";"2024-09-06 13:10:49"
"2024-09-01";"";"11 578";"82 652";"27 562 590";"2024-09-01 09:30:42"
"2024-09-02";"";"84 525";"57 857";"27 561 943";"2024-09-02 17:02:43"
"2024-09-04";"";"443 647";"39 697";"27 561 692";"2024-09-04 11:44:33"
"2024-09-04";"";"1 695 174";"107 770";"27 563 098";"2024-09-04 19:04:29"
"2024-09-01";"";"120 810";"25 764";"27 562 124";"2024-09-01 09:54:25"
"2024-09-10";"";"291 540";"15 793";"27 562 243";"2024-09-10 16:13:13"
"2024-09-04";"";"376 065";"18 881";"27 562 709";"2024-09-04 05:26:49"
"2024-09-01";"";"64 595 281";"790 362";"27 562 542";"2024-09-01 22:43:36"
"2024-09-08";"";"853 519";"279 146";"27 561 490";"2024-09-08 12:45:46"
"2024-09-03";"Unknown";"42 802";"8 249";"27 562 376";"2024-09-03 06:51:30"
"2024-09-08";"";"142 738";"183 387";"27 561 872";"2024-09-08 16:25:21"
"2024-09-04";"YouTube";"4 177";"39 559";"27 561 695";"2024-09-04 11:56:17"
"2024-09-08";"";"168 153";"97 058";"27 561 356";"2024-09-08 14:11:12"
"2024-09-03";"";"3 065 173";"776 531";"27 562 894";"2024-09-03 03:24:17"
"2024-09-06";"";"13 344 237";"594 874";"27 561 924";"2024-09-06 10:31:11"
"2024-09-03";"";"70 294";"6 100";"27 563 223";"2024-09-03 05:14:43"
"2024-09-07";"Facebook";"35 283";"29 187";"27 561 760";"2024-09-07 09:30:44"
"2024-09-10";"Apple Music";"559 528 002";"7 326 858";"27 561 840";"2024-09-10 15:00:48"
"2024-09-10";"";"139 447";"6 201";"27 562 445";"2024-09-10 19:28:16"
"2024-09-10";"";"31 510";"4 159";"27 562 696";"2024-09-10 08:29:56"
"2024-09-08";"TikTok";"1 796";"74 477";"27 562 965";"2024-09-08 04:13:42"
"2024-09-10";"Yandex Video";"390 402 581";"18 629 498";"27 563 518";"2024-09-10 10:19:00"
"2024-09-02";"Facebook";"502 385";"25 077";"27 562 059";"2024-09-02 17:02:54"
"2024-09-08";"Telegram";"70 735";"14 995";"27 561 851";"2024-09-08 05:50:17"
"2024-09-08";"Yandex";"12 538";"31 013";"27 562 167";"2024-09-08 18:51:15"
"2024-09-10";"Facebook";"1 040 261";"60 728";"27 562 743";"2024-09-10 16:49:29"
"2024-09-02";"YouTube";"6 180 505";"376 482";"27 561 596";"2024-09-02 22:07:49"
"2024-09-10";"Instagram";"22 639 045";"570 762";"27 562 993";"2024-09-10 10:07:18"
"2024-09-03";"";"254 766";"27 007";"27 561 686";"2024-09-03 16:13:57"
"2024-09-02";"";"7 578 420";"4 093 864";"27 561 454";"2024-09-02 07:04:22"
"2024-09-02";"";"206 040 655";"1 328 274";"27 561 392";"2024-09-02 04:49:29"
"2024-09-02";"";"801 532";"109 096";"27 561 185";"2024-09-02 23:08:46"
"2024-09-07";"";"4 866 954";"282 912";"27 562 356";"2024-09-07 21:06:18"
"2024-09-07";"";"200 339";"11 946";"27 561 743";"2024-09-07 08:05:22"
"2024-09-05";"YouTube";"14 225 851";"1 896 583";"27 561 249";"2024-09-05 05:14:04"
"2024-09-08";"";"5 020";"72 740";"27 561 857";"2024-09-08 03:00:57"
"2024-09-02";"";"510 758";"125 664";"27 562 545";"2024-09-02 17:02:04"
"2024-09-08";"";"1 090 802";"54 894";"27 562 872";"2024-09-08 11:56:56"
"2024-09-01";"";"32 960";"4 198";"27 562 944";"2024-09-01 09:18:11"
"2024-09-01";"";"68 586";"4 005";"27 562 518";"2024-09-01 18:51:05"
"2024-09-01";"Instagram";"1 939 682";"3 783 931";"27 562 481";"2024-09-02 00:33:56"
"2024-09-08";"YouTube";"48 530 312";"2 994 940";"27 561 184";"2024-09-08 15:12:32"
"2024-09-05";"";"30 266";"1 912";"27 562 360";"2024-09-05 21:18:21"
"2024-09-08";"";"122 175";"33 990";"27 562 791";"2024-09-09 00:45:01"
"2024-09-04";"";"70 344";"91 335";"27 561 239";"2024-09-04 18:39:56"
"2024-09-06";"";"297 145";"51 001";"27 561 293";"2024-09-06 05:26:01"
"2024-09-02";"Facebook";"373 452";"160 219";"27 563 453";"2024-09-02 10:31:56"
"2024-09-03";"";"450 007";"27 892";"27 563 264";"2024-09-03 14:59:38"
"2024-09-01";"";"57 573";"11 429";"27 561 489";"2024-09-01 05:02:30"
"2024-09-06";"";"341 603";"106 827";"27 563 203";"2024-09-06 17:50:44"
"2024-09-07";"Instagram";"5 094 941";"6 206 978";"27 563 099";"2024-09-07 10:19:39"
"2024-09-10";"Odnoklassniki";"29 357";"4 016";"27 563 148";"2024-09-10 16:13:33"
"2024-09-02";"";"526 494";"22 273";"27 563 083";"2024-09-02 10:07:27"
"2024-09-08";"";"15 662";"37 849";"27 561 640";"2024-09-08 18:51:55"
"2024-09-09";"";"15 019";"27 254";"27 561 402";"2024-09-09 12:33:02"
"2024-09-08";"";"136 750";"44 851";"27 562 921";"2024-09-08 20:41:16"
"2024-09-05";"YouTube";"85 163 787";"8 084 142";"27 563 317";"2024-09-05 12:09:19"
"2024-09-06";"";"51 594";"13 785";"27 563 278";"2024-09-06 06:39:53"
"2024-09-04";"";"32 833";"2 197";"27 561 428";"2024-09-04 17:50:50"
"2024-09-06";"";"83 718";"11 836";"27 561 380";"2024-09-06 13:34:55"
"2024-09-06";"TikTok";"33 289";"222 597";"27 562 978";"2024-09-07 01:46:38"
"2024-09-02";"";"87 765";"72 854";"27 562 494";"2024-09-02 14:59:46"
"2024-09-03";"";"176 077";"6 851 466";"27 561 604";"2024-09-03 10:43:15"
"2024-09-02";"YouTube";"56 965";"2 600";"27 562 741";"2024-09-03 00:45:55"
"2024-09-05";"Facebook";"36 516";"51 583";"27 563 156";"2024-09-05 22:19:40"
"2024-09-07";"";"53 335";"6 299";"27 562 445";"2024-09-07 21:54:56"
"2024-09-01";"";"1 376 348";"65 706";"27 562 965";"2024-09-01 17:14:20"
"2024-09-02";"";"113 426";"21 491";"27 561 887";"2024-09-02 16:37:29"
"2024-09-06";"Telegram";"1 160 059";"169 920";"27 563 258";"2024-09-06 22:19:39"
"2024-09-04";"";"26 603";"2 144";"27 562 398";"2024-09-04 22:07:47"
"2024-09-08";"YouTube";"1 144 161";"85 292";"27 562 033";"2024-09-08 08:53:54"
"2024-09-07";"Instagram";"1 834 434";"83 187";"27 563 083";"2024-09-08 00:21:36"
"2024-09-03";"";"1 637 415";"111 790";"27 563 116";"2024-09-03 16:25:32"
"2024-09-10";"";"93 133 727";"4 426 141";"27 563 266";"2024-09-10 15:48:58"
"2024-09-09";"";"212 276";"49 014";"27 562 781";"2024-09-09 05:50:32"
"2024-09-03";"Instagram";"652 275";"120 052";"27 561 384";"2024-09-03 10:07:43"
"2024-09-09";"";"431 550";"25 137";"27 563 469";"2024-09-09 18:27:06"
"2024-09-02";"";"158 534";"65 670";"27 561 697";"2024-09-02 23:44:22"
"2024-09-03";"";"30 272";"2 780";"27 563 221";"2024-09-03 07:52:30"
"2024-09-06";"";"124 221";"66 655";"27 563 432";"2024-09-06 07:16:48"
"2024-09-02";"";"232 360";"7 287";"27 562 352";"2024-09-02 10:07:56"
"2024-09-09";"Instagram";"8 947 655";"476 005";"27 563 047";"2024-09-09 15:00:36"
"2024-09-02";"";"1 878 832";"76 025";"27 561 815";"2024-09-02 12:57:48"
"2024-09-01";"";"67 666";"76 742";"27 562 239";"2024-09-01 03:48:04"
"2024-09-05";"";"17 548";"70 665";"27 561 571";"2024-09-05 16:13:42"
"2024-09-05";"";"244 382";"9 588";"27 562 365";"2024-09-05 05:50:19"
"2024-09-05";"Telegram";"7 068 595";"442 209";"27 561 815";"2024-09-05 07:04:48"
"2024-09-07";"";"163 673";"12 544";"27 561 428";"2024-09-07 12:57:22"
"2024-09-06";"";"16 492 763";"1 521 357";"27 561 707";"2024-09-06 11:20:21"
"2024-09-02";"Facebook";"47 347";"2 056";"27 563 100";"2024-09-02 14:23:14"
"2024-09-08";"Yandex";"1 691 430";"728 988";"27 562 593";"2024-09-08 21:18:24"
"2024-09-04";"";"46 768";"2 629";"27 562 685";"2024-09-04 08:17:13"
"2024-09-07";"";"16 968 212";"891 578";"27 562 140";"2024-09-08 01:10:37"
"2024-09-06";"Facebook";"54 189";"25 178";"27 561 307";"2024-09-07 02:47:13"
"2024-09-10";"";"2 824 185";"44 077";"27 561 375";"2024-09-11 01:22:02"
"2024-09-08";"";"313 958";"64 118";"27 561 173";"2024-09-08 07:16:00"
"2024-09-09";"";"28 820";"9 227";"27 562 839";"2024-09-09 10:07:20"
"2024-09-09";"";"41 391";"1 703 763";"27 563 453";"2024-09-09 21:54:51"
"2024-09-03";"Instagram";"55 341";"16 897";"27 562 973";"2024-09-04 01:58:02"
"2024-09-01";"YouTube";"727 342";"288 147";"27 562 782";"2024-09-01 04:49:14"
"2024-09-01";"";"507 373";"297 747";"27 561 484";"2024-09-01 19:40:11"
"2024-09-05";"";"5 938 083";"129 407";"27 562 917";"2024-09-05 05:50:14"
"2024-09-06";"";"72 436";"7 825";"27 562 872";"2024-09-06 08:41:22"
"2024-09-09";"";"54 435";"3 323";"27 562 654";"2024-09-09 17:38:37"
"2024-09-10";"";"545 380";"67 215";"27 562 086";"2024-09-10 22:55:05"
"2024-09-10";"";"45 963";"158 640";"27 563 096";"2024-09-10 06:03:06"
"2024-09-10";"";"54 202";"3 205";"27 563 363";"2024-09-11 02:47:34"
"2024-09-06";"Instagram";"86 841 640";"1 747 597";"27 561 224";"2024-09-06 08:17:52"
"2024-09-01";"Yandex";"537 843";"27 860";"27 561 394";"2024-09-02 02:23:17"
"2024-09-03";"";"21 043 395";"17 106 998";"27 561 613";"2024-09-03 20:53:23"
"2024-09-06";"YouTube";"49 741";"72 652";"27 562 849";"2024-09-06 20:53:23"
"2024-09-03";"";"139 058";"13 290";"27 561 597";"2024-09-03 23:08:23"
"2024-09-06";"";"3 036 571";"89 697";"27 563 335";"2024-09-06 07:28:02"
"2024-09-10";"";"139 972";"11 420";"27 561 866";"2024-09-10 03:12:13"
"2024-09-05";"";"58 283";"6 386";"27 563 419";"2024-09-05 16:49:46"
"2024-09-02";"YouTube";"10 555 073";"364 253";"27 561 517";"2024-09-03 01:46:53"
"2024-09-09";"";"625 124";"76 758";"27 563 135";"2024-09-09 05:02:58"
"2024-09-02";"";"123 067";"39 668";"27 561 692";"2024-09-02 18:15:07"
"2024-09-07";"";"31 611";"4 777";"27 562 646";"2024-09-07 07:28:03"
"2024-09-03";"";"28 505";"19 026";"27 561 378";"2024-09-03 14:11:55"
"2024-09-02";"YouTube";"3 781 723";"251 865";"27 561 437";"2024-09-02 07:28:15"
"2024-09-07";"Apple Music";"20 007 005";"905 899";"27 563 213";"2024-09-07 03:24:29"
"2024-09-10";"";"3 475 841";"525 427";"27 563 509";"2024-09-10 15:48:52"
"2024-09-07";"";"303 263";"57 586";"27 562 612";"2024-09-07 12:09:08"
"2024-09-09";"";"27 817";"6 646";"27 561 221";"2024-09-10 02:23:44"
"2024-09-07";"";"295 813";"31 369";"27 563 005";"2024-09-07 17:02:31"
"2024-09-07";"";"31 889 486";"2 959 278";"27 562 058";"2024-09-07 23:44:07"
"2024-09-02";"";"117 486";"57 607";"27 562 597";"2024-09-02 16:13:10"
"2024-09-07";"";"33 930";"2 271";"27 563 372";"2024-09-07 12:21:02"
"2024-09-10";"Telegram";"612 835";"192 739";"27 562 788";"2024-09-10 17:14:15"
"2024-09-01";"";"238 711";"183 160";"27 562 812";"2024-09-02 02:11:18"
"2024-09-10";"Telegram";"3 360 019";"585 698";"27 561 830";"2024-09-11 00:57:37"
"2024-09-07";"YouTube";"80 370";"9 399";"27 561 176";"2024-09-07 12:09:57"
"2024-09-02";"";"200 053";"8 009";"27 562 897";"2024-09-02 09:42:40"
"2024-09-08";"";"825 154";"75 092";"27 563 450";"2024-09-08 09:06:02"
"2024-09-08";"";"388 519";"122 864";"27 562 097";"2024-09-08 18:03:13"
"2024-09-05";"";"27 077";"9 766";"27 562 561";"2024-09-05 06:03:08"
"2024-09-07";"";"71 149";"9 460";"27 562 905";"2024-09-07 20:29:26"
"2024-09-08";"";"285 378";"14 669";"27 562 202";"2024-09-09 02:47:00"
"2024-09-04";"";"10 849";"26 531";"27 563 388";"2024-09-04 15:00:13"
"2024-09-06";"";"52 119";"3 471";"27 562 590";"2024-09-06 09:30:15"
"2024-09-06";"";"105 770";"5 282";"27 563 223";"2024-09-06 07:52:30"
"2024-09-01";"";"88 051";"31 575";"27 561 890";"2024-09-01 13:46:56"
"2024-09-08";"";"892 772";"875 530";"27 563 264";"2024-09-08 09:42:43"
"2024-09-06";"Telegram";"148 896";"12 363";"27 562 204";"2024-09-06 06:39:52"
"2024-09-06";"YouTube";"28 411";"11 021";"27 563 121";"2024-09-06 03:12:34"
"2024-09-07";"";"32 185";"3 475";"27 562 298";"2024-09-07 23:20:56"
"2024-09-06";"";"32 065";"2 091";"27 563 033";"2024-09-06 07:16:41"
"2024-09-10";"";"102 781";"3 908";"27 562 352";"2024-09-10 12:09:46"
"2024-09-08";"Apple Music";"614 694 237";"11 420 037";"27 561 536";"2024-09-08 21:54:22"
"2024-09-07";"IMO";"8 818 371";"7 066 958";"27 562 372";"2024-09-07 20:29:33"
"2024-09-02";"Yandex";"176 781";"123 067";"27 563 112";"2024-09-02 19:28:58"
"2024-09-06";"Instagram";"2 096 092";"1 030 499";"27 563 084";"2024-09-06 18:51:05"
"2024-09-09";"";"230 428";"88 361";"27 563 174";"2024-09-10 00:09:07"
"2024-09-07";"";"89 775";"201 456";"27 562 067";"2024-09-07 18:51:32"
"2024-09-06";"";"63 782";"6 861";"27 561 438";"2024-09-06 14:23:46"
"2024-09-06";"Yandex";"207 376";"156 903";"27 563 395";"2024-09-06 10:19:42"
"2024-09-01";"";"219 488";"34 765";"27 563 047";"2024-09-02 00:33:22"
"2024-09-07";"Instagram";"4 774 633";"14 888 288";"27 561 189";"2024-09-07 12:21:09"
"2024-09-07";"Yandex";"296 273";"76 321";"27 562 622";"2024-09-07 21:54:05"
"2024-09-02";"YouTube";"183 184";"83 807";"27 562 302";"2024-09-02 18:51:29"
"2024-09-08";"";"89 941";"7 722";"27 561 224";"2024-09-08 10:43:16"
"2024-09-09";"";"33 664";"7 636";"27 562 689";"2024-09-09 23:20:53"
"2024-09-03";"";"74 686";"3 512";"27 562 202";"2024-09-03 09:18:01"
"2024-09-05";"";"25 465";"30 974";"27 561 265";"2024-09-05 18:39:24"
"2024-09-04";"";"175 201";"17 635";"27 563 134";"2024-09-04 23:56:08"
"2024-09-05";"";"43 514";"11 104";"27 563 143";"2024-09-05 21:18:06"
"2024-09-03";"";"10 727";"32 298";"27 562 236";"2024-09-03 20:05:10"
"2024-09-04";"YouTube";"116 350";"989 771";"27 561 300";"2024-09-04 12:21:21"
"2024-09-07";"YouTube";"1 763 187";"437 010";"27 561 595";"2024-09-08 00:57:41"
"2024-09-04";"";"378 305";"19 226";"27 561 784";"2024-09-04 22:31:15"
"2024-09-07";"";"226 109";"9 925";"27 561 719";"2024-09-07 21:54:20"
"2024-09-10";"";"9 556";"356 102";"27 562 025";"2024-09-10 21:18:56"
"2024-09-09";"Facebook";"155 463";"57 635";"27 563 119";"2024-09-09 05:38:30"
"2024-09-03";"";"139 409";"21 618";"27 562 590";"2024-09-03 14:47:50"
"2024-09-07";"";"566 343";"363 840";"27 561 269";"2024-09-07 18:03:01"
"2024-09-10";"";"3 878 574";"227 350";"27 563 036";"2024-09-10 07:04:19"
"2024-09-08";"";"508 024";"42 457";"27 562 242";"2024-09-08 20:41:44"
"2024-09-09";"";"64 138";"10 265";"27 561 582";"2024-09-09 06:03:24"
"2024-09-02";"YouTube";"593 615";"147 661";"27 562 863";"2024-09-02 15:36:32"
"2024-09-05";"";"33 159 254";"3 099 722";"27 563 058";"2024-09-05 19:16:09"
"2024-09-04";"YouTube";"6 863 170";"366 988";"27 561 545";"2024-09-04 17:38:01"
"2024-09-08";"";"69 699";"5 882";"27 563 122";"2024-09-08 08:41:35"
"2024-09-10";"";"25 477 371";"1 154 389";"27 563 029";"2024-09-10 19:40:37"
"2024-09-06";"";"69 785";"17 574";"27 561 818";"2024-09-07 02:59:33"
"2024-09-05";"TikTok";"193 596";"889 163";"27 561 215";"2024-09-06 02:59:27"
"2024-09-10";"Tas-ix";"1 560 151";"95 482";"27 563 404";"2024-09-10 20:53:56"
"2024-09-08";"Yandex";"124 674";"25 709";"27 562 984";"2024-09-09 02:23:03"
"2024-09-09";"";"280 122";"29 631";"27 562 167";"2024-09-09 12:33:37"
"2024-09-03";"Facebook";"95 083";"25 257";"27 561 574";"2024-09-03 07:40:03"
"2024-09-06";"YouTube";"8 532 137";"530 651";"27 562 633";"2024-09-06 07:28:27"
"2024-09-04";"";"72 871";"414 387";"27 561 998";"2024-09-04 13:58:12"
"2024-09-03";"";"583 511";"13 469";"27 563 165";"2024-09-03 07:40:29"
"2024-09-04";"";"26 593";"5 343";"27 561 479";"2024-09-04 19:16:19"
"2024-09-06";"";"2 608 763";"177 929";"27 561 184";"2024-09-06 07:52:26"
"2024-09-06";"YouTube";"17 104 885";"810 758";"27 561 641";"2024-09-06 06:03:56"
"2024-09-07";"";"180 954";"247 023";"27 563 242";"2024-09-07 12:57:19"
"2024-09-04";"Instagram";"55 431 808";"1 109 756";"27 562 791";"2024-09-04 15:24:35"
"2024-09-08";"WhatsApp";"25 778 306";"105 198 751";"27 561 951";"2024-09-08 12:57:30"
"2024-09-10";"";"403 817";"38 513";"27 563 216";"2024-09-10 13:10:43"
"2024-09-06";"Unknown";"578 692";"8 228";"27 562 194";"2024-09-06 03:00:49"
"2024-09-04";"";"1 139 370";"253 959";"27 562 832";"2024-09-04 12:09:13"
"2024-09-06";"";"145 974";"11 015";"27 562 692";"2024-09-06 08:29:09"
"2024-09-10";"";"133 357";"13 475";"27 562 291";"2024-09-10 03:12:28"
"2024-09-08";"";"38 026";"2 972";"27 563 099";"2024-09-08 09:18:49"
"2024-09-03";"WhatsApp";"174 288";"16 370";"27 561 649";"2024-09-03 05:38:46"
"2024-09-04";"Facebook";"236 342";"20 365";"27 563 107";"2024-09-04 06:27:47"
"2024-09-03";"";"33 816";"5 659";"27 562 759";"2024-09-03 22:55:34"
"2024-09-01";"";"117 178";"275 413";"27 561 841";"2024-09-02 02:11:25"
"2024-09-03";"";"217 108";"17 070";"27 562 889";"2024-09-03 13:58:01"
"2024-09-03";"";"476 559";"151 691";"27 562 170";"2024-09-03 05:50:42"
"2024-09-10";"";"422 823";"21 819";"27 561 232";"2024-09-10 21:42:06"
"2024-09-06";"Facebook";"606 195";"279 729";"27 562 204";"2024-09-06 15:24:39"
"2024-09-07";"Telegram";"1 683 805";"575 295";"27 562 216";"2024-09-07 07:40:31"
"2024-09-05";"";"531 526";"47 359";"27 562 174";"2024-09-05 08:05:28"
"2024-09-10";"";"266 227";"90 781";"27 561 457";"2024-09-10 11:08:30"
"2024-09-09";"";"34 586";"10 855";"27 562 658";"2024-09-09 12:21:34"
"2024-09-03";"";"149 537";"31 105";"27 561 863";"2024-09-03 21:42:06"
"2024-09-07";"Instagram";"2 675 372";"2 281 792";"27 561 818";"2024-09-07 15:24:11"
"2024-09-07";"";"19 799 846";"775 439";"27 562 534";"2024-09-07 16:25:12"
"2024-09-01";"YouTube";"305 559";"119 693";"27 562 021";"2024-09-01 23:32:52"
"2024-09-04";"";"28 266";"9 026";"27 561 947";"2024-09-04 23:32:12"
"2024-09-01";"";"26 658";"3 957";"27 561 486";"2024-09-01 18:15:06"
"2024-09-07";"";"74 748";"3 382";"27 562 609";"2024-09-07 13:10:01"
"2024-09-06";"";"107 332";"445 759";"27 561 484";"2024-09-06 14:11:10"
"2024-09-03";"";"334 887";"17 983";"27 561 975";"2024-09-04 01:10:48"
"2024-09-08";"";"216 310";"32 241";"27 563 313";"2024-09-08 10:31:25"
"2024-09-05";"Telegram";"81 881 778";"4 456 133";"27 561 243";"2024-09-06 02:11:39"
"2024-09-05";"";"1 428 146";"89 311";"27 561 379";"2024-09-05 12:57:54"
"2024-09-09";"Instagram";"10 741 469";"394 836";"27 562 254";"2024-09-09 20:05:03"
"2024-09-05";"";"58 587";"9 566";"27 563 022";"2024-09-05 20:53:21"
"2024-09-05";"";"249 874";"27 295";"27 562 674";"2024-09-05 20:29:11"
"2024-09-05";"YouTube";"7 734 233";"451 740";"27 561 674";"2024-09-05 08:53:19"
"2024-09-09";"";"217 428";"22 565";"27 563 134";"2024-09-09 20:53:59"
"2024-09-03";"YouTube";"33 639 410";"977 533";"27 562 481";"2024-09-03 18:03:29"
"2024-09-05";"";"106 273";"13 073";"27 561 232";"2024-09-05 21:06:53"
"2024-09-02";"";"30 159";"2 929";"27 563 238";"2024-09-02 19:28:30"
"2024-09-09";"Instagram";"1 883 186";"88 085";"27 562 190";"2024-09-09 10:31:32"
"2024-09-01";"";"140 173";"40 151";"27 561 649";"2024-09-01 15:24:03"
"2024-09-02";"";"2 162 613";"34 059";"27 562 468";"2024-09-02 03:12:06"
"2024-09-08";"";"34 843";"35 944";"27 562 360";"2024-09-08 14:47:47"
"2024-09-06";"";"592 207";"18 980";"27 561 692";"2024-09-06 06:27:51"
"2024-09-02";"";"48 805";"4 068";"27 562 837";"2024-09-02 04:13:48"
"2024-09-09";"";"318 251 544";"33 224 227";"27 561 555";"2024-09-09 22:31:17"
"2024-09-07";"";"28 288";"1 555";"27 561 193";"2024-09-07 14:23:58"
"2024-09-10";"";"274 088";"25 767";"27 562 978";"2024-09-11 02:35:58"
"2024-09-02";"";"223 873";"6 156";"27 563 508";"2024-09-02 16:49:20"
"2024-09-02";"";"76 909";"62 322";"27 561 470";"2024-09-02 10:31:12"
"2024-09-02";"";"184 634 595";"12 443 109";"27 561 641";"2024-09-02 03:24:17"
"2024-09-06";"";"7 052";"86 528";"27 561 171";"2024-09-06 07:40:35"
"2024-09-04";"";"78 236";"121 252";"27 562 981";"2024-09-04 03:48:14"
"2024-09-03";"";"74 437";"45 504";"27 561 357";"2024-09-03 16:01:59"
"2024-09-06";"";"28 582";"8 229";"27 561 172";"2024-09-06 22:31:08"
"2024-09-07";"";"297 023";"176 763";"27 561 259";"2024-09-07 05:26:57"
"2024-09-10";"";"188 730";"95 809";"27 562 504";"2024-09-10 22:19:25"
"2024-09-09";"YouTube";"2 812 001";"655 484";"27 561 204";"2024-09-09 16:25:54"
"2024-09-09";"Instagram";"1 875 496";"67 568";"27 562 090";"2024-09-09 03:24:50"
"2024-09-01";"";"210 646";"24 700";"27 561 817";"2024-09-01 05:26:13"
"2024-09-02";"YouTube";"2 726 518";"178 387";"27 561 763";"2024-09-02 20:05:09"
"2024-09-01";"";"108 332";"49 864";"27 561 774";"2024-09-01 15:36:21"
"2024-09-01";"Telegram";"91 705 631";"5 626 652";"27 562 896";"2024-09-01 22:43:02"
"2024-09-04";"";"1 386 605";"64 337";"27 561 449";"2024-09-05 01:22:49"
"2024-09-05";"YouTube";"3 907 656";"1 275 211";"27 563 467";"2024-09-05 22:07:48"
"2024-09-09";"";"268 786";"165 687";"27 561 459";"2024-09-09 04:13:24"
"2024-09-09";"Instagram";"2 703 833";"453 369";"27 561 891";"2024-09-09 05:02:12"
"2024-09-09";"VKontakte";"108 675";"19 289";"27 561 744";"2024-09-09 23:44:19"
"2024-09-08";"";"104 511";"3 825";"27 563 269";"2024-09-08 03:36:03"
"2024-09-07";"";"172 870";"19 683";"27 561 292";"2024-09-07 04:13:05"
"2024-09-01";"";"42 147";"86 384";"27 561 742";"2024-09-01 14:11:25"
"2024-09-03";"Likee";"1 070 832";"74 145";"27 561 398";"2024-09-03 12:57:49"
"2024-09-01";"PUBG";"7 396 389";"409 289";"27 561 884";"2024-09-01 17:38:56"
"2024-09-10";"";"27 788";"8 520";"27 562 087";"2024-09-10 23:08:03"
"2024-09-03";"";"44 417";"6 177";"27 561 585";"2024-09-03 05:14:25"
"2024-09-02";"";"83 762";"11 043";"27 561 552";"2024-09-02 08:05:48"
"2024-09-07";"Telegram";"465 994 294";"24 584 037";"27 562 754";"2024-09-07 22:31:03"
"2024-09-04";"YouTube";"266 285";"45 458";"27 563 109";"2024-09-04 10:43:57"
"2024-09-07";"";"88 161";"21 097";"27 562 864";"2024-09-07 13:58:12"
"2024-09-02";"Instagram";"2 291 727";"582 456";"27 561 912";"2024-09-02 18:03:01"
"2024-09-09";"Instagram";"33 653 323";"833 974";"27 563 284";"2024-09-09 20:17:52"
"2024-09-07";"YouTube";"474 016";"67 504";"27 561 304";"2024-09-07 11:20:15"
"2024-09-06";"Facebook";"678 810";"39 949";"27 563 335";"2024-09-06 10:19:47"
"2024-09-01";"";"165 538";"172 504";"27 561 247";"2024-09-01 05:02:20"
"2024-09-09";"";"625 718";"217 733";"27 561 184";"2024-09-09 22:31:34"
"2024-09-01";"Facebook";"287 602";"26 468";"27 562 759";"2024-09-01 09:30:20"
"2024-09-09";"Yandex";"212 616";"42 629";"27 561 633";"2024-09-09 08:05:32"
"2024-09-04";"";"3 139 019";"132 667";"27 562 714";"2024-09-04 09:06:16"
"2024-09-06";"";"1 617 075";"65 505";"27 562 692";"2024-09-06 15:00:25"
"2024-09-01";"YouTube";"325 254";"27 412";"27 561 498";"2024-09-01 13:46:46"
"2024-09-08";"";"30 455";"5 446";"27 561 270";"2024-09-09 00:21:59"
"2024-09-08";"";"57 786";"32 241";"27 562 544";"2024-09-08 06:27:00"
"2024-09-01";"";"667 963";"17 160";"27 562 941";"2024-09-01 22:43:11"
"2024-09-06";"Yandex";"1 254 429";"212 457";"27 561 426";"2024-09-06 09:06:28"
"2024-09-06";"";"6 981 749";"853 261";"27 562 696";"2024-09-06 21:30:50"
"2024-09-10";"Telegram";"140 842 349";"7 767 644";"27 561 887";"2024-09-10 04:13:19"
"2024-09-03";"";"56 842";"5 565";"27 562 883";"2024-09-03 10:07:24"
"2024-09-04";"";"282 245";"151 469";"27 562 076";"2024-09-04 13:34:17"
"2024-09-09";"";"44 182";"6 670";"27 563 452";"2024-09-09 23:32:28"
"2024-09-07";"";"62 496";"3 947";"27 562 661";"2024-09-07 14:23:04"
"2024-09-02";"";"3 378 026";"2 280 404";"27 561 474";"2024-09-03 01:10:04"
"2024-09-01";"";"1 163 782";"947 048";"27 561 432";"2024-09-01 09:30:48"
"2024-09-03";"";"444 919";"25 005";"27 562 124";"2024-09-03 07:04:19"
"2024-09-07";"YouTube";"33 298 874";"1 982 421";"27 562 784";"2024-09-08 02:35:12"
"2024-09-06";"";"31 204";"82 765";"27 561 587";"2024-09-06 20:29:59"
"2024-09-07";"";"526 662";"31 565";"27 562 040";"2024-09-07 14:47:02"
"2024-09-06";"";"37 463";"1 842";"27 561 826";"2024-09-06 20:05:33"
"2024-09-06";"";"74 800";"14 504";"27 562 720";"2024-09-06 03:24:53"
"2024-09-10";"YouTube";"49 127 285";"2 728 586";"27 562 612";"2024-09-10 10:31:38"
"2024-09-07";"";"72 333";"54 552";"27 561 172";"2024-09-08 00:45:08"
"2024-09-01";"";"456 716";"15 598";"27 561 557";"2024-09-01 21:54:43"
"2024-09-01";"Unknown";"1 593 265";"66 088";"27 561 792";"2024-09-01 20:53:33"
"2024-09-02";"";"217 403";"20 547";"27 562 330";"2024-09-02 17:50:39"
"2024-09-04";"";"62 566";"59 005";"27 562 836";"2024-09-04 14:11:15"
"2024-09-06";"";"314 153";"81 625";"27 563 048";"2024-09-06 21:18:57"
"2024-09-03";"";"27 932";"10 623";"27 562 156";"2024-09-03 14:35:25"
"2024-09-07";"";"35 706";"2 894";"27 562 553";"2024-09-07 11:20:26"
"2024-09-10";"";"105 259";"35 943";"27 562 286";"2024-09-10 13:22:32"
"2024-09-05";"";"33 193";"3 300";"27 563 156";"2024-09-05 16:13:04"
"2024-09-01";"Telegram";"5 579 835";"433 610";"27 561 649";"2024-09-01 08:05:14"
"2024-09-03";"Telegram";"17 551 673";"971 019";"27 561 352";"2024-09-03 23:32:06"
"2024-09-10";"Unknown";"472 819";"119 903";"27 561 767";"2024-09-10 21:42:47"
"2024-09-01";"WhatsApp";"1 021 962";"1 754 909";"27 562 473";"2024-09-02 02:11:48"
"2024-09-04";"Yandex";"159 649";"9 459";"27 563 129";"2024-09-04 07:28:11"
"2024-09-08";"YouTube";"489 745";"31 099";"27 561 715";"2024-09-08 23:44:48"
"2024-09-03";"Tas-ix";"265 985";"99 943";"27 561 745";"2024-09-03 03:48:59"
"2024-09-04";"";"37 464";"6 789";"27 562 518";"2024-09-05 00:33:22"
"2024-09-02";"";"111 683";"50 580";"27 562 009";"2024-09-03 02:23:02"
"2024-09-10";"";"745 932";"133 655";"27 561 361";"2024-09-10 14:47:35"
"2024-09-06";"YouTube";"718 117";"53 814";"27 561 763";"2024-09-06 22:31:39"
"2024-09-04";"";"106 891";"60 925";"27 562 585";"2024-09-04 11:56:58"
"2024-09-07";"Telegram";"15 538 207";"912 766";"27 562 352";"2024-09-07 08:53:49"
"2024-09-02";"";"178 754";"694 726";"27 561 249";"2024-09-02 03:00:34"
"2024-09-05";"Tas-ix";"2 947 973";"109 490";"27 563 083";"2024-09-05 10:43:34"
"2024-09-07";"";"52 481";"4 670";"27 562 837";"2024-09-07 10:31:31"
"2024-09-02";"";"25 828";"6 326";"27 562 063";"2024-09-02 21:54:21"
"2024-09-10";"";"2 543 884";"168 376";"27 562 780";"2024-09-10 23:20:02"
"2024-09-06";"";"37 271";"4 732";"27 562 545";"2024-09-06 06:03:00"
"2024-09-03";"";"115 569";"67 492";"27 561 835";"2024-09-03 16:01:30"
"2024-09-03";"WhatsApp";"10 903 674";"77 722 153";"27 562 903";"2024-09-03 22:07:58"
"2024-09-08";"";"65 510";"25 153";"27 562 621";"2024-09-08 18:03:06"
"2024-09-02";"";"260 774";"1 012 684";"27 563 372";"2024-09-02 21:18:14"
"2024-09-09";"";"86 549";"101 072";"27 562 273";"2024-09-09 16:01:16"
"2024-09-07";"";"2 363 761";"93 448";"27 562 059";"2024-09-07 20:29:32"
"2024-09-08";"";"164 538";"7 104 891";"27 562 784";"2024-09-09 00:09:34"
"2024-09-09";"";"362 160";"87 497";"27 562 780";"2024-09-09 20:17:56"
"2024-09-10";"WhatsApp";"633 223";"45 740";"27 563 110";"2024-09-10 06:03:09"
"2024-09-03";"";"53 936";"71 558";"27 563 158";"2024-09-04 01:34:54"
"2024-09-06";"";"44 177";"6 590";"27 561 940";"2024-09-06 10:07:27"
"2024-09-04";"";"2 835 756";"149 125";"27 562 462";"2024-09-04 04:01:28"
"2024-09-03";"";"31 264";"3 419";"27 561 195";"2024-09-03 06:03:46"
"2024-09-06";"";"27 455";"3 407";"27 562 097";"2024-09-07 01:22:08"
"2024-09-03";"Instagram";"74 856 060";"2 161 587";"27 563 351";"2024-09-03 18:27:16"
"2024-09-02";"";"192 030";"20 246";"27 562 897";"2024-09-02 23:56:22"
"2024-09-09";"";"700 976";"31 662";"27 562 646";"2024-09-09 17:38:06"
"2024-09-06";"";"32 475";"19 738";"27 561 234";"2024-09-06 16:13:42"
"2024-09-10";"";"812 161";"57 224";"27 561 306";"2024-09-10 12:45:53"
"2024-09-05";"";"190 419";"70 607";"27 561 691";"2024-09-05 05:26:30"
"2024-09-08";"";"28 262";"11 479";"27 562 982";"2024-09-09 00:21:37"
"2024-09-07";"";"47 032";"6 441";"27 561 596";"2024-09-07 04:13:54"
"2024-09-07";"";"872 541";"18 687";"27 561 940";"2024-09-07 15:48:32"
"2024-09-02";"";"59 914";"187 554";"27 562 016";"2024-09-02 07:28:14"
"2024-09-08";"Tas-ix";"126 305";"30 765";"27 562 435";"2024-09-08 17:50:10"
"2024-09-08";"";"86 754";"82 428";"27 563 328";"2024-09-08 09:42:11"
"2024-09-06";"";"2 250 394";"7 532 738";"27 562 915";"2024-09-06 15:12:31"
"2024-09-03";"";"448 556";"162 870";"27 562 291";"2024-09-03 05:26:54"
"2024-09-06";"";"29 494";"15 606";"27 562 921";"2024-09-06 07:40:31"
"2024-09-02";"Yandex";"5 408 984";"464 894";"27 561 687";"2024-09-03 01:58:58"
"2024-09-05";"";"139 787";"5 196";"27 563 291";"2024-09-06 02:23:09"
"2024-09-10";"";"213 154";"10 621";"27 562 613";"2024-09-11 02:35:17"
"2024-09-10";"";"1 857 586";"74 053";"27 561 800";"2024-09-11 02:59:56"
"2024-09-02";"Telegram";"45 544 830";"13 032 755";"27 563 143";"2024-09-02 20:05:55"
"2024-09-10";"";"33 805";"5 505";"27 562 445";"2024-09-11 01:10:33"
"2024-09-02";"";"189 903";"325 214";"27 563 128";"2024-09-02 08:17:51"
"2024-09-05";"Facebook";"1 126 628";"110 279";"27 562 752";"2024-09-05 22:07:09"
"2024-09-05";"";"6 719 823";"256 385";"27 562 894";"2024-09-05 11:08:42"
"2024-09-04";"";"384 454";"19 558";"27 563 410";"2024-09-04 23:32:20"
"2024-09-10";"";"226 084";"20 912";"27 562 047";"2024-09-10 15:36:09"
"2024-09-09";"";"243 883";"880 828";"27 561 302";"2024-09-10 02:11:27"
"2024-09-09";"Facebook";"823 429";"78 584";"27 561 295";"2024-09-10 00:33:20"
"2024-09-10";"";"61 365";"29 772";"27 562 142";"2024-09-10 12:57:11"
"2024-09-07";"";"47 941";"10 019";"27 561 464";"2024-09-07 03:00:39"
"2024-09-07";"Odnoklassniki";"836 757";"406 028";"27 561 420";"2024-09-07 20:05:07"
"2024-09-03";"";"997 902";"42 041";"27 561 778";"2024-09-04 02:23:19"
"2024-09-01";"";"69 803";"3 670";"27 563 416";"2024-09-01 12:33:14"
"2024-09-08";"";"837 070";"91 535";"27 563 050";"2024-09-09 00:45:46"
"2024-09-10";"";"85 636";"472 555";"27 561 999";"2024-09-11 02:11:01"
"2024-09-08";"";"667 305";"251 592";"27 562 040";"2024-09-08 12:57:08"
"2024-09-02";"";"119 280";"118 610";"27 563 316";"2024-09-02 05:50:38"
"2024-09-06";"";"10 672";"30 358";"27 562 124";"2024-09-06 17:50:50"
"2024-09-05";"";"123 658";"14 286";"27 562 621";"2024-09-05 19:04:59"
"2024-09-08";"Yandex";"511 242";"177 375";"27 562 958";"2024-09-08 12:57:46"
"2024-09-10";"Tas-ix";"203 957";"13 426";"27 561 734";"2024-09-10 18:03:13"
"2024-09-01";"YouTube";"1 797 178";"554 357";"27 562 668";"2024-09-01 18:15:55"
"2024-09-01";"";"66 612";"3 113";"27 562 447";"2024-09-01 08:05:37"
"2024-09-06";"";"226 652";"11 305";"27 562 704";"2024-09-07 00:57:39"
"2024-09-04";"Instagram";"7 079 420";"6 481 801";"27 562 497";"2024-09-05 00:21:12"
"2024-09-02";"";"3 851";"44 318";"27 561 230";"2024-09-02 04:49:01"
"2024-09-07";"";"101 327";"6 714";"27 562 865";"2024-09-07 20:41:00"
"2024-09-06";"";"41 549";"10 039";"27 562 107";"2024-09-06 15:48:35"
"2024-09-05";"";"26 673";"5 938";"27 563 111";"2024-09-05 22:31:26"
"2024-09-10";"";"268 218";"31 641";"27 561 897";"2024-09-10 06:39:58"
"2024-09-01";"";"104 145";"33 662";"27 562 818";"2024-09-02 02:47:58"
"2024-09-06";"";"309 638";"20 540";"27 563 304";"2024-09-06 13:58:01"
"2024-09-09";"";"107 968";"27 029";"27 561 185";"2024-09-10 00:57:29"
"2024-09-08";"";"6 588 696";"298 097";"27 563 290";"2024-09-08 20:53:47"
"2024-09-08";"Telegram";"15 279 402";"1 239 303";"27 561 173";"2024-09-08 12:45:07"
"2024-09-10";"";"412 797";"22 097";"27 562 633";"2024-09-10 17:14:28"
"2024-09-03";"Telegram";"35 210 830";"1 906 467";"27 562 639";"2024-09-03 04:37:12"
"2024-09-10";"";"137 598";"10 289";"27 563 216";"2024-09-11 02:47:38"
"2024-09-08";"";"69 770";"13 569";"27 562 801";"2024-09-08 14:59:53"
"2024-09-09";"Yandex";"8 226 504";"276 819";"27 561 219";"2024-09-09 06:03:13"
"2024-09-07";"";"222 657";"98 496";"27 562 006";"2024-09-07 12:33:31"
"2024-09-05";"";"38 350";"26 246";"27 562 236";"2024-09-05 15:36:45"
"2024-09-07";"";"308 155";"9 820";"27 563 113";"2024-09-08 02:35:59"
"2024-09-09";"";"40 811";"10 418";"27 562 892";"2024-09-09 16:49:32"
"2024-09-03";"";"3 280 062";"116 234";"27 563 424";"2024-09-03 11:56:02"
"2024-09-04";"";"4 170";"27 234";"27 563 173";"2024-09-04 15:24:14"
"2024-09-07";"";"84 595";"4 769";"27 562 783";"2024-09-07 15:24:53"
"2024-09-08";"";"173 286";"56 133";"27 562 497";"2024-09-08 06:39:14"
"2024-09-04";"YouTube";"581 841";"96 378";"27 561 881";"2024-09-04 06:39:02"
"2024-09-08";"";"69 087";"41 047";"27 562 324";"2024-09-09 01:34:21"
"2024-09-06";"Instagram";"13 116 352";"490 515";"27 563 329";"2024-09-06 22:07:48"
"2024-09-02";"";"81 878";"5 100";"27 563 447";"2024-09-02 05:38:29"
"2024-09-08";"";"5 927 001";"212 071";"27 562 906";"2024-09-08 19:52:10"
"2024-09-06";"";"788 933";"313 739";"27 562 660";"2024-09-06 19:52:46"
"2024-09-09";"Instagram";"814 596";"23 786";"27 561 712";"2024-09-09 17:02:43"
"2024-09-04";"";"29 621";"19 700";"27 562 613";"2024-09-04 04:01:13"
"2024-09-07";"";"53 143";"9 564";"27 563 263";"2024-09-07 22:07:27"
"2024-09-06";"";"33 895";"20 555";"27 561 811";"2024-09-06 21:30:04"
"2024-09-07";"";"3 541 195";"6 619 964";"27 563 404";"2024-09-07 18:39:31"
"2024-09-08";"";"59 806";"55 424";"27 562 071";"2024-09-08 09:30:12"
"2024-09-10";"Tas-ix";"449 962";"17 613";"27 561 921";"2024-09-10 10:55:55"
"2024-09-10";"";"87 567";"14 889";"27 562 673";"2024-09-10 03:36:04"
"2024-09-04";"Instagram";"186 763";"61 524";"27 563 388";"2024-09-04 10:07:22"
"2024-09-09";"Facebook";"1 325 626";"53 944";"27 562 594";"2024-09-09 05:50:55"
"2024-09-01";"Telegram";"53 493 157";"3 145 010";"27 561 204";"2024-09-01 18:27:41"
"2024-09-02";"YouTube";"1 456 841";"202 970";"27 562 590";"2024-09-02 22:31:38"
"2024-09-06";"";"30 670";"13 978";"27 563 463";"2024-09-06 11:08:26"
"2024-09-07";"YouTube";"1 125 946";"104 099";"27 562 125";"2024-09-08 00:45:00"
"2024-09-05";"";"43 863";"3 078";"27 563 014";"2024-09-06 00:21:49"
"2024-09-02";"Instagram";"413 424";"87 474";"27 562 802";"2024-09-02 21:18:28"
"2024-09-02";"Instagram";"7 069 127";"364 974";"27 562 784";"2024-09-02 08:41:01"
"2024-09-05";"TikTok";"1 254";"47 782";"27 562 125";"2024-09-05 07:16:10"
"2024-09-03";"Telegram";"8 806 050";"533 516";"27 562 714";"2024-09-03 17:26:35"
"2024-09-10";"YouTube";"3 875 709";"644 860";"27 561 482";"2024-09-10 04:49:25"
"2024-09-01";"Yandex";"13 555";"177 540";"27 563 225";"2024-09-01 10:55:50"
"2024-09-08";"";"40 783";"54 118";"27 563 109";"2024-09-08 08:41:49"
"2024-09-03";"";"104 272";"88 034";"27 561 386";"2024-09-03 21:06:03"
"2024-09-02";"Instagram";"57 893 078";"1 526 496";"27 562 800";"2024-09-02 17:14:15"
"2024-09-09";"Telegram";"109 513 383";"12 093 914";"27 562 305";"2024-09-09 20:17:52"
"2024-09-09";"";"36 028";"4 690";"27 562 779";"2024-09-09 17:38:47"
"2024-09-10";"";"35 559";"4 030";"27 562 211";"2024-09-10 16:49:35"
"2024-09-09";"";"56 232";"29 084";"27 561 359";"2024-09-09 23:56:13"
"2024-09-03";"";"58 985";"24 955";"27 562 721";"2024-09-03 15:00:59"
"2024-09-08";"";"30 158";"6 950";"27 561 997";"2024-09-08 07:28:11"
"2024-09-09";"";"105 725";"46 805";"27 562 552";"2024-09-09 13:10:25"
"2024-09-10";"";"29 701";"25 611";"27 562 535";"2024-09-10 19:52:13"
"2024-09-05";"";"2 165 765";"127 177";"27 561 951";"2024-09-05 09:42:09"
"2024-09-01";"";"1 112 793";"61 501";"27 562 511";"2024-09-02 01:34:42"
"2024-09-03";"";"47 353 741";"3 206 598";"27 561 341";"2024-09-03 22:19:43"
"2024-09-09";"";"126 454";"10 787";"27 561 630";"2024-09-09 12:21:52"
"2024-09-06";"";"726 237";"114 626";"27 562 595";"2024-09-07 02:23:08"
"2024-09-08";"TikTok";"421 370";"2 779 352";"27 562 641";"2024-09-08 13:22:27"
"2024-09-03";"Instagram";"657 576 488";"7 041 664";"27 562 349";"2024-09-03 03:12:41"
"2024-09-04";"";"18 769 717";"1 036 409";"27 561 259";"2024-09-04 09:06:01"
"2024-09-09";"TikTok";"55 269";"692 588";"27 561 486";"2024-09-09 20:17:38"
"2024-09-10";"Yandex";"90 224";"8 833";"27 562 505";"2024-09-10 12:57:30"
"2024-09-01";"Telegram";"2 234 127";"750 549";"27 562 681";"2024-09-01 15:36:26"
"2024-09-10";"";"14 948 953";"389 315";"27 563 266";"2024-09-10 15:48:22"
"2024-09-04";"";"374 109";"17 467";"27 561 462";"2024-09-04 19:16:15"
"2024-09-07";"YouTube";"1 284 384";"91 902";"27 561 574";"2024-09-07 09:06:22"
"2024-09-09";"";"521 967";"22 411";"27 561 975";"2024-09-09 13:58:43"
"2024-09-09";"";"633 658";"126 062";"27 562 879";"2024-09-09 03:00:37"
"2024-09-06";"Yandex";"425 095";"143 282";"27 562 366";"2024-09-06 12:57:43"
"2024-09-04";"Instagram";"22 972 500";"700 064";"27 562 259";"2024-09-04 23:44:25"
"2024-09-05";"YouTube";"268 432";"16 223";"27 562 052";"2024-09-05 18:15:26"
"2024-09-09";"";"62 387";"6 353";"27 562 499";"2024-09-09 07:40:27"
"2024-09-04";"";"1 175 424";"1 317 902";"27 562 264";"2024-09-04 17:26:33"
"2024-09-01";"";"7 519 149";"392 694";"27 563 009";"2024-09-01 06:03:38"
"2024-09-07";"";"86 782";"9 001";"27 562 438";"2024-09-08 02:23:57"
"2024-09-03";"Tas-ix";"50 178";"12 761";"27 563 439";"2024-09-03 14:59:29"
"2024-09-08";"";"792 872";"42 653";"27 561 887";"2024-09-08 16:25:15"
"2024-09-06";"";"1 430 891";"60 373";"27 562 942";"2024-09-06 03:24:32"
"2024-09-10";"";"1 304 900";"84 970";"27 561 369";"2024-09-10 09:30:38"
"2024-09-06";"";"1 122 726";"95 604";"27 562 840";"2024-09-06 21:30:03"
"2024-09-03";"YouTube";"434 871";"4 929 299";"27 563 031";"2024-09-03 05:50:01"
"2024-09-07";"YouTube";"2 118 267";"167 342";"27 561 898";"2024-09-07 20:29:56"
"2024-09-01";"";"270 579";"99 210";"27 563 193";"2024-09-02 00:09:37"
"2024-09-07";"Instagram";"31 813 109";"843 254";"27 562 468";"2024-09-07 22:43:43"
"2024-09-06";"Instagram";"17 795 406";"13 879 156";"27 562 427";"2024-09-06 13:22:05"
"2024-09-04";"Instagram";"10 541 248";"470 137";"27 561 908";"2024-09-04 20:05:13"
"2024-09-09";"YouTube";"211 861";"37 911";"27 561 673";"2024-09-09 07:52:37"
"2024-09-10";"Telegram";"2 981 470";"216 189";"27 563 451";"2024-09-10 22:19:56"
"2024-09-08";"";"684 877";"74 776";"27 561 970";"2024-09-08 08:53:36"
"2024-09-09";"";"165 953";"125 561";"27 562 099";"2024-09-09 13:34:35"
"2024-09-03";"Apple Music";"247 231";"31 413";"27 562 009";"2024-09-03 07:04:26"
"2024-09-02";"";"514 617";"27 554";"27 562 527";"2024-09-02 14:11:21"
"2024-09-02";"Instagram";"41 354 532";"1 460 382";"27 563 030";"2024-09-02 21:54:49"
"2024-09-07";"";"799 020";"29 799";"27 562 889";"2024-09-07 06:39:08"
"2024-09-04";"";"63 769";"9 064";"27 563 287";"2024-09-04 20:53:08"
"2024-09-05";"YouTube";"4 152 796";"1 542 123";"27 561 591";"2024-09-05 10:19:09"
"2024-09-04";"Odnoklassniki";"1 929 074";"763 600";"27 563 424";"2024-09-04 21:54:46"
"2024-09-10";"";"292 597";"17 428";"27 561 884";"2024-09-10 20:05:40"
"2024-09-08";"";"28 822";"8 469";"27 561 462";"2024-09-08 22:31:12"
"2024-09-03";"";"299 596";"8 208 982";"27 563 023";"2024-09-03 05:38:05"
"2024-09-10";"WhatsApp";"213 826";"452 955";"27 562 984";"2024-09-10 16:01:07"
"2024-09-07";"";"26 871";"30 521";"27 563 467";"2024-09-07 11:32:33"
"2024-09-08";"";"96 625";"351 363";"27 561 605";"2024-09-08 07:28:39"
"2024-09-03";"";"72 919";"19 932";"27 561 446";"2024-09-03 22:31:28"
"2024-09-10";"";"82 303";"73 458";"27 563 254";"2024-09-10 04:01:57"
"2024-09-06";"";"146 012";"5 038";"27 563 032";"2024-09-06 21:30:10"
"2024-09-09";"Likee";"718 843";"17 540";"27 561 250";"2024-09-09 18:03:43"
"2024-09-01";"";"958 648";"24 101";"27 561 279";"2024-09-02 00:09:47"
"2024-09-06";"";"894 514";"36 922";"27 563 080";"2024-09-06 23:56:14"
"2024-09-08";"";"36 196";"2 235";"27 563 402";"2024-09-08 10:31:24"
"2024-09-08";"PUBG";"61 357";"27 154";"27 561 944";"2024-09-09 02:11:45"
"2024-09-03";"Instagram";"3 958 368";"4 990 926";"27 561 840";"2024-09-03 09:54:32"
"2024-09-03";"";"29 624";"21 240";"27 561 171";"2024-09-03 11:44:28"
"2024-09-01";"";"67 977";"41 769";"27 562 812";"2024-09-01 21:06:17"
"2024-09-04";"";"26 201";"37 844";"27 561 666";"2024-09-04 16:25:40"
"2024-09-01";"";"563 335";"112 899";"27 562 985";"2024-09-01 13:34:42"
"2024-09-08";"";"280 379";"380 489";"27 561 485";"2024-09-08 07:28:08"
"2024-09-10";"";"146 346";"137 402";"27 561 392";"2024-09-10 23:08:17"
"2024-09-01";"";"213 966";"13 916";"27 561 612";"2024-09-01 05:02:58"
"2024-09-06";"";"79 248";"8 931";"27 563 258";"2024-09-06 06:39:41"
"2024-09-03";"YouTube";"121 307";"19 022";"27 561 669";"2024-09-03 04:49:23"
"2024-09-01";"";"110 561";"8 382";"27 561 845";"2024-09-02 02:23:49"
"2024-09-03";"";"28 211";"8 923";"27 562 759";"2024-09-03 09:54:11"
"2024-09-03";"";"259 740";"293 699";"27 563 217";"2024-09-04 02:59:14"
"2024-09-02";"";"9 150 750";"330 349";"27 562 863";"2024-09-02 22:19:10"
"2024-09-03";"Instagram";"193 403 173";"3 997 757";"27 561 224";"2024-09-03 21:30:09"
"2024-09-08";"YouTube";"80 534";"5 960";"27 562 487";"2024-09-09 01:34:24"
"2024-09-05";"";"59 971";"8 073";"27 562 561";"2024-09-05 07:04:20"
"2024-09-02";"";"107 954";"10 200";"27 562 156";"2024-09-02 05:14:41"
"2024-09-05";"";"365 445";"14 219";"27 563 381";"2024-09-05 11:44:16"
"2024-09-06";"";"86 989";"10 244";"27 562 644";"2024-09-06 12:33:12"
"2024-09-05";"";"244 937";"9 352";"27 561 697";"2024-09-05 12:09:22"
"2024-09-08";"";"6 043 526";"230 760";"27 562 564";"2024-09-08 17:26:42"
"2024-09-02";"";"2 040 127";"125 849";"27 562 504";"2024-09-02 03:36:59"
"2024-09-07";"Instagram";"202 306";"21 240";"27 563 367";"2024-09-07 13:46:15"
"2024-09-03";"";"168 229";"96 173";"27 563 030";"2024-09-03 21:42:04"
"2024-09-03";"";"92 100";"260 602";"27 562 275";"2024-09-04 01:22:47"
"2024-09-03";"";"527 979";"203 071";"27 563 269";"2024-09-03 13:10:50"
"2024-09-04";"YouTube";"119 128";"19 819";"27 562 897";"2024-09-04 14:47:09"
"2024-09-10";"Telegram";"1 793 325";"113 318";"27 562 431";"2024-09-10 14:23:46"
"2024-09-01";"";"14 174";"181 643";"27 562 216";"2024-09-01 04:37:38"
"2024-09-04";"";"118 569";"12 847";"27 562 889";"2024-09-04 19:16:54"
"2024-09-03";"YouTube";"310 719 838";"23 110 339";"27 563 430";"2024-09-03 20:17:21"
"2024-09-01";"";"45 241";"355 710";"27 562 567";"2024-09-01 10:31:49"
"2024-09-07";"";"196 678";"35 324";"27 562 890";"2024-09-07 21:42:40"
"2024-09-04";"";"86 794";"21 077";"27 562 156";"2024-09-04 18:51:58"
"2024-09-06";"";"115 367";"77 718";"27 562 894";"2024-09-06 08:05:10"
"2024-09-07";"";"1 411 170";"192 975";"27 561 206";"2024-09-07 12:45:21"
"2024-09-03";"";"35 587";"16 488";"27 561 575";"2024-09-03 22:55:40"
"2024-09-09";"";"34 600";"2 644";"27 562 540";"2024-09-09 23:44:12"
"2024-09-05";"";"69 861";"40 142";"27 562 982";"2024-09-05 14:23:20"
"2024-09-04";"";"56 109";"5 971";"27 562 878";"2024-09-04 19:40:20"
"2024-09-08";"";"359 102";"112 374";"27 561 251";"2024-09-08 23:56:34"
"2024-09-04";"WhatsApp";"25 780 208";"1 052 275";"27 561 718";"2024-09-04 06:03:04"
"2024-09-04";"";"523 381";"22 618";"27 563 154";"2024-09-05 02:59:59"
"2024-09-05";"YouTube";"2 608 203";"142 360";"27 563 012";"2024-09-05 22:43:25"
"2024-09-04";"";"83 264";"68 103";"27 561 571";"2024-09-05 02:47:13"
"2024-09-02";"";"60 523";"2 406";"27 562 709";"2024-09-02 04:49:29"
"2024-09-08";"";"685 557";"36 922";"27 561 851";"2024-09-08 10:19:24"
"2024-09-02";"Instagram";"27 563 923";"780 150";"27 562 704";"2024-09-02 04:13:00"
"2024-09-08";"Facebook";"202 726";"142 750";"27 562 489";"2024-09-08 23:56:34"
"2024-09-05";"";"130 419";"111 164";"27 562 919";"2024-09-06 02:23:15"
"2024-09-09";"";"492 868";"47 998";"27 563 515";"2024-09-09 05:26:08"
"2024-09-09";"";"29 821";"10 656";"27 562 717";"2024-09-09 16:37:44"
"2024-09-04";"YouTube";"13 264 946";"876 580";"27 563 443";"2024-09-04 09:06:55"
"2024-09-05";"";"113 629";"28 597";"27 561 368";"2024-09-05 05:26:42"
"2024-09-03";"";"125 286";"354 030";"27 561 707";"2024-09-03 15:36:53"
"2024-09-02";"";"48 869";"3 903";"27 561 772";"2024-09-02 23:32:47"
"2024-09-07";"";"40 372";"4 510";"27 561 464";"2024-09-07 05:02:28"
"2024-09-02";"YouTube";"7 537 350";"565 781";"27 562 558";"2024-09-02 14:11:31"
"2024-09-09";"";"39 065";"10 049";"27 562 641";"2024-09-09 13:34:11"
"2024-09-08";"Unknown";"5 592";"33 434";"27 562 041";"2024-09-08 05:26:30"
"2024-09-04";"";"32 282";"1 803";"27 561 792";"2024-09-04 08:05:40"
"2024-09-09";"";"160 074";"25 497";"27 562 552";"2024-09-09 06:51:55"
"2024-09-02";"";"27 538";"7 608";"27 561 195";"2024-09-02 13:46:51"
"2024-09-09";"";"56 203";"11 150";"27 561 518";"2024-09-09 12:33:13"
"2024-09-08";"";"197 226";"14 747";"27 562 550";"2024-09-08 08:53:19"
"2024-09-08";"";"46 268";"12 245";"27 563 313";"2024-09-08 04:13:45"
"2024-09-01";"";"125 565";"4 975";"27 561 892";"2024-09-01 07:40:45"
"2024-09-07";"";"30 922";"3 583";"27 563 371";"2024-09-07 20:05:45"
"2024-09-10";"";"131 576";"17 318";"27 561 490";"2024-09-11 01:34:48"
"2024-09-10";"Odnoklassniki";"27 151";"5 198";"27 561 974";"2024-09-11 00:09:23"
"2024-09-07";"";"5 996 553";"196 798";"27 563 458";"2024-09-07 10:31:13"
"2024-09-09";"";"73 527";"18 182";"27 561 555";"2024-09-09 08:29:17"
"2024-09-03";"";"1 751 198";"313 297";"27 562 205";"2024-09-03 18:15:04"
"2024-09-01";"Instagram";"164 345 199";"4 206 397";"27 562 961";"2024-09-01 07:16:55"
"2024-09-08";"";"64 010";"9 226";"27 561 214";"2024-09-08 15:36:12"
"2024-09-06";"";"896 885";"3 383 584";"27 562 004";"2024-09-07 00:09:24"
"2024-09-10";"";"36 892";"9 277";"27 562 542";"2024-09-10 20:29:41"
"2024-09-08";"Facebook";"220 861";"7 231 880";"27 562 232";"2024-09-09 00:21:07"
"2024-09-10";"Telegram";"40 592 675";"4 024 122";"27 562 489";"2024-09-10 08:17:07"
"2024-09-07";"YouTube";"766 764";"818 211";"27 561 760";"2024-09-07 18:15:09"
"2024-09-09";"";"143 040";"11 641";"27 562 064";"2024-09-09 04:01:46"
"2024-09-03";"";"12 337";"54 564";"27 562 110";"2024-09-03 16:01:09"
"2024-09-02";"";"359 918";"156 688";"27 561 686";"2024-09-02 09:06:06"
"2024-09-01";"";"79 202";"9 310";"27 561 688";"2024-09-01 03:12:45"
"2024-09-08";"";"527 442";"140 938";"27 562 663";"2024-09-08 07:40:23"
"2024-09-04";"";"165 398";"62 664";"27 563 426";"2024-09-04 17:02:00"
"2024-09-09";"";"225 992";"143 222";"27 563 203";"2024-09-10 01:34:32"
"2024-09-06";"";"168 969";"18 416";"27 563 030";"2024-09-06 20:05:13"
"2024-09-08";"Tas-ix";"3 878 589";"172 149";"27 561 232";"2024-09-08 21:18:07"
"2024-09-03";"YouTube";"2 403 950";"246 760";"27 562 582";"2024-09-03 09:30:47"
"2024-09-10";"";"83 673";"3 246";"27 561 993";"2024-09-10 18:39:29"
"2024-09-08";"";"124 056";"12 372";"27 563 290";"2024-09-08 15:48:44"
"2024-09-05";"";"145 573";"146 908";"27 562 879";"2024-09-05 20:41:44"
"2024-09-08";"";"125 161";"125 061";"27 561 182";"2024-09-09 01:22:42"
"2024-09-08";"";"1 406 945";"2 102 996";"27 561 697";"2024-09-08 16:01:59"
"2024-09-05";"Instagram";"7 786 757";"308 893";"27 562 122";"2024-09-05 21:30:16"
"2024-09-08";"YouTube";"90 689";"9 632";"27 562 028";"2024-09-08 04:01:43"
"2024-09-01";"";"1 760 032";"178 437";"27 561 723";"2024-09-01 16:49:04"
"2024-09-07";"Yandex";"1 059 651";"226 817";"27 561 315";"2024-09-07 23:08:24"
"2024-09-05";"";"89 222";"6 380";"27 563 326";"2024-09-05 13:22:56"
"2024-09-09";"";"91 689";"14 949";"27 561 668";"2024-09-09 09:18:46"
"2024-09-07";"";"415 762";"205 860";"27 562 560";"2024-09-08 01:22:36"
"2024-09-07";"";"49 159 796";"2 542 263";"27 561 249";"2024-09-07 14:59:00"
"2024-09-04";"";"27 443";"54 135";"27 563 232";"2024-09-04 05:38:35"
"2024-09-10";"";"94 699";"11 101";"27 563 177";"2024-09-10 11:20:38"
"2024-09-07";"";"128 941";"7 635";"27 561 745";"2024-09-07 19:16:45"
"2024-09-05";"";"11 283";"26 846";"27 561 354";"2024-09-05 20:29:21"
"2024-09-05";"";"5 340";"236 807";"27 562 291";"2024-09-05 14:47:21"
"2024-09-09";"Instagram";"1 066 293";"941 633";"27 562 254";"2024-09-09 17:26:39"
"2024-09-07";"YouTube";"1 295 204";"56 687";"27 562 824";"2024-09-07 22:31:18"
"2024-09-06";"Instagram";"90 409";"7 553";"27 563 500";"2024-09-06 21:42:19"
"2024-09-01";"";"50 897 305";"2 374 768";"27 562 477";"2024-09-01 20:53:40"
"2024-09-06";"";"254 264";"47 733";"27 562 942";"2024-09-06 08:17:19"
"2024-09-05";"";"850 078";"79 523";"27 561 230";"2024-09-05 12:21:56"
"2024-09-05";"Instagram";"2 858 025";"442 980";"27 562 780";"2024-09-06 00:45:10"
"2024-09-06";"Telegram";"6 303 961";"333 545";"27 562 055";"2024-09-06 21:06:15"
"2024-09-05";"";"77 380";"7 398";"27 561 339";"2024-09-05 13:58:07"
"2024-09-05";"Instagram";"835 211";"281 505";"27 563 504";"2024-09-05 23:56:07"
"2024-09-03";"";"202 977";"12 806";"27 561 337";"2024-09-04 02:23:57"
"2024-09-02";"YouTube";"928 076";"70 271";"27 562 886";"2024-09-02 22:07:23"
"2024-09-06";"";"30 715";"9 389";"27 561 224";"2024-09-06 03:24:41"
"2024-09-06";"Yandex Music";"30 925";"29 458";"27 562 708";"2024-09-07 02:23:03"
"2024-09-02";"";"32 179";"65 913";"27 563 432";"2024-09-02 07:52:20"
