"date_id";"option_name";"bytes_in";"bytes_out";"account_id";"option_datetime"
"2024-09-09";"Instagram";"1 696 151";"34 713";"27 561 828";"2024-09-09 11:44:28"
"2024-09-09";"";"30 334";"3 641";"27 563 047";"2024-09-09 18:15:39"
"2024-09-07";"";"43 877";"65 926";"27 562 403";"2024-09-07 06:03:18"
"2024-09-04";"";"33 951";"1 654";"27 562 186";"2024-09-04 16:25:56"
"2024-09-08";"";"15 332 959";"377 360";"27 563 134";"2024-09-08 18:39:23"
"2024-09-02";"Instagram";"220 300";"97 455";"27 561 198";"2024-09-02 22:55:57"
"2024-09-04";"Yandex";"712 889";"90 026";"27 562 748";"2024-09-04 22:55:49"
"2024-09-02";"";"79 684";"8 062";"27 563 026";"2024-09-02 05:26:37"
"2024-09-01";"";"45 805";"60 232";"27 561 277";"2024-09-01 08:17:40"
"2024-09-09";"";"190 398";"10 719";"27 562 376";"2024-09-10 00:57:31"
"2024-09-10";"";"427 628";"21 768";"27 562 239";"2024-09-10 23:56:53"
"2024-09-05";"";"64 285";"39 208";"27 562 783";"2024-09-05 08:53:14"
"2024-09-10";"";"1 087 818";"27 267";"27 563 284";"2024-09-11 00:45:50"
"2024-09-06";"";"64 116";"4 470";"27 562 803";"2024-09-06 21:06:25"
"2024-09-04";"YouTube";"2 160 315";"601 226";"27 561 500";"2024-09-04 08:41:15"
"2024-09-04";"Facebook";"70 995";"27 841";"27 562 504";"2024-09-04 07:16:28"
"2024-09-03";"";"143 444 084";"7 103 635";"27 563 076";"2024-09-03 18:39:17"
"2024-09-10";"";"92 905";"111 880";"27 562 340";"2024-09-10 20:05:07"
"2024-09-05";"";"705 835";"75 073";"27 562 693";"2024-09-05 23:08:09"
"2024-09-01";"";"12 393";"49 569";"27 561 411";"2024-09-01 21:42:19"
"2024-09-01";"";"155 103";"4 115";"27 561 362";"2024-09-01 05:38:32"
"2024-09-01";"";"136 914";"13 718";"27 561 687";"2024-09-01 11:32:06"
"2024-09-08";"";"68 138";"5 893";"27 562 795";"2024-09-08 18:51:20"
"2024-09-09";"YouTube";"4 692 502";"171 756";"27 561 427";"2024-09-09 13:58:42"
"2024-09-08";"";"32 005";"54 279";"27 561 934";"2024-09-08 07:04:22"
"2024-09-02";"";"466 605";"72 402";"27 562 922";"2024-09-02 18:27:50"
"2024-09-09";"";"1 771 310";"164 842";"27 562 759";"2024-09-09 03:12:41"
"2024-09-10";"";"1 463 485";"470 043";"27 562 810";"2024-09-10 19:28:15"
"2024-09-09";"Likee";"184 670";"52 512";"27 562 799";"2024-09-09 17:02:31"
"2024-09-04";"";"3 358 705";"96 714";"27 561 410";"2024-09-04 22:19:54"
"2024-09-06";"Facebook";"440 956";"35 815";"27 563 445";"2024-09-06 14:11:27"
"2024-09-10";"";"788 785";"44 824";"27 562 289";"2024-09-10 20:29:56"
"2024-09-03";"";"15 661 234";"2 146 898";"27 562 619";"2024-09-03 15:12:01"
"2024-09-02";"Facebook";"183 611";"316 012";"27 562 849";"2024-09-02 18:03:16"
"2024-09-09";"";"33 465";"2 390";"27 562 155";"2024-09-10 02:35:58"
"2024-09-07";"Facebook";"127 312";"106 129";"27 561 774";"2024-09-07 20:41:54"
"2024-09-04";"Telegram";"87 055";"6 461";"27 562 143";"2024-09-04 15:36:35"
"2024-09-04";"";"63 499 807";"4 440 406";"27 561 189";"2024-09-04 08:53:22"
"2024-09-04";"";"58 187";"4 104";"27 563 116";"2024-09-04 14:11:22"
"2024-09-07";"";"189 083";"82 367";"27 563 374";"2024-09-07 13:10:14"
"2024-09-07";"";"31 320";"3 252";"27 561 674";"2024-09-07 15:12:45"
"2024-09-04";"PUBG";"1 688 844";"58 982";"27 562 713";"2024-09-04 05:26:18"
"2024-09-10";"";"14 350";"669 782";"27 562 934";"2024-09-10 15:12:01"
"2024-09-10";"";"157 113";"42 371";"27 561 686";"2024-09-10 23:44:14"
"2024-09-08";"";"8 904 344";"568 384";"27 561 479";"2024-09-08 03:48:47"
"2024-09-07";"";"236 617";"10 144";"27 562 628";"2024-09-07 20:41:07"
"2024-09-10";"YouTube";"820 677";"112 505";"27 561 458";"2024-09-10 17:02:31"
"2024-09-02";"";"8 813 780";"271 010";"27 562 595";"2024-09-03 01:10:07"
"2024-09-08";"YouTube";"7 803 784";"558 356";"27 562 377";"2024-09-08 15:00:41"
"2024-09-08";"";"43 356";"14 555";"27 562 066";"2024-09-09 02:11:39"
"2024-09-04";"";"30 851";"6 580";"27 562 413";"2024-09-04 18:51:14"
"2024-09-05";"";"53 168";"4 275";"27 563 183";"2024-09-05 14:23:34"
"2024-09-03";"Instagram";"3 914 057";"152 812";"27 563 351";"2024-09-04 00:09:48"
"2024-09-08";"";"1 900 177";"101 424";"27 561 669";"2024-09-08 04:01:36"
"2024-09-02";"Telegram";"103 903";"8 300";"27 562 343";"2024-09-02 06:03:42"
"2024-09-06";"Telegram";"58 649 484";"3 175 275";"27 561 290";"2024-09-06 18:39:07"
"2024-09-10";"";"430 764";"300 972";"27 563 509";"2024-09-10 03:36:57"
"2024-09-07";"";"3 607 811";"419 777";"27 562 226";"2024-09-07 07:28:15"
"2024-09-08";"";"179 857";"57 256";"27 561 253";"2024-09-08 20:53:31"
"2024-09-04";"";"424 712";"149 169";"27 561 214";"2024-09-04 20:41:38"
"2024-09-06";"Facebook";"72 493";"2 714";"27 562 331";"2024-09-06 18:27:32"
"2024-09-03";"";"313 629";"20 415";"27 563 063";"2024-09-03 15:24:40"
"2024-09-05";"";"1 074 863";"48 208";"27 561 763";"2024-09-05 18:51:10"
"2024-09-07";"Yandex";"488 870";"263 083";"27 562 462";"2024-09-07 12:33:19"
"2024-09-07";"";"121 340";"20 259";"27 561 355";"2024-09-08 02:59:35"
"2024-09-10";"YouTube";"2 973 389";"668 938";"27 561 193";"2024-09-10 18:27:03"
"2024-09-07";"";"109 189";"17 342";"27 561 608";"2024-09-07 06:51:05"
"2024-09-08";"";"63 041";"9 324";"27 563 415";"2024-09-08 08:05:03"
"2024-09-04";"";"33 089";"2 738";"27 563 243";"2024-09-04 22:07:58"
"2024-09-02";"";"826 407";"181 935";"27 561 794";"2024-09-02 09:42:03"
"2024-09-10";"";"68 637";"74 555";"27 562 675";"2024-09-10 11:32:51"
"2024-09-03";"Facebook";"229 695";"91 521";"27 561 906";"2024-09-03 03:36:32"
"2024-09-03";"";"28 365";"6 085";"27 561 732";"2024-09-03 13:10:44"
"2024-09-08";"Telegram";"938 798";"59 874";"27 561 461";"2024-09-08 11:32:26"
"2024-09-03";"Instagram";"4 368 661";"81 544";"27 563 440";"2024-09-03 08:05:42"
"2024-09-03";"";"319 969";"19 654";"27 562 588";"2024-09-04 02:23:36"
"2024-09-05";"";"205 743";"24 553";"27 561 269";"2024-09-05 19:16:22"
"2024-09-10";"";"43 130";"15 719";"27 561 850";"2024-09-10 04:49:48"
"2024-09-06";"";"210 584";"34 928";"27 562 656";"2024-09-06 19:52:55"
"2024-09-02";"Apple Music";"30 492";"5 922";"27 561 206";"2024-09-02 09:54:04"
"2024-09-01";"";"29 501";"17 690";"27 561 477";"2024-09-01 10:31:51"
"2024-09-10";"";"41 552";"4 327";"27 561 690";"2024-09-10 18:39:38"
"2024-09-09";"";"81 549";"127 383";"27 562 651";"2024-09-09 15:12:49"
"2024-09-10";"Instagram";"63 054 213";"739 294";"27 562 615";"2024-09-10 22:07:15"
"2024-09-10";"";"7 661 202";"2 228 243";"27 562 281";"2024-09-10 08:05:14"
"2024-09-03";"";"38 229";"5 576";"27 561 586";"2024-09-03 08:05:18"
"2024-09-01";"";"62 921";"51 253";"27 561 643";"2024-09-01 09:54:01"
"2024-09-08";"Yandex";"262 009";"19 697";"27 562 400";"2024-09-08 21:06:57"
"2024-09-04";"";"698 607";"52 879";"27 562 156";"2024-09-05 01:46:14"
"2024-09-01";"";"28 803";"19 544";"27 562 260";"2024-09-01 14:47:03"
"2024-09-02";"";"35 530";"2 668";"27 562 343";"2024-09-02 17:38:21"
"2024-09-05";"";"3 974 673";"154 391";"27 562 689";"2024-09-05 11:44:10"
"2024-09-07";"";"30 900";"1 973";"27 562 832";"2024-09-07 20:53:28"
"2024-09-01";"";"25 950";"2 752";"27 562 237";"2024-09-02 01:22:47"
"2024-09-06";"Instagram";"914 603";"104 996";"27 562 837";"2024-09-06 10:19:55"
"2024-09-09";"";"105 076";"5 571";"27 563 072";"2024-09-09 10:07:26"
"2024-09-06";"";"15 981 702";"863 995";"27 562 684";"2024-09-06 04:37:36"
"2024-09-10";"";"1 255 439";"27 215";"27 563 238";"2024-09-11 01:34:46"
"2024-09-02";"";"187 444";"6 881";"27 563 079";"2024-09-03 00:45:23"
"2024-09-07";"YouTube";"1 306 372";"123 515";"27 562 810";"2024-09-07 18:27:18"
"2024-09-03";"Telegram";"549 144";"125 577";"27 562 535";"2024-09-03 12:21:27"
"2024-09-04";"";"13 148 552";"515 813";"27 563 359";"2024-09-04 16:25:23"
"2024-09-04";"";"271 265";"29 200";"27 561 172";"2024-09-04 12:45:04"
"2024-09-06";"";"5 714 926";"626 272";"27 562 843";"2024-09-06 17:38:51"
"2024-09-01";"YouTube";"806 429";"86 174";"27 561 444";"2024-09-01 22:43:46"
"2024-09-08";"";"385 275";"26 936";"27 563 313";"2024-09-08 14:11:42"
"2024-09-02";"";"247 767";"17 564";"27 562 328";"2024-09-02 14:11:13"
"2024-09-07";"Facebook";"134 146";"23 296";"27 562 276";"2024-09-07 05:02:14"
"2024-09-06";"";"69 842";"31 762";"27 561 184";"2024-09-06 15:24:56"
"2024-09-06";"";"22 000";"34 815";"27 563 095";"2024-09-06 10:55:28"
"2024-09-08";"";"98 262";"5 314";"27 562 725";"2024-09-08 19:16:15"
"2024-09-04";"";"279 056";"13 568";"27 563 144";"2024-09-04 19:04:46"
"2024-09-04";"";"524 902";"27 931";"27 563 186";"2024-09-04 20:53:08"
"2024-09-04";"";"163 322";"56 986";"27 561 953";"2024-09-04 15:48:43"
"2024-09-07";"YouTube";"228 771";"48 749";"27 562 178";"2024-09-07 11:20:15"
"2024-09-04";"";"17 461";"128 999";"27 561 506";"2024-09-04 15:00:24"
"2024-09-05";"";"1 001 133";"352 298";"27 562 100";"2024-09-06 02:11:34"
"2024-09-08";"";"117 073";"6 592";"27 562 202";"2024-09-08 20:05:36"
"2024-09-10";"";"53 698";"2 578";"27 561 253";"2024-09-10 23:56:22"
"2024-09-04";"YouTube";"278 640";"48 866";"27 561 742";"2024-09-04 05:26:35"
"2024-09-04";"";"35 403";"59 138";"27 562 499";"2024-09-04 08:41:45"
"2024-09-05";"";"28 442";"21 907";"27 563 334";"2024-09-06 00:09:23"
"2024-09-10";"";"106 787";"24 457";"27 563 110";"2024-09-10 15:24:52"
"2024-09-03";"";"12 426";"123 763";"27 561 828";"2024-09-03 16:49:41"
"2024-09-02";"";"1 619 227";"56 645";"27 561 435";"2024-09-02 03:12:18"
"2024-09-07";"";"44 076";"43 716";"27 562 069";"2024-09-07 03:12:37"
"2024-09-07";"";"71 084";"7 855";"27 562 273";"2024-09-07 06:39:09"
"2024-09-03";"Facebook";"5 381 178";"614 107";"27 563 128";"2024-09-03 16:25:12"
"2024-09-10";"TikTok";"930";"60 303";"27 563 082";"2024-09-10 12:33:12"
"2024-09-03";"";"891 905";"86 681";"27 563 157";"2024-09-03 13:46:05"
"2024-09-02";"";"4 435 002";"144 310";"27 562 719";"2024-09-02 19:52:13"
"2024-09-05";"";"105 883";"5 472";"27 561 714";"2024-09-05 22:55:33"
"2024-09-08";"Instagram";"9 226 179";"12 309 426";"27 562 997";"2024-09-09 00:45:16"
"2024-09-04";"";"2 079 416";"3 032 323";"27 562 580";"2024-09-04 06:39:57"
"2024-09-07";"WhatsApp";"2 663 269";"2 289 508";"27 561 953";"2024-09-07 20:17:27"
"2024-09-01";"";"1 660 600";"376 130";"27 563 122";"2024-09-01 21:30:27"
"2024-09-05";"YouTube";"485 727";"182 890";"27 563 023";"2024-09-05 04:37:26"
"2024-09-05";"Telegram";"11 944 865";"618 214";"27 561 401";"2024-09-05 18:39:50"
"2024-09-10";"";"52 574";"22 776";"27 561 794";"2024-09-10 17:50:33"
"2024-09-06";"";"190 434";"68 282";"27 561 234";"2024-09-06 23:56:07"
"2024-09-04";"";"29 898";"2 641";"27 561 367";"2024-09-04 22:19:25"
"2024-09-09";"";"26 400";"1 957";"27 561 649";"2024-09-09 16:37:43"
"2024-09-01";"YouTube";"746 340";"153 899";"27 561 940";"2024-09-02 02:59:02"
"2024-09-10";"";"316 227";"14 102";"27 563 328";"2024-09-10 20:29:03"
"2024-09-10";"";"9 990 688";"41 064 741";"27 562 036";"2024-09-10 16:49:14"
"2024-09-04";"";"3 094 950";"1 103 046";"27 561 906";"2024-09-04 15:36:39"
"2024-09-08";"";"67 270";"12 749";"27 562 197";"2024-09-08 06:39:20"
"2024-09-05";"YouTube";"3 020 845";"169 823";"27 562 087";"2024-09-05 15:48:46"
"2024-09-04";"Facebook";"109 927";"49 202";"27 561 823";"2024-09-04 12:09:31"
"2024-09-06";"Facebook";"62 696";"2 414";"27 561 293";"2024-09-07 01:10:51"
"2024-09-05";"";"36 190";"1 519";"27 562 575";"2024-09-05 08:29:17"
"2024-09-02";"";"28 437";"37 028";"27 562 853";"2024-09-02 20:05:54"
"2024-09-07";"YouTube";"104 983";"20 948";"27 563 315";"2024-09-07 06:51:59"
"2024-09-06";"Instagram";"539 837";"169 615";"27 563 213";"2024-09-06 15:12:14"
"2024-09-05";"Instagram";"7 217 267";"462 820";"27 561 915";"2024-09-05 18:27:00"
"2024-09-09";"";"188 908";"238 322";"27 562 656";"2024-09-09 09:30:12"
"2024-09-08";"";"566 409";"89 121";"27 561 213";"2024-09-08 21:30:15"
"2024-09-02";"";"99 670";"70 823";"27 561 342";"2024-09-03 00:33:24"
"2024-09-01";"";"25 855";"1 247";"27 563 068";"2024-09-01 09:42:31"
"2024-09-08";"";"149 577";"562 087";"27 562 314";"2024-09-08 19:04:36"
"2024-09-09";"";"30 140";"11 530";"27 563 023";"2024-09-09 09:30:56"
"2024-09-06";"Instagram";"225 855 869";"5 390 879";"27 561 270";"2024-09-06 07:28:07"
"2024-09-07";"";"29 313";"8 068";"27 562 615";"2024-09-07 16:01:13"
"2024-09-06";"YouTube";"4 688 610";"1 652 499";"27 563 193";"2024-09-07 00:09:51"
"2024-09-07";"";"63 365";"123 822";"27 561 197";"2024-09-07 14:47:11"
"2024-09-06";"";"10 790";"39 011";"27 563 285";"2024-09-06 04:01:18"
"2024-09-04";"";"72 371";"24 691";"27 562 445";"2024-09-04 09:42:10"
"2024-09-08";"Instagram";"1 595 282";"253 119";"27 561 433";"2024-09-08 20:41:04"
"2024-09-08";"";"2 926 941";"478 268";"27 561 723";"2024-09-08 20:29:32"
"2024-09-04";"";"3 103 390";"92 192";"27 561 357";"2024-09-04 09:42:35"
"2024-09-08";"";"5 608";"40 870";"27 561 380";"2024-09-08 17:38:44"
"2024-09-08";"YouTube";"64 556";"30 670";"27 562 883";"2024-09-08 21:06:52"
"2024-09-02";"";"894 651";"55 468";"27 562 067";"2024-09-02 10:19:21"
"2024-09-10";"";"153 519";"28 940";"27 561 484";"2024-09-10 14:59:24"
"2024-09-09";"";"54 503";"3 423";"27 563 001";"2024-09-09 17:26:39"
"2024-09-03";"";"447 074";"12 328";"27 562 290";"2024-09-03 21:42:34"
"2024-09-09";"";"71 572";"3 560";"27 562 243";"2024-09-09 15:12:31"
"2024-09-07";"YouTube";"42 744 541";"3 169 233";"27 562 865";"2024-09-08 01:34:17"
"2024-09-06";"";"45 517";"3 839";"27 562 266";"2024-09-06 15:36:13"
"2024-09-08";"";"176 927";"56 653";"27 563 030";"2024-09-08 15:00:55"
"2024-09-04";"";"4 589 526";"3 534 798";"27 561 352";"2024-09-04 15:24:03"
"2024-09-01";"";"159 556";"6 548";"27 562 865";"2024-09-01 03:24:41"
"2024-09-05";"";"32 175";"17 826";"27 563 344";"2024-09-05 12:21:20"
"2024-09-07";"YouTube";"2 380 067";"67 156";"27 563 213";"2024-09-07 18:03:52"
"2024-09-01";"";"108 184";"706 697";"27 562 024";"2024-09-01 12:21:48"
"2024-09-04";"";"21 003 276";"933 966";"27 562 905";"2024-09-04 21:42:12"
"2024-09-03";"Telegram";"46 772";"3 949";"27 561 828";"2024-09-03 12:21:27"
"2024-09-10";"";"37 139";"15 955";"27 563 331";"2024-09-10 09:54:50"
"2024-09-03";"";"31 548";"2 940";"27 562 028";"2024-09-03 03:48:44"
"2024-09-03";"";"84 680";"12 567";"27 563 072";"2024-09-04 02:47:12"
"2024-09-01";"YouTube";"8 968 448";"568 607";"27 561 641";"2024-09-01 10:55:30"
"2024-09-08";"";"1 484 458";"37 491";"27 561 195";"2024-09-08 16:49:39"
"2024-09-05";"";"1 462 351";"121 153";"27 562 899";"2024-09-05 11:44:55"
"2024-09-05";"";"402 030";"66 513";"27 562 668";"2024-09-05 18:03:05"
"2024-09-08";"YouTube";"602 948";"1 548 695";"27 561 879";"2024-09-08 22:43:36"
"2024-09-09";"Instagram";"1 328 383";"1 358 343";"27 563 418";"2024-09-10 01:46:47"
"2024-09-04";"";"237 249";"117 220";"27 561 251";"2024-09-04 16:49:04"
"2024-09-07";"Yandex";"776 072";"59 923";"27 561 372";"2024-09-07 06:15:19"
"2024-09-07";"Facebook";"1 163 260";"484 379";"27 561 673";"2024-09-07 18:39:36"
"2024-09-09";"";"73 893";"30 613";"27 562 090";"2024-09-09 13:46:25"
"2024-09-08";"";"358 552";"32 016";"27 563 411";"2024-09-08 19:28:05"
"2024-09-10";"Facebook";"29 943";"2 203";"27 561 491";"2024-09-10 13:46:21"
"2024-09-07";"";"159 272";"7 915";"27 561 694";"2024-09-07 06:27:51"
"2024-09-02";"";"40 492";"2 112";"27 561 776";"2024-09-02 07:04:06"
"2024-09-05";"";"81 669";"12 333";"27 563 128";"2024-09-05 21:42:40"
"2024-09-09";"";"4 200 752";"110 284";"27 562 878";"2024-09-09 15:36:30"
"2024-09-04";"";"32 333";"64 699";"27 562 878";"2024-09-04 03:12:10"
"2024-09-10";"VKontakte";"400 564";"28 437";"27 562 917";"2024-09-10 04:01:30"
"2024-09-08";"";"64 467";"9 073";"27 561 227";"2024-09-08 07:40:15"
"2024-09-10";"";"311 691";"49 994";"27 562 494";"2024-09-10 08:05:16"
"2024-09-01";"Unknown";"208 447";"78 426";"27 562 025";"2024-09-01 04:13:48"
"2024-09-07";"";"94 005";"209 214";"27 563 109";"2024-09-07 06:39:32"
"2024-09-08";"";"38 564";"2 149";"27 563 424";"2024-09-08 12:33:47"
"2024-09-09";"Instagram";"5 233 851";"117 260";"27 562 416";"2024-09-10 02:11:51"
"2024-09-05";"Facebook";"292 559";"5 867";"27 561 924";"2024-09-05 13:46:44"
"2024-09-09";"Instagram";"480 815";"45 870";"27 562 183";"2024-09-09 08:05:46"
"2024-09-06";"YouTube";"1 877 669";"621 162";"27 562 908";"2024-09-07 02:11:28"
"2024-09-02";"Facebook";"524 205";"38 327";"27 563 453";"2024-09-02 23:32:45"
"2024-09-02";"Instagram";"5 831 477";"6 332 275";"27 562 988";"2024-09-02 03:12:17"
"2024-09-01";"";"99 537";"5 627";"27 563 489";"2024-09-01 23:44:31"
"2024-09-05";"Unknown";"7 149 692";"223 965";"27 562 436";"2024-09-05 20:17:56"
"2024-09-07";"Facebook";"563 955";"74 962";"27 562 453";"2024-09-07 16:37:29"
"2024-09-03";"Instagram";"433 034";"29 648";"27 562 175";"2024-09-03 13:22:06"
"2024-09-03";"Unknown";"1 183 701";"31 141";"27 563 262";"2024-09-03 13:22:28"
"2024-09-04";"";"239 822";"10 800";"27 561 510";"2024-09-04 17:02:46"
"2024-09-04";"";"489 900";"625 024";"27 562 679";"2024-09-04 07:04:49"
"2024-09-03";"";"11 411 005";"422 649";"27 562 950";"2024-09-04 01:34:16"
"2024-09-03";"YouTube";"38 256";"1 961";"27 562 143";"2024-09-03 20:17:42"
"2024-09-08";"Facebook";"47 691";"5 893";"27 561 737";"2024-09-08 19:04:55"
"2024-09-02";"Facebook";"141 735";"90 686";"27 561 452";"2024-09-02 08:41:44"
"2024-09-05";"";"53 316";"29 658";"27 562 289";"2024-09-05 09:54:49"
"2024-09-06";"";"39 055";"55 148";"27 562 037";"2024-09-06 06:03:42"
"2024-09-03";"";"2 115 343";"41 985";"27 562 622";"2024-09-03 19:28:33"
"2024-09-08";"";"19 444";"44 269";"27 562 588";"2024-09-08 20:53:37"
"2024-09-03";"YouTube";"10 611 592";"559 356";"27 561 402";"2024-09-03 07:28:49"
"2024-09-08";"";"113 595";"82 956";"27 562 729";"2024-09-08 18:51:45"
"2024-09-07";"YouTube";"80 832";"26 645";"27 561 981";"2024-09-07 08:17:54"
"2024-09-05";"Telegram";"324 924 516";"14 185 395";"27 561 698";"2024-09-05 18:51:19"
"2024-09-05";"Yandex";"1 736 556";"86 217";"27 563 095";"2024-09-06 00:33:47"
"2024-09-08";"";"31 487";"8 765";"27 562 435";"2024-09-08 07:52:42"
"2024-09-10";"";"139 443";"19 275";"27 562 826";"2024-09-10 09:18:27"
"2024-09-02";"";"4 087 464";"130 239";"27 562 490";"2024-09-02 18:03:57"
"2024-09-06";"";"6 896";"50 672";"27 563 291";"2024-09-06 19:28:35"
"2024-09-05";"IMO";"45 765";"2 187";"27 562 762";"2024-09-05 03:12:59"
"2024-09-04";"Telegram";"42 033 581";"2 493 346";"27 563 165";"2024-09-04 18:27:09"
"2024-09-01";"";"128 335";"387 465";"27 562 727";"2024-09-01 19:40:58"
"2024-09-03";"";"604 556";"107 506";"27 561 809";"2024-09-03 09:42:40"
"2024-09-03";"";"56 355";"14 393";"27 563 143";"2024-09-03 23:08:47"
"2024-09-02";"";"23 887 476";"15 269 624";"27 562 900";"2024-09-02 23:20:11"
"2024-09-02";"";"56 757";"2 526";"27 561 689";"2024-09-02 06:03:52"
"2024-09-04";"";"690 790";"97 081";"27 562 544";"2024-09-05 02:11:18"
"2024-09-03";"";"280 701";"39 838";"27 563 039";"2024-09-03 22:19:25"
"2024-09-05";"YouTube";"263 910";"12 543";"27 561 587";"2024-09-06 00:33:04"
"2024-09-01";"Telegram";"7 728 402";"578 235";"27 562 835";"2024-09-02 00:57:26"
"2024-09-07";"";"193 322";"13 044";"27 561 288";"2024-09-07 17:26:23"
"2024-09-09";"Instagram";"7 720 712";"273 935";"27 561 441";"2024-09-09 10:07:26"
"2024-09-01";"";"143 912";"23 286";"27 561 304";"2024-09-01 17:38:51"
"2024-09-10";"YouTube";"1 201 821";"61 312";"27 563 042";"2024-09-10 16:13:31"
"2024-09-04";"";"913 125";"179 050";"27 563 410";"2024-09-04 10:55:01"
"2024-09-05";"";"20 965";"38 835";"27 562 083";"2024-09-05 19:40:58"
"2024-09-04";"";"1 015 098";"265 346";"27 561 772";"2024-09-04 23:44:24"
"2024-09-07";"YouTube";"11 227 764";"652 698";"27 563 266";"2024-09-07 09:42:04"
"2024-09-01";"";"106 272";"20 854";"27 561 512";"2024-09-02 01:46:11"
"2024-09-03";"";"36 228";"5 177";"27 562 340";"2024-09-03 08:05:54"
"2024-09-08";"Instagram";"9 101 092";"14 578 743";"27 563 030";"2024-09-08 22:55:38"
"2024-09-02";"YouTube";"1 154 440";"107 997";"27 562 782";"2024-09-02 16:37:24"
"2024-09-10";"";"21 920 549";"1 554 551";"27 562 252";"2024-09-10 07:40:31"
"2024-09-05";"";"32 992";"6 087";"27 561 800";"2024-09-05 10:19:30"
"2024-09-08";"";"32 172";"13 910";"27 561 358";"2024-09-08 05:02:40"
"2024-09-06";"IMO";"230 808";"345 336";"27 561 893";"2024-09-06 03:24:01"
"2024-09-03";"";"149 571";"11 699";"27 561 466";"2024-09-03 17:50:52"
"2024-09-10";"IMO";"148 123";"6 128";"27 562 857";"2024-09-10 06:51:42"
"2024-09-07";"VKontakte";"101 103";"8 360";"27 562 063";"2024-09-08 02:23:14"
"2024-09-06";"Facebook";"13 636";"30 098";"27 562 778";"2024-09-06 09:54:17"
"2024-09-09";"Yandex";"444 641";"16 868";"27 563 463";"2024-09-09 16:49:55"
"2024-09-01";"";"102 928";"31 593";"27 562 784";"2024-09-01 04:01:25"
"2024-09-08";"";"94 561";"37 461";"27 562 753";"2024-09-09 01:22:00"
"2024-09-03";"WhatsApp";"869 742";"1 371 746";"27 561 185";"2024-09-03 11:08:34"
"2024-09-08";"";"450";"27 998";"27 563 175";"2024-09-08 11:08:44"
"2024-09-02";"";"2 973 146";"240 047";"27 562 080";"2024-09-02 04:13:31"
"2024-09-07";"";"187 460";"79 972";"27 562 753";"2024-09-07 03:12:34"
"2024-09-06";"Telegram";"52 134";"8 097";"27 562 097";"2024-09-06 18:51:02"
"2024-09-04";"YouTube";"141 724 177";"8 824 346";"27 562 470";"2024-09-04 06:03:25"
"2024-09-01";"";"905 221";"77 725";"27 561 867";"2024-09-01 05:26:49"
"2024-09-06";"YouTube";"5 017 660";"268 513";"27 562 431";"2024-09-06 08:53:01"
"2024-09-03";"";"35 918";"2 188";"27 561 745";"2024-09-03 21:06:21"
"2024-09-05";"";"54 975";"275 467";"27 563 107";"2024-09-05 13:22:04"
"2024-09-03";"";"124 038";"12 207";"27 561 500";"2024-09-04 00:45:42"
"2024-09-03";"";"52 928";"5 992";"27 561 737";"2024-09-03 03:00:49"
"2024-09-08";"";"261 902";"21 700";"27 561 605";"2024-09-08 21:42:16"
"2024-09-03";"";"84 479";"3 560";"27 562 629";"2024-09-03 10:19:40"
"2024-09-02";"";"136 043";"363 993";"27 563 419";"2024-09-02 23:56:20"
"2024-09-10";"";"345 014";"34 545";"27 562 044";"2024-09-11 02:59:15"
"2024-09-07";"";"217 975";"533 515";"27 562 847";"2024-09-07 05:50:14"
"2024-09-10";"";"4 867";"56 052";"27 561 571";"2024-09-10 10:19:09"
"2024-09-10";"Instagram";"150 337";"441 372";"27 563 110";"2024-09-10 16:49:37"
"2024-09-10";"";"72 894";"172 099";"27 561 778";"2024-09-10 04:13:49"
"2024-09-03";"";"30 917";"2 764";"27 562 968";"2024-09-03 12:21:36"
"2024-09-05";"";"653 667";"30 485";"27 561 827";"2024-09-05 11:32:01"
"2024-09-02";"Yandex";"138 463";"16 078";"27 562 099";"2024-09-02 08:41:45"
"2024-09-07";"";"52 371";"5 967";"27 563 469";"2024-09-07 21:18:43"
"2024-09-10";"";"112 063";"21 354";"27 562 795";"2024-09-10 04:37:14"
"2024-09-01";"YouTube";"6 156 974";"1 711 298";"27 561 184";"2024-09-01 19:52:22"
"2024-09-08";"YouTube";"6 451 923";"1 523 694";"27 562 646";"2024-09-08 12:57:16"
"2024-09-05";"Instagram";"2 252 236";"1 576 596";"27 562 438";"2024-09-05 19:52:08"
"2024-09-08";"";"137 660";"7 579";"27 562 534";"2024-09-08 18:39:12"
"2024-09-07";"Instagram";"2 651 916";"47 443";"27 561 975";"2024-09-07 10:19:53"
"2024-09-06";"";"108 023";"77 811";"27 561 802";"2024-09-06 05:14:58"
"2024-09-10";"";"228 295";"57 210";"27 563 066";"2024-09-10 04:25:35"
"2024-09-01";"";"1 627 543";"106 255";"27 561 676";"2024-09-01 17:38:57"
"2024-09-09";"";"1 401 142";"51 239";"27 562 645";"2024-09-10 00:21:03"
"2024-09-03";"";"531 737";"45 875";"27 562 981";"2024-09-03 07:52:16"
"2024-09-05";"";"640 425";"288 626";"27 562 363";"2024-09-05 14:11:50"
"2024-09-01";"";"27 923";"12 339";"27 562 946";"2024-09-01 17:02:42"
"2024-09-09";"";"2 301 410";"1 182 977";"27 562 729";"2024-09-09 22:07:43"
"2024-09-03";"YouTube";"940 422";"71 236";"27 561 621";"2024-09-03 13:58:36"
"2024-09-08";"";"122 253";"29 687";"27 562 590";"2024-09-08 23:20:19"
"2024-09-08";"Facebook";"344 990";"31 899";"27 563 210";"2024-09-08 20:29:48"
"2024-09-10";"";"76 048";"5 183";"27 561 251";"2024-09-10 18:51:32"
"2024-09-09";"";"80 151";"6 245";"27 562 692";"2024-09-09 23:56:23"
"2024-09-03";"Yandex";"588 663";"345 630";"27 562 320";"2024-09-04 00:33:42"
"2024-09-05";"";"6 743 868";"902 518";"27 562 192";"2024-09-05 13:46:23"
"2024-09-09";"WhatsApp";"1 013 850";"42 326";"27 561 940";"2024-09-09 11:56:01"
"2024-09-07";"";"29 543";"126 856";"27 561 772";"2024-09-07 18:39:03"
"2024-09-09";"";"84 647";"4 821";"27 561 633";"2024-09-09 23:08:54"
"2024-09-09";"";"66 236";"21 378";"27 562 100";"2024-09-09 17:14:36"
"2024-09-04";"";"1 042 057";"169 609";"27 562 642";"2024-09-04 05:26:56"
"2024-09-04";"";"71 091";"13 786";"27 563 058";"2024-09-04 16:37:08"
"2024-09-10";"";"48 041";"5 508";"27 561 330";"2024-09-10 08:29:55"
"2024-09-02";"";"78 947";"60 174";"27 562 003";"2024-09-02 20:41:11"
"2024-09-03";"";"42 256";"92 635";"27 561 660";"2024-09-03 14:11:28"
"2024-09-08";"";"37 982";"4 459";"27 562 812";"2024-09-08 12:21:04"
"2024-09-03";"Telegram";"4 347 880";"301 191";"27 561 361";"2024-09-03 10:31:50"
"2024-09-10";"YouTube";"1 451 393";"4 222 091";"27 562 242";"2024-09-10 07:04:34"
"2024-09-08";"";"82 234";"70 775";"27 562 835";"2024-09-08 12:09:30"
"2024-09-03";"";"48 679";"51 423";"27 561 269";"2024-09-04 01:22:41"
"2024-09-05";"";"32 259";"13 188";"27 561 312";"2024-09-05 18:27:34"
"2024-09-04";"";"389 285";"28 970";"27 563 153";"2024-09-04 10:55:42"
"2024-09-08";"";"25 936";"6 517";"27 562 733";"2024-09-08 08:53:24"
"2024-09-09";"YouTube";"40 914";"4 466";"27 562 960";"2024-09-09 23:20:33"
"2024-09-06";"YouTube";"1 491 962";"437 381";"27 562 905";"2024-09-06 10:43:33"
"2024-09-03";"";"44 334";"2 780";"27 562 365";"2024-09-03 05:14:51"
"2024-09-01";"";"126 848";"112 998";"27 561 922";"2024-09-01 17:26:58"
"2024-09-08";"";"1 726 769";"104 282 396";"27 563 135";"2024-09-08 16:25:11"
"2024-09-05";"YouTube";"1 891 243";"217 088";"27 561 725";"2024-09-05 06:51:23"
"2024-09-08";"";"27 530";"2 988";"27 561 449";"2024-09-08 17:38:05"
"2024-09-04";"";"30 200";"3 043";"27 562 067";"2024-09-04 06:03:32"
"2024-09-05";"Instagram";"240 185";"37 405";"27 563 485";"2024-09-05 09:30:15"
"2024-09-04";"";"624 177";"60 537";"27 562 261";"2024-09-04 21:54:07"
"2024-09-07";"";"90 114";"24 912";"27 561 760";"2024-09-07 21:06:10"
"2024-09-06";"WhatsApp";"32 446";"4 004";"27 562 709";"2024-09-06 21:30:04"
"2024-09-09";"YouTube";"331 408";"121 414";"27 562 462";"2024-09-09 17:02:28"
"2024-09-09";"YouTube";"324 459";"30 742";"27 562 318";"2024-09-09 04:01:12"
"2024-09-06";"";"53 853";"25 554";"27 563 478";"2024-09-06 18:27:14"
"2024-09-02";"";"111 900";"399 131";"27 562 895";"2024-09-03 02:11:10"
"2024-09-03";"Instagram";"15 067 483";"658 441";"27 561 373";"2024-09-03 23:44:59"
"2024-09-06";"";"150 184";"46 064";"27 562 365";"2024-09-06 03:48:42"
"2024-09-10";"";"190 911";"78 196";"27 562 006";"2024-09-10 22:07:51"
"2024-09-08";"Instagram";"1 660 737";"464 673";"27 563 101";"2024-09-08 21:30:14"
"2024-09-10";"";"47 300 133";"3 311 564";"27 561 624";"2024-09-10 20:17:16"
"2024-09-07";"";"1 583";"31 014";"27 563 290";"2024-09-07 08:17:25"
"2024-09-03";"";"1 130 072";"37 935";"27 562 289";"2024-09-04 02:47:40"
"2024-09-01";"Instagram";"94 304";"6 054";"27 562 024";"2024-09-01 17:38:43"
"2024-09-04";"Telegram";"19 222 631";"1 707 336";"27 562 840";"2024-09-05 02:47:19"
"2024-09-10";"Yandex";"386 560";"14 960";"27 561 173";"2024-09-10 03:00:55"
"2024-09-02";"Telegram";"229 919 251";"10 454 677";"27 563 240";"2024-09-02 11:08:19"
"2024-09-10";"";"1 151 529";"67 514";"27 562 445";"2024-09-10 14:23:10"
"2024-09-01";"";"96 336";"282 900";"27 562 792";"2024-09-01 15:36:12"
"2024-09-08";"";"12 752";"701 986";"27 563 195";"2024-09-08 21:18:07"
"2024-09-05";"";"153 187";"27 657";"27 563 169";"2024-09-05 07:04:08"
"2024-09-06";"YouTube";"443 354";"22 658";"27 563 410";"2024-09-06 07:52:40"
"2024-09-05";"";"329 035";"23 613";"27 561 647";"2024-09-05 19:28:46"
"2024-09-10";"";"340 677";"843 304";"27 561 533";"2024-09-10 16:01:19"
"2024-09-09";"";"112 907";"78 411";"27 561 396";"2024-09-09 17:38:53"
"2024-09-08";"";"170 103";"11 994";"27 561 758";"2024-09-08 12:57:20"
"2024-09-06";"YouTube";"448 573";"38 114";"27 562 903";"2024-09-06 18:27:06"
"2024-09-05";"IMO";"43 862";"2 090";"27 562 890";"2024-09-05 19:52:39"
"2024-09-07";"";"591 870";"24 432";"27 561 398";"2024-09-07 09:42:43"
"2024-09-03";"YouTube";"444 095";"17 598";"27 562 781";"2024-09-03 08:53:56"
"2024-09-08";"YouTube";"371 092";"4 593 146";"27 561 314";"2024-09-08 09:18:22"
"2024-09-05";"Instagram";"52 293 819";"1 805 089";"27 562 090";"2024-09-05 07:28:29"
"2024-09-10";"";"37 965";"17 764";"27 563 105";"2024-09-10 04:49:17"
"2024-09-04";"";"18 341";"30 658";"27 563 099";"2024-09-04 18:39:09"
"2024-09-06";"YouTube";"276 122";"175 331";"27 563 028";"2024-09-06 16:13:14"
"2024-09-10";"";"42 290";"3 490";"27 561 428";"2024-09-10 15:00:37"
"2024-09-01";"Instagram";"12 782 576";"453 097";"27 562 849";"2024-09-01 12:33:56"
"2024-09-04";"Instagram";"23 583 463";"878 769";"27 563 059";"2024-09-04 19:52:02"
"2024-09-07";"YouTube";"391 445";"66 732";"27 561 895";"2024-09-07 20:17:21"
"2024-09-10";"";"194 156";"7 657";"27 561 616";"2024-09-11 00:33:38"
"2024-09-09";"";"615 624";"215 346";"27 563 315";"2024-09-09 21:30:29"
"2024-09-01";"";"5 750 387";"1 869 267";"27 562 812";"2024-09-01 17:14:56"
"2024-09-07";"Telegram";"204 304 082";"7 764 822";"27 561 221";"2024-09-07 11:44:49"
"2024-09-09";"";"1 115 619";"52 345";"27 561 975";"2024-09-09 07:04:39"
"2024-09-09";"";"32 603";"40 715";"27 561 818";"2024-09-10 01:58:13"
"2024-09-03";"";"405 051";"36 901";"27 562 758";"2024-09-03 19:52:39"
"2024-09-04";"YouTube";"67 325";"3 947";"27 561 802";"2024-09-04 19:52:52"
"2024-09-01";"";"177 893";"12 934";"27 561 944";"2024-09-01 06:27:48"
"2024-09-09";"";"946 548";"56 376";"27 563 396";"2024-09-09 15:24:09"
"2024-09-03";"YouTube";"2 223 045";"1 604 484";"27 562 223";"2024-09-03 12:09:55"
"2024-09-05";"";"804 135";"25 384";"27 563 153";"2024-09-05 10:19:15"
"2024-09-10";"Telegram";"8 336 756";"1 048 313";"27 562 352";"2024-09-10 16:49:10"
"2024-09-04";"Facebook";"99 253";"9 687";"27 563 203";"2024-09-04 07:40:09"
"2024-09-05";"";"143 416";"515 081";"27 561 428";"2024-09-05 12:57:44"
"2024-09-04";"Instagram";"7 614 604";"161 292";"27 561 952";"2024-09-04 19:16:58"
"2024-09-05";"";"12 223 040";"598 952";"27 562 712";"2024-09-05 19:52:59"
"2024-09-06";"";"94 115";"217 621";"27 561 186";"2024-09-06 03:36:57"
"2024-09-02";"YouTube";"33 719";"330 405";"27 562 793";"2024-09-02 23:44:41"
"2024-09-10";"TikTok";"130 910";"1 104 116";"27 562 384";"2024-09-10 13:46:50"
"2024-09-08";"";"115 722";"21 344";"27 561 998";"2024-09-08 05:26:50"
"2024-09-02";"YouTube";"11 050 192";"592 815";"27 563 063";"2024-09-02 10:07:30"
"2024-09-03";"";"48 642";"5 553";"27 563 266";"2024-09-03 06:15:01"
"2024-09-01";"Telegram";"913 747";"79 202";"27 561 915";"2024-09-02 00:09:29"
"2024-09-09";"";"630 418";"87 302";"27 562 903";"2024-09-09 03:00:37"
"2024-09-05";"";"41 727";"2 633";"27 561 687";"2024-09-05 11:20:23"
"2024-09-02";"";"183 051";"173 580";"27 562 886";"2024-09-02 18:51:26"
"2024-09-09";"YouTube";"4 321 543";"1 336 013";"27 561 669";"2024-09-09 15:36:55"
"2024-09-09";"YouTube";"254 025 219";"9 286 301";"27 563 243";"2024-09-09 11:20:15"
"2024-09-06";"Yandex";"1 487 764";"107 452";"27 563 424";"2024-09-06 11:56:52"
"2024-09-02";"";"31 526";"124 164";"27 563 320";"2024-09-02 05:50:56"
"2024-09-10";"";"39 030";"4 420";"27 562 293";"2024-09-10 13:10:14"
"2024-09-09";"";"164 813";"30 977";"27 562 555";"2024-09-10 01:10:37"
"2024-09-06";"Facebook";"114 058";"9 615";"27 563 392";"2024-09-06 04:13:36"
"2024-09-08";"";"58 613";"2 865";"27 563 403";"2024-09-08 17:38:14"
"2024-09-10";"";"1 055 560";"401 594";"27 562 142";"2024-09-10 21:54:51"
"2024-09-02";"";"150 198";"556 638";"27 561 204";"2024-09-02 15:36:48"
"2024-09-04";"";"38 998";"6 620";"27 561 874";"2024-09-04 21:18:36"
"2024-09-07";"";"30 689";"4 383";"27 561 831";"2024-09-07 11:32:50"
"2024-09-10";"";"39 664";"2 115";"27 563 119";"2024-09-10 22:19:57"
"2024-09-04";"";"54 706";"2 759";"27 562 041";"2024-09-04 12:45:34"
"2024-09-02";"";"518 983";"25 261";"27 562 560";"2024-09-02 23:44:42"
"2024-09-04";"";"140 697";"12 609";"27 563 061";"2024-09-04 21:06:33"
"2024-09-05";"YouTube";"2 233 225";"765 054";"27 561 464";"2024-09-05 10:19:42"
"2024-09-10";"";"39 966";"43 852";"27 562 105";"2024-09-10 13:58:58"
"2024-09-04";"YouTube";"4 542 969";"1 466 682";"27 562 889";"2024-09-04 06:51:36"
"2024-09-10";"Odnoklassniki";"13 077 263";"620 243";"27 561 301";"2024-09-10 13:46:55"
"2024-09-01";"";"9 850";"66 314";"27 561 205";"2024-09-01 15:24:41"
"2024-09-08";"";"758";"38 799";"27 561 433";"2024-09-08 08:17:35"
"2024-09-07";"";"17 887 080";"2 004 841";"27 561 838";"2024-09-07 04:01:19"
"2024-09-07";"Telegram";"2 139 578";"322 530";"27 561 822";"2024-09-07 23:08:21"
"2024-09-04";"Instagram";"4 860 789";"7 356 553";"27 561 688";"2024-09-05 01:22:13"
"2024-09-03";"";"0";"113 378";"27 562 967";"2024-09-03 05:38:53"
"2024-09-08";"Facebook";"558 287";"25 439";"27 562 710";"2024-09-09 01:46:17"
"2024-09-04";"Facebook";"74 740";"2 580";"27 561 575";"2024-09-04 19:40:53"
"2024-09-03";"";"80 342";"8 499";"27 561 489";"2024-09-03 20:41:48"
"2024-09-01";"YouTube";"246 285";"19 569";"27 562 071";"2024-09-01 09:54:18"
"2024-09-05";"";"4 736";"49 179";"27 562 912";"2024-09-05 14:35:59"
"2024-09-08";"";"256 751";"14 036";"27 561 800";"2024-09-08 22:07:07"
"2024-09-01";"";"2 249 133";"64 945";"27 561 794";"2024-09-02 01:58:40"
"2024-09-10";"Instagram";"28 110 729";"824 372";"27 562 172";"2024-09-10 08:41:31"
"2024-09-03";"";"47 868";"60 093";"27 563 177";"2024-09-03 12:21:59"
"2024-09-07";"Yandex";"178 761";"6 793";"27 561 965";"2024-09-07 13:34:55"
"2024-09-09";"";"61 396";"6 157";"27 562 582";"2024-09-09 20:53:15"
"2024-09-05";"Apple Music";"201 804";"55 271";"27 562 041";"2024-09-05 14:35:50"
"2024-09-10";"";"65 398";"11 300";"27 563 445";"2024-09-10 21:18:46"
"2024-09-03";"YouTube";"389 294";"41 649";"27 561 464";"2024-09-04 02:23:49"
"2024-09-05";"";"70 128";"35 297";"27 563 225";"2024-09-05 20:05:34"
"2024-09-03";"";"26 657";"2 316";"27 563 158";"2024-09-03 08:53:49"
"2024-09-09";"YouTube";"2 337 454";"145 044";"27 563 047";"2024-09-09 13:58:44"
"2024-09-10";"";"41 252";"660";"27 561 465";"2024-09-10 11:32:59"
"2024-09-10";"YouTube";"382 972 155";"22 287 075";"27 562 372";"2024-09-10 09:30:12"
"2024-09-10";"";"132 371";"18 563";"27 562 741";"2024-09-11 01:34:09"
"2024-09-01";"Instagram";"5 822 958";"244 179";"27 562 644";"2024-09-01 12:57:11"
"2024-09-02";"";"132 229";"12 041";"27 562 906";"2024-09-02 09:30:02"
"2024-09-06";"";"5 943 979";"471 805";"27 563 313";"2024-09-06 11:44:17"
"2024-09-01";"Yandex";"46 220";"3 324";"27 562 917";"2024-09-01 11:44:15"
"2024-09-02";"Instagram";"877 855";"116 988";"27 562 330";"2024-09-02 22:43:48"
"2024-09-06";"";"30 868";"4 315";"27 562 714";"2024-09-07 02:23:51"
"2024-09-10";"";"467 533";"62 231";"27 561 983";"2024-09-10 15:24:17"
"2024-09-03";"";"102 946";"5 705";"27 561 890";"2024-09-03 06:51:06"
"2024-09-07";"Yandex";"78 956";"5 248";"27 562 843";"2024-09-07 15:24:02"
"2024-09-10";"";"154 340";"7 713";"27 561 298";"2024-09-10 08:53:00"
"2024-09-04";"";"813 589";"27 831";"27 562 580";"2024-09-04 07:40:14"
"2024-09-10";"";"414 920";"57 949";"27 561 290";"2024-09-11 00:09:48"
"2024-09-02";"YouTube";"111 910";"999 531";"27 563 510";"2024-09-02 04:01:14"
"2024-09-01";"";"529 735";"53 726";"27 563 140";"2024-09-02 00:21:14"
"2024-09-06";"";"188 160";"55 293";"27 561 629";"2024-09-07 00:33:34"
"2024-09-04";"Tas-ix";"89 012";"21 633";"27 562 836";"2024-09-04 08:05:26"
"2024-09-09";"Telegram";"40 033 272";"8 513 706";"27 562 096";"2024-09-09 21:18:09"
"2024-09-07";"";"95 633";"5 913";"27 562 462";"2024-09-07 05:26:55"
"2024-09-05";"";"565 405";"17 215";"27 561 840";"2024-09-05 23:20:06"
"2024-09-10";"";"248 036";"53 816";"27 561 224";"2024-09-10 07:52:18"
"2024-09-08";"";"580";"34 900";"27 561 564";"2024-09-08 11:20:54"
"2024-09-08";"Likee";"447 399";"39 097";"27 561 484";"2024-09-08 19:16:04"
"2024-09-02";"";"72 956";"4 256";"27 563 146";"2024-09-02 07:52:52"
"2024-09-09";"";"284 349";"19 446";"27 562 900";"2024-09-09 06:15:37"
"2024-09-06";"";"645 698";"44 605";"27 561 884";"2024-09-06 18:03:03"
"2024-09-03";"";"115 188";"6 764";"27 563 030";"2024-09-03 11:32:19"
"2024-09-01";"";"79 944";"3 987";"27 562 692";"2024-09-01 06:51:59"
"2024-09-07";"";"79 645";"9 627";"27 561 524";"2024-09-07 19:52:52"
"2024-09-06";"";"33 761";"2 640";"27 561 533";"2024-09-06 20:41:04"
"2024-09-04";"Yandex";"13 669";"62 117";"27 562 516";"2024-09-04 21:06:37"
"2024-09-06";"YouTube";"3 703 044";"1 703 697";"27 562 663";"2024-09-07 00:21:07"
"2024-09-02";"";"3 754";"164 072";"27 562 398";"2024-09-02 21:06:58"
"2024-09-02";"";"25 650";"9 311";"27 562 979";"2024-09-02 20:41:49"
"2024-09-06";"Telegram";"1 951 945";"82 002";"27 562 047";"2024-09-06 22:07:59"
"2024-09-06";"Facebook";"204 386";"19 832";"27 562 420";"2024-09-06 13:58:22"
"2024-09-05";"YouTube";"283 206";"2 173 865";"27 563 216";"2024-09-06 02:11:30"
"2024-09-07";"";"668 662";"26 550";"27 562 232";"2024-09-07 07:52:52"
"2024-09-06";"";"176 068";"13 309";"27 563 224";"2024-09-06 20:17:33"
"2024-09-08";"YouTube";"478 215";"1 892 264";"27 561 708";"2024-09-09 02:59:04"
"2024-09-09";"Yandex";"26 834";"4 339";"27 563 122";"2024-09-10 00:33:11"
"2024-09-10";"";"13 579";"28 531";"27 562 454";"2024-09-10 17:50:01"
"2024-09-03";"";"1 001 004";"30 627";"27 561 172";"2024-09-03 18:51:56"
"2024-09-09";"Apple Music";"60 542";"9 113";"27 562 469";"2024-09-09 10:55:36"
"2024-09-08";"";"57 078";"3 468";"27 563 157";"2024-09-08 21:06:05"
"2024-09-02";"";"104 808";"8 851";"27 562 729";"2024-09-02 22:19:56"
"2024-09-04";"";"28 344";"22 174";"27 561 212";"2024-09-05 01:58:25"
"2024-09-02";"Yandex";"138 635";"8 460";"27 562 032";"2024-09-03 02:35:30"
"2024-09-02";"Telegram";"196 596 573";"11 855 327";"27 562 725";"2024-09-02 23:20:59"
"2024-09-10";"Tas-ix";"40 775";"3 696";"27 562 949";"2024-09-11 02:11:24"
"2024-09-04";"";"214 357";"11 196";"27 563 036";"2024-09-04 04:13:35"
"2024-09-06";"";"45 260";"5 900";"27 561 512";"2024-09-06 19:40:31"
"2024-09-04";"";"37 480";"17 593";"27 561 172";"2024-09-04 20:53:10"
"2024-09-05";"Yandex";"1 324 940";"353 990";"27 562 100";"2024-09-05 13:10:49"
"2024-09-07";"";"84 645";"92 125";"27 561 710";"2024-09-07 13:10:27"
"2024-09-05";"";"125 831";"40 556";"27 563 509";"2024-09-05 22:07:43"
"2024-09-10";"Yandex";"26 788";"6 480";"27 563 318";"2024-09-10 07:28:32"
"2024-09-10";"";"3 925 215";"107 578";"27 562 459";"2024-09-10 04:13:07"
"2024-09-02";"";"73 158 754";"4 420 310";"27 562 663";"2024-09-02 03:24:50"
"2024-09-09";"";"69 400";"12 336";"27 561 508";"2024-09-09 19:16:37"
"2024-09-10";"";"225 599";"20 373";"27 561 745";"2024-09-10 23:32:59"
"2024-09-02";"Telegram";"2 981 386";"440 957";"27 562 276";"2024-09-02 18:03:23"
"2024-09-08";"Telegram";"35 309 302";"1 748 184";"27 561 185";"2024-09-09 01:46:14"
"2024-09-04";"";"195 976";"10 957";"27 562 865";"2024-09-04 08:53:29"
"2024-09-01";"";"466 127";"27 322";"27 561 722";"2024-09-01 12:09:14"
"2024-09-05";"";"210 738";"43 397";"27 563 016";"2024-09-06 02:35:21"
"2024-09-07";"Telegram";"46 046 173";"3 738 602";"27 561 776";"2024-09-07 18:15:27"
"2024-09-03";"";"147 563";"19 414";"27 561 533";"2024-09-03 12:57:49"
"2024-09-02";"";"51 364";"5 037";"27 561 250";"2024-09-02 04:01:24"
"2024-09-08";"";"361 200";"62 798";"27 563 023";"2024-09-08 17:38:39"
"2024-09-09";"";"888 591";"974 462";"27 561 785";"2024-09-09 08:53:30"
"2024-09-08";"";"593 089";"39 228";"27 561 173";"2024-09-08 16:37:23"
"2024-09-09";"";"31 049";"3 642";"27 563 048";"2024-09-09 14:11:46"
"2024-09-05";"";"71 868";"5 572";"27 562 087";"2024-09-05 19:40:54"
"2024-09-05";"";"7 907 674";"394 664";"27 561 453";"2024-09-05 21:18:43"
"2024-09-06";"";"313 256";"20 682";"27 563 478";"2024-09-06 05:38:39"
"2024-09-05";"";"1 932 777";"154 751";"27 562 595";"2024-09-05 11:08:55"
"2024-09-07";"";"27 317";"1 969";"27 562 459";"2024-09-07 09:06:52"
"2024-09-07";"";"58 960";"5 999";"27 562 919";"2024-09-07 18:39:49"
"2024-09-03";"Facebook";"6 276 527";"187 893";"27 562 903";"2024-09-03 23:20:24"
"2024-09-07";"";"1 291 217";"63 791";"27 562 484";"2024-09-07 19:28:50"
"2024-09-02";"";"3 937 318";"214 398";"27 561 718";"2024-09-02 07:16:57"
"2024-09-02";"Unknown";"491 111";"42 717";"27 561 354";"2024-09-02 23:08:58"
"2024-09-06";"Instagram";"3 154 373";"3 656 852";"27 563 154";"2024-09-06 04:25:12"
"2024-09-07";"";"74 031 721";"2 482 457";"27 561 562";"2024-09-07 21:18:21"
"2024-09-02";"";"164 654";"28 983";"27 563 171";"2024-09-02 08:17:16"
"2024-09-04";"";"467 031 160";"70 158 786";"27 563 386";"2024-09-04 13:46:39"
"2024-09-07";"Telegram";"8 502 132";"281 218";"27 562 142";"2024-09-08 01:10:53"
"2024-09-04";"";"79 518";"8 387";"27 561 827";"2024-09-04 20:05:39"
"2024-09-06";"YouTube";"230 041";"1 384 145";"27 562 388";"2024-09-06 21:06:01"
"2024-09-08";"";"360 186";"40 655";"27 561 362";"2024-09-08 20:41:48"
"2024-09-03";"";"728 914";"87 051";"27 561 386";"2024-09-03 16:25:59"
"2024-09-06";"Telegram";"63 087 200";"3 339 809";"27 562 754";"2024-09-06 04:49:10"
"2024-09-09";"Facebook";"43 404 890";"1 229 360";"27 561 643";"2024-09-09 13:10:02"
"2024-09-01";"";"9 537";"59 964";"27 562 055";"2024-09-02 00:21:35"
"2024-09-04";"";"129 393";"35 076";"27 563 271";"2024-09-05 00:09:24"
"2024-09-07";"";"123 580";"7 235";"27 561 277";"2024-09-07 18:15:48"
"2024-09-05";"";"192 426";"19 486";"27 562 733";"2024-09-05 19:52:19"
"2024-09-10";"";"25 882";"6 383";"27 561 426";"2024-09-10 12:45:22"
"2024-09-09";"";"27 278";"1 548";"27 562 690";"2024-09-09 05:26:48"
"2024-09-03";"";"48 151";"5 033";"27 563 326";"2024-09-03 03:24:51"
"2024-09-10";"";"40 530";"2 551";"27 561 464";"2024-09-10 04:01:10"
"2024-09-05";"";"73 326 988";"3 762 667";"27 561 305";"2024-09-06 02:35:16"
"2024-09-05";"";"4 154 155";"221 985";"27 561 922";"2024-09-05 07:40:21"
"2024-09-07";"";"128 941";"7 635";"27 561 745";"2024-09-07 19:16:45"
"2024-09-01";"";"391 869";"88 243";"27 561 929";"2024-09-01 19:52:01"
"2024-09-05";"";"170 247";"9 967";"27 561 673";"2024-09-06 01:34:02"
"2024-09-03";"Telegram";"74 224 029";"26 788 486";"27 561 402";"2024-09-03 22:55:25"
"2024-09-04";"";"1 586 098";"79 441";"27 561 375";"2024-09-04 14:59:35"
"2024-09-07";"";"20 999";"231 951";"27 562 324";"2024-09-07 17:50:09"
"2024-09-07";"";"49 035";"17 708";"27 562 897";"2024-09-08 02:23:07"
"2024-09-03";"";"52 784";"142 181";"27 562 324";"2024-09-03 16:25:29"
"2024-09-07";"Instagram";"19 161 860";"714 502";"27 562 518";"2024-09-07 21:42:43"
"2024-09-07";"";"29 410";"21 116";"27 562 692";"2024-09-07 09:06:25"
"2024-09-04";"Instagram";"104 712 051";"4 770 505";"27 562 599";"2024-09-04 07:16:05"
"2024-09-06";"";"126 855";"155 832";"27 561 564";"2024-09-06 18:27:06"
"2024-09-07";"Instagram";"214 077 229";"4 495 349";"27 561 281";"2024-09-07 21:18:45"
"2024-09-05";"Telegram";"19 609 966";"1 980 402";"27 563 088";"2024-09-05 19:28:23"
"2024-09-02";"Facebook";"1 112 254";"549 669";"27 562 194";"2024-09-02 22:43:59"
"2024-09-09";"";"174 549";"89 057";"27 562 096";"2024-09-09 17:26:56"
"2024-09-08";"Instagram";"16 032 885";"17 855 871";"27 563 081";"2024-09-08 15:36:07"
"2024-09-03";"";"103 831";"6 741";"27 561 449";"2024-09-03 07:52:25"
"2024-09-03";"";"313 949";"51 142";"27 562 127";"2024-09-03 06:51:50"
"2024-09-06";"";"94 898";"22 578";"27 563 017";"2024-09-06 23:56:34"
"2024-09-04";"Facebook";"215 893";"24 981";"27 563 076";"2024-09-04 13:34:08"
"2024-09-09";"Facebook";"302 424";"32 254";"27 562 622";"2024-09-10 01:58:46"
"2024-09-03";"Facebook";"1 548 148";"802 245";"27 561 775";"2024-09-03 04:13:43"
"2024-09-03";"";"10 892";"31 594";"27 563 093";"2024-09-03 09:06:04"
"2024-09-01";"";"38 302";"84 293";"27 561 231";"2024-09-01 06:15:25"
"2024-09-05";"";"35 398";"1 559";"27 563 503";"2024-09-06 00:57:09"
"2024-09-05";"Yandex";"1 007 403";"451 041";"27 561 435";"2024-09-05 15:24:04"
"2024-09-06";"Facebook";"65 557";"5 498";"27 562 979";"2024-09-06 18:15:50"
"2024-09-04";"";"12 764 472";"270 270";"27 561 815";"2024-09-04 09:42:27"
"2024-09-06";"";"476 275";"134 746";"27 562 291";"2024-09-06 08:41:50"
"2024-09-06";"";"261 594";"84 237";"27 562 703";"2024-09-06 18:51:38"
"2024-09-01";"";"3 474 556";"565 214";"27 561 924";"2024-09-01 21:30:17"
"2024-09-10";"Instagram";"9 527 960";"594 160";"27 562 816";"2024-09-10 03:00:01"
"2024-09-05";"";"89 221";"509 099";"27 562 886";"2024-09-05 03:00:43"
"2024-09-05";"Instagram";"91 126 640";"2 957 778";"27 561 270";"2024-09-05 05:38:44"
"2024-09-03";"";"38 703";"2 567";"27 563 489";"2024-09-03 17:50:52"
"2024-09-07";"Yandex";"51 469";"154 302";"27 563 152";"2024-09-07 22:31:17"
"2024-09-10";"";"8 361 063";"326 877";"27 561 477";"2024-09-10 15:00:59"
"2024-09-09";"WhatsApp";"3 477 760";"3 982 056";"27 561 294";"2024-09-09 19:16:18"
"2024-09-10";"YouTube";"894 667";"115 907";"27 561 997";"2024-09-10 09:54:25"
"2024-09-02";"YouTube";"125 302";"62 566";"27 563 453";"2024-09-02 23:08:18"
"2024-09-04";"Instagram";"3 053 444";"74 560";"27 563 198";"2024-09-04 15:24:20"
"2024-09-03";"";"189 192";"45 418";"27 561 818";"2024-09-03 13:10:06"
"2024-09-06";"";"176 414";"10 210";"27 563 213";"2024-09-06 03:24:06"
"2024-09-07";"";"37 160";"11 758";"27 562 572";"2024-09-07 09:18:09"
"2024-09-03";"";"37 174";"102 225";"27 563 452";"2024-09-03 10:19:13"
"2024-09-03";"Yandex";"525 585";"15 839";"27 563 481";"2024-09-03 11:44:14"
"2024-09-09";"YouTube";"573 350";"32 909";"27 562 213";"2024-09-09 22:19:02"
"2024-09-01";"";"388 077";"17 999";"27 562 989";"2024-09-01 23:56:40"
"2024-09-08";"";"7 605";"32 320";"27 562 057";"2024-09-08 16:25:39"
"2024-09-08";"";"44 091";"68 736";"27 562 912";"2024-09-08 06:27:48"
"2024-09-03";"";"99 773";"5 459";"27 561 171";"2024-09-03 19:52:32"
"2024-09-10";"YouTube";"1 196 367";"212 765";"27 562 287";"2024-09-10 23:32:51"
"2024-09-04";"";"223 385";"195 788";"27 562 520";"2024-09-04 16:13:51"
"2024-09-06";"Instagram";"1 506 822";"381 013";"27 561 567";"2024-09-06 22:55:38"
"2024-09-07";"";"31 299";"3 251";"27 563 469";"2024-09-07 17:50:45"
"2024-09-01";"Instagram";"81 494";"15 942";"27 561 692";"2024-09-01 23:56:14"
"2024-09-02";"";"26 917";"1 930";"27 561 818";"2024-09-03 02:47:48"
"2024-09-10";"";"27 282";"3 849";"27 562 604";"2024-09-10 06:51:11"
"2024-09-07";"";"13 246 195";"581 227";"27 562 696";"2024-09-07 17:02:34"
"2024-09-06";"";"35 344";"9 027";"27 562 729";"2024-09-06 22:31:23"
"2024-09-02";"Zoom";"924 075";"101 988";"27 561 993";"2024-09-02 18:03:00"
"2024-09-07";"";"34 274";"3 456";"27 562 520";"2024-09-07 05:50:17"
"2024-09-05";"YouTube";"107 995 897";"5 639 328";"27 561 402";"2024-09-05 04:25:12"
"2024-09-06";"YouTube";"31 575";"34 918";"27 561 240";"2024-09-06 16:13:04"
"2024-09-06";"Unknown";"43 684";"9 082";"27 561 224";"2024-09-06 17:26:47"
"2024-09-10";"";"113 737";"22 091";"27 561 965";"2024-09-10 15:48:38"
"2024-09-09";"";"34 498";"18 979";"27 562 025";"2024-09-09 08:17:54"
"2024-09-04";"";"166 415";"179 075";"27 561 915";"2024-09-04 13:10:34"
"2024-09-01";"";"10 945 589";"2 750 505";"27 562 772";"2024-09-01 17:14:40"
"2024-09-03";"";"30 065";"9 782";"27 561 279";"2024-09-03 10:07:38"
"2024-09-07";"YouTube";"2 299 791";"166 081";"27 562 898";"2024-09-07 19:52:58"
"2024-09-07";"";"570 036";"23 786";"27 563 447";"2024-09-07 17:02:58"
"2024-09-07";"";"104 020";"304 760";"27 561 865";"2024-09-07 15:00:07"
"2024-09-09";"Facebook";"324 194";"31 365";"27 562 286";"2024-09-10 02:59:15"
"2024-09-08";"";"47 816";"2 251";"27 562 629";"2024-09-08 06:27:20"
"2024-09-05";"";"4 185 999";"198 810";"27 562 419";"2024-09-05 12:09:48"
"2024-09-02";"";"68 251";"8 560";"27 561 776";"2024-09-02 14:11:48"
"2024-09-04";"";"1 177 329";"46 503";"27 562 889";"2024-09-04 03:12:58"
"2024-09-08";"PUBG";"793 285";"43 653";"27 561 403";"2024-09-08 13:58:29"
"2024-09-04";"";"32 478";"106 943";"27 562 588";"2024-09-04 08:41:14"
"2024-09-08";"Apple Music";"33 537";"7 598";"27 562 468";"2024-09-09 02:35:51"
"2024-09-10";"";"187 949";"64 275";"27 562 865";"2024-09-10 11:44:02"
"2024-09-08";"";"25 636";"30 542";"27 562 006";"2024-09-08 21:18:21"
"2024-09-06";"";"4 659 687";"5 082 352";"27 563 426";"2024-09-06 10:19:40"
"2024-09-01";"";"32 468";"5 713";"27 562 875";"2024-09-02 00:21:21"
"2024-09-01";"Tas-ix";"412 173";"28 026";"27 563 225";"2024-09-01 18:39:21"
"2024-09-07";"";"45 541";"3 003";"27 562 864";"2024-09-07 19:04:05"
"2024-09-09";"Instagram";"32 704";"7 691";"27 563 306";"2024-09-09 06:15:43"
"2024-09-04";"";"327 545";"26 141";"27 561 362";"2024-09-05 01:46:56"
"2024-09-06";"";"153 972";"12 532";"27 561 512";"2024-09-06 19:04:45"
"2024-09-01";"Telegram";"2 012 472";"153 351";"27 561 444";"2024-09-01 18:03:58"
"2024-09-10";"";"1 959 702";"69 037";"27 562 149";"2024-09-10 22:19:07"
"2024-09-08";"";"26 121";"10 809";"27 563 187";"2024-09-08 21:30:09"
"2024-09-06";"";"323 044";"17 702";"27 562 202";"2024-09-06 21:06:47"
"2024-09-10";"Odnoklassniki";"26 420";"3 123";"27 562 692";"2024-09-11 02:23:55"
"2024-09-08";"";"93 557";"112 478";"27 561 908";"2024-09-08 22:55:20"
"2024-09-06";"";"163 261";"9 023";"27 562 756";"2024-09-06 15:24:42"
"2024-09-05";"";"41 918";"6 380";"27 561 597";"2024-09-05 13:58:02"
"2024-09-04";"Odnoklassniki";"12 309 996";"676 251";"27 563 424";"2024-09-04 18:27:22"
"2024-09-09";"";"38 731";"8 942";"27 561 785";"2024-09-09 12:33:56"
"2024-09-02";"YouTube";"104 236";"949 825";"27 562 117";"2024-09-02 08:41:40"
"2024-09-04";"";"146 237";"51 534";"27 561 687";"2024-09-04 14:11:57"
"2024-09-10";"";"25 886";"4 576";"27 561 224";"2024-09-10 09:42:04"
"2024-09-10";"";"31 943";"114 864";"27 562 007";"2024-09-11 02:47:28"
"2024-09-04";"";"424 739";"57 418";"27 563 281";"2024-09-05 00:57:21"
"2024-09-07";"Facebook";"463 898";"25 312";"27 562 415";"2024-09-07 21:30:32"
"2024-09-03";"";"96 800";"5 769";"27 562 094";"2024-09-03 20:29:05"
"2024-09-06";"";"29 013";"2 797";"27 562 572";"2024-09-06 13:10:18"
"2024-09-09";"";"42 301";"20 738";"27 563 325";"2024-09-09 18:39:30"
"2024-09-05";"";"59 224";"47 225";"27 562 511";"2024-09-05 12:09:44"
"2024-09-10";"YouTube";"1 315 103";"392 664";"27 561 470";"2024-09-11 02:47:37"
"2024-09-01";"";"742 242";"36 371";"27 561 354";"2024-09-01 08:53:46"
"2024-09-10";"";"66 535";"2 838";"27 562 607";"2024-09-10 16:13:33"
"2024-09-03";"";"285 156 893";"6 759 603";"27 562 436";"2024-09-03 11:56:44"
"2024-09-09";"Odnoklassniki";"5 705 006";"1 159 732";"27 562 684";"2024-09-09 21:18:07"
"2024-09-02";"";"152 736";"17 648";"27 562 968";"2024-09-02 11:44:23"
"2024-09-01";"";"2 714 361";"67 846";"27 561 720";"2024-09-01 10:07:42"
"2024-09-03";"";"55 912";"4 587";"27 562 009";"2024-09-03 22:19:04"
"2024-09-07";"";"18 883";"62 998";"27 562 098";"2024-09-07 20:41:38"
"2024-09-07";"";"215 626";"106 834";"27 563 500";"2024-09-07 23:20:44"
"2024-09-04";"";"102 417";"133 816";"27 561 725";"2024-09-04 04:13:22"
"2024-09-05";"";"180 182";"16 698";"27 561 204";"2024-09-05 11:20:48"
"2024-09-10";"";"26 620";"28 378";"27 562 073";"2024-09-10 17:38:09"
"2024-09-06";"YouTube";"511 572 243";"26 976 632";"27 561 903";"2024-09-06 14:35:08"
"2024-09-05";"Instagram";"52 196 935";"1 174 556";"27 562 827";"2024-09-05 06:51:14"
"2024-09-02";"";"70 498";"27 387";"27 562 316";"2024-09-02 16:25:18"
"2024-09-01";"";"39 390";"3 834";"27 561 984";"2024-09-01 03:24:12"
"2024-09-06";"";"516 626";"282 742";"27 561 231";"2024-09-06 03:48:13"
"2024-09-05";"";"51 958";"14 701";"27 563 240";"2024-09-05 14:59:06"
"2024-09-05";"";"800 751";"30 040";"27 561 470";"2024-09-05 10:31:27"
"2024-09-08";"";"614 746";"55 203";"27 561 611";"2024-09-08 16:49:39"
"2024-09-07";"";"144 682";"164 484";"27 563 221";"2024-09-08 01:46:31"
"2024-09-02";"";"299 554";"145 572";"27 562 992";"2024-09-03 01:46:11"
"2024-09-06";"";"892 644";"147 560";"27 562 932";"2024-09-06 23:44:22"
"2024-09-10";"";"414 214";"109 404";"27 562 137";"2024-09-10 13:58:16"
"2024-09-10";"";"39 398";"20 391";"27 563 121";"2024-09-10 08:29:57"
"2024-09-02";"YouTube";"72 190";"10 101";"27 561 981";"2024-09-02 22:31:42"
"2024-09-02";"";"25 278 518";"1 036 515";"27 562 900";"2024-09-02 20:53:50"
"2024-09-05";"";"9 729";"105 784";"27 562 102";"2024-09-05 04:13:15"
"2024-09-08";"YouTube";"104 232";"6 126";"27 561 924";"2024-09-08 09:18:23"
"2024-09-02";"";"933 766";"30 778";"27 561 275";"2024-09-02 11:44:45"
"2024-09-08";"YouTube";"2 030 458";"4 651 185";"27 562 931";"2024-09-08 22:43:36"
"2024-09-07";"";"223 824";"54 592";"27 561 785";"2024-09-07 19:16:24"
"2024-09-05";"Telegram";"935 544";"76 438";"27 562 205";"2024-09-06 01:22:39"
"2024-09-10";"Telegram";"274 179";"50 207";"27 562 661";"2024-09-10 05:26:03"
"2024-09-06";"Likee";"142 663";"28 359";"27 562 170";"2024-09-07 01:22:30"
"2024-09-04";"";"567 489";"27 307";"27 562 125";"2024-09-04 07:16:07"
"2024-09-10";"";"28 617";"3 740";"27 562 438";"2024-09-10 08:17:23"
"2024-09-07";"";"94 607";"498 544";"27 562 224";"2024-09-07 18:51:51"
"2024-09-04";"YouTube";"810 961";"141 396";"27 563 158";"2024-09-04 16:37:43"
"2024-09-07";"WhatsApp";"22 917";"41 641";"27 563 317";"2024-09-08 01:58:45"
"2024-09-05";"Facebook";"11 219 376";"394 778";"27 563 333";"2024-09-05 05:14:41"
"2024-09-08";"";"103 061";"96 156";"27 561 978";"2024-09-08 20:17:12"
"2024-09-09";"";"36 225 285";"3 197 922";"27 561 870";"2024-09-09 18:27:32"
"2024-09-04";"";"268 539";"48 065";"27 561 438";"2024-09-04 23:44:46"
"2024-09-05";"Telegram";"98 332 404";"4 881 041";"27 562 280";"2024-09-05 08:05:14"
"2024-09-02";"Telegram";"98 283";"9 345";"27 562 211";"2024-09-02 15:48:56"
"2024-09-02";"Telegram";"15 494 324";"1 672 897";"27 563 114";"2024-09-03 00:21:12"
"2024-09-08";"Telegram";"3 964 901";"539 172";"27 562 806";"2024-09-08 20:53:40"
"2024-09-01";"";"236 646";"57 226";"27 562 355";"2024-09-01 19:52:58"
"2024-09-02";"";"938 693";"344 335";"27 562 364";"2024-09-02 15:48:50"
"2024-09-06";"";"442 336";"16 273";"27 562 497";"2024-09-06 20:29:26"
"2024-09-03";"";"32 450";"14 045";"27 562 087";"2024-09-03 10:55:44"
"2024-09-03";"";"110 409";"7 154";"27 562 934";"2024-09-03 14:23:35"
"2024-09-02";"";"69 850";"6 397";"27 562 064";"2024-09-03 02:47:42"
"2024-09-01";"";"217 946";"16 089";"27 561 941";"2024-09-01 14:35:00"
"2024-09-02";"YouTube";"4 068 845";"2 192 907";"27 562 955";"2024-09-02 11:32:37"
"2024-09-06";"";"251 930";"11 747";"27 561 600";"2024-09-06 16:37:56"
"2024-09-06";"Instagram";"143 204 945";"3 377 882";"27 562 263";"2024-09-06 22:07:28"
"2024-09-03";"YouTube";"73 519";"259 915";"27 563 121";"2024-09-03 05:14:34"
"2024-09-04";"";"1 490";"89 030";"27 561 596";"2024-09-04 19:40:05"
"2024-09-04";"";"51 904";"7 079";"27 563 183";"2024-09-04 18:03:49"
"2024-09-09";"Telegram";"16 342 600";"980 819";"27 562 720";"2024-09-09 06:39:14"
"2024-09-07";"YouTube";"6 756 537";"402 858";"27 562 105";"2024-09-07 06:15:13"
"2024-09-07";"";"905 238";"47 144";"27 562 445";"2024-09-07 17:02:43"
"2024-09-02";"";"29 056 442";"1 631 132";"27 561 345";"2024-09-03 01:34:35"
"2024-09-03";"";"205 613";"758 936";"27 562 465";"2024-09-03 16:49:45"
"2024-09-06";"Telegram";"15 200 286";"953 557";"27 562 382";"2024-09-06 22:43:18"
"2024-09-03";"";"711 067";"331 159";"27 563 204";"2024-09-03 05:26:42"
"2024-09-06";"";"2 617 929";"90 186";"27 563 001";"2024-09-06 06:15:21"
"2024-09-09";"YouTube";"863 610";"104 946";"27 562 921";"2024-09-09 15:36:25"
"2024-09-05";"Instagram";"1 975 359";"224 333";"27 562 050";"2024-09-05 23:32:36"
"2024-09-08";"";"124 146";"37 470";"27 561 428";"2024-09-08 03:36:56"
"2024-09-06";"";"34 353";"1 098";"27 562 287";"2024-09-06 06:51:54"
"2024-09-06";"";"380 772";"26 075";"27 563 145";"2024-09-07 02:47:48"
"2024-09-04";"";"103 358";"14 859";"27 562 511";"2024-09-04 20:17:42"
"2024-09-06";"";"27 674";"6 540";"27 562 339";"2024-09-06 17:14:42"
"2024-09-04";"YouTube";"15 715 756";"1 019 956";"27 563 058";"2024-09-04 11:32:17"
"2024-09-03";"Instagram";"2 049 308";"102 745";"27 561 295";"2024-09-04 00:33:40"
"2024-09-09";"YouTube";"111 085";"189 391";"27 561 863";"2024-09-09 23:56:04"
"2024-09-06";"";"2 107 183";"12 420";"27 561 846";"2024-09-06 22:43:16"
"2024-09-09";"";"31 775";"15 698";"27 562 100";"2024-09-09 04:13:54"
"2024-09-06";"";"2 618 799";"85 201";"27 562 508";"2024-09-06 19:40:40"
"2024-09-02";"";"66 536";"5 490";"27 561 650";"2024-09-02 05:26:00"
"2024-09-05";"";"440 411";"24 099";"27 562 668";"2024-09-05 17:50:25"
"2024-09-04";"";"2 458 428";"213 420";"27 562 511";"2024-09-04 03:48:18"
"2024-09-08";"";"25 752";"9 078";"27 562 586";"2024-09-08 09:30:48"
"2024-09-07";"";"673 200";"143 612";"27 562 563";"2024-09-07 23:32:08"
"2024-09-08";"";"62 434";"22 336";"27 562 663";"2024-09-08 05:50:07"
"2024-09-03";"";"36 281";"97 279";"27 561 534";"2024-09-03 03:00:15"
"2024-09-03";"";"85 253";"356 311";"27 561 651";"2024-09-03 15:24:35"
"2024-09-09";"";"294 155";"13 653";"27 562 474";"2024-09-09 11:08:18"
"2024-09-08";"";"387 605";"44 895";"27 562 242";"2024-09-08 23:20:05"
"2024-09-06";"YouTube";"517 741";"81 160";"27 562 200";"2024-09-06 08:41:49"
"2024-09-09";"";"1 971 249";"59 383";"27 562 757";"2024-09-09 19:52:26"
"2024-09-08";"";"284 342";"51 968";"27 561 921";"2024-09-09 01:10:03"
"2024-09-02";"";"1 487 720";"372 311";"27 563 379";"2024-09-02 10:31:00"
"2024-09-09";"";"295 096";"62 073";"27 563 032";"2024-09-09 04:49:31"
"2024-09-08";"";"100 772";"7 949";"27 562 840";"2024-09-08 04:01:07"
"2024-09-04";"";"2 977 191";"159 181";"27 561 482";"2024-09-04 07:52:43"
"2024-09-03";"YouTube";"4 298 105";"17 294 491";"27 563 469";"2024-09-03 15:36:45"
"2024-09-01";"";"213 093";"11 588";"27 562 971";"2024-09-01 20:41:26"
"2024-09-05";"";"417 275";"65 135";"27 562 604";"2024-09-05 13:10:24"
"2024-09-09";"YouTube";"963 390";"68 180";"27 562 367";"2024-09-09 05:50:55"
"2024-09-05";"";"74 433";"79 336";"27 562 808";"2024-09-05 04:49:37"
"2024-09-10";"";"14 465";"96 738";"27 563 102";"2024-09-10 14:23:32"
"2024-09-07";"Apple Music";"57 866";"1 589";"27 562 296";"2024-09-07 10:55:54"
"2024-09-09";"";"17 374";"47 909";"27 561 555";"2024-09-09 06:03:52"
"2024-09-09";"";"16 319";"26 347";"27 562 812";"2024-09-09 21:06:06"
"2024-09-01";"";"16 273";"125 517";"27 562 275";"2024-09-02 01:10:37"
"2024-09-08";"YouTube";"224 702";"82 438";"27 563 033";"2024-09-08 15:00:11"
"2024-09-08";"Yandex";"4 691 960";"299 368";"27 562 462";"2024-09-08 03:48:53"
"2024-09-03";"";"18 804 272";"433 476";"27 562 156";"2024-09-03 23:08:17"
"2024-09-08";"";"29 249";"43 259";"27 563 264";"2024-09-08 07:28:05"
"2024-09-02";"Facebook";"69 722";"16 730";"27 562 478";"2024-09-02 07:52:24"
"2024-09-10";"Yandex";"82 312";"88 894";"27 561 598";"2024-09-10 17:26:32"
"2024-09-01";"YouTube";"619 140";"512 792";"27 562 537";"2024-09-01 23:32:39"
"2024-09-05";"YouTube";"211 036";"68 844";"27 561 819";"2024-09-05 19:40:38"
"2024-09-06";"Instagram";"32 779";"11 019";"27 562 140";"2024-09-07 01:58:17"
"2024-09-03";"Facebook";"1 390 914";"69 075";"27 562 608";"2024-09-04 00:09:19"
"2024-09-07";"";"8 791 152";"409 521";"27 562 872";"2024-09-07 12:33:26"
"2024-09-06";"Facebook";"127 771";"28 496";"27 563 026";"2024-09-06 06:27:02"
"2024-09-08";"";"47 427";"42 498";"27 561 638";"2024-09-09 00:45:59"
"2024-09-07";"";"117 794";"7 602";"27 562 866";"2024-09-07 23:56:53"
"2024-09-08";"Unknown";"260 238";"24 327";"27 561 172";"2024-09-09 00:45:25"
"2024-09-04";"";"39 241";"4 914";"27 561 540";"2024-09-04 22:55:21"
"2024-09-04";"Yandex";"1 595 567";"85 583";"27 561 552";"2024-09-05 01:10:11"
"2024-09-07";"";"300 088";"33 117";"27 562 721";"2024-09-07 16:25:32"
"2024-09-02";"YouTube";"33 205 042";"2 988 013";"27 562 820";"2024-09-03 02:35:10"
"2024-09-05";"";"91 702";"6 569";"27 563 058";"2024-09-05 18:51:22"
"2024-09-06";"YouTube";"1 054 751";"102 199";"27 563 228";"2024-09-06 09:30:49"
"2024-09-02";"";"256 775";"9 110";"27 561 888";"2024-09-02 16:25:18"
"2024-09-04";"WhatsApp";"1 086 853";"913 686";"27 562 138";"2024-09-04 22:19:25"
"2024-09-07";"";"51 718";"10 618";"27 561 723";"2024-09-07 11:56:23"
"2024-09-03";"";"78 311";"23 909";"27 562 527";"2024-09-03 07:40:02"
"2024-09-01";"";"600 747";"56 267";"27 561 686";"2024-09-01 17:14:30"
"2024-09-04";"";"62 114";"119 327";"27 561 273";"2024-09-04 04:01:14"
"2024-09-10";"";"165 024";"14 530";"27 561 895";"2024-09-10 13:34:55"
"2024-09-07";"";"48 639";"5 461";"27 562 302";"2024-09-07 07:40:01"
"2024-09-07";"Instagram";"101 426";"30 631";"27 561 738";"2024-09-07 12:57:00"
"2024-09-09";"";"102 202";"5 146";"27 562 360";"2024-09-09 23:08:53"
"2024-09-03";"";"175 626";"10 399";"27 561 950";"2024-09-03 04:25:00"
"2024-09-06";"";"19 799 699";"1 826 066";"27 561 669";"2024-09-06 16:25:17"
"2024-09-02";"Facebook";"531 335";"2 943 710";"27 561 413";"2024-09-02 16:25:10"
"2024-09-07";"";"82 683";"7 339";"27 561 432";"2024-09-08 01:22:00"
"2024-09-02";"Yandex";"26 790";"2 423";"27 561 981";"2024-09-02 08:53:52"
"2024-09-10";"";"35 195";"3 533";"27 561 640";"2024-09-10 19:28:27"
"2024-09-06";"YouTube";"12 038";"117 624";"27 561 512";"2024-09-06 17:02:36"
"2024-09-10";"";"714 102";"592 695";"27 562 641";"2024-09-11 00:57:47"
"2024-09-05";"PUBG";"33 944";"3 310";"27 561 426";"2024-09-05 09:54:12"
"2024-09-08";"";"44 875";"6 884";"27 563 314";"2024-09-08 18:39:37"
"2024-09-05";"";"157 295";"205 994";"27 562 355";"2024-09-05 04:49:32"
"2024-09-04";"";"66 680";"21 299";"27 561 845";"2024-09-04 22:19:39"
"2024-09-02";"Facebook";"35 474";"8 910";"27 562 083";"2024-09-02 11:44:23"
"2024-09-01";"Spotify";"236 850";"109 453";"27 561 435";"2024-09-01 10:43:43"
"2024-09-02";"Telegram";"4 525 456";"264 142";"27 561 543";"2024-09-02 17:38:15"
"2024-09-06";"YouTube";"8 506 264";"3 434 427";"27 563 247";"2024-09-06 22:31:06"
"2024-09-06";"";"32 426";"3 641";"27 561 785";"2024-09-06 22:07:00"
"2024-09-07";"Yandex";"298 455";"172 744";"27 561 567";"2024-09-07 10:19:31"
"2024-09-07";"YouTube";"4 734 324";"2 560 330";"27 563 447";"2024-09-08 01:34:46"
"2024-09-06";"YouTube";"3 322 577";"1 089 159";"27 563 243";"2024-09-06 11:56:17"
"2024-09-01";"";"130 303";"16 713";"27 561 995";"2024-09-01 19:16:30"
"2024-09-05";"";"55 190 103";"4 597 374";"27 561 855";"2024-09-06 00:57:34"
"2024-09-01";"";"28 857";"301 437";"27 562 384";"2024-09-01 09:54:02"
"2024-09-05";"YouTube";"1 386 390";"113 643";"27 563 453";"2024-09-05 12:33:00"
"2024-09-04";"";"557 816";"663 830";"27 562 722";"2024-09-05 01:46:36"
"2024-09-03";"";"65 784";"23 771";"27 562 192";"2024-09-03 14:35:55"
"2024-09-01";"";"6 476";"33 304";"27 561 610";"2024-09-01 15:00:37"
"2024-09-06";"";"925 941";"48 995";"27 561 277";"2024-09-06 11:56:29"
"2024-09-02";"";"230 232";"16 209";"27 561 613";"2024-09-02 12:21:04"
"2024-09-08";"Instagram";"12 154 295";"504 424";"27 563 368";"2024-09-08 18:39:47"
"2024-09-04";"WhatsApp";"605 532";"79 836";"27 561 272";"2024-09-04 03:48:13"
"2024-09-08";"";"53 113";"6 887";"27 561 302";"2024-09-08 03:00:00"
"2024-09-05";"Yandex";"1 049 454";"72 151";"27 561 676";"2024-09-05 16:25:56"
"2024-09-01";"YouTube";"32 400";"12 023";"27 561 373";"2024-09-02 02:23:24"
"2024-09-01";"";"101 945";"128 915";"27 563 166";"2024-09-01 07:40:28"
"2024-09-01";"";"8 688";"38 807";"27 562 138";"2024-09-02 02:35:54"
"2024-09-04";"";"145 079";"86 515";"27 562 290";"2024-09-04 21:54:35"
"2024-09-07";"";"962 891";"325 194";"27 561 221";"2024-09-07 08:05:40"
"2024-09-05";"Instagram";"753 679";"92 841";"27 561 571";"2024-09-05 19:40:05"
"2024-09-07";"YouTube";"250 486";"90 863";"27 563 030";"2024-09-08 00:09:53"
"2024-09-10";"";"39 532";"2 490";"27 563 234";"2024-09-11 01:22:00"
"2024-09-08";"Instagram";"459 960";"13 804";"27 563 390";"2024-09-08 07:04:57"
"2024-09-06";"Instagram";"419 433";"16 515";"27 561 265";"2024-09-06 15:48:39"
"2024-09-04";"";"15 743";"176 063";"27 562 714";"2024-09-05 01:46:58"
"2024-09-07";"YouTube";"3 460 945";"1 468 304";"27 563 154";"2024-09-07 12:09:32"
"2024-09-04";"";"74 333";"7 752";"27 562 563";"2024-09-04 08:05:40"
"2024-09-02";"";"239 806";"53 292";"27 561 684";"2024-09-02 13:58:50"
"2024-09-03";"";"128 573";"19 354";"27 562 293";"2024-09-03 18:27:39"
"2024-09-04";"Instagram";"1 983 228";"953 265";"27 561 237";"2024-09-05 00:33:24"
"2024-09-06";"";"64 720";"2 245";"27 562 536";"2024-09-06 08:05:09"
"2024-09-04";"";"639 057";"39 947";"27 561 602";"2024-09-04 23:44:10"
"2024-09-01";"";"53 372";"4 806";"27 562 469";"2024-09-01 05:38:41"
"2024-09-06";"";"111 644";"189 166";"27 563 153";"2024-09-06 21:30:08"
"2024-09-05";"";"39 819";"2 161";"27 562 675";"2024-09-05 07:40:59"
"2024-09-01";"";"63 719";"69 671";"27 561 896";"2024-09-02 01:10:13"
"2024-09-06";"Yandex";"829 360";"114 816";"27 562 260";"2024-09-06 19:16:21"
"2024-09-05";"";"3 459 345";"194 026";"27 561 224";"2024-09-05 22:31:53"
"2024-09-02";"";"40 061";"3 162";"27 561 863";"2024-09-03 02:23:12"
"2024-09-10";"Instagram";"34 748 648";"818 288";"27 563 285";"2024-09-10 19:16:49"
"2024-09-04";"Unknown";"38 267 676";"1 417 692";"27 561 350";"2024-09-04 03:48:13"
"2024-09-10";"";"34 423";"3 268";"27 561 294";"2024-09-10 14:11:16"
"2024-09-02";"Facebook";"238 821";"173 053";"27 563 221";"2024-09-02 13:34:38"
"2024-09-02";"";"31 204";"0";"27 561 250";"2024-09-02 07:04:12"
"2024-09-05";"";"4 658 443";"180 942";"27 562 024";"2024-09-05 04:25:33"
"2024-09-03";"";"666 202";"109 078";"27 562 917";"2024-09-03 11:20:12"
"2024-09-06";"YouTube";"3 438 290";"1 448 965";"27 562 477";"2024-09-06 18:15:32"
"2024-09-10";"Facebook";"537 894";"465 441";"27 562 518";"2024-09-10 18:15:13"
"2024-09-06";"";"70 642";"51 031";"27 563 165";"2024-09-06 20:53:16"
"2024-09-08";"Facebook";"583 151";"49 255";"27 563 491";"2024-09-08 09:06:24"
"2024-09-05";"";"808 291";"115 619";"27 561 689";"2024-09-05 09:30:59"
"2024-09-06";"Unknown";"27 475";"15 912";"27 563 203";"2024-09-06 22:07:13"
"2024-09-08";"Yandex";"774 259";"417 062";"27 561 366";"2024-09-08 12:21:33"
"2024-09-07";"";"13 637";"345 461";"27 563 128";"2024-09-07 13:58:50"
"2024-09-06";"YouTube";"63 364";"562 302";"27 562 696";"2024-09-06 13:46:16"
"2024-09-02";"";"803 048";"28 966";"27 562 666";"2024-09-02 09:54:40"
"2024-09-03";"";"81 160";"4 155";"27 562 862";"2024-09-03 22:55:13"
"2024-09-04";"";"2 690 019";"133 817";"27 562 047";"2024-09-04 23:56:38"
"2024-09-08";"Telegram";"26 561 717";"1 682 220";"27 562 087";"2024-09-08 20:17:19"
"2024-09-01";"";"35 289";"2 669";"27 561 206";"2024-09-01 17:38:19"
"2024-09-08";"";"35 766";"23 051";"27 562 552";"2024-09-08 20:17:48"
"2024-09-03";"";"34 280";"37 184";"27 563 234";"2024-09-03 19:04:54"
"2024-09-08";"";"57 017";"6 885";"27 563 093";"2024-09-08 17:02:39"
"2024-09-02";"";"59 491";"133 980";"27 562 695";"2024-09-02 10:31:14"
"2024-09-01";"Yandex";"248 687";"20 486";"27 561 534";"2024-09-01 16:13:51"
"2024-09-05";"";"155 010";"17 641";"27 562 889";"2024-09-05 22:31:46"
"2024-09-02";"Telegram";"4 470 444";"600 675";"27 562 907";"2024-09-02 18:39:11"
"2024-09-03";"";"5 889 442";"351 594";"27 563 313";"2024-09-03 07:16:10"
"2024-09-05";"";"677 252";"2 385 618";"27 562 192";"2024-09-05 17:50:28"
"2024-09-08";"";"180 320";"23 530";"27 561 199";"2024-09-08 21:30:58"
"2024-09-05";"";"54 923";"264 899";"27 562 541";"2024-09-06 01:22:18"
"2024-09-05";"Instagram";"54 809";"3 936";"27 562 466";"2024-09-05 20:05:47"
"2024-09-03";"";"408 533";"297 768";"27 562 732";"2024-09-03 08:41:43"
"2024-09-03";"";"201 568";"42 791";"27 561 906";"2024-09-03 18:39:43"
"2024-09-09";"";"68 110";"6 136";"27 562 894";"2024-09-09 17:26:22"
"2024-09-09";"";"15 419 046";"1 250 386";"27 563 421";"2024-09-09 19:52:14"
"2024-09-05";"YouTube";"30 300";"5 466";"27 562 250";"2024-09-05 09:06:57"
"2024-09-07";"";"51 779";"2 391";"27 561 275";"2024-09-07 05:50:01"
"2024-09-05";"Instagram";"3 822 097";"3 153 576";"27 561 311";"2024-09-05 04:13:36"
"2024-09-10";"";"78 752";"9 996";"27 563 043";"2024-09-10 23:08:47"
"2024-09-06";"";"121 655";"13 350";"27 562 413";"2024-09-06 08:05:30"
"2024-09-09";"";"281 227";"16 895";"27 563 471";"2024-09-09 21:42:41"
"2024-09-05";"";"123 997";"26 091";"27 563 357";"2024-09-05 19:28:00"
"2024-09-06";"";"217 040";"41 614";"27 561 548";"2024-09-06 09:54:06"
"2024-09-08";"";"200 428";"457 957";"27 561 304";"2024-09-08 20:05:43"
"2024-09-07";"";"824 518";"231 726";"27 562 894";"2024-09-07 07:04:02"
"2024-09-02";"";"5 477";"26 358";"27 561 862";"2024-09-02 14:35:18"
"2024-09-03";"Yandex";"3 248 464";"1 990 924";"27 561 796";"2024-09-03 23:08:13"
"2024-09-08";"";"35 428";"4 709";"27 563 185";"2024-09-08 12:57:41"
"2024-09-08";"Unknown";"48 641";"32 850";"27 561 324";"2024-09-08 14:11:34"
"2024-09-04";"Telegram";"20 008 484";"3 059 895";"27 562 766";"2024-09-04 14:59:43"
"2024-09-09";"";"746 256";"155 810";"27 561 342";"2024-09-09 05:26:20"
"2024-09-06";"";"468 159";"22 661";"27 561 485";"2024-09-06 23:20:48"
"2024-09-03";"";"230 980";"22 151";"27 562 489";"2024-09-03 06:51:11"
"2024-09-04";"YouTube";"908 569";"127 369";"27 563 469";"2024-09-04 05:38:39"
"2024-09-03";"Facebook";"811 631";"65 791";"27 561 851";"2024-09-03 09:42:14"
"2024-09-10";"WhatsApp";"35 506";"2 192";"27 562 857";"2024-09-10 21:18:16"
"2024-09-01";"YouTube";"16 016 974";"2 069 368";"27 562 354";"2024-09-01 17:02:23"
"2024-09-10";"";"123 126";"60 266";"27 562 543";"2024-09-10 11:32:33"
"2024-09-03";"YouTube";"170 388";"27 729";"27 562 711";"2024-09-04 00:57:01"
"2024-09-07";"";"6 288 909";"308 415";"27 562 437";"2024-09-07 15:24:33"
"2024-09-09";"";"28 633";"23 111";"27 562 516";"2024-09-09 03:24:37"
"2024-09-03";"";"1 335 106";"62 231";"27 563 424";"2024-09-03 12:57:53"
"2024-09-04";"";"123 021";"5 506";"27 561 998";"2024-09-04 10:07:25"
"2024-09-07";"";"39 864";"3 425";"27 562 595";"2024-09-07 20:29:12"
"2024-09-09";"";"618";"33 301";"27 562 903";"2024-09-09 10:19:39"
"2024-09-04";"";"22 349";"33 704";"27 562 098";"2024-09-04 16:13:20"
"2024-09-04";"Facebook";"116 752";"6 005";"27 562 102";"2024-09-05 00:57:27"
"2024-09-02";"YouTube";"336 655 592";"20 822 912";"27 561 906";"2024-09-02 19:04:45"
"2024-09-03";"";"50 235";"2 792";"27 562 293";"2024-09-03 14:47:50"
"2024-09-04";"";"960 384";"296 126";"27 562 656";"2024-09-04 17:50:25"
"2024-09-08";"";"74 981";"8 029";"27 561 320";"2024-09-08 21:30:50"
"2024-09-08";"Instagram";"79 400 599";"2 528 237";"27 562 895";"2024-09-08 15:36:48"
"2024-09-10";"Facebook";"60 397";"4 549";"27 561 582";"2024-09-10 05:26:49"
"2024-09-08";"";"95 485";"4 934";"27 562 445";"2024-09-08 06:39:44"
"2024-09-05";"";"615 533";"29 129";"27 562 415";"2024-09-06 01:22:26"
"2024-09-06";"";"30 845";"10 247";"27 563 273";"2024-09-06 07:52:50"
"2024-09-01";"Facebook";"197 182";"12 404";"27 562 102";"2024-09-01 21:06:55"
"2024-09-05";"Facebook";"31 701";"4 383";"27 563 234";"2024-09-05 15:24:00"
"2024-09-01";"Unknown";"3 384 724";"162 618";"27 561 375";"2024-09-02 01:22:13"
"2024-09-07";"";"6 220";"299 156";"27 561 627";"2024-09-07 03:36:53"
"2024-09-02";"Telegram";"63 385 996";"2 200 212";"27 561 613";"2024-09-02 19:28:02"
"2024-09-02";"";"112 250";"15 378";"27 561 831";"2024-09-02 23:08:16"
"2024-09-01";"YouTube";"190 056";"20 689";"27 561 902";"2024-09-01 04:25:08"
"2024-09-02";"TikTok";"488 176";"3 953 720";"27 563 127";"2024-09-02 03:36:18"
"2024-09-06";"";"65 169";"18 020";"27 562 352";"2024-09-06 08:29:51"
"2024-09-09";"";"31 422";"9 207";"27 562 634";"2024-09-10 00:09:46"
"2024-09-09";"Unknown";"1 951 673";"392 974";"27 561 767";"2024-09-09 18:27:46"
"2024-09-07";"";"128 737";"541 405";"27 561 292";"2024-09-07 17:02:41"
"2024-09-05";"";"77 733";"6 020";"27 562 489";"2024-09-05 20:53:57"
"2024-09-08";"Telegram";"1 495 460";"107 224";"27 563 134";"2024-09-08 15:24:06"
"2024-09-10";"";"355 623";"9 986";"27 562 982";"2024-09-10 20:29:56"
"2024-09-05";"YouTube";"32 950";"4 797";"27 563 284";"2024-09-05 22:07:17"
"2024-09-10";"";"37 992";"4 377";"27 563 392";"2024-09-10 12:09:03"
"2024-09-05";"";"2 990";"173 788";"27 563 082";"2024-09-05 21:18:27"
"2024-09-07";"Facebook";"183 603";"60 384";"27 563 242";"2024-09-07 06:27:39"
"2024-09-05";"Facebook";"233 811";"32 548";"27 561 556";"2024-09-05 10:19:23"
"2024-09-03";"";"48 408";"41 047";"27 561 686";"2024-09-03 10:55:54"
"2024-09-02";"";"69 101";"15 343";"27 562 801";"2024-09-02 15:24:04"
"2024-09-06";"";"68 321";"5 792";"27 562 535";"2024-09-06 04:13:21"
"2024-09-07";"";"64 745 543";"30 886 242";"27 562 867";"2024-09-07 20:05:37"
"2024-09-04";"Telegram";"561 645";"47 344";"27 563 395";"2024-09-04 16:49:29"
"2024-09-04";"";"3 079 163";"1 154 252";"27 561 775";"2024-09-04 10:55:34"
"2024-09-06";"";"350 188";"22 824";"27 563 225";"2024-09-06 07:52:10"
"2024-09-09";"";"110 946";"10 732";"27 561 778";"2024-09-10 01:58:16"
"2024-09-02";"";"56 127";"278 465";"27 561 825";"2024-09-02 11:32:45"
"2024-09-09";"VKontakte";"267 945";"224 543";"27 563 106";"2024-09-09 11:08:04"
"2024-09-10";"";"105 593";"146 096";"27 562 384";"2024-09-10 04:49:56"
"2024-09-07";"";"148 161";"148 312";"27 563 143";"2024-09-07 04:13:24"
"2024-09-02";"";"244 887";"57 919";"27 562 445";"2024-09-03 01:46:28"
"2024-09-08";"YouTube";"241 316 105";"17 216 102";"27 562 667";"2024-09-08 10:07:42"
"2024-09-04";"";"148 376";"15 944";"27 563 199";"2024-09-04 19:40:23"
"2024-09-02";"Odnoklassniki";"36 703";"6 404";"27 562 810";"2024-09-02 06:27:11"
"2024-09-08";"";"33 109";"8 202";"27 562 494";"2024-09-08 10:31:53"
"2024-09-04";"";"315 249";"64 561";"27 562 438";"2024-09-04 13:10:18"
"2024-09-06";"";"75 319";"2 967";"27 562 834";"2024-09-07 01:46:02"
"2024-09-03";"Instagram";"634 747";"63 331";"27 563 047";"2024-09-03 17:38:20"
"2024-09-06";"YouTube";"2 333 598";"132 333";"27 562 398";"2024-09-06 06:51:59"
"2024-09-02";"Instagram";"794 406";"996 812";"27 562 915";"2024-09-02 05:38:32"
"2024-09-02";"Instagram";"2 189 183";"158 222";"27 562 836";"2024-09-02 16:25:14"
"2024-09-03";"YouTube";"3 196 113";"172 103";"27 561 206";"2024-09-03 11:56:22"
"2024-09-01";"";"113 363";"136 247";"27 562 782";"2024-09-01 13:10:36"
"2024-09-01";"";"55 824";"11 974";"27 563 128";"2024-09-02 01:58:17"
"2024-09-07";"YouTube";"30 326";"4 106";"27 562 232";"2024-09-07 19:52:44"
"2024-09-01";"";"2 661 168";"99 780";"27 563 467";"2024-09-01 15:48:09"
"2024-09-06";"Yandex";"6 119 919";"153 069";"27 561 501";"2024-09-06 15:48:29"
"2024-09-07";"";"102 304";"109 286";"27 563 096";"2024-09-07 09:30:15"
"2024-09-04";"";"196 106";"21 912";"27 562 557";"2024-09-04 05:38:20"
"2024-09-07";"";"3 203 943";"175 820";"27 563 427";"2024-09-07 14:23:17"
"2024-09-02";"";"236 864";"110 087";"27 563 092";"2024-09-02 10:31:49"
"2024-09-06";"";"53 123";"16 417";"27 562 756";"2024-09-06 15:00:35"
"2024-09-06";"";"156 358";"6 924";"27 562 293";"2024-09-06 13:22:12"
"2024-09-09";"";"1 360 540";"3 546 045";"27 562 588";"2024-09-09 04:25:45"
"2024-09-10";"";"321 426";"312 610";"27 562 815";"2024-09-10 07:16:40"
"2024-09-06";"YouTube";"176 002 538";"9 143 390";"27 563 023";"2024-09-06 19:28:39"
"2024-09-03";"";"41 356";"66 614";"27 561 920";"2024-09-03 21:30:59"
"2024-09-08";"YouTube";"16 475 475";"874 538";"27 561 427";"2024-09-08 08:53:40"
"2024-09-08";"Instagram";"234 983 263";"4 649 846";"27 561 815";"2024-09-09 00:09:51"
"2024-09-04";"";"114 665";"19 047";"27 561 950";"2024-09-04 11:32:17"
"2024-09-06";"Spotify";"739 253";"349 962";"27 563 491";"2024-09-07 02:35:32"
"2024-09-05";"Instagram";"1 426 675";"2 232 889";"27 561 958";"2024-09-05 23:44:55"
"2024-09-09";"";"162 297";"42 624";"27 562 254";"2024-09-09 12:21:09"
"2024-09-02";"WhatsApp";"379 025";"255 954";"27 561 879";"2024-09-02 14:59:49"
"2024-09-04";"";"558 604";"68 711";"27 562 709";"2024-09-04 06:15:33"
"2024-09-04";"Telegram";"20 503 742";"1 824 529";"27 563 145";"2024-09-04 18:51:22"
"2024-09-02";"";"13 559";"65 551";"27 562 896";"2024-09-02 09:30:11"
"2024-09-06";"";"1 430 762";"460 362";"27 562 552";"2024-09-06 23:44:11"
"2024-09-09";"";"48 118";"8 358";"27 561 629";"2024-09-09 07:16:24"
"2024-09-07";"WhatsApp";"1 151 410";"3 663 135";"27 562 863";"2024-09-07 04:25:25"
"2024-09-09";"TikTok";"47 390";"2 102 454";"27 562 741";"2024-09-09 23:44:18"
"2024-09-01";"YouTube";"2 275 032";"151 281";"27 561 942";"2024-09-01 12:33:23"
"2024-09-02";"";"929 067";"204 539";"27 563 076";"2024-09-02 17:26:56"
"2024-09-10";"";"29 541";"4 636";"27 563 476";"2024-09-10 04:37:41"
"2024-09-05";"";"66 648";"60 395";"27 561 195";"2024-09-05 14:23:10"
"2024-09-02";"Instagram";"882 989";"1 079 626";"27 562 255";"2024-09-02 18:15:06"
"2024-09-09";"";"68 038";"9 574";"27 561 480";"2024-09-09 23:32:56"
"2024-09-03";"Unknown";"481 714";"49 405";"27 562 903";"2024-09-04 02:59:31"
"2024-09-06";"";"82 498";"41 821";"27 563 207";"2024-09-07 02:59:43"
"2024-09-02";"";"148 821";"21 053";"27 561 596";"2024-09-02 05:14:18"
"2024-09-08";"YouTube";"4 451 594";"2 170 554";"27 561 424";"2024-09-08 23:08:41"
"2024-09-06";"";"178 094";"11 140";"27 563 464";"2024-09-06 21:54:32"
"2024-09-04";"";"35 279";"150 081";"27 562 033";"2024-09-04 11:20:53"
"2024-09-06";"";"2 551 033";"129 931";"27 562 689";"2024-09-06 23:44:49"
"2024-09-09";"";"602 193";"178 124";"27 561 958";"2024-09-09 08:17:03"
"2024-09-04";"YouTube";"8 750 052";"481 559";"27 562 331";"2024-09-04 14:11:36"
"2024-09-02";"Facebook";"287 093";"163 913";"27 562 783";"2024-09-03 01:46:10"
"2024-09-06";"";"46 083";"9 667";"27 561 330";"2024-09-07 01:10:17"
"2024-09-03";"";"27 990";"68 720";"27 563 371";"2024-09-03 17:50:07"
"2024-09-09";"";"66 425";"6 144";"27 563 242";"2024-09-09 20:29:05"
"2024-09-07";"PUBG";"844 766";"45 648";"27 563 413";"2024-09-07 17:14:24"
"2024-09-10";"";"39 199";"5 435";"27 561 805";"2024-09-10 21:54:26"
"2024-09-03";"YouTube";"709 289";"104 020";"27 563 381";"2024-09-04 00:09:33"
"2024-09-06";"Instagram";"40 810";"7 383";"27 561 633";"2024-09-06 04:13:01"
"2024-09-06";"";"43 831";"2 292";"27 563 443";"2024-09-06 22:43:41"
"2024-09-01";"";"64 228";"30 833";"27 562 639";"2024-09-02 00:21:50"
"2024-09-09";"";"93 103";"4 870";"27 562 155";"2024-09-09 08:53:19"
"2024-09-10";"";"31 547";"2 521";"27 561 232";"2024-09-10 15:48:40"
"2024-09-09";"";"43 615";"6 906";"27 561 825";"2024-09-09 04:01:25"
"2024-09-04";"";"35 906";"3 644";"27 561 778";"2024-09-05 01:10:35"
"2024-09-05";"Unknown";"388 308";"78 808";"27 561 840";"2024-09-05 07:16:51"
"2024-09-01";"";"395 734";"22 610";"27 561 418";"2024-09-01 03:24:43"
"2024-09-06";"Telegram";"143 563";"17 227";"27 562 697";"2024-09-06 17:50:47"
"2024-09-10";"";"26 332";"11 648";"27 562 002";"2024-09-10 15:00:19"
"2024-09-08";"Instagram";"8 680 680";"347 984";"27 562 309";"2024-09-08 11:44:46"
"2024-09-09";"Facebook";"4 261 760";"167 165";"27 562 601";"2024-09-09 16:25:09"
"2024-09-01";"";"42 794";"3 007";"27 561 831";"2024-09-01 12:21:38"
"2024-09-09";"";"52 038";"131 598";"27 563 484";"2024-09-09 15:36:36"
"2024-09-02";"Facebook";"17 263";"80 345";"27 562 379";"2024-09-02 03:48:16"
"2024-09-04";"";"225 029";"27 857";"27 563 218";"2024-09-05 01:46:08"
"2024-09-03";"YouTube";"86 632";"101 882";"27 563 059";"2024-09-03 21:54:25"
"2024-09-02";"";"261 258";"1 963 504";"27 561 983";"2024-09-02 13:22:47"
"2024-09-01";"";"31 707";"7 451";"27 563 236";"2024-09-01 17:38:31"
"2024-09-01";"Yandex";"317 179";"654 329";"27 562 382";"2024-09-01 15:48:55"
"2024-09-04";"";"39 588";"5 153";"27 562 847";"2024-09-04 08:41:27"
"2024-09-03";"Tas-ix";"98 345";"14 214";"27 562 281";"2024-09-04 02:59:45"
"2024-09-05";"";"1 227 173";"171 427";"27 562 143";"2024-09-05 03:00:06"
"2024-09-02";"";"1 325 685";"86 564";"27 561 815";"2024-09-02 20:29:22"
"2024-09-03";"";"892 834";"30 999";"27 561 871";"2024-09-03 04:13:58"
"2024-09-09";"YouTube";"38 570";"45 325";"27 561 378";"2024-09-09 18:15:58"
"2024-09-09";"";"105 437";"12 099";"27 561 361";"2024-09-09 11:56:35"
"2024-09-09";"YouTube";"5 088 342";"1 287 413";"27 562 105";"2024-09-09 14:35:37"
"2024-09-05";"";"184 449";"26 908";"27 563 110";"2024-09-05 16:37:13"
"2024-09-04";"";"343 859";"250 677";"27 562 063";"2024-09-04 11:56:05"
"2024-09-06";"";"28 864";"18 836";"27 563 105";"2024-09-06 15:00:57"
"2024-09-02";"";"61 516";"3 092";"27 563 356";"2024-09-02 03:48:46"
"2024-09-10";"";"26 310";"15 958";"27 562 098";"2024-09-10 07:28:02"
"2024-09-03";"WhatsApp";"287 178";"314 704";"27 562 270";"2024-09-03 13:22:18"
"2024-09-06";"Facebook";"884 867";"40 296";"27 562 555";"2024-09-06 14:23:11"
"2024-09-06";"";"127 665";"2 443 423";"27 563 460";"2024-09-06 19:28:30"
"2024-09-06";"";"130 014";"5 655";"27 563 219";"2024-09-07 00:09:36"
"2024-09-10";"";"205 219";"27 340";"27 563 084";"2024-09-11 02:59:45"
"2024-09-05";"";"28 014 338";"1 862 197";"27 563 224";"2024-09-05 18:15:25"
"2024-09-10";"";"39 918";"3 249";"27 563 030";"2024-09-10 18:27:11"
"2024-09-04";"";"69 334";"211 784";"27 563 029";"2024-09-04 09:18:51"
"2024-09-02";"YouTube";"486 553";"5 390 251";"27 562 247";"2024-09-02 23:44:28"
"2024-09-10";"";"115 471";"12 008";"27 562 260";"2024-09-10 18:39:14"
"2024-09-08";"";"262 045";"102 308";"27 562 044";"2024-09-08 12:33:43"
"2024-09-08";"";"702 153";"84 297";"27 562 548";"2024-09-08 21:30:04"
"2024-09-06";"Yandex Video";"1 348 887";"74 689";"27 563 202";"2024-09-06 19:16:15"
"2024-09-02";"";"1 734 558";"108 318";"27 561 457";"2024-09-02 15:36:08"
"2024-09-07";"";"222 477";"3 840 012";"27 562 815";"2024-09-07 12:09:04"
"2024-09-10";"";"2 725 952";"518 696";"27 562 125";"2024-09-10 19:28:46"
"2024-09-07";"YouTube";"148 351";"15 642";"27 562 894";"2024-09-07 04:13:19"
"2024-09-06";"Telegram";"2 268 368";"453 803";"27 563 049";"2024-09-06 22:31:41"
"2024-09-01";"";"106 295";"31 102";"27 562 527";"2024-09-02 00:57:53"
"2024-09-09";"";"11 664 822";"368 353";"27 563 289";"2024-09-09 10:55:31"
"2024-09-10";"";"24 176";"82 636";"27 562 236";"2024-09-10 15:12:48"
"2024-09-03";"";"32 931 842";"6 576 748";"27 562 192";"2024-09-03 09:30:45"
"2024-09-01";"";"32 557";"3 376";"27 561 457";"2024-09-01 08:53:59"
"2024-09-02";"Odnoklassniki";"168 188";"29 026";"27 562 861";"2024-09-02 09:54:52"
"2024-09-01";"";"41 572";"193 405";"27 563 171";"2024-09-01 20:17:09"
"2024-09-05";"";"45 993";"3 638";"27 562 367";"2024-09-06 02:11:16"
"2024-09-01";"";"1 768 984";"64 320";"27 561 500";"2024-09-01 19:04:33"
"2024-09-04";"Yandex";"6 438 361";"243 615";"27 561 539";"2024-09-04 19:16:39"
"2024-09-08";"Facebook";"256 036";"16 392";"27 562 864";"2024-09-08 07:28:24"
"2024-09-02";"YouTube";"31 863";"8 426";"27 562 364";"2024-09-02 20:29:42"
"2024-09-02";"";"74 562";"3 901";"27 563 106";"2024-09-02 10:43:04"
"2024-09-07";"Yandex";"6 148 692";"1 077 154";"27 563 462";"2024-09-08 01:46:18"
"2024-09-07";"YouTube";"10 064 077";"684 427";"27 562 238";"2024-09-07 11:44:25"
"2024-09-02";"YouTube";"365 489";"53 391";"27 563 001";"2024-09-02 11:20:48"
"2024-09-08";"Facebook";"2 486 210";"135 196";"27 562 512";"2024-09-08 09:06:54"
"2024-09-03";"";"47 376";"2 085";"27 561 737";"2024-09-04 00:21:14"
"2024-09-03";"Instagram";"342 117";"88 625";"27 561 520";"2024-09-03 17:02:47"
"2024-09-04";"";"1 698 300";"80 404";"27 563 382";"2024-09-04 19:04:27"
"2024-09-05";"Tas-ix";"111 330";"10 033";"27 561 222";"2024-09-05 22:43:13"
"2024-09-03";"";"27 101";"8 948";"27 562 865";"2024-09-03 04:49:00"
"2024-09-05";"";"1 804 529";"98 507";"27 562 656";"2024-09-05 07:16:10"
"2024-09-02";"";"126 897";"9 657";"27 561 500";"2024-09-02 21:54:45"
"2024-09-01";"";"27 295";"10 910";"27 562 050";"2024-09-02 00:45:22"
"2024-09-02";"";"57 553";"6 491";"27 561 802";"2024-09-02 15:24:40"
"2024-09-04";"Telegram";"26 945 506";"3 665 936";"27 561 271";"2024-09-04 21:42:54"
"2024-09-03";"";"128 182";"30 694";"27 562 795";"2024-09-03 23:56:28"
"2024-09-08";"";"104 493";"66 075";"27 562 328";"2024-09-08 03:48:25"
"2024-09-06";"Instagram";"1 984 433";"196 511";"27 561 171";"2024-09-06 19:04:29"
"2024-09-01";"";"53 223 276";"3 450 384";"27 561 624";"2024-09-01 15:00:36"
"2024-09-02";"";"230 397";"91 530";"27 562 402";"2024-09-02 18:27:39"
"2024-09-08";"";"105 177";"35 308";"27 562 436";"2024-09-08 16:25:24"
"2024-09-08";"";"20 816";"104 000";"27 562 842";"2024-09-08 19:16:48"
"2024-09-03";"";"35 106";"11 247";"27 561 850";"2024-09-03 12:33:43"
"2024-09-06";"";"39 825";"21 484";"27 562 912";"2024-09-06 16:49:13"
"2024-09-07";"Apple Music";"30 009";"9 049";"27 562 035";"2024-09-07 13:58:30"
"2024-09-09";"";"28 959";"4 390";"27 563 014";"2024-09-09 16:49:33"
"2024-09-05";"";"59 980";"8 707";"27 563 162";"2024-09-06 02:47:26"
"2024-09-10";"";"187 749";"392 281";"27 562 512";"2024-09-11 01:10:40"
"2024-09-02";"";"134 194";"11 578";"27 561 658";"2024-09-02 23:32:17"
"2024-09-09";"Instagram";"61 719 496";"2 375 548";"27 561 844";"2024-09-09 23:44:30"
"2024-09-06";"";"262 712";"86 197";"27 562 628";"2024-09-07 00:09:09"
"2024-09-10";"";"54 176";"2 824";"27 562 505";"2024-09-10 03:00:30"
"2024-09-07";"YouTube";"6 621 443";"444 102";"27 561 252";"2024-09-07 20:05:35"
"2024-09-03";"Instagram";"525 273";"37 765";"27 561 883";"2024-09-04 01:58:50"
"2024-09-04";"";"55 947";"16 025";"27 561 453";"2024-09-04 23:32:59"
"2024-09-03";"Yandex";"1 218 787";"59 690";"27 562 803";"2024-09-04 00:57:04"
"2024-09-09";"";"42 769";"3 514";"27 561 970";"2024-09-09 14:23:42"
"2024-09-02";"";"22 422 341";"303 307";"27 562 642";"2024-09-02 03:48:36"
"2024-09-09";"";"2 282 960";"68 124";"27 562 890";"2024-09-09 23:44:50"
"2024-09-10";"";"1 257 100";"601 892";"27 562 982";"2024-09-10 03:12:49"
"2024-09-02";"";"0";"33 440";"27 561 305";"2024-09-02 11:20:34"
"2024-09-02";"";"3 162 179";"90 130";"27 562 716";"2024-09-03 00:09:03"
"2024-09-01";"";"68 475";"10 278";"27 561 254";"2024-09-01 12:33:07"
"2024-09-03";"";"13 653 652";"1 658 200";"27 561 999";"2024-09-03 23:32:58"
"2024-09-10";"";"199 663";"20 421";"27 562 672";"2024-09-10 07:04:40"
"2024-09-05";"";"26 481";"9 899";"27 561 981";"2024-09-05 23:20:03"
"2024-09-03";"Instagram";"34 978 281";"881 867";"27 562 984";"2024-09-03 23:08:41"
"2024-09-01";"";"130 285 978";"2 549 224";"27 562 187";"2024-09-01 05:02:12"
"2024-09-03";"YouTube";"3 123 352";"304 299";"27 562 117";"2024-09-03 22:31:16"
"2024-09-02";"YouTube";"8 593 937";"822 876";"27 561 669";"2024-09-02 08:53:28"
"2024-09-05";"";"374 951";"28 852";"27 561 506";"2024-09-05 06:03:18"
"2024-09-04";"";"54 097";"45 877";"27 562 350";"2024-09-04 17:14:39"
"2024-09-03";"";"2 395 220";"101 594";"27 562 444";"2024-09-04 01:34:08"
"2024-09-07";"";"27 709";"5 400";"27 563 051";"2024-09-07 16:49:31"
"2024-09-10";"Yandex";"1 027 366";"574 750";"27 563 310";"2024-09-10 23:56:01"
"2024-09-10";"";"31 446";"7 232";"27 561 629";"2024-09-10 17:38:26"
"2024-09-07";"";"31 728";"9 565";"27 561 670";"2024-09-07 16:13:52"
"2024-09-08";"Facebook";"808 929";"88 430";"27 562 984";"2024-09-09 02:59:33"
"2024-09-06";"";"1 489 296";"259 985";"27 563 418";"2024-09-06 20:41:32"
"2024-09-03";"";"154 428";"30 336";"27 562 442";"2024-09-03 15:24:47"
"2024-09-10";"YouTube";"162 274 815";"9 844 543";"27 563 495";"2024-09-11 01:58:33"
"2024-09-03";"YouTube";"1 918 797";"587 512";"27 562 969";"2024-09-03 16:49:43"
"2024-09-08";"";"69 951";"53 980";"27 563 421";"2024-09-08 22:31:39"
"2024-09-04";"";"49 750";"2 446";"27 561 887";"2024-09-04 23:56:41"
"2024-09-08";"";"524 233";"31 148";"27 562 223";"2024-09-09 00:21:33"
"2024-09-04";"";"0";"42 380";"27 563 290";"2024-09-04 23:20:03"
"2024-09-07";"Telegram";"7 994 381";"406 028";"27 561 835";"2024-09-07 04:49:04"
"2024-09-05";"";"33 635";"2 637";"27 562 445";"2024-09-05 11:32:02"
"2024-09-09";"";"6 057";"27 495";"27 561 921";"2024-09-09 03:12:35"
"2024-09-09";"Yandex";"137 619";"6 355";"27 561 380";"2024-09-10 01:34:59"
"2024-09-04";"";"59 414";"158 883";"27 561 805";"2024-09-04 20:17:22"
"2024-09-04";"YouTube";"129 597";"32 064";"27 563 080";"2024-09-05 00:21:56"
"2024-09-02";"TikTok";"286 448";"355 707";"27 562 812";"2024-09-02 14:35:01"
"2024-09-04";"";"91 296";"32 499";"27 563 145";"2024-09-04 06:15:37"
"2024-09-06";"YouTube";"81 182 452";"4 632 107";"27 561 981";"2024-09-06 18:39:25"
"2024-09-08";"WhatsApp";"54 225";"3 965";"27 562 088";"2024-09-08 17:50:41"
"2024-09-05";"";"26 025";"14 689";"27 562 886";"2024-09-05 13:34:47"
"2024-09-02";"Instagram";"640 494";"90 052";"27 562 623";"2024-09-02 13:46:45"
"2024-09-03";"Yandex";"67 818";"101 334";"27 562 703";"2024-09-03 03:12:11"
"2024-09-10";"";"26 788";"17 003";"27 561 320";"2024-09-10 18:51:17"
"2024-09-02";"YouTube";"92 002 904";"8 083 834";"27 561 883";"2024-09-02 21:18:07"
"2024-09-07";"";"214 845";"500 128";"27 562 981";"2024-09-07 16:13:09"
"2024-09-02";"Unknown";"3 805 158";"254 993";"27 563 336";"2024-09-03 02:11:41"
"2024-09-06";"WhatsApp";"31 073";"2 965";"27 561 250";"2024-09-06 09:18:40"
"2024-09-06";"Odnoklassniki";"1 334 318";"30 787";"27 561 792";"2024-09-06 12:45:31"
"2024-09-02";"";"446 759";"27 034";"27 562 800";"2024-09-02 12:33:57"
"2024-09-09";"Facebook";"34 796";"3 411";"27 563 269";"2024-09-10 02:47:22"
"2024-09-03";"";"1 281 236";"1 351 635";"27 562 436";"2024-09-04 02:11:48"
"2024-09-08";"Instagram";"716 884";"173 647";"27 561 818";"2024-09-08 14:11:25"
"2024-09-08";"";"26 389";"18 527";"27 562 793";"2024-09-08 15:36:29"
"2024-09-02";"Facebook";"286 359";"182 114";"27 561 570";"2024-09-02 20:53:04"
"2024-09-05";"";"123 080";"20 755";"27 562 805";"2024-09-05 06:15:58"
"2024-09-07";"";"114 153";"53 455";"27 563 145";"2024-09-07 19:28:56"
"2024-09-05";"";"1 216 306";"122 476";"27 561 359";"2024-09-05 17:02:07"
"2024-09-08";"";"78 514";"10 371";"27 561 449";"2024-09-08 16:25:48"
"2024-09-10";"";"24 329 796";"2 526 735";"27 563 476";"2024-09-10 06:51:05"
"2024-09-04";"";"69 340";"22 792";"27 563 458";"2024-09-04 23:32:21"
"2024-09-10";"";"19 331";"32 872";"27 561 356";"2024-09-10 06:03:42"
"2024-09-01";"";"892 843";"48 380";"27 563 293";"2024-09-01 18:03:52"
"2024-09-07";"";"66 653";"8 198";"27 561 350";"2024-09-07 22:31:28"
"2024-09-10";"Facebook";"4 239 905";"238 151";"27 561 737";"2024-09-10 19:16:20"
"2024-09-02";"";"29 472";"2 292";"27 562 732";"2024-09-02 15:24:17"
"2024-09-09";"";"131 308";"30 534";"27 563 001";"2024-09-09 13:22:58"
"2024-09-03";"";"70 139";"5 973";"27 562 756";"2024-09-03 11:32:41"
"2024-09-05";"";"227 399";"66 478";"27 562 185";"2024-09-06 00:57:58"
"2024-09-10";"Yandex";"44 770";"4 712";"27 563 503";"2024-09-10 21:42:14"
"2024-09-09";"";"1 282 391";"38 766";"27 562 305";"2024-09-09 08:17:11"
"2024-09-07";"";"844 830";"40 965";"27 563 145";"2024-09-07 06:15:37"
"2024-09-01";"";"192 477";"10 794";"27 562 192";"2024-09-01 18:51:52"
"2024-09-02";"";"55 849";"2 793";"27 561 224";"2024-09-02 13:22:46"
"2024-09-02";"Unknown";"147 540";"97 968";"27 562 241";"2024-09-02 15:48:55"
"2024-09-06";"Instagram";"48 573 211";"1 435 581";"27 561 508";"2024-09-06 19:52:47"
"2024-09-05";"";"43 475";"11 001";"27 562 864";"2024-09-05 23:56:04"
"2024-09-09";"Apple Music";"258 852";"18 821";"27 563 394";"2024-09-09 20:53:16"
"2024-09-09";"";"26 233";"17 889";"27 563 392";"2024-09-09 13:22:21"
"2024-09-07";"Facebook";"1 516 675";"59 854";"27 562 088";"2024-09-07 20:29:45"
"2024-09-01";"Instagram";"1 416 301";"73 309";"27 561 621";"2024-09-01 05:50:16"
"2024-09-04";"Yandex";"12 914";"44 408";"27 563 381";"2024-09-04 13:22:33"
"2024-09-01";"Instagram";"4 443 711";"3 313 482";"27 561 792";"2024-09-01 12:33:51"
"2024-09-06";"Apple Music";"61 738";"2 067";"27 562 348";"2024-09-06 16:25:38"
"2024-09-03";"Yandex";"4 998";"38 131";"27 561 452";"2024-09-03 04:49:11"
"2024-09-05";"";"1 160 079";"64 489";"27 563 174";"2024-09-05 19:28:05"
"2024-09-06";"YouTube";"46 623";"66 455";"27 562 732";"2024-09-06 17:38:50"
"2024-09-06";"";"157 352";"7 310";"27 561 227";"2024-09-07 01:22:26"
"2024-09-07";"";"97 923";"5 212";"27 561 222";"2024-09-07 10:55:11"
"2024-09-06";"";"44 245";"8 062";"27 562 570";"2024-09-06 14:47:43"
"2024-09-03";"Tas-ix";"485 780";"29 551";"27 562 320";"2024-09-03 06:51:53"
"2024-09-08";"";"284 343";"10 782 112";"27 561 173";"2024-09-08 10:55:24"
"2024-09-04";"";"227 599";"19 660";"27 561 214";"2024-09-04 14:59:12"
"2024-09-09";"YouTube";"733 521";"209 072";"27 561 292";"2024-09-09 20:53:05"
"2024-09-03";"";"305 975";"58 182";"27 563 376";"2024-09-03 08:17:41"
"2024-09-06";"";"411 975";"204 799";"27 563 464";"2024-09-07 01:34:47"
"2024-09-02";"Instagram";"66 701 302";"2 186 156";"27 563 252";"2024-09-02 21:18:14"
"2024-09-01";"";"40 878";"5 206";"27 561 690";"2024-09-01 07:04:40"
"2024-09-10";"";"59 060";"3 179";"27 563 006";"2024-09-10 10:19:22"
"2024-09-01";"";"43 432";"2 904";"27 561 964";"2024-09-01 19:16:43"
"2024-09-03";"";"288 259";"49 780";"27 562 685";"2024-09-04 02:59:20"
"2024-09-07";"";"400 180";"23 268";"27 561 571";"2024-09-07 19:28:34"
"2024-09-10";"";"540 462";"51 252";"27 562 619";"2024-09-10 21:54:37"
"2024-09-06";"";"404 080";"18 239";"27 563 239";"2024-09-06 18:39:23"
"2024-09-05";"";"118 104";"8 125";"27 561 768";"2024-09-05 16:49:02"
"2024-09-07";"";"635 657";"154 239";"27 561 204";"2024-09-07 11:56:38"
"2024-09-06";"";"32 098";"5 624";"27 561 368";"2024-09-06 21:42:17"
"2024-09-06";"Telegram";"114 465";"6 020";"27 563 080";"2024-09-06 08:05:04"
"2024-09-09";"";"5 976";"30 582";"27 561 863";"2024-09-09 09:18:05"
"2024-09-05";"Yandex";"1 570 840";"84 829";"27 563 264";"2024-09-05 08:29:56"
"2024-09-05";"";"565 544";"378 137";"27 562 197";"2024-09-05 04:01:16"
"2024-09-02";"";"96 778";"162 782";"27 562 192";"2024-09-02 03:00:15"
"2024-09-05";"";"165 788";"109 552";"27 562 595";"2024-09-05 15:00:53"
"2024-09-08";"YouTube";"156 913";"48 236";"27 563 410";"2024-09-09 00:09:11"
"2024-09-05";"YouTube";"52 937";"5 765";"27 562 968";"2024-09-06 01:22:47"
"2024-09-07";"";"1 050 353";"54 668";"27 561 741";"2024-09-07 16:01:10"
"2024-09-06";"Instagram";"20 214 148";"511 555";"27 562 747";"2024-09-07 02:23:17"
"2024-09-04";"Instagram";"40 914 728";"1 502 600";"27 562 571";"2024-09-04 19:28:33"
"2024-09-08";"Spotify";"1 391 471";"824 608";"27 563 491";"2024-09-08 18:39:20"
"2024-09-06";"";"113 652";"7 786";"27 562 971";"2024-09-07 01:58:14"
"2024-09-02";"";"6 967 004";"292 802";"27 562 812";"2024-09-03 01:46:58"
"2024-09-05";"";"102 909";"37 783";"27 562 292";"2024-09-05 07:52:26"
"2024-09-04";"";"27 445";"7 704";"27 562 696";"2024-09-04 16:49:51"
"2024-09-10";"YouTube";"141 638";"27 622";"27 562 242";"2024-09-10 15:00:12"
"2024-09-09";"";"38 944";"6 953";"27 562 473";"2024-09-09 12:57:38"
"2024-09-03";"";"39 757";"4 932";"27 562 628";"2024-09-03 04:49:26"
"2024-09-01";"";"604 263";"351 643";"27 561 611";"2024-09-01 13:46:19"
"2024-09-01";"Telegram";"50 426";"15 952";"27 561 684";"2024-09-01 21:18:03"
"2024-09-02";"";"38 445";"64 858";"27 563 514";"2024-09-02 10:43:13"
"2024-09-03";"Instagram";"19 748 549";"1 147 349";"27 562 521";"2024-09-03 13:58:38"
"2024-09-04";"";"75 540";"3 296";"27 562 672";"2024-09-04 23:56:08"
"2024-09-06";"";"880";"55 254";"27 561 539";"2024-09-07 01:34:21"
"2024-09-05";"";"33 553";"3 018";"27 562 903";"2024-09-05 22:31:05"
"2024-09-03";"";"54 695";"3 155";"27 562 732";"2024-09-03 13:10:38"
"2024-09-05";"";"978 933";"113 804";"27 563 152";"2024-09-05 20:17:07"
"2024-09-10";"";"395 529";"1 119 181";"27 561 649";"2024-09-11 01:10:27"
"2024-09-06";"";"707 599";"120 448";"27 561 905";"2024-09-07 02:47:00"
"2024-09-10";"YouTube";"826 391";"51 943";"27 561 504";"2024-09-10 09:54:23"
"2024-09-08";"Instagram";"885 570";"592 375";"27 562 992";"2024-09-08 04:25:19"
"2024-09-08";"";"49 312";"135 950";"27 561 586";"2024-09-08 09:42:52"
"2024-09-07";"";"34 627 556";"1 735 182";"27 561 422";"2024-09-07 05:38:27"
"2024-09-07";"VKontakte";"257 642";"195 058";"27 561 215";"2024-09-07 15:00:27"
"2024-09-08";"";"8 678";"28 331";"27 562 280";"2024-09-08 04:49:10"
"2024-09-10";"";"109 709";"7 307";"27 563 243";"2024-09-10 19:16:30"
"2024-09-03";"";"33 496";"93 575";"27 562 622";"2024-09-03 18:51:10"
"2024-09-08";"";"110 047";"112 107";"27 563 219";"2024-09-08 13:34:01"
"2024-09-05";"Telegram";"2 235 872";"376 935";"27 562 499";"2024-09-06 02:47:28"
"2024-09-06";"";"66 016";"220 242";"27 561 449";"2024-09-06 13:58:42"
"2024-09-06";"";"98 160";"202 118";"27 562 273";"2024-09-06 17:38:02"
"2024-09-02";"";"354 095";"189 098";"27 563 191";"2024-09-02 04:13:31"
"2024-09-06";"";"315 652";"487 744";"27 563 116";"2024-09-06 23:56:53"
"2024-09-05";"Apple Music";"47 592";"22 911";"27 563 044";"2024-09-05 18:03:45"
"2024-09-03";"Unknown";"376 707";"45 654";"27 563 213";"2024-09-03 12:21:23"
"2024-09-09";"";"31 768";"2 099";"27 563 335";"2024-09-09 06:27:38"
"2024-09-06";"Instagram";"6 887 030";"6 324 444";"27 563 432";"2024-09-06 05:14:54"
"2024-09-04";"";"30 400 184";"1 774 410";"27 561 974";"2024-09-04 05:14:25"
"2024-09-02";"";"623 834";"128 890";"27 563 014";"2024-09-02 15:24:27"
"2024-09-03";"";"52 421 536";"22 979 673";"27 562 779";"2024-09-03 04:49:52"
"2024-09-02";"";"860 444";"91 796";"27 561 435";"2024-09-02 19:40:42"
"2024-09-06";"";"219 182";"812 844";"27 562 717";"2024-09-06 05:26:00"
"2024-09-02";"";"6 028";"35 285";"27 562 294";"2024-09-02 12:33:53"
"2024-09-03";"";"6 468";"27 875";"27 562 595";"2024-09-04 02:23:43"
"2024-09-02";"";"372 317";"1 692 384";"27 561 555";"2024-09-02 08:41:07"
"2024-09-09";"Instagram";"3 421 161";"222 624";"27 561 873";"2024-09-09 12:45:17"
"2024-09-10";"YouTube";"9 019 578";"496 803";"27 562 146";"2024-09-11 00:21:03"
"2024-09-08";"";"254 493";"8 921";"27 561 805";"2024-09-08 17:14:54"
"2024-09-08";"";"355 132";"225 540";"27 563 514";"2024-09-08 19:52:46"
"2024-09-05";"";"34 591";"11 384";"27 563 022";"2024-09-05 18:15:39"
"2024-09-02";"";"339 039";"26 275";"27 563 228";"2024-09-02 13:34:53"
"2024-09-05";"";"98 446";"47 720";"27 562 622";"2024-09-05 09:06:21"
"2024-09-08";"WhatsApp";"9 608 242";"61 243 257";"27 563 009";"2024-09-08 22:19:34"
"2024-09-03";"";"136 703";"148 374";"27 563 264";"2024-09-03 08:17:30"
"2024-09-04";"YouTube";"1 051 007";"90 271";"27 562 674";"2024-09-04 09:18:12"
"2024-09-07";"";"99 311";"40 538";"27 562 070";"2024-09-07 04:49:18"
"2024-09-03";"";"0";"25 914";"27 561 680";"2024-09-03 21:54:19"
"2024-09-10";"";"87 112";"37 580";"27 561 775";"2024-09-10 15:12:46"
"2024-09-05";"";"258 576";"77 317";"27 561 861";"2024-09-05 16:13:58"
"2024-09-07";"";"228 428";"35 860";"27 561 838";"2024-09-07 03:48:02"
"2024-09-08";"";"469 342";"253 877";"27 562 560";"2024-09-08 06:39:32"
"2024-09-10";"";"76 926";"56 741";"27 562 379";"2024-09-10 14:47:16"
"2024-09-01";"";"21 767";"140 184";"27 562 304";"2024-09-02 02:11:59"
"2024-09-09";"";"268 500";"35 132";"27 563 514";"2024-09-09 11:32:36"
"2024-09-04";"";"58 917";"2 312";"27 562 721";"2024-09-04 08:29:12"
"2024-09-08";"";"138 241";"21 080";"27 563 403";"2024-09-08 12:21:33"
"2024-09-03";"";"27 533";"4 746";"27 562 527";"2024-09-04 02:59:22"
"2024-09-09";"";"204 466";"9 229";"27 563 154";"2024-09-10 02:35:36"
"2024-09-09";"Likee";"796 885";"31 731";"27 561 231";"2024-09-09 19:16:06"
"2024-09-10";"";"26 260";"2 736";"27 562 533";"2024-09-10 07:16:49"
"2024-09-05";"";"63 776";"4 681";"27 562 047";"2024-09-05 12:57:24"
"2024-09-05";"";"75 568";"101 658";"27 561 181";"2024-09-05 13:46:32"
"2024-09-02";"";"73 491";"4 758";"27 561 224";"2024-09-02 12:09:02"
"2024-09-09";"";"71 599";"38 326";"27 561 881";"2024-09-09 08:05:19"
"2024-09-03";"";"136 905";"76 507";"27 562 415";"2024-09-03 07:52:34"
"2024-09-07";"";"1 258 335";"274 196";"27 562 343";"2024-09-07 14:11:25"
"2024-09-03";"";"516 807";"112 572";"27 561 801";"2024-09-03 06:39:53"
"2024-09-02";"Instagram";"603 371";"68 946";"27 562 698";"2024-09-02 08:17:03"
"2024-09-10";"";"356 049";"84 072";"27 562 371";"2024-09-10 12:21:21"
"2024-09-08";"";"163 402";"60 743";"27 561 347";"2024-09-08 12:45:21"
"2024-09-01";"";"299 336";"38 301";"27 562 643";"2024-09-01 08:17:16"
"2024-09-05";"";"202 242";"84 162";"27 562 587";"2024-09-05 15:24:44"
"2024-09-05";"";"4 743 142";"262 924";"27 562 639";"2024-09-05 05:26:20"
"2024-09-05";"Facebook";"274 014";"5 199";"27 562 932";"2024-09-06 00:33:32"
"2024-09-03";"";"11 006 757";"390 085";"27 561 884";"2024-09-03 13:22:28"
"2024-09-06";"";"244 051";"30 771";"27 562 906";"2024-09-07 01:22:48"
"2024-09-09";"";"235 671";"21 127";"27 561 809";"2024-09-10 01:58:47"
"2024-09-07";"";"25 718";"6 523";"27 562 174";"2024-09-07 12:21:22"
"2024-09-02";"";"778 769";"152 311";"27 562 668";"2024-09-02 03:00:10"
"2024-09-01";"";"16 725";"208 946";"27 561 206";"2024-09-02 02:11:36"
"2024-09-02";"";"13 878";"26 327";"27 561 763";"2024-09-02 08:05:42"
"2024-09-09";"";"39 957";"2 468";"27 562 260";"2024-09-09 20:05:04"
"2024-09-08";"";"104 315";"12 933";"27 563 267";"2024-09-08 11:08:32"
"2024-09-08";"";"31 328";"3 195";"27 563 311";"2024-09-08 14:23:45"
"2024-09-01";"";"251 999";"38 032";"27 563 066";"2024-09-01 18:51:20"
"2024-09-08";"YouTube";"496 201";"81 913";"27 562 535";"2024-09-08 05:14:21"
"2024-09-05";"Telegram";"75 823";"8 479";"27 562 303";"2024-09-05 17:02:03"
"2024-09-10";"";"698 805";"131 950";"27 563 451";"2024-09-10 22:55:27"
"2024-09-04";"";"241 725";"8 561";"27 562 303";"2024-09-04 17:26:42"
"2024-09-02";"";"538 634";"25 888";"27 562 419";"2024-09-02 21:42:05"
"2024-09-02";"";"86 364";"5 030";"27 563 365";"2024-09-02 05:14:13"
"2024-09-06";"";"361 826 846";"30 622 012";"27 562 339";"2024-09-06 21:18:08"
"2024-09-05";"";"20 363 425";"1 460 045";"27 563 430";"2024-09-05 09:30:14"
"2024-09-10";"";"3 110 538";"191 982";"27 563 491";"2024-09-10 03:00:25"
"2024-09-09";"";"113 747";"5 407";"27 563 403";"2024-09-09 21:54:51"
"2024-09-01";"";"1 046 665";"82 448";"27 561 312";"2024-09-01 12:33:11"
"2024-09-01";"";"86 590";"59 120";"27 563 481";"2024-09-01 09:30:17"
"2024-09-05";"Instagram";"3 406 576";"597 118";"27 563 326";"2024-09-05 17:14:16"
"2024-09-03";"";"182 601";"20 048";"27 561 437";"2024-09-03 20:29:46"
"2024-09-08";"";"49 854";"97 340";"27 561 943";"2024-09-08 05:14:31"
"2024-09-05";"";"575 321";"51 523";"27 562 670";"2024-09-05 15:24:28"
"2024-09-07";"";"89 072";"5 649";"27 561 600";"2024-09-07 20:41:47"
"2024-09-01";"WhatsApp";"36 060";"2 551";"27 562 378";"2024-09-01 22:31:26"
"2024-09-01";"";"61 291";"5 683";"27 562 087";"2024-09-01 17:14:09"
"2024-09-02";"";"86 230 647";"5 574 160";"27 561 366";"2024-09-02 10:07:48"
"2024-09-03";"";"211 367";"19 981";"27 561 583";"2024-09-03 15:48:33"
"2024-09-01";"YouTube";"39 003";"13 298";"27 563 300";"2024-09-01 08:41:43"
"2024-09-02";"IMO";"299 730";"78 072";"27 562 678";"2024-09-02 21:42:58"
"2024-09-07";"";"609 268";"33 768";"27 561 981";"2024-09-07 07:16:10"
"2024-09-02";"";"37 149";"14 433";"27 561 763";"2024-09-02 09:42:35"
"2024-09-09";"";"60 534";"21 303";"27 562 491";"2024-09-10 00:57:38"
"2024-09-09";"";"229 848";"215 269";"27 561 356";"2024-09-09 16:37:11"
"2024-09-01";"Instagram";"849 266";"519 445";"27 561 891";"2024-09-01 18:51:07"
"2024-09-06";"";"44 137";"2 922";"27 561 729";"2024-09-06 22:19:50"
"2024-09-01";"Facebook";"134 575";"38 218";"27 563 280";"2024-09-01 20:53:47"
"2024-09-09";"";"36 904";"26 515";"27 562 543";"2024-09-09 14:59:34"
"2024-09-04";"YouTube";"279 154 085";"18 285 323";"27 562 278";"2024-09-04 19:28:14"
"2024-09-06";"";"8 049 098";"285 502";"27 562 343";"2024-09-06 03:00:06"
"2024-09-01";"";"1 154 449";"125 717";"27 562 720";"2024-09-01 09:06:21"
"2024-09-07";"";"26 867";"28 240";"27 562 464";"2024-09-07 06:27:11"
"2024-09-08";"";"832 708";"106 521";"27 562 473";"2024-09-08 16:49:32"
"2024-09-06";"";"156 670";"8 578";"27 561 826";"2024-09-06 11:08:32"
"2024-09-10";"";"42 798";"6 313";"27 563 017";"2024-09-10 10:31:11"
"2024-09-05";"Instagram";"45 944 999";"1 436 124";"27 561 687";"2024-09-05 14:23:51"
"2024-09-06";"";"31 054";"2 359";"27 563 427";"2024-09-06 08:53:34"
"2024-09-07";"";"104 609";"8 171";"27 562 489";"2024-09-07 07:40:47"
"2024-09-09";"VKontakte";"18 034";"142 030";"27 561 552";"2024-09-09 11:44:40"
"2024-09-03";"YouTube";"2 875 602";"423 863";"27 563 136";"2024-09-03 20:05:54"
"2024-09-03";"";"467 882";"7 223";"27 563 392";"2024-09-03 04:25:11"
"2024-09-04";"YouTube";"2 046 673";"357 678";"27 561 582";"2024-09-04 10:31:43"
"2024-09-04";"";"735 747";"110 779";"27 562 815";"2024-09-05 01:46:05"
"2024-09-10";"";"364 423";"121 153";"27 561 815";"2024-09-10 11:56:55"
"2024-09-07";"";"393 848";"147 147";"27 562 267";"2024-09-07 14:35:09"
"2024-09-09";"WhatsApp";"36 719 380";"40 233 690";"27 562 721";"2024-09-10 01:10:30"
"2024-09-09";"Tas-ix";"230 329";"18 291";"27 562 677";"2024-09-09 07:40:26"
"2024-09-04";"YouTube";"374 864";"46 461";"27 562 352";"2024-09-04 08:05:13"
"2024-09-04";"";"362 800";"10 832";"27 561 888";"2024-09-04 03:12:16"
"2024-09-04";"";"81 486 163";"9 582 696";"27 561 548";"2024-09-04 22:19:08"
"2024-09-09";"";"37 569";"16 671";"27 561 862";"2024-09-09 03:00:02"
"2024-09-08";"YouTube";"111 252";"39 833";"27 562 199";"2024-09-08 08:05:10"
"2024-09-05";"";"33 212";"2 838";"27 562 207";"2024-09-05 05:50:00"
"2024-09-01";"";"264 737";"198 490";"27 562 675";"2024-09-01 06:27:12"
"2024-09-08";"VKontakte";"176 865";"198 312";"27 562 255";"2024-09-08 12:57:31"
"2024-09-05";"";"111 926";"13 721";"27 562 302";"2024-09-05 10:07:56"
"2024-09-04";"";"35 446 770";"1 233 526";"27 562 071";"2024-09-04 19:16:22"
"2024-09-08";"Unknown";"3 309 383";"426 822";"27 563 080";"2024-09-08 08:05:42"
"2024-09-04";"Facebook";"873 961";"10 503";"27 562 158";"2024-09-04 19:04:24"
"2024-09-10";"Telegram";"16 548 273";"2 257 281";"27 561 302";"2024-09-10 21:54:15"
"2024-09-05";"";"90 684";"161 778";"27 562 371";"2024-09-05 09:42:04"
"2024-09-04";"";"30 596";"3 261";"27 562 294";"2024-09-04 20:17:38"
"2024-09-08";"";"4 143";"32 969";"27 561 607";"2024-09-08 11:32:11"
"2024-09-09";"";"149 862";"9 747";"27 563 083";"2024-09-09 12:09:36"
"2024-09-05";"";"1 460 629";"379 173";"27 562 699";"2024-09-05 13:22:38"
"2024-09-07";"YouTube";"14 541 100";"728 653";"27 562 404";"2024-09-07 20:53:57"
"2024-09-09";"";"73 605";"190 951";"27 563 269";"2024-09-09 07:16:05"
"2024-09-03";"";"364 846";"16 619";"27 563 471";"2024-09-03 12:45:34"
"2024-09-06";"";"1 187 506";"47 210";"27 561 433";"2024-09-06 15:36:47"
"2024-09-09";"Spotify";"63 560";"6 958";"27 563 491";"2024-09-09 09:18:45"
"2024-09-08";"Apple Music";"32 897";"5 774";"27 562 304";"2024-09-08 10:31:26"
"2024-09-09";"";"690";"25 677";"27 561 552";"2024-09-09 18:27:23"
"2024-09-01";"YouTube";"76 364";"192 401";"27 562 399";"2024-09-01 16:25:47"
"2024-09-07";"";"192 502";"22 993";"27 561 250";"2024-09-08 02:35:54"
"2024-09-08";"";"259 412";"66 086";"27 562 644";"2024-09-08 13:58:14"
"2024-09-08";"";"91 037";"5 380";"27 562 436";"2024-09-08 12:57:04"
"2024-09-08";"";"129 604";"473 227";"27 561 337";"2024-09-09 02:11:28"
"2024-09-07";"";"55 251";"62 409";"27 561 767";"2024-09-07 15:00:36"
"2024-09-09";"Instagram";"5 548 072";"3 283 509";"27 563 109";"2024-09-09 16:01:55"
"2024-09-05";"Telegram";"409 758";"46 953";"27 562 868";"2024-09-05 18:51:07"
"2024-09-05";"";"153 739";"481 168";"27 562 173";"2024-09-05 14:47:49"
"2024-09-06";"";"143 711";"77 516";"27 561 441";"2024-09-06 22:07:52"
"2024-09-01";"";"13 350";"35 545";"27 563 469";"2024-09-01 10:55:08"
"2024-09-07";"";"26 578";"7 722";"27 561 738";"2024-09-07 07:40:43"
"2024-09-10";"";"694 950";"244 538";"27 562 968";"2024-09-10 11:08:34"
"2024-09-01";"YouTube";"19 217 045";"1 615 288";"27 562 574";"2024-09-02 00:33:03"
"2024-09-10";"Facebook";"769 312";"53 330";"27 562 868";"2024-09-10 21:42:06"
"2024-09-04";"";"27 705";"10 697";"27 561 998";"2024-09-04 05:02:24"
"2024-09-01";"YouTube";"330 968";"46 511";"27 562 466";"2024-09-01 10:19:54"
"2024-09-04";"";"76 408";"27 720";"27 561 305";"2024-09-04 19:28:21"
"2024-09-08";"YouTube";"26 242";"363 715";"27 562 609";"2024-09-08 08:17:59"
"2024-09-01";"";"537 643";"1 121 119";"27 562 398";"2024-09-01 05:02:27"
"2024-09-10";"";"84 838";"9 058";"27 562 143";"2024-09-10 11:56:38"
"2024-09-05";"";"1 546 651";"772 870";"27 562 674";"2024-09-05 20:41:35"
"2024-09-09";"YouTube";"497 558";"50 031";"27 563 128";"2024-09-09 08:29:15"
"2024-09-01";"Instagram";"91 893";"5 680";"27 563 448";"2024-09-01 16:13:15"
"2024-09-05";"";"736 985";"90 403";"27 562 007";"2024-09-05 15:48:53"
"2024-09-01";"";"43 866";"140 184";"27 562 753";"2024-09-01 21:30:40"
"2024-09-03";"";"6 061";"28 794";"27 562 956";"2024-09-03 10:55:48"
"2024-09-01";"";"40 204";"27 928";"27 561 855";"2024-09-01 23:32:21"
"2024-09-05";"";"1 254 683";"68 716";"27 561 429";"2024-09-05 18:39:33"
"2024-09-10";"";"32 499";"4 109";"27 561 659";"2024-09-10 11:08:06"
"2024-09-05";"";"230 334";"20 632";"27 563 411";"2024-09-06 01:46:49"
"2024-09-04";"Instagram";"1 563 596";"6 776 912";"27 561 320";"2024-09-04 07:28:05"
"2024-09-04";"YouTube";"995 610";"66 524";"27 562 417";"2024-09-04 17:14:01"
"2024-09-02";"Telegram";"10 323 799";"564 377";"27 562 522";"2024-09-02 03:36:41"
"2024-09-02";"Apple Music";"31 494";"6 784";"27 562 266";"2024-09-03 01:58:22"
"2024-09-01";"";"107 075";"53 348";"27 563 390";"2024-09-01 10:43:44"
"2024-09-06";"";"125 379";"20 715";"27 563 024";"2024-09-06 09:54:20"
"2024-09-05";"";"26 455";"2 150";"27 561 383";"2024-09-06 00:45:46"
"2024-09-09";"";"2 341 150";"175 924";"27 561 762";"2024-09-09 05:14:30"
"2024-09-06";"YouTube";"618 515";"53 809";"27 562 700";"2024-09-06 15:24:03"
"2024-09-09";"Instagram";"3 666 988";"549 518";"27 561 259";"2024-09-09 21:06:45"
"2024-09-05";"YouTube";"91 213";"259 473";"27 562 878";"2024-09-06 01:46:26"
"2024-09-06";"";"78 419";"3 596";"27 562 754";"2024-09-06 10:55:40"
"2024-09-04";"";"46 508";"3 221";"27 562 347";"2024-09-04 04:49:17"
"2024-09-07";"";"77 120";"10 535";"27 563 041";"2024-09-07 10:55:36"
"2024-09-01";"";"110 135";"478 468";"27 563 284";"2024-09-01 06:03:06"
"2024-09-05";"";"409 376";"60 997";"27 561 410";"2024-09-06 00:33:23"
"2024-09-07";"";"0";"26 508";"27 563 469";"2024-09-07 15:48:25"
"2024-09-10";"";"8 525 426";"174 043";"27 563 143";"2024-09-11 00:09:54"
"2024-09-04";"";"420";"27 678";"27 563 514";"2024-09-04 21:18:40"
"2024-09-09";"";"59 084";"4 020";"27 561 725";"2024-09-09 11:44:31"
"2024-09-05";"Instagram";"64 419";"6 282";"27 563 427";"2024-09-06 00:21:47"
"2024-09-06";"";"281 528";"14 892";"27 562 552";"2024-09-06 23:20:24"
"2024-09-06";"";"181 867";"91 469";"27 562 791";"2024-09-06 03:36:33"
"2024-09-07";"Facebook";"3 271 011";"115 323";"27 562 459";"2024-09-07 09:54:23"
"2024-09-04";"";"102 396";"12 190";"27 562 867";"2024-09-04 13:46:05"
"2024-09-07";"";"1 812 259";"102 262";"27 563 199";"2024-09-07 20:41:05"
"2024-09-08";"";"87 892";"22 935";"27 562 039";"2024-09-08 22:07:28"
"2024-09-04";"Instagram";"3 968 087";"144 069";"27 562 606";"2024-09-04 23:56:21"
"2024-09-10";"";"500 640";"21 426";"27 562 044";"2024-09-10 21:06:00"
"2024-09-04";"YouTube";"63 673";"132 795";"27 562 871";"2024-09-04 07:28:44"
"2024-09-08";"Telegram";"20 307 140";"1 759 197";"27 562 539";"2024-09-08 20:17:43"
"2024-09-09";"VKontakte";"2 613 086";"211 433";"27 562 941";"2024-09-09 10:19:45"
"2024-09-09";"";"29 380";"11 592";"27 563 368";"2024-09-09 07:52:49"
"2024-09-08";"Facebook";"1 344 949";"1 023 869";"27 563 128";"2024-09-08 21:18:48"
"2024-09-04";"";"1 084 092";"129 855";"27 562 845";"2024-09-04 06:27:19"
"2024-09-09";"WhatsApp";"29 902 194";"9 459 456";"27 562 527";"2024-09-09 21:30:16"
"2024-09-03";"YouTube";"377 800 155";"24 263 910";"27 563 026";"2024-09-03 12:45:40"
"2024-09-02";"";"81 167";"91 958";"27 563 009";"2024-09-02 16:25:51"
"2024-09-08";"";"776 494";"235 957";"27 563 106";"2024-09-08 14:11:44"
"2024-09-06";"";"36 973";"6 952";"27 562 401";"2024-09-06 08:05:19"
"2024-09-04";"Unknown";"8 466";"32 417";"27 562 502";"2024-09-04 14:23:48"
"2024-09-02";"";"28 799";"3 217";"27 561 555";"2024-09-02 03:36:20"
"2024-09-02";"Facebook";"327 546";"13 516";"27 562 255";"2024-09-03 01:22:50"
"2024-09-09";"Instagram";"4 744 760";"156 733";"27 562 462";"2024-09-10 00:33:54"
"2024-09-06";"";"565 562";"17 525";"27 562 326";"2024-09-06 10:07:10"
"2024-09-06";"Telegram";"31 214 435";"2 176 614";"27 562 706";"2024-09-06 20:29:10"
"2024-09-06";"Facebook";"437 214";"218 844";"27 562 518";"2024-09-06 21:18:20"
"2024-09-08";"Telegram";"39 390 186";"1 842 354";"27 561 827";"2024-09-08 15:00:05"
"2024-09-07";"Facebook";"2 159 617";"80 198 917";"27 562 100";"2024-09-07 17:14:25"
"2024-09-03";"";"158 971";"26 267";"27 562 278";"2024-09-03 09:18:52"
"2024-09-07";"";"121 842";"5 994";"27 562 850";"2024-09-07 15:36:18"
"2024-09-04";"";"172 930";"29 376";"27 561 384";"2024-09-04 13:46:43"
"2024-09-02";"";"43 077 579";"922 632";"27 562 349";"2024-09-02 06:51:22"
"2024-09-02";"";"145 211";"51 420";"27 562 864";"2024-09-03 02:11:46"
"2024-09-02";"YouTube";"14 087";"50 671";"27 563 097";"2024-09-02 09:18:47"
"2024-09-07";"YouTube";"651 622";"215 450";"27 561 529";"2024-09-07 03:12:30"
"2024-09-04";"YouTube";"69 403";"23 483";"27 561 830";"2024-09-04 09:06:28"
"2024-09-10";"";"2 230 747";"468 378";"27 562 445";"2024-09-10 16:25:51"
"2024-09-07";"Instagram";"1 321 358";"56 103";"27 561 350";"2024-09-07 08:41:34"
"2024-09-06";"";"30 184";"9 334";"27 562 892";"2024-09-06 17:38:35"
"2024-09-03";"YouTube";"318 036";"3 720 658";"27 562 004";"2024-09-04 01:34:06"
"2024-09-07";"";"690 335";"107 272";"27 561 429";"2024-09-07 18:27:56"
"2024-09-10";"Facebook";"3 286 897";"238 178";"27 562 621";"2024-09-10 06:15:30"
"2024-09-02";"Facebook";"77 240";"52 127";"27 563 328";"2024-09-02 10:07:33"
"2024-09-08";"Telegram";"11 460 336";"544 249";"27 561 785";"2024-09-08 04:25:45"
"2024-09-06";"";"51 745";"15 131";"27 561 630";"2024-09-06 15:36:08"
"2024-09-06";"";"3 843 739";"965 032";"27 562 009";"2024-09-06 14:11:27"
"2024-09-09";"YouTube";"36 731";"4 557";"27 563 187";"2024-09-09 11:08:52"
"2024-09-01";"YouTube";"2 251 242";"981 796";"27 561 606";"2024-09-02 01:58:50"
"2024-09-06";"";"199 977";"19 837";"27 562 615";"2024-09-07 01:34:38"
"2024-09-03";"";"41 455";"41 444";"27 563 357";"2024-09-03 06:39:48"
"2024-09-04";"";"2 932 606";"4 037 685";"27 561 983";"2024-09-04 22:31:42"
"2024-09-01";"";"1 729 671";"55 757";"27 562 906";"2024-09-01 23:08:34"
"2024-09-09";"";"100 310";"152 237";"27 563 252";"2024-09-09 22:07:05"
"2024-09-07";"";"30 153";"3 937";"27 563 205";"2024-09-07 13:10:40"
"2024-09-10";"";"43 288";"3 020";"27 561 794";"2024-09-10 15:48:43"
"2024-09-02";"";"36 150";"1 636";"27 561 220";"2024-09-02 13:46:17"
"2024-09-06";"YouTube";"1 559 841";"73 932";"27 561 292";"2024-09-07 00:33:17"
"2024-09-04";"";"7 592";"28 576";"27 561 844";"2024-09-04 03:48:01"
"2024-09-09";"Telegram";"73 519 808";"3 569 244";"27 561 273";"2024-09-09 23:32:10"
"2024-09-05";"";"83 609";"64 785";"27 562 468";"2024-09-05 05:14:43"
"2024-09-08";"";"66 029 304";"2 750 796";"27 563 084";"2024-09-08 15:00:21"
"2024-09-07";"";"29 697";"4 747";"27 562 236";"2024-09-07 07:04:44"
"2024-09-03";"WhatsApp";"80 032";"128 462";"27 562 623";"2024-09-03 09:54:44"
"2024-09-08";"";"319 905";"13 019";"27 562 004";"2024-09-08 23:44:29"
"2024-09-02";"YouTube";"946 307";"61 125";"27 563 361";"2024-09-02 11:32:54"
"2024-09-08";"";"110 513";"9 811";"27 562 025";"2024-09-08 15:24:03"
"2024-09-05";"VKontakte";"43 091";"2 805";"27 561 403";"2024-09-05 11:56:38"
"2024-09-02";"";"6 421 750";"187 857";"27 562 739";"2024-09-02 10:07:36"
"2024-09-03";"";"3 016 584";"102 825";"27 562 700";"2024-09-03 12:09:54"
"2024-09-01";"";"207 676";"7 888";"27 563 148";"2024-09-01 23:44:55"
"2024-09-06";"";"35 214";"39 735";"27 562 355";"2024-09-07 00:09:29"
"2024-09-10";"";"40 786";"6 680";"27 563 328";"2024-09-10 21:06:54"
"2024-09-06";"YouTube";"799 587";"320 962";"27 562 841";"2024-09-06 16:49:45"
"2024-09-05";"";"1 717 017";"32 285";"27 562 047";"2024-09-05 17:02:33"
"2024-09-07";"";"11 138";"32 434";"27 562 686";"2024-09-07 15:12:15"
"2024-09-07";"";"35 369";"13 334";"27 562 499";"2024-09-07 10:43:07"
"2024-09-04";"Telegram";"165 515 722";"6 697 611";"27 561 914";"2024-09-04 16:13:13"
"2024-09-10";"";"196 509 726";"9 180 550";"27 561 315";"2024-09-10 07:16:42"
"2024-09-07";"";"318 080";"156 087";"27 563 030";"2024-09-08 02:47:01"
"2024-09-09";"";"96 774";"6 967";"27 562 143";"2024-09-09 16:01:17"
"2024-09-06";"YouTube";"63 170";"42 036";"27 561 190";"2024-09-06 17:26:32"
"2024-09-01";"";"110 112";"176 629";"27 561 224";"2024-09-01 16:01:47"
"2024-09-09";"";"148 801";"12 380";"27 562 741";"2024-09-10 00:21:51"
"2024-09-05";"Tas-ix";"118 829";"14 734";"27 561 361";"2024-09-05 06:03:15"
"2024-09-08";"";"475 913";"44 960";"27 562 582";"2024-09-08 04:13:48"
"2024-09-02";"Instagram";"587 289";"74 662";"27 561 548";"2024-09-02 10:31:19"
"2024-09-07";"";"5 659";"37 993";"27 562 950";"2024-09-07 23:32:16"
"2024-09-03";"Telegram";"1 931 720";"84 546";"27 561 536";"2024-09-03 05:26:02"
"2024-09-01";"Apple Music";"470 275";"9 766";"27 562 573";"2024-09-01 20:41:00"
"2024-09-06";"";"33 470";"9 677";"27 561 216";"2024-09-06 22:07:11"
"2024-09-05";"";"42 557";"6 036";"27 562 832";"2024-09-05 20:53:05"
"2024-09-08";"";"59 764 813";"3 185 575";"27 561 884";"2024-09-08 23:08:43"
"2024-09-06";"";"69 499";"9 089";"27 562 097";"2024-09-06 15:48:05"
"2024-09-10";"";"27 296";"2 391";"27 562 827";"2024-09-11 02:47:56"
"2024-09-05";"";"515 940";"18 129";"27 561 827";"2024-09-06 00:09:00"
"2024-09-03";"Yandex";"3 385 154";"180 473";"27 561 230";"2024-09-03 22:07:16"
"2024-09-10";"";"342 634";"179 120";"27 562 149";"2024-09-10 21:54:57"
"2024-09-09";"";"4 768 418";"1 983 468";"27 562 973";"2024-09-09 17:26:18"
"2024-09-01";"YouTube";"105 595";"9 388";"27 562 822";"2024-09-02 02:23:09"
"2024-09-10";"";"6 798 702";"205 526";"27 563 048";"2024-09-10 23:08:22"
"2024-09-06";"";"348 890";"15 035";"27 561 697";"2024-09-06 16:25:39"
"2024-09-07";"";"105 343";"4 294";"27 561 651";"2024-09-07 08:17:16"
"2024-09-10";"";"27 764";"1 100";"27 562 987";"2024-09-10 19:04:48"
"2024-09-02";"Unknown";"95 583";"11 019";"27 562 851";"2024-09-02 21:42:46"
"2024-09-07";"Tas-ix";"90 785";"21 288";"27 562 998";"2024-09-07 20:53:40"
"2024-09-01";"";"40 767";"14 805";"27 562 341";"2024-09-01 15:12:15"
"2024-09-09";"";"58 086";"31 838";"27 562 174";"2024-09-09 23:44:59"
"2024-09-05";"Spotify";"590 087";"328 567";"27 561 435";"2024-09-05 09:54:06"
"2024-09-02";"";"101 937";"28 619";"27 562 115";"2024-09-02 23:56:45"
"2024-09-08";"";"1 624 472";"45 912";"27 562 445";"2024-09-08 11:44:23"
"2024-09-04";"Yandex";"1 016 696";"61 363";"27 563 107";"2024-09-04 06:39:40"
"2024-09-09";"";"117 110";"14 515";"27 563 058";"2024-09-09 12:45:56"
"2024-09-02";"";"265 516";"50 503";"27 562 423";"2024-09-02 14:59:40"
"2024-09-09";"";"118 371";"6 641";"27 563 432";"2024-09-09 23:32:50"
"2024-09-02";"";"32 814 698";"1 869 475";"27 562 989";"2024-09-03 00:33:41"
"2024-09-01";"";"310 441";"22 653";"27 562 317";"2024-09-02 01:34:30"
"2024-09-08";"";"122 927";"27 652";"27 561 908";"2024-09-08 06:39:05"
"2024-09-01";"WhatsApp";"832 804";"66 533";"27 562 897";"2024-09-01 12:57:53"
"2024-09-06";"";"33 528";"2 391";"27 561 730";"2024-09-06 18:39:59"
"2024-09-03";"";"58 889";"4 434";"27 563 414";"2024-09-03 14:23:33"
"2024-09-03";"Telegram";"6 264 376";"277 355";"27 562 039";"2024-09-03 06:51:17"
"2024-09-05";"Facebook";"997 871";"3 553 826";"27 563 295";"2024-09-05 04:37:36"
"2024-09-03";"Telegram";"122 013 640";"7 383 684";"27 562 754";"2024-09-03 07:04:13"
"2024-09-05";"";"347 995";"60 328";"27 562 676";"2024-09-05 14:23:03"
"2024-09-06";"YouTube";"2 914 432";"348 617";"27 563 009";"2024-09-06 12:09:50"
"2024-09-06";"";"30 444";"26 988";"27 562 405";"2024-09-06 03:12:34"
"2024-09-03";"WhatsApp";"617 310";"57 371";"27 562 003";"2024-09-03 20:41:26"
"2024-09-02";"";"138 699";"16 774";"27 561 896";"2024-09-02 04:13:54"
"2024-09-04";"";"554 301";"36 933";"27 561 882";"2024-09-04 21:54:32"
"2024-09-09";"";"19 912";"44 875";"27 562 608";"2024-09-09 14:47:47"
"2024-09-08";"";"261 194";"7 601";"27 562 756";"2024-09-08 22:55:47"
"2024-09-04";"";"29 583";"3 273";"27 561 950";"2024-09-04 03:36:28"
"2024-09-02";"";"3 257 457";"181 993";"27 562 497";"2024-09-02 13:10:14"
"2024-09-07";"";"50 740";"2 704";"27 562 932";"2024-09-07 23:44:54"
"2024-09-06";"Instagram";"241 522";"25 830";"27 562 055";"2024-09-06 19:52:33"
"2024-09-03";"Telegram";"4 374 238";"1 011 865";"27 563 195";"2024-09-04 02:23:41"
"2024-09-09";"YouTube";"507 210";"49 706";"27 563 395";"2024-09-09 23:56:49"
"2024-09-07";"";"59 929 916";"3 276 077";"27 561 204";"2024-09-07 04:13:19"
"2024-09-03";"";"95 255";"369 318";"27 561 524";"2024-09-03 08:53:25"
"2024-09-08";"";"66 425";"22 357";"27 562 447";"2024-09-08 09:42:47"
"2024-09-10";"";"563 111";"45 121";"27 561 818";"2024-09-10 03:12:22"
"2024-09-03";"";"63 987";"180 126";"27 562 552";"2024-09-03 12:33:41"
"2024-09-02";"Telegram";"134 184 847";"16 737 979";"27 561 347";"2024-09-02 05:26:48"
"2024-09-08";"";"494 956";"111 092";"27 563 310";"2024-09-08 03:48:00"
"2024-09-02";"";"44 590";"3 158";"27 563 169";"2024-09-02 15:48:57"
"2024-09-02";"Tas-ix";"921 624";"69 712";"27 562 808";"2024-09-02 19:16:13"
"2024-09-09";"";"11 845";"27 555";"27 562 547";"2024-09-09 19:40:34"
"2024-09-01";"";"26 339";"2 633";"27 563 168";"2024-09-01 07:52:49"
"2024-09-10";"YouTube";"358 714";"79 457";"27 562 685";"2024-09-10 06:51:01"
"2024-09-05";"";"2 229 046";"126 973";"27 562 205";"2024-09-05 14:59:40"
"2024-09-01";"Facebook";"5 329 535";"714 519";"27 562 489";"2024-09-01 17:14:20"
"2024-09-01";"";"59 373";"3 490";"27 561 650";"2024-09-01 10:43:28"
"2024-09-07";"Instagram";"198 113";"15 676";"27 561 676";"2024-09-08 00:09:37"
"2024-09-08";"";"202 554";"9 499";"27 561 897";"2024-09-08 16:13:20"
"2024-09-10";"";"47 775";"144 365";"27 563 145";"2024-09-10 23:20:01"
"2024-09-08";"";"8 469";"28 946";"27 562 617";"2024-09-09 02:35:14"
"2024-09-08";"";"243 939";"53 265";"27 563 451";"2024-09-08 15:24:32"
"2024-09-02";"";"68 536";"10 684";"27 562 437";"2024-09-02 23:20:12"
"2024-09-07";"Facebook";"24 258 134";"1 904 356";"27 561 741";"2024-09-07 21:30:24"
"2024-09-04";"";"22 747";"91 685";"27 563 081";"2024-09-04 03:12:04"
"2024-09-09";"YouTube";"248 545";"22 106";"27 563 211";"2024-09-09 06:51:06"
"2024-09-05";"";"87 932";"264 725";"27 562 138";"2024-09-05 04:37:46"
"2024-09-03";"";"130 868";"36 187";"27 563 147";"2024-09-03 18:15:50"
"2024-09-06";"";"735 285";"26 667";"27 562 067";"2024-09-06 03:12:59"
"2024-09-07";"";"41 340";"43 828";"27 562 015";"2024-09-07 19:28:11"
"2024-09-03";"";"65 525";"3 417";"27 561 514";"2024-09-03 17:02:29"
"2024-09-09";"";"1 592 968";"70 400";"27 561 676";"2024-09-09 03:48:13"
"2024-09-02";"";"86 810";"3 365";"27 562 747";"2024-09-02 10:55:01"
"2024-09-04";"";"480 556";"91 225";"27 561 697";"2024-09-04 08:41:17"
"2024-09-03";"";"1 681 658";"68 952";"27 562 069";"2024-09-03 05:50:46"
"2024-09-09";"YouTube";"96 993";"34 184";"27 563 426";"2024-09-09 20:17:51"
"2024-09-02";"Facebook";"15 700 861";"1 085 211";"27 561 173";"2024-09-02 19:52:40"
"2024-09-09";"YouTube";"533 770";"6 076 321";"27 563 216";"2024-09-09 14:11:40"
"2024-09-08";"";"214 378";"81 699";"27 563 145";"2024-09-08 16:37:20"
"2024-09-04";"Telegram";"200 140";"20 021";"27 561 508";"2024-09-04 12:21:41"
"2024-09-10";"Facebook";"32 715";"3 028";"27 563 058";"2024-09-10 10:43:57"
"2024-09-03";"";"42";"172 590";"27 561 907";"2024-09-03 03:12:46"
"2024-09-01";"";"85 982";"260 479";"27 561 686";"2024-09-02 00:21:44"
"2024-09-06";"";"608 858";"101 571";"27 562 762";"2024-09-06 08:29:24"
"2024-09-10";"";"306 658";"34 890";"27 562 842";"2024-09-10 07:28:55"
"2024-09-05";"";"27 085";"14 019";"27 562 025";"2024-09-05 19:04:51"
"2024-09-03";"";"33 723";"3 339";"27 563 176";"2024-09-03 09:42:10"
"2024-09-06";"Telegram";"29 697 092";"2 126 236";"27 562 965";"2024-09-06 03:48:53"
"2024-09-10";"Facebook";"98 763";"9 006";"27 563 509";"2024-09-10 12:09:57"
"2024-09-09";"";"0";"106 654";"27 562 892";"2024-09-10 01:34:46"
"2024-09-04";"";"62 335";"28 498";"27 562 861";"2024-09-04 20:53:08"
"2024-09-05";"YouTube";"226 966";"59 443";"27 563 036";"2024-09-05 20:29:44"
"2024-09-09";"";"221 647";"20 416";"27 562 885";"2024-09-10 02:23:20"
"2024-09-09";"";"78 687";"15 270";"27 562 646";"2024-09-10 00:57:39"
"2024-09-08";"";"2 795 363";"183 024";"27 562 156";"2024-09-08 14:47:23"
"2024-09-05";"YouTube";"196 617";"15 242";"27 561 384";"2024-09-05 14:59:18"
"2024-09-04";"";"18 183 332";"542 886";"27 562 646";"2024-09-04 05:38:02"
"2024-09-08";"";"114 559";"28 676";"27 561 669";"2024-09-08 06:15:52"
"2024-09-10";"YouTube";"2 886 444";"211 545";"27 561 449";"2024-09-11 00:09:19"
"2024-09-04";"";"43 795 431";"3 049 196";"27 561 876";"2024-09-04 14:47:26"
"2024-09-03";"";"41 326";"3 146";"27 561 480";"2024-09-03 03:12:24"
"2024-09-04";"";"236 863";"30 506";"27 561 651";"2024-09-04 12:09:33"
"2024-09-01";"Telegram";"162 970";"11 423";"27 561 645";"2024-09-01 12:33:03"
"2024-09-09";"";"1 599 387";"60 267";"27 563 058";"2024-09-09 09:54:36"
"2024-09-06";"Instagram";"18 896 069";"23 094 082";"27 561 924";"2024-09-06 18:51:21"
"2024-09-08";"";"58 224";"6 704";"27 562 790";"2024-09-08 11:08:49"
"2024-09-04";"";"32 259";"4 724";"27 562 553";"2024-09-05 02:23:09"
"2024-09-01";"Facebook";"756 083";"25 981";"27 562 701";"2024-09-01 03:24:20"
"2024-09-05";"Yandex";"19 741 938";"540 981";"27 562 289";"2024-09-05 18:39:29"
"2024-09-09";"";"52 643";"12 980";"27 561 600";"2024-09-09 10:43:56"
"2024-09-08";"";"51 859";"5 891";"27 562 873";"2024-09-08 09:30:37"
"2024-09-07";"";"143 712 311";"10 559 441";"27 562 098";"2024-09-07 19:52:57"
"2024-09-07";"";"49 515";"31 194";"27 561 281";"2024-09-08 00:09:27"
"2024-09-07";"";"0";"29 120";"27 562 621";"2024-09-07 11:20:51"
"2024-09-07";"Apple Music";"36 702";"9 033";"27 562 541";"2024-09-07 18:15:37"
"2024-09-07";"";"302 623";"52 977";"27 561 542";"2024-09-07 19:40:16"
"2024-09-10";"YouTube";"20 065 262";"973 430";"27 561 456";"2024-09-10 07:52:26"
"2024-09-08";"";"226 408";"73 836";"27 561 883";"2024-09-08 07:04:02"
"2024-09-01";"";"4 486 178";"196 626";"27 561 453";"2024-09-01 23:44:28"
"2024-09-01";"Instagram";"182 993";"13 571";"27 561 292";"2024-09-01 07:04:45"
"2024-09-01";"";"5 974 869";"309 126";"27 562 320";"2024-09-01 06:15:19"
"2024-09-09";"";"60 627";"7 328";"27 562 721";"2024-09-09 14:35:19"
"2024-09-08";"";"31 555";"2 268";"27 563 217";"2024-09-08 10:43:38"
"2024-09-01";"";"635 408";"236 137";"27 561 240";"2024-09-01 12:45:15"
"2024-09-03";"";"35 851";"5 695";"27 562 175";"2024-09-03 05:26:55"
"2024-09-03";"";"1 801 563";"396 469";"27 562 243";"2024-09-03 19:52:20"
"2024-09-02";"";"25 765";"17 950";"27 562 257";"2024-09-02 14:35:17"
"2024-09-07";"";"502 822";"40 666";"27 561 402";"2024-09-07 11:08:34"
"2024-09-03";"";"693 376";"190 345";"27 561 929";"2024-09-03 20:41:17"
"2024-09-09";"";"111 256";"11 239";"27 563 512";"2024-09-10 02:35:24"
"2024-09-08";"YouTube";"1 127 948";"38 463";"27 563 234";"2024-09-08 14:11:24"
"2024-09-05";"Unknown";"17 547";"30 003";"27 562 834";"2024-09-05 09:30:55"
"2024-09-08";"";"386 323";"43 842";"27 561 970";"2024-09-08 16:25:41"
"2024-09-09";"";"166 144";"74 723";"27 562 604";"2024-09-09 06:27:08"
"2024-09-08";"WhatsApp";"31 492";"1 959";"27 563 481";"2024-09-08 22:31:34"
"2024-09-10";"";"140 317";"35 253";"27 563 110";"2024-09-10 13:10:15"
"2024-09-10";"YouTube";"47 249";"112 794";"27 563 221";"2024-09-10 14:23:40"
"2024-09-08";"Telegram";"70 452 163";"12 670 689";"27 562 044";"2024-09-08 07:52:48"
"2024-09-06";"";"551 965";"13 319";"27 561 649";"2024-09-06 15:24:12"
"2024-09-04";"";"96 930";"9 259";"27 563 171";"2024-09-04 16:49:41"
"2024-09-01";"Telegram";"95 042";"9 705";"27 562 022";"2024-09-01 14:47:27"
"2024-09-07";"";"510";"27 645";"27 562 748";"2024-09-07 06:15:41"
"2024-09-02";"";"97 313";"3 424";"27 561 362";"2024-09-02 12:57:47"
"2024-09-04";"YouTube";"11 538 094";"624 604";"27 562 174";"2024-09-04 05:38:06"
"2024-09-07";"";"90 583";"10 915";"27 561 922";"2024-09-07 05:38:54"
"2024-09-04";"";"61 444";"10 661";"27 562 489";"2024-09-04 12:45:01"
"2024-09-03";"";"250 306";"179 902";"27 561 365";"2024-09-03 11:08:42"
"2024-09-01";"";"93 826";"19 625";"27 563 364";"2024-09-01 06:51:54"
"2024-09-10";"";"232 277";"51 888";"27 563 177";"2024-09-10 08:05:21"
"2024-09-01";"";"172 878";"73 210";"27 562 155";"2024-09-01 19:28:00"
"2024-09-04";"";"145 186";"74 390";"27 562 674";"2024-09-04 03:36:35"
"2024-09-03";"YouTube";"967 590";"124 895";"27 561 836";"2024-09-03 08:05:04"
"2024-09-06";"YouTube";"739 040";"45 543";"27 561 825";"2024-09-07 02:23:45"
"2024-09-08";"";"40 448";"170 838";"27 561 199";"2024-09-08 17:26:12"
"2024-09-07";"WhatsApp";"48 735";"3 275";"27 561 744";"2024-09-07 05:50:40"
"2024-09-04";"";"49 668";"3 661";"27 561 462";"2024-09-04 04:49:53"
"2024-09-01";"";"47 788";"6 211";"27 562 717";"2024-09-02 02:59:59"
"2024-09-10";"";"1 604 725";"45 339";"27 561 820";"2024-09-10 19:04:00"
"2024-09-07";"";"19 367 454";"448 232";"27 562 317";"2024-09-07 17:26:36"
"2024-09-09";"TikTok";"201 268";"976 387";"27 563 069";"2024-09-10 02:35:16"
"2024-09-07";"Instagram";"1 510 137";"2 083 215";"27 563 096";"2024-09-07 03:12:53"
"2024-09-10";"";"3 134 245";"709 424";"27 563 216";"2024-09-11 00:09:36"
"2024-09-05";"";"936 237";"230 390";"27 562 240";"2024-09-05 14:47:26"
"2024-09-01";"YouTube";"85 819";"551 856";"27 561 358";"2024-09-01 22:55:16"
"2024-09-09";"";"38 142";"4 102";"27 562 411";"2024-09-09 07:04:02"
"2024-09-02";"Facebook";"2 328 237";"102 991";"27 561 846";"2024-09-02 07:28:12"
"2024-09-06";"";"183 694";"19 902";"27 561 697";"2024-09-06 07:16:55"
"2024-09-01";"";"72 640";"9 785";"27 562 330";"2024-09-01 12:45:44"
"2024-09-05";"";"79 804";"3 877";"27 562 025";"2024-09-05 20:41:56"
"2024-09-05";"WhatsApp";"540 008";"155 381";"27 561 870";"2024-09-05 16:49:53"
"2024-09-08";"";"0";"26 369";"27 562 612";"2024-09-08 20:29:23"
"2024-09-08";"";"60 872";"77 160";"27 563 384";"2024-09-08 11:32:00"
"2024-09-10";"";"584 555";"76 099";"27 562 646";"2024-09-10 09:54:06"
"2024-09-08";"YouTube";"2 360 246";"850 714";"27 561 857";"2024-09-08 03:00:09"
"2024-09-03";"";"34 565";"27 182";"27 561 438";"2024-09-03 22:07:17"
"2024-09-08";"";"79 622";"4 448";"27 563 153";"2024-09-09 01:10:00"
"2024-09-09";"Instagram";"34 742";"6 382";"27 562 391";"2024-09-09 15:24:51"
"2024-09-01";"";"57 852";"34 308";"27 563 403";"2024-09-01 03:00:21"
"2024-09-09";"";"38 361 140";"7 998 494";"27 562 378";"2024-09-09 13:34:36"
"2024-09-10";"";"26 213";"16 430";"27 562 677";"2024-09-10 22:43:06"
"2024-09-04";"";"92 457";"30 711";"27 563 304";"2024-09-04 03:48:31"
"2024-09-06";"Unknown";"35 487";"2 601";"27 561 884";"2024-09-06 03:48:20"
"2024-09-07";"";"61 211";"5 969";"27 563 382";"2024-09-07 07:40:11"
"2024-09-01";"";"427 634";"69 121";"27 561 426";"2024-09-01 06:15:47"
"2024-09-10";"";"1 198 178";"171 770";"27 561 477";"2024-09-10 07:28:19"
"2024-09-03";"";"114 762";"8 975";"27 561 974";"2024-09-03 20:17:37"
"2024-09-09";"";"119 725";"15 277";"27 562 561";"2024-09-09 05:02:30"
"2024-09-04";"";"42 642";"3 274";"27 561 205";"2024-09-04 07:16:39"
"2024-09-04";"";"123 464";"143 668";"27 562 525";"2024-09-04 15:12:31"
"2024-09-08";"";"32 046";"25 116";"27 562 006";"2024-09-08 21:42:31"
"2024-09-07";"";"253 397";"50 434";"27 562 681";"2024-09-07 18:51:38"
"2024-09-09";"Telegram";"511 317 910";"17 889 534";"27 563 463";"2024-09-09 07:04:14"
"2024-09-04";"";"1 832 663";"2 991 000";"27 563 106";"2024-09-05 02:23:56"
"2024-09-04";"";"105 464";"163 698";"27 561 793";"2024-09-04 05:02:51"
"2024-09-08";"";"81 074";"32 326";"27 562 443";"2024-09-08 03:00:54"
"2024-09-04";"";"91 192";"404 122";"27 562 812";"2024-09-04 05:14:33"
"2024-09-02";"";"405 116";"196 205";"27 562 839";"2024-09-02 04:01:13"
"2024-09-02";"YouTube";"510 799";"364 390";"27 561 350";"2024-09-02 08:29:51"
"2024-09-09";"";"31 058";"43 457";"27 561 887";"2024-09-09 22:55:25"
"2024-09-10";"";"31 273";"10 221";"27 562 838";"2024-09-11 01:34:54"
"2024-09-04";"";"1 962 024";"110 576";"27 561 501";"2024-09-04 11:20:26"
"2024-09-02";"Telegram";"123 549";"11 746";"27 562 709";"2024-09-02 10:55:32"
"2024-09-01";"";"14 763";"30 685";"27 561 403";"2024-09-01 19:28:34"
"2024-09-08";"";"587 159";"45 556";"27 563 107";"2024-09-08 06:15:27"
"2024-09-06";"Unknown";"555 582";"6 878";"27 562 296";"2024-09-06 23:20:44"
"2024-09-04";"Instagram";"8 680 828";"235 648";"27 561 417";"2024-09-04 23:56:04"
"2024-09-07";"";"407 427";"20 572 454";"27 562 988";"2024-09-07 20:41:38"
"2024-09-01";"";"6 364";"64 595";"27 562 816";"2024-09-01 18:39:49"
"2024-09-03";"";"32 602";"3 072";"27 561 742";"2024-09-03 13:34:56"
"2024-09-04";"Yandex";"185 835";"38 230";"27 561 485";"2024-09-04 04:25:20"
"2024-09-07";"Telegram";"317 417 870";"29 001 231";"27 561 193";"2024-09-07 08:41:31"
"2024-09-03";"";"114 684";"5 811";"27 562 841";"2024-09-03 18:15:04"
"2024-09-01";"";"4 211";"63 878";"27 561 836";"2024-09-01 04:49:20"
"2024-09-01";"";"49 379";"9 125";"27 561 259";"2024-09-01 19:04:45"
"2024-09-04";"";"337 179";"31 063";"27 561 906";"2024-09-04 13:22:22"
"2024-09-01";"";"57 462";"6 484";"27 562 149";"2024-09-01 13:46:39"
"2024-09-04";"WhatsApp";"800 303";"1 293 038";"27 561 244";"2024-09-04 16:01:53"
"2024-09-02";"";"169 666";"9 262";"27 563 369";"2024-09-02 11:08:49"
"2024-09-09";"";"57 506";"184 910";"27 561 231";"2024-09-09 19:16:24"
"2024-09-08";"";"888 000";"36 782";"27 561 567";"2024-09-08 17:02:07"
"2024-09-05";"Instagram";"540 236";"309 992";"27 562 144";"2024-09-05 07:28:42"
"2024-09-08";"";"17 814 045";"886 161";"27 563 271";"2024-09-08 09:06:42"
"2024-09-10";"Yandex";"2 054 428";"97 053";"27 563 225";"2024-09-10 04:01:34"
"2024-09-07";"";"1 961 821";"80 768";"27 562 608";"2024-09-08 00:09:25"
"2024-09-06";"";"6 967";"38 022";"27 562 442";"2024-09-06 16:49:29"
"2024-09-01";"Unknown";"9 084";"25 905";"27 563 355";"2024-09-02 00:09:49"
"2024-09-01";"";"31 421";"3 572";"27 561 217";"2024-09-01 04:13:49"
"2024-09-05";"PUBG";"126 850 709";"5 146 322";"27 562 088";"2024-09-05 10:31:30"
"2024-09-08";"";"15 805";"74 981";"27 562 326";"2024-09-08 21:06:07"
"2024-09-03";"";"181 431";"65 584";"27 562 624";"2024-09-03 10:55:10"
"2024-09-07";"Telegram";"465 994 294";"24 584 037";"27 562 754";"2024-09-07 22:31:03"
"2024-09-04";"";"418 881";"86 646";"27 562 604";"2024-09-04 18:27:15"
"2024-09-02";"";"55 547";"264 991";"27 561 841";"2024-09-02 21:18:25"
"2024-09-08";"";"14 347";"144 080";"27 562 257";"2024-09-08 06:27:24"
"2024-09-08";"";"140 048";"139 608";"27 561 818";"2024-09-08 11:56:36"
"2024-09-09";"";"31 180";"20 505";"27 561 464";"2024-09-09 16:25:36"
"2024-09-09";"";"53 551";"1 939";"27 562 739";"2024-09-09 05:50:14"
"2024-09-02";"";"788 138";"67 910";"27 562 813";"2024-09-02 19:28:40"
"2024-09-10";"Unknown";"101 376";"7 588";"27 562 264";"2024-09-10 07:04:09"
"2024-09-10";"";"4 114 552";"159 171";"27 561 368";"2024-09-10 22:43:17"
"2024-09-04";"";"259 823";"151 706";"27 562 047";"2024-09-04 04:49:35"
"2024-09-04";"";"1 557 772";"81 733";"27 562 754";"2024-09-04 20:05:15"
"2024-09-05";"Yandex";"4 338 683";"116 015";"27 563 154";"2024-09-05 13:58:26"
"2024-09-03";"";"50 471";"2 674";"27 561 402";"2024-09-03 12:45:51"
"2024-09-09";"";"109 768";"6 224";"27 563 009";"2024-09-09 03:12:19"
"2024-09-08";"";"25 995";"1 531";"27 563 219";"2024-09-09 01:46:35"
"2024-09-09";"YouTube";"1 830 050";"6 243 779";"27 563 290";"2024-09-09 16:49:38"
"2024-09-09";"Instagram";"96 293";"7 413";"27 562 845";"2024-09-09 05:26:17"
"2024-09-03";"Instagram";"461 555";"29 266";"27 563 189";"2024-09-04 00:21:48"
"2024-09-04";"";"263 090";"13 052";"27 561 669";"2024-09-05 01:22:01"
"2024-09-06";"";"447 611";"98 040";"27 561 474";"2024-09-06 14:11:56"
"2024-09-07";"";"40 665";"3 055";"27 562 917";"2024-09-07 19:40:17"
"2024-09-01";"";"61 458";"4 403";"27 563 238";"2024-09-01 08:41:58"
"2024-09-05";"";"17 495 751";"962 364";"27 562 821";"2024-09-05 06:15:21"
"2024-09-08";"";"74 777";"215 796";"27 561 822";"2024-09-08 08:53:25"
"2024-09-09";"";"110 912";"8 816";"27 561 801";"2024-09-09 19:28:57"
"2024-09-09";"";"99 756";"111 712";"27 561 896";"2024-09-09 07:28:14"
"2024-09-08";"";"28 320";"8 464";"27 563 030";"2024-09-08 19:04:07"
"2024-09-01";"";"261 614";"30 319";"27 561 897";"2024-09-02 00:33:39"
"2024-09-06";"";"42 544";"4 194";"27 561 651";"2024-09-06 13:58:47"
"2024-09-10";"YouTube";"15 360 754";"951 662";"27 561 831";"2024-09-10 03:36:44"
"2024-09-05";"Facebook";"37 007";"14 716";"27 561 418";"2024-09-05 06:03:37"
"2024-09-08";"";"393 956";"30 093";"27 562 167";"2024-09-08 20:29:40"
"2024-09-10";"";"53 073";"5 726";"27 563 210";"2024-09-11 02:59:47"
"2024-09-04";"";"26 879";"2 917";"27 563 467";"2024-09-04 15:36:57"
"2024-09-10";"";"30 670";"3 020";"27 562 422";"2024-09-10 21:30:36"
"2024-09-10";"";"1 998 351";"663 324";"27 562 185";"2024-09-10 06:15:36"
"2024-09-06";"";"63 434";"30 730";"27 562 069";"2024-09-06 15:24:41"
"2024-09-01";"Apple Music";"31 184";"6 068";"27 562 985";"2024-09-01 07:52:12"
"2024-09-10";"";"335 041";"24 378";"27 562 422";"2024-09-10 22:19:54"
"2024-09-08";"Yandex";"45 987";"8 477";"27 563 186";"2024-09-08 11:44:04"
"2024-09-03";"";"10 843 642";"3 034 084";"27 563 093";"2024-09-03 17:26:57"
"2024-09-09";"";"63 503";"2 438 378";"27 563 082";"2024-09-09 04:01:58"
"2024-09-01";"";"74 907";"75 608";"27 562 057";"2024-09-01 14:35:05"
"2024-09-03";"";"76 550";"5 364";"27 562 156";"2024-09-03 05:14:39"
"2024-09-07";"Telegram";"814 562";"66 978";"27 561 717";"2024-09-07 23:20:55"
"2024-09-08";"Facebook";"27 013";"17 310";"27 561 254";"2024-09-08 22:43:23"
"2024-09-01";"";"1 138 756";"365 976";"27 561 336";"2024-09-01 07:52:47"
"2024-09-06";"";"71 399";"32 912";"27 563 195";"2024-09-06 10:31:23"
"2024-09-03";"Instagram";"100 352 742";"2 903 551";"27 563 156";"2024-09-03 16:13:22"
"2024-09-02";"";"40 239";"2 790";"27 562 173";"2024-09-03 00:09:10"
"2024-09-08";"";"483 483";"186 063";"27 563 374";"2024-09-08 21:06:35"
"2024-09-03";"";"35 938";"1 917";"27 563 439";"2024-09-03 10:55:18"
"2024-09-05";"";"31 436";"6 456";"27 561 214";"2024-09-05 23:32:18"
"2024-09-04";"";"87 874";"79 932";"27 562 865";"2024-09-05 01:46:58"
"2024-09-05";"";"290 732";"206 689";"27 562 720";"2024-09-06 00:21:54"
"2024-09-07";"";"33 264 372";"547 171";"27 561 752";"2024-09-07 10:43:15"
"2024-09-06";"";"17 767";"36 961";"27 562 339";"2024-09-06 11:08:07"
"2024-09-05";"Telegram";"216 197";"16 707";"27 562 977";"2024-09-05 11:44:49"
"2024-09-04";"";"560 787";"80 806";"27 562 145";"2024-09-04 04:13:55"
"2024-09-08";"WhatsApp";"3 217 699";"128 351";"27 561 219";"2024-09-08 21:30:40"
"2024-09-06";"YouTube";"147 388";"14 980";"27 562 749";"2024-09-06 11:08:03"
"2024-09-06";"";"4 552 804";"330 487";"27 562 124";"2024-09-06 14:11:52"
"2024-09-09";"";"83 138";"177 567";"27 563 469";"2024-09-09 20:05:27"
"2024-09-08";"Unknown";"572 744";"244 492";"27 563 216";"2024-09-08 15:36:12"
"2024-09-08";"";"55 658";"6 604";"27 561 556";"2024-09-08 09:42:22"
"2024-09-08";"YouTube";"89 442";"25 168";"27 563 162";"2024-09-08 13:10:06"
"2024-09-02";"Instagram";"94 751";"7 509";"27 562 708";"2024-09-02 23:20:02"
"2024-09-03";"";"1 435 599";"7 914 200";"27 562 886";"2024-09-04 02:59:17"
"2024-09-04";"Yandex";"142 359";"23 465";"27 562 204";"2024-09-04 11:44:38"
"2024-09-08";"";"92 452";"16 804";"27 562 595";"2024-09-08 11:56:12"
"2024-09-07";"Instagram";"4 011 848";"4 023 644";"27 563 183";"2024-09-07 07:52:14"
"2024-09-10";"YouTube";"134 588";"40 739";"27 563 069";"2024-09-10 10:07:13"
"2024-09-07";"";"9 720 578";"459 085";"27 561 660";"2024-09-07 18:03:36"
"2024-09-01";"";"42 272";"2 889";"27 561 393";"2024-09-01 20:41:31"
"2024-09-01";"";"190 818";"857 816";"27 561 219";"2024-09-01 05:14:46"
"2024-09-10";"Instagram";"63 307 380";"1 658 239";"27 563 445";"2024-09-10 22:19:36"
"2024-09-02";"";"5 316 079";"314 413";"27 562 862";"2024-09-02 23:32:24"
"2024-09-01";"";"165 733";"26 558";"27 561 845";"2024-09-01 06:51:02"
"2024-09-04";"Instagram";"227 021";"6 895";"27 563 065";"2024-09-04 15:36:59"
"2024-09-07";"Instagram";"482 602";"55 893";"27 563 318";"2024-09-07 10:55:44"
"2024-09-05";"";"34 287";"11 770";"27 561 401";"2024-09-05 04:37:40"
"2024-09-07";"";"41 610";"3 399";"27 561 253";"2024-09-07 12:09:30"
"2024-09-04";"Yandex";"5 534 149";"306 516";"27 563 289";"2024-09-04 04:25:26"
"2024-09-06";"YouTube";"5 351 621";"281 448";"27 562 847";"2024-09-06 08:29:50"
"2024-09-05";"Instagram";"148 568 973";"5 815 262";"27 561 924";"2024-09-05 14:35:42"
"2024-09-02";"";"27 764";"2 543";"27 561 315";"2024-09-02 22:07:03"
"2024-09-03";"Instagram";"29 086 169";"1 399 275";"27 561 802";"2024-09-03 23:44:54"
"2024-09-08";"";"274 892";"30 642";"27 563 491";"2024-09-08 17:14:55"
"2024-09-04";"";"728 104";"32 528";"27 563 029";"2024-09-04 03:12:46"
"2024-09-06";"";"1 351 767";"73 872";"27 561 485";"2024-09-06 18:39:36"
"2024-09-10";"";"153 963";"29 102";"27 561 562";"2024-09-10 20:05:30"
"2024-09-09";"";"496 915";"85 105";"27 562 425";"2024-09-09 23:20:00"
"2024-09-06";"";"76 443";"49 794";"27 561 692";"2024-09-07 00:57:02"
"2024-09-08";"";"67 429";"2 661";"27 561 311";"2024-09-08 13:10:40"
"2024-09-08";"Telegram";"292 283";"38 816";"27 563 364";"2024-09-08 22:19:10"
"2024-09-09";"";"100 392";"4 506";"27 563 235";"2024-09-09 21:18:28"
"2024-09-04";"";"29 416";"49 841";"27 563 153";"2024-09-04 12:57:12"
"2024-09-05";"";"978 509";"46 636";"27 562 296";"2024-09-05 12:45:51"
"2024-09-09";"";"772 764";"247 783";"27 561 914";"2024-09-09 22:07:05"
"2024-09-05";"";"26 835";"2 251";"27 561 616";"2024-09-06 01:46:50"
"2024-09-04";"";"99 987";"9 681";"27 561 251";"2024-09-04 15:48:16"
"2024-09-03";"";"304 178";"544 621";"27 561 802";"2024-09-03 18:39:27"
"2024-09-06";"";"45 550";"16 598";"27 562 656";"2024-09-06 15:48:21"
"2024-09-07";"";"14 230";"114 151";"27 562 866";"2024-09-07 08:41:23"
"2024-09-06";"";"948 184";"778 286";"27 562 824";"2024-09-06 09:30:44"
"2024-09-01";"";"32 320 292";"3 142 900";"27 562 527";"2024-09-01 03:12:31"
"2024-09-08";"";"401 983";"57 054";"27 561 384";"2024-09-08 16:37:30"
"2024-09-04";"YouTube";"523 337";"23 285";"27 561 301";"2024-09-05 01:22:06"
"2024-09-04";"YouTube";"215 197 455";"15 154 331";"27 563 367";"2024-09-04 05:26:57"
"2024-09-06";"";"2 116 969";"188 878";"27 562 002";"2024-09-07 02:47:18"
"2024-09-02";"";"30 635";"2 866";"27 561 963";"2024-09-03 00:21:35"
"2024-09-03";"";"65 311";"4 716";"27 561 707";"2024-09-03 22:07:40"
"2024-09-08";"";"593 144";"380 368";"27 561 176";"2024-09-08 03:12:15"
"2024-09-05";"";"1 757 863";"690 615";"27 563 041";"2024-09-06 01:58:04"
"2024-09-06";"";"8 796 812";"369 648";"27 562 458";"2024-09-06 23:20:44"
"2024-09-09";"VKontakte";"6 461 545";"208 580";"27 562 041";"2024-09-10 00:45:41"
"2024-09-09";"";"4 036";"48 867";"27 561 649";"2024-09-09 10:43:49"
"2024-09-09";"";"25 685";"7 539";"27 562 561";"2024-09-09 11:44:32"
"2024-09-07";"";"33 611";"3 180";"27 561 712";"2024-09-08 02:11:07"
"2024-09-02";"";"40 435";"3 579";"27 563 186";"2024-09-03 01:34:20"
"2024-09-03";"";"286 889";"12 740";"27 563 213";"2024-09-03 16:49:56"
"2024-09-05";"Facebook";"888 778";"11 965 047";"27 562 226";"2024-09-05 04:25:18"
"2024-09-09";"";"104 566";"25 337";"27 562 003";"2024-09-09 18:03:39"
"2024-09-09";"Instagram";"2 226 025";"77 291";"27 563 175";"2024-09-09 15:36:53"
"2024-09-01";"";"2 370";"97 460";"27 562 436";"2024-09-01 17:50:38"
"2024-09-09";"";"55 780";"11 455";"27 561 414";"2024-09-09 14:35:12"
"2024-09-03";"Facebook";"647 431";"14 129";"27 561 302";"2024-09-03 03:00:15"
"2024-09-07";"";"214 145";"48 417";"27 561 269";"2024-09-07 05:02:45"
"2024-09-09";"";"51 699";"5 761";"27 561 898";"2024-09-09 07:40:34"
"2024-09-05";"";"127 697";"17 417";"27 562 679";"2024-09-05 13:34:11"
"2024-09-09";"";"750 706";"44 833";"27 561 974";"2024-09-09 14:59:35"
"2024-09-04";"Instagram";"3 121 858";"650 836";"27 563 443";"2024-09-04 17:14:46"
"2024-09-03";"Instagram";"5 835 612";"9 484 153";"27 562 232";"2024-09-03 16:25:17"
"2024-09-01";"Facebook";"111 039";"6 715";"27 562 858";"2024-09-01 13:34:37"
"2024-09-03";"";"1 060 707";"91 398";"27 562 841";"2024-09-03 12:45:01"
"2024-09-07";"YouTube";"7 068 125";"347 380";"27 563 030";"2024-09-07 12:45:55"
"2024-09-10";"";"349 299";"31 086";"27 561 181";"2024-09-10 12:45:23"
"2024-09-06";"";"49 304";"13 618";"27 563 509";"2024-09-06 21:42:29"
"2024-09-07";"";"82 309";"57 193";"27 561 965";"2024-09-07 17:02:15"
"2024-09-07";"";"46 537";"2 873";"27 561 956";"2024-09-07 21:30:14"
"2024-09-07";"";"5 909";"38 946";"27 561 224";"2024-09-08 02:35:28"
"2024-09-02";"";"32 341";"13 813";"27 562 257";"2024-09-02 05:14:41"
"2024-09-02";"YouTube";"7 700 883";"1 726 751";"27 561 479";"2024-09-02 05:14:16"
"2024-09-07";"Instagram";"571 084";"75 392";"27 561 543";"2024-09-07 15:36:44"
"2024-09-07";"Instagram";"6 238 471";"1 228 485";"27 562 841";"2024-09-07 07:16:29"
"2024-09-09";"";"104 635";"48 448";"27 561 290";"2024-09-09 14:23:30"
"2024-09-04";"";"59 655";"2 325";"27 563 217";"2024-09-04 15:00:19"
"2024-09-10";"";"20 350";"40 168";"27 562 690";"2024-09-10 17:38:05"
"2024-09-08";"YouTube";"1 880 644";"306 406";"27 563 191";"2024-09-08 05:50:30"
"2024-09-07";"";"26 429";"21 849";"27 561 884";"2024-09-07 17:38:02"
"2024-09-02";"Facebook";"356 324";"21 634";"27 562 494";"2024-09-02 09:18:59"
"2024-09-03";"Telegram";"8 123 980";"1 581 198";"27 563 169";"2024-09-03 13:58:31"
"2024-09-04";"";"323 934";"37 911";"27 562 150";"2024-09-05 00:45:18"
"2024-09-09";"Instagram";"207 487 792";"2 753 314";"27 562 808";"2024-09-09 05:26:11"
"2024-09-07";"YouTube";"222 385";"39 866";"27 562 592";"2024-09-07 06:51:42"
"2024-09-03";"";"146 782";"30 551";"27 561 547";"2024-09-04 00:33:33"
"2024-09-05";"YouTube";"66 790";"5 504";"27 563 233";"2024-09-05 09:54:02"
"2024-09-05";"";"25 763";"4 509";"27 562 865";"2024-09-05 11:32:02"
"2024-09-04";"";"34 912";"19 786";"27 563 221";"2024-09-04 05:38:06"
"2024-09-09";"";"70 605";"2 587";"27 561 185";"2024-09-09 19:52:11"
"2024-09-05";"";"635 297";"49 338";"27 563 273";"2024-09-05 14:35:06"
"2024-09-08";"";"404 703";"69 489";"27 563 439";"2024-09-08 03:12:01"
"2024-09-02";"YouTube";"1 709 611";"100 759";"27 562 204";"2024-09-02 05:50:43"
"2024-09-05";"Odnoklassniki";"128 467";"41 273";"27 561 772";"2024-09-05 15:00:17"
"2024-09-09";"";"90 098";"34 719";"27 562 670";"2024-09-09 20:17:48"
"2024-09-06";"";"58 801";"18 100";"27 561 989";"2024-09-06 08:41:49"
"2024-09-01";"";"337 423";"18 014";"27 562 010";"2024-09-02 00:57:14"
"2024-09-07";"";"58 874";"2 848";"27 562 014";"2024-09-07 21:42:17"
"2024-09-01";"YouTube";"380 740";"1 825 037";"27 561 730";"2024-09-01 12:57:37"
"2024-09-05";"Yandex";"4 442 398";"157 209";"27 563 129";"2024-09-05 10:07:36"
"2024-09-08";"Instagram";"1 985 862";"109 981";"27 563 368";"2024-09-08 22:43:18"
"2024-09-03";"";"34 613";"21 811";"27 562 889";"2024-09-03 03:24:24"
"2024-09-04";"";"1 493 362";"123 484";"27 562 633";"2024-09-04 17:26:28"
"2024-09-02";"";"29 740";"2 584";"27 563 128";"2024-09-02 23:44:23"
"2024-09-10";"";"35 297";"3 661";"27 563 218";"2024-09-10 09:18:29"
"2024-09-08";"";"96 088";"5 738";"27 562 840";"2024-09-08 21:06:58"
"2024-09-04";"";"2 368 464";"71 679";"27 562 557";"2024-09-04 18:03:41"
"2024-09-03";"";"578 467";"136 678";"27 563 365";"2024-09-03 20:05:11"
"2024-09-01";"YouTube";"585 300";"271 518";"27 563 225";"2024-09-01 21:18:48"
"2024-09-02";"";"684 616";"160 686";"27 562 384";"2024-09-03 01:22:53"
"2024-09-10";"";"282 930";"51 058";"27 562 829";"2024-09-10 07:28:39"
"2024-09-06";"";"1 123 779";"128 754";"27 561 562";"2024-09-07 00:33:45"
"2024-09-03";"";"190 537";"144 273";"27 562 431";"2024-09-03 13:10:48"
"2024-09-03";"";"167 145";"10 964";"27 561 444";"2024-09-03 08:29:41"
"2024-09-02";"";"13 975 004";"763 011";"27 563 430";"2024-09-03 02:35:20"
"2024-09-01";"YouTube";"35 782";"6 045";"27 562 955";"2024-09-01 22:07:58"
"2024-09-08";"";"181 643";"38 448";"27 561 216";"2024-09-08 14:11:40"
"2024-09-09";"YouTube";"19 490";"33 644";"27 561 787";"2024-09-10 01:34:51"
"2024-09-03";"";"8 391 957";"325 647";"27 562 069";"2024-09-03 15:24:56"
"2024-09-04";"";"72 228";"4 209";"27 561 638";"2024-09-05 00:57:44"
"2024-09-10";"";"2 956 696";"594 916";"27 561 745";"2024-09-10 23:32:56"
"2024-09-07";"Telegram";"50 330 459";"3 094 439";"27 561 974";"2024-09-07 13:58:08"
"2024-09-03";"";"710 056";"30 942";"27 561 975";"2024-09-04 01:58:29"
"2024-09-08";"";"187 076";"66 849";"27 563 218";"2024-09-08 08:05:19"
"2024-09-07";"";"653 323";"474 574";"27 561 381";"2024-09-07 20:17:58"
"2024-09-09";"Instagram";"24 888 095";"498 173";"27 562 287";"2024-09-09 07:28:02"
"2024-09-03";"";"1 437 702";"66 507";"27 561 924";"2024-09-03 12:09:42"
"2024-09-06";"";"38 780";"2 483";"27 562 138";"2024-09-06 10:43:52"
"2024-09-05";"Instagram";"4 247 691";"277 492";"27 562 415";"2024-09-05 10:43:11"
"2024-09-08";"";"139 276";"33 611";"27 562 365";"2024-09-08 18:27:48"
"2024-09-04";"YouTube";"7 349 381";"338 812";"27 561 574";"2024-09-04 12:33:21"
"2024-09-03";"";"35 329";"3 179";"27 562 205";"2024-09-03 15:48:25"
"2024-09-04";"Instagram";"35 545";"10 322";"27 562 894";"2024-09-04 06:27:38"
"2024-09-05";"";"2 551 704";"84 641";"27 561 224";"2024-09-05 20:05:23"
"2024-09-05";"";"1 308 869";"88 994";"27 562 173";"2024-09-05 10:43:58"
"2024-09-05";"";"518 059";"27 099";"27 561 857";"2024-09-06 01:58:51"
"2024-09-05";"Telegram";"143 598 227";"38 004 603";"27 563 366";"2024-09-05 17:50:08"
"2024-09-02";"";"136 117";"195 664";"27 562 107";"2024-09-02 08:41:17"
"2024-09-09";"YouTube";"3 038 910";"207 762";"27 562 879";"2024-09-09 03:12:06"
"2024-09-07";"";"339 148";"41 065";"27 561 480";"2024-09-07 08:53:22"
"2024-09-09";"YouTube";"7 892 926";"483 338";"27 562 889";"2024-09-09 03:24:02"
"2024-09-07";"Instagram";"153 387 005";"5 627 496";"27 561 547";"2024-09-07 08:41:25"
"2024-09-03";"YouTube";"484 619";"95 194";"27 562 560";"2024-09-04 00:33:38"
"2024-09-10";"";"163 511";"23 391";"27 562 642";"2024-09-10 17:02:09"
"2024-09-09";"";"26 426";"5 866";"27 563 154";"2024-09-09 15:12:22"
"2024-09-01";"Telegram";"23 029 384";"1 455 036";"27 562 009";"2024-09-01 07:40:44"
"2024-09-01";"";"30 753";"17 514";"27 562 622";"2024-09-01 06:27:02"
"2024-09-06";"Instagram";"159 591 118";"3 732 919";"27 562 216";"2024-09-06 08:17:40"
"2024-09-10";"";"547 582";"72 950";"27 561 822";"2024-09-10 15:12:25"
"2024-09-03";"";"158 987";"10 309";"27 562 989";"2024-09-03 03:36:12"
"2024-09-09";"";"220 236";"10 813";"27 561 730";"2024-09-09 04:49:30"
"2024-09-10";"";"174 261";"751 020";"27 561 850";"2024-09-10 12:21:12"
"2024-09-10";"YouTube";"891 723";"3 767 732";"27 563 026";"2024-09-11 02:35:34"
"2024-09-09";"";"536 263";"38 293";"27 561 180";"2024-09-09 23:56:45"
"2024-09-07";"Yandex";"244 117";"38 931";"27 561 634";"2024-09-07 19:28:10"
"2024-09-03";"";"38 373";"16 015";"27 563 511";"2024-09-03 07:28:03"
"2024-09-02";"Instagram";"219 992 769";"3 365 824";"27 563 174";"2024-09-02 04:13:25"
"2024-09-08";"";"51 369";"110 788";"27 562 436";"2024-09-08 16:37:01"
"2024-09-05";"";"104 160 747";"5 493 009";"27 563 439";"2024-09-05 15:36:37"
"2024-09-02";"";"32 464";"8 414";"27 562 259";"2024-09-02 09:18:48"
"2024-09-09";"";"137 809";"27 904";"27 562 748";"2024-09-09 20:53:37"
"2024-09-09";"";"1 493 950";"60 125";"27 562 025";"2024-09-09 06:15:00"
"2024-09-02";"";"399 348";"108 508";"27 562 317";"2024-09-02 19:16:38"
"2024-09-08";"";"3 861 062";"266 205";"27 562 617";"2024-09-08 14:47:52"
"2024-09-08";"";"190 345";"11 213";"27 562 168";"2024-09-08 09:18:35"
"2024-09-03";"Telegram";"71 193 999";"3 618 796";"27 563 165";"2024-09-03 22:55:47"
"2024-09-04";"YouTube";"12 999";"114 718";"27 562 080";"2024-09-04 16:37:17"
"2024-09-10";"TikTok";"187 921";"2 576 136";"27 561 384";"2024-09-10 04:37:40"
"2024-09-09";"";"68 276";"23 557";"27 562 240";"2024-09-09 12:33:18"
"2024-09-02";"";"36 140";"4 136";"27 561 289";"2024-09-02 07:16:42"
"2024-09-09";"";"362 755";"119 760";"27 562 267";"2024-09-09 22:55:25"
"2024-09-03";"";"83 449";"59 151";"27 563 075";"2024-09-03 19:40:46"
"2024-09-04";"PUBG";"383 734";"35 278";"27 562 982";"2024-09-04 23:32:50"
"2024-09-01";"";"455 545";"825 339";"27 562 760";"2024-09-01 07:04:28"
"2024-09-01";"Telegram";"168 722";"54 247";"27 562 982";"2024-09-01 12:09:09"
"2024-09-09";"Instagram";"3 729 802";"162 667";"27 563 154";"2024-09-09 08:29:44"
"2024-09-03";"";"28 652";"10 891";"27 563 284";"2024-09-03 18:03:35"
"2024-09-03";"";"42 664";"10 650";"27 562 889";"2024-09-03 13:34:53"
"2024-09-05";"";"87 991";"12 884";"27 561 407";"2024-09-05 06:15:48"
"2024-09-02";"Telegram";"4 015 795";"271 057";"27 563 317";"2024-09-02 23:32:28"
"2024-09-05";"TikTok";"1 051 441";"8 178 478";"27 562 934";"2024-09-06 02:59:19"
"2024-09-02";"";"2 388 158";"205 858";"27 562 783";"2024-09-02 03:36:20"
"2024-09-06";"";"82 000";"12 465";"27 561 634";"2024-09-06 04:25:44"
"2024-09-08";"Yandex";"3 254 518";"132 809";"27 562 961";"2024-09-08 18:27:33"
"2024-09-01";"Yandex";"511 242";"147 954";"27 561 624";"2024-09-01 15:36:51"
"2024-09-05";"";"493 126";"18 781";"27 561 302";"2024-09-05 14:47:19"
"2024-09-02";"";"25 685";"3 547";"27 562 226";"2024-09-02 03:12:52"
"2024-09-07";"";"912 923";"38 809";"27 562 544";"2024-09-07 15:12:37"
"2024-09-02";"";"870 660";"135 885";"27 561 266";"2024-09-02 12:45:45"
"2024-09-01";"";"67 917";"3 581";"27 563 030";"2024-09-01 05:38:54"
"2024-09-06";"";"4 118 482";"25 942 413";"27 561 243";"2024-09-06 10:55:08"
"2024-09-10";"YouTube";"2 971 279";"941 285";"27 561 997";"2024-09-10 15:24:05"
"2024-09-08";"";"2 352 543";"511 562";"27 563 107";"2024-09-08 20:05:21"
"2024-09-07";"";"186 647";"103 428";"27 561 924";"2024-09-07 14:35:20"
"2024-09-01";"";"31 261";"1 056 520";"27 561 609";"2024-09-01 08:41:17"
"2024-09-05";"";"247 257";"26 825";"27 563 176";"2024-09-05 05:02:40"
"2024-09-01";"";"50 056";"2 036";"27 562 462";"2024-09-01 15:12:40"
"2024-09-04";"";"132 703";"404 998";"27 563 273";"2024-09-04 08:41:37"
"2024-09-10";"";"32 746";"10 212";"27 562 865";"2024-09-11 01:58:09"
"2024-09-08";"";"27 128";"16 344";"27 562 158";"2024-09-08 11:32:14"
"2024-09-05";"";"32 822";"2 013";"27 562 810";"2024-09-05 14:35:48"
"2024-09-10";"";"2 260 537";"119 209";"27 561 696";"2024-09-10 05:26:37"
"2024-09-07";"";"136 359";"31 471";"27 561 492";"2024-09-08 01:10:58"
"2024-09-09";"";"50 883";"33 341";"27 561 590";"2024-09-09 11:44:02"
"2024-09-08";"";"745 942";"30 572";"27 561 365";"2024-09-08 21:54:25"
"2024-09-01";"";"286 808";"140 280";"27 561 690";"2024-09-01 11:08:10"
"2024-09-07";"";"44 865";"13 019";"27 562 105";"2024-09-07 23:44:38"
"2024-09-05";"Telegram";"275 949";"29 985";"27 561 784";"2024-09-05 09:54:59"
"2024-09-07";"";"285 747";"62 141";"27 562 894";"2024-09-07 11:08:58"
"2024-09-05";"";"41 167";"5 234";"27 562 913";"2024-09-05 12:21:44"
"2024-09-06";"";"820 158";"859 431";"27 562 656";"2024-09-07 00:09:55"
"2024-09-01";"";"1 585 793";"129 633";"27 562 204";"2024-09-01 05:26:54"
"2024-09-04";"";"0";"209 988";"27 563 511";"2024-09-04 15:48:59"
"2024-09-10";"Unknown";"246 829";"27 595";"27 563 195";"2024-09-10 11:44:44"
"2024-09-03";"";"108 203";"39 806";"27 561 172";"2024-09-03 04:49:40"
"2024-09-01";"Facebook";"586 986";"138 703";"27 562 264";"2024-09-01 04:49:56"
"2024-09-07";"";"17 156";"26 813";"27 561 555";"2024-09-07 04:49:19"
"2024-09-02";"";"97 076";"4 971";"27 562 083";"2024-09-03 02:47:00"
"2024-09-10";"";"27 148";"5 545";"27 561 185";"2024-09-10 08:53:26"
"2024-09-08";"Yandex";"2 525 888";"627 429";"27 561 818";"2024-09-08 08:17:33"
"2024-09-04";"Instagram";"1 106 738";"265 629";"27 561 189";"2024-09-05 02:47:43"
"2024-09-05";"Telegram";"1 914 986";"138 692";"27 562 536";"2024-09-06 01:58:16"
"2024-09-02";"";"400 209";"601 662";"27 561 181";"2024-09-02 18:51:58"
"2024-09-05";"YouTube";"100 217";"7 132";"27 562 037";"2024-09-06 00:09:53"
"2024-09-04";"Telegram";"6 344 048";"410 439";"27 563 189";"2024-09-05 02:47:44"
"2024-09-02";"YouTube";"63 693 502";"12 353 597";"27 563 401";"2024-09-02 06:39:30"
"2024-09-05";"";"120 045";"9 523";"27 561 881";"2024-09-05 19:28:35"
"2024-09-07";"";"139 590";"12 586";"27 562 962";"2024-09-07 19:16:21"
"2024-09-07";"Instagram";"3 936 728";"1 118 877";"27 562 612";"2024-09-07 08:05:36"
"2024-09-04";"YouTube";"3 196 378";"1 014 376";"27 562 146";"2024-09-04 05:14:47"
"2024-09-01";"";"1 400 400";"56 517";"27 561 800";"2024-09-02 00:57:49"
"2024-09-07";"Yandex";"696 569";"273 352";"27 561 865";"2024-09-07 12:21:39"
"2024-09-09";"";"131 183";"203 301";"27 563 008";"2024-09-09 23:44:44"
"2024-09-10";"Instagram";"179 178";"48 293";"27 561 964";"2024-09-11 02:11:54"
"2024-09-02";"";"1 640 885";"184 521";"27 562 039";"2024-09-02 17:26:14"
"2024-09-06";"";"40 487";"119 661";"27 562 912";"2024-09-06 23:08:41"
"2024-09-10";"";"65 685";"7 074";"27 561 924";"2024-09-10 18:39:07"
"2024-09-05";"YouTube";"202 582";"2 112 604";"27 561 422";"2024-09-05 05:26:51"
"2024-09-10";"YouTube";"135 286";"119 562";"27 562 633";"2024-09-10 19:28:28"
"2024-09-07";"Likee";"394 659";"430 994";"27 561 600";"2024-09-07 08:53:36"
"2024-09-07";"";"431 410";"203 959";"27 561 738";"2024-09-07 20:29:53"
"2024-09-10";"";"10 961";"57 664";"27 562 294";"2024-09-10 12:45:26"
"2024-09-10";"";"56 316 868";"1 650 070";"27 563 158";"2024-09-10 05:38:09"
"2024-09-03";"";"1 988 730";"127 585";"27 561 420";"2024-09-03 22:55:43"
"2024-09-10";"Apple Music";"73 499";"13 784";"27 563 225";"2024-09-10 22:43:32"
"2024-09-08";"Instagram";"1 229 415";"373 269";"27 561 883";"2024-09-08 15:24:06"
"2024-09-01";"";"29 042";"22 562";"27 563 326";"2024-09-01 07:04:36"
"2024-09-07";"Instagram";"2 036 950";"202 128";"27 561 407";"2024-09-08 01:58:10"
"2024-09-07";"";"272 549";"13 797";"27 561 723";"2024-09-07 05:26:43"
"2024-09-08";"";"83 712";"6 658";"27 562 564";"2024-09-08 13:10:03"
"2024-09-10";"";"44 828";"10 737";"27 562 818";"2024-09-10 08:05:15"
"2024-09-09";"Facebook";"324 360";"113 476";"27 562 352";"2024-09-09 07:16:58"
"2024-09-02";"";"509 095";"17 785";"27 562 289";"2024-09-02 11:20:48"
"2024-09-01";"";"122 886";"44 795";"27 561 355";"2024-09-01 20:41:56"
"2024-09-10";"Odnoklassniki";"623 866";"232 004";"27 561 351";"2024-09-10 09:30:38"
"2024-09-10";"YouTube";"154 425";"148 099";"27 562 642";"2024-09-10 07:04:25"
"2024-09-02";"";"52 190";"13 681";"27 562 508";"2024-09-02 18:51:58"
"2024-09-03";"YouTube";"49 564 125";"2 744 221";"27 563 443";"2024-09-03 13:46:03"
"2024-09-09";"";"42 027";"75 065";"27 563 378";"2024-09-09 23:32:30"
"2024-09-02";"";"32 753";"14 099";"27 562 894";"2024-09-02 07:52:48"
"2024-09-02";"";"460 322";"110 789";"27 563 240";"2024-09-02 10:31:11"
"2024-09-07";"";"793 854";"356 963";"27 562 453";"2024-09-07 20:17:48"
"2024-09-04";"Yandex";"397 274";"19 972";"27 561 838";"2024-09-04 09:06:32"
"2024-09-10";"";"31 930 470";"1 530 526";"27 562 629";"2024-09-10 07:16:49"
"2024-09-05";"";"117 238";"10 323";"27 561 733";"2024-09-05 04:01:15"
"2024-09-01";"Instagram";"4 914 454";"11 232 934";"27 563 287";"2024-09-01 23:08:13"
"2024-09-07";"";"120 166";"44 620";"27 562 801";"2024-09-07 05:26:27"
"2024-09-05";"";"92 609";"6 229";"27 562 609";"2024-09-05 09:18:28"
"2024-09-04";"YouTube";"2 123 834";"124 545";"27 561 249";"2024-09-04 14:59:43"
"2024-09-05";"";"65 579";"7 252";"27 563 293";"2024-09-05 18:51:08"
"2024-09-10";"";"156 638";"29 718";"27 562 431";"2024-09-10 23:56:03"
"2024-09-08";"Yandex";"698 201";"40 493";"27 561 865";"2024-09-09 01:34:06"
"2024-09-10";"";"15 672 258";"317 940";"27 561 547";"2024-09-10 09:18:01"
"2024-09-03";"YouTube";"64 890";"909 368";"27 563 267";"2024-09-03 05:38:22"
"2024-09-02";"";"23 077 680";"1 360 032";"27 561 215";"2024-09-02 03:12:57"
"2024-09-06";"";"26 893";"2 147";"27 563 472";"2024-09-06 03:00:50"
"2024-09-06";"Unknown";"463 463";"163 433";"27 561 453";"2024-09-06 19:16:28"
"2024-09-09";"";"421 409";"410 462";"27 561 459";"2024-09-09 10:31:38"
"2024-09-06";"";"100 169";"15 271";"27 562 382";"2024-09-06 03:00:14"
"2024-09-04";"";"30 460";"7 519";"27 562 466";"2024-09-04 14:59:19"
"2024-09-10";"";"180 745";"20 724";"27 562 157";"2024-09-10 16:49:34"
"2024-09-03";"Telegram";"6 921 196";"693 034";"27 563 042";"2024-09-03 17:50:02"
"2024-09-04";"";"12 045 560";"312 081";"27 561 752";"2024-09-04 20:41:36"
"2024-09-09";"Yandex";"417 558";"16 318";"27 563 080";"2024-09-09 07:16:18"
"2024-09-07";"YouTube";"25 444 053";"1 503 590";"27 562 795";"2024-09-07 14:23:16"
"2024-09-08";"YouTube";"1 008 142";"401 268";"27 561 260";"2024-09-08 13:10:54"
"2024-09-10";"";"194 465";"14 811";"27 561 480";"2024-09-10 23:56:52"
"2024-09-04";"";"146 704";"16 353";"27 562 835";"2024-09-04 04:37:10"
"2024-09-05";"";"73 154";"10 032";"27 562 050";"2024-09-05 05:26:51"
"2024-09-06";"Facebook";"613 391";"59 325";"27 562 615";"2024-09-06 23:56:07"
"2024-09-01";"YouTube";"424 784";"57 655";"27 562 014";"2024-09-01 18:39:24"
"2024-09-05";"Telegram";"3 240 139";"734 897";"27 561 556";"2024-09-05 15:36:30"
"2024-09-07";"YouTube";"3 239 551";"187 657";"27 561 651";"2024-09-07 11:08:12"
"2024-09-01";"";"13 235 965";"272 598";"27 563 076";"2024-09-01 22:43:25"
"2024-09-07";"Yandex";"488 932";"18 618";"27 562 919";"2024-09-08 01:10:35"
"2024-09-04";"";"42 175";"2 800";"27 563 210";"2024-09-05 02:35:29"
"2024-09-08";"Instagram";"4 665 018";"2 644 787";"27 561 888";"2024-09-08 08:05:18"
"2024-09-10";"";"73 967";"6 318";"27 562 499";"2024-09-10 08:05:22"
"2024-09-06";"YouTube";"96 833 715";"6 624 034";"27 562 696";"2024-09-06 16:49:57"
"2024-09-07";"";"45 304 349";"3 575 880";"27 562 048";"2024-09-07 08:29:42"
"2024-09-08";"";"53 681";"2 768";"27 562 783";"2024-09-08 04:49:24"
"2024-09-04";"";"127 109";"17 466";"27 562 405";"2024-09-05 02:35:05"
"2024-09-05";"Instagram";"4 745 595";"76 285";"27 561 775";"2024-09-05 19:40:38"
"2024-09-08";"";"235 614";"35 976";"27 562 445";"2024-09-08 09:30:15"
"2024-09-08";"";"35 614";"1 781";"27 562 468";"2024-09-08 06:15:13"
"2024-09-10";"";"1 306 591";"573 216";"27 562 851";"2024-09-10 10:07:18"
"2024-09-10";"";"175 629";"66 542";"27 563 445";"2024-09-10 14:11:21"
"2024-09-04";"Facebook";"42 991";"2 786";"27 562 138";"2024-09-04 12:57:37"
"2024-09-10";"Yandex";"582 735";"128 326";"27 561 557";"2024-09-10 16:01:30"
"2024-09-06";"";"60 958";"102 815";"27 562 044";"2024-09-07 00:33:17"
"2024-09-04";"YouTube";"4 284 118";"1 025 059";"27 562 566";"2024-09-04 20:17:51"
"2024-09-08";"";"1 063 897";"37 310";"27 562 239";"2024-09-08 18:27:32"
"2024-09-08";"";"46 019";"2 641";"27 562 938";"2024-09-08 15:00:06"
"2024-09-07";"";"357 209";"185 276";"27 563 036";"2024-09-07 16:25:24"
"2024-09-10";"";"457 086";"496 859";"27 563 427";"2024-09-10 20:05:59"
"2024-09-06";"YouTube";"2 441 915";"805 807";"27 562 197";"2024-09-06 21:42:17"
"2024-09-07";"YouTube";"3 975 465";"1 796 118";"27 561 480";"2024-09-07 18:03:55"
"2024-09-04";"";"29 590";"8 085";"27 561 692";"2024-09-04 22:55:16"
"2024-09-01";"";"34 403";"2 552";"27 563 061";"2024-09-01 22:55:09"
"2024-09-08";"";"2 619 503";"34 885";"27 562 497";"2024-09-08 15:48:23"
"2024-09-03";"";"148 755";"307 320";"27 561 778";"2024-09-03 06:15:00"
"2024-09-01";"";"28 116";"2 987";"27 563 416";"2024-09-02 02:23:11"
"2024-09-06";"Instagram";"6 493 740";"401 782";"27 563 355";"2024-09-06 13:22:15"
"2024-09-07";"";"123 944";"35 937";"27 561 596";"2024-09-07 20:41:38"
"2024-09-04";"Instagram";"2 351 250";"144 170";"27 562 276";"2024-09-04 23:20:54"
"2024-09-05";"";"2 479 552";"89 569";"27 562 847";"2024-09-05 20:41:11"
"2024-09-07";"Instagram";"24 996 315";"742 591";"27 563 001";"2024-09-07 13:46:49"
"2024-09-10";"";"51 301";"33 702";"27 562 894";"2024-09-10 22:43:10"
"2024-09-03";"";"220 100";"15 971";"27 562 829";"2024-09-03 10:31:20"
"2024-09-05";"Instagram";"229 059 776";"5 376 317";"27 562 172";"2024-09-05 16:13:40"
"2024-09-08";"";"267 576";"54 245";"27 563 114";"2024-09-08 08:41:38"
"2024-09-05";"";"100 335";"8 724";"27 561 633";"2024-09-05 06:39:10"
"2024-09-07";"YouTube";"207 488";"376 145";"27 562 668";"2024-09-07 04:13:16"
"2024-09-07";"";"178 045";"11 817";"27 561 239";"2024-09-08 01:22:38"
"2024-09-03";"";"671 313";"28 894";"27 563 472";"2024-09-03 10:07:42"
"2024-09-08";"";"106 349";"117 104";"27 561 536";"2024-09-08 16:13:14"
"2024-09-01";"";"275 040";"48 412";"27 562 508";"2024-09-01 07:52:54"
"2024-09-06";"";"74 106";"3 533";"27 561 432";"2024-09-07 02:59:56"
"2024-09-04";"";"26 277";"2 720";"27 562 722";"2024-09-04 08:17:49"
"2024-09-08";"";"19 979";"27 904";"27 562 680";"2024-09-08 06:03:58"
"2024-09-03";"";"1 227 384";"72 676";"27 562 173";"2024-09-03 07:40:40"
"2024-09-07";"YouTube";"192 643 072";"12 340 835";"27 562 066";"2024-09-07 06:27:59"
"2024-09-03";"";"69 419";"8 387";"27 563 419";"2024-09-04 01:46:58"
"2024-09-07";"";"81 092 014";"8 060 968";"27 562 800";"2024-09-07 17:02:49"
"2024-09-05";"";"3 545 701";"178 195";"27 562 400";"2024-09-05 11:56:38"
"2024-09-04";"Apple Music";"87 475";"11 694";"27 562 257";"2024-09-04 04:49:31"
"2024-09-07";"";"571 031";"51 064";"27 563 273";"2024-09-07 18:15:40"
"2024-09-03";"";"342 312";"28 914";"27 561 239";"2024-09-03 21:06:52"
"2024-09-10";"Telegram";"1 307 784";"100 860";"27 561 721";"2024-09-10 15:24:46"
"2024-09-10";"Instagram";"448 299";"109 318";"27 562 849";"2024-09-10 04:37:56"
"2024-09-02";"";"993 794";"38 245";"27 561 891";"2024-09-02 18:39:00"
"2024-09-02";"";"534 515";"50 303";"27 562 858";"2024-09-02 13:58:28"
"2024-09-02";"";"7 628 081";"385 421";"27 561 432";"2024-09-03 01:22:35"
"2024-09-04";"IMO";"53 135";"2 842";"27 562 366";"2024-09-04 12:57:19"
"2024-09-08";"";"118 985";"9 881";"27 563 030";"2024-09-08 13:46:28"
"2024-09-03";"TikTok";"6 244";"47 375";"27 562 456";"2024-09-03 06:39:56"
"2024-09-04";"";"1 652 625";"775 542";"27 561 244";"2024-09-04 18:27:41"
"2024-09-05";"";"164 073";"6 435";"27 563 022";"2024-09-05 15:48:25"
"2024-09-06";"";"29 021";"45 766";"27 562 071";"2024-09-06 06:27:27"
"2024-09-10";"";"15 053 675";"882 966";"27 561 658";"2024-09-10 20:41:06"
"2024-09-04";"";"364 734";"176 600";"27 561 359";"2024-09-04 17:14:13"
"2024-09-05";"";"161 881 241";"3 770 310";"27 562 360";"2024-09-06 02:11:35"
"2024-09-06";"Facebook";"1 455";"26 272";"27 561 536";"2024-09-06 10:07:37"
"2024-09-02";"Facebook";"255 709";"15 624";"27 561 811";"2024-09-02 16:13:13"
"2024-09-05";"";"152 039";"28 626";"27 562 936";"2024-09-05 20:05:06"
"2024-09-06";"";"76 046";"5 966";"27 562 663";"2024-09-06 07:52:40"
"2024-09-06";"YouTube";"10 263 330";"677 951";"27 562 326";"2024-09-06 20:41:32"
"2024-09-01";"";"428 530";"58 999";"27 561 737";"2024-09-01 20:29:15"
"2024-09-10";"";"154 865";"27 329";"27 561 956";"2024-09-10 13:34:21"
"2024-09-06";"";"28 772";"8 898";"27 562 636";"2024-09-06 17:50:16"
"2024-09-10";"";"49 291";"4 582";"27 562 571";"2024-09-10 20:53:58"
"2024-09-09";"";"159 117";"16 463";"27 563 336";"2024-09-09 23:20:15"
"2024-09-07";"Telegram";"508 438";"50 270";"27 562 348";"2024-09-07 15:48:07"
"2024-09-10";"";"86 571";"37 171";"27 562 942";"2024-09-11 01:22:37"
"2024-09-05";"Telegram";"277 876 264";"14 871 594";"27 561 668";"2024-09-05 13:58:18"
"2024-09-01";"";"33 069";"2 085";"27 561 177";"2024-09-01 21:54:51"
"2024-09-09";"";"606 172";"21 181";"27 563 052";"2024-09-09 20:53:33"
"2024-09-07";"";"46 484";"8 161";"27 561 324";"2024-09-08 00:45:06"
"2024-09-01";"Facebook";"446 329";"250 128";"27 561 673";"2024-09-01 04:37:04"
"2024-09-02";"";"39 120";"2 629";"27 562 239";"2024-09-02 16:49:57"
"2024-09-02";"YouTube";"91 879";"13 630";"27 563 231";"2024-09-02 08:29:35"
"2024-09-07";"";"9 527 403";"162 556";"27 561 367";"2024-09-07 10:19:59"
"2024-09-03";"";"2 499 698";"88 380";"27 561 697";"2024-09-03 17:38:20"
"2024-09-04";"";"411 316";"35 077";"27 561 802";"2024-09-04 20:53:23"
"2024-09-03";"";"625 740";"73 423";"27 563 274";"2024-09-03 22:43:31"
"2024-09-03";"";"150 034";"10 606";"27 561 418";"2024-09-03 11:20:46"
"2024-09-03";"";"48 043";"3 144";"27 562 392";"2024-09-03 22:07:31"
"2024-09-01";"";"27 039";"2 885";"27 562 931";"2024-09-01 23:44:59"
"2024-09-05";"Instagram";"727 793";"559 475";"27 562 330";"2024-09-05 07:28:32"
"2024-09-10";"";"4 479 267";"7 959 405";"27 563 432";"2024-09-10 03:12:06"
"2024-09-02";"";"222 475";"17 124";"27 561 633";"2024-09-02 10:19:55"
"2024-09-07";"";"143 194";"14 382";"27 562 701";"2024-09-07 19:16:15"
"2024-09-04";"Telegram";"1 893 382";"298 851";"27 562 100";"2024-09-04 04:13:22"
"2024-09-10";"";"498 946";"416 301";"27 561 204";"2024-09-10 10:07:32"
"2024-09-03";"";"1 602 441";"97 337";"27 562 595";"2024-09-03 05:38:17"
"2024-09-04";"YouTube";"106 916";"47 510";"27 561 479";"2024-09-04 13:46:44"
"2024-09-02";"Facebook";"41 168";"3 716";"27 562 273";"2024-09-02 07:04:28"
"2024-09-04";"Instagram";"26 671 485";"1 036 326";"27 563 031";"2024-09-04 06:51:58"
"2024-09-05";"";"38 288";"14 191";"27 563 087";"2024-09-05 18:39:44"
"2024-09-04";"";"316 733";"45 443";"27 563 427";"2024-09-04 19:16:21"
"2024-09-04";"Unknown";"79 538";"32 035";"27 562 865";"2024-09-05 00:33:35"
"2024-09-04";"";"56 683";"3 066";"27 561 863";"2024-09-04 16:49:57"
"2024-09-03";"";"663 280";"23 282";"27 562 275";"2024-09-03 21:42:25"
"2024-09-01";"";"36 362";"6 406";"27 563 481";"2024-09-01 03:48:07"
"2024-09-02";"";"336 825";"202 054";"27 563 514";"2024-09-02 10:19:48"
"2024-09-02";"";"61 127";"4 574";"27 562 149";"2024-09-02 16:01:57"
"2024-09-04";"Telegram";"63 622 925";"4 650 122";"27 561 357";"2024-09-04 10:07:50"
"2024-09-01";"";"57 032";"4 557";"27 561 776";"2024-09-01 08:29:15"
"2024-09-01";"YouTube";"5 044 950";"318 083";"27 561 994";"2024-09-01 20:53:50"
"2024-09-09";"";"115 525";"6 435";"27 562 025";"2024-09-09 19:40:19"
"2024-09-01";"";"80 234";"7 242";"27 561 758";"2024-09-01 23:56:34"
"2024-09-02";"YouTube";"79 053";"866 335";"27 563 014";"2024-09-02 07:28:33"
"2024-09-07";"YouTube";"1 564 324";"638 384";"27 562 758";"2024-09-07 15:48:07"
"2024-09-01";"Telegram";"11 361 555";"696 431";"27 562 716";"2024-09-01 05:26:39"
"2024-09-03";"Facebook";"170 275 898";"4 880 818";"27 562 890";"2024-09-03 15:36:47"
"2024-09-07";"Yandex";"385 860";"80 116";"27 561 181";"2024-09-07 19:16:39"
"2024-09-08";"Instagram";"2 884 770";"2 557 070";"27 562 951";"2024-09-08 11:20:58"
"2024-09-03";"YouTube";"4 228 736";"166 461";"27 563 463";"2024-09-03 08:17:31"
"2024-09-07";"";"40 771";"6 346";"27 562 857";"2024-09-07 08:17:51"
"2024-09-09";"Telegram";"9 564 538";"583 704";"27 562 932";"2024-09-09 13:22:22"
"2024-09-07";"";"176 343";"19 649";"27 563 469";"2024-09-07 11:32:39"
"2024-09-10";"Instagram";"68 614 321";"1 612 993";"27 563 260";"2024-09-10 05:14:33"
"2024-09-06";"Instagram";"659 066";"36 470";"27 563 210";"2024-09-06 19:16:55"
"2024-09-04";"";"551 617";"54 017";"27 562 320";"2024-09-04 21:54:56"
"2024-09-05";"";"100 512";"46 081";"27 563 088";"2024-09-05 04:13:25"
"2024-09-02";"Facebook";"168 822";"18 591";"27 561 484";"2024-09-03 00:33:14"
"2024-09-09";"Yandex";"747 700";"416 699";"27 562 988";"2024-09-09 18:39:03"
"2024-09-09";"YouTube";"379 318";"55 685";"27 563 043";"2024-09-09 06:03:30"
"2024-09-04";"";"250 566";"22 803";"27 561 466";"2024-09-04 12:09:33"
"2024-09-08";"";"50 775";"20 572";"27 562 897";"2024-09-08 22:07:53"
"2024-09-09";"";"349 351";"14 100";"27 562 778";"2024-09-09 22:31:34"
"2024-09-10";"";"172 089";"39 550";"27 562 316";"2024-09-10 10:19:16"
"2024-09-01";"YouTube";"292 334";"15 901";"27 563 403";"2024-09-01 06:15:22"
"2024-09-07";"";"185 609";"123 325";"27 562 445";"2024-09-07 09:54:29"
"2024-09-08";"YouTube";"616 958";"122 734";"27 562 699";"2024-09-08 15:12:16"
"2024-09-01";"";"121 748";"30 365";"27 561 865";"2024-09-01 04:13:21"
"2024-09-07";"";"101 923";"4 260";"27 561 312";"2024-09-07 10:43:41"
"2024-09-10";"";"32 656";"72 156";"27 563 357";"2024-09-10 07:52:28"
"2024-09-01";"";"172 213";"38 423";"27 563 353";"2024-09-01 15:36:06"
"2024-09-05";"";"8 039 758";"446 515";"27 562 684";"2024-09-05 20:53:22"
"2024-09-03";"";"107 794";"6 427";"27 562 760";"2024-09-03 08:41:02"
"2024-09-08";"";"30 272";"11 522";"27 562 495";"2024-09-08 13:34:57"
"2024-09-08";"YouTube";"1 474 646";"101 584";"27 562 968";"2024-09-08 09:30:42"
"2024-09-05";"";"225 299";"31 011";"27 563 509";"2024-09-05 17:50:43"
"2024-09-03";"";"29 092";"6 704";"27 563 121";"2024-09-03 15:36:57"
"2024-09-02";"";"50 088";"86 301";"27 563 447";"2024-09-03 00:09:43"
"2024-09-03";"";"32 663";"3 341";"27 562 771";"2024-09-03 07:04:00"
"2024-09-10";"";"22 755";"133 178";"27 561 622";"2024-09-10 08:53:59"
"2024-09-06";"Odnoklassniki";"8 249 504";"402 273";"27 561 306";"2024-09-06 20:17:57"
"2024-09-05";"YouTube";"47 433";"48 148";"27 561 984";"2024-09-05 16:01:55"
"2024-09-09";"";"148 662";"98 748";"27 561 674";"2024-09-09 21:30:14"
"2024-09-09";"Facebook";"971 069";"392 844";"27 562 961";"2024-09-09 20:53:19"
"2024-09-04";"";"2 668 375";"92 373";"27 562 593";"2024-09-04 07:28:07"
"2024-09-10";"";"2 075 464";"305 952";"27 561 190";"2024-09-10 19:16:54"
"2024-09-08";"";"79 258";"5 463";"27 561 883";"2024-09-08 04:01:07"
"2024-09-02";"";"205 755";"235 836";"27 562 504";"2024-09-02 18:51:35"
"2024-09-01";"";"83 239";"10 242";"27 563 287";"2024-09-01 04:01:34"
"2024-09-05";"";"25 958";"2 791";"27 562 192";"2024-09-06 00:09:47"
"2024-09-02";"";"0";"27 517";"27 561 662";"2024-09-02 16:37:35"
"2024-09-10";"";"79 422";"8 261";"27 562 567";"2024-09-10 14:23:36"
"2024-09-01";"";"8 814 455";"343 235";"27 562 675";"2024-09-01 13:10:16"
"2024-09-03";"Telegram";"1 064 810";"99 366";"27 561 444";"2024-09-03 11:56:01"
"2024-09-10";"YouTube";"17 929 654";"1 218 759";"27 562 555";"2024-09-10 16:13:24"
"2024-09-02";"";"5 917 228";"132 007";"27 562 365";"2024-09-02 14:35:12"
"2024-09-06";"";"54 577";"2 564";"27 561 818";"2024-09-07 00:21:31"
"2024-09-06";"";"33 397";"7 346";"27 563 344";"2024-09-06 18:03:47"
"2024-09-06";"";"29 135";"13 778";"27 561 956";"2024-09-06 04:13:09"
"2024-09-10";"";"36 039";"30 611";"27 562 788";"2024-09-10 05:50:06"
"2024-09-01";"Instagram";"172 510";"58 825";"27 561 477";"2024-09-02 02:35:33"
"2024-09-09";"";"566 717";"553 250";"27 562 516";"2024-09-09 10:07:39"
"2024-09-07";"";"149 222";"13 524";"27 563 266";"2024-09-07 05:26:07"
"2024-09-01";"";"298 693";"4 125 264";"27 561 352";"2024-09-01 16:37:19"
"2024-09-06";"";"57 435";"3 889";"27 561 825";"2024-09-06 07:04:13"
"2024-09-04";"YouTube";"34 136 664";"2 611 694";"27 563 166";"2024-09-04 17:38:43"
"2024-09-03";"Facebook";"53 121";"40 021";"27 562 230";"2024-09-04 01:22:31"
"2024-09-05";"Facebook";"306 841";"26 783";"27 562 997";"2024-09-05 03:24:36"
"2024-09-04";"Telegram";"73 881 773";"5 432 964";"27 563 047";"2024-09-04 20:17:07"
"2024-09-04";"";"138 414";"17 921";"27 562 437";"2024-09-05 02:35:03"
"2024-09-10";"";"525 867";"53 908";"27 562 879";"2024-09-10 10:55:37"
"2024-09-01";"YouTube";"319 148";"41 110";"27 563 481";"2024-09-01 21:18:02"
"2024-09-04";"Telegram";"551 751";"59 533";"27 562 998";"2024-09-04 07:04:52"
"2024-09-09";"";"231 891";"21 442";"27 563 063";"2024-09-09 16:13:13"
"2024-09-06";"";"295 819";"54 495";"27 562 762";"2024-09-06 13:34:23"
"2024-09-08";"";"161 319";"42 407";"27 562 466";"2024-09-08 17:26:57"
"2024-09-02";"Unknown";"1 487 092";"152 143";"27 562 985";"2024-09-02 14:35:12"
"2024-09-06";"";"662 648";"42 492";"27 561 195";"2024-09-06 23:20:31"
"2024-09-04";"";"124 469";"3 946";"27 562 859";"2024-09-04 18:15:24"
"2024-09-04";"";"39 407";"3 860";"27 562 725";"2024-09-04 22:07:12"
"2024-09-09";"";"6 850 310";"317 467";"27 563 416";"2024-09-09 12:57:37"
"2024-09-02";"Facebook";"323 872";"20 557";"27 561 361";"2024-09-02 08:29:24"
"2024-09-03";"";"27 536";"18 743";"27 562 294";"2024-09-03 10:19:42"
"2024-09-03";"";"57 682";"3 729";"27 563 363";"2024-09-03 22:31:14"
"2024-09-01";"";"1 062 931";"430 309";"27 562 265";"2024-09-01 11:20:52"
"2024-09-07";"";"1 412 853";"79 825";"27 562 751";"2024-09-08 01:58:46"
"2024-09-04";"";"625 204";"56 170";"27 562 993";"2024-09-04 17:14:33"
"2024-09-03";"";"60 676";"9 881";"27 562 897";"2024-09-04 00:57:45"
"2024-09-01";"Telegram";"80 924";"9 983";"27 561 998";"2024-09-01 22:07:09"
"2024-09-10";"Facebook";"364 980";"195 676";"27 561 571";"2024-09-10 19:16:26"
"2024-09-06";"";"11 907";"28 410";"27 563 351";"2024-09-07 00:57:43"
"2024-09-07";"YouTube";"459 381";"3 431 006";"27 561 591";"2024-09-07 14:47:23"
"2024-09-10";"";"1 087 567";"663 327";"27 561 710";"2024-09-11 01:34:48"
"2024-09-08";"";"72 133";"5 277";"27 562 442";"2024-09-08 13:10:54"
"2024-09-05";"";"3 115 198";"125 824";"27 562 803";"2024-09-05 17:02:10"
"2024-09-06";"YouTube";"5 057 899";"240 429";"27 562 950";"2024-09-06 19:28:03"
"2024-09-10";"YouTube";"456 101";"27 973";"27 562 960";"2024-09-10 21:54:40"
"2024-09-01";"";"45 549";"25 855";"27 562 014";"2024-09-01 07:04:54"
"2024-09-09";"";"287 286";"90 712";"27 562 630";"2024-09-10 01:58:59"
"2024-09-01";"";"28 681";"21 610";"27 562 847";"2024-09-01 14:11:22"
"2024-09-03";"";"142 913";"19 774";"27 563 096";"2024-09-03 18:27:06"
"2024-09-02";"Telegram";"9 139 903";"581 313";"27 563 238";"2024-09-02 19:16:12"
"2024-09-02";"";"28 233";"3 535";"27 563 434";"2024-09-02 19:28:17"
"2024-09-07";"";"270 024";"57 330";"27 562 292";"2024-09-07 21:54:33"
"2024-09-02";"Telegram";"226 114";"23 600";"27 563 307";"2024-09-02 21:54:37"
"2024-09-01";"YouTube";"424 797";"26 380";"27 562 047";"2024-09-01 04:37:11"
"2024-09-05";"";"127 927";"19 011";"27 562 757";"2024-09-05 13:58:29"
"2024-09-04";"Telegram";"9 806 788";"13 910 037";"27 561 173";"2024-09-04 04:25:48"
"2024-09-03";"YouTube";"2 152 927";"75 571";"27 563 409";"2024-09-03 05:38:24"
"2024-09-07";"";"764 883";"21 644";"27 561 253";"2024-09-08 02:47:05"
"2024-09-04";"";"30 592";"4 858";"27 562 841";"2024-09-04 05:50:54"
"2024-09-05";"";"107 158";"7 591";"27 561 811";"2024-09-05 08:29:07"
"2024-09-09";"";"2 198 246";"356 182";"27 562 331";"2024-09-09 15:48:44"
"2024-09-09";"";"10 932";"26 924";"27 562 824";"2024-09-09 11:56:18"
"2024-09-02";"";"206 960";"18 534";"27 561 372";"2024-09-02 17:14:34"
"2024-09-03";"Yandex";"865 027";"211 774";"27 561 269";"2024-09-03 20:41:28"
"2024-09-08";"";"31 401";"1 714";"27 561 622";"2024-09-08 22:55:31"
"2024-09-08";"";"5 360";"37 819";"27 563 347";"2024-09-08 06:39:11"
"2024-09-02";"";"49 707";"241 272";"27 561 207";"2024-09-02 06:39:29"
"2024-09-03";"Telegram";"4 943 091";"618 012";"27 562 822";"2024-09-03 18:03:51"
"2024-09-06";"";"8 308";"28 530";"27 562 540";"2024-09-07 01:58:08"
"2024-09-02";"Instagram";"28 109 246";"698 372";"27 563 113";"2024-09-02 13:58:16"
"2024-09-03";"";"963 401";"484 804";"27 561 435";"2024-09-04 00:45:22"
"2024-09-03";"";"53 038";"4 338";"27 562 956";"2024-09-03 19:16:33"
"2024-09-08";"YouTube";"16 444 550";"1 197 272";"27 561 341";"2024-09-09 01:22:18"
"2024-09-09";"";"225 954";"7 101";"27 562 838";"2024-09-09 18:15:50"
"2024-09-06";"";"281 088";"18 640";"27 562 856";"2024-09-06 19:28:57"
"2024-09-01";"YouTube";"407 998";"22 172";"27 562 032";"2024-09-01 21:30:41"
"2024-09-09";"";"27 108";"19 264";"27 562 934";"2024-09-09 07:52:43"
"2024-09-02";"";"22 952";"194 709";"27 563 472";"2024-09-02 08:41:16"
"2024-09-01";"";"21 410";"149 811";"27 562 033";"2024-09-01 08:41:32"
"2024-09-09";"";"37 684";"22 006";"27 562 117";"2024-09-09 05:50:56"
"2024-09-02";"";"32 936";"47 628";"27 561 753";"2024-09-02 23:44:25"
"2024-09-07";"Instagram";"1 489 656";"291 623";"27 561 232";"2024-09-08 02:59:52"
"2024-09-01";"";"107 055";"5 091";"27 561 500";"2024-09-01 21:06:41"
"2024-09-01";"Instagram";"271 572";"296 320";"27 561 711";"2024-09-01 07:52:38"
"2024-09-01";"";"12 588";"29 633";"27 561 428";"2024-09-01 08:41:02"
"2024-09-03";"YouTube";"27 691";"15 093";"27 561 943";"2024-09-03 19:04:07"
"2024-09-08";"YouTube";"2 379 575";"96 637";"27 563 207";"2024-09-08 15:12:42"
"2024-09-02";"YouTube";"534 410";"1 962 480";"27 563 112";"2024-09-02 05:50:08"
"2024-09-10";"";"51 215";"2 516";"27 562 941";"2024-09-10 22:31:57"
"2024-09-02";"";"35 160";"6 904";"27 561 941";"2024-09-02 19:04:00"
"2024-09-09";"Facebook";"59 688";"4 249";"27 562 094";"2024-09-09 04:37:39"
"2024-09-05";"";"183 243";"172 686";"27 563 217";"2024-09-05 12:09:19"
"2024-09-03";"";"53 338";"9 997";"27 561 662";"2024-09-04 02:35:33"
"2024-09-02";"Unknown";"44 755";"30 876";"27 562 032";"2024-09-02 10:31:36"
"2024-09-07";"Instagram";"14 841 359";"423 540";"27 563 307";"2024-09-07 14:59:08"
"2024-09-10";"";"153 936";"27 273";"27 561 615";"2024-09-10 12:09:12"
"2024-09-02";"";"67 318";"4 686";"27 562 117";"2024-09-02 07:04:00"
"2024-09-03";"Facebook";"33 168";"4 130";"27 563 189";"2024-09-03 05:38:12"
"2024-09-02";"";"4 623 902";"433 212";"27 562 143";"2024-09-02 05:14:51"
"2024-09-07";"";"39 035";"15 274";"27 563 052";"2024-09-08 00:09:03"
"2024-09-03";"";"124 536";"99 108";"27 563 088";"2024-09-03 15:24:16"
"2024-09-02";"YouTube";"2 803";"42 191";"27 562 085";"2024-09-02 21:54:29"
"2024-09-06";"";"211 213";"95 377";"27 561 760";"2024-09-06 17:50:05"
"2024-09-01";"";"15 384";"96 142";"27 562 756";"2024-09-02 01:46:35"
"2024-09-05";"";"764 977";"71 981";"27 561 718";"2024-09-05 09:18:29"
"2024-09-06";"Instagram";"2 822 042";"109 918";"27 562 544";"2024-09-06 03:00:39"
"2024-09-01";"";"711 058";"24 960";"27 563 273";"2024-09-01 13:58:40"
"2024-09-05";"";"81 123";"22 961";"27 563 445";"2024-09-05 23:44:20"
"2024-09-06";"";"30 820 557";"1 482 533";"27 562 993";"2024-09-06 05:50:50"
"2024-09-02";"Instagram";"15 096 725";"781 081";"27 563 186";"2024-09-02 09:06:18"
"2024-09-08";"";"8 854";"46 647";"27 563 402";"2024-09-08 16:01:15"
"2024-09-10";"Instagram";"799 790";"1 304 713";"27 562 992";"2024-09-10 18:03:45"
"2024-09-10";"";"28 148 135";"3 256 092";"27 562 537";"2024-09-10 14:47:02"
"2024-09-03";"";"27 845";"3 946";"27 562 553";"2024-09-03 18:51:17"
"2024-09-03";"";"115 045";"11 516";"27 562 516";"2024-09-03 12:21:05"
"2024-09-10";"";"4 945";"32 320";"27 561 421";"2024-09-10 20:05:12"
"2024-09-02";"";"78 959";"7 507";"27 562 800";"2024-09-02 21:06:24"
"2024-09-04";"";"8 642 869";"574 309";"27 562 842";"2024-09-04 05:38:11"
"2024-09-08";"";"203 037";"37 240";"27 562 527";"2024-09-08 16:37:02"
"2024-09-07";"";"568 372 068";"51 973 152";"27 563 177";"2024-09-07 15:00:52"
"2024-09-01";"";"29 373";"8 956";"27 562 086";"2024-09-01 04:49:23"
"2024-09-03";"YouTube";"3 345 970";"1 105 756";"27 562 623";"2024-09-03 17:26:57"
"2024-09-07";"Facebook";"253 011";"23 480";"27 563 162";"2024-09-07 14:11:04"
"2024-09-05";"";"56 390";"11 352";"27 563 009";"2024-09-05 17:02:17"
"2024-09-10";"";"167 272";"13 350";"27 562 749";"2024-09-11 01:22:06"
"2024-09-06";"Yandex";"326 101";"15 956";"27 562 725";"2024-09-06 12:57:00"
"2024-09-04";"Yandex";"4 181 165";"166 212";"27 562 453";"2024-09-04 20:17:33"
"2024-09-03";"";"45 518";"85 870";"27 561 464";"2024-09-03 15:48:53"
"2024-09-10";"";"1 284";"81 841";"27 563 083";"2024-09-10 16:25:51"
"2024-09-03";"";"47 961 564";"1 990 421";"27 561 826";"2024-09-03 20:05:19"
"2024-09-03";"";"31 484";"3 279";"27 561 828";"2024-09-03 14:23:47"
"2024-09-01";"";"303 560";"14 887";"27 562 116";"2024-09-01 18:27:04"
"2024-09-02";"";"95 367";"26 250";"27 562 425";"2024-09-02 12:57:16"
"2024-09-05";"";"273 827";"17 104";"27 561 924";"2024-09-05 06:51:29"
"2024-09-08";"TikTok";"17 031";"159 367";"27 563 419";"2024-09-09 01:58:23"
"2024-09-01";"";"465 669 038";"62 304 679";"27 562 051";"2024-09-02 00:57:37"
"2024-09-04";"";"149 859";"62 693";"27 562 280";"2024-09-04 11:32:25"
"2024-09-06";"YouTube";"203 412";"25 198";"27 563 154";"2024-09-06 13:10:06"
"2024-09-09";"";"65 056";"4 958";"27 563 416";"2024-09-09 09:54:40"
"2024-09-06";"YouTube";"75 057";"828 312";"27 563 092";"2024-09-06 12:09:33"
"2024-09-07";"Instagram";"3 344 445";"1 436 150";"27 561 676";"2024-09-07 14:35:45"
"2024-09-09";"";"74 075";"57 799";"27 561 641";"2024-09-09 21:54:58"
"2024-09-08";"";"120 250";"35 012";"27 561 898";"2024-09-08 09:42:52"
"2024-09-03";"";"36 112";"24 759";"27 562 839";"2024-09-03 10:31:08"
"2024-09-08";"";"6 946";"32 305";"27 562 698";"2024-09-08 14:11:32"
"2024-09-01";"Telegram";"2 299 601";"131 020";"27 562 633";"2024-09-02 00:21:06"
"2024-09-01";"Facebook";"1 188 615";"53 351";"27 561 362";"2024-09-01 17:26:59"
"2024-09-01";"";"91 723";"2 803";"27 563 079";"2024-09-01 17:26:45"
"2024-09-09";"";"191 312";"14 038";"27 562 142";"2024-09-09 09:30:13"
"2024-09-07";"PUBG";"333 713";"12 657";"27 563 187";"2024-09-07 05:50:43"
"2024-09-06";"";"28 768";"3 987";"27 563 096";"2024-09-06 22:55:27"
"2024-09-02";"";"1 170 928";"29 946";"27 561 692";"2024-09-02 13:34:08"
"2024-09-06";"";"712 624";"76 211";"27 563 107";"2024-09-06 06:15:28"
"2024-09-03";"";"168 976";"9 919";"27 563 432";"2024-09-04 02:35:48"
"2024-09-05";"";"136 277";"225 792";"27 561 234";"2024-09-05 08:29:20"
"2024-09-01";"";"25 826";"5 351";"27 562 181";"2024-09-01 04:37:11"
"2024-09-06";"";"29 185";"6 033";"27 563 326";"2024-09-06 13:58:52"
"2024-09-07";"";"34 112";"4 044";"27 563 467";"2024-09-07 23:56:21"
"2024-09-06";"Instagram";"70 224";"4 128";"27 561 848";"2024-09-06 03:12:23"
"2024-09-01";"";"64 915";"447 332";"27 562 124";"2024-09-01 18:27:22"
"2024-09-02";"VKontakte";"1 873 389";"178 280";"27 562 956";"2024-09-02 08:29:56"
"2024-09-04";"";"675 169";"4 845 421";"27 562 143";"2024-09-04 17:50:05"
"2024-09-10";"YouTube";"1 357 155";"314 259";"27 563 430";"2024-09-10 09:54:34"
"2024-09-05";"";"50 689";"58 255";"27 562 863";"2024-09-05 11:44:09"
"2024-09-01";"Yandex";"494 730";"283 181";"27 563 024";"2024-09-02 02:11:39"
"2024-09-01";"Instagram";"526 927";"41 715";"27 561 264";"2024-09-01 13:22:46"
"2024-09-03";"";"217 155";"27 432";"27 561 867";"2024-09-03 06:27:45"
"2024-09-05";"Yandex";"401 504";"143 821";"27 562 722";"2024-09-06 00:45:53"
"2024-09-04";"YouTube";"152 511";"45 529";"27 562 259";"2024-09-04 19:40:00"
"2024-09-10";"";"26 436";"1 825";"27 561 336";"2024-09-10 16:01:42"
"2024-09-10";"";"56 234";"63 657";"27 562 139";"2024-09-10 14:11:58"
"2024-09-04";"";"133 345";"10 481";"27 562 527";"2024-09-04 21:06:58"
"2024-09-03";"";"166 688";"8 897";"27 561 582";"2024-09-03 04:25:15"
"2024-09-05";"";"884 386";"67 438";"27 562 185";"2024-09-05 11:44:38"
"2024-09-04";"";"337 914";"12 010";"27 561 410";"2024-09-04 07:04:19"
"2024-09-07";"";"75 557";"9 323";"27 562 382";"2024-09-07 19:40:08"
"2024-09-03";"Telegram";"234 473 066";"78 981 695";"27 562 145";"2024-09-03 04:01:27"
"2024-09-10";"YouTube";"45 762 531";"2 941 268";"27 562 252";"2024-09-11 02:59:17"
"2024-09-02";"";"34 376";"70 929";"27 561 352";"2024-09-02 20:05:33"
"2024-09-09";"Yandex";"377 191";"99 221";"27 561 818";"2024-09-09 15:12:24"
"2024-09-09";"";"265 573";"49 641";"27 561 825";"2024-09-10 01:34:32"
"2024-09-09";"";"121 083";"8 844";"27 562 172";"2024-09-09 18:27:39"
"2024-09-05";"";"103 939";"67 689";"27 561 658";"2024-09-05 07:28:36"
"2024-09-05";"";"30 899";"2 765";"27 561 529";"2024-09-05 19:04:36"
"2024-09-06";"";"1 700";"71 521";"27 561 379";"2024-09-07 00:21:12"
"2024-09-08";"";"125 932";"24 756";"27 561 355";"2024-09-08 19:28:06"
"2024-09-02";"YouTube";"5 117 423";"929 107";"27 561 453";"2024-09-02 21:30:45"
"2024-09-04";"Facebook";"30 031";"5 914";"27 562 199";"2024-09-04 20:05:59"
"2024-09-09";"Instagram";"1 484 624";"73 629";"27 562 982";"2024-09-09 08:53:42"
"2024-09-06";"";"142 702";"69 588";"27 562 804";"2024-09-06 13:10:22"
"2024-09-07";"";"43 315";"3 551";"27 561 177";"2024-09-07 21:06:48"
"2024-09-01";"Instagram";"1 479 862";"48 284";"27 562 979";"2024-09-01 21:06:41"
"2024-09-04";"";"2 263 328";"124 041";"27 562 330";"2024-09-04 20:29:53"
"2024-09-04";"Facebook";"126 746";"12 902";"27 562 487";"2024-09-04 19:28:16"
"2024-09-03";"Instagram";"22 646 050";"21 107 008";"27 562 037";"2024-09-03 05:38:10"
"2024-09-01";"";"433 651";"103 190";"27 562 979";"2024-09-01 12:21:28"
"2024-09-01";"";"75 625";"8 785";"27 563 364";"2024-09-01 05:50:04"
"2024-09-02";"";"485 862";"35 775";"27 562 594";"2024-09-03 00:57:56"
"2024-09-03";"";"363 901";"66 538";"27 563 020";"2024-09-04 02:59:44"
"2024-09-06";"Instagram";"304 810 362";"7 801 585";"27 561 690";"2024-09-06 22:07:59"
"2024-09-07";"";"54 129";"6 286";"27 561 872";"2024-09-07 10:55:04"
"2024-09-06";"";"314 216";"12 411";"27 561 940";"2024-09-06 14:47:26"
"2024-09-02";"Instagram";"76 856 238";"1 554 257";"27 561 294";"2024-09-03 02:35:24"
"2024-09-08";"";"2 706";"27 876";"27 562 202";"2024-09-08 09:42:05"
"2024-09-07";"Facebook";"146 185 668";"3 490 707";"27 563 156";"2024-09-07 18:15:03"
"2024-09-08";"";"32 931";"11 314";"27 563 020";"2024-09-08 16:25:22"
"2024-09-08";"";"4 072";"33 637";"27 563 116";"2024-09-08 08:29:17"
"2024-09-09";"";"78 893";"19 191";"27 561 870";"2024-09-09 23:44:20"
"2024-09-09";"";"61 268 903";"3 067 129";"27 562 905";"2024-09-09 03:12:40"
"2024-09-04";"";"38 384";"105 544";"27 561 366";"2024-09-04 03:48:59"
"2024-09-01";"YouTube";"5 164 669";"1 251 649";"27 561 729";"2024-09-01 17:38:23"
"2024-09-08";"Yandex";"210 554";"8 965";"27 562 233";"2024-09-08 18:39:35"
"2024-09-07";"Instagram";"548 089";"69 779";"27 561 300";"2024-09-07 15:48:58"
"2024-09-10";"";"4 064 920";"2 098 301";"27 563 219";"2024-09-11 00:21:12"
"2024-09-08";"";"74 703";"27 743";"27 562 122";"2024-09-08 17:26:04"
"2024-09-01";"Telegram";"371 050";"32 779";"27 562 086";"2024-09-01 08:29:18"
"2024-09-04";"";"25 789";"1 524";"27 563 024";"2024-09-04 04:13:33"
"2024-09-01";"";"389 136";"15 100";"27 562 836";"2024-09-01 07:16:22"
"2024-09-02";"";"247 982";"7 794";"27 563 113";"2024-09-02 11:56:37"
"2024-09-06";"";"36 034";"109 478";"27 563 223";"2024-09-06 03:12:15"
"2024-09-10";"";"66 419";"7 572";"27 563 175";"2024-09-11 02:11:19"
"2024-09-06";"Telegram";"138 439";"13 771";"27 561 224";"2024-09-06 05:50:22"
"2024-09-02";"";"309 408";"49 611";"27 561 718";"2024-09-02 06:39:50"
"2024-09-10";"";"88 480";"11 805";"27 561 213";"2024-09-10 16:25:42"
"2024-09-06";"";"750 398";"172 344";"27 561 482";"2024-09-06 17:02:47"
"2024-09-03";"Facebook";"253 332";"30 335";"27 561 312";"2024-09-03 14:47:16"
"2024-09-01";"";"27 704";"2 242";"27 561 254";"2024-09-01 21:06:59"
"2024-09-03";"YouTube";"1 633 739";"365 803";"27 561 820";"2024-09-03 09:42:15"
"2024-09-04";"";"314 425";"51 921";"27 561 815";"2024-09-04 13:46:03"
"2024-09-06";"";"290 734";"76 869";"27 561 591";"2024-09-06 22:43:16"
"2024-09-02";"";"103 330";"5 955";"27 561 951";"2024-09-02 16:25:12"
"2024-09-07";"";"635 080";"721 886";"27 561 845";"2024-09-07 09:06:09"
"2024-09-06";"";"280 091";"16 963";"27 563 344";"2024-09-06 09:54:30"
"2024-09-10";"YouTube";"36 925";"7 678";"27 562 531";"2024-09-10 14:23:26"
"2024-09-07";"";"44 359";"6 742";"27 563 387";"2024-09-07 08:41:31"
"2024-09-06";"";"33 035";"10 389";"27 563 496";"2024-09-06 11:44:14"
"2024-09-02";"";"87 536";"269 364";"27 562 838";"2024-09-02 23:20:29"
"2024-09-04";"YouTube";"2 695 390";"157 567";"27 562 542";"2024-09-04 08:17:29"
"2024-09-04";"Facebook";"67 891";"7 305";"27 563 069";"2024-09-04 07:16:31"
"2024-09-09";"";"280 127";"1 000 818";"27 562 608";"2024-09-09 20:05:29"
"2024-09-05";"YouTube";"41 006 063";"3 245 046";"27 561 259";"2024-09-05 08:29:11"
"2024-09-06";"";"39 759";"22 390";"27 562 752";"2024-09-06 16:49:21"
"2024-09-08";"Twitch";"984 202";"61 220";"27 561 224";"2024-09-08 09:42:14"
"2024-09-04";"";"32 705 953";"2 382 035";"27 563 218";"2024-09-04 15:48:59"
"2024-09-10";"";"2 121 329";"181 099";"27 563 217";"2024-09-10 15:48:44"
"2024-09-09";"YouTube";"38 140";"2 155";"27 561 836";"2024-09-10 02:35:42"
"2024-09-01";"";"577 593";"51 061";"27 561 730";"2024-09-02 01:34:46"
"2024-09-03";"";"1 119 680";"38 902";"27 562 806";"2024-09-03 09:42:05"
"2024-09-08";"Yandex";"57 114";"2 779";"27 562 138";"2024-09-08 16:13:58"
"2024-09-02";"";"300 495";"136 899";"27 562 520";"2024-09-02 21:54:53"
"2024-09-02";"YouTube";"2 782 382";"179 489";"27 562 979";"2024-09-02 10:31:38"
"2024-09-03";"";"439 976";"90 567";"27 562 435";"2024-09-04 02:23:25"
"2024-09-01";"";"112 566";"16 247";"27 562 479";"2024-09-01 08:53:28"
"2024-09-06";"";"68 554";"9 841";"27 561 315";"2024-09-06 14:35:03"
"2024-09-10";"";"8 118 090";"213 463";"27 562 747";"2024-09-10 04:13:35"
"2024-09-06";"Telegram";"84 919 259";"17 461 876";"27 563 451";"2024-09-06 18:15:31"
"2024-09-02";"Tas-ix";"825 516";"38 298";"27 562 825";"2024-09-02 09:54:58"
"2024-09-07";"Tas-ix";"942 582";"37 303";"27 561 825";"2024-09-07 16:25:18"
"2024-09-06";"Tas-ix";"13 755 706";"676 278";"27 562 643";"2024-09-06 19:04:19"
"2024-09-01";"WhatsApp";"3 891 705";"18 878 520";"27 562 545";"2024-09-01 12:45:02"
"2024-09-06";"";"2 364 196";"171 297";"27 561 224";"2024-09-06 16:13:34"
"2024-09-06";"";"25 751";"1 934";"27 562 941";"2024-09-06 16:25:36"
"2024-09-10";"";"29 601";"54 475";"27 562 505";"2024-09-10 07:16:00"
"2024-09-05";"";"39 855";"3 554";"27 562 084";"2024-09-05 20:29:14"
"2024-09-09";"";"176 746";"27 989";"27 562 897";"2024-09-09 18:15:07"
"2024-09-03";"";"14 688 726";"1 116 871";"27 562 642";"2024-09-03 16:37:15"
"2024-09-09";"";"765 911";"62 211";"27 561 978";"2024-09-09 05:02:01"
"2024-09-03";"YouTube";"116 551 894";"6 808 852";"27 562 096";"2024-09-03 05:26:07"
"2024-09-06";"";"94 721";"4 106";"27 561 800";"2024-09-06 22:07:28"
"2024-09-06";"Telegram";"15 366 558";"852 003";"27 562 470";"2024-09-06 12:21:05"
"2024-09-10";"";"112 339";"8 865";"27 563 081";"2024-09-10 07:04:12"
"2024-09-04";"";"137 778";"514 055";"27 561 616";"2024-09-04 20:53:38"
"2024-09-04";"Tas-ix";"36 002";"34 250";"27 561 481";"2024-09-04 07:52:42"
"2024-09-08";"PUBG";"2 141 099";"87 146";"27 562 965";"2024-09-08 16:25:22"
"2024-09-02";"";"118 808";"17 698";"27 563 326";"2024-09-02 21:06:45"
"2024-09-07";"Facebook";"592 835";"49 308";"27 562 099";"2024-09-08 02:23:01"
"2024-09-09";"Instagram";"689 241";"86 071";"27 562 069";"2024-09-09 19:52:13"
"2024-09-02";"Telegram";"7 607 207";"621 854";"27 561 845";"2024-09-02 16:01:30"
"2024-09-06";"";"453 340";"36 354";"27 561 204";"2024-09-07 01:34:36"
"2024-09-09";"";"172 011";"99 515";"27 561 207";"2024-09-09 17:26:15"
"2024-09-08";"YouTube";"2 046 443";"127 011";"27 562 779";"2024-09-08 17:14:14"
"2024-09-10";"";"88 641";"62 787";"27 563 094";"2024-09-10 15:48:14"
"2024-09-07";"";"54 056";"89 783";"27 562 801";"2024-09-07 10:19:58"
"2024-09-05";"";"684 888";"200 562";"27 563 509";"2024-09-05 21:30:34"
"2024-09-03";"";"151 916";"139 880";"27 561 796";"2024-09-03 07:16:37"
"2024-09-01";"";"135 040";"4 124";"27 563 419";"2024-09-01 15:24:11"
"2024-09-10";"";"350 816";"13 907";"27 561 802";"2024-09-10 22:43:47"
"2024-09-04";"WhatsApp";"1 200 748";"2 268 725";"27 561 511";"2024-09-04 12:33:14"
"2024-09-03";"";"383 893";"118 172";"27 562 886";"2024-09-03 12:45:40"
"2024-09-04";"Instagram";"22 972 500";"700 064";"27 562 259";"2024-09-04 23:44:25"
"2024-09-01";"";"1 651 521";"76 997";"27 561 498";"2024-09-01 17:38:05"
"2024-09-07";"";"79 002";"7 445";"27 563 099";"2024-09-08 02:47:24"
"2024-09-10";"Yandex";"105 275";"9 245";"27 561 921";"2024-09-10 19:40:05"
"2024-09-01";"";"85 122";"79 454";"27 561 583";"2024-09-01 11:56:25"
"2024-09-01";"Instagram";"472 496";"31 235";"27 561 382";"2024-09-01 22:31:57"
"2024-09-02";"";"199 439";"69 727";"27 561 366";"2024-09-02 09:06:51"
"2024-09-03";"";"176 690";"26 936";"27 563 304";"2024-09-03 13:46:56"
"2024-09-03";"";"26 666";"1 804";"27 561 805";"2024-09-03 09:30:44"
"2024-09-07";"";"32 514";"2 681";"27 563 181";"2024-09-07 14:35:51"
"2024-09-10";"Instagram";"45 961 323";"807 659";"27 561 805";"2024-09-10 17:02:49"
"2024-09-09";"WhatsApp";"20 539";"35 751";"27 561 608";"2024-09-09 13:10:22"
"2024-09-10";"";"223 890";"40 699";"27 562 613";"2024-09-10 16:49:05"
"2024-09-08";"Telegram";"2 195 357";"2 006 699";"27 562 564";"2024-09-08 19:16:20"
"2024-09-06";"";"68 669";"26 549";"27 562 224";"2024-09-06 13:58:52"
"2024-09-02";"Yandex";"412 562";"39 923";"27 561 454";"2024-09-02 16:25:24"
"2024-09-10";"VKontakte";"27 974";"25 113";"27 563 022";"2024-09-11 02:47:50"
"2024-09-02";"Instagram";"18 587 499";"37 594 070";"27 562 608";"2024-09-02 20:29:35"
"2024-09-03";"";"54 853";"99 178";"27 562 756";"2024-09-04 02:11:40"
"2024-09-08";"";"28 107";"5 856";"27 563 223";"2024-09-08 06:03:39"
"2024-09-06";"";"57 606";"3 591";"27 561 480";"2024-09-07 00:57:11"
"2024-09-08";"TikTok";"129 923";"861 161";"27 562 865";"2024-09-08 07:04:10"
"2024-09-02";"";"525 940";"15 771";"27 562 812";"2024-09-02 10:31:17"
"2024-09-07";"Telegram";"254 773";"28 139";"27 561 573";"2024-09-07 03:12:09"
"2024-09-04";"YouTube";"135 762";"9 435";"27 561 474";"2024-09-05 00:57:11"
"2024-09-05";"Yandex";"919 703";"37 624";"27 562 732";"2024-09-05 18:27:33"
"2024-09-06";"";"11 958";"27 110";"27 562 243";"2024-09-06 23:08:30"
"2024-09-02";"";"428 087";"15 033";"27 561 247";"2024-09-02 11:20:51"
"2024-09-03";"";"87 569";"23 764";"27 562 615";"2024-09-04 00:33:33"
"2024-09-02";"";"298 683";"137 546";"27 561 470";"2024-09-02 08:29:42"
"2024-09-04";"";"107 131";"14 277";"27 562 590";"2024-09-04 19:28:14"
"2024-09-02";"";"56 366";"37 420";"27 562 850";"2024-09-02 21:06:37"
"2024-09-02";"";"17 038 879";"458 872";"27 563 199";"2024-09-03 02:11:17"
"2024-09-06";"YouTube";"6 310 456";"1 546 278";"27 563 223";"2024-09-07 01:34:27"
"2024-09-10";"Telegram";"4 117 087";"437 769";"27 561 314";"2024-09-10 19:16:08"
"2024-09-05";"";"133 360";"5 181";"27 563 514";"2024-09-05 16:01:05"
"2024-09-05";"";"18 123";"57 134";"27 561 729";"2024-09-05 20:17:32"
"2024-09-06";"";"149 082";"13 627";"27 562 474";"2024-09-06 16:49:07"
"2024-09-10";"";"10 608";"487 247";"27 561 518";"2024-09-11 02:35:58"
"2024-09-04";"Telegram";"161 699";"12 949";"27 562 358";"2024-09-04 03:48:06"
"2024-09-10";"";"12 145";"37 974";"27 561 417";"2024-09-10 10:19:21"
"2024-09-02";"";"181 237";"10 454";"27 563 401";"2024-09-02 06:51:56"
"2024-09-01";"Instagram";"1 857 496";"107 438";"27 563 353";"2024-09-01 09:54:29"
"2024-09-07";"";"192 952";"23 086";"27 561 708";"2024-09-07 17:38:00"
"2024-09-05";"";"10 678";"36 634";"27 561 398";"2024-09-05 11:32:53"
"2024-09-10";"Instagram";"3 850 919";"2 229 605";"27 562 243";"2024-09-10 07:04:25"
"2024-09-03";"";"208 912";"42 162";"27 563 445";"2024-09-03 13:34:50"
"2024-09-07";"Yandex Video";"175 651";"11 035";"27 563 107";"2024-09-07 17:26:06"
"2024-09-03";"";"62 885 262";"4 697 331";"27 561 838";"2024-09-03 12:33:45"
"2024-09-04";"";"2 868 906";"54 379";"27 563 434";"2024-09-04 16:25:12"
"2024-09-10";"";"103 227";"5 655";"27 562 872";"2024-09-10 21:42:08"
"2024-09-01";"";"241 547";"13 709";"27 561 392";"2024-09-01 19:16:32"
"2024-09-03";"";"465 944";"388 379";"27 561 234";"2024-09-03 22:43:23"
"2024-09-09";"";"96 495";"6 485";"27 561 325";"2024-09-09 23:20:09"
"2024-09-02";"";"51 732";"18 948";"27 561 542";"2024-09-02 03:00:46"
"2024-09-04";"Yandex";"60 066";"3 337";"27 563 284";"2024-09-04 22:43:34"
"2024-09-10";"Instagram";"3 468 507";"2 412 307";"27 562 533";"2024-09-11 01:34:08"
"2024-09-08";"Facebook";"32 873";"2 321";"27 562 540";"2024-09-08 13:34:51"
"2024-09-02";"";"300 942";"119 973";"27 562 156";"2024-09-02 06:15:09"
"2024-09-08";"";"165 265";"13 730";"27 563 187";"2024-09-08 06:15:49"
"2024-09-04";"Likee";"474 343";"602 883";"27 562 069";"2024-09-04 13:46:32"
"2024-09-03";"";"965 878";"39 440";"27 563 041";"2024-09-03 09:18:33"
"2024-09-05";"";"120 365";"7 459";"27 561 454";"2024-09-05 03:24:18"
"2024-09-01";"";"199 848";"11 139";"27 561 770";"2024-09-01 06:27:09"
"2024-09-09";"";"31 621";"4 709";"27 561 950";"2024-09-09 21:30:03"
"2024-09-08";"";"78 061";"227 382";"27 562 427";"2024-09-08 22:43:54"
"2024-09-09";"YouTube";"31 491";"7 071";"27 562 007";"2024-09-09 21:42:25"
"2024-09-08";"";"242 345";"14 030";"27 561 638";"2024-09-08 10:55:43"
"2024-09-05";"";"5 938 083";"129 407";"27 562 917";"2024-09-05 05:50:14"
"2024-09-01";"Instagram";"38 226 528";"1 808 649";"27 561 802";"2024-09-01 12:57:31"
"2024-09-03";"Telegram";"454 695 315";"14 795 247";"27 561 305";"2024-09-03 21:42:25"
"2024-09-09";"";"266 472";"17 415";"27 562 291";"2024-09-09 18:27:18"
"2024-09-05";"YouTube";"1 975 629";"128 245";"27 561 662";"2024-09-05 13:34:38"
"2024-09-09";"WhatsApp";"8 969 761";"4 503 269";"27 562 905";"2024-09-09 09:30:30"
"2024-09-08";"";"114 511";"7 456";"27 561 534";"2024-09-09 02:47:19"
"2024-09-10";"";"20 302";"26 236";"27 563 418";"2024-09-10 05:38:45"
"2024-09-06";"";"64 057";"3 142";"27 562 692";"2024-09-07 02:59:11"
"2024-09-01";"";"58 951";"6 366";"27 561 604";"2024-09-01 16:37:53"
"2024-09-02";"";"36 799";"4 020";"27 561 852";"2024-09-02 22:19:48"
"2024-09-02";"YouTube";"944 828";"7 619 033";"27 561 182";"2024-09-02 16:01:18"
"2024-09-09";"Instagram";"58 452 046";"1 464 327";"27 562 278";"2024-09-09 16:13:03"
"2024-09-02";"";"32 104";"4 740";"27 562 494";"2024-09-02 07:04:08"
"2024-09-06";"Instagram";"22 013 514";"1 221 663";"27 562 670";"2024-09-06 12:57:31"
"2024-09-07";"Instagram";"1 105 003";"63 899";"27 561 732";"2024-09-07 09:42:49"
"2024-09-05";"";"12 557";"66 575";"27 562 609";"2024-09-05 07:52:11"
"2024-09-05";"";"2 438 358";"1 336 072";"27 561 744";"2024-09-06 01:10:04"
"2024-09-09";"";"47 604";"7 203";"27 562 636";"2024-09-09 18:27:08"
"2024-09-05";"";"11 276";"46 643";"27 563 446";"2024-09-05 10:19:39"
"2024-09-08";"YouTube";"4 329 537";"200 773";"27 562 692";"2024-09-09 01:10:03"
"2024-09-07";"YouTube";"343 917";"137 650";"27 561 513";"2024-09-07 10:07:15"
"2024-09-03";"";"87 074";"10 606";"27 562 331";"2024-09-03 03:00:16"
"2024-09-01";"";"64 364";"6 290";"27 562 641";"2024-09-02 01:34:46"
"2024-09-04";"";"93 530";"5 122";"27 561 367";"2024-09-04 15:12:26"
"2024-09-06";"WhatsApp";"26 319";"1 952";"27 563 495";"2024-09-07 02:11:42"
"2024-09-10";"";"26 606";"13 537";"27 563 211";"2024-09-10 18:03:41"
"2024-09-01";"";"46 587";"98 116";"27 563 445";"2024-09-01 10:43:07"
"2024-09-01";"";"353 746";"132 116";"27 563 453";"2024-09-01 09:42:58"
"2024-09-08";"";"933 684";"150 712";"27 562 622";"2024-09-08 07:16:43"
"2024-09-07";"WhatsApp";"604 298";"2 071 506";"27 562 993";"2024-09-07 23:44:58"
"2024-09-09";"";"1 766 308";"282 752";"27 562 971";"2024-09-09 15:00:30"
"2024-09-10";"";"2 285 253";"121 828";"27 561 975";"2024-09-10 04:01:10"
"2024-09-04";"";"162 289";"19 393";"27 563 291";"2024-09-04 05:02:16"
"2024-09-04";"";"167 877";"9 537";"27 561 380";"2024-09-04 09:54:34"
"2024-09-05";"Instagram";"34 787 152";"1 259 465";"27 562 293";"2024-09-05 12:57:46"
"2024-09-02";"";"228 073";"8 429";"27 562 068";"2024-09-02 09:42:25"
"2024-09-09";"";"468 957";"61 417";"27 561 201";"2024-09-10 01:34:23"
"2024-09-08";"Facebook";"709 759";"471 817";"27 561 758";"2024-09-08 11:56:55"
"2024-09-03";"";"358 467";"22 376";"27 561 830";"2024-09-03 14:23:28"
"2024-09-02";"";"29 556";"4 091";"27 561 182";"2024-09-03 02:47:36"
"2024-09-02";"";"161 003";"89 834";"27 562 527";"2024-09-02 16:37:48"
"2024-09-09";"Facebook";"491 778";"30 755";"27 562 404";"2024-09-09 08:53:05"
"2024-09-09";"";"248 581";"10 479";"27 562 275";"2024-09-09 07:40:10"
"2024-09-07";"";"1 307 794";"204 815";"27 562 719";"2024-09-07 12:09:06"
"2024-09-08";"YouTube";"88 920 147";"5 211 185";"27 562 267";"2024-09-08 23:32:33"
"2024-09-09";"";"54 576";"2 847";"27 562 741";"2024-09-09 18:03:34"
"2024-09-06";"";"14 516 217";"650 413";"27 561 259";"2024-09-07 01:10:46"
"2024-09-09";"";"68 990";"12 403";"27 561 633";"2024-09-09 12:33:33"
"2024-09-01";"";"27 599";"2 553";"27 562 263";"2024-09-01 11:32:01"
"2024-09-09";"";"78 133";"9 334";"27 562 780";"2024-09-09 14:47:34"
"2024-09-05";"";"6 604";"132 151";"27 562 752";"2024-09-05 14:35:07"
"2024-09-06";"";"46 121";"12 950";"27 561 640";"2024-09-06 10:31:50"
"2024-09-09";"";"45 731";"2 696";"27 562 780";"2024-09-09 22:07:04"
"2024-09-04";"";"103 538";"540 298";"27 563 442";"2024-09-04 15:36:18"
"2024-09-10";"";"1 392 317";"54 977";"27 561 762";"2024-09-11 01:34:12"
"2024-09-10";"";"55 382";"3 335";"27 561 608";"2024-09-10 16:37:47"
"2024-09-09";"Instagram";"2 172 298";"348 684";"27 563 403";"2024-09-10 01:22:09"
"2024-09-05";"TikTok";"17 168";"680 106";"27 562 544";"2024-09-05 05:14:12"
"2024-09-08";"";"54 020 102";"2 521 451";"27 563 336";"2024-09-08 04:13:35"
"2024-09-08";"YouTube";"277 490";"190 969";"27 562 057";"2024-09-08 06:39:04"
"2024-09-10";"Unknown";"39 247";"5 679";"27 561 547";"2024-09-11 01:46:29"
"2024-09-08";"";"1 170 148";"147 709";"27 561 670";"2024-09-08 20:17:38"
"2024-09-10";"";"98 138";"76 368";"27 561 219";"2024-09-10 05:26:05"
"2024-09-06";"";"69 598";"8 768";"27 561 922";"2024-09-06 09:06:03"
"2024-09-06";"";"172 036";"9 929";"27 562 806";"2024-09-07 00:45:19"
"2024-09-02";"Facebook";"138 556";"9 820";"27 561 536";"2024-09-02 11:56:43"
"2024-09-04";"";"268 306";"90 813";"27 563 293";"2024-09-04 10:19:51"
"2024-09-08";"";"106 736";"39 808";"27 562 674";"2024-09-08 03:24:25"
"2024-09-01";"";"208 325";"128 452";"27 561 608";"2024-09-01 12:57:07"
"2024-09-05";"";"621 101";"98 373";"27 563 244";"2024-09-05 05:14:54"
"2024-09-10";"";"142 685";"16 466";"27 561 629";"2024-09-10 10:31:31"
"2024-09-09";"";"56 618";"1 924";"27 562 719";"2024-09-09 09:42:45"
"2024-09-04";"";"1 504 114";"192 323";"27 562 537";"2024-09-05 00:57:44"
"2024-09-09";"Instagram";"70 147 186";"2 492 197";"27 561 690";"2024-09-10 02:23:33"
"2024-09-02";"";"82 155";"141 042";"27 561 237";"2024-09-03 00:57:11"
"2024-09-06";"";"267 434";"114 212";"27 563 424";"2024-09-07 01:46:36"
"2024-09-04";"";"2 501 358";"134 476";"27 562 212";"2024-09-04 13:34:18"
"2024-09-09";"Apple Music";"49 533";"3 189";"27 562 580";"2024-09-09 21:42:47"
"2024-09-07";"Instagram";"446 202";"79 549";"27 562 339";"2024-09-07 10:31:37"
"2024-09-07";"Telegram";"2 035 239";"196 851";"27 561 802";"2024-09-07 21:30:00"
"2024-09-05";"";"104 374";"62 078";"27 561 173";"2024-09-05 15:12:44"
"2024-09-04";"YouTube";"609 779";"176 957";"27 561 922";"2024-09-04 19:16:07"
"2024-09-07";"";"96 192";"6 807";"27 561 237";"2024-09-07 18:39:09"
"2024-09-09";"Instagram";"118 184";"7 167";"27 563 238";"2024-09-10 02:11:53"
"2024-09-08";"";"31 394";"30 064";"27 563 119";"2024-09-08 21:18:14"
"2024-09-08";"YouTube";"610 646";"1 146 416";"27 562 234";"2024-09-09 01:22:50"
"2024-09-10";"";"1 853 047";"1 151 286";"27 563 261";"2024-09-10 16:13:43"
"2024-09-10";"";"968 743";"617 079";"27 562 427";"2024-09-11 01:22:18"
"2024-09-07";"Facebook";"188 903";"14 764";"27 563 093";"2024-09-07 06:27:56"
"2024-09-05";"";"49 821";"52 019";"27 562 344";"2024-09-05 11:20:58"
"2024-09-08";"";"50 737";"2 563";"27 562 400";"2024-09-08 23:20:53"
"2024-09-08";"";"78 900";"9 859";"27 562 254";"2024-09-08 10:19:47"
"2024-09-07";"Instagram";"20 020 794";"2 423 204";"27 563 386";"2024-09-07 17:38:39"
"2024-09-04";"";"1 081 892";"42 081";"27 562 156";"2024-09-04 08:53:19"
"2024-09-10";"Telegram";"2 082 996";"163 654";"27 562 447";"2024-09-10 13:10:26"
"2024-09-06";"YouTube";"8 509 765";"2 883 862";"27 561 877";"2024-09-06 14:47:56"
"2024-09-05";"";"130 764";"7 969";"27 561 344";"2024-09-05 16:13:07"
"2024-09-07";"Instagram";"4 723 980";"4 358 412";"27 561 597";"2024-09-07 03:12:43"
"2024-09-05";"";"1 033 394";"208 958";"27 561 851";"2024-09-05 19:52:03"
"2024-09-02";"Yandex";"430 516";"163 395";"27 561 417";"2024-09-02 10:31:59"
"2024-09-06";"";"54 087";"2 655";"27 562 590";"2024-09-06 09:42:27"
"2024-09-03";"Instagram";"5 391 702";"253 256";"27 561 570";"2024-09-03 17:38:49"
"2024-09-08";"";"146 632";"53 333";"27 561 292";"2024-09-09 00:45:19"
"2024-09-07";"";"171 327";"23 099";"27 562 497";"2024-09-07 05:26:24"
"2024-09-07";"";"26 367";"12 441";"27 562 365";"2024-09-07 03:48:28"
"2024-09-06";"Instagram";"9 030 146";"431 927";"27 562 216";"2024-09-06 04:13:00"
"2024-09-03";"Telegram";"9 765 856";"1 734 379";"27 561 646";"2024-09-03 14:35:42"
"2024-09-10";"";"237 222";"47 934";"27 563 472";"2024-09-10 15:36:31"
"2024-09-01";"YouTube";"64 681";"851 685";"27 562 837";"2024-09-02 01:46:43"
"2024-09-08";"YouTube";"284 856";"139 472";"27 562 520";"2024-09-08 11:08:43"
"2024-09-08";"Facebook";"2 918 082";"158 954";"27 561 666";"2024-09-08 23:56:50"
"2024-09-03";"Instagram";"52 190";"13 231";"27 561 227";"2024-09-04 00:21:54"
"2024-09-06";"";"29 093";"7 114";"27 561 533";"2024-09-06 18:27:02"
"2024-09-08";"YouTube";"820 900 200";"40 331 910";"27 561 222";"2024-09-08 09:30:41"
"2024-09-08";"";"143 307";"8 706";"27 561 587";"2024-09-09 00:33:20"
"2024-09-07";"";"136 088";"261 011";"27 561 357";"2024-09-07 22:19:10"
"2024-09-02";"";"331 819";"271 608";"27 562 735";"2024-09-02 22:07:34"
"2024-09-06";"";"148 079";"26 228";"27 561 355";"2024-09-06 22:07:03"
"2024-09-10";"Instagram";"1 381 577";"38 615";"27 562 965";"2024-09-10 19:52:41"
"2024-09-03";"Yandex";"38 945";"135 525";"27 562 354";"2024-09-03 17:50:04"
"2024-09-08";"";"43 372";"23 271";"27 562 962";"2024-09-08 22:43:06"
"2024-09-08";"";"10 868";"26 058";"27 562 071";"2024-09-08 17:26:09"
"2024-09-10";"YouTube";"135 535";"1 524 182";"27 562 757";"2024-09-11 00:57:37"
"2024-09-03";"";"204 835";"20 266";"27 563 336";"2024-09-03 08:41:31"
"2024-09-01";"";"2 249 130";"83 013";"27 561 785";"2024-09-01 18:03:41"
"2024-09-08";"YouTube";"10 790 527";"685 950";"27 562 847";"2024-09-08 16:37:44"
"2024-09-06";"";"302 695";"63 788";"27 562 473";"2024-09-06 06:03:04"
"2024-09-08";"Instagram";"136 889";"21 167";"27 561 752";"2024-09-08 19:16:20"
"2024-09-09";"YouTube";"28 866";"106";"27 562 460";"2024-09-09 07:52:49"
"2024-09-06";"";"36 358";"6 936";"27 561 441";"2024-09-07 01:34:12"
"2024-09-09";"WhatsApp";"2 357 081";"4 875 157";"27 563 110";"2024-09-09 09:18:22"
"2024-09-09";"YouTube";"24 598 261";"2 114 727";"27 561 732";"2024-09-09 07:28:09"
"2024-09-06";"";"340 707";"33 708";"27 563 129";"2024-09-06 18:15:24"
"2024-09-05";"";"900";"56 020";"27 562 791";"2024-09-05 19:40:29"
"2024-09-04";"";"133 725 332";"8 865 099";"27 562 371";"2024-09-05 02:11:04"
"2024-09-02";"";"341 604";"45 596";"27 563 221";"2024-09-02 11:20:32"
"2024-09-07";"";"155 265";"40 289";"27 562 419";"2024-09-07 05:14:35"
"2024-09-02";"PUBG";"45 950";"18 545";"27 562 298";"2024-09-02 10:55:44"
"2024-09-03";"";"100 828";"9 376";"27 562 717";"2024-09-03 23:44:22"
"2024-09-04";"Unknown";"64 075";"5 720";"27 561 402";"2024-09-04 06:15:37"
"2024-09-04";"";"188 255";"12 779";"27 561 776";"2024-09-04 13:34:30"
"2024-09-06";"";"42 767";"110 843";"27 561 277";"2024-09-06 13:10:36"
"2024-09-05";"";"427 214";"90 594";"27 562 766";"2024-09-05 11:08:18"
"2024-09-10";"";"30 918";"128 977";"27 561 649";"2024-09-10 10:55:38"
"2024-09-03";"YouTube";"141 169";"22 232";"27 563 250";"2024-09-03 12:21:14"
"2024-09-02";"";"260 733";"15 684";"27 561 201";"2024-09-02 12:57:04"
"2024-09-05";"";"38 668";"10 866";"27 561 850";"2024-09-06 01:34:15"
"2024-09-05";"";"7 519";"26 355";"27 563 512";"2024-09-05 13:34:38"
"2024-09-02";"";"244 230";"85 041";"27 562 674";"2024-09-02 18:51:52"
"2024-09-01";"";"46 972";"5 036";"27 561 831";"2024-09-01 03:48:40"
"2024-09-02";"";"180 422";"21 017";"27 562 049";"2024-09-02 10:19:34"
"2024-09-10";"";"2 011 633";"96 102";"27 563 180";"2024-09-10 10:55:17"
"2024-09-08";"";"85 534";"10 751";"27 562 636";"2024-09-09 00:45:02"
"2024-09-10";"";"832 580";"285 365";"27 563 041";"2024-09-10 04:25:19"
"2024-09-09";"";"282 287";"15 035";"27 562 087";"2024-09-09 13:22:33"
"2024-09-09";"";"27 456";"9 427";"27 562 447";"2024-09-09 22:43:08"
"2024-09-05";"";"138 471";"40 603";"27 562 998";"2024-09-05 13:34:50"
"2024-09-09";"";"20 280 060";"726 255";"27 562 681";"2024-09-09 06:15:03"
"2024-09-10";"";"12 287 485";"362 592";"27 562 521";"2024-09-10 16:37:20"
"2024-09-02";"";"82 915";"3 241";"27 563 368";"2024-09-02 23:56:21"
"2024-09-10";"";"39 974";"21 493";"27 561 643";"2024-09-10 06:27:14"
"2024-09-06";"Facebook";"129 054";"42 669";"27 561 975";"2024-09-06 06:03:37"
"2024-09-09";"";"25 820";"4 057";"27 562 759";"2024-09-10 00:57:58"
"2024-09-08";"";"113 010";"27 767";"27 561 272";"2024-09-08 20:17:27"
"2024-09-05";"";"30 033";"5 160";"27 563 467";"2024-09-05 12:33:51"
"2024-09-06";"";"112 855";"72 411";"27 561 224";"2024-09-06 13:46:52"
"2024-09-05";"";"78 745";"7 140";"27 561 500";"2024-09-05 16:25:18"
"2024-09-09";"";"30 260";"2 621";"27 561 844";"2024-09-09 04:01:28"
"2024-09-07";"";"2 417 953";"2 845 187";"27 561 433";"2024-09-07 15:00:11"
"2024-09-02";"Instagram";"232 138 592";"5 905 815";"27 562 808";"2024-09-03 02:47:04"
"2024-09-03";"";"100 166";"449 333";"27 563 114";"2024-09-03 22:19:34"
"2024-09-09";"";"33 346";"4 880";"27 561 246";"2024-09-09 21:06:22"
"2024-09-01";"";"3 507 629";"984 107";"27 561 697";"2024-09-01 19:16:37"
"2024-09-01";"";"125 387 680";"5 539 942";"27 561 867";"2024-09-01 17:02:16"
"2024-09-10";"YouTube";"243 434";"48 726";"27 561 398";"2024-09-10 11:20:41"
"2024-09-06";"";"34 704";"2 836";"27 561 477";"2024-09-06 07:40:15"
"2024-09-09";"Telegram";"34 016 415";"2 206 815";"27 562 574";"2024-09-09 09:30:12"
"2024-09-09";"Instagram";"1 804 708";"250 658";"27 563 436";"2024-09-09 09:06:33"
"2024-09-01";"Odnoklassniki";"323 170";"196 125";"27 562 350";"2024-09-01 10:55:32"
"2024-09-07";"Instagram";"10 363 993";"20 669 182";"27 562 003";"2024-09-08 02:35:11"
"2024-09-04";"";"751 177";"980 331";"27 562 281";"2024-09-04 07:28:35"
"2024-09-04";"";"326 799";"68 646";"27 562 982";"2024-09-05 00:45:54"
"2024-09-03";"";"79 767";"16 961";"27 561 999";"2024-09-03 11:08:07"
"2024-09-03";"";"64 423";"108 993";"27 563 501";"2024-09-03 19:16:54"
"2024-09-05";"YouTube";"2 764 009";"870 389";"27 562 317";"2024-09-05 09:18:43"
"2024-09-06";"";"44 813";"25 034";"27 563 264";"2024-09-06 10:07:38"
"2024-09-02";"";"13 473 245";"8 961 838";"27 561 712";"2024-09-02 06:03:10"
"2024-09-05";"";"79 807";"505 864";"27 563 443";"2024-09-06 02:11:36"
"2024-09-07";"PUBG";"27 301";"3 804";"27 563 463";"2024-09-07 04:25:11"
"2024-09-04";"";"133 264";"84 320";"27 561 511";"2024-09-04 03:24:15"
"2024-09-10";"";"2 362 041";"142 532";"27 562 374";"2024-09-10 08:53:25"
"2024-09-08";"Instagram";"22 162 650";"644 016";"27 561 975";"2024-09-08 21:06:06"
"2024-09-07";"Telegram";"36 979";"5 431";"27 561 219";"2024-09-07 05:50:04"
"2024-09-07";"";"1 462 592";"1 243 275";"27 562 438";"2024-09-07 14:47:58"
"2024-09-08";"Yandex";"351 697";"23 446";"27 563 026";"2024-09-09 02:23:31"
"2024-09-07";"YouTube";"4 178 309";"1 525 760";"27 562 663";"2024-09-07 16:49:40"
"2024-09-07";"";"39 231";"4 105";"27 562 696";"2024-09-07 19:16:13"
"2024-09-10";"";"1 069 064";"44 942";"27 562 278";"2024-09-11 01:46:40"
"2024-09-01";"";"27 412";"20 160";"27 561 462";"2024-09-01 07:52:55"
"2024-09-05";"";"0";"27 474";"27 561 695";"2024-09-05 21:54:34"
"2024-09-06";"";"40 696 796";"1 894 912";"27 562 823";"2024-09-06 15:48:37"
"2024-09-06";"Odnoklassniki";"115 017 696";"3 081 947";"27 562 466";"2024-09-06 14:23:16"
"2024-09-07";"TikTok";"38 836";"2 102 659";"27 562 294";"2024-09-08 02:35:54"
"2024-09-07";"";"8 713 114";"453 979";"27 561 737";"2024-09-07 08:53:50"
"2024-09-07";"Instagram";"2 175 114";"413 376";"27 562 949";"2024-09-07 21:30:24"
"2024-09-08";"";"24 066";"89 792";"27 562 827";"2024-09-08 05:38:58"
"2024-09-05";"";"5 430";"243 566";"27 561 862";"2024-09-05 23:56:29"
"2024-09-04";"YouTube";"258 161";"31 988";"27 562 709";"2024-09-04 16:49:21"
"2024-09-10";"";"97 458";"6 648";"27 562 491";"2024-09-10 21:06:21"
"2024-09-08";"";"124 457";"395 578";"27 562 563";"2024-09-08 06:15:40"
"2024-09-10";"";"62 514";"3 993";"27 561 970";"2024-09-10 06:27:05"
"2024-09-05";"YouTube";"106 260 908";"9 773 487";"27 563 058";"2024-09-05 14:35:03"
"2024-09-02";"";"635 494";"240 366";"27 562 588";"2024-09-02 07:40:58"
"2024-09-07";"";"120 823";"102 377";"27 563 047";"2024-09-07 03:00:12"
"2024-09-06";"";"28 209";"1 731";"27 563 177";"2024-09-06 15:00:59"
"2024-09-10";"";"20 801";"103 489";"27 562 886";"2024-09-10 21:30:42"
"2024-09-02";"YouTube";"88 097 102";"3 662 495";"27 562 028";"2024-09-02 16:37:15"
"2024-09-07";"";"80 413";"6 217";"27 563 266";"2024-09-07 17:50:26"
"2024-09-06";"";"135 846";"591 019";"27 563 509";"2024-09-06 04:25:08"
"2024-09-04";"";"147 379";"7 303";"27 561 418";"2024-09-04 05:02:46"
"2024-09-04";"Instagram";"480 502 384";"8 258 267";"27 563 177";"2024-09-04 06:51:06"
"2024-09-06";"";"29 320";"4 363";"27 563 168";"2024-09-06 14:23:36"
"2024-09-07";"Instagram";"548 395";"81 335";"27 561 689";"2024-09-07 21:30:57"
"2024-09-02";"";"76 463";"8 437";"27 561 221";"2024-09-02 15:00:09"
"2024-09-02";"";"90 668";"202 551";"27 562 641";"2024-09-02 14:59:52"
"2024-09-01";"";"1 201 706";"31 551";"27 562 199";"2024-09-01 20:17:32"
"2024-09-01";"";"134 152";"23 343";"27 561 320";"2024-09-01 10:55:14"
"2024-09-04";"";"204 379";"12 095";"27 562 082";"2024-09-04 21:54:04"
"2024-09-01";"Facebook";"153 560";"16 222";"27 561 491";"2024-09-01 09:42:17"
"2024-09-02";"";"1 884 031";"191 422";"27 563 219";"2024-09-02 08:53:54"
"2024-09-07";"";"127 908";"90 560";"27 562 339";"2024-09-07 23:08:24"
"2024-09-08";"";"33 081";"1 856";"27 562 552";"2024-09-08 20:17:49"
"2024-09-04";"";"46 906";"181 484";"27 563 248";"2024-09-04 09:30:03"
"2024-09-08";"";"442 104";"125 117";"27 562 063";"2024-09-08 08:41:32"
"2024-09-04";"YouTube";"36 386 163";"2 467 630";"27 562 820";"2024-09-04 04:13:37"
"2024-09-09";"";"89 830";"1 134";"27 562 560";"2024-09-09 07:04:09"
"2024-09-03";"";"131 321";"21 467";"27 562 824";"2024-09-03 07:28:27"
"2024-09-09";"";"28 309";"87 981";"27 562 460";"2024-09-09 13:10:22"
"2024-09-08";"";"635 265";"57 708";"27 562 812";"2024-09-09 00:33:29"
"2024-09-02";"";"432 426";"12 728";"27 561 224";"2024-09-02 05:14:11"
"2024-09-10";"";"61 905";"14 823";"27 563 220";"2024-09-10 03:48:47"
"2024-09-07";"";"420 793";"23 654";"27 561 772";"2024-09-07 18:27:04"
"2024-09-07";"";"27 646";"9 650";"27 561 185";"2024-09-07 03:36:12"
"2024-09-03";"";"809 485";"91 094";"27 563 402";"2024-09-03 06:39:05"
"2024-09-02";"";"1 166 506";"75 563";"27 561 402";"2024-09-03 00:09:00"
"2024-09-07";"";"2 390 868";"187 687";"27 563 313";"2024-09-07 22:55:45"
"2024-09-05";"";"230 201";"28 164";"27 561 725";"2024-09-05 08:05:03"
"2024-09-02";"YouTube";"8 848 351";"457 954";"27 561 982";"2024-09-02 20:05:03"
"2024-09-03";"";"64 762";"18 708";"27 562 615";"2024-09-04 01:10:54"
"2024-09-10";"Instagram";"56 469 770";"1 967 932";"27 562 641";"2024-09-10 09:42:37"
"2024-09-08";"";"196 430";"29 100";"27 562 670";"2024-09-08 05:50:35"
"2024-09-01";"YouTube";"487 330";"5 726 778";"27 562 561";"2024-09-01 07:28:41"
"2024-09-05";"Apple Music";"36 050";"6 773";"27 562 372";"2024-09-05 10:43:08"
"2024-09-04";"";"121 048";"9 391";"27 563 225";"2024-09-05 02:59:44"
"2024-09-06";"Telegram";"2 173 651";"158 041";"27 561 482";"2024-09-06 23:32:36"
"2024-09-04";"";"613 571";"152 696";"27 561 888";"2024-09-04 22:07:42"
"2024-09-08";"";"114 017";"8 185";"27 561 279";"2024-09-08 21:42:22"
"2024-09-02";"YouTube";"10 648 250";"966 706";"27 563 509";"2024-09-02 15:36:49"
"2024-09-05";"";"19 521";"32 096";"27 561 636";"2024-09-05 20:17:36"
"2024-09-09";"Instagram";"599 221";"33 871";"27 561 907";"2024-09-09 23:32:30"
"2024-09-09";"";"533 660";"18 738";"27 562 360";"2024-09-09 17:38:03"
"2024-09-04";"Apple Music";"5 965 814";"87 553";"27 563 041";"2024-09-04 18:27:53"
"2024-09-04";"";"258 450";"10 811";"27 562 250";"2024-09-04 08:41:52"
"2024-09-04";"";"106 928";"6 526";"27 562 352";"2024-09-04 09:54:54"
"2024-09-09";"Instagram";"834 212";"55 333";"27 561 840";"2024-09-09 12:45:15"
"2024-09-05";"";"167 042";"13 424";"27 561 838";"2024-09-05 13:46:04"
"2024-09-02";"";"26 039";"2 322";"27 561 718";"2024-09-02 20:41:43"
"2024-09-01";"";"39 795";"3 652";"27 563 076";"2024-09-01 10:07:14"
"2024-09-05";"Tas-ix";"186 902";"45 417";"27 563 463";"2024-09-06 02:59:43"
"2024-09-03";"Instagram";"8 624 492";"286 626";"27 563 095";"2024-09-03 17:38:11"
"2024-09-03";"";"60 901";"10 408";"27 561 179";"2024-09-03 08:29:53"
"2024-09-05";"";"53 201";"13 414";"27 561 814";"2024-09-05 18:15:06"
"2024-09-02";"Yandex";"444 231";"30 528";"27 562 255";"2024-09-02 18:39:07"
"2024-09-03";"";"26 812";"11 893";"27 562 721";"2024-09-03 20:05:27"
"2024-09-04";"";"4 165";"26 352";"27 561 214";"2024-09-04 16:37:05"
"2024-09-04";"";"27 295";"1 363";"27 563 411";"2024-09-04 05:38:46"
"2024-09-02";"";"82 781";"8 193";"27 561 877";"2024-09-02 17:14:09"
"2024-09-01";"";"28 505";"3 650";"27 562 812";"2024-09-01 22:55:21"
"2024-09-09";"";"79 715";"7 814";"27 561 305";"2024-09-09 04:49:35"
"2024-09-01";"";"616 997";"161 912";"27 562 597";"2024-09-01 16:49:49"
"2024-09-04";"";"105 848";"5 215";"27 563 143";"2024-09-04 18:03:30"
"2024-09-05";"";"66 044";"8 232";"27 562 330";"2024-09-05 23:56:22"
"2024-09-06";"";"13 741";"26 180";"27 562 466";"2024-09-06 12:21:39"
"2024-09-08";"";"26 009";"29 335";"27 561 342";"2024-09-08 03:24:13"
"2024-09-04";"YouTube";"895 851";"195 909";"27 561 758";"2024-09-04 03:00:57"
"2024-09-08";"";"7 994";"40 152";"27 563 266";"2024-09-08 05:26:01"
"2024-09-01";"";"242 282";"49 215";"27 561 186";"2024-09-01 20:17:34"
"2024-09-09";"Instagram";"12 904 438";"14 277 212";"27 561 540";"2024-09-09 21:30:16"
"2024-09-05";"";"78 411";"22 194";"27 562 047";"2024-09-06 00:45:46"
"2024-09-05";"";"26 208";"3 190";"27 561 539";"2024-09-06 01:58:53"
"2024-09-09";"";"31 641";"31 981";"27 562 004";"2024-09-10 01:22:36"
"2024-09-02";"";"2 147 320";"109 708";"27 563 017";"2024-09-02 23:08:10"
"2024-09-09";"Instagram";"8 921 315";"240 673";"27 562 139";"2024-09-09 15:48:59"
"2024-09-10";"";"56 405";"5 974";"27 562 013";"2024-09-10 06:39:23"
"2024-09-08";"";"331 012";"22 685";"27 562 590";"2024-09-08 12:57:56"
"2024-09-02";"";"322 174";"18 493";"27 561 432";"2024-09-02 14:47:46"
"2024-09-07";"YouTube";"23 761";"304 341";"27 562 044";"2024-09-08 01:22:41"
"2024-09-07";"";"112 979";"10 251";"27 562 685";"2024-09-07 17:50:32"
"2024-09-05";"";"6 597 196";"191 977";"27 562 698";"2024-09-05 08:53:31"
"2024-09-02";"";"880 951";"12 060";"27 562 580";"2024-09-02 22:31:50"
"2024-09-02";"";"733 570";"22 676";"27 563 356";"2024-09-02 09:06:02"
"2024-09-01";"Telegram";"17 780 339";"3 932 862";"27 563 243";"2024-09-01 20:41:52"
"2024-09-09";"";"776 280";"551 055";"27 562 973";"2024-09-09 18:15:13"
"2024-09-08";"";"63 213";"5 478";"27 563 501";"2024-09-08 06:51:26"
"2024-09-08";"";"1 691 479";"176 529";"27 562 938";"2024-09-08 19:28:20"
"2024-09-05";"";"85 079";"78 242";"27 561 490";"2024-09-05 04:01:13"
"2024-09-01";"Unknown";"42 921";"4 599";"27 563 186";"2024-09-01 03:00:55"
"2024-09-01";"";"38 896";"1 863";"27 561 304";"2024-09-01 10:19:47"
"2024-09-10";"";"412 191";"16 751";"27 562 812";"2024-09-10 17:02:29"
"2024-09-09";"";"674 107";"168 924";"27 562 838";"2024-09-09 10:31:30"
"2024-09-04";"";"43 657";"34 504";"27 562 973";"2024-09-04 20:41:01"
"2024-09-10";"Instagram";"35 836 438";"638 174";"27 562 992";"2024-09-10 15:12:06"
"2024-09-09";"";"32 861";"2 903";"27 563 191";"2024-09-09 07:04:57"
"2024-09-10";"Facebook";"33 228";"30 556";"27 562 266";"2024-09-10 19:04:37"
"2024-09-01";"";"80 638";"71 021";"27 562 462";"2024-09-01 06:39:16"
"2024-09-02";"";"215 768";"260 454";"27 562 100";"2024-09-02 17:02:22"
"2024-09-08";"";"83 696";"14 946";"27 562 085";"2024-09-08 05:02:26"
"2024-09-03";"Yandex Video";"15 283";"42 736";"27 563 424";"2024-09-03 14:59:40"
"2024-09-10";"";"12 167 677";"441 059";"27 561 827";"2024-09-10 03:36:27"
"2024-09-10";"";"34 192";"3 045";"27 563 234";"2024-09-10 16:37:12"
"2024-09-01";"";"10 132 042";"870 303";"27 561 260";"2024-09-01 04:25:43"
"2024-09-05";"";"2 111 245";"955 829";"27 562 264";"2024-09-05 21:54:10"
"2024-09-02";"";"237 715 609";"88 667 939";"27 561 290";"2024-09-02 15:48:15"
"2024-09-09";"";"28 450";"12 089";"27 563 442";"2024-09-09 06:39:45"
"2024-09-01";"";"65 087";"6 958";"27 561 490";"2024-09-02 00:45:00"
"2024-09-03";"Telegram";"5 858 715";"303 815";"27 562 339";"2024-09-03 05:50:05"
"2024-09-07";"";"50 413 558";"3 397 929";"27 562 445";"2024-09-07 10:07:34"
"2024-09-01";"";"81 560";"88 096";"27 563 234";"2024-09-01 03:36:16"
"2024-09-05";"";"39 090 198";"2 266 706";"27 563 039";"2024-09-05 11:44:49"
"2024-09-04";"";"58 846";"3 446";"27 562 733";"2024-09-04 15:12:22"
"2024-09-10";"";"43 784";"274 752";"27 563 065";"2024-09-10 11:56:05"
"2024-09-02";"";"5 707 034";"801 863";"27 562 397";"2024-09-02 04:37:48"
"2024-09-09";"YouTube";"24 936 147";"963 603";"27 563 291";"2024-09-09 09:30:37"
"2024-09-02";"";"2 715";"27 335";"27 563 485";"2024-09-02 05:50:00"
"2024-09-08";"Yandex";"34 769";"9 959";"27 562 317";"2024-09-08 19:28:27"
"2024-09-05";"";"111 515";"31 941";"27 562 778";"2024-09-05 11:56:54"
"2024-09-10";"";"50 036";"101 397";"27 562 377";"2024-09-10 20:53:14"
"2024-09-02";"";"49 521";"3 324";"27 562 861";"2024-09-03 00:45:48"
"2024-09-06";"";"56 755";"22 589";"27 562 574";"2024-09-06 03:24:13"
"2024-09-01";"";"10 323";"161 559";"27 562 611";"2024-09-01 21:42:38"
"2024-09-06";"";"191 009";"32 107";"27 562 101";"2024-09-06 15:36:11"
"2024-09-09";"";"1 076 108";"117 611";"27 562 642";"2024-09-09 10:19:57"
"2024-09-04";"";"411 007";"108 095";"27 561 630";"2024-09-04 09:42:31"
"2024-09-09";"";"122 329 188";"6 744 098";"27 561 359";"2024-09-09 17:26:12"
"2024-09-05";"Instagram";"330 117";"8 457";"27 562 096";"2024-09-05 09:54:25"
"2024-09-05";"YouTube";"161 986";"49 686";"27 563 240";"2024-09-05 19:52:16"
"2024-09-07";"YouTube";"98 008";"742 350";"27 562 803";"2024-09-08 01:58:03"
"2024-09-07";"";"75 961";"223 772";"27 562 544";"2024-09-08 00:33:57"
"2024-09-06";"";"176 388";"22 215";"27 563 445";"2024-09-06 06:03:06"
"2024-09-05";"";"27 017";"3 826";"27 561 805";"2024-09-05 06:03:08"
"2024-09-08";"";"30 751";"2 030";"27 562 487";"2024-09-09 00:21:27"
"2024-09-08";"";"64 079";"10 546";"27 562 808";"2024-09-08 12:45:26"
"2024-09-07";"";"85 068";"5 139";"27 563 059";"2024-09-07 18:27:02"
"2024-09-10";"";"470 463";"32 801";"27 563 509";"2024-09-10 11:44:52"
"2024-09-06";"Facebook";"480 200";"378 838";"27 561 699";"2024-09-06 09:18:10"
"2024-09-02";"";"29 578";"13 716";"27 563 003";"2024-09-03 01:34:12"
"2024-09-03";"Facebook";"5 497 323";"843 296";"27 561 413";"2024-09-03 14:59:46"
"2024-09-08";"";"249 385";"15 643";"27 563 139";"2024-09-08 23:08:10"
"2024-09-05";"";"31 808";"9 820";"27 562 866";"2024-09-05 15:48:56"
"2024-09-04";"";"80 232";"7 412";"27 562 543";"2024-09-04 23:44:36"
"2024-09-01";"";"3 163 280";"196 149";"27 561 230";"2024-09-01 08:29:54"
"2024-09-04";"Instagram";"68 403 587";"782 139";"27 561 974";"2024-09-04 17:26:57"
"2024-09-01";"YouTube";"2 239 909";"547 018";"27 561 810";"2024-09-02 02:47:29"
"2024-09-09";"";"91 438";"39 018";"27 562 204";"2024-09-09 19:16:44"
"2024-09-03";"";"481 496";"39 373";"27 561 691";"2024-09-04 00:09:48"
"2024-09-03";"YouTube";"2 034 235";"217 385";"27 562 122";"2024-09-03 15:00:16"
"2024-09-03";"Instagram";"90 006";"5 393";"27 561 668";"2024-09-04 02:59:53"
"2024-09-07";"";"39 554";"59 795";"27 562 331";"2024-09-07 16:49:33"
"2024-09-01";"";"162 745";"20 386";"27 562 758";"2024-09-01 14:11:31"
"2024-09-03";"";"5 532 743";"276 999";"27 563 336";"2024-09-03 17:02:17"
"2024-09-04";"";"1 040 660";"107 697";"27 562 374";"2024-09-04 08:17:23"
"2024-09-05";"";"1 867 672";"6 297 754";"27 562 264";"2024-09-05 05:26:54"
"2024-09-02";"";"232 235";"37 252";"27 562 265";"2024-09-02 18:27:54"
"2024-09-03";"Telegram";"5 448 894";"1 213 855";"27 562 211";"2024-09-03 16:49:27"
"2024-09-04";"";"41 206";"14 935";"27 563 156";"2024-09-04 08:41:21"
"2024-09-04";"";"39 914";"3 592";"27 561 542";"2024-09-04 21:06:15"
"2024-09-07";"";"79 660";"8 293";"27 563 184";"2024-09-07 20:53:39"
"2024-09-10";"";"42 287";"112 511";"27 561 578";"2024-09-11 01:58:47"
"2024-09-07";"YouTube";"4 510 051";"213 732";"27 562 880";"2024-09-07 10:43:17"
"2024-09-09";"";"110 265";"180 963";"27 561 253";"2024-09-09 15:48:32"
"2024-09-05";"";"34 997";"7 378";"27 562 263";"2024-09-05 18:15:03"
"2024-09-09";"Facebook";"62 202";"5 797";"27 561 753";"2024-09-09 10:19:19"
"2024-09-04";"YouTube";"15 838 581";"702 107";"27 562 775";"2024-09-04 11:08:46"
"2024-09-09";"";"133 330";"309 068";"27 562 896";"2024-09-09 09:18:43"
"2024-09-02";"";"414 497";"28 415";"27 562 942";"2024-09-02 19:52:49"
"2024-09-09";"Spotify";"97 264";"29 885";"27 562 935";"2024-09-10 00:09:11"
"2024-09-07";"Telegram";"90 456 946";"22 959 202";"27 561 593";"2024-09-07 23:08:41"
"2024-09-08";"";"1 798 890";"77 738";"27 561 718";"2024-09-08 23:08:46"
"2024-09-09";"Instagram";"483 164";"77 522";"27 563 424";"2024-09-10 01:46:26"
"2024-09-09";"";"30 545";"3 402";"27 562 401";"2024-09-09 14:47:39"
"2024-09-04";"Facebook";"32 166";"16 060";"27 563 080";"2024-09-04 13:46:02"
"2024-09-05";"";"1 287 932";"34 086";"27 561 265";"2024-09-05 05:38:20"
"2024-09-04";"Instagram";"254 275";"17 458";"27 562 621";"2024-09-04 08:53:17"
"2024-09-05";"";"74 434";"6 823";"27 561 271";"2024-09-05 20:17:32"
"2024-09-09";"";"296 086";"27 062";"27 562 899";"2024-09-09 15:48:51"
"2024-09-01";"";"13 210 669";"335 033";"27 561 879";"2024-09-01 09:42:37"
"2024-09-10";"Telegram";"2 438 677";"127 231";"27 562 593";"2024-09-10 23:08:39"
"2024-09-08";"VKontakte";"493 548";"452 084";"27 561 787";"2024-09-08 11:32:36"
"2024-09-06";"YouTube";"358 938";"2 284 741";"27 561 898";"2024-09-06 10:19:36"
"2024-09-10";"";"512 746";"5 256 638";"27 562 098";"2024-09-10 03:24:33"
"2024-09-10";"Unknown";"145 510";"101 444";"27 561 247";"2024-09-10 21:54:09"
"2024-09-06";"";"36 986";"978 024";"27 561 356";"2024-09-06 05:50:10"
"2024-09-04";"";"145 057";"8 298";"27 562 984";"2024-09-04 22:55:33"
"2024-09-02";"";"522 941";"46 323";"27 563 186";"2024-09-02 11:44:52"
"2024-09-09";"Tas-ix";"98 377";"41 404";"27 562 840";"2024-09-09 08:41:17"
"2024-09-05";"";"195 450";"35 587";"27 562 205";"2024-09-05 16:37:30"
"2024-09-10";"";"54 674";"3 777";"27 561 573";"2024-09-10 14:11:44"
"2024-09-07";"";"33 509";"17 468";"27 562 873";"2024-09-07 04:37:29"
"2024-09-06";"";"1 241 442 874";"128 540 474";"27 562 376";"2024-09-06 15:48:33"
"2024-09-10";"Instagram";"1 377 214";"57 732";"27 562 572";"2024-09-10 13:46:09"
"2024-09-04";"";"332 910";"17 769";"27 562 138";"2024-09-04 18:39:26"
"2024-09-10";"";"62 799";"3 400";"27 562 801";"2024-09-10 10:19:01"
"2024-09-05";"";"733 827";"43 385";"27 562 590";"2024-09-05 23:32:32"
"2024-09-01";"";"150 602";"10 806";"27 562 642";"2024-09-01 11:08:54"
"2024-09-01";"";"36 499";"79 829";"27 562 476";"2024-09-01 03:48:23"
"2024-09-04";"";"1 117 836";"55 255";"27 562 898";"2024-09-04 22:31:30"
"2024-09-02";"YouTube";"20 773 782";"1 924 212";"27 562 642";"2024-09-02 21:54:59"
"2024-09-04";"Telegram";"105 376";"8 238";"27 563 016";"2024-09-05 01:34:56"
"2024-09-04";"";"9 935";"82 158";"27 561 571";"2024-09-04 08:53:20"
"2024-09-02";"Instagram";"4 041 456";"824 698";"27 562 024";"2024-09-02 13:34:01"
"2024-09-03";"";"55 446";"7 757";"27 561 562";"2024-09-03 14:23:32"
"2024-09-08";"";"46 997";"2 454";"27 563 427";"2024-09-08 14:11:14"
"2024-09-06";"";"65 137";"9 439";"27 563 445";"2024-09-06 11:56:25"
"2024-09-01";"YouTube";"968 804";"267 341";"27 561 628";"2024-09-01 04:25:01"
"2024-09-09";"Facebook";"44 488";"13 024";"27 562 993";"2024-09-09 11:32:35"
"2024-09-07";"";"936 119";"157 593";"27 561 503";"2024-09-07 11:32:17"
"2024-09-07";"";"18 730";"119 016";"27 562 291";"2024-09-07 13:46:57"
"2024-09-01";"";"30 811";"11 903";"27 562 570";"2024-09-01 21:54:07"
"2024-09-08";"Instagram";"1 969 242";"367 266";"27 562 837";"2024-09-08 15:48:25"
"2024-09-06";"";"907 111";"184 380";"27 562 810";"2024-09-06 22:31:54"
"2024-09-06";"";"32 670";"9 439";"27 562 133";"2024-09-06 16:49:01"
"2024-09-02";"Instagram";"8 061 809";"244 524";"27 563 485";"2024-09-02 08:53:23"
"2024-09-09";"YouTube";"141 284";"24 381";"27 561 763";"2024-09-09 20:05:36"
"2024-09-10";"";"866 236";"40 439";"27 563 191";"2024-09-10 06:15:06"
"2024-09-04";"";"5 099 034";"139 049";"27 561 936";"2024-09-04 14:23:00"
"2024-09-10";"";"7 633 573";"294 558";"27 562 004";"2024-09-10 22:31:21"
"2024-09-01";"";"1 804 367";"80 035";"27 562 124";"2024-09-01 21:42:04"
"2024-09-02";"";"106 267 949";"7 079 757";"27 562 330";"2024-09-02 05:26:17"
"2024-09-01";"";"38 566";"1 600";"27 562 696";"2024-09-01 17:26:41"
"2024-09-06";"";"586 233";"65 864";"27 562 512";"2024-09-06 20:17:40"
"2024-09-05";"Instagram";"201 714 641";"3 178 824";"27 562 139";"2024-09-05 20:05:54"
"2024-09-05";"";"27 246";"6 593";"27 562 173";"2024-09-06 02:59:38"
"2024-09-07";"Telegram";"45 385 055";"3 167 507";"27 562 402";"2024-09-07 13:22:05"
"2024-09-10";"";"510 393";"211 956";"27 562 148";"2024-09-11 00:09:23"
"2024-09-08";"";"86 279";"33 123";"27 563 168";"2024-09-08 05:02:54"
"2024-09-03";"";"7 047 362";"116 111";"27 562 236";"2024-09-03 04:13:54"
"2024-09-08";"";"67 586";"9 941";"27 562 548";"2024-09-08 10:07:55"
"2024-09-04";"";"31 241 026";"584 419";"27 563 326";"2024-09-04 08:05:14"
"2024-09-07";"Instagram";"29 164";"2 639";"27 562 965";"2024-09-07 06:03:18"
"2024-09-09";"";"424 246";"48 682";"27 562 470";"2024-09-09 11:08:49"
"2024-09-04";"";"1 529 349";"224 401";"27 562 733";"2024-09-05 01:10:17"
"2024-09-02";"Telegram";"57 834 679";"8 792 550";"27 562 399";"2024-09-02 16:49:32"
"2024-09-04";"Telegram";"51 723 912";"3 184 523";"27 563 381";"2024-09-04 14:35:24"
"2024-09-05";"";"252 173";"97 792";"27 563 334";"2024-09-06 00:45:19"
"2024-09-02";"Instagram";"501 219";"23 113";"27 562 985";"2024-09-02 07:52:23"
"2024-09-04";"Likee";"3 743 062";"270 858";"27 562 204";"2024-09-04 19:40:59"
"2024-09-08";"Facebook";"674 007";"33 974";"27 561 578";"2024-09-08 08:41:59"
"2024-09-07";"";"51 518";"3 295";"27 562 640";"2024-09-08 00:33:08"
"2024-09-06";"";"88 282";"8 450";"27 562 413";"2024-09-06 15:12:07"
"2024-09-04";"Instagram";"538 289";"64 120";"27 561 477";"2024-09-04 12:09:24"
"2024-09-05";"YouTube";"100 039";"17 731";"27 562 266";"2024-09-05 05:50:37"
"2024-09-09";"Facebook";"54 810";"6 851";"27 562 932";"2024-09-09 08:41:16"
"2024-09-08";"";"497 049";"89 844";"27 562 447";"2024-09-09 00:33:48"
"2024-09-01";"Instagram";"76 871 790";"2 065 944";"27 562 071";"2024-09-01 09:54:17"
"2024-09-05";"YouTube";"722 249";"36 579";"27 562 875";"2024-09-05 23:08:28"
"2024-09-05";"VKontakte";"617 699";"21 896";"27 562 762";"2024-09-05 22:55:35"
"2024-09-01";"YouTube";"5 041 199";"411 026";"27 561 729";"2024-09-01 04:25:42"
"2024-09-01";"";"28 688";"121 891";"27 562 170";"2024-09-01 06:39:05"
"2024-09-03";"Tas-ix";"297 850";"17 788";"27 563 144";"2024-09-03 17:38:36"
"2024-09-04";"";"116 730";"10 555";"27 562 378";"2024-09-04 16:25:12"
"2024-09-09";"";"40 722";"15 148";"27 562 793";"2024-09-10 01:10:18"
"2024-09-09";"";"226 730";"185 712";"27 561 562";"2024-09-09 05:02:44"
"2024-09-07";"Instagram";"190 637 982";"3 248 328";"27 562 961";"2024-09-07 09:30:23"
"2024-09-06";"";"852 303";"13 186";"27 561 176";"2024-09-06 04:49:14"
"2024-09-08";"";"140 952";"11 450";"27 562 322";"2024-09-08 05:02:24"
"2024-09-07";"Telegram";"3 914 606";"122 792";"27 563 036";"2024-09-08 01:58:53"
"2024-09-06";"";"34 009";"2 361";"27 562 400";"2024-09-06 13:10:03"
"2024-09-08";"";"164 691";"11 369";"27 561 758";"2024-09-08 23:20:20"
"2024-09-06";"";"64 938";"5 557";"27 563 207";"2024-09-06 10:55:44"
"2024-09-02";"YouTube";"42 449";"465 982";"27 563 460";"2024-09-02 18:51:44"
"2024-09-02";"";"280 875";"185 321";"27 561 763";"2024-09-02 23:56:41"
"2024-09-02";"Instagram";"53 942 629";"806 649";"27 562 934";"2024-09-03 01:58:52"
"2024-09-03";"";"48 855";"6 654";"27 561 866";"2024-09-04 00:09:15"
"2024-09-02";"Odnoklassniki";"1 403 364";"452 587";"27 562 563";"2024-09-02 10:31:19"
"2024-09-09";"";"70 617";"3 399";"27 561 567";"2024-09-09 03:36:20"
"2024-09-08";"";"36 957";"26 769";"27 563 320";"2024-09-08 09:06:37"
"2024-09-06";"";"150 438";"62 404";"27 563 501";"2024-09-06 13:22:28"
"2024-09-02";"PUBG";"2 398 174";"90 726";"27 562 014";"2024-09-02 07:40:49"
"2024-09-05";"";"239 627";"10 153";"27 561 862";"2024-09-05 15:00:37"
"2024-09-05";"Instagram";"1 928 132";"1 374 783";"27 561 539";"2024-09-05 14:35:29"
"2024-09-10";"";"32 138";"4 960";"27 563 445";"2024-09-10 21:18:10"
"2024-09-06";"";"76 511";"74 412";"27 562 203";"2024-09-06 14:23:09"
"2024-09-10";"";"84 647";"8 878";"27 563 446";"2024-09-11 00:45:35"
"2024-09-04";"";"375 437";"44 305";"27 562 732";"2024-09-04 09:42:57"
"2024-09-10";"";"9 128 847";"590 073";"27 562 980";"2024-09-10 03:00:49"
"2024-09-05";"Telegram";"1 372 531";"106 124";"27 563 048";"2024-09-05 18:15:26"
"2024-09-02";"Instagram";"45 888 406";"2 436 516";"27 561 802";"2024-09-02 13:22:09"
"2024-09-01";"";"36 187";"15 274";"27 562 107";"2024-09-01 08:41:34"
"2024-09-08";"";"56 302";"68 841";"27 562 561";"2024-09-08 10:43:51"
"2024-09-05";"";"40 861 373";"1 315 897";"27 563 386";"2024-09-05 09:30:32"
"2024-09-05";"Instagram";"80 050";"22 536";"27 561 636";"2024-09-05 13:46:05"
"2024-09-06";"";"93 667";"13 004";"27 561 176";"2024-09-06 18:51:46"
"2024-09-07";"YouTube";"56 447";"501 477";"27 562 899";"2024-09-07 23:44:59"
"2024-09-04";"";"53 430";"5 725";"27 561 204";"2024-09-04 22:55:51"
"2024-09-06";"";"32 006";"3 382";"27 563 247";"2024-09-06 15:48:53"
"2024-09-08";"";"29 722";"15 651";"27 562 133";"2024-09-08 16:13:33"
"2024-09-06";"";"12 835";"26 723";"27 562 938";"2024-09-06 09:18:35"
"2024-09-04";"";"74 208";"7 456";"27 562 057";"2024-09-04 19:04:36"
"2024-09-06";"";"1 178 680";"73 993";"27 562 942";"2024-09-06 20:53:46"
"2024-09-04";"YouTube";"3 956 090";"169 606";"27 561 852";"2024-09-04 03:36:36"
"2024-09-04";"";"89 668";"17 054";"27 562 547";"2024-09-04 21:42:47"
"2024-09-01";"Facebook";"29 841";"1 913";"27 561 557";"2024-09-01 05:14:17"
"2024-09-01";"";"559 896";"77 462";"27 562 709";"2024-09-01 17:38:13"
"2024-09-01";"";"44 792";"1 635";"27 563 061";"2024-09-01 14:47:44"
"2024-09-10";"Yandex";"551 916";"27 809";"27 562 973";"2024-09-10 08:05:37"
"2024-09-09";"";"680 648";"21 895";"27 563 267";"2024-09-09 18:03:05"
"2024-09-07";"Unknown";"487 364";"37 706";"27 562 317";"2024-09-08 01:10:30"
"2024-09-06";"";"30 853";"2 851";"27 562 059";"2024-09-06 11:44:37"
"2024-09-03";"";"18 380 809";"410 492";"27 561 689";"2024-09-04 00:21:53"
"2024-09-04";"Instagram";"186 209";"16 237";"27 561 707";"2024-09-04 09:06:44"
"2024-09-04";"";"312 976";"54 741";"27 561 231";"2024-09-04 16:37:17"
"2024-09-01";"";"1 225 205";"1 391 914";"27 563 217";"2024-09-01 18:39:11"
"2024-09-08";"";"140 355";"72 450";"27 561 331";"2024-09-09 00:45:28"
"2024-09-08";"";"44 227";"3 077";"27 561 669";"2024-09-08 03:24:53"
"2024-09-01";"YouTube";"16 686";"138 042";"27 563 450";"2024-09-01 03:48:47"
"2024-09-07";"";"16 466 564";"3 148 271";"27 561 737";"2024-09-07 22:55:08"
"2024-09-10";"Instagram";"5 150 922";"7 539 643";"27 561 373";"2024-09-10 16:25:05"
"2024-09-04";"";"1 210 151";"47 384";"27 562 849";"2024-09-04 10:55:35"
"2024-09-02";"";"25 649";"12 705";"27 563 503";"2024-09-02 05:14:23"
"2024-09-07";"YouTube";"1 740 701";"890 894";"27 561 437";"2024-09-07 22:55:35"
"2024-09-02";"";"177 857";"140 333";"27 562 889";"2024-09-03 01:10:01"
"2024-09-09";"";"46 345";"6 319";"27 563 105";"2024-09-09 11:44:46"
"2024-09-03";"Telegram";"67 625 871";"3 384 720";"27 561 920";"2024-09-03 18:51:05"
"2024-09-07";"";"5 218 515";"324 844";"27 562 275";"2024-09-07 10:19:53"
"2024-09-04";"";"2 866 865";"116 313";"27 563 177";"2024-09-04 05:38:11"
"2024-09-04";"YouTube";"4 202 596";"193 411";"27 561 307";"2024-09-05 02:47:40"
"2024-09-04";"Unknown";"2 729 390";"367 947";"27 563 318";"2024-09-04 20:17:13"
"2024-09-07";"Apple Music";"1 850 687";"47 327";"27 563 198";"2024-09-08 01:34:20"
"2024-09-05";"";"313 095";"14 313";"27 561 307";"2024-09-05 03:48:34"
"2024-09-09";"";"120 325";"8 348";"27 562 372";"2024-09-09 12:33:26"
"2024-09-08";"WhatsApp";"71 479 330";"151 969 416";"27 562 150";"2024-09-08 13:46:27"
"2024-09-04";"";"5 756 513";"241 638";"27 563 267";"2024-09-05 02:11:41"
"2024-09-02";"";"132 706";"65 697";"27 563 514";"2024-09-02 22:43:04"
"2024-09-10";"Instagram";"60 891";"11 434";"27 562 656";"2024-09-10 16:25:03"
"2024-09-01";"Instagram";"7 119 749";"351 501";"27 562 512";"2024-09-01 05:50:12"
"2024-09-06";"Unknown";"18 556";"74 672";"27 561 536";"2024-09-06 15:48:32"
"2024-09-07";"";"176 738";"22 342";"27 561 944";"2024-09-07 03:00:10"
"2024-09-05";"";"399 755";"98 993";"27 562 071";"2024-09-05 07:28:07"
"2024-09-08";"";"114 180";"35 523";"27 561 290";"2024-09-08 18:03:57"
"2024-09-05";"";"72 388";"26 728";"27 561 480";"2024-09-05 23:56:31"
"2024-09-07";"";"465 084";"328 845";"27 563 266";"2024-09-07 12:09:19"
"2024-09-10";"";"235 135";"23 962";"27 561 674";"2024-09-10 20:17:10"
"2024-09-06";"";"29 029";"15 799";"27 562 915";"2024-09-06 23:08:28"
"2024-09-02";"YouTube";"1 107 866 800";"68 088 525";"27 561 596";"2024-09-02 16:25:33"
"2024-09-03";"";"207 149";"8 708";"27 563 105";"2024-09-03 04:37:58"
"2024-09-02";"Unknown";"131 125";"54 734";"27 561 996";"2024-09-02 06:39:58"
"2024-09-08";"YouTube";"124 690 013";"6 644 267";"27 561 592";"2024-09-08 19:40:02"
"2024-09-01";"";"370 895";"29 398";"27 562 089";"2024-09-02 00:33:42"
"2024-09-07";"Instagram";"5 468 397";"9 408 261";"27 561 420";"2024-09-07 21:18:26"
"2024-09-01";"Tas-ix";"151 345";"7 668";"27 563 199";"2024-09-01 16:13:30"
"2024-09-10";"YouTube";"296 947";"3 217 744";"27 563 107";"2024-09-10 14:11:46"
"2024-09-10";"";"245 629";"37 554";"27 563 325";"2024-09-10 10:43:11"
"2024-09-08";"";"1 089 558";"49 545";"27 563 402";"2024-09-08 18:03:51"
"2024-09-03";"";"9 771 656";"481 277";"27 563 366";"2024-09-03 16:13:49"
"2024-09-02";"TikTok";"4 600";"241 470";"27 562 561";"2024-09-03 01:10:00"
"2024-09-08";"Instagram";"94 508";"12 844";"27 561 636";"2024-09-08 03:12:53"
"2024-09-09";"";"148 887";"22 568";"27 562 170";"2024-09-10 02:35:34"
"2024-09-08";"";"45 650";"40 915";"27 561 272";"2024-09-09 00:45:25"
"2024-09-02";"";"109 380 379";"22 304 667";"27 561 332";"2024-09-03 01:46:30"
"2024-09-02";"";"34 845";"9 921";"27 563 219";"2024-09-02 09:06:27"
"2024-09-07";"";"327 483";"179 759";"27 561 722";"2024-09-07 05:02:32"
"2024-09-03";"";"595 751";"71 499";"27 561 752";"2024-09-03 05:50:12"
"2024-09-05";"Instagram";"320 767";"77 972";"27 561 230";"2024-09-05 06:39:27"
"2024-09-03";"";"27 241";"21 939";"27 562 522";"2024-09-03 07:40:11"
"2024-09-08";"Yandex";"685 053";"26 378";"27 562 810";"2024-09-09 02:11:34"
"2024-09-01";"";"1 344 555";"205 882";"27 563 061";"2024-09-01 16:37:24"
"2024-09-03";"";"158 132";"9 311";"27 563 445";"2024-09-03 22:43:54"
"2024-09-02";"";"54 072";"4 093";"27 563 165";"2024-09-02 16:25:41"
"2024-09-08";"";"87 753";"15 536";"27 563 464";"2024-09-08 20:29:12"
"2024-09-02";"Apple Music";"18 614 406";"690 117";"27 562 784";"2024-09-02 06:03:25"
"2024-09-08";"";"79 475";"40 108";"27 562 898";"2024-09-08 18:03:55"
"2024-09-08";"";"4 194 924";"205 494";"27 562 199";"2024-09-08 21:18:24"
"2024-09-04";"Facebook";"8 717 446";"170 588";"27 563 237";"2024-09-04 21:54:20"
"2024-09-01";"";"8 441";"37 765";"27 563 080";"2024-09-01 09:06:42"
"2024-09-05";"";"1 249 153";"219 441";"27 561 314";"2024-09-05 13:34:45"
"2024-09-07";"";"1 798 808";"3 340 867";"27 562 791";"2024-09-07 06:15:36"
"2024-09-06";"";"2 818 653";"172 605";"27 561 259";"2024-09-06 21:18:32"
"2024-09-08";"Unknown";"2 404 382";"431 215";"27 563 177";"2024-09-09 00:57:35"
"2024-09-02";"";"180 205";"64 205";"27 562 981";"2024-09-02 21:30:44"
"2024-09-04";"";"71 940";"21 147";"27 561 437";"2024-09-04 18:27:30"
"2024-09-03";"YouTube";"407 223";"91 208";"27 562 317";"2024-09-04 02:11:04"
"2024-09-02";"";"42 618";"15 201";"27 562 553";"2024-09-02 06:39:38"
"2024-09-01";"Telegram";"33 235";"2 695";"27 561 575";"2024-09-01 05:50:59"
"2024-09-08";"";"781 762";"100 292";"27 562 641";"2024-09-08 09:54:00"
"2024-09-09";"";"84 388";"4 900";"27 562 677";"2024-09-09 11:08:52"
"2024-09-03";"Instagram";"92 075 309";"2 995 637";"27 562 391";"2024-09-03 13:46:09"
"2024-09-02";"Telegram";"165 177";"11 892";"27 562 919";"2024-09-03 00:09:30"
"2024-09-10";"";"75 636";"5 593";"27 561 947";"2024-09-10 16:49:32"
"2024-09-10";"";"77 103";"49 250";"27 562 451";"2024-09-10 20:53:03"
"2024-09-05";"";"80 421";"7 134";"27 561 762";"2024-09-05 06:15:35"
"2024-09-09";"";"26 471";"27 319";"27 563 080";"2024-09-09 09:30:57"
"2024-09-06";"Instagram";"5 763 947";"394 365";"27 562 737";"2024-09-06 11:32:23"
"2024-09-04";"";"33 829";"3 622";"27 563 413";"2024-09-04 14:11:14"
"2024-09-08";"Telegram";"9 075 438";"2 590 185";"27 561 982";"2024-09-08 18:03:16"
"2024-09-06";"Telegram";"182 855 974";"10 825 550";"27 563 250";"2024-09-06 15:24:15"
"2024-09-05";"";"710 246";"23 791";"27 563 357";"2024-09-06 00:57:20"
"2024-09-07";"";"209 795";"12 403";"27 562 955";"2024-09-07 09:18:01"
"2024-09-02";"YouTube";"2 378 787";"102 370";"27 561 254";"2024-09-02 16:37:31"
"2024-09-04";"";"25 938";"12 712";"27 561 468";"2024-09-04 13:10:26"
"2024-09-04";"";"48 505";"99 599";"27 563 140";"2024-09-04 03:24:41"
"2024-09-02";"";"69 613";"6 056";"27 563 191";"2024-09-03 00:09:36"
"2024-09-01";"YouTube";"3 744 427";"728 168";"27 562 462";"2024-09-01 06:15:25"
"2024-09-08";"";"10 798";"41 171";"27 561 552";"2024-09-08 12:09:39"
"2024-09-04";"";"44 600";"2 763";"27 562 090";"2024-09-04 14:23:53"
"2024-09-02";"YouTube";"1 583 632";"150 515";"27 562 965";"2024-09-02 06:27:01"
"2024-09-08";"Instagram";"3 304 463";"8 770 048";"27 561 555";"2024-09-08 18:51:25"
"2024-09-04";"";"37 270";"1 636";"27 562 721";"2024-09-04 05:26:29"
"2024-09-09";"Telegram";"113 292";"13 953";"27 562 377";"2024-09-10 00:45:12"
"2024-09-10";"YouTube";"1 406 741";"636 050";"27 561 760";"2024-09-10 10:31:27"
"2024-09-07";"Facebook";"243 331";"19 367";"27 563 422";"2024-09-07 21:18:46"
"2024-09-08";"YouTube";"20 604 090";"588 308";"27 561 464";"2024-09-08 17:38:03"
"2024-09-04";"";"253 464";"29 074";"27 563 432";"2024-09-04 13:58:05"
"2024-09-02";"";"168 003";"9 937";"27 562 561";"2024-09-02 07:40:39"
"2024-09-04";"YouTube";"127 949";"14 405";"27 561 744";"2024-09-04 13:34:43"
"2024-09-02";"";"119 573";"7 683";"27 561 381";"2024-09-02 11:56:12"
"2024-09-05";"";"33 090";"14 995";"27 561 720";"2024-09-05 16:25:00"
"2024-09-07";"";"36 965";"30 276";"27 563 162";"2024-09-07 20:41:12"
"2024-09-10";"";"368 311";"50 550";"27 563 216";"2024-09-10 16:01:48"
"2024-09-04";"WhatsApp";"4 302 144";"16 699 425";"27 562 903";"2024-09-04 12:09:15"
"2024-09-10";"";"27 151";"8 388";"27 561 426";"2024-09-10 22:19:55"
"2024-09-04";"";"25 874";"5 553";"27 561 819";"2024-09-04 14:47:14"
"2024-09-02";"";"3 287 759";"112 847";"27 563 042";"2024-09-03 01:46:46"
"2024-09-05";"Yandex";"232 833";"133 362";"27 562 720";"2024-09-05 06:15:01"
"2024-09-01";"";"1 025 071";"163 406";"27 562 548";"2024-09-02 00:57:04"
"2024-09-10";"";"49 472";"46 565";"27 563 357";"2024-09-10 16:37:00"
"2024-09-06";"";"1 037 431";"509 723";"27 563 165";"2024-09-06 21:54:51"
"2024-09-03";"";"254 876";"21 794";"27 562 684";"2024-09-04 01:10:06"
"2024-09-09";"Instagram";"7 459 549";"10 895 542";"27 563 413";"2024-09-09 14:11:10"
"2024-09-05";"";"95 623";"194 721";"27 562 913";"2024-09-05 19:04:23"
"2024-09-09";"";"19 056 139";"1 091 787";"27 563 129";"2024-09-10 01:46:59"
"2024-09-07";"Yandex";"30 329";"2 604";"27 561 289";"2024-09-07 08:53:29"
"2024-09-07";"YouTube";"750 466";"61 761";"27 561 610";"2024-09-07 22:07:22"
"2024-09-07";"";"103 889";"8 885";"27 562 541";"2024-09-08 01:34:47"
"2024-09-08";"YouTube";"3 213 115";"184 663";"27 561 273";"2024-09-08 05:38:17"
"2024-09-04";"YouTube";"37 634";"130 888";"27 562 203";"2024-09-04 21:42:05"
"2024-09-10";"";"52 037 439";"2 472 517";"27 563 442";"2024-09-10 07:16:59"
"2024-09-05";"";"127 443";"13 602";"27 563 105";"2024-09-06 00:45:30"
"2024-09-04";"";"666 682";"70 420";"27 562 847";"2024-09-04 17:02:51"
"2024-09-05";"Apple Music";"34 258";"5 657";"27 561 253";"2024-09-05 06:15:39"
"2024-09-04";"";"251 875";"12 737";"27 562 499";"2024-09-04 15:12:06"
"2024-09-04";"";"128 715";"3 388";"27 562 275";"2024-09-04 10:43:01"
"2024-09-03";"";"1 345 418";"102 396";"27 563 105";"2024-09-03 17:14:18"
"2024-09-02";"";"153 866";"28 395";"27 562 495";"2024-09-02 08:41:22"
"2024-09-10";"VKontakte";"228 830";"21 742";"27 563 048";"2024-09-10 15:12:45"
"2024-09-04";"";"467 698";"20 095";"27 561 835";"2024-09-04 20:53:17"
"2024-09-03";"";"36 432";"8 436";"27 561 171";"2024-09-03 15:48:28"
"2024-09-08";"";"61 870 659";"5 548 326";"27 562 445";"2024-09-08 12:45:29"
"2024-09-02";"";"149 176";"127 889";"27 562 685";"2024-09-02 12:45:10"
"2024-09-06";"Telegram";"5 501 877";"441 641";"27 562 105";"2024-09-06 17:38:35"
"2024-09-09";"";"310 408";"52 668";"27 561 836";"2024-09-09 07:16:30"
"2024-09-05";"YouTube";"203 096";"51 677";"27 563 029";"2024-09-05 16:13:27"
"2024-09-01";"";"1 569 939";"34 528";"27 562 264";"2024-09-01 22:07:24"
"2024-09-03";"";"82 576";"125 046";"27 563 098";"2024-09-04 01:22:36"
"2024-09-05";"";"41 349";"125 699";"27 563 512";"2024-09-05 11:08:50"
"2024-09-10";"Yandex";"268 029";"16 176";"27 563 318";"2024-09-11 00:45:22"
"2024-09-03";"";"119 505";"28 631";"27 561 815";"2024-09-03 11:56:41"
"2024-09-03";"Facebook";"76 471";"57 931";"27 561 826";"2024-09-03 05:02:24"
"2024-09-02";"";"28 945";"24 784";"27 561 288";"2024-09-02 20:29:57"
"2024-09-02";"";"4 165 090";"6 382 246";"27 563 047";"2024-09-02 11:56:53"
"2024-09-08";"WhatsApp";"824 648";"69 505";"27 561 368";"2024-09-08 12:33:01"
"2024-09-07";"";"147 136";"20 850";"27 561 184";"2024-09-07 13:46:59"
"2024-09-05";"Instagram";"27 389";"14 676";"27 562 547";"2024-09-05 20:05:00"
"2024-09-01";"";"155 929 614";"7 789 088";"27 562 304";"2024-09-01 17:02:27"
"2024-09-02";"";"172 527";"140 530";"27 561 221";"2024-09-02 04:37:10"
"2024-09-07";"Facebook";"506 928";"366 473";"27 562 436";"2024-09-07 20:41:34"
"2024-09-06";"";"968 048";"229 197";"27 563 165";"2024-09-06 08:05:32"
"2024-09-08";"";"23 719";"27 732";"27 562 254";"2024-09-08 22:31:34"
"2024-09-10";"";"268 075";"16 096";"27 562 242";"2024-09-10 14:11:21"
"2024-09-10";"YouTube";"738 375";"187 428";"27 562 026";"2024-09-10 06:03:18"
"2024-09-04";"YouTube";"135 241 839";"7 954 877";"27 562 883";"2024-09-04 23:56:07"
"2024-09-09";"";"164 541";"10 305";"27 561 294";"2024-09-09 09:06:08"
"2024-09-04";"";"56 102";"2 513";"27 561 958";"2024-09-04 10:55:46"
"2024-09-09";"Unknown";"87 419";"11 157";"27 562 516";"2024-09-09 11:56:25"
"2024-09-01";"";"207 963";"6 485";"27 562 124";"2024-09-01 11:08:44"
"2024-09-01";"";"1 152 541";"246 803";"27 561 674";"2024-09-01 03:24:13"
"2024-09-09";"";"663 157";"141 815";"27 562 363";"2024-09-09 15:12:09"
"2024-09-08";"";"858 939";"260 466";"27 561 552";"2024-09-09 00:45:34"
"2024-09-04";"";"3 122 776";"136 398";"27 562 453";"2024-09-05 01:34:11"
"2024-09-01";"";"550";"29 068";"27 562 666";"2024-09-01 05:38:56"
"2024-09-08";"PUBG";"1 930 985";"92 386";"27 562 615";"2024-09-08 06:51:13"
"2024-09-04";"Instagram";"231 297";"109 837";"27 561 970";"2024-09-05 01:34:51"
"2024-09-09";"";"15 398";"32 131";"27 562 758";"2024-09-09 12:09:55"
"2024-09-08";"";"775 328";"176 736";"27 561 707";"2024-09-08 11:44:40"
"2024-09-08";"";"45 259";"7 551";"27 561 435";"2024-09-08 13:10:48"
"2024-09-09";"Facebook";"548 635";"41 883";"27 563 184";"2024-09-10 01:58:25"
"2024-09-05";"";"4 547 144";"90 533";"27 561 963";"2024-09-05 16:37:56"
"2024-09-02";"";"226 125";"6 019";"27 563 199";"2024-09-02 19:04:41"
"2024-09-02";"Instagram";"48 388 621";"1 364 302";"27 561 347";"2024-09-02 14:23:09"
"2024-09-05";"";"66 936";"241 093";"27 563 016";"2024-09-05 16:49:20"
"2024-09-02";"";"31 941";"26 512";"27 563 148";"2024-09-02 16:13:44"
"2024-09-09";"Instagram";"1 047 549";"205 605";"27 563 393";"2024-09-09 21:54:51"
"2024-09-08";"YouTube";"1 417 932";"8 778 085";"27 563 264";"2024-09-08 04:37:20"
"2024-09-03";"";"97 667";"21 324";"27 563 367";"2024-09-04 02:11:49"
"2024-09-10";"Yandex";"44 990 524";"7 055 544";"27 563 357";"2024-09-10 07:28:20"
"2024-09-10";"";"1 010 822";"485 111";"27 561 825";"2024-09-10 16:13:19"
"2024-09-03";"";"27 212";"8 368";"27 563 293";"2024-09-03 15:00:55"
"2024-09-08";"YouTube";"425 549 309";"22 497 499";"27 563 199";"2024-09-08 03:48:28"
"2024-09-09";"";"676 650";"101 234";"27 562 254";"2024-09-09 23:44:38"
"2024-09-09";"Unknown";"335 620";"594 595";"27 561 480";"2024-09-10 02:35:02"
"2024-09-05";"";"40 576";"6 030";"27 561 325";"2024-09-06 01:46:46"
"2024-09-09";"Tas-ix";"231 202";"17 968";"27 561 390";"2024-09-09 05:50:31"
"2024-09-06";"Telegram";"1 944 137";"151 307";"27 563 293";"2024-09-06 07:04:14"
"2024-09-08";"Yandex";"901 999";"52 427";"27 561 630";"2024-09-08 21:06:04"
"2024-09-02";"";"28 743 082";"1 242 650";"27 563 295";"2024-09-02 15:12:37"
"2024-09-01";"";"28 226";"15 615";"27 561 848";"2024-09-01 20:41:18"
"2024-09-06";"";"82 420";"11 952";"27 561 596";"2024-09-06 07:52:43"
"2024-09-01";"";"51 510";"2 317";"27 562 897";"2024-09-01 22:07:58"
"2024-09-05";"";"33 586";"11 343";"27 563 041";"2024-09-05 04:49:29"
"2024-09-02";"Instagram";"154 000";"9 109";"27 562 715";"2024-09-02 08:29:11"
"2024-09-10";"Instagram";"368 695 977";"9 065 396";"27 561 883";"2024-09-10 08:53:13"
"2024-09-04";"Unknown";"372 940";"8 928";"27 563 511";"2024-09-04 07:28:38"
"2024-09-04";"";"2 939 461";"121 687";"27 562 604";"2024-09-04 23:08:11"
"2024-09-09";"YouTube";"137 586";"47 541";"27 562 139";"2024-09-09 18:27:51"
"2024-09-03";"";"700 882";"130 715";"27 562 170";"2024-09-04 00:57:35"
"2024-09-09";"";"806 828";"135 965";"27 562 661";"2024-09-09 04:13:07"
"2024-09-03";"";"154 665";"524 682";"27 561 715";"2024-09-03 06:27:13"
"2024-09-06";"Telegram";"51 814 086";"4 351 151";"27 563 148";"2024-09-06 08:17:52"
"2024-09-02";"";"190 602";"46 233";"27 563 299";"2024-09-02 06:15:28"
"2024-09-06";"";"176 102";"20 915";"27 563 059";"2024-09-06 04:37:50"
"2024-09-03";"Instagram";"18 288 940";"266 367";"27 561 562";"2024-09-03 22:07:33"
"2024-09-06";"";"38 056";"10 685";"27 561 224";"2024-09-07 00:21:07"
"2024-09-04";"";"147 312";"9 303";"27 563 289";"2024-09-04 18:15:06"
"2024-09-05";"Telegram";"67 122 517";"3 588 031";"27 562 912";"2024-09-05 23:08:05"
"2024-09-08";"";"851 134";"70 188";"27 563 105";"2024-09-08 13:22:33"
"2024-09-02";"TikTok";"103 555";"920 060";"27 562 204";"2024-09-02 18:15:36"
"2024-09-10";"";"873 227";"258 359";"27 562 660";"2024-09-10 13:46:35"
"2024-09-08";"Telegram";"2 442 424";"327 021";"27 563 265";"2024-09-08 16:25:34"
"2024-09-10";"YouTube";"760 413";"265 178";"27 561 265";"2024-09-11 02:11:55"
"2024-09-10";"";"33 444";"9 087";"27 563 395";"2024-09-10 06:51:05"
"2024-09-03";"";"1 005 122";"56 909";"27 561 232";"2024-09-03 10:31:00"
"2024-09-06";"";"6 921 753";"1 663 500";"27 561 485";"2024-09-07 00:33:52"
"2024-09-08";"";"16 793";"57 745";"27 561 915";"2024-09-08 21:18:25"
"2024-09-09";"";"8 507";"44 352";"27 561 882";"2024-09-09 14:59:48"
"2024-09-02";"";"101 495";"23 156";"27 562 083";"2024-09-02 22:31:46"
"2024-09-01";"";"54 823 876";"3 525 371";"27 561 809";"2024-09-01 18:27:52"
"2024-09-08";"Yandex";"216 856";"121 838";"27 561 557";"2024-09-08 09:54:26"
"2024-09-02";"";"41 657";"23 586";"27 561 800";"2024-09-02 14:23:52"
"2024-09-09";"";"40 872";"16 352";"27 563 418";"2024-09-09 11:44:32"
"2024-09-04";"";"61 177 688";"3 044 065";"27 561 629";"2024-09-04 12:33:37"
"2024-09-06";"YouTube";"40 868";"5 472";"27 562 416";"2024-09-06 23:20:43"
"2024-09-01";"Telegram";"12 788 758";"1 570 877";"27 563 447";"2024-09-01 06:15:16"
"2024-09-06";"Yandex";"2 494 295";"109 253";"27 561 381";"2024-09-06 07:28:55"
"2024-09-02";"PUBG";"1 119 547";"66 753";"27 563 112";"2024-09-02 07:40:43"
"2024-09-02";"Facebook";"2 645 039";"72 403";"27 563 152";"2024-09-02 21:42:54"
"2024-09-06";"";"33 827";"66 656";"27 563 221";"2024-09-06 22:43:44"
"2024-09-04";"";"130 556";"12 606";"27 562 968";"2024-09-04 05:02:51"
"2024-09-06";"";"56 823";"14 834";"27 562 097";"2024-09-06 20:17:56"
"2024-09-01";"";"8 946";"49 309";"27 562 337";"2024-09-01 10:55:42"
"2024-09-03";"YouTube";"124 309";"29 243";"27 561 867";"2024-09-03 03:12:35"
"2024-09-06";"Yandex";"336 978";"13 964";"27 562 977";"2024-09-06 17:02:29"
"2024-09-03";"";"1 736 664";"1 587 405";"27 562 259";"2024-09-04 00:09:00"
"2024-09-05";"YouTube";"63 238 746";"4 427 371";"27 562 900";"2024-09-05 16:37:41"
"2024-09-10";"";"133 967";"21 885";"27 561 204";"2024-09-10 23:32:58"
"2024-09-07";"";"10 868";"71 912";"27 562 473";"2024-09-07 07:40:47"
"2024-09-10";"";"140 086";"8 037";"27 562 494";"2024-09-10 22:43:41"
"2024-09-09";"";"283 058";"18 839";"27 562 003";"2024-09-09 04:37:18"
"2024-09-03";"";"164 741";"591 316";"27 563 254";"2024-09-03 12:57:00"
"2024-09-10";"Instagram";"753 529";"108 865";"27 563 234";"2024-09-10 05:14:43"
"2024-09-05";"";"23 508 748";"4 013 283";"27 563 211";"2024-09-05 10:31:00"
"2024-09-08";"Facebook";"2 041 282";"116 391";"27 562 571";"2024-09-08 04:13:36"
"2024-09-05";"Yandex";"883 347";"45 696";"27 561 722";"2024-09-05 06:03:50"
"2024-09-09";"Facebook";"31 300";"2 666";"27 561 335";"2024-09-09 09:06:39"
"2024-09-05";"";"157 092";"115 875";"27 561 562";"2024-09-05 18:27:29"
"2024-09-09";"YouTube";"86 057 011";"4 773 619";"27 563 507";"2024-09-09 17:50:26"
"2024-09-07";"";"29 858";"5 343";"27 561 903";"2024-09-07 20:41:52"
"2024-09-06";"";"121 852";"38 260";"27 563 424";"2024-09-06 11:32:41"
"2024-09-06";"";"714 107";"27 102";"27 562 622";"2024-09-06 20:29:32"
"2024-09-03";"";"105 940";"3 700";"27 562 398";"2024-09-03 11:20:16"
"2024-09-07";"";"1 322 414";"106 936";"27 562 666";"2024-09-07 09:30:13"
"2024-09-06";"";"26 626";"4 960";"27 561 529";"2024-09-06 05:26:15"
"2024-09-03";"Telegram";"752 104";"28 086";"27 563 273";"2024-09-04 01:10:01"
"2024-09-10";"";"32 884";"17 210";"27 563 331";"2024-09-10 09:54:20"
"2024-09-05";"";"103 923";"65 801";"27 561 775";"2024-09-05 23:44:17"
"2024-09-03";"YouTube";"3 658 645";"1 578 152";"27 562 754";"2024-09-04 00:57:47"
"2024-09-05";"Telegram";"178 331 922";"9 312 641";"27 563 240";"2024-09-05 14:23:05"
"2024-09-02";"";"531 262";"327 105";"27 562 622";"2024-09-02 10:07:03"
"2024-09-01";"Tas-ix";"81 538";"48 421";"27 561 362";"2024-09-02 02:59:39"
"2024-09-08";"YouTube";"3 479 321";"177 594";"27 563 219";"2024-09-08 14:35:29"
"2024-09-06";"";"31 917";"5 981";"27 562 563";"2024-09-06 05:38:18"
"2024-09-02";"YouTube";"56 947 681";"2 706 003";"27 561 660";"2024-09-02 07:04:16"
"2024-09-05";"";"646 534";"57 224";"27 561 767";"2024-09-05 09:18:17"
"2024-09-09";"";"831 979 927";"89 323 081";"27 561 767";"2024-09-09 11:08:30"
"2024-09-08";"";"19 603";"40 704";"27 563 225";"2024-09-08 22:07:03"
"2024-09-03";"YouTube";"196 244";"21 867";"27 561 435";"2024-09-04 02:11:21"
"2024-09-02";"Instagram";"496 008";"25 051";"27 562 689";"2024-09-02 22:19:50"
"2024-09-02";"";"269 535";"19 032";"27 561 862";"2024-09-02 18:27:05"
"2024-09-06";"";"242 144";"17 700";"27 562 663";"2024-09-06 23:44:18"
"2024-09-09";"";"4 222 140";"219 018";"27 562 534";"2024-09-09 09:18:11"
"2024-09-03";"";"1 234 537";"792 636";"27 561 870";"2024-09-03 16:13:51"
"2024-09-06";"";"602 863";"47 832";"27 563 463";"2024-09-06 10:55:26"
"2024-09-10";"";"66 849";"74 023";"27 562 431";"2024-09-10 19:52:28"
"2024-09-02";"";"53 552";"2 629";"27 563 271";"2024-09-03 00:21:21"
"2024-09-10";"TikTok";"136 757";"3 157 511";"27 562 090";"2024-09-10 07:28:02"
"2024-09-07";"";"2 774 974";"65 862";"27 561 253";"2024-09-07 07:16:28"
"2024-09-08";"";"122 083";"26 685";"27 561 220";"2024-09-08 19:28:47"
"2024-09-04";"";"93 593";"6 794";"27 561 375";"2024-09-04 22:07:43"
"2024-09-09";"";"6 747 822";"5 162 704";"27 563 418";"2024-09-10 01:46:05"
"2024-09-10";"";"1 308 515";"59 676";"27 563 136";"2024-09-11 02:11:01"
"2024-09-02";"";"254 582";"8 870";"27 561 684";"2024-09-02 07:52:54"
"2024-09-09";"";"914 121";"160 758";"27 562 224";"2024-09-09 18:39:08"
"2024-09-02";"";"28 457";"3 760";"27 561 785";"2024-09-02 12:57:22"
"2024-09-03";"YouTube";"112 229 389";"6 973 350";"27 563 023";"2024-09-03 22:19:07"
"2024-09-07";"YouTube";"4 147 318";"229 692";"27 562 292";"2024-09-07 13:10:30"
"2024-09-08";"Telegram";"392 152 088";"18 191 873";"27 561 222";"2024-09-08 04:01:39"
"2024-09-04";"";"40 003";"5 696";"27 562 099";"2024-09-04 06:39:36"
"2024-09-06";"YouTube";"627 862";"34 978";"27 563 184";"2024-09-06 11:20:28"
"2024-09-03";"";"100 392";"41 497";"27 562 984";"2024-09-03 04:49:38"
"2024-09-05";"Apple Music";"242 587";"48 827";"27 563 180";"2024-09-05 09:54:34"
"2024-09-10";"";"3 055 273";"73 921";"27 563 404";"2024-09-10 05:14:31"
"2024-09-06";"";"58 594";"3 087";"27 561 722";"2024-09-06 04:01:16"
"2024-09-05";"";"57 658";"3 495";"27 563 293";"2024-09-05 04:13:11"
"2024-09-02";"";"638 234";"25 817";"27 561 862";"2024-09-02 22:31:40"
"2024-09-04";"";"272 716";"123 710";"27 562 070";"2024-09-04 21:06:04"
"2024-09-08";"";"2 164 917";"246 494";"27 563 225";"2024-09-08 14:11:54"
"2024-09-08";"Instagram";"6 636 681";"269 067";"27 561 761";"2024-09-08 15:48:57"
"2024-09-10";"";"19 609";"34 666";"27 561 662";"2024-09-10 14:35:02"
"2024-09-09";"";"4 394 000";"139 171";"27 562 233";"2024-09-09 06:51:31"
"2024-09-09";"YouTube";"23 644 263";"1 439 734";"27 561 570";"2024-09-09 16:37:39"
"2024-09-04";"";"801 288";"76 593";"27 561 338";"2024-09-04 12:21:18"
"2024-09-02";"";"47 155";"3 122";"27 562 659";"2024-09-03 00:57:22"
"2024-09-01";"Facebook";"474 108";"183 148";"27 562 352";"2024-09-01 19:16:32"
"2024-09-06";"Yandex Video";"180 579";"8 701";"27 562 286";"2024-09-06 19:40:32"
"2024-09-06";"";"86 494";"12 182";"27 562 629";"2024-09-06 15:36:26"
"2024-09-09";"";"8 498";"63 020";"27 561 352";"2024-09-10 01:58:55"
"2024-09-10";"Instagram";"502 070";"109 412";"27 562 884";"2024-09-10 13:22:54"
"2024-09-07";"";"43 373";"5 168";"27 562 028";"2024-09-07 16:01:05"
"2024-09-05";"";"36 481";"10 426";"27 562 420";"2024-09-05 14:47:49"
"2024-09-02";"";"4 252 743";"457 525";"27 561 758";"2024-09-02 07:28:02"
"2024-09-04";"Unknown";"96 869";"38 778";"27 563 152";"2024-09-05 02:47:36"
"2024-09-04";"";"2 421 851";"283 911";"27 563 232";"2024-09-04 05:02:57"
"2024-09-04";"YouTube";"115 839 802";"7 429 860";"27 561 206";"2024-09-05 01:22:56"
"2024-09-07";"Instagram";"466 752";"12 081";"27 562 508";"2024-09-07 12:33:48"
"2024-09-10";"";"129 038";"5 846";"27 563 372";"2024-09-10 07:04:28"
"2024-09-06";"";"32 826";"2 643";"27 562 956";"2024-09-07 00:09:54"
"2024-09-03";"";"486 563";"49 727";"27 563 075";"2024-09-03 13:10:22"
"2024-09-06";"";"12 752";"85 913";"27 561 785";"2024-09-06 04:25:26"
"2024-09-07";"";"2 374 269";"107 657";"27 562 710";"2024-09-07 17:26:39"
"2024-09-04";"Unknown";"416 232";"11 936";"27 562 296";"2024-09-04 11:08:21"
"2024-09-05";"";"132 217";"51 852";"27 562 100";"2024-09-05 16:49:40"
"2024-09-02";"Facebook";"147 982";"65 054";"27 561 266";"2024-09-02 15:36:30"
"2024-09-05";"Facebook";"13 207 692";"379 962";"27 563 099";"2024-09-05 09:54:36"
"2024-09-10";"";"43 755";"4 678";"27 561 320";"2024-09-10 04:13:04"
"2024-09-07";"";"7 100 529";"361 007";"27 562 780";"2024-09-07 11:56:35"
"2024-09-05";"";"155 145";"3 838";"27 561 326";"2024-09-05 10:43:29"
"2024-09-07";"";"379 166";"180 355";"27 562 849";"2024-09-07 12:21:15"
"2024-09-06";"";"56 248";"16 840";"27 562 365";"2024-09-06 11:08:10"
"2024-09-06";"Facebook";"10 251 160";"1 040 851";"27 563 045";"2024-09-06 14:11:00"
"2024-09-07";"Instagram";"4 266 131";"10 284 291";"27 562 998";"2024-09-07 17:02:04"
"2024-09-06";"";"149 237 424";"22 192 202";"27 561 505";"2024-09-06 05:26:36"
"2024-09-10";"Yandex";"26 740";"33 241";"27 563 238";"2024-09-10 08:41:59"
"2024-09-10";"";"145 230";"10 483";"27 561 215";"2024-09-10 04:13:57"
"2024-09-04";"";"34 025";"3 051";"27 563 264";"2024-09-04 23:56:10"
"2024-09-01";"";"10 933";"28 609";"27 562 255";"2024-09-01 17:02:35"
"2024-09-02";"Instagram";"1 637 067";"64 158";"27 562 845";"2024-09-02 12:45:32"
"2024-09-02";"";"4 163";"25 815";"27 562 233";"2024-09-02 05:38:59"
"2024-09-02";"Telegram";"1 199 483";"70 026";"27 563 076";"2024-09-02 08:29:35"
"2024-09-03";"";"33 684";"13 355";"27 562 259";"2024-09-04 02:59:50"
"2024-09-08";"";"25 636";"3 197";"27 562 405";"2024-09-08 12:33:48"
"2024-09-08";"";"457 977";"132 850";"27 561 690";"2024-09-08 22:07:28"
"2024-09-04";"";"1 886 337";"478 552";"27 561 232";"2024-09-04 04:49:08"
"2024-09-06";"YouTube";"202 227";"378 804";"27 561 472";"2024-09-06 18:51:50"
"2024-09-02";"";"2 188 381";"41 833";"27 561 844";"2024-09-02 17:14:42"
"2024-09-08";"";"85 867";"61 963";"27 563 105";"2024-09-08 17:50:38"
"2024-09-04";"";"25 903";"28 649";"27 562 280";"2024-09-04 03:12:05"
"2024-09-04";"Instagram";"1 486 232";"279 528";"27 561 629";"2024-09-04 11:20:17"
"2024-09-01";"";"427 211";"10 656";"27 561 981";"2024-09-01 14:47:58"
"2024-09-06";"";"150 596";"53 474";"27 563 326";"2024-09-07 01:10:00"
"2024-09-04";"";"91 310";"74 858";"27 561 402";"2024-09-04 19:28:41"
"2024-09-03";"";"5 302 918";"685 946";"27 561 884";"2024-09-03 03:24:08"
"2024-09-01";"";"23 357";"80 816";"27 562 770";"2024-09-01 16:13:21"
"2024-09-05";"Facebook";"485 864";"227 347";"27 562 608";"2024-09-05 06:51:52"
"2024-09-09";"";"95 928";"6 633";"27 562 982";"2024-09-09 12:21:05"
"2024-09-07";"";"489 990";"179 621";"27 562 356";"2024-09-07 14:11:36"
"2024-09-08";"";"4 837 271";"343 138";"27 562 392";"2024-09-08 12:09:24"
"2024-09-09";"";"3 441";"35 681";"27 562 956";"2024-09-09 05:02:31"
"2024-09-03";"";"31 122";"1 751";"27 562 717";"2024-09-03 20:53:28"
"2024-09-05";"Telegram";"3 766 806";"396 984";"27 562 939";"2024-09-05 09:30:57"
"2024-09-10";"";"284 503";"22 215";"27 562 622";"2024-09-11 01:58:07"
"2024-09-01";"";"115 709";"36 993";"27 562 901";"2024-09-01 17:02:27"
"2024-09-10";"YouTube";"46 297";"5 900";"27 561 536";"2024-09-11 00:57:41"
"2024-09-08";"";"37 272";"13 400";"27 561 306";"2024-09-08 11:32:26"
"2024-09-07";"Facebook";"2 012 567";"31 202";"27 563 199";"2024-09-07 04:49:37"
"2024-09-06";"Facebook";"100 025";"10 469";"27 561 477";"2024-09-07 01:34:24"
"2024-09-01";"";"92 897";"374 017";"27 561 721";"2024-09-01 21:54:49"
"2024-09-07";"";"817 642";"3 023 023";"27 563 386";"2024-09-07 20:05:06"
"2024-09-08";"";"241 659";"49 204";"27 561 767";"2024-09-08 10:43:28"
"2024-09-10";"";"441 357";"17 908";"27 562 266";"2024-09-10 04:25:32"
"2024-09-09";"";"261 352";"37 872";"27 562 677";"2024-09-09 19:04:52"
"2024-09-04";"";"133 586";"11 269";"27 561 629";"2024-09-04 18:15:08"
"2024-09-05";"";"4 512 083";"3 301 322";"27 562 696";"2024-09-05 16:25:14"
"2024-09-03";"";"371 881";"74 573";"27 562 628";"2024-09-03 09:54:24"
"2024-09-05";"";"47 388";"13 156";"27 561 884";"2024-09-05 19:04:05"
"2024-09-05";"";"955 092";"119 034";"27 562 354";"2024-09-05 09:06:01"
"2024-09-09";"Unknown";"234 066";"15 075";"27 562 047";"2024-09-10 00:21:31"
"2024-09-04";"";"171 248";"30 804";"27 561 908";"2024-09-04 23:32:40"
"2024-09-05";"";"135 841";"9 557";"27 561 251";"2024-09-05 09:18:13"
"2024-09-05";"YouTube";"1 579 190";"73 105";"27 563 333";"2024-09-05 18:15:22"
"2024-09-10";"";"149 649";"14 622";"27 563 481";"2024-09-10 18:51:22"
"2024-09-08";"";"0";"30 712";"27 562 714";"2024-09-08 19:52:07"
"2024-09-10";"";"68 920";"18 355";"27 562 677";"2024-09-10 14:35:32"
"2024-09-10";"";"291 546";"59 073";"27 561 724";"2024-09-10 06:39:26"
"2024-09-04";"";"606 421";"17 571";"27 562 105";"2024-09-04 19:52:59"
"2024-09-05";"";"155 380";"31 155";"27 561 662";"2024-09-05 10:55:05"
"2024-09-01";"";"755 254";"267 383";"27 563 216";"2024-09-02 00:57:26"
"2024-09-04";"";"41 956";"6 060";"27 562 993";"2024-09-04 19:16:00"
"2024-09-01";"YouTube";"7 695 219";"612 242";"27 562 261";"2024-09-01 08:41:34"
"2024-09-07";"Instagram";"11 118 889";"1 745 711";"27 563 402";"2024-09-07 03:00:06"
"2024-09-06";"";"11 346";"26 411";"27 562 993";"2024-09-06 08:17:17"
"2024-09-07";"";"431 676";"90 950";"27 561 230";"2024-09-07 05:26:06"
"2024-09-08";"";"1 427 112";"56 664";"27 563 186";"2024-09-08 03:36:17"
"2024-09-08";"YouTube";"184 529";"46 912";"27 562 460";"2024-09-08 12:21:34"
"2024-09-03";"Instagram";"1 020 957";"174 132";"27 563 494";"2024-09-03 12:09:10"
"2024-09-02";"Instagram";"3 032 890";"165 495";"27 563 287";"2024-09-02 04:25:03"
"2024-09-09";"YouTube";"184 852";"56 654";"27 562 545";"2024-09-09 21:06:15"
"2024-09-02";"YouTube";"110 532";"26 440";"27 561 982";"2024-09-02 07:52:49"
"2024-09-09";"";"258 542";"22 379";"27 562 003";"2024-09-09 04:01:49"
"2024-09-07";"Facebook";"123 982";"12 593";"27 561 370";"2024-09-07 18:15:45"
"2024-09-07";"Instagram";"1 564 491";"61 396";"27 562 255";"2024-09-07 10:07:58"
"2024-09-02";"";"590 273";"47 369";"27 562 477";"2024-09-02 13:22:16"
"2024-09-04";"YouTube";"521 623 585";"29 053 240";"27 562 968";"2024-09-04 20:05:28"
"2024-09-07";"";"31 626";"15 570";"27 563 070";"2024-09-07 15:36:51"
"2024-09-02";"";"125 759";"8 566";"27 563 308";"2024-09-03 00:45:23"
"2024-09-05";"YouTube";"876 323";"58 975";"27 562 752";"2024-09-05 21:18:52"
"2024-09-09";"YouTube";"1 117 141";"426 586";"27 563 114";"2024-09-10 02:47:17"
"2024-09-02";"";"12 442 325";"612 973";"27 562 365";"2024-09-02 21:18:52"
"2024-09-10";"Facebook";"4 999 967";"146 913";"27 563 184";"2024-09-10 11:20:48"
"2024-09-06";"";"59 863";"16 337";"27 561 992";"2024-09-06 03:00:42"
"2024-09-09";"";"167 594";"5 462";"27 561 944";"2024-09-09 19:16:50"
"2024-09-03";"";"143 074";"44 682";"27 561 184";"2024-09-03 07:16:17"
"2024-09-02";"YouTube";"78 521";"12 766";"27 563 242";"2024-09-02 18:27:12"
"2024-09-07";"";"43 947";"68 608";"27 563 485";"2024-09-07 22:55:45"
"2024-09-10";"";"4 183 856";"1 779 305";"27 562 204";"2024-09-10 04:01:51"
"2024-09-09";"";"33 765";"2 838";"27 561 300";"2024-09-09 06:03:06"
"2024-09-05";"YouTube";"814 102";"94 806";"27 562 459";"2024-09-05 07:28:29"
"2024-09-09";"YouTube";"6 609 104";"301 299";"27 561 874";"2024-09-09 14:23:44"
"2024-09-05";"";"480 578";"19 920";"27 562 772";"2024-09-05 05:38:24"
"2024-09-06";"";"35 226";"13 519";"27 561 240";"2024-09-06 04:25:07"
"2024-09-08";"";"25 661";"5 169";"27 562 595";"2024-09-08 17:50:08"
"2024-09-06";"";"97 289";"265 906";"27 562 458";"2024-09-06 06:15:31"
"2024-09-03";"";"152 285";"27 708";"27 561 844";"2024-09-03 20:53:59"
"2024-09-05";"";"35 842";"3 296";"27 563 218";"2024-09-05 21:18:31"
"2024-09-01";"";"280 762";"72 831";"27 561 975";"2024-09-01 04:13:55"
"2024-09-03";"";"31 315";"5 463";"27 561 221";"2024-09-03 13:58:07"
"2024-09-09";"";"224 661";"75 781";"27 561 435";"2024-09-09 13:22:04"
"2024-09-06";"";"98 530";"9 090";"27 563 005";"2024-09-06 07:40:56"
"2024-09-02";"";"89 550";"54 181";"27 563 238";"2024-09-02 22:31:57"
"2024-09-07";"";"251 510";"117 588";"27 563 111";"2024-09-07 05:38:30"
"2024-09-09";"";"29 475";"2 385";"27 562 897";"2024-09-09 15:00:18"
"2024-09-01";"";"22 937 671";"1 133 454";"27 562 494";"2024-09-01 16:25:51"
"2024-09-10";"";"530 270";"25 323";"27 562 202";"2024-09-10 20:53:35"
"2024-09-09";"";"105 846";"25 619";"27 563 314";"2024-09-09 20:05:54"
"2024-09-08";"";"42 167";"103 077";"27 563 372";"2024-09-08 23:44:12"
"2024-09-05";"";"69 065";"4 731";"27 561 383";"2024-09-05 23:56:17"
"2024-09-07";"";"33 351";"3 477";"27 563 471";"2024-09-07 15:48:08"
"2024-09-01";"Facebook";"111 223";"14 001";"27 561 964";"2024-09-01 19:04:52"
"2024-09-07";"";"704 066";"122 014";"27 561 372";"2024-09-07 03:00:40"
"2024-09-08";"";"35 983";"6 158";"27 563 162";"2024-09-09 00:21:01"
"2024-09-03";"";"74 511";"304 631";"27 561 462";"2024-09-03 17:02:11"
"2024-09-03";"TikTok";"23 327";"126 796";"27 563 415";"2024-09-03 06:03:01"
"2024-09-10";"";"31 385";"102 464";"27 561 465";"2024-09-10 04:49:18"
"2024-09-09";"";"7 928";"41 613";"27 561 929";"2024-09-09 08:41:15"
"2024-09-06";"Telegram";"409 777";"38 842";"27 561 835";"2024-09-06 14:59:46"
"2024-09-02";"Facebook";"2 874 971";"95 255";"27 562 150";"2024-09-02 13:46:02"
"2024-09-05";"";"677 817";"71 693";"27 562 864";"2024-09-05 17:50:55"
"2024-09-09";"";"83 259";"5 705";"27 561 275";"2024-09-09 23:44:49"
"2024-09-07";"Unknown";"95 500";"14 303";"27 562 935";"2024-09-07 06:03:18"
"2024-09-01";"";"47 583";"84 053";"27 561 347";"2024-09-01 23:56:56"
"2024-09-07";"";"313 263";"14 337";"27 561 775";"2024-09-07 03:00:36"
"2024-09-08";"Apple Music";"44 504";"9 636";"27 563 081";"2024-09-08 23:20:01"
"2024-09-02";"";"153 821";"33 323";"27 563 216";"2024-09-02 19:04:11"
"2024-09-08";"";"10 436 683";"8 307 899";"27 563 378";"2024-09-08 09:42:05"
"2024-09-10";"Telegram";"53 159";"6 316";"27 562 517";"2024-09-10 06:15:54"
"2024-09-05";"";"1 150 576";"48 522";"27 562 365";"2024-09-05 13:58:50"
"2024-09-10";"";"6 277";"34 068";"27 563 041";"2024-09-10 04:25:43"
"2024-09-07";"YouTube";"780 589";"127 987";"27 562 371";"2024-09-07 11:56:25"
"2024-09-08";"";"74 810";"7 993";"27 561 524";"2024-09-08 06:03:48"
"2024-09-08";"Yandex";"728 291";"26 169";"27 562 992";"2024-09-08 23:20:44"
"2024-09-04";"Instagram";"951 585";"89 245";"27 562 803";"2024-09-05 01:10:28"
"2024-09-04";"";"182 174 649";"4 662 922";"27 561 497";"2024-09-04 22:31:35"
"2024-09-10";"";"299 856";"19 499";"27 563 193";"2024-09-10 14:35:13"
"2024-09-07";"";"513 954";"31 871";"27 563 005";"2024-09-07 20:05:58"
"2024-09-10";"Telegram";"145 454";"9 464";"27 561 840";"2024-09-11 01:58:49"
"2024-09-08";"Instagram";"299 022";"16 678";"27 562 889";"2024-09-08 07:40:37"
"2024-09-04";"";"25 996";"11 952";"27 562 372";"2024-09-04 07:28:19"
"2024-09-08";"";"593 904";"78 865";"27 562 698";"2024-09-08 04:49:07"
"2024-09-03";"";"248 153";"910 867";"27 562 289";"2024-09-03 15:00:10"
"2024-09-07";"Instagram";"263 610 230";"6 415 614";"27 561 540";"2024-09-07 23:44:18"
"2024-09-02";"";"152 202";"5 195";"27 563 205";"2024-09-02 08:17:13"
"2024-09-08";"";"33 093";"2 042";"27 562 087";"2024-09-09 02:35:51"
"2024-09-02";"";"3 220";"48 550";"27 563 174";"2024-09-02 05:50:37"
"2024-09-05";"";"52 402";"30 819";"27 561 989";"2024-09-05 16:01:52"
"2024-09-04";"Facebook";"27 282";"14 911";"27 563 063";"2024-09-04 04:13:01"
"2024-09-06";"";"33 334";"14 353";"27 562 240";"2024-09-07 02:47:56"
"2024-09-10";"";"29 329";"26 419";"27 562 935";"2024-09-10 23:08:17"
"2024-09-05";"YouTube";"256 275";"37 606";"27 562 384";"2024-09-05 04:01:58"
"2024-09-04";"";"9 209 041";"496 640";"27 563 080";"2024-09-04 12:21:36"
"2024-09-04";"";"39 366";"5 493";"27 562 779";"2024-09-04 06:39:28"
"2024-09-09";"Facebook";"102 564";"43 416";"27 562 938";"2024-09-09 15:00:19"
"2024-09-05";"";"1 677 362";"2 593 779";"27 562 586";"2024-09-05 08:41:51"
"2024-09-01";"Telegram";"184 690";"24 409";"27 562 757";"2024-09-01 14:59:50"
"2024-09-05";"";"17 395";"28 980";"27 561 506";"2024-09-05 10:55:43"
"2024-09-03";"";"923 725";"326 787";"27 562 623";"2024-09-03 19:52:25"
"2024-09-07";"";"247 425";"1 252 302";"27 562 525";"2024-09-07 18:27:57"
"2024-09-03";"";"25 958";"26 473";"27 562 656";"2024-09-03 18:51:44"
"2024-09-06";"Facebook";"27 192";"9 718";"27 562 564";"2024-09-07 01:10:09"
"2024-09-10";"";"32 838";"2 774";"27 561 341";"2024-09-10 23:32:56"
"2024-09-02";"YouTube";"845 300";"95 315";"27 562 511";"2024-09-02 10:55:46"
"2024-09-03";"";"43 682";"64 477";"27 561 345";"2024-09-03 18:39:01"
"2024-09-02";"";"261 008";"48 717";"27 562 720";"2024-09-02 08:05:37"
"2024-09-01";"YouTube";"110 200";"722 164";"27 562 088";"2024-09-01 23:44:43"
"2024-09-07";"";"90 895";"11 004";"27 561 697";"2024-09-07 22:19:58"
"2024-09-05";"";"2 717 259";"121 101";"27 561 230";"2024-09-05 03:00:03"
"2024-09-02";"Tas-ix";"2 800 904";"94 288";"27 563 093";"2024-09-02 03:12:31"
"2024-09-08";"";"493 541";"168 177";"27 562 035";"2024-09-08 17:38:17"
"2024-09-09";"";"108 442";"24 015";"27 563 372";"2024-09-09 04:37:04"
"2024-09-07";"";"184 789";"14 512";"27 562 427";"2024-09-07 08:41:13"
"2024-09-10";"";"40 472";"5 264";"27 561 199";"2024-09-10 19:16:37"
"2024-09-04";"";"1 163 224";"105 379";"27 561 429";"2024-09-04 14:23:26"
"2024-09-06";"";"172 973";"16 682";"27 562 172";"2024-09-06 10:55:36"
"2024-09-03";"Instagram";"264 219";"19 778";"27 562 028";"2024-09-03 08:17:19"
"2024-09-06";"";"68 042";"150 629";"27 562 824";"2024-09-06 10:31:26"
"2024-09-08";"";"648 663";"138 137";"27 562 934";"2024-09-08 11:20:08"
"2024-09-09";"";"6 964";"29 579";"27 562 899";"2024-09-09 18:03:05"
"2024-09-01";"";"348 694";"221 855";"27 562 233";"2024-09-02 00:09:05"
"2024-09-03";"";"219 170";"279 947";"27 561 872";"2024-09-03 16:37:11"
"2024-09-03";"";"42 691";"7 995";"27 562 758";"2024-09-04 01:46:26"
"2024-09-08";"";"40 095";"5 449";"27 563 011";"2024-09-08 19:04:35"
"2024-09-06";"";"5 049 140";"5 959 360";"27 562 591";"2024-09-06 15:00:45"
"2024-09-09";"";"63 631";"11 168";"27 562 895";"2024-09-09 18:39:27"
"2024-09-08";"";"468 210";"24 245";"27 561 924";"2024-09-09 02:35:04"
"2024-09-08";"";"31 639";"3 096";"27 562 105";"2024-09-08 10:55:47"
"2024-09-01";"Likee";"95 316";"7 715";"27 561 963";"2024-09-02 02:11:10"
"2024-09-08";"";"227 061";"472 161";"27 561 649";"2024-09-08 09:42:32"
"2024-09-10";"Instagram";"3 289 601";"1 433 829";"27 561 800";"2024-09-10 17:50:14"
"2024-09-02";"";"839 183";"25 681";"27 561 243";"2024-09-02 03:24:08"
"2024-09-04";"";"844 084";"32 218";"27 563 333";"2024-09-04 17:02:03"
"2024-09-03";"";"76 387";"15 460";"27 561 772";"2024-09-04 02:47:18"
"2024-09-04";"Telegram";"1 334 663";"172 084";"27 561 354";"2024-09-04 06:27:07"
"2024-09-07";"";"181 564";"10 821";"27 561 851";"2024-09-07 04:25:03"
"2024-09-10";"";"27 073";"4 325";"27 562 593";"2024-09-10 09:18:13"
"2024-09-08";"";"580 905";"81 366";"27 561 252";"2024-09-08 18:51:22"
"2024-09-04";"Instagram";"3 211 037";"79 931";"27 561 350";"2024-09-04 19:28:29"
"2024-09-04";"";"44 813";"5 906";"27 563 518";"2024-09-04 10:19:27"
"2024-09-06";"Yandex";"168 434";"10 867";"27 562 542";"2024-09-07 00:21:53"
"2024-09-04";"";"44 865";"3 027";"27 563 092";"2024-09-04 15:12:58"
"2024-09-09";"Facebook";"52 718";"19 236";"27 562 894";"2024-09-09 05:14:59"
"2024-09-10";"";"81 477";"6 789";"27 562 701";"2024-09-10 21:06:42"
"2024-09-09";"";"462 452";"66 627";"27 561 983";"2024-09-10 02:59:10"
"2024-09-05";"Instagram";"72 127";"3 670";"27 561 761";"2024-09-05 08:17:37"
"2024-09-02";"";"794";"28 249";"27 561 361";"2024-09-02 06:03:50"
"2024-09-10";"";"5 906 410";"186 634";"27 562 090";"2024-09-10 23:44:30"
"2024-09-09";"YouTube";"901 717";"137 152";"27 562 224";"2024-09-09 08:29:08"
"2024-09-10";"";"142 983";"206 458";"27 562 804";"2024-09-10 04:01:14"
"2024-09-10";"Yandex Video";"78 072 478";"1 471 588";"27 562 988";"2024-09-10 05:26:20"
"2024-09-07";"YouTube";"68 465";"6 094";"27 562 915";"2024-09-07 18:39:25"
"2024-09-07";"";"1 586";"63 040";"27 562 791";"2024-09-07 21:06:46"
"2024-09-02";"Yandex";"49 648";"5 048";"27 561 463";"2024-09-02 03:36:06"
"2024-09-06";"";"40 464";"2 207";"27 562 672";"2024-09-07 02:11:06"
"2024-09-07";"Instagram";"562 066";"276 982";"27 561 730";"2024-09-07 11:08:50"
"2024-09-05";"";"8 037 062";"296 383";"27 561 510";"2024-09-06 00:45:54"
"2024-09-10";"Unknown";"35 595";"7 073";"27 563 338";"2024-09-10 23:08:06"
"2024-09-09";"";"17 467 850";"541 314";"27 561 485";"2024-09-09 23:44:31"
"2024-09-08";"Instagram";"594 708";"1 175 850";"27 562 987";"2024-09-08 09:18:05"
"2024-09-04";"Unknown";"6 763";"53 610";"27 563 295";"2024-09-04 16:13:03"
"2024-09-05";"Instagram";"6 778 947";"63 022";"27 562 339";"2024-09-05 04:49:19"
"2024-09-10";"YouTube";"419 497";"55 043";"27 563 427";"2024-09-10 15:00:05"
"2024-09-05";"Instagram";"81 570";"70 544";"27 562 303";"2024-09-05 05:14:21"
"2024-09-05";"";"1 136 612";"188 972";"27 562 379";"2024-09-05 19:04:55"
"2024-09-06";"";"4 936 030";"261 609";"27 562 968";"2024-09-06 10:19:16"
"2024-09-06";"";"27 672";"8 757";"27 563 024";"2024-09-07 00:09:04"
"2024-09-09";"";"54 866";"23 166";"27 561 215";"2024-09-09 11:32:00"
"2024-09-08";"";"224 922";"56 100";"27 562 250";"2024-09-08 09:42:50"
"2024-09-04";"";"196 243";"9 629";"27 563 144";"2024-09-04 03:12:18"
"2024-09-02";"";"35 960";"3 741";"27 561 331";"2024-09-02 08:41:37"
"2024-09-06";"Telegram";"1 485 806";"96 990";"27 562 604";"2024-09-06 23:56:47"
"2024-09-04";"";"1 892 401";"120 845";"27 563 290";"2024-09-04 09:06:32"
"2024-09-03";"Telegram";"37 845 092";"2 208 602";"27 562 223";"2024-09-04 01:34:36"
"2024-09-08";"";"843 010";"73 829";"27 562 535";"2024-09-08 18:39:48"
"2024-09-05";"";"143 723 934";"6 034 331";"27 562 996";"2024-09-05 20:05:42"
"2024-09-09";"Telegram";"2 403 979";"388 332";"27 563 436";"2024-09-09 10:31:23"
"2024-09-10";"";"438 509";"16 700";"27 563 165";"2024-09-10 04:49:52"
"2024-09-07";"YouTube";"123 573";"5 955";"27 561 805";"2024-09-07 03:48:35"
"2024-09-03";"Telegram";"3 367 884";"204 360";"27 563 153";"2024-09-03 15:24:22"
"2024-09-08";"Telegram";"416 650 784";"71 423 059";"27 562 981";"2024-09-08 06:03:38"
"2024-09-09";"";"27 272";"5 635";"27 561 462";"2024-09-09 06:27:29"
"2024-09-02";"Instagram";"9 208 054";"329 961";"27 561 872";"2024-09-02 10:55:40"
"2024-09-09";"Odnoklassniki";"230 342";"108 921";"27 561 370";"2024-09-10 02:23:32"
"2024-09-04";"Instagram";"96 701";"5 895";"27 561 774";"2024-09-04 23:56:05"
"2024-09-09";"";"123 023";"13 299";"27 563 345";"2024-09-09 05:02:43"
"2024-09-04";"";"233 749";"21 221";"27 561 845";"2024-09-04 21:30:29"
"2024-09-09";"Instagram";"35 656 859";"1 084 320";"27 562 278";"2024-09-09 14:59:31"
"2024-09-05";"";"63 864";"19 484";"27 563 165";"2024-09-05 23:08:53"
"2024-09-07";"Facebook";"262 809 728";"10 968 677";"27 561 741";"2024-09-07 16:25:44"
"2024-09-01";"Telegram";"70 856";"8 014";"27 561 996";"2024-09-01 09:30:08"
"2024-09-01";"YouTube";"1 419 709";"90 127";"27 563 450";"2024-09-01 23:56:38"
"2024-09-05";"";"258 077";"32 230";"27 563 307";"2024-09-05 06:27:23"
"2024-09-09";"";"70 454";"55 406";"27 561 801";"2024-09-09 07:40:58"
"2024-09-01";"";"30 985";"2 191";"27 561 701";"2024-09-01 11:56:31"
"2024-09-08";"";"329 035";"24 641";"27 562 700";"2024-09-08 15:36:56"
"2024-09-08";"YouTube";"13 400 169";"618 243";"27 562 069";"2024-09-08 15:12:24"
"2024-09-05";"";"408 641";"354 600";"27 561 883";"2024-09-05 20:41:12"
"2024-09-03";"";"371 239";"232 764";"27 561 219";"2024-09-03 22:43:40"
"2024-09-02";"";"390 772";"263 593";"27 562 203";"2024-09-02 08:05:03"
"2024-09-05";"Facebook";"896 148";"78 201";"27 561 413";"2024-09-06 00:09:23"
"2024-09-07";"";"214 353";"16 470";"27 563 005";"2024-09-07 18:03:28"
"2024-09-08";"YouTube";"7 097 808";"543 561";"27 562 148";"2024-09-08 12:09:33"
"2024-09-08";"";"63 030";"10 348";"27 563 210";"2024-09-08 13:58:13"
"2024-09-04";"";"296 938";"122 881";"27 561 776";"2024-09-04 14:59:58"
"2024-09-06";"Instagram";"73 781";"33 841";"27 563 065";"2024-09-06 09:42:56"
"2024-09-01";"";"98 617";"16 613";"27 562 634";"2024-09-01 09:30:12"
"2024-09-05";"";"11 939";"25 656";"27 561 555";"2024-09-05 14:35:15"
"2024-09-04";"";"49 018";"59 049";"27 562 560";"2024-09-04 22:07:00"
"2024-09-10";"";"197 243";"44 545";"27 562 473";"2024-09-10 15:48:17"
"2024-09-04";"";"679 759";"34 615";"27 563 263";"2024-09-04 17:14:03"
"2024-09-09";"";"31 075";"7 394";"27 561 844";"2024-09-10 00:09:24"
"2024-09-05";"";"525 110";"227 563";"27 561 427";"2024-09-05 12:33:26"
"2024-09-06";"";"146 850";"26 081";"27 562 505";"2024-09-06 14:11:49"
"2024-09-10";"";"11 016";"33 310";"27 562 889";"2024-09-11 01:46:23"
"2024-09-05";"Odnoklassniki";"177 357";"8 513";"27 562 544";"2024-09-05 17:50:58"
"2024-09-02";"";"62 008";"265 247";"27 563 410";"2024-09-02 18:15:32"
"2024-09-05";"";"5 441 597";"186 036";"27 561 542";"2024-09-05 20:53:56"
"2024-09-10";"Facebook";"15 715 913";"875 946";"27 563 325";"2024-09-10 14:59:18"
"2024-09-05";"";"272 242";"13 216";"27 562 780";"2024-09-05 05:38:34"
"2024-09-10";"Telegram";"8 399 724";"558 244";"27 562 112";"2024-09-10 19:28:59"
"2024-09-08";"";"3 222";"26 077";"27 562 041";"2024-09-08 22:19:52"
"2024-09-08";"Likee";"341 324";"473 410";"27 562 640";"2024-09-08 09:54:47"
"2024-09-06";"";"207 124 877";"11 669 444";"27 561 641";"2024-09-06 04:01:43"
"2024-09-01";"";"35 780";"7 505";"27 561 742";"2024-09-01 16:25:12"
"2024-09-05";"YouTube";"2 735";"43 514";"27 562 460";"2024-09-05 04:49:42"
"2024-09-01";"";"76 628";"2 648";"27 563 464";"2024-09-01 07:16:12"
"2024-09-09";"";"115 667";"5 585";"27 562 804";"2024-09-09 07:52:12"
"2024-09-03";"";"29 608";"3 376";"27 561 940";"2024-09-03 11:44:29"
"2024-09-05";"Telegram";"4 289 968";"407 828";"27 561 871";"2024-09-05 15:36:57"
"2024-09-06";"Facebook";"44 218";"5 313";"27 563 186";"2024-09-06 22:31:15"
"2024-09-09";"";"30 062";"1 888";"27 562 156";"2024-09-09 09:30:19"
"2024-09-04";"";"38 799";"7 724";"27 563 217";"2024-09-04 14:23:45"
"2024-09-01";"YouTube";"884 385";"57 560";"27 561 259";"2024-09-01 20:05:59"
"2024-09-06";"";"717 823";"51 045";"27 562 656";"2024-09-06 07:28:08"
"2024-09-03";"YouTube";"180 847";"97 921";"27 561 983";"2024-09-03 11:08:27"
"2024-09-08";"";"31 681";"3 816";"27 562 693";"2024-09-08 04:37:54"
"2024-09-01";"";"84 724";"5 177";"27 562 436";"2024-09-02 00:21:59"
"2024-09-08";"";"84 059";"22 673";"27 563 316";"2024-09-08 07:52:47"
"2024-09-04";"";"576 877";"68 366";"27 563 515";"2024-09-04 06:03:32"
"2024-09-09";"";"1 357 885";"66 170";"27 561 571";"2024-09-09 18:15:20"
"2024-09-08";"";"33 774";"2 007";"27 562 854";"2024-09-09 00:21:57"
"2024-09-01";"";"32 926";"1 289";"27 563 110";"2024-09-01 18:15:42"
"2024-09-07";"";"80 898";"10 483";"27 562 197";"2024-09-07 16:01:13"
"2024-09-06";"";"20 329 339";"1 327 666";"27 562 212";"2024-09-06 08:05:30"
"2024-09-09";"YouTube";"3 335 380";"1 096 344";"27 562 609";"2024-09-09 07:04:37"
"2024-09-01";"";"14 852 203";"731 861";"27 561 776";"2024-09-01 03:24:20"
"2024-09-08";"Instagram";"289 430 308";"8 538 693";"27 562 025";"2024-09-08 04:01:30"
"2024-09-08";"";"27 392";"6 832";"27 562 725";"2024-09-08 03:24:42"
"2024-09-04";"";"163 021";"18 988";"27 562 615";"2024-09-04 20:29:20"
"2024-09-05";"";"42 305";"55 076";"27 561 448";"2024-09-05 16:01:13"
"2024-09-10";"";"451 188";"183 352";"27 563 264";"2024-09-10 07:40:45"
"2024-09-04";"";"17 780 973";"394 694";"27 562 917";"2024-09-04 14:47:16"
"2024-09-06";"";"10 270 805";"1 811 918";"27 563 372";"2024-09-06 22:43:47"
"2024-09-08";"";"26 565";"11 063";"27 561 352";"2024-09-08 23:08:16"
"2024-09-10";"";"721 062";"47 986";"27 561 650";"2024-09-10 19:28:10"
"2024-09-08";"Yandex";"46 579";"32 411";"27 562 700";"2024-09-08 09:30:09"
"2024-09-05";"Likee";"108 235";"30 982";"27 562 273";"2024-09-05 20:17:12"
"2024-09-03";"";"2 202 365";"464 120";"27 562 100";"2024-09-03 16:25:24"
"2024-09-09";"";"2 019 188";"207 462";"27 563 236";"2024-09-09 05:50:06"
"2024-09-02";"Facebook";"39 520";"4 801";"27 562 849";"2024-09-02 20:41:23"
"2024-09-05";"";"414 617";"59 005";"27 562 695";"2024-09-05 09:42:56"
"2024-09-09";"";"52 638";"42 261";"27 562 298";"2024-09-09 06:39:48"
"2024-09-06";"";"87 668";"17 497";"27 561 690";"2024-09-07 00:45:31"
"2024-09-10";"";"25 617";"9 795";"27 562 903";"2024-09-10 15:12:54"
"2024-09-02";"";"161 314";"157 669";"27 562 267";"2024-09-03 02:23:09"
"2024-09-03";"";"44 958 704";"1 767 207";"27 562 803";"2024-09-04 02:11:39"
"2024-09-09";"YouTube";"958 022";"421 216";"27 561 981";"2024-09-09 09:18:52"
"2024-09-06";"";"1 346 593";"111 417";"27 562 035";"2024-09-06 13:10:00"
"2024-09-03";"";"37 215";"5 113";"27 562 067";"2024-09-03 19:28:03"
"2024-09-03";"";"6 183 499";"493 255";"27 562 841";"2024-09-03 05:14:47"
"2024-09-03";"Yandex Video";"2 087 150";"101 906";"27 563 424";"2024-09-03 19:16:50"
"2024-09-03";"";"704 896";"34 327";"27 562 860";"2024-09-04 02:23:12"
"2024-09-02";"Yandex";"34 197";"4 773";"27 562 318";"2024-09-02 21:30:29"
"2024-09-08";"YouTube";"594 751";"693 927";"27 563 403";"2024-09-09 01:58:46"
"2024-09-10";"YouTube";"1 187 020";"105 224";"27 562 174";"2024-09-10 15:24:22"
"2024-09-03";"";"167 785";"52 591";"27 562 656";"2024-09-03 11:56:43"
"2024-09-06";"";"2 970 272";"70 884";"27 562 552";"2024-09-06 23:56:51"
"2024-09-05";"Instagram";"79 875 650";"2 347 368";"27 561 232";"2024-09-05 05:38:50"
"2024-09-08";"Instagram";"118 840 271";"3 808 300";"27 563 503";"2024-09-08 06:51:25"
"2024-09-08";"";"13 527 323";"556 826";"27 562 586";"2024-09-08 16:49:21"
"2024-09-05";"YouTube";"3 410 270";"1 349 461";"27 561 485";"2024-09-05 06:51:17"
"2024-09-04";"";"50 502";"15 875";"27 563 139";"2024-09-04 20:17:03"
"2024-09-04";"";"963 169";"70 497";"27 562 752";"2024-09-04 13:46:16"
"2024-09-09";"";"26 804";"2 657";"27 562 125";"2024-09-09 16:01:54"
"2024-09-10";"TikTok";"27 306";"1 091 799";"27 561 591";"2024-09-10 12:45:31"
"2024-09-06";"";"73 566";"158 918";"27 561 942";"2024-09-06 23:44:44"
"2024-09-07";"";"235 181";"12 446";"27 561 884";"2024-09-07 22:07:16"
"2024-09-04";"Telegram";"45 035 165";"2 389 377";"27 563 351";"2024-09-04 17:02:05"
"2024-09-05";"YouTube";"81 583 914";"6 266 902";"27 563 240";"2024-09-05 19:16:48"
"2024-09-01";"YouTube";"334 362";"30 605";"27 562 102";"2024-09-02 02:47:49"
"2024-09-01";"";"280 625";"31 426";"27 562 836";"2024-09-01 06:51:00"
"2024-09-05";"";"58 688";"59 824";"27 561 388";"2024-09-05 03:12:45"
"2024-09-05";"YouTube";"53 892";"22 318";"27 563 512";"2024-09-05 13:10:42"
"2024-09-04";"";"155 164";"22 272";"27 563 162";"2024-09-04 07:16:34"
"2024-09-05";"";"55 394";"78 695";"27 563 116";"2024-09-05 04:49:20"
"2024-09-04";"";"467 502";"76 427";"27 561 831";"2024-09-04 20:29:39"
"2024-09-04";"Instagram";"4 697 801";"3 534 398";"27 561 883";"2024-09-04 10:19:01"
"2024-09-04";"";"89 837";"233 523";"27 561 402";"2024-09-04 11:20:53"
"2024-09-07";"YouTube";"332 284";"55 135";"27 562 454";"2024-09-07 14:59:34"
"2024-09-04";"";"125 237";"8 161";"27 562 645";"2024-09-04 09:18:13"
"2024-09-03";"Tas-ix";"1 081 528";"28 527";"27 562 582";"2024-09-03 10:55:00"
"2024-09-10";"Telegram";"22 471 759";"15 398 414";"27 561 315";"2024-09-11 00:33:41"
"2024-09-10";"YouTube";"4 652 435";"442 979";"27 562 473";"2024-09-11 01:34:14"
"2024-09-08";"";"20 995";"49 579";"27 561 251";"2024-09-08 17:14:45"
"2024-09-07";"";"251 628";"33 697";"27 561 881";"2024-09-07 16:25:33"
"2024-09-06";"Instagram";"17 471 405";"632 895";"27 562 613";"2024-09-06 23:20:23"
"2024-09-01";"Instagram";"31 370 985";"1 031 145";"27 562 951";"2024-09-01 21:30:21"
"2024-09-02";"YouTube";"186 234 687";"16 158 088";"27 561 687";"2024-09-02 10:55:07"
"2024-09-06";"";"39 850";"82 078";"27 563 515";"2024-09-06 11:08:19"
"2024-09-04";"Facebook";"16 210 155";"477 688";"27 563 153";"2024-09-04 22:43:18"
"2024-09-02";"";"1 209 881";"61 661";"27 563 326";"2024-09-03 01:22:55"
"2024-09-04";"";"240 503";"1 277 699";"27 562 644";"2024-09-04 13:22:02"
"2024-09-01";"";"11 914";"102 689";"27 561 820";"2024-09-01 06:03:06"
"2024-09-05";"";"686 245";"28 711";"27 562 413";"2024-09-05 23:56:09"
"2024-09-08";"";"71 392";"8 285";"27 561 331";"2024-09-09 00:57:16"
"2024-09-09";"";"90 556";"5 987";"27 562 051";"2024-09-09 18:03:05"
"2024-09-02";"";"29 612";"2 235";"27 561 583";"2024-09-03 02:47:18"
"2024-09-05";"";"93 802";"7 104";"27 563 181";"2024-09-05 13:46:49"
"2024-09-09";"";"19 153";"108 770";"27 563 220";"2024-09-09 06:03:19"
"2024-09-07";"";"33 270";"1 881";"27 562 224";"2024-09-07 18:51:51"
"2024-09-09";"VKontakte";"27 856";"8 126";"27 563 410";"2024-09-09 09:42:59"
"2024-09-01";"";"42 246";"6 932";"27 561 722";"2024-09-01 05:38:11"
"2024-09-08";"WhatsApp";"1 294 220";"5 409 819";"27 562 827";"2024-09-09 02:59:20"
"2024-09-10";"Telegram";"1 162 855";"65 450";"27 561 804";"2024-09-10 12:45:43"
"2024-09-05";"YouTube";"394 467";"3 612 877";"27 562 199";"2024-09-05 19:04:53"
"2024-09-04";"";"67 310";"3 759";"27 563 390";"2024-09-04 08:29:50"
"2024-09-01";"";"73 840";"2 077";"27 561 850";"2024-09-01 08:17:39"
"2024-09-09";"YouTube";"76 236";"6 902";"27 562 287";"2024-09-09 05:38:51"
"2024-09-01";"";"78 637";"3 659";"27 561 666";"2024-09-01 03:36:42"
"2024-09-06";"";"26 826 999";"2 107 885";"27 561 978";"2024-09-06 07:04:28"
"2024-09-04";"";"78 202";"107 087";"27 562 318";"2024-09-04 12:09:52"
"2024-09-03";"";"26 930";"11 657";"27 561 994";"2024-09-03 22:07:25"
"2024-09-07";"";"46 070";"105 064";"27 561 506";"2024-09-07 09:54:11"
"2024-09-08";"Telegram";"76 595 348";"4 457 498";"27 561 792";"2024-09-09 01:46:48"
"2024-09-08";"Instagram";"5 005 977";"1 526 895";"27 562 289";"2024-09-08 03:12:48"
"2024-09-06";"YouTube";"95 464 239";"5 532 395";"27 562 846";"2024-09-06 05:14:46"
"2024-09-04";"";"30 989";"3 683";"27 562 497";"2024-09-04 19:52:46"
"2024-09-07";"";"679 279";"24 776";"27 562 438";"2024-09-07 18:15:20"
"2024-09-09";"YouTube";"556 933";"36 084";"27 561 260";"2024-09-09 04:37:50"
"2024-09-01";"Unknown";"26 421";"15 425";"27 561 305";"2024-09-01 17:26:58"
"2024-09-02";"Unknown";"51 208";"11 614";"27 562 696";"2024-09-02 17:02:28"
"2024-09-04";"";"358 595";"27 769";"27 561 767";"2024-09-04 15:24:23"
"2024-09-01";"Instagram";"600 411";"28 083";"27 561 237";"2024-09-01 09:54:44"
"2024-09-02";"YouTube";"158 446";"10 129";"27 561 402";"2024-09-03 02:35:05"
"2024-09-04";"";"38 862";"7 336";"27 562 156";"2024-09-05 01:58:41"
"2024-09-07";"Instagram";"7 549 724";"4 390 135";"27 561 402";"2024-09-07 06:39:58"
"2024-09-02";"";"47 727";"84 259";"27 562 447";"2024-09-02 13:46:59"
"2024-09-07";"";"91 208";"7 964";"27 561 250";"2024-09-07 07:52:31"
"2024-09-05";"";"65 795";"60 073";"27 561 252";"2024-09-05 15:48:58"
"2024-09-09";"";"728 859";"103 598";"27 561 436";"2024-09-09 20:17:44"
"2024-09-09";"";"112 243";"96 245";"27 561 562";"2024-09-09 03:48:44"
"2024-09-06";"";"512 052";"19 557";"27 563 514";"2024-09-06 12:09:36"
"2024-09-01";"";"62 384";"18 576";"27 562 965";"2024-09-01 11:20:29"
"2024-09-02";"";"1 327 592";"58 901";"27 561 772";"2024-09-02 16:13:04"
"2024-09-10";"Instagram";"842 159";"54 739";"27 561 761";"2024-09-10 21:18:28"
"2024-09-08";"YouTube";"335 338";"2 512 780";"27 562 202";"2024-09-08 17:38:41"
"2024-09-09";"Instagram";"38 728 702";"1 525 239";"27 561 890";"2024-09-09 16:01:59"
"2024-09-04";"";"845 296";"53 641";"27 561 723";"2024-09-04 20:17:49"
"2024-09-02";"YouTube";"346 335";"3 327 955";"27 561 213";"2024-09-02 13:10:22"
"2024-09-04";"";"70 946";"5 458";"27 562 094";"2024-09-04 15:24:44"
"2024-09-04";"";"44 707";"27 374";"27 561 224";"2024-09-04 12:21:00"
"2024-09-09";"YouTube";"314 998";"2 051 118";"27 562 592";"2024-09-09 07:16:21"
"2024-09-03";"";"31 409";"1 905";"27 562 463";"2024-09-03 05:14:33"
"2024-09-03";"YouTube";"92 598";"60 265";"27 561 777";"2024-09-03 10:43:28"
"2024-09-10";"Telegram";"16 140 468";"1 424 241";"27 563 269";"2024-09-11 00:09:27"
"2024-09-05";"";"453 636";"25 011";"27 561 354";"2024-09-05 18:27:46"
"2024-09-06";"";"33 882";"9 133";"27 561 482";"2024-09-06 10:55:10"
"2024-09-06";"Instagram";"753 370";"585 888";"27 561 845";"2024-09-06 13:58:12"
"2024-09-07";"";"28 561";"2 675";"27 561 689";"2024-09-07 15:36:12"
"2024-09-09";"YouTube";"1 266 676";"226 612";"27 563 017";"2024-09-09 11:08:52"
"2024-09-03";"";"44 739";"32 541";"27 561 230";"2024-09-03 03:00:52"
"2024-09-05";"";"60 588";"5 707";"27 562 550";"2024-09-05 10:55:02"
"2024-09-09";"";"156 051";"138 556";"27 561 630";"2024-09-09 10:07:06"
"2024-09-03";"Apple Music";"127 009";"34 611";"27 562 396";"2024-09-03 07:40:56"
"2024-09-08";"";"43 202";"17 079";"27 562 840";"2024-09-08 20:41:02"
"2024-09-02";"";"41 015";"4 147";"27 562 259";"2024-09-02 21:42:31"
"2024-09-02";"";"92 429";"76 741";"27 561 275";"2024-09-02 21:30:11"
"2024-09-09";"";"579 181";"42 717";"27 561 908";"2024-09-09 13:58:38"
"2024-09-10";"";"222 540";"118 231";"27 561 767";"2024-09-10 22:31:47"
"2024-09-03";"";"687 817";"25 837";"27 561 365";"2024-09-03 17:14:56"
"2024-09-10";"";"30 085";"2 864";"27 563 432";"2024-09-11 00:09:29"
"2024-09-07";"";"36 973";"9 926";"27 563 128";"2024-09-07 06:39:48"
"2024-09-01";"";"886 915";"316 877";"27 561 401";"2024-09-01 03:12:37"
"2024-09-09";"";"82 948";"17 939";"27 561 204";"2024-09-09 18:27:48"
"2024-09-07";"VKontakte";"55 614 520";"2 963 350";"27 562 941";"2024-09-07 17:50:58"
"2024-09-03";"";"50 019";"54 105";"27 563 467";"2024-09-03 15:24:21"
"2024-09-04";"";"130 194";"683 126";"27 561 222";"2024-09-04 11:20:33"
"2024-09-04";"";"648 193";"16 167";"27 561 737";"2024-09-04 19:40:43"
"2024-09-10";"Instagram";"308 842";"9 062";"27 563 427";"2024-09-10 03:24:59"
"2024-09-02";"";"112 440";"377 339";"27 562 613";"2024-09-02 14:59:37"
"2024-09-04";"";"79 910";"19 463";"27 561 286";"2024-09-04 16:13:33"
"2024-09-03";"";"31 715";"29 655";"27 562 156";"2024-09-03 05:50:13"
"2024-09-06";"Instagram";"185 865";"13 276";"27 562 028";"2024-09-06 16:01:11"
"2024-09-02";"YouTube";"756 792";"40 212";"27 562 615";"2024-09-02 15:24:50"
"2024-09-07";"Telegram";"9 822 271";"584 559";"27 563 243";"2024-09-08 01:10:28"
"2024-09-06";"";"151 586";"5 418";"27 561 247";"2024-09-06 23:44:10"
"2024-09-10";"";"177 329";"45 174";"27 562 842";"2024-09-11 02:23:05"
"2024-09-01";"";"36 884";"10 315";"27 562 388";"2024-09-01 18:39:51"
"2024-09-02";"YouTube";"3 985 148";"5 351 698";"27 562 753";"2024-09-02 09:06:08"
"2024-09-07";"Instagram";"6 934 784";"7 914 077";"27 561 953";"2024-09-07 16:01:48"
"2024-09-08";"Unknown";"160 401";"20 010";"27 561 217";"2024-09-08 06:51:04"
"2024-09-05";"Facebook";"100 659";"10 787";"27 561 449";"2024-09-05 17:26:34"
"2024-09-05";"";"806 364";"35 199";"27 563 058";"2024-09-05 06:03:15"
"2024-09-07";"";"2 531 667";"125 602";"27 563 168";"2024-09-07 16:49:52"
"2024-09-05";"";"25 984";"13 168";"27 561 361";"2024-09-05 11:32:31"
"2024-09-04";"Facebook";"612 614";"27 891";"27 563 121";"2024-09-04 20:05:45"
"2024-09-01";"";"248 966";"41 503";"27 561 224";"2024-09-02 00:09:24"
"2024-09-04";"";"28 626";"5 769";"27 562 607";"2024-09-04 06:15:43"
"2024-09-04";"Telegram";"15 950 153";"928 068";"27 561 850";"2024-09-04 08:41:02"
"2024-09-08";"";"175 833";"35 653";"27 563 020";"2024-09-09 01:46:14"
"2024-09-03";"";"79 878";"193 076";"27 561 529";"2024-09-03 05:14:29"
"2024-09-07";"";"9 645 458";"13 353 916";"27 563 453";"2024-09-07 09:54:13"
"2024-09-05";"";"106 870";"243 043";"27 563 060";"2024-09-05 20:53:19"
"2024-09-03";"PUBG";"1 729 763";"78 586";"27 561 352";"2024-09-04 00:09:23"
"2024-09-03";"";"156 535";"59 839";"27 561 796";"2024-09-03 17:14:03"
"2024-09-09";"PUBG";"1 613 439";"84 816";"27 563 048";"2024-09-09 18:15:02"
"2024-09-03";"Instagram";"4 235 633";"157 705";"27 562 404";"2024-09-03 21:18:13"
"2024-09-04";"Facebook";"710 887";"61 975";"27 562 982";"2024-09-04 17:02:48"
"2024-09-09";"YouTube";"207 772 708";"11 643 674";"27 562 423";"2024-09-09 09:42:23"
"2024-09-04";"";"3 177 987";"5 264 628";"27 563 213";"2024-09-04 18:15:06"
"2024-09-08";"";"78 039";"7 166";"27 563 030";"2024-09-08 08:05:12"
"2024-09-06";"";"8 413 215";"522 235";"27 563 495";"2024-09-06 13:10:14"
"2024-09-07";"Yandex Video";"1 674 794";"106 967";"27 563 289";"2024-09-07 04:01:57"
"2024-09-01";"YouTube";"3 391 016";"231 756";"27 561 437";"2024-09-01 23:32:47"
"2024-09-09";"YouTube";"83 637";"714 115";"27 562 467";"2024-09-09 19:52:57"
"2024-09-02";"";"27 538";"3 623";"27 561 262";"2024-09-02 12:21:11"
"2024-09-09";"Facebook";"27 166";"11 490";"27 563 369";"2024-09-09 19:16:26"
"2024-09-08";"Instagram";"129 111 583";"2 748 272";"27 563 453";"2024-09-08 18:15:38"
"2024-09-03";"";"204 175";"18 198";"27 562 156";"2024-09-03 16:13:03"
"2024-09-10";"";"139 501";"504 899";"27 563 464";"2024-09-10 03:00:24"
"2024-09-02";"";"344 234";"1 000 466";"27 561 441";"2024-09-02 07:40:07"
"2024-09-09";"";"68 139";"43 085";"27 563 419";"2024-09-09 11:44:32"
"2024-09-04";"YouTube";"3 662 301";"1 005 763";"27 561 375";"2024-09-04 19:04:00"
"2024-09-05";"";"1 336 755";"96 201";"27 561 224";"2024-09-05 15:36:49"
"2024-09-10";"YouTube";"2 736 214";"1 085 276";"27 562 560";"2024-09-10 21:30:54"
"2024-09-04";"Instagram";"253 773";"6 028";"27 562 647";"2024-09-04 04:01:18"
"2024-09-06";"";"106 303";"7 427";"27 563 147";"2024-09-06 21:30:57"
"2024-09-02";"";"820 739";"64 291";"27 561 800";"2024-09-02 09:30:30"
"2024-09-08";"";"1 312 131";"43 559";"27 563 186";"2024-09-08 05:50:56"
"2024-09-04";"YouTube";"3 354 909";"607 088";"27 561 259";"2024-09-04 08:17:19"
"2024-09-03";"";"73 197";"3 622";"27 562 810";"2024-09-03 22:19:48"
"2024-09-04";"Instagram";"1 467 150";"139 361";"27 562 739";"2024-09-05 02:11:45"
"2024-09-10";"";"795 443";"94 126";"27 562 224";"2024-09-10 12:09:15"
"2024-09-02";"YouTube";"231 382";"16 449";"27 562 257";"2024-09-02 10:31:18"
"2024-09-04";"";"1 250 160";"166 811";"27 562 753";"2024-09-04 14:11:09"
"2024-09-05";"";"1 251 023";"66 451";"27 562 291";"2024-09-05 21:54:34"
"2024-09-09";"";"42 588";"5 059";"27 561 724";"2024-09-09 10:07:56"
"2024-09-06";"";"223 811";"63 409";"27 562 453";"2024-09-06 15:00:52"
"2024-09-07";"";"3 022 716";"3 633 005";"27 561 343";"2024-09-07 20:41:17"
"2024-09-07";"";"25 626";"7 170";"27 562 553";"2024-09-07 15:36:27"
"2024-09-05";"";"1 054 084";"108 321";"27 561 240";"2024-09-05 16:25:44"
"2024-09-10";"";"39 533";"2 300";"27 561 567";"2024-09-10 04:13:58"
"2024-09-09";"Instagram";"378 089";"39 097";"27 562 022";"2024-09-09 21:06:31"
"2024-09-10";"YouTube";"3 553 546";"1 986 634";"27 562 820";"2024-09-10 23:20:21"
"2024-09-08";"Telegram";"105 849 028";"85 253 466";"27 563 171";"2024-09-09 01:34:24"
"2024-09-06";"";"273 742";"30 381";"27 562 595";"2024-09-06 22:43:41"
"2024-09-04";"YouTube";"1 005 553";"181 316";"27 561 844";"2024-09-05 00:09:48"
"2024-09-07";"YouTube";"837 584";"83 034";"27 561 474";"2024-09-07 05:38:26"
"2024-09-08";"";"43 149";"8 962";"27 562 100";"2024-09-08 10:31:41"
"2024-09-04";"Facebook";"755 254";"37 913";"27 561 201";"2024-09-04 18:27:11"
"2024-09-07";"";"118 726";"12 356";"27 562 906";"2024-09-07 21:42:50"
"2024-09-02";"YouTube";"11 522 567";"800 586";"27 563 439";"2024-09-02 20:53:51"
"2024-09-05";"YouTube";"9 651 286";"744 345";"27 563 106";"2024-09-05 10:31:36"
"2024-09-03";"YouTube";"30 864";"2 131";"27 562 326";"2024-09-03 22:55:29"
"2024-09-08";"";"811 708";"31 415";"27 562 367";"2024-09-08 06:03:31"
"2024-09-01";"";"44 633";"4 348";"27 562 636";"2024-09-02 00:21:09"
"2024-09-07";"Tas-ix";"26 654";"3 434";"27 561 552";"2024-09-07 19:28:00"
"2024-09-09";"";"63 772";"7 883";"27 561 240";"2024-09-09 18:15:56"
"2024-09-04";"";"1 328 287";"152 658";"27 561 288";"2024-09-04 04:25:49"
"2024-09-08";"";"52 106";"2 960";"27 563 151";"2024-09-08 13:46:10"
"2024-09-01";"YouTube";"70 857";"9 031";"27 561 279";"2024-09-01 19:28:18"
"2024-09-09";"";"370 010";"23 875";"27 563 310";"2024-09-10 00:45:38"
"2024-09-04";"";"65 131";"4 285";"27 562 886";"2024-09-04 11:56:34"
"2024-09-05";"Instagram";"701 569";"83 338";"27 562 276";"2024-09-05 14:47:49"
"2024-09-07";"";"627 777";"70 979";"27 561 744";"2024-09-07 23:56:27"
"2024-09-04";"";"9 979 708";"482 122";"27 562 088";"2024-09-04 17:50:38"
"2024-09-06";"";"35 493";"32 058";"27 561 512";"2024-09-06 18:51:15"
"2024-09-02";"";"26 688";"2 387";"27 561 508";"2024-09-02 14:35:50"
"2024-09-01";"";"34 872";"8 245";"27 562 701";"2024-09-01 16:37:11"
"2024-09-09";"";"54 526";"7 328";"27 561 500";"2024-09-09 09:54:18"
"2024-09-03";"Unknown";"34 821";"47 985";"27 561 432";"2024-09-03 09:06:48"
"2024-09-01";"YouTube";"6 618 435";"375 320";"27 562 511";"2024-09-01 14:35:37"
"2024-09-05";"";"267 856";"11 825";"27 563 264";"2024-09-05 12:21:36"
"2024-09-04";"";"51 336";"5 627";"27 563 063";"2024-09-04 14:23:29"
"2024-09-07";"";"7 051 685";"332 209";"27 563 195";"2024-09-07 09:54:38"
"2024-09-03";"YouTube";"3 257 807";"236 063";"27 562 250";"2024-09-04 01:10:18"
"2024-09-02";"";"37 833";"9 031";"27 562 849";"2024-09-02 19:04:48"
"2024-09-06";"";"85 638";"21 424";"27 562 993";"2024-09-07 01:22:50"
"2024-09-09";"YouTube";"181 519 697";"8 944 811";"27 563 310";"2024-09-09 07:28:05"
"2024-09-02";"";"37 002";"4 043";"27 563 336";"2024-09-02 08:05:50"
"2024-09-01";"";"671 790";"36 597";"27 562 405";"2024-09-01 06:27:03"
"2024-09-06";"";"133 913";"4 625";"27 562 894";"2024-09-06 13:58:05"
"2024-09-10";"";"36 040";"2 587";"27 561 662";"2024-09-10 14:47:26"
"2024-09-01";"Instagram";"369 006";"20 718";"27 563 027";"2024-09-01 15:24:57"
"2024-09-05";"Facebook";"48 262";"4 583";"27 561 883";"2024-09-06 00:45:48"
"2024-09-08";"";"32 642";"10 352";"27 562 477";"2024-09-08 13:34:09"
"2024-09-04";"";"82 105";"280 915";"27 563 372";"2024-09-04 23:20:30"
"2024-09-07";"Instagram";"142 068 866";"1 449 952";"27 562 393";"2024-09-07 21:18:48"
"2024-09-09";"";"66 772";"52 754";"27 562 457";"2024-09-09 09:06:55"
"2024-09-06";"";"35 526";"12 930";"27 563 225";"2024-09-06 03:36:04"
"2024-09-09";"";"47 027";"4 314";"27 561 514";"2024-09-09 08:41:33"
"2024-09-08";"";"34 725";"4 111";"27 563 347";"2024-09-08 07:16:28"
"2024-09-03";"";"770 125";"27 526";"27 563 143";"2024-09-03 14:11:56"
"2024-09-03";"";"391 154";"80 702";"27 563 397";"2024-09-03 19:16:38"
"2024-09-09";"Facebook";"68 577";"3 768";"27 561 373";"2024-09-09 12:45:03"
"2024-09-02";"";"1 450 667";"38 107";"27 561 772";"2024-09-02 09:54:07"
"2024-09-08";"";"6 934 965";"247 726";"27 562 725";"2024-09-08 22:31:06"
"2024-09-07";"";"30 773 326";"466 410";"27 562 666";"2024-09-07 19:16:37"
"2024-09-03";"Instagram";"465 506";"28 031";"27 561 271";"2024-09-03 04:37:15"
"2024-09-09";"";"46 867";"3 502";"27 562 192";"2024-09-09 20:29:23"
"2024-09-03";"";"40 592";"95 544";"27 562 696";"2024-09-03 11:56:41"
"2024-09-03";"Telegram";"84 743 125";"11 590 540";"27 563 134";"2024-09-03 20:05:36"
"2024-09-06";"";"537 241";"15 940";"27 562 197";"2024-09-06 08:41:11"
"2024-09-04";"YouTube";"1 675 265";"132 434";"27 562 573";"2024-09-04 22:19:16"
"2024-09-07";"";"200 432";"7 252";"27 562 666";"2024-09-07 15:24:36"
"2024-09-03";"";"68 846";"23 609";"27 561 845";"2024-09-03 10:55:24"
"2024-09-09";"";"440 726";"96 741";"27 562 840";"2024-09-09 14:47:34"
"2024-09-07";"";"962 221";"114 472";"27 561 470";"2024-09-07 08:53:26"
"2024-09-09";"YouTube";"126 987 754";"3 249 101";"27 562 314";"2024-09-09 18:15:08"
"2024-09-06";"";"638 874";"38 781";"27 563 096";"2024-09-06 18:15:56"
"2024-09-09";"";"22 892";"129 395";"27 562 384";"2024-09-09 10:07:22"
"2024-09-05";"";"693 625";"83 447";"27 561 306";"2024-09-05 03:12:30"
"2024-09-01";"";"77 500";"6 712";"27 563 000";"2024-09-01 23:32:02"
"2024-09-10";"";"180 643";"14 530";"27 561 189";"2024-09-10 08:53:31"
"2024-09-08";"";"41 276";"4 030";"27 561 888";"2024-09-08 21:06:33"
"2024-09-04";"";"35 277";"26 664";"27 563 079";"2024-09-05 00:21:19"
"2024-09-08";"";"43 345";"4 079";"27 561 893";"2024-09-08 03:24:54"
"2024-09-09";"Yandex";"496 427";"185 092";"27 562 183";"2024-09-09 18:39:35"
"2024-09-10";"YouTube";"208 029";"15 173";"27 562 518";"2024-09-10 05:02:12"
"2024-09-10";"";"49 414";"5 107";"27 561 312";"2024-09-10 20:41:05"
"2024-09-10";"Facebook";"735 793";"1 203 729";"27 563 059";"2024-09-10 13:22:15"
"2024-09-01";"";"3 507 943";"131 056";"27 561 437";"2024-09-02 02:59:29"
"2024-09-09";"";"32 277";"14 042";"27 563 264";"2024-09-10 02:59:43"
"2024-09-08";"Unknown";"181 917";"28 133";"27 563 017";"2024-09-08 05:50:00"
"2024-09-05";"Tas-ix";"754 164";"53 916";"27 562 712";"2024-09-05 03:00:40"
"2024-09-09";"";"214 302";"17 395";"27 563 147";"2024-09-09 04:37:36"
"2024-09-04";"";"4 834";"28 765";"27 563 289";"2024-09-05 02:59:35"
"2024-09-02";"";"3 613 983";"164 569";"27 562 570";"2024-09-02 19:52:45"
"2024-09-10";"";"1 364 311";"321 295";"27 563 476";"2024-09-10 17:26:56"
"2024-09-04";"";"143 323 698";"3 810 058";"27 561 845";"2024-09-04 07:16:17"
"2024-09-02";"";"681 650";"169 135";"27 561 448";"2024-09-02 12:45:47"
"2024-09-08";"";"28 734";"13 896";"27 561 820";"2024-09-08 09:30:06"
"2024-09-02";"";"90 352";"18 865";"27 561 203";"2024-09-02 20:17:12"
"2024-09-10";"";"79 859";"4 964";"27 562 670";"2024-09-10 10:43:08"
"2024-09-06";"";"39 309";"3 819";"27 562 535";"2024-09-06 03:48:11"
"2024-09-04";"";"110 377";"4 726";"27 561 761";"2024-09-05 02:23:11"
"2024-09-07";"Facebook";"27 555";"25 072";"27 561 276";"2024-09-07 22:07:46"
"2024-09-03";"";"4 466 630";"962 287";"27 561 690";"2024-09-04 00:57:49"
"2024-09-10";"YouTube";"110 238";"177 914";"27 563 388";"2024-09-10 11:32:01"
"2024-09-09";"YouTube";"704 973";"46 910";"27 562 257";"2024-09-09 14:23:18"
"2024-09-10";"";"1 436 609";"99 194";"27 562 516";"2024-09-10 22:43:58"
"2024-09-09";"";"105 585";"7 325";"27 561 884";"2024-09-09 17:50:49"
"2024-09-02";"Instagram";"34 120 975";"1 683 615";"27 562 511";"2024-09-03 01:10:25"
"2024-09-06";"Instagram";"4 518 421";"2 009 801";"27 562 243";"2024-09-06 09:42:02"
"2024-09-04";"";"110 989";"13 513";"27 562 574";"2024-09-04 17:02:45"
"2024-09-04";"";"26 235";"3 685";"27 562 735";"2024-09-04 19:40:59"
"2024-09-09";"Telegram";"4 710 483";"1 097 761";"27 562 442";"2024-09-09 07:04:02"
"2024-09-05";"Yandex";"2 862 751";"141 706";"27 563 463";"2024-09-05 20:17:44"
"2024-09-07";"Instagram";"251 556";"39 978";"27 561 384";"2024-09-07 09:54:35"
"2024-09-03";"WhatsApp";"30 096";"24 074";"27 563 183";"2024-09-03 05:50:01"
"2024-09-07";"";"217 001";"247 326";"27 563 017";"2024-09-08 02:47:23"
"2024-09-08";"";"11 250";"34 629";"27 561 214";"2024-09-08 18:39:38"
"2024-09-02";"";"469 552";"45 014";"27 561 220";"2024-09-02 09:06:45"
"2024-09-08";"Facebook";"1 233 182";"79 570";"27 562 890";"2024-09-08 03:12:47"
"2024-09-07";"Odnoklassniki";"61 769";"10 516";"27 561 725";"2024-09-08 00:45:02"
"2024-09-07";"";"66 476";"63 912";"27 561 436";"2024-09-07 23:08:43"
"2024-09-09";"Facebook";"90 179";"7 966";"27 561 760";"2024-09-09 12:45:21"
"2024-09-04";"YouTube";"2 886 524";"111 873";"27 561 772";"2024-09-04 08:17:43"
"2024-09-03";"";"43 149";"4 044";"27 561 370";"2024-09-03 12:33:51"
"2024-09-06";"";"50 408";"16 496";"27 562 037";"2024-09-06 19:04:09"
"2024-09-02";"";"428 104";"67 747";"27 562 418";"2024-09-02 14:11:38"
"2024-09-01";"";"84 254";"4 281";"27 561 433";"2024-09-02 02:35:45"
"2024-09-10";"YouTube";"1 216 101";"6 358 838";"27 563 032";"2024-09-10 14:59:29"
"2024-09-10";"";"33 139";"13 923";"27 563 033";"2024-09-11 01:22:50"
"2024-09-09";"";"231 480";"34 002";"27 562 774";"2024-09-09 21:42:14"
"2024-09-04";"";"0";"42 172";"27 562 281";"2024-09-04 07:52:01"
"2024-09-05";"";"89 064";"7 548";"27 562 595";"2024-09-05 15:12:06"
"2024-09-03";"Yandex";"162 330";"286 312";"27 563 009";"2024-09-03 13:22:46"
"2024-09-07";"";"7 423 500";"67 347";"27 562 791";"2024-09-07 18:27:28"
"2024-09-07";"Telegram";"11 566 264";"1 347 634";"27 563 147";"2024-09-07 05:38:18"
"2024-09-02";"";"1 031 843";"62 835";"27 563 107";"2024-09-02 17:38:26"
"2024-09-03";"YouTube";"540 310";"159 502";"27 562 868";"2024-09-03 23:32:38"
"2024-09-09";"";"3 072";"107 073";"27 562 076";"2024-09-09 12:45:21"
"2024-09-10";"";"2 659 751";"132 254";"27 561 698";"2024-09-10 16:25:20"
"2024-09-06";"YouTube";"800 951";"1 263 228";"27 562 243";"2024-09-06 14:59:01"
"2024-09-05";"";"1 508 631";"308 606";"27 562 352";"2024-09-05 08:17:52"
"2024-09-07";"";"9 522 667";"522 840";"27 562 326";"2024-09-07 22:07:15"
"2024-09-05";"";"3 616";"25 838";"27 562 982";"2024-09-05 09:54:54"
"2024-09-01";"";"34 868";"2 595";"27 561 903";"2024-09-02 02:23:14"
"2024-09-07";"";"465 202";"11 478";"27 562 889";"2024-09-07 19:40:26"
"2024-09-01";"";"152 779";"453 072";"27 561 836";"2024-09-01 22:31:58"
"2024-09-09";"";"26 781";"2 080";"27 563 128";"2024-09-09 16:01:48"
"2024-09-10";"";"34 553";"3 130";"27 563 450";"2024-09-10 06:03:16"
"2024-09-01";"";"654 828";"18 929";"27 562 634";"2024-09-01 08:17:17"
"2024-09-09";"";"59 374";"37 490";"27 562 072";"2024-09-09 03:24:08"
"2024-09-07";"Instagram";"676 208";"76 488";"27 562 873";"2024-09-07 11:56:26"
"2024-09-09";"";"1 214 119";"98 159";"27 562 541";"2024-09-09 09:18:42"
"2024-09-02";"";"327 169";"34 061";"27 562 644";"2024-09-02 09:30:12"
"2024-09-08";"";"21 324";"96 913";"27 562 016";"2024-09-08 16:37:42"
"2024-09-01";"";"21 554";"53 319";"27 561 341";"2024-09-01 20:53:28"
"2024-09-02";"Tas-ix";"47 685";"10 607";"27 563 280";"2024-09-02 23:32:42"
"2024-09-02";"Instagram";"279 800";"19 658";"27 561 744";"2024-09-02 13:58:54"
"2024-09-03";"";"29 559";"117 830";"27 562 593";"2024-09-03 08:29:33"
"2024-09-05";"";"1 074 222";"129 141";"27 563 333";"2024-09-05 06:03:33"
"2024-09-10";"";"51 200";"7 324";"27 562 669";"2024-09-10 15:24:45"
"2024-09-09";"";"170 168";"21 330";"27 561 206";"2024-09-09 05:38:54"
"2024-09-07";"";"317 420";"124 993";"27 562 663";"2024-09-08 00:33:44"
"2024-09-09";"";"28 296";"3 387";"27 562 580";"2024-09-09 06:03:16"
"2024-09-04";"Unknown";"26 083";"1 410";"27 561 311";"2024-09-04 16:13:34"
"2024-09-03";"";"932 956";"32 141";"27 561 801";"2024-09-03 12:57:50"
"2024-09-08";"Facebook";"64 994";"14 241";"27 562 758";"2024-09-08 14:35:12"
"2024-09-10";"";"181 822";"8 752";"27 561 699";"2024-09-10 17:14:45"
"2024-09-07";"";"201 559";"54 261";"27 562 800";"2024-09-07 07:40:38"
"2024-09-05";"";"5 724 475";"212 549";"27 563 153";"2024-09-05 03:24:30"
"2024-09-08";"Yandex";"2 469 573";"156 458";"27 562 516";"2024-09-09 02:11:40"
"2024-09-09";"";"122 966";"28 966";"27 561 402";"2024-09-09 15:12:19"
"2024-09-03";"";"201 400";"12 242";"27 563 143";"2024-09-03 21:42:36"
"2024-09-04";"";"36 099";"15 143";"27 561 470";"2024-09-04 05:02:32"
"2024-09-04";"";"96 235";"308 997";"27 562 309";"2024-09-04 19:52:32"
"2024-09-06";"Instagram";"96 950 224";"1 467 815";"27 562 087";"2024-09-06 18:39:00"
"2024-09-04";"";"101 403";"10 456";"27 563 467";"2024-09-04 22:19:38"
"2024-09-02";"YouTube";"99 502";"386 101";"27 562 098";"2024-09-02 14:23:56"
"2024-09-08";"";"1 127 916";"39 758";"27 561 181";"2024-09-08 05:14:36"
"2024-09-04";"";"10 432";"29 355";"27 562 124";"2024-09-04 22:07:37"
"2024-09-09";"Instagram";"13 653 655";"2 604 400";"27 562 439";"2024-09-10 02:35:40"
"2024-09-06";"";"290 531";"42 298";"27 561 776";"2024-09-07 00:09:28"
"2024-09-06";"";"1 267 261";"238 905";"27 561 592";"2024-09-07 01:46:01"
"2024-09-04";"YouTube";"240 365";"2 420 991";"27 563 156";"2024-09-04 23:56:33"
"2024-09-03";"";"6 656";"31 481";"27 562 527";"2024-09-03 04:37:21"
"2024-09-05";"Instagram";"94 024";"4 974";"27 562 553";"2024-09-06 01:58:29"
"2024-09-06";"YouTube";"16 746";"61 492";"27 563 462";"2024-09-07 01:58:02"
"2024-09-09";"YouTube";"5 278 548";"1 996 509";"27 562 756";"2024-09-09 12:57:30"
"2024-09-04";"";"35 638";"3 665";"27 562 445";"2024-09-04 18:03:33"
"2024-09-06";"YouTube";"66 794 421";"2 346 132";"27 562 496";"2024-09-06 12:33:25"
"2024-09-10";"";"39 998";"4 790";"27 561 569";"2024-09-10 07:28:27"
"2024-09-06";"";"98 154";"57 224";"27 562 192";"2024-09-06 05:38:53"
"2024-09-08";"";"432 227";"19 595";"27 563 419";"2024-09-09 01:22:18"
"2024-09-02";"Yandex";"607 391";"772 036";"27 561 216";"2024-09-02 06:27:54"
"2024-09-08";"";"26 931";"8 574";"27 561 275";"2024-09-08 12:45:55"
"2024-09-02";"Yandex";"206 938";"11 451";"27 563 075";"2024-09-02 16:49:23"
"2024-09-10";"";"241 076";"20 926";"27 562 801";"2024-09-10 21:42:40"
"2024-09-04";"";"79 527";"26 848";"27 561 492";"2024-09-04 10:55:43"
"2024-09-02";"YouTube";"67 810";"10 964";"27 562 464";"2024-09-02 09:54:07"
"2024-09-04";"";"701 903";"30 286";"27 563 211";"2024-09-05 00:09:01"
"2024-09-09";"";"898 785";"28 633";"27 563 267";"2024-09-09 13:58:34"
"2024-09-07";"";"44 263";"47 683";"27 561 838";"2024-09-07 05:26:19"
"2024-09-10";"";"100 661";"2 365 715";"27 561 604";"2024-09-10 19:16:03"
"2024-09-01";"";"272 883";"23 382";"27 561 707";"2024-09-01 12:45:22"
"2024-09-03";"Yandex";"96 471";"273 269";"27 561 557";"2024-09-03 23:20:37"
"2024-09-08";"";"130 932";"6 995";"27 563 363";"2024-09-09 02:47:59"
"2024-09-07";"";"523 650";"29 283";"27 562 197";"2024-09-08 00:33:09"
"2024-09-10";"";"563 676";"218 507";"27 561 802";"2024-09-11 02:23:21"
"2024-09-03";"";"65 856";"45 774";"27 562 041";"2024-09-03 09:30:36"
"2024-09-07";"YouTube";"537 812";"76 829";"27 563 205";"2024-09-07 04:01:26"
"2024-09-06";"";"317 976";"30 824";"27 562 516";"2024-09-06 11:20:08"
"2024-09-01";"";"1 768 185";"96 098";"27 562 419";"2024-09-01 14:23:42"
"2024-09-07";"";"29 905";"6 984";"27 561 666";"2024-09-07 04:49:08"
"2024-09-09";"";"138 018";"24 353";"27 561 433";"2024-09-09 14:11:03"
"2024-09-06";"";"271 052";"550 864";"27 562 675";"2024-09-06 15:36:59"
"2024-09-03";"";"251 912";"12 988";"27 562 040";"2024-09-03 15:00:09"
"2024-09-03";"";"26 282";"3 264";"27 561 279";"2024-09-03 05:26:55"
"2024-09-03";"Unknown";"149 469";"17 047";"27 562 863";"2024-09-03 07:16:45"
"2024-09-06";"";"272 311";"17 642";"27 563 218";"2024-09-06 12:33:19"
"2024-09-06";"Telegram";"2 849 113";"56 645";"27 561 481";"2024-09-06 09:18:17"
"2024-09-04";"";"184 167";"39 646";"27 563 471";"2024-09-04 16:13:18"
"2024-09-10";"YouTube";"109 651";"981 493";"27 562 674";"2024-09-10 11:44:51"
"2024-09-06";"";"54 222";"7 240";"27 561 729";"2024-09-07 01:22:14"
"2024-09-05";"";"26 007";"9 222";"27 561 693";"2024-09-06 00:09:52"
"2024-09-07";"";"36 075";"16 601";"27 561 687";"2024-09-07 23:56:46"
"2024-09-01";"";"357 796";"74 793";"27 562 355";"2024-09-01 16:49:05"
"2024-09-06";"";"606 421";"53 012";"27 562 156";"2024-09-06 12:33:54"
"2024-09-08";"";"146 930";"7 836";"27 561 821";"2024-09-08 17:26:47"
"2024-09-09";"";"451 771";"49 162";"27 561 673";"2024-09-09 08:53:29"
"2024-09-05";"YouTube";"382 170";"23 222";"27 562 175";"2024-09-05 11:32:33"
"2024-09-03";"";"526 768";"29 202";"27 562 156";"2024-09-03 13:10:39"
"2024-09-04";"";"7 873 788";"18 917 603";"27 561 595";"2024-09-05 02:11:13"
"2024-09-09";"Facebook";"121 468";"24 882";"27 563 050";"2024-09-10 01:10:23"
"2024-09-02";"";"29 309";"3 069";"27 561 325";"2024-09-02 05:38:23"
"2024-09-02";"YouTube";"420 227 781";"24 679 917";"27 562 778";"2024-09-02 21:18:16"
"2024-09-03";"Telegram";"116 172 980";"8 397 695";"27 563 267";"2024-09-03 22:55:46"
"2024-09-06";"";"75 903 283";"4 218 006";"27 561 708";"2024-09-06 04:49:32"
"2024-09-09";"";"34 649";"11 645";"27 563 084";"2024-09-10 01:34:42"
"2024-09-05";"Telegram";"48 572 133";"4 019 012";"27 562 820";"2024-09-05 20:05:11"
"2024-09-06";"";"862 085";"103 428";"27 562 668";"2024-09-06 20:53:55"
"2024-09-02";"";"87 313";"13 993";"27 562 696";"2024-09-02 05:26:53"
"2024-09-06";"";"426 257";"61 648";"27 562 617";"2024-09-06 12:45:19"
"2024-09-07";"";"278 756";"605 669";"27 563 240";"2024-09-07 04:25:24"
"2024-09-09";"";"69 618";"19 614";"27 561 302";"2024-09-09 03:12:52"
"2024-09-10";"";"32 809";"20 121";"27 561 220";"2024-09-10 13:10:49"
"2024-09-02";"YouTube";"5 208 131";"2 591 046";"27 562 622";"2024-09-02 20:17:51"
"2024-09-01";"";"20 170";"32 875";"27 562 374";"2024-09-01 08:05:50"
"2024-09-09";"";"483 490";"19 824";"27 561 373";"2024-09-09 13:34:53"
"2024-09-09";"";"1 667 239";"117 378";"27 561 276";"2024-09-09 04:37:26"
"2024-09-05";"YouTube";"79 505";"22 749";"27 562 286";"2024-09-05 17:14:02"
"2024-09-09";"Yandex";"274 719";"145 978";"27 561 630";"2024-09-09 04:37:06"
"2024-09-10";"";"1 851 609";"354 057";"27 561 480";"2024-09-10 21:06:36"
"2024-09-04";"";"28 579";"14 805";"27 562 942";"2024-09-04 19:04:13"
"2024-09-07";"";"28 827";"1 630";"27 562 859";"2024-09-07 04:37:04"
"2024-09-01";"";"2 267 568";"346 445";"27 561 214";"2024-09-01 08:53:40"
"2024-09-07";"";"9 237";"33 552";"27 561 199";"2024-09-08 00:09:07"
"2024-09-07";"";"52 135";"26 026";"27 561 882";"2024-09-07 20:41:01"
"2024-09-04";"";"91 747";"11 190";"27 562 024";"2024-09-04 04:37:09"
"2024-09-07";"";"27 723";"2 426";"27 561 649";"2024-09-07 08:29:01"
"2024-09-03";"";"27 277";"2 469";"27 562 059";"2024-09-03 13:46:57"
"2024-09-04";"Instagram";"55 431 808";"1 109 756";"27 562 791";"2024-09-04 15:24:35"
"2024-09-08";"";"119 434";"3 232";"27 562 287";"2024-09-08 05:26:26"
"2024-09-06";"";"44 576";"6 363";"27 561 970";"2024-09-06 14:59:29"
"2024-09-07";"";"93 407";"8 476";"27 561 785";"2024-09-07 06:03:58"
"2024-09-05";"Facebook";"120 132";"44 444";"27 563 207";"2024-09-05 11:56:25"
"2024-09-04";"";"28 021";"36 248";"27 563 481";"2024-09-05 00:09:42"
"2024-09-04";"";"7 448 723";"241 103";"27 562 593";"2024-09-04 13:46:38"
"2024-09-09";"";"295 798";"27 827";"27 562 698";"2024-09-09 12:45:56"
"2024-09-10";"";"155 590";"11 214";"27 563 048";"2024-09-10 07:04:48"
"2024-09-05";"";"453 008";"71 613";"27 562 582";"2024-09-05 08:41:26"
"2024-09-07";"";"26 188";"1 970";"27 561 687";"2024-09-07 09:18:41"
"2024-09-08";"";"20 461";"53 058";"27 562 066";"2024-09-08 10:19:15"
"2024-09-08";"";"21 006";"185 407";"27 563 372";"2024-09-08 16:13:24"
"2024-09-09";"YouTube";"9 927 577";"5 482 789";"27 561 381";"2024-09-09 17:26:23"
"2024-09-09";"Telegram";"22 669 222";"1 142 322";"27 562 660";"2024-09-09 19:04:35"
"2024-09-09";"";"33 865 984";"21 430 701";"27 563 295";"2024-09-09 16:25:06"
"2024-09-06";"WhatsApp";"42 269";"2 805";"27 562 659";"2024-09-06 05:14:30"
"2024-09-02";"";"198 439";"16 732";"27 561 835";"2024-09-02 14:11:51"
"2024-09-07";"YouTube";"385 704";"64 666";"27 562 957";"2024-09-07 13:10:03"
"2024-09-03";"";"263 456";"12 650";"27 562 156";"2024-09-03 13:46:01"
"2024-09-02";"";"64 148";"134 276";"27 562 583";"2024-09-02 19:04:04"
"2024-09-09";"";"184 783";"10 845";"27 562 716";"2024-09-09 07:28:36"
"2024-09-06";"";"68 550";"76 454";"27 563 344";"2024-09-06 23:44:10"
"2024-09-10";"";"7 216 971";"536 151";"27 561 884";"2024-09-10 21:42:11"
"2024-09-09";"";"27 326";"9 043";"27 561 510";"2024-09-09 12:09:03"
"2024-09-03";"";"267 011";"128 195";"27 562 934";"2024-09-04 01:46:52"
"2024-09-09";"";"263 841 500";"5 223 665";"27 561 994";"2024-09-09 16:25:11"
"2024-09-05";"";"216 584";"2 001 477";"27 562 853";"2024-09-05 08:41:40"
"2024-09-02";"";"79 884";"7 357";"27 563 207";"2024-09-02 04:01:32"
"2024-09-05";"";"107 203";"127 084";"27 563 390";"2024-09-06 02:47:02"
"2024-09-08";"";"1 896 648";"1 763 007";"27 561 707";"2024-09-08 18:15:56"
"2024-09-01";"";"211 720";"14 250";"27 561 424";"2024-09-01 13:10:39"
"2024-09-09";"";"80 779";"4 475";"27 561 193";"2024-09-09 09:54:12"
"2024-09-02";"Facebook";"30 141";"15 044";"27 563 122";"2024-09-02 20:05:31"
"2024-09-01";"";"52 313";"4 689";"27 563 219";"2024-09-01 05:02:30"
"2024-09-05";"Instagram";"93 697";"4 701";"27 562 866";"2024-09-06 01:58:23"
"2024-09-07";"";"98 766";"140 404";"27 561 403";"2024-09-07 13:10:51"
"2024-09-03";"";"302 384";"22 655";"27 561 638";"2024-09-03 10:19:10"
"2024-09-03";"";"62 385";"42 807";"27 563 357";"2024-09-03 03:12:31"
"2024-09-08";"Instagram";"54 136 146";"1 860 688";"27 562 981";"2024-09-08 13:34:48"
"2024-09-10";"";"26 843";"17 553";"27 562 100";"2024-09-10 23:56:23"
"2024-09-05";"Instagram";"25 390 465";"868 232";"27 562 693";"2024-09-05 12:57:26"
"2024-09-09";"Yandex";"2 003 407";"487 236";"27 562 762";"2024-09-09 22:43:06"
"2024-09-10";"";"4 175 368";"192 118";"27 563 073";"2024-09-10 17:26:54"
"2024-09-08";"";"42 130";"8 506";"27 562 366";"2024-09-08 23:56:26"
"2024-09-09";"Telegram";"817 816";"72 352";"27 561 906";"2024-09-09 11:08:21"
"2024-09-02";"";"17 239 576";"2 766 247";"27 562 656";"2024-09-03 02:23:18"
"2024-09-01";"YouTube";"3 308";"41 372";"27 561 273";"2024-09-01 19:40:26"
"2024-09-03";"";"225 474";"71 077";"27 562 721";"2024-09-03 10:31:25"
"2024-09-06";"";"22 684";"33 747";"27 562 524";"2024-09-06 10:31:24"
"2024-09-02";"";"711 827";"45 262";"27 562 469";"2024-09-02 12:09:10"
"2024-09-02";"TikTok";"375 398";"4 773 610";"27 563 041";"2024-09-02 03:48:10"
"2024-09-10";"";"644 185";"35 583";"27 563 184";"2024-09-10 19:28:17"
"2024-09-03";"";"103 058";"53 973";"27 562 417";"2024-09-04 02:11:10"
"2024-09-07";"YouTube";"2 015 256";"642 217";"27 562 458";"2024-09-07 04:13:54"
"2024-09-08";"YouTube";"80 534";"5 960";"27 562 487";"2024-09-09 01:34:24"
"2024-09-07";"YouTube";"15 266 526";"5 395 873";"27 561 388";"2024-09-07 10:19:43"
"2024-09-07";"";"26 570";"15 946";"27 561 424";"2024-09-07 15:36:05"
"2024-09-10";"";"149 337";"6 302";"27 562 613";"2024-09-11 02:59:56"
"2024-09-07";"";"30 282";"4 623";"27 563 114";"2024-09-07 12:45:49"
"2024-09-06";"";"94 985";"10 262";"27 562 733";"2024-09-06 10:07:32"
"2024-09-05";"";"36 993";"3 338";"27 562 202";"2024-09-05 14:11:43"
"2024-09-02";"Facebook";"66 205";"23 810";"27 561 638";"2024-09-02 18:15:00"
"2024-09-03";"";"74 709";"15 512";"27 562 447";"2024-09-03 08:41:02"
"2024-09-08";"";"34 221";"2 345";"27 561 912";"2024-09-08 17:26:05"
"2024-09-02";"";"460 144";"570 363";"27 563 507";"2024-09-02 22:07:45"
"2024-09-04";"Facebook";"698 705";"408 640";"27 561 224";"2024-09-04 12:45:33"
"2024-09-05";"";"54 189";"22 512";"27 563 474";"2024-09-06 00:21:47"
"2024-09-02";"";"1 676 492";"62 710";"27 562 156";"2024-09-02 21:42:52"
"2024-09-07";"";"32 469";"30 447";"27 562 739";"2024-09-07 15:36:29"
"2024-09-04";"Facebook";"3 497 502";"187 688 606";"27 563 384";"2024-09-04 23:08:21"
"2024-09-03";"";"348 385";"309 312";"27 562 364";"2024-09-03 04:37:36"
"2024-09-09";"";"864 312";"74 312";"27 561 924";"2024-09-09 11:44:26"
"2024-09-04";"";"1 250 183";"625 208";"27 561 249";"2024-09-04 10:31:33"
"2024-09-05";"";"129 272";"35 242";"27 563 153";"2024-09-05 21:54:25"
"2024-09-07";"";"2 194 888";"116 432";"27 561 564";"2024-09-07 03:00:13"
"2024-09-02";"";"28 078";"6 809";"27 562 431";"2024-09-02 18:27:48"
"2024-09-04";"WhatsApp";"670 278";"205 223";"27 562 273";"2024-09-04 08:41:55"
"2024-09-01";"Instagram";"303 623 671";"7 315 676";"27 562 355";"2024-09-01 06:27:13"
"2024-09-09";"";"75 714";"114 686";"27 561 785";"2024-09-09 11:20:44"
"2024-09-02";"YouTube";"17 009 304";"1 884 779";"27 561 252";"2024-09-02 14:23:00"
"2024-09-07";"Instagram";"1 735 393";"187 449";"27 563 390";"2024-09-07 13:22:28"
"2024-09-04";"";"978 390";"75 011";"27 562 437";"2024-09-04 20:41:34"
"2024-09-10";"";"14 655";"32 047";"27 561 252";"2024-09-11 01:22:47"
"2024-09-10";"YouTube";"386 626 285";"25 750 361";"27 562 756";"2024-09-10 09:06:26"
"2024-09-05";"";"1 315 711";"541 062";"27 563 463";"2024-09-05 16:13:27"
"2024-09-07";"Facebook";"30 147";"36 824";"27 561 982";"2024-09-07 14:11:09"
"2024-09-03";"";"524 337";"126 667";"27 563 077";"2024-09-03 07:04:30"
"2024-09-07";"";"22 649 253";"228 515";"27 562 006";"2024-09-07 11:08:57"
"2024-09-08";"";"33 094";"140 274";"27 563 242";"2024-09-08 19:28:53"
"2024-09-02";"Unknown";"832 325";"179 263";"27 563 195";"2024-09-02 15:48:35"
"2024-09-07";"";"53 093";"6 503";"27 561 464";"2024-09-07 07:16:55"
"2024-09-06";"Facebook";"99 856";"45 930";"27 562 670";"2024-09-06 13:46:17"
"2024-09-08";"Facebook";"63 778";"6 007";"27 561 271";"2024-09-08 20:05:37"
"2024-09-04";"";"4 602";"35 653";"27 561 892";"2024-09-04 10:55:42"
"2024-09-01";"";"46 609";"67 087";"27 563 238";"2024-09-01 11:56:56"
"2024-09-06";"";"30 551";"2 054";"27 561 934";"2024-09-06 16:25:26"
"2024-09-08";"";"1 485 606";"98 263";"27 563 221";"2024-09-08 16:49:58"
"2024-09-08";"";"7 331";"181 702";"27 561 712";"2024-09-08 12:33:30"
"2024-09-10";"";"32 851";"41 802";"27 562 255";"2024-09-10 16:13:26"
"2024-09-01";"";"89 127";"341 429";"27 563 271";"2024-09-01 23:56:45"
"2024-09-03";"";"28 040";"18 594";"27 563 147";"2024-09-03 05:14:46"
"2024-09-06";"";"29 124";"6 208";"27 561 396";"2024-09-06 07:52:53"
"2024-09-04";"";"142 431";"20 663";"27 563 514";"2024-09-04 17:14:10"
"2024-09-02";"";"29 248";"29 149";"27 562 752";"2024-09-02 08:17:43"
"2024-09-06";"";"1 394 166";"53 630";"27 562 453";"2024-09-06 23:56:17"
"2024-09-04";"";"183 091";"11 652";"27 561 815";"2024-09-04 10:43:27"
"2024-09-06";"";"124 638";"48 222";"27 563 114";"2024-09-06 15:00:48"
"2024-09-02";"";"29 774";"21 874";"27 562 988";"2024-09-02 03:48:36"
"2024-09-03";"Telegram";"56 832 178";"3 510 516";"27 563 351";"2024-09-04 01:34:06"
"2024-09-05";"";"126 989";"14 761";"27 562 824";"2024-09-05 09:30:37"
"2024-09-09";"";"112 256";"68 579";"27 562 863";"2024-09-09 22:55:08"
"2024-09-01";"";"201 154";"22 503";"27 562 337";"2024-09-01 04:37:16"
"2024-09-01";"";"28 068";"7 832";"27 561 262";"2024-09-01 23:20:59"
"2024-09-03";"YouTube";"863 400";"387 937";"27 562 525";"2024-09-03 04:37:33"
"2024-09-02";"";"32 754";"5 896";"27 561 314";"2024-09-02 13:10:26"
"2024-09-03";"";"67 911";"6 610";"27 561 373";"2024-09-03 04:01:25"
"2024-09-10";"";"45 007";"20 612";"27 561 884";"2024-09-10 06:39:56"
"2024-09-06";"";"2 350 826";"113 933";"27 562 743";"2024-09-06 10:19:47"
"2024-09-06";"";"30 121";"2 039";"27 562 984";"2024-09-06 03:00:21"
"2024-09-06";"";"486 955";"25 083";"27 561 302";"2024-09-07 01:58:20"
"2024-09-01";"Facebook";"123 739";"11 617";"27 561 700";"2024-09-01 23:56:33"
"2024-09-04";"";"71 709";"17 350";"27 562 007";"2024-09-04 22:19:50"
"2024-09-09";"";"46 432";"3 010";"27 562 685";"2024-09-09 05:02:14"
"2024-09-04";"";"437 355";"52 641";"27 561 733";"2024-09-04 15:36:39"
"2024-09-05";"";"29 208";"12 540";"27 562 156";"2024-09-05 15:48:57"
"2024-09-01";"";"27 333";"8 245";"27 562 126";"2024-09-01 13:58:55"
"2024-09-10";"";"95 331";"25 045";"27 563 268";"2024-09-10 19:16:03"
"2024-09-10";"";"248 192";"34 341";"27 563 469";"2024-09-10 08:53:05"
"2024-09-03";"";"700 752";"94 832";"27 561 262";"2024-09-03 11:44:35"
"2024-09-02";"";"31 295";"2 669";"27 561 902";"2024-09-02 07:04:39"
"2024-09-04";"";"60 586";"19 450";"27 563 083";"2024-09-04 23:56:20"
"2024-09-02";"";"2 037 346";"352 751";"27 562 438";"2024-09-02 12:57:20"
"2024-09-04";"";"782 662";"63 213";"27 563 264";"2024-09-04 22:55:58"
"2024-09-05";"";"330 580";"53 223";"27 562 350";"2024-09-05 22:43:58"
"2024-09-08";"";"156 952";"371 635";"27 563 254";"2024-09-08 14:47:05"
"2024-09-04";"";"36 481";"2 417";"27 563 008";"2024-09-04 21:18:28"
"2024-09-04";"YouTube";"722 551 436";"32 543 376";"27 562 838";"2024-09-04 23:32:08"
"2024-09-05";"Odnoklassniki";"1 451 435";"111 699";"27 561 301";"2024-09-05 17:14:31"
"2024-09-02";"";"772 543";"445 520";"27 562 076";"2024-09-02 18:03:00"
"2024-09-10";"";"51 963";"3 762";"27 561 729";"2024-09-11 00:45:17"
"2024-09-08";"";"1 018 439";"38 336";"27 561 720";"2024-09-08 10:55:07"
"2024-09-10";"";"791 880";"96 990";"27 561 462";"2024-09-10 09:30:08"
"2024-09-01";"";"75 916";"12 794";"27 561 844";"2024-09-01 09:30:47"
"2024-09-04";"Instagram";"31 140 023";"569 514";"27 561 624";"2024-09-04 20:17:55"
"2024-09-06";"Facebook";"244 605";"11 091";"27 563 223";"2024-09-06 03:36:36"
"2024-09-06";"YouTube";"63 011";"29 736";"27 562 886";"2024-09-06 14:47:27"
"2024-09-06";"";"1 017 171";"113 115";"27 561 583";"2024-09-06 09:06:22"
"2024-09-05";"Yandex";"378 958";"69 958";"27 562 124";"2024-09-05 23:56:49"
"2024-09-07";"";"184 076 396";"113 660 428";"27 562 839";"2024-09-07 03:24:48"
"2024-09-01";"";"60 575";"2 844";"27 561 915";"2024-09-01 14:59:34"
"2024-09-07";"";"7 532 170";"478 137";"27 563 225";"2024-09-07 22:07:03"
"2024-09-01";"Yandex";"49 069";"11 142";"27 561 596";"2024-09-01 22:31:02"
"2024-09-09";"";"14 324";"69 604";"27 562 893";"2024-09-09 03:48:59"
"2024-09-08";"";"375 539";"169 062";"27 562 636";"2024-09-08 20:41:46"
"2024-09-04";"";"1 728 646";"308 077";"27 562 836";"2024-09-04 14:23:27"
"2024-09-07";"YouTube";"2 502 506";"712 356";"27 562 084";"2024-09-07 17:02:48"
"2024-09-05";"";"50 456";"3 027";"27 562 124";"2024-09-05 14:23:54"
"2024-09-05";"";"252 601";"30 284";"27 562 499";"2024-09-06 00:45:08"
"2024-09-05";"";"9 838";"32 245";"27 561 173";"2024-09-05 14:23:00"
"2024-09-03";"";"169 254";"8 681";"27 562 033";"2024-09-04 02:35:39"
"2024-09-03";"";"146 577";"30 849";"27 562 998";"2024-09-03 21:06:34"
"2024-09-10";"";"244 553";"157 981";"27 561 671";"2024-09-10 09:54:05"
"2024-09-01";"Shazam";"29 114";"8 890";"27 562 436";"2024-09-01 15:24:20"
"2024-09-04";"Facebook";"180 599";"20 016";"27 563 039";"2024-09-05 02:35:26"
"2024-09-02";"";"412 902";"146 881";"27 562 788";"2024-09-02 10:43:17"
"2024-09-01";"";"35 478";"18 842";"27 562 326";"2024-09-01 11:20:03"
"2024-09-08";"";"721 978";"90 589";"27 562 595";"2024-09-09 02:47:25"
"2024-09-06";"";"194 762";"13 095";"27 561 216";"2024-09-06 20:17:38"
"2024-09-08";"Facebook";"123 724";"173 581";"27 562 795";"2024-09-08 20:05:33"
"2024-09-09";"Instagram";"9 777 857";"6 049 890";"27 561 851";"2024-09-09 14:47:57"
"2024-09-03";"";"30 378";"7 848";"27 561 915";"2024-09-03 21:06:22"
"2024-09-02";"";"261 092";"18 772";"27 561 942";"2024-09-02 03:24:38"
"2024-09-02";"";"35 906";"3 619";"27 562 897";"2024-09-03 00:45:35"
"2024-09-01";"";"344 008";"14 089";"27 562 473";"2024-09-01 20:17:40"
"2024-09-02";"";"56 176";"591 752";"27 561 907";"2024-09-02 03:48:59"
"2024-09-09";"";"38 155";"4 522";"27 561 417";"2024-09-09 08:17:06"
"2024-09-04";"";"1 264 772";"258 330";"27 562 222";"2024-09-04 17:02:51"
"2024-09-07";"";"336 300";"18 895";"27 563 326";"2024-09-07 22:55:11"
"2024-09-05";"";"413 260";"23 060";"27 563 016";"2024-09-05 03:00:43"
"2024-09-09";"Instagram";"27 196 973";"840 886";"27 562 356";"2024-09-09 06:39:58"
"2024-09-01";"";"27 776";"12 305";"27 563 275";"2024-09-01 04:01:40"
"2024-09-09";"TikTok";"335 329";"2 012 055";"27 561 908";"2024-09-09 19:04:13"
"2024-09-07";"YouTube";"106 901";"16 132";"27 562 961";"2024-09-07 12:33:30"
"2024-09-07";"";"721 093";"50 129";"27 561 211";"2024-09-07 09:42:32"
"2024-09-03";"";"1 559 112";"86 060";"27 562 659";"2024-09-03 23:32:11"
"2024-09-02";"";"660 271";"50 907";"27 562 520";"2024-09-02 13:58:31"
"2024-09-10";"";"89 233";"9 395";"27 562 646";"2024-09-10 15:48:26"
"2024-09-03";"";"61 437";"13 239";"27 562 146";"2024-09-03 15:36:26"
"2024-09-03";"";"610 542";"271 466";"27 562 713";"2024-09-03 11:08:00"
"2024-09-01";"";"1 069 414";"480 194";"27 563 083";"2024-09-01 03:48:16"
"2024-09-04";"Odnoklassniki";"40 260 973";"11 733 705";"27 561 306";"2024-09-05 01:58:46"
"2024-09-04";"Facebook";"1 344 811";"46 066";"27 562 264";"2024-09-04 08:17:48"
"2024-09-10";"";"51 567";"13 637";"27 563 116";"2024-09-10 23:44:52"
"2024-09-06";"";"376 158";"239 646";"27 561 994";"2024-09-06 15:24:38"
"2024-09-08";"";"30 486";"2 573";"27 563 134";"2024-09-08 14:59:30"
"2024-09-03";"";"3 434 013";"215 285";"27 562 437";"2024-09-03 05:38:12"
"2024-09-04";"Instagram";"490 485";"19 792";"27 561 698";"2024-09-04 16:37:02"
"2024-09-06";"Facebook";"10 425 327";"803 152";"27 561 745";"2024-09-06 10:19:24"
"2024-09-01";"YouTube";"233 646";"17 882";"27 561 224";"2024-09-01 11:08:55"
"2024-09-03";"";"63 303";"24 003";"27 561 352";"2024-09-03 21:06:33"
"2024-09-09";"YouTube";"660 804";"77 270";"27 562 762";"2024-09-09 05:14:00"
"2024-09-05";"";"527 118";"198 702";"27 562 364";"2024-09-05 15:00:58"
"2024-09-03";"";"185 136";"90 112";"27 562 339";"2024-09-03 19:28:52"
"2024-09-03";"";"98 665";"46 764";"27 563 402";"2024-09-03 16:49:14"
"2024-09-05";"Instagram";"550 625";"250 439";"27 561 810";"2024-09-05 19:04:30"
"2024-09-05";"Instagram";"232 885";"12 879";"27 562 401";"2024-09-05 07:04:57"
"2024-09-03";"";"812 224 834";"24 530 467";"27 563 447";"2024-09-03 08:41:13"
"2024-09-10";"";"1 396 252";"1 668 124";"27 561 596";"2024-09-10 11:56:43"
"2024-09-03";"";"28 044";"16 142";"27 562 427";"2024-09-03 05:26:21"
"2024-09-08";"";"569 861";"21 153";"27 561 600";"2024-09-08 17:14:30"
"2024-09-07";"YouTube";"128 484";"35 914";"27 562 084";"2024-09-08 01:58:23"
"2024-09-07";"";"609 067";"149 174";"27 562 898";"2024-09-07 12:21:22"
"2024-09-05";"Telegram";"27 635 043";"1 724 589";"27 562 633";"2024-09-05 03:12:16"
"2024-09-09";"";"31 216 645";"3 101 578";"27 561 501";"2024-09-10 02:23:42"
"2024-09-07";"YouTube";"1 209 496";"623 759";"27 562 170";"2024-09-07 18:15:32"
"2024-09-07";"";"40 335 228";"1 934 110";"27 563 242";"2024-09-07 13:58:53"
"2024-09-05";"";"27 077";"9 125";"27 563 154";"2024-09-05 13:22:02"
"2024-09-08";"Yandex";"78 092";"54 570";"27 561 641";"2024-09-08 17:02:06"
"2024-09-07";"";"209 325";"19 306";"27 561 219";"2024-09-07 10:31:06"
"2024-09-03";"Telegram";"272 667 460";"7 979 203";"27 562 287";"2024-09-04 02:23:26"
"2024-09-09";"Telegram";"4 867 040";"289 882";"27 561 490";"2024-09-09 21:42:29"
"2024-09-04";"Telegram";"128 025";"13 106";"27 561 700";"2024-09-04 14:11:31"
"2024-09-07";"";"59 166";"2 538";"27 562 505";"2024-09-07 03:24:17"
"2024-09-02";"";"56 639";"20 170";"27 563 481";"2024-09-02 12:09:48"
"2024-09-03";"";"424 680";"615 042";"27 562 712";"2024-09-03 21:42:17"
"2024-09-04";"";"111 927";"39 205";"27 563 261";"2024-09-04 07:52:11"
"2024-09-10";"";"35 724";"3 695";"27 561 222";"2024-09-10 14:59:34"
"2024-09-09";"YouTube";"9 736 653";"515 995";"27 561 331";"2024-09-09 19:28:46"
"2024-09-04";"Facebook";"35 473 452";"973 630";"27 562 459";"2024-09-04 13:22:30"
"2024-09-02";"";"299 590";"18 249 857";"27 563 333";"2024-09-02 18:27:34"
"2024-09-06";"";"27 473";"9 966";"27 561 492";"2024-09-07 02:59:14"
"2024-09-02";"";"26 155";"14 663";"27 561 841";"2024-09-02 21:18:48"
"2024-09-06";"Instagram";"40 857";"2 295";"27 562 557";"2024-09-06 03:12:11"
"2024-09-09";"";"9 970";"25 799";"27 561 325";"2024-09-09 12:09:57"
"2024-09-09";"";"18 057";"44 775";"27 561 884";"2024-09-09 03:12:28"
"2024-09-06";"";"8 025 536";"376 339";"27 562 810";"2024-09-06 06:15:18"
"2024-09-07";"";"808 026";"36 390";"27 562 252";"2024-09-07 03:36:44"
"2024-09-01";"";"79 227";"320 726";"27 563 001";"2024-09-01 20:53:39"
"2024-09-09";"";"76 834";"233 592";"27 562 518";"2024-09-09 13:46:44"
"2024-09-04";"";"31 724";"1 945";"27 562 688";"2024-09-05 00:09:36"
"2024-09-01";"";"133 163";"65 527";"27 562 696";"2024-09-01 21:30:06"
"2024-09-03";"";"143 706";"567 371";"27 563 082";"2024-09-03 08:17:30"
"2024-09-03";"";"386 111";"25 199";"27 561 720";"2024-09-04 01:10:33"
"2024-09-02";"";"252 510";"19 091";"27 561 254";"2024-09-02 20:41:16"
"2024-09-03";"Facebook";"5 817 548";"6 638 154";"27 561 586";"2024-09-03 17:02:57"
"2024-09-08";"";"24 116 501";"1 557 602";"27 561 874";"2024-09-08 10:43:01"
"2024-09-08";"";"121 692";"27 177";"27 563 009";"2024-09-09 00:09:48"
"2024-09-08";"";"79 800";"13 880";"27 563 390";"2024-09-08 11:20:36"
"2024-09-10";"WhatsApp";"1 510 241";"1 829 444";"27 563 079";"2024-09-10 16:25:36"
"2024-09-02";"";"396 176";"10 061";"27 562 317";"2024-09-02 16:37:42"
"2024-09-09";"YouTube";"329 937";"837 270";"27 562 076";"2024-09-09 18:27:32"
"2024-09-09";"";"22 319 070";"8 184 922";"27 562 791";"2024-09-09 19:52:59"
"2024-09-06";"";"357 466";"20 955";"27 562 232";"2024-09-06 16:01:04"
"2024-09-02";"";"292 268";"26 481";"27 562 754";"2024-09-02 08:29:07"
"2024-09-08";"";"362 354";"21 886";"27 562 440";"2024-09-08 03:00:02"
"2024-09-10";"YouTube";"509 709";"34 088";"27 561 253";"2024-09-10 08:17:37"
"2024-09-04";"";"218 323";"12 388";"27 562 550";"2024-09-05 02:11:27"
"2024-09-09";"";"67 419";"178 889";"27 561 344";"2024-09-09 23:08:03"
"2024-09-04";"";"92 555";"38 415";"27 561 924";"2024-09-04 05:50:49"
"2024-09-05";"YouTube";"1 902 442";"133 356";"27 562 672";"2024-09-06 01:58:17"
"2024-09-01";"";"5 837 104";"240 901";"27 561 569";"2024-09-01 08:05:00"
"2024-09-03";"";"6 443 129";"346 768";"27 562 124";"2024-09-03 12:57:38"
"2024-09-05";"";"26 434";"2 903";"27 561 583";"2024-09-05 12:57:53"
"2024-09-04";"";"216 051";"664 475";"27 561 418";"2024-09-04 17:26:45"
"2024-09-06";"";"77 150";"46 830";"27 562 674";"2024-09-06 23:20:39"
"2024-09-04";"";"174 264";"23 365";"27 563 080";"2024-09-04 16:49:56"
"2024-09-04";"";"30 853";"3 803";"27 561 257";"2024-09-04 03:36:46"
"2024-09-05";"";"4 877";"28 913";"27 562 800";"2024-09-06 01:10:37"
"2024-09-08";"";"3 120 761";"114 106";"27 563 396";"2024-09-08 06:27:08"
"2024-09-05";"";"1 577 306";"216 812";"27 562 667";"2024-09-06 01:58:01"
"2024-09-06";"";"34 191";"5 106";"27 562 016";"2024-09-06 12:57:32"
"2024-09-03";"YouTube";"342 016";"39 731";"27 561 952";"2024-09-03 06:27:37"
"2024-09-01";"Telegram";"7 685 479";"635 406";"27 562 775";"2024-09-01 16:25:48"
"2024-09-01";"Instagram";"4 131 132";"156 632";"27 562 430";"2024-09-01 23:44:37"
"2024-09-07";"";"29 559";"29 302";"27 562 878";"2024-09-07 16:01:48"
"2024-09-06";"";"68 682";"15 545";"27 561 787";"2024-09-06 14:47:02"
"2024-09-04";"";"149 587";"20 387";"27 561 956";"2024-09-04 09:54:19"
"2024-09-09";"";"2 558 740";"548 901";"27 562 098";"2024-09-09 04:01:56"
"2024-09-07";"";"302 835";"11 740";"27 562 629";"2024-09-07 10:55:25"
"2024-09-06";"";"1 023 623";"148 151";"27 561 293";"2024-09-07 01:34:17"
"2024-09-07";"";"81 310";"8 459";"27 562 783";"2024-09-07 12:09:57"
"2024-09-09";"Unknown";"26 370";"12 554";"27 561 518";"2024-09-09 23:44:29"
"2024-09-04";"";"277 285";"23 909";"27 562 629";"2024-09-04 21:54:11"
"2024-09-07";"";"163 440";"46 418";"27 562 696";"2024-09-07 05:38:58"
"2024-09-01";"Instagram";"1 248 249";"70 780";"27 562 255";"2024-09-01 16:49:50"
"2024-09-06";"";"643 665";"106 829";"27 562 617";"2024-09-06 17:14:04"
"2024-09-04";"";"198 482";"730 996";"27 561 689";"2024-09-04 09:18:54"
"2024-09-10";"";"10 245";"30 770";"27 562 100";"2024-09-11 02:35:50"
"2024-09-01";"YouTube";"750 410";"613 297";"27 561 763";"2024-09-01 06:27:17"
"2024-09-09";"";"39 679";"5 785";"27 563 509";"2024-09-09 11:44:34"
"2024-09-10";"";"73 046";"7 616";"27 562 558";"2024-09-11 01:22:26"
"2024-09-02";"";"137 995";"57 105";"27 562 674";"2024-09-02 07:40:31"
"2024-09-05";"";"124 557";"7 295";"27 561 306";"2024-09-05 23:32:58"
"2024-09-05";"";"44 013";"41 916";"27 562 212";"2024-09-05 12:09:19"
"2024-09-07";"";"1 262 513";"609 648";"27 562 559";"2024-09-07 20:41:01"
"2024-09-08";"Instagram";"5 008 651";"288 493";"27 563 211";"2024-09-08 11:44:51"
"2024-09-07";"";"79 742";"48 244";"27 562 051";"2024-09-07 21:06:19"
"2024-09-06";"";"12 804";"268 011";"27 561 775";"2024-09-06 18:15:48"
"2024-09-09";"Instagram";"4 488 414";"1 560 261";"27 562 003";"2024-09-09 06:15:06"
"2024-09-04";"";"91 932";"4 542";"27 562 700";"2024-09-04 21:54:04"
"2024-09-03";"";"54 719";"2 766";"27 562 040";"2024-09-03 08:05:34"
"2024-09-04";"YouTube";"139 343";"1 119 073";"27 561 468";"2024-09-04 03:36:44"
"2024-09-02";"Instagram";"462 985";"123 703";"27 561 265";"2024-09-02 11:08:46"
"2024-09-01";"Unknown";"1 715 514";"134 982";"27 562 263";"2024-09-01 03:36:24"
"2024-09-05";"";"1 331 050";"24 867";"27 562 400";"2024-09-05 16:37:59"
"2024-09-08";"Facebook";"32 466";"6 348";"27 562 085";"2024-09-08 09:54:28"
"2024-09-01";"";"77 438";"6 600";"27 561 564";"2024-09-01 17:38:00"
"2024-09-10";"";"880 159";"36 878";"27 563 223";"2024-09-11 00:57:50"
"2024-09-07";"Yandex";"523 790";"583 444";"27 561 356";"2024-09-07 21:54:32"
"2024-09-10";"";"63 175";"30 308";"27 562 850";"2024-09-10 06:03:34"
"2024-09-08";"YouTube";"353 248";"30 872";"27 561 433";"2024-09-08 03:00:01"
"2024-09-02";"TikTok";"28 920";"255 671";"27 562 480";"2024-09-03 02:11:25"
"2024-09-04";"";"316 497";"20 759";"27 561 662";"2024-09-04 11:56:12"
"2024-09-05";"Facebook";"135 363";"56 622";"27 562 525";"2024-09-05 12:45:59"
"2024-09-04";"Telegram";"35 810";"4 470";"27 563 070";"2024-09-04 11:20:42"
"2024-09-03";"YouTube";"22 381 258";"1 763 426";"27 562 091";"2024-09-03 15:24:06"
"2024-09-05";"";"6 163 543";"113 329";"27 563 333";"2024-09-05 11:32:08"
"2024-09-02";"Facebook";"130 326";"9 642";"27 562 094";"2024-09-02 03:48:19"
"2024-09-10";"";"211 087";"58 800";"27 562 633";"2024-09-10 10:07:58"
"2024-09-10";"";"804 835";"90 082";"27 562 804";"2024-09-10 08:17:09"
"2024-09-05";"Facebook";"343 808";"25 561";"27 563 351";"2024-09-05 12:09:33"
"2024-09-01";"";"138 993";"157 494";"27 563 268";"2024-09-01 18:27:24"
"2024-09-01";"";"286 630";"53 601";"27 561 231";"2024-09-01 10:31:42"
"2024-09-05";"";"26 836";"60 727";"27 562 050";"2024-09-05 14:23:35"
"2024-09-06";"Telegram";"4 656 145";"276 742";"27 562 183";"2024-09-07 02:47:08"
"2024-09-08";"Telegram";"1 520 617";"289 327";"27 561 567";"2024-09-08 11:44:39"
"2024-09-09";"";"807 307";"34 522";"27 562 553";"2024-09-09 08:29:18"
"2024-09-04";"Telegram";"31 993";"6 203";"27 561 315";"2024-09-04 15:36:21"
"2024-09-03";"YouTube";"825 697";"49 472";"27 562 168";"2024-09-03 12:09:51"
"2024-09-03";"";"67 125";"4 292";"27 561 835";"2024-09-03 20:17:54"
"2024-09-05";"Yandex Video";"3 179 624";"71 977";"27 562 821";"2024-09-05 12:21:56"
"2024-09-08";"YouTube";"259 400 786";"15 850 281";"27 563 092";"2024-09-08 14:47:10"
"2024-09-05";"";"739 038";"72 898";"27 562 175";"2024-09-05 19:16:19"
"2024-09-09";"";"87 344";"3 676";"27 561 830";"2024-09-09 15:00:10"
"2024-09-04";"";"1 062 826";"41 167";"27 562 656";"2024-09-04 20:53:59"
"2024-09-01";"";"45 322";"122 016";"27 561 542";"2024-09-01 13:58:53"
"2024-09-10";"Telegram";"39 519 314";"5 066 329";"27 562 480";"2024-09-10 06:03:56"
"2024-09-05";"";"33 185";"24 225";"27 562 471";"2024-09-05 05:50:34"
"2024-09-06";"WhatsApp";"1 175 695";"84 816";"27 562 973";"2024-09-06 10:31:05"
"2024-09-08";"Yandex";"571 228";"3 687 116";"27 563 110";"2024-09-08 03:24:43"
"2024-09-01";"Facebook";"63 476";"3 528";"27 562 213";"2024-09-01 23:44:10"
"2024-09-01";"";"79 980";"48 226";"27 562 792";"2024-09-02 01:46:22"
"2024-09-09";"";"90 767";"18 061";"27 562 560";"2024-09-09 15:48:08"
"2024-09-03";"Yandex";"35 530 363";"1 479 269";"27 561 252";"2024-09-03 03:12:16"
"2024-09-07";"VKontakte";"110 846";"105 981";"27 562 780";"2024-09-07 14:47:08"
"2024-09-07";"";"108 366";"17 996";"27 562 843";"2024-09-07 05:02:03"
"2024-09-08";"";"281 043";"28 424";"27 562 997";"2024-09-08 14:47:34"
"2024-09-03";"";"25 616";"22 106";"27 561 302";"2024-09-03 13:22:57"
"2024-09-03";"";"554 448";"42 332";"27 563 443";"2024-09-03 23:20:27"
"2024-09-08";"Instagram";"1 839 068";"247 333";"27 561 595";"2024-09-08 12:21:44"
"2024-09-01";"YouTube";"5 498";"69 145";"27 563 088";"2024-09-01 06:03:26"
"2024-09-05";"";"519 378";"107 539";"27 561 660";"2024-09-05 16:37:29"
"2024-09-06";"";"29 026";"5 311";"27 561 870";"2024-09-06 20:17:43"
"2024-09-09";"";"122 890";"74 781";"27 561 365";"2024-09-09 10:31:56"
"2024-09-06";"";"612 044";"43 124";"27 561 480";"2024-09-06 19:28:11"
"2024-09-05";"";"137 232";"14 743";"27 563 174";"2024-09-05 10:55:19"
"2024-09-02";"";"77 652";"15 374";"27 563 211";"2024-09-02 05:26:30"
"2024-09-04";"";"353 111";"93 201";"27 561 787";"2024-09-04 11:32:23"
"2024-09-03";"";"34 868";"7 331";"27 563 153";"2024-09-03 10:19:01"
"2024-09-08";"Instagram";"23 245 686";"815 476";"27 562 641";"2024-09-08 13:22:11"
"2024-09-08";"";"124 088";"156 991";"27 562 314";"2024-09-08 18:39:50"
"2024-09-04";"YouTube";"3 497 427";"278 772";"27 562 170";"2024-09-04 18:39:21"
"2024-09-10";"";"404 523";"79 098";"27 563 017";"2024-09-11 00:21:36"
"2024-09-03";"";"2 385 346";"87 562";"27 563 165";"2024-09-03 23:08:09"
"2024-09-07";"";"10 462 021";"2 140 855";"27 562 966";"2024-09-07 23:56:28"
"2024-09-03";"";"336 948";"16 303";"27 563 424";"2024-09-03 22:31:52"
"2024-09-07";"TikTok";"93 145";"5 777 890";"27 562 437";"2024-09-07 14:35:30"
"2024-09-05";"";"138 735";"7 797";"27 562 527";"2024-09-05 15:12:25"
"2024-09-01";"";"302 188";"13 211";"27 561 591";"2024-09-01 18:39:33"
"2024-09-05";"Facebook";"88 741";"7 176";"27 562 542";"2024-09-05 16:37:59"
"2024-09-03";"Instagram";"5 481 672";"207 653";"27 562 094";"2024-09-03 08:05:13"
"2024-09-05";"";"30 193";"8 670";"27 563 310";"2024-09-05 10:43:28"
"2024-09-06";"";"308 668";"29 007";"27 563 369";"2024-09-06 22:55:16"
"2024-09-03";"";"174 144";"72 140";"27 561 586";"2024-09-03 23:44:02"
"2024-09-03";"WhatsApp";"6 430 055";"5 325 857";"27 561 225";"2024-09-03 19:52:19"
"2024-09-01";"";"1 127 036";"142 569";"27 561 641";"2024-09-01 08:05:36"
"2024-09-05";"";"352 732";"16 835";"27 561 222";"2024-09-05 18:27:35"
"2024-09-09";"";"2 424 110";"97 992";"27 563 183";"2024-09-09 17:02:21"
"2024-09-10";"";"58 996";"5 826";"27 561 815";"2024-09-11 01:22:48"
"2024-09-09";"YouTube";"6 279 380";"1 326 913";"27 562 827";"2024-09-10 00:33:42"
"2024-09-05";"Telegram";"57 800 509";"6 930 303";"27 561 428";"2024-09-05 07:52:28"
"2024-09-03";"";"130 134";"565 911";"27 562 629";"2024-09-04 00:45:00"
"2024-09-08";"Yandex";"2 360";"32 293";"27 562 263";"2024-09-09 00:33:46"
"2024-09-08";"Instagram";"47 167 602";"1 330 606";"27 562 858";"2024-09-08 19:28:02"
"2024-09-10";"Tas-ix";"45 315";"3 090";"27 562 780";"2024-09-11 00:45:04"
"2024-09-10";"Facebook";"87 423 660";"4 640 399";"27 561 730";"2024-09-10 14:59:00"
"2024-09-06";"Facebook";"1 974 043";"750 648";"27 562 865";"2024-09-06 22:31:06"
"2024-09-05";"";"163 980";"9 480";"27 561 883";"2024-09-05 15:00:54"
"2024-09-08";"";"2 238 153";"56 277";"27 562 255";"2024-09-08 09:30:24"
"2024-09-05";"YouTube";"33 303";"3 156";"27 561 820";"2024-09-05 06:39:04"
"2024-09-01";"";"513 769";"57 754";"27 562 088";"2024-09-01 14:23:15"
"2024-09-05";"Tas-ix";"51 978";"8 366";"27 562 897";"2024-09-05 11:44:03"
"2024-09-04";"";"139 162 634";"5 385 449";"27 561 372";"2024-09-04 22:43:20"
"2024-09-08";"";"37 752";"7 279";"27 562 364";"2024-09-08 10:31:30"
"2024-09-03";"";"27 710 432";"1 779 351";"27 561 206";"2024-09-04 02:23:57"
"2024-09-02";"";"11 843";"25 811";"27 562 459";"2024-09-03 01:34:16"
"2024-09-09";"Facebook";"1 344 313";"83 245";"27 562 098";"2024-09-09 17:38:55"
"2024-09-07";"";"140 428";"108 895";"27 562 701";"2024-09-07 14:23:33"
"2024-09-06";"";"2 726 605";"217 609";"27 562 025";"2024-09-06 17:14:42"
"2024-09-01";"Facebook";"696 183";"29 710";"27 562 600";"2024-09-01 16:13:58"
"2024-09-07";"";"1 308 740";"277 508";"27 561 307";"2024-09-07 19:28:22"
"2024-09-04";"";"241 831";"46 759";"27 561 940";"2024-09-04 17:50:05"
"2024-09-10";"VKontakte";"27 977";"21 671";"27 562 993";"2024-09-10 19:28:16"
"2024-09-06";"";"587 336";"162 277";"27 563 095";"2024-09-07 00:33:56"
"2024-09-06";"";"259 153";"7 693";"27 561 172";"2024-09-06 17:26:28"
"2024-09-08";"Facebook";"158 670";"7 657";"27 561 356";"2024-09-08 10:07:43"
"2024-09-07";"Telegram";"33 719 233";"1 658 496";"27 562 857";"2024-09-07 04:49:17"
"2024-09-04";"";"255 544";"8 719";"27 561 320";"2024-09-05 02:23:02"
"2024-09-10";"";"249 837";"14 124";"27 562 420";"2024-09-10 12:21:59"
"2024-09-01";"";"45 867";"7 125";"27 561 288";"2024-09-01 03:12:49"
"2024-09-07";"Unknown";"60 735";"19 844";"27 562 025";"2024-09-07 14:59:25"
"2024-09-10";"WhatsApp";"3 487 483";"108 402";"27 562 029";"2024-09-10 16:25:18"
"2024-09-03";"";"73 748";"6 029";"27 563 507";"2024-09-03 04:37:17"
"2024-09-08";"YouTube";"24 380 301";"1 255 214";"27 561 456";"2024-09-08 14:35:35"
"2024-09-05";"Facebook";"161 570";"104 408";"27 563 066";"2024-09-05 13:58:19"
"2024-09-02";"";"83 293";"25 706";"27 561 706";"2024-09-02 18:39:09"
"2024-09-10";"";"30 005";"5 307";"27 562 673";"2024-09-10 11:32:53"
"2024-09-04";"YouTube";"472 723";"22 355";"27 561 823";"2024-09-04 09:18:30"
"2024-09-01";"YouTube";"63 325";"433 562";"27 562 558";"2024-09-01 18:27:48"
"2024-09-01";"YouTube";"4 357 420";"259 668";"27 563 372";"2024-09-01 19:28:30"
"2024-09-07";"";"36 741";"7 958";"27 561 176";"2024-09-07 14:59:26"
"2024-09-07";"";"187 645";"120 876";"27 562 473";"2024-09-07 04:01:25"
"2024-09-08";"";"78 272";"6 475";"27 562 534";"2024-09-08 06:27:07"
"2024-09-04";"";"33 658";"8 947";"27 562 827";"2024-09-04 08:05:06"
"2024-09-10";"";"68 404";"10 235";"27 561 785";"2024-09-10 18:39:06"
"2024-09-04";"YouTube";"305 081";"32 934";"27 562 714";"2024-09-05 02:35:20"
"2024-09-09";"";"231 890";"10 942";"27 562 758";"2024-09-09 03:12:28"
"2024-09-07";"";"631 929";"30 388";"27 561 883";"2024-09-07 16:37:23"
"2024-09-03";"";"161 096";"18 168";"27 562 252";"2024-09-03 11:44:52"
"2024-09-09";"";"98 634";"280 222";"27 562 083";"2024-09-09 19:16:08"
"2024-09-09";"";"307 979 087";"41 509 529";"27 562 469";"2024-09-09 19:16:06"
"2024-09-04";"Facebook";"636 761";"27 088";"27 561 508";"2024-09-04 12:09:38"
"2024-09-09";"YouTube";"507 417";"33 075";"27 562 866";"2024-09-09 15:12:04"
"2024-09-07";"";"58 891";"29 095";"27 563 290";"2024-09-07 05:26:39"
"2024-09-09";"";"259 720";"14 856";"27 563 289";"2024-09-09 19:16:45"
"2024-09-05";"";"37 058";"3 261";"27 563 424";"2024-09-06 02:59:43"
"2024-09-10";"";"11 496";"157 617";"27 563 050";"2024-09-10 12:33:11"
"2024-09-05";"YouTube";"14 270 586";"5 547 420";"27 562 646";"2024-09-05 09:06:00"
"2024-09-06";"YouTube";"442 152 763";"28 618 575";"27 563 387";"2024-09-06 13:58:53"
"2024-09-08";"";"68 360";"72 807";"27 562 331";"2024-09-09 02:47:31"
"2024-09-03";"";"118 720";"18 362";"27 563 030";"2024-09-03 21:42:50"
"2024-09-08";"Instagram";"15 399 731";"19 291 002";"27 562 629";"2024-09-08 08:53:47"
"2024-09-08";"";"25 785";"30 858";"27 561 232";"2024-09-08 06:03:26"
"2024-09-05";"";"192 957";"20 048";"27 563 169";"2024-09-05 08:05:30"
"2024-09-07";"Instagram";"69 461 071";"1 893 814";"27 562 897";"2024-09-07 08:05:28"
"2024-09-06";"";"2 115 369";"93 770";"27 562 348";"2024-09-06 14:59:11"
"2024-09-02";"";"61 335";"15 071";"27 562 704";"2024-09-02 17:26:44"
"2024-09-10";"Telegram";"151 646 157";"17 375 240";"27 562 560";"2024-09-10 08:17:13"
"2024-09-06";"";"2 628 642";"175 230";"27 562 560";"2024-09-06 03:12:18"
"2024-09-03";"";"28 439";"26 380";"27 562 971";"2024-09-03 06:39:08"
"2024-09-05";"";"110 043";"21 282";"27 561 596";"2024-09-06 00:45:53"
"2024-09-04";"YouTube";"60 513 842";"3 718 055";"27 563 351";"2024-09-04 04:37:18"
"2024-09-10";"";"1 109 901";"51 756";"27 561 254";"2024-09-10 12:57:36"
"2024-09-10";"";"287 723";"36 447";"27 563 355";"2024-09-10 05:50:01"
"2024-09-06";"";"86 368";"40 472";"27 562 981";"2024-09-06 03:00:08"
"2024-09-05";"YouTube";"10 313 781";"1 308 665";"27 561 457";"2024-09-05 17:26:04"
"2024-09-06";"Likee";"186 342";"114 631";"27 561 668";"2024-09-06 16:13:09"
"2024-09-09";"";"52 403";"22 573";"27 563 469";"2024-09-09 03:36:29"
"2024-09-01";"";"223 448";"24 531";"27 562 355";"2024-09-01 14:59:19"
"2024-09-09";"Instagram";"9 111 660";"372 616";"27 562 263";"2024-09-09 07:16:42"
"2024-09-10";"";"29 377";"3 220";"27 563 154";"2024-09-10 08:17:25"
"2024-09-04";"";"1 167 685";"178 626";"27 561 827";"2024-09-04 10:31:23"
"2024-09-06";"Telegram";"323 124 852";"18 407 394";"27 561 428";"2024-09-06 09:06:02"
"2024-09-09";"";"55 145";"96 391";"27 561 354";"2024-09-09 03:36:15"
"2024-09-03";"Instagram";"4 191 610";"243 191";"27 562 903";"2024-09-03 12:21:08"
"2024-09-07";"Instagram";"5 571 451";"3 343 184";"27 562 252";"2024-09-07 06:15:46"
"2024-09-03";"Tas-ix";"357 210";"23 875";"27 561 830";"2024-09-03 16:25:30"
"2024-09-08";"YouTube";"254 790 423";"18 479 616";"27 562 696";"2024-09-08 18:39:00"
"2024-09-03";"";"81 293";"71 092";"27 563 434";"2024-09-03 12:45:23"
"2024-09-05";"";"259 184";"7 807";"27 561 772";"2024-09-05 18:51:29"
"2024-09-06";"";"50 723";"8 745";"27 563 451";"2024-09-06 23:08:54"
"2024-09-01";"";"1 100 676";"120 012";"27 561 517";"2024-09-01 03:48:26"
"2024-09-04";"Instagram";"93 295";"13 014";"27 562 097";"2024-09-04 16:49:43"
"2024-09-07";"";"113 860";"153 784";"27 562 620";"2024-09-07 23:44:36"
"2024-09-03";"";"447 017";"7 480";"27 561 564";"2024-09-03 12:57:44"
"2024-09-05";"";"49 881";"4 090";"27 561 883";"2024-09-05 22:31:59"
"2024-09-05";"";"458 506";"459 735";"27 561 978";"2024-09-05 04:01:02"
"2024-09-08";"";"207 884";"14 595";"27 562 372";"2024-09-09 02:59:04"
"2024-09-01";"";"56 046";"15 175";"27 562 371";"2024-09-01 16:01:52"
"2024-09-09";"";"919 619";"69 539";"27 563 264";"2024-09-10 01:58:51"
"2024-09-02";"Instagram";"40 007 749";"1 232 124";"27 561 616";"2024-09-02 04:13:18"
"2024-09-06";"";"538 307";"64 576";"27 563 507";"2024-09-06 06:03:28"
"2024-09-02";"";"426 622";"116 467";"27 562 021";"2024-09-02 20:29:30"
"2024-09-09";"Tas-ix";"0";"28 350";"27 561 221";"2024-09-09 09:30:43"
"2024-09-10";"Instagram";"10 733 208";"288 817";"27 561 888";"2024-09-10 04:25:00"
"2024-09-09";"";"28 078";"23 611";"27 562 083";"2024-09-09 20:29:36"
"2024-09-01";"";"256 696";"13 062";"27 563 016";"2024-09-02 01:58:57"
"2024-09-04";"";"48 102";"1 970";"27 563 318";"2024-09-04 11:32:20"
"2024-09-03";"";"183 688";"63 869";"27 561 742";"2024-09-04 00:57:15"
"2024-09-07";"";"195 134";"11 606";"27 562 242";"2024-09-07 07:40:27"
"2024-09-01";"";"11 617";"33 205";"27 561 805";"2024-09-01 17:02:28"
"2024-09-03";"";"59 759";"52 417";"27 562 733";"2024-09-03 03:36:41"
"2024-09-01";"";"247 079";"26 800";"27 562 739";"2024-09-01 18:39:38"
"2024-09-10";"";"88 541";"7 584";"27 563 243";"2024-09-10 08:05:01"
"2024-09-04";"";"278 845";"34 742";"27 561 468";"2024-09-04 06:27:15"
"2024-09-04";"";"14 996";"35 630";"27 562 091";"2024-09-04 13:46:26"
"2024-09-09";"";"4 577 915";"956 578";"27 563 469";"2024-09-10 00:33:24"
"2024-09-06";"";"119 300";"412 354";"27 563 378";"2024-09-06 09:54:36"
"2024-09-08";"";"4 570";"35 048";"27 562 806";"2024-09-08 21:18:36"
"2024-09-06";"";"177 053";"20 195";"27 562 961";"2024-09-06 19:28:52"
"2024-09-08";"";"69 645";"297 134";"27 561 723";"2024-09-08 14:59:07"
"2024-09-06";"Likee";"137 316";"99 251";"27 562 586";"2024-09-07 02:47:25"
"2024-09-05";"";"58 480";"27 170";"27 563 474";"2024-09-05 21:30:16"
"2024-09-07";"";"203 670";"650 533";"27 561 330";"2024-09-07 22:43:22"
"2024-09-04";"Yandex";"807 537";"42 757";"27 563 261";"2024-09-05 01:34:42"
"2024-09-08";"";"689 504";"49 798";"27 562 808";"2024-09-08 09:42:13"
"2024-09-07";"Unknown";"46 441";"198 310";"27 561 788";"2024-09-08 02:11:47"
"2024-09-05";"";"5 000";"26 916";"27 561 698";"2024-09-05 23:56:19"
"2024-09-10";"";"61 090";"8 424";"27 562 508";"2024-09-10 13:34:35"
"2024-09-10";"Unknown";"64 672";"4 720";"27 563 308";"2024-09-10 11:32:33"
"2024-09-07";"";"1 130";"75 125";"27 563 140";"2024-09-07 10:55:42"
"2024-09-04";"";"163 261";"8 947";"27 561 666";"2024-09-04 11:08:42"
"2024-09-02";"";"13 634 306";"1 508 696";"27 563 102";"2024-09-02 13:22:50"
"2024-09-09";"Instagram";"10 655 157";"723 854";"27 562 711";"2024-09-09 14:11:30"
"2024-09-10";"";"50 938";"24 975";"27 562 243";"2024-09-10 04:13:39"
"2024-09-09";"";"86 467";"6 657";"27 562 239";"2024-09-09 07:04:31"
"2024-09-02";"Instagram";"2 566 716";"3 265 158";"27 562 427";"2024-09-02 21:54:58"
"2024-09-06";"";"48 136";"6 834";"27 563 014";"2024-09-06 13:10:09"
"2024-09-05";"Facebook";"32 557";"1 977";"27 563 392";"2024-09-06 01:34:45"
"2024-09-10";"";"168 417";"119 908";"27 562 711";"2024-09-10 16:25:03"
"2024-09-05";"";"158 773";"82 496";"27 562 374";"2024-09-06 00:09:12"
"2024-09-06";"";"1 387 237";"82 816";"27 563 136";"2024-09-06 08:53:00"
"2024-09-05";"YouTube";"117 681";"7 409";"27 561 630";"2024-09-05 05:50:50"
"2024-09-02";"Apple Music";"51 332";"6 275";"27 561 569";"2024-09-02 10:07:36"
"2024-09-05";"Telegram";"2 777 918";"202 408";"27 562 441";"2024-09-05 09:06:43"
"2024-09-10";"";"30 816";"3 000";"27 561 275";"2024-09-10 03:36:38"
"2024-09-03";"";"42 113";"66 463";"27 563 320";"2024-09-03 03:36:05"
"2024-09-07";"";"25 997";"9 538";"27 562 921";"2024-09-07 18:15:55"
"2024-09-03";"";"86 330";"12 503";"27 562 889";"2024-09-03 04:13:28"
"2024-09-07";"Unknown";"201 585";"26 630";"27 562 666";"2024-09-08 02:35:02"
"2024-09-09";"";"67 499";"9 796";"27 562 717";"2024-09-09 18:15:52"
"2024-09-10";"YouTube";"254 916";"11 383";"27 561 244";"2024-09-10 22:19:22"
"2024-09-03";"Facebook";"1 081 100";"30 148";"27 562 355";"2024-09-03 03:48:12"
"2024-09-09";"";"509 197";"1 287 528";"27 562 304";"2024-09-09 16:25:27"
"2024-09-08";"";"457 196";"25 906";"27 563 404";"2024-09-08 09:42:31"
"2024-09-01";"Facebook";"1 335 262";"36 502";"27 561 830";"2024-09-01 23:44:37"
"2024-09-08";"";"1 312 168";"75 979";"27 563 145";"2024-09-08 14:47:21"
"2024-09-09";"";"952 357";"217 419";"27 562 454";"2024-09-09 19:16:57"
"2024-09-06";"YouTube";"37 715";"244 680";"27 563 218";"2024-09-06 14:35:03"
"2024-09-10";"";"31 454";"2 342";"27 563 220";"2024-09-10 07:16:37"
"2024-09-02";"";"2 496";"29 808";"27 561 352";"2024-09-02 03:24:23"
"2024-09-09";"";"22 837";"30 142";"27 562 226";"2024-09-09 14:59:49"
"2024-09-04";"";"347 318";"24 109";"27 562 893";"2024-09-04 06:27:54"
"2024-09-10";"";"135 917";"10 728";"27 561 251";"2024-09-10 08:05:26"
"2024-09-01";"";"454 586";"80 832";"27 561 232";"2024-09-01 05:38:14"
"2024-09-07";"";"179 220";"14 855";"27 561 457";"2024-09-07 14:35:20"
"2024-09-02";"";"70 962";"3 204";"27 561 457";"2024-09-02 09:06:21"
"2024-09-02";"";"180 738";"8 485";"27 562 917";"2024-09-02 10:43:32"
"2024-09-10";"";"2 101 955";"127 245";"27 563 424";"2024-09-10 11:20:32"
"2024-09-10";"Yandex";"4 651 606";"403 693";"27 563 065";"2024-09-10 14:59:32"
"2024-09-05";"";"120 772";"7 913";"27 563 070";"2024-09-06 00:45:26"
"2024-09-04";"YouTube";"1 279 544";"353 850";"27 562 956";"2024-09-04 05:14:13"
"2024-09-09";"WhatsApp";"19 591 045";"28 373 373";"27 561 879";"2024-09-09 13:58:04"
"2024-09-01";"";"30 872";"22 157";"27 562 070";"2024-09-01 16:49:50"
"2024-09-08";"";"89 124";"15 152";"27 561 916";"2024-09-08 23:56:22"
"2024-09-09";"";"29 966";"2 957";"27 562 344";"2024-09-09 22:43:29"
"2024-09-06";"Instagram";"420 573 387";"8 174 445";"27 562 708";"2024-09-06 03:12:58"
"2024-09-10";"Telegram";"69 864 926";"17 633 440";"27 563 317";"2024-09-10 09:06:03"
"2024-09-06";"";"43 427";"3 037";"27 561 462";"2024-09-06 03:24:44"
"2024-09-09";"";"35 694";"3 326";"27 561 596";"2024-09-09 23:20:30"
"2024-09-09";"Facebook";"2 042 050";"66 325";"27 563 162";"2024-09-10 02:35:23"
"2024-09-07";"";"433 056";"111 158";"27 562 548";"2024-09-07 17:14:42"
"2024-09-03";"Instagram";"1 636 223";"971 598";"27 562 251";"2024-09-03 08:41:38"
"2024-09-10";"";"74 307";"10 313";"27 562 305";"2024-09-10 23:20:06"
"2024-09-09";"";"1 073 370";"54 925";"27 563 183";"2024-09-09 10:55:02"
"2024-09-10";"";"94 600";"12 969";"27 562 172";"2024-09-10 04:49:55"
"2024-09-02";"";"67 305";"8 500";"27 562 044";"2024-09-02 16:25:38"
"2024-09-07";"YouTube";"358 001";"3 020 286";"27 563 063";"2024-09-08 02:47:02"
"2024-09-05";"";"505 102";"62 902";"27 561 800";"2024-09-05 23:44:40"
"2024-09-04";"";"949 676";"37 311";"27 563 512";"2024-09-04 14:47:29"
"2024-09-01";"";"143 606";"6 094";"27 561 897";"2024-09-01 15:00:57"
"2024-09-09";"";"27 655 417";"900 139";"27 562 170";"2024-09-09 23:56:15"
"2024-09-03";"";"33 996";"4 805";"27 563 335";"2024-09-03 20:41:28"
"2024-09-06";"Facebook";"309 842";"28 852";"27 561 855";"2024-09-06 09:54:26"
"2024-09-04";"YouTube";"20 321 583";"1 747 792";"27 561 481";"2024-09-04 10:55:13"
"2024-09-02";"";"202 755";"28 181";"27 563 022";"2024-09-02 11:56:29"
"2024-09-08";"Yandex";"94 241";"73 439";"27 563 122";"2024-09-08 19:40:56"
"2024-09-03";"";"94 124";"9 440";"27 562 069";"2024-09-03 07:04:15"
"2024-09-07";"Instagram";"51 253";"4 307";"27 563 494";"2024-09-07 03:00:15"
"2024-09-06";"";"25 619";"9 102";"27 561 303";"2024-09-06 20:41:47"
"2024-09-05";"";"1 420 931";"179 457";"27 561 294";"2024-09-05 23:08:43"
"2024-09-03";"";"124 356";"6 290";"27 562 083";"2024-09-03 17:26:46"
"2024-09-08";"YouTube";"2 796 070";"791 118";"27 562 570";"2024-09-08 07:28:51"
"2024-09-05";"";"41 726 494";"5 288 746";"27 562 365";"2024-09-05 11:20:52"
"2024-09-06";"YouTube";"10 011 972";"3 381 045";"27 561 239";"2024-09-06 12:57:10"
"2024-09-08";"";"87 098";"18 847";"27 562 004";"2024-09-08 12:45:39"
"2024-09-05";"YouTube";"8 056 091";"351 796";"27 562 254";"2024-09-05 18:27:18"
"2024-09-06";"VKontakte";"1 498 910";"42 889";"27 562 339";"2024-09-06 18:39:57"
"2024-09-04";"";"37 098";"6 491";"27 561 967";"2024-09-04 08:29:15"
"2024-09-10";"";"35 090";"6 829";"27 561 211";"2024-09-10 18:39:59"
"2024-09-08";"";"77 005";"35 470";"27 563 507";"2024-09-08 14:35:44"
"2024-09-09";"TikTok";"4 366";"235 895";"27 561 292";"2024-09-10 00:21:02"
"2024-09-04";"";"29 941";"2 798";"27 562 692";"2024-09-04 06:39:27"
"2024-09-04";"";"42 441";"19 439";"27 562 156";"2024-09-04 11:20:18"
"2024-09-03";"Instagram";"748 889";"219 996";"27 562 339";"2024-09-03 08:05:28"
"2024-09-04";"";"48 999";"2 519";"27 563 048";"2024-09-04 17:38:35"
"2024-09-01";"";"56 675";"147 820";"27 562 522";"2024-09-01 18:15:04"
"2024-09-06";"Facebook";"268 995";"282 832";"27 563 052";"2024-09-06 22:07:58"
"2024-09-09";"";"126 319";"12 046";"27 562 595";"2024-09-09 08:05:03"
"2024-09-08";"";"27 197";"2 506";"27 562 621";"2024-09-08 18:03:57"
"2024-09-07";"YouTube";"8 869 587";"440 356";"27 563 009";"2024-09-07 10:43:39"
"2024-09-09";"Facebook";"138 727";"73 897";"27 561 883";"2024-09-09 11:44:26"
"2024-09-10";"";"10 351";"51 746";"27 563 485";"2024-09-10 12:57:20"
"2024-09-06";"";"17 188";"32 721";"27 562 758";"2024-09-06 16:49:19"
"2024-09-02";"Instagram";"12 489 230";"623 206";"27 562 102";"2024-09-02 15:36:24"
"2024-09-02";"";"5 802 801";"67 861";"27 563 347";"2024-09-03 01:22:26"
"2024-09-09";"";"1 994 158";"125 195";"27 561 971";"2024-09-09 12:33:13"
"2024-09-08";"YouTube";"1 732 694";"114 837";"27 562 009";"2024-09-08 14:11:55"
"2024-09-02";"Yandex";"93 271";"5 265";"27 561 337";"2024-09-02 19:16:25"
"2024-09-10";"";"60 166";"36 961";"27 562 806";"2024-09-11 02:47:11"
"2024-09-04";"";"125 212";"12 925";"27 563 096";"2024-09-04 20:17:01"
"2024-09-06";"";"1 402 396";"194 893";"27 563 134";"2024-09-06 20:29:12"
"2024-09-01";"";"390 390";"108 021";"27 562 439";"2024-09-01 06:51:04"
"2024-09-10";"";"72 014";"20 875";"27 562 087";"2024-09-10 12:09:28"
"2024-09-08";"YouTube";"7 253 247";"441 282";"27 561 426";"2024-09-08 12:09:25"
"2024-09-03";"";"2 064 420";"18 305";"27 561 452";"2024-09-03 08:05:07"
"2024-09-05";"Facebook";"535 057";"7 185 818";"27 561 413";"2024-09-05 06:15:48"
"2024-09-06";"Facebook";"700 512";"29 625";"27 562 348";"2024-09-06 12:57:41"
"2024-09-06";"";"4 623 670";"225 086";"27 562 696";"2024-09-06 15:36:07"
"2024-09-10";"Telegram";"104 479 493";"45 605 231";"27 563 325";"2024-09-10 07:04:07"
"2024-09-03";"";"151 792";"178 067";"27 562 895";"2024-09-03 06:39:58"
"2024-09-04";"";"6 516";"46 777";"27 562 124";"2024-09-04 16:13:52"
"2024-09-02";"";"146 692";"23 781";"27 562 614";"2024-09-02 04:13:24"
"2024-09-05";"";"179 413";"28 334";"27 562 413";"2024-09-05 06:27:37"
"2024-09-03";"";"48 698";"5 360";"27 563 114";"2024-09-03 13:58:00"
"2024-09-01";"Yandex";"1 203 499";"59 340";"27 562 907";"2024-09-01 10:19:28"
"2024-09-05";"Unknown";"6 460";"65 407";"27 563 355";"2024-09-05 14:47:58"
"2024-09-04";"Instagram";"23 334 846";"326 660";"27 561 695";"2024-09-04 05:26:35"
"2024-09-02";"";"92 468";"6 980";"27 562 527";"2024-09-02 19:28:34"
"2024-09-06";"";"58 966";"3 126";"27 561 317";"2024-09-06 07:52:20"
"2024-09-07";"";"1 210 999";"176 566";"27 562 607";"2024-09-07 08:05:15"
"2024-09-02";"";"353 876";"3 386";"27 562 049";"2024-09-03 01:22:32"
"2024-09-09";"";"594 951";"419 386";"27 562 699";"2024-09-09 04:37:03"
"2024-09-02";"";"42 674";"4 394";"27 563 284";"2024-09-02 07:28:50"
"2024-09-08";"WhatsApp";"301 635";"19 538";"27 561 567";"2024-09-08 08:53:31"
"2024-09-02";"";"171 297";"17 485";"27 561 456";"2024-09-03 01:22:27"
"2024-09-05";"";"499 699";"33 661";"27 562 550";"2024-09-05 11:20:53"
"2024-09-09";"";"65 575";"12 501";"27 563 414";"2024-09-09 07:16:00"
"2024-09-10";"YouTube";"646 437";"1 945 497";"27 562 149";"2024-09-10 09:54:59"
"2024-09-05";"PUBG";"3 710 282";"165 261";"27 562 122";"2024-09-06 02:23:55"
"2024-09-07";"Instagram";"21 040 872";"546 704";"27 562 355";"2024-09-07 11:56:55"
"2024-09-09";"";"142 371";"11 829";"27 562 240";"2024-09-09 03:00:42"
"2024-09-08";"";"31 340";"4 729";"27 562 666";"2024-09-09 00:09:00"
"2024-09-10";"";"25 976";"7 020";"27 561 201";"2024-09-10 23:56:29"
"2024-09-05";"";"112 925";"82 942";"27 561 195";"2024-09-05 06:27:38"
"2024-09-09";"";"205 898";"11 189";"27 562 518";"2024-09-09 10:07:10"
"2024-09-01";"";"139 856";"3 386";"27 562 252";"2024-09-01 13:22:52"
"2024-09-06";"";"406 551";"25 848";"27 561 259";"2024-09-06 18:39:03"
"2024-09-01";"";"103 641";"2 979";"27 561 224";"2024-09-01 15:00:46"
"2024-09-05";"WhatsApp";"3 953 053";"1 190 113";"27 563 100";"2024-09-05 17:26:11"
"2024-09-05";"WhatsApp";"3 448 909";"216 867";"27 561 195";"2024-09-05 19:16:57"
"2024-09-05";"";"152 146";"27 185";"27 561 762";"2024-09-05 06:51:53"
"2024-09-08";"YouTube";"415 649";"4 156 341";"27 563 231";"2024-09-08 17:50:59"
"2024-09-08";"";"42 992";"5 645";"27 562 578";"2024-09-08 16:37:06"
"2024-09-07";"Instagram";"4 460 764";"375 484";"27 561 828";"2024-09-07 11:08:02"
"2024-09-05";"";"52 256";"4 894";"27 563 467";"2024-09-05 09:30:31"
"2024-09-03";"";"436 638";"33 454";"27 562 024";"2024-09-03 07:52:20"
"2024-09-05";"Telegram";"54 028 681";"3 604 173";"27 561 670";"2024-09-06 01:34:28"
"2024-09-04";"";"164 425";"26 408";"27 561 587";"2024-09-04 12:33:48"
"2024-09-09";"";"6 123";"77 702";"27 561 302";"2024-09-09 20:05:58"
"2024-09-03";"";"130 583";"31 997";"27 563 217";"2024-09-03 07:40:05"
"2024-09-04";"Facebook";"77 096";"20 367";"27 562 096";"2024-09-05 02:23:14"
"2024-09-04";"";"721 028";"54 991";"27 562 646";"2024-09-04 06:39:20"
"2024-09-09";"YouTube";"126 935";"26 076";"27 562 047";"2024-09-09 14:11:30"
"2024-09-10";"Facebook";"888 309";"83 329";"27 562 100";"2024-09-11 01:58:56"
"2024-09-05";"";"45 395";"41 403";"27 562 535";"2024-09-05 17:38:27"
"2024-09-04";"";"373 396";"23 953";"27 562 960";"2024-09-04 08:29:13"
"2024-09-07";"";"36 953";"11 072";"27 562 085";"2024-09-07 04:25:00"
"2024-09-06";"";"26 962";"14 649";"27 562 512";"2024-09-06 22:31:56"
"2024-09-06";"WhatsApp";"116 321";"60 382";"27 561 607";"2024-09-06 18:03:27"
"2024-09-06";"";"102 927";"4 249";"27 562 459";"2024-09-06 19:16:51"
"2024-09-01";"YouTube";"33 885";"48 032";"27 562 512";"2024-09-01 08:17:39"
"2024-09-07";"";"313 179";"13 507";"27 561 851";"2024-09-08 01:46:26"
"2024-09-05";"";"59 544";"2 528";"27 562 778";"2024-09-05 11:32:20"
"2024-09-04";"";"38 793";"112 065";"27 562 781";"2024-09-04 21:18:08"
"2024-09-02";"";"238 623";"72 013";"27 561 239";"2024-09-02 07:16:46"
"2024-09-06";"";"26 138";"440 127";"27 563 023";"2024-09-06 20:05:42"
"2024-09-04";"Instagram";"333 516";"6 937";"27 563 158";"2024-09-04 16:13:44"
"2024-09-03";"";"95 422";"1 065 437";"27 562 642";"2024-09-03 06:39:28"
"2024-09-08";"Yandex";"99 919";"7 363";"27 563 447";"2024-09-08 05:02:52"
