"date_id";"option_name";"bytes_in";"bytes_out";"account_id";"option_datetime"
"2024-09-08";"YouTube";"452 665 792";"26 801 155";"27 561 543";"2024-09-08 14:47:09"
"2024-09-07";"";"102 830";"103 084";"27 562 497";"2024-09-07 21:54:19"
"2024-09-08";"Telegram";"61 262 474";"3 799 848";"27 562 674";"2024-09-08 05:02:43"
"2024-09-06";"";"183 814";"23 727";"27 561 742";"2024-09-06 16:01:35"
"2024-09-03";"Likee";"142 369";"6 556";"27 561 372";"2024-09-03 08:05:49"
"2024-09-03";"";"682 638";"39 230";"27 563 336";"2024-09-03 23:08:18"
"2024-09-04";"";"257 088";"12 155";"27 563 093";"2024-09-04 14:23:52"
"2024-09-07";"Telegram";"5 346 472";"240 763";"27 563 105";"2024-09-07 14:35:12"
"2024-09-02";"";"64 064";"71 803";"27 562 629";"2024-09-02 06:27:38"
"2024-09-05";"";"68 799";"16 898";"27 563 033";"2024-09-05 20:17:16"
"2024-09-10";"Telegram";"433 748";"53 571";"27 562 805";"2024-09-11 02:59:13"
"2024-09-05";"";"7 713";"59 017";"27 561 999";"2024-09-05 13:10:07"
"2024-09-02";"";"312 996";"35 059";"27 561 865";"2024-09-02 10:55:00"
"2024-09-06";"";"26 846";"17 557";"27 563 338";"2024-09-06 06:03:24"
"2024-09-06";"";"300 548";"40 571";"27 562 717";"2024-09-06 10:19:51"
"2024-09-03";"";"91 286";"16 414";"27 561 912";"2024-09-03 15:00:57"
"2024-09-02";"";"321 256";"175 353";"27 561 796";"2024-09-02 04:49:46"
"2024-09-03";"YouTube";"1 492 663";"84 575";"27 563 238";"2024-09-03 09:18:52"
"2024-09-06";"Facebook";"106 595";"11 159";"27 562 460";"2024-09-06 13:34:37"
"2024-09-04";"";"663 515";"71 010";"27 562 250";"2024-09-04 08:05:25"
"2024-09-06";"";"26 608";"10 405";"27 562 278";"2024-09-06 08:53:10"
"2024-09-07";"";"34 437";"2 610";"27 563 099";"2024-09-07 18:27:10"
"2024-09-02";"";"41 971";"24 204";"27 562 889";"2024-09-02 10:55:01"
"2024-09-10";"";"0";"168 916";"27 563 181";"2024-09-10 07:16:09"
"2024-09-01";"YouTube";"27 791";"5 893";"27 561 324";"2024-09-01 15:24:36"
"2024-09-04";"";"633 851";"25 829";"27 563 308";"2024-09-04 19:40:56"
"2024-09-02";"";"110 854";"41 642";"27 561 239";"2024-09-02 03:36:24"
"2024-09-08";"";"126 810";"289 318";"27 563 347";"2024-09-08 19:28:21"
"2024-09-08";"";"27 822";"29 758";"27 561 204";"2024-09-08 07:40:35"
"2024-09-10";"";"60 011";"5 148";"27 562 289";"2024-09-11 02:59:51"
"2024-09-09";"TikTok";"3 927";"172 740";"27 563 062";"2024-09-09 06:27:26"
"2024-09-03";"";"24 289";"79 349";"27 562 327";"2024-09-03 09:18:16"
"2024-09-06";"";"72 051";"6 344";"27 562 879";"2024-09-06 14:35:03"
"2024-09-09";"";"1 274 839";"180 045";"27 561 347";"2024-09-09 07:04:28"
"2024-09-06";"";"1 401 697";"54 924";"27 562 192";"2024-09-06 16:01:46"
"2024-09-01";"";"25 987";"10 960";"27 563 119";"2024-09-01 14:47:09"
"2024-09-10";"";"30 068";"4 658";"27 562 593";"2024-09-11 01:46:47"
"2024-09-02";"Apple Music";"1 789 272";"61 088";"27 562 232";"2024-09-02 11:20:23"
"2024-09-04";"";"213 832";"36 389";"27 562 578";"2024-09-05 00:21:42"
"2024-09-07";"TikTok";"333 537";"4 008 002";"27 562 339";"2024-09-07 14:59:35"
"2024-09-09";"";"27 977";"21 534";"27 563 216";"2024-09-10 02:11:15"
"2024-09-10";"";"30 797";"2 924";"27 563 111";"2024-09-10 04:01:37"
"2024-09-01";"";"203 666";"148 252";"27 561 884";"2024-09-01 09:18:39"
"2024-09-06";"";"33 438";"5 301";"27 562 059";"2024-09-06 06:39:27"
"2024-09-02";"";"14 320 908";"775 189";"27 563 409";"2024-09-02 04:37:00"
"2024-09-03";"Telegram";"17 591 376";"3 763 843";"27 561 912";"2024-09-03 22:19:12"
"2024-09-09";"Spotify";"26 615";"10 823";"27 561 845";"2024-09-10 01:58:14"
"2024-09-10";"Facebook";"31 757";"3 528";"27 562 364";"2024-09-10 08:05:52"
"2024-09-06";"";"65 214";"7 782";"27 562 942";"2024-09-06 15:36:09"
"2024-09-05";"Instagram";"260 105";"60 733";"27 562 264";"2024-09-05 09:18:28"
"2024-09-09";"Instagram";"15 386 434";"12 341 734";"27 563 432";"2024-09-09 11:08:21"
"2024-09-05";"YouTube";"17 151";"115 222";"27 562 059";"2024-09-05 16:13:03"
"2024-09-01";"";"33 860";"5 519";"27 561 582";"2024-09-01 22:19:33"
"2024-09-10";"";"160 488";"66 758";"27 561 375";"2024-09-10 17:26:52"
"2024-09-10";"";"55 587";"6 182";"27 562 760";"2024-09-10 20:29:17"
"2024-09-08";"";"233 420";"60 548";"27 563 472";"2024-09-08 19:28:59"
"2024-09-06";"YouTube";"785 802";"30 293";"27 562 055";"2024-09-07 02:35:00"
"2024-09-08";"Instagram";"84 225 210";"3 751 421";"27 561 361";"2024-09-09 02:11:46"
"2024-09-05";"";"30 690";"3 406";"27 563 234";"2024-09-05 19:16:40"
"2024-09-09";"";"83 937";"3 623";"27 563 152";"2024-09-09 11:20:35"
"2024-09-04";"";"45 614";"5 566";"27 562 355";"2024-09-04 15:00:31"
"2024-09-05";"Instagram";"14 968 135";"11 741 238";"27 563 334";"2024-09-05 16:13:33"
"2024-09-01";"YouTube";"4 528 354";"272 208";"27 561 211";"2024-09-01 13:22:05"
"2024-09-03";"YouTube";"582 215";"84 885";"27 561 730";"2024-09-03 23:20:11"
"2024-09-03";"";"34 542";"13 924";"27 563 154";"2024-09-03 13:46:04"
"2024-09-10";"";"223 722";"15 261";"27 561 474";"2024-09-10 18:03:49"
"2024-09-03";"";"172 235 846";"7 470 490";"27 563 140";"2024-09-03 03:36:03"
"2024-09-06";"";"226 891";"8 183";"27 562 969";"2024-09-06 21:54:10"
"2024-09-08";"Facebook";"58 146";"5 433";"27 561 921";"2024-09-08 06:39:35"
"2024-09-04";"";"58 693";"19 294";"27 562 982";"2024-09-04 14:47:59"
"2024-09-08";"";"28 018";"14 064";"27 561 544";"2024-09-08 13:22:00"
"2024-09-05";"";"1 150 262";"215 986";"27 561 583";"2024-09-05 03:48:42"
"2024-09-02";"";"221 278";"54 135";"27 563 147";"2024-09-02 16:13:54"
"2024-09-05";"Yandex";"2 658 957";"181 284";"27 562 803";"2024-09-05 12:21:22"
"2024-09-03";"";"153 774";"7 457";"27 561 592";"2024-09-04 02:11:52"
"2024-09-05";"Telegram";"12 707 097";"3 501 761";"27 563 106";"2024-09-05 05:38:28"
"2024-09-01";"Instagram";"22 182 255";"820 318";"27 562 427";"2024-09-01 16:13:45"
"2024-09-06";"";"235 727";"20 471";"27 561 172";"2024-09-07 01:58:41"
"2024-09-04";"";"475 713";"19 487";"27 562 462";"2024-09-04 11:20:32"
"2024-09-08";"";"469 087";"97 311";"27 563 372";"2024-09-09 01:58:23"
"2024-09-01";"YouTube";"230 481";"32 478";"27 562 417";"2024-09-01 18:39:49"
"2024-09-10";"";"349 804";"16 960";"27 562 714";"2024-09-10 23:44:07"
"2024-09-03";"";"1 088 023";"70 319";"27 563 289";"2024-09-03 09:42:03"
"2024-09-02";"";"799 984";"62 824";"27 561 474";"2024-09-02 11:08:48"
"2024-09-08";"";"0";"65 805";"27 562 324";"2024-09-09 00:45:58"
"2024-09-05";"";"896 146";"209 597";"27 562 574";"2024-09-05 18:03:17"
"2024-09-09";"";"29 461";"7 222";"27 562 170";"2024-09-09 14:23:06"
"2024-09-06";"YouTube";"480 749";"64 701";"27 562 653";"2024-09-06 05:50:54"
"2024-09-05";"";"32 095";"19 274";"27 563 333";"2024-09-05 12:09:33"
"2024-09-05";"";"5 009";"25 621";"27 562 242";"2024-09-05 09:30:06"
"2024-09-03";"YouTube";"828 434";"249 177";"27 561 556";"2024-09-03 14:11:36"
"2024-09-03";"";"267 967";"14 547";"27 563 030";"2024-09-03 13:34:05"
"2024-09-09";"Instagram";"454 815";"7 520";"27 561 449";"2024-09-10 02:35:03"
"2024-09-10";"Yandex";"609 506";"307 781";"27 561 269";"2024-09-10 10:07:52"
"2024-09-10";"YouTube";"1 865 260";"148 523";"27 561 851";"2024-09-10 18:03:37"
"2024-09-08";"";"33 196";"3 619";"27 562 997";"2024-09-09 02:35:08"
"2024-09-02";"";"40 446";"2 859";"27 562 473";"2024-09-02 12:45:13"
"2024-09-07";"";"526 429";"35 718";"27 561 775";"2024-09-07 22:07:41"
"2024-09-08";"";"30 498";"2 881";"27 562 015";"2024-09-08 22:19:33"
"2024-09-07";"";"45 704";"14 858";"27 562 889";"2024-09-07 13:22:05"
"2024-09-06";"";"40 225";"28 215";"27 562 064";"2024-09-06 19:40:24"
"2024-09-09";"Telegram";"592 234";"71 548";"27 562 024";"2024-09-09 17:02:37"
"2024-09-01";"YouTube";"756 699";"97 531";"27 561 181";"2024-09-02 01:10:22"
"2024-09-07";"Yandex";"70 644";"5 663";"27 561 372";"2024-09-07 14:47:43"
"2024-09-10";"Instagram";"211 562 338";"6 490 530";"27 562 845";"2024-09-10 07:28:08"
"2024-09-05";"Facebook";"1 537 762";"463 935";"27 561 172";"2024-09-05 04:37:36"
"2024-09-07";"";"46 483 609";"4 173 059";"27 563 240";"2024-09-07 15:48:46"
"2024-09-03";"";"96 310";"8 587";"27 563 510";"2024-09-03 20:17:28"
"2024-09-01";"";"70 832";"10 539";"27 561 341";"2024-09-01 14:11:33"
"2024-09-02";"";"43 639";"3 931";"27 561 591";"2024-09-02 05:50:55"
"2024-09-05";"Facebook";"32 119 689";"958 117";"27 561 433";"2024-09-06 01:46:58"
"2024-09-06";"";"2 432 785";"637 322";"27 561 888";"2024-09-06 06:27:41"
"2024-09-01";"";"26 583";"9 041";"27 561 215";"2024-09-01 11:44:56"
"2024-09-05";"";"1 479 431";"119 279";"27 561 819";"2024-09-06 01:10:27"
"2024-09-03";"";"30 983";"13 276";"27 563 471";"2024-09-03 06:39:22"
"2024-09-08";"";"37 345";"3 712";"27 563 151";"2024-09-08 20:17:50"
"2024-09-01";"Facebook";"1 800 223";"140 524";"27 561 669";"2024-09-01 14:47:27"
"2024-09-06";"Instagram";"469 722";"66 441";"27 562 787";"2024-09-06 06:03:21"
"2024-09-05";"Facebook";"27 907";"38 577";"27 562 388";"2024-09-05 07:04:04"
"2024-09-02";"";"45 615";"24 733";"27 561 232";"2024-09-02 07:28:43"
"2024-09-02";"Instagram";"39 465 505";"1 593 866";"27 563 434";"2024-09-02 06:51:13"
"2024-09-09";"";"30 770";"26 893";"27 563 060";"2024-09-09 18:03:36"
"2024-09-09";"WhatsApp";"1 341 720";"1 190 929";"27 561 819";"2024-09-09 04:49:06"
"2024-09-02";"";"377 868";"13 200";"27 563 041";"2024-09-02 15:48:10"
"2024-09-04";"";"127 420";"96 057";"27 562 298";"2024-09-04 16:37:14"
"2024-09-06";"";"2 600 461";"143 465";"27 563 278";"2024-09-06 09:06:19"
"2024-09-05";"";"53 988";"24 102";"27 563 041";"2024-09-05 21:30:00"
"2024-09-04";"Yandex";"1 178 071";"309 294";"27 562 447";"2024-09-04 16:25:53"
"2024-09-01";"";"32 391";"2 073";"27 563 501";"2024-09-01 03:24:44"
"2024-09-07";"";"7 839";"41 258";"27 562 003";"2024-09-07 20:17:10"
"2024-09-01";"";"129 789";"19 556";"27 561 623";"2024-09-01 20:05:53"
"2024-09-07";"";"276 742";"25 691";"27 563 026";"2024-09-07 12:33:24"
"2024-09-05";"";"1 020 441";"39 987";"27 563 432";"2024-09-05 15:48:44"
"2024-09-10";"";"749 702";"1 672 556";"27 563 299";"2024-09-10 13:58:42"
"2024-09-06";"TikTok";"3 072";"105 429";"27 561 994";"2024-09-07 00:21:05"
"2024-09-06";"";"25 774";"29 933";"27 561 227";"2024-09-06 06:27:17"
"2024-09-01";"Tas-ix";"3 464 134";"176 630";"27 562 971";"2024-09-01 15:24:47"
"2024-09-10";"Instagram";"303 787 386";"9 080 188";"27 561 687";"2024-09-11 01:34:35"
"2024-09-06";"";"23 053 016";"3 816 558";"27 562 398";"2024-09-06 17:14:15"
"2024-09-10";"";"2 153 151";"3 236 664";"27 563 416";"2024-09-10 18:15:18"
"2024-09-07";"";"40 681";"23 899";"27 562 527";"2024-09-07 23:20:45"
"2024-09-08";"Facebook";"26 896";"6 668";"27 563 165";"2024-09-08 15:24:35"
"2024-09-02";"WhatsApp";"2 090 368";"125 555";"27 563 001";"2024-09-02 06:03:19"
"2024-09-06";"";"1 865 878";"88 527";"27 562 530";"2024-09-06 16:25:44"
"2024-09-08";"";"8 487";"94 089";"27 563 154";"2024-09-08 03:36:05"
"2024-09-02";"";"53 549";"552 656";"27 562 965";"2024-09-02 16:25:02"
"2024-09-05";"";"168 965";"7 363";"27 562 317";"2024-09-05 03:48:23"
"2024-09-09";"";"125 168";"6 289";"27 561 289";"2024-09-09 12:57:54"
"2024-09-01";"";"43 612";"25 184";"27 563 147";"2024-09-01 15:36:27"
"2024-09-04";"";"42 587";"3 533";"27 562 470";"2024-09-04 19:40:41"
"2024-09-03";"";"479 171";"99 043";"27 561 621";"2024-09-03 09:54:22"
"2024-09-02";"";"109 289";"9 809";"27 561 898";"2024-09-02 13:58:50"
"2024-09-10";"YouTube";"433 093";"93 457";"27 562 555";"2024-09-10 17:50:45"
"2024-09-03";"";"54 899";"6 899";"27 561 330";"2024-09-04 01:58:17"
"2024-09-06";"Telegram";"308 381 986";"18 065 545";"27 561 723";"2024-09-06 14:11:55"
"2024-09-10";"Facebook";"193 143";"18 668";"27 562 413";"2024-09-10 14:11:18"
"2024-09-02";"";"1 536 333";"54 460";"27 562 524";"2024-09-02 04:13:07"
"2024-09-06";"";"209 318";"10 223";"27 563 144";"2024-09-06 16:01:35"
"2024-09-03";"";"182 831";"11 185";"27 561 437";"2024-09-03 03:36:20"
"2024-09-06";"";"82 664";"8 949";"27 561 622";"2024-09-06 08:53:16"
"2024-09-05";"";"1 274 023";"180 690";"27 561 295";"2024-09-05 04:13:27"
"2024-09-09";"YouTube";"90 562 282";"6 613 891";"27 561 182";"2024-09-09 08:53:01"
"2024-09-07";"";"34 936";"6 913";"27 563 500";"2024-09-07 20:29:58"
"2024-09-05";"YouTube";"3 022 087";"152 061";"27 563 379";"2024-09-05 07:28:01"
"2024-09-07";"YouTube";"90 160 448";"5 351 262";"27 562 391";"2024-09-07 17:50:37"
"2024-09-09";"";"184 665";"11 577";"27 561 199";"2024-09-09 21:42:42"
"2024-09-06";"Telegram";"131 579 717";"6 018 866";"27 561 293";"2024-09-06 10:43:05"
"2024-09-08";"Telegram";"11 742 338";"779 169";"27 562 648";"2024-09-08 14:47:55"
"2024-09-01";"Yandex";"648 940";"39 253";"27 562 294";"2024-09-01 20:53:41"
"2024-09-01";"";"21 853";"148 301";"27 563 446";"2024-09-01 21:54:21"
"2024-09-01";"YouTube";"42 999 674";"4 151 548";"27 562 905";"2024-09-01 09:42:32"
"2024-09-01";"";"3 161 531";"291 276";"27 563 238";"2024-09-02 02:47:28"
"2024-09-09";"";"4 892 369";"722 533";"27 562 582";"2024-09-09 09:42:49"
"2024-09-05";"";"119 338";"5 093";"27 563 143";"2024-09-05 18:51:44"
"2024-09-01";"";"1 409 282";"173 541";"27 562 812";"2024-09-02 02:23:48"
"2024-09-09";"Yandex";"46 116";"4 495";"27 561 232";"2024-09-09 22:31:26"
"2024-09-08";"";"11 454";"27 142";"27 562 278";"2024-09-08 07:16:25"
"2024-09-02";"";"4 960 492";"265 192";"27 562 834";"2024-09-02 23:44:56"
"2024-09-09";"YouTube";"2 604 319";"1 185 527";"27 561 179";"2024-09-09 09:06:38"
"2024-09-08";"";"161 631";"41 505";"27 561 745";"2024-09-08 03:36:51"
"2024-09-08";"";"2 681 572";"706 284";"27 561 347";"2024-09-08 19:16:38"
"2024-09-08";"Instagram";"547 490";"135 725";"27 561 809";"2024-09-08 10:55:52"
"2024-09-09";"Instagram";"2 522 275";"355 972";"27 563 432";"2024-09-10 02:47:42"
"2024-09-01";"Facebook";"389 895";"37 053";"27 562 615";"2024-09-01 15:48:09"
"2024-09-09";"";"88 123";"24 327";"27 562 827";"2024-09-09 13:10:44"
"2024-09-03";"Tas-ix";"618 228";"30 961";"27 563 334";"2024-09-03 16:49:11"
"2024-09-09";"Instagram";"740 202";"879 646";"27 563 485";"2024-09-09 19:28:58"
"2024-09-06";"";"33 454";"3 375";"27 562 265";"2024-09-06 16:49:08"
"2024-09-01";"";"54 133";"13 723";"27 562 223";"2024-09-01 11:56:18"
"2024-09-04";"";"8 712";"53 013";"27 561 480";"2024-09-05 00:45:17"
"2024-09-05";"";"25 956";"10 932";"27 561 370";"2024-09-05 03:48:08"
"2024-09-09";"Instagram";"41 698 899";"996 038";"27 562 858";"2024-09-09 20:17:49"
"2024-09-10";"Telegram";"32 145 690";"1 667 710";"27 562 350";"2024-09-10 19:40:34"
"2024-09-04";"Yandex";"176 374";"67 812";"27 563 442";"2024-09-04 13:46:41"
"2024-09-02";"";"47 358";"4 562";"27 562 236";"2024-09-02 11:20:39"
"2024-09-01";"";"36 288";"18 779";"27 563 088";"2024-09-01 14:47:10"
"2024-09-09";"";"147 765";"39 635";"27 562 775";"2024-09-09 11:20:14"
"2024-09-07";"";"996 828";"93 602";"27 561 402";"2024-09-07 17:50:44"
"2024-09-08";"";"110 762";"32 700";"27 561 801";"2024-09-08 17:02:54"
"2024-09-10";"Telegram";"24 292 247";"1 932 403";"27 562 942";"2024-09-10 21:30:46"
"2024-09-01";"";"129 418";"450 565";"27 562 125";"2024-09-02 02:23:39"
"2024-09-06";"";"63 709";"92 789";"27 562 800";"2024-09-06 21:18:04"
"2024-09-10";"";"28 016";"5 918";"27 561 342";"2024-09-11 01:34:39"
"2024-09-02";"Facebook";"451 370";"38 251";"27 561 811";"2024-09-03 00:21:36"
"2024-09-09";"";"96 900";"15 269";"27 563 047";"2024-09-09 20:29:41"
"2024-09-03";"";"62 049";"299 694";"27 561 384";"2024-09-03 18:03:17"
"2024-09-07";"WhatsApp";"68 593";"20 128";"27 562 762";"2024-09-07 20:41:47"
"2024-09-09";"YouTube";"8 889 681";"413 490";"27 562 152";"2024-09-09 06:51:31"
"2024-09-02";"";"452 039";"71 062";"27 561 855";"2024-09-03 00:21:11"
"2024-09-01";"";"1 705 401";"74 673";"27 561 800";"2024-09-01 21:54:40"
"2024-09-03";"";"92 013";"24 071";"27 562 941";"2024-09-03 23:44:20"
"2024-09-06";"WhatsApp";"7 004 986";"11 177 299";"27 561 814";"2024-09-06 08:05:22"
"2024-09-10";"";"53 018";"2 678";"27 563 269";"2024-09-10 19:16:16"
"2024-09-06";"";"24 384 061";"741 158";"27 562 044";"2024-09-06 06:39:32"
"2024-09-03";"Facebook";"1 419 903";"77 586";"27 561 890";"2024-09-03 12:09:34"
"2024-09-06";"";"81 521";"145 993";"27 561 230";"2024-09-06 21:54:55"
"2024-09-06";"";"823 286";"19 835";"27 562 142";"2024-09-06 04:01:31"
"2024-09-09";"";"40 717";"14 373";"27 562 573";"2024-09-09 13:10:10"
"2024-09-08";"Facebook";"63 969";"5 558";"27 561 900";"2024-09-09 02:47:35"
"2024-09-10";"Tas-ix";"2 787 426";"909 012";"27 563 509";"2024-09-10 09:18:04"
"2024-09-02";"Instagram";"253 999";"27 368";"27 562 886";"2024-09-02 18:27:53"
"2024-09-03";"Facebook";"2 108 950";"97 011";"27 562 629";"2024-09-03 04:01:39"
"2024-09-10";"YouTube";"240 210";"3 111 027";"27 562 841";"2024-09-11 00:57:32"
"2024-09-05";"";"13 631";"30 070";"27 561 222";"2024-09-06 00:21:17"
"2024-09-10";"";"28 170";"7 654";"27 562 536";"2024-09-10 19:04:58"
"2024-09-06";"";"35 404";"16 273";"27 562 595";"2024-09-06 08:17:36"
"2024-09-10";"";"8 525 426";"174 043";"27 563 143";"2024-09-11 00:09:54"
"2024-09-03";"Instagram";"55 695 649";"1 303 156";"27 563 515";"2024-09-03 08:05:48"
"2024-09-09";"Yandex";"93 025";"4 523";"27 563 419";"2024-09-09 15:48:15"
"2024-09-05";"";"156 417";"26 257";"27 563 204";"2024-09-05 13:34:26"
"2024-09-10";"YouTube";"951 592";"292 365";"27 562 871";"2024-09-10 16:37:19"
"2024-09-10";"";"2 438 827";"96 450";"27 562 992";"2024-09-10 16:37:32"
"2024-09-07";"Unknown";"25 604";"2 302";"27 563 317";"2024-09-07 21:06:39"
"2024-09-02";"Yandex";"1 415 938";"1 418 966";"27 563 500";"2024-09-02 03:24:29"
"2024-09-05";"Yandex";"251 101";"67 409";"27 562 320";"2024-09-05 09:30:05"
"2024-09-01";"Yandex";"51 492 173";"5 711 841";"27 562 684";"2024-09-01 17:14:00"
"2024-09-10";"Tas-ix";"732 940";"57 323";"27 562 642";"2024-09-10 18:03:42"
"2024-09-09";"WhatsApp";"4 214 000";"308 862";"27 562 692";"2024-09-09 17:02:48"
"2024-09-05";"WhatsApp";"24 384";"29 935";"27 562 599";"2024-09-05 10:19:03"
"2024-09-04";"";"5 995 822";"273 231";"27 561 697";"2024-09-04 16:13:50"
"2024-09-08";"";"19 215";"83 308";"27 563 419";"2024-09-08 22:43:05"
"2024-09-05";"YouTube";"339 220";"2 508 900";"27 562 347";"2024-09-05 19:40:41"
"2024-09-02";"";"350 966";"312 115";"27 561 707";"2024-09-02 12:21:30"
"2024-09-04";"";"447 693";"145 629";"27 562 479";"2024-09-04 21:42:53"
"2024-09-03";"";"1 092 424";"58 965";"27 561 232";"2024-09-03 16:49:53"
"2024-09-05";"Telegram";"57 800 509";"6 930 303";"27 561 428";"2024-09-05 07:52:28"
"2024-09-06";"";"127 332";"122 962";"27 562 326";"2024-09-07 01:34:42"
"2024-09-07";"";"13 478";"67 553";"27 562 260";"2024-09-07 10:31:30"
"2024-09-09";"";"101 593";"4 285";"27 561 311";"2024-09-09 17:38:38"
"2024-09-09";"Instagram";"47 588 289";"841 608";"27 561 392";"2024-09-09 12:57:38"
"2024-09-08";"";"26 802";"11 589";"27 563 442";"2024-09-08 18:51:23"
"2024-09-05";"PUBG";"30 133";"12 454";"27 562 900";"2024-09-05 14:47:05"
"2024-09-10";"";"6 050";"36 421";"27 562 754";"2024-09-10 18:51:04"
"2024-09-05";"Telegram";"106 429 463";"9 881 552";"27 563 334";"2024-09-05 10:55:10"
"2024-09-01";"Instagram";"370 546";"81 642";"27 562 964";"2024-09-01 07:28:21"
"2024-09-03";"Facebook";"100 935";"7 428";"27 563 262";"2024-09-03 06:03:03"
"2024-09-05";"";"344 464";"17 978";"27 562 609";"2024-09-05 21:42:24"
"2024-09-06";"";"1 360";"66 930";"27 562 612";"2024-09-06 13:10:22"
"2024-09-09";"YouTube";"150 638 306";"9 355 672";"27 561 275";"2024-09-09 21:18:39"
"2024-09-08";"Instagram";"6 701 121";"1 955 668";"27 562 595";"2024-09-08 16:49:47"
"2024-09-04";"";"269 753";"160 970";"27 561 222";"2024-09-04 22:43:47"
"2024-09-07";"";"57 019";"13 038";"27 562 071";"2024-09-07 04:37:40"
"2024-09-02";"";"30 378";"3 012";"27 563 123";"2024-09-02 09:30:33"
"2024-09-08";"WhatsApp";"101 088";"125 465";"27 561 820";"2024-09-08 20:53:45"
"2024-09-06";"Facebook";"95 209";"11 418";"27 561 354";"2024-09-06 22:07:46"
"2024-09-04";"";"17 952";"66 613";"27 563 290";"2024-09-04 16:25:05"
"2024-09-09";"Instagram";"13 224 877";"6 702 659";"27 562 427";"2024-09-09 03:36:15"
"2024-09-03";"";"188 513";"8 170";"27 562 156";"2024-09-03 06:03:46"
"2024-09-09";"Facebook";"204 469";"13 893 846";"27 562 232";"2024-09-09 22:55:43"
"2024-09-04";"";"2 123 237";"943 026";"27 562 775";"2024-09-05 02:23:02"
"2024-09-10";"YouTube";"2 240 310";"139 049";"27 562 604";"2024-09-11 02:59:33"
"2024-09-02";"";"1 135 670";"211 328";"27 562 014";"2024-09-03 01:58:29"
"2024-09-09";"";"658 440";"35 346";"27 562 622";"2024-09-09 21:06:37"
"2024-09-04";"";"578 705";"34 902";"27 561 630";"2024-09-05 02:47:16"
"2024-09-08";"";"424 001";"185 038";"27 563 171";"2024-09-08 18:39:30"
"2024-09-07";"";"191 561";"41 763";"27 561 641";"2024-09-07 23:44:53"
"2024-09-10";"";"35 810 269";"1 325 994";"27 561 227";"2024-09-10 10:43:22"
"2024-09-05";"";"526 383";"39 260";"27 563 111";"2024-09-05 14:23:16"
"2024-09-08";"";"5 020";"320 402";"27 562 437";"2024-09-08 09:42:14"
"2024-09-05";"";"122 121";"500 102";"27 563 413";"2024-09-06 02:23:42"
"2024-09-02";"";"2 208 458";"65 010";"27 563 317";"2024-09-02 23:08:54"
"2024-09-10";"";"89 124";"5 279";"27 561 850";"2024-09-10 14:23:44"
"2024-09-07";"Facebook";"472 596";"47 629";"27 562 542";"2024-09-07 04:25:42"
"2024-09-02";"";"101 019";"10 849";"27 563 022";"2024-09-02 07:28:38"
"2024-09-06";"Facebook";"193 258";"18 169";"27 562 609";"2024-09-06 14:47:14"
"2024-09-09";"";"75 316";"5 928";"27 562 480";"2024-09-09 07:04:32"
"2024-09-06";"";"806 819";"113 028";"27 562 614";"2024-09-07 02:47:18"
"2024-09-04";"Odnoklassniki";"46 511 824";"1 720 995";"27 561 252";"2024-09-04 22:19:48"
"2024-09-06";"";"4 240 204";"172 793";"27 561 219";"2024-09-07 00:57:29"
"2024-09-05";"";"329 524";"16 710";"27 563 463";"2024-09-05 13:34:42"
"2024-09-04";"";"394 361";"406 536";"27 561 846";"2024-09-04 20:17:28"
"2024-09-09";"";"47 543";"96 411";"27 562 112";"2024-09-09 05:14:59"
"2024-09-08";"";"29 833";"326 134";"27 561 845";"2024-09-09 02:47:19"
"2024-09-02";"";"1 256 069";"136 238";"27 561 668";"2024-09-02 22:07:03"
"2024-09-03";"";"403 636";"20 596";"27 563 289";"2024-09-03 11:32:42"
"2024-09-08";"YouTube";"1 155 078";"117 747";"27 563 415";"2024-09-08 12:45:08"
"2024-09-09";"";"78 092";"4 980";"27 562 656";"2024-09-09 11:32:50"
"2024-09-02";"";"138 016";"18 910";"27 562 675";"2024-09-02 17:26:09"
"2024-09-03";"";"485 594";"496 016";"27 563 059";"2024-09-03 13:10:36"
"2024-09-04";"";"37 668";"13 237";"27 563 221";"2024-09-04 04:25:29"
"2024-09-03";"YouTube";"712 779";"37 014";"27 562 856";"2024-09-03 12:33:57"
"2024-09-09";"Apple Music";"580 318";"95 877";"27 561 481";"2024-09-09 22:55:41"
"2024-09-10";"Instagram";"8 351 035";"241 539";"27 563 418";"2024-09-11 01:34:05"
"2024-09-04";"Facebook";"2 645 654";"135 303 247";"27 562 117";"2024-09-05 00:21:29"
"2024-09-06";"";"86 963";"36 492";"27 562 292";"2024-09-07 02:35:34"
"2024-09-03";"";"267 316";"10 651";"27 562 875";"2024-09-04 02:47:19"
"2024-09-07";"TikTok";"19 386";"282 628";"27 562 003";"2024-09-08 01:34:20"
"2024-09-09";"";"94 446";"334 119";"27 563 439";"2024-09-10 00:45:25"
"2024-09-02";"";"3 208 862";"53 277";"27 562 083";"2024-09-02 14:59:41"
"2024-09-03";"";"42 852";"40 039";"27 562 291";"2024-09-03 22:31:48"
"2024-09-05";"YouTube";"1 104 137";"5 532 930";"27 563 397";"2024-09-05 14:47:10"
"2024-09-07";"";"5 328 638";"282 556";"27 561 503";"2024-09-07 21:54:11"
"2024-09-10";"";"69 829";"6 570";"27 562 317";"2024-09-10 10:19:43"
"2024-09-03";"";"25 983";"20 366";"27 561 912";"2024-09-03 08:29:43"
"2024-09-06";"";"735 411";"42 577";"27 562 675";"2024-09-06 07:28:39"
"2024-09-09";"";"324 928";"66 579";"27 563 462";"2024-09-09 22:07:15"
"2024-09-06";"";"33 818";"14 206";"27 562 028";"2024-09-06 03:24:00"
"2024-09-06";"Yandex";"74 839";"22 337";"27 562 821";"2024-09-06 03:36:11"
"2024-09-10";"";"478 415";"447 963";"27 561 453";"2024-09-10 05:38:23"
"2024-09-09";"";"455 918";"34 609";"27 561 761";"2024-09-09 18:27:45"
"2024-09-04";"WhatsApp";"48 700";"5 722";"27 563 216";"2024-09-04 17:02:04"
"2024-09-05";"";"3 520 231";"376 545";"27 562 240";"2024-09-05 19:16:27"
"2024-09-04";"";"53 256";"108 705";"27 561 234";"2024-09-04 12:21:59"
"2024-09-07";"";"52 960";"20 520";"27 561 253";"2024-09-07 19:40:14"
"2024-09-03";"Facebook";"1 500 872";"76 187";"27 562 243";"2024-09-03 22:19:50"
"2024-09-02";"";"90 549";"6 552";"27 562 545";"2024-09-03 00:21:11"
"2024-09-05";"";"2 406 537";"79 361";"27 562 364";"2024-09-05 05:38:18"
"2024-09-01";"Facebook";"64 117";"6 791";"27 562 679";"2024-09-01 15:48:49"
"2024-09-06";"";"51 298";"4 237";"27 562 226";"2024-09-07 02:35:15"
"2024-09-09";"Instagram";"370 920";"20 943";"27 561 836";"2024-09-09 18:03:18"
"2024-09-02";"";"515 807";"137 303";"27 562 889";"2024-09-03 01:10:51"
"2024-09-01";"Apple Music";"224 313";"10 575";"27 563 080";"2024-09-01 03:48:08"
"2024-09-05";"YouTube";"8 474 251";"377 341";"27 562 127";"2024-09-05 11:32:15"
"2024-09-06";"Facebook";"73 673";"348 786";"27 562 087";"2024-09-06 14:59:24"
"2024-09-06";"";"261 980";"267 958";"27 561 224";"2024-09-06 21:18:19"
"2024-09-04";"";"11 821";"184 186";"27 562 722";"2024-09-05 02:47:40"
"2024-09-03";"";"622 945";"130 216";"27 562 917";"2024-09-03 20:41:31"
"2024-09-10";"";"1 546 741";"76 357";"27 562 808";"2024-09-10 05:38:30"
"2024-09-08";"PUBG";"3 561 528";"183 635";"27 562 300";"2024-09-08 14:23:11"
"2024-09-03";"";"294 178 855";"19 810 302";"27 562 197";"2024-09-03 16:37:31"
"2024-09-10";"WhatsApp";"41 192";"302 309";"27 563 285";"2024-09-10 16:01:15"
"2024-09-04";"Instagram";"129 927 965";"2 788 808";"27 563 488";"2024-09-04 16:13:27"
"2024-09-09";"WhatsApp";"28 796";"6 835";"27 563 066";"2024-09-09 18:51:56"
"2024-09-10";"Facebook";"53 899";"3 890";"27 562 824";"2024-09-11 00:09:37"
"2024-09-03";"YouTube";"896 519";"62 437";"27 563 326";"2024-09-03 15:36:49"
"2024-09-03";"";"65 016";"134 231";"27 561 231";"2024-09-04 02:47:12"
"2024-09-01";"YouTube";"71 082";"891 785";"27 562 834";"2024-09-01 14:47:28"
"2024-09-07";"";"150 855";"16 608";"27 561 583";"2024-09-07 18:03:54"
"2024-09-06";"";"147 431";"28 463";"27 562 499";"2024-09-07 01:34:18"
"2024-09-05";"Instagram";"284 707";"22 148";"27 562 211";"2024-09-05 18:15:08"
"2024-09-02";"";"292 009";"111 850";"27 562 453";"2024-09-02 14:59:18"
"2024-09-10";"";"94 620";"6 026";"27 562 942";"2024-09-10 17:26:46"
"2024-09-09";"";"732 073";"85 899";"27 563 469";"2024-09-09 07:52:19"
"2024-09-05";"";"50 420";"15 309";"27 563 219";"2024-09-05 20:29:57"
"2024-09-01";"";"1 652 127";"205 455";"27 562 889";"2024-09-01 09:42:35"
"2024-09-02";"Yandex Video";"319 087";"13 686";"27 562 521";"2024-09-02 16:13:27"
"2024-09-05";"";"434 973";"17 285";"27 562 293";"2024-09-05 05:38:22"
"2024-09-02";"Instagram";"35 164 497";"999 138";"27 562 223";"2024-09-02 06:15:16"
"2024-09-02";"Tas-ix";"417 591";"8 459";"27 563 024";"2024-09-02 05:50:00"
"2024-09-07";"";"1 827 864";"208 250";"27 561 352";"2024-09-07 05:14:21"
"2024-09-06";"Facebook";"92 569";"62 221";"27 562 693";"2024-09-06 17:50:47"
"2024-09-08";"Unknown";"1 768 663";"98 504";"27 561 543";"2024-09-08 18:27:11"
"2024-09-10";"";"1 042 681";"236 067";"27 562 545";"2024-09-10 07:28:07"
"2024-09-01";"";"24 826";"81 316";"27 561 375";"2024-09-01 17:02:41"
"2024-09-06";"";"212 913";"525 321";"27 561 801";"2024-09-06 21:54:02"
"2024-09-02";"";"539 375";"7 408";"27 562 597";"2024-09-02 18:03:07"
"2024-09-02";"";"107 245";"5 450";"27 562 318";"2024-09-02 18:15:46"
"2024-09-02";"";"429 585";"15 047";"27 563 195";"2024-09-02 11:32:06"
"2024-09-07";"";"134 659";"12 686";"27 562 300";"2024-09-07 12:45:33"
"2024-09-01";"";"26 368";"22 678";"27 562 665";"2024-09-01 17:26:10"
"2024-09-07";"";"65 407";"3 637";"27 562 629";"2024-09-07 23:44:30"
"2024-09-04";"";"33 527";"26 615";"27 561 458";"2024-09-05 01:22:01"
"2024-09-08";"";"638 038";"60 080";"27 563 088";"2024-09-08 09:18:21"
"2024-09-10";"Facebook";"135 240";"11 266";"27 562 100";"2024-09-10 13:46:25"
"2024-09-09";"Facebook";"29 993";"2 379";"27 561 253";"2024-09-09 23:32:23"
"2024-09-03";"";"492 935";"29 891";"27 562 751";"2024-09-03 13:46:08"
"2024-09-01";"";"43 212";"11 621";"27 562 752";"2024-09-01 20:53:08"
"2024-09-02";"Facebook";"825 239";"544 756";"27 562 873";"2024-09-02 06:15:19"
"2024-09-03";"";"1 338 929";"323 011";"27 563 112";"2024-09-03 15:00:59"
"2024-09-08";"YouTube";"35 839";"9 636";"27 562 717";"2024-09-08 22:55:34"
"2024-09-08";"Facebook";"694 999";"340 987";"27 563 216";"2024-09-08 05:26:39"
"2024-09-08";"YouTube";"134 135";"47 358";"27 561 497";"2024-09-08 08:53:14"
"2024-09-06";"Facebook";"540 108";"23 218";"27 562 451";"2024-09-07 01:46:53"
"2024-09-03";"";"384 448";"23 611";"27 563 110";"2024-09-03 14:59:00"
"2024-09-01";"";"583 932";"243 408";"27 561 464";"2024-09-01 15:00:53"
"2024-09-08";"Telegram";"1 600 288";"121 430";"27 562 347";"2024-09-08 09:18:57"
"2024-09-10";"";"38 199";"35 904";"27 562 846";"2024-09-10 18:03:21"
"2024-09-08";"Instagram";"514 371";"44 091";"27 562 778";"2024-09-08 09:42:04"
"2024-09-10";"Yandex";"90 997";"21 701";"27 561 454";"2024-09-10 21:18:46"
"2024-09-08";"Facebook";"362 291";"68 980";"27 562 419";"2024-09-08 18:51:52"
"2024-09-01";"Instagram";"210 482";"226 430";"27 562 415";"2024-09-01 19:52:49"
"2024-09-01";"";"32 122";"7 486";"27 562 473";"2024-09-01 11:08:36"
"2024-09-05";"";"2 744 088";"925 716";"27 563 088";"2024-09-05 15:24:38"
"2024-09-02";"Unknown";"1 607 726";"116 988";"27 562 670";"2024-09-02 05:14:27"
"2024-09-04";"Unknown";"29 338";"26 328";"27 562 124";"2024-09-04 13:46:16"
"2024-09-08";"";"33 960";"4 186";"27 563 410";"2024-09-08 13:46:21"
"2024-09-02";"";"84 402";"7 491";"27 562 186";"2024-09-03 00:33:18"
"2024-09-09";"";"45 557";"3 791";"27 562 025";"2024-09-09 07:28:13"
"2024-09-06";"Instagram";"3 088 648";"220 564";"27 562 791";"2024-09-06 23:32:32"
"2024-09-06";"";"226 220";"13 561";"27 561 462";"2024-09-07 00:21:57"
"2024-09-08";"";"6 179 445";"297 767";"27 562 615";"2024-09-08 23:32:32"
"2024-09-07";"";"113 786";"30 850";"27 562 036";"2024-09-07 15:36:06"
"2024-09-03";"";"336 526";"41 458";"27 563 136";"2024-09-03 11:44:59"
"2024-09-03";"Facebook";"174 018";"61 629";"27 561 214";"2024-09-03 18:27:16"
"2024-09-03";"";"604 466";"105 727";"27 562 360";"2024-09-03 12:33:21"
"2024-09-01";"";"779 401";"23 616";"27 562 639";"2024-09-01 04:37:50"
"2024-09-01";"";"145 551";"1 765 127";"27 562 009";"2024-09-01 17:38:26"
"2024-09-09";"Instagram";"7 016 287";"10 692 714";"27 563 180";"2024-09-09 04:01:30"
"2024-09-03";"YouTube";"300 793";"91 040";"27 561 552";"2024-09-03 12:33:18"
"2024-09-03";"";"88 956";"65 683";"27 562 463";"2024-09-03 10:19:46"
"2024-09-08";"Telegram";"2 875 426";"153 074";"27 561 680";"2024-09-08 15:00:45"
"2024-09-01";"Facebook";"63 665";"4 447";"27 562 468";"2024-09-01 03:12:21"
"2024-09-10";"";"28 081";"12 533";"27 563 415";"2024-09-10 09:54:46"
"2024-09-09";"";"70 148";"7 597";"27 561 538";"2024-09-09 12:45:57"
"2024-09-04";"";"72 918";"58 167";"27 562 234";"2024-09-05 00:45:50"
"2024-09-04";"";"29 167";"3 828";"27 561 871";"2024-09-04 22:55:29"
"2024-09-08";"Unknown";"26 792";"3 738";"27 561 610";"2024-09-08 05:50:05"
"2024-09-02";"";"4 516 369";"152 786";"27 561 686";"2024-09-02 06:15:11"
"2024-09-04";"";"32 993";"940";"27 562 620";"2024-09-05 00:33:39"
"2024-09-05";"";"43 824";"9 777";"27 563 267";"2024-09-05 12:21:56"
"2024-09-07";"";"37 396";"30 819";"27 562 942";"2024-09-07 10:55:22"
"2024-09-04";"";"82 200";"73 743";"27 562 688";"2024-09-04 18:03:59"
"2024-09-05";"";"34 171";"1 942";"27 562 122";"2024-09-05 20:53:01"
"2024-09-01";"";"157 529 742";"121 782 867";"27 562 331";"2024-09-01 12:09:06"
"2024-09-04";"Instagram";"445 646";"132 489";"27 563 020";"2024-09-05 02:35:21"
"2024-09-05";"";"1 406 280";"430 874";"27 563 264";"2024-09-05 05:14:11"
"2024-09-05";"";"60 518";"9 691";"27 563 336";"2024-09-05 12:09:42"
"2024-09-08";"";"1 928 865";"132 507";"27 563 175";"2024-09-08 15:12:33"
"2024-09-09";"Unknown";"96 896";"13 947";"27 561 676";"2024-09-09 14:23:28"
"2024-09-02";"Facebook";"314 928";"11 584";"27 563 141";"2024-09-02 19:52:25"
"2024-09-09";"";"28 899";"14 536";"27 561 390";"2024-09-09 22:55:14"
"2024-09-08";"Instagram";"56 769 825";"2 012 364";"27 562 803";"2024-09-09 00:09:01"
"2024-09-09";"";"132 310";"57 067";"27 563 145";"2024-09-09 20:17:33"
"2024-09-10";"";"64 786";"229 008";"27 562 760";"2024-09-10 13:34:57"
"2024-09-05";"";"26 696";"8 164";"27 562 484";"2024-09-05 15:00:48"
"2024-09-07";"";"27 020";"376 680";"27 563 017";"2024-09-07 23:20:17"
"2024-09-04";"Facebook";"185 943";"15 616";"27 561 330";"2024-09-04 10:19:35"
"2024-09-03";"";"42 203";"5 218";"27 562 696";"2024-09-04 00:21:54"
"2024-09-05";"";"80 120";"6 584";"27 562 393";"2024-09-05 19:04:27"
"2024-09-05";"";"102 143 925";"8 741 083";"27 562 721";"2024-09-05 19:28:50"
"2024-09-09";"";"57 238";"3 083";"27 563 488";"2024-09-09 12:21:03"
"2024-09-08";"";"21 627";"138 050";"27 561 789";"2024-09-08 08:17:36"
"2024-09-04";"Facebook";"248 485";"248 634";"27 563 184";"2024-09-04 10:19:51"
"2024-09-08";"";"224 675";"112 966";"27 562 674";"2024-09-08 12:21:16"
"2024-09-08";"";"1 123 381";"49 508";"27 563 140";"2024-09-08 12:09:28"
"2024-09-09";"";"123 031";"8 857";"27 562 320";"2024-09-09 11:08:58"
"2024-09-07";"";"48 791 650";"1 071 270";"27 562 666";"2024-09-07 19:40:29"
"2024-09-01";"";"28 734";"9 369";"27 562 341";"2024-09-01 18:03:21"
"2024-09-04";"";"1 015 098";"265 346";"27 561 772";"2024-09-04 23:44:24"
"2024-09-05";"YouTube";"994 346";"237 886";"27 561 785";"2024-09-05 03:12:22"
"2024-09-07";"";"35 755";"6 425";"27 563 092";"2024-09-07 15:00:01"
"2024-09-06";"";"131 628";"23 154";"27 562 646";"2024-09-06 09:42:47"
"2024-09-04";"";"176 959";"152 753";"27 562 595";"2024-09-04 03:12:57"
"2024-09-02";"";"1 632 313";"203 052";"27 562 239";"2024-09-02 16:25:53"
"2024-09-01";"";"1 055 469";"40 493";"27 561 466";"2024-09-01 05:02:39"
"2024-09-08";"YouTube";"76 442";"10 601";"27 562 790";"2024-09-08 22:43:30"
"2024-09-07";"";"40 304 628";"1 663 978";"27 562 473";"2024-09-08 01:46:46"
"2024-09-03";"";"61 680";"4 608";"27 563 218";"2024-09-03 03:48:02"
"2024-09-04";"";"0";"59 289";"27 562 064";"2024-09-04 12:09:52"
"2024-09-03";"";"1 020 240";"43 172";"27 562 608";"2024-09-03 23:32:14"
"2024-09-09";"";"243 910";"10 889";"27 562 534";"2024-09-09 18:39:27"
"2024-09-07";"YouTube";"230 691";"32 692";"27 562 913";"2024-09-07 10:43:53"
"2024-09-01";"YouTube";"28 776 395";"2 709 262";"27 563 440";"2024-09-01 12:57:36"
"2024-09-08";"";"25 636";"3 197";"27 562 405";"2024-09-08 12:33:48"
"2024-09-07";"";"117 879";"6 437";"27 562 521";"2024-09-07 23:56:43"
"2024-09-09";"Yandex";"376 963";"302 619";"27 563 396";"2024-09-10 01:22:15"
"2024-09-04";"";"314 411";"45 612";"27 561 418";"2024-09-05 02:23:00"
"2024-09-05";"";"25 677";"5 292";"27 561 871";"2024-09-05 12:09:09"
"2024-09-07";"";"129 258";"35 912";"27 562 041";"2024-09-07 05:50:31"
"2024-09-04";"";"38 180";"161 365";"27 562 291";"2024-09-04 12:45:15"
"2024-09-02";"";"17 885";"117 165";"27 561 418";"2024-09-02 05:50:30"
"2024-09-09";"Instagram";"92 791 910";"1 753 483";"27 561 846";"2024-09-09 12:33:33"
"2024-09-10";"Telegram";"1 496 095";"81 017";"27 563 235";"2024-09-10 03:12:51"
"2024-09-08";"";"2 270 855";"67 393";"27 561 176";"2024-09-08 03:48:42"
"2024-09-07";"Telegram";"1 297 313 844";"65 316 455";"27 561 555";"2024-09-07 14:59:02"
"2024-09-01";"";"211 936";"183 520";"27 562 365";"2024-09-01 11:56:54"
"2024-09-01";"";"56 128";"51 906";"27 561 687";"2024-09-01 13:34:00"
"2024-09-04";"";"86 222";"240 112";"27 562 178";"2024-09-04 09:54:23"
"2024-09-03";"";"300 608";"14 631";"27 563 318";"2024-09-04 02:59:32"
"2024-09-10";"";"123 087";"82 453";"27 561 818";"2024-09-10 07:40:15"
"2024-09-05";"";"25 305";"31 471";"27 563 230";"2024-09-05 19:16:27"
"2024-09-07";"";"79 111";"17 372";"27 562 293";"2024-09-07 06:03:04"
"2024-09-03";"";"28 058";"45 454";"27 562 774";"2024-09-03 03:12:15"
"2024-09-06";"";"549 836";"43 838";"27 561 216";"2024-09-06 13:34:56"
"2024-09-04";"Facebook";"34 504";"4 371";"27 562 211";"2024-09-04 22:55:28"
"2024-09-01";"";"27 555";"62 125";"27 561 573";"2024-09-01 19:40:56"
"2024-09-04";"";"61 177 688";"3 044 065";"27 561 629";"2024-09-04 12:33:37"
"2024-09-10";"Facebook";"94 137";"6 664";"27 561 302";"2024-09-10 04:01:48"
"2024-09-01";"Unknown";"2 044 435";"122 817";"27 561 830";"2024-09-01 07:52:12"
"2024-09-05";"";"1 365 272";"168 255";"27 563 047";"2024-09-06 02:47:35"
"2024-09-06";"";"54 694";"7 182";"27 561 204";"2024-09-06 07:16:18"
"2024-09-08";"";"177 335";"5 664";"27 561 224";"2024-09-09 02:59:29"
"2024-09-09";"";"7 297 684";"11 753 832";"27 563 198";"2024-09-09 07:16:15"
"2024-09-07";"YouTube";"307 737 040";"28 858 075";"27 562 989";"2024-09-07 14:35:11"
"2024-09-02";"";"57 413";"39 978";"27 561 305";"2024-09-03 02:11:13"
"2024-09-08";"";"110 909";"11 186";"27 562 174";"2024-09-08 10:55:20"
"2024-09-04";"";"226 981";"24 318";"27 563 080";"2024-09-04 22:19:52"
"2024-09-02";"YouTube";"279 302";"757 605";"27 563 263";"2024-09-02 14:47:49"
"2024-09-06";"";"113 124";"16 342";"27 563 119";"2024-09-06 13:46:34"
"2024-09-07";"";"36 764";"13 981";"27 562 692";"2024-09-07 12:45:27"
"2024-09-09";"";"75 620";"19 728";"27 563 445";"2024-09-09 23:08:53"
"2024-09-06";"";"12 111";"29 972";"27 562 330";"2024-09-06 14:23:00"
"2024-09-05";"YouTube";"1 014 829";"15 980";"27 562 613";"2024-09-05 12:09:48"
"2024-09-08";"";"271 254";"373 971";"27 563 447";"2024-09-08 12:45:32"
"2024-09-05";"";"631 893";"50 467";"27 561 341";"2024-09-05 19:40:43"
"2024-09-04";"";"532 685";"29 235";"27 561 596";"2024-09-04 11:20:39"
"2024-09-07";"Yandex";"467 787";"167 150";"27 561 218";"2024-09-07 20:17:49"
"2024-09-09";"";"57 239";"38 355";"27 561 426";"2024-09-09 05:14:55"
"2024-09-04";"";"376 322";"17 622";"27 561 326";"2024-09-04 11:44:39"
"2024-09-04";"Yandex";"10 183";"55 314";"27 563 508";"2024-09-04 04:37:54"
"2024-09-05";"";"50 558";"2 063";"27 563 014";"2024-09-05 16:01:46"
"2024-09-04";"YouTube";"60 179";"8 567";"27 563 076";"2024-09-04 13:46:27"
"2024-09-08";"";"197 245 801";"9 134 985";"27 562 058";"2024-09-08 13:46:47"
"2024-09-04";"";"432 206";"30 623";"27 563 515";"2024-09-04 16:49:08"
"2024-09-10";"";"27 366";"5 723";"27 562 004";"2024-09-10 20:29:30"
"2024-09-07";"";"639 340";"25 203";"27 562 014";"2024-09-07 10:43:45"
"2024-09-04";"YouTube";"87 524";"658 643";"27 563 503";"2024-09-04 10:07:21"
"2024-09-02";"YouTube";"1 624 234";"108 973";"27 563 291";"2024-09-03 02:47:52"
"2024-09-10";"";"388 678";"268 240";"27 563 267";"2024-09-10 17:38:29"
"2024-09-02";"Facebook";"25 966 175";"777 454";"27 562 328";"2024-09-03 00:09:16"
"2024-09-03";"Instagram";"8 649 830";"8 403 678";"27 562 178";"2024-09-03 23:08:15"
"2024-09-10";"";"1 826 732";"70 996";"27 562 934";"2024-09-10 03:48:17"
"2024-09-10";"";"39 552";"2 862";"27 562 034";"2024-09-10 09:54:04"
"2024-09-04";"";"72 371";"24 691";"27 562 445";"2024-09-04 09:42:10"
"2024-09-02";"Telegram";"526 548 126";"15 416 232";"27 563 355";"2024-09-02 09:18:23"
"2024-09-10";"";"33 011";"6 242";"27 561 974";"2024-09-10 16:13:32"
"2024-09-10";"";"1 985 337";"49 211";"27 562 192";"2024-09-10 23:08:05"
"2024-09-08";"";"28 110";"5 251";"27 562 261";"2024-09-08 04:01:33"
"2024-09-02";"";"28 974";"6 685";"27 561 633";"2024-09-02 22:19:56"
"2024-09-04";"";"53 151";"71 174";"27 563 207";"2024-09-04 08:05:43"
"2024-09-08";"Telegram";"407 172";"32 479";"27 562 633";"2024-09-08 22:31:16"
"2024-09-07";"Facebook";"773 186";"337 713";"27 562 384";"2024-09-07 14:59:08"
"2024-09-03";"";"134 767";"184 556";"27 562 469";"2024-09-03 06:03:13"
"2024-09-03";"";"76 267";"14 892";"27 562 595";"2024-09-03 10:19:11"
"2024-09-02";"Likee";"493 111 590";"28 872 803";"27 562 069";"2024-09-02 20:53:23"
"2024-09-02";"";"20 748";"33 511";"27 561 216";"2024-09-02 22:19:02"
"2024-09-01";"";"92 478";"3 715";"27 561 547";"2024-09-01 04:13:01"
"2024-09-02";"";"100 687";"20 852";"27 563 250";"2024-09-02 06:39:15"
"2024-09-02";"Yandex";"328 735";"251 230";"27 561 480";"2024-09-02 08:05:39"
"2024-09-06";"";"647 293";"176 757";"27 561 304";"2024-09-06 13:10:20"
"2024-09-04";"";"2 881 656";"125 114";"27 563 184";"2024-09-04 05:50:07"
"2024-09-03";"YouTube";"142 278 299";"7 652 465";"27 561 867";"2024-09-03 07:04:27"
"2024-09-09";"YouTube";"214 127 612";"13 368 005";"27 562 956";"2024-09-09 04:37:56"
"2024-09-07";"";"14 955 226";"707 976";"27 562 149";"2024-09-07 13:22:32"
"2024-09-07";"";"574 509";"34 172";"27 561 205";"2024-09-07 20:41:26"
"2024-09-05";"";"614 714";"33 403";"27 561 520";"2024-09-06 00:57:01"
"2024-09-07";"";"27 556";"1 926";"27 561 480";"2024-09-07 13:22:54"
"2024-09-07";"";"17 134 578";"841 558";"27 563 171";"2024-09-07 19:16:01"
"2024-09-07";"YouTube";"346 005";"4 306 378";"27 561 612";"2024-09-07 10:43:23"
"2024-09-07";"";"373 904";"17 951";"27 563 168";"2024-09-07 10:55:18"
"2024-09-03";"";"7 929";"31 781";"27 561 448";"2024-09-03 17:50:37"
"2024-09-06";"";"526 676";"21 359";"27 561 204";"2024-09-06 22:55:20"
"2024-09-05";"Yandex";"854 766";"45 669";"27 561 347";"2024-09-05 06:15:04"
"2024-09-10";"";"26 231";"2 005";"27 562 281";"2024-09-10 15:36:42"
"2024-09-10";"";"30 972";"17 423";"27 562 644";"2024-09-10 14:35:03"
"2024-09-09";"";"722 152";"218 001";"27 561 826";"2024-09-09 04:13:41"
"2024-09-09";"";"5 795";"61 292";"27 562 343";"2024-09-09 10:07:10"
"2024-09-10";"";"21 915 573";"583 002";"27 561 485";"2024-09-10 18:15:45"
"2024-09-10";"";"64 714";"13 528";"27 561 257";"2024-09-10 05:02:02"
"2024-09-06";"";"514 529";"49 268";"27 562 601";"2024-09-06 16:37:57"
"2024-09-03";"";"181 799";"170 289";"27 563 110";"2024-09-03 11:08:40"
"2024-09-08";"";"1 002 522";"661 514";"27 561 940";"2024-09-08 23:56:20"
"2024-09-03";"Apple Music";"63 660";"17 207";"27 561 227";"2024-09-03 14:47:28"
"2024-09-06";"";"466 029";"121 698";"27 561 350";"2024-09-06 18:27:57"
"2024-09-05";"";"118 513";"16 916";"27 561 269";"2024-09-06 00:09:34"
"2024-09-04";"";"233 396";"8 298";"27 562 403";"2024-09-04 17:14:16"
"2024-09-06";"Instagram";"15 393 483";"732 673";"27 561 341";"2024-09-06 07:16:41"
"2024-09-06";"";"331 093";"83 460";"27 562 172";"2024-09-06 04:13:05"
"2024-09-01";"";"422 535";"778 261";"27 561 721";"2024-09-01 07:16:07"
"2024-09-08";"";"388 978";"19 041";"27 562 780";"2024-09-08 22:19:00"
"2024-09-05";"Tas-ix";"745 452";"49 475";"27 562 309";"2024-09-06 02:47:29"
"2024-09-02";"";"28 537";"3 470";"27 562 478";"2024-09-02 18:27:20"
"2024-09-08";"";"84 991";"5 667";"27 561 862";"2024-09-08 13:58:06"
"2024-09-10";"";"37 587";"4 155";"27 563 123";"2024-09-10 09:42:57"
"2024-09-07";"Yandex";"111 940";"54 512";"27 561 686";"2024-09-07 15:12:44"
"2024-09-03";"";"974 841";"149 250";"27 563 378";"2024-09-03 06:51:20"
"2024-09-06";"";"633 680";"201 435";"27 563 266";"2024-09-06 14:35:11"
"2024-09-02";"Facebook";"197 660";"20 160";"27 561 290";"2024-09-02 23:20:18"
"2024-09-05";"";"351 197";"51 121";"27 562 447";"2024-09-05 09:18:03"
"2024-09-03";"Odnoklassniki";"114 950";"22 891";"27 563 424";"2024-09-03 12:21:58"
"2024-09-09";"";"57 882";"84 209";"27 562 469";"2024-09-09 14:11:40"
"2024-09-02";"YouTube";"138 072 910";"12 659 739";"27 562 240";"2024-09-02 04:49:06"
"2024-09-03";"YouTube";"130 828 264";"8 944 547";"27 563 107";"2024-09-03 06:51:28"
"2024-09-09";"";"45 473";"3 290";"27 561 975";"2024-09-09 22:43:07"
"2024-09-05";"Instagram";"984 775";"567 522";"27 563 494";"2024-09-05 04:37:42"
"2024-09-04";"";"10 849";"26 531";"27 563 388";"2024-09-04 15:00:13"
"2024-09-06";"";"201 225";"13 511";"27 561 216";"2024-09-06 11:56:47"
"2024-09-10";"";"47 806 980";"2 438 482";"27 561 974";"2024-09-11 01:22:14"
"2024-09-10";"";"6 130 855";"237 374";"27 563 264";"2024-09-11 00:09:22"
"2024-09-02";"";"1 631 558";"139 121";"27 561 354";"2024-09-02 10:19:06"
"2024-09-05";"";"66 630";"12 307";"27 563 245";"2024-09-05 04:37:09"
"2024-09-04";"";"46 186";"4 857";"27 562 347";"2024-09-04 22:43:30"
"2024-09-05";"";"109 700";"106 170";"27 561 611";"2024-09-05 17:50:58"
"2024-09-09";"Instagram";"342 439 049";"9 989 020";"27 563 436";"2024-09-10 00:09:00"
"2024-09-03";"";"34 125";"5 336";"27 563 143";"2024-09-03 08:41:34"
"2024-09-09";"";"116 732";"30 574";"27 561 556";"2024-09-09 21:06:33"
"2024-09-01";"Yandex";"5 917 955";"285 980";"27 562 564";"2024-09-01 10:55:59"
"2024-09-03";"";"81 045";"4 389";"27 563 453";"2024-09-03 21:54:14"
"2024-09-05";"";"27 540";"150 418";"27 563 177";"2024-09-06 01:58:39"
"2024-09-06";"TikTok";"263 272";"2 007 935";"27 563 232";"2024-09-06 18:27:32"
"2024-09-03";"Facebook";"3 038 672";"240 090";"27 561 870";"2024-09-03 05:02:27"
"2024-09-01";"";"36 143";"8 091";"27 562 349";"2024-09-01 05:14:22"
"2024-09-09";"";"32 273";"10 913";"27 563 193";"2024-09-09 13:46:11"
"2024-09-04";"";"295 628";"61 145";"27 562 863";"2024-09-04 16:13:27"
"2024-09-02";"";"130 178";"129 233";"27 561 770";"2024-09-02 22:31:14"
"2024-09-02";"Yandex";"511 902";"36 691";"27 561 802";"2024-09-02 04:13:25"
"2024-09-05";"";"40 470";"7 843";"27 561 510";"2024-09-05 04:13:03"
"2024-09-08";"TikTok";"1 650";"66 237";"27 561 943";"2024-09-08 18:27:18"
"2024-09-03";"";"96 651 553";"11 417 245";"27 561 216";"2024-09-03 17:38:27"
"2024-09-01";"";"25 953";"1 780";"27 562 040";"2024-09-01 16:13:37"
"2024-09-04";"";"27 308 935";"2 425 453";"27 562 278";"2024-09-04 23:08:43"
"2024-09-10";"Instagram";"15 342 323";"514 879";"27 562 896";"2024-09-10 21:42:52"
"2024-09-02";"";"144 449";"9 421";"27 562 540";"2024-09-02 09:30:38"
"2024-09-06";"Telegram";"122 338";"12 192";"27 562 820";"2024-09-06 13:10:25"
"2024-09-09";"";"32 079";"324 410";"27 562 257";"2024-09-09 20:29:24"
"2024-09-01";"";"131 681";"14 863";"27 562 692";"2024-09-01 03:24:25"
"2024-09-01";"";"113 297";"5 072";"27 561 670";"2024-09-01 04:49:43"
"2024-09-01";"";"22 859";"897 041";"27 562 680";"2024-09-01 07:40:19"
"2024-09-03";"";"168 530";"101 807";"27 562 951";"2024-09-03 04:37:03"
"2024-09-08";"";"297 272";"47 637";"27 562 708";"2024-09-08 08:29:29"
"2024-09-06";"Facebook";"105 123";"14 831";"27 562 097";"2024-09-06 05:14:59"
"2024-09-07";"Instagram";"3 314 212";"106 670";"27 562 815";"2024-09-07 21:42:08"
"2024-09-10";"";"1 208 946";"627 611";"27 561 249";"2024-09-10 08:17:05"
"2024-09-10";"";"273 263";"31 183";"27 561 643";"2024-09-10 09:06:44"
"2024-09-09";"";"12 524 741";"268 213";"27 562 106";"2024-09-09 21:54:09"
"2024-09-09";"";"49 434";"83 540";"27 561 543";"2024-09-09 17:14:09"
"2024-09-08";"";"85 534";"10 751";"27 562 636";"2024-09-09 00:45:02"
"2024-09-09";"";"911 619";"1 262 129";"27 563 458";"2024-09-09 23:08:17"
"2024-09-01";"Telegram";"509 947";"42 246";"27 562 753";"2024-09-01 04:13:01"
"2024-09-03";"";"109 469";"13 981";"27 562 473";"2024-09-03 21:30:34"
"2024-09-02";"";"33 413";"1 868";"27 563 326";"2024-09-02 04:01:52"
"2024-09-01";"";"848 413";"41 549";"27 561 366";"2024-09-01 21:42:19"
"2024-09-01";"";"1 135 361";"317 353";"27 561 204";"2024-09-01 21:54:07"
"2024-09-09";"Instagram";"587 921";"36 464";"27 563 452";"2024-09-09 04:25:03"
"2024-09-02";"";"37 893 405";"1 919 794";"27 561 289";"2024-09-02 10:19:31"
"2024-09-07";"";"104 976";"12 622";"27 561 545";"2024-09-08 01:58:35"
"2024-09-09";"YouTube";"4 072 349";"290 332";"27 563 199";"2024-09-09 12:21:06"
"2024-09-07";"";"139 995";"65 992";"27 561 596";"2024-09-07 22:07:19"
"2024-09-05";"YouTube";"1 865 113";"562 594";"27 563 024";"2024-09-05 14:47:37"
"2024-09-03";"";"35 865";"8 317";"27 563 107";"2024-09-04 01:22:21"
"2024-09-03";"";"1 428 904";"61 908";"27 562 865";"2024-09-03 07:52:28"
"2024-09-03";"Unknown";"2 059 631";"132 487";"27 563 240";"2024-09-03 09:18:21"
"2024-09-07";"Instagram";"4 970 997";"1 675 061";"27 562 951";"2024-09-07 05:38:40"
"2024-09-03";"";"32 587";"2 308";"27 563 287";"2024-09-04 02:35:48"
"2024-09-09";"";"1 031 969";"147 827";"27 563 422";"2024-09-09 07:16:37"
"2024-09-08";"";"33 832";"3 604";"27 563 341";"2024-09-08 23:56:14"
"2024-09-03";"YouTube";"490 805";"81 408";"27 563 223";"2024-09-03 08:53:22"
"2024-09-02";"";"2 149 328";"106 343";"27 562 156";"2024-09-02 10:31:56"
"2024-09-09";"Instagram";"7 792 880";"1 687 361";"27 562 474";"2024-09-09 04:01:02"
"2024-09-06";"";"1 160 465";"76 899";"27 561 598";"2024-09-06 23:44:13"
"2024-09-10";"Instagram";"95 189";"6 055";"27 562 320";"2024-09-10 15:24:52"
"2024-09-08";"";"30 742";"5 992";"27 561 440";"2024-09-08 17:14:07"
"2024-09-07";"";"41 420";"70 329";"27 562 889";"2024-09-07 08:29:37"
"2024-09-09";"";"42 588";"5 059";"27 561 724";"2024-09-09 10:07:56"
"2024-09-08";"";"1 695 766";"134 539";"27 563 136";"2024-09-08 20:05:03"
"2024-09-05";"Instagram";"1 928 132";"1 374 783";"27 561 539";"2024-09-05 14:35:29"
"2024-09-05";"WeChat";"4 327 132";"590 899";"27 562 784";"2024-09-06 02:11:40"
"2024-09-05";"";"278 379";"100 257";"27 563 097";"2024-09-05 15:36:06"
"2024-09-04";"Telegram";"222 982 485";"57 249 723";"27 562 124";"2024-09-04 03:48:22"
"2024-09-06";"WhatsApp";"557 391";"36 438";"27 561 934";"2024-09-07 00:09:58"
"2024-09-01";"";"5 566";"31 945";"27 563 442";"2024-09-02 02:11:15"
"2024-09-01";"";"39 920";"3 274";"27 563 326";"2024-09-01 21:54:11"
"2024-09-05";"";"97 767";"29 238";"27 561 190";"2024-09-06 00:45:10"
"2024-09-08";"";"311 799";"18 862";"27 561 610";"2024-09-08 16:01:06"
"2024-09-08";"";"240 569";"270 043";"27 562 266";"2024-09-08 15:12:06"
"2024-09-07";"";"333 707";"75 719";"27 563 084";"2024-09-07 13:46:14"
"2024-09-08";"Telegram";"17 707 693";"11 084 341";"27 563 439";"2024-09-08 05:14:40"
"2024-09-03";"";"373 473";"60 643";"27 562 469";"2024-09-03 07:16:21"
"2024-09-10";"Instagram";"14 096 740";"535 040";"27 562 117";"2024-09-10 15:00:37"
"2024-09-01";"";"201 232";"10 364";"27 562 720";"2024-09-01 15:36:15"
"2024-09-08";"";"613 670";"26 206";"27 562 835";"2024-09-08 15:36:38"
"2024-09-10";"";"400 527";"28 383";"27 562 470";"2024-09-10 09:30:29"
"2024-09-05";"Yandex";"29 515";"5 759";"27 561 867";"2024-09-05 21:54:52"
"2024-09-03";"YouTube";"1 463 403";"212 738";"27 562 089";"2024-09-03 08:41:21"
"2024-09-10";"Yandex";"1 246 135";"58 162";"27 561 251";"2024-09-10 20:17:22"
"2024-09-02";"";"170 804";"143 056";"27 563 418";"2024-09-02 15:00:18"
"2024-09-03";"";"116 372";"53 038";"27 562 360";"2024-09-03 21:30:14"
"2024-09-09";"YouTube";"497 288";"239 082";"27 561 260";"2024-09-09 05:50:43"
"2024-09-10";"Yandex";"38 794";"9 679";"27 563 306";"2024-09-10 20:53:04"
"2024-09-10";"";"217 655";"746 990";"27 561 420";"2024-09-10 16:25:46"
"2024-09-05";"";"530 014";"16 729";"27 562 496";"2024-09-06 02:23:07"
"2024-09-07";"Telegram";"5 002 079";"284 208";"27 562 096";"2024-09-08 02:47:02"
"2024-09-01";"";"55 601";"9 040";"27 562 117";"2024-09-01 12:21:46"
"2024-09-08";"Unknown";"442 600";"50 471";"27 561 994";"2024-09-08 18:51:10"
"2024-09-02";"YouTube";"28 171";"143 064";"27 561 422";"2024-09-02 22:55:32"
"2024-09-02";"";"314 832";"149 742";"27 562 199";"2024-09-02 09:54:25"
"2024-09-07";"";"29 145";"22 978";"27 561 845";"2024-09-07 22:43:41"
"2024-09-09";"";"27 027 588";"1 963 463";"27 562 593";"2024-09-09 14:11:50"
"2024-09-05";"";"25 777";"12 762";"27 562 398";"2024-09-05 22:19:25"
"2024-09-06";"";"60 206";"75 350";"27 562 530";"2024-09-06 07:16:35"
"2024-09-06";"YouTube";"395 805";"4 139 768";"27 562 801";"2024-09-06 08:53:55"
"2024-09-02";"";"152 377";"7 570";"27 561 305";"2024-09-02 14:47:39"
"2024-09-07";"";"152 532";"21 015";"27 562 466";"2024-09-07 06:27:55"
"2024-09-01";"";"3 305 315";"87 647";"27 562 654";"2024-09-01 13:22:29"
"2024-09-10";"";"66 496";"15 229";"27 561 596";"2024-09-10 08:05:37"
"2024-09-04";"YouTube";"29 356";"7 110";"27 561 502";"2024-09-04 13:46:04"
"2024-09-06";"";"36 182";"10 815";"27 561 784";"2024-09-06 08:17:49"
"2024-09-08";"Telegram";"16 015 676";"883 874";"27 561 633";"2024-09-09 01:10:35"
"2024-09-06";"";"30 193";"1 831";"27 562 314";"2024-09-06 11:44:20"
"2024-09-03";"";"32 420";"187 594";"27 562 398";"2024-09-03 09:54:40"
"2024-09-04";"";"28 562";"11 344";"27 562 992";"2024-09-04 21:06:39"
"2024-09-10";"Instagram";"93 283 333";"2 040 827";"27 561 462";"2024-09-10 03:00:21"
"2024-09-03";"";"126 393";"11 257";"27 563 427";"2024-09-03 13:10:56"
"2024-09-08";"";"34 960";"3 575";"27 563 151";"2024-09-08 18:15:25"
"2024-09-03";"Telegram";"52 471 971";"3 737 292";"27 563 436";"2024-09-03 18:03:12"
"2024-09-05";"WhatsApp";"18 598";"27 400";"27 562 674";"2024-09-05 17:38:39"
"2024-09-10";"";"121 581";"10 619";"27 561 449";"2024-09-10 11:20:02"
"2024-09-05";"";"1 691 945";"206 379";"27 562 808";"2024-09-05 23:44:23"
"2024-09-01";"";"36 107";"8 074";"27 561 899";"2024-09-02 00:21:21"
"2024-09-03";"";"55 405";"3 389";"27 561 279";"2024-09-03 21:54:47"
"2024-09-10";"";"24 003 235";"959 418";"27 561 768";"2024-09-10 16:13:26"
"2024-09-02";"";"7 648";"37 393";"27 563 076";"2024-09-02 20:41:30"
"2024-09-05";"";"58 587";"9 566";"27 563 022";"2024-09-05 20:53:21"
"2024-09-10";"Instagram";"476 862";"39 910";"27 562 460";"2024-09-10 07:52:07"
"2024-09-04";"";"19 573 085";"4 666 123";"27 562 378";"2024-09-04 03:48:52"
"2024-09-03";"";"68 729 458";"7 268 453";"27 562 779";"2024-09-03 18:51:19"
"2024-09-06";"YouTube";"25 007 107";"1 472 410";"27 561 510";"2024-09-06 08:17:15"
"2024-09-08";"";"32 755";"32 721";"27 562 534";"2024-09-08 07:16:54"
"2024-09-02";"";"222 134";"40 908";"27 561 289";"2024-09-02 05:02:50"
"2024-09-06";"";"146 149";"56 228";"27 562 324";"2024-09-06 12:57:43"
"2024-09-01";"Unknown";"589 853";"143 257";"27 561 607";"2024-09-01 09:30:11"
"2024-09-05";"Instagram";"2 106 823";"224 791";"27 563 260";"2024-09-05 17:14:36"
"2024-09-02";"";"10 534";"29 181";"27 561 555";"2024-09-02 22:55:37"
"2024-09-01";"";"32 449";"876 746";"27 562 418";"2024-09-01 06:15:31"
"2024-09-09";"";"38 514";"49 933";"27 561 384";"2024-09-09 10:07:44"
"2024-09-06";"Facebook";"219 243";"23 877";"27 561 392";"2024-09-06 03:00:31"
"2024-09-02";"";"495 117";"17 453";"27 562 494";"2024-09-02 05:50:25"
"2024-09-10";"";"31 459";"10 601";"27 561 800";"2024-09-10 15:00:00"
"2024-09-07";"";"95 832";"53 599";"27 562 419";"2024-09-07 10:31:54"
"2024-09-05";"Instagram";"4 010 717";"5 393 291";"27 561 902";"2024-09-05 19:28:20"
"2024-09-03";"";"71 368";"7 096";"27 562 692";"2024-09-03 11:44:04"
"2024-09-06";"";"177 005";"23 412";"27 563 331";"2024-09-06 20:17:24"
"2024-09-01";"Telegram";"82 221 684";"11 539 638";"27 562 612";"2024-09-01 21:42:53"
"2024-09-03";"";"797 352";"64 742";"27 561 651";"2024-09-03 17:14:40"
"2024-09-06";"";"30 641";"14 280";"27 562 096";"2024-09-06 20:41:29"
"2024-09-06";"Likee";"147 772";"41 133";"27 562 366";"2024-09-06 04:25:29"
"2024-09-02";"Instagram";"27 565";"26 882";"27 562 982";"2024-09-02 18:27:04"
"2024-09-03";"";"57 609";"124 439";"27 563 093";"2024-09-03 11:08:20"
"2024-09-08";"YouTube";"38 538";"16 879";"27 561 265";"2024-09-08 04:37:14"
"2024-09-07";"";"208 608";"15 755";"27 563 005";"2024-09-07 14:23:23"
"2024-09-02";"";"266 638";"846 770";"27 562 617";"2024-09-02 03:48:34"
"2024-09-01";"";"53 372";"4 806";"27 562 469";"2024-09-01 05:38:41"
"2024-09-03";"Telegram";"144 914 226";"8 127 228";"27 561 981";"2024-09-03 09:54:54"
"2024-09-06";"";"176 414";"10 210";"27 563 213";"2024-09-06 03:24:06"
"2024-09-10";"Instagram";"5 363 814";"1 744 251";"27 561 851";"2024-09-10 12:45:40"
"2024-09-06";"";"190 324";"118 234";"27 562 260";"2024-09-06 17:38:25"
"2024-09-07";"Instagram";"1 796 405";"147 390";"27 561 557";"2024-09-07 14:35:57"
"2024-09-03";"Facebook";"55 849";"5 035";"27 561 624";"2024-09-03 23:44:08"
"2024-09-08";"";"78 062";"27 503";"27 561 312";"2024-09-08 16:25:35"
"2024-09-02";"";"717 715";"32 870";"27 562 445";"2024-09-02 12:45:05"
"2024-09-08";"";"239 885";"145 175";"27 562 931";"2024-09-08 07:40:10"
"2024-09-05";"";"113 872";"15 906";"27 561 651";"2024-09-05 13:58:37"
"2024-09-01";"";"1 723 132";"162 806";"27 562 455";"2024-09-01 21:18:19"
"2024-09-08";"";"3 756 093";"193 443";"27 561 649";"2024-09-08 03:36:15"
"2024-09-03";"";"27 875";"2 202";"27 562 784";"2024-09-03 08:17:00"
"2024-09-09";"";"27 851";"2 469";"27 561 251";"2024-09-09 11:20:03"
"2024-09-03";"";"892 153";"159 547";"27 561 825";"2024-09-03 23:20:17"
"2024-09-03";"";"645 067";"377 933";"27 561 845";"2024-09-03 03:00:30"
"2024-09-10";"";"40 543";"5 398";"27 561 770";"2024-09-10 08:41:39"
"2024-09-07";"YouTube";"740 615";"94 181";"27 562 491";"2024-09-07 07:16:07"
"2024-09-04";"";"136 098";"6 280";"27 563 134";"2024-09-04 13:58:43"
"2024-09-02";"YouTube";"95 396 136";"8 469 137";"27 563 240";"2024-09-02 20:53:52"
"2024-09-08";"";"17 985 491";"760 986";"27 561 862";"2024-09-08 08:17:24"
"2024-09-01";"Yandex";"44 895";"22 652";"27 562 474";"2024-09-01 14:47:15"
"2024-09-01";"";"58 765";"2 781";"27 562 304";"2024-09-01 13:46:15"
"2024-09-02";"Facebook";"166 034";"4 886";"27 563 225";"2024-09-02 19:40:29"
"2024-09-07";"";"14 671 099";"480 720";"27 561 253";"2024-09-07 22:19:18"
"2024-09-03";"YouTube";"7 349 991";"1 260 221";"27 561 392";"2024-09-03 23:32:02"
"2024-09-10";"";"1 213 226";"51 518";"27 562 254";"2024-09-10 19:04:47"
"2024-09-10";"Instagram";"1 257 220";"765 139";"27 562 792";"2024-09-11 02:59:03"
"2024-09-03";"";"39 752";"2 254";"27 561 433";"2024-09-03 09:06:00"
"2024-09-10";"Instagram";"4 127 847";"3 431 953";"27 562 036";"2024-09-10 19:40:58"
"2024-09-05";"TikTok";"28 682";"286 424";"27 563 507";"2024-09-05 13:46:31"
"2024-09-06";"";"46 909";"5 706";"27 562 642";"2024-09-06 10:55:46"
"2024-09-04";"Facebook";"167 054";"105 241";"27 562 391";"2024-09-04 18:15:22"
"2024-09-09";"";"32 579";"3 430";"27 561 518";"2024-09-09 12:09:00"
"2024-09-02";"YouTube";"80 362";"20 798";"27 562 341";"2024-09-02 03:00:51"
"2024-09-04";"";"185 084";"108 420";"27 561 189";"2024-09-04 11:44:55"
"2024-09-05";"";"119 328";"311 073";"27 562 226";"2024-09-05 12:21:44"
"2024-09-07";"";"615 431";"383 877";"27 561 884";"2024-09-07 23:08:33"
"2024-09-05";"Instagram";"2 646 124";"1 715 004";"27 562 951";"2024-09-05 19:28:51"
"2024-09-05";"";"508 000";"26 363";"27 561 902";"2024-09-05 06:03:03"
"2024-09-08";"";"1 053 402";"525 540";"27 561 335";"2024-09-08 09:42:09"
"2024-09-04";"";"87 439 379";"7 378 484";"27 562 339";"2024-09-04 10:43:58"
"2024-09-09";"Instagram";"213 999 880";"3 675 621";"27 562 317";"2024-09-09 16:01:15"
"2024-09-07";"Yandex";"163 991";"6 266";"27 561 307";"2024-09-07 04:37:22"
"2024-09-09";"";"32 487";"2 944";"27 561 708";"2024-09-09 10:31:54"
"2024-09-10";"";"41 151";"6 119";"27 561 272";"2024-09-10 17:50:52"
"2024-09-05";"WhatsApp";"4 642 277";"356 503";"27 561 357";"2024-09-05 15:00:07"
"2024-09-05";"Instagram";"22 017 726";"545 186";"27 561 695";"2024-09-05 11:32:29"
"2024-09-10";"";"51 357";"239 642";"27 561 712";"2024-09-11 02:59:29"
"2024-09-08";"";"80 725";"17 102";"27 563 006";"2024-09-08 06:27:18"
"2024-09-09";"YouTube";"914 556";"134 154";"27 562 624";"2024-09-09 09:30:47"
"2024-09-02";"Instagram";"13 321 798";"3 969 990";"27 562 497";"2024-09-02 07:28:57"
"2024-09-03";"";"19 784 775";"1 484 160";"27 561 882";"2024-09-03 18:15:49"
"2024-09-08";"Facebook";"129 301";"9 646";"27 562 339";"2024-09-08 14:47:09"
"2024-09-06";"";"249 277";"142 759";"27 562 614";"2024-09-06 23:56:20"
"2024-09-05";"Instagram";"31 331";"4 436";"27 562 028";"2024-09-05 10:07:57"
"2024-09-09";"";"7 434";"25 695";"27 562 613";"2024-09-09 12:09:31"
"2024-09-03";"Yandex";"862 713";"65 562";"27 562 656";"2024-09-03 06:15:42"
"2024-09-09";"";"32 243";"6 524";"27 562 468";"2024-09-09 10:07:27"
"2024-09-09";"";"53 680";"1 890";"27 561 934";"2024-09-09 13:10:15"
"2024-09-05";"YouTube";"1 557 650";"697 079";"27 561 723";"2024-09-05 04:49:47"
"2024-09-10";"";"403 333";"401 472";"27 562 207";"2024-09-10 16:25:08"
"2024-09-03";"";"25 764";"18 359";"27 561 942";"2024-09-03 14:23:21"
"2024-09-09";"";"1 602 364";"270 571";"27 563 446";"2024-09-10 02:35:09"
"2024-09-08";"YouTube";"7 566 967";"376 258";"27 561 347";"2024-09-08 20:05:52"
"2024-09-07";"";"56 611";"26 490";"27 561 670";"2024-09-07 16:01:51"
"2024-09-02";"TikTok";"7 591";"63 363";"27 563 143";"2024-09-02 13:34:49"
"2024-09-01";"";"3 450";"155 987";"27 561 279";"2024-09-01 08:17:34"
"2024-09-08";"";"226 016";"8 456";"27 562 656";"2024-09-08 19:52:04"
"2024-09-03";"";"150 495";"242 227";"27 561 818";"2024-09-03 13:22:27"
"2024-09-08";"";"122 324";"28 415";"27 562 016";"2024-09-08 22:19:07"
"2024-09-09";"Instagram";"1 163 758";"131 460";"27 562 355";"2024-09-09 13:58:52"
"2024-09-02";"WhatsApp";"2 054 810";"1 390 062";"27 562 447";"2024-09-02 11:32:08"
"2024-09-10";"WhatsApp";"29 595";"3 386";"27 562 915";"2024-09-10 08:41:29"
"2024-09-05";"Facebook";"512 256";"187 866";"27 561 221";"2024-09-05 21:42:41"
"2024-09-09";"YouTube";"9 945 215";"2 937 966";"27 561 629";"2024-09-09 08:41:11"
"2024-09-04";"";"153 599 093";"4 509 480";"27 561 796";"2024-09-04 08:53:25"
"2024-09-10";"Instagram";"243 001 665";"5 174 207";"27 561 312";"2024-09-10 11:32:38"
"2024-09-04";"";"58 152";"8 653";"27 561 659";"2024-09-04 16:25:08"
"2024-09-06";"Unknown";"61 079";"10 073";"27 562 714";"2024-09-06 19:52:51"
"2024-09-05";"";"1 106 674";"133 547";"27 563 039";"2024-09-06 00:21:42"
"2024-09-07";"";"1 739 156";"86 011";"27 562 721";"2024-09-07 18:27:11"
"2024-09-02";"PUBG";"559 341";"30 418";"27 562 170";"2024-09-02 10:19:17"
"2024-09-09";"";"159 546 433";"3 665 468";"27 563 512";"2024-09-10 00:21:59"
"2024-09-10";"";"11 450";"25 642";"27 563 058";"2024-09-10 15:12:10"
"2024-09-03";"";"139 325";"9 792";"27 563 281";"2024-09-03 08:17:51"
"2024-09-10";"Instagram";"8 059 303";"4 240 960";"27 561 924";"2024-09-11 02:23:02"
"2024-09-06";"";"29 605";"12 914";"27 563 088";"2024-09-06 18:39:05"
"2024-09-08";"";"12 758";"27 286";"27 562 645";"2024-09-08 15:24:40"
"2024-09-06";"WhatsApp";"823 080";"5 945 267";"27 562 222";"2024-09-06 14:47:03"
"2024-09-09";"";"61 780";"12 340";"27 561 398";"2024-09-09 11:20:21"
"2024-09-09";"";"558 307";"30 586";"27 563 445";"2024-09-09 08:53:08"
"2024-09-03";"";"7 772";"31 470";"27 562 636";"2024-09-03 05:02:32"
"2024-09-05";"YouTube";"49 047 635";"2 890 383";"27 561 745";"2024-09-05 05:38:20"
"2024-09-05";"Telegram";"2 077 549";"114 372";"27 562 447";"2024-09-05 04:01:19"
"2024-09-02";"";"36 669";"82 058";"27 562 366";"2024-09-03 02:47:47"
"2024-09-03";"";"187 231";"15 983";"27 561 243";"2024-09-03 09:54:52"
"2024-09-07";"VKontakte";"1 766 520";"62 070";"27 562 646";"2024-09-07 09:30:45"
"2024-09-02";"";"922 540";"2 092 692";"27 563 114";"2024-09-02 19:52:32"
"2024-09-04";"";"779 847";"57 672";"27 561 593";"2024-09-04 18:39:35"
"2024-09-09";"YouTube";"61 233";"25 610";"27 562 099";"2024-09-09 14:23:28"
"2024-09-10";"";"121 558";"11 477";"27 563 186";"2024-09-10 06:15:10"
"2024-09-10";"";"151 338";"21 271";"27 562 069";"2024-09-10 04:49:46"
"2024-09-02";"Telegram";"89 717";"6 339";"27 563 156";"2024-09-02 11:56:00"
"2024-09-09";"Telegram";"175 149 640";"11 453 510";"27 561 221";"2024-09-09 09:30:31"
"2024-09-03";"";"27 325";"16 741";"27 562 675";"2024-09-03 05:26:20"
"2024-09-06";"";"365 680";"19 532";"27 562 484";"2024-09-06 15:12:12"
"2024-09-02";"Unknown";"73 292";"7 987";"27 562 296";"2024-09-02 18:39:32"
"2024-09-08";"";"87 250";"9 073";"27 562 462";"2024-09-08 14:23:03"
"2024-09-09";"";"37 575";"7 051";"27 562 864";"2024-09-09 13:46:26"
"2024-09-06";"Facebook";"319 879";"29 966";"27 561 508";"2024-09-07 00:45:18"
"2024-09-01";"WhatsApp";"2 589 377";"23 176 780";"27 563 110";"2024-09-02 00:57:21"
"2024-09-02";"Telegram";"47 898 762";"2 503 906";"27 563 358";"2024-09-02 07:28:26"
"2024-09-02";"Instagram";"577 936";"80 943";"27 561 774";"2024-09-02 10:19:48"
"2024-09-06";"";"480 564";"96 654";"27 561 305";"2024-09-06 21:18:12"
"2024-09-01";"Telegram";"4 225 456";"310 586";"27 561 545";"2024-09-01 21:42:00"
"2024-09-01";"";"451 431";"69 954";"27 562 204";"2024-09-01 12:45:53"
"2024-09-03";"";"85 752";"18 180";"27 563 030";"2024-09-03 15:12:19"
"2024-09-02";"";"74 978";"6 241";"27 562 514";"2024-09-02 06:39:32"
"2024-09-04";"";"407 617";"202 018";"27 563 410";"2024-09-04 14:35:36"
"2024-09-05";"";"188 688";"30 520";"27 562 289";"2024-09-05 19:28:32"
"2024-09-04";"";"75 332";"198 677";"27 561 851";"2024-09-04 04:49:40"
"2024-09-05";"";"729 985";"134 124";"27 562 997";"2024-09-05 16:49:01"
"2024-09-05";"";"31 004";"3 010";"27 562 752";"2024-09-05 09:54:40"
"2024-09-04";"";"590 351";"523 181";"27 562 392";"2024-09-04 07:52:35"
"2024-09-04";"YouTube";"943 881";"342 008";"27 561 357";"2024-09-04 20:29:18"
"2024-09-10";"";"27 618";"11 319";"27 563 271";"2024-09-10 12:57:29"
"2024-09-02";"";"64 895";"87 368";"27 562 535";"2024-09-02 10:43:22"
"2024-09-09";"";"6 747 587";"307 407";"27 563 110";"2024-09-09 05:14:49"
"2024-09-10";"";"32 379";"3 618";"27 563 494";"2024-09-11 00:57:59"
"2024-09-07";"";"63 569";"19 074";"27 562 527";"2024-09-07 14:23:46"
"2024-09-02";"";"93 434";"21 564";"27 561 827";"2024-09-02 17:38:09"
"2024-09-10";"";"1 162 949";"569 314";"27 563 069";"2024-09-10 18:03:42"
"2024-09-09";"";"23 569";"42 285";"27 562 442";"2024-09-10 01:34:58"
"2024-09-06";"Instagram";"117 014";"45 597";"27 563 098";"2024-09-06 14:11:06"
"2024-09-07";"";"26 397";"4 152";"27 562 666";"2024-09-08 00:09:05"
"2024-09-02";"";"24 728";"33 785";"27 561 404";"2024-09-02 04:13:45"
"2024-09-05";"";"13 350";"69 686";"27 563 395";"2024-09-05 23:56:50"
"2024-09-08";"";"74 489";"6 233";"27 562 460";"2024-09-08 13:22:27"
"2024-09-10";"";"281 361";"26 335";"27 561 669";"2024-09-10 19:16:16"
"2024-09-06";"";"26 885";"822";"27 562 086";"2024-09-06 14:47:37"
"2024-09-02";"";"196 620";"9 959 579";"27 562 107";"2024-09-03 02:59:41"
"2024-09-07";"";"150 719";"26 007";"27 562 751";"2024-09-07 17:26:27"
"2024-09-04";"WhatsApp";"20 871 816";"59 440 099";"27 563 452";"2024-09-04 22:55:19"
"2024-09-05";"";"271 023";"54 443";"27 561 216";"2024-09-05 05:26:14"
"2024-09-06";"";"82 904";"24 131";"27 561 888";"2024-09-06 22:55:50"
"2024-09-01";"";"26 315";"16 469";"27 561 602";"2024-09-01 19:04:07"
"2024-09-01";"";"56 149 999";"1 689 852";"27 561 569";"2024-09-01 22:31:58"
"2024-09-09";"";"77 478";"5 418";"27 562 898";"2024-09-09 03:36:48"
"2024-09-10";"Instagram";"173 579";"141 723";"27 561 624";"2024-09-10 17:02:33"
"2024-09-04";"Yandex";"498 096";"310 326";"27 563 392";"2024-09-04 09:42:44"
"2024-09-05";"";"42 373";"19 486";"27 561 952";"2024-09-05 14:59:18"
"2024-09-06";"";"147 437";"26 013";"27 563 462";"2024-09-06 05:50:54"
"2024-09-05";"";"3 570";"251 547";"27 563 473";"2024-09-06 00:57:31"
"2024-09-03";"";"247 045";"19 863";"27 562 570";"2024-09-03 07:28:29"
"2024-09-02";"Facebook";"628 240";"215 688";"27 562 404";"2024-09-02 19:28:39"
"2024-09-01";"";"17 364";"195 116";"27 562 850";"2024-09-01 11:20:24"
"2024-09-09";"";"166 877";"7 103";"27 562 137";"2024-09-09 07:40:59"
"2024-09-07";"";"1 227 312";"33 525";"27 561 253";"2024-09-08 00:57:08"
"2024-09-06";"Instagram";"459 160";"27 689";"27 563 507";"2024-09-06 12:09:08"
"2024-09-04";"Instagram";"2 466 261";"81 104";"27 562 143";"2024-09-04 08:05:33"
"2024-09-09";"";"97 559";"25 828";"27 562 041";"2024-09-09 06:27:33"
"2024-09-06";"";"2 135 800";"62 404";"27 562 194";"2024-09-06 23:44:22"
"2024-09-02";"YouTube";"7 668 792";"458 767";"27 563 199";"2024-09-02 10:19:35"
"2024-09-07";"";"106 018";"12 862";"27 563 311";"2024-09-07 11:20:48"
"2024-09-02";"Yandex";"911 909";"364 498";"27 562 885";"2024-09-02 18:27:44"
"2024-09-10";"";"647 189";"33 407";"27 563 476";"2024-09-10 07:16:25"
"2024-09-05";"";"80 635";"8 576";"27 561 895";"2024-09-05 06:51:52"
"2024-09-04";"";"2 194 998";"223 917";"27 561 260";"2024-09-04 06:15:09"
"2024-09-03";"WhatsApp";"44 086";"140 720";"27 563 140";"2024-09-03 09:06:48"
"2024-09-10";"";"90 251";"9 919";"27 561 947";"2024-09-10 21:30:41"
"2024-09-08";"";"382 349";"51 819";"27 561 480";"2024-09-08 11:08:21"
"2024-09-09";"Unknown";"52 932";"29 626";"27 562 028";"2024-09-10 01:58:45"
"2024-09-08";"Telegram";"54 906 801";"4 733 460";"27 562 090";"2024-09-09 00:21:02"
"2024-09-06";"Instagram";"12 210 524";"283 824";"27 562 055";"2024-09-06 23:08:23"
"2024-09-07";"Telegram";"16 617 143";"1 019 250";"27 561 547";"2024-09-07 20:53:23"
"2024-09-07";"";"178 823";"35 987";"27 562 172";"2024-09-07 13:10:48"
"2024-09-02";"Facebook";"308 532";"658 722";"27 562 615";"2024-09-02 09:54:12"
"2024-09-09";"";"6 287";"34 550";"27 563 221";"2024-09-09 16:37:48"
"2024-09-06";"";"4 909 000";"359 531";"27 562 884";"2024-09-06 06:51:05"
"2024-09-09";"";"220 719";"33 505";"27 561 176";"2024-09-09 19:04:22"
"2024-09-06";"";"2 357 828";"140 117";"27 563 442";"2024-09-06 04:25:19"
"2024-09-07";"YouTube";"3 253";"74 354";"27 563 445";"2024-09-07 18:27:56"
"2024-09-09";"";"561 320";"52 177";"27 562 098";"2024-09-09 12:57:14"
"2024-09-07";"";"45 775";"22 841";"27 561 855";"2024-09-07 03:36:26"
"2024-09-10";"";"169 463";"186 128";"27 563 008";"2024-09-10 10:31:15"
"2024-09-05";"YouTube";"394 263";"149 692";"27 562 099";"2024-09-05 22:55:39"
"2024-09-01";"VKontakte";"7 295";"29 870";"27 561 943";"2024-09-01 16:25:11"
"2024-09-06";"Instagram";"13 674 156";"562 926";"27 561 429";"2024-09-06 21:42:50"
"2024-09-09";"YouTube";"5 618 101";"2 176 723";"27 561 524";"2024-09-09 11:44:08"
"2024-09-03";"";"90 324";"12 244";"27 561 345";"2024-09-03 19:28:05"
"2024-09-09";"";"66 193";"17 185";"27 562 604";"2024-09-09 05:38:53"
"2024-09-06";"";"378 895";"107 146";"27 562 468";"2024-09-06 20:41:00"
"2024-09-03";"";"293 126";"160 818";"27 562 401";"2024-09-03 11:44:39"
"2024-09-10";"";"565 274";"264 656";"27 561 252";"2024-09-10 13:10:19"
"2024-09-09";"Instagram";"13 471 438";"487 575";"27 562 894";"2024-09-09 16:13:30"
"2024-09-03";"Unknown";"141 854";"57 866";"27 563 262";"2024-09-03 19:40:17"
"2024-09-08";"";"109 453";"13 787";"27 562 291";"2024-09-08 03:00:32"
"2024-09-07";"";"331 986";"39 075";"27 562 903";"2024-09-08 00:21:50"
"2024-09-03";"Unknown";"3 795 324";"138 257";"27 562 487";"2024-09-03 08:41:35"
"2024-09-07";"";"281 479";"20 763";"27 562 717";"2024-09-07 13:22:22"
"2024-09-04";"";"226 236";"167 032";"27 562 949";"2024-09-04 07:28:32"
"2024-09-01";"";"32 023";"44 997";"27 562 254";"2024-09-01 07:40:50"
"2024-09-06";"";"14 044";"25 774";"27 562 139";"2024-09-06 05:38:38"
"2024-09-03";"";"46 255";"2 789";"27 562 717";"2024-09-03 15:24:10"
"2024-09-08";"Facebook";"185 460";"17 339";"27 561 290";"2024-09-09 02:59:47"
"2024-09-06";"Instagram";"813 122";"173 764";"27 561 172";"2024-09-06 09:06:28"
"2024-09-10";"";"37 885";"7 677";"27 563 158";"2024-09-10 13:22:35"
"2024-09-08";"";"33 892";"4 502";"27 562 651";"2024-09-08 21:54:23"
"2024-09-07";"";"62 068 930";"3 214 912";"27 562 149";"2024-09-07 05:02:38"
"2024-09-09";"";"54 789";"13 755";"27 563 058";"2024-09-09 03:24:25"
"2024-09-02";"";"4 021 439";"259 816";"27 561 591";"2024-09-02 18:15:32"
"2024-09-08";"";"40 818";"29 187";"27 561 825";"2024-09-09 00:45:40"
"2024-09-05";"Instagram";"7 217 267";"462 820";"27 561 915";"2024-09-05 18:27:00"
"2024-09-01";"";"24 941";"111 141";"27 563 293";"2024-09-01 05:02:40"
"2024-09-05";"";"42 767";"17 902";"27 561 956";"2024-09-06 00:09:06"
"2024-09-05";"Telegram";"273 277 835";"10 500 332";"27 562 566";"2024-09-05 10:07:21"
"2024-09-08";"";"61 145 505";"1 569 814";"27 562 847";"2024-09-08 10:19:33"
"2024-09-01";"YouTube";"1 254 470";"712 829";"27 563 472";"2024-09-01 22:19:52"
"2024-09-05";"Facebook";"1 569 420";"152 173";"27 562 956";"2024-09-05 04:13:55"
"2024-09-09";"";"37 372";"4 591";"27 561 860";"2024-09-09 14:23:59"
"2024-09-02";"";"590 628";"113 109";"27 562 494";"2024-09-02 12:57:17"
"2024-09-09";"";"5 470";"26 639";"27 563 122";"2024-09-10 00:09:21"
"2024-09-06";"";"131 941";"3 319";"27 563 460";"2024-09-06 23:20:32"
"2024-09-02";"";"50 435";"6 178";"27 563 174";"2024-09-03 00:33:26"
"2024-09-02";"";"29 477";"16 516";"27 562 124";"2024-09-02 12:33:39"
"2024-09-01";"";"2 754";"99 690";"27 561 866";"2024-09-01 15:24:04"
"2024-09-05";"";"3 999";"26 488";"27 562 252";"2024-09-05 10:07:04"
"2024-09-07";"";"868 683";"28 502";"27 562 125";"2024-09-07 20:05:31"
"2024-09-02";"Telegram";"22 138 094";"1 347 560";"27 563 368";"2024-09-03 01:34:16"
"2024-09-02";"YouTube";"3 446 871";"1 320 705";"27 563 494";"2024-09-02 03:36:35"
"2024-09-06";"";"175 177";"77 738";"27 562 280";"2024-09-06 06:15:09"
"2024-09-06";"";"27 237";"4 037";"27 562 512";"2024-09-06 05:14:12"
"2024-09-06";"";"45 028";"3 541";"27 561 192";"2024-09-06 20:29:05"
"2024-09-05";"";"406 701";"193 259";"27 562 320";"2024-09-05 11:20:59"
"2024-09-07";"";"49 225";"79 207";"27 562 666";"2024-09-07 11:32:24"
"2024-09-02";"Instagram";"1 801 594";"80 828";"27 563 347";"2024-09-02 09:42:44"
"2024-09-08";"";"852 000";"42 523";"27 561 279";"2024-09-08 22:43:05"
"2024-09-02";"";"186 340";"20 862";"27 561 752";"2024-09-02 13:22:32"
"2024-09-01";"Facebook";"95 010";"10 861";"27 562 003";"2024-09-01 10:31:38"
"2024-09-02";"";"771 417";"23 568";"27 561 884";"2024-09-02 12:45:29"
"2024-09-03";"";"48 040";"50 785";"27 563 500";"2024-09-03 20:05:28"
"2024-09-10";"";"24 129";"31 744";"27 562 106";"2024-09-10 04:13:18"
"2024-09-06";"";"26 489";"1 565";"27 562 400";"2024-09-07 01:34:40"
"2024-09-07";"";"2 336";"83 045";"27 563 021";"2024-09-07 16:01:13"
"2024-09-10";"YouTube";"115 683";"945 043";"27 561 315";"2024-09-11 01:46:47"
"2024-09-10";"YouTube";"4 290 977";"1 225 413";"27 561 337";"2024-09-10 17:50:23"
"2024-09-07";"";"1 037 512";"49 379";"27 563 515";"2024-09-07 06:51:08"
"2024-09-07";"";"110 898";"13 446";"27 562 398";"2024-09-07 03:24:43"
"2024-09-04";"PUBG";"51 457";"23 701";"27 562 259";"2024-09-04 17:38:31"
"2024-09-08";"";"138 353";"41 306";"27 562 101";"2024-09-08 22:19:56"
"2024-09-10";"";"26 140";"40 380";"27 562 469";"2024-09-10 19:40:05"
"2024-09-04";"";"526 249";"54 275";"27 561 697";"2024-09-04 15:24:45"
"2024-09-09";"Instagram";"13 529 831";"885 830";"27 562 592";"2024-09-09 16:01:36"
"2024-09-05";"Instagram";"1 020 045";"173 329";"27 561 335";"2024-09-06 01:34:53"
"2024-09-07";"YouTube";"392 195 996";"23 780 181";"27 563 397";"2024-09-07 20:17:21"
"2024-09-03";"Yandex";"152 910";"7 364";"27 561 468";"2024-09-03 05:14:42"
"2024-09-05";"VKontakte";"113 136";"129 692";"27 562 604";"2024-09-05 23:08:28"
"2024-09-09";"YouTube";"821 332";"50 069";"27 561 707";"2024-09-09 12:21:14"
"2024-09-04";"";"236 684";"10 596";"27 562 675";"2024-09-04 11:20:12"
"2024-09-04";"";"37 989";"6 040";"27 561 520";"2024-09-04 16:49:20"
"2024-09-05";"";"26 785";"5 663";"27 562 985";"2024-09-05 03:48:24"
"2024-09-05";"Yandex";"12 477";"61 805";"27 562 404";"2024-09-05 05:02:22"
"2024-09-04";"";"607 834";"22 686";"27 561 826";"2024-09-04 19:40:05"
"2024-09-01";"Facebook";"1 674 630";"427 620";"27 561 462";"2024-09-01 21:30:22"
"2024-09-09";"Telegram";"354 221";"32 346";"27 562 587";"2024-09-10 02:47:25"
"2024-09-05";"";"79 253";"7 480";"27 563 080";"2024-09-06 00:33:27"
"2024-09-09";"";"56 296 887";"2 053 095";"27 562 199";"2024-09-09 09:42:59"
"2024-09-08";"";"2 042 940";"29 891";"27 561 220";"2024-09-09 02:11:28"
"2024-09-06";"";"44 944";"15 356";"27 562 609";"2024-09-06 15:00:03"
"2024-09-04";"";"2 195 411";"103 047";"27 563 512";"2024-09-04 05:38:04"
"2024-09-04";"";"34 218 216";"521 941";"27 562 156";"2024-09-04 16:37:01"
"2024-09-01";"Telegram";"182 526";"20 860";"27 562 343";"2024-09-01 13:46:53"
"2024-09-04";"Yandex";"4 943 993";"140 301";"27 561 805";"2024-09-04 17:14:22"
"2024-09-06";"";"167 825";"360 269";"27 562 435";"2024-09-07 01:34:00"
"2024-09-02";"";"52 427";"111 361";"27 563 376";"2024-09-02 15:48:17"
"2024-09-04";"";"720";"39 466";"27 563 225";"2024-09-04 13:46:41"
"2024-09-03";"";"100 233";"108 881";"27 561 279";"2024-09-03 05:14:51"
"2024-09-03";"";"11 365";"29 089";"27 561 312";"2024-09-03 17:14:44"
"2024-09-05";"";"40 344";"28 768";"27 561 552";"2024-09-05 19:52:31"
"2024-09-07";"";"2 062 386";"286 686";"27 562 516";"2024-09-07 03:12:30"
"2024-09-06";"";"25 719";"6 454";"27 561 964";"2024-09-06 16:13:21"
"2024-09-04";"";"87 170";"21 315";"27 563 207";"2024-09-04 08:05:04"
"2024-09-03";"";"642 567";"121 328";"27 561 500";"2024-09-04 02:35:18"
"2024-09-09";"";"215 299";"57 398";"27 562 286";"2024-09-09 12:57:26"
"2024-09-07";"";"771 675";"37 657";"27 561 331";"2024-09-07 07:52:53"
"2024-09-07";"";"9 399 433";"994 203";"27 561 403";"2024-09-07 07:16:16"
"2024-09-04";"Yandex Video";"41 999";"15 043";"27 562 988";"2024-09-04 21:42:30"
"2024-09-08";"";"3 852 044";"751 634";"27 561 302";"2024-09-09 01:58:16"
"2024-09-04";"";"246 875";"9 907";"27 561 692";"2024-09-04 09:42:47"
"2024-09-10";"";"87 820";"7 537";"27 562 088";"2024-09-10 08:17:53"
"2024-09-08";"Telegram";"9 616 806";"5 316 725";"27 563 268";"2024-09-08 14:11:55"
"2024-09-09";"";"44 211";"3 462";"27 562 968";"2024-09-09 12:33:56"
"2024-09-08";"Telegram";"647 618";"72 466";"27 562 396";"2024-09-08 15:24:00"
"2024-09-06";"";"18 881";"30 482";"27 562 098";"2024-09-06 22:43:13"
"2024-09-07";"";"35 747";"11 065";"27 561 421";"2024-09-07 15:12:48"
"2024-09-06";"";"8 076 548";"330 729";"27 562 894";"2024-09-06 08:17:12"
"2024-09-08";"YouTube";"1 010 350";"57 151";"27 563 462";"2024-09-08 08:41:55"
"2024-09-03";"Instagram";"2 155 839";"461 083";"27 563 247";"2024-09-03 13:22:09"
"2024-09-07";"";"35 850";"170 176";"27 563 129";"2024-09-07 13:46:20"
"2024-09-02";"Instagram";"641 563";"17 908";"27 562 144";"2024-09-03 02:11:54"
"2024-09-04";"";"31 044";"11 805";"27 563 030";"2024-09-04 12:09:08"
"2024-09-09";"YouTube";"10 360 255";"509 629";"27 563 097";"2024-09-09 23:44:38"
"2024-09-10";"";"84 684";"31 071";"27 562 087";"2024-09-10 06:15:17"
"2024-09-02";"";"1 239 422";"31 581";"27 562 875";"2024-09-02 14:23:50"
"2024-09-02";"";"89 629";"209 513";"27 563 378";"2024-09-02 09:42:51"
"2024-09-08";"";"25 753";"16 727";"27 561 982";"2024-09-08 03:00:04"
"2024-09-03";"";"30 461";"1 827";"27 561 265";"2024-09-03 11:08:22"
"2024-09-02";"Instagram";"43 793 585";"1 470 792";"27 561 497";"2024-09-02 20:17:03"
"2024-09-05";"Telegram";"220 815 841";"10 919 425";"27 563 092";"2024-09-05 05:26:32"
"2024-09-05";"Yandex";"111 055";"8 939";"27 561 437";"2024-09-05 21:54:59"
"2024-09-03";"";"1 305 475";"31 278";"27 562 721";"2024-09-03 04:13:47"
"2024-09-10";"YouTube";"179 915 869";"11 699 156";"27 562 097";"2024-09-10 12:45:50"
"2024-09-10";"Facebook";"473 771";"16 187";"27 563 225";"2024-09-11 01:58:39"
"2024-09-10";"Telegram";"2 573 718";"191 094";"27 563 467";"2024-09-10 15:12:48"
"2024-09-06";"YouTube";"4 401 032";"2 057 343";"27 563 509";"2024-09-07 02:35:23"
"2024-09-10";"";"598 526";"363 903";"27 561 776";"2024-09-10 08:29:24"
"2024-09-10";"";"35 545";"4 967";"27 561 464";"2024-09-10 03:12:45"
"2024-09-06";"";"2 953 207";"604 315";"27 561 801";"2024-09-06 05:02:55"
"2024-09-06";"";"35 077";"3 408";"27 562 292";"2024-09-06 16:25:24"
"2024-09-06";"";"223 512";"142 066";"27 561 944";"2024-09-06 13:58:55"
"2024-09-10";"";"3 718 886";"223 750";"27 561 883";"2024-09-10 15:36:06"
"2024-09-02";"";"2 233 493";"197 277";"27 563 504";"2024-09-02 05:50:07"
"2024-09-04";"";"29 466";"15 343";"27 561 867";"2024-09-04 04:49:28"
"2024-09-05";"YouTube";"66 579";"8 568";"27 561 544";"2024-09-05 06:27:31"
"2024-09-08";"";"20 965";"58 737";"27 561 542";"2024-09-09 01:22:17"
"2024-09-01";"";"26 202";"12 190";"27 562 527";"2024-09-01 19:52:23"
"2024-09-03";"YouTube";"5 163 222";"371 552";"27 561 325";"2024-09-03 17:14:27"
"2024-09-03";"";"3 467 894";"3 738 435";"27 561 950";"2024-09-03 20:29:03"
"2024-09-01";"WhatsApp";"26 285";"4 111";"27 561 257";"2024-09-01 15:36:03"
"2024-09-02";"";"11 413 799";"1 076 794";"27 561 947";"2024-09-02 12:33:45"
"2024-09-02";"Instagram";"44 227 309";"1 205 012";"27 561 701";"2024-09-02 12:21:03"
"2024-09-04";"";"5 254 250";"95 370";"27 561 380";"2024-09-04 23:20:36"
"2024-09-08";"";"410 618";"306 128";"27 561 671";"2024-09-08 13:46:27"
"2024-09-09";"YouTube";"1 417 676";"113 749";"27 561 805";"2024-09-09 12:45:14"
"2024-09-01";"";"193 281";"49 706";"27 561 640";"2024-09-01 14:47:29"
"2024-09-01";"Instagram";"32 180";"6 796";"27 562 398";"2024-09-01 03:36:29"
"2024-09-04";"YouTube";"28 572";"7 886";"27 562 843";"2024-09-04 05:38:04"
"2024-09-06";"Yandex Video";"2 234 795";"126 682";"27 562 692";"2024-09-07 00:57:34"
"2024-09-04";"YouTube";"13 431";"88 157";"27 561 944";"2024-09-04 23:08:55"
"2024-09-04";"";"70 176";"145 740";"27 561 835";"2024-09-04 15:36:59"
"2024-09-08";"Apple Music";"178 154";"42 294";"27 561 407";"2024-09-08 11:08:44"
"2024-09-09";"";"286 601";"21 667";"27 563 210";"2024-09-09 15:48:22"
"2024-09-08";"Telegram";"2 675 474";"411 034";"27 562 508";"2024-09-08 15:48:25"
"2024-09-02";"";"407 595";"26 781";"27 562 226";"2024-09-02 03:36:23"
"2024-09-05";"";"212 477";"52 034";"27 562 720";"2024-09-05 10:31:05"
"2024-09-10";"Facebook";"467 733";"38 272";"27 562 106";"2024-09-10 16:25:20"
"2024-09-02";"";"1 955 434";"496 533";"27 563 087";"2024-09-02 10:07:39"
"2024-09-06";"YouTube";"4 347 512";"684 849";"27 562 320";"2024-09-06 20:41:43"
"2024-09-04";"";"137 538";"51 856";"27 563 451";"2024-09-04 13:34:33"
"2024-09-03";"";"685 238";"107 815";"27 561 992";"2024-09-04 00:33:10"
"2024-09-05";"";"674 955";"114 857";"27 563 219";"2024-09-05 23:32:38"
"2024-09-08";"Instagram";"1 028 810";"256 921";"27 562 886";"2024-09-08 06:51:17"
"2024-09-02";"";"174 469";"700 965";"27 562 355";"2024-09-02 13:34:54"
"2024-09-07";"";"2 795 169";"130 092";"27 561 600";"2024-09-08 00:21:32"
"2024-09-06";"";"53 968";"43 022";"27 562 998";"2024-09-06 09:30:09"
"2024-09-03";"";"594 106";"344 626";"27 562 872";"2024-09-03 23:32:27"
"2024-09-03";"YouTube";"257 407";"18 176";"27 561 673";"2024-09-03 18:03:55"
"2024-09-03";"";"60 989";"5 383";"27 561 293";"2024-09-03 15:12:03"
"2024-09-05";"";"1 000 321";"126 765";"27 561 457";"2024-09-06 01:46:50"
"2024-09-05";"YouTube";"2 905 892";"895 482";"27 561 965";"2024-09-05 17:14:33"
"2024-09-09";"";"6 126 944";"254 984";"27 563 218";"2024-09-09 19:28:39"
"2024-09-07";"";"208 575";"13 119";"27 562 401";"2024-09-07 09:54:56"
"2024-09-10";"";"639 286";"19 270";"27 562 242";"2024-09-10 23:56:45"
"2024-09-10";"Instagram";"378 126";"5 770";"27 562 885";"2024-09-10 19:16:58"
"2024-09-04";"";"147 005";"18 342";"27 561 335";"2024-09-04 14:47:33"
"2024-09-09";"VKontakte";"11 642 227";"631 993";"27 563 424";"2024-09-09 23:20:42"
"2024-09-05";"";"196 091";"85 000";"27 562 326";"2024-09-05 06:51:50"
"2024-09-05";"Odnoklassniki";"591 356";"32 810";"27 562 878";"2024-09-06 01:46:01"
"2024-09-07";"";"56 064";"18 872";"27 561 940";"2024-09-07 11:56:29"
"2024-09-02";"";"1 021 459";"63 733";"27 563 139";"2024-09-02 11:32:51"
"2024-09-02";"TikTok";"26 792";"1 135 032";"27 562 816";"2024-09-02 11:44:38"
"2024-09-04";"";"30 327";"4 519";"27 562 566";"2024-09-05 01:46:48"
"2024-09-05";"";"173 161";"19 108";"27 562 842";"2024-09-05 08:29:02"
"2024-09-10";"";"10 307";"45 321";"27 562 775";"2024-09-10 23:08:16"
"2024-09-01";"YouTube";"757 407";"486 804";"27 562 145";"2024-09-01 06:51:22"
"2024-09-06";"Apple Music";"1 718 853";"253 617";"27 562 364";"2024-09-06 09:30:44"
"2024-09-06";"";"566 341";"370 609";"27 561 381";"2024-09-06 17:50:09"
"2024-09-05";"";"136 170";"24 560";"27 562 418";"2024-09-05 05:50:47"
"2024-09-07";"";"1 678 714";"84 980";"27 562 416";"2024-09-07 09:54:56"
"2024-09-07";"";"46 833";"3 821";"27 562 771";"2024-09-07 17:14:26"
"2024-09-07";"";"107 306";"87 091";"27 562 766";"2024-09-08 00:57:23"
"2024-09-09";"Facebook";"855 939";"7 669 069";"27 562 036";"2024-09-09 19:28:50"
"2024-09-08";"";"1 798 365";"242 924";"27 563 106";"2024-09-08 20:29:12"
"2024-09-06";"";"229 338";"12 997";"27 561 403";"2024-09-06 10:55:23"
"2024-09-04";"";"19 884 985";"850 366";"27 563 009";"2024-09-05 02:11:53"
"2024-09-09";"";"47 324";"14 534";"27 562 617";"2024-09-09 13:58:18"
"2024-09-02";"";"4 245 015";"134 578";"27 561 484";"2024-09-02 04:13:55"
"2024-09-02";"";"2 252 345";"61 264";"27 561 547";"2024-09-02 12:09:36"
"2024-09-01";"Instagram";"3 940 943";"4 472 424";"27 561 975";"2024-09-02 02:47:13"
"2024-09-03";"";"219 862";"10 736";"27 561 694";"2024-09-03 09:18:25"
"2024-09-07";"Facebook";"674 059";"357 677";"27 561 866";"2024-09-07 03:36:57"
"2024-09-06";"Telegram";"5 868 333";"1 035 465";"27 562 781";"2024-09-06 09:18:37"
"2024-09-06";"";"279 582";"9 448";"27 563 018";"2024-09-07 01:10:10"
"2024-09-09";"";"29 425";"2 567";"27 563 058";"2024-09-09 03:12:19"
"2024-09-03";"";"690 615";"20 211";"27 562 040";"2024-09-03 21:06:28"
"2024-09-04";"";"4 823";"74 955";"27 561 207";"2024-09-04 05:38:17"
"2024-09-01";"YouTube";"4 671 217";"325 841";"27 562 651";"2024-09-01 21:18:50"
"2024-09-02";"";"7 547 721";"413 060";"27 562 863";"2024-09-02 08:41:47"
"2024-09-09";"";"1 652 009";"844 883";"27 561 953";"2024-09-09 07:52:08"
"2024-09-04";"";"516 779";"32 677";"27 562 729";"2024-09-04 03:36:34"
"2024-09-09";"";"34 238";"3 637";"27 562 468";"2024-09-09 06:15:18"
"2024-09-03";"Facebook";"1 093 051";"507 541";"27 562 832";"2024-09-03 11:32:45"
"2024-09-07";"TikTok";"1 436 288";"16 744 568";"27 563 174";"2024-09-07 19:16:08"
"2024-09-07";"";"29 782";"16 776";"27 563 243";"2024-09-08 01:58:45"
"2024-09-09";"YouTube";"200 782";"2 101 644";"27 563 075";"2024-09-09 13:46:44"
"2024-09-08";"YouTube";"32 012";"13 226";"27 562 813";"2024-09-09 01:58:32"
"2024-09-09";"";"1 016 482";"365 390";"27 561 177";"2024-09-09 03:12:18"
"2024-09-01";"";"25 618";"4 698";"27 561 720";"2024-09-01 07:16:03"
"2024-09-07";"";"1 054 747";"56 709";"27 561 707";"2024-09-07 19:16:14"
"2024-09-08";"";"223 972";"436 183";"27 562 607";"2024-09-08 14:35:01"
"2024-09-04";"";"30 302";"14 534";"27 563 494";"2024-09-04 07:16:28"
"2024-09-08";"";"4 083 455";"376 314";"27 562 516";"2024-09-08 20:29:17"
"2024-09-10";"Facebook";"585 402";"17 354";"27 562 899";"2024-09-10 23:56:27"
"2024-09-05";"YouTube";"17 994 004";"1 186 711";"27 562 286";"2024-09-05 14:35:47"
"2024-09-01";"PUBG";"7 343 300";"281 950";"27 561 547";"2024-09-01 21:30:52"
"2024-09-05";"";"4 701 734";"201 246";"27 561 871";"2024-09-05 23:20:09"
"2024-09-01";"Unknown";"1 862 389";"247 894";"27 562 355";"2024-09-01 14:23:42"
"2024-09-08";"YouTube";"4 406 493";"231 360";"27 563 028";"2024-09-09 00:33:58"
"2024-09-09";"";"2 314 645";"203 772";"27 562 534";"2024-09-09 04:37:44"
"2024-09-03";"WhatsApp";"5 879 369";"13 662 617";"27 561 809";"2024-09-03 13:46:59"
"2024-09-06";"YouTube";"1 076 913";"659 304";"27 562 775";"2024-09-06 12:57:22"
"2024-09-07";"";"252 727 649";"27 402 012";"27 562 865";"2024-09-07 08:41:16"
"2024-09-04";"";"1 245 467";"86 290";"27 561 504";"2024-09-05 00:57:57"
"2024-09-06";"";"383 998";"19 200";"27 563 420";"2024-09-07 01:58:11"
"2024-09-02";"";"125 676";"19 118";"27 562 732";"2024-09-02 05:14:07"
"2024-09-02";"";"26 196";"1 643";"27 563 404";"2024-09-03 02:59:38"
"2024-09-07";"";"84 887 018";"4 977 782";"27 563 446";"2024-09-07 19:40:28"
"2024-09-07";"";"65 649";"32 449";"27 561 695";"2024-09-07 13:58:20"
"2024-09-09";"Tas-ix";"70 171";"31 023";"27 562 170";"2024-09-09 13:34:51"
"2024-09-01";"YouTube";"1 814 963";"141 169";"27 562 573";"2024-09-01 15:12:01"
"2024-09-08";"";"109 865";"10 347";"27 561 420";"2024-09-08 23:32:02"
"2024-09-04";"";"4 131 856";"211 794";"27 563 232";"2024-09-04 13:10:56"
"2024-09-09";"Instagram";"1 994 663";"55 890";"27 563 016";"2024-09-09 20:53:45"
"2024-09-06";"";"26 461";"11 983";"27 562 293";"2024-09-06 23:44:24"
"2024-09-09";"";"64 825";"9 341";"27 561 831";"2024-09-09 09:06:21"
"2024-09-08";"";"29 019";"10 589";"27 562 816";"2024-09-08 11:08:36"
"2024-09-02";"";"91 255";"25 272";"27 561 993";"2024-09-02 10:07:25"
"2024-09-06";"";"39 053";"25 308";"27 562 717";"2024-09-06 20:41:43"
"2024-09-02";"YouTube";"625 368";"188 055";"27 562 534";"2024-09-02 18:03:34"
"2024-09-08";"Facebook";"472 914";"42 439";"27 562 578";"2024-09-08 04:13:53"
"2024-09-07";"Instagram";"236 700";"22 239";"27 563 113";"2024-09-07 06:39:09"
"2024-09-01";"";"110 149";"4 962";"27 562 494";"2024-09-01 10:31:11"
"2024-09-04";"YouTube";"98 766 098";"7 845 228";"27 563 014";"2024-09-04 17:26:33"
"2024-09-05";"";"518 059";"27 099";"27 561 857";"2024-09-06 01:58:51"
"2024-09-10";"";"340 927";"121 020";"27 561 547";"2024-09-10 22:07:59"
"2024-09-03";"YouTube";"351 311";"42 791";"27 562 853";"2024-09-04 01:22:41"
"2024-09-04";"";"774 191";"83 388";"27 561 998";"2024-09-04 14:59:55"
"2024-09-02";"";"10 760 029";"439 114";"27 562 696";"2024-09-03 02:23:31"
"2024-09-02";"";"68 574";"36 291";"27 563 153";"2024-09-02 12:45:28"
"2024-09-03";"Telegram";"1 060 681";"79 845";"27 563 199";"2024-09-04 01:46:05"
"2024-09-03";"";"11 173 924";"168 094";"27 562 291";"2024-09-03 05:38:20"
"2024-09-06";"Yandex";"2 772 905";"144 109";"27 561 216";"2024-09-06 09:54:10"
"2024-09-06";"";"17 804";"142 300";"27 562 534";"2024-09-06 03:24:41"
"2024-09-01";"";"375 918";"108 408";"27 561 785";"2024-09-01 09:06:43"
"2024-09-06";"Instagram";"5 500 099";"4 046 131";"27 562 178";"2024-09-06 17:50:02"
"2024-09-04";"Yandex";"87 127";"5 052";"27 562 993";"2024-09-04 22:19:21"
"2024-09-04";"WhatsApp";"62 329";"174 707";"27 563 224";"2024-09-04 15:36:30"
"2024-09-09";"";"201 738";"12 330";"27 562 435";"2024-09-09 15:48:40"
"2024-09-06";"";"200 353";"24 291";"27 562 413";"2024-09-06 07:04:26"
"2024-09-10";"";"158 473";"16 238";"27 562 534";"2024-09-10 18:51:07"
"2024-09-06";"";"29 782";"392 433";"27 561 181";"2024-09-06 10:55:22"
"2024-09-03";"YouTube";"67 659";"3 157";"27 562 717";"2024-09-03 19:16:48"
"2024-09-06";"Apple Music";"41 971";"9 715";"27 562 280";"2024-09-06 17:26:36"
"2024-09-04";"";"692 896";"185 556";"27 561 433";"2024-09-04 07:52:24"
"2024-09-03";"VKontakte";"33 872";"167 947";"27 561 725";"2024-09-03 06:39:38"
"2024-09-10";"";"27 020";"3 649";"27 562 780";"2024-09-11 00:09:06"
"2024-09-06";"";"36 511";"2 348";"27 561 698";"2024-09-06 06:39:28"
"2024-09-01";"";"232 513";"11 041";"27 562 799";"2024-09-01 05:14:35"
"2024-09-03";"YouTube";"97 252";"518 455";"27 563 369";"2024-09-03 14:47:37"
"2024-09-06";"Facebook";"10 864 425";"639 564";"27 561 173";"2024-09-07 00:09:19"
"2024-09-08";"";"50 517";"3 655";"27 561 915";"2024-09-08 07:52:01"
"2024-09-10";"Facebook";"2 346 633";"1 449 215";"27 562 322";"2024-09-10 11:08:38"
"2024-09-03";"YouTube";"290 638";"39 349";"27 562 318";"2024-09-03 14:47:59"
"2024-09-10";"";"8 339";"132 937";"27 562 025";"2024-09-10 15:36:32"
"2024-09-03";"";"72 624";"9 014";"27 563 128";"2024-09-03 17:38:36"
"2024-09-02";"";"82 344";"6 796";"27 561 684";"2024-09-02 07:40:51"
"2024-09-01";"";"1 259 399";"99 164";"27 561 896";"2024-09-01 22:43:25"
"2024-09-08";"";"39 560";"4 706";"27 563 162";"2024-09-08 13:46:22"
"2024-09-06";"";"19 654";"29 279";"27 562 476";"2024-09-07 00:33:09"
"2024-09-02";"";"305 416";"47 878";"27 561 388";"2024-09-02 17:14:52"
"2024-09-04";"";"1 077 282";"63 825";"27 562 007";"2024-09-04 06:27:11"
"2024-09-02";"";"42 712";"6 038";"27 562 525";"2024-09-02 09:30:07"
"2024-09-06";"";"208 911";"61 421";"27 561 778";"2024-09-06 23:32:03"
"2024-09-10";"";"35 469";"8 476";"27 562 759";"2024-09-10 04:25:19"
"2024-09-07";"";"104 480";"69 829";"27 563 271";"2024-09-08 00:09:03"
"2024-09-07";"";"1 947 272";"747 145";"27 562 534";"2024-09-07 12:57:04"
"2024-09-08";"";"111 815";"126 177";"27 563 515";"2024-09-08 11:32:39"
"2024-09-05";"YouTube";"1 346 842";"171 805";"27 561 640";"2024-09-06 02:47:06"
"2024-09-05";"";"63 209";"15 974";"27 563 177";"2024-09-05 10:43:11"
"2024-09-06";"YouTube";"1 309 137";"108 975";"27 561 542";"2024-09-06 03:12:21"
"2024-09-01";"Yandex";"751 961";"48 276";"27 561 498";"2024-09-01 08:17:22"
"2024-09-10";"Telegram";"45 627 118";"2 430 308";"27 562 766";"2024-09-10 21:06:34"
"2024-09-10";"";"64 154";"3 941";"27 561 351";"2024-09-10 10:55:20"
"2024-09-09";"";"1 345 251";"52 292";"27 561 185";"2024-09-10 02:23:55"
"2024-09-05";"YouTube";"1 187 832";"160 848";"27 563 291";"2024-09-05 03:00:46"
"2024-09-09";"Telegram";"9 386 928";"578 180";"27 563 174";"2024-09-09 23:08:51"
"2024-09-03";"";"234 345 645";"17 161 064";"27 562 915";"2024-09-03 08:29:47"
"2024-09-07";"";"112 708";"41 424";"27 561 464";"2024-09-07 07:52:41"
"2024-09-06";"";"41 863";"2 419";"27 562 036";"2024-09-06 05:02:22"
"2024-09-06";"Yandex";"4 383 658";"537 387";"27 561 244";"2024-09-06 16:25:10"
"2024-09-02";"";"9 901 178";"584 436";"27 561 304";"2024-09-02 17:14:36"
"2024-09-05";"YouTube";"967 750";"175 549";"27 561 243";"2024-09-05 14:59:32"
"2024-09-07";"";"29 562";"15 815";"27 562 965";"2024-09-07 20:17:33"
"2024-09-08";"";"546 591";"158 566";"27 561 219";"2024-09-08 16:37:31"
"2024-09-05";"";"938 574";"779 427";"27 562 024";"2024-09-05 12:21:20"
"2024-09-07";"";"59 458";"19 178";"27 562 088";"2024-09-07 15:36:06"
"2024-09-10";"YouTube";"46 374";"244 551";"27 562 139";"2024-09-11 00:45:29"
"2024-09-08";"";"265 077";"42 655";"27 561 505";"2024-09-08 07:52:17"
"2024-09-01";"";"46 995";"93 739";"27 562 649";"2024-09-02 01:34:27"
"2024-09-01";"";"15 777";"218 550";"27 563 359";"2024-09-01 18:27:03"
"2024-09-03";"Facebook";"243 523";"742 583";"27 562 453";"2024-09-03 21:06:21"
"2024-09-02";"Facebook";"185 086";"799 152";"27 561 623";"2024-09-03 01:58:02"
"2024-09-04";"";"1 222 579";"70 694";"27 562 315";"2024-09-04 12:33:32"
"2024-09-05";"YouTube";"135 962";"82 293";"27 561 292";"2024-09-06 02:35:22"
"2024-09-07";"";"446 086";"39 915";"27 562 360";"2024-09-07 04:01:00"
"2024-09-05";"";"134 798";"94 864";"27 561 830";"2024-09-05 09:42:16"
"2024-09-10";"";"72 790";"5 554";"27 561 997";"2024-09-10 11:44:03"
"2024-09-02";"";"34 154";"4 580";"27 562 684";"2024-09-03 01:34:27"
"2024-09-01";"";"44 144";"54 025";"27 561 372";"2024-09-01 12:09:21"
"2024-09-10";"Telegram";"47 208";"17 252";"27 562 866";"2024-09-10 23:20:44"
"2024-09-06";"";"35 846";"3 784";"27 562 140";"2024-09-06 09:30:36"
"2024-09-09";"VKontakte";"1 460 960";"125 336";"27 561 850";"2024-09-09 19:16:22"
"2024-09-08";"";"37 005";"8 372";"27 561 706";"2024-09-08 20:17:33"
"2024-09-10";"";"382 500";"42 165";"27 561 557";"2024-09-10 12:45:46"
"2024-09-06";"YouTube";"1 814 753";"121 598";"27 562 942";"2024-09-06 10:31:43"
"2024-09-05";"";"71 094";"71 518";"27 561 965";"2024-09-05 07:52:46"
"2024-09-09";"";"36 472";"2 929";"27 561 459";"2024-09-09 20:41:34"
"2024-09-04";"";"90 268";"4 234";"27 561 863";"2024-09-04 17:02:45"
"2024-09-08";"";"2 097 212";"1 425 968";"27 561 593";"2024-09-08 07:40:11"
"2024-09-07";"";"37 216";"4 161";"27 561 641";"2024-09-07 04:37:53"
"2024-09-10";"";"156 962";"23 914";"27 561 230";"2024-09-10 15:36:08"
"2024-09-01";"Yandex";"174 374";"9 520";"27 563 083";"2024-09-01 09:54:38"
"2024-09-02";"";"4 180 678";"321 598";"27 561 794";"2024-09-02 23:56:22"
"2024-09-04";"";"290 023";"17 771";"27 563 211";"2024-09-04 21:54:17"
"2024-09-08";"";"244 582";"49 124";"27 563 445";"2024-09-08 21:06:57"
"2024-09-06";"";"54 973";"3 987";"27 562 915";"2024-09-06 19:40:49"
"2024-09-04";"";"171 615";"26 630";"27 562 734";"2024-09-04 08:05:02"
"2024-09-04";"Facebook";"119 958";"28 693";"27 561 924";"2024-09-04 22:31:46"
"2024-09-05";"";"28 796";"24 543";"27 563 443";"2024-09-05 14:59:53"
"2024-09-06";"";"102 897";"6 340";"27 561 963";"2024-09-06 16:37:12"
"2024-09-01";"";"119 652";"6 649";"27 562 435";"2024-09-01 16:01:03"
"2024-09-08";"";"936 122";"783 317";"27 562 014";"2024-09-08 10:19:34"
"2024-09-08";"";"85 094";"394 309";"27 563 488";"2024-09-08 06:03:54"
"2024-09-01";"";"360 212";"29 133";"27 562 642";"2024-09-01 20:05:53"
"2024-09-09";"";"105 885";"37 162";"27 563 114";"2024-09-09 10:07:50"
"2024-09-02";"";"300 850";"8 625";"27 562 735";"2024-09-02 22:55:34"
"2024-09-03";"";"2 995 415";"69 074";"27 563 212";"2024-09-03 04:49:44"
"2024-09-01";"";"181 152";"9 561";"27 562 252";"2024-09-01 12:33:47"
"2024-09-03";"";"1 228 342";"16 582";"27 563 287";"2024-09-03 23:44:29"
"2024-09-04";"Facebook";"48 439";"3 758";"27 563 029";"2024-09-05 00:57:41"
"2024-09-09";"Instagram";"5 560 863";"4 073 825";"27 561 259";"2024-09-09 11:08:46"
"2024-09-04";"Telegram";"472 452 991";"19 679 920";"27 562 900";"2024-09-05 02:11:09"
"2024-09-03";"";"47 292";"1 407";"27 561 171";"2024-09-03 06:39:06"
"2024-09-08";"Yandex";"579 061";"88 649";"27 561 375";"2024-09-08 09:30:17"
"2024-09-01";"";"82 578";"84 651";"27 562 530";"2024-09-02 00:09:52"
"2024-09-06";"YouTube";"265 151";"3 258 672";"27 563 181";"2024-09-07 02:23:18"
"2024-09-03";"";"36 288";"18 313";"27 563 344";"2024-09-03 04:01:06"
"2024-09-06";"YouTube";"199 521 252";"14 839 528";"27 563 168";"2024-09-06 07:40:47"
"2024-09-10";"";"72 619";"119 116";"27 563 169";"2024-09-11 02:35:57"
"2024-09-10";"Instagram";"974 347";"139 177";"27 563 390";"2024-09-10 23:44:35"
"2024-09-02";"";"47 821";"3 871";"27 562 255";"2024-09-02 23:32:36"
"2024-09-06";"";"515 974";"35 894";"27 562 608";"2024-09-06 15:48:58"
"2024-09-04";"";"27 454";"3 129";"27 561 893";"2024-09-04 10:43:05"
"2024-09-08";"";"62 578";"10 169";"27 562 821";"2024-09-08 06:27:07"
"2024-09-06";"";"517 856";"23 670";"27 562 058";"2024-09-06 17:26:15"
"2024-09-07";"";"26 112";"7 374";"27 563 252";"2024-09-07 09:06:34"
"2024-09-07";"Tas-ix";"36 794";"3 842";"27 561 437";"2024-09-07 07:16:46"
"2024-09-03";"";"10 275";"85 112";"27 562 033";"2024-09-03 14:47:53"
"2024-09-07";"";"138 999";"154 119";"27 562 504";"2024-09-07 09:18:51"
"2024-09-02";"";"205 989";"57 588";"27 562 557";"2024-09-02 12:57:55"
"2024-09-02";"";"42 186 827";"665 317";"27 563 165";"2024-09-02 03:24:01"
"2024-09-06";"";"75 610";"3 551";"27 561 490";"2024-09-06 12:21:11"
"2024-09-06";"";"51 427";"4 997";"27 562 431";"2024-09-06 03:24:24"
"2024-09-10";"";"1 196 216";"150 076";"27 562 085";"2024-09-10 15:12:22"
"2024-09-04";"";"315 379";"53 853";"27 562 908";"2024-09-04 19:52:32"
"2024-09-10";"";"38 325";"6 246";"27 562 857";"2024-09-10 06:51:25"
"2024-09-08";"WhatsApp";"222 211";"117 843";"27 562 708";"2024-09-09 01:34:40"
"2024-09-06";"";"10 597 298";"467 004";"27 562 365";"2024-09-06 17:02:03"
"2024-09-06";"";"12 745 962";"939 262";"27 562 957";"2024-09-06 19:04:52"
"2024-09-01";"";"28 488";"6 031";"27 561 189";"2024-09-01 10:19:45"
"2024-09-10";"";"195 914";"13 166";"27 561 421";"2024-09-10 19:40:50"
"2024-09-01";"";"28 563";"7 439";"27 561 378";"2024-09-01 05:02:00"
"2024-09-07";"";"1 336 932";"5 279 324";"27 562 004";"2024-09-07 11:56:42"
"2024-09-03";"";"912 151";"159 496";"27 563 289";"2024-09-04 02:47:36"
"2024-09-03";"";"26 634";"1 683";"27 562 097";"2024-09-04 00:57:43"
"2024-09-10";"Unknown";"203 718";"13 289";"27 562 948";"2024-09-11 02:47:10"
"2024-09-09";"YouTube";"78 713";"32 598";"27 562 239";"2024-09-10 02:11:33"
"2024-09-06";"";"27 544";"17 147";"27 561 403";"2024-09-06 06:51:26"
"2024-09-03";"";"65 555";"5 461";"27 563 392";"2024-09-03 03:36:50"
"2024-09-02";"";"6 004 645";"360 580";"27 561 796";"2024-09-02 20:05:52"
"2024-09-07";"";"10 104";"26 934";"27 561 908";"2024-09-07 09:18:10"
"2024-09-09";"Apple Music";"1 409 310";"314 356";"27 562 076";"2024-09-09 13:46:16"
"2024-09-07";"";"186 256";"8 192";"27 561 369";"2024-09-07 03:48:24"
"2024-09-07";"";"122 416";"5 895";"27 561 305";"2024-09-07 10:31:23"
"2024-09-01";"";"29 757";"3 301";"27 561 392";"2024-09-01 13:58:30"
"2024-09-01";"";"41 426";"27 784";"27 561 851";"2024-09-01 21:30:32"
"2024-09-08";"";"2 718 045";"624 230";"27 562 069";"2024-09-08 14:35:02"
"2024-09-06";"Instagram";"53 223 545";"1 552 571";"27 563 424";"2024-09-06 07:16:21"
"2024-09-09";"YouTube";"236 702";"1 337 863";"27 562 818";"2024-09-10 00:45:25"
"2024-09-02";"";"27 633";"1 100";"27 561 999";"2024-09-02 08:53:47"
"2024-09-10";"";"192 699";"153 943";"27 562 427";"2024-09-10 13:22:46"
"2024-09-08";"";"65 000";"146 233";"27 561 335";"2024-09-08 12:33:12"
"2024-09-06";"Instagram";"4 691 883";"454 314";"27 562 663";"2024-09-07 00:57:41"
"2024-09-02";"Instagram";"141 848";"10 764";"27 562 917";"2024-09-02 23:32:26"
"2024-09-08";"";"157 707";"405 583";"27 562 185";"2024-09-08 13:10:52"
"2024-09-10";"";"25 848";"9 566";"27 562 143";"2024-09-10 17:14:54"
"2024-09-07";"Instagram";"7 014 176";"253 645";"27 563 151";"2024-09-08 00:21:18"
"2024-09-04";"";"3 046 615";"302 127";"27 561 722";"2024-09-05 01:22:07"
"2024-09-04";"";"35 967";"6 716";"27 563 110";"2024-09-04 14:23:06"
"2024-09-10";"YouTube";"5 299 917";"1 580 718";"27 562 466";"2024-09-10 06:15:46"
"2024-09-03";"";"1 346 687";"280 414";"27 562 721";"2024-09-04 00:21:11"
"2024-09-09";"";"264 876";"204 250";"27 562 090";"2024-09-10 01:46:11"
"2024-09-04";"";"29 512";"3 289";"27 561 189";"2024-09-04 20:41:28"
"2024-09-10";"YouTube";"2 247 056";"3 171 068";"27 562 753";"2024-09-10 07:04:01"
"2024-09-01";"Facebook";"100 207";"7 396";"27 562 658";"2024-09-01 14:23:56"
"2024-09-04";"";"215 125";"8 496";"27 561 725";"2024-09-04 16:01:16"
"2024-09-01";"";"52 633";"8 541";"27 561 745";"2024-09-02 01:34:11"
"2024-09-02";"Yandex";"539 534";"29 250";"27 562 812";"2024-09-02 11:44:47"
"2024-09-01";"";"188 700";"10 214";"27 561 275";"2024-09-01 05:14:09"
"2024-09-03";"";"78 017";"10 357";"27 561 422";"2024-09-03 09:54:43"
"2024-09-03";"Instagram";"8 761 191";"384 113";"27 561 236";"2024-09-03 11:44:13"
"2024-09-03";"Apple Music";"30 142";"8 738";"27 561 542";"2024-09-03 03:00:28"
"2024-09-06";"";"4 963 224";"320 077";"27 561 895";"2024-09-06 16:01:33"
"2024-09-07";"";"37 113";"1 649 202";"27 562 803";"2024-09-07 06:15:03"
"2024-09-05";"";"35 856";"26 113";"27 562 858";"2024-09-05 04:49:19"
"2024-09-07";"Yandex";"467 987";"365 188";"27 563 017";"2024-09-07 18:15:51"
"2024-09-10";"";"4 137 696";"264 318";"27 562 644";"2024-09-10 09:54:40"
"2024-09-08";"";"215 996";"11 590";"27 561 491";"2024-09-08 21:06:55"
"2024-09-06";"";"5 678 475";"295 417";"27 562 468";"2024-09-06 07:52:38"
"2024-09-10";"";"78 529";"2 675";"27 562 316";"2024-09-10 15:24:32"
"2024-09-03";"";"767 853";"61 157";"27 561 692";"2024-09-03 05:50:10"
"2024-09-06";"";"31 672";"2 618";"27 562 063";"2024-09-06 21:30:42"
"2024-09-01";"YouTube";"182 556";"1 163 533";"27 562 428";"2024-09-01 04:49:20"
"2024-09-09";"";"75 364";"108 446";"27 563 240";"2024-09-09 21:30:38"
"2024-09-03";"";"23 181 423";"348 880";"27 563 267";"2024-09-03 10:43:43"
"2024-09-02";"Instagram";"319 806";"584 491";"27 561 651";"2024-09-02 04:37:42"
"2024-09-02";"";"141 451";"84 339";"27 561 484";"2024-09-03 01:10:37"
"2024-09-10";"";"2 023 740";"105 426";"27 562 243";"2024-09-10 09:06:51"
"2024-09-06";"";"98 340";"13 823";"27 563 218";"2024-09-06 14:23:41"
"2024-09-09";"Telegram";"324 135";"32 853";"27 562 670";"2024-09-09 15:48:29"
"2024-09-03";"Yandex";"87 089";"123 298";"27 561 453";"2024-09-03 06:27:03"
"2024-09-05";"";"25 659";"8 868";"27 561 420";"2024-09-05 18:27:45"
"2024-09-01";"Instagram";"53 173 496";"1 977 404";"27 561 529";"2024-09-01 07:40:49"
"2024-09-06";"YouTube";"108 222";"40 980";"27 562 824";"2024-09-06 21:42:52"
"2024-09-06";"";"111 266 240";"5 001 599";"27 563 245";"2024-09-06 10:19:58"
"2024-09-01";"";"247 431";"60 475";"27 561 304";"2024-09-01 13:46:19"
"2024-09-10";"Yandex";"267 776";"129 680";"27 562 722";"2024-09-10 19:16:14"
"2024-09-10";"";"57 682";"2 966";"27 563 042";"2024-09-10 03:48:06"
"2024-09-03";"Facebook";"3 481 697";"127 078";"27 562 281";"2024-09-03 18:15:27"
"2024-09-05";"Unknown";"176 102";"30 737";"27 563 110";"2024-09-05 10:19:28"
"2024-09-09";"";"86 327";"10 974";"27 562 787";"2024-09-09 08:41:13"
"2024-09-07";"Unknown";"4 654 520";"167 915";"27 562 939";"2024-09-07 22:55:44"
"2024-09-10";"";"49 027";"4 012";"27 561 975";"2024-09-11 02:59:50"
"2024-09-04";"";"1 624 023";"117 974";"27 561 357";"2024-09-04 08:17:19"
"2024-09-09";"";"307 339";"20 215";"27 562 254";"2024-09-09 05:14:35"
"2024-09-01";"";"57 555";"8 623";"27 562 015";"2024-09-01 13:58:01"
"2024-09-04";"WhatsApp";"28 855";"1 497";"27 561 491";"2024-09-04 19:52:03"
"2024-09-10";"";"26 572";"7 101";"27 561 571";"2024-09-10 04:13:36"
"2024-09-02";"";"1 100 032";"258 052";"27 562 371";"2024-09-02 23:44:20"
"2024-09-03";"";"204 074";"7 603";"27 561 171";"2024-09-04 00:57:16"
"2024-09-02";"";"40 004";"3 666";"27 562 234";"2024-09-02 17:50:16"
"2024-09-10";"Facebook";"92 257";"3 321";"27 561 218";"2024-09-10 13:58:55"
"2024-09-02";"";"32 282";"13 207";"27 561 574";"2024-09-02 12:09:34"
"2024-09-05";"";"228 230";"8 850";"27 562 451";"2024-09-05 11:20:30"
"2024-09-06";"Telegram";"20 387 536";"1 834 551";"27 562 894";"2024-09-06 10:07:40"
"2024-09-07";"YouTube";"948 943";"52 753";"27 562 774";"2024-09-07 11:56:56"
"2024-09-06";"YouTube";"1 304 349";"198 322";"27 562 087";"2024-09-06 10:31:26"
"2024-09-05";"";"33 613";"13 154";"27 562 657";"2024-09-05 18:27:47"
"2024-09-07";"YouTube";"1 326 851";"358 463";"27 563 097";"2024-09-07 13:34:53"
"2024-09-09";"";"34 217";"4 714";"27 563 331";"2024-09-09 06:51:29"
"2024-09-05";"Apple Music";"96 534";"6 832";"27 563 336";"2024-09-06 01:46:13"
"2024-09-01";"YouTube";"439 759";"16 029";"27 561 468";"2024-09-01 07:28:57"
"2024-09-05";"";"139 130";"181 901";"27 562 656";"2024-09-05 10:31:30"
"2024-09-03";"YouTube";"12 942 572";"6 535 939";"27 561 978";"2024-09-03 18:51:25"
"2024-09-08";"";"2 191 112";"3 171 700";"27 561 428";"2024-09-08 15:12:48"
"2024-09-01";"";"11 356";"42 942";"27 561 674";"2024-09-01 13:58:02"
"2024-09-04";"";"53 269";"25 535";"27 562 382";"2024-09-04 15:24:08"
"2024-09-03";"";"407 089";"519 442";"27 561 575";"2024-09-03 14:11:25"
"2024-09-02";"";"624 957";"121 580";"27 562 401";"2024-09-02 20:17:25"
"2024-09-02";"";"1 629 575";"42 103";"27 563 244";"2024-09-02 09:18:36"
"2024-09-06";"";"123 564";"13 005";"27 562 398";"2024-09-06 12:09:45"
"2024-09-05";"";"41 319";"11 528";"27 562 224";"2024-09-06 02:47:48"
"2024-09-08";"";"2 746 025";"927 990";"27 562 264";"2024-09-09 02:35:20"
"2024-09-03";"";"70 218";"7 679";"27 561 480";"2024-09-03 20:17:58"
"2024-09-05";"";"505 571";"21 066";"27 562 604";"2024-09-05 08:17:46"
"2024-09-07";"";"3 587 139";"80 836";"27 562 646";"2024-09-07 10:55:19"
"2024-09-01";"";"624 725";"188 282";"27 563 271";"2024-09-01 10:07:30"
"2024-09-09";"";"81 320";"7 358";"27 561 306";"2024-09-10 01:58:46"
"2024-09-04";"Unknown";"1 170 381";"88 057";"27 562 570";"2024-09-05 01:58:44"
"2024-09-02";"VKontakte";"34 147";"2 225";"27 562 326";"2024-09-02 15:12:03"
"2024-09-07";"Unknown";"306 589";"64 933";"27 563 223";"2024-09-07 05:02:55"
"2024-09-04";"";"910";"54 587";"27 561 596";"2024-09-04 12:57:14"
"2024-09-05";"";"862 933";"41 568";"27 562 689";"2024-09-05 16:01:45"
"2024-09-02";"YouTube";"3 012 481";"1 309 834";"27 562 477";"2024-09-02 14:35:23"
"2024-09-07";"Telegram";"264 046 452";"13 351 575";"27 563 453";"2024-09-07 06:27:00"
"2024-09-01";"";"1 864";"115 358";"27 561 523";"2024-09-01 09:42:32"
"2024-09-01";"";"114 525";"41 517";"27 563 023";"2024-09-01 21:42:00"
"2024-09-09";"";"2 027 738";"82 349";"27 561 908";"2024-09-09 10:07:40"
"2024-09-08";"";"811 279";"309 150";"27 563 514";"2024-09-08 16:49:44"
"2024-09-01";"";"671 537";"40 898";"27 562 922";"2024-09-01 22:55:44"
"2024-09-03";"";"656 542";"159 745";"27 562 087";"2024-09-04 02:47:02"
"2024-09-10";"";"778 290";"96 637";"27 561 641";"2024-09-10 10:07:49"
"2024-09-01";"";"30 923";"20 222";"27 561 190";"2024-09-01 04:25:31"
"2024-09-07";"";"163 440";"46 418";"27 562 696";"2024-09-07 05:38:58"
"2024-09-06";"Facebook";"52 562";"4 218";"27 563 066";"2024-09-06 23:20:27"
"2024-09-05";"";"43 153";"10 242";"27 562 962";"2024-09-05 22:55:53"
"2024-09-09";"";"1 370 367";"515 898";"27 562 039";"2024-09-09 12:45:22"
"2024-09-09";"";"42 316";"17 119";"27 562 339";"2024-09-09 14:35:54"
"2024-09-05";"";"268 339";"30 596";"27 561 873";"2024-09-05 18:15:49"
"2024-09-10";"";"891 920";"372 161";"27 562 086";"2024-09-10 04:01:40"
"2024-09-08";"";"29 002";"5 537";"27 561 462";"2024-09-08 06:39:45"
"2024-09-06";"Tas-ix";"1 780 074";"117 416";"27 562 090";"2024-09-06 05:50:14"
"2024-09-08";"";"72 418";"54 186";"27 561 327";"2024-09-08 07:04:06"
"2024-09-09";"";"40 168";"1 475";"27 562 405";"2024-09-09 06:03:56"
"2024-09-08";"";"63 507 994";"3 541 763";"27 562 226";"2024-09-09 00:57:57"
"2024-09-04";"";"173 424";"84 869";"27 561 466";"2024-09-04 08:53:02"
"2024-09-01";"WhatsApp";"215 927";"20 211";"27 563 063";"2024-09-01 05:38:21"
"2024-09-04";"";"72 250";"16 395";"27 562 204";"2024-09-04 16:25:46"
"2024-09-07";"Telegram";"68 390 773";"5 741 540";"27 562 956";"2024-09-07 12:33:23"
"2024-09-03";"";"65 513";"421 948";"27 563 093";"2024-09-04 00:21:14"
"2024-09-03";"PUBG";"568 684";"25 493";"27 562 281";"2024-09-03 12:57:01"
"2024-09-04";"";"27 243";"2 195";"27 561 401";"2024-09-04 17:38:54"
"2024-09-05";"";"402 578";"405 149";"27 561 252";"2024-09-05 10:07:37"
"2024-09-07";"Instagram";"179 643";"9 162";"27 561 874";"2024-09-08 00:45:28"
"2024-09-06";"Facebook";"60 413";"4 502";"27 561 201";"2024-09-06 22:55:49"
"2024-09-06";"YouTube";"457 024";"76 675";"27 563 397";"2024-09-06 14:59:56"
"2024-09-03";"";"12 504";"26 602";"27 562 988";"2024-09-03 13:46:31"
"2024-09-03";"";"40 451";"8 348";"27 562 398";"2024-09-03 10:19:07"
"2024-09-09";"";"74 473";"54 753";"27 561 758";"2024-09-09 13:46:32"
"2024-09-05";"";"56 933";"85 596";"27 561 695";"2024-09-05 20:29:45"
"2024-09-03";"VKontakte";"17 823 423";"1 016 538";"27 561 641";"2024-09-03 12:21:59"
"2024-09-07";"";"110 913";"31 837";"27 561 940";"2024-09-08 01:10:47"
"2024-09-04";"";"73 920";"3 769";"27 563 099";"2024-09-04 04:49:56"
"2024-09-05";"";"124 606";"141 639";"27 562 314";"2024-09-05 16:25:22"
"2024-09-08";"Yandex";"5 426 408";"201 804";"27 561 908";"2024-09-08 23:32:02"
"2024-09-03";"Facebook";"2 005 367";"41 387";"27 562 473";"2024-09-03 13:34:07"
"2024-09-05";"Unknown";"158 278";"60 035";"27 563 514";"2024-09-05 12:33:23"
"2024-09-10";"";"1 327 915";"1 097 823";"27 561 944";"2024-09-10 13:58:17"
"2024-09-09";"";"32 701";"3 230";"27 562 573";"2024-09-09 06:51:59"
"2024-09-03";"";"19 412";"516 048";"27 561 383";"2024-09-03 23:20:14"
"2024-09-08";"";"65 988";"27 329";"27 561 720";"2024-09-08 08:17:33"
"2024-09-09";"";"72 432";"29 557";"27 563 240";"2024-09-09 16:49:59"
"2024-09-05";"";"20 879";"196 924";"27 562 574";"2024-09-05 06:03:18"
"2024-09-07";"";"284 087";"32 619";"27 562 480";"2024-09-07 05:26:47"
"2024-09-07";"Telegram";"52 018 041";"5 635 526";"27 561 888";"2024-09-08 02:47:55"
"2024-09-06";"Yandex";"94 922";"43 329";"27 562 371";"2024-09-06 14:11:02"
"2024-09-08";"";"46 903";"2 772";"27 562 484";"2024-09-08 22:55:16"
"2024-09-01";"";"27 040";"23 255";"27 562 757";"2024-09-01 18:15:22"
"2024-09-01";"";"655 802";"75 800";"27 562 762";"2024-09-01 13:22:56"
"2024-09-04";"";"220 216";"13 621";"27 563 336";"2024-09-04 08:17:58"
"2024-09-08";"";"80 298";"8 209";"27 563 029";"2024-09-08 22:07:45"
"2024-09-10";"WhatsApp";"11 000 514";"52 525 979";"27 561 325";"2024-09-10 08:53:44"
"2024-09-08";"";"115 871";"32 209";"27 561 992";"2024-09-08 03:00:40"
"2024-09-06";"";"151 215";"31 314";"27 563 211";"2024-09-06 12:09:25"
"2024-09-07";"";"30 205";"5 092";"27 563 410";"2024-09-07 20:17:52"
"2024-09-03";"";"60 398";"12 377";"27 561 882";"2024-09-03 10:55:07"
"2024-09-07";"Instagram";"4 056 927";"711 506";"27 561 768";"2024-09-07 20:53:44"
"2024-09-03";"Yandex";"271 412";"115 200";"27 563 378";"2024-09-03 23:32:26"
"2024-09-01";"YouTube";"452 591";"49 653";"27 563 285";"2024-09-01 23:44:42"
"2024-09-10";"";"362 582";"24 447";"27 563 334";"2024-09-10 08:29:30"
"2024-09-06";"Instagram";"7 459 529";"353 481";"27 563 001";"2024-09-06 05:50:10"
"2024-09-02";"";"45 353";"7 036";"27 563 359";"2024-09-03 00:09:43"
"2024-09-07";"";"3 392 056";"63 752";"27 563 191";"2024-09-07 03:48:58"
"2024-09-03";"";"39 597";"30 350";"27 562 445";"2024-09-03 14:47:39"
"2024-09-01";"";"7 332";"152 617";"27 562 906";"2024-09-01 16:49:39"
"2024-09-01";"YouTube";"825 344";"255 000";"27 562 615";"2024-09-01 11:44:03"
"2024-09-10";"";"34 332";"8 771";"27 562 617";"2024-09-11 02:23:11"
"2024-09-02";"Likee";"31 177 833";"2 057 438";"27 562 900";"2024-09-03 02:11:12"
"2024-09-08";"";"117 740";"5 790";"27 563 421";"2024-09-08 05:50:35"
"2024-09-06";"";"2 430 492";"110 338";"27 562 534";"2024-09-07 01:10:28"
"2024-09-08";"";"282 613";"48 749";"27 563 269";"2024-09-08 21:42:13"
"2024-09-01";"";"84 688";"34 329";"27 561 378";"2024-09-01 04:37:50"
"2024-09-05";"";"201 385";"17 327";"27 562 016";"2024-09-05 03:12:27"
"2024-09-05";"YouTube";"2 880 525";"813 664";"27 561 898";"2024-09-05 16:49:41"
"2024-09-08";"WhatsApp";"9 608 242";"61 243 257";"27 563 009";"2024-09-08 22:19:34"
"2024-09-10";"";"69 053";"6 537";"27 563 501";"2024-09-10 17:50:35"
"2024-09-10";"";"965 999";"97 465";"27 563 267";"2024-09-10 03:24:14"
"2024-09-06";"Yandex";"8 917 071";"2 510 203";"27 561 173";"2024-09-06 13:34:32"
"2024-09-09";"Instagram";"30 853 907";"1 050 438";"27 562 117";"2024-09-09 20:05:23"
"2024-09-10";"";"262 663";"23 754";"27 561 999";"2024-09-10 04:37:44"
"2024-09-06";"";"76 613";"175 960";"27 563 232";"2024-09-07 00:33:05"
"2024-09-10";"";"44 285";"6 988";"27 561 698";"2024-09-10 12:33:32"
"2024-09-01";"";"157 043";"156 785";"27 562 499";"2024-09-01 07:28:18"
"2024-09-06";"";"1 370 154";"5 656 316";"27 562 363";"2024-09-06 17:50:04"
"2024-09-01";"";"30 902";"12 002";"27 561 697";"2024-09-01 19:04:09"
"2024-09-10";"YouTube";"665 854";"62 337";"27 561 723";"2024-09-10 10:31:21"
"2024-09-06";"Unknown";"82 056";"38 604";"27 562 427";"2024-09-06 15:00:06"
"2024-09-03";"";"100 629 599";"4 069 905";"27 561 802";"2024-09-03 11:44:55"
"2024-09-07";"";"94 979";"39 289";"27 561 638";"2024-09-07 15:48:22"
"2024-09-03";"";"297 868";"61 831";"27 562 083";"2024-09-03 14:59:56"
"2024-09-09";"";"158 394";"69 542";"27 561 502";"2024-09-09 11:56:59"
"2024-09-03";"Facebook";"160 956";"14 391";"27 561 252";"2024-09-03 06:27:13"
"2024-09-05";"PUBG";"316 701";"12 767";"27 563 358";"2024-09-05 23:08:54"
"2024-09-01";"Telegram";"46 198 431";"3 017 245";"27 562 612";"2024-09-01 07:16:36"
"2024-09-04";"";"990 080";"39 688";"27 563 221";"2024-09-04 03:48:37"
"2024-09-06";"";"3 869 331";"420 948";"27 561 698";"2024-09-06 18:39:02"
"2024-09-03";"";"43 661 383";"488 119";"27 561 684";"2024-09-03 17:02:15"
"2024-09-09";"Tas-ix";"88 856";"4 484";"27 562 898";"2024-09-09 07:40:33"
"2024-09-07";"YouTube";"25 195 915";"1 658 040";"27 563 432";"2024-09-07 22:55:39"
"2024-09-03";"";"86 414";"74 853";"27 562 326";"2024-09-03 14:47:52"
"2024-09-04";"";"155 727";"25 769";"27 561 477";"2024-09-04 11:56:14"
"2024-09-03";"";"2 909 793";"983 511";"27 562 981";"2024-09-03 03:24:53"
"2024-09-06";"";"31 647";"9 208";"27 561 205";"2024-09-06 10:55:48"
"2024-09-03";"";"157 346";"55 341";"27 562 787";"2024-09-04 02:47:26"
"2024-09-08";"";"30 524";"2 820";"27 561 789";"2024-09-08 11:44:33"
"2024-09-02";"";"130 173";"15 047";"27 563 297";"2024-09-02 23:20:12"
"2024-09-01";"";"784 729";"33 224";"27 561 336";"2024-09-01 12:33:19"
"2024-09-03";"";"162 226";"464 715";"27 562 365";"2024-09-03 16:01:29"
"2024-09-08";"";"89 418";"11 357";"27 563 192";"2024-09-09 02:35:47"
"2024-09-02";"Telegram";"444 447 903";"25 239 057";"27 561 428";"2024-09-02 03:00:09"
"2024-09-07";"";"31 742 999";"1 538 535";"27 563 234";"2024-09-07 17:14:55"
"2024-09-10";"";"91 901";"7 724";"27 561 944";"2024-09-10 04:25:36"
"2024-09-06";"";"162 300";"104 733";"27 562 264";"2024-09-06 12:33:30"
"2024-09-05";"";"2 212 964";"210 121";"27 561 984";"2024-09-06 00:45:50"
"2024-09-07";"";"82 162";"68 810";"27 563 242";"2024-09-07 15:12:09"
"2024-09-03";"Facebook";"407 944";"37 883";"27 561 649";"2024-09-03 06:27:18"
"2024-09-04";"";"65 165";"4 090";"27 562 571";"2024-09-04 18:15:32"
"2024-09-09";"Instagram";"1 893 289";"664 867";"27 562 921";"2024-09-09 23:56:21"
"2024-09-02";"";"29 599";"18 436";"27 563 410";"2024-09-02 14:35:00"
"2024-09-09";"Facebook";"110 283";"7 721";"27 562 984";"2024-09-09 23:44:40"
"2024-09-08";"YouTube";"3 899 569";"167 075";"27 561 862";"2024-09-08 15:24:46"
"2024-09-06";"";"26 803";"131 569";"27 562 101";"2024-09-06 23:32:23"
"2024-09-02";"Telegram";"32 051 694";"2 628 374";"27 562 377";"2024-09-02 23:08:00"
"2024-09-10";"";"60 077";"17 041";"27 562 445";"2024-09-10 09:18:51"
"2024-09-01";"Instagram";"3 916 827";"216 744";"27 563 087";"2024-09-01 06:51:55"
"2024-09-09";"";"288 988";"12 232";"27 561 958";"2024-09-09 23:20:12"
"2024-09-10";"";"1 111 015";"67 646";"27 562 291";"2024-09-11 00:21:26"
"2024-09-08";"";"28 576";"27 299";"27 563 416";"2024-09-08 06:15:18"
"2024-09-08";"Tas-ix";"135 297";"6 229";"27 561 790";"2024-09-09 01:46:35"
"2024-09-01";"";"27 823";"214 274";"27 561 390";"2024-09-01 12:57:20"
"2024-09-09";"";"301 667";"10 539";"27 562 438";"2024-09-09 17:26:02"
"2024-09-02";"";"31 812";"14 729";"27 563 060";"2024-09-02 08:41:45"
"2024-09-02";"";"232 513";"59 781";"27 562 973";"2024-09-03 01:34:42"
"2024-09-02";"";"37 153";"10 666";"27 563 225";"2024-09-02 14:59:58"
"2024-09-10";"";"43 511";"3 935";"27 563 387";"2024-09-11 01:46:54"
"2024-09-04";"";"233 755";"64 253";"27 563 024";"2024-09-04 03:48:40"
"2024-09-01";"";"564 762";"33 542";"27 562 252";"2024-09-01 11:44:43"
"2024-09-08";"";"174 646";"460 993";"27 562 725";"2024-09-09 02:59:56"
"2024-09-10";"YouTube";"378 390";"25 036";"27 562 204";"2024-09-10 13:46:14"
"2024-09-02";"";"109 594";"375 784";"27 563 240";"2024-09-02 05:38:53"
"2024-09-10";"";"3 579 193";"1 483 540";"27 562 473";"2024-09-10 08:53:47"
"2024-09-09";"";"2 124 038";"197 178";"27 563 174";"2024-09-09 11:56:52"
"2024-09-02";"";"66 386";"76 542";"27 562 695";"2024-09-02 11:08:49"
"2024-09-02";"YouTube";"71 322";"359 017";"27 562 790";"2024-09-02 22:19:43"
"2024-09-08";"";"167 374";"48 638";"27 561 692";"2024-09-08 15:12:00"
"2024-09-03";"Instagram";"8 278 134";"230 088";"27 562 436";"2024-09-03 09:42:02"
"2024-09-06";"";"33 898";"19 623";"27 562 487";"2024-09-06 04:01:55"
"2024-09-01";"";"185 688";"75 404";"27 561 902";"2024-09-01 23:32:30"
"2024-09-06";"";"99 627";"90 390";"27 562 462";"2024-09-06 12:57:40"
"2024-09-01";"";"28 386";"3 122";"27 562 535";"2024-09-01 23:08:15"
"2024-09-01";"Telegram";"539 762";"130 474";"27 561 512";"2024-09-01 15:36:42"
"2024-09-07";"";"60 677";"43 927";"27 561 881";"2024-09-07 15:24:26"
"2024-09-04";"";"338 391";"148 119";"27 563 351";"2024-09-04 09:30:05"
"2024-09-07";"VKontakte";"6 675 924";"1 094 850";"27 563 424";"2024-09-07 09:54:07"
"2024-09-08";"";"73 284 394";"3 378 442";"27 562 971";"2024-09-08 23:56:08"
"2024-09-07";"";"176 111";"15 872";"27 561 506";"2024-09-07 10:43:59"
"2024-09-10";"";"5 889 250";"437 607";"27 562 436";"2024-09-10 04:37:28"
"2024-09-04";"";"96 340";"46 300";"27 563 446";"2024-09-04 11:20:46"
"2024-09-09";"";"97 864";"53 000";"27 562 558";"2024-09-09 03:24:08"
"2024-09-09";"YouTube";"1 764 249";"479 844";"27 563 424";"2024-09-10 00:33:00"
"2024-09-08";"Instagram";"737 179";"129 977";"27 561 805";"2024-09-08 15:36:31"
"2024-09-09";"";"256 642";"7 291";"27 561 468";"2024-09-09 08:53:59"
"2024-09-03";"";"152 779";"24 149";"27 561 598";"2024-09-03 03:48:29"
"2024-09-06";"Apple Music";"179 192";"35 249";"27 561 687";"2024-09-06 04:01:44"
"2024-09-05";"";"6 080 129";"249 607";"27 562 780";"2024-09-05 03:36:57"
"2024-09-06";"";"1 104 172";"68 884";"27 562 527";"2024-09-06 11:56:30"
"2024-09-01";"";"485 221 397";"22 256 368";"27 561 352";"2024-09-02 00:45:37"
"2024-09-03";"";"26 207";"5 035";"27 563 261";"2024-09-03 21:42:12"
"2024-09-07";"";"23 046 717";"531 177";"27 561 500";"2024-09-07 09:54:38"
"2024-09-02";"";"59 379";"5 978";"27 561 240";"2024-09-02 08:17:53"
"2024-09-03";"";"110 894";"8 465";"27 562 367";"2024-09-03 10:19:53"
"2024-09-09";"Telegram";"5 008 696";"307 937";"27 561 809";"2024-09-09 12:33:06"
"2024-09-05";"";"151 251";"30 116";"27 561 723";"2024-09-06 02:47:13"
"2024-09-02";"";"160 690";"10 227";"27 561 352";"2024-09-02 16:37:29"
"2024-09-03";"";"148 793";"24 702";"27 562 756";"2024-09-04 02:35:54"
"2024-09-08";"";"164 839";"13 921";"27 562 495";"2024-09-08 11:20:47"
"2024-09-08";"Yandex Video";"909 398";"44 073";"27 562 202";"2024-09-09 02:11:54"
"2024-09-09";"Facebook";"186 573";"14 318";"27 562 779";"2024-09-09 14:11:28"
"2024-09-10";"YouTube";"4 088 509";"1 053 462";"27 561 879";"2024-09-10 22:31:59"
"2024-09-03";"";"77 841";"8 110";"27 562 784";"2024-09-03 10:31:19"
"2024-09-10";"";"584 154";"232 178";"27 563 358";"2024-09-10 23:32:03"
"2024-09-01";"";"89 090";"8 054";"27 563 031";"2024-09-01 19:04:11"
"2024-09-07";"Facebook";"75 753";"138 468";"27 562 710";"2024-09-08 00:21:42"
"2024-09-03";"Instagram";"173 217 014";"2 222 230";"27 562 692";"2024-09-03 15:24:52"
"2024-09-06";"YouTube";"1 204 284";"310 208";"27 563 225";"2024-09-06 23:32:24"
"2024-09-07";"";"35 715";"3 723";"27 562 969";"2024-09-07 09:18:34"
"2024-09-02";"";"15 525";"467 726";"27 562 663";"2024-09-02 14:11:32"
"2024-09-05";"";"71 316";"11 280";"27 561 380";"2024-09-05 15:36:45"
"2024-09-07";"";"257 981";"17 668";"27 561 331";"2024-09-07 12:09:56"
"2024-09-10";"";"108 450";"8 151";"27 563 384";"2024-09-10 12:21:26"
"2024-09-01";"";"156 789";"22 764";"27 562 388";"2024-09-01 12:33:55"
"2024-09-02";"";"41 255";"2 131";"27 561 503";"2024-09-02 21:06:13"
"2024-09-07";"";"401 722";"22 486";"27 561 643";"2024-09-07 11:08:42"
"2024-09-03";"";"29 970 094";"1 213 190";"27 562 560";"2024-09-03 15:24:12"
"2024-09-06";"";"31 853";"14 105";"27 561 767";"2024-09-07 01:58:39"
"2024-09-08";"YouTube";"12 625";"74 818";"27 562 544";"2024-09-08 14:23:34"
"2024-09-04";"Instagram";"262 469 768";"8 368 701";"27 561 547";"2024-09-04 08:29:44"
"2024-09-02";"Instagram";"89 269 248";"2 027 542";"27 562 907";"2024-09-03 01:10:07"
"2024-09-09";"Yandex";"163 227";"27 553";"27 562 374";"2024-09-09 07:40:47"
"2024-09-03";"";"54 014";"348 624";"27 562 965";"2024-09-03 17:38:06"
"2024-09-04";"YouTube";"9 807 460";"614 343";"27 562 467";"2024-09-04 22:43:58"
"2024-09-09";"Yandex";"706 258";"40 316";"27 562 504";"2024-09-09 09:54:25"
"2024-09-10";"Instagram";"26 551 522";"705 177";"27 563 313";"2024-09-10 22:19:46"
"2024-09-03";"";"3 524 533";"149 750";"27 562 975";"2024-09-03 06:03:22"
"2024-09-09";"";"37 773";"2 158";"27 563 096";"2024-09-09 22:31:39"
"2024-09-09";"";"220 910";"529 529";"27 561 844";"2024-09-09 10:19:04"
"2024-09-01";"Unknown";"119 853";"9 982";"27 562 317";"2024-09-01 22:55:38"
"2024-09-05";"";"1 835 123";"106 219";"27 562 861";"2024-09-05 09:42:33"
"2024-09-10";"";"11 052 148";"282 228";"27 561 593";"2024-09-10 19:16:03"
"2024-09-05";"Twitch";"60 732";"4 672";"27 561 796";"2024-09-05 07:04:54"
"2024-09-07";"";"1 387 291";"81 793";"27 561 952";"2024-09-07 23:44:50"
"2024-09-01";"";"51 431";"64 074";"27 561 623";"2024-09-01 20:05:15"
"2024-09-10";"";"70 542";"179 418";"27 563 042";"2024-09-10 03:00:39"
"2024-09-09";"";"301 540";"19 945";"27 562 360";"2024-09-09 08:05:34"
"2024-09-09";"Unknown";"113 899";"51 950";"27 563 047";"2024-09-09 12:09:38"
"2024-09-08";"";"7 670";"80 386";"27 561 506";"2024-09-08 03:36:40"
"2024-09-06";"";"42 921";"2 279";"27 562 302";"2024-09-06 11:20:32"
"2024-09-07";"";"11 652 086";"1 990 370";"27 563 445";"2024-09-07 19:16:44"
"2024-09-06";"";"64 329";"2 387";"27 562 497";"2024-09-06 23:56:07"
"2024-09-10";"TikTok";"127 663";"574 167";"27 562 865";"2024-09-11 01:10:58"
"2024-09-05";"";"89 524";"13 355";"27 563 258";"2024-09-05 18:39:08"
"2024-09-03";"Telegram";"1 851 604";"146 302";"27 561 457";"2024-09-03 05:26:59"
"2024-09-02";"";"43 496";"24 866";"27 562 542";"2024-09-02 13:22:23"
"2024-09-06";"Instagram";"67 915 606";"2 183 933";"27 561 373";"2024-09-06 06:39:15"
"2024-09-02";"Facebook";"120 928";"12 522";"27 561 590";"2024-09-02 13:10:14"
"2024-09-02";"Telegram";"18 026 922";"4 651 691";"27 561 482";"2024-09-02 08:53:46"
"2024-09-05";"";"47 539";"58 750";"27 562 197";"2024-09-05 20:29:42"
"2024-09-01";"";"165 559";"6 014";"27 562 009";"2024-09-02 00:33:35"
"2024-09-10";"YouTube";"27 078";"5 082";"27 561 176";"2024-09-10 03:00:21"
"2024-09-08";"";"30 506";"11 102";"27 561 815";"2024-09-08 19:28:56"
"2024-09-01";"YouTube";"2 391 242";"165 854";"27 563 082";"2024-09-01 19:16:10"
"2024-09-08";"YouTube";"202 748";"31 125";"27 561 179";"2024-09-08 20:53:58"
"2024-09-02";"";"77 615";"10 049";"27 562 273";"2024-09-02 19:04:36"
"2024-09-09";"Facebook";"1 150 182";"513 886";"27 561 315";"2024-09-09 07:28:20"
"2024-09-10";"YouTube";"15 567";"130 122";"27 563 372";"2024-09-10 12:09:16"
"2024-09-05";"";"72 996";"34 997";"27 561 821";"2024-09-05 20:53:59"
"2024-09-02";"";"350 107";"29 608";"27 562 897";"2024-09-02 14:35:17"
"2024-09-06";"";"51 043";"6 732";"27 561 835";"2024-09-06 10:55:37"
"2024-09-04";"";"130 125";"7 596";"27 562 527";"2024-09-04 12:21:57"
"2024-09-08";"Yandex";"172 821";"154 189";"27 563 507";"2024-09-08 13:10:30"
"2024-09-06";"";"223 397";"16 004";"27 563 101";"2024-09-06 04:01:54"
"2024-09-04";"";"205 102";"568 526";"27 562 733";"2024-09-04 15:48:56"
"2024-09-01";"";"4 619 007";"361 890";"27 563 168";"2024-09-01 12:57:08"
"2024-09-02";"YouTube";"47 771";"20 484";"27 562 647";"2024-09-03 02:35:22"
"2024-09-10";"";"34 322";"9 366";"27 562 993";"2024-09-10 11:08:16"
"2024-09-07";"";"34 932";"16 180";"27 561 315";"2024-09-07 19:52:31"
"2024-09-04";"";"38 589";"14 009";"27 562 170";"2024-09-04 17:38:45"
"2024-09-02";"";"155 677";"9 030";"27 562 696";"2024-09-02 22:07:27"
"2024-09-01";"YouTube";"1 161 183";"77 444";"27 563 437";"2024-09-01 14:47:26"
"2024-09-01";"Unknown";"170 464";"12 881";"27 562 178";"2024-09-01 12:45:33"
"2024-09-06";"";"151 551";"46 089";"27 563 023";"2024-09-06 03:00:56"
"2024-09-03";"";"31 420";"5 511";"27 563 384";"2024-09-03 22:31:09"
"2024-09-08";"Instagram";"275 282 324";"8 493 321";"27 562 560";"2024-09-08 08:05:56"
"2024-09-03";"";"1 117 557";"193 291";"27 563 463";"2024-09-03 19:28:28"
"2024-09-06";"";"2 100 796";"141 038";"27 562 527";"2024-09-06 21:54:38"
"2024-09-10";"";"57 711";"15 734";"27 561 850";"2024-09-10 08:05:14"
"2024-09-04";"";"103 856";"4 125";"27 561 433";"2024-09-04 08:41:59"
"2024-09-10";"";"379 121";"29 942";"27 562 003";"2024-09-10 10:43:10"
"2024-09-02";"";"144 467";"5 608";"27 561 544";"2024-09-02 06:15:00"
"2024-09-04";"";"7 313";"26 161";"27 561 500";"2024-09-04 21:54:34"
"2024-09-07";"YouTube";"757 670";"233 942";"27 562 653";"2024-09-07 07:52:16"
"2024-09-10";"";"192 057";"118 275";"27 561 722";"2024-09-10 15:12:43"
"2024-09-09";"YouTube";"661 618";"49 950";"27 561 514";"2024-09-09 19:28:35"
"2024-09-05";"";"26 674";"7 524";"27 561 221";"2024-09-06 01:58:41"
"2024-09-06";"Likee";"140 984";"163 648";"27 561 250";"2024-09-06 03:12:46"
"2024-09-02";"PUBG";"669 475";"32 185";"27 562 045";"2024-09-02 23:20:56"
"2024-09-08";"";"392 255";"19 464";"27 561 212";"2024-09-09 02:59:37"
"2024-09-10";"";"161 016";"39 833";"27 562 511";"2024-09-10 20:29:28"
"2024-09-09";"Telegram";"41 746 197";"2 367 053";"27 561 401";"2024-09-09 05:50:12"
"2024-09-10";"";"29 758";"1 532";"27 563 256";"2024-09-10 21:30:12"
"2024-09-05";"Yandex";"5 920 497";"217 069";"27 562 447";"2024-09-06 01:46:55"
"2024-09-01";"";"72 240";"2 040";"27 561 621";"2024-09-01 03:00:22"
"2024-09-04";"Odnoklassniki";"47 483";"14 719";"27 562 521";"2024-09-04 21:42:22"
"2024-09-10";"";"28 013";"6 131";"27 562 460";"2024-09-10 19:04:41"
"2024-09-04";"";"1 115 545";"93 925";"27 561 390";"2024-09-04 17:50:34"
"2024-09-08";"";"58 518";"85 407";"27 561 940";"2024-09-09 00:45:59"
"2024-09-01";"Tas-ix";"451 075";"81 342";"27 561 498";"2024-09-01 04:37:44"
"2024-09-10";"";"249 454";"11 276";"27 562 630";"2024-09-10 21:30:27"
"2024-09-01";"Instagram";"14 605 466";"708 377";"27 562 757";"2024-09-01 22:43:18"
"2024-09-10";"";"606 629";"307 831";"27 562 302";"2024-09-10 15:00:24"
"2024-09-01";"";"233 214";"51 348";"27 563 147";"2024-09-01 21:42:25"
"2024-09-10";"";"107 650";"10 117";"27 562 107";"2024-09-11 02:47:37"
"2024-09-03";"Instagram";"43 441 769";"1 970 665";"27 561 485";"2024-09-03 21:54:44"
"2024-09-09";"";"1 343 006";"136 512";"27 562 544";"2024-09-09 17:38:35"
"2024-09-06";"";"217 602";"31 680";"27 561 480";"2024-09-06 21:42:32"
"2024-09-01";"";"36 986";"4 380";"27 563 000";"2024-09-01 17:26:53"
"2024-09-10";"Facebook";"55 669";"22 181";"27 562 428";"2024-09-10 21:30:58"
"2024-09-01";"";"4 069 952";"240 507";"27 563 105";"2024-09-01 14:59:24"
"2024-09-04";"Facebook";"391 156";"57 086";"27 563 267";"2024-09-04 21:42:42"
"2024-09-08";"YouTube";"315 859";"216 414";"27 562 629";"2024-09-08 04:13:42"
"2024-09-05";"Unknown";"401 023";"17 351";"27 562 317";"2024-09-05 09:54:43"
"2024-09-10";"";"55 077";"36 155";"27 562 698";"2024-09-10 11:32:12"
"2024-09-06";"";"1 020 496";"194 495";"27 563 157";"2024-09-06 18:51:29"
"2024-09-10";"Facebook";"29 558 894";"563 161";"27 562 982";"2024-09-10 18:15:20"
"2024-09-08";"Instagram";"6 427 925";"3 597 150";"27 562 455";"2024-09-08 14:35:50"
"2024-09-08";"";"16 139";"56 404";"27 563 152";"2024-09-08 18:03:05"
"2024-09-01";"";"234 353";"19 288";"27 562 803";"2024-09-01 12:21:16"
"2024-09-09";"Telegram";"7 890 787";"3 444 799";"27 563 409";"2024-09-09 05:26:15"
"2024-09-02";"";"174 643";"6 899";"27 561 613";"2024-09-02 09:42:15"
"2024-09-08";"";"29 957";"6 736";"27 561 201";"2024-09-09 00:33:06"
"2024-09-09";"";"246 378";"86 420";"27 561 388";"2024-09-09 17:38:27"
"2024-09-09";"";"591 039";"383 572";"27 561 381";"2024-09-09 22:31:26"
"2024-09-06";"";"45 665";"5 707";"27 562 564";"2024-09-06 15:12:33"
"2024-09-10";"";"73 821";"6 719";"27 561 292";"2024-09-10 23:20:25"
"2024-09-09";"";"78 577";"32 053";"27 561 197";"2024-09-09 17:50:26"
"2024-09-05";"";"186 214";"8 946 779";"27 562 232";"2024-09-05 12:33:09"
"2024-09-01";"";"167 091";"6 935";"27 562 451";"2024-09-01 05:26:00"
"2024-09-04";"";"90 569";"3 329";"27 561 775";"2024-09-04 13:58:38"
"2024-09-06";"";"5 275 655";"34 973 016";"27 563 514";"2024-09-07 02:11:06"
"2024-09-10";"";"182 673";"6 618";"27 562 622";"2024-09-10 06:51:32"
"2024-09-10";"Instagram";"59 424";"3 746";"27 563 250";"2024-09-10 05:50:31"
"2024-09-10";"Facebook";"165 778";"17 378";"27 561 998";"2024-09-10 15:36:31"
"2024-09-05";"Telegram";"1 484 933";"98 428";"27 562 719";"2024-09-05 12:21:53"
"2024-09-10";"";"56 188";"20 888";"27 563 193";"2024-09-10 15:36:50"
"2024-09-07";"";"425 446";"114 808";"27 561 428";"2024-09-07 17:14:02"
"2024-09-05";"Tas-ix";"30 281";"11 006";"27 561 290";"2024-09-05 10:07:52"
"2024-09-08";"";"659 246";"127 891";"27 561 354";"2024-09-08 12:57:11"
"2024-09-07";"Likee";"5 087 095";"291 214";"27 561 398";"2024-09-07 08:29:23"
"2024-09-03";"";"108 889";"55 558";"27 563 452";"2024-09-04 02:47:24"
"2024-09-05";"";"58 463";"317 411";"27 563 136";"2024-09-05 13:34:38"
"2024-09-01";"";"1 141 263";"1 960 472";"27 562 666";"2024-09-02 02:35:57"
"2024-09-09";"";"39 823";"33 171";"27 561 413";"2024-09-09 13:34:09"
"2024-09-02";"";"1 091 137";"4 444";"27 563 511";"2024-09-02 08:41:35"
"2024-09-02";"";"3 200 507";"199 941";"27 562 384";"2024-09-02 11:08:44"
"2024-09-01";"Instagram";"32 635";"4 414";"27 561 435";"2024-09-01 20:29:10"
"2024-09-02";"";"528 358";"24 619";"27 561 547";"2024-09-02 20:17:09"
"2024-09-04";"";"71 299";"16 513";"27 562 572";"2024-09-04 23:32:38"
"2024-09-07";"";"3 715";"39 369";"27 563 422";"2024-09-07 07:04:10"
"2024-09-04";"YouTube";"200 448";"333 579";"27 561 658";"2024-09-04 06:27:00"
"2024-09-03";"";"293 991";"60 432";"27 562 590";"2024-09-03 18:03:04"
"2024-09-08";"";"9 710";"70 322";"27 562 033";"2024-09-08 19:52:20"
"2024-09-03";"";"29 207";"2 684";"27 563 030";"2024-09-03 22:31:18"
"2024-09-08";"";"27 129";"25 754";"27 563 156";"2024-09-08 14:23:48"
"2024-09-08";"";"338 267";"136 283";"27 563 467";"2024-09-09 01:10:05"
"2024-09-05";"";"767 842";"360 554";"27 561 687";"2024-09-05 15:36:03"
"2024-09-07";"WhatsApp";"306 113";"185 538";"27 562 413";"2024-09-07 14:11:56"
"2024-09-06";"";"26 962";"14 649";"27 562 512";"2024-09-06 22:31:56"
"2024-09-02";"";"1 000 957";"165 390";"27 561 670";"2024-09-02 22:07:23"
"2024-09-03";"VKontakte";"311 370";"4 266 139";"27 563 369";"2024-09-03 16:49:55"
"2024-09-04";"";"11 688 511";"590 926";"27 563 329";"2024-09-04 08:17:34"
"2024-09-07";"";"2 290";"101 815";"27 563 092";"2024-09-07 20:05:21"
"2024-09-05";"";"44 105";"6 907";"27 562 125";"2024-09-05 15:12:30"
"2024-09-09";"";"36 191";"2 576";"27 563 073";"2024-09-09 10:07:27"
"2024-09-04";"";"30 155 288";"1 496 988";"27 562 436";"2024-09-04 23:56:22"
"2024-09-06";"";"33 118";"3 129";"27 562 294";"2024-09-06 10:07:02"
"2024-09-08";"";"39 738";"10 398";"27 562 590";"2024-09-08 03:36:21"
"2024-09-10";"Telegram";"205 678";"24 647";"27 563 158";"2024-09-11 00:45:23"
"2024-09-10";"";"23 831 611";"766 924";"27 561 177";"2024-09-11 02:35:45"
"2024-09-07";"";"1 517 296";"37 166";"27 563 342";"2024-09-07 09:42:04"
"2024-09-06";"";"156 731";"744 684";"27 562 438";"2024-09-07 02:35:14"
"2024-09-04";"";"28 950";"9 284";"27 562 898";"2024-09-04 05:14:22"
"2024-09-03";"Instagram";"21 722 868";"615 114";"27 563 414";"2024-09-03 09:42:59"
"2024-09-05";"";"312 161";"20 225";"27 563 463";"2024-09-05 13:46:23"
"2024-09-09";"";"1 373 976";"1 372 463";"27 562 003";"2024-09-10 02:59:44"
"2024-09-10";"";"308 940";"10 222";"27 563 225";"2024-09-10 13:22:11"
"2024-09-04";"Facebook";"295 557";"15 418";"27 561 623";"2024-09-04 10:55:49"
"2024-09-02";"";"31 204";"0";"27 561 250";"2024-09-02 07:04:12"
"2024-09-04";"";"363 369";"34 057";"27 562 622";"2024-09-04 13:46:14"
"2024-09-01";"YouTube";"41 497 016";"3 297 125";"27 562 721";"2024-09-01 16:01:41"
"2024-09-04";"Telegram";"598 683";"48 083";"27 561 660";"2024-09-04 17:26:47"
"2024-09-10";"";"605 540";"101 440";"27 562 101";"2024-09-10 15:00:49"
"2024-09-03";"";"1 020 645";"28 013";"27 562 393";"2024-09-03 05:38:46"
"2024-09-02";"";"28 329";"1 552";"27 561 670";"2024-09-02 04:01:58"
"2024-09-03";"";"6 656";"43 289";"27 561 950";"2024-09-03 04:25:19"
"2024-09-10";"";"545 091";"26 311";"27 562 839";"2024-09-10 13:22:14"
"2024-09-06";"";"335 672";"25 295";"27 562 552";"2024-09-06 10:07:09"
"2024-09-08";"YouTube";"181 535";"70 809";"27 561 763";"2024-09-08 11:44:03"
"2024-09-07";"";"30 909 633";"1 421 799";"27 562 700";"2024-09-07 03:12:34"
"2024-09-10";"";"31 782";"4 488";"27 562 942";"2024-09-10 09:30:02"
"2024-09-06";"";"44 741";"17 771";"27 562 470";"2024-09-06 19:52:25"
"2024-09-05";"Telegram";"86 028 918";"5 428 389";"27 562 548";"2024-09-05 06:27:53"
"2024-09-03";"";"1 316 892";"67 429";"27 561 981";"2024-09-03 04:01:43"
"2024-09-03";"";"291 138";"55 019";"27 561 646";"2024-09-03 08:17:41"
"2024-09-02";"";"903 435";"130 679";"27 562 469";"2024-09-02 05:14:21"
"2024-09-08";"Yandex";"194 271";"5 900";"27 562 238";"2024-09-08 14:11:21"
"2024-09-09";"";"51 312";"7 368";"27 561 354";"2024-09-09 03:00:46"
"2024-09-02";"";"147 142";"22 488";"27 561 902";"2024-09-03 01:10:16"
"2024-09-02";"";"176 992 600";"8 279 725";"27 562 758";"2024-09-02 08:05:43"
"2024-09-02";"Telegram";"6 215 934";"58 778 792";"27 562 407";"2024-09-02 17:26:27"
"2024-09-01";"";"27 649";"21 582";"27 562 917";"2024-09-01 10:31:12"
"2024-09-10";"YouTube";"13 962 056";"981 092";"27 561 386";"2024-09-10 07:28:31"
"2024-09-04";"Telegram";"39 619 874";"3 121 443";"27 562 459";"2024-09-04 08:17:33"
"2024-09-10";"";"130 583 858";"6 841 351";"27 561 744";"2024-09-10 12:09:12"
"2024-09-09";"";"33 595";"3 109";"27 561 915";"2024-09-09 11:44:07"
"2024-09-08";"YouTube";"473 805";"41 718";"27 561 826";"2024-09-08 06:03:55"
"2024-09-10";"";"38 740";"3 056";"27 561 269";"2024-09-10 15:36:57"
"2024-09-08";"YouTube";"794 577";"86 817";"27 562 238";"2024-09-08 21:54:53"
"2024-09-04";"";"26 572";"7 842";"27 561 307";"2024-09-05 01:34:44"
"2024-09-02";"WhatsApp";"33 279";"15 131";"27 561 173";"2024-09-02 05:50:04"
"2024-09-05";"Facebook";"1 126 628";"110 279";"27 562 752";"2024-09-05 22:07:09"
"2024-09-02";"Unknown";"1 026 195";"196 630";"27 562 907";"2024-09-02 04:25:48"
"2024-09-03";"";"45 396";"3 927";"27 561 606";"2024-09-03 06:03:13"
"2024-09-06";"";"45 943";"4 102";"27 563 242";"2024-09-06 08:05:20"
"2024-09-01";"Instagram";"2 497 228";"104 876";"27 561 370";"2024-09-01 03:24:41"
"2024-09-02";"";"172 618 818";"9 157 647";"27 562 779";"2024-09-02 12:45:04"
"2024-09-08";"Facebook";"78 661";"28 143";"27 561 818";"2024-09-08 07:04:48"
"2024-09-01";"";"988 962";"118 573";"27 562 535";"2024-09-01 10:55:35"
"2024-09-03";"Facebook";"245 123";"19 798";"27 562 615";"2024-09-03 12:21:09"
"2024-09-04";"";"198 820";"30 571";"27 561 633";"2024-09-05 02:11:13"
"2024-09-06";"";"9 399 576";"546 562";"27 561 332";"2024-09-06 13:58:41"
"2024-09-02";"";"101 715";"10 320";"27 562 497";"2024-09-02 06:15:40"
"2024-09-06";"YouTube";"539 783";"75 278";"27 561 219";"2024-09-06 16:01:30"
"2024-09-04";"";"41 654 787";"2 342 388";"27 561 343";"2024-09-04 18:15:51"
"2024-09-04";"";"154 819";"62 532";"27 561 623";"2024-09-04 10:31:13"
"2024-09-09";"";"16 791 230";"1 563 054";"27 561 573";"2024-09-09 23:44:02"
"2024-09-04";"";"379 741";"3 617 510";"27 562 722";"2024-09-04 06:51:12"
"2024-09-10";"";"340 378";"80 555";"27 562 842";"2024-09-11 00:33:09"
"2024-09-06";"";"64 640";"3 620";"27 561 361";"2024-09-06 07:40:22"
"2024-09-09";"";"395 468";"59 403";"27 561 929";"2024-09-10 02:11:48"
"2024-09-03";"Instagram";"29 837";"5 690";"27 563 390";"2024-09-03 10:07:55"
"2024-09-05";"";"32 554";"2 516";"27 562 647";"2024-09-05 09:30:50"
"2024-09-03";"";"211 307";"20 045";"27 563 317";"2024-09-03 19:52:33"
"2024-09-10";"Unknown";"842 206";"167 350";"27 562 663";"2024-09-10 23:56:15"
"2024-09-02";"Instagram";"3 474 849";"5 225 900";"27 561 866";"2024-09-02 08:29:07"
"2024-09-01";"";"89 417";"28 341";"27 562 446";"2024-09-01 17:38:37"
"2024-09-08";"Facebook";"8 682 187";"253 268";"27 562 047";"2024-09-08 18:15:14"
"2024-09-07";"";"316 500";"17 752";"27 562 633";"2024-09-07 07:52:42"
"2024-09-05";"";"33 659";"7 917";"27 561 895";"2024-09-05 11:56:55"
"2024-09-09";"YouTube";"65 855";"5 157";"27 561 256";"2024-09-09 23:32:50"
"2024-09-08";"";"260 573";"199 591";"27 563 234";"2024-09-08 15:24:41"
"2024-09-07";"";"31 040";"3 326";"27 561 468";"2024-09-08 01:46:43"
"2024-09-07";"Instagram";"44 874 685";"1 294 855";"27 563 395";"2024-09-07 23:20:55"
"2024-09-04";"YouTube";"110 673";"1 081 427";"27 562 614";"2024-09-04 23:20:41"
"2024-09-10";"";"1 005 824";"97 722";"27 563 218";"2024-09-10 05:26:55"
"2024-09-10";"Unknown";"46 662";"3 305";"27 563 195";"2024-09-11 02:47:19"
"2024-09-03";"";"372 257";"347 295";"27 561 290";"2024-09-03 11:32:55"
"2024-09-08";"";"434 113 348";"35 166 839";"27 563 417";"2024-09-08 06:27:21"
"2024-09-04";"";"37 146";"101 761";"27 562 442";"2024-09-04 22:07:09"
"2024-09-02";"";"149 350";"13 102";"27 561 877";"2024-09-02 23:32:04"
"2024-09-03";"";"154 939";"40 090";"27 562 239";"2024-09-03 08:29:30"
"2024-09-03";"";"149 703";"86 622";"27 563 094";"2024-09-04 00:45:23"
"2024-09-07";"";"29 011 557";"1 400 547";"27 563 136";"2024-09-07 03:24:41"
"2024-09-08";"";"16 158";"116 214";"27 563 044";"2024-09-08 15:12:03"
"2024-09-01";"";"191 897";"45 195";"27 562 007";"2024-09-01 23:32:30"
"2024-09-02";"";"49 056";"16 690";"27 562 875";"2024-09-02 13:46:57"
"2024-09-07";"";"75 637";"7 912";"27 562 574";"2024-09-07 08:29:55"
"2024-09-03";"";"269 245";"24 140";"27 561 596";"2024-09-03 12:45:53"
"2024-09-02";"WhatsApp";"30 658";"15 872";"27 562 120";"2024-09-02 21:30:45"
"2024-09-08";"WhatsApp";"895 650";"327 996";"27 562 150";"2024-09-08 09:06:56"
"2024-09-03";"";"654 638";"31 513";"27 562 856";"2024-09-03 18:51:21"
"2024-09-10";"";"250 026";"14 755";"27 563 005";"2024-09-10 16:01:07"
"2024-09-01";"";"31 755";"3 705";"27 561 543";"2024-09-01 15:00:54"
"2024-09-03";"Unknown";"8 245 934";"789 048";"27 562 504";"2024-09-03 17:02:49"
"2024-09-09";"";"55 491";"5 984";"27 562 146";"2024-09-09 14:35:14"
"2024-09-01";"";"116 588";"23 868";"27 562 759";"2024-09-01 11:56:24"
"2024-09-01";"";"103 166";"59 481";"27 561 197";"2024-09-02 02:47:06"
"2024-09-04";"WhatsApp";"139 721";"11 316";"27 561 998";"2024-09-04 08:17:10"
"2024-09-04";"";"396 261";"62 808";"27 562 721";"2024-09-05 00:09:30"
"2024-09-06";"";"125 360";"17 745";"27 563 495";"2024-09-06 20:05:51"
"2024-09-10";"Facebook";"84 436";"7 555";"27 561 221";"2024-09-11 02:11:19"
"2024-09-05";"Facebook";"164 427";"81 161";"27 563 359";"2024-09-05 23:08:55"
"2024-09-07";"";"58 488";"28 708";"27 561 689";"2024-09-07 07:16:31"
"2024-09-02";"Odnoklassniki";"477 615";"136 387";"27 563 392";"2024-09-02 13:22:20"
"2024-09-06";"";"82 646";"19 416";"27 561 611";"2024-09-06 17:02:00"
"2024-09-06";"";"583 913";"169 092";"27 562 633";"2024-09-06 08:05:30"
"2024-09-03";"";"101 030";"12 984";"27 562 398";"2024-09-03 17:14:00"
"2024-09-05";"";"2 462 914";"328 443";"27 563 129";"2024-09-05 16:37:13"
"2024-09-01";"";"108 367";"93 114";"27 561 298";"2024-09-01 04:01:34"
"2024-09-03";"";"287 885";"11 504";"27 562 518";"2024-09-03 16:49:53"
"2024-09-06";"";"223 864";"10 783";"27 561 384";"2024-09-07 02:47:06"
"2024-09-04";"";"63 623";"13 835";"27 561 890";"2024-09-04 13:58:54"
"2024-09-08";"Telegram";"30 884 809";"3 450 977";"27 563 050";"2024-09-08 21:06:37"
"2024-09-07";"";"27 171";"20 919";"27 562 594";"2024-09-07 21:30:00"
"2024-09-10";"";"8 001";"86 282";"27 561 725";"2024-09-10 14:23:42"
"2024-09-10";"";"50 906";"3 978";"27 561 294";"2024-09-10 23:44:08"
"2024-09-04";"";"42 704";"4 399";"27 561 845";"2024-09-04 18:03:51"
"2024-09-04";"";"971 496";"123 786";"27 563 092";"2024-09-04 21:42:32"
"2024-09-05";"";"71 984";"127 567";"27 561 361";"2024-09-05 18:51:15"
"2024-09-05";"Yandex Video";"182 770";"7 785";"27 561 204";"2024-09-05 22:55:45"
"2024-09-02";"";"464 778";"44 163";"27 563 031";"2024-09-03 00:21:49"
"2024-09-02";"YouTube";"103 823";"18 199";"27 563 017";"2024-09-02 09:42:20"
"2024-09-02";"Facebook";"102 586";"83 272";"27 562 048";"2024-09-02 05:38:58"
"2024-09-07";"";"87 378";"54 547";"27 563 041";"2024-09-07 16:25:39"
"2024-09-03";"YouTube";"145 124 777";"6 445 971";"27 561 176";"2024-09-03 23:08:47"
"2024-09-09";"Facebook";"1 400 695";"1 353 062";"27 562 560";"2024-09-10 00:57:57"
"2024-09-05";"";"45 086";"3 625";"27 563 000";"2024-09-05 18:51:07"
"2024-09-02";"";"72 747";"5 978";"27 562 629";"2024-09-02 08:05:07"
"2024-09-06";"";"33 124";"2 210";"27 561 501";"2024-09-06 09:54:53"
"2024-09-05";"YouTube";"1 339 123";"315 483";"27 562 234";"2024-09-06 01:46:46"
"2024-09-05";"";"33 319";"2 956";"27 562 865";"2024-09-05 14:35:02"
"2024-09-03";"Yandex";"633 909";"163 238";"27 562 372";"2024-09-03 14:47:51"
"2024-09-04";"";"22 866";"49 792";"27 562 143";"2024-09-04 13:58:06"
"2024-09-10";"";"69 652";"24 371";"27 562 347";"2024-09-10 18:03:40"
"2024-09-01";"";"576 069";"38 145";"27 563 313";"2024-09-01 09:54:22"
"2024-09-07";"Instagram";"106 274 758";"2 501 954";"27 563 242";"2024-09-07 03:12:27"
"2024-09-01";"";"454 586";"80 832";"27 561 232";"2024-09-01 05:38:14"
"2024-09-09";"";"59 186";"5 496";"27 561 720";"2024-09-09 05:02:46"
"2024-09-05";"YouTube";"50 872 024";"3 563 505";"27 563 006";"2024-09-05 04:49:35"
"2024-09-02";"Instagram";"33 019 132";"1 295 462";"27 563 393";"2024-09-02 21:54:05"
"2024-09-02";"Telegram";"254 086 130";"13 459 467";"27 561 882";"2024-09-02 08:17:55"
"2024-09-07";"";"61 834";"5 151";"27 561 457";"2024-09-07 04:25:09"
"2024-09-10";"";"200 561";"27 748";"27 561 465";"2024-09-11 00:09:03"
"2024-09-03";"Apple Music";"458 297";"15 217";"27 561 994";"2024-09-03 21:54:55"
"2024-09-09";"TikTok";"30 853";"280 873";"27 562 504";"2024-09-09 17:26:57"
"2024-09-07";"Instagram";"370 458";"36 857";"27 562 969";"2024-09-07 14:35:53"
"2024-09-08";"";"1 140";"74 496";"27 562 516";"2024-09-08 15:36:36"
"2024-09-10";"";"27 836";"8 740";"27 561 529";"2024-09-10 03:36:05"
"2024-09-05";"";"330 394";"1 112 185";"27 562 841";"2024-09-05 14:59:25"
"2024-09-02";"Unknown";"26 540";"9 300";"27 563 469";"2024-09-02 11:20:58"
"2024-09-03";"";"2 244 330";"69 887";"27 562 101";"2024-09-03 20:17:42"
"2024-09-01";"YouTube";"123 275";"38 590";"27 561 512";"2024-09-01 12:45:58"
"2024-09-05";"";"23 863";"59 091";"27 562 944";"2024-09-05 13:34:49"
"2024-09-03";"";"352 565";"5 404";"27 561 480";"2024-09-03 12:09:39"
"2024-09-04";"";"54 709";"306 189";"27 561 511";"2024-09-04 13:58:08"
"2024-09-01";"";"89 441";"3 691";"27 561 173";"2024-09-01 15:12:31"
"2024-09-10";"";"26 518";"60 628";"27 562 025";"2024-09-10 05:26:31"
"2024-09-05";"";"51 351";"3 448";"27 561 362";"2024-09-05 10:19:07"
"2024-09-02";"";"108 317";"387 191";"27 561 214";"2024-09-02 07:28:35"
"2024-09-07";"YouTube";"27 303";"4 502";"27 563 308";"2024-09-07 08:05:18"
"2024-09-05";"";"18 345";"65 094";"27 562 355";"2024-09-05 18:39:54"
"2024-09-10";"";"28 484";"1 574";"27 563 145";"2024-09-10 13:58:00"
"2024-09-09";"";"842 206";"251 252";"27 561 999";"2024-09-09 21:18:14"
"2024-09-09";"";"106 363";"24 845";"27 562 527";"2024-09-09 03:48:52"
"2024-09-05";"";"1 288 713";"104 550";"27 563 304";"2024-09-05 18:03:12"
"2024-09-06";"";"35 603";"11 427";"27 562 866";"2024-09-06 17:50:50"
"2024-09-02";"";"109 819";"7 341";"27 561 778";"2024-09-02 19:40:31"
"2024-09-06";"";"80 400";"31 896";"27 562 203";"2024-09-06 03:36:42"
"2024-09-03";"";"411 507";"72 446";"27 563 083";"2024-09-03 20:53:39"
"2024-09-01";"Instagram";"645 947";"150 565";"27 561 350";"2024-09-01 03:12:45"
"2024-09-06";"";"93 263";"6 065";"27 562 124";"2024-09-06 19:28:33"
"2024-09-06";"";"34 340";"19 860";"27 562 800";"2024-09-06 11:20:02"
"2024-09-01";"";"171 346";"20 432";"27 563 211";"2024-09-01 21:18:57"
"2024-09-06";"";"31 303";"2 832";"27 563 203";"2024-09-06 10:55:41"
"2024-09-09";"";"679 081";"82 421";"27 563 080";"2024-09-09 09:42:55"
"2024-09-04";"";"157 700";"19 538";"27 562 207";"2024-09-05 01:58:32"
"2024-09-06";"";"585 666";"234 800";"27 562 255";"2024-09-06 05:26:44"
"2024-09-10";"YouTube";"991 157";"41 421";"27 562 708";"2024-09-10 05:38:05"
"2024-09-10";"";"33 314";"5 383";"27 562 347";"2024-09-10 12:57:26"
"2024-09-09";"";"2 527 628";"80 747";"27 562 289";"2024-09-09 10:55:43"
"2024-09-07";"";"150 765";"25 612";"27 561 690";"2024-09-07 04:37:23"
"2024-09-04";"YouTube";"655 303";"40 015";"27 563 297";"2024-09-04 17:38:53"
"2024-09-04";"";"76 280";"7 739";"27 563 392";"2024-09-04 22:19:00"
"2024-09-03";"";"535 824";"111 158";"27 562 595";"2024-09-03 17:02:49"
"2024-09-10";"";"800 206";"197 230";"27 561 184";"2024-09-10 23:56:14"
"2024-09-08";"";"1 802 508";"120 785";"27 562 534";"2024-09-08 08:53:32"
"2024-09-04";"YouTube";"239 501 635";"11 978 236";"27 563 204";"2024-09-05 02:11:18"
"2024-09-03";"Telegram";"93 144";"9 643";"27 563 121";"2024-09-03 22:07:07"
"2024-09-01";"Yandex";"73 625";"91 228";"27 561 335";"2024-09-02 00:33:28"
"2024-09-08";"";"113 435";"6 663";"27 562 545";"2024-09-08 05:38:00"
"2024-09-09";"Facebook";"941 168";"79 650";"27 561 445";"2024-09-09 05:38:08"
"2024-09-07";"";"9 371";"75 817";"27 562 613";"2024-09-07 15:48:11"
"2024-09-07";"YouTube";"177 544 754";"10 593 990";"27 561 810";"2024-09-07 11:44:27"
"2024-09-09";"";"63 576";"113 004";"27 562 480";"2024-09-09 15:00:25"
"2024-09-08";"Telegram";"57 103 739";"3 991 481";"27 561 884";"2024-09-08 07:40:32"
"2024-09-05";"";"220 798";"61 349";"27 563 304";"2024-09-05 06:27:01"
"2024-09-09";"";"83 066";"40 044";"27 562 150";"2024-09-09 17:50:31"
"2024-09-08";"";"114 915";"40 123";"27 562 663";"2024-09-09 01:58:50"
"2024-09-07";"";"448 512";"516 276";"27 562 885";"2024-09-07 15:48:47"
"2024-09-09";"";"67 059";"98 960";"27 563 169";"2024-09-09 14:59:40"
"2024-09-07";"Facebook";"62 822";"31 001";"27 561 916";"2024-09-07 10:43:38"
"2024-09-08";"Facebook";"61 823";"3 928";"27 562 355";"2024-09-08 18:51:57"
"2024-09-04";"";"37 036";"10 876";"27 561 989";"2024-09-04 11:32:59"
"2024-09-04";"";"375 762";"56 519";"27 562 571";"2024-09-04 20:41:02"
"2024-09-09";"";"161 899";"6 014";"27 563 254";"2024-09-09 12:33:59"
"2024-09-08";"";"28 950";"3 328";"27 562 363";"2024-09-09 01:58:22"
"2024-09-10";"Yandex";"453 705";"87 379";"27 563 176";"2024-09-10 07:04:10"
"2024-09-01";"";"290 682";"68 563";"27 563 254";"2024-09-01 16:25:52"
"2024-09-05";"";"52 878";"124 496";"27 562 670";"2024-09-05 17:14:33"
"2024-09-09";"";"130 694";"457 064";"27 562 934";"2024-09-10 01:58:57"
"2024-09-03";"";"40 170";"7 662";"27 562 398";"2024-09-03 03:12:58"
"2024-09-01";"";"35 739";"3 248";"27 562 635";"2024-09-01 14:47:29"
"2024-09-10";"Facebook";"733 862";"49 381";"27 561 666";"2024-09-10 06:03:32"
"2024-09-06";"Twitch";"519 315";"28 868";"27 562 609";"2024-09-07 02:23:21"
"2024-09-06";"";"862";"35 707";"27 563 267";"2024-09-06 20:29:05"
"2024-09-06";"TikTok";"1 548";"71 945";"27 562 365";"2024-09-06 08:53:14"
"2024-09-08";"";"42 796";"2 951";"27 562 233";"2024-09-08 06:27:37"
"2024-09-05";"Instagram";"1 566 370";"5 741 793";"27 563 467";"2024-09-05 22:43:01"
"2024-09-05";"";"43 844";"3 222";"27 562 961";"2024-09-05 05:26:50"
"2024-09-02";"YouTube";"286 818";"1 057 407";"27 563 342";"2024-09-02 12:45:02"
"2024-09-02";"WhatsApp";"32 698";"23 467";"27 561 870";"2024-09-02 08:05:21"
"2024-09-06";"Instagram";"42 272";"5 190";"27 561 461";"2024-09-06 17:02:54"
"2024-09-09";"";"825 348";"399 347";"27 561 890";"2024-09-10 02:35:06"
"2024-09-07";"Telegram";"40 033";"11 060";"27 561 687";"2024-09-08 00:33:30"
"2024-09-02";"";"30 109";"2 040";"27 561 361";"2024-09-02 16:49:21"
"2024-09-06";"";"293 729";"244 427";"27 563 404";"2024-09-06 07:16:41"
"2024-09-09";"Instagram";"660 164";"48 695";"27 562 487";"2024-09-09 22:19:08"
"2024-09-08";"";"309 997";"105 650";"27 563 005";"2024-09-08 18:27:16"
"2024-09-07";"";"88 567";"3 634";"27 562 497";"2024-09-07 20:41:22"
"2024-09-10";"";"146 376";"7 845";"27 562 458";"2024-09-11 00:21:42"
"2024-09-01";"Yandex";"6 027 998";"300 275";"27 561 355";"2024-09-01 04:13:42"
"2024-09-06";"";"27 868 472";"2 670 560";"27 561 432";"2024-09-06 19:52:50"
"2024-09-09";"";"0";"32 134";"27 561 741";"2024-09-10 01:34:21"
"2024-09-07";"";"54 204";"44 760";"27 561 943";"2024-09-07 15:24:29"
"2024-09-08";"";"641 567";"60 285";"27 562 293";"2024-09-08 23:32:58"
"2024-09-02";"WhatsApp";"3 182 528";"7 739 590";"27 563 448";"2024-09-02 09:18:21"
"2024-09-06";"Telegram";"1 936 411";"191 095";"27 562 283";"2024-09-06 05:26:35"
"2024-09-07";"";"2 691 103";"144 818";"27 562 722";"2024-09-07 12:21:39"
"2024-09-08";"YouTube";"137 301";"45 948";"27 562 508";"2024-09-08 12:09:32"
"2024-09-07";"";"340 874";"40 268";"27 561 841";"2024-09-08 01:22:31"
"2024-09-01";"";"30 505";"4 819";"27 561 912";"2024-09-01 23:44:53"
"2024-09-09";"";"1 159 117";"66 722";"27 561 640";"2024-09-09 18:39:18"
"2024-09-10";"";"421 424";"200 654";"27 562 935";"2024-09-11 01:58:40"
"2024-09-05";"";"167 531";"5 996";"27 563 224";"2024-09-05 10:07:55"
"2024-09-04";"Instagram";"17 072 595";"622 534";"27 563 059";"2024-09-04 04:49:11"
"2024-09-07";"";"30 534";"17 317";"27 562 025";"2024-09-07 22:31:58"
"2024-09-03";"";"14 379 721";"1 501 322";"27 561 414";"2024-09-03 06:03:50"
"2024-09-07";"";"1 550 698";"69 608";"27 563 154";"2024-09-07 21:06:03"
"2024-09-02";"";"46 886";"3 618";"27 562 906";"2024-09-02 11:44:25"
"2024-09-03";"";"7 594 337";"6 789 151";"27 563 357";"2024-09-03 03:48:14"
"2024-09-08";"";"3 696 760";"177 099";"27 562 100";"2024-09-08 22:19:38"
"2024-09-06";"";"35 108";"2 921";"27 561 573";"2024-09-06 16:49:20"
"2024-09-02";"";"19 623";"127 466";"27 563 024";"2024-09-02 20:29:30"
"2024-09-04";"YouTube";"1 149 414";"116 204";"27 562 455";"2024-09-04 05:38:56"
"2024-09-05";"";"104 289";"111 897";"27 561 872";"2024-09-05 21:06:01"
"2024-09-01";"TikTok";"24 052";"222 520";"27 561 523";"2024-09-01 23:32:05"
"2024-09-04";"";"167 136";"20 756";"27 562 812";"2024-09-04 23:32:18"
"2024-09-05";"";"144 370";"6 361";"27 561 744";"2024-09-05 14:11:07"
"2024-09-07";"";"30 955";"13 042";"27 561 173";"2024-09-07 08:17:19"
"2024-09-06";"Facebook";"60 255";"66 218";"27 563 195";"2024-09-06 20:53:04"
"2024-09-02";"YouTube";"299 779 610";"21 792 157";"27 562 799";"2024-09-02 18:27:17"
"2024-09-10";"";"58 534 170";"4 437 304";"27 561 729";"2024-09-10 13:34:14"
"2024-09-04";"";"3 997";"28 522";"27 563 388";"2024-09-05 02:59:25"
"2024-09-02";"";"352 556";"60 196";"27 563 216";"2024-09-02 03:12:47"
"2024-09-03";"Yandex";"352 853";"21 561";"27 563 404";"2024-09-03 17:14:24"
"2024-09-05";"";"80 771";"10 876";"27 563 503";"2024-09-05 18:27:16"
"2024-09-04";"Instagram";"343 066";"12 089";"27 563 348";"2024-09-04 06:15:11"
"2024-09-05";"";"103 814 310";"1 424 304";"27 562 144";"2024-09-05 09:54:46"
"2024-09-05";"YouTube";"2 128 821";"143 013";"27 561 611";"2024-09-05 21:54:38"
"2024-09-09";"";"220 557";"11 137";"27 563 512";"2024-09-10 01:34:36"
"2024-09-10";"";"12 145";"37 974";"27 561 417";"2024-09-10 10:19:21"
"2024-09-05";"YouTube";"853 090";"356 104";"27 561 237";"2024-09-05 05:14:31"
"2024-09-07";"WhatsApp";"176 387";"13 118";"27 561 882";"2024-09-07 04:25:35"
"2024-09-05";"WhatsApp";"62 574";"20 519";"27 562 758";"2024-09-05 08:53:50"
"2024-09-07";"";"99 418";"66 541";"27 562 061";"2024-09-08 02:59:39"
"2024-09-08";"Telegram";"116 185 654";"4 073 625";"27 561 536";"2024-09-08 10:19:12"
"2024-09-06";"";"461 376";"502 271";"27 562 613";"2024-09-07 02:47:36"
"2024-09-03";"TikTok";"1 556";"87 680";"27 562 527";"2024-09-03 07:16:52"
"2024-09-07";"Instagram";"2 388 118";"86 393";"27 561 293";"2024-09-07 18:51:25"
"2024-09-02";"";"32 264";"2 387";"27 563 334";"2024-09-02 22:31:46"
"2024-09-10";"Facebook";"29 162";"2 401";"27 562 823";"2024-09-10 06:03:15"
"2024-09-01";"";"147 243";"27 175";"27 562 850";"2024-09-01 13:58:04"
"2024-09-05";"";"1 629 296";"1 605 829";"27 561 924";"2024-09-06 00:45:11"
"2024-09-02";"";"274 967";"364 930";"27 563 287";"2024-09-02 12:57:38"
"2024-09-08";"YouTube";"281 950 535";"18 246 839";"27 562 292";"2024-09-09 01:34:53"
"2024-09-07";"YouTube";"56 721";"8 949";"27 563 036";"2024-09-07 09:30:56"
"2024-09-08";"";"484 923";"53 813";"27 562 601";"2024-09-08 11:56:47"
"2024-09-08";"";"34 700";"15 792";"27 562 752";"2024-09-08 23:32:24"
"2024-09-07";"";"42 353";"1 914";"27 562 202";"2024-09-07 14:47:22"
"2024-09-04";"VKontakte";"7 143 288";"308 872";"27 562 692";"2024-09-04 19:40:01"
"2024-09-02";"";"106 544";"26 122";"27 561 575";"2024-09-02 21:06:06"
"2024-09-09";"";"1 390 438";"606 873";"27 561 622";"2024-09-09 10:31:53"
"2024-09-05";"";"91 840";"10 051";"27 562 330";"2024-09-05 14:11:58"
"2024-09-04";"";"99 213";"49 518";"27 563 165";"2024-09-04 06:51:47"
"2024-09-02";"";"32 483";"3 832";"27 561 729";"2024-09-02 06:15:03"
"2024-09-06";"";"9 914";"31 758";"27 562 965";"2024-09-06 11:32:56"
"2024-09-06";"YouTube";"5 672 561";"301 965";"27 563 193";"2024-09-06 17:26:45"
"2024-09-08";"";"121 738";"6 877";"27 562 518";"2024-09-09 02:35:26"
"2024-09-02";"";"55 220";"62 253";"27 562 059";"2024-09-02 20:53:34"
"2024-09-07";"Unknown";"787 218";"68 845";"27 562 666";"2024-09-07 10:43:40"
"2024-09-03";"";"28 030";"19 305";"27 562 199";"2024-09-03 10:55:53"
"2024-09-05";"";"32 234";"19 872";"27 561 902";"2024-09-05 05:26:41"
"2024-09-03";"YouTube";"1 474 273";"229 819";"27 563 005";"2024-09-03 23:32:00"
"2024-09-02";"YouTube";"699 415";"152 421";"27 562 849";"2024-09-02 07:16:58"
"2024-09-05";"";"223 060";"162 466";"27 562 096";"2024-09-05 17:26:15"
"2024-09-07";"";"37 799";"3 074";"27 563 289";"2024-09-07 04:13:48"
"2024-09-08";"PUBG";"1 538 851";"99 060";"27 562 504";"2024-09-08 10:31:59"
"2024-09-09";"";"53 976";"64 877";"27 562 050";"2024-09-09 08:53:48"
"2024-09-05";"";"35 144 220";"630 884";"27 562 035";"2024-09-05 11:44:31"
"2024-09-07";"Yandex";"143 841";"11 218";"27 561 611";"2024-09-07 22:19:50"
"2024-09-02";"";"79 103";"9 738";"27 561 383";"2024-09-02 20:41:48"
"2024-09-09";"YouTube";"6 000 655";"2 678 728";"27 562 675";"2024-09-10 02:23:33"
"2024-09-10";"";"49 501";"64 797";"27 562 590";"2024-09-10 13:58:02"
"2024-09-07";"Facebook";"566 966";"52 422";"27 561 570";"2024-09-07 23:08:13"
"2024-09-10";"Instagram";"909 029";"16 318";"27 561 669";"2024-09-10 06:27:13"
"2024-09-04";"";"155 697";"23 680";"27 562 304";"2024-09-04 04:37:53"
"2024-09-07";"";"103 316";"67 496";"27 561 695";"2024-09-07 07:52:28"
"2024-09-04";"YouTube";"156 928";"32 363";"27 561 539";"2024-09-04 06:51:32"
"2024-09-04";"";"107 361";"3 926";"27 561 815";"2024-09-05 02:47:32"
"2024-09-01";"";"74 944";"11 483";"27 561 872";"2024-09-01 06:27:24"
"2024-09-09";"Facebook";"232 443";"17 386";"27 563 489";"2024-09-09 16:49:38"
"2024-09-06";"";"51 734";"176 931";"27 562 039";"2024-09-06 20:05:06"
"2024-09-02";"";"39 131";"5 172";"27 561 914";"2024-09-03 02:23:23"
"2024-09-01";"";"76 137";"4 571";"27 563 469";"2024-09-01 23:08:27"
"2024-09-10";"";"30 438";"2 490";"27 561 649";"2024-09-10 03:48:29"
"2024-09-07";"";"1 515 921";"59 458";"27 561 759";"2024-09-07 22:19:33"
"2024-09-07";"";"33 841";"3 492";"27 562 915";"2024-09-07 16:13:13"
"2024-09-01";"Telegram";"21 063 169";"1 326 348";"27 563 114";"2024-09-01 16:37:35"
"2024-09-10";"Telegram";"8 678 777";"473 732";"27 562 672";"2024-09-10 16:49:25"
"2024-09-10";"";"30 633";"127 249";"27 562 213";"2024-09-10 13:22:18"
"2024-09-01";"";"56 833";"33 977";"27 561 606";"2024-09-01 21:30:08"
"2024-09-06";"Instagram";"440 587";"90 537";"27 563 451";"2024-09-06 07:04:31"
"2024-09-10";"";"183 742";"13 992";"27 561 842";"2024-09-11 01:34:57"
"2024-09-02";"";"30 302";"4 032";"27 563 152";"2024-09-02 17:14:43"
"2024-09-02";"Facebook";"4 612 474";"202 829";"27 563 334";"2024-09-02 18:03:33"
"2024-09-02";"";"213 830";"28 259";"27 563 076";"2024-09-02 04:49:20"
"2024-09-09";"";"105 301";"110 862";"27 562 267";"2024-09-09 22:43:01"
"2024-09-06";"YouTube";"107 094";"4 515";"27 562 358";"2024-09-06 12:09:36"
"2024-09-10";"Telegram";"96 476 951";"7 044 550";"27 563 099";"2024-09-11 00:21:35"
"2024-09-10";"";"37 945";"6 334";"27 561 772";"2024-09-11 02:59:22"
"2024-09-08";"";"40 616";"6 873";"27 562 343";"2024-09-08 20:29:54"
"2024-09-01";"";"143 912";"23 286";"27 561 304";"2024-09-01 17:38:51"
"2024-09-03";"";"28 766";"3 041";"27 562 941";"2024-09-03 10:07:18"
"2024-09-10";"Facebook";"255 494";"114 869";"27 562 515";"2024-09-10 22:43:43"
"2024-09-03";"";"167 924";"9 745";"27 561 690";"2024-09-04 00:09:36"
"2024-09-08";"Facebook";"36 403";"3 917";"27 562 085";"2024-09-08 03:00:43"
"2024-09-08";"";"979 534";"35 725";"27 563 463";"2024-09-08 14:59:12"
"2024-09-10";"Instagram";"3 289 531";"896 142";"27 563 326";"2024-09-10 04:13:36"
"2024-09-01";"Facebook";"1 570 666";"42 259";"27 562 473";"2024-09-01 08:05:49"
"2024-09-03";"";"209 320";"78 775";"27 562 900";"2024-09-04 02:35:00"
"2024-09-08";"Instagram";"430 306";"28 461";"27 561 331";"2024-09-08 10:07:27"
"2024-09-09";"Telegram";"37 349";"2 960";"27 563 438";"2024-09-09 16:49:43"
"2024-09-04";"";"1 818 219";"85 968";"27 562 457";"2024-09-04 06:27:21"
"2024-09-05";"";"29 073";"6 431";"27 562 982";"2024-09-05 11:44:55"
"2024-09-06";"Telegram";"431 337";"66 668";"27 561 260";"2024-09-06 08:05:00"
"2024-09-05";"Facebook";"32 489";"2 039";"27 562 964";"2024-09-05 19:28:45"
"2024-09-02";"";"302 054";"96 665";"27 561 213";"2024-09-02 10:19:27"
"2024-09-03";"";"146 579";"8 418";"27 563 469";"2024-09-03 08:17:49"
"2024-09-08";"";"205 233";"20 317";"27 562 494";"2024-09-09 01:10:35"
"2024-09-08";"";"460 302";"14 742";"27 562 356";"2024-09-08 15:24:10"
"2024-09-07";"YouTube";"4 549 322";"261 264";"27 563 252";"2024-09-07 05:26:45"
"2024-09-08";"Telegram";"896 039";"139 126";"27 561 249";"2024-09-09 00:45:31"
"2024-09-04";"";"75 392";"8 973";"27 562 878";"2024-09-04 08:05:03"
"2024-09-09";"YouTube";"574 473";"88 938";"27 563 082";"2024-09-09 06:51:34"
"2024-09-08";"";"298 459";"32 468";"27 562 808";"2024-09-08 18:27:09"
"2024-09-10";"";"37 990";"24 595";"27 562 741";"2024-09-10 20:05:25"
"2024-09-10";"";"73 330";"53 874";"27 562 202";"2024-09-10 07:04:12"
"2024-09-02";"";"58 341";"11 846";"27 562 956";"2024-09-02 14:47:41"
"2024-09-01";"";"47 944";"4 766";"27 561 390";"2024-09-01 09:30:47"
"2024-09-08";"Instagram";"456 680";"103 573";"27 562 799";"2024-09-09 00:33:22"
"2024-09-03";"Telegram";"2 683 148";"294 920";"27 561 823";"2024-09-03 07:28:20"
"2024-09-03";"";"31 734";"6 156";"27 563 284";"2024-09-03 21:30:18"
"2024-09-08";"";"26 273";"11 535";"27 562 721";"2024-09-08 11:08:18"
"2024-09-10";"";"103 190";"47 922";"27 563 410";"2024-09-10 11:32:11"
"2024-09-07";"Instagram";"4 964 196";"277 688";"27 562 786";"2024-09-07 23:44:38"
"2024-09-09";"";"88 704";"11 476";"27 563 509";"2024-09-09 07:40:41"
"2024-09-03";"";"27 766";"2 841";"27 562 192";"2024-09-03 10:07:06"
"2024-09-06";"Facebook";"840 591";"60 469";"27 563 260";"2024-09-06 07:40:10"
"2024-09-09";"Instagram";"22 446 653";"499 256";"27 563 199";"2024-09-09 16:49:19"
"2024-09-02";"Instagram";"165 299";"38 498";"27 561 840";"2024-09-02 16:37:57"
"2024-09-03";"";"323 729";"21 686";"27 562 864";"2024-09-03 10:55:34"
"2024-09-04";"";"131 042 176";"8 103 250";"27 562 701";"2024-09-04 05:26:54"
"2024-09-10";"YouTube";"618 069";"42 269";"27 562 784";"2024-09-10 05:38:03"
"2024-09-10";"YouTube";"405 950";"58 561";"27 562 107";"2024-09-10 18:51:25"
"2024-09-07";"";"91 074";"4 443";"27 561 437";"2024-09-08 00:57:55"
"2024-09-04";"YouTube";"956 322";"386 080";"27 562 316";"2024-09-04 13:22:44"
"2024-09-02";"Facebook";"317 208";"116 615";"27 562 580";"2024-09-03 02:23:18"
"2024-09-04";"";"186 613";"11 467";"27 563 463";"2024-09-04 11:20:00"
"2024-09-07";"WhatsApp";"193 581";"293 888";"27 561 217";"2024-09-07 08:29:14"
"2024-09-09";"Facebook";"132 096";"43 343";"27 562 197";"2024-09-10 02:59:14"
"2024-09-03";"";"885 969";"172 585";"27 561 433";"2024-09-03 13:34:25"
"2024-09-07";"";"150 893";"29 190";"27 562 667";"2024-09-07 14:23:00"
"2024-09-08";"";"7 744 691";"410 783";"27 562 291";"2024-09-08 13:34:14"
"2024-09-03";"";"134 022";"12 779";"27 563 094";"2024-09-03 20:41:28"
"2024-09-09";"";"52 216";"10 155";"27 561 600";"2024-09-09 22:31:23"
"2024-09-09";"";"31 149";"33 630";"27 563 218";"2024-09-09 06:39:47"
"2024-09-02";"";"29 267";"2 877";"27 562 197";"2024-09-02 11:44:21"
"2024-09-07";"Instagram";"15 614 600";"554 688";"27 561 676";"2024-09-07 11:08:52"
"2024-09-08";"Instagram";"46 867 577";"940 184";"27 563 066";"2024-09-08 04:01:57"
"2024-09-08";"";"241 957";"49 021";"27 561 569";"2024-09-08 05:38:29"
"2024-09-06";"";"33 191";"6 688";"27 561 914";"2024-09-06 18:39:38"
"2024-09-03";"";"28 443";"3 722";"27 563 463";"2024-09-03 08:05:21"
"2024-09-10";"";"30 276";"15 262";"27 563 363";"2024-09-10 13:58:35"
"2024-09-01";"";"51 059";"55 682";"27 562 260";"2024-09-01 16:01:47"
"2024-09-07";"";"16 499 114";"692 888";"27 562 674";"2024-09-07 13:22:20"
"2024-09-03";"YouTube";"531 002";"9 760";"27 561 788";"2024-09-03 21:42:07"
"2024-09-06";"";"9 198 753";"359 913";"27 562 473";"2024-09-06 21:06:06"
"2024-09-05";"Facebook";"409 734";"17 304";"27 561 693";"2024-09-05 09:18:10"
"2024-09-01";"Likee";"14 687 751";"564 984";"27 561 250";"2024-09-01 18:15:07"
"2024-09-08";"";"403 060";"285 092";"27 562 666";"2024-09-08 03:12:41"
"2024-09-03";"";"795 873";"597 860";"27 561 647";"2024-09-03 08:53:17"
"2024-09-07";"";"1 224 773";"190 537";"27 561 562";"2024-09-07 09:30:53"
"2024-09-01";"";"106 015";"4 342";"27 562 508";"2024-09-01 08:17:23"
"2024-09-03";"";"60 860";"9 001";"27 563 462";"2024-09-04 00:21:38"
"2024-09-07";"";"31 066";"2 624";"27 561 295";"2024-09-07 21:30:36"
"2024-09-10";"";"36 910";"28 755";"27 561 818";"2024-09-10 04:25:56"
"2024-09-04";"";"111 559";"4 759";"27 563 171";"2024-09-04 17:38:23"
"2024-09-08";"";"26 308";"21 882";"27 562 541";"2024-09-09 01:10:01"
"2024-09-09";"";"172 434";"121 205";"27 562 158";"2024-09-10 02:59:56"
"2024-09-07";"";"2 312 363";"56 695";"27 562 149";"2024-09-07 21:18:50"
"2024-09-03";"";"213 995";"195 731";"27 563 509";"2024-09-04 01:46:17"
"2024-09-07";"Instagram";"7 774 925";"578 245";"27 562 894";"2024-09-07 21:30:11"
"2024-09-09";"";"457 453";"242 218";"27 562 242";"2024-09-10 02:11:36"
"2024-09-05";"";"17 618 024";"2 240 737";"27 563 372";"2024-09-05 12:21:47"
"2024-09-09";"";"444 684";"60 897";"27 562 892";"2024-09-10 00:21:15"
"2024-09-09";"";"158 919";"11 068";"27 563 369";"2024-09-09 22:07:19"
"2024-09-04";"";"29 356";"30 139";"27 562 266";"2024-09-05 02:35:54"
"2024-09-07";"Telegram";"33 957 609";"2 097 486";"27 561 369";"2024-09-07 18:15:10"
"2024-09-04";"";"31 582";"31 464";"27 561 286";"2024-09-05 01:46:30"
"2024-09-07";"";"5 956 788";"427 954";"27 563 403";"2024-09-08 01:22:07"
"2024-09-08";"Instagram";"16 411 667";"10 886 124";"27 561 758";"2024-09-09 02:11:37"
"2024-09-08";"";"235 233";"135 549";"27 561 484";"2024-09-08 09:42:47"
"2024-09-10";"Yandex";"1 920 856";"106 414";"27 562 105";"2024-09-10 17:50:52"
"2024-09-01";"";"45 663";"2 331";"27 563 148";"2024-09-01 21:54:59"
"2024-09-04";"";"87 720";"6 063";"27 561 877";"2024-09-04 18:03:37"
"2024-09-10";"YouTube";"4 481 456";"244 891";"27 562 714";"2024-09-10 06:27:43"
"2024-09-05";"Telegram";"40 888 686";"12 715 329";"27 561 695";"2024-09-05 18:15:00"
"2024-09-03";"";"56 288";"18 849";"27 561 203";"2024-09-03 20:17:31"
"2024-09-03";"";"168 537";"51 645";"27 563 024";"2024-09-03 09:42:41"
"2024-09-05";"";"11 618";"26 100";"27 563 234";"2024-09-05 17:38:17"
"2024-09-10";"";"68 764";"6 017";"27 562 317";"2024-09-11 00:21:27"
"2024-09-08";"";"30 930";"3 147";"27 561 243";"2024-09-09 00:57:40"
"2024-09-10";"";"216 066";"11 143";"27 561 520";"2024-09-10 04:49:52"
"2024-09-07";"";"497 965";"65 638";"27 562 291";"2024-09-07 14:23:56"
"2024-09-07";"";"0";"59 208";"27 563 020";"2024-09-07 03:48:52"
"2024-09-04";"";"428 618";"32 017";"27 562 495";"2024-09-04 06:15:46"
"2024-09-09";"";"32 586";"6 829";"27 562 572";"2024-09-09 10:55:34"
"2024-09-08";"";"25 974";"1 877";"27 561 884";"2024-09-08 14:11:38"
"2024-09-01";"";"3 182 015";"111 292";"27 562 646";"2024-09-01 06:27:53"
"2024-09-05";"";"57 179";"54 225";"27 562 298";"2024-09-05 23:44:34"
"2024-09-09";"Facebook";"120 707 814";"4 174 016";"27 562 025";"2024-09-09 17:50:38"
"2024-09-01";"";"367 873";"12 385";"27 563 076";"2024-09-01 05:38:22"
"2024-09-07";"Facebook";"31 605 009";"743 497";"27 561 474";"2024-09-07 13:46:25"
"2024-09-03";"";"200 302";"11 365";"27 562 557";"2024-09-03 14:47:16"
"2024-09-06";"Odnoklassniki";"94 260";"11 826";"27 563 017";"2024-09-06 09:06:40"
"2024-09-03";"";"116 973";"12 840";"27 561 723";"2024-09-04 00:33:38"
"2024-09-02";"Facebook";"39 908";"5 412";"27 563 431";"2024-09-02 11:20:33"
"2024-09-07";"";"332 768";"29 928";"27 561 586";"2024-09-07 11:56:26"
"2024-09-07";"Telegram";"208 565";"17 445";"27 562 555";"2024-09-07 05:50:40"
"2024-09-08";"";"739 601";"48 971";"27 561 801";"2024-09-08 07:52:25"
"2024-09-02";"";"170 299";"52 678";"27 562 721";"2024-09-02 20:17:09"
"2024-09-02";"";"20 736";"230 633";"27 562 124";"2024-09-02 20:29:53"
"2024-09-07";"YouTube";"9 011 645";"415 005";"27 561 177";"2024-09-07 05:50:06"
"2024-09-03";"";"130 809";"250 497";"27 562 365";"2024-09-03 21:06:33"
"2024-09-10";"";"328 724";"136 775";"27 561 176";"2024-09-10 22:19:34"
"2024-09-07";"";"94 538";"19 008";"27 561 426";"2024-09-07 05:26:55"
"2024-09-06";"Unknown";"27 288";"9 418";"27 562 499";"2024-09-06 13:46:07"
"2024-09-01";"YouTube";"3 473 547";"753 613";"27 561 217";"2024-09-01 19:40:31"
"2024-09-06";"";"53 574";"13 532";"27 561 491";"2024-09-06 05:26:11"
"2024-09-09";"YouTube";"393 565 699";"22 283 110";"27 561 873";"2024-09-09 20:29:08"
"2024-09-10";"";"190 263";"864 154";"27 561 259";"2024-09-10 04:37:44"
"2024-09-06";"";"412 193";"127 533";"27 563 030";"2024-09-06 17:26:57"
"2024-09-10";"";"46 149";"97 939";"27 562 816";"2024-09-10 19:28:00"
"2024-09-05";"";"80 585";"8 733";"27 563 147";"2024-09-05 17:38:53"
"2024-09-05";"";"7 845";"77 292";"27 563 379";"2024-09-05 12:57:11"
"2024-09-03";"Telegram";"25 378 159";"1 591 197";"27 561 547";"2024-09-03 07:16:53"
"2024-09-06";"";"1 293 502";"45 790";"27 561 884";"2024-09-06 23:32:12"
"2024-09-10";"";"91 294";"52 092";"27 561 465";"2024-09-10 13:46:53"
"2024-09-02";"";"16 994 384";"899 835";"27 561 718";"2024-09-02 14:59:22"
"2024-09-08";"Tas-ix";"269 736";"9 181";"27 561 458";"2024-09-08 16:37:29"
"2024-09-06";"";"201 185";"8 935";"27 562 903";"2024-09-06 03:00:01"
"2024-09-06";"";"99 002";"6 503";"27 561 729";"2024-09-06 04:25:35"
"2024-09-04";"YouTube";"1 073 923";"87 676";"27 562 022";"2024-09-05 02:59:35"
"2024-09-01";"";"40 758";"141 565";"27 561 861";"2024-09-01 22:43:23"
"2024-09-10";"";"10 107 879";"205 094";"27 563 111";"2024-09-10 08:53:49"
"2024-09-04";"";"39 709";"3 741";"27 561 596";"2024-09-04 13:10:14"
"2024-09-06";"";"691 120";"41 542";"27 561 684";"2024-09-06 17:02:06"
"2024-09-07";"";"27 292";"6 338";"27 562 674";"2024-09-07 09:30:36"
"2024-09-07";"";"268 084";"13 227";"27 562 919";"2024-09-07 10:31:53"
"2024-09-01";"";"56 720";"262 368";"27 562 090";"2024-09-01 11:08:10"
"2024-09-08";"";"420 982";"162 368";"27 561 350";"2024-09-08 09:30:13"
"2024-09-04";"";"84 986";"93 650";"27 562 571";"2024-09-04 07:16:46"
"2024-09-06";"";"206 209";"24 892";"27 562 808";"2024-09-06 08:41:31"
"2024-09-04";"";"42 621";"7 354";"27 563 345";"2024-09-04 10:55:19"
"2024-09-03";"";"47 350";"142 839";"27 561 674";"2024-09-03 16:49:41"
"2024-09-03";"";"35 746";"2 379";"27 563 514";"2024-09-03 16:25:21"
"2024-09-10";"Apple Music";"56 500";"16 470";"27 561 562";"2024-09-10 13:10:09"
"2024-09-04";"Instagram";"148 299 117";"3 732 673";"27 563 308";"2024-09-05 01:10:37"
"2024-09-04";"Telegram";"2 259 908";"162 712";"27 562 379";"2024-09-04 15:00:46"
"2024-09-08";"";"400 205";"254 338";"27 562 535";"2024-09-08 18:03:05"
"2024-09-08";"";"12 944";"47 974";"27 562 804";"2024-09-08 09:18:09"
"2024-09-02";"";"13 658";"29 834";"27 563 328";"2024-09-02 07:52:14"
"2024-09-08";"Facebook";"58 293";"64 472";"27 561 556";"2024-09-08 08:05:27"
"2024-09-04";"";"31 038";"8 278";"27 562 762";"2024-09-04 07:16:33"
"2024-09-06";"Instagram";"16 869 120";"523 714";"27 562 803";"2024-09-06 13:34:48"
"2024-09-08";"";"20 104 791";"698 321";"27 562 447";"2024-09-08 11:32:11"
"2024-09-06";"";"47 724";"118 985";"27 561 640";"2024-09-06 08:29:47"
"2024-09-01";"Instagram";"400 356";"112 584";"27 563 024";"2024-09-01 15:00:29"
"2024-09-09";"";"61 328";"8 115";"27 561 778";"2024-09-09 14:23:34"
"2024-09-03";"";"55 890";"6 316";"27 563 047";"2024-09-04 01:46:22"
"2024-09-10";"Facebook";"115 228";"35 967";"27 561 877";"2024-09-10 22:55:11"
"2024-09-09";"";"54 209";"76 601";"27 563 152";"2024-09-09 13:10:48"
"2024-09-08";"";"803 280";"55 741";"27 563 311";"2024-09-08 16:01:10"
"2024-09-04";"";"39 738";"2 821";"27 561 275";"2024-09-04 10:19:05"
"2024-09-09";"";"1 488 142";"328 035";"27 561 794";"2024-09-09 04:37:41"
"2024-09-01";"";"30 541";"13 558";"27 562 266";"2024-09-01 14:59:20"
"2024-09-06";"";"30 933";"10 562";"27 562 560";"2024-09-07 02:35:54"
"2024-09-04";"YouTube";"405 050 921";"16 161 857";"27 562 859";"2024-09-04 13:58:07"
"2024-09-07";"";"2 497 053";"219 690";"27 563 404";"2024-09-07 18:03:47"
"2024-09-05";"";"71 624 783";"3 540 586";"27 563 051";"2024-09-05 12:09:33"
"2024-09-09";"YouTube";"275 333 003";"13 778 534";"27 562 839";"2024-09-09 04:37:15"
"2024-09-07";"";"38 535 026";"1 970 071";"27 561 694";"2024-09-07 12:57:50"
"2024-09-06";"Telegram";"22 656 242";"2 655 983";"27 562 656";"2024-09-06 04:25:42"
"2024-09-08";"";"664 599";"33 284";"27 562 303";"2024-09-08 14:23:18"
"2024-09-01";"";"443 081";"38 363";"27 561 777";"2024-09-01 07:04:14"
"2024-09-03";"Facebook";"168 639";"13 677";"27 561 815";"2024-09-03 15:36:23"
"2024-09-10";"";"1 373 951";"456 719";"27 562 289";"2024-09-11 01:10:06"
"2024-09-06";"";"607 617";"317 836";"27 561 339";"2024-09-06 16:13:14"
"2024-09-09";"Telegram";"29 348 113";"2 990 717";"27 562 559";"2024-09-09 09:30:48"
"2024-09-04";"YouTube";"358 632";"1 783 293";"27 561 249";"2024-09-05 00:45:59"
"2024-09-10";"";"324 748";"56 325";"27 562 971";"2024-09-10 04:13:30"
"2024-09-03";"";"68 597";"30 000";"27 561 722";"2024-09-03 08:17:25"
"2024-09-08";"Yandex";"3 172 525";"144 648";"27 563 143";"2024-09-08 16:13:51"
"2024-09-04";"";"65 315";"10 474";"27 562 489";"2024-09-05 00:09:37"
"2024-09-06";"";"145 600";"27 370";"27 562 674";"2024-09-06 05:50:49"
"2024-09-04";"";"172 736";"11 117";"27 562 156";"2024-09-04 16:13:38"
"2024-09-03";"";"443 358 359";"60 856 598";"27 562 091";"2024-09-03 16:37:49"
"2024-09-08";"";"395 242";"44 664";"27 562 894";"2024-09-08 13:46:19"
"2024-09-07";"PUBG";"8 928 542";"249 287";"27 563 154";"2024-09-07 16:49:38"
"2024-09-10";"";"45 766";"13 788";"27 562 680";"2024-09-10 13:34:55"
"2024-09-05";"";"173 787";"29 359";"27 563 427";"2024-09-05 13:46:51"
"2024-09-08";"";"140 632";"80 638";"27 563 024";"2024-09-08 17:50:52"
"2024-09-06";"";"43 223";"13 090";"27 562 447";"2024-09-06 12:33:23"
"2024-09-10";"Yandex";"227 242";"125 582";"27 563 331";"2024-09-10 03:24:48"
"2024-09-04";"";"41 607";"4 888";"27 562 371";"2024-09-04 10:55:44"
"2024-09-08";"";"48 846";"63 454";"27 561 457";"2024-09-08 07:40:43"
"2024-09-01";"";"54 662";"78 975";"27 562 921";"2024-09-01 08:17:16"
"2024-09-04";"YouTube";"1 693 669";"180 302";"27 563 268";"2024-09-04 06:51:19"
"2024-09-09";"YouTube";"553 102";"1 334 081";"27 562 685";"2024-09-09 18:03:31"
"2024-09-09";"";"93 168";"50 008";"27 562 608";"2024-09-09 19:16:51"
"2024-09-03";"";"1 079 985";"81 459";"27 563 093";"2024-09-03 15:24:34"
"2024-09-10";"";"51 251";"2 869";"27 561 428";"2024-09-10 03:00:01"
"2024-09-09";"";"30 277";"2 411";"27 561 247";"2024-09-09 03:48:26"
"2024-09-10";"Instagram";"50 664 030";"2 177 802";"27 563 386";"2024-09-10 03:12:58"
"2024-09-06";"";"3 733 714";"401 847";"27 563 273";"2024-09-06 04:01:15"
"2024-09-09";"";"74 784";"13 370";"27 562 436";"2024-09-09 05:14:41"
"2024-09-02";"";"122 069";"181 688";"27 561 865";"2024-09-02 16:37:37"
"2024-09-03";"YouTube";"764 428";"2 959 309";"27 561 368";"2024-09-03 20:17:37"
"2024-09-06";"";"404 080";"18 239";"27 563 239";"2024-09-06 18:39:23"
"2024-09-08";"PUBG";"23 291 020";"751 252";"27 562 047";"2024-09-08 11:32:02"
"2024-09-10";"";"605 370";"108 467";"27 562 051";"2024-09-10 08:17:58"
"2024-09-07";"";"311 075";"61 847";"27 562 416";"2024-09-07 13:22:09"
"2024-09-04";"";"938 555";"58 814";"27 563 511";"2024-09-04 04:49:13"
"2024-09-01";"Instagram";"44 693 895";"1 714 849";"27 561 536";"2024-09-01 19:04:47"
"2024-09-02";"";"165 057";"588 253";"27 563 072";"2024-09-03 01:10:33"
"2024-09-08";"";"1 546 452";"288 246";"27 562 593";"2024-09-08 21:18:46"
"2024-09-08";"Telegram";"28 012 780";"4 385 366";"27 563 481";"2024-09-08 21:06:41"
"2024-09-10";"";"33 257";"8 355";"27 562 964";"2024-09-10 23:32:56"
"2024-09-07";"YouTube";"3 432 804";"608 899";"27 563 310";"2024-09-07 10:43:37"
"2024-09-03";"Instagram";"8 379 842";"444 891";"27 561 805";"2024-09-03 08:53:47"
"2024-09-09";"YouTube";"1 115 897";"13 326 108";"27 562 278";"2024-09-09 08:05:00"
"2024-09-07";"";"76 035";"5 541";"27 561 710";"2024-09-07 03:36:35"
"2024-09-08";"";"781 827";"193 793";"27 561 339";"2024-09-08 23:20:36"
"2024-09-01";"Telegram";"4 059 155";"374 327";"27 562 157";"2024-09-01 13:22:54"
"2024-09-08";"";"2 700 659";"77 658";"27 561 317";"2024-09-08 08:17:03"
"2024-09-05";"";"649 968";"28 744";"27 562 089";"2024-09-05 19:52:07"
"2024-09-07";"";"1 249 683";"63 171";"27 561 466";"2024-09-07 09:54:48"
"2024-09-06";"";"1 037 206";"45 824";"27 562 889";"2024-09-06 09:30:30"
"2024-09-04";"YouTube";"2 485 237";"861 470";"27 562 893";"2024-09-04 06:27:47"
"2024-09-04";"";"123 464";"143 668";"27 562 525";"2024-09-04 15:12:31"
"2024-09-06";"";"1 361 266";"267 134";"27 561 410";"2024-09-06 03:00:24"
"2024-09-04";"";"29 137";"12 872";"27 561 906";"2024-09-04 12:09:00"
"2024-09-07";"YouTube";"334 506 965";"18 895 448";"27 562 654";"2024-09-07 16:13:24"
"2024-09-07";"";"1 933 216";"264 661";"27 561 199";"2024-09-07 08:17:18"
"2024-09-03";"Instagram";"695 191 697";"17 811 303";"27 562 993";"2024-09-03 11:20:50"
"2024-09-06";"";"113 553";"5 106";"27 561 252";"2024-09-06 06:39:46"
"2024-09-06";"";"116 386";"35 194";"27 563 096";"2024-09-06 23:20:15"
"2024-09-05";"Facebook";"1 239 972";"32 575";"27 563 234";"2024-09-05 22:07:05"
"2024-09-09";"";"1 860";"37 756";"27 561 373";"2024-09-09 19:16:36"
"2024-09-03";"";"387 799";"35 490";"27 561 912";"2024-09-03 04:49:32"
"2024-09-04";"";"42 313";"3 548";"27 562 207";"2024-09-05 00:21:38"
"2024-09-02";"";"161 972";"34 928";"27 561 533";"2024-09-02 07:40:49"
"2024-09-08";"";"39 225";"6 933";"27 563 311";"2024-09-08 09:18:41"
"2024-09-10";"Facebook";"116 524";"55 373";"27 562 938";"2024-09-10 12:57:38"
"2024-09-01";"Odnoklassniki";"34 673";"13 155";"27 561 772";"2024-09-01 23:08:58"
"2024-09-02";"Telegram";"215 394";"20 286";"27 562 883";"2024-09-02 03:00:16"
"2024-09-09";"";"28 651";"8 081";"27 561 866";"2024-09-09 15:12:07"
"2024-09-09";"";"77 166";"6 270";"27 562 698";"2024-09-09 15:36:54"
"2024-09-10";"";"23 870";"29 846";"27 562 780";"2024-09-10 07:16:57"
"2024-09-02";"";"278 894";"589 449";"27 563 258";"2024-09-03 02:23:43"
"2024-09-09";"Facebook";"195 895";"13 631";"27 562 766";"2024-09-09 09:06:55"
"2024-09-08";"";"3 918 534";"368 011";"27 563 136";"2024-09-08 04:25:25"
"2024-09-01";"Instagram";"34 601";"3 065";"27 563 156";"2024-09-01 13:46:16"
"2024-09-03";"";"148 858";"26 281";"27 562 898";"2024-09-03 14:59:11"
"2024-09-06";"";"104 744";"16 691";"27 561 567";"2024-09-06 22:55:14"
"2024-09-06";"YouTube";"476 842";"89 193";"27 561 971";"2024-09-06 22:55:20"
"2024-09-08";"";"51 878 800";"4 030 020";"27 563 439";"2024-09-08 07:40:08"
"2024-09-08";"YouTube";"44 674 161";"1 954 927";"27 562 934";"2024-09-08 19:28:30"
"2024-09-01";"Instagram";"1 282 584";"42 050";"27 562 360";"2024-09-01 05:14:46"
"2024-09-05";"";"437 597";"269 674";"27 562 431";"2024-09-05 18:51:52"
"2024-09-01";"";"42 571 575";"3 025 531";"27 561 583";"2024-09-01 13:46:31"
"2024-09-04";"";"143 885";"53 516";"27 561 967";"2024-09-04 04:01:54"
"2024-09-07";"Telegram";"41 745 142";"2 347 170";"27 562 772";"2024-09-07 19:52:43"
"2024-09-10";"Unknown";"796 186";"45 727";"27 561 176";"2024-09-10 20:53:19"
"2024-09-09";"";"1 486 614";"90 303";"27 561 193";"2024-09-10 00:57:49"
"2024-09-10";"";"5 152 043";"393 153";"27 561 720";"2024-09-10 23:56:11"
"2024-09-01";"";"26 468";"1 509";"27 562 197";"2024-09-01 20:17:39"
"2024-09-03";"YouTube";"387 606";"2 437 107";"27 562 656";"2024-09-03 12:33:47"
"2024-09-04";"YouTube";"124 365";"24 194";"27 562 441";"2024-09-05 02:59:45"
"2024-09-09";"";"131 292";"5 949";"27 561 302";"2024-09-09 12:21:52"
"2024-09-02";"Telegram";"267 058";"26 872";"27 562 388";"2024-09-02 05:50:59"
"2024-09-04";"";"1 289 695";"36 629";"27 562 663";"2024-09-04 15:24:03"
"2024-09-01";"YouTube";"81 431";"5 302";"27 561 778";"2024-09-02 00:33:27"
"2024-09-10";"";"841 633";"40 464";"27 562 812";"2024-09-10 04:37:00"
"2024-09-01";"";"79 329";"7 387";"27 562 242";"2024-09-01 07:16:27"
"2024-09-08";"WhatsApp";"3 466 236";"2 850 903";"27 562 477";"2024-09-08 06:39:51"
"2024-09-05";"";"802 997";"143 583";"27 561 365";"2024-09-05 23:20:45"
"2024-09-07";"Tas-ix";"309 123";"28 148";"27 563 234";"2024-09-08 02:11:12"
"2024-09-09";"";"3 973 981";"158 188";"27 562 741";"2024-09-09 20:29:41"
"2024-09-09";"Yandex";"180 958";"9 183";"27 562 550";"2024-09-09 16:01:41"
"2024-09-04";"";"868 940";"36 532";"27 562 697";"2024-09-04 03:12:54"
"2024-09-09";"";"3 793 602";"4 813 983";"27 561 597";"2024-09-09 12:45:35"
"2024-09-03";"";"308 238";"50 945";"27 562 403";"2024-09-04 02:23:51"
"2024-09-10";"";"329 142";"13 236";"27 563 501";"2024-09-10 21:18:03"
"2024-09-05";"";"18 954";"120 824";"27 562 316";"2024-09-05 05:38:17"
"2024-09-04";"";"445 408";"69 778";"27 561 662";"2024-09-04 05:26:51"
"2024-09-04";"Facebook";"411 413";"41 684";"27 562 328";"2024-09-04 04:37:30"
"2024-09-09";"";"140 397";"13 457";"27 563 396";"2024-09-09 17:14:38"
"2024-09-05";"";"121 328";"6 974";"27 561 936";"2024-09-06 01:22:23"
"2024-09-05";"";"0";"27 521";"27 562 313";"2024-09-05 20:41:35"
"2024-09-04";"Unknown";"71 020";"14 280";"27 563 338";"2024-09-04 07:40:13"
"2024-09-02";"YouTube";"1 583 632";"150 515";"27 562 965";"2024-09-02 06:27:01"
"2024-09-07";"Instagram";"766 647";"88 037";"27 561 974";"2024-09-07 23:44:26"
"2024-09-09";"";"773 845";"30 698";"27 562 677";"2024-09-09 18:03:05"
"2024-09-03";"YouTube";"1 889 646";"91 451";"27 561 586";"2024-09-03 20:17:10"
"2024-09-09";"";"25 933";"2 432";"27 562 263";"2024-09-10 00:45:43"
"2024-09-02";"";"50 618";"5 563";"27 562 401";"2024-09-03 00:21:21"
"2024-09-01";"";"13 230 276";"364 324";"27 563 497";"2024-09-01 19:40:46"
"2024-09-04";"Facebook";"31 160";"26 193";"27 561 176";"2024-09-04 20:53:33"
"2024-09-09";"Facebook";"71 166";"3 464";"27 561 474";"2024-09-09 17:50:26"
"2024-09-04";"TikTok";"323 687";"3 706 235";"27 563 225";"2024-09-04 13:22:39"
"2024-09-04";"Yandex";"38 364";"11 042";"27 563 180";"2024-09-04 17:26:14"
"2024-09-07";"";"30 045";"2 833";"27 563 289";"2024-09-08 01:58:28"
"2024-09-05";"";"27 535 616";"1 562 720";"27 563 238";"2024-09-05 19:16:43"
"2024-09-07";"";"79 166";"2 447";"27 562 505";"2024-09-07 16:13:36"
"2024-09-05";"";"76 268";"3 401";"27 562 530";"2024-09-05 16:49:16"
"2024-09-09";"";"25 828";"22 415";"27 562 699";"2024-09-09 06:03:02"
"2024-09-03";"Unknown";"129 099";"26 220";"27 563 231";"2024-09-03 18:39:53"
"2024-09-04";"Likee";"79 202 364";"3 136 487";"27 561 250";"2024-09-04 14:11:08"
"2024-09-06";"";"203 138";"29 940";"27 561 997";"2024-09-06 17:38:50"
"2024-09-03";"";"586 717";"178 080";"27 563 291";"2024-09-03 16:37:27"
"2024-09-01";"Unknown";"161 573 156";"187 759 268";"27 562 784";"2024-09-01 19:04:04"
"2024-09-01";"";"1 227 682";"34 415";"27 561 517";"2024-09-01 12:57:20"
"2024-09-09";"";"108 234";"19 863";"27 562 466";"2024-09-09 12:57:20"
"2024-09-03";"";"3 435 225";"587 589";"27 563 234";"2024-09-03 09:54:28"
"2024-09-10";"";"76 110";"130 386";"27 561 815";"2024-09-10 03:36:24"
"2024-09-08";"";"32 426";"4 605";"27 562 300";"2024-09-09 02:11:10"
"2024-09-08";"Yandex";"378 455";"55 899";"27 562 915";"2024-09-08 05:14:23"
"2024-09-10";"";"24 553";"42 818";"27 561 177";"2024-09-10 06:51:13"
"2024-09-01";"";"1 148 395";"45 768";"27 562 089";"2024-09-01 22:43:01"
"2024-09-05";"";"32 551";"9 828";"27 563 273";"2024-09-05 22:19:03"
"2024-09-01";"";"123 166";"100 838";"27 562 815";"2024-09-01 15:24:20"
"2024-09-10";"WhatsApp";"57 135";"23 647";"27 563 392";"2024-09-11 01:22:27"
"2024-09-05";"YouTube";"79 478";"1 656";"27 561 559";"2024-09-05 17:14:31"
"2024-09-10";"Instagram";"76 838 071";"1 207 507";"27 562 243";"2024-09-10 05:38:35"
"2024-09-01";"";"571 764";"202 477";"27 562 192";"2024-09-01 04:01:02"
"2024-09-07";"TikTok";"2 083 709";"19 162 275";"27 561 737";"2024-09-07 11:44:59"
"2024-09-06";"Facebook";"9 272 287";"727 295";"27 563 403";"2024-09-06 09:42:35"
"2024-09-03";"YouTube";"34 491 545";"1 977 327";"27 561 686";"2024-09-03 11:32:08"
"2024-09-09";"";"44 625";"11 772";"27 562 476";"2024-09-10 00:57:23"
"2024-09-07";"Facebook";"848 653";"130 601";"27 562 743";"2024-09-07 09:54:12"
"2024-09-05";"YouTube";"1 055 608";"46 501";"27 563 119";"2024-09-05 08:29:41"
"2024-09-08";"";"253 960";"55 238";"27 562 594";"2024-09-08 09:18:31"
"2024-09-06";"";"10 689 505";"2 308 938";"27 562 944";"2024-09-06 22:43:24"
"2024-09-03";"";"122 223";"6 304";"27 561 964";"2024-09-03 10:07:25"
"2024-09-10";"";"52 844";"41 179";"27 562 628";"2024-09-10 18:03:40"
"2024-09-04";"";"170 339";"9 779";"27 562 048";"2024-09-05 01:58:01"
"2024-09-05";"";"40 079 543";"1 259 250";"27 563 022";"2024-09-05 20:53:47"
"2024-09-04";"VKontakte";"132 362";"17 859";"27 563 177";"2024-09-04 08:41:02"
"2024-09-05";"";"476 047";"32 488";"27 561 862";"2024-09-06 02:35:45"
"2024-09-10";"";"40 957";"5 399";"27 561 836";"2024-09-10 15:36:43"
"2024-09-03";"Instagram";"2 049 308";"102 745";"27 561 295";"2024-09-04 00:33:40"
"2024-09-05";"YouTube";"1 011 403";"222 045";"27 562 266";"2024-09-05 19:28:34"
"2024-09-02";"YouTube";"121 703";"2 011 095";"27 562 729";"2024-09-02 17:38:27"
"2024-09-09";"";"46 430";"2 568";"27 562 622";"2024-09-09 17:38:09"
"2024-09-02";"YouTube";"2 322 211";"6 551 677";"27 562 330";"2024-09-02 11:08:58"
"2024-09-02";"";"780 628";"28 847";"27 561 262";"2024-09-02 06:15:54"
"2024-09-08";"Apple Music";"81 117";"8 102";"27 562 264";"2024-09-08 14:59:52"
"2024-09-01";"";"65 309";"5 508";"27 562 775";"2024-09-01 20:17:48"
"2024-09-08";"";"370 411";"298 607";"27 562 480";"2024-09-08 21:18:30"
"2024-09-09";"Facebook";"144 820";"37 425";"27 561 378";"2024-09-09 16:25:22"
"2024-09-08";"";"27 739";"4 384";"27 561 699";"2024-09-08 14:23:21"
"2024-09-05";"YouTube";"4 939 808";"1 027 789";"27 561 227";"2024-09-06 00:57:35"
"2024-09-10";"";"320 127";"32 062";"27 562 496";"2024-09-10 16:49:41"
"2024-09-05";"";"27 356";"7 068";"27 562 778";"2024-09-05 11:44:44"
"2024-09-06";"";"680 085";"93 777";"27 562 002";"2024-09-06 09:42:58"
"2024-09-10";"WhatsApp";"403 054";"362 130";"27 562 846";"2024-09-10 19:04:31"
"2024-09-08";"YouTube";"1 765 844";"226 502";"27 561 544";"2024-09-08 13:46:03"
"2024-09-05";"";"48 013";"4 312";"27 563 075";"2024-09-05 08:05:43"
"2024-09-08";"";"99 261";"7 343";"27 561 622";"2024-09-08 23:44:46"
"2024-09-04";"Telegram";"103 962 110";"16 285 648";"27 563 464";"2024-09-04 09:18:17"
"2024-09-09";"Unknown";"31 821";"15 779";"27 562 934";"2024-09-09 11:20:56"
"2024-09-07";"Tas-ix";"2 833 421";"98 549";"27 563 111";"2024-09-07 13:10:39"
"2024-09-07";"";"3 196 739";"1 394 270";"27 562 595";"2024-09-07 04:49:10"
"2024-09-08";"Facebook";"35 586";"2 221";"27 562 743";"2024-09-08 10:07:18"
"2024-09-10";"";"93 518";"3 351";"27 563 336";"2024-09-10 08:29:08"
"2024-09-02";"";"82 494";"516 319";"27 561 534";"2024-09-02 16:13:48"
"2024-09-03";"";"966 319";"655 619";"27 562 100";"2024-09-03 21:18:19"
"2024-09-06";"Instagram";"1 960 763";"292 266";"27 562 779";"2024-09-06 08:29:30"
"2024-09-04";"";"38 835";"2 239";"27 562 941";"2024-09-04 13:34:50"
"2024-09-03";"";"338 384";"16 100 599";"27 562 232";"2024-09-03 18:03:49"
"2024-09-09";"Telegram";"114 725 251";"7 207 541";"27 562 066";"2024-09-09 03:12:07"
"2024-09-03";"";"1 164 815";"75 906";"27 561 775";"2024-09-03 20:41:47"
"2024-09-10";"";"61 254";"4 570";"27 561 804";"2024-09-10 19:04:58"
"2024-09-10";"";"57 310";"2 457";"27 561 763";"2024-09-10 10:07:57"
"2024-09-01";"Instagram";"4 908 787";"239 950";"27 562 787";"2024-09-01 20:17:07"
"2024-09-06";"";"656 101";"2 335 210";"27 562 473";"2024-09-07 02:11:33"
"2024-09-06";"Yandex";"233 969";"27 262";"27 562 989";"2024-09-06 18:51:32"
"2024-09-07";"";"26 111";"1 962";"27 561 686";"2024-09-07 20:53:40"
"2024-09-07";"Instagram";"328 129";"44 863";"27 563 254";"2024-09-07 11:32:09"
"2024-09-09";"";"50 827";"137 381";"27 562 453";"2024-09-09 03:48:22"
"2024-09-09";"";"1 939 627";"135 110";"27 561 767";"2024-09-09 12:57:47"
"2024-09-07";"";"231 867";"494 536";"27 563 446";"2024-09-07 22:43:04"
"2024-09-10";"";"1 339 463";"71 292";"27 561 232";"2024-09-10 14:35:07"
"2024-09-02";"";"8 035 457";"165 146";"27 563 504";"2024-09-02 22:43:46"
"2024-09-01";"";"28 732";"31 932";"27 563 213";"2024-09-01 19:04:06"
"2024-09-07";"";"37 648";"5 190";"27 561 692";"2024-09-08 01:58:08"
"2024-09-02";"";"264 990";"102 150";"27 562 826";"2024-09-02 15:00:11"
"2024-09-05";"";"4 153";"44 969";"27 563 244";"2024-09-05 21:42:11"
"2024-09-06";"";"6 967";"38 022";"27 562 442";"2024-09-06 16:49:29"
"2024-09-07";"";"43 282";"4 637";"27 562 125";"2024-09-07 18:39:59"
"2024-09-02";"";"42 774";"6 276";"27 563 193";"2024-09-02 21:30:10"
"2024-09-04";"";"182 130";"8 129";"27 561 254";"2024-09-04 14:59:42"
"2024-09-10";"";"185 484";"28 376";"27 561 863";"2024-09-10 23:20:38"
"2024-09-03";"";"6 159 768";"752 886";"27 563 009";"2024-09-03 09:54:06"
"2024-09-06";"";"185 640";"9 755";"27 561 914";"2024-09-06 14:35:33"
"2024-09-10";"";"46 125";"134 339";"27 562 572";"2024-09-10 11:44:04"
"2024-09-06";"";"354 546";"19 302";"27 562 708";"2024-09-06 03:48:18"
"2024-09-05";"";"255 136";"119 925";"27 563 443";"2024-09-05 16:01:30"
"2024-09-02";"Facebook";"8 326 836";"202 585";"27 563 219";"2024-09-02 16:01:34"
"2024-09-05";"Instagram";"3 574 448";"105 346";"27 561 983";"2024-09-05 21:54:17"
"2024-09-07";"";"50 137";"3 881";"27 561 695";"2024-09-07 21:18:00"
"2024-09-07";"";"33 998";"10 785";"27 563 061";"2024-09-08 02:23:27"
"2024-09-07";"";"58 310";"2 983";"27 561 924";"2024-09-08 00:33:12"
"2024-09-05";"";"257 144";"92 767";"27 563 453";"2024-09-05 18:51:19"
"2024-09-05";"WhatsApp";"1 297 923";"101 813";"27 561 984";"2024-09-05 11:56:17"
"2024-09-10";"Instagram";"10 084 277";"269 229";"27 563 446";"2024-09-10 05:26:35"
"2024-09-08";"";"206 019";"8 671";"27 561 692";"2024-09-08 13:10:46"
"2024-09-08";"";"544 063 343";"5 611 514";"27 562 255";"2024-09-08 04:37:28"
"2024-09-01";"";"144 471";"599 407";"27 562 401";"2024-09-02 01:58:58"
"2024-09-09";"YouTube";"247 446";"40 679";"27 563 127";"2024-09-09 08:05:01"
"2024-09-10";"";"38 033";"2 822";"27 562 527";"2024-09-10 10:55:48"
"2024-09-07";"Yandex";"309 402";"19 373";"27 562 900";"2024-09-08 02:35:47"
"2024-09-06";"";"1 704 548";"2 520 589";"27 561 195";"2024-09-06 12:57:11"
"2024-09-10";"";"87 349";"12 984";"27 562 567";"2024-09-10 16:13:43"
"2024-09-02";"Telegram";"61 736 410";"8 204 630";"27 561 533";"2024-09-02 03:00:50"
"2024-09-01";"YouTube";"5 080 240";"1 787 316";"27 561 956";"2024-09-01 07:16:35"
"2024-09-09";"";"121 654";"10 408";"27 563 029";"2024-09-09 17:02:00"
"2024-09-02";"";"45 205";"129 316";"27 561 366";"2024-09-02 20:41:05"
"2024-09-02";"";"29 826";"4 270";"27 561 708";"2024-09-02 19:16:40"
"2024-09-09";"";"441 116";"161 778";"27 561 221";"2024-09-09 17:14:28"
"2024-09-07";"YouTube";"385 110";"28 349";"27 563 419";"2024-09-07 14:59:54"
"2024-09-06";"";"177 053";"20 195";"27 562 961";"2024-09-06 19:28:52"
"2024-09-05";"";"130 144";"7 509";"27 561 375";"2024-09-05 16:13:56"
"2024-09-07";"";"11 048 409";"736 026";"27 563 145";"2024-09-07 06:15:04"
"2024-09-07";"";"47 097";"1 851";"27 562 296";"2024-09-07 15:48:09"
"2024-09-02";"";"186 745";"15 192";"27 562 040";"2024-09-02 04:37:39"
"2024-09-05";"";"194 387";"17 760";"27 563 107";"2024-09-05 14:47:21"
"2024-09-05";"";"80 550";"11 536";"27 561 924";"2024-09-06 01:46:20"
"2024-09-06";"Instagram";"30 973 955";"692 740";"27 563 143";"2024-09-06 18:15:46"
"2024-09-06";"YouTube";"64 094";"473 781";"27 561 275";"2024-09-06 14:35:38"
"2024-09-08";"";"105 713";"16 411";"27 561 888";"2024-09-08 15:24:21"
"2024-09-04";"WhatsApp";"77 196";"4 324";"27 562 294";"2024-09-04 19:40:35"
"2024-09-06";"";"373 410";"159 154";"27 562 942";"2024-09-06 07:04:45"
"2024-09-02";"";"59 967 432";"1 641 794";"27 561 383";"2024-09-02 05:26:12"
"2024-09-09";"";"14 814";"38 411";"27 562 270";"2024-09-09 20:05:52"
"2024-09-05";"";"33 425";"2 068";"27 562 578";"2024-09-06 00:33:54"
"2024-09-01";"";"654 766";"17 370";"27 562 077";"2024-09-01 19:16:01"
"2024-09-05";"Instagram";"22 824 588";"776 693";"27 562 766";"2024-09-05 20:41:32"
"2024-09-09";"";"51 815";"21 683";"27 562 982";"2024-09-09 13:58:14"
"2024-09-01";"";"13 196";"67 718";"27 561 774";"2024-09-01 13:34:29"
"2024-09-05";"YouTube";"31 333 202";"2 506 369";"27 563 252";"2024-09-05 06:51:55"
"2024-09-02";"";"172 508";"9 324";"27 562 317";"2024-09-02 11:32:18"
"2024-09-06";"";"51 708";"11 276";"27 562 758";"2024-09-06 11:44:29"
"2024-09-09";"";"80 865";"252 675";"27 562 955";"2024-09-09 15:00:35"
"2024-09-02";"";"97 250 826";"1 447 942";"27 562 720";"2024-09-02 19:28:47"
"2024-09-06";"Facebook";"1 838 974";"204 857";"27 561 915";"2024-09-06 18:51:38"
"2024-09-03";"YouTube";"305 522";"57 005";"27 562 685";"2024-09-03 10:07:25"
"2024-09-05";"";"164 063";"73 170";"27 561 479";"2024-09-05 20:53:32"
"2024-09-02";"YouTube";"4 519 702";"748 604";"27 563 036";"2024-09-02 21:06:03"
"2024-09-04";"Yandex";"245 578";"27 836";"27 561 662";"2024-09-04 09:54:34"
"2024-09-06";"Telegram";"58 649 484";"3 175 275";"27 561 290";"2024-09-06 18:39:07"
"2024-09-04";"";"184 778";"105 676";"27 561 691";"2024-09-04 09:54:24"
"2024-09-02";"";"1 001 390";"121 364";"27 561 583";"2024-09-02 13:34:07"
"2024-09-07";"";"31 429";"2 515";"27 562 352";"2024-09-07 11:44:39"
"2024-09-07";"";"126 558";"10 083";"27 563 404";"2024-09-07 12:21:46"
"2024-09-03";"YouTube";"748 670";"80 533";"27 563 366";"2024-09-03 06:03:12"
"2024-09-05";"";"92 243 606";"3 654 844";"27 562 720";"2024-09-05 21:30:04"
"2024-09-01";"Telegram";"23 253 176";"1 391 729";"27 562 067";"2024-09-01 04:25:29"
"2024-09-06";"";"30 905";"2 249";"27 562 202";"2024-09-06 13:34:31"
"2024-09-09";"";"84 058";"39 866";"27 561 785";"2024-09-09 15:24:39"
"2024-09-09";"";"674 968";"979 349";"27 563 289";"2024-09-10 00:57:43"
"2024-09-03";"";"1 344 145";"119 067";"27 562 061";"2024-09-03 07:52:52"
"2024-09-10";"Likee";"307 221";"25 664";"27 562 743";"2024-09-10 08:05:28"
"2024-09-02";"YouTube";"206 865";"28 633";"27 562 384";"2024-09-02 13:58:14"
"2024-09-02";"";"10 704 995";"673 257";"27 562 367";"2024-09-02 23:32:22"
"2024-09-10";"Instagram";"38 242";"25 876";"27 562 306";"2024-09-10 17:38:41"
"2024-09-06";"Instagram";"287 949";"80 481";"27 561 752";"2024-09-06 09:30:24"
"2024-09-06";"";"41 428";"14 194";"27 562 101";"2024-09-06 17:02:16"
"2024-09-09";"";"59 124";"3 652";"27 562 534";"2024-09-09 19:16:27"
"2024-09-10";"";"2 727 254";"4 022 974";"27 561 343";"2024-09-10 15:48:02"
"2024-09-10";"";"44 294";"11 097";"27 563 416";"2024-09-11 02:11:13"
"2024-09-04";"";"400 196";"18 207";"27 561 398";"2024-09-04 14:23:44"
"2024-09-02";"Facebook";"1 143 525";"342 054";"27 561 176";"2024-09-02 06:39:35"
"2024-09-03";"";"26 240";"25 201";"27 562 234";"2024-09-03 12:21:34"
"2024-09-05";"";"146 448";"441 887";"27 563 471";"2024-09-06 02:35:03"
"2024-09-08";"";"1 008 292";"126 422";"27 563 221";"2024-09-08 21:54:07"
"2024-09-09";"";"51 034";"3 836";"27 561 307";"2024-09-09 09:30:08"
"2024-09-06";"";"81 390";"9 587";"27 562 280";"2024-09-06 20:17:09"
"2024-09-02";"";"39 040 994";"2 498 186";"27 561 785";"2024-09-02 07:40:11"
"2024-09-04";"";"474 767";"27 311";"27 562 334";"2024-09-05 01:58:40"
"2024-09-06";"YouTube";"265 832 837";"16 358 361";"27 562 679";"2024-09-06 17:38:51"
"2024-09-04";"";"38 345";"8 431";"27 563 263";"2024-09-04 03:36:47"
"2024-09-03";"";"96 348";"2 802";"27 561 480";"2024-09-03 09:30:31"
"2024-09-05";"Tas-ix";"548 254";"34 861";"27 562 712";"2024-09-05 14:35:11"
"2024-09-09";"";"29 317";"13 321";"27 561 556";"2024-09-09 17:38:06"
"2024-09-08";"";"1 828 611";"206 596";"27 562 363";"2024-09-08 10:07:12"
"2024-09-07";"Facebook";"65 881";"4 554";"27 562 456";"2024-09-07 22:55:44"
"2024-09-05";"";"4 619";"93 292";"27 562 878";"2024-09-05 18:51:19"
"2024-09-10";"";"272 649";"19 825";"27 561 641";"2024-09-10 13:34:44"
"2024-09-08";"";"487 101";"222 477";"27 561 370";"2024-09-08 21:18:15"
"2024-09-02";"";"47 767";"4 037";"27 562 621";"2024-09-02 15:24:38"
"2024-09-01";"";"26 355";"12 527";"27 562 851";"2024-09-01 05:02:28"
"2024-09-08";"Facebook";"1 219 768";"86 510 407";"27 563 386";"2024-09-09 02:35:41"
"2024-09-02";"YouTube";"155 053";"359 471";"27 561 204";"2024-09-02 15:24:45"
"2024-09-08";"";"35 302";"9 654";"27 561 542";"2024-09-08 07:16:29"
"2024-09-02";"Facebook";"32 904";"7 804";"27 562 733";"2024-09-02 07:28:47"
"2024-09-10";"";"84 809";"3 848";"27 562 024";"2024-09-10 04:37:46"
"2024-09-08";"Apple Music";"507 723";"15 487";"27 562 296";"2024-09-08 13:10:12"
"2024-09-07";"YouTube";"5 172 855";"299 865";"27 561 269";"2024-09-07 03:00:07"
"2024-09-03";"";"47 943";"3 607";"27 563 016";"2024-09-04 01:10:35"
"2024-09-02";"";"708 005";"11 493";"27 562 597";"2024-09-02 05:38:54"
"2024-09-02";"Facebook";"23 513 627";"538 671";"27 561 562";"2024-09-02 05:38:42"
"2024-09-04";"";"59 680";"26 331";"27 562 521";"2024-09-04 22:31:20"
"2024-09-05";"";"19 792";"26 790";"27 561 815";"2024-09-06 01:22:45"
"2024-09-05";"";"27 265";"13 483";"27 561 855";"2024-09-05 23:08:47"
"2024-09-01";"";"57 191";"3 998";"27 561 286";"2024-09-01 16:49:11"
"2024-09-06";"YouTube";"2 579 201";"184 820";"27 561 354";"2024-09-06 16:01:40"
"2024-09-04";"";"9 517";"117 943";"27 562 156";"2024-09-04 23:20:14"
"2024-09-07";"";"1 180 777";"276 129";"27 562 480";"2024-09-07 13:46:49"
"2024-09-01";"YouTube";"110 333";"1 165 970";"27 563 494";"2024-09-01 10:43:43"
"2024-09-05";"YouTube";"26 335 016";"1 094 487";"27 561 619";"2024-09-06 02:23:35"
"2024-09-03";"";"153 024";"24 650";"27 563 500";"2024-09-03 05:14:36"
"2024-09-08";"";"249 218";"67 966";"27 562 854";"2024-09-08 03:24:51"
"2024-09-05";"";"141 298";"84 465";"27 563 442";"2024-09-05 22:43:37"
"2024-09-06";"";"84 249";"12 115";"27 561 358";"2024-09-06 07:04:03"
"2024-09-08";"";"8 560 796";"469 851";"27 562 243";"2024-09-09 02:47:06"
"2024-09-02";"Facebook";"73 222";"74 301";"27 561 544";"2024-09-02 22:43:35"
"2024-09-04";"";"13 504";"52 687";"27 562 009";"2024-09-05 02:11:01"
"2024-09-06";"";"48 271";"41 315";"27 561 733";"2024-09-06 21:06:55"
"2024-09-03";"";"65 155";"8 486";"27 562 059";"2024-09-03 12:21:16"
"2024-09-02";"Odnoklassniki";"279 048";"71 510";"27 562 810";"2024-09-02 17:38:25"
"2024-09-05";"Instagram";"512 689";"339 371";"27 561 870";"2024-09-05 15:00:00"
"2024-09-03";"Facebook";"385 953";"32 498";"27 561 224";"2024-09-03 14:11:44"
"2024-09-07";"VKontakte";"158 104 994";"7 292 703";"27 561 792";"2024-09-07 20:17:16"
"2024-09-08";"Tas-ix";"2 505 940";"151 890";"27 562 733";"2024-09-09 01:10:58"
"2024-09-05";"";"296 762";"237 039";"27 562 289";"2024-09-05 20:41:58"
"2024-09-05";"";"27 298";"4 371";"27 562 536";"2024-09-05 16:49:16"
"2024-09-01";"";"48 118";"4 969";"27 562 003";"2024-09-02 02:47:50"
"2024-09-08";"";"29 092 014";"1 683 663";"27 562 639";"2024-09-09 00:57:16"
"2024-09-07";"";"26 470";"12 946";"27 561 571";"2024-09-07 11:56:34"
"2024-09-06";"";"21 089 864";"795 892";"27 561 485";"2024-09-06 15:36:37"
"2024-09-05";"TikTok";"900";"56 753";"27 563 127";"2024-09-05 08:53:36"
"2024-09-07";"Telegram";"2 437 286";"669 643";"27 562 061";"2024-09-07 12:09:49"
"2024-09-05";"";"269 665";"17 440";"27 562 006";"2024-09-05 20:05:51"
"2024-09-06";"YouTube";"718 207";"113 805";"27 563 381";"2024-09-06 07:52:40"
"2024-09-06";"";"83 001";"21 944";"27 561 490";"2024-09-06 20:05:29"
"2024-09-04";"Telegram";"109 844 970";"5 695 690";"27 562 908";"2024-09-04 07:40:46"
"2024-09-10";"Instagram";"348 391";"52 450";"27 563 106";"2024-09-10 20:41:48"
"2024-09-02";"Telegram";"30 010";"3 910";"27 563 141";"2024-09-02 11:20:39"
"2024-09-04";"";"46 129 040";"1 830 704";"27 562 793";"2024-09-04 19:04:17"
"2024-09-05";"YouTube";"827 741";"54 976";"27 561 529";"2024-09-06 00:57:07"
"2024-09-03";"";"41 612";"85 801";"27 561 250";"2024-09-04 00:33:14"
"2024-09-10";"";"436 144";"12 776";"27 563 174";"2024-09-10 03:00:49"
"2024-09-03";"Yandex Video";"5 447 591";"171 944";"27 563 463";"2024-09-03 10:55:35"
"2024-09-07";"";"134 241";"67 035";"27 562 812";"2024-09-07 15:36:32"
"2024-09-04";"";"26 169";"22 788";"27 561 826";"2024-09-05 00:57:09"
"2024-09-09";"";"53 617";"12 965";"27 562 864";"2024-09-09 09:42:05"
"2024-09-02";"";"57 329 159";"4 868 882";"27 562 445";"2024-09-02 04:01:20"
"2024-09-08";"";"104 444";"542 500";"27 562 372";"2024-09-08 03:24:49"
"2024-09-07";"";"1 304 367";"128 940";"27 563 314";"2024-09-07 06:27:53"
"2024-09-09";"";"530 652";"30 389";"27 562 437";"2024-09-09 20:41:30"
"2024-09-03";"Tas-ix";"80 330";"8 651";"27 563 388";"2024-09-03 16:01:49"
"2024-09-06";"";"29 943";"1 579";"27 562 348";"2024-09-06 13:22:15"
"2024-09-10";"";"27 461";"843 783";"27 562 194";"2024-09-10 23:44:12"
"2024-09-08";"";"445 226";"21 365";"27 562 357";"2024-09-08 10:31:45"
"2024-09-01";"Instagram";"2 144 565";"101 025";"27 563 364";"2024-09-01 09:30:15"
"2024-09-03";"";"122 767";"15 538";"27 561 292";"2024-09-03 20:05:03"
"2024-09-09";"";"240 901";"186 083";"27 563 216";"2024-09-09 03:24:09"
"2024-09-10";"";"728 345";"314 869";"27 561 253";"2024-09-10 09:54:52"
"2024-09-05";"YouTube";"22 642 208";"2 020 534";"27 561 529";"2024-09-05 09:42:27"
"2024-09-10";"";"307 019";"31 777";"27 562 880";"2024-09-10 15:36:27"
"2024-09-04";"";"35 433";"37 204";"27 561 690";"2024-09-04 16:37:06"
"2024-09-08";"";"26 704";"2 440";"27 561 470";"2024-09-08 11:44:51"
"2024-09-02";"";"6 766 004";"281 926";"27 563 503";"2024-09-02 21:30:39"
"2024-09-08";"";"644 475";"193 866";"27 562 442";"2024-09-09 00:21:43"
"2024-09-10";"";"54 341";"43 190";"27 561 590";"2024-09-10 22:31:15"
"2024-09-06";"Facebook";"21 516 919";"850 136";"27 563 260";"2024-09-06 18:15:50"
"2024-09-03";"";"69 613 293";"4 250 033";"27 562 290";"2024-09-03 17:26:33"
"2024-09-01";"";"118 771";"97 291";"27 561 380";"2024-09-01 17:02:00"
"2024-09-03";"";"48 656 763";"3 432 688";"27 562 313";"2024-09-03 22:31:34"
"2024-09-02";"YouTube";"565 247";"14 556";"27 563 511";"2024-09-02 14:23:38"
"2024-09-01";"";"31 316";"78 639";"27 561 249";"2024-09-01 14:35:19"
"2024-09-01";"";"93 448";"4 769";"27 562 783";"2024-09-01 12:57:22"
"2024-09-08";"";"26 609";"2 152";"27 562 364";"2024-09-08 12:21:47"
"2024-09-02";"Telegram";"32 176 896";"2 262 398";"27 563 047";"2024-09-02 17:14:52"
"2024-09-02";"";"269 703";"983 383";"27 562 504";"2024-09-03 01:46:50"
"2024-09-06";"Facebook";"4 019 285";"254 880";"27 562 965";"2024-09-06 08:05:21"
"2024-09-03";"YouTube";"114 409";"16 310";"27 561 691";"2024-09-03 18:39:47"
"2024-09-05";"";"65 372";"40 302";"27 563 238";"2024-09-05 05:14:36"
"2024-09-03";"Unknown";"1 373 954";"96 963";"27 562 518";"2024-09-03 08:17:09"
"2024-09-03";"";"70 296 531";"955 984";"27 562 696";"2024-09-03 22:55:25"
"2024-09-03";"Yandex Video";"3 583 460";"185 061";"27 562 352";"2024-09-03 20:41:05"
"2024-09-08";"";"11 177";"43 126";"27 561 239";"2024-09-08 18:03:03"
"2024-09-02";"Instagram";"37 620 837";"1 260 528";"27 561 422";"2024-09-03 00:45:13"
"2024-09-02";"";"21 628 008";"528 370";"27 561 776";"2024-09-02 13:58:43"
"2024-09-07";"";"1 459 213";"428 465";"27 561 449";"2024-09-07 09:18:36"
"2024-09-04";"";"10 701 227";"243 269";"27 563 105";"2024-09-04 19:16:04"
"2024-09-09";"";"75 169";"45 418";"27 562 440";"2024-09-09 14:47:05"
"2024-09-10";"YouTube";"7 054 732";"398 923";"27 562 642";"2024-09-11 02:35:16"
"2024-09-06";"YouTube";"3 549 914";"1 561 222";"27 562 242";"2024-09-06 03:36:51"
"2024-09-10";"";"59 308";"26 652";"27 561 874";"2024-09-10 19:40:19"
"2024-09-04";"Facebook";"436 001";"15 420";"27 562 566";"2024-09-04 08:41:14"
"2024-09-09";"";"26 994";"79 944";"27 562 853";"2024-09-09 21:18:49"
"2024-09-07";"";"72 329";"4 869";"27 561 981";"2024-09-07 17:38:51"
"2024-09-04";"YouTube";"4 540 601";"1 582 578";"27 563 098";"2024-09-04 14:59:31"
"2024-09-04";"YouTube";"43 215";"67 282";"27 562 795";"2024-09-04 04:37:24"
"2024-09-05";"YouTube";"388 562";"41 145";"27 561 835";"2024-09-05 14:47:37"
"2024-09-06";"YouTube";"8 179 850";"413 750";"27 561 326";"2024-09-06 19:40:16"
"2024-09-03";"";"115 847";"7 237";"27 561 219";"2024-09-03 15:24:30"
"2024-09-01";"";"84 766";"89 633";"27 561 676";"2024-09-01 18:39:03"
"2024-09-09";"Facebook";"61 173";"38 602";"27 563 024";"2024-09-09 10:55:37"
"2024-09-02";"";"1 886 101";"102 611";"27 563 402";"2024-09-02 03:12:27"
"2024-09-02";"";"986 709";"124 535";"27 561 906";"2024-09-02 23:44:12"
"2024-09-09";"";"95 787";"10 652";"27 561 697";"2024-09-10 02:59:44"
"2024-09-05";"";"29 348";"9 646";"27 563 031";"2024-09-05 21:54:29"
"2024-09-06";"";"29 156";"19 602";"27 562 643";"2024-09-06 17:38:07"
"2024-09-10";"Instagram";"749 171";"75 393";"27 561 792";"2024-09-10 23:44:25"
"2024-09-03";"";"59 861";"3 502";"27 563 264";"2024-09-03 06:03:33"
"2024-09-05";"YouTube";"1 452 529";"72 563";"27 561 668";"2024-09-05 15:12:10"
"2024-09-10";"Unknown";"95 355";"92 390";"27 561 593";"2024-09-10 20:05:17"
"2024-09-03";"";"152 300";"26 593";"27 561 466";"2024-09-04 00:33:48"
"2024-09-02";"YouTube";"10 154 756";"644 809";"27 562 550";"2024-09-03 00:45:55"
"2024-09-08";"";"2 425 303";"170 826";"27 561 802";"2024-09-08 04:49:41"
"2024-09-02";"";"29 994";"13 925";"27 562 535";"2024-09-03 02:59:19"
"2024-09-05";"";"32 940";"2 577";"27 561 373";"2024-09-06 00:57:55"
"2024-09-07";"";"81 310";"8 459";"27 562 783";"2024-09-07 12:09:57"
"2024-09-03";"";"150 410";"16 161";"27 561 514";"2024-09-03 14:11:45"
"2024-09-09";"IMO";"63 234";"2 751";"27 562 393";"2024-09-09 12:45:59"
"2024-09-06";"";"37 128";"6 083";"27 562 574";"2024-09-06 14:11:12"
"2024-09-09";"";"160 825";"34 214";"27 562 527";"2024-09-09 18:39:30"
"2024-09-07";"";"37 999";"5 010";"27 562 575";"2024-09-07 04:49:10"
"2024-09-10";"";"853 350";"43 612";"27 562 675";"2024-09-10 13:22:29"
"2024-09-08";"YouTube";"1 246 340";"59 766";"27 563 039";"2024-09-08 05:26:41"
"2024-09-08";"";"1 006 411";"229 911";"27 562 365";"2024-09-08 13:22:03"
"2024-09-04";"Telegram";"282 942";"31 403";"27 562 592";"2024-09-04 20:05:23"
"2024-09-01";"Telegram";"869 608";"64 571";"27 562 012";"2024-09-01 06:39:41"
"2024-09-02";"";"116 440 856";"19 326 684";"27 562 737";"2024-09-02 23:20:55"
"2024-09-07";"YouTube";"103 819";"22 002";"27 562 617";"2024-09-07 16:01:58"
"2024-09-01";"PUBG";"1 314 559";"76 533";"27 561 687";"2024-09-01 07:52:50"
"2024-09-10";"";"49 566";"40 546";"27 562 822";"2024-09-10 19:52:01"
"2024-09-02";"Facebook";"6 601 626";"191 561";"27 562 194";"2024-09-02 14:47:11"
"2024-09-06";"";"261 398";"54 258";"27 562 667";"2024-09-06 11:56:36"
"2024-09-02";"";"139 479";"12 193";"27 561 811";"2024-09-02 19:52:16"
"2024-09-03";"";"98 777";"13 454";"27 561 337";"2024-09-03 10:31:42"
"2024-09-01";"";"56 729";"50 380";"27 562 595";"2024-09-02 00:09:51"
"2024-09-09";"YouTube";"49 248";"18 699";"27 563 287";"2024-09-09 06:27:19"
"2024-09-01";"";"321 009";"48 086";"27 561 943";"2024-09-02 02:35:30"
"2024-09-04";"Instagram";"99 841 513";"2 851 036";"27 562 289";"2024-09-04 08:29:25"
"2024-09-08";"Telegram";"528 664";"56 404";"27 563 363";"2024-09-08 23:08:30"
"2024-09-07";"WhatsApp";"993 097";"502 723";"27 561 695";"2024-09-07 23:20:18"
"2024-09-09";"";"39 078";"2 631";"27 562 792";"2024-09-10 00:09:57"
"2024-09-04";"";"3 761 971";"131 214";"27 562 582";"2024-09-04 04:25:51"
"2024-09-04";"";"149 948";"151 882";"27 563 083";"2024-09-04 09:30:18"
"2024-09-05";"";"74 578";"214 281";"27 563 308";"2024-09-05 22:19:08"
"2024-09-06";"Instagram";"3 065 742";"90 413";"27 563 367";"2024-09-06 14:35:01"
"2024-09-01";"";"61 457";"18 238";"27 562 692";"2024-09-01 18:15:16"
"2024-09-07";"";"96 097";"5 044";"27 562 722";"2024-09-07 08:41:51"
"2024-09-07";"";"32 826";"19 566";"27 562 675";"2024-09-07 03:12:43"
"2024-09-10";"";"573 735";"27 009";"27 561 673";"2024-09-10 03:24:07"
"2024-09-05";"";"1 434 884";"1 622 994";"27 561 893";"2024-09-05 17:38:38"
"2024-09-04";"Instagram";"1 433 773";"98 616";"27 562 711";"2024-09-04 16:49:23"
"2024-09-06";"";"91 241";"83 086";"27 562 645";"2024-09-06 18:27:03"
"2024-09-10";"Yandex";"88 095";"45 828";"27 562 590";"2024-09-10 06:03:19"
"2024-09-03";"";"26 634";"13 127";"27 563 105";"2024-09-03 20:41:37"
"2024-09-01";"YouTube";"629 446";"40 631";"27 561 392";"2024-09-02 00:57:40"
"2024-09-04";"";"487 439";"20 943";"27 563 450";"2024-09-04 17:02:43"
"2024-09-05";"";"39 300";"6 053";"27 562 913";"2024-09-05 20:53:33"
"2024-09-03";"";"632 372";"65 683";"27 561 867";"2024-09-03 18:15:20"
"2024-09-01";"";"133 206";"9 624";"27 561 232";"2024-09-01 09:30:48"
"2024-09-02";"";"472 858";"31 046";"27 562 495";"2024-09-02 03:24:59"
"2024-09-08";"Instagram";"2 620 500";"138 182";"27 562 919";"2024-09-08 05:02:46"
"2024-09-02";"";"215 920";"40 549";"27 563 264";"2024-09-02 08:29:44"
"2024-09-04";"";"6 176";"68 629";"27 562 917";"2024-09-05 00:45:28"
"2024-09-10";"";"27 708";"9 917";"27 562 328";"2024-09-10 20:05:16"
"2024-09-07";"Facebook";"164 657";"14 198";"27 562 479";"2024-09-07 10:55:48"
"2024-09-07";"Instagram";"4 260 463";"711 967";"27 561 670";"2024-09-07 17:50:44"
"2024-09-02";"";"62 063";"4 059";"27 562 328";"2024-09-02 05:02:01"
"2024-09-07";"Telegram";"18 780 239";"1 008 009";"27 562 884";"2024-09-07 11:08:02"
"2024-09-10";"Unknown";"6 106";"33 279";"27 562 320";"2024-09-10 04:25:33"
"2024-09-04";"Instagram";"30 731 431";"31 779 007";"27 561 212";"2024-09-04 17:38:24"
"2024-09-01";"";"41 509";"9 920";"27 563 266";"2024-09-02 00:09:34"
"2024-09-04";"";"30 178";"2 322";"27 562 273";"2024-09-04 07:40:25"
"2024-09-06";"";"84 217";"6 852";"27 562 090";"2024-09-06 16:49:10"
"2024-09-06";"";"59 126";"42 468";"27 561 195";"2024-09-06 05:14:55"
"2024-09-07";"";"303 393";"19 348";"27 562 527";"2024-09-07 16:01:47"
"2024-09-04";"";"38 559 919";"2 214 425";"27 561 544";"2024-09-04 03:24:43"
"2024-09-04";"";"80 814";"5 181";"27 562 698";"2024-09-04 06:15:19"
"2024-09-04";"YouTube";"3 826 722";"229 964";"27 562 230";"2024-09-04 17:26:06"
"2024-09-05";"";"67 857";"8 825";"27 563 047";"2024-09-05 05:02:46"
"2024-09-07";"";"413 412";"82 022";"27 563 463";"2024-09-07 05:14:34"
"2024-09-10";"YouTube";"116 914";"50 229";"27 562 601";"2024-09-10 10:43:51"
"2024-09-01";"";"46 498";"6 979";"27 562 668";"2024-09-01 08:17:54"
"2024-09-10";"Facebook";"76 872";"33 798";"27 563 422";"2024-09-10 09:30:26"
"2024-09-08";"";"0";"27 080";"27 561 943";"2024-09-08 11:20:30"
"2024-09-04";"";"126 492";"7 792";"27 561 227";"2024-09-04 07:04:22"
"2024-09-02";"";"214 432";"39 739";"27 563 114";"2024-09-02 14:11:21"
"2024-09-08";"";"90 135";"28 063";"27 563 187";"2024-09-09 01:58:41"
"2024-09-02";"";"62 598";"3 996";"27 561 998";"2024-09-02 21:54:05"
"2024-09-09";"";"63 413";"64 807";"27 563 083";"2024-09-09 15:00:22"
"2024-09-01";"";"326 510";"136 888";"27 561 676";"2024-09-01 09:18:13"
"2024-09-08";"WhatsApp";"4 185 739";"215 555";"27 562 991";"2024-09-08 09:54:32"
"2024-09-04";"Instagram";"10 730 100";"291 138";"27 563 507";"2024-09-04 09:18:52"
"2024-09-04";"";"22 466 430";"1 336 845";"27 562 692";"2024-09-04 06:15:12"
"2024-09-04";"Telegram";"35 009 817";"2 376 807";"27 561 876";"2024-09-04 03:24:06"
"2024-09-07";"";"1 333 927";"179 870";"27 561 270";"2024-09-08 00:57:17"
"2024-09-08";"";"28 342";"2 783";"27 561 375";"2024-09-09 00:45:11"
"2024-09-02";"WhatsApp";"162 009";"11 815";"27 563 225";"2024-09-02 19:04:58"
"2024-09-02";"YouTube";"12 475 398";"737 700";"27 562 115";"2024-09-02 21:18:10"
"2024-09-09";"";"33 774";"13 590";"27 561 457";"2024-09-09 15:24:53"
"2024-09-09";"";"496 935";"98 750";"27 561 540";"2024-09-09 08:05:16"
"2024-09-01";"Yandex";"434 379";"108 245";"27 563 152";"2024-09-01 11:44:26"
"2024-09-05";"Instagram";"2 349 195";"131 049";"27 561 902";"2024-09-05 15:24:22"
"2024-09-08";"";"34 952";"24 735";"27 561 180";"2024-09-09 02:47:56"
"2024-09-03";"";"31 175";"358 143";"27 562 337";"2024-09-03 17:38:53"
"2024-09-04";"";"102 416";"121 991";"27 562 320";"2024-09-04 10:07:24"
"2024-09-08";"Telegram";"504 943";"45 022";"27 562 883";"2024-09-08 08:05:39"
"2024-09-09";"Telegram";"97 007 775";"9 465 264";"27 562 609";"2024-09-09 18:39:30"
"2024-09-02";"";"3 067 838";"135 227";"27 561 547";"2024-09-02 04:25:50"
"2024-09-06";"";"244 951";"102 337";"27 562 255";"2024-09-06 11:08:52"
"2024-09-01";"Unknown";"32 074";"5 493";"27 561 407";"2024-09-01 10:07:15"
"2024-09-05";"";"1 236 720";"32 793";"27 561 233";"2024-09-05 12:33:35"
"2024-09-10";"";"359 387";"42 252";"27 562 982";"2024-09-11 02:59:56"
"2024-09-07";"";"7 803 946";"247 545";"27 561 638";"2024-09-07 22:31:54"
"2024-09-03";"Facebook";"273 106";"152 417";"27 562 992";"2024-09-03 06:03:55"
"2024-09-02";"Telegram";"16 668 070";"992 109";"27 561 673";"2024-09-02 22:19:21"
"2024-09-05";"Instagram";"28 845";"3 818";"27 562 965";"2024-09-06 02:23:26"
"2024-09-03";"Instagram";"2 762 543";"3 398 812";"27 561 320";"2024-09-03 06:15:53"
"2024-09-06";"YouTube";"1 622 459";"480 348";"27 562 152";"2024-09-07 02:47:28"
"2024-09-06";"";"492 652";"83 712";"27 563 447";"2024-09-06 07:04:03"
"2024-09-06";"";"5 120 254";"248 553";"27 563 436";"2024-09-06 10:07:48"
"2024-09-09";"YouTube";"154 171";"51 906";"27 561 271";"2024-09-09 16:37:20"
"2024-09-01";"";"188 250";"10 356";"27 562 264";"2024-09-01 09:06:06"
"2024-09-05";"";"66 296";"10 861";"27 562 759";"2024-09-06 00:57:51"
"2024-09-01";"";"1 668 956";"154 395";"27 561 251";"2024-09-02 02:11:53"
"2024-09-10";"";"6 460 345";"455 793";"27 562 202";"2024-09-10 13:58:41"
"2024-09-03";"";"73 700";"4 156";"27 562 069";"2024-09-03 03:36:58"
"2024-09-02";"";"2 956 593";"101 471";"27 561 896";"2024-09-02 11:44:40"
"2024-09-01";"";"36 930";"9 594";"27 561 875";"2024-09-01 15:24:45"
"2024-09-01";"Telegram";"874 404";"73 791";"27 563 134";"2024-09-01 06:15:01"
"2024-09-01";"";"542 597";"280 852";"27 561 236";"2024-09-01 12:09:14"
"2024-09-07";"";"210 702";"20 124";"27 562 645";"2024-09-07 21:06:28"
"2024-09-07";"";"31 331";"2 439";"27 561 908";"2024-09-07 05:50:37"
"2024-09-06";"YouTube";"1 175 249";"381 544";"27 562 527";"2024-09-06 12:33:27"
"2024-09-04";"Instagram";"940 556";"53 069";"27 562 474";"2024-09-04 04:25:36"
"2024-09-10";"";"1 711 282";"103 152";"27 561 230";"2024-09-10 13:34:24"
"2024-09-10";"";"489 051";"18 742";"27 561 369";"2024-09-10 04:13:37"
"2024-09-09";"";"1 907 713";"64 028";"27 563 369";"2024-09-10 00:21:37"
"2024-09-09";"";"175 742";"431 089";"27 561 940";"2024-09-09 18:51:08"
"2024-09-05";"";"690 379";"140 508";"27 561 177";"2024-09-05 10:07:28"
"2024-09-05";"Instagram";"1 872 425";"327 598";"27 562 490";"2024-09-05 18:03:40"
"2024-09-03";"";"38 563";"2 065";"27 561 232";"2024-09-03 23:08:46"
"2024-09-05";"";"230 190";"125 630";"27 561 851";"2024-09-05 23:20:18"
"2024-09-05";"";"2 024 952";"191 492";"27 563 165";"2024-09-05 23:44:24"
"2024-09-01";"";"179 179";"39 434";"27 561 855";"2024-09-02 00:33:26"
"2024-09-07";"Yandex";"145 721";"9 960";"27 561 592";"2024-09-07 20:41:56"
"2024-09-06";"";"602 836";"228 656";"27 563 289";"2024-09-06 15:12:34"
"2024-09-08";"";"52 137";"3 908";"27 562 462";"2024-09-08 08:05:20"
"2024-09-01";"";"4 374 831";"1 096 270";"27 562 775";"2024-09-01 16:01:51"
"2024-09-06";"Instagram";"4 184 888";"242 390";"27 562 850";"2024-09-07 01:58:52"
"2024-09-10";"";"119 968";"59 720";"27 562 355";"2024-09-10 03:48:56"
"2024-09-03";"";"129 776";"7 876";"27 561 981";"2024-09-03 15:12:56"
"2024-09-09";"Facebook";"25 973";"5 006";"27 561 502";"2024-09-09 22:19:09"
"2024-09-04";"";"85 123";"281 652";"27 562 558";"2024-09-04 10:55:07"
"2024-09-02";"";"574 543";"32 520";"27 561 952";"2024-09-02 10:43:10"
"2024-09-02";"Instagram";"20 592 541";"742 589";"27 562 204";"2024-09-02 21:30:51"
"2024-09-01";"Facebook";"4 048 230";"201 963";"27 561 492";"2024-09-01 12:33:21"
"2024-09-03";"YouTube";"2 897 196";"1 358 744";"27 563 291";"2024-09-03 23:20:19"
"2024-09-06";"";"34 685";"3 102";"27 562 223";"2024-09-06 14:47:17"
"2024-09-10";"YouTube";"3 910 714";"1 850 302";"27 563 331";"2024-09-10 11:56:10"
"2024-09-03";"";"349 339";"80 134";"27 562 803";"2024-09-03 20:53:34"
"2024-09-01";"";"106 247";"21 690";"27 562 200";"2024-09-01 20:17:19"
"2024-09-08";"";"27 757";"1 525";"27 561 459";"2024-09-08 05:02:52"
"2024-09-04";"";"345 063";"11 196";"27 563 036";"2024-09-04 06:39:22"
"2024-09-07";"Likee";"293 265";"302 251";"27 562 326";"2024-09-07 07:16:15"
"2024-09-04";"";"2 004 124";"237 470";"27 562 912";"2024-09-04 21:54:35"
"2024-09-06";"";"77 026 683";"4 583 232";"27 562 480";"2024-09-06 06:15:39"
"2024-09-03";"";"31 486";"2 446";"27 562 492";"2024-09-03 23:32:39"
"2024-09-01";"Instagram";"4 438 543";"261 018";"27 562 421";"2024-09-01 04:01:15"
"2024-09-05";"Instagram";"11 515 852";"405 116";"27 562 293";"2024-09-05 03:48:49"
"2024-09-09";"";"114 555";"14 305";"27 561 902";"2024-09-09 07:40:28"
"2024-09-08";"";"59 567";"32 255";"27 562 621";"2024-09-09 01:22:18"
"2024-09-02";"";"103 867";"12 655";"27 562 252";"2024-09-02 05:02:25"
"2024-09-05";"";"33 296";"3 535";"27 561 224";"2024-09-05 18:51:08"
"2024-09-01";"Yandex";"47 660";"5 280";"27 562 462";"2024-09-01 23:20:49"
"2024-09-01";"Unknown";"5 368 488";"407 059";"27 561 742";"2024-09-01 22:07:35"
"2024-09-09";"";"200 612";"10 771";"27 562 233";"2024-09-09 18:03:13"
"2024-09-06";"";"464 861";"961 531";"27 562 708";"2024-09-06 03:12:43"
"2024-09-03";"";"349 004";"74 744";"27 561 841";"2024-09-03 07:28:37"
"2024-09-01";"YouTube";"603 051";"5 935 259";"27 561 177";"2024-09-01 17:50:43"
"2024-09-10";"";"32 583";"19 775";"27 562 808";"2024-09-10 17:38:43"
"2024-09-10";"YouTube";"4 203 417";"815 331";"27 562 895";"2024-09-10 15:48:27"
"2024-09-08";"";"166 933";"9 319";"27 561 627";"2024-09-08 23:32:22"
"2024-09-06";"";"200 013";"8 862";"27 562 039";"2024-09-06 06:15:48"
"2024-09-04";"YouTube";"37 307 263";"2 813 771";"27 562 091";"2024-09-04 21:54:50"
"2024-09-05";"";"75 028";"3 886";"27 563 318";"2024-09-05 05:14:09"
"2024-09-03";"";"279 613";"11 580";"27 563 278";"2024-09-03 04:13:31"
"2024-09-08";"";"88 516";"28 731";"27 562 864";"2024-09-08 10:07:32"
"2024-09-06";"";"2 231 669";"79 607";"27 563 336";"2024-09-06 07:16:12"
"2024-09-06";"Telegram";"23 503 614";"3 114 611";"27 562 804";"2024-09-06 20:05:22"
"2024-09-06";"";"50 629";"8 392";"27 561 694";"2024-09-06 08:41:50"
"2024-09-04";"Instagram";"98 056 775";"2 903 145";"27 561 958";"2024-09-04 11:20:39"
"2024-09-02";"YouTube";"3 724 339";"250 299";"27 563 189";"2024-09-03 01:58:26"
"2024-09-10";"Instagram";"433 580";"19 266";"27 563 325";"2024-09-10 17:26:28"
"2024-09-08";"";"271 883";"6 969";"27 562 698";"2024-09-08 23:32:28"
"2024-09-05";"";"52 759";"4 707";"27 562 941";"2024-09-05 13:46:34"
"2024-09-02";"";"119 808";"10 445";"27 561 611";"2024-09-02 08:53:42"
"2024-09-03";"";"188 955";"6 374";"27 563 083";"2024-09-03 20:29:33"
"2024-09-05";"";"57 346";"8 395";"27 563 254";"2024-09-05 08:41:57"
"2024-09-09";"";"1 855 619";"70 503";"27 561 201";"2024-09-09 05:02:01"
"2024-09-04";"Facebook";"14 259 174";"695 353";"27 563 386";"2024-09-04 10:07:25"
"2024-09-06";"Instagram";"423 520";"104 110";"27 562 022";"2024-09-06 17:50:56"
"2024-09-08";"";"215 560";"12 695";"27 561 607";"2024-09-08 18:15:02"
"2024-09-02";"";"3 145 799";"444 775";"27 562 192";"2024-09-02 09:54:25"
"2024-09-02";"";"651 576";"26 237";"27 563 087";"2024-09-02 08:53:58"
"2024-09-08";"";"137 989";"10 588";"27 562 559";"2024-09-08 20:17:45"
"2024-09-08";"";"43 625";"17 749";"27 561 254";"2024-09-08 09:54:13"
"2024-09-09";"";"168 526";"9 788";"27 561 845";"2024-09-09 21:54:43"
"2024-09-03";"";"7 745 953";"145 099";"27 561 761";"2024-09-03 23:32:10"
"2024-09-02";"";"2 547 198";"467 113";"27 561 924";"2024-09-02 10:31:23"
"2024-09-07";"";"728 326";"187 861";"27 561 785";"2024-09-07 14:47:41"
"2024-09-01";"";"329 396";"645 147";"27 562 436";"2024-09-02 02:23:25"
"2024-09-10";"YouTube";"2 821 911";"110 546";"27 561 172";"2024-09-10 20:17:44"
"2024-09-08";"";"35 269";"12 777";"27 563 278";"2024-09-09 01:46:00"
"2024-09-10";"Facebook";"1 047 427";"58 496";"27 562 645";"2024-09-10 06:03:19"
"2024-09-07";"";"262 990";"47 196";"27 561 772";"2024-09-07 13:46:41"
"2024-09-09";"";"132 459";"26 395";"27 562 152";"2024-09-10 01:34:28"
"2024-09-04";"Yandex";"372 185";"111 372";"27 562 834";"2024-09-04 08:17:35"
"2024-09-03";"";"242 395";"52 711";"27 562 236";"2024-09-03 05:26:11"
"2024-09-06";"Instagram";"2 842 011";"601 519";"27 563 336";"2024-09-06 13:10:55"
"2024-09-04";"Yandex Video";"8 602";"35 625";"27 561 449";"2024-09-04 22:07:22"
"2024-09-02";"";"118 535";"6 577";"27 562 156";"2024-09-02 03:12:51"
"2024-09-03";"";"37 785";"44 350";"27 563 169";"2024-09-03 10:55:41"
"2024-09-07";"";"1 206 531";"2 774 493";"27 561 424";"2024-09-07 03:24:30"
"2024-09-02";"";"52 597";"11 275";"27 562 436";"2024-09-02 11:32:38"
"2024-09-10";"Facebook";"35 556";"1 901";"27 563 269";"2024-09-10 20:17:14"
"2024-09-10";"Telegram";"45 504 112";"1 212 562";"27 562 631";"2024-09-10 05:14:06"
"2024-09-03";"";"46 739";"26 187";"27 561 458";"2024-09-03 17:26:09"
"2024-09-08";"";"31 099";"9 959";"27 561 213";"2024-09-08 21:18:50"
"2024-09-10";"";"29 305";"30 004";"27 563 106";"2024-09-10 08:29:53"
"2024-09-03";"";"35 313";"17 972";"27 561 224";"2024-09-03 08:05:52"
"2024-09-10";"";"63 530";"2 817";"27 562 677";"2024-09-10 14:47:03"
"2024-09-10";"";"25 814";"4 356";"27 562 853";"2024-09-10 05:50:01"
"2024-09-10";"Telegram";"396 955";"76 735";"27 562 697";"2024-09-10 05:50:56"
"2024-09-03";"";"3 253 689";"296 206";"27 561 337";"2024-09-03 10:55:38"
"2024-09-10";"";"81 312";"9 435";"27 563 228";"2024-09-10 06:27:07"
"2024-09-02";"";"652";"26 236";"27 562 840";"2024-09-02 11:08:28"
"2024-09-02";"Facebook";"43 414";"25 464";"27 563 320";"2024-09-03 01:58:28"
"2024-09-10";"YouTube";"280 800";"48 976";"27 563 014";"2024-09-10 19:16:57"
"2024-09-03";"";"2 103 378";"163 030";"27 562 595";"2024-09-03 19:28:44"
"2024-09-07";"";"52 229";"8 678";"27 562 783";"2024-09-07 22:07:09"
"2024-09-02";"YouTube";"953 667";"134 295";"27 561 249";"2024-09-02 21:42:19"
"2024-09-07";"";"5 287 243";"178 168";"27 562 125";"2024-09-07 14:11:54"
"2024-09-07";"";"64 939";"8 688";"27 562 520";"2024-09-07 22:07:16"
"2024-09-07";"";"2 451 339";"1 368 706";"27 562 560";"2024-09-07 16:25:40"
"2024-09-08";"";"48 938 625";"1 237 130";"27 563 458";"2024-09-08 14:35:37"
"2024-09-04";"";"150 172";"15 366";"27 562 965";"2024-09-04 13:58:35"
"2024-09-06";"YouTube";"354 190";"3 548 021";"27 563 331";"2024-09-06 06:51:22"
"2024-09-01";"Telegram";"25 969";"2 052";"27 563 485";"2024-09-01 16:01:40"
"2024-09-08";"Yandex";"26 457";"4 434";"27 562 636";"2024-09-08 06:51:08"
"2024-09-06";"";"89 491";"10 818";"27 562 571";"2024-09-06 16:49:43"
"2024-09-04";"";"491 694";"26 849";"27 562 762";"2024-09-05 02:23:25"
"2024-09-02";"Facebook";"1 372 233";"221 264";"27 563 128";"2024-09-02 20:17:34"
"2024-09-03";"Instagram";"258 021";"68 416";"27 562 836";"2024-09-03 16:37:24"
"2024-09-05";"";"54 189";"22 512";"27 563 474";"2024-09-06 00:21:47"
"2024-09-01";"YouTube";"26 255";"12 208";"27 563 497";"2024-09-01 18:03:24"
"2024-09-02";"Yandex";"45 784";"3 642";"27 561 204";"2024-09-02 13:46:14"
"2024-09-05";"";"99 490";"8 900";"27 561 480";"2024-09-05 09:30:03"
"2024-09-03";"";"60 707";"121 605";"27 561 893";"2024-09-03 11:32:23"
"2024-09-06";"";"4 767";"39 710";"27 562 508";"2024-09-06 08:17:24"
"2024-09-03";"";"3 220 762";"122 189";"27 561 701";"2024-09-03 18:51:09"
"2024-09-04";"YouTube";"4 748 799";"265 214";"27 562 934";"2024-09-04 08:53:40"
"2024-09-05";"";"1 480 013";"85 140";"27 561 449";"2024-09-05 20:53:51"
"2024-09-03";"";"170 949";"91 516";"27 562 595";"2024-09-03 04:25:44"
"2024-09-01";"";"168 767";"5 638";"27 562 720";"2024-09-02 00:45:04"
"2024-09-01";"Yandex";"327 651";"17 196";"27 562 559";"2024-09-01 18:27:28"
"2024-09-01";"Facebook";"292 369";"243 195";"27 562 290";"2024-09-01 07:04:15"
"2024-09-09";"";"57 506";"184 910";"27 561 231";"2024-09-09 19:16:24"
"2024-09-03";"";"149 306";"31 239";"27 563 269";"2024-09-03 20:05:05"
"2024-09-02";"";"509 412";"36 734";"27 562 812";"2024-09-02 05:26:01"
"2024-09-02";"YouTube";"1 384 300";"185 658";"27 562 967";"2024-09-03 01:58:39"
"2024-09-03";"";"38 964";"36 776";"27 563 169";"2024-09-03 23:20:37"
"2024-09-06";"";"491 465";"35 788";"27 562 686";"2024-09-07 00:33:52"
"2024-09-07";"";"1 849 031";"127 867";"27 562 774";"2024-09-07 21:18:28"
"2024-09-03";"";"659 466";"107 083";"27 562 034";"2024-09-03 16:49:45"
"2024-09-04";"";"92 877";"84 752";"27 562 934";"2024-09-04 08:29:36"
"2024-09-02";"Instagram";"3 192 486";"1 821 010";"27 562 178";"2024-09-02 19:16:34"
"2024-09-10";"";"1 753 360";"59 625";"27 561 289";"2024-09-10 04:25:09"
"2024-09-05";"Instagram";"26 406";"3 938";"27 562 917";"2024-09-05 11:44:03"
"2024-09-06";"";"170 265";"25 612";"27 563 083";"2024-09-06 16:37:38"
"2024-09-01";"Unknown";"333 867";"207 238";"27 561 819";"2024-09-01 04:25:11"
"2024-09-03";"YouTube";"427 432";"85 227";"27 561 841";"2024-09-03 22:19:26"
"2024-09-08";"";"73 213";"59 516";"27 561 474";"2024-09-08 12:09:07"
"2024-09-10";"";"51 051";"51 882";"27 563 121";"2024-09-11 00:33:09"
"2024-09-09";"";"113 082";"259 795";"27 563 328";"2024-09-09 16:37:08"
"2024-09-07";"Instagram";"279 742";"43 382";"27 563 328";"2024-09-07 15:24:51"
"2024-09-04";"";"45 164 526";"3 087 455";"27 562 524";"2024-09-04 08:41:59"
"2024-09-04";"Instagram";"184 537 951";"3 240 782";"27 562 571";"2024-09-05 00:33:27"
"2024-09-07";"";"245 844";"172 510";"27 562 521";"2024-09-07 13:34:43"
"2024-09-08";"VKontakte";"3 542 070";"917 231";"27 562 803";"2024-09-08 08:41:13"
"2024-09-07";"";"280 550";"38 125";"27 563 087";"2024-09-07 06:15:06"
"2024-09-01";"";"54 633";"3 235";"27 562 898";"2024-09-01 07:28:38"
"2024-09-10";"YouTube";"73 312";"503 021";"27 562 255";"2024-09-11 00:33:03"
"2024-09-09";"Instagram";"18 536 985";"385 057";"27 563 394";"2024-09-09 13:22:40"
"2024-09-09";"";"634 442";"28 067";"27 561 171";"2024-09-09 16:49:25"
"2024-09-10";"Instagram";"41 841 131";"1 540 042";"27 562 677";"2024-09-11 00:33:11"
"2024-09-04";"YouTube";"1 675 526";"6 970 390";"27 563 507";"2024-09-04 15:36:59"
"2024-09-04";"";"27 264";"2 957";"27 563 329";"2024-09-04 08:41:02"
"2024-09-06";"YouTube";"179 757";"1 715 228";"27 561 373";"2024-09-06 20:05:49"
"2024-09-02";"";"191 994";"185 649";"27 561 870";"2024-09-02 06:03:56"
"2024-09-05";"";"1 118 688";"619 831";"27 563 243";"2024-09-05 10:19:45"
"2024-09-09";"Instagram";"1 285 888";"363 788";"27 561 243";"2024-09-09 15:36:56"
"2024-09-09";"Instagram";"243 288 917";"8 018 711";"27 562 985";"2024-09-09 07:28:36"
"2024-09-06";"";"319 797";"300 129";"27 561 370";"2024-09-06 09:06:19"
"2024-09-07";"Instagram";"6 487 683";"2 102 881";"27 563 238";"2024-09-07 07:04:45"
"2024-09-02";"";"38 658 088";"2 387 001";"27 562 820";"2024-09-02 04:49:50"
"2024-09-10";"";"66 603";"11 347";"27 562 355";"2024-09-11 01:10:59"
"2024-09-05";"";"143 915";"176 728";"27 561 379";"2024-09-05 06:03:26"
"2024-09-06";"";"72 676";"160 642";"27 563 243";"2024-09-06 17:38:53"
"2024-09-01";"";"27 057";"2 767";"27 562 898";"2024-09-01 19:04:58"
"2024-09-08";"";"710 916";"52 591";"27 563 446";"2024-09-08 22:07:15"
"2024-09-08";"Yandex";"65 594";"10 812";"27 561 552";"2024-09-08 17:26:44"
"2024-09-05";"";"28 213";"2 956";"27 561 388";"2024-09-05 20:29:11"
"2024-09-08";"Instagram";"6 989 914";"10 296 865";"27 561 366";"2024-09-08 14:59:07"
"2024-09-03";"";"7 526";"26 512";"27 563 410";"2024-09-03 09:18:40"
"2024-09-10";"";"34 658";"11 615";"27 562 415";"2024-09-10 04:13:42"
"2024-09-07";"YouTube";"656 624";"5 305 219";"27 563 009";"2024-09-07 06:03:38"
"2024-09-04";"";"979 573";"107 404";"27 561 673";"2024-09-04 20:17:09"
"2024-09-07";"";"61 995";"7 151";"27 563 299";"2024-09-07 05:26:31"
"2024-09-09";"Instagram";"182 111";"4 285";"27 563 489";"2024-09-09 15:36:03"
"2024-09-04";"";"25 861";"5 749";"27 561 687";"2024-09-04 05:50:16"
"2024-09-02";"";"354 675";"16 561";"27 562 223";"2024-09-02 07:16:52"
"2024-09-10";"";"69 946";"7 322";"27 562 572";"2024-09-10 15:48:52"
"2024-09-04";"";"3 465 720";"144 019";"27 562 511";"2024-09-04 22:19:37"
"2024-09-04";"Telegram";"9 031 090";"602 893";"27 563 141";"2024-09-05 02:23:39"
"2024-09-09";"Telegram";"154 559 163";"28 756 590";"27 562 810";"2024-09-09 12:33:37"
"2024-09-07";"";"341 383";"19 094";"27 563 193";"2024-09-08 00:57:04"
"2024-09-02";"";"387 383";"15 987";"27 561 680";"2024-09-02 05:50:13"
"2024-09-05";"";"1 192 877";"96 321";"27 561 845";"2024-09-05 17:38:51"
"2024-09-07";"";"37 864";"24 336";"27 561 884";"2024-09-07 19:40:22"
"2024-09-08";"";"57 894";"4 797";"27 563 386";"2024-09-08 06:51:26"
"2024-09-08";"";"313 584";"38 605";"27 561 454";"2024-09-08 16:49:41"
"2024-09-09";"Facebook";"103 195";"36 351";"27 561 768";"2024-09-09 13:46:15"
"2024-09-07";"";"888 550";"223 263";"27 561 676";"2024-09-07 16:13:18"
"2024-09-08";"";"12 361";"40 639";"27 561 331";"2024-09-08 11:20:50"
"2024-09-08";"WhatsApp";"586 542";"7 557 637";"27 562 590";"2024-09-08 22:19:21"
"2024-09-01";"YouTube";"2 926 124";"1 001 258";"27 562 917";"2024-09-02 01:22:33"
"2024-09-06";"";"0";"55 099";"27 562 667";"2024-09-06 22:19:10"
"2024-09-05";"";"507 523";"61 893";"27 561 964";"2024-09-05 19:16:54"
"2024-09-03";"";"73 511";"91 300";"27 563 234";"2024-09-03 06:51:28"
"2024-09-10";"YouTube";"199 750";"563 822";"27 563 112";"2024-09-10 15:12:15"
"2024-09-05";"";"557 715";"630 608";"27 562 965";"2024-09-05 14:23:03"
"2024-09-04";"Yandex";"4 899 956";"128 072";"27 561 314";"2024-09-04 07:28:00"
"2024-09-07";"Instagram";"34 681";"8 861";"27 562 122";"2024-09-07 09:42:15"
"2024-09-04";"Facebook";"351 863";"137 195";"27 563 345";"2024-09-04 13:58:30"
"2024-09-01";"";"2 564";"56 734";"27 563 006";"2024-09-01 21:18:52"
"2024-09-07";"TikTok";"1 187 036";"6 696 650";"27 563 048";"2024-09-08 01:46:56"
"2024-09-01";"YouTube";"6 608 139";"834 741";"27 562 126";"2024-09-01 03:00:28"
"2024-09-08";"YouTube";"17 264 843";"346 834";"27 563 463";"2024-09-09 00:57:16"
"2024-09-04";"Instagram";"6 397 336";"309 199";"27 562 203";"2024-09-05 02:35:45"
"2024-09-06";"";"131 151";"480 310";"27 562 667";"2024-09-06 16:01:54"
"2024-09-07";"Telegram";"12 562 788";"374 727";"27 562 072";"2024-09-07 06:15:15"
"2024-09-02";"";"407 848";"14 108";"27 562 105";"2024-09-02 15:36:19"
"2024-09-07";"Yandex";"153 811";"37 293";"27 563 468";"2024-09-07 19:04:51"
"2024-09-08";"";"77 680";"302 152";"27 561 767";"2024-09-08 11:32:18"
"2024-09-09";"";"36 903";"16 180";"27 561 693";"2024-09-09 22:43:50"
"2024-09-03";"";"567 983";"91 577";"27 561 775";"2024-09-03 19:40:55"
"2024-09-06";"";"27 231";"3 502";"27 563 270";"2024-09-06 16:13:07"
"2024-09-10";"";"296 541";"22 208";"27 561 828";"2024-09-10 08:29:07"
"2024-09-07";"Yandex";"2 418 186";"152 561";"27 561 490";"2024-09-07 14:47:27"
"2024-09-03";"Instagram";"26 088 026";"3 124 625";"27 561 347";"2024-09-03 22:31:46"
"2024-09-09";"";"33 763";"3 352";"27 561 305";"2024-09-09 14:35:11"
"2024-09-04";"Telegram";"9 384 186";"415 639";"27 563 287";"2024-09-04 04:25:18"
"2024-09-01";"Tas-ix";"107 912";"3 206";"27 563 128";"2024-09-02 01:58:31"
"2024-09-06";"";"82 323";"2 993";"27 563 316";"2024-09-06 23:56:13"
"2024-09-10";"";"221 599";"7 983";"27 562 232";"2024-09-11 01:22:15"
"2024-09-06";"";"123 408";"6 161";"27 562 668";"2024-09-06 20:29:35"
"2024-09-05";"";"26 401";"13 053";"27 561 393";"2024-09-06 01:34:34"
"2024-09-04";"YouTube";"1 381 799";"432 605";"27 561 477";"2024-09-04 07:04:24"
"2024-09-01";"Tas-ix";"189 584";"12 056";"27 562 125";"2024-09-01 19:40:36"
"2024-09-10";"";"49 585";"4 276";"27 562 634";"2024-09-10 08:41:58"
"2024-09-10";"";"30 140";"28 900";"27 562 044";"2024-09-10 03:00:50"
"2024-09-09";"Instagram";"373 310";"64 596";"27 563 284";"2024-09-09 05:26:59"
"2024-09-01";"";"44 253";"34 528";"27 561 706";"2024-09-01 16:01:07"
"2024-09-05";"";"10 381 281";"671 747";"27 563 136";"2024-09-05 23:08:10"
"2024-09-06";"";"1 854 029";"71 685";"27 562 639";"2024-09-06 05:14:57"
"2024-09-02";"";"230 470";"359 417";"27 563 219";"2024-09-02 18:27:18"
"2024-09-04";"Facebook";"1 971 654";"833 790";"27 562 686";"2024-09-04 15:24:34"
"2024-09-05";"YouTube";"18 079 245";"1 133 131";"27 562 670";"2024-09-05 19:16:03"
"2024-09-09";"";"30 465";"4 455";"27 562 197";"2024-09-09 03:00:49"
"2024-09-08";"";"303 043";"25 572";"27 562 313";"2024-09-08 10:55:46"
"2024-09-07";"YouTube";"10 585 856";"559 882";"27 563 063";"2024-09-07 21:18:37"
"2024-09-03";"";"27 708";"13 114";"27 563 144";"2024-09-04 01:22:48"
"2024-09-08";"";"691 667";"41 197";"27 561 742";"2024-09-08 03:24:08"
"2024-09-10";"Instagram";"15 874 205";"438 404";"27 561 983";"2024-09-10 04:49:46"
"2024-09-03";"";"521 764";"28 844";"27 562 784";"2024-09-03 03:48:46"
"2024-09-08";"";"22 567";"44 803";"27 562 243";"2024-09-08 05:50:13"
"2024-09-10";"";"534 573";"28 345";"27 563 333";"2024-09-11 01:58:49"
"2024-09-05";"Yandex";"1 399 794";"395 450";"27 562 989";"2024-09-05 23:44:12"
"2024-09-01";"YouTube";"259 473";"139 476";"27 563 394";"2024-09-02 00:09:29"
"2024-09-10";"Facebook";"2 767 081";"280 533";"27 561 884";"2024-09-11 01:34:56"
"2024-09-10";"YouTube";"12 884";"60 901";"27 562 438";"2024-09-10 12:45:17"
"2024-09-06";"";"30 256";"4 177";"27 562 977";"2024-09-06 20:53:44"
"2024-09-05";"";"452 955";"32 802";"27 562 266";"2024-09-06 00:57:57"
"2024-09-01";"";"5 622 435";"226 234";"27 562 797";"2024-09-01 16:49:46"
"2024-09-05";"";"33 353";"2 329";"27 561 342";"2024-09-05 21:42:56"
"2024-09-08";"";"165 261";"17 403";"27 562 511";"2024-09-08 03:24:26"
"2024-09-07";"";"184 664";"425 053";"27 562 125";"2024-09-08 00:57:37"
"2024-09-09";"";"29 669";"2 575";"27 562 173";"2024-09-09 15:24:22"
"2024-09-01";"";"48 465";"6 255";"27 561 325";"2024-09-01 03:00:07"
"2024-09-09";"Yandex";"46 585";"4 198";"27 562 071";"2024-09-10 02:23:27"
"2024-09-08";"Yandex";"36 518";"7 764";"27 562 663";"2024-09-08 05:02:22"
"2024-09-06";"";"164 182";"11 104";"27 561 189";"2024-09-06 17:26:12"
"2024-09-04";"";"1 871 130";"84 896";"27 562 759";"2024-09-04 05:26:00"
"2024-09-10";"";"253 202";"169 618";"27 561 689";"2024-09-10 15:00:28"
"2024-09-07";"";"63 674";"6 614";"27 561 838";"2024-09-07 19:28:42"
"2024-09-08";"";"1 169 312";"55 020";"27 563 153";"2024-09-08 23:32:03"
"2024-09-05";"";"24 679";"26 454";"27 561 390";"2024-09-05 16:13:31"
"2024-09-08";"";"65 635";"5 962";"27 563 243";"2024-09-08 08:17:55"
"2024-09-04";"";"3 026 727";"132 831";"27 562 320";"2024-09-04 09:18:35"
"2024-09-09";"";"34 171";"12 875";"27 562 692";"2024-09-09 09:06:50"
"2024-09-02";"";"374 252";"15 738";"27 561 396";"2024-09-02 17:50:59"
"2024-09-07";"";"27 883";"16 820";"27 562 660";"2024-09-07 18:03:27"
"2024-09-05";"";"31 455";"69 634";"27 562 639";"2024-09-05 04:49:50"
"2024-09-04";"PUBG";"1 665 984";"95 918";"27 561 687";"2024-09-04 17:02:39"
"2024-09-01";"";"67 992";"62 842";"27 562 717";"2024-09-01 13:34:48"
"2024-09-05";"YouTube";"355 336";"79 165";"27 561 569";"2024-09-05 08:41:25"
"2024-09-06";"";"1 394 057";"153 871";"27 561 324";"2024-09-06 03:48:59"
"2024-09-03";"";"3 444 546";"159 195";"27 561 279";"2024-09-04 00:21:37"
"2024-09-01";"";"136 294";"11 594";"27 561 924";"2024-09-01 03:48:38"
"2024-09-08";"YouTube";"6 071 481";"410 781";"27 562 593";"2024-09-08 09:42:22"
"2024-09-10";"Instagram";"4 179 095";"6 202 146";"27 562 142";"2024-09-10 20:41:12"
"2024-09-02";"";"424 266";"308 470";"27 561 690";"2024-09-02 19:16:07"
"2024-09-01";"";"120 055";"26 599";"27 562 557";"2024-09-01 17:14:26"
"2024-09-04";"Instagram";"7 705";"66 474";"27 561 974";"2024-09-04 22:19:21"
"2024-09-10";"";"1 030 974";"41 083";"27 562 468";"2024-09-10 04:37:40"
"2024-09-06";"";"51 316";"102 384";"27 561 586";"2024-09-06 07:40:37"
"2024-09-03";"Telegram";"74 224 029";"26 788 486";"27 561 402";"2024-09-03 22:55:25"
"2024-09-03";"";"28 418";"1 872";"27 561 273";"2024-09-03 05:50:02"
"2024-09-09";"";"585 916";"116 433";"27 562 102";"2024-09-09 16:49:03"
"2024-09-05";"";"26 673";"2 024";"27 561 776";"2024-09-05 20:17:46"
"2024-09-07";"";"4 262";"36 360";"27 562 971";"2024-09-07 17:02:46"
"2024-09-08";"";"88 336";"6 146";"27 562 004";"2024-09-08 21:42:44"
"2024-09-05";"";"12 283";"45 044";"27 562 935";"2024-09-05 18:27:33"
"2024-09-05";"YouTube";"89 777";"5 219";"27 562 263";"2024-09-05 07:16:49"
"2024-09-04";"";"140 430";"6 122";"27 561 204";"2024-09-04 11:32:25"
"2024-09-05";"";"365 235";"43 914";"27 562 497";"2024-09-06 00:09:11"
"2024-09-09";"Yandex";"47 191";"124 599";"27 561 981";"2024-09-10 01:10:37"
"2024-09-10";"";"124 456";"46 924";"27 562 917";"2024-09-10 23:20:33"
"2024-09-08";"Yandex";"421 202";"38 294";"27 561 908";"2024-09-08 19:16:34"
"2024-09-03";"";"146 179";"38 177";"27 561 373";"2024-09-03 15:36:43"
"2024-09-04";"Instagram";"5 335 885";"207 113";"27 561 676";"2024-09-04 09:18:49"
"2024-09-09";"";"86 483";"15 457";"27 561 670";"2024-09-09 15:00:59"
"2024-09-08";"";"167 120";"7 458";"27 562 906";"2024-09-08 05:38:05"
"2024-09-10";"";"37 775";"4 275";"27 561 179";"2024-09-10 05:50:00"
"2024-09-09";"";"7 772";"266 043";"27 562 254";"2024-09-10 02:35:38"
"2024-09-05";"";"193 396";"52 206";"27 561 402";"2024-09-05 13:22:56"
"2024-09-09";"";"50 693";"51 826";"27 561 172";"2024-09-09 18:39:05"
"2024-09-05";"";"41 754";"28 298";"27 561 806";"2024-09-05 23:32:40"
"2024-09-07";"TikTok";"30 988";"1 443 994";"27 563 264";"2024-09-07 17:02:49"
"2024-09-02";"PUBG";"1 767 982";"75 772";"27 563 446";"2024-09-02 05:14:17"
"2024-09-05";"";"166 688";"8 720";"27 561 934";"2024-09-05 19:28:14"
"2024-09-10";"";"107 203";"7 171";"27 562 992";"2024-09-10 17:14:03"
"2024-09-03";"";"31 366";"2 498";"27 563 157";"2024-09-03 03:24:38"
"2024-09-08";"";"225 324";"11 949";"27 561 944";"2024-09-08 12:33:32"
"2024-09-04";"";"357 746";"180 011";"27 561 232";"2024-09-04 16:37:37"
"2024-09-03";"";"20 251";"90 201";"27 562 367";"2024-09-03 07:52:24"
"2024-09-04";"";"42 081";"4 089";"27 563 464";"2024-09-04 21:30:41"
"2024-09-03";"Instagram";"327 294";"87 428";"27 561 723";"2024-09-03 05:02:07"
"2024-09-02";"";"79 924";"39 356";"27 561 171";"2024-09-02 03:00:52"
"2024-09-01";"";"30 903";"17 720";"27 561 198";"2024-09-02 02:23:06"
"2024-09-04";"";"448 574";"20 608";"27 562 291";"2024-09-04 09:42:11"
"2024-09-06";"";"331 683";"11 218";"27 563 213";"2024-09-06 16:01:09"
"2024-09-05";"";"32 172";"7 932";"27 561 186";"2024-09-05 03:24:41"
"2024-09-07";"";"1 935 181";"84 862";"27 562 850";"2024-09-07 14:23:40"
"2024-09-08";"Instagram";"1 846 659";"382 924";"27 562 028";"2024-09-08 10:43:35"
"2024-09-04";"";"195 969";"15 463";"27 561 520";"2024-09-04 19:52:14"
"2024-09-04";"";"252 052";"12 393";"27 561 289";"2024-09-04 16:25:04"
"2024-09-03";"";"64 164";"10 130";"27 561 892";"2024-09-03 17:14:22"
"2024-09-08";"";"60 400";"6 423";"27 562 697";"2024-09-08 10:43:08"
"2024-09-08";"YouTube";"159 889 473";"9 169 273";"27 562 236";"2024-09-08 13:46:27"
"2024-09-09";"";"573 278";"46 389";"27 562 527";"2024-09-09 14:47:16"
"2024-09-02";"Facebook";"156 805";"4 988 977";"27 563 295";"2024-09-02 17:02:37"
"2024-09-04";"";"164 565";"81 897";"27 562 656";"2024-09-04 09:42:04"
"2024-09-03";"Instagram";"17 129 068";"720 645";"27 561 230";"2024-09-03 04:13:57"
"2024-09-06";"";"60 029";"531 438";"27 562 036";"2024-09-06 14:47:34"
"2024-09-02";"";"313 557";"31 751";"27 561 633";"2024-09-02 23:08:33"
"2024-09-07";"YouTube";"27 783";"5 341";"27 561 760";"2024-09-07 07:04:31"
"2024-09-07";"Tas-ix";"28 207";"2 379";"27 562 098";"2024-09-07 13:46:05"
"2024-09-07";"";"4 572";"33 358";"27 563 242";"2024-09-07 13:10:19"
"2024-09-10";"";"79 171";"12 764";"27 562 517";"2024-09-10 18:15:19"
"2024-09-08";"";"69 170";"3 192";"27 563 403";"2024-09-08 05:02:03"
"2024-09-10";"";"207 534";"20 825";"27 562 026";"2024-09-11 02:59:03"
"2024-09-02";"";"100 934";"6 221";"27 563 388";"2024-09-02 22:55:51"
"2024-09-05";"";"41 916";"4 511";"27 562 780";"2024-09-05 14:47:44"
"2024-09-07";"";"285 747";"62 141";"27 562 894";"2024-09-07 11:08:58"
"2024-09-08";"YouTube";"14 110 986";"638 010";"27 563 331";"2024-09-08 15:36:09"
"2024-09-05";"";"34 816";"1 925";"27 562 437";"2024-09-06 00:21:07"
"2024-09-02";"Unknown";"71 995";"132 441";"27 563 355";"2024-09-02 07:16:04"
"2024-09-08";"";"8 832";"40 632";"27 563 512";"2024-09-08 03:24:14"
"2024-09-06";"";"2 171 986";"70 002";"27 562 255";"2024-09-06 07:28:39"
"2024-09-06";"";"282 627";"53 284";"27 563 445";"2024-09-06 10:31:59"
"2024-09-10";"";"52 239";"10 752";"27 562 133";"2024-09-10 18:51:29"
"2024-09-01";"Facebook";"263 521";"26 320";"27 561 402";"2024-09-01 20:41:18"
"2024-09-09";"";"41 446";"138 963";"27 561 570";"2024-09-09 04:49:04"
"2024-09-02";"";"244 624";"295 670";"27 562 896";"2024-09-02 09:54:02"
"2024-09-09";"Telegram";"102 393";"15 170";"27 562 286";"2024-09-09 14:23:35"
"2024-09-09";"";"26 661";"3 932";"27 562 527";"2024-09-09 20:53:05"
"2024-09-09";"";"15 945 585";"994 787";"27 561 403";"2024-09-09 23:32:23"
"2024-09-04";"";"126 840";"470 792";"27 563 413";"2024-09-04 11:32:36"
"2024-09-06";"";"66 031";"43 382";"27 562 003";"2024-09-07 00:33:14"
"2024-09-08";"";"29 675";"3 452";"27 562 708";"2024-09-08 10:07:31"
"2024-09-10";"";"122 014";"47 665";"27 562 363";"2024-09-11 02:59:16"
"2024-09-02";"";"27 481";"10 215";"27 561 582";"2024-09-02 19:16:16"
"2024-09-05";"";"205 243";"37 132";"27 562 107";"2024-09-06 02:35:23"
"2024-09-02";"";"38 102 732";"3 162 455";"27 562 146";"2024-09-02 22:07:31"
"2024-09-05";"YouTube";"249 335 068";"14 481 405";"27 561 275";"2024-09-05 04:13:24"
"2024-09-01";"";"189 356";"805 588";"27 563 244";"2024-09-01 03:24:49"
"2024-09-04";"YouTube";"1 265 678";"65 391";"27 562 261";"2024-09-04 08:29:50"
"2024-09-10";"Telegram";"19 388 906";"13 096 969";"27 562 075";"2024-09-10 06:15:18"
"2024-09-10";"";"892 213";"63 085";"27 562 170";"2024-09-10 05:38:12"
"2024-09-05";"";"33 064";"10 191";"27 563 123";"2024-09-05 10:55:12"
"2024-09-01";"";"26 002";"5 561";"27 561 557";"2024-09-01 06:03:15"
"2024-09-10";"";"339 751";"28 352";"27 562 593";"2024-09-10 18:03:21"
"2024-09-02";"";"79 602";"6 664";"27 561 331";"2024-09-02 13:46:22"
"2024-09-05";"";"29 559";"26 709";"27 562 574";"2024-09-05 15:48:22"
"2024-09-01";"";"39 708";"51 738";"27 562 155";"2024-09-01 09:06:14"
"2024-09-08";"Facebook";"61 801";"115 384";"27 562 313";"2024-09-08 20:05:31"
"2024-09-01";"";"1 787 946";"211 834";"27 562 365";"2024-09-01 07:40:17"
"2024-09-05";"";"1 004 821";"83 919";"27 562 150";"2024-09-05 07:40:27"
"2024-09-02";"";"59 403";"7 608";"27 562 168";"2024-09-02 06:51:10"
"2024-09-03";"";"1 617 630";"72 807";"27 562 841";"2024-09-04 00:57:44"
"2024-09-02";"";"61 942 663";"3 311 479";"27 562 039";"2024-09-02 17:02:41"
"2024-09-04";"";"393 466";"355 641";"27 563 386";"2024-09-04 22:07:51"
"2024-09-10";"";"53 100";"3 593";"27 563 207";"2024-09-10 08:53:26"
"2024-09-04";"";"910 220";"86 457";"27 561 402";"2024-09-04 08:17:06"
"2024-09-03";"Telegram";"175 672 715";"9 635 954";"27 562 257";"2024-09-03 16:49:46"
"2024-09-01";"";"179 743";"12 225";"27 562 437";"2024-09-01 19:28:59"
"2024-09-04";"";"93 498";"96 975";"27 563 187";"2024-09-04 12:33:44"
"2024-09-02";"";"959 683";"91 376";"27 561 234";"2024-09-02 06:39:10"
"2024-09-01";"Tas-ix";"769 531";"20 611";"27 562 143";"2024-09-01 17:02:41"
"2024-09-01";"";"165 030";"18 686";"27 562 022";"2024-09-01 23:56:37"
"2024-09-10";"";"74 070";"6 358";"27 563 093";"2024-09-10 07:28:24"
"2024-09-02";"YouTube";"7 153 515";"2 322 369";"27 562 733";"2024-09-02 15:24:18"
"2024-09-10";"";"63 822";"5 105";"27 561 298";"2024-09-11 02:47:29"
"2024-09-05";"";"324 066";"102 284";"27 562 371";"2024-09-05 17:50:03"
"2024-09-03";"";"3 001 458";"298 365";"27 563 183";"2024-09-03 18:03:58"
"2024-09-04";"";"83 577 170";"3 409 620";"27 561 424";"2024-09-04 17:50:47"
"2024-09-01";"Yandex";"206 674";"272 033";"27 561 776";"2024-09-01 06:27:47"
"2024-09-05";"Tas-ix";"28 430";"4 448";"27 563 083";"2024-09-06 01:58:28"
"2024-09-05";"";"111 486";"5 717";"27 563 225";"2024-09-05 14:23:32"
"2024-09-06";"YouTube";"1 762 050";"512 705";"27 563 494";"2024-09-06 14:35:07"
"2024-09-01";"YouTube";"44 370 627";"3 540 735";"27 562 247";"2024-09-01 21:42:13"
"2024-09-10";"";"25 736";"22 217";"27 562 880";"2024-09-10 04:13:59"
"2024-09-04";"";"821 354";"19 512";"27 561 275";"2024-09-04 05:26:08"
"2024-09-02";"PUBG";"1 191 992";"53 857";"27 562 850";"2024-09-02 12:09:38"
"2024-09-07";"";"213 812";"14 707";"27 562 968";"2024-09-07 18:39:05"
"2024-09-05";"";"2 531 165";"105 461";"27 561 341";"2024-09-05 13:46:26"
"2024-09-08";"";"59 825";"8 979";"27 562 357";"2024-09-08 23:44:28"
"2024-09-07";"";"21 300";"29 135";"27 562 203";"2024-09-07 14:35:24"
"2024-09-09";"";"47 026";"2 837";"27 562 419";"2024-09-09 18:03:18"
"2024-09-06";"";"706 234";"119 002";"27 563 177";"2024-09-06 23:56:32"
"2024-09-05";"";"159 283";"6 890";"27 563 218";"2024-09-06 00:33:41"
"2024-09-09";"Telegram";"1 889 660";"259 955";"27 563 212";"2024-09-09 10:55:16"
"2024-09-03";"Instagram";"699 996";"258 865";"27 563 263";"2024-09-03 16:01:48"
"2024-09-08";"";"4 967";"40 053";"27 562 854";"2024-09-08 23:20:30"
"2024-09-08";"";"33 124";"4 736";"27 562 666";"2024-09-08 15:00:18"
"2024-09-10";"Facebook";"83 265";"14 035";"27 561 205";"2024-09-10 07:40:13"
"2024-09-10";"";"593 700";"53 687";"27 561 715";"2024-09-10 14:47:53"
"2024-09-09";"Facebook";"75 162";"13 699";"27 563 372";"2024-09-09 16:01:48"
"2024-09-03";"Telegram";"951 316";"71 023";"27 561 877";"2024-09-03 14:59:23"
"2024-09-06";"";"5 994 834";"871 787";"27 561 745";"2024-09-06 08:41:26"
"2024-09-09";"";"27 502";"5 104";"27 563 142";"2024-09-09 17:26:26"
"2024-09-06";"";"119 090";"114 305";"27 561 690";"2024-09-06 22:55:53"
"2024-09-09";"";"183 683";"83 681";"27 563 310";"2024-09-09 07:04:33"
"2024-09-09";"Telegram";"29 201 040";"6 391 420";"27 562 864";"2024-09-09 07:40:04"
"2024-09-08";"Instagram";"2 538 824";"1 735 045";"27 563 234";"2024-09-09 00:09:18"
"2024-09-10";"";"87 928";"15 244";"27 562 879";"2024-09-10 23:32:11"
"2024-09-09";"";"1 554 198";"46 460";"27 561 649";"2024-09-09 05:38:46"
"2024-09-06";"";"41 467";"3 688";"27 561 289";"2024-09-06 14:35:31"
"2024-09-03";"Tas-ix";"5 269 715";"188 495";"27 562 469";"2024-09-03 13:10:42"
"2024-09-10";"";"72 051";"50 962";"27 563 464";"2024-09-10 16:13:30"
"2024-09-03";"";"48 666";"53 071";"27 562 014";"2024-09-03 04:37:57"
"2024-09-08";"";"33 523";"9 498";"27 561 311";"2024-09-08 16:01:10"
"2024-09-03";"";"126 096";"23 222";"27 561 352";"2024-09-03 17:38:53"
"2024-09-04";"";"28 499";"11 279";"27 561 687";"2024-09-04 13:58:37"
"2024-09-04";"YouTube";"1 897 694";"120 735";"27 562 612";"2024-09-04 08:29:24"
"2024-09-08";"YouTube";"420 308";"4 178 590";"27 563 141";"2024-09-08 21:18:28"
"2024-09-05";"YouTube";"70 337 370";"5 406 431";"27 563 494";"2024-09-05 20:41:58"
"2024-09-06";"Facebook";"28 532";"2 572";"27 561 586";"2024-09-06 03:24:11"
"2024-09-04";"";"34 687";"24 477";"27 563 199";"2024-09-04 07:04:51"
"2024-09-01";"";"244 870";"65 840";"27 563 219";"2024-09-01 09:30:47"
"2024-09-06";"";"382 491";"52 977";"27 561 547";"2024-09-06 15:48:34"
"2024-09-08";"Apple Music";"157 068";"20 640";"27 563 507";"2024-09-08 15:48:37"
"2024-09-05";"";"8 680";"31 899";"27 562 836";"2024-09-05 22:19:45"
"2024-09-05";"";"2 412 617";"1 388 109";"27 561 753";"2024-09-05 17:26:27"
"2024-09-10";"YouTube";"338 878";"87 724";"27 563 043";"2024-09-10 05:02:06"
"2024-09-10";"";"23 843";"55 064";"27 561 737";"2024-09-10 22:07:09"
"2024-09-02";"";"1 167 487";"119 899";"27 561 690";"2024-09-02 05:26:33"
"2024-09-04";"";"51 066";"5 572";"27 563 157";"2024-09-05 01:58:26"
"2024-09-02";"PUBG";"3 074 624";"139 456";"27 563 264";"2024-09-02 03:00:40"
"2024-09-05";"Telegram";"4 730 592";"381 728";"27 561 578";"2024-09-05 11:20:03"
"2024-09-07";"Instagram";"9 090 312";"5 679 763";"27 563 096";"2024-09-07 22:55:40"
"2024-09-08";"";"335 312";"677 977";"27 561 436";"2024-09-08 12:09:52"
"2024-09-03";"";"30 986";"1 829";"27 562 050";"2024-09-03 10:55:28"
"2024-09-09";"";"40 820";"4 010";"27 562 527";"2024-09-10 01:10:28"
"2024-09-01";"Yandex";"192 716";"21 171";"27 561 454";"2024-09-02 02:47:38"
"2024-09-04";"YouTube";"202 287";"289 239";"27 561 774";"2024-09-04 09:06:55"
"2024-09-04";"";"766 568 225";"64 607 684";"27 562 564";"2024-09-04 16:49:19"
"2024-09-10";"Yandex";"420 191";"33 287";"27 562 808";"2024-09-11 01:58:34"
"2024-09-09";"Instagram";"242 113";"9 316";"27 563 070";"2024-09-09 08:29:54"
"2024-09-09";"Yandex";"214 837";"116 805";"27 561 477";"2024-09-09 13:22:16"
"2024-09-08";"";"146 316";"5 052";"27 562 213";"2024-09-08 03:48:13"
"2024-09-09";"";"20 890";"261 067";"27 562 047";"2024-09-09 08:17:59"
"2024-09-05";"";"25 796";"8 367";"27 563 198";"2024-09-05 14:23:41"
"2024-09-08";"";"1 734 208";"68 414";"27 561 485";"2024-09-08 09:42:26"
"2024-09-03";"";"103 883 215";"3 461 907";"27 562 838";"2024-09-03 13:22:51"
"2024-09-06";"";"95 454";"117 697";"27 563 413";"2024-09-06 10:31:31"
"2024-09-07";"Instagram";"5 899 206";"3 419 063";"27 562 391";"2024-09-07 08:29:02"
"2024-09-07";"";"88 479 775";"3 810 232";"27 561 965";"2024-09-08 02:47:40"
"2024-09-05";"VKontakte";"180 071";"10 806";"27 561 253";"2024-09-05 08:17:48"
"2024-09-09";"";"133 243";"35 522";"27 562 427";"2024-09-10 00:45:07"
"2024-09-02";"Facebook";"136 419";"11 376";"27 563 174";"2024-09-02 06:15:37"
"2024-09-05";"";"857 792";"73 863";"27 562 941";"2024-09-06 02:35:16"
"2024-09-08";"";"86 127";"13 713";"27 563 024";"2024-09-08 03:00:38"
"2024-09-07";"";"975 196";"137 492";"27 562 961";"2024-09-07 03:48:26"
"2024-09-07";"Facebook";"56 496";"15 210";"27 562 372";"2024-09-07 21:06:57"
"2024-09-05";"Instagram";"36 517 435";"893 988";"27 561 760";"2024-09-05 10:43:14"
"2024-09-05";"";"64 463";"11 136";"27 563 159";"2024-09-06 02:59:35"
"2024-09-05";"YouTube";"30 248";"15 178";"27 561 615";"2024-09-05 21:06:34"
"2024-09-06";"Instagram";"25 265 876";"965 867";"27 561 836";"2024-09-06 10:43:57"
"2024-09-06";"";"267 222";"789 723";"27 561 330";"2024-09-06 12:45:09"
"2024-09-03";"";"409 315";"28 764";"27 563 471";"2024-09-03 10:19:00"
"2024-09-07";"";"17 399 632";"569 970";"27 562 858";"2024-09-07 13:22:56"
"2024-09-09";"YouTube";"69 981";"17 403";"27 561 466";"2024-09-09 03:24:33"
"2024-09-09";"Facebook";"998 505";"68 252";"27 562 497";"2024-09-09 08:17:47"
"2024-09-09";"Instagram";"20 666 180";"401 645";"27 562 717";"2024-09-09 04:25:18"
"2024-09-10";"";"218 622";"61 960";"27 561 862";"2024-09-11 01:22:45"
"2024-09-01";"";"328 484";"19 732";"27 561 375";"2024-09-01 03:36:02"
"2024-09-02";"";"878 590";"26 988";"27 562 255";"2024-09-02 13:58:55"
"2024-09-02";"";"31 526";"124 164";"27 563 320";"2024-09-02 05:50:56"
"2024-09-03";"";"143 907";"34 813";"27 561 230";"2024-09-03 19:40:47"
"2024-09-10";"";"297 285";"12 629 194";"27 562 808";"2024-09-10 10:19:24"
"2024-09-10";"";"186 911 046";"6 651 881";"27 561 838";"2024-09-11 02:47:29"
"2024-09-06";"Instagram";"8 487 021";"9 831 973";"27 562 544";"2024-09-06 13:34:09"
"2024-09-08";"";"8 577 222";"714 956";"27 562 827";"2024-09-08 05:38:41"
"2024-09-07";"";"44 598";"1 868";"27 561 743";"2024-09-07 05:26:44"
"2024-09-10";"";"28 170";"14 812";"27 562 713";"2024-09-11 01:22:09"
"2024-09-02";"Facebook";"148 738";"57 508";"27 561 383";"2024-09-02 17:26:22"
"2024-09-05";"Instagram";"32 651 262";"1 565 019";"27 561 341";"2024-09-05 12:21:42"
"2024-09-02";"";"46 282";"21 551";"27 562 156";"2024-09-02 12:33:18"
"2024-09-09";"";"95 875";"11 137";"27 561 693";"2024-09-09 23:32:50"
"2024-09-05";"";"35 697";"63 166";"27 561 544";"2024-09-05 10:43:28"
"2024-09-06";"";"47 859";"10 711";"27 562 906";"2024-09-06 13:10:45"
"2024-09-06";"";"36 305";"27 677";"27 563 491";"2024-09-07 01:22:39"
"2024-09-10";"YouTube";"508 116";"29 935";"27 562 578";"2024-09-10 22:31:40"
"2024-09-01";"";"4 585";"141 757";"27 562 464";"2024-09-01 17:02:23"
"2024-09-07";"";"37 472";"7 798";"27 563 148";"2024-09-07 09:30:32"
"2024-09-02";"YouTube";"81 348";"655 120";"27 562 714";"2024-09-02 07:28:44"
"2024-09-09";"";"1 215 972";"71 057";"27 562 061";"2024-09-09 08:29:30"
"2024-09-10";"";"7 573 316";"828 341";"27 561 211";"2024-09-10 04:37:16"
"2024-09-08";"";"28 779";"6 575";"27 563 336";"2024-09-08 05:14:53"
"2024-09-03";"YouTube";"338 803";"15 519";"27 563 334";"2024-09-03 13:22:03"
"2024-09-08";"YouTube";"44 063";"498 947";"27 562 645";"2024-09-08 13:10:30"
"2024-09-02";"";"28 904";"2 408";"27 561 211";"2024-09-02 19:52:13"
"2024-09-01";"";"69 203";"4 800";"27 563 083";"2024-09-01 14:23:20"
"2024-09-10";"";"178 673";"21 503";"27 561 341";"2024-09-10 19:16:21"
"2024-09-02";"";"16 095";"29 681";"27 563 491";"2024-09-02 11:56:37"
"2024-09-09";"";"353 884";"874 668";"27 563 293";"2024-09-09 19:52:45"
"2024-09-05";"";"897 802";"362 103";"27 562 263";"2024-09-05 04:25:59"
"2024-09-03";"YouTube";"185 847";"1 486 722";"27 561 540";"2024-09-03 12:09:45"
"2024-09-03";"";"185 046";"12 802";"27 561 365";"2024-09-03 19:28:58"
"2024-09-01";"";"93 906";"8 269";"27 562 725";"2024-09-01 10:55:01"
"2024-09-09";"";"90 292";"61 353";"27 562 096";"2024-09-09 16:25:16"
"2024-09-05";"";"18 049 849";"524 980";"27 562 850";"2024-09-05 08:29:48"
"2024-09-07";"Telegram";"70 585 477";"11 937 269";"27 561 884";"2024-09-07 21:06:47"
"2024-09-04";"";"693 519";"118 858";"27 562 714";"2024-09-04 04:37:23"
"2024-09-10";"WhatsApp";"512 937";"2 628 443";"27 562 984";"2024-09-10 23:20:33"
"2024-09-05";"YouTube";"486 958";"5 851 486";"27 562 146";"2024-09-05 23:44:24"
"2024-09-10";"";"795 202";"739 906";"27 562 578";"2024-09-10 23:08:51"
"2024-09-05";"";"25 950";"2 214";"27 562 863";"2024-09-05 15:24:41"
"2024-09-10";"";"33 732";"3 213";"27 562 009";"2024-09-10 12:45:09"
"2024-09-01";"";"51 571";"86 382";"27 561 871";"2024-09-01 04:13:59"
"2024-09-09";"";"388 709";"15 454";"27 563 267";"2024-09-09 06:03:21"
"2024-09-10";"";"271 018";"8 497 204";"27 563 023";"2024-09-10 17:02:22"
"2024-09-06";"YouTube";"126 952";"17 604";"27 561 444";"2024-09-06 07:16:05"
"2024-09-03";"";"152 668";"20 132";"27 562 582";"2024-09-03 03:00:48"
"2024-09-09";"";"67 002";"9 314";"27 562 711";"2024-09-09 23:56:43"
"2024-09-07";"";"39 929";"4 865";"27 562 150";"2024-09-07 13:34:27"
"2024-09-08";"Telegram";"942 268";"77 103";"27 562 545";"2024-09-08 22:31:53"
"2024-09-02";"";"233 731";"709 060";"27 561 722";"2024-09-03 02:11:07"
"2024-09-03";"";"26 785";"3 537";"27 562 842";"2024-09-03 13:22:03"
"2024-09-09";"";"126 787";"11 134";"27 563 029";"2024-09-09 20:41:59"
"2024-09-04";"";"128 875";"14 835";"27 563 076";"2024-09-05 01:10:57"
"2024-09-01";"PUBG";"35 317";"13 817";"27 562 014";"2024-09-01 09:54:11"
"2024-09-04";"YouTube";"2 090 589";"107 926";"27 561 686";"2024-09-04 22:55:25"
"2024-09-04";"Facebook";"35 447";"6 129";"27 561 462";"2024-09-04 11:56:55"
"2024-09-01";"Apple Music";"88 485";"5 786";"27 561 670";"2024-09-02 02:11:42"
"2024-09-07";"YouTube";"1 194 295";"82 511";"27 563 438";"2024-09-07 09:06:48"
"2024-09-05";"";"663 944";"41 042";"27 562 680";"2024-09-05 13:46:29"
"2024-09-08";"";"33 700";"25 950";"27 562 685";"2024-09-08 13:10:56"
"2024-09-03";"";"30 962";"39 473";"27 562 320";"2024-09-03 22:55:44"
"2024-09-02";"";"42 748";"4 902";"27 561 697";"2024-09-02 13:10:56"
"2024-09-06";"";"77 088";"8 626";"27 563 313";"2024-09-06 13:34:17"
"2024-09-09";"";"34 027";"80 181";"27 562 278";"2024-09-09 19:28:02"
"2024-09-06";"";"508 373";"206 495";"27 562 376";"2024-09-06 07:28:08"
"2024-09-09";"";"87 918";"9 310";"27 561 555";"2024-09-09 07:28:12"
"2024-09-03";"";"289 511";"63 059";"27 562 127";"2024-09-03 13:10:45"
"2024-09-06";"Instagram";"237 926";"15 177";"27 561 600";"2024-09-07 02:23:11"
"2024-09-06";"";"14 097";"38 277";"27 561 477";"2024-09-06 09:54:43"
"2024-09-07";"";"216 834";"112 107";"27 563 144";"2024-09-08 00:21:49"
"2024-09-02";"";"3 214 670";"73 859";"27 562 298";"2024-09-02 04:49:05"
"2024-09-04";"";"2 864 117";"141 903";"27 561 286";"2024-09-04 23:20:00"
"2024-09-08";"";"218 829";"7 139";"27 563 503";"2024-09-08 11:08:39"
"2024-09-09";"";"86 133";"12 447";"27 562 775";"2024-09-09 15:00:25"
"2024-09-03";"";"2 793 801";"177 251";"27 561 219";"2024-09-03 23:32:10"
"2024-09-08";"";"194 542";"109 432";"27 561 286";"2024-09-08 17:14:39"
"2024-09-09";"Apple Music";"31 133";"6 449";"27 561 552";"2024-09-10 01:22:15"
"2024-09-07";"";"82 732";"9 093";"27 563 410";"2024-09-07 04:25:18"
"2024-09-09";"YouTube";"4 460 732";"1 260 971";"27 562 105";"2024-09-09 10:43:37"
"2024-09-02";"";"70 774";"26 113";"27 561 378";"2024-09-03 02:47:08"
"2024-09-10";"";"15 924 095";"1 147 305";"27 561 436";"2024-09-10 11:20:14"
"2024-09-06";"";"240 434";"35 547";"27 561 633";"2024-09-06 08:41:59"
"2024-09-10";"";"1 114 767";"103 916";"27 561 915";"2024-09-10 14:23:06"
"2024-09-01";"";"64 305";"4 942";"27 562 071";"2024-09-01 10:07:32"
"2024-09-08";"";"684 771";"444 699";"27 562 934";"2024-09-08 09:30:14"
"2024-09-02";"YouTube";"583 298";"161 185";"27 562 793";"2024-09-02 06:03:04"
"2024-09-01";"";"73 748";"101 566";"27 562 192";"2024-09-01 21:54:13"
"2024-09-05";"YouTube";"5 669 806";"301 561";"27 562 207";"2024-09-06 02:47:13"
"2024-09-04";"";"108 073";"7 836";"27 562 590";"2024-09-04 16:49:19"
"2024-09-01";"YouTube";"719 869";"50 167";"27 561 666";"2024-09-01 23:56:20"
"2024-09-08";"";"155 487";"111 157";"27 562 720";"2024-09-08 07:04:26"
"2024-09-09";"Instagram";"69 004 743";"1 301 312";"27 561 763";"2024-09-10 02:35:40"
"2024-09-08";"YouTube";"71 622 146";"4 281 982";"27 561 273";"2024-09-08 03:48:41"
"2024-09-04";"";"35 030";"45 634";"27 563 171";"2024-09-04 03:24:26"
"2024-09-07";"";"13 744";"44 435";"27 561 569";"2024-09-07 06:39:41"
"2024-09-03";"";"87 007";"5 063";"27 562 791";"2024-09-03 09:30:20"
"2024-09-09";"Apple Music";"28 983";"15 073";"27 563 097";"2024-09-09 19:16:20"
"2024-09-06";"YouTube";"452 558";"75 791";"27 562 806";"2024-09-06 16:49:03"
"2024-09-02";"YouTube";"1 541 343";"259 623";"27 561 872";"2024-09-02 09:06:09"
"2024-09-04";"";"29 595";"2 825";"27 563 387";"2024-09-04 23:20:24"
"2024-09-03";"";"152 054";"58 031";"27 563 261";"2024-09-03 16:25:00"
"2024-09-02";"";"340 717";"93 120";"27 562 318";"2024-09-02 16:37:18"
"2024-09-06";"Instagram";"32 992 015";"1 058 876";"27 562 832";"2024-09-06 06:51:08"
"2024-09-02";"Tas-ix";"264 172";"11 771";"27 561 341";"2024-09-02 18:03:59"
"2024-09-10";"";"84 168";"8 077";"27 561 838";"2024-09-10 16:25:22"
"2024-09-05";"";"37 115";"7 205";"27 562 371";"2024-09-05 19:40:23"
"2024-09-07";"";"1 090 884";"105 848";"27 563 315";"2024-09-07 23:32:27"
"2024-09-08";"";"243 958 877";"19 059 616";"27 562 675";"2024-09-09 00:33:24"
"2024-09-02";"";"575 965";"87 611";"27 563 289";"2024-09-02 03:36:35"
"2024-09-04";"";"1 441 045";"78 596";"27 562 260";"2024-09-04 12:21:16"
"2024-09-05";"";"39 802";"39 668";"27 561 302";"2024-09-05 09:30:14"
"2024-09-07";"";"28 110";"6 841";"27 562 484";"2024-09-07 10:31:49"
"2024-09-03";"";"42 578";"2 241";"27 563 121";"2024-09-03 14:59:28"
"2024-09-01";"";"19 279";"27 405";"27 561 343";"2024-09-01 07:04:46"
"2024-09-10";"";"460 316";"112 195";"27 563 030";"2024-09-10 18:51:25"
"2024-09-05";"";"199 294";"14 366";"27 561 230";"2024-09-05 15:00:36"
"2024-09-03";"";"477 631";"64 810";"27 561 763";"2024-09-03 20:41:24"
"2024-09-08";"YouTube";"4 740 687";"274 645";"27 561 445";"2024-09-08 07:52:53"
"2024-09-09";"";"1 916 054";"350 418";"27 562 167";"2024-09-09 11:32:44"
"2024-09-06";"";"67 482";"75 981";"27 562 469";"2024-09-06 18:03:54"
"2024-09-10";"";"27 680";"1 152";"27 561 401";"2024-09-10 11:32:48"
"2024-09-09";"";"200 293";"12 416";"27 562 431";"2024-09-10 00:09:27"
"2024-09-10";"YouTube";"300 320 122";"9 665 425";"27 562 115";"2024-09-10 14:47:15"
"2024-09-03";"Facebook";"38 009";"2 019";"27 563 376";"2024-09-03 23:08:40"
"2024-09-08";"Telegram";"42 553";"11 577";"27 561 801";"2024-09-08 13:10:01"
"2024-09-06";"";"41 803";"7 179";"27 561 337";"2024-09-07 01:22:09"
"2024-09-08";"Instagram";"5 481 525";"167 598";"27 562 466";"2024-09-08 06:03:31"
"2024-09-08";"";"32 288";"10 686";"27 561 881";"2024-09-08 17:14:09"
"2024-09-06";"";"29 886";"21 044";"27 561 992";"2024-09-06 05:50:29"
"2024-09-09";"";"184 668";"15 100";"27 562 156";"2024-09-09 19:28:17"
"2024-09-02";"";"32 453";"89 772";"27 563 163";"2024-09-02 20:05:22"
"2024-09-07";"Yandex";"739 890";"25 392";"27 562 748";"2024-09-07 21:42:32"
"2024-09-02";"Telegram";"506 357 674";"34 792 270";"27 561 924";"2024-09-02 11:44:39"
"2024-09-04";"";"66 369";"98 771";"27 561 741";"2024-09-04 23:20:31"
"2024-09-08";"";"464 532";"226 504";"27 561 689";"2024-09-08 07:16:10"
"2024-09-02";"";"2 944";"87 986";"27 561 649";"2024-09-02 21:30:09"
"2024-09-04";"Facebook";"228 191";"12 308";"27 563 262";"2024-09-04 22:19:04"
"2024-09-01";"";"78 349";"91 314";"27 561 994";"2024-09-01 10:43:16"
"2024-09-09";"";"49 829";"2 711";"27 561 708";"2024-09-09 07:40:45"
"2024-09-09";"Instagram";"163 616";"12 406";"27 563 078";"2024-09-09 09:42:20"
"2024-09-08";"PUBG";"282 480 252";"12 365 743";"27 561 884";"2024-09-08 22:55:59"
"2024-09-09";"";"139 107";"7 313";"27 563 191";"2024-09-09 23:20:24"
"2024-09-09";"";"0";"27 138";"27 562 733";"2024-09-09 21:18:31"
"2024-09-02";"Facebook";"61 731";"30 682";"27 561 883";"2024-09-02 16:13:24"
"2024-09-08";"";"268 937";"10 475";"27 561 981";"2024-09-08 07:52:34"
"2024-09-06";"";"80 166";"4 934";"27 561 213";"2024-09-06 23:20:11"
"2024-09-06";"";"183 452";"208 007";"27 562 474";"2024-09-06 22:19:14"
"2024-09-05";"Facebook";"148 940";"10 317";"27 561 821";"2024-09-05 20:17:32"
"2024-09-10";"YouTube";"317 953 022";"18 511 565";"27 561 874";"2024-09-10 22:07:25"
"2024-09-06";"";"94 729";"10 873";"27 562 156";"2024-09-06 05:02:36"
"2024-09-03";"";"59 969";"17 873";"27 561 176";"2024-09-03 13:22:58"
"2024-09-10";"";"25 672";"2 151";"27 561 884";"2024-09-10 10:43:38"
"2024-09-09";"Facebook";"253 904";"31 782";"27 561 480";"2024-09-09 17:26:36"
"2024-09-09";"";"255 707";"12 218";"27 563 048";"2024-09-09 16:25:39"
"2024-09-03";"";"102 692";"5 037";"27 561 680";"2024-09-03 20:29:57"
"2024-09-02";"";"25 811";"7 481";"27 563 467";"2024-09-02 07:52:32"
"2024-09-01";"";"84 279";"5 221";"27 562 684";"2024-09-01 07:40:55"
"2024-09-08";"";"87 628";"40 766";"27 562 815";"2024-09-08 21:54:23"
"2024-09-09";"";"1 444 563";"65 887";"27 562 840";"2024-09-09 13:10:44"
"2024-09-06";"Telegram";"9 251 668";"443 350";"27 561 543";"2024-09-06 05:38:50"
"2024-09-04";"";"195 577";"165 584";"27 561 454";"2024-09-04 12:21:11"
"2024-09-06";"";"1 113 157";"97 428";"27 563 317";"2024-09-06 04:25:45"
"2024-09-06";"";"30 684 084";"1 564 784";"27 561 819";"2024-09-06 23:08:48"
"2024-09-09";"";"84 449";"33 099";"27 562 172";"2024-09-09 23:08:35"
"2024-09-10";"";"35 034";"7 118";"27 562 097";"2024-09-10 11:32:01"
"2024-09-08";"";"140 466";"2 162";"27 562 287";"2024-09-08 23:08:46"
"2024-09-03";"";"299 622";"10 907";"27 562 094";"2024-09-03 20:29:45"
"2024-09-02";"";"1 781 584";"82 837";"27 562 739";"2024-09-02 08:41:44"
"2024-09-01";"";"20 228";"152 511";"27 562 571";"2024-09-01 14:59:47"
"2024-09-09";"";"484 363";"97 838";"27 563 225";"2024-09-09 12:21:02"
"2024-09-06";"Likee";"24 284";"27 445";"27 562 204";"2024-09-06 12:09:37"
"2024-09-09";"";"9 050 922";"625 620";"27 562 608";"2024-09-09 09:42:45"
"2024-09-02";"";"16 953";"38 619";"27 561 989";"2024-09-02 15:12:15"
"2024-09-01";"";"9 009";"54 320";"27 561 922";"2024-09-01 20:29:33"
"2024-09-05";"Instagram";"7 340 725";"9 714 130";"27 561 295";"2024-09-06 02:35:28"
"2024-09-02";"";"94 797";"15 087";"27 561 234";"2024-09-02 15:24:18"
"2024-09-03";"YouTube";"508 181 414";"30 544 980";"27 563 304";"2024-09-03 05:14:43"
"2024-09-03";"Instagram";"78 125";"12 009";"27 563 122";"2024-09-03 17:14:01"
"2024-09-06";"";"657 323";"219 817";"27 562 847";"2024-09-06 15:00:11"
"2024-09-06";"";"27 347";"4 437";"27 563 153";"2024-09-06 11:44:17"
"2024-09-07";"";"110 078";"258 955";"27 562 919";"2024-09-07 12:33:30"
"2024-09-08";"YouTube";"4 910 598";"282 652";"27 561 490";"2024-09-08 13:10:32"
"2024-09-03";"";"44 285";"13 033";"27 561 587";"2024-09-03 09:18:33"
"2024-09-02";"YouTube";"315 344 766";"25 330 974";"27 562 593";"2024-09-02 15:00:17"
"2024-09-05";"";"149 902";"156 392";"27 561 252";"2024-09-05 09:54:02"
"2024-09-07";"Facebook";"31 546";"1 956";"27 562 582";"2024-09-08 01:22:35"
"2024-09-06";"Facebook";"34 721";"6 676";"27 562 372";"2024-09-07 00:57:53"
"2024-09-01";"";"58 325";"135 890";"27 562 254";"2024-09-01 10:55:22"
"2024-09-10";"";"555 913";"66 440";"27 562 681";"2024-09-10 12:33:43"
"2024-09-02";"";"172 571";"50 322";"27 563 080";"2024-09-02 08:53:08"
"2024-09-06";"";"111 572";"20 920";"27 562 865";"2024-09-06 15:12:04"
"2024-09-08";"";"2 318 130";"187 648";"27 562 915";"2024-09-08 13:58:37"
"2024-09-05";"";"49 946";"24 041";"27 562 739";"2024-09-05 22:07:19"
"2024-09-03";"";"630 629";"190 391";"27 562 793";"2024-09-03 07:40:50"
"2024-09-09";"";"47 640";"6 039";"27 561 802";"2024-09-09 18:39:56"
"2024-09-05";"YouTube";"11 519 328";"882 514";"27 562 754";"2024-09-05 13:22:58"
"2024-09-03";"";"2 016 065 785";"23 906 068";"27 562 511";"2024-09-03 08:53:18"
"2024-09-06";"Instagram";"39 344 061";"1 529 183";"27 563 081";"2024-09-06 23:44:12"
"2024-09-10";"YouTube";"624 658";"115 981";"27 561 571";"2024-09-11 02:59:26"
"2024-09-04";"";"64 262";"10 569";"27 562 146";"2024-09-05 02:11:28"
"2024-09-10";"";"33 109";"8 555";"27 561 480";"2024-09-10 03:24:56"
"2024-09-03";"Apple Music";"131 922";"53 937";"27 561 840";"2024-09-03 06:39:58"
"2024-09-01";"";"93 538";"77 893";"27 562 651";"2024-09-02 02:11:34"
"2024-09-10";"";"174 261";"751 020";"27 561 850";"2024-09-10 12:21:12"
"2024-09-08";"";"152 490";"526 091";"27 561 433";"2024-09-08 08:41:05"
"2024-09-03";"";"39 380";"2 694";"27 561 386";"2024-09-03 05:14:00"
"2024-09-01";"";"2 178 569";"104 678";"27 562 465";"2024-09-01 10:07:32"
"2024-09-01";"Instagram";"167 801";"15 429";"27 561 775";"2024-09-01 17:50:32"
"2024-09-04";"";"117 879";"7 201";"27 562 633";"2024-09-04 19:40:50"
"2024-09-08";"Yandex";"42 482";"8 646";"27 562 252";"2024-09-08 11:08:31"
"2024-09-02";"";"41 023";"3 044";"27 563 379";"2024-09-02 06:27:20"
"2024-09-10";"";"66 535";"2 838";"27 562 607";"2024-09-10 16:13:33"
"2024-09-06";"";"1 236 121";"95 384";"27 561 922";"2024-09-06 12:45:55"
"2024-09-01";"";"1 035 780";"257 277";"27 561 997";"2024-09-01 12:57:30"
"2024-09-04";"Instagram";"1 867 558";"45 315";"27 561 217";"2024-09-04 04:13:48"
"2024-09-02";"YouTube";"369 275";"33 613";"27 562 864";"2024-09-02 03:48:08"
"2024-09-07";"YouTube";"146 583";"28 926";"27 561 870";"2024-09-08 00:09:15"
"2024-09-05";"YouTube";"198 297";"15 444";"27 562 714";"2024-09-06 00:21:37"
"2024-09-08";"";"63 698";"19 460";"27 561 449";"2024-09-09 01:58:51"
"2024-09-10";"";"62 606";"3 379";"27 562 445";"2024-09-10 12:45:59"
"2024-09-10";"";"33 588";"26 496";"27 562 257";"2024-09-10 15:24:00"
"2024-09-06";"";"167 747";"8 620";"27 561 197";"2024-09-06 18:27:23"
"2024-09-10";"";"528 732";"1 599 070";"27 562 442";"2024-09-10 13:22:38"
"2024-09-08";"";"136 411";"13 401";"27 563 300";"2024-09-08 07:52:58"
"2024-09-04";"";"59 414";"3 029";"27 561 787";"2024-09-04 22:43:24"
"2024-09-08";"YouTube";"12 340 192";"606 676";"27 562 115";"2024-09-08 23:08:48"
"2024-09-03";"WhatsApp";"29 006";"3 937";"27 562 337";"2024-09-03 18:03:29"
"2024-09-01";"";"1 678 847";"73 335";"27 562 230";"2024-09-01 17:02:01"
"2024-09-05";"";"26 203";"10 950";"27 563 416";"2024-09-05 04:13:11"
"2024-09-10";"";"618 734";"102 707";"27 561 564";"2024-09-10 04:01:14"
"2024-09-06";"";"34 594";"19 975";"27 561 367";"2024-09-06 20:29:05"
"2024-09-06";"Facebook";"538 935";"160 345";"27 561 958";"2024-09-06 19:40:32"
"2024-09-02";"Instagram";"5 763 420";"385 306";"27 562 474";"2024-09-03 01:46:47"
"2024-09-07";"";"121 456";"177 079";"27 561 177";"2024-09-08 02:35:45"
"2024-09-09";"";"81 592 239";"7 697 063";"27 562 609";"2024-09-09 17:02:33"
"2024-09-03";"YouTube";"18 959";"26 067";"27 561 908";"2024-09-03 05:26:30"
"2024-09-10";"YouTube";"2 686 031";"838 144";"27 561 855";"2024-09-10 18:15:21"
"2024-09-09";"";"27 790";"3 647";"27 561 456";"2024-09-10 00:57:14"
"2024-09-09";"Telegram";"149 918";"16 289";"27 562 326";"2024-09-09 10:07:42"
"2024-09-01";"";"2 026 898";"64 615";"27 562 194";"2024-09-01 12:33:35"
"2024-09-01";"";"53 323";"5 153";"27 562 573";"2024-09-01 15:36:44"
"2024-09-09";"YouTube";"401 366";"69 011";"27 562 506";"2024-09-09 04:37:23"
"2024-09-08";"";"12 725";"32 745";"27 561 538";"2024-09-08 17:50:34"
"2024-09-07";"";"30 746 934";"8 567 840";"27 563 317";"2024-09-07 17:14:27"
"2024-09-10";"";"75 073";"8 614";"27 562 499";"2024-09-11 02:47:56"
"2024-09-03";"YouTube";"173 321";"9 852";"27 563 491";"2024-09-03 08:53:31"
"2024-09-03";"Telegram";"5 443 144";"495 184";"27 563 446";"2024-09-03 11:08:43"
"2024-09-04";"";"55 491";"30 502";"27 561 276";"2024-09-04 04:13:19"
"2024-09-06";"Telegram";"10 468 379";"417 408";"27 562 739";"2024-09-06 14:47:17"
"2024-09-04";"Yandex";"43 382";"23 307";"27 563 177";"2024-09-04 20:29:06"
"2024-09-09";"Facebook";"33 861";"2 085";"27 563 143";"2024-09-09 21:06:59"
"2024-09-06";"";"35 755";"4 720";"27 562 059";"2024-09-06 14:35:44"
"2024-09-01";"Telegram";"3 812 123";"287 949";"27 562 499";"2024-09-01 11:32:20"
"2024-09-08";"";"541 487";"22 373";"27 561 275";"2024-09-08 07:40:58"
"2024-09-02";"";"610 745";"65 911";"27 561 552";"2024-09-02 03:36:46"
"2024-09-05";"";"122 878";"5 867";"27 562 338";"2024-09-05 12:45:27"
"2024-09-09";"WhatsApp";"25 734";"9 756";"27 562 879";"2024-09-09 21:30:54"
"2024-09-05";"";"35 021";"66 311";"27 562 840";"2024-09-05 07:52:53"
"2024-09-02";"";"62 330";"12 064";"27 561 684";"2024-09-02 21:54:23"
"2024-09-08";"YouTube";"41 150 399";"2 432 489";"27 562 117";"2024-09-08 19:28:48"
"2024-09-09";"Telegram";"11 529 204";"633 914";"27 563 329";"2024-09-09 17:38:11"
"2024-09-01";"";"146 877";"109 239";"27 561 378";"2024-09-01 15:36:41"
"2024-09-02";"";"855 536";"31 712";"27 561 722";"2024-09-02 19:28:52"
"2024-09-07";"Instagram";"99 644 590";"2 984 844";"27 563 335";"2024-09-07 13:34:54"
"2024-09-03";"";"170 706";"85 820";"27 561 796";"2024-09-03 17:26:45"
"2024-09-09";"";"58 150 014";"3 779 024";"27 562 838";"2024-09-09 17:38:30"
"2024-09-09";"";"25 657";"8 272";"27 562 613";"2024-09-09 20:29:39"
"2024-09-03";"";"77 957";"58 933";"27 563 387";"2024-09-03 21:30:48"
"2024-09-02";"";"46 259";"5 239";"27 561 180";"2024-09-02 21:18:34"
"2024-09-05";"YouTube";"307 793 298";"13 494 573";"27 561 227";"2024-09-05 18:51:58"
"2024-09-06";"YouTube";"32 565";"5 240";"27 562 453";"2024-09-06 08:05:18"
"2024-09-09";"";"26 487";"12 188";"27 563 367";"2024-09-09 14:35:26"
"2024-09-02";"Tas-ix";"2 789 746";"153 350";"27 563 128";"2024-09-02 03:36:30"
"2024-09-03";"";"64 818";"32 768";"27 562 044";"2024-09-03 05:26:15"
"2024-09-01";"";"246 002";"98 603";"27 561 984";"2024-09-01 16:25:26"
"2024-09-10";"";"59 654";"3 062";"27 563 308";"2024-09-10 07:16:27"
"2024-09-07";"";"924 524";"768 787";"27 562 004";"2024-09-07 18:51:13"
"2024-09-02";"";"17 701 270";"9 436 883";"27 562 226";"2024-09-02 12:33:01"
"2024-09-03";"Instagram";"25 961 134";"869 925";"27 561 370";"2024-09-03 22:19:50"
"2024-09-10";"Facebook";"400 100";"175 288";"27 562 013";"2024-09-10 15:48:53"
"2024-09-03";"Yandex";"52 304";"14 482";"27 562 860";"2024-09-03 21:06:07"
"2024-09-10";"";"106 349";"12 644";"27 562 125";"2024-09-10 04:13:49"
"2024-09-05";"Telegram";"8 067 108";"686 005";"27 561 828";"2024-09-05 04:13:51"
"2024-09-03";"";"291 671";"97 703";"27 562 775";"2024-09-04 01:34:53"
"2024-09-04";"";"228 981";"18 609";"27 562 465";"2024-09-04 09:30:15"
"2024-09-10";"YouTube";"3 639 293";"1 502 697";"27 561 770";"2024-09-10 17:50:59"
"2024-09-04";"";"123 696";"13 622";"27 562 063";"2024-09-04 17:38:53"
"2024-09-04";"Telegram";"209 545 366";"61 957 609";"27 562 714";"2024-09-05 02:35:29"
"2024-09-06";"";"60 349";"9 975";"27 561 621";"2024-09-06 07:04:43"
"2024-09-04";"";"70 443";"136 410";"27 561 895";"2024-09-05 00:33:28"
"2024-09-06";"";"26 119";"1 533";"27 563 109";"2024-09-06 07:52:36"
"2024-09-01";"";"71 707";"22 080";"27 562 398";"2024-09-01 22:07:37"
"2024-09-08";"";"62 172";"37 721";"27 562 392";"2024-09-08 08:53:38"
"2024-09-04";"YouTube";"4 324 751";"1 586 866";"27 561 965";"2024-09-04 12:57:16"
"2024-09-04";"";"41 742";"32 650";"27 561 463";"2024-09-04 19:52:23"
"2024-09-06";"";"199 652";"166 650";"27 562 470";"2024-09-06 17:02:03"
"2024-09-09";"WhatsApp";"6 574 673";"5 397 562";"27 561 984";"2024-09-09 06:15:22"
"2024-09-04";"";"348 552";"33 659";"27 563 017";"2024-09-04 14:11:42"
"2024-09-07";"";"36 601";"4 214";"27 561 608";"2024-09-07 18:15:48"
"2024-09-01";"";"56 088";"5 301";"27 561 764";"2024-09-02 00:09:13"
"2024-09-03";"";"179 066";"17 681";"27 562 059";"2024-09-03 22:07:47"
"2024-09-02";"";"40 481";"3 746";"27 562 145";"2024-09-02 22:07:22"
"2024-09-07";"WhatsApp";"50 134";"3 197";"27 562 199";"2024-09-07 06:51:53"
"2024-09-03";"";"590 058";"37 221";"27 562 642";"2024-09-03 18:39:32"
"2024-09-08";"";"373 801";"458 030";"27 561 634";"2024-09-08 18:51:38"
"2024-09-05";"YouTube";"665 805";"150 693";"27 561 219";"2024-09-05 21:18:04"
"2024-09-04";"";"75 732";"4 671";"27 562 992";"2024-09-04 06:03:24"
"2024-09-03";"Unknown";"51 181";"6 180";"27 563 110";"2024-09-03 04:01:33"
"2024-09-09";"Yandex";"227 816";"22 688";"27 562 941";"2024-09-09 19:04:45"
"2024-09-05";"";"285 939";"40 773";"27 562 550";"2024-09-05 03:12:27"
"2024-09-10";"";"1 182 831";"69 318";"27 562 494";"2024-09-11 00:09:41"
"2024-09-04";"Instagram";"254 285";"46 655";"27 561 219";"2024-09-04 07:40:09"
"2024-09-02";"Yandex";"54 928";"18 469";"27 562 155";"2024-09-02 08:17:13"
"2024-09-04";"";"338 546";"1 043 359";"27 563 022";"2024-09-04 12:45:19"
"2024-09-10";"";"78 575";"11 548";"27 561 720";"2024-09-10 06:03:01"
"2024-09-06";"";"91 969";"27 934";"27 561 912";"2024-09-07 02:23:59"
"2024-09-08";"";"208 884";"11 983";"27 562 291";"2024-09-08 22:07:48"
"2024-09-07";"";"35 817";"1 240";"27 562 460";"2024-09-07 04:37:10"
"2024-09-04";"";"222 154";"14 445";"27 562 266";"2024-09-04 10:19:25"
"2024-09-07";"";"511 070";"29 998";"27 562 722";"2024-09-07 15:48:10"
"2024-09-05";"Tas-ix";"411 803";"28 613";"27 562 313";"2024-09-05 19:16:24"
"2024-09-09";"";"98 442";"6 930";"27 563 238";"2024-09-09 15:12:33"
"2024-09-06";"";"25 705 674";"1 906 875";"27 561 422";"2024-09-07 00:09:05"
"2024-09-05";"";"1 012 005";"66 819";"27 561 239";"2024-09-05 03:24:48"
"2024-09-04";"Yandex";"37 513";"9 414";"27 561 770";"2024-09-04 10:07:49"
"2024-09-06";"Facebook";"29 741";"4 762";"27 563 044";"2024-09-06 18:03:45"
"2024-09-07";"";"305 741";"161 322";"27 562 302";"2024-09-08 02:23:50"
"2024-09-02";"";"80 442";"8 780";"27 562 893";"2024-09-02 17:02:52"
"2024-09-02";"";"23 158";"131 859";"27 562 097";"2024-09-02 04:37:50"
"2024-09-10";"";"36 497 828";"1 482 100";"27 562 721";"2024-09-10 03:48:59"
"2024-09-08";"";"370 052";"89 778";"27 561 767";"2024-09-08 17:50:38"
"2024-09-07";"";"37 051 161";"746 353";"27 561 958";"2024-09-07 13:34:35"
"2024-09-07";"";"43 048";"4 232";"27 562 858";"2024-09-07 03:00:52"
"2024-09-09";"Yandex";"131 668";"87 787";"27 561 216";"2024-09-10 02:35:34"
"2024-09-03";"";"231 318";"102 446";"27 562 040";"2024-09-03 23:44:37"
"2024-09-06";"";"156 312";"420 981";"27 563 154";"2024-09-07 00:33:12"
"2024-09-09";"";"44 171";"68 659";"27 561 331";"2024-09-09 09:30:48"
"2024-09-07";"";"75 484";"5 994";"27 562 692";"2024-09-08 01:58:34"
"2024-09-08";"Yandex Video";"567 860";"26 622";"27 561 290";"2024-09-08 05:02:04"
"2024-09-09";"";"2 330";"118 152";"27 563 069";"2024-09-09 05:02:04"
"2024-09-06";"";"2 945 365";"74 380";"27 562 453";"2024-09-06 20:05:17"
"2024-09-07";"";"175 168";"28 500";"27 561 211";"2024-09-07 07:28:56"
"2024-09-05";"Yandex";"346 076";"18 158";"27 563 252";"2024-09-05 13:34:42"
"2024-09-05";"";"294 848";"15 196";"27 563 510";"2024-09-05 15:24:40"
"2024-09-06";"";"98 480";"7 731";"27 561 633";"2024-09-06 14:11:42"
"2024-09-03";"";"180 080";"3 761";"27 562 317";"2024-09-03 04:01:38"
"2024-09-04";"";"212 908";"10 190";"27 562 582";"2024-09-04 21:18:10"
"2024-09-07";"";"224 692";"15 949";"27 562 365";"2024-09-07 20:41:06"
"2024-09-04";"YouTube";"604 003";"67 233";"27 562 365";"2024-09-04 07:16:52"
"2024-09-10";"Instagram";"27 652 015";"395 089";"27 561 462";"2024-09-10 11:44:31"
"2024-09-01";"";"79 720";"8 849";"27 563 009";"2024-09-01 12:09:45"
"2024-09-02";"";"1 187 585";"73 011";"27 562 595";"2024-09-02 23:56:05"
"2024-09-03";"";"60 870";"4 361";"27 562 236";"2024-09-04 02:11:52"
"2024-09-02";"";"22 194";"114 427";"27 563 402";"2024-09-02 16:01:46"
"2024-09-07";"";"68 108";"29 743";"27 562 689";"2024-09-07 06:51:18"
"2024-09-08";"Instagram";"77 010 815";"2 014 260";"27 562 470";"2024-09-08 14:35:50"
"2024-09-07";"";"5 118 452";"280 675";"27 562 872";"2024-09-07 18:27:51"
"2024-09-05";"";"365 137";"23 727";"27 563 083";"2024-09-05 19:04:48"
"2024-09-08";"Tas-ix";"151 358";"33 289";"27 561 753";"2024-09-08 18:27:46"
"2024-09-09";"WhatsApp";"140 233";"30 013";"27 563 110";"2024-09-09 17:26:22"
"2024-09-10";"";"8 184 204";"711 684";"27 563 134";"2024-09-10 03:48:38"
"2024-09-05";"";"15 788";"26 423";"27 562 438";"2024-09-05 22:31:02"
"2024-09-07";"";"293 704";"31 093";"27 562 497";"2024-09-07 08:17:07"
"2024-09-09";"";"1 091 781";"27 245";"27 562 843";"2024-09-09 05:26:30"
"2024-09-07";"";"885 114";"97 090";"27 561 342";"2024-09-07 07:04:42"
"2024-09-08";"";"3 472 220";"348 986";"27 562 267";"2024-09-09 01:46:52"
"2024-09-04";"YouTube";"443 797 677";"21 501 643";"27 561 300";"2024-09-04 19:40:53"
"2024-09-01";"Telegram";"12 970 589";"1 086 053";"27 561 934";"2024-09-01 13:22:46"
"2024-09-10";"";"29 984";"2 175";"27 562 562";"2024-09-11 02:59:21"
"2024-09-06";"";"952 949";"66 769";"27 563 088";"2024-09-06 09:18:57"
"2024-09-06";"";"17 412";"48 687";"27 562 961";"2024-09-06 06:39:00"
"2024-09-03";"";"8 052 139";"355 951";"27 562 552";"2024-09-03 05:50:20"
"2024-09-04";"";"6 132 228";"4 684 168";"27 563 122";"2024-09-04 07:16:43"
"2024-09-04";"";"540 077";"43 164";"27 563 014";"2024-09-04 20:41:12"
"2024-09-08";"Telegram";"10 721 448";"611 494";"27 562 809";"2024-09-09 01:22:49"
"2024-09-03";"";"332 558";"19 692";"27 561 324";"2024-09-03 05:50:42"
"2024-09-10";"YouTube";"3 934 760";"254 862";"27 561 393";"2024-09-10 17:02:16"
"2024-09-10";"";"3 195 144";"107 575";"27 561 392";"2024-09-10 10:19:27"
"2024-09-04";"";"92 964";"19 812";"27 563 030";"2024-09-04 03:36:47"
"2024-09-10";"";"43 121";"2 873";"27 561 433";"2024-09-10 13:34:39"
"2024-09-01";"Instagram";"774 260";"24 168";"27 563 488";"2024-09-01 23:08:04"
"2024-09-08";"Facebook";"83 613";"115 071";"27 562 822";"2024-09-08 15:24:06"
"2024-09-04";"";"597 214";"18 056";"27 561 456";"2024-09-04 09:30:32"
"2024-09-07";"";"28 475";"18 651";"27 562 721";"2024-09-07 17:26:51"
"2024-09-09";"";"44 135";"3 575";"27 562 439";"2024-09-10 01:10:57"
"2024-09-02";"";"27 402";"9 267";"27 562 535";"2024-09-03 00:09:06"
"2024-09-02";"";"48 520";"13 654";"27 563 450";"2024-09-02 17:14:21"
"2024-09-05";"";"93 483";"259 115";"27 563 151";"2024-09-05 17:38:45"
"2024-09-08";"";"1 543 566";"173 891";"27 562 962";"2024-09-08 20:17:14"
"2024-09-07";"";"4 310 879";"11 382 817";"27 563 098";"2024-09-07 03:36:36"
"2024-09-05";"";"39 574";"4 185";"27 562 668";"2024-09-05 10:19:17"
"2024-09-09";"";"51 142";"2 772";"27 561 457";"2024-09-09 13:34:59"
"2024-09-10";"WhatsApp";"272 158";"2 868 153";"27 561 720";"2024-09-10 10:31:23"
"2024-09-04";"";"28 701";"10 367";"27 563 334";"2024-09-04 23:08:30"
"2024-09-08";"";"24 978 273";"1 626 025";"27 562 112";"2024-09-08 13:58:02"
"2024-09-02";"";"67 315";"8 863";"27 561 770";"2024-09-02 05:38:41"
"2024-09-05";"";"92 640";"14 060";"27 561 249";"2024-09-05 23:20:47"
"2024-09-04";"Instagram";"50 614 570";"1 379 064";"27 561 410";"2024-09-04 13:34:36"
"2024-09-03";"";"63 094";"4 319";"27 561 362";"2024-09-04 00:33:14"
"2024-09-04";"VKontakte";"140 739";"11 859";"27 561 881";"2024-09-04 09:18:25"
"2024-09-09";"YouTube";"69 154";"859 624";"27 561 651";"2024-09-09 05:38:47"
"2024-09-04";"";"30 494";"6 873";"27 563 103";"2024-09-05 02:47:13"
"2024-09-02";"";"331 409";"34 409";"27 562 956";"2024-09-02 13:58:58"
"2024-09-04";"Instagram";"3 612 061";"2 319 211";"27 562 470";"2024-09-04 11:32:32"
"2024-09-07";"";"3 380 886";"61 323";"27 561 908";"2024-09-07 12:09:42"
"2024-09-07";"Instagram";"146 886";"15 246";"27 562 211";"2024-09-07 15:12:01"
"2024-09-07";"";"27 124";"5 847";"27 562 772";"2024-09-07 22:31:29"
"2024-09-07";"Telegram";"24 141 404";"1 183 197";"27 563 077";"2024-09-07 20:41:46"
"2024-09-06";"Yandex Video";"139 210";"4 592";"27 563 096";"2024-09-06 21:42:58"
"2024-09-07";"Instagram";"92 911";"6 525";"27 561 352";"2024-09-07 07:16:34"
"2024-09-03";"";"119 878";"85 831";"27 562 871";"2024-09-03 08:29:17"
"2024-09-01";"";"93 516";"5 496";"27 562 140";"2024-09-01 15:12:30"
"2024-09-10";"Facebook";"216 597";"97 922";"27 561 292";"2024-09-11 02:59:25"
"2024-09-08";"";"694 329";"1 180 018";"27 562 365";"2024-09-08 22:07:23"
"2024-09-07";"YouTube";"699 228";"5 144 944";"27 563 072";"2024-09-07 07:52:01"
"2024-09-04";"";"69 458";"16 484";"27 561 707";"2024-09-05 01:22:19"
"2024-09-02";"";"107 057";"10 476";"27 561 600";"2024-09-02 08:53:35"
"2024-09-02";"YouTube";"2 403 426";"268 505";"27 562 384";"2024-09-02 14:11:19"
"2024-09-06";"";"192 222";"4 095";"27 561 649";"2024-09-07 00:57:43"
"2024-09-09";"YouTube";"3 127 426";"1 236 341";"27 561 344";"2024-09-09 18:27:17"
"2024-09-05";"";"71 697";"12 433";"27 561 501";"2024-09-05 13:10:01"
"2024-09-01";"Telegram";"10 067 797";"668 113";"27 563 468";"2024-09-01 17:50:19"
"2024-09-07";"";"167 840";"225 691";"27 561 924";"2024-09-07 06:51:35"
"2024-09-02";"";"352 653";"33 420";"27 562 622";"2024-09-02 12:33:20"
"2024-09-01";"Facebook";"91 336";"53 684";"27 561 916";"2024-09-01 15:00:10"
"2024-09-07";"";"31 718";"2 621";"27 562 280";"2024-09-07 22:19:43"
"2024-09-01";"";"723 541";"966 338";"27 562 320";"2024-09-01 18:39:38"
"2024-09-06";"";"333 054";"10 892";"27 561 555";"2024-09-06 05:26:19"
"2024-09-09";"Yandex";"429 337";"21 104";"27 561 454";"2024-09-09 12:21:04"
"2024-09-10";"";"543 629";"27 403";"27 561 828";"2024-09-10 03:12:10"
"2024-09-04";"YouTube";"95 113";"57 945";"27 562 690";"2024-09-04 13:58:30"
"2024-09-03";"YouTube";"1 015 988";"277 889";"27 562 024";"2024-09-03 16:37:38"
"2024-09-02";"Unknown";"33 624";"23 852";"27 561 222";"2024-09-02 23:56:34"
"2024-09-10";"Apple Music";"58 457";"6 240";"27 561 605";"2024-09-10 20:17:46"
"2024-09-08";"";"70 094";"28 612";"27 563 415";"2024-09-08 21:06:27"
"2024-09-01";"Facebook";"115 596";"56 708";"27 561 887";"2024-09-01 11:44:43"
"2024-09-03";"Facebook";"3 705 780";"116 611";"27 561 623";"2024-09-03 10:31:03"
"2024-09-03";"Telegram";"1 240 348";"372 883";"27 562 463";"2024-09-04 02:11:52"
"2024-09-04";"Instagram";"61 237 441";"1 134 333";"27 562 502";"2024-09-05 01:34:17"
"2024-09-03";"Instagram";"3 045 746";"1 772 018";"27 562 070";"2024-09-03 07:04:57"
"2024-09-06";"Yandex";"3 460 482";"375 810";"27 563 372";"2024-09-06 15:12:22"
"2024-09-04";"Instagram";"4 185 043";"3 716 146";"27 562 239";"2024-09-04 08:29:51"
"2024-09-08";"";"50 956";"25 064";"27 561 828";"2024-09-08 15:00:40"
"2024-09-03";"Instagram";"670 253";"105 770";"27 561 624";"2024-09-03 10:43:20"
"2024-09-02";"";"53 185";"6 148";"27 562 105";"2024-09-02 08:53:53"
"2024-09-04";"";"25 766";"6 036";"27 561 547";"2024-09-04 05:02:18"
"2024-09-07";"YouTube";"6 835 005";"2 061 968";"27 562 089";"2024-09-07 08:53:49"
"2024-09-04";"";"81 786";"319 615";"27 561 883";"2024-09-04 04:01:54"
"2024-09-03";"Instagram";"1 312 159";"63 301";"27 561 578";"2024-09-03 23:20:14"
"2024-09-02";"";"55 541";"4 130";"27 562 704";"2024-09-02 10:31:56"
"2024-09-08";"";"482 924";"171 549";"27 562 320";"2024-09-08 20:53:04"
"2024-09-08";"";"28 680";"14 338";"27 561 378";"2024-09-08 13:58:10"
"2024-09-04";"Apple Music";"232 893";"14 079";"27 562 415";"2024-09-04 15:12:09"
"2024-09-02";"";"117 664";"298 559";"27 561 686";"2024-09-02 18:03:22"
"2024-09-05";"";"141 694";"9 709";"27 561 462";"2024-09-05 14:23:14"
"2024-09-09";"";"227 445";"24 325";"27 562 491";"2024-09-09 13:10:57"
"2024-09-10";"YouTube";"256 679";"25 355";"27 562 663";"2024-09-10 13:34:00"
"2024-09-03";"Facebook";"1 222 645";"51 889";"27 562 886";"2024-09-03 17:14:25"
"2024-09-04";"YouTube";"246 332";"46 686";"27 562 438";"2024-09-04 05:38:50"
"2024-09-09";"";"53 579";"5 901";"27 562 934";"2024-09-09 11:20:54"
"2024-09-01";"Telegram";"1 497 604";"100 041";"27 562 148";"2024-09-01 16:25:16"
"2024-09-06";"Yandex";"519 393";"152 635";"27 562 965";"2024-09-06 07:28:00"
"2024-09-03";"";"337 275";"15 826";"27 562 758";"2024-09-03 16:01:51"
"2024-09-03";"YouTube";"598 004";"360 311";"27 562 466";"2024-09-03 22:55:43"
"2024-09-05";"Facebook";"42 652";"34 516";"27 562 349";"2024-09-05 11:08:51"
"2024-09-03";"YouTube";"4 462 764";"394 839";"27 562 818";"2024-09-03 06:03:36"
"2024-09-09";"Yandex";"17 067";"26 247";"27 563 395";"2024-09-09 21:54:13"
"2024-09-10";"";"133 849";"164 789";"27 561 254";"2024-09-10 09:18:46"
"2024-09-01";"";"51 896";"5 029";"27 561 279";"2024-09-02 00:45:29"
"2024-09-08";"";"182 159";"11 094";"27 562 889";"2024-09-08 08:53:12"
"2024-09-05";"Instagram";"127 376";"258 913";"27 562 988";"2024-09-05 12:09:22"
"2024-09-02";"";"115 575";"79 506";"27 561 219";"2024-09-02 12:21:30"
"2024-09-05";"";"1 553 648";"78 793";"27 562 737";"2024-09-05 12:21:04"
"2024-09-09";"Unknown";"63 479";"10 883";"27 562 242";"2024-09-09 13:22:23"
"2024-09-10";"";"348 360";"94 933";"27 563 030";"2024-09-10 16:13:52"
"2024-09-05";"";"669 151";"1 222 213";"27 562 371";"2024-09-05 23:44:13"
"2024-09-06";"";"960 235";"23 036";"27 562 067";"2024-09-06 18:51:52"
"2024-09-10";"";"93 917";"12 643";"27 563 266";"2024-09-10 03:00:45"
"2024-09-05";"Telegram";"11 722 336";"1 120 953";"27 563 462";"2024-09-05 04:49:32"
"2024-09-02";"";"537 372";"29 816";"27 561 402";"2024-09-02 23:08:31"
"2024-09-04";"YouTube";"773 618";"116 961";"27 562 278";"2024-09-04 14:59:25"
"2024-09-08";"Tas-ix";"58 426";"4 098";"27 562 593";"2024-09-08 07:04:25"
"2024-09-03";"";"101 094";"158 266";"27 561 413";"2024-09-03 19:40:13"
"2024-09-04";"";"357 078";"9 140";"27 562 315";"2024-09-04 05:38:02"
"2024-09-07";"Facebook";"814 237";"68 252";"27 561 819";"2024-09-07 12:09:04"
"2024-09-08";"";"156 382";"7 075";"27 561 752";"2024-09-08 20:17:14"
"2024-09-04";"";"41 508";"3 294";"27 563 153";"2024-09-04 21:42:28"
"2024-09-07";"";"127 969";"13 402";"27 562 989";"2024-09-07 14:11:33"
"2024-09-01";"";"122 691";"18 437";"27 561 294";"2024-09-01 11:08:31"
"2024-09-04";"";"34 423";"3 234";"27 562 580";"2024-09-04 04:37:16"
"2024-09-09";"";"83 442";"60 756";"27 562 853";"2024-09-09 09:18:01"
"2024-09-03";"";"12 369 298";"2 236 570";"27 562 291";"2024-09-03 23:08:18"
"2024-09-06";"";"488 225";"23 616";"27 561 508";"2024-09-06 20:41:18"
"2024-09-01";"";"240 098";"47 095";"27 561 326";"2024-09-01 12:33:51"
"2024-09-08";"";"57 654";"32 161";"27 563 107";"2024-09-08 10:55:58"
"2024-09-10";"";"32 333";"329 886";"27 562 880";"2024-09-10 14:59:22"
"2024-09-06";"YouTube";"48 415 047";"2 067 606";"27 561 752";"2024-09-07 00:33:46"
"2024-09-02";"";"710";"30 137";"27 561 365";"2024-09-02 10:07:08"
"2024-09-09";"Unknown";"537 822";"63 599";"27 563 080";"2024-09-09 08:41:14"
"2024-09-02";"";"174 328";"12 539";"27 561 690";"2024-09-02 06:27:08"
"2024-09-02";"";"256 353";"5 700";"27 561 530";"2024-09-03 00:33:40"
"2024-09-04";"Telegram";"5 756 311";"296 134";"27 561 840";"2024-09-04 08:05:44"
"2024-09-08";"";"227 359";"11 307";"27 561 897";"2024-09-08 13:46:46"
"2024-09-06";"Instagram";"3 398 677";"2 525 287";"27 562 747";"2024-09-06 23:44:19"
"2024-09-02";"Facebook";"101 007";"32 658";"27 561 693";"2024-09-02 12:45:16"
"2024-09-10";"";"31 146";"21 455";"27 561 690";"2024-09-10 20:41:46"
"2024-09-08";"";"634 499";"35 001";"27 563 443";"2024-09-08 23:20:35"
"2024-09-10";"";"370 439";"34 764";"27 563 096";"2024-09-10 14:23:32"
"2024-09-06";"";"6 243";"41 296";"27 562 499";"2024-09-06 22:19:55"
"2024-09-08";"Telegram";"106 916 809";"5 964 314";"27 561 809";"2024-09-08 06:03:31"
"2024-09-10";"VKontakte";"10 972";"46 558";"27 561 552";"2024-09-10 05:50:35"
"2024-09-06";"";"1 402 396";"194 893";"27 563 134";"2024-09-06 20:29:12"
"2024-09-03";"Instagram";"15 077 161";"372 623";"27 563 419";"2024-09-03 03:24:57"
"2024-09-04";"YouTube";"340 108";"63 294";"27 562 173";"2024-09-04 13:22:14"
"2024-09-04";"Telegram";"10 949 001";"1 934 967";"27 562 628";"2024-09-04 03:48:19"
"2024-09-08";"";"1 483 074";"64 905";"27 563 174";"2024-09-08 06:39:59"
"2024-09-01";"PUBG";"161 449 099";"7 140 555";"27 561 802";"2024-09-02 01:34:16"
"2024-09-04";"";"2 907 394";"101 945";"27 562 339";"2024-09-04 06:39:33"
"2024-09-02";"";"10 675 138";"1 381 023";"27 562 639";"2024-09-02 04:01:21"
"2024-09-01";"";"2 516 950";"183 264";"27 562 552";"2024-09-02 01:34:02"
"2024-09-10";"";"225 986";"177 025";"27 563 314";"2024-09-10 06:51:10"
"2024-09-04";"";"899 324";"272 441";"27 561 718";"2024-09-04 16:25:17"
"2024-09-03";"Odnoklassniki";"28 997";"4 636";"27 561 674";"2024-09-03 12:33:36"
"2024-09-02";"";"52 787";"175 471";"27 563 408";"2024-09-02 21:18:02"
"2024-09-06";"Instagram";"11 354 011";"11 655 207";"27 561 920";"2024-09-06 13:58:52"
"2024-09-02";"";"26 409";"6 775";"27 562 240";"2024-09-02 19:04:31"
"2024-09-08";"Apple Music";"55 506";"10 244";"27 563 488";"2024-09-08 17:50:57"
"2024-09-06";"";"207 194";"7 293 138";"27 562 178";"2024-09-06 23:32:03"
"2024-09-04";"";"2 809 581";"115 128";"27 563 488";"2024-09-05 00:09:27"
"2024-09-03";"Instagram";"1 210 367";"203 264";"27 561 888";"2024-09-03 10:31:36"
"2024-09-03";"Yandex";"614 807";"38 697";"27 562 557";"2024-09-03 11:44:55"
"2024-09-03";"";"34 369";"3 752";"27 561 775";"2024-09-03 12:21:21"
"2024-09-09";"";"541 771";"116 964";"27 563 168";"2024-09-09 10:55:47"
"2024-09-03";"";"52 610";"2 551";"27 563 205";"2024-09-03 12:21:11"
"2024-09-02";"TikTok";"6 628";"62 342";"27 561 842";"2024-09-02 21:30:29"
"2024-09-10";"Yandex";"162 078";"7 986";"27 561 492";"2024-09-10 03:24:20"
"2024-09-08";"";"26 168";"24 871";"27 561 802";"2024-09-08 18:39:30"
"2024-09-04";"";"134 790 017";"11 440 929";"27 562 624";"2024-09-04 05:26:49"
"2024-09-09";"Instagram";"3 414 652";"751 902";"27 561 378";"2024-09-09 13:34:25"
"2024-09-09";"";"473 013";"266 180";"27 562 617";"2024-09-09 20:53:11"
"2024-09-01";"";"24 508";"29 441";"27 562 686";"2024-09-02 00:09:59"
"2024-09-08";"";"33 881";"39 574";"27 561 171";"2024-09-08 18:15:14"
"2024-09-09";"";"453 701";"473 255";"27 562 224";"2024-09-09 07:16:29"
"2024-09-03";"";"35 861";"292 537";"27 563 378";"2024-09-03 09:18:43"
"2024-09-06";"YouTube";"38 009";"9 969";"27 561 763";"2024-09-06 05:38:59"
"2024-09-06";"";"59 620";"3 429";"27 561 246";"2024-09-06 04:49:30"
"2024-09-03";"";"289 934";"18 119";"27 562 454";"2024-09-03 16:13:20"
"2024-09-10";"YouTube";"608 077";"143 561";"27 562 893";"2024-09-10 09:18:16"
"2024-09-07";"";"239 432 324";"7 652 944";"27 562 124";"2024-09-07 15:48:52"
"2024-09-10";"";"39 736";"2 778";"27 561 666";"2024-09-10 13:34:05"
"2024-09-07";"Likee";"394 659";"430 994";"27 561 600";"2024-09-07 08:53:36"
"2024-09-02";"";"35 494";"7 551";"27 562 480";"2024-09-02 16:25:10"
"2024-09-06";"";"34 757";"20 226";"27 562 791";"2024-09-07 02:23:09"
"2024-09-04";"";"23 644 693";"1 839 472";"27 562 582";"2024-09-04 08:05:21"
"2024-09-10";"Apple Music";"160 090";"52 102";"27 563 095";"2024-09-10 11:32:21"
"2024-09-04";"";"19 936";"108 891";"27 563 114";"2024-09-04 22:07:28"
"2024-09-09";"Yandex";"277 512";"448 344";"27 561 737";"2024-09-09 03:36:58"
"2024-09-07";"";"24 239";"29 126";"27 562 892";"2024-09-07 16:25:53"
"2024-09-08";"";"7 624 941";"811 560";"27 561 254";"2024-09-09 00:21:05"
"2024-09-04";"";"27 883";"11 951";"27 563 157";"2024-09-04 21:54:38"
"2024-09-09";"";"4 150 210";"176 850";"27 561 715";"2024-09-09 07:40:10"
"2024-09-03";"";"69 798";"10 684";"27 562 047";"2024-09-03 13:22:24"
"2024-09-09";"Yandex";"203 009";"53 426";"27 562 083";"2024-09-09 22:55:44"
"2024-09-09";"";"33 572";"2 346";"27 561 974";"2024-09-09 17:38:59"
"2024-09-06";"";"147 177";"31 155";"27 562 714";"2024-09-06 15:12:43"
"2024-09-02";"";"4 299";"59 781";"27 562 651";"2024-09-02 03:00:40"
"2024-09-05";"";"785 535";"114 516";"27 563 183";"2024-09-05 06:51:00"
"2024-09-04";"";"568 094";"251 035";"27 562 865";"2024-09-04 12:09:31"
"2024-09-03";"";"49 421";"3 782";"27 561 272";"2024-09-03 22:43:52"
"2024-09-06";"";"612 236";"44 010";"27 561 838";"2024-09-06 17:26:22"
"2024-09-01";"Instagram";"1 631 416";"1 495 166";"27 561 362";"2024-09-01 09:42:05"
"2024-09-01";"Instagram";"75 788 576";"2 357 891";"27 563 203";"2024-09-01 22:07:24"
"2024-09-03";"";"900 974";"22 168";"27 562 772";"2024-09-03 09:42:51"
"2024-09-08";"Unknown";"422 076";"29 681";"27 562 597";"2024-09-08 08:17:17"
"2024-09-02";"";"83 733";"6 141";"27 561 396";"2024-09-02 21:54:58"
"2024-09-08";"";"222 922";"31 956";"27 562 124";"2024-09-09 01:58:28"
"2024-09-06";"";"36 373";"66 730";"27 561 462";"2024-09-07 02:23:11"
"2024-09-10";"";"12 655";"38 492";"27 562 838";"2024-09-10 06:27:31"
"2024-09-10";"";"478 372";"30 891";"27 563 223";"2024-09-10 10:43:52"
"2024-09-03";"";"631 585";"30 058";"27 563 509";"2024-09-03 14:23:16"
"2024-09-08";"";"42 805";"23 269";"27 563 503";"2024-09-08 05:14:00"
"2024-09-10";"";"152 075";"17 633";"27 561 207";"2024-09-10 07:28:17"
"2024-09-05";"Facebook";"467 289";"170 823";"27 563 345";"2024-09-05 03:12:21"
"2024-09-05";"";"84 745";"5 515";"27 562 809";"2024-09-05 23:20:02"
"2024-09-03";"";"910 173";"26 002";"27 563 098";"2024-09-03 10:55:01"
"2024-09-10";"YouTube";"337 821";"19 891";"27 561 369";"2024-09-10 19:52:37"
"2024-09-08";"";"97 708";"255 436";"27 561 666";"2024-09-08 11:44:51"
"2024-09-02";"Facebook";"62 012";"30 558";"27 561 181";"2024-09-02 05:50:25"
"2024-09-01";"";"369 510";"219 678";"27 563 017";"2024-09-01 15:48:11"
"2024-09-09";"";"4 269";"36 208";"27 562 803";"2024-09-09 16:37:44"
"2024-09-03";"YouTube";"98 820 834";"3 438 303";"27 562 293";"2024-09-03 12:57:11"
"2024-09-09";"";"206 351";"7 669";"27 562 856";"2024-09-09 15:00:40"
"2024-09-09";"YouTube";"1 285 188";"177 006";"27 561 485";"2024-09-09 21:54:41"
"2024-09-05";"Yandex Video";"13 157";"50 369";"27 562 236";"2024-09-06 01:46:35"
"2024-09-03";"Instagram";"181 932 924";"5 555 358";"27 563 048";"2024-09-03 21:42:02"
"2024-09-03";"";"42 188";"2 713";"27 561 691";"2024-09-04 00:21:29"
"2024-09-05";"Facebook";"93 498";"27 795";"27 563 244";"2024-09-06 00:33:12"
"2024-09-04";"";"829 964";"297 068";"27 562 405";"2024-09-04 19:52:50"
"2024-09-06";"YouTube";"696 395";"234 846";"27 563 367";"2024-09-06 20:41:12"
"2024-09-10";"";"18 112";"342 202";"27 562 317";"2024-09-10 05:14:03"
"2024-09-05";"";"36 856";"12 391";"27 561 271";"2024-09-06 02:47:12"
"2024-09-04";"";"19 944 824";"949 628";"27 562 615";"2024-09-04 07:52:24"
"2024-09-08";"Yandex";"54 548";"8 271";"27 561 670";"2024-09-08 14:59:28"
"2024-09-05";"Facebook";"5 769 779";"257 583";"27 563 203";"2024-09-05 05:02:33"
"2024-09-02";"";"131 728";"38 419";"27 561 882";"2024-09-02 14:47:21"
"2024-09-09";"";"33 276";"29 365";"27 561 422";"2024-09-09 04:01:26"
"2024-09-10";"YouTube";"96 567";"10 078";"27 563 430";"2024-09-10 16:25:46"
"2024-09-04";"YouTube";"2 467 489";"423 162";"27 561 698";"2024-09-04 22:31:46"
"2024-09-08";"";"18 750";"34 946";"27 561 324";"2024-09-08 11:56:56"
"2024-09-03";"Instagram";"141 142";"3 418";"27 563 394";"2024-09-03 11:20:05"
"2024-09-06";"";"49 830";"25 405";"27 562 658";"2024-09-06 22:55:32"
"2024-09-02";"";"32 734";"27 516";"27 562 863";"2024-09-02 13:10:02"
"2024-09-01";"";"66 562";"282 309";"27 561 355";"2024-09-01 10:31:08"
"2024-09-02";"";"14 834 743";"608 874";"27 562 622";"2024-09-02 04:37:56"
"2024-09-02";"";"45 477";"18 471";"27 561 850";"2024-09-02 15:48:39"
"2024-09-02";"";"7 503 645";"16 364 023";"27 563 212";"2024-09-02 07:28:56"
"2024-09-08";"";"27 531";"14 986";"27 563 192";"2024-09-08 16:37:05"
"2024-09-06";"";"2 367 239";"143 403";"27 563 418";"2024-09-06 05:02:26"
"2024-09-09";"YouTube";"519 736";"37 434";"27 562 908";"2024-09-09 13:10:51"
"2024-09-10";"";"141 883";"15 343";"27 561 339";"2024-09-10 05:26:12"
"2024-09-08";"Tas-ix";"785 844";"122 764";"27 562 025";"2024-09-08 19:28:26"
"2024-09-03";"";"30 826";"20 144";"27 562 234";"2024-09-03 21:30:29"
"2024-09-05";"Instagram";"2 449 686";"394 361";"27 562 575";"2024-09-06 02:47:00"
"2024-09-05";"";"342 523";"14 183";"27 563 139";"2024-09-05 21:06:27"
"2024-09-10";"";"115 250";"15 377";"27 562 470";"2024-09-10 22:07:46"
"2024-09-07";"YouTube";"239 553";"2 467 670";"27 563 129";"2024-09-08 02:23:12"
"2024-09-04";"Yandex";"334 648";"14 216";"27 563 072";"2024-09-04 03:24:08"
"2024-09-04";"";"66 347";"170 558";"27 563 365";"2024-09-04 04:25:29"
"2024-09-05";"";"216 395";"615 514";"27 563 347";"2024-09-06 00:09:39"
"2024-09-04";"Instagram";"2 151 284";"1 213 256";"27 561 410";"2024-09-04 07:40:45"
"2024-09-03";"";"2 304 580";"131 022";"27 562 854";"2024-09-03 13:22:56"
"2024-09-07";"";"28 845";"15 041";"27 561 188";"2024-09-07 17:26:18"
"2024-09-03";"";"217 719";"12 954";"27 562 922";"2024-09-03 12:33:26"
"2024-09-04";"";"59 193";"5 680";"27 561 893";"2024-09-04 04:13:48"
"2024-09-09";"";"14 171 271";"288 552";"27 562 898";"2024-09-09 18:03:58"
"2024-09-08";"";"37 006";"17 387";"27 561 342";"2024-09-08 12:33:03"
"2024-09-01";"Facebook";"26 282";"3 747";"27 562 597";"2024-09-01 08:29:00"
"2024-09-02";"";"2 695 523";"391 625";"27 561 352";"2024-09-02 07:28:31"
"2024-09-03";"";"35 429";"2 597";"27 561 252";"2024-09-03 13:46:20"
"2024-09-06";"";"321 651";"18 944";"27 563 263";"2024-09-06 14:35:45"
"2024-09-06";"Facebook";"440 956";"35 815";"27 563 445";"2024-09-06 14:11:27"
"2024-09-01";"";"43 613";"3 053";"27 562 234";"2024-09-01 13:46:46"
"2024-09-03";"";"26 794";"22 214";"27 562 708";"2024-09-03 03:48:10"
"2024-09-06";"";"19 854";"32 270";"27 563 047";"2024-09-06 23:44:41"
"2024-09-05";"";"392 827";"112 997";"27 562 200";"2024-09-05 03:24:18"
"2024-09-07";"";"27 917";"598";"27 562 800";"2024-09-07 06:15:45"
"2024-09-07";"";"121 166 878";"6 959 189";"27 561 981";"2024-09-07 06:27:20"
"2024-09-10";"Instagram";"67 523 619";"1 364 141";"27 562 232";"2024-09-10 11:20:17"
"2024-09-01";"";"89 614";"41 662";"27 563 148";"2024-09-01 23:56:52"
"2024-09-10";"Telegram";"74 242 276";"9 806 747";"27 561 317";"2024-09-10 18:03:10"
"2024-09-09";"";"124 662";"98 740";"27 563 436";"2024-09-09 13:22:14"
"2024-09-08";"Unknown";"3 055 550";"405 206";"27 562 473";"2024-09-08 07:16:47"
"2024-09-04";"";"1 850";"101 917";"27 562 714";"2024-09-04 18:27:17"
"2024-09-03";"";"524 787";"128 248";"27 561 220";"2024-09-03 22:55:50"
"2024-09-03";"";"32 839";"7 376";"27 561 877";"2024-09-03 18:15:42"
"2024-09-04";"";"100 801";"15 415";"27 562 622";"2024-09-04 11:56:22"
"2024-09-01";"";"138 993";"157 494";"27 563 268";"2024-09-01 18:27:24"
"2024-09-05";"";"244 411";"22 403";"27 562 317";"2024-09-05 09:54:28"
"2024-09-08";"";"782 963";"70 867";"27 561 253";"2024-09-08 09:30:18"
"2024-09-07";"Instagram";"1 316 213";"148 493";"27 562 834";"2024-09-07 13:46:07"
"2024-09-09";"YouTube";"609 978";"334 796";"27 563 211";"2024-09-09 17:14:27"
"2024-09-02";"";"408 014";"14 848";"27 563 244";"2024-09-02 09:42:28"
"2024-09-02";"";"1 310 962";"202 553";"27 563 203";"2024-09-02 06:15:15"
"2024-09-05";"Facebook";"1 068 880";"40 060";"27 562 468";"2024-09-05 23:20:49"
"2024-09-03";"Instagram";"4 290 231";"218 651";"27 563 081";"2024-09-03 05:02:28"
"2024-09-03";"Yandex";"2 312 655";"987 545";"27 562 696";"2024-09-03 11:20:02"
"2024-09-09";"";"14 958 036";"1 746 095";"27 562 293";"2024-09-09 14:11:01"
"2024-09-01";"";"25 802 923";"1 079 593";"27 562 615";"2024-09-01 23:56:25"
"2024-09-07";"YouTube";"194 077";"554 742";"27 561 729";"2024-09-07 22:19:48"
"2024-09-06";"YouTube";"2 559 770";"62 738";"27 563 203";"2024-09-06 07:28:05"
"2024-09-06";"Facebook";"10 917 503";"671 399";"27 561 902";"2024-09-07 01:22:29"
"2024-09-07";"";"26 163";"7 329";"27 561 224";"2024-09-07 15:12:34"
"2024-09-10";"Instagram";"54 097 915";"580 440";"27 562 545";"2024-09-10 22:55:03"
"2024-09-05";"";"88 716";"9 254";"27 562 758";"2024-09-05 05:50:19"
"2024-09-08";"Odnoklassniki";"54 436";"8 907";"27 562 544";"2024-09-08 10:43:33"
"2024-09-08";"";"378 274";"34 610";"27 562 466";"2024-09-08 15:24:48"
"2024-09-05";"";"72 827";"12 898";"27 562 839";"2024-09-06 00:45:17"
"2024-09-03";"";"87 799";"40 785";"27 561 689";"2024-09-03 19:04:25"
"2024-09-10";"";"32 852";"2 598";"27 562 609";"2024-09-10 05:50:54"
"2024-09-04";"";"31 226";"2 009";"27 563 274";"2024-09-04 22:55:32"
"2024-09-10";"YouTube";"175 990";"23 713";"27 562 617";"2024-09-11 02:23:17"
"2024-09-09";"";"106 296";"65 917";"27 561 199";"2024-09-09 16:13:42"
"2024-09-06";"";"95 439";"171 184";"27 562 266";"2024-09-06 10:43:26"
"2024-09-06";"";"145 228";"15 812";"27 562 028";"2024-09-06 03:00:50"
"2024-09-09";"Telegram";"614 778";"90 716";"27 562 897";"2024-09-09 17:14:34"
"2024-09-02";"YouTube";"298 458";"50 362";"27 561 502";"2024-09-02 07:40:08"
"2024-09-03";"";"386 847";"656 855";"27 561 721";"2024-09-03 17:02:57"
"2024-09-02";"";"10 847 694";"1 691 355";"27 561 810";"2024-09-02 12:09:50"
"2024-09-03";"";"76 715";"5 626";"27 562 968";"2024-09-04 00:21:43"
"2024-09-08";"";"80 202";"6 524";"27 562 840";"2024-09-08 17:26:27"
"2024-09-04";"YouTube";"60 513 842";"3 718 055";"27 563 351";"2024-09-04 04:37:18"
"2024-09-05";"";"61 618";"5 058";"27 562 675";"2024-09-05 07:16:06"
"2024-09-03";"";"315 529 220";"14 671 335";"27 563 414";"2024-09-03 14:35:25"
"2024-09-07";"Instagram";"16 787 133";"746 460";"27 562 613";"2024-09-07 12:33:15"
"2024-09-08";"";"441 042";"89 305";"27 562 538";"2024-09-08 22:07:23"
"2024-09-02";"";"25 288 319";"3 108 982";"27 561 441";"2024-09-03 00:21:53"
"2024-09-09";"";"50 639 750";"2 554 615";"27 563 404";"2024-09-10 00:45:43"
"2024-09-04";"Yandex";"43 643";"1 868";"27 563 348";"2024-09-04 10:31:35"
"2024-09-08";"";"33 092";"17 301";"27 561 821";"2024-09-08 20:53:23"
"2024-09-01";"WhatsApp";"111 477";"8 635";"27 561 592";"2024-09-01 19:52:01"
"2024-09-02";"";"9 184 244";"191 166";"27 561 776";"2024-09-02 05:50:34"
"2024-09-08";"";"324 165";"67 229";"27 562 374";"2024-09-08 05:14:13"
"2024-09-07";"WhatsApp";"60 438";"21 497";"27 561 276";"2024-09-08 02:35:39"
"2024-09-08";"Facebook";"30 341";"24 065";"27 563 371";"2024-09-09 01:46:04"
"2024-09-10";"Yandex";"255 074";"75 361";"27 561 312";"2024-09-10 06:15:04"
"2024-09-10";"Instagram";"2 071 962";"399 542";"27 562 112";"2024-09-10 11:44:55"
"2024-09-06";"";"67 999";"4 881";"27 562 468";"2024-09-06 19:40:08"
"2024-09-02";"YouTube";"975 767";"178 003";"27 561 339";"2024-09-02 21:30:17"
"2024-09-07";"";"35 650";"4 893";"27 563 418";"2024-09-07 10:43:45"
"2024-09-02";"";"22 157";"87 018";"27 562 291";"2024-09-03 02:35:11"
"2024-09-06";"YouTube";"81 032";"467 144";"27 562 138";"2024-09-06 19:16:21"
"2024-09-01";"";"6 754 328";"337 007";"27 562 187";"2024-09-01 10:55:53"
"2024-09-02";"Instagram";"163 140";"29 347";"27 562 836";"2024-09-02 10:07:04"
"2024-09-03";"";"51 801";"3 001";"27 562 698";"2024-09-03 13:22:08"
"2024-09-03";"TikTok";"81 094";"324 973";"27 563 219";"2024-09-03 14:47:40"
"2024-09-09";"Facebook";"9 045 827";"182 060";"27 563 338";"2024-09-09 10:07:58"
"2024-09-04";"";"32 982";"3 165";"27 562 141";"2024-09-04 06:27:01"
"2024-09-10";"";"26 798";"17 840";"27 561 501";"2024-09-11 01:58:26"
"2024-09-06";"";"125 284";"14 920";"27 561 250";"2024-09-06 23:44:22"
"2024-09-04";"Facebook";"25 813";"23 164";"27 561 516";"2024-09-04 20:17:09"
"2024-09-08";"";"253 910";"1 476 630";"27 562 513";"2024-09-08 23:20:25"
"2024-09-10";"";"782 534";"246 620";"27 562 143";"2024-09-10 13:34:31"
"2024-09-02";"";"50 144";"93 680";"27 562 636";"2024-09-02 19:04:58"
"2024-09-06";"Likee";"35 339";"10 338";"27 562 212";"2024-09-06 08:17:36"
"2024-09-02";"";"882 749";"407 663";"27 562 696";"2024-09-02 07:52:04"
"2024-09-05";"";"29 043";"2 252";"27 561 290";"2024-09-06 02:35:12"
"2024-09-08";"";"54 761";"48 241";"27 562 725";"2024-09-08 21:42:10"
"2024-09-08";"";"2 308 319";"484 124";"27 562 002";"2024-09-08 22:43:24"
"2024-09-06";"";"731 221";"1 295 085";"27 563 112";"2024-09-06 13:46:43"
"2024-09-02";"";"78 298";"79 008";"27 562 733";"2024-09-02 13:46:13"
"2024-09-07";"";"52 178";"18 682";"27 561 298";"2024-09-07 15:00:48"
"2024-09-07";"";"5 599 544";"284 840";"27 562 254";"2024-09-07 19:04:43"
"2024-09-09";"YouTube";"9 823 766";"532 848";"27 562 696";"2024-09-09 17:14:06"
"2024-09-10";"WhatsApp";"379 508";"178 695";"27 562 238";"2024-09-10 14:23:02"
"2024-09-01";"";"19 983";"87 849";"27 562 400";"2024-09-01 03:12:58"
"2024-09-03";"Telegram";"56 407 908";"50 219 704";"27 561 290";"2024-09-03 07:52:16"
"2024-09-02";"";"136 764";"29 838";"27 562 989";"2024-09-02 21:42:46"
"2024-09-04";"";"66 530";"13 948";"27 562 203";"2024-09-04 09:18:24"
"2024-09-08";"Yandex";"47 873";"7 238";"27 561 903";"2024-09-08 10:31:11"
"2024-09-02";"";"31 677";"21 937";"27 563 008";"2024-09-03 01:34:56"
"2024-09-10";"";"284 702";"74 539";"27 562 305";"2024-09-10 12:21:52"
"2024-09-05";"";"206 397";"120 056";"27 561 742";"2024-09-05 08:53:24"
"2024-09-01";"";"32 760";"2 206";"27 562 131";"2024-09-02 01:46:49"
"2024-09-09";"";"2 205 310";"421 947";"27 561 331";"2024-09-09 04:37:52"
"2024-09-04";"";"33 128";"2 520";"27 562 748";"2024-09-04 11:08:56"
"2024-09-08";"Facebook";"130 816";"35 081";"27 562 580";"2024-09-08 12:57:38"
"2024-09-03";"Facebook";"186 125";"58 222";"27 563 427";"2024-09-03 06:27:43"
"2024-09-02";"Instagram";"145 468";"248 359";"27 561 825";"2024-09-02 14:47:38"
"2024-09-03";"";"341 082";"44 688";"27 561 862";"2024-09-03 21:30:17"
"2024-09-09";"YouTube";"62 888";"10 152";"27 562 591";"2024-09-09 11:20:10"
"2024-09-03";"";"30 501";"2 576";"27 561 655";"2024-09-03 08:17:30"
"2024-09-04";"";"45 172";"3 254";"27 563 142";"2024-09-04 21:06:04"
"2024-09-01";"WhatsApp";"33 371";"2 449";"27 561 817";"2024-09-01 15:00:58"
"2024-09-01";"";"58 848 080";"2 958 636";"27 562 259";"2024-09-01 23:56:07"
"2024-09-08";"";"103 682";"17 917";"27 563 264";"2024-09-08 18:39:15"
"2024-09-09";"";"30 771";"39 078";"27 562 069";"2024-09-09 12:09:38"
"2024-09-04";"";"730 659";"40 266";"27 563 168";"2024-09-05 00:45:29"
"2024-09-06";"";"78 590";"20 468";"27 561 342";"2024-09-06 13:58:30"
"2024-09-09";"";"20 180 345";"1 177 823";"27 561 545";"2024-09-09 19:28:41"
"2024-09-03";"Instagram";"3 914 057";"152 812";"27 563 351";"2024-09-04 00:09:48"
"2024-09-07";"";"31 759";"19 888";"27 562 812";"2024-09-08 02:47:36"
"2024-09-01";"";"748 723";"98 548";"27 561 760";"2024-09-02 02:11:12"
"2024-09-04";"Telegram";"163 929 657";"35 207 077";"27 563 236";"2024-09-05 01:34:27"
"2024-09-02";"";"56 980";"5 002";"27 563 376";"2024-09-02 17:02:19"
"2024-09-02";"Apple Music";"183 933";"8 281";"27 562 858";"2024-09-03 01:34:02"
"2024-09-07";"";"148 974";"124 201";"27 561 662";"2024-09-07 10:55:31"
"2024-09-04";"Facebook";"52 142";"65 421";"27 561 602";"2024-09-04 14:23:35"
"2024-09-05";"";"91 863";"33 322";"27 561 725";"2024-09-05 04:25:51"
"2024-09-02";"";"124 882";"133 606";"27 562 883";"2024-09-02 11:08:04"
"2024-09-09";"";"243 109";"99 143";"27 562 778";"2024-09-09 15:12:02"
"2024-09-04";"";"471 061";"31 283";"27 562 435";"2024-09-04 03:24:43"
"2024-09-06";"";"22 558 635";"626 949";"27 561 610";"2024-09-06 03:24:15"
"2024-09-07";"Apple Music";"166 683";"25 566";"27 562 490";"2024-09-07 12:09:02"
"2024-09-03";"Yandex";"940 437";"51 220";"27 561 692";"2024-09-03 04:37:16"
"2024-09-06";"";"148 501 292";"3 576 322";"27 562 124";"2024-09-06 09:54:16"
"2024-09-08";"";"27 755";"20 166";"27 563 342";"2024-09-08 20:41:59"
"2024-09-07";"Telegram";"55 300 774";"3 377 322";"27 563 139";"2024-09-07 19:16:40"
"2024-09-07";"";"30 564";"2 773";"27 561 201";"2024-09-07 04:37:33"
"2024-09-05";"Facebook";"798 032";"17 270";"27 562 832";"2024-09-06 01:22:53"
"2024-09-05";"";"276 626";"19 699";"27 562 656";"2024-09-06 00:45:23"
"2024-09-08";"";"99 183";"12 823";"27 561 989";"2024-09-09 01:46:40"
"2024-09-09";"Telegram";"95 092";"9 407";"27 563 024";"2024-09-09 06:39:24"
"2024-09-04";"YouTube";"14 608 340";"6 431 680";"27 562 847";"2024-09-04 15:00:40"
"2024-09-06";"";"90 083";"5 140";"27 563 121";"2024-09-06 18:03:52"
"2024-09-01";"";"1 415 951";"140 152";"27 561 941";"2024-09-01 18:03:21"
"2024-09-02";"";"4 998 818";"95 415";"27 561 272";"2024-09-02 20:53:02"
"2024-09-10";"";"3 524";"30 395";"27 561 892";"2024-09-10 10:19:39"
"2024-09-09";"Instagram";"30 772 573";"22 931 936";"27 562 560";"2024-09-10 00:09:45"
"2024-09-10";"";"558 773";"42 332";"27 562 845";"2024-09-10 04:25:11"
"2024-09-09";"";"56 913";"6 632";"27 562 100";"2024-09-09 20:05:35"
"2024-09-05";"";"44 809";"4 006";"27 561 593";"2024-09-06 02:35:08"
"2024-09-07";"Facebook";"2 146 015";"721 160";"27 562 812";"2024-09-07 18:15:51"
"2024-09-03";"Tas-ix";"93 687";"37 434";"27 562 696";"2024-09-03 12:21:51"
"2024-09-03";"";"886 139";"377 583";"27 561 428";"2024-09-03 05:02:37"
"2024-09-03";"Instagram";"47 894 345";"1 521 081";"27 562 666";"2024-09-03 05:26:54"
"2024-09-03";"YouTube";"55 207";"16 738";"27 561 466";"2024-09-03 20:05:59"
"2024-09-02";"";"28 936";"186 518";"27 562 205";"2024-09-02 09:54:54"
"2024-09-04";"YouTube";"290 284";"15 145";"27 563 079";"2024-09-04 08:29:54"
"2024-09-07";"";"307 666";"13 882";"27 561 712";"2024-09-07 23:08:35"
"2024-09-05";"";"215 162";"10 387";"27 562 423";"2024-09-06 00:09:35"
"2024-09-02";"";"2 885 552";"170 575";"27 561 304";"2024-09-02 18:27:21"
"2024-09-04";"WhatsApp";"277 358";"15 691";"27 562 680";"2024-09-04 12:09:50"
"2024-09-10";"";"3 166";"35 728";"27 561 920";"2024-09-10 17:14:28"
"2024-09-03";"Facebook";"142 002";"39 682";"27 561 940";"2024-09-03 07:04:16"
"2024-09-03";"YouTube";"39 354";"122 184";"27 562 725";"2024-09-03 21:18:55"
"2024-09-05";"";"145 710";"18 627";"27 561 893";"2024-09-05 12:57:23"
"2024-09-08";"Yandex";"72 863";"1 966";"27 562 266";"2024-09-09 00:09:28"
"2024-09-03";"YouTube";"57 629";"4 939";"27 562 552";"2024-09-03 03:48:25"
"2024-09-08";"";"83 508";"9 428";"27 561 686";"2024-09-08 11:56:29"
"2024-09-02";"Yandex";"113 071";"4 082";"27 562 564";"2024-09-02 12:33:31"
"2024-09-08";"";"82 620";"42 857";"27 562 138";"2024-09-08 08:17:54"
"2024-09-10";"";"47 871";"5 573";"27 562 508";"2024-09-10 23:44:54"
"2024-09-03";"";"147 120";"31 132";"27 561 820";"2024-09-03 07:52:42"
"2024-09-10";"Instagram";"2 286 137";"73 878";"27 561 477";"2024-09-11 02:35:20"
"2024-09-05";"";"163 432";"35 487";"27 561 744";"2024-09-05 10:19:09"
"2024-09-04";"";"146 918";"6 135";"27 561 758";"2024-09-04 08:53:30"
"2024-09-04";"";"5 401 390";"311 129";"27 563 500";"2024-09-04 18:39:05"
"2024-09-10";"";"32 900";"1 639";"27 562 858";"2024-09-10 06:39:45"
"2024-09-02";"";"7 365 913";"824 262";"27 562 473";"2024-09-02 10:55:01"
"2024-09-02";"";"57 158";"53 275";"27 562 450";"2024-09-02 12:33:24"
"2024-09-09";"YouTube";"114 511";"40 324";"27 562 741";"2024-09-09 14:35:48"
"2024-09-07";"Yandex";"85 001";"5 644";"27 562 497";"2024-09-08 00:45:06"
"2024-09-10";"Facebook";"34 274";"3 450";"27 563 224";"2024-09-10 23:44:17"
"2024-09-05";"";"95 223";"10 465";"27 563 192";"2024-09-05 19:28:36"
"2024-09-08";"";"3 051 011";"249 359";"27 562 438";"2024-09-08 13:10:03"
"2024-09-06";"";"378 041";"20 989";"27 562 646";"2024-09-06 09:30:30"
"2024-09-07";"";"30 487";"3 448";"27 563 493";"2024-09-08 02:35:39"
"2024-09-02";"YouTube";"282 353";"95 378";"27 562 260";"2024-09-02 22:31:57"
"2024-09-05";"";"83 803";"12 839";"27 563 264";"2024-09-05 21:42:06"
"2024-09-06";"";"4 121 930";"545 652";"27 562 675";"2024-09-06 17:02:55"
"2024-09-04";"Odnoklassniki";"28 005";"15 198";"27 563 221";"2024-09-04 06:03:12"
"2024-09-10";"YouTube";"11 582 911";"3 609 982";"27 562 084";"2024-09-10 08:53:08"
"2024-09-08";"";"4 624 325";"224 500";"27 563 395";"2024-09-08 12:45:08"
"2024-09-06";"";"207 693";"270 758";"27 563 238";"2024-09-06 14:11:44"
"2024-09-02";"";"52 088";"118 481";"27 561 266";"2024-09-02 04:49:25"
"2024-09-09";"";"87 509";"112 925";"27 562 560";"2024-09-09 13:34:24"
"2024-09-09";"";"39 005";"3 123";"27 562 680";"2024-09-09 11:08:01"
"2024-09-05";"YouTube";"210 204 957";"17 994 581";"27 563 031";"2024-09-05 05:38:15"
"2024-09-08";"";"41 840";"7 901";"27 562 700";"2024-09-08 16:01:17"
"2024-09-06";"Instagram";"1 004 925";"332 032";"27 562 795";"2024-09-06 16:37:49"
"2024-09-02";"YouTube";"477 177";"49 154";"27 561 636";"2024-09-02 14:11:43"
"2024-09-06";"";"832 239";"89 955";"27 562 613";"2024-09-06 21:54:41"
"2024-09-10";"";"70 680";"9 129";"27 562 238";"2024-09-10 12:09:18"
"2024-09-06";"";"97 128";"17 117";"27 562 935";"2024-09-06 08:05:02"
"2024-09-04";"";"3 146 779";"161 114";"27 562 812";"2024-09-05 00:33:18"
"2024-09-07";"";"99 698";"93 403";"27 562 150";"2024-09-08 00:21:11"
"2024-09-02";"";"27 634";"2 804";"27 561 995";"2024-09-02 09:18:04"
"2024-09-01";"";"76 842";"47 084";"27 563 289";"2024-09-01 17:26:39"
"2024-09-07";"Telegram";"1 057 226";"158 666";"27 561 655";"2024-09-07 07:52:38"
"2024-09-08";"Facebook";"840 888";"156 160";"27 562 200";"2024-09-08 19:28:10"
"2024-09-10";"";"55 058";"2 217";"27 563 310";"2024-09-10 14:35:32"
"2024-09-10";"";"58 795";"8 853";"27 562 792";"2024-09-10 19:28:16"
"2024-09-07";"Instagram";"30 186 938";"469 601";"27 562 966";"2024-09-07 22:19:25"
"2024-09-01";"";"82 011";"66 376";"27 562 931";"2024-09-01 22:07:43"
"2024-09-03";"";"68 614";"53 673";"27 563 463";"2024-09-03 10:07:22"
"2024-09-05";"";"217 613";"67 941";"27 561 992";"2024-09-05 05:14:35"
"2024-09-05";"";"378 452";"56 102";"27 562 142";"2024-09-05 13:34:25"
"2024-09-07";"";"158 200";"13 430";"27 562 445";"2024-09-07 09:30:36"
"2024-09-09";"";"98 295";"181 042";"27 561 691";"2024-09-09 04:37:33"
"2024-09-04";"";"938 631";"71 263";"27 563 207";"2024-09-05 01:34:18"
"2024-09-07";"";"101 497";"22 482";"27 562 989";"2024-09-07 22:19:39"
"2024-09-08";"";"187 475";"10 601";"27 562 861";"2024-09-08 07:16:00"
"2024-09-09";"";"1 325 719";"85 517";"27 563 273";"2024-09-09 15:36:12"
"2024-09-08";"Yandex";"121 762";"52 506";"27 561 982";"2024-09-08 07:28:02"
"2024-09-08";"";"194 300";"41 882";"27 563 267";"2024-09-09 01:22:21"
"2024-09-05";"";"48 782 340";"2 302 731";"27 561 534";"2024-09-05 18:51:10"
"2024-09-09";"";"107 218";"53 322";"27 562 799";"2024-09-09 07:40:45"
"2024-09-05";"Yandex";"1 790 419";"808 142";"27 561 883";"2024-09-05 12:21:05"
"2024-09-07";"";"880 978";"136 568";"27 562 174";"2024-09-07 21:06:35"
"2024-09-03";"Likee";"43 525";"3 285";"27 561 921";"2024-09-03 13:10:48"
"2024-09-07";"";"81 804";"28 498";"27 562 489";"2024-09-08 01:22:23"
"2024-09-08";"VKontakte";"17 978 629";"1 057 881";"27 563 447";"2024-09-09 01:10:45"
"2024-09-05";"";"181 091";"22 922";"27 561 671";"2024-09-05 16:13:00"
"2024-09-03";"YouTube";"826 808";"261 912";"27 562 846";"2024-09-03 11:20:27"
"2024-09-06";"YouTube";"4 752 604";"224 866";"27 561 745";"2024-09-06 17:50:34"
"2024-09-08";"";"125 815";"122 913";"27 563 453";"2024-09-08 19:28:27"
"2024-09-03";"Facebook";"1 872 994";"96 311";"27 561 477";"2024-09-03 12:45:13"
"2024-09-01";"";"89 068";"144 919";"27 562 864";"2024-09-01 14:47:59"
"2024-09-10";"Yandex";"1 397 361";"1 500 752";"27 561 792";"2024-09-10 20:53:01"
"2024-09-09";"";"140 646";"3 505";"27 563 318";"2024-09-09 10:31:01"
"2024-09-10";"";"82 654";"203 217";"27 562 155";"2024-09-10 10:31:38"
"2024-09-06";"";"152 638";"30 651";"27 561 770";"2024-09-06 04:49:32"
"2024-09-07";"";"117 846";"183 776";"27 562 575";"2024-09-07 17:02:16"
"2024-09-03";"";"66 096";"317 526";"27 562 846";"2024-09-03 09:42:56"
"2024-09-09";"Yandex";"192 159";"6 986";"27 561 651";"2024-09-09 20:05:11"
"2024-09-07";"YouTube";"7 653 772";"458 009";"27 562 622";"2024-09-08 00:21:57"
"2024-09-09";"Facebook";"244 545";"20 973";"27 562 752";"2024-09-09 09:18:15"
"2024-09-03";"";"302 182";"20 670";"27 561 983";"2024-09-03 07:52:48"
"2024-09-06";"";"299 855";"6 181";"27 561 407";"2024-09-06 15:36:00"
"2024-09-08";"Telegram";"31 049 959";"2 273 498";"27 561 444";"2024-09-08 12:57:54"
"2024-09-10";"Facebook";"60 695";"22 897";"27 562 491";"2024-09-10 03:12:55"
"2024-09-06";"";"35 526";"12 930";"27 563 225";"2024-09-06 03:36:04"
"2024-09-07";"Telegram";"101 142 463";"5 551 389";"27 561 627";"2024-09-07 07:52:18"
"2024-09-10";"";"26 992";"9 134";"27 562 520";"2024-09-10 09:06:01"
"2024-09-04";"";"145 191";"12 471";"27 562 072";"2024-09-04 09:42:16"
"2024-09-10";"";"56 084";"5 768";"27 562 980";"2024-09-10 07:52:18"
"2024-09-05";"";"32 100";"14 682";"27 563 467";"2024-09-05 09:42:47"
"2024-09-04";"";"70 377 477";"7 475 689";"27 561 762";"2024-09-05 01:46:31"
"2024-09-03";"YouTube";"13 656 194";"589 911";"27 562 419";"2024-09-03 20:05:21"
"2024-09-03";"YouTube";"32 304";"284 943";"27 561 762";"2024-09-03 18:27:52"
"2024-09-04";"";"2 090 787";"103 821";"27 561 490";"2024-09-04 03:48:46"
"2024-09-01";"Unknown";"57 147";"15 653";"27 563 509";"2024-09-01 11:20:08"
"2024-09-07";"";"147 424";"13 049";"27 561 649";"2024-09-07 12:33:44"
"2024-09-02";"";"1 535 770";"41 983";"27 563 122";"2024-09-02 20:53:57"
"2024-09-03";"";"148 123";"6 686";"27 562 102";"2024-09-03 12:09:48"
"2024-09-09";"";"756 362";"419 213";"27 561 597";"2024-09-09 10:55:55"
"2024-09-01";"Facebook";"29 715";"2 105";"27 561 392";"2024-09-01 23:20:18"
"2024-09-06";"Instagram";"269 662";"53 190";"27 563 485";"2024-09-06 07:52:48"
"2024-09-04";"Facebook";"2 685 537";"67 901";"27 563 049";"2024-09-04 17:38:54"
"2024-09-06";"Tas-ix";"223 461";"10 812";"27 563 123";"2024-09-06 12:33:02"
"2024-09-01";"Facebook";"29 536";"2 886";"27 561 341";"2024-09-02 01:22:24"
"2024-09-04";"Instagram";"40 672 037";"319 130";"27 561 983";"2024-09-04 10:07:51"
"2024-09-05";"";"895 268";"77 276";"27 562 091";"2024-09-05 19:04:05"
"2024-09-09";"";"255 580";"123 363";"27 561 520";"2024-09-09 10:43:09"
"2024-09-06";"";"131 071";"139 728";"27 563 045";"2024-09-06 10:19:07"
"2024-09-01";"Yandex";"317 667";"16 567";"27 561 557";"2024-09-01 13:34:42"
"2024-09-03";"";"206 222";"13 009";"27 563 157";"2024-09-03 18:51:32"
"2024-09-02";"";"92 754";"267 791";"27 563 081";"2024-09-02 20:05:05"
"2024-09-05";"";"57 923";"6 108";"27 563 392";"2024-09-06 02:11:40"
"2024-09-06";"";"10 401 942";"448 125";"27 562 197";"2024-09-06 06:27:20"
"2024-09-10";"Unknown";"78 004";"28 020";"27 562 674";"2024-09-10 19:04:40"
"2024-09-03";"YouTube";"800 439";"2 386 507";"27 562 762";"2024-09-03 13:46:09"
"2024-09-08";"";"2 140 239";"118 232";"27 561 841";"2024-09-09 02:11:24"
"2024-09-03";"";"54 224";"6 235";"27 561 273";"2024-09-03 06:39:04"
"2024-09-04";"";"363 276";"15 328";"27 561 259";"2024-09-04 07:04:06"
"2024-09-01";"YouTube";"1 554 165";"105 536";"27 561 628";"2024-09-01 08:41:37"
"2024-09-08";"";"314 030";"57 552";"27 562 759";"2024-09-08 17:02:55"
"2024-09-08";"YouTube";"115 310 853";"8 177 014";"27 562 570";"2024-09-08 22:07:18"
"2024-09-02";"";"31 506";"4 657";"27 561 883";"2024-09-02 22:43:01"
"2024-09-07";"";"215 993";"141 185";"27 562 265";"2024-09-07 13:58:31"
"2024-09-10";"Instagram";"36 982 090";"1 214 281";"27 563 081";"2024-09-10 14:11:03"
"2024-09-02";"";"455 870";"13 401";"27 563 171";"2024-09-03 02:11:12"
"2024-09-07";"YouTube";"30 920";"8 658";"27 561 231";"2024-09-07 05:38:35"
"2024-09-04";"";"266 873";"15 544";"27 562 479";"2024-09-04 12:57:04"
"2024-09-09";"";"472 708";"35 458";"27 562 413";"2024-09-09 17:26:41"
"2024-09-09";"";"54 623";"7 974";"27 561 970";"2024-09-09 08:17:25"
"2024-09-03";"";"2 115 764";"4 019 041";"27 563 481";"2024-09-04 00:45:28"
"2024-09-09";"";"83 608";"40 634";"27 561 301";"2024-09-09 21:42:42"
"2024-09-03";"Facebook";"2 086 420";"1 366 265";"27 563 088";"2024-09-04 00:45:26"
"2024-09-02";"";"1 706 381";"333 577";"27 561 794";"2024-09-02 09:18:59"
"2024-09-04";"";"1 060 764";"50 491";"27 562 906";"2024-09-04 10:55:12"
"2024-09-02";"YouTube";"1 402 684";"217 679";"27 561 401";"2024-09-02 06:03:03"
"2024-09-03";"YouTube";"2 505 514";"255 104";"27 561 569";"2024-09-03 21:18:06"
"2024-09-07";"YouTube";"6 436";"59 148";"27 562 957";"2024-09-07 19:04:55"
"2024-09-03";"YouTube";"6 368 272";"453 491";"27 561 173";"2024-09-03 06:03:57"
"2024-09-02";"";"287 346";"16 441";"27 563 210";"2024-09-02 22:07:37"
"2024-09-02";"";"1 238 810";"1 374 211";"27 561 668";"2024-09-03 00:21:30"
"2024-09-04";"YouTube";"6 062 130";"311 776";"27 562 566";"2024-09-04 13:46:19"
"2024-09-09";"VKontakte";"52 333";"4 589";"27 562 243";"2024-09-09 21:42:29"
"2024-09-10";"";"70 893";"21 773";"27 561 662";"2024-09-10 05:26:26"
"2024-09-06";"";"37 092";"15 168";"27 562 906";"2024-09-06 15:00:42"
"2024-09-03";"";"46 001";"132 374";"27 562 778";"2024-09-03 10:55:43"
"2024-09-01";"";"77 912";"2 972";"27 561 953";"2024-09-01 07:04:28"
"2024-09-01";"Instagram";"30 696";"8 629";"27 561 567";"2024-09-01 16:25:33"
"2024-09-05";"Facebook";"373 597";"145 025";"27 563 065";"2024-09-05 09:42:26"
"2024-09-07";"";"323 139";"204 820";"27 562 942";"2024-09-07 10:19:59"
"2024-09-06";"";"39 669";"2 637";"27 563 165";"2024-09-06 21:06:03"
"2024-09-10";"YouTube";"950 782";"214 202";"27 563 393";"2024-09-10 03:24:09"
"2024-09-07";"";"28 263";"4 884";"27 562 436";"2024-09-07 06:27:31"
"2024-09-06";"";"80 885";"12 174";"27 562 698";"2024-09-06 14:59:30"
"2024-09-04";"";"4 227 619";"301 709";"27 561 684";"2024-09-04 03:48:53"
"2024-09-06";"";"120 111";"34 863";"27 563 143";"2024-09-06 09:54:49"
"2024-09-08";"YouTube";"519 703";"17 043";"27 562 303";"2024-09-08 13:46:27"
"2024-09-10";"Yandex";"51 415";"17 282";"27 562 631";"2024-09-10 12:57:26"
"2024-09-07";"";"316 734";"11 313";"27 562 059";"2024-09-07 18:27:40"
"2024-09-08";"";"163 242";"119 692";"27 562 168";"2024-09-09 01:34:09"
"2024-09-08";"";"6 075 681";"661 519";"27 561 173";"2024-09-08 19:40:52"
"2024-09-05";"WhatsApp";"8 282 229";"18 052 617";"27 562 905";"2024-09-05 09:06:08"
"2024-09-07";"YouTube";"19 111";"101 779";"27 563 408";"2024-09-07 05:50:08"
"2024-09-05";"";"34 328";"4 828";"27 563 291";"2024-09-05 15:36:31"
"2024-09-08";"Instagram";"461 439";"67 787";"27 562 040";"2024-09-08 05:26:12"
"2024-09-08";"";"224 185";"11 775";"27 561 975";"2024-09-08 19:40:19"
"2024-09-04";"";"80 884";"46 230";"27 561 744";"2024-09-04 13:34:11"
"2024-09-02";"";"71 998";"38 132";"27 561 687";"2024-09-02 21:30:21"
"2024-09-06";"Telegram";"17 838 908";"867 945";"27 561 172";"2024-09-06 08:53:48"
"2024-09-06";"";"1 992 040";"80 030";"27 561 884";"2024-09-06 09:30:20"
"2024-09-04";"";"45 038";"6 490";"27 563 107";"2024-09-04 03:48:35"
"2024-09-04";"";"33 147";"1 527";"27 561 301";"2024-09-04 21:54:46"
"2024-09-02";"";"2 670 574";"56 902";"27 561 690";"2024-09-02 23:56:34"
"2024-09-09";"";"1 685 962";"387 043";"27 561 457";"2024-09-09 08:05:30"
"2024-09-08";"";"1 334 238";"278 570";"27 562 778";"2024-09-08 11:08:48"
"2024-09-09";"";"276 288";"883 579";"27 561 433";"2024-09-09 22:07:18"
"2024-09-05";"";"8 038";"27 149";"27 562 328";"2024-09-05 06:27:51"
"2024-09-10";"";"37 538";"3 581";"27 563 478";"2024-09-10 10:19:51"
"2024-09-09";"";"654 884";"134 049";"27 561 298";"2024-09-09 08:53:29"
"2024-09-10";"";"75 192";"9 188";"27 563 514";"2024-09-10 23:20:03"
"2024-09-09";"";"79 735";"16 382";"27 562 956";"2024-09-10 00:57:01"
"2024-09-03";"";"28 174";"30 570";"27 563 094";"2024-09-03 19:04:47"
"2024-09-01";"Telegram";"13 715 182";"1 343 242";"27 563 174";"2024-09-01 11:44:44"
"2024-09-03";"Telegram";"27 365 728";"3 583 652";"27 561 301";"2024-09-03 15:00:13"
"2024-09-08";"";"727 168";"365 221";"27 561 249";"2024-09-08 08:29:03"
"2024-09-05";"";"41 255";"7 089";"27 562 281";"2024-09-05 11:44:03"
"2024-09-04";"Instagram";"2 793 448";"2 069 075";"27 563 100";"2024-09-04 06:03:25"
"2024-09-07";"";"95 719";"11 953";"27 562 708";"2024-09-07 11:32:56"
"2024-09-01";"WhatsApp";"3 211 843";"160 001";"27 562 499";"2024-09-01 15:24:58"
"2024-09-10";"Facebook";"301 671";"47 197";"27 561 908";"2024-09-10 07:28:08"
"2024-09-09";"";"45 541";"26 382";"27 561 396";"2024-09-09 22:43:59"
"2024-09-09";"Unknown";"8 787";"50 746";"27 562 677";"2024-09-09 16:13:55"
"2024-09-09";"Unknown";"30 395";"4 339";"27 561 943";"2024-09-09 09:54:47"
"2024-09-04";"";"1 759 219";"253 323";"27 561 437";"2024-09-05 01:22:25"
"2024-09-09";"";"39 495";"12 400";"27 563 192";"2024-09-09 10:55:38"
"2024-09-04";"";"30 512";"541 235";"27 561 788";"2024-09-04 22:07:17"
"2024-09-08";"Facebook";"22 260";"26 147";"27 561 647";"2024-09-09 02:47:04"
"2024-09-08";"YouTube";"27 117";"6 979";"27 562 007";"2024-09-08 19:16:40"
"2024-09-01";"IMO";"235 761";"12 013";"27 562 372";"2024-09-02 01:34:17"
"2024-09-08";"Telegram";"3 983 733";"3 621 423";"27 562 686";"2024-09-08 15:36:31"
"2024-09-01";"";"176 190";"42 032";"27 561 269";"2024-09-01 17:02:22"
"2024-09-08";"";"40 077";"4 678";"27 562 651";"2024-09-08 22:55:27"
"2024-09-07";"";"25 621";"1 663";"27 562 698";"2024-09-07 23:44:32"
"2024-09-09";"Facebook";"1 150 417";"603 190";"27 562 041";"2024-09-10 02:47:16"
"2024-09-02";"";"78 637";"3 338";"27 563 356";"2024-09-02 18:15:39"
"2024-09-04";"";"242 459";"37 069";"27 563 236";"2024-09-04 03:48:35"
"2024-09-04";"Instagram";"1 662 474";"58 071";"27 563 049";"2024-09-04 12:45:45"
"2024-09-01";"";"9 311";"47 555";"27 561 825";"2024-09-01 13:46:28"
"2024-09-03";"";"1 195 122";"381 978";"27 562 561";"2024-09-03 15:00:51"
"2024-09-07";"Yandex";"7 188 721";"391 379";"27 563 413";"2024-09-07 15:00:21"
"2024-09-01";"";"37 178";"14 978";"27 563 353";"2024-09-01 07:16:41"
"2024-09-04";"";"158 624";"21 453";"27 562 921";"2024-09-04 08:17:00"
"2024-09-06";"";"288 903";"8 570";"27 562 317";"2024-09-06 20:53:34"
"2024-09-06";"";"58 272";"15 699";"27 562 713";"2024-09-06 06:51:19"
"2024-09-01";"Yandex";"135 046";"31 620";"27 561 592";"2024-09-01 13:46:46"
"2024-09-07";"YouTube";"665 642";"46 136";"27 561 205";"2024-09-07 13:58:37"
"2024-09-01";"";"398 234";"26 316";"27 563 105";"2024-09-01 17:50:45"
"2024-09-02";"YouTube";"791 269";"339 794";"27 561 555";"2024-09-02 18:03:30"
"2024-09-03";"";"2 978";"105 840";"27 561 873";"2024-09-03 05:38:08"
"2024-09-01";"Facebook";"34 655";"3 421";"27 561 320";"2024-09-01 15:36:20"
"2024-09-07";"";"31 407";"5 608";"27 562 780";"2024-09-07 10:55:10"
"2024-09-03";"";"5 454 041";"218 859";"27 562 363";"2024-09-03 23:20:29"
"2024-09-04";"Facebook";"143 248";"65 438";"27 562 158";"2024-09-04 09:06:46"
"2024-09-03";"";"22 256";"1 082 534";"27 563 473";"2024-09-04 01:10:07"
"2024-09-09";"";"29 762";"1 245";"27 562 538";"2024-09-10 02:47:10"
"2024-09-07";"";"135 332";"10 420";"27 563 469";"2024-09-07 03:12:17"
"2024-09-03";"";"839 573";"116 386";"27 561 372";"2024-09-03 18:39:19"
"2024-09-03";"Instagram";"95 667";"41 831";"27 562 311";"2024-09-03 05:38:54"
"2024-09-03";"";"27 124";"12 169";"27 562 791";"2024-09-03 08:53:32"
"2024-09-04";"";"415 394";"20 798";"27 562 633";"2024-09-04 19:52:41"
"2024-09-10";"";"56 477";"51 201";"27 563 153";"2024-09-10 17:38:56"
"2024-09-08";"TikTok";"31 102";"206 648";"27 561 569";"2024-09-08 09:30:37"
"2024-09-09";"Apple Music";"14 876 270";"799 288";"27 563 260";"2024-09-09 09:18:35"
"2024-09-04";"";"109 199";"4 888";"27 561 482";"2024-09-04 18:27:00"
"2024-09-01";"Apple Music";"428 990";"24 220";"27 562 124";"2024-09-01 21:30:32"
"2024-09-02";"Unknown";"6 565 918";"335 021";"27 563 009";"2024-09-02 06:39:09"
"2024-09-09";"YouTube";"135 445 267";"7 970 641";"27 561 893";"2024-09-09 23:08:39"
"2024-09-05";"YouTube";"47 642";"7 952";"27 561 342";"2024-09-05 13:34:15"
"2024-09-05";"";"760 384";"2 359 237";"27 562 125";"2024-09-05 08:41:56"
"2024-09-08";"";"25 714";"9 836";"27 562 266";"2024-09-08 09:30:55"
"2024-09-02";"";"169 112";"11 749";"27 562 716";"2024-09-03 00:21:08"
"2024-09-09";"";"83 062";"7 625";"27 561 176";"2024-09-09 18:27:06"
"2024-09-05";"PUBG";"945 807";"65 537";"27 562 436";"2024-09-05 11:44:33"
"2024-09-08";"";"307 511";"2 183 590";"27 562 143";"2024-09-09 00:21:11"
"2024-09-04";"";"12 122 272";"506 582";"27 561 388";"2024-09-04 09:54:48"
"2024-09-04";"";"80 798";"101 458";"27 562 033";"2024-09-04 03:36:22"
"2024-09-04";"YouTube";"709 851";"274 877";"27 562 758";"2024-09-04 11:08:07"
"2024-09-10";"";"66 779";"8 492";"27 562 793";"2024-09-10 10:31:32"
"2024-09-10";"";"130 751";"62 022";"27 562 124";"2024-09-10 08:53:07"
"2024-09-03";"";"238 533";"12 441";"27 561 884";"2024-09-03 09:54:49"
"2024-09-02";"Unknown";"211 382";"66 083";"27 561 851";"2024-09-02 04:25:14"
"2024-09-10";"";"287 963";"462 540";"27 562 326";"2024-09-11 02:23:05"
"2024-09-01";"";"45 639";"22 071";"27 563 517";"2024-09-01 09:30:17"
"2024-09-09";"";"31 038";"6 115";"27 563 372";"2024-09-09 04:13:11"
"2024-09-10";"";"106 588";"18 437";"27 562 693";"2024-09-10 12:45:50"
"2024-09-05";"Instagram";"9 070 974";"7 688 610";"27 563 336";"2024-09-05 03:24:15"
"2024-09-03";"";"265 201";"15 893";"27 562 696";"2024-09-03 09:54:50"
"2024-09-01";"";"68 324";"4 457";"27 562 215";"2024-09-01 16:01:07"
"2024-09-02";"Unknown";"31 310";"6 164";"27 561 870";"2024-09-02 13:34:14"
"2024-09-08";"";"609 098";"72 989";"27 561 379";"2024-09-08 10:07:40"
"2024-09-03";"YouTube";"412 351";"2 738 831";"27 562 388";"2024-09-03 09:42:11"
"2024-09-10";"Yandex";"230 692";"270 672";"27 562 700";"2024-09-10 07:04:33"
"2024-09-04";"";"9 852 101";"394 069";"27 562 025";"2024-09-04 21:30:41"
"2024-09-07";"YouTube";"294 795";"54 026";"27 563 182";"2024-09-07 08:41:08"
"2024-09-04";"";"75 967";"68 596";"27 561 249";"2024-09-04 14:23:05"
"2024-09-04";"";"64 520";"5 723";"27 562 300";"2024-09-04 22:43:42"
"2024-09-04";"";"145 052";"5 716";"27 563 379";"2024-09-04 03:48:07"
"2024-09-06";"";"220 069";"21 871";"27 562 419";"2024-09-06 23:20:19"
"2024-09-02";"";"2 743 646";"55 065";"27 563 113";"2024-09-03 02:11:27"
"2024-09-02";"";"987 220";"62 052";"27 561 697";"2024-09-02 19:52:52"
"2024-09-05";"YouTube";"78 815 975";"4 732 019";"27 562 076";"2024-09-05 13:34:39"
"2024-09-10";"";"30 965";"30 885";"27 563 041";"2024-09-10 05:50:18"
"2024-09-10";"YouTube";"2 564 899";"830 835";"27 562 762";"2024-09-11 01:34:57"
"2024-09-05";"";"27 255";"19 788";"27 563 122";"2024-09-05 06:03:50"
"2024-09-01";"";"59 043";"3 492";"27 562 363";"2024-09-01 18:15:25"
"2024-09-02";"";"1 640 885";"184 521";"27 562 039";"2024-09-02 17:26:14"
"2024-09-03";"";"55 295";"10 892";"27 562 608";"2024-09-03 22:07:01"
"2024-09-05";"Telegram";"29 730 834";"3 380 585";"27 562 226";"2024-09-05 14:59:34"
"2024-09-02";"";"560";"28 865";"27 562 442";"2024-09-02 04:25:54"
"2024-09-01";"";"618 650";"237 866";"27 563 238";"2024-09-01 07:16:45"
"2024-09-06";"Telegram";"32 745 615";"1 672 228";"27 561 540";"2024-09-06 22:43:18"
"2024-09-07";"";"210 733";"36 632";"27 562 892";"2024-09-08 00:45:13"
"2024-09-02";"Facebook";"536 410";"320 307";"27 562 197";"2024-09-02 16:37:47"
"2024-09-01";"Instagram";"151 493 901";"6 388 211";"27 561 420";"2024-09-01 11:32:41"
"2024-09-07";"";"68 528";"62 909";"27 561 555";"2024-09-07 16:37:54"
"2024-09-08";"";"17 703 524";"856 322";"27 561 350";"2024-09-09 01:46:18"
"2024-09-09";"Instagram";"45 048";"3 594";"27 562 469";"2024-09-09 21:42:06"
"2024-09-03";"";"381 586";"18 992";"27 561 590";"2024-09-03 21:18:45"
"2024-09-07";"Instagram";"63 075 257";"1 359 860";"27 562 827";"2024-09-07 16:37:11"
"2024-09-01";"";"52 798";"29 779";"27 561 557";"2024-09-01 20:17:45"
"2024-09-02";"";"142 255";"54 821";"27 563 114";"2024-09-02 15:36:50"
"2024-09-04";"";"122 354";"2 925";"27 561 173";"2024-09-05 02:59:52"
"2024-09-01";"";"66 612";"3 113";"27 562 447";"2024-09-01 08:05:37"
"2024-09-06";"";"47 728";"4 958";"27 561 375";"2024-09-06 09:06:46"
"2024-09-07";"";"1 499 496";"184 772";"27 561 753";"2024-09-07 23:08:42"
"2024-09-01";"WhatsApp";"437 714";"755 928";"27 562 199";"2024-09-01 05:02:56"
"2024-09-05";"Facebook";"1 094 908";"249 797";"27 563 284";"2024-09-05 12:45:07"
"2024-09-01";"";"1 315 903";"242 063";"27 562 907";"2024-09-01 09:06:39"
"2024-09-09";"";"131 850";"186 617";"27 563 518";"2024-09-09 14:47:04"
"2024-09-06";"";"62 351";"3 866";"27 562 795";"2024-09-06 04:37:02"
"2024-09-06";"Instagram";"162 614 337";"4 860 558";"27 563 153";"2024-09-06 18:15:28"
"2024-09-03";"";"166 361";"20 887";"27 562 759";"2024-09-03 03:48:12"
"2024-09-04";"";"1 039 099";"47 534";"27 563 413";"2024-09-04 12:33:06"
"2024-09-04";"Unknown";"44 955";"13 050";"27 562 693";"2024-09-05 00:45:40"
"2024-09-03";"";"11 456";"27 767";"27 562 849";"2024-09-03 10:43:32"
"2024-09-05";"Instagram";"489 214";"14 184";"27 562 355";"2024-09-06 01:58:53"
"2024-09-09";"Facebook";"102 729";"39 882";"27 563 424";"2024-09-09 06:51:46"
"2024-09-06";"";"292 530";"57 016";"27 563 107";"2024-09-06 13:46:15"
"2024-09-01";"Telegram";"214 639";"11 470";"27 562 639";"2024-09-01 08:29:41"
"2024-09-07";"";"320 364";"230 008";"27 561 819";"2024-09-07 07:52:43"
"2024-09-03";"";"39 257";"5 273";"27 562 003";"2024-09-03 13:10:25"
"2024-09-03";"";"42 779";"4 315";"27 563 093";"2024-09-03 09:54:50"
"2024-09-06";"";"166 442";"12 763";"27 562 445";"2024-09-07 00:45:52"
"2024-09-10";"";"101 321";"4 574";"27 562 982";"2024-09-10 10:55:38"
"2024-09-07";"";"134 849";"7 547";"27 563 263";"2024-09-07 07:16:43"
"2024-09-03";"Facebook";"1 376 266";"556 703";"27 561 592";"2024-09-03 12:09:09"
"2024-09-01";"";"22 782";"42 393";"27 562 326";"2024-09-01 18:15:51"
"2024-09-05";"";"34 558";"11 240";"27 562 608";"2024-09-05 09:18:37"
"2024-09-09";"Unknown";"70 137";"18 381";"27 561 351";"2024-09-09 09:18:45"
"2024-09-08";"";"37 468";"1 798";"27 563 152";"2024-09-08 05:26:32"
"2024-09-09";"Facebook";"180 967";"27 154";"27 562 942";"2024-09-09 20:41:41"
"2024-09-07";"";"33 175";"1 968";"27 561 851";"2024-09-07 10:43:51"
"2024-09-08";"";"51 471";"2 466";"27 561 879";"2024-09-08 12:57:59"
"2024-09-09";"";"128 585";"85 471";"27 563 131";"2024-09-09 03:36:40"
"2024-09-10";"";"153 851";"20 745";"27 562 090";"2024-09-10 23:56:05"
"2024-09-06";"";"426 182";"268 380";"27 561 569";"2024-09-06 05:02:45"
"2024-09-03";"";"153 762";"66 914";"27 562 033";"2024-09-03 23:56:46"
"2024-09-07";"";"2 612 795";"457 024";"27 561 815";"2024-09-07 06:39:38"
"2024-09-07";"";"581 435";"31 158";"27 563 187";"2024-09-07 20:53:05"
"2024-09-09";"";"63 965";"33 305";"27 561 538";"2024-09-10 01:10:12"
"2024-09-09";"";"42 449";"3 081";"27 561 457";"2024-09-09 05:50:35"
"2024-09-05";"";"196 445";"784 741";"27 562 202";"2024-09-05 21:06:31"
"2024-09-06";"";"62 797";"4 480";"27 563 063";"2024-09-06 08:17:12"
"2024-09-10";"";"324 983";"72 273";"27 563 295";"2024-09-10 11:56:12"
"2024-09-09";"";"1 229 527";"169 061";"27 561 378";"2024-09-09 15:48:05"
"2024-09-02";"";"46 131";"2 741";"27 562 489";"2024-09-02 11:32:08"
"2024-09-07";"";"32 356";"1 516";"27 563 216";"2024-09-07 11:32:38"
"2024-09-02";"Instagram";"392 535 376";"10 348 690";"27 563 372";"2024-09-02 05:26:20"
"2024-09-06";"";"85 890";"19 758";"27 562 942";"2024-09-06 03:48:36"
"2024-09-01";"Instagram";"43 946";"7 326";"27 563 047";"2024-09-01 11:32:32"
"2024-09-10";"Facebook";"681 377";"258 864";"27 561 176";"2024-09-10 20:41:42"
"2024-09-06";"";"19 436";"49 144";"27 562 525";"2024-09-06 15:00:25"
"2024-09-06";"Yandex";"1 222 460";"46 112";"27 561 217";"2024-09-06 07:52:25"
"2024-09-04";"YouTube";"374 351";"5 100 343";"27 561 464";"2024-09-04 09:54:26"
"2024-09-05";"";"136 322";"8 830";"27 561 454";"2024-09-05 03:12:11"
"2024-09-09";"";"32 112";"8 212";"27 563 220";"2024-09-09 07:04:43"
"2024-09-07";"Instagram";"45 012 366";"1 158 079";"27 563 157";"2024-09-07 16:25:04"
"2024-09-06";"";"788 836";"70 392";"27 561 260";"2024-09-06 07:28:12"
"2024-09-02";"";"303 126";"144 803";"27 563 113";"2024-09-02 20:29:39"
"2024-09-05";"";"152 324";"21 204";"27 561 547";"2024-09-05 11:08:55"
"2024-09-09";"Yandex";"2 312 831";"149 660";"27 561 669";"2024-09-09 22:31:24"
"2024-09-09";"";"191 125";"546 288";"27 562 199";"2024-09-09 16:13:54"
"2024-09-05";"";"34 288";"20 379";"27 563 153";"2024-09-05 22:07:06"
"2024-09-03";"";"255 858";"378 659";"27 562 613";"2024-09-03 08:17:45"
"2024-09-06";"";"59 245";"2 520";"27 562 192";"2024-09-06 16:25:17"
"2024-09-01";"";"63 689";"5 351";"27 562 202";"2024-09-01 19:40:30"
"2024-09-07";"";"30 607";"12 745";"27 562 298";"2024-09-07 11:32:13"
"2024-09-04";"WhatsApp";"2 108 349";"1 773 490";"27 561 602";"2024-09-04 10:19:58"
"2024-09-01";"Facebook";"95 829";"11 655";"27 561 720";"2024-09-01 15:24:54"
"2024-09-03";"Unknown";"1 014 468";"207 278";"27 561 536";"2024-09-03 05:26:37"
"2024-09-03";"";"908 924";"106 241";"27 563 471";"2024-09-03 16:25:11"
"2024-09-09";"Facebook";"220 304";"18 506";"27 563 059";"2024-09-09 13:10:48"
"2024-09-01";"";"30 202";"14 173";"27 562 101";"2024-09-02 02:35:23"
"2024-09-09";"";"26 662";"3 215";"27 561 973";"2024-09-10 00:57:58"
"2024-09-06";"";"293 530";"38 600";"27 561 227";"2024-09-06 21:30:21"
"2024-09-07";"";"348 339";"64 121";"27 562 762";"2024-09-07 23:20:44"
"2024-09-10";"";"109 059";"6 160";"27 562 102";"2024-09-10 22:19:12"
"2024-09-07";"";"370 264";"1 363 998";"27 561 555";"2024-09-08 01:22:02"
"2024-09-09";"Tas-ix";"944 848";"162 687";"27 561 855";"2024-09-09 10:55:35"
"2024-09-07";"Telegram";"1 746 664";"127 849";"27 561 567";"2024-09-07 20:53:25"
"2024-09-06";"";"99 368";"11 190";"27 561 375";"2024-09-06 17:38:25"
"2024-09-05";"";"40 710";"7 602";"27 562 680";"2024-09-05 03:12:03"
"2024-09-08";"Odnoklassniki";"85 321";"8 730";"27 562 544";"2024-09-08 22:31:40"
"2024-09-09";"Instagram";"102 207 784";"1 979 843";"27 563 369";"2024-09-09 06:27:36"
"2024-09-07";"";"3 313 384";"1 444 946";"27 562 595";"2024-09-07 21:30:03"
"2024-09-06";"";"5 616";"263 899";"27 561 428";"2024-09-06 22:55:55"
"2024-09-04";"";"29 135";"3 654";"27 562 216";"2024-09-04 08:29:27"
"2024-09-02";"";"37 310";"38 311";"27 563 387";"2024-09-03 00:21:36"
"2024-09-01";"Telegram";"23 528 774";"2 304 443";"27 563 106";"2024-09-01 04:37:32"
"2024-09-09";"Tas-ix";"417 588";"92 421";"27 561 669";"2024-09-09 12:09:00"
"2024-09-10";"Telegram";"1 226 776";"1 674 239";"27 562 213";"2024-09-10 18:15:30"
"2024-09-09";"Telegram";"28 811 540";"8 702 890";"27 563 097";"2024-09-09 09:30:24"
"2024-09-06";"YouTube";"85 818";"55 782";"27 561 695";"2024-09-06 03:00:36"
"2024-09-09";"";"117 110";"14 515";"27 563 058";"2024-09-09 12:45:56"
"2024-09-05";"YouTube";"47 745 305";"2 984 672";"27 562 878";"2024-09-05 04:37:59"
"2024-09-08";"";"1 523 171";"256 151";"27 562 365";"2024-09-08 13:22:33"
"2024-09-07";"";"1 425 010";"1 006 175";"27 561 737";"2024-09-07 12:45:11"
"2024-09-01";"";"31 392";"2 621";"27 561 221";"2024-09-01 08:53:40"
"2024-09-08";"";"168 519";"73 863";"27 562 878";"2024-09-08 09:42:23"
"2024-09-02";"";"72 422";"13 998";"27 562 349";"2024-09-02 23:20:24"
"2024-09-06";"";"39 063";"169 407";"27 563 066";"2024-09-06 09:30:44"
"2024-09-06";"";"162 836";"17 282";"27 561 468";"2024-09-07 01:58:01"
"2024-09-06";"";"451 128";"83 284";"27 562 601";"2024-09-06 07:52:04"
"2024-09-01";"Yandex";"133 739";"7 150";"27 561 236";"2024-09-01 12:09:28"
"2024-09-07";"Apple Music";"252 324";"5 645";"27 562 502";"2024-09-07 20:29:59"
"2024-09-08";"";"155 493";"15 946";"27 562 156";"2024-09-08 10:19:34"
"2024-09-08";"";"157 840";"10 714";"27 562 898";"2024-09-08 05:14:05"
"2024-09-05";"";"76 835";"21 947";"27 561 288";"2024-09-06 01:22:27"
"2024-09-08";"";"21 023 522";"12 286 800";"27 562 173";"2024-09-08 05:02:43"
"2024-09-01";"";"111 432";"455 573";"27 561 613";"2024-09-01 08:05:30"
"2024-09-02";"IMO";"42 926";"59 844";"27 562 051";"2024-09-02 05:50:07"
"2024-09-06";"";"970 091";"45 496";"27 562 091";"2024-09-06 06:27:15"
"2024-09-08";"";"41 151";"99 307";"27 562 879";"2024-09-08 13:58:24"
"2024-09-08";"";"3 941 433";"867 489";"27 563 404";"2024-09-08 21:42:29"
"2024-09-05";"";"358 417";"40 649";"27 563 395";"2024-09-05 21:06:30"
"2024-09-08";"";"51 647";"3 632";"27 562 156";"2024-09-08 10:19:12"
"2024-09-01";"YouTube";"2 083 444";"146 387";"27 562 772";"2024-09-01 18:51:38"
"2024-09-01";"";"47 941 663";"1 029 410";"27 563 273";"2024-09-01 12:33:50"
"2024-09-06";"";"116 694";"22 104";"27 563 418";"2024-09-06 09:18:07"
"2024-09-06";"";"61 037";"3 674";"27 562 656";"2024-09-06 10:31:47"
"2024-09-09";"Telegram";"70 380 146";"38 858 848";"27 561 564";"2024-09-09 21:54:29"
"2024-09-06";"";"4 028 340";"354 308";"27 563 177";"2024-09-06 11:08:26"
"2024-09-07";"";"3 524 737";"205 022";"27 562 884";"2024-09-07 18:39:37"
"2024-09-08";"";"397 871";"168 300";"27 562 156";"2024-09-08 14:11:21"
"2024-09-05";"YouTube";"26 726";"3 133";"27 563 336";"2024-09-05 06:39:58"
"2024-09-04";"Facebook";"1 624 384";"23 859";"27 562 350";"2024-09-04 22:43:42"
"2024-09-04";"YouTube";"853 853";"118 586";"27 563 199";"2024-09-04 10:19:04"
"2024-09-10";"YouTube";"333 399";"35 504";"27 562 680";"2024-09-11 02:23:29"
"2024-09-01";"";"97 599 516";"3 480 990";"27 561 884";"2024-09-01 21:06:45"
"2024-09-01";"";"33 763";"4 497";"27 561 448";"2024-09-01 07:40:22"
"2024-09-02";"";"1 011 335";"90 884";"27 561 725";"2024-09-02 22:19:42"
"2024-09-08";"";"524 313";"34 831";"27 563 020";"2024-09-08 19:04:11"
"2024-09-05";"";"193 184";"16 414";"27 562 192";"2024-09-05 09:18:55"
"2024-09-10";"YouTube";"90 791";"17 293";"27 562 455";"2024-09-10 15:24:00"
"2024-09-02";"Tas-ix";"171 868";"9 497";"27 562 339";"2024-09-03 00:45:13"
"2024-09-01";"Instagram";"749 180";"132 623";"27 561 220";"2024-09-01 22:43:58"
"2024-09-10";"";"25 700";"29 563";"27 561 517";"2024-09-10 18:03:12"
"2024-09-07";"Telegram";"1 771 977 803";"66 374 313";"27 562 601";"2024-09-07 23:56:01"
"2024-09-06";"";"59 249";"27 031";"27 563 432";"2024-09-06 03:00:22"
"2024-09-03";"";"0";"39 396";"27 561 485";"2024-09-03 15:36:33"
"2024-09-06";"";"23 083";"28 719";"27 563 075";"2024-09-06 13:22:38"
"2024-09-03";"";"54 607";"338 528";"27 563 378";"2024-09-03 18:15:31"
"2024-09-09";"";"46 773";"14 636";"27 561 610";"2024-09-09 20:29:14"
"2024-09-04";"Yandex";"4 507 426";"238 806";"27 561 865";"2024-09-04 19:52:02"
"2024-09-08";"";"8 096";"28 866";"27 562 824";"2024-09-08 05:02:09"
"2024-09-05";"YouTube";"17 082 326";"835 858";"27 561 934";"2024-09-05 03:24:21"
"2024-09-09";"Facebook";"9 795 635";"244 553";"27 563 453";"2024-09-09 07:28:21"
"2024-09-05";"";"46 325";"10 389";"27 561 744";"2024-09-05 05:14:27"
"2024-09-02";"";"45 222";"91 480";"27 562 810";"2024-09-03 01:22:47"
"2024-09-07";"";"80 142";"21 017";"27 562 674";"2024-09-08 02:59:51"
"2024-09-04";"Telegram";"274 502 937";"15 891 852";"27 563 110";"2024-09-05 00:09:07"
"2024-09-05";"";"1 566 203";"90 462";"27 561 857";"2024-09-05 20:05:06"
"2024-09-09";"";"4 429 920";"264 688";"27 562 896";"2024-09-09 19:28:26"
"2024-09-04";"";"107 720";"17 769";"27 562 890";"2024-09-04 20:29:54"
"2024-09-07";"";"478 535";"79 812";"27 561 286";"2024-09-07 14:47:03"
"2024-09-10";"YouTube";"92 402 680";"6 088 459";"27 562 435";"2024-09-10 14:59:11"
"2024-09-06";"YouTube";"1 486 597";"74 188";"27 562 355";"2024-09-06 20:05:07"
"2024-09-10";"";"30 139";"4 989";"27 562 689";"2024-09-10 19:28:51"
"2024-09-03";"";"109 401";"119 521";"27 561 785";"2024-09-03 13:22:09"
"2024-09-02";"";"0";"322 213";"27 561 907";"2024-09-02 16:13:42"
"2024-09-06";"Facebook";"1 248 888";"27 806";"27 562 993";"2024-09-06 17:14:46"
"2024-09-01";"";"46 462";"8 234";"27 563 416";"2024-09-01 03:36:06"
"2024-09-05";"";"10 591";"138 512";"27 561 587";"2024-09-05 18:03:51"
"2024-09-07";"YouTube";"1 162 795";"354 280";"27 563 244";"2024-09-07 14:35:50"
"2024-09-06";"Instagram";"9 835 526";"8 505 663";"27 562 142";"2024-09-06 08:29:51"
"2024-09-02";"";"527 639";"476 063";"27 562 674";"2024-09-03 01:22:17"
"2024-09-05";"YouTube";"496 767";"29 666";"27 563 153";"2024-09-05 20:53:44"
"2024-09-06";"";"52 236";"3 604";"27 562 402";"2024-09-06 19:40:18"
"2024-09-02";"";"27 431";"4 018";"27 562 622";"2024-09-02 12:09:14"
"2024-09-09";"";"6 663";"59 510";"27 562 950";"2024-09-09 08:53:01"
"2024-09-02";"";"269 725";"80 917";"27 563 351";"2024-09-02 05:02:26"
"2024-09-10";"";"1 765 392";"69 692";"27 563 458";"2024-09-10 23:44:50"
"2024-09-02";"";"29 503";"10 043";"27 561 326";"2024-09-02 21:06:35"
"2024-09-01";"";"349 247 427";"27 562 253";"27 561 884";"2024-09-01 11:20:36"
"2024-09-09";"";"64 590";"23 898";"27 561 480";"2024-09-09 03:48:44"
"2024-09-09";"";"29 620";"3 388";"27 561 262";"2024-09-09 11:08:30"
"2024-09-05";"";"45 665";"93 929";"27 563 198";"2024-09-05 13:34:15"
"2024-09-10";"YouTube";"69 213";"817 920";"27 562 592";"2024-09-11 00:33:51"
"2024-09-03";"";"203 181";"30 998";"27 562 741";"2024-09-03 14:59:01"
"2024-09-03";"Instagram";"40 273";"10 386";"27 562 981";"2024-09-03 22:19:26"
"2024-09-05";"";"16 363";"62 263";"27 562 550";"2024-09-05 05:26:06"
"2024-09-10";"Likee";"177 959";"294 102";"27 562 645";"2024-09-10 08:41:40"
"2024-09-07";"YouTube";"50 214";"210 871";"27 561 715";"2024-09-07 16:25:30"
"2024-09-02";"";"52 716";"224 602";"27 563 345";"2024-09-03 01:58:13"
"2024-09-07";"";"33 625";"10 245";"27 563 093";"2024-09-08 01:10:18"
"2024-09-02";"Telegram";"93 757";"23 862";"27 563 058";"2024-09-02 22:19:36"
"2024-09-01";"";"25 643";"12 094";"27 562 595";"2024-09-01 12:57:17"
"2024-09-07";"";"1 257 325";"441 185";"27 561 884";"2024-09-07 09:30:05"
"2024-09-06";"";"20 027 676";"898 219";"27 563 198";"2024-09-06 10:55:38"
"2024-09-06";"";"474 067";"25 971";"27 562 050";"2024-09-07 01:58:20"
"2024-09-02";"";"73 602";"7 678";"27 561 690";"2024-09-02 19:40:32"
"2024-09-09";"Telegram";"539 774 186";"29 160 276";"27 561 723";"2024-09-09 17:02:24"
"2024-09-10";"Unknown";"34 037";"20 136";"27 562 425";"2024-09-10 08:53:01"
"2024-09-06";"";"192 674";"38 761";"27 563 009";"2024-09-06 06:15:34"
"2024-09-02";"YouTube";"277 153 594";"23 706 047";"27 561 275";"2024-09-02 12:21:16"
"2024-09-01";"";"37 369";"9 263";"27 563 348";"2024-09-01 03:12:46"
"2024-09-10";"";"1 932 373";"86 419";"27 561 230";"2024-09-10 11:32:27"
"2024-09-10";"";"203 798";"9 081";"27 562 747";"2024-09-11 02:59:28"
"2024-09-07";"";"29 221";"2 757";"27 563 235";"2024-09-07 13:58:19"
"2024-09-01";"";"30 252";"3 055";"27 561 510";"2024-09-01 22:07:33"
"2024-09-07";"";"213 382";"21 470";"27 561 335";"2024-09-07 15:12:08"
"2024-09-03";"";"121 627";"183 093";"27 561 811";"2024-09-03 19:40:47"
"2024-09-05";"Facebook";"462 547";"9 466";"27 561 508";"2024-09-05 08:53:40"
"2024-09-08";"";"101 975";"22 422";"27 561 547";"2024-09-08 08:17:43"
"2024-09-03";"Telegram";"875 211 780";"27 896 612";"27 561 344";"2024-09-03 11:32:03"
"2024-09-03";"";"92 862";"5 403";"27 561 862";"2024-09-03 12:45:22"
"2024-09-07";"";"35 849";"5 203";"27 561 448";"2024-09-07 15:12:50"
"2024-09-01";"";"2 974 980";"158 913";"27 561 335";"2024-09-02 00:33:18"
"2024-09-05";"YouTube";"36 461";"3 484";"27 563 451";"2024-09-05 12:45:39"
"2024-09-07";"";"36 237 756";"2 077 435";"27 561 655";"2024-09-07 10:31:51"
"2024-09-10";"";"53 476";"3 076";"27 562 144";"2024-09-10 11:32:25"
"2024-09-07";"Facebook";"822 748";"65 548";"27 562 547";"2024-09-07 11:56:02"
"2024-09-09";"";"217 977";"45 791";"27 562 825";"2024-09-09 11:08:57"
"2024-09-09";"Facebook";"2 365 614";"62 305";"27 561 699";"2024-09-09 10:19:39"
"2024-09-06";"";"1 076 130";"61 412";"27 561 497";"2024-09-06 17:02:35"
"2024-09-08";"Apple Music";"781 690";"221 833";"27 563 503";"2024-09-08 14:23:15"
"2024-09-06";"";"17 206";"28 840";"27 562 690";"2024-09-06 17:26:40"
"2024-09-03";"";"55 576";"3 327";"27 562 675";"2024-09-03 10:43:49"
"2024-09-08";"";"55 154";"110 973";"27 561 358";"2024-09-09 02:47:41"
"2024-09-09";"Instagram";"9 015 700";"361 326";"27 561 315";"2024-09-09 13:46:50"
"2024-09-06";"";"33 991";"8 384";"27 562 035";"2024-09-06 18:15:03"
"2024-09-02";"";"45 026";"62 357";"27 563 504";"2024-09-02 10:43:53"
"2024-09-01";"Tas-ix";"369 961";"44 061";"27 562 281";"2024-09-02 01:22:00"
"2024-09-06";"";"26 611";"15 876";"27 561 413";"2024-09-06 10:07:04"
"2024-09-06";"";"2 780";"124 861";"27 563 404";"2024-09-06 12:21:16"
"2024-09-02";"";"3 057 185";"3 001 275";"27 561 776";"2024-09-02 23:20:44"
"2024-09-02";"Telegram";"102 089 998";"3 352 551";"27 562 841";"2024-09-02 16:49:45"
"2024-09-01";"";"5 413 719";"292 668";"27 563 030";"2024-09-01 06:27:03"
"2024-09-06";"";"27 094";"10 798";"27 562 535";"2024-09-06 23:32:18"
"2024-09-09";"YouTube";"112 468";"78 067";"27 561 737";"2024-09-10 02:35:45"
"2024-09-05";"";"513 836";"92 699";"27 562 695";"2024-09-05 10:55:05"
"2024-09-02";"";"399 469";"26 366";"27 562 107";"2024-09-02 06:15:58"
"2024-09-02";"Telegram";"18 214 778";"1 160 306";"27 562 748";"2024-09-02 07:04:10"
"2024-09-07";"";"68 039";"11 273";"27 562 339";"2024-09-07 19:52:13"
"2024-09-06";"YouTube";"179 910 399";"9 024 127";"27 561 607";"2024-09-07 01:46:05"
"2024-09-05";"";"527 139";"31 869";"27 563 390";"2024-09-05 03:48:10"
"2024-09-02";"";"2 676 248";"131 207";"27 561 492";"2024-09-02 10:55:54"
"2024-09-03";"";"40 728 765";"891 014";"27 561 470";"2024-09-03 14:59:37"
"2024-09-09";"";"1 333 200";"110 599";"27 562 084";"2024-09-09 10:19:37"
"2024-09-03";"";"0";"25 722";"27 563 072";"2024-09-03 21:42:17"
"2024-09-01";"Facebook";"153 560";"16 222";"27 561 491";"2024-09-01 09:42:17"
"2024-09-07";"YouTube";"3 375 517";"242 925";"27 562 391";"2024-09-07 13:22:04"
"2024-09-05";"";"6 416";"30 413";"27 561 897";"2024-09-05 16:49:08"
"2024-09-06";"";"7 070";"26 687";"27 563 191";"2024-09-06 16:37:37"
"2024-09-02";"YouTube";"82 019";"14 070";"27 562 243";"2024-09-02 20:29:00"
"2024-09-01";"";"370 553";"14 063";"27 562 290";"2024-09-01 19:16:06"
"2024-09-01";"";"96 507";"30 486";"27 563 112";"2024-09-01 12:33:09"
"2024-09-03";"";"49 256";"3 013";"27 562 810";"2024-09-04 00:09:42"
"2024-09-07";"";"316 576";"96 374";"27 562 628";"2024-09-07 09:30:49"
"2024-09-01";"";"68 343";"7 460";"27 562 521";"2024-09-01 14:23:38"
"2024-09-01";"";"7 341 380";"346 346";"27 561 246";"2024-09-02 01:46:17"
"2024-09-06";"Instagram";"833 886";"211 281";"27 563 393";"2024-09-06 18:27:11"
"2024-09-04";"";"600";"37 229";"27 561 428";"2024-09-04 08:29:18"
"2024-09-10";"Instagram";"28 395 867";"1 066 650";"27 562 057";"2024-09-11 00:57:25"
"2024-09-10";"";"33 528";"9 868";"27 562 854";"2024-09-10 07:16:13"
"2024-09-05";"";"158 902";"13 239";"27 561 730";"2024-09-05 16:01:41"
"2024-09-03";"";"349 535";"17 623";"27 562 836";"2024-09-03 09:18:11"
"2024-09-05";"";"139 208";"21 182";"27 561 693";"2024-09-06 01:10:43"
"2024-09-07";"";"559 263";"155 100";"27 562 445";"2024-09-07 06:03:03"
"2024-09-09";"";"51 633 270";"3 188 294";"27 561 275";"2024-09-09 23:44:55"
"2024-09-09";"";"29 936";"6 999";"27 562 693";"2024-09-10 02:35:09"
"2024-09-04";"YouTube";"1 512 277 749";"83 407 905";"27 563 469";"2024-09-04 09:54:36"
"2024-09-02";"YouTube";"134 959";"10 094";"27 563 228";"2024-09-03 00:33:10"
"2024-09-06";"Facebook";"126 881 618";"4 307 753";"27 561 375";"2024-09-06 22:31:53"
"2024-09-05";"";"65 727";"6 649";"27 561 520";"2024-09-05 19:16:03"
"2024-09-04";"Telegram";"73 955 935";"2 919 919";"27 562 497";"2024-09-04 17:14:38"
"2024-09-10";"";"288 890 799";"8 028 196";"27 563 414";"2024-09-10 22:55:29"
"2024-09-04";"YouTube";"4 488 543";"243 224";"27 562 711";"2024-09-05 02:47:37"
"2024-09-08";"";"60 212";"25 140";"27 561 253";"2024-09-08 11:32:13"
"2024-09-02";"";"103 647";"242 085";"27 562 525";"2024-09-02 15:12:37"
"2024-09-04";"Facebook";"263 907";"20 171";"27 562 713";"2024-09-04 17:38:20"
"2024-09-10";"";"252 048";"43 228";"27 562 098";"2024-09-10 07:16:12"
"2024-09-02";"";"84 040";"4 796";"27 562 224";"2024-09-02 15:36:48"
"2024-09-03";"";"30 451";"7 425";"27 562 968";"2024-09-03 07:16:18"
"2024-09-09";"Telegram";"4 599 327";"962 792";"27 562 687";"2024-09-10 02:59:01"
"2024-09-09";"";"49 735 874";"3 860 898";"27 563 168";"2024-09-09 23:32:47"
"2024-09-06";"Yandex";"190 884";"249 202";"27 563 136";"2024-09-07 01:46:20"
"2024-09-08";"";"266 652";"69 971";"27 561 555";"2024-09-09 02:23:06"
"2024-09-02";"YouTube";"245 784";"83 241";"27 561 981";"2024-09-02 12:45:50"
"2024-09-07";"";"2 490";"40 340";"27 562 810";"2024-09-07 17:50:08"
"2024-09-07";"YouTube";"3 382 317";"4 001 202";"27 562 615";"2024-09-07 18:39:35"
"2024-09-09";"";"96 062";"124 484";"27 561 697";"2024-09-09 13:46:45"
"2024-09-02";"TikTok";"46 724";"582 344";"27 561 463";"2024-09-02 07:28:50"
"2024-09-10";"YouTube";"182 334";"18 837";"27 562 518";"2024-09-10 06:51:31"
"2024-09-07";"";"40 151";"3 883";"27 562 667";"2024-09-07 21:54:20"
"2024-09-04";"";"25 651";"11 844";"27 563 289";"2024-09-04 10:55:14"
"2024-09-05";"";"38 424";"10 905";"27 562 086";"2024-09-05 12:09:13"
"2024-09-09";"WhatsApp";"1 745 873";"1 398 722";"27 561 820";"2024-09-09 22:55:05"
"2024-09-03";"";"105 344";"61 428";"27 563 369";"2024-09-03 23:32:47"
"2024-09-02";"";"57 383";"28 615";"27 561 613";"2024-09-02 09:18:19"
"2024-09-02";"";"241 295";"23 174";"27 563 076";"2024-09-02 16:49:04"
"2024-09-03";"";"160 664";"20 218";"27 563 414";"2024-09-03 21:42:08"
"2024-09-02";"";"164 647";"18 856";"27 562 759";"2024-09-03 02:23:35"
"2024-09-07";"Instagram";"8 205 807";"9 745 937";"27 562 041";"2024-09-07 11:44:57"
"2024-09-06";"Telegram";"23 061 151";"1 781 965";"27 562 759";"2024-09-06 23:56:31"
"2024-09-10";"";"43 380";"30 724";"27 563 314";"2024-09-10 19:04:21"
"2024-09-02";"";"85 128";"101 800";"27 561 219";"2024-09-02 19:28:09"
"2024-09-08";"";"85 529";"10 069";"27 561 706";"2024-09-08 09:18:55"
"2024-09-02";"";"55 814";"14 443";"27 563 402";"2024-09-02 12:57:42"
"2024-09-03";"";"223 921";"7 655";"27 561 410";"2024-09-03 03:36:35"
"2024-09-10";"";"33 508";"2 275";"27 562 646";"2024-09-11 02:23:57"
"2024-09-02";"YouTube";"1 388 591";"578 887";"27 562 192";"2024-09-02 09:18:54"
"2024-09-06";"";"32 315";"11 466";"27 562 674";"2024-09-06 08:41:17"
"2024-09-04";"";"61 797";"7 236";"27 561 745";"2024-09-04 12:33:30"
"2024-09-01";"";"176 416";"447 857";"27 563 083";"2024-09-01 12:33:02"
"2024-09-07";"";"93 194";"98 204";"27 562 856";"2024-09-08 01:58:53"
"2024-09-06";"Instagram";"691 748";"141 227";"27 562 522";"2024-09-06 10:55:49"
"2024-09-08";"";"33 006";"24 265";"27 563 293";"2024-09-08 10:31:32"
"2024-09-04";"";"70 182";"9 399";"27 562 762";"2024-09-05 00:21:15"
"2024-09-04";"";"28 170";"2 347";"27 563 087";"2024-09-04 16:37:05"
"2024-09-10";"";"153 921";"31 230";"27 562 033";"2024-09-10 18:51:51"
"2024-09-07";"";"81 033";"6 796";"27 563 211";"2024-09-07 16:49:38"
"2024-09-03";"";"242 168";"14 442";"27 561 888";"2024-09-03 05:50:46"
"2024-09-09";"";"120 434";"372 056";"27 563 047";"2024-09-09 13:10:04"
"2024-09-02";"YouTube";"38 091 246";"3 010 293";"27 561 552";"2024-09-02 06:39:15"
"2024-09-07";"";"4 678 344";"317 645";"27 561 627";"2024-09-07 08:29:39"
"2024-09-06";"";"40 108";"14 981";"27 562 518";"2024-09-06 12:09:10"
"2024-09-04";"";"26 121";"22 775";"27 562 382";"2024-09-04 11:56:08"
"2024-09-08";"Instagram";"2 745 030";"102 742";"27 562 082";"2024-09-08 07:52:37"
"2024-09-10";"";"27 619";"6 048";"27 563 381";"2024-09-10 22:07:36"
"2024-09-07";"";"34 178";"7 289";"27 562 708";"2024-09-07 22:07:54"
"2024-09-04";"";"496 852";"272 710";"27 562 717";"2024-09-04 05:02:15"
"2024-09-01";"";"10 182";"51 555";"27 561 286";"2024-09-01 12:57:17"
"2024-09-02";"";"2 800 008";"108 005";"27 561 776";"2024-09-02 08:53:40"
"2024-09-08";"Unknown";"101 898";"18 634";"27 563 310";"2024-09-08 07:52:05"
"2024-09-10";"YouTube";"160 354";"20 755";"27 562 006";"2024-09-10 08:29:11"
"2024-09-05";"";"397 201";"189 899";"27 562 678";"2024-09-05 15:00:51"
"2024-09-02";"";"305 287";"142 929";"27 563 030";"2024-09-02 19:16:42"
"2024-09-03";"Instagram";"241 604";"7 985";"27 563 175";"2024-09-03 16:49:35"
"2024-09-10";"";"328 933";"100 358";"27 563 336";"2024-09-10 06:51:32"
"2024-09-09";"";"61 438";"16 409";"27 562 615";"2024-09-09 18:27:58"
"2024-09-01";"Tas-ix";"914 018";"16 202";"27 561 270";"2024-09-01 07:40:02"
"2024-09-02";"Facebook";"130 326";"9 642";"27 562 094";"2024-09-02 03:48:19"
"2024-09-10";"";"13 772";"32 322";"27 563 129";"2024-09-10 17:14:40"
"2024-09-03";"Instagram";"1 878 357";"983 002";"27 562 555";"2024-09-03 10:19:53"
"2024-09-01";"";"137 951";"8 300";"27 562 331";"2024-09-01 22:31:22"
"2024-09-08";"";"197 076";"6 811";"27 563 114";"2024-09-08 10:07:58"
"2024-09-03";"";"33 430";"8 196";"27 561 176";"2024-09-03 13:46:56"
"2024-09-09";"";"29 170";"3 797";"27 561 687";"2024-09-09 18:27:29"
"2024-09-03";"";"2 321 883";"106 094";"27 562 457";"2024-09-03 20:17:39"
"2024-09-10";"Facebook";"1 097 815";"418 678";"27 562 544";"2024-09-10 08:53:44"
"2024-09-02";"Instagram";"22 934 230";"683 251";"27 561 684";"2024-09-02 20:41:14"
"2024-09-07";"YouTube";"126 574";"13 019";"27 562 820";"2024-09-07 12:33:15"
"2024-09-08";"";"134 389";"12 824";"27 562 912";"2024-09-09 00:33:32"
"2024-09-06";"Instagram";"10 206 300";"13 267 410";"27 562 968";"2024-09-06 09:30:17"
"2024-09-05";"";"26 336";"4 170";"27 563 059";"2024-09-05 05:26:05"
"2024-09-01";"";"145 791";"11 045";"27 562 261";"2024-09-01 23:56:08"
"2024-09-07";"";"295 140";"20 521";"27 562 289";"2024-09-07 16:01:36"
"2024-09-05";"YouTube";"870 572";"67 836";"27 562 670";"2024-09-05 11:08:24"
"2024-09-10";"";"73 225";"8 458";"27 561 592";"2024-09-10 14:23:36"
"2024-09-10";"Instagram";"290 588";"42 068";"27 562 781";"2024-09-10 19:16:26"
"2024-09-03";"";"10 381";"32 938";"27 561 428";"2024-09-04 02:59:13"
"2024-09-07";"";"46 564";"3 842";"27 562 302";"2024-09-07 09:06:24"
"2024-09-03";"";"1 985 785";"337 358";"27 561 802";"2024-09-03 18:03:11"
"2024-09-04";"";"55 277";"752 004";"27 562 787";"2024-09-04 20:41:32"
"2024-09-09";"";"1 182 258";"64 704";"27 562 280";"2024-09-09 21:42:49"
"2024-09-10";"Telegram";"50 948 587";"2 662 001";"27 562 859";"2024-09-10 15:48:05"
"2024-09-10";"Odnoklassniki";"67 373";"50 890";"27 561 301";"2024-09-10 18:03:42"
"2024-09-10";"";"320 613";"53 050";"27 561 888";"2024-09-10 10:43:16"
"2024-09-01";"";"49 868";"6 528";"27 562 247";"2024-09-01 23:56:23"
"2024-09-01";"PUBG";"1 042 696";"54 502";"27 562 267";"2024-09-01 17:38:51"
"2024-09-02";"Instagram";"1 112 232";"1 330 130";"27 562 468";"2024-09-02 05:02:03"
"2024-09-04";"";"44 388";"3 457";"27 562 197";"2024-09-04 16:25:58"
"2024-09-09";"";"56 803";"33 861";"27 563 207";"2024-09-09 19:04:06"
"2024-09-05";"";"58 480";"27 170";"27 563 474";"2024-09-05 21:30:16"
"2024-09-09";"";"89 966";"10 198";"27 561 975";"2024-09-09 15:24:41"
"2024-09-02";"YouTube";"2 497 273";"921 659";"27 563 001";"2024-09-02 15:12:49"
"2024-09-05";"";"31 248";"5 653";"27 561 845";"2024-09-05 16:01:09"
"2024-09-05";"";"36 933";"7 795";"27 562 696";"2024-09-05 19:28:27"
"2024-09-10";"";"50 543";"85 709";"27 563 106";"2024-09-10 07:52:42"
"2024-09-09";"";"44 460";"76 187";"27 562 651";"2024-09-10 02:47:06"
"2024-09-06";"Yandex";"1 254 429";"212 457";"27 561 426";"2024-09-06 09:06:28"
"2024-09-08";"YouTube";"184 529";"46 912";"27 562 460";"2024-09-08 12:21:34"
"2024-09-03";"YouTube";"360 480";"65 482";"27 562 890";"2024-09-03 13:22:59"
"2024-09-08";"Telegram";"8 273 855";"595 026";"27 561 265";"2024-09-08 20:41:08"
"2024-09-10";"WhatsApp";"175 606";"80 304";"27 561 418";"2024-09-11 01:10:39"
"2024-09-06";"";"32 667";"7 359";"27 562 788";"2024-09-06 21:06:40"
"2024-09-04";"Facebook";"71 301";"8 033";"27 562 261";"2024-09-04 17:14:13"
"2024-09-10";"";"50 857 403";"2 243 476";"27 561 971";"2024-09-10 18:39:08"
"2024-09-03";"";"142 604";"28 597";"27 563 060";"2024-09-03 12:21:32"
"2024-09-06";"";"28 476";"157 893";"27 563 121";"2024-09-06 12:09:03"
"2024-09-07";"";"221 102";"122 322";"27 561 698";"2024-09-07 11:44:14"
"2024-09-02";"";"817 595";"343 771";"27 561 792";"2024-09-02 09:06:33"
"2024-09-04";"";"2 283 242";"229 766";"27 562 003";"2024-09-04 19:28:50"
"2024-09-01";"";"905 221";"77 725";"27 561 867";"2024-09-01 05:26:49"
"2024-09-02";"";"236 528";"270 508";"27 562 255";"2024-09-02 15:36:30"
"2024-09-09";"Telegram";"305 827";"36 525";"27 563 379";"2024-09-09 19:52:03"
"2024-09-05";"";"43 959";"8 296";"27 563 029";"2024-09-05 10:55:42"
"2024-09-06";"Instagram";"4 026 313";"17 566 899";"27 561 555";"2024-09-06 07:52:52"
"2024-09-07";"YouTube";"65 342";"500 370";"27 561 254";"2024-09-07 11:32:17"
"2024-09-08";"YouTube";"4 042 270";"1 207 411";"27 562 397";"2024-09-08 20:41:56"
"2024-09-09";"Telegram";"9 255 931";"572 547";"27 561 578";"2024-09-10 01:58:04"
"2024-09-08";"";"275 296";"40 596";"27 563 094";"2024-09-08 07:52:38"
"2024-09-08";"";"6 218 614";"254 818";"27 562 494";"2024-09-08 11:32:54"
"2024-09-04";"";"45 588";"16 054";"27 562 281";"2024-09-04 13:22:16"
"2024-09-09";"";"107 962 768";"2 956 811";"27 562 401";"2024-09-09 06:39:35"
"2024-09-03";"";"40 506";"2 458";"27 562 401";"2024-09-03 07:04:09"
"2024-09-02";"";"599 448";"43 964";"27 562 514";"2024-09-02 23:32:14"
"2024-09-08";"Apple Music";"837 396";"18 341";"27 562 851";"2024-09-08 20:17:37"
"2024-09-02";"";"8 789 254";"7 812 658";"27 562 170";"2024-09-02 11:32:59"
"2024-09-07";"Instagram";"3 402 647";"6 689 031";"27 562 660";"2024-09-07 17:38:56"
"2024-09-02";"";"7 151";"74 017";"27 562 880";"2024-09-02 03:48:31"
"2024-09-08";"";"84 144";"11 517";"27 561 630";"2024-09-09 00:21:56"
"2024-09-05";"";"224 141";"54 227";"27 562 236";"2024-09-05 19:28:23"
"2024-09-07";"";"92 999";"45 052";"27 561 787";"2024-09-07 06:51:00"
"2024-09-05";"";"33 730";"8 594";"27 561 606";"2024-09-05 15:24:03"
"2024-09-09";"Telegram";"760 965";"57 015";"27 562 484";"2024-09-09 15:00:19"
"2024-09-05";"YouTube";"120 550";"20 768";"27 562 843";"2024-09-05 09:18:33"
"2024-09-10";"";"39 894";"10 780";"27 562 257";"2024-09-10 13:34:26"
"2024-09-06";"";"1 758 875";"117 550";"27 563 488";"2024-09-06 12:45:44"
"2024-09-03";"YouTube";"36 799 236";"3 026 924";"27 563 105";"2024-09-03 11:20:41"
"2024-09-06";"";"4 637 857";"116 228";"27 562 100";"2024-09-07 00:45:20"
"2024-09-10";"Telegram";"584 665";"58 017";"27 562 494";"2024-09-10 13:22:06"
"2024-09-06";"YouTube";"1 699 684";"102 690";"27 563 285";"2024-09-07 01:34:23"
"2024-09-10";"YouTube";"150 209";"9 835";"27 563 311";"2024-09-10 15:24:40"
"2024-09-06";"";"30 900";"2 092";"27 562 275";"2024-09-06 19:52:29"
"2024-09-06";"";"898 906";"668 370";"27 563 404";"2024-09-06 07:16:12"
"2024-09-02";"";"29 496";"13 233";"27 561 838";"2024-09-02 12:09:07"
"2024-09-08";"";"1 091 512";"374 055";"27 562 260";"2024-09-08 10:07:15"
"2024-09-03";"Telegram";"1 963 082";"226 764";"27 562 917";"2024-09-03 17:26:58"
"2024-09-07";"";"3 700";"170 140";"27 563 096";"2024-09-07 11:20:58"
"2024-09-01";"";"281 145";"1 119 632";"27 561 305";"2024-09-01 20:17:27"
"2024-09-02";"";"35 160";"6 904";"27 561 941";"2024-09-02 19:04:00"
"2024-09-04";"VKontakte";"46 572";"3 500";"27 562 825";"2024-09-04 11:32:20"
"2024-09-01";"";"288 166";"10 377";"27 562 441";"2024-09-01 10:43:45"
"2024-09-04";"";"2 202 719";"189 154";"27 562 372";"2024-09-04 12:33:38"
"2024-09-07";"";"167 991";"348 787";"27 562 535";"2024-09-07 13:58:07"
"2024-09-07";"Instagram";"176 297";"53 908";"27 562 120";"2024-09-08 00:45:22"
"2024-09-03";"Telegram";"113 717 506";"103 340 732";"27 562 522";"2024-09-03 09:18:22"
"2024-09-03";"";"217 175";"10 911";"27 562 232";"2024-09-03 17:26:00"
"2024-09-08";"";"348 481";"18 082";"27 562 615";"2024-09-08 14:23:05"
"2024-09-01";"WhatsApp";"28 290";"5 806";"27 563 112";"2024-09-01 19:16:40"
"2024-09-10";"";"47 956";"4 195";"27 562 494";"2024-09-11 02:11:41"
"2024-09-10";"Telegram";"15 787 607";"910 153";"27 561 947";"2024-09-10 03:00:57"
"2024-09-06";"Instagram";"7 953 902";"886 611";"27 562 612";"2024-09-06 20:53:25"
"2024-09-01";"";"27 927";"10 924";"27 562 200";"2024-09-01 22:31:28"
"2024-09-02";"YouTube";"67 054 610";"4 960 718";"27 562 066";"2024-09-02 19:28:33"
"2024-09-04";"Yandex";"1 849 782";"586 291";"27 562 156";"2024-09-04 04:13:00"
"2024-09-08";"";"71 424";"34 605";"27 562 521";"2024-09-09 00:09:40"
"2024-09-06";"";"303 551";"29 109";"27 563 171";"2024-09-06 23:20:26"
"2024-09-05";"";"250 214";"505 424";"27 563 122";"2024-09-06 01:58:56"
"2024-09-04";"";"157 585";"11 194";"27 561 304";"2024-09-04 14:59:07"
"2024-09-09";"";"116 439";"28 569";"27 562 586";"2024-09-09 03:48:10"
"2024-09-01";"Telegram";"5 940 210";"378 529";"27 561 825";"2024-09-01 22:19:07"
"2024-09-07";"Instagram";"9 136 739";"6 465 560";"27 562 808";"2024-09-07 22:19:22"
"2024-09-09";"";"29 733";"13 293";"27 562 496";"2024-09-09 21:06:10"
"2024-09-05";"Unknown";"216 040";"50 425";"27 561 217";"2024-09-05 20:05:24"
"2024-09-04";"YouTube";"1 061 877";"50 927";"27 562 226";"2024-09-04 23:44:28"
"2024-09-08";"";"46 620";"52 226";"27 561 506";"2024-09-08 17:26:28"
"2024-09-05";"";"45 155";"5 755";"27 561 407";"2024-09-05 09:30:29"
"2024-09-09";"";"223 392";"19 664";"27 561 294";"2024-09-09 11:56:30"
"2024-09-04";"";"75 842";"108 408";"27 563 093";"2024-09-04 05:50:42"
"2024-09-08";"Yandex";"145 239";"5 932";"27 563 243";"2024-09-08 22:31:11"
"2024-09-07";"YouTube";"199 546";"23 952";"27 562 843";"2024-09-07 13:58:14"
"2024-09-01";"";"33 343";"4 663";"27 563 205";"2024-09-01 17:26:20"
"2024-09-10";"";"525 867";"53 908";"27 562 879";"2024-09-10 10:55:37"
"2024-09-05";"WhatsApp";"3 034 313";"4 035 178";"27 562 863";"2024-09-05 06:51:14"
"2024-09-03";"";"59 250";"3 296";"27 561 552";"2024-09-03 05:26:25"
"2024-09-07";"";"260 922";"29 494";"27 563 284";"2024-09-07 19:16:24"
"2024-09-09";"YouTube";"6 666 182";"325 755";"27 561 193";"2024-09-09 20:17:19"
"2024-09-09";"";"4 861 845";"229 765";"27 561 893";"2024-09-09 13:10:36"
"2024-09-08";"";"481 887";"21 348";"27 562 393";"2024-09-08 06:15:52"
"2024-09-05";"";"381 232";"15 515";"27 561 831";"2024-09-05 06:27:07"
"2024-09-05";"";"62 783";"11 976";"27 562 470";"2024-09-06 02:59:27"
"2024-09-04";"";"107 012 077";"6 655 580";"27 561 686";"2024-09-04 12:57:36"
"2024-09-08";"";"30 358";"8 825";"27 561 571";"2024-09-08 18:03:31"
"2024-09-05";"";"908 560";"54 465";"27 562 778";"2024-09-05 04:25:30"
"2024-09-05";"Telegram";"63 330 800";"122 414 513";"27 561 181";"2024-09-05 04:13:33"
"2024-09-08";"";"51 242";"44 544";"27 562 721";"2024-09-08 05:26:57"
"2024-09-01";"YouTube";"5 334 856";"316 633";"27 563 061";"2024-09-01 20:29:54"
"2024-09-10";"";"30 955";"3 324";"27 563 083";"2024-09-10 10:19:42"
"2024-09-08";"";"161 459";"81 109";"27 562 649";"2024-09-08 03:48:25"
"2024-09-08";"";"49 250";"4 767";"27 561 398";"2024-09-08 20:17:00"
"2024-09-04";"";"25 660";"4 073";"27 562 890";"2024-09-05 00:33:57"
"2024-09-09";"Facebook";"192 751";"21 728";"27 562 255";"2024-09-09 18:39:44"
"2024-09-05";"";"118 493";"25 454";"27 561 485";"2024-09-05 22:07:59"
"2024-09-04";"";"133 625";"111 186";"27 561 762";"2024-09-04 14:11:48"
"2024-09-09";"";"50 115";"73 860";"27 563 175";"2024-09-09 18:15:39"
"2024-09-06";"";"294 492";"38 848";"27 562 622";"2024-09-06 07:40:33"
"2024-09-08";"Facebook";"158 575";"15 019";"27 563 260";"2024-09-08 05:14:55"
"2024-09-01";"Yandex";"16 488";"28 747";"27 561 908";"2024-09-01 22:55:32"
"2024-09-07";"Instagram";"90 286 989";"1 797 321";"27 561 908";"2024-09-07 09:30:23"
"2024-09-04";"";"26 146 493";"595 746";"27 563 175";"2024-09-05 02:59:02"
"2024-09-08";"Instagram";"201 971";"40 984";"27 561 484";"2024-09-08 06:15:29"
"2024-09-09";"Facebook";"58 360";"41 574";"27 561 247";"2024-09-10 01:34:39"
"2024-09-08";"";"98 529";"12 642";"27 562 144";"2024-09-08 06:51:31"
"2024-09-03";"Instagram";"299 479";"19 858";"27 561 251";"2024-09-03 20:17:13"
"2024-09-03";"";"988 778";"44 346";"27 562 230";"2024-09-03 23:44:11"
"2024-09-07";"";"27 398";"136 815";"27 563 426";"2024-09-07 08:53:22"
"2024-09-09";"YouTube";"46 576 530";"2 683 914";"27 562 851";"2024-09-09 15:24:04"
"2024-09-04";"";"67 976";"6 469";"27 562 558";"2024-09-05 00:45:24"
"2024-09-10";"Instagram";"3 120 155";"3 774 617";"27 562 197";"2024-09-10 07:52:07"
"2024-09-04";"";"1 440";"98 019";"27 562 863";"2024-09-04 06:39:34"
"2024-09-02";"";"1 122 825";"57 547";"27 561 470";"2024-09-02 07:52:43"
"2024-09-06";"";"28 204";"12 627";"27 561 975";"2024-09-06 10:31:48"
"2024-09-08";"";"739 503";"1 230 972";"27 561 862";"2024-09-08 06:15:24"
"2024-09-09";"YouTube";"55 094 661";"2 392 964";"27 561 610";"2024-09-09 20:05:16"
"2024-09-06";"";"1 960 977";"176 990";"27 562 516";"2024-09-07 02:47:19"
"2024-09-06";"";"3 029 102";"169 628";"27 561 462";"2024-09-06 13:10:07"
"2024-09-08";"";"110 833";"6 732";"27 563 467";"2024-09-08 16:25:35"
"2024-09-03";"";"453 791";"124 556";"27 563 047";"2024-09-03 22:07:23"
"2024-09-02";"";"95 258";"24 148";"27 561 275";"2024-09-02 09:06:54"
"2024-09-04";"";"113 383";"8 617";"27 561 673";"2024-09-04 11:20:20"
"2024-09-10";"";"84 577";"3 679";"27 562 305";"2024-09-10 11:56:42"
"2024-09-06";"";"1 644 945";"759 957";"27 562 039";"2024-09-06 09:42:49"
"2024-09-09";"";"171 984";"7 927";"27 561 825";"2024-09-09 10:31:59"
"2024-09-04";"";"26 016";"13 340";"27 562 557";"2024-09-04 23:56:33"
"2024-09-09";"";"60 013";"31 148";"27 562 783";"2024-09-09 12:21:11"
"2024-09-08";"";"34 434 692";"2 731 034";"27 563 221";"2024-09-09 01:46:17"
"2024-09-03";"";"1 070 026";"40 886";"27 563 107";"2024-09-03 03:12:09"
"2024-09-10";"";"25 638";"1 408";"27 562 155";"2024-09-11 01:46:30"
"2024-09-05";"";"50 933";"273 928";"27 562 192";"2024-09-06 00:21:08"
"2024-09-06";"";"91 588";"11 871";"27 562 595";"2024-09-06 22:19:14"
"2024-09-09";"";"182 860";"157 385";"27 562 656";"2024-09-10 00:45:42"
"2024-09-08";"";"24 571 779";"1 836 177";"27 562 033";"2024-09-08 15:36:19"
"2024-09-05";"Odnoklassniki";"30 939";"3 024";"27 562 590";"2024-09-05 06:03:39"
"2024-09-09";"";"27 355";"5 261";"27 563 261";"2024-09-09 03:36:26"
"2024-09-08";"";"3 724 616";"305 013";"27 561 453";"2024-09-08 08:29:36"
"2024-09-02";"";"133 047";"56 320";"27 561 950";"2024-09-02 10:07:33"
"2024-09-04";"";"57 788";"29 439";"27 561 598";"2024-09-04 14:47:32"
"2024-09-04";"YouTube";"18 190 609";"1 023 677";"27 563 258";"2024-09-04 09:06:22"
"2024-09-01";"Instagram";"65 894";"12 872";"27 562 071";"2024-09-02 01:46:07"
"2024-09-03";"YouTube";"1 149 889";"281 514";"27 562 621";"2024-09-03 22:43:34"
"2024-09-04";"";"465 998";"61 809";"27 561 232";"2024-09-05 02:47:58"
"2024-09-03";"Telegram";"103 995";"7 197";"27 561 924";"2024-09-03 03:12:31"
"2024-09-01";"Yandex";"693 732";"166 302";"27 562 907";"2024-09-01 21:54:20"
"2024-09-09";"";"80 766";"322 908";"27 561 692";"2024-09-09 21:54:16"
"2024-09-04";"";"4 408";"40 350";"27 562 266";"2024-09-05 01:58:27"
"2024-09-03";"Telegram";"22 718 373";"1 137 535";"27 562 484";"2024-09-03 07:28:59"
"2024-09-04";"Instagram";"127 146";"5 938";"27 563 093";"2024-09-04 07:04:10"
"2024-09-05";"Instagram";"1 479 088";"68 865";"27 562 513";"2024-09-05 04:13:59"
