"date_id";"option_name";"bytes_in";"bytes_out";"account_id";"option_datetime"
"2024-09-08";"";"26 960";"2 511";"27 561 697";"2024-09-09 02:11:54"
"2024-09-06";"";"178 321";"45 781";"27 562 125";"2024-09-06 17:02:21"
"2024-09-09";"";"80 631";"8 643";"27 561 823";"2024-09-09 21:54:52"
"2024-09-10";"";"28 323";"7 714";"27 561 696";"2024-09-10 16:37:00"
"2024-09-06";"";"9 351";"25 698";"27 562 522";"2024-09-06 12:09:50"
"2024-09-02";"";"147 768";"31 237";"27 561 790";"2024-09-02 16:25:50"
"2024-09-07";"Instagram";"74 493 456";"1 842 300";"27 563 097";"2024-09-07 15:36:37"
"2024-09-06";"YouTube";"46 216";"3 256";"27 563 511";"2024-09-06 11:32:14"
"2024-09-05";"";"168 982";"525 006";"27 562 591";"2024-09-05 07:28:39"
"2024-09-09";"Facebook";"184 340";"23 653";"27 562 787";"2024-09-09 12:33:39"
"2024-09-05";"";"44 840";"12 103";"27 562 883";"2024-09-05 18:03:29"
"2024-09-03";"Telegram";"75 157 653";"4 977 640";"27 563 333";"2024-09-03 16:13:52"
"2024-09-09";"";"504 776";"89 788";"27 563 212";"2024-09-09 15:24:05"
"2024-09-10";"";"372 917";"194 835";"27 563 030";"2024-09-10 11:32:37"
"2024-09-05";"Unknown";"4 204 510";"198 010";"27 563 390";"2024-09-05 11:20:45"
"2024-09-07";"Instagram";"6 367 083";"1 213 048";"27 561 438";"2024-09-07 22:31:21"
"2024-09-06";"YouTube";"2 129 938";"146 590";"27 563 033";"2024-09-06 11:08:25"
"2024-09-06";"Tas-ix";"2 729 442";"51 813";"27 561 217";"2024-09-06 18:15:32"
"2024-09-10";"YouTube";"21 536";"270 600";"27 563 493";"2024-09-10 11:56:41"
"2024-09-06";"";"781 154";"32 659";"27 563 016";"2024-09-07 00:33:38"
"2024-09-07";"";"76 547";"15 446";"27 563 006";"2024-09-07 04:13:19"
"2024-09-08";"";"291 968";"144 837";"27 562 741";"2024-09-08 08:05:48"
"2024-09-05";"";"202 869";"1 247 577";"27 563 017";"2024-09-05 09:06:44"
"2024-09-01";"YouTube";"180 087";"14 551";"27 561 289";"2024-09-02 01:58:26"
"2024-09-02";"";"35 158";"1 952";"27 562 604";"2024-09-02 09:30:11"
"2024-09-09";"YouTube";"65 755";"364 828";"27 561 850";"2024-09-10 02:23:45"
"2024-09-05";"";"118 101";"224 389";"27 561 922";"2024-09-05 13:10:04"
"2024-09-08";"";"747 592";"108 041";"27 561 718";"2024-09-08 12:33:36"
"2024-09-10";"";"152 163";"29 288";"27 562 089";"2024-09-10 14:11:14"
"2024-09-01";"";"2 112 203";"125 659";"27 563 183";"2024-09-01 09:42:58"
"2024-09-06";"";"4 717 221";"1 075 583";"27 561 594";"2024-09-06 23:44:28"
"2024-09-03";"Instagram";"181 236 572";"3 339 582";"27 562 985";"2024-09-03 05:14:41"
"2024-09-03";"Yandex";"393 217";"65 274";"27 563 035";"2024-09-03 22:31:24"
"2024-09-05";"Instagram";"264 549 469";"3 043 666";"27 563 369";"2024-09-06 02:35:51"
"2024-09-03";"";"24 278";"56 383";"27 562 047";"2024-09-04 00:21:26"
"2024-09-09";"Telegram";"769 653 975";"106 716 622";"27 563 325";"2024-09-09 16:37:45"
"2024-09-10";"";"120 566";"7 645";"27 561 690";"2024-09-10 06:51:22"
"2024-09-02";"Facebook";"3 151 989";"148 730";"27 561 952";"2024-09-03 02:59:07"
"2024-09-05";"";"86 648";"91 964";"27 562 878";"2024-09-05 07:52:46"
"2024-09-04";"";"113 766";"12 673";"27 562 393";"2024-09-04 10:19:04"
"2024-09-04";"";"33 929";"3 095";"27 562 808";"2024-09-04 19:04:10"
"2024-09-06";"";"255 071";"198 978";"27 562 998";"2024-09-06 20:29:40"
"2024-09-09";"Instagram";"187 737";"6 134";"27 562 752";"2024-09-10 02:11:18"
"2024-09-01";"";"60 680";"9 786";"27 561 884";"2024-09-01 05:26:44"
"2024-09-04";"";"96 292";"7 104";"27 561 762";"2024-09-04 07:16:13"
"2024-09-10";"";"147 000";"19 919";"27 561 641";"2024-09-11 02:59:49"
"2024-09-10";"Unknown";"8 592 809";"420 313";"27 562 858";"2024-09-10 21:42:11"
"2024-09-09";"Facebook";"36 264";"1 854";"27 562 898";"2024-09-09 09:18:21"
"2024-09-04";"Telegram";"250 939 119";"18 208 047";"27 563 471";"2024-09-04 09:06:51"
"2024-09-03";"";"37 490";"7 575";"27 561 760";"2024-09-03 20:05:30"
"2024-09-09";"VKontakte";"1 429 989";"106 528";"27 562 861";"2024-09-09 16:37:05"
"2024-09-04";"";"187 126";"25 000";"27 563 023";"2024-09-04 17:26:21"
"2024-09-08";"";"184 698";"112 709";"27 562 505";"2024-09-09 02:47:34"
"2024-09-06";"";"5 309 051";"249 523";"27 561 201";"2024-09-06 09:54:25"
"2024-09-04";"";"72 111";"23 519";"27 563 145";"2024-09-04 17:50:56"
"2024-09-04";"Unknown";"61 470";"55 586";"27 563 335";"2024-09-04 11:56:30"
"2024-09-02";"";"169 638";"25 142";"27 562 202";"2024-09-02 23:20:27"
"2024-09-03";"YouTube";"98 172";"19 909";"27 562 207";"2024-09-03 04:01:40"
"2024-09-08";"";"313 079";"57 855";"27 562 850";"2024-09-08 17:14:49"
"2024-09-09";"Unknown";"91 163";"5 925";"27 562 041";"2024-09-09 11:08:10"
"2024-09-05";"";"991 651";"103 993";"27 562 709";"2024-09-05 23:44:36"
"2024-09-10";"WhatsApp";"2 792 530";"249 836";"27 563 136";"2024-09-10 09:06:03"
"2024-09-05";"WhatsApp";"824 649";"1 189 889";"27 561 862";"2024-09-05 05:38:45"
"2024-09-02";"";"440 351";"43 706";"27 563 245";"2024-09-02 04:37:40"
"2024-09-02";"Instagram";"352 563";"19 126";"27 561 518";"2024-09-02 04:49:56"
"2024-09-07";"";"544 364";"67 423";"27 563 069";"2024-09-07 06:27:57"
"2024-09-08";"";"107 921";"5 830";"27 562 572";"2024-09-08 18:51:57"
"2024-09-09";"Facebook";"34 445";"11 981";"27 561 486";"2024-09-09 13:46:44"
"2024-09-07";"";"961 335";"113 526";"27 563 252";"2024-09-08 00:21:08"
"2024-09-06";"";"134 158";"16 785";"27 562 265";"2024-09-06 10:43:09"
"2024-09-05";"";"59 639";"11 110";"27 561 641";"2024-09-06 00:09:47"
"2024-09-10";"";"738 533";"394 961";"27 563 410";"2024-09-11 01:34:54"
"2024-09-05";"";"469 451";"195 750";"27 562 287";"2024-09-05 20:41:52"
"2024-09-09";"";"37 916";"9 090";"27 562 949";"2024-09-09 17:26:50"
"2024-09-05";"";"38 042";"1 699";"27 561 294";"2024-09-06 00:21:37"
"2024-09-04";"Facebook";"218 946";"16 810";"27 562 286";"2024-09-04 07:16:17"
"2024-09-06";"Facebook";"30 117";"8 692";"27 562 743";"2024-09-06 04:49:28"
"2024-09-10";"";"32 842";"19 489";"27 562 527";"2024-09-10 14:11:43"
"2024-09-10";"";"25 586";"61 473";"27 563 157";"2024-09-10 14:59:30"
"2024-09-02";"";"1 550";"69 097";"27 562 895";"2024-09-02 18:27:46"
"2024-09-05";"YouTube";"112 467";"21 877";"27 562 015";"2024-09-05 19:04:23"
"2024-09-04";"";"135 746";"12 192";"27 562 667";"2024-09-04 05:38:39"
"2024-09-03";"Instagram";"1 614 191";"165 199";"27 562 599";"2024-09-03 09:30:33"
"2024-09-08";"";"345 481";"7 565";"27 563 262";"2024-09-08 09:06:50"
"2024-09-04";"";"91 105";"6 350";"27 562 808";"2024-09-04 18:15:14"
"2024-09-03";"Telegram";"195 660 261";"2 924 607";"27 563 228";"2024-09-03 15:48:28"
"2024-09-04";"";"286 519";"19 548";"27 562 816";"2024-09-04 22:07:00"
"2024-09-02";"";"26 370";"8 220";"27 561 647";"2024-09-02 09:30:45"
"2024-09-07";"";"253 829";"8 799";"27 561 224";"2024-09-07 23:08:46"
"2024-09-04";"";"256 914";"7 470";"27 563 515";"2024-09-04 03:24:03"
"2024-09-01";"YouTube";"282 127";"38 580";"27 561 508";"2024-09-01 22:07:27"
"2024-09-01";"Facebook";"833 783";"33 367";"27 562 090";"2024-09-01 09:30:31"
"2024-09-04";"YouTube";"58 154 803";"2 836 817";"27 562 384";"2024-09-04 15:00:16"
"2024-09-07";"Telegram";"88 989 803";"6 785 643";"27 562 982";"2024-09-07 17:26:34"
"2024-09-02";"Instagram";"10 766 493";"13 120 803";"27 561 570";"2024-09-02 03:36:12"
"2024-09-03";"";"77 614";"8 043";"27 563 093";"2024-09-03 04:37:16"
"2024-09-05";"";"53 769";"5 602";"27 562 812";"2024-09-05 22:31:53"
"2024-09-09";"YouTube";"656 163";"33 419";"27 563 236";"2024-09-09 17:02:55"
"2024-09-07";"";"28 517";"4 678";"27 561 305";"2024-09-07 06:15:31"
"2024-09-04";"";"674 807";"86 533";"27 562 667";"2024-09-04 15:00:53"
"2024-09-07";"";"28 510";"4 888";"27 562 059";"2024-09-07 17:38:33"
"2024-09-03";"";"50 327";"317 927";"27 561 378";"2024-09-04 01:34:22"
"2024-09-02";"Instagram";"11 396 722";"1 609 587";"27 561 862";"2024-09-02 16:49:43"
"2024-09-06";"";"57 992";"9 121";"27 562 545";"2024-09-06 12:33:11"
"2024-09-09";"";"174 290";"12 649";"27 561 571";"2024-09-09 06:39:09"
"2024-09-07";"";"30 617";"3 197";"27 563 363";"2024-09-08 01:34:38"
"2024-09-10";"";"178 897";"209 959";"27 562 980";"2024-09-10 11:56:48"
"2024-09-06";"Apple Music";"328 084";"42 687";"27 561 650";"2024-09-06 22:31:47"
"2024-09-04";"";"255 345";"29 210";"27 562 124";"2024-09-04 14:35:25"
"2024-09-01";"";"56 395";"8 388";"27 562 553";"2024-09-01 10:43:47"
"2024-09-10";"Telegram";"14 177 072";"6 005 945";"27 562 686";"2024-09-10 04:37:50"
"2024-09-01";"Instagram";"189 383";"108 885";"27 561 734";"2024-09-01 23:08:42"
"2024-09-06";"";"33 827";"4 474";"27 561 741";"2024-09-07 00:21:23"
"2024-09-03";"";"1 044 548";"55 327";"27 562 398";"2024-09-03 06:15:18"
"2024-09-04";"";"32 134";"4 606";"27 562 057";"2024-09-04 23:20:07"
"2024-09-10";"";"105 766";"10 484";"27 562 140";"2024-09-10 21:30:22"
"2024-09-10";"";"305 615";"72 767";"27 562 582";"2024-09-11 01:22:03"
"2024-09-01";"";"53 439";"165 886";"27 561 794";"2024-09-01 16:25:33"
"2024-09-03";"";"86 875";"28 404";"27 563 363";"2024-09-03 10:19:12"
"2024-09-07";"Yandex";"139 997";"45 390";"27 562 451";"2024-09-07 14:47:53"
"2024-09-04";"";"93 468";"391 958";"27 562 620";"2024-09-04 05:26:54"
"2024-09-06";"";"455 363";"396 347";"27 563 080";"2024-09-07 01:10:57"
"2024-09-02";"";"47 767";"4 037";"27 562 621";"2024-09-02 15:24:38"
"2024-09-07";"";"29 881";"1 979";"27 563 000";"2024-09-07 15:00:18"
"2024-09-06";"";"62 054 223";"1 094 379";"27 562 055";"2024-09-06 21:42:46"
"2024-09-07";"Telegram";"15 546 656";"963 668";"27 562 853";"2024-09-07 07:04:43"
"2024-09-08";"";"140 724";"494 573";"27 562 646";"2024-09-08 20:17:52"
"2024-09-02";"YouTube";"4 528 893";"243 999";"27 562 476";"2024-09-02 15:12:28"
"2024-09-02";"";"0";"172 415";"27 563 366";"2024-09-03 02:35:44"
"2024-09-08";"";"63 420";"5 906";"27 561 491";"2024-09-08 17:26:33"
"2024-09-08";"";"672 115";"362 196";"27 562 516";"2024-09-08 10:31:23"
"2024-09-02";"";"26 132";"4 374";"27 562 967";"2024-09-02 05:26:05"
"2024-09-03";"";"6 708";"28 387";"27 561 234";"2024-09-03 10:55:50"
"2024-09-01";"";"14 260 279";"211 833";"27 561 341";"2024-09-01 19:52:01"
"2024-09-04";"Yandex";"70 019";"13 648";"27 561 534";"2024-09-04 06:27:56"
"2024-09-05";"";"124 514";"20 698";"27 562 706";"2024-09-05 15:12:12"
"2024-09-09";"";"38 932";"2 178";"27 563 472";"2024-09-10 01:10:51"
"2024-09-06";"";"1 784";"77 059";"27 563 467";"2024-09-06 06:03:08"
"2024-09-06";"";"326 024";"609 155";"27 562 365";"2024-09-06 22:19:51"
"2024-09-06";"";"642 947";"30 985";"27 563 116";"2024-09-06 15:12:19"
"2024-09-05";"Telegram";"9 648 411";"506 113";"27 562 267";"2024-09-05 07:04:25"
"2024-09-08";"";"4 410";"263 051";"27 563 082";"2024-09-08 08:41:34"
"2024-09-06";"YouTube";"4 546 911";"1 597 529";"27 563 128";"2024-09-06 11:20:04"
"2024-09-06";"";"153 608";"553 754";"27 561 695";"2024-09-06 13:22:53"
"2024-09-08";"";"83 140";"5 788";"27 562 494";"2024-09-08 11:08:49"
"2024-09-07";"";"438 154";"329 748";"27 563 408";"2024-09-08 01:22:59"
"2024-09-04";"";"151 898 934";"12 314 581";"27 561 375";"2024-09-04 22:55:55"
"2024-09-08";"VKontakte";"26 131 633";"1 201 213";"27 562 941";"2024-09-08 17:26:28"
"2024-09-05";"YouTube";"6 550 399";"395 703";"27 561 243";"2024-09-06 01:22:41"
"2024-09-07";"Yandex Video";"663 459";"21 121";"27 561 888";"2024-09-07 07:40:05"
"2024-09-03";"";"123 675";"52 404";"27 562 083";"2024-09-03 18:39:20"
"2024-09-02";"";"2 686 148";"161 903";"27 563 318";"2024-09-02 22:31:40"
"2024-09-07";"";"46 483 609";"4 173 059";"27 563 240";"2024-09-07 15:48:46"
"2024-09-06";"";"145 877";"32 096";"27 561 827";"2024-09-06 16:13:39"
"2024-09-05";"Instagram";"49 908 136";"1 584 773";"27 562 524";"2024-09-06 00:09:09"
"2024-09-05";"Odnoklassniki";"1 949 791";"1 173 162";"27 563 035";"2024-09-05 04:13:29"
"2024-09-04";"";"32 896";"2 661";"27 563 026";"2024-09-04 16:37:55"
"2024-09-08";"";"97 723";"8 276";"27 562 051";"2024-09-08 18:39:39"
"2024-09-01";"";"40 474";"14 314";"27 561 693";"2024-09-01 23:08:07"
"2024-09-06";"";"2 111 886";"293 244";"27 562 125";"2024-09-06 21:30:51"
"2024-09-05";"";"870";"37 846";"27 562 024";"2024-09-05 07:16:27"
"2024-09-02";"";"95 070";"84 582";"27 562 431";"2024-09-02 15:12:56"
"2024-09-05";"";"206 471";"679 565";"27 562 470";"2024-09-05 07:16:40"
"2024-09-06";"Facebook";"940 704";"73 426";"27 561 295";"2024-09-06 13:10:01"
"2024-09-03";"Telegram";"5 154 046";"10 267 140";"27 562 480";"2024-09-03 13:46:11"
"2024-09-06";"";"61 128";"9 793";"27 563 014";"2024-09-06 04:01:49"
"2024-09-07";"";"154 388";"12 463";"27 561 592";"2024-09-07 06:51:48"
"2024-09-08";"";"25 697";"7 313";"27 563 191";"2024-09-08 13:10:30"
"2024-09-02";"";"43 969 182";"2 099 468";"27 561 304";"2024-09-02 05:50:06"
"2024-09-10";"";"27 866";"2 961";"27 563 022";"2024-09-10 14:47:08"
"2024-09-03";"YouTube";"3 658 746";"850 096";"27 561 337";"2024-09-03 13:22:28"
"2024-09-03";"";"522 245";"12 872";"27 562 376";"2024-09-03 16:37:11"
"2024-09-03";"";"75 930";"48 738";"27 563 418";"2024-09-03 15:48:46"
"2024-09-07";"";"38 801";"20 835";"27 562 984";"2024-09-07 23:56:56"
"2024-09-04";"";"344 082";"18 998";"27 563 311";"2024-09-04 11:20:30"
"2024-09-08";"";"27 010";"3 735";"27 561 825";"2024-09-08 04:25:07"
"2024-09-04";"YouTube";"107 145";"14 791";"27 561 520";"2024-09-04 19:16:19"
"2024-09-05";"";"119 443";"10 668";"27 562 255";"2024-09-05 10:31:41"
"2024-09-10";"";"254 458";"19 658";"27 561 350";"2024-09-10 15:36:41"
"2024-09-05";"";"129 076";"7 213";"27 562 365";"2024-09-05 20:29:42"
"2024-09-04";"";"27 573";"1 506";"27 562 203";"2024-09-04 18:39:50"
"2024-09-07";"Facebook";"1 032 335";"45 071";"27 563 121";"2024-09-08 01:46:34"
"2024-09-05";"Facebook";"798 473";"29 421";"27 562 451";"2024-09-05 17:14:58"
"2024-09-03";"";"64 542";"76 837";"27 563 051";"2024-09-03 22:19:33"
"2024-09-02";"";"277 223";"17 210";"27 563 076";"2024-09-02 04:13:04"
"2024-09-04";"Tas-ix";"781 009";"64 678";"27 562 101";"2024-09-05 02:47:56"
"2024-09-02";"";"37 161";"15 691";"27 563 191";"2024-09-02 07:52:48"
"2024-09-04";"";"203 172";"30 145";"27 562 512";"2024-09-04 16:37:53"
"2024-09-08";"";"199 039";"9 383";"27 561 352";"2024-09-08 09:42:44"
"2024-09-07";"";"646 933";"20 995";"27 562 917";"2024-09-07 11:08:19"
"2024-09-02";"YouTube";"2 906 826";"953 039";"27 562 537";"2024-09-02 20:05:18"
"2024-09-01";"YouTube";"2 133 078";"1 008 221";"27 563 154";"2024-09-01 14:59:32"
"2024-09-02";"";"90 170";"11 593";"27 561 359";"2024-09-02 06:03:57"
"2024-09-04";"Instagram";"453 517";"13 658";"27 562 961";"2024-09-04 18:15:51"
"2024-09-05";"Instagram";"72 284 413";"2 160 191";"27 562 322";"2024-09-05 15:24:26"
"2024-09-04";"";"220 284 690";"16 453 925";"27 562 591";"2024-09-05 02:35:26"
"2024-09-01";"Facebook";"141 631";"70 242";"27 561 362";"2024-09-01 04:13:18"
"2024-09-09";"Instagram";"388 620";"102 554";"27 562 969";"2024-09-09 17:14:51"
"2024-09-09";"Yandex";"122 216";"5 397";"27 562 150";"2024-09-09 08:53:16"
"2024-09-07";"";"220 024";"19 144";"27 562 674";"2024-09-07 11:08:51"
"2024-09-02";"";"98 307";"53 391";"27 561 982";"2024-09-02 21:18:16"
"2024-09-06";"";"30 401";"17 607";"27 563 022";"2024-09-06 11:08:00"
"2024-09-03";"";"157 485";"526 670";"27 563 427";"2024-09-03 14:35:01"
"2024-09-03";"";"135 893";"8 491";"27 561 830";"2024-09-03 03:24:03"
"2024-09-07";"";"206 324";"111 280";"27 562 696";"2024-09-07 15:24:56"
"2024-09-08";"";"287 060";"117 842";"27 563 462";"2024-09-09 01:22:29"
"2024-09-08";"";"33 855";"1 650";"27 561 922";"2024-09-08 12:45:55"
"2024-09-04";"";"191 980";"6 857";"27 562 721";"2024-09-05 00:57:08"
"2024-09-03";"";"1 214 501";"41 864";"27 561 892";"2024-09-03 16:25:23"
"2024-09-06";"";"78 782";"11 274";"27 561 721";"2024-09-06 11:56:00"
"2024-09-04";"";"724 353";"26 006";"27 562 009";"2024-09-05 02:59:03"
"2024-09-02";"";"204 947";"15 380";"27 561 275";"2024-09-02 10:07:43"
"2024-09-07";"";"57 729";"129 795";"27 562 281";"2024-09-07 15:24:15"
"2024-09-06";"";"339 855";"8 036";"27 562 842";"2024-09-06 14:11:58"
"2024-09-06";"";"34 804";"3 842";"27 562 097";"2024-09-06 09:06:26"
"2024-09-05";"WhatsApp";"394 874";"580 798";"27 561 815";"2024-09-05 03:12:36"
"2024-09-07";"YouTube";"37 844";"2 198";"27 561 176";"2024-09-07 13:22:40"
"2024-09-10";"";"134 911";"6 983";"27 563 326";"2024-09-10 09:54:38"
"2024-09-06";"";"389 935";"84 309";"27 563 289";"2024-09-06 07:04:02"
"2024-09-04";"";"40 798";"16 026";"27 563 154";"2024-09-04 19:04:28"
"2024-09-05";"";"123 546";"54 234";"27 562 866";"2024-09-05 15:00:37"
"2024-09-09";"";"71 599";"38 326";"27 561 881";"2024-09-09 08:05:19"
"2024-09-04";"YouTube";"5 212 440";"357 470";"27 561 536";"2024-09-04 17:50:19"
"2024-09-01";"";"39 133";"18 691";"27 562 998";"2024-09-01 11:44:38"
"2024-09-09";"YouTube";"139 326";"1 371 829";"27 562 066";"2024-09-09 22:55:51"
"2024-09-10";"";"101 173";"9 532";"27 563 445";"2024-09-10 20:05:27"
"2024-09-01";"";"399 559";"1 306 860";"27 562 050";"2024-09-01 22:19:24"
"2024-09-03";"";"36 304";"5 444";"27 561 410";"2024-09-03 15:48:57"
"2024-09-02";"";"32 028";"3 148";"27 561 825";"2024-09-02 19:16:51"
"2024-09-05";"";"4 666 948";"250 775";"27 561 341";"2024-09-05 06:03:37"
"2024-09-10";"";"65 677";"9 640";"27 561 250";"2024-09-10 08:17:33"
"2024-09-02";"YouTube";"285 961";"3 589 558";"27 563 066";"2024-09-03 02:59:55"
"2024-09-05";"";"449 769";"578 677";"27 562 352";"2024-09-06 01:46:24"
"2024-09-10";"WhatsApp";"1 497 695";"143 316";"27 561 610";"2024-09-10 14:11:30"
"2024-09-09";"";"27 119";"4 323";"27 563 211";"2024-09-09 05:02:14"
"2024-09-04";"";"97 224";"8 277";"27 562 156";"2024-09-05 00:21:35"
"2024-09-10";"";"880 922";"34 600";"27 562 281";"2024-09-10 21:42:35"
"2024-09-10";"";"12 667 785";"1 013 539";"27 562 075";"2024-09-10 07:04:13"
"2024-09-10";"";"8 004 746";"222 534";"27 562 808";"2024-09-10 11:20:12"
"2024-09-06";"";"51 996";"16 858";"27 563 333";"2024-09-07 01:34:28"
"2024-09-04";"";"152 539";"18 364";"27 561 763";"2024-09-05 02:23:29"
"2024-09-08";"";"65 786";"57 011";"27 561 963";"2024-09-08 16:37:27"
"2024-09-04";"";"24 875";"42 332";"27 562 934";"2024-09-04 10:07:12"
"2024-09-02";"YouTube";"793 543";"44 011";"27 561 444";"2024-09-02 05:14:35"
"2024-09-05";"Instagram";"816 103";"66 319";"27 562 222";"2024-09-05 17:02:04"
"2024-09-09";"";"46 694";"2 997";"27 562 778";"2024-09-09 14:11:16"
"2024-09-01";"";"793 428";"66 651";"27 561 770";"2024-09-01 18:39:20"
"2024-09-07";"";"100 525";"149 048";"27 561 438";"2024-09-08 00:33:35"
"2024-09-04";"";"1 291 790";"150 382";"27 563 106";"2024-09-04 15:12:21"
"2024-09-03";"Telegram";"196 247 289";"11 100 820";"27 562 326";"2024-09-03 16:49:01"
"2024-09-02";"Yandex";"11 747 525";"532 243";"27 563 357";"2024-09-02 03:48:37"
"2024-09-10";"YouTube";"21 530";"31 614";"27 562 293";"2024-09-10 11:44:51"
"2024-09-08";"Facebook";"472 586";"54 765";"27 561 884";"2024-09-09 02:11:53"
"2024-09-07";"";"194 748";"153 878";"27 562 459";"2024-09-07 05:26:06"
"2024-09-07";"";"49 224";"17 024";"27 561 224";"2024-09-07 11:08:02"
"2024-09-07";"";"88 285";"244 477";"27 561 411";"2024-09-07 05:02:27"
"2024-09-05";"";"38 999 400";"2 263 816";"27 561 624";"2024-09-05 19:16:12"
"2024-09-02";"";"1 079 896";"1 063 693";"27 561 796";"2024-09-02 08:29:15"
"2024-09-08";"";"83 063";"5 887";"27 562 548";"2024-09-08 09:30:49"
"2024-09-10";"";"49 677";"5 363";"27 561 915";"2024-09-10 11:20:10"
"2024-09-03";"";"26 001";"10 210";"27 561 737";"2024-09-03 22:31:02"
"2024-09-10";"YouTube";"1 109 858";"132 673";"27 561 611";"2024-09-10 06:51:05"
"2024-09-06";"";"11 055 010";"329 580";"27 562 800";"2024-09-07 01:10:25"
"2024-09-04";"Facebook";"66 990 633";"2 571 645";"27 562 098";"2024-09-04 09:18:42"
"2024-09-04";"YouTube";"973 313";"357 427";"27 562 417";"2024-09-04 15:00:47"
"2024-09-10";"";"71 667";"18 896";"27 562 696";"2024-09-10 14:23:05"
"2024-09-05";"YouTube";"161 695";"385 635";"27 561 714";"2024-09-05 13:10:13"
"2024-09-09";"Facebook";"246 805";"17 197";"27 561 383";"2024-09-09 05:02:00"
"2024-09-09";"";"727 087";"50 515";"27 563 290";"2024-09-09 05:02:36"
"2024-09-04";"Instagram";"256 789";"119 581";"27 561 846";"2024-09-04 05:50:43"
"2024-09-09";"Instagram";"39 918 579";"475 257";"27 561 851";"2024-09-09 15:36:18"
"2024-09-07";"YouTube";"596 173";"33 994";"27 563 463";"2024-09-08 02:47:01"
"2024-09-07";"";"40 091";"5 092";"27 561 331";"2024-09-07 18:03:31"
"2024-09-03";"IMO";"449 200";"145 780";"27 562 692";"2024-09-03 23:20:09"
"2024-09-02";"";"396 713";"19 334";"27 563 122";"2024-09-02 10:07:20"
"2024-09-02";"";"73 602";"7 678";"27 561 690";"2024-09-02 19:40:32"
"2024-09-04";"Yandex";"100 759";"7 306";"27 562 695";"2024-09-04 20:05:00"
"2024-09-10";"YouTube";"496 032";"58 621";"27 563 225";"2024-09-10 16:13:26"
"2024-09-02";"Facebook";"92 856";"9 311";"27 561 989";"2024-09-03 02:47:01"
"2024-09-05";"Instagram";"25 390 465";"868 232";"27 562 693";"2024-09-05 12:57:26"
"2024-09-04";"";"787 632";"159 304";"27 562 487";"2024-09-04 19:16:49"
"2024-09-08";"";"1 408 726";"44 750";"27 563 072";"2024-09-08 15:36:14"
"2024-09-10";"";"743 036";"57 516";"27 562 150";"2024-09-10 11:32:25"
"2024-09-07";"";"189 771";"399 415";"27 561 698";"2024-09-07 13:46:11"
"2024-09-06";"Instagram";"19 808 060";"1 022 876";"27 562 309";"2024-09-06 19:16:49"
"2024-09-02";"";"33 532";"7 426";"27 561 552";"2024-09-02 17:38:49"
"2024-09-01";"";"2 214 148";"811 241";"27 561 655";"2024-09-02 00:09:13"
"2024-09-08";"";"744 379";"170 169";"27 563 041";"2024-09-08 07:28:25"
"2024-09-08";"";"29 207";"4 202";"27 561 669";"2024-09-08 04:49:34"
"2024-09-08";"YouTube";"170 285";"166 769";"27 563 287";"2024-09-09 01:34:10"
"2024-09-05";"";"3 264 624";"199 721";"27 563 242";"2024-09-05 20:05:23"
"2024-09-03";"";"62 459";"41 830";"27 562 487";"2024-09-03 12:09:22"
"2024-09-02";"";"586 603";"105 541";"27 562 721";"2024-09-02 11:44:21"
"2024-09-09";"";"290 131";"22 347";"27 563 177";"2024-09-10 01:58:04"
"2024-09-05";"Likee";"33 301";"24 164";"27 563 011";"2024-09-05 12:45:34"
"2024-09-07";"";"6 015 152";"132 245";"27 563 026";"2024-09-07 16:37:33"
"2024-09-01";"";"37 665";"14 656";"27 561 943";"2024-09-01 04:01:43"
"2024-09-05";"";"27 680";"1 380";"27 561 844";"2024-09-05 23:20:50"
"2024-09-07";"YouTube";"23 170 253";"1 364 389";"27 563 326";"2024-09-07 21:42:06"
"2024-09-08";"Instagram";"551 516";"97 105";"27 562 594";"2024-09-09 00:21:06"
"2024-09-09";"";"53 551";"1 939";"27 562 739";"2024-09-09 05:50:14"
"2024-09-01";"YouTube";"5 913 001";"370 878";"27 561 574";"2024-09-01 10:19:18"
"2024-09-01";"Instagram";"11 941 516";"607 661";"27 561 883";"2024-09-01 12:57:31"
"2024-09-04";"";"86 287";"8 804";"27 562 239";"2024-09-04 06:51:50"
"2024-09-01";"";"70 792";"8 588";"27 562 684";"2024-09-01 15:00:13"
"2024-09-05";"Yandex";"1 538 450";"207 061";"27 562 772";"2024-09-05 18:51:55"
"2024-09-08";"YouTube";"375 641";"60 313";"27 563 006";"2024-09-08 21:54:39"
"2024-09-05";"";"10 278 189";"429 072";"27 562 879";"2024-09-06 00:21:32"
"2024-09-08";"";"28 919";"1 616";"27 563 189";"2024-09-08 10:55:05"
"2024-09-07";"";"624 426";"63 112";"27 562 670";"2024-09-07 13:58:35"
"2024-09-03";"";"314 558";"15 957";"27 562 293";"2024-09-03 14:35:05"
"2024-09-09";"";"331 082";"15 148";"27 562 137";"2024-09-09 09:30:42"
"2024-09-08";"YouTube";"2 140 231";"71 621";"27 561 277";"2024-09-08 15:12:38"
"2024-09-05";"";"660 876";"376 020";"27 562 004";"2024-09-05 03:36:48"
"2024-09-02";"";"73 737";"170 570";"27 561 265";"2024-09-02 14:47:43"
"2024-09-08";"";"160 785";"8 471";"27 562 784";"2024-09-08 11:56:12"
"2024-09-04";"";"530 505";"75 126";"27 562 821";"2024-09-04 18:51:56"
"2024-09-08";"";"435 308";"437 458";"27 562 670";"2024-09-08 09:06:27"
"2024-09-04";"";"29 492";"8 165";"27 562 698";"2024-09-04 04:37:16"
"2024-09-06";"YouTube";"2 028 696";"544 964";"27 562 989";"2024-09-06 23:20:56"
"2024-09-10";"Instagram";"36 935 916";"977 219";"27 562 571";"2024-09-11 02:35:51"
"2024-09-04";"";"647 971";"62 984";"27 562 524";"2024-09-04 06:15:29"
"2024-09-05";"";"26 356";"6 099";"27 563 159";"2024-09-05 10:55:24"
"2024-09-02";"";"74 854";"47 791";"27 561 694";"2024-09-02 08:05:26"
"2024-09-06";"";"36 959";"8 522";"27 562 818";"2024-09-06 04:01:34"
"2024-09-05";"";"1 589 152";"63 845";"27 562 484";"2024-09-06 00:57:29"
"2024-09-08";"YouTube";"592 743 794";"41 269 195";"27 563 469";"2024-09-09 00:09:49"
"2024-09-07";"";"6 434 055";"353 194";"27 561 861";"2024-09-07 04:49:12"
"2024-09-09";"";"205 111";"22 476";"27 562 858";"2024-09-09 22:07:55"
"2024-09-10";"Instagram";"57 307";"6 818";"27 563 192";"2024-09-11 00:45:41"
"2024-09-03";"Unknown";"1 244 574";"81 547";"27 562 663";"2024-09-03 04:01:01"
"2024-09-09";"Yandex";"246 297";"109 942";"27 561 958";"2024-09-09 10:19:22"
"2024-09-10";"";"1 007 647";"282 381";"27 562 993";"2024-09-10 07:28:00"
"2024-09-10";"";"30 541";"14 530";"27 562 560";"2024-09-11 02:11:30"
"2024-09-09";"";"330 198";"45 389";"27 561 906";"2024-09-09 14:47:35"
"2024-09-07";"Telegram";"1 430 573";"70 517";"27 563 342";"2024-09-07 13:10:10"
"2024-09-06";"";"77 638";"3 422";"27 563 254";"2024-09-06 15:00:30"
"2024-09-04";"Telegram";"6 676 593";"742 899";"27 562 178";"2024-09-04 15:12:34"
"2024-09-08";"";"67 815";"20 201";"27 563 262";"2024-09-08 11:56:40"
"2024-09-08";"YouTube";"694 818";"119 350";"27 561 921";"2024-09-08 19:28:41"
"2024-09-03";"Facebook";"97 207";"9 648";"27 563 443";"2024-09-03 10:55:48"
"2024-09-03";"";"11 319 705";"292 013";"27 561 575";"2024-09-03 17:38:17"
"2024-09-05";"";"13 336 149";"532 439";"27 562 281";"2024-09-05 23:08:25"
"2024-09-04";"";"27 215";"25 467";"27 562 670";"2024-09-04 05:02:46"
"2024-09-01";"YouTube";"3 294 090";"1 166 938";"27 562 066";"2024-09-01 07:28:30"
"2024-09-06";"Instagram";"922 297";"1 124 643";"27 561 911";"2024-09-06 07:40:09"
"2024-09-07";"";"2 652 466";"108 308";"27 563 335";"2024-09-07 09:54:07"
"2024-09-02";"";"768 895";"24 122";"27 561 180";"2024-09-02 12:57:10"
"2024-09-02";"Facebook";"992 055";"443 792";"27 561 352";"2024-09-03 02:47:18"
"2024-09-07";"";"122 072";"55 379";"27 562 525";"2024-09-07 22:31:34"
"2024-09-08";"";"48 042";"4 807";"27 562 402";"2024-09-08 04:49:48"
"2024-09-05";"";"32 728";"10 277";"27 561 359";"2024-09-06 00:45:10"
"2024-09-03";"YouTube";"223 545";"42 926";"27 562 207";"2024-09-04 02:11:24"
"2024-09-06";"";"413 236";"17 261";"27 561 719";"2024-09-06 12:57:44"
"2024-09-05";"";"103 017";"9 083";"27 561 324";"2024-09-05 23:20:41"
"2024-09-09";"";"19 852 782";"1 861 289";"27 561 213";"2024-09-10 02:11:00"
"2024-09-08";"";"23 015";"31 157";"27 562 075";"2024-09-08 07:52:01"
"2024-09-07";"WhatsApp";"31 290";"31 876";"27 561 420";"2024-09-08 01:46:31"
"2024-09-10";"";"239 176";"17 101";"27 561 230";"2024-09-10 08:17:42"
"2024-09-06";"Instagram";"848 820";"204 117";"27 563 218";"2024-09-06 12:57:29"
"2024-09-08";"";"167 686";"5 585";"27 561 900";"2024-09-08 18:51:52"
"2024-09-07";"";"2 658 515";"256 368";"27 562 422";"2024-09-07 14:23:48"
"2024-09-02";"";"27 431";"30 521";"27 561 536";"2024-09-02 19:52:39"
"2024-09-10";"";"141 349";"4 724";"27 562 259";"2024-09-10 12:33:20"
"2024-09-08";"";"43 986";"28 719";"27 563 143";"2024-09-08 12:45:07"
"2024-09-06";"Instagram";"3 412 499";"1 470 901";"27 561 370";"2024-09-06 03:00:54"
"2024-09-01";"";"1 673 326";"36 913";"27 562 398";"2024-09-02 02:59:02"
"2024-09-02";"";"36 416";"4 572";"27 562 716";"2024-09-02 23:08:49"
"2024-09-08";"";"90 041";"57 155";"27 561 331";"2024-09-08 07:16:31"
"2024-09-03";"";"97 184";"325 281";"27 563 317";"2024-09-03 20:05:24"
"2024-09-01";"";"32 224";"1 306 998";"27 561 361";"2024-09-02 01:22:12"
"2024-09-08";"YouTube";"26 986";"7 171";"27 561 827";"2024-09-08 08:17:41"
"2024-09-09";"";"33 340";"2 138";"27 561 851";"2024-09-09 09:18:54"
"2024-09-06";"";"2 980 283";"135 293";"27 561 768";"2024-09-06 19:16:15"
"2024-09-10";"Instagram";"545 616";"25 832";"27 563 406";"2024-09-10 11:08:14"
"2024-09-10";"YouTube";"27 304 305";"2 305 219";"27 563 102";"2024-09-10 07:04:55"
"2024-09-05";"Facebook";"529 430";"221 109";"27 562 917";"2024-09-05 14:59:05"
"2024-09-10";"Instagram";"20 674 331";"644 115";"27 563 177";"2024-09-10 17:26:04"
"2024-09-01";"";"277 880";"126 858";"27 561 760";"2024-09-01 05:38:27"
"2024-09-07";"";"2 456 164";"951 549";"27 561 369";"2024-09-07 04:13:57"
"2024-09-01";"";"256 028";"10 739";"27 562 557";"2024-09-01 10:07:27"
"2024-09-05";"Apple Music";"1 113 868";"28 045";"27 563 511";"2024-09-05 20:53:19"
"2024-09-07";"";"783 906";"30 678";"27 562 613";"2024-09-07 03:24:45"
"2024-09-02";"";"31 443";"30 545";"27 562 658";"2024-09-02 23:08:19"
"2024-09-07";"";"38 582";"23 176";"27 561 855";"2024-09-07 09:18:17"
"2024-09-07";"";"30 653";"1 811";"27 563 001";"2024-09-07 19:04:24"
"2024-09-02";"";"60 830";"6 690";"27 563 065";"2024-09-02 11:20:15"
"2024-09-05";"";"45 067";"53 598";"27 563 467";"2024-09-05 04:25:26"
"2024-09-08";"";"360 186";"40 655";"27 561 362";"2024-09-08 20:41:48"
"2024-09-04";"";"75 074";"69 605";"27 562 073";"2024-09-04 10:19:06"
"2024-09-06";"";"43 256";"96 249";"27 562 087";"2024-09-06 20:05:15"
"2024-09-06";"";"5 493 948";"295 562";"27 563 445";"2024-09-06 17:50:55"
"2024-09-06";"";"127 377";"5 651";"27 562 422";"2024-09-06 23:08:10"
"2024-09-04";"";"26 889";"8 454";"27 563 204";"2024-09-04 18:03:53"
"2024-09-07";"";"59 594";"129 690";"27 563 240";"2024-09-07 23:44:32"
"2024-09-05";"";"71 970";"10 228";"27 562 906";"2024-09-06 01:58:41"
"2024-09-09";"";"181 587";"145 051";"27 561 743";"2024-09-10 01:58:26"
"2024-09-07";"";"87 416 433";"3 865 002";"27 563 290";"2024-09-07 06:15:34"
"2024-09-07";"Tas-ix";"58 123";"2 937";"27 562 260";"2024-09-07 07:40:10"
"2024-09-01";"Instagram";"150 673";"10 272";"27 563 336";"2024-09-01 04:25:49"
"2024-09-06";"Instagram";"383 651";"146 190";"27 562 809";"2024-09-06 20:41:18"
"2024-09-01";"YouTube";"25 808";"22 904";"27 563 127";"2024-09-01 19:52:07"
"2024-09-10";"Instagram";"66 977";"2 869";"27 562 885";"2024-09-10 09:06:38"
"2024-09-02";"";"44 660";"22 463";"27 562 370";"2024-09-02 22:43:11"
"2024-09-08";"";"645 196";"18 348";"27 563 467";"2024-09-08 19:04:35"
"2024-09-03";"";"46 118";"2 131";"27 562 267";"2024-09-03 12:09:02"
"2024-09-04";"";"245 364";"28 677";"27 561 215";"2024-09-04 12:21:40"
"2024-09-09";"";"392 978";"31 540";"27 562 971";"2024-09-09 09:18:45"
"2024-09-02";"YouTube";"328 246";"8 603";"27 561 544";"2024-09-02 12:09:08"
"2024-09-02";"";"0";"30 454";"27 561 216";"2024-09-03 01:34:04"
"2024-09-01";"Telegram";"11 612 090";"685 743";"27 561 712";"2024-09-01 20:53:38"
"2024-09-06";"";"2 970 272";"70 884";"27 562 552";"2024-09-06 23:56:51"
"2024-09-08";"";"375 421";"28 684";"27 561 302";"2024-09-08 20:05:21"
"2024-09-03";"";"302 928";"15 918";"27 562 512";"2024-09-03 09:06:08"
"2024-09-07";"";"7 328 507";"267 835";"27 561 838";"2024-09-07 09:42:03"
"2024-09-02";"YouTube";"72 010";"94 418";"27 562 836";"2024-09-02 15:48:44"
"2024-09-09";"";"64 360";"62 439";"27 561 295";"2024-09-09 10:19:07"
"2024-09-10";"";"280 981";"1 087 946";"27 561 775";"2024-09-10 18:27:09"
"2024-09-08";"";"281 693";"11 996";"27 562 304";"2024-09-08 04:49:56"
"2024-09-04";"";"74 922";"74 356";"27 562 646";"2024-09-05 01:58:52"
"2024-09-03";"";"49 393";"2 645";"27 561 454";"2024-09-03 09:18:40"
"2024-09-04";"";"179 789";"10 269";"27 563 122";"2024-09-04 05:38:40"
"2024-09-02";"Instagram";"8 426 592";"518 325";"27 563 047";"2024-09-03 00:57:49"
"2024-09-03";"Facebook";"367 659";"22 592";"27 562 226";"2024-09-03 14:11:02"
"2024-09-10";"";"113 245";"19 649";"27 561 480";"2024-09-10 09:54:08"
"2024-09-06";"";"910 316";"42 121";"27 562 259";"2024-09-07 00:57:44"
"2024-09-05";"";"2 049 244";"151 243";"27 563 165";"2024-09-06 02:47:44"
"2024-09-10";"";"30 603";"2 691";"27 562 148";"2024-09-10 09:54:32"
"2024-09-03";"";"73 504 505";"2 097 441";"27 563 016";"2024-09-03 05:26:19"
"2024-09-02";"";"66 136";"16 514";"27 561 362";"2024-09-02 21:30:46"
"2024-09-08";"";"83 240";"43 893";"27 562 527";"2024-09-08 08:53:11"
"2024-09-04";"";"7 790";"37 682";"27 561 752";"2024-09-04 19:52:34"
"2024-09-09";"";"3 555 331";"161 716";"27 561 230";"2024-09-10 02:47:30"
"2024-09-08";"";"109 778";"67 923";"27 561 888";"2024-09-08 08:41:37"
"2024-09-02";"";"197 781";"980 395";"27 562 343";"2024-09-02 19:16:21"
"2024-09-10";"";"375 692";"17 673";"27 562 105";"2024-09-10 08:05:33"
"2024-09-04";"Spotify";"199 370";"19 277";"27 561 435";"2024-09-04 10:07:26"
"2024-09-07";"";"41 620";"74 913";"27 561 380";"2024-09-07 16:13:25"
"2024-09-10";"Apple Music";"154 389";"34 289";"27 563 033";"2024-09-10 17:38:26"
"2024-09-10";"";"656 208";"82 194";"27 561 485";"2024-09-10 21:42:04"
"2024-09-05";"Telegram";"39 554";"4 159";"27 562 465";"2024-09-05 12:33:17"
"2024-09-05";"";"192 827";"340 509";"27 562 680";"2024-09-05 11:56:53"
"2024-09-09";"";"142 518";"63 895";"27 561 630";"2024-09-09 16:13:24"
"2024-09-08";"";"8 076 361";"265 152";"27 562 138";"2024-09-08 04:13:15"
"2024-09-08";"Instagram";"1 297 502";"107 897";"27 563 113";"2024-09-08 10:19:13"
"2024-09-04";"";"70 496";"225 315";"27 563 485";"2024-09-04 14:11:18"
"2024-09-07";"";"30 701";"11 913";"27 562 899";"2024-09-07 17:14:06"
"2024-09-09";"";"198 427";"22 444";"27 561 249";"2024-09-10 02:11:48"
"2024-09-04";"";"19 465 597";"1 026 577";"27 562 504";"2024-09-04 17:14:21"
"2024-09-05";"";"1 271 278";"125 144";"27 562 453";"2024-09-05 09:42:44"
"2024-09-10";"Facebook";"1 102 766";"38 841";"27 561 384";"2024-09-11 02:47:16"
"2024-09-10";"";"82 530";"16 989";"27 562 444";"2024-09-10 18:39:35"
"2024-09-08";"";"401 318 553";"18 208 608";"27 561 819";"2024-09-08 12:21:11"
"2024-09-03";"Telegram";"105 601 973";"4 642 437";"27 562 423";"2024-09-03 05:50:04"
"2024-09-02";"";"982 275";"46 468";"27 561 776";"2024-09-02 10:43:27"
"2024-09-05";"";"30 782";"17 580";"27 563 174";"2024-09-05 05:02:03"
"2024-09-01";"";"166 903";"9 279";"27 562 445";"2024-09-02 01:22:21"
"2024-09-03";"";"23 950";"40 766";"27 562 612";"2024-09-03 15:36:47"
"2024-09-09";"";"1 951 595";"415 592";"27 561 301";"2024-09-09 22:07:31"
"2024-09-08";"";"179 526 145";"15 845 757";"27 562 459";"2024-09-09 01:22:59"
"2024-09-03";"WhatsApp";"571 633";"1 829 918";"27 562 497";"2024-09-03 18:51:15"
"2024-09-03";"Yandex";"390 766";"67 568";"27 563 453";"2024-09-03 09:54:23"
"2024-09-07";"";"104 973";"58 685";"27 563 515";"2024-09-07 05:38:16"
"2024-09-07";"";"211 878";"14 159";"27 562 254";"2024-09-07 08:17:40"
"2024-09-01";"Facebook";"29 435";"28 353";"27 561 590";"2024-09-01 23:08:37"
"2024-09-10";"";"26 725";"4 972";"27 561 697";"2024-09-10 20:17:16"
"2024-09-08";"";"63 213";"5 478";"27 563 501";"2024-09-08 06:51:26"
"2024-09-07";"";"112 213";"93 782";"27 561 505";"2024-09-07 06:15:19"
"2024-09-03";"";"77 732";"120 514";"27 561 462";"2024-09-03 09:06:02"
"2024-09-06";"";"79 179";"99 128";"27 561 355";"2024-09-06 14:47:43"
"2024-09-09";"";"31 940";"5 941";"27 562 185";"2024-09-09 12:21:18"
"2024-09-03";"";"39 138";"1 783";"27 562 393";"2024-09-03 04:01:49"
"2024-09-09";"";"85 529";"11 932";"27 562 832";"2024-09-10 00:21:14"
"2024-09-02";"Telegram";"8 086 980";"587 626";"27 561 312";"2024-09-03 01:46:46"
"2024-09-02";"Tas-ix";"50 264";"3 446";"27 561 383";"2024-09-03 01:10:57"
"2024-09-02";"";"1 593 034";"52 165";"27 563 469";"2024-09-03 02:59:11"
"2024-09-03";"Tas-ix";"313 306";"11 610";"27 562 337";"2024-09-03 07:16:09"
"2024-09-03";"";"31 643";"2 967";"27 562 068";"2024-09-03 05:50:46"
"2024-09-08";"YouTube";"93 658";"673 990";"27 561 896";"2024-09-08 11:08:56"
"2024-09-07";"";"33 182";"7 015";"27 561 290";"2024-09-08 00:57:41"
"2024-09-10";"";"88 641";"30 416";"27 563 154";"2024-09-10 20:17:50"
"2024-09-04";"";"10 270";"60 697";"27 562 364";"2024-09-05 02:47:49"
"2024-09-01";"";"208 970";"348 864";"27 563 084";"2024-09-01 05:14:58"
"2024-09-09";"Facebook";"3 547 753";"114 678";"27 562 090";"2024-09-09 10:31:24"
"2024-09-07";"";"65 176";"10 639";"27 562 534";"2024-09-08 02:35:38"
"2024-09-04";"Instagram";"34 002";"6 880";"27 561 929";"2024-09-04 13:22:48"
"2024-09-01";"YouTube";"320 615";"24 466";"27 562 686";"2024-09-01 12:21:30"
"2024-09-08";"Facebook";"516 749";"10 599";"27 561 570";"2024-09-08 23:08:53"
"2024-09-07";"Tas-ix";"394 448";"42 045";"27 561 212";"2024-09-07 08:53:44"
"2024-09-08";"";"82 836";"8 521";"27 562 157";"2024-09-08 16:37:13"
"2024-09-06";"";"242 724";"32 743";"27 562 854";"2024-09-06 22:07:54"
"2024-09-05";"YouTube";"1 110 423";"6 126 187";"27 561 247";"2024-09-05 13:10:06"
"2024-09-09";"";"31 013";"2 743";"27 562 097";"2024-09-09 15:36:37"
"2024-09-07";"";"260 196";"8 786";"27 562 646";"2024-09-07 17:02:49"
"2024-09-06";"";"10 980";"190 339";"27 562 075";"2024-09-06 10:19:33"
"2024-09-06";"Instagram";"11 272 688";"375 622";"27 561 218";"2024-09-06 09:30:23"
"2024-09-06";"";"5 318";"91 402";"27 562 044";"2024-09-06 03:00:07"
"2024-09-10";"";"97 541";"7 738";"27 562 961";"2024-09-10 18:39:32"
"2024-09-05";"";"59 005";"135 350";"27 561 286";"2024-09-05 06:15:23"
"2024-09-02";"";"2 581 190";"70 014";"27 562 289";"2024-09-02 23:44:52"
"2024-09-07";"";"858 796";"37 101";"27 561 883";"2024-09-07 04:37:18"
"2024-09-03";"";"27 289";"1 252";"27 562 527";"2024-09-03 08:41:45"
"2024-09-01";"";"23 982";"64 042";"27 561 668";"2024-09-01 19:04:40"
"2024-09-02";"";"382 101";"73 368";"27 562 222";"2024-09-03 00:09:54"
"2024-09-09";"";"93 312";"6 497";"27 562 757";"2024-09-09 20:29:38"
"2024-09-10";"YouTube";"109 967 603";"5 706 774";"27 562 889";"2024-09-10 20:17:03"
"2024-09-02";"";"73 510";"6 737";"27 563 402";"2024-09-02 18:27:22"
"2024-09-06";"";"28 114";"9 620";"27 561 224";"2024-09-06 09:54:17"
"2024-09-10";"";"445 864";"59 590";"27 561 826";"2024-09-10 17:14:14"
"2024-09-01";"Unknown";"137 930";"5 605";"27 562 200";"2024-09-01 18:15:55"
"2024-09-02";"";"148 013";"148 915";"27 561 777";"2024-09-02 03:48:29"
"2024-09-02";"";"217 825";"20 291";"27 562 156";"2024-09-02 15:36:41"
"2024-09-04";"";"43 891";"3 125";"27 561 292";"2024-09-04 03:36:50"
"2024-09-06";"Instagram";"58 077 044";"1 043 122";"27 562 226";"2024-09-06 09:06:21"
"2024-09-02";"Facebook";"166 321";"18 086";"27 563 418";"2024-09-02 18:27:44"
"2024-09-05";"Yandex";"173 500";"13 579";"27 562 865";"2024-09-06 02:59:10"
"2024-09-06";"Facebook";"128 759";"6 068";"27 561 204";"2024-09-06 22:07:28"
"2024-09-06";"";"905 053";"85 826";"27 562 846";"2024-09-06 18:39:08"
"2024-09-01";"";"40 047";"140 086";"27 562 405";"2024-09-01 16:13:01"
"2024-09-01";"YouTube";"17 250 210";"1 522 983";"27 561 616";"2024-09-01 12:33:51"
"2024-09-06";"";"116 886";"204 013";"27 561 189";"2024-09-06 22:19:28"
"2024-09-10";"";"112 008";"79 367";"27 562 468";"2024-09-11 02:35:53"
"2024-09-10";"";"30 065";"2 904";"27 562 149";"2024-09-10 20:29:29"
"2024-09-04";"";"245 581";"26 423";"27 563 314";"2024-09-04 15:24:20"
"2024-09-09";"";"1 783 853";"50 397";"27 561 767";"2024-09-09 05:50:42"
"2024-09-02";"";"29 365";"6 171";"27 562 670";"2024-09-02 19:16:55"
"2024-09-10";"";"46 886";"6 453";"27 562 167";"2024-09-10 14:59:53"
"2024-09-05";"";"259 837";"302 772";"27 562 281";"2024-09-05 04:49:46"
"2024-09-01";"Facebook";"330 302";"12 147";"27 562 679";"2024-09-01 20:29:04"
"2024-09-07";"YouTube";"482 444";"60 684";"27 563 372";"2024-09-07 11:08:31"
"2024-09-05";"YouTube";"185 262";"65 945";"27 562 379";"2024-09-06 02:47:52"
"2024-09-04";"";"122 654";"17 576";"27 562 521";"2024-09-05 01:10:22"
"2024-09-05";"";"43 906";"67 911";"27 563 485";"2024-09-05 04:37:38"
"2024-09-03";"Yandex";"6 459";"31 199";"27 562 445";"2024-09-03 05:38:16"
"2024-09-08";"";"140 520";"30 725";"27 561 638";"2024-09-08 08:05:32"
"2024-09-03";"";"20 325";"69 083";"27 562 200";"2024-09-03 11:08:54"
"2024-09-09";"";"45 173";"17 834";"27 561 802";"2024-09-09 10:07:30"
"2024-09-03";"YouTube";"1 111 525";"197 581";"27 561 403";"2024-09-03 05:26:11"
"2024-09-08";"";"378 689";"430 743";"27 563 186";"2024-09-08 11:32:54"
"2024-09-09";"";"268 822";"16 840";"27 561 172";"2024-09-09 17:02:36"
"2024-09-09";"";"131 130";"127 426";"27 562 608";"2024-09-09 07:16:05"
"2024-09-02";"";"46 391";"2 502";"27 561 466";"2024-09-02 08:53:08"
"2024-09-09";"";"89 824";"18 343";"27 562 693";"2024-09-10 02:47:01"
"2024-09-04";"";"201 724";"79 256";"27 562 014";"2024-09-04 15:00:49"
"2024-09-06";"";"22 363 261";"1 082 469";"27 562 267";"2024-09-06 13:10:37"
"2024-09-05";"";"101 067";"267 057";"27 562 252";"2024-09-05 15:24:21"
"2024-09-04";"";"365 306";"47 758";"27 562 309";"2024-09-04 03:24:50"
"2024-09-03";"WhatsApp";"32 127";"13 366";"27 562 965";"2024-09-03 16:13:34"
"2024-09-03";"";"1 671 758";"131 233";"27 563 174";"2024-09-03 18:51:29"
"2024-09-05";"WeChat";"161 795";"39 367";"27 562 784";"2024-09-05 21:42:31"
"2024-09-03";"";"67 290";"366 619";"27 562 444";"2024-09-03 16:49:19"
"2024-09-05";"YouTube";"257 545";"19 591";"27 562 470";"2024-09-05 11:56:11"
"2024-09-08";"";"539 216";"70 713";"27 563 099";"2024-09-08 20:29:39"
"2024-09-09";"";"22 665";"37 198";"27 562 355";"2024-09-09 10:43:58"
"2024-09-10";"Telegram";"1 563 568";"210 640";"27 561 252";"2024-09-10 11:08:42"
"2024-09-06";"";"38 767";"62 046";"27 561 190";"2024-09-06 16:13:48"
"2024-09-03";"";"1 766 739";"93 929";"27 561 896";"2024-09-03 23:08:06"
"2024-09-07";"Tas-ix";"243 268";"14 919";"27 562 348";"2024-09-07 22:07:01"
"2024-09-03";"YouTube";"3 438 726";"1 374 540";"27 561 516";"2024-09-03 21:06:12"
"2024-09-07";"Instagram";"236 729 693";"6 167 736";"27 562 595";"2024-09-07 08:29:54"
"2024-09-05";"YouTube";"6 469 009";"345 385";"27 562 146";"2024-09-05 05:14:43"
"2024-09-04";"YouTube";"1 767 876";"710 205";"27 563 442";"2024-09-04 12:21:00"
"2024-09-10";"";"126 588";"11 184";"27 562 494";"2024-09-10 15:12:57"
"2024-09-10";"";"41 387";"17 403";"27 562 047";"2024-09-10 17:50:47"
"2024-09-02";"YouTube";"3 346 170";"466 009";"27 562 895";"2024-09-02 22:19:21"
"2024-09-06";"";"27 289";"13 757";"27 562 525";"2024-09-06 09:06:50"
"2024-09-04";"";"284 815";"14 920";"27 561 428";"2024-09-05 02:35:57"
"2024-09-06";"";"1 776 143";"161 427";"27 563 136";"2024-09-06 05:50:55"
"2024-09-07";"Facebook";"17 561 462";"396 240";"27 563 469";"2024-09-07 17:02:57"
"2024-09-08";"Yandex";"99 421";"22 394";"27 561 520";"2024-09-08 18:15:18"
"2024-09-08";"";"322 599";"258 946";"27 563 001";"2024-09-08 04:25:55"
"2024-09-09";"YouTube";"2 964 810";"1 534 938";"27 563 199";"2024-09-09 15:48:57"
"2024-09-06";"";"268 388";"28 349";"27 561 732";"2024-09-06 04:37:27"
"2024-09-04";"YouTube";"177 438";"980 010";"27 561 276";"2024-09-04 03:48:54"
"2024-09-10";"";"41 220 228";"2 306 667";"27 561 785";"2024-09-10 18:15:28"
"2024-09-05";"";"38 456";"28 740";"27 561 800";"2024-09-05 23:56:11"
"2024-09-01";"";"30 957";"3 648";"27 562 999";"2024-09-02 00:45:46"
"2024-09-07";"";"95 831";"50 130";"27 562 149";"2024-09-07 20:41:19"
"2024-09-08";"";"244 955";"129 771";"27 562 513";"2024-09-08 17:26:27"
"2024-09-07";"YouTube";"396 031 682";"22 849 820";"27 563 453";"2024-09-08 01:22:35"
"2024-09-04";"";"392 288";"15 155";"27 562 063";"2024-09-04 22:43:54"
"2024-09-07";"";"57 449";"16 944";"27 561 249";"2024-09-07 20:53:23"
"2024-09-02";"";"60 834";"9 146";"27 561 247";"2024-09-02 23:20:39"
"2024-09-02";"";"54 715";"1 957";"27 561 177";"2024-09-02 11:32:26"
"2024-09-10";"";"180 870";"13 267";"27 561 177";"2024-09-10 04:37:21"
"2024-09-10";"Facebook";"312 842";"146 479";"27 562 263";"2024-09-10 12:21:33"
"2024-09-10";"";"174 099";"9 486";"27 561 820";"2024-09-10 12:45:35"
"2024-09-01";"YouTube";"733 756";"2 565 575";"27 562 252";"2024-09-01 06:51:53"
"2024-09-02";"Instagram";"16 849 458";"513 141";"27 562 693";"2024-09-02 18:39:45"
"2024-09-03";"";"328 954";"54 337";"27 563 313";"2024-09-03 14:11:52"
"2024-09-10";"";"98 326";"12 751";"27 561 845";"2024-09-10 08:17:30"
"2024-09-03";"";"288 984";"371 816";"27 561 373";"2024-09-03 11:20:08"
"2024-09-07";"";"49 451";"7 749";"27 561 337";"2024-09-07 11:20:32"
"2024-09-05";"";"263 825";"15 712";"27 562 393";"2024-09-05 12:57:35"
"2024-09-06";"";"711 741";"31 317";"27 563 005";"2024-09-06 21:18:50"
"2024-09-06";"YouTube";"1 021 438";"365 754";"27 561 350";"2024-09-06 19:52:11"
"2024-09-07";"";"168 035";"93 389";"27 561 850";"2024-09-07 19:04:34"
"2024-09-03";"Instagram";"4 151 574";"194 610";"27 561 176";"2024-09-03 03:24:21"
"2024-09-06";"YouTube";"60 515";"6 072";"27 562 837";"2024-09-06 14:47:05"
"2024-09-07";"Telegram";"2 532 756";"176 090";"27 561 959";"2024-09-07 17:26:28"
"2024-09-06";"Telegram";"79 151 153";"4 602 988";"27 562 230";"2024-09-07 00:21:01"
"2024-09-03";"";"134 876";"3 869";"27 563 410";"2024-09-03 04:25:07"
"2024-09-04";"";"272 041";"50 311";"27 562 466";"2024-09-04 11:32:43"
"2024-09-03";"WhatsApp";"869 742";"1 371 746";"27 561 185";"2024-09-03 11:08:34"
"2024-09-02";"Instagram";"271 798";"26 670";"27 562 832";"2024-09-02 07:28:44"
"2024-09-08";"";"84 136";"11 387";"27 562 470";"2024-09-08 06:03:55"
"2024-09-06";"";"105 795";"6 252";"27 562 058";"2024-09-06 18:27:40"
"2024-09-06";"";"36 792";"13 168";"27 562 076";"2024-09-06 19:40:19"
"2024-09-03";"";"1 311 353";"475 307";"27 563 030";"2024-09-03 07:40:46"
"2024-09-06";"Yandex";"29 533";"17 789";"27 561 538";"2024-09-06 21:42:53"
"2024-09-06";"Telegram";"231 822 641";"18 728 803";"27 562 903";"2024-09-06 15:24:34"
"2024-09-09";"";"70 652";"8 701";"27 562 684";"2024-09-09 12:33:13"
"2024-09-10";"";"38 605";"9 432";"27 562 938";"2024-09-10 16:37:00"
"2024-09-08";"";"23 513 482";"3 014 712";"27 563 336";"2024-09-08 13:34:21"
"2024-09-08";"";"169 476";"39 380";"27 562 619";"2024-09-08 11:56:48"
"2024-09-02";"";"77 184";"37 686";"27 562 535";"2024-09-02 09:30:08"
"2024-09-10";"Telegram";"94 063 473";"58 532 186";"27 561 992";"2024-09-10 14:59:36"
"2024-09-01";"Facebook";"142 477";"4 444";"27 562 648";"2024-09-01 20:41:29"
"2024-09-04";"";"264 884";"15 197";"27 561 449";"2024-09-04 04:01:40"
"2024-09-10";"";"61 871";"18 915";"27 561 596";"2024-09-10 05:26:27"
"2024-09-04";"";"1 019 952";"103 004";"27 563 088";"2024-09-04 23:56:09"
"2024-09-04";"";"128 875";"14 835";"27 563 076";"2024-09-05 01:10:57"
"2024-09-06";"Tas-ix";"37 369";"2 396";"27 563 335";"2024-09-07 00:45:37"
"2024-09-09";"";"53 290";"97 937";"27 562 561";"2024-09-09 06:27:12"
"2024-09-07";"YouTube";"693 426";"98 821";"27 562 403";"2024-09-07 10:07:02"
"2024-09-07";"";"39 293";"2 501";"27 562 951";"2024-09-07 13:34:57"
"2024-09-02";"";"62 054";"3 987";"27 562 808";"2024-09-02 20:41:00"
"2024-09-05";"Telegram";"2 637 243";"283 165";"27 562 917";"2024-09-05 19:28:44"
"2024-09-09";"";"23 496 257";"2 950 488";"27 561 951";"2024-09-09 20:05:47"
"2024-09-01";"";"62 109";"3 956";"27 561 855";"2024-09-01 20:05:00"
"2024-09-07";"";"765 304";"32 050";"27 561 492";"2024-09-07 05:14:53"
"2024-09-01";"";"171 409";"6 562";"27 561 460";"2024-09-01 14:11:39"
"2024-09-10";"Yandex";"167 605";"73 410";"27 563 458";"2024-09-10 10:55:10"
"2024-09-01";"";"272 959";"14 723";"27 561 185";"2024-09-01 21:42:56"
"2024-09-09";"";"50 498";"7 461";"27 561 647";"2024-09-10 02:59:39"
"2024-09-08";"";"61 832";"18 480";"27 561 524";"2024-09-08 11:32:23"
"2024-09-04";"";"34 537";"7 382";"27 563 218";"2024-09-04 18:39:59"
"2024-09-04";"";"42 642";"3 274";"27 561 205";"2024-09-04 07:16:39"
"2024-09-03";"";"5 624 599";"330 552";"27 563 336";"2024-09-03 10:31:31"
"2024-09-07";"";"26 193";"4 404";"27 561 753";"2024-09-08 00:57:05"
"2024-09-03";"";"56 925";"7 910";"27 562 098";"2024-09-03 14:35:48"
"2024-09-04";"";"1 390 446";"253 303";"27 563 016";"2024-09-04 16:49:57"
"2024-09-02";"";"5 867";"26 516";"27 562 988";"2024-09-02 10:43:23"
"2024-09-10";"Yandex";"58 178";"42 827";"27 562 708";"2024-09-10 16:25:50"
"2024-09-08";"";"11 936";"65 478";"27 563 364";"2024-09-08 17:14:54"
"2024-09-04";"Tas-ix";"653 131";"49 733";"27 562 442";"2024-09-04 03:24:08"
"2024-09-09";"";"393 938";"279 044";"27 563 217";"2024-09-10 01:22:09"
"2024-09-02";"";"381 171";"68 092";"27 561 692";"2024-09-02 10:43:52"
"2024-09-04";"";"691 158";"39 217";"27 561 676";"2024-09-04 10:55:43"
"2024-09-08";"";"59 925 519";"3 266 729";"27 561 638";"2024-09-08 11:08:02"
"2024-09-10";"Facebook";"125 853 992";"6 222 565";"27 563 192";"2024-09-11 00:57:45"
"2024-09-08";"";"333 443";"90 247";"27 561 583";"2024-09-08 21:30:36"
"2024-09-08";"VKontakte";"3 012 560";"414 574";"27 561 224";"2024-09-08 09:54:11"
"2024-09-08";"";"149 809";"43 167";"27 563 264";"2024-09-08 19:16:09"
"2024-09-10";"Instagram";"127 431";"22 243";"27 562 946";"2024-09-10 13:34:56"
"2024-09-10";"";"164 063";"552 306";"27 562 149";"2024-09-10 20:29:23"
"2024-09-06";"Telegram";"99 691 928";"5 907 650";"27 563 445";"2024-09-06 13:58:55"
"2024-09-08";"";"194 407";"31 743";"27 562 156";"2024-09-09 01:10:41"
"2024-09-03";"YouTube";"176 118";"58 522";"27 563 097";"2024-09-03 19:40:06"
"2024-09-09";"";"38 014";"37 524";"27 562 337";"2024-09-09 13:58:35"
"2024-09-08";"";"84 873";"1 862 071";"27 561 604";"2024-09-08 19:04:29"
"2024-09-05";"";"111 431";"381 634";"27 562 099";"2024-09-05 12:45:10"
"2024-09-10";"";"6 579 326";"187 697";"27 561 950";"2024-09-10 10:43:50"
"2024-09-05";"";"56 193";"7 749";"27 562 328";"2024-09-05 09:42:39"
"2024-09-07";"";"9 525";"39 360";"27 563 047";"2024-09-08 00:45:08"
"2024-09-03";"";"75 770";"105 533";"27 563 280";"2024-09-03 10:43:13"
"2024-09-05";"";"31 208";"1 900";"27 561 850";"2024-09-05 15:48:31"
"2024-09-09";"";"308 351";"20 361";"27 563 290";"2024-09-09 11:32:47"
"2024-09-04";"";"14 701";"158 327";"27 563 009";"2024-09-04 15:48:50"
"2024-09-10";"Instagram";"47 458";"4 438";"27 561 429";"2024-09-10 11:56:38"
"2024-09-03";"";"5 848 044";"165 113";"27 562 291";"2024-09-03 08:17:11"
"2024-09-04";"";"68 584";"18 155";"27 562 514";"2024-09-04 06:39:27"
"2024-09-08";"Telegram";"354 837 604";"46 258 487";"27 561 994";"2024-09-08 06:51:20"
"2024-09-01";"";"204 860";"8 587";"27 561 608";"2024-09-01 18:27:34"
"2024-09-10";"Facebook";"5 931 685";"205 572";"27 562 098";"2024-09-10 04:37:52"
"2024-09-06";"";"68 428";"42 432";"27 562 539";"2024-09-06 07:40:28"
"2024-09-04";"";"863 425";"60 627";"27 562 194";"2024-09-04 07:52:00"
"2024-09-06";"";"875 406";"302 636";"27 562 899";"2024-09-06 05:02:20"
"2024-09-01";"";"36 371";"113 732";"27 562 675";"2024-09-01 10:43:01"
"2024-09-10";"";"32 746";"10 212";"27 562 865";"2024-09-11 01:58:09"
"2024-09-06";"";"80 284";"115 237";"27 562 124";"2024-09-06 20:41:35"
"2024-09-01";"Telegram";"8 505 614";"1 047 862";"27 562 545";"2024-09-01 15:36:14"
"2024-09-06";"";"35 395";"12 495";"27 562 047";"2024-09-06 13:10:58"
"2024-09-02";"";"8 671";"39 838";"27 561 534";"2024-09-02 08:29:05"
"2024-09-07";"";"136 256";"8 239";"27 563 452";"2024-09-07 18:15:04"
"2024-09-09";"";"828 229";"36 355";"27 563 048";"2024-09-09 11:44:05"
"2024-09-07";"";"33 082";"14 745";"27 562 527";"2024-09-07 22:07:58"
"2024-09-10";"Telegram";"7 430 955";"312 934";"27 562 492";"2024-09-10 04:49:38"
"2024-09-06";"Instagram";"2 285 704";"503 865";"27 561 492";"2024-09-06 04:49:55"
"2024-09-10";"";"1 117 873";"689 128";"27 563 060";"2024-09-10 20:41:10"
"2024-09-06";"WhatsApp";"3 568 494";"188 642";"27 562 088";"2024-09-06 11:56:11"
"2024-09-03";"";"60 262";"8 948";"27 562 678";"2024-09-03 21:30:32"
"2024-09-03";"";"26 161";"11 863";"27 561 252";"2024-09-03 11:44:20"
"2024-09-07";"Instagram";"10 612 467";"596 369";"27 563 095";"2024-09-07 23:56:08"
"2024-09-06";"";"3 388 546";"127 849";"27 563 082";"2024-09-06 14:35:03"
"2024-09-06";"";"1 379 214";"106 496";"27 562 212";"2024-09-06 17:50:37"
"2024-09-01";"";"3 506 152";"389 192";"27 561 343";"2024-09-01 03:24:13"
"2024-09-03";"";"1 825 666";"85 771";"27 561 485";"2024-09-03 08:17:34"
"2024-09-08";"";"298 535";"11 559";"27 562 668";"2024-09-08 17:14:40"
"2024-09-06";"";"69 950 175";"3 144 545";"27 562 364";"2024-09-06 11:20:27"
"2024-09-06";"Telegram";"74 089 844";"6 270 348";"27 562 800";"2024-09-06 11:32:21"
"2024-09-10";"";"131 025";"10 004";"27 561 290";"2024-09-10 08:29:30"
"2024-09-03";"YouTube";"8 524 750";"1 412 273";"27 561 456";"2024-09-03 18:03:10"
"2024-09-06";"";"2 537 748";"89 369";"27 563 022";"2024-09-06 08:17:51"
"2024-09-06";"";"22 039 332";"1 026 669";"27 562 313";"2024-09-06 12:21:20"
"2024-09-06";"YouTube";"279 390";"17 770";"27 561 924";"2024-09-06 19:40:31"
"2024-09-10";"";"46 095";"34 870";"27 563 110";"2024-09-10 16:25:29"
"2024-09-07";"";"323 023";"17 814";"27 561 260";"2024-09-07 16:37:48"
"2024-09-03";"";"769 177";"1 543 303";"27 562 099";"2024-09-03 11:20:24"
"2024-09-05";"";"105 746";"29 975";"27 561 974";"2024-09-05 04:01:37"
"2024-09-03";"Yandex";"79 373";"27 660";"27 563 242";"2024-09-03 20:53:50"
"2024-09-04";"";"10 548";"31 961";"27 563 432";"2024-09-04 08:29:05"
"2024-09-08";"";"224 197";"11 295";"27 561 452";"2024-09-08 07:52:14"
"2024-09-02";"";"264 604";"154 784";"27 562 590";"2024-09-02 15:48:53"
"2024-09-10";"";"122 112";"12 281";"27 562 895";"2024-09-10 20:53:23"
"2024-09-01";"Unknown";"851 388";"93 927";"27 562 049";"2024-09-01 06:15:33"
"2024-09-05";"";"116 349";"46 179";"27 561 552";"2024-09-05 03:48:05"
"2024-09-08";"";"73 654";"8 030";"27 562 837";"2024-09-08 15:24:36"
"2024-09-03";"Instagram";"265 742";"16 284";"27 562 355";"2024-09-03 05:26:00"
"2024-09-05";"YouTube";"364 597 175";"20 596 390";"27 561 359";"2024-09-06 00:45:55"
"2024-09-05";"Telegram";"3 544 205";"1 155 806";"27 561 337";"2024-09-05 22:31:20"
"2024-09-07";"";"26 410";"2 146";"27 561 464";"2024-09-07 23:56:45"
"2024-09-07";"";"570 350";"227 176";"27 561 253";"2024-09-07 09:06:55"
"2024-09-05";"";"32 600";"11 309";"27 562 858";"2024-09-05 16:49:19"
"2024-09-06";"";"40 394";"3 597";"27 562 824";"2024-09-07 02:11:19"
"2024-09-10";"";"32 201";"11 542";"27 561 827";"2024-09-10 18:03:17"
"2024-09-07";"";"513 860";"22 835";"27 562 612";"2024-09-07 10:55:26"
"2024-09-09";"YouTube";"6 056 276";"2 059 868";"27 563 207";"2024-09-09 19:04:41"
"2024-09-04";"YouTube";"1 934 658";"170 198";"27 561 638";"2024-09-04 11:56:48"
"2024-09-02";"";"2 629 547";"129 494";"27 563 447";"2024-09-02 04:01:50"
"2024-09-10";"";"117 348";"87 578";"27 563 031";"2024-09-10 17:26:09"
"2024-09-09";"";"30 462";"4 485";"27 563 145";"2024-09-09 06:27:49"
"2024-09-03";"";"189 530";"19 881";"27 562 558";"2024-09-03 14:11:54"
"2024-09-09";"VKontakte";"19 171 987";"723 744";"27 563 393";"2024-09-09 22:31:57"
"2024-09-01";"";"61 313";"3 119";"27 562 200";"2024-09-01 19:52:44"
"2024-09-01";"Instagram";"528 844";"26 679";"27 561 385";"2024-09-01 22:43:35"
"2024-09-06";"";"147 880";"164 279";"27 561 898";"2024-09-06 18:39:01"
"2024-09-07";"";"32 033";"2 443";"27 562 560";"2024-09-07 15:36:44"
"2024-09-10";"";"102 396";"321 276";"27 562 880";"2024-09-10 03:12:36"
"2024-09-09";"";"8 202 934";"1 043 056";"27 561 320";"2024-09-09 17:50:59"
"2024-09-06";"";"121 439";"58 574";"27 562 477";"2024-09-06 16:13:00"
"2024-09-05";"";"28 302";"14 698";"27 562 364";"2024-09-05 19:40:10"
"2024-09-04";"Instagram";"16 369 445";"450 374";"27 561 691";"2024-09-04 22:19:18"
"2024-09-02";"";"337 129";"9 944";"27 563 199";"2024-09-02 12:33:50"
"2024-09-08";"";"85 201";"13 099";"27 563 238";"2024-09-08 23:20:23"
"2024-09-10";"";"1 725 752";"121 413";"27 561 742";"2024-09-10 08:05:51"
"2024-09-01";"Facebook";"263 521";"26 320";"27 561 402";"2024-09-01 20:41:18"
"2024-09-07";"";"151 448";"27 966";"27 561 707";"2024-09-07 17:14:54"
"2024-09-03";"Telegram";"340 596 688";"17 995 255";"27 563 295";"2024-09-04 02:23:19"
"2024-09-10";"Apple Music";"83 704";"9 774";"27 562 076";"2024-09-11 01:58:34"
"2024-09-04";"";"185 594";"67 578";"27 562 656";"2024-09-04 23:32:11"
"2024-09-02";"";"400 320";"19 546";"27 562 803";"2024-09-02 13:46:58"
"2024-09-03";"";"98 631";"88 621";"27 561 564";"2024-09-03 07:52:12"
"2024-09-03";"";"76 271";"87 602";"27 562 216";"2024-09-03 04:13:18"
"2024-09-08";"";"206 183";"9 269";"27 563 098";"2024-09-08 07:52:54"
"2024-09-02";"";"39 780";"4 883";"27 563 388";"2024-09-03 02:23:26"
"2024-09-01";"";"31 429";"3 219";"27 562 912";"2024-09-01 19:28:46"
"2024-09-09";"";"29 157";"21 744";"27 561 630";"2024-09-10 00:21:29"
"2024-09-09";"";"5 902";"163 579";"27 562 522";"2024-09-09 20:41:14"
"2024-09-07";"";"280 895 094";"11 706 768";"27 563 293";"2024-09-07 09:42:58"
"2024-09-05";"YouTube";"1 378 208";"65 907";"27 562 845";"2024-09-05 14:35:41"
"2024-09-10";"";"1 017 687";"205 001";"27 562 792";"2024-09-10 11:08:46"
"2024-09-07";"";"754 658";"32 201";"27 561 464";"2024-09-07 22:19:08"
"2024-09-01";"";"30 732";"4 623";"27 562 642";"2024-09-01 06:15:53"
"2024-09-04";"";"699 864";"23 549";"27 563 171";"2024-09-04 08:53:34"
"2024-09-10";"YouTube";"803 050";"53 125";"27 561 598";"2024-09-11 02:35:41"
"2024-09-06";"";"399 896";"22 773";"27 561 176";"2024-09-06 08:29:26"
"2024-09-01";"";"98 507";"37 159";"27 563 211";"2024-09-01 21:06:36"
"2024-09-05";"";"10 704";"87 300";"27 562 646";"2024-09-05 15:24:20"
"2024-09-07";"";"31 762";"15 946";"27 563 140";"2024-09-07 23:08:57"
"2024-09-04";"";"18 836";"49 024";"27 562 365";"2024-09-04 15:00:18"
"2024-09-03";"";"253 120";"103 705";"27 562 570";"2024-09-03 20:05:28"
"2024-09-03";"";"39 281";"18 930";"27 561 674";"2024-09-03 14:11:42"
"2024-09-08";"";"235 280";"18 316";"27 561 823";"2024-09-08 15:36:15"
"2024-09-04";"YouTube";"146 994";"1 840 334";"27 563 051";"2024-09-04 11:08:13"
"2024-09-04";"Facebook";"544 438";"356 011";"27 563 514";"2024-09-04 20:29:04"
"2024-09-06";"YouTube";"4 695 310";"286 599";"27 563 424";"2024-09-06 16:49:19"
"2024-09-06";"";"126 788";"23 875";"27 562 057";"2024-09-06 18:03:06"
"2024-09-10";"";"12 249";"27 660";"27 563 491";"2024-09-11 00:09:39"
"2024-09-05";"";"120 598";"93 470";"27 562 290";"2024-09-05 15:48:40"
"2024-09-02";"";"92 986";"88 415";"27 563 228";"2024-09-02 12:21:14"
"2024-09-10";"";"52 615";"59 209";"27 561 801";"2024-09-10 11:44:38"
"2024-09-01";"";"30 770";"10 048";"27 561 727";"2024-09-01 21:18:48"
"2024-09-09";"Instagram";"1 642 711";"310 910";"27 561 873";"2024-09-10 00:21:36"
"2024-09-07";"";"29 966";"2 498";"27 562 613";"2024-09-07 19:04:24"
"2024-09-03";"";"38 195";"7 528";"27 563 153";"2024-09-03 06:03:37"
"2024-09-05";"YouTube";"889 607";"3 222 453";"27 562 202";"2024-09-05 23:20:20"
"2024-09-06";"";"55 432";"5 585";"27 562 313";"2024-09-06 12:57:10"
"2024-09-09";"Apple Music";"114 574";"28 702";"27 561 407";"2024-09-09 23:56:52"
"2024-09-07";"";"36 731";"2 416";"27 562 150";"2024-09-07 06:27:31"
"2024-09-02";"Spotify";"2 629 217";"74 928";"27 561 172";"2024-09-02 20:05:41"
"2024-09-09";"Instagram";"18 969 594";"290 076";"27 563 285";"2024-09-09 09:30:56"
"2024-09-05";"";"27 300";"88 395";"27 563 147";"2024-09-05 18:15:16"
"2024-09-10";"";"276 823";"19 110";"27 562 365";"2024-09-10 16:13:19"
"2024-09-03";"WhatsApp";"38 496";"83 640";"27 561 365";"2024-09-03 03:36:21"
"2024-09-02";"";"141 847";"277 510";"27 561 741";"2024-09-02 08:17:53"
"2024-09-02";"";"11 532";"66 613";"27 561 344";"2024-09-02 04:25:01"
"2024-09-08";"Instagram";"11 989 382";"641 461";"27 561 219";"2024-09-08 06:03:08"
"2024-09-03";"Telegram";"1 699 927";"250 302";"27 562 255";"2024-09-03 16:49:02"
"2024-09-08";"";"39 221";"8 428";"27 563 128";"2024-09-08 12:09:56"
"2024-09-01";"";"62 387";"6 210";"27 561 273";"2024-09-01 08:17:25"
"2024-09-05";"";"187 725";"12 103";"27 562 197";"2024-09-05 07:28:18"
"2024-09-10";"Unknown";"1 258 100";"49 302";"27 563 180";"2024-09-10 05:02:54"
"2024-09-04";"";"40 428";"3 627";"27 562 453";"2024-09-04 18:15:20"
"2024-09-10";"WhatsApp";"417 831";"26 187";"27 561 368";"2024-09-10 21:18:00"
"2024-09-03";"";"374 823";"115 304";"27 562 204";"2024-09-04 02:47:41"
"2024-09-02";"";"256 512";"16 046";"27 562 175";"2024-09-02 17:38:25"
"2024-09-06";"";"19 738";"26 602";"27 561 636";"2024-09-06 23:20:43"
"2024-09-03";"WhatsApp";"1 798 275";"9 674 362";"27 561 890";"2024-09-03 16:37:06"
"2024-09-10";"";"86 931";"7 280";"27 562 737";"2024-09-10 14:11:42"
"2024-09-06";"";"161 908";"19 490";"27 562 942";"2024-09-06 09:18:13"
"2024-09-06";"";"2 098 668";"42 108";"27 562 004";"2024-09-06 03:36:47"
"2024-09-01";"";"28 663";"26 148";"27 562 451";"2024-09-01 22:31:08"
"2024-09-07";"YouTube";"27 985 269";"977 083";"27 562 363";"2024-09-07 19:52:03"
"2024-09-08";"";"1 262 450";"418 463";"27 561 719";"2024-09-08 04:13:09"
"2024-09-03";"";"27 508";"9 168";"27 562 364";"2024-09-03 07:16:06"
"2024-09-01";"WhatsApp";"2 395 491";"7 990 041";"27 561 392";"2024-09-01 15:12:55"
"2024-09-08";"";"8 264";"58 889";"27 561 457";"2024-09-08 04:13:11"
"2024-09-07";"Instagram";"1 057 032";"217 029";"27 562 495";"2024-09-08 00:21:20"
"2024-09-03";"";"233 271";"236 580";"27 561 796";"2024-09-03 06:51:18"
"2024-09-07";"";"341 768";"684 881";"27 563 469";"2024-09-07 04:49:06"
"2024-09-06";"";"14 578";"97 681";"27 562 006";"2024-09-06 14:59:42"
"2024-09-10";"";"154 827";"22 924";"27 563 295";"2024-09-10 10:31:37"
"2024-09-04";"";"3 218 917";"124 957";"27 563 031";"2024-09-04 05:14:18"
"2024-09-04";"";"322 645";"24 114";"27 561 924";"2024-09-04 10:19:47"
"2024-09-10";"";"142 192";"7 912";"27 563 243";"2024-09-10 11:44:01"
"2024-09-04";"";"832 410";"239 421";"27 561 982";"2024-09-04 18:51:38"
"2024-09-04";"";"30 932";"17 476";"27 561 426";"2024-09-04 03:48:04"
"2024-09-09";"";"21 781";"28 277";"27 561 903";"2024-09-09 21:18:20"
"2024-09-09";"";"34 833";"6 558";"27 563 478";"2024-09-09 18:51:53"
"2024-09-05";"Unknown";"28 115";"5 323";"27 561 741";"2024-09-05 09:18:34"
"2024-09-04";"";"453 837";"47 031";"27 562 875";"2024-09-04 15:48:28"
"2024-09-06";"";"27 176";"1 379";"27 562 236";"2024-09-06 22:55:45"
"2024-09-06";"";"324 031";"143 262";"27 563 250";"2024-09-06 16:13:52"
"2024-09-04";"";"2 280 330";"113 225";"27 563 105";"2024-09-04 14:35:55"
"2024-09-01";"";"61 226";"73 761";"27 562 124";"2024-09-01 14:47:29"
"2024-09-05";"";"35 001";"3 099";"27 562 100";"2024-09-05 15:00:21"
"2024-09-05";"";"699 495";"38 426";"27 562 941";"2024-09-05 20:41:59"
"2024-09-09";"";"27 152";"17 561";"27 561 850";"2024-09-09 04:13:27"
"2024-09-04";"";"126 786";"14 707";"27 561 649";"2024-09-04 16:13:34"
"2024-09-03";"Facebook";"64 259";"6 343";"27 562 362";"2024-09-03 21:42:46"
"2024-09-02";"";"25 838";"4 772";"27 561 605";"2024-09-02 13:10:06"
"2024-09-03";"Unknown";"1 664 069";"40 312";"27 561 557";"2024-09-04 00:21:03"
"2024-09-09";"";"277 092";"5 051";"27 561 879";"2024-09-10 02:23:01"
"2024-09-05";"";"58 473";"15 253";"27 562 849";"2024-09-06 01:46:17"
"2024-09-10";"";"36 757";"3 884";"27 562 535";"2024-09-10 12:21:46"
"2024-09-10";"";"25 728";"4 785";"27 561 390";"2024-09-10 12:33:05"
"2024-09-06";"YouTube";"17 287 914";"234 740";"27 561 761";"2024-09-06 17:14:26"
"2024-09-01";"Instagram";"38 119";"8 520";"27 561 273";"2024-09-01 10:19:46"
"2024-09-04";"";"38 864";"32 640";"27 562 978";"2024-09-04 11:44:55"
"2024-09-07";"Telegram";"383 628";"23 129";"27 563 355";"2024-09-07 08:17:47"
"2024-09-09";"Unknown";"5 399";"28 459";"27 562 934";"2024-09-09 21:18:38"
"2024-09-07";"Yandex";"47 051";"5 449";"27 563 231";"2024-09-07 15:00:45"
"2024-09-03";"";"1 922 976";"1 881 400";"27 561 892";"2024-09-03 19:16:03"
"2024-09-04";"Instagram";"1 823 838";"272 911";"27 561 413";"2024-09-04 16:49:27"
"2024-09-02";"YouTube";"162 793";"20 655";"27 561 706";"2024-09-02 19:28:34"
"2024-09-10";"Telegram";"25 213 194";"1 357 742";"27 561 680";"2024-09-10 11:56:29"
"2024-09-02";"Instagram";"932 356";"259 019";"27 561 891";"2024-09-02 18:15:33"
"2024-09-09";"";"31 636";"9 938";"27 561 547";"2024-09-09 09:54:55"
"2024-09-06";"YouTube";"222 633 107";"9 297 711";"27 562 889";"2024-09-06 05:38:08"
"2024-09-03";"";"110 960";"1 364 252";"27 562 656";"2024-09-03 07:52:52"
"2024-09-04";"";"11 035";"38 668";"27 561 902";"2024-09-05 02:23:17"
"2024-09-06";"";"32 053";"1 959";"27 561 944";"2024-09-06 07:52:40"
"2024-09-09";"";"122 508";"7 196";"27 561 689";"2024-09-09 11:44:37"
"2024-09-06";"";"33 301";"10 753";"27 563 026";"2024-09-06 17:14:20"
"2024-09-02";"Facebook";"38 848";"16 453";"27 563 042";"2024-09-02 08:41:13"
"2024-09-03";"";"30 315";"13 081";"27 563 080";"2024-09-03 07:16:13"
"2024-09-09";"";"57 180";"2 754";"27 563 491";"2024-09-09 09:54:59"
"2024-09-08";"";"925 892";"155 580";"27 561 453";"2024-09-08 11:32:14"
"2024-09-08";"";"528 561";"23 138";"27 563 335";"2024-09-08 14:59:56"
"2024-09-02";"";"225 607";"20 685";"27 563 217";"2024-09-02 07:52:02"
"2024-09-03";"";"75 865";"8 425";"27 563 503";"2024-09-03 05:50:02"
"2024-09-08";"Yandex";"6 061 208";"194 048";"27 563 069";"2024-09-08 19:16:32"
"2024-09-03";"";"24 903 885";"450 865";"27 562 156";"2024-09-04 01:10:47"
"2024-09-03";"YouTube";"739 271";"426 669";"27 562 200";"2024-09-03 23:20:19"
"2024-09-01";"YouTube";"25 852";"12 842";"27 562 998";"2024-09-01 09:54:26"
"2024-09-06";"TikTok";"34 589";"156 794";"27 562 766";"2024-09-06 10:43:53"
"2024-09-01";"";"129 533";"14 027";"27 562 382";"2024-09-01 19:40:55"
"2024-09-05";"PUBG";"1 582 926";"80 766";"27 563 446";"2024-09-05 15:12:16"
"2024-09-03";"";"2 420 509";"97 088";"27 561 279";"2024-09-04 00:57:35"
"2024-09-09";"";"26 713";"16 800";"27 562 527";"2024-09-09 04:13:15"
"2024-09-05";"";"72 896";"42 464";"27 563 063";"2024-09-05 19:40:13"
"2024-09-05";"Instagram";"617 184";"134 426";"27 563 141";"2024-09-05 05:50:16"
"2024-09-08";"";"111 148";"5 464";"27 562 402";"2024-09-08 23:32:26"
"2024-09-06";"";"1 110";"69 761";"27 562 858";"2024-09-07 02:11:48"
"2024-09-02";"Instagram";"43 225 263";"934 923";"27 563 308";"2024-09-02 21:06:01"
"2024-09-02";"";"55 994";"14 879";"27 561 850";"2024-09-02 04:13:48"
"2024-09-03";"";"168 976";"9 919";"27 563 432";"2024-09-04 02:35:48"
"2024-09-07";"";"68 024";"5 394";"27 563 005";"2024-09-07 05:38:14"
"2024-09-09";"";"1 698 598";"69 843";"27 562 544";"2024-09-09 04:01:44"
"2024-09-04";"Telegram";"1 241 965";"259 445";"27 562 170";"2024-09-04 21:30:14"
"2024-09-06";"WhatsApp";"767 907";"46 874";"27 563 042";"2024-09-06 08:41:47"
"2024-09-04";"";"645 948";"215 503";"27 561 828";"2024-09-04 22:31:34"
"2024-09-09";"";"246 509";"16 640";"27 563 220";"2024-09-09 16:49:51"
"2024-09-02";"";"9 321 292";"1 655 496";"27 561 213";"2024-09-02 07:28:27"
"2024-09-05";"";"10 591";"138 512";"27 561 587";"2024-09-05 18:03:51"
"2024-09-02";"YouTube";"860 289";"124 125";"27 563 264";"2024-09-02 09:54:04"
"2024-09-06";"Instagram";"820 291";"223 292";"27 562 364";"2024-09-06 18:03:55"
"2024-09-05";"";"4 251 397";"197 466";"27 563 504";"2024-09-05 10:43:28"
"2024-09-09";"Facebook";"180 073";"74 206";"27 563 094";"2024-09-10 02:59:22"
"2024-09-05";"";"280 333";"25 748";"27 562 642";"2024-09-05 12:21:00"
"2024-09-06";"";"954";"41 131";"27 561 762";"2024-09-06 16:25:00"
"2024-09-06";"Yandex Video";"2 234 795";"126 682";"27 562 692";"2024-09-07 00:57:34"
"2024-09-07";"Tas-ix";"87 409";"16 667";"27 562 483";"2024-09-07 15:36:20"
"2024-09-04";"";"191 272";"69 994";"27 561 835";"2024-09-04 05:26:32"
"2024-09-01";"Instagram";"642 027";"41 495";"27 562 608";"2024-09-01 05:02:55"
"2024-09-03";"";"48 599";"21 492";"27 562 663";"2024-09-03 14:11:40"
"2024-09-05";"";"32 816";"5 426";"27 562 222";"2024-09-05 13:22:22"
"2024-09-06";"Telegram";"15 917 491";"2 470 794";"27 562 564";"2024-09-06 16:25:42"
"2024-09-03";"";"42 492";"3 068";"27 561 219";"2024-09-03 11:20:35"
"2024-09-10";"";"46 872";"8 557";"27 561 368";"2024-09-10 16:49:14"
"2024-09-04";"";"1 225 664";"98 502";"27 561 712";"2024-09-04 17:26:41"
"2024-09-08";"";"1 058 058";"27 276";"27 562 680";"2024-09-08 09:54:53"
"2024-09-08";"";"258 264";"13 648";"27 563 117";"2024-09-08 19:52:19"
"2024-09-10";"";"4 787 587";"745 377";"27 563 216";"2024-09-10 07:04:09"
"2024-09-05";"Unknown";"32 162";"9 782";"27 562 118";"2024-09-05 19:04:59"
"2024-09-10";"";"37 139";"16 206";"27 561 643";"2024-09-10 20:05:53"
"2024-09-08";"YouTube";"754 136";"79 457";"27 562 700";"2024-09-08 04:13:55"
"2024-09-10";"";"141 958";"111 682";"27 563 073";"2024-09-10 11:20:16"
"2024-09-08";"";"2 138 371";"981 748";"27 562 931";"2024-09-09 02:59:01"
"2024-09-02";"";"24 614";"25 835";"27 561 224";"2024-09-02 04:49:24"
"2024-09-04";"";"34 463";"25 646";"27 563 507";"2024-09-04 16:49:01"
"2024-09-06";"";"94 939";"5 579 194";"27 561 999";"2024-09-06 08:53:41"
"2024-09-10";"VKontakte";"31 703";"3 257";"27 561 944";"2024-09-10 19:40:49"
"2024-09-01";"";"31 111";"7 852";"27 563 344";"2024-09-01 14:23:29"
"2024-09-04";"";"1 140";"64 754";"27 561 690";"2024-09-04 17:14:58"
"2024-09-01";"";"196 267";"20 374";"27 562 644";"2024-09-01 20:41:06"
"2024-09-10";"";"87 625";"47 465";"27 563 032";"2024-09-10 21:30:30"
"2024-09-08";"Facebook";"22 760 636";"870 274";"27 563 347";"2024-09-08 09:30:29"
"2024-09-03";"";"105 957";"15 670";"27 563 211";"2024-09-03 22:07:16"
"2024-09-03";"";"658 082";"9 785";"27 561 569";"2024-09-03 22:07:18"
"2024-09-02";"";"107 187";"5 198";"27 561 500";"2024-09-02 20:05:43"
"2024-09-06";"";"112 379";"17 034";"27 563 020";"2024-09-06 08:53:34"
"2024-09-03";"Instagram";"4 056 974";"7 659 675";"27 561 975";"2024-09-03 20:29:46"
"2024-09-10";"";"112 679";"82 909";"27 563 203";"2024-09-10 15:48:35"
"2024-09-05";"";"236 803";"446 352";"27 563 198";"2024-09-05 22:55:51"
"2024-09-06";"";"1 632 480";"149 114";"27 562 868";"2024-09-06 05:14:55"
"2024-09-07";"";"24 994";"26 183";"27 563 243";"2024-09-07 12:57:31"
"2024-09-10";"";"30 118";"3 485";"27 561 185";"2024-09-10 06:03:36"
"2024-09-09";"";"388 715";"323 533";"27 562 511";"2024-09-09 03:48:42"
"2024-09-05";"YouTube";"721 071";"54 025";"27 563 175";"2024-09-05 19:16:10"
"2024-09-03";"";"985 598";"124 775";"27 561 761";"2024-09-03 16:13:03"
"2024-09-01";"";"0";"27 832";"27 562 069";"2024-09-01 19:52:38"
"2024-09-06";"Telegram";"322 274";"44 007";"27 561 512";"2024-09-06 20:41:02"
"2024-09-09";"Telegram";"649 980";"67 284";"27 561 571";"2024-09-09 03:24:32"
"2024-09-01";"WhatsApp";"16 188 709";"55 776 895";"27 563 031";"2024-09-01 23:44:16"
"2024-09-08";"";"415 632";"74 313";"27 563 415";"2024-09-08 12:45:39"
"2024-09-03";"";"122 366";"33 675";"27 562 250";"2024-09-03 20:41:00"
"2024-09-04";"Yandex";"6 438 361";"243 615";"27 561 539";"2024-09-04 19:16:39"
"2024-09-06";"";"8 373 726";"282 608";"27 561 908";"2024-09-06 17:14:43"
"2024-09-03";"";"308 065";"59 121";"27 563 083";"2024-09-03 13:46:11"
"2024-09-03";"";"702 410";"7 460 533";"27 562 708";"2024-09-03 18:03:29"
"2024-09-05";"";"29 188";"15 398";"27 561 421";"2024-09-05 21:06:25"
"2024-09-03";"Unknown";"42 519";"18 643";"27 561 485";"2024-09-03 13:22:11"
"2024-09-02";"";"10 069 636";"423 506";"27 561 796";"2024-09-02 09:42:51"
"2024-09-10";"TikTok";"764";"30 755";"27 561 762";"2024-09-10 10:19:15"
"2024-09-06";"";"726 625";"343 465";"27 561 698";"2024-09-06 05:50:20"
"2024-09-06";"Likee";"212 848";"108 894";"27 561 454";"2024-09-07 01:22:37"
"2024-09-10";"";"298 338";"18 550";"27 561 485";"2024-09-10 19:28:48"
"2024-09-01";"";"22 858 857";"1 010 422";"27 563 083";"2024-09-01 10:19:12"
"2024-09-07";"";"340 460";"25 929";"27 562 451";"2024-09-07 08:29:03"
"2024-09-10";"";"8 942";"33 014";"27 562 242";"2024-09-10 07:16:59"
"2024-09-10";"";"37 756 063";"3 237 388";"27 563 154";"2024-09-10 14:11:14"
"2024-09-06";"";"1 843 567";"66 776";"27 563 168";"2024-09-06 18:03:23"
"2024-09-02";"";"26 929";"7 284";"27 563 191";"2024-09-02 16:13:42"
"2024-09-03";"";"26 689";"10 928";"27 561 264";"2024-09-03 12:57:16"
"2024-09-03";"Telegram";"17 234 795";"1 095 360";"27 561 875";"2024-09-03 14:35:01"
"2024-09-05";"";"80 664";"4 002";"27 561 361";"2024-09-05 21:06:06"
"2024-09-03";"Telegram";"156 102";"20 089";"27 562 783";"2024-09-03 10:31:21"
"2024-09-05";"";"2 038 500";"98 712";"27 562 758";"2024-09-05 15:12:12"
"2024-09-07";"";"15 744 951";"329 220";"27 562 847";"2024-09-07 06:51:01"
"2024-09-09";"";"215 732 997";"8 328 807";"27 563 273";"2024-09-09 15:24:38"
"2024-09-06";"YouTube";"725 422";"94 002";"27 562 097";"2024-09-06 19:04:34"
"2024-09-06";"";"271 177";"19 058";"27 561 237";"2024-09-06 06:15:22"
"2024-09-08";"";"32 823";"5 393";"27 563 308";"2024-09-08 11:56:22"
"2024-09-01";"Facebook";"422 885";"31 655";"27 562 125";"2024-09-01 07:40:45"
"2024-09-07";"";"58 937";"4 147";"27 561 289";"2024-09-07 15:24:30"
"2024-09-04";"";"45 486";"21 470";"27 562 725";"2024-09-04 23:56:09"
"2024-09-02";"";"57 166";"22 621";"27 562 270";"2024-09-02 14:47:17"
"2024-09-04";"";"135 744";"48 028";"27 561 811";"2024-09-04 07:52:37"
"2024-09-06";"";"3 343 004";"342 568";"27 563 245";"2024-09-06 15:12:15"
"2024-09-09";"";"36 484";"2 784";"27 562 582";"2024-09-09 07:28:32"
"2024-09-10";"YouTube";"39 100 492";"2 631 801";"27 562 617";"2024-09-10 16:13:22"
"2024-09-03";"";"367 118";"101 967";"27 562 663";"2024-09-03 08:05:10"
"2024-09-09";"Facebook";"42 481 956";"2 314 663";"27 563 325";"2024-09-09 22:19:06"
"2024-09-09";"";"897 431";"334 213";"27 563 136";"2024-09-09 15:24:16"
"2024-09-09";"Apple Music";"592 524";"145 936";"27 562 343";"2024-09-09 07:40:04"
"2024-09-02";"";"497 300";"106 130";"27 561 492";"2024-09-03 01:10:34"
"2024-09-03";"";"27 886 794";"3 924 685";"27 562 693";"2024-09-03 10:19:54"
"2024-09-06";"YouTube";"13 428 670";"1 299 275";"27 562 407";"2024-09-06 12:45:39"
"2024-09-06";"";"122 550";"12 119";"27 562 685";"2024-09-06 08:29:26"
"2024-09-04";"";"121 275";"320 434";"27 562 144";"2024-09-04 16:49:37"
"2024-09-07";"";"64 269";"6 820";"27 561 690";"2024-09-07 04:49:50"
"2024-09-05";"YouTube";"80 786";"1 082 121";"27 562 856";"2024-09-05 14:47:49"
"2024-09-02";"";"114 783";"5 625";"27 561 230";"2024-09-02 03:48:04"
"2024-09-06";"YouTube";"234 856";"9 048";"27 561 815";"2024-09-06 19:04:39"
"2024-09-07";"YouTube";"4 078 344";"538 113";"27 563 515";"2024-09-07 12:57:24"
"2024-09-10";"";"30 281";"12 830";"27 561 552";"2024-09-10 10:31:11"
"2024-09-03";"";"31 443";"6 422";"27 563 184";"2024-09-03 20:05:18"
"2024-09-08";"";"25 830";"11 787";"27 563 174";"2024-09-08 12:57:16"
"2024-09-08";"";"118 801 233";"17 369 144";"27 563 478";"2024-09-08 20:17:03"
"2024-09-02";"WeChat";"49 367";"55 109";"27 563 076";"2024-09-02 07:16:24"
"2024-09-10";"";"858 707";"41 428";"27 562 069";"2024-09-10 18:15:01"
"2024-09-03";"";"3 652 914";"53 128";"27 562 436";"2024-09-03 13:22:40"
"2024-09-05";"";"144 672";"68 228";"27 561 265";"2024-09-05 23:20:29"
"2024-09-07";"";"10 148";"25 644";"27 563 062";"2024-09-07 11:32:57"
"2024-09-01";"";"203 152";"341 990";"27 562 050";"2024-09-01 09:42:51"
"2024-09-09";"Facebook";"5 239 902";"2 624 952";"27 561 792";"2024-09-09 09:54:48"
"2024-09-06";"";"953 324";"48 949";"27 562 273";"2024-09-06 12:33:02"
"2024-09-08";"";"104 031";"15 839";"27 562 567";"2024-09-08 17:50:58"
"2024-09-01";"";"59 420";"4 663";"27 561 978";"2024-09-01 06:03:40"
"2024-09-02";"";"26 805";"1 357";"27 561 292";"2024-09-02 13:22:41"
"2024-09-09";"Unknown";"81 230";"39 852";"27 561 958";"2024-09-09 05:02:10"
"2024-09-07";"Telegram";"36 598 982";"3 023 654";"27 561 809";"2024-09-07 07:16:46"
"2024-09-02";"";"70 602";"99 721";"27 562 692";"2024-09-02 22:43:23"
"2024-09-08";"";"122 324";"28 415";"27 562 016";"2024-09-08 22:19:07"
"2024-09-10";"Instagram";"138 667 893";"3 643 484";"27 562 727";"2024-09-10 20:17:33"
"2024-09-01";"";"6 534 414";"139 562";"27 562 561";"2024-09-01 11:56:19"
"2024-09-03";"";"619 609";"36 054";"27 562 089";"2024-09-03 10:43:16"
"2024-09-08";"";"60 252";"81 688";"27 561 770";"2024-09-08 07:40:39"
"2024-09-07";"";"37 127";"10 690";"27 563 512";"2024-09-07 12:57:58"
"2024-09-09";"Facebook";"34 796";"3 411";"27 563 269";"2024-09-10 02:47:22"
"2024-09-05";"";"91 348";"1 168 074";"27 562 300";"2024-09-06 01:22:54"
"2024-09-04";"Yandex";"607 806";"302 646";"27 562 204";"2024-09-04 15:12:44"
"2024-09-01";"";"299 607";"23 774";"27 561 940";"2024-09-01 08:41:53"
"2024-09-10";"YouTube";"682 279";"98 358";"27 562 097";"2024-09-10 16:37:06"
"2024-09-09";"";"1 315 854";"776 841";"27 562 692";"2024-09-09 18:15:46"
"2024-09-06";"";"21 427";"28 700";"27 562 595";"2024-09-06 18:27:21"
"2024-09-01";"YouTube";"530 370";"31 277";"27 562 096";"2024-09-02 02:47:36"
"2024-09-01";"";"26 013";"10 543";"27 562 692";"2024-09-01 07:16:05"
"2024-09-01";"WhatsApp";"733 555";"712 512";"27 561 805";"2024-09-01 22:07:00"
"2024-09-01";"";"13 588 581";"575 260";"27 563 033";"2024-09-01 04:01:38"
"2024-09-05";"";"36 555";"3 421";"27 563 166";"2024-09-05 19:16:39"
"2024-09-05";"";"71 966 403";"4 290 662";"27 561 344";"2024-09-05 20:05:30"
"2024-09-06";"Telegram";"3 806 450";"241 285";"27 561 314";"2024-09-06 18:15:37"
"2024-09-06";"";"114 968";"10 379";"27 561 448";"2024-09-06 22:07:53"
"2024-09-04";"";"75 335";"5 849";"27 562 592";"2024-09-04 19:04:31"
"2024-09-02";"Instagram";"539 984";"115 491";"27 562 118";"2024-09-02 14:35:14"
"2024-09-09";"Facebook";"2 767 749";"59 712";"27 561 627";"2024-09-10 00:21:14"
"2024-09-02";"";"496 709";"2 166 386";"27 562 666";"2024-09-02 10:55:50"
"2024-09-07";"";"66 200";"23 098";"27 561 884";"2024-09-07 21:18:52"
"2024-09-06";"";"160 413";"52 675";"27 563 395";"2024-09-06 19:28:30"
"2024-09-03";"YouTube";"2 020 512";"115 676";"27 562 558";"2024-09-03 23:08:01"
"2024-09-01";"";"30 852";"2 590";"27 561 602";"2024-09-01 13:22:34"
"2024-09-02";"";"50 575";"8 519";"27 561 195";"2024-09-02 09:54:50"
"2024-09-05";"Facebook";"153 429";"14 051";"27 562 993";"2024-09-05 11:20:54"
"2024-09-04";"";"31 117";"2 974";"27 561 259";"2024-09-04 14:11:40"
"2024-09-06";"Tas-ix";"179 912";"19 163";"27 563 472";"2024-09-06 22:55:10"
"2024-09-04";"WhatsApp";"173 368";"16 865";"27 562 908";"2024-09-04 12:33:42"
"2024-09-01";"Instagram";"904 646";"20 012 132";"27 562 400";"2024-09-01 13:58:07"
"2024-09-02";"";"123 780";"12 840";"27 562 660";"2024-09-02 15:00:46"
"2024-09-03";"";"30 135";"5 355";"27 561 556";"2024-09-03 21:30:54"
"2024-09-05";"";"532 163";"31 795";"27 561 687";"2024-09-05 09:18:59"
"2024-09-09";"YouTube";"152 219";"401 491";"27 562 138";"2024-09-09 09:30:17"
"2024-09-06";"";"34 102";"2 909";"27 562 572";"2024-09-06 06:51:10"
"2024-09-08";"";"35 970";"9 902";"27 562 784";"2024-09-08 11:32:38"
"2024-09-03";"";"4 875 850";"195 650";"27 562 684";"2024-09-03 15:00:15"
"2024-09-02";"";"65 528";"11 677";"27 562 508";"2024-09-03 00:45:52"
"2024-09-07";"";"3 696 513";"653 680";"27 562 365";"2024-09-07 04:13:01"
"2024-09-09";"";"32 654";"8 894";"27 563 261";"2024-09-09 07:28:55"
"2024-09-07";"";"3 882 315";"149 848";"27 561 883";"2024-09-07 22:43:01"
"2024-09-02";"YouTube";"2 427 366";"178 901";"27 562 597";"2024-09-02 14:47:22"
"2024-09-03";"";"25 657";"13 608";"27 562 913";"2024-09-03 04:25:32"
"2024-09-08";"";"88 410";"258 079";"27 562 759";"2024-09-08 04:49:44"
"2024-09-03";"";"131 005";"173 274";"27 562 170";"2024-09-03 10:19:42"
"2024-09-01";"YouTube";"6 270 193";"380 968";"27 561 452";"2024-09-01 20:41:31"
"2024-09-08";"";"6 500 616";"377 930";"27 562 679";"2024-09-08 05:26:25"
"2024-09-08";"";"1 703 474";"188 773";"27 562 372";"2024-09-08 18:27:22"
"2024-09-07";"Likee";"35 576";"10 507";"27 561 882";"2024-09-07 06:03:40"
"2024-09-07";"";"33 611";"3 180";"27 561 712";"2024-09-08 02:11:07"
"2024-09-06";"Apple Music";"532 293";"170 481";"27 563 195";"2024-09-06 09:54:07"
"2024-09-08";"";"69 639";"6 268";"27 563 084";"2024-09-08 22:07:39"
"2024-09-08";"";"39 923";"3 871";"27 562 590";"2024-09-08 21:54:17"
"2024-09-04";"";"595 395";"26 989";"27 561 758";"2024-09-04 19:04:43"
"2024-09-06";"";"76 081";"156 460";"27 561 359";"2024-09-06 08:41:45"
"2024-09-03";"YouTube";"97 322 949";"7 302 613";"27 563 145";"2024-09-03 13:22:35"
"2024-09-03";"Facebook";"2 005 367";"41 387";"27 562 473";"2024-09-03 13:34:07"
"2024-09-01";"YouTube";"114 470";"15 772";"27 562 399";"2024-09-01 21:42:42"
"2024-09-10";"";"339 945";"27 602";"27 563 250";"2024-09-10 14:47:15"
"2024-09-01";"Facebook";"1 522 792";"97 474 589";"27 562 629";"2024-09-02 00:21:33"
"2024-09-03";"Telegram";"122 084 833";"9 461 958";"27 563 072";"2024-09-03 10:31:27"
"2024-09-07";"";"71 334";"104 181";"27 561 916";"2024-09-07 06:15:15"
"2024-09-06";"Instagram";"94 909";"8 944";"27 561 339";"2024-09-06 08:53:18"
"2024-09-09";"";"30 760 037";"1 673 571";"27 562 645";"2024-09-09 11:08:36"
"2024-09-03";"YouTube";"8 545 736";"368 977";"27 563 291";"2024-09-03 12:33:47"
"2024-09-08";"";"31 217";"14 447";"27 562 441";"2024-09-08 19:04:36"
"2024-09-07";"Facebook";"99 594";"44 509";"27 562 825";"2024-09-07 10:43:01"
"2024-09-08";"";"788 196";"124 810";"27 562 895";"2024-09-09 01:46:10"
"2024-09-09";"";"754 385";"31 622";"27 562 656";"2024-09-09 10:07:00"
"2024-09-03";"";"1 213 390";"48 989";"27 561 975";"2024-09-03 06:39:23"
"2024-09-06";"Facebook";"196 817";"17 035";"27 562 096";"2024-09-06 15:12:38"
"2024-09-06";"";"26 592";"7 519";"27 561 725";"2024-09-06 10:31:41"
"2024-09-08";"Facebook";"267 915";"119 416";"27 561 994";"2024-09-08 22:31:33"
"2024-09-05";"";"426 315";"410 715";"27 561 470";"2024-09-05 09:30:30"
"2024-09-07";"";"563 134";"31 549";"27 562 343";"2024-09-07 14:23:06"
"2024-09-01";"";"36 424";"8 110";"27 561 246";"2024-09-01 17:14:25"
"2024-09-08";"";"35 618";"65 059";"27 561 227";"2024-09-09 00:57:46"
"2024-09-10";"Yandex";"316 621";"34 006";"27 562 675";"2024-09-10 14:47:26"
"2024-09-03";"";"130 085";"46 097";"27 561 583";"2024-09-04 01:22:21"
"2024-09-03";"Yandex";"1 846 553";"111 901";"27 561 792";"2024-09-03 09:54:24"
"2024-09-07";"";"615 933";"25 605";"27 562 127";"2024-09-07 21:18:55"
"2024-09-02";"";"27 759 683";"3 251 190";"27 563 009";"2024-09-02 20:53:28"
"2024-09-10";"WhatsApp";"2 190 782";"2 659 131";"27 561 916";"2024-09-10 20:53:19"
"2024-09-04";"";"146 402";"5 075";"27 561 862";"2024-09-04 16:37:14"
"2024-09-08";"TikTok";"10 855";"97 632";"27 563 152";"2024-09-08 10:07:04"
"2024-09-03";"";"282 768";"232 540";"27 562 216";"2024-09-03 07:28:53"
"2024-09-05";"";"124 047";"45 694";"27 562 371";"2024-09-05 16:01:17"
"2024-09-05";"YouTube";"54 830";"17 863";"27 563 280";"2024-09-06 00:33:06"
"2024-09-10";"";"56 358";"41 715";"27 563 059";"2024-09-10 12:33:20"
"2024-09-03";"";"56 564";"21 288";"27 562 965";"2024-09-03 23:32:58"
"2024-09-10";"";"29 213 472";"1 100 932";"27 562 447";"2024-09-10 07:04:24"
"2024-09-03";"VKontakte";"60 093";"3 381";"27 563 129";"2024-09-03 21:54:34"
"2024-09-08";"";"95 779";"7 933";"27 563 006";"2024-09-08 11:32:17"
"2024-09-03";"Telegram";"6 379 644";"378 910";"27 561 571";"2024-09-03 13:34:25"
"2024-09-10";"Instagram";"71 752";"3 431";"27 563 432";"2024-09-10 18:03:31"
"2024-09-02";"YouTube";"1 398 760";"2 091 701";"27 561 684";"2024-09-03 00:21:44"
"2024-09-08";"Facebook";"279 112";"114 824";"27 561 690";"2024-09-08 03:36:39"
"2024-09-01";"";"31 063";"68 484";"27 562 349";"2024-09-01 22:07:35"
"2024-09-03";"YouTube";"2 153 367";"1 012 574";"27 561 898";"2024-09-03 08:41:39"
"2024-09-04";"";"276 823";"77 035";"27 563 105";"2024-09-04 05:38:58"
"2024-09-05";"Instagram";"36 315 444";"732 536";"27 561 700";"2024-09-05 23:20:39"
"2024-09-02";"";"1 243 274";"1 021 116";"27 561 381";"2024-09-02 17:50:23"
"2024-09-07";"Instagram";"6 119 067";"193 901";"27 561 520";"2024-09-07 11:08:09"
"2024-09-07";"";"87 023";"349 825";"27 562 157";"2024-09-07 03:48:48"
"2024-09-05";"";"57 992";"7 345";"27 562 352";"2024-09-05 12:57:53"
"2024-09-10";"";"43 123";"6 034";"27 561 281";"2024-09-10 08:17:11"
"2024-09-09";"";"245 277";"159 044";"27 562 656";"2024-09-09 20:41:23"
"2024-09-08";"Instagram";"36 751 426";"1 236 596";"27 561 270";"2024-09-08 09:42:20"
"2024-09-01";"Unknown";"475 145";"65 478";"27 561 846";"2024-09-02 02:23:06"
"2024-09-09";"";"47 246";"39 967";"27 562 140";"2024-09-10 00:33:32"
"2024-09-09";"";"102 619";"115 028";"27 561 244";"2024-09-09 18:27:16"
"2024-09-09";"";"133 615";"8 118";"27 562 717";"2024-09-09 16:13:37"
"2024-09-09";"";"38 528";"65 816";"27 561 873";"2024-09-09 19:04:23"
"2024-09-09";"Telegram";"110 983 665";"5 447 751";"27 562 267";"2024-09-09 03:36:14"
"2024-09-04";"";"111 016";"401 384";"27 563 147";"2024-09-04 03:00:24"
"2024-09-02";"";"122 025";"54 252";"27 561 838";"2024-09-03 00:57:22"
"2024-09-04";"";"36 933";"1 881";"27 562 646";"2024-09-04 09:54:28"
"2024-09-07";"Telegram";"1 062 202";"86 140";"27 562 700";"2024-09-07 17:02:23"
"2024-09-01";"YouTube";"190 056";"20 689";"27 561 902";"2024-09-01 04:25:08"
"2024-09-05";"WhatsApp";"2 501 228";"431 990";"27 561 671";"2024-09-05 13:58:52"
"2024-09-09";"YouTube";"2 595 599";"197 407";"27 562 192";"2024-09-09 09:06:30"
"2024-09-10";"Instagram";"60 158 901";"2 451 157";"27 561 547";"2024-09-10 13:58:00"
"2024-09-10";"Yandex";"1 576 896";"222 185";"27 563 008";"2024-09-10 20:41:50"
"2024-09-09";"";"251 155";"100 657";"27 562 896";"2024-09-09 23:32:38"
"2024-09-09";"";"225 373";"8 262";"27 561 981";"2024-09-09 22:55:56"
"2024-09-08";"";"95 262";"83 824";"27 562 815";"2024-09-09 01:46:50"
"2024-09-07";"";"123 580";"98 010";"27 563 039";"2024-09-08 01:10:55"
"2024-09-05";"";"7 307";"26 359";"27 563 030";"2024-09-05 21:06:36"
"2024-09-01";"";"46 620";"9 273";"27 561 302";"2024-09-02 00:33:18"
"2024-09-08";"";"653 030";"32 509";"27 563 491";"2024-09-08 06:39:15"
"2024-09-10";"";"228 991";"6 938";"27 562 143";"2024-09-10 12:09:19"
"2024-09-06";"";"36 779";"3 184";"27 561 861";"2024-09-06 06:03:39"
"2024-09-03";"YouTube";"3 027 679";"96 502";"27 562 041";"2024-09-03 08:41:41"
"2024-09-10";"";"5 238 412";"283 182";"27 562 971";"2024-09-10 13:34:15"
"2024-09-02";"Yandex";"145 747";"7 870";"27 563 317";"2024-09-02 20:17:36"
"2024-09-03";"";"14 088";"29 725";"27 561 742";"2024-09-03 16:13:18"
"2024-09-02";"Instagram";"36 652 534";"1 049 637";"27 562 036";"2024-09-02 22:31:41"
"2024-09-07";"Instagram";"4 383 831";"4 497 599";"27 563 094";"2024-09-07 17:50:14"
"2024-09-04";"";"1 995 389";"253 808";"27 562 560";"2024-09-04 16:37:51"
"2024-09-03";"";"14 522";"240 832";"27 562 124";"2024-09-03 21:54:33"
"2024-09-04";"";"94 258";"4 361";"27 562 156";"2024-09-04 06:39:26"
"2024-09-04";"Instagram";"148 299 117";"3 732 673";"27 563 308";"2024-09-05 01:10:37"
"2024-09-05";"";"185 702";"38 249";"27 563 092";"2024-09-05 10:31:19"
"2024-09-01";"";"34 829";"9 646";"27 561 811";"2024-09-01 06:15:24"
"2024-09-07";"";"37 069 617";"1 308 782";"27 562 717";"2024-09-08 02:59:23"
"2024-09-08";"";"355 813";"201 106";"27 561 542";"2024-09-09 02:59:49"
"2024-09-04";"";"33 170";"3 245";"27 562 651";"2024-09-04 10:55:04"
"2024-09-04";"";"245 271";"9 390";"27 562 239";"2024-09-05 00:21:26"
"2024-09-01";"";"104 860";"3 387";"27 562 564";"2024-09-01 10:07:02"
"2024-09-08";"YouTube";"815 915";"519 385";"27 563 195";"2024-09-08 15:00:33"
"2024-09-06";"";"110 277";"10 996";"27 561 367";"2024-09-06 04:13:12"
"2024-09-04";"";"95 593";"58 718";"27 562 553";"2024-09-04 18:51:43"
"2024-09-10";"YouTube";"725 220";"91 048";"27 561 758";"2024-09-10 07:28:02"
"2024-09-07";"YouTube";"120 273";"8 535";"27 562 710";"2024-09-07 03:48:28"
"2024-09-09";"";"94 963";"9 906";"27 563 481";"2024-09-09 16:49:28"
"2024-09-03";"";"172 932";"78 118";"27 563 224";"2024-09-03 13:10:50"
"2024-09-10";"";"2 522";"29 834";"27 563 317";"2024-09-10 07:16:23"
"2024-09-09";"";"30 305";"5 097";"27 561 920";"2024-09-09 05:02:54"
"2024-09-09";"";"36 918";"8 120";"27 561 569";"2024-09-09 17:38:30"
"2024-09-04";"Instagram";"918 906";"54 869";"27 563 213";"2024-09-05 02:35:17"
"2024-09-03";"";"305 923";"17 994";"27 561 454";"2024-09-03 16:37:59"
"2024-09-02";"";"123 642";"29 962";"27 561 989";"2024-09-02 07:04:36"
"2024-09-10";"Telegram";"4 824 772";"303 207";"27 562 941";"2024-09-10 22:19:39"
"2024-09-03";"";"7 587 507";"232 103";"27 561 908";"2024-09-03 05:50:16"
"2024-09-07";"Telegram";"287 438 605";"15 895 366";"27 561 988";"2024-09-07 14:11:39"
"2024-09-05";"Yandex";"232 833";"133 362";"27 562 720";"2024-09-05 06:15:01"
"2024-09-08";"";"181 358";"102 609";"27 561 270";"2024-09-09 02:47:19"
"2024-09-05";"YouTube";"9 283 939";"596 322";"27 562 365";"2024-09-05 16:01:42"
"2024-09-03";"";"33 063";"148 872";"27 561 625";"2024-09-03 18:15:19"
"2024-09-01";"";"102 250 585";"2 274 987";"27 562 757";"2024-09-01 07:52:55"
"2024-09-06";"";"141 084";"13 814";"27 563 181";"2024-09-06 05:38:48"
"2024-09-01";"";"596 601";"24 825";"27 561 809";"2024-09-01 21:06:34"
"2024-09-07";"";"11 699";"41 704";"27 563 142";"2024-09-07 06:03:54"
"2024-09-09";"";"106 511";"8 044";"27 562 617";"2024-09-09 06:15:05"
"2024-09-10";"Telegram";"2 989 871";"4 887 080";"27 562 687";"2024-09-10 10:31:49"
"2024-09-09";"";"33 763";"11 244";"27 561 181";"2024-09-09 10:07:30"
"2024-09-05";"";"1 614 870";"64 707";"27 563 199";"2024-09-05 12:57:55"
"2024-09-04";"";"111 440";"8 285";"27 562 397";"2024-09-04 16:25:57"
"2024-09-07";"";"31 188";"2 939";"27 562 250";"2024-09-08 02:47:41"
"2024-09-01";"";"61 072";"55 812";"27 562 425";"2024-09-01 07:04:28"
"2024-09-10";"";"680 785";"21 673";"27 561 567";"2024-09-10 05:38:04"
"2024-09-02";"";"704 484";"106 714";"27 562 518";"2024-09-03 01:58:11"
"2024-09-04";"";"82 124";"75 329";"27 562 820";"2024-09-04 16:13:14"
"2024-09-08";"";"71 904";"8 807";"27 561 956";"2024-09-09 02:11:27"
"2024-09-09";"PUBG";"949 481";"40 788";"27 563 079";"2024-09-09 08:29:02"
"2024-09-06";"";"257 043";"115 461";"27 561 884";"2024-09-06 03:24:05"
"2024-09-01";"";"27 373";"4 518";"27 561 247";"2024-09-01 22:31:18"
"2024-09-06";"";"32 112";"3 157";"27 562 827";"2024-09-06 16:49:52"
"2024-09-01";"Yandex";"45 897";"4 754";"27 563 441";"2024-09-01 14:11:26"
"2024-09-10";"";"170 143";"36 081";"27 563 284";"2024-09-10 19:04:22"
"2024-09-05";"";"390 658";"270 849";"27 563 514";"2024-09-05 22:07:15"
"2024-09-06";"Telegram";"128 393 554";"3 813 625";"27 563 112";"2024-09-06 14:59:31"
"2024-09-02";"";"188 318";"6 767";"27 562 083";"2024-09-02 16:25:30"
"2024-09-02";"";"16 648 239";"972 169";"27 562 703";"2024-09-02 19:28:44"
"2024-09-09";"";"37 556 993";"865 813";"27 562 793";"2024-09-09 09:06:48"
"2024-09-04";"Telegram";"3 384 666";"1 071 683";"27 561 529";"2024-09-04 08:29:43"
"2024-09-10";"";"186 911 046";"6 651 881";"27 561 838";"2024-09-11 02:47:29"
"2024-09-04";"";"114 656";"66 651";"27 563 365";"2024-09-04 14:47:13"
"2024-09-10";"Telegram";"375 005 791";"20 143 237";"27 561 983";"2024-09-10 23:08:10"
"2024-09-08";"";"14 202";"150 864";"27 562 787";"2024-09-08 21:06:30"
"2024-09-02";"";"41 154";"17 926";"27 562 024";"2024-09-02 19:40:50"
"2024-09-04";"";"47 616";"53 430";"27 562 110";"2024-09-04 09:06:50"
"2024-09-06";"";"72 848";"7 106";"27 562 405";"2024-09-06 13:34:19"
"2024-09-09";"";"70 556";"4 434";"27 561 290";"2024-09-09 17:50:29"
"2024-09-07";"";"1 588 888";"391 996";"27 561 825";"2024-09-07 23:44:08"
"2024-09-03";"WhatsApp";"1 754 634";"3 425 516";"27 561 422";"2024-09-03 17:50:21"
"2024-09-08";"";"666 680";"159 660";"27 562 527";"2024-09-08 23:20:43"
"2024-09-08";"";"7 696";"35 268";"27 563 264";"2024-09-08 07:04:09"
"2024-09-06";"Instagram";"126 411 612";"3 405 673";"27 562 679";"2024-09-06 16:25:12"
"2024-09-01";"YouTube";"1 012 260";"172 102";"27 563 462";"2024-09-01 13:22:23"
"2024-09-02";"";"32 594";"12 933";"27 562 398";"2024-09-03 02:47:35"
"2024-09-08";"Facebook";"7 629";"48 605";"27 561 312";"2024-09-08 05:14:22"
"2024-09-03";"";"29 373";"5 267";"27 562 889";"2024-09-03 11:20:46"
"2024-09-04";"";"38 478";"2 280";"27 563 269";"2024-09-04 09:18:47"
"2024-09-01";"";"30 393";"19 869";"27 562 403";"2024-09-01 09:42:22"
"2024-09-02";"";"52 116";"98 605";"27 561 879";"2024-09-02 04:01:07"
"2024-09-08";"Telegram";"662 544";"64 176";"27 562 264";"2024-09-08 03:00:07"
"2024-09-09";"";"71 117";"3 522";"27 563 488";"2024-09-10 02:59:26"
"2024-09-01";"";"30 215";"4 617";"27 562 290";"2024-09-01 11:32:48"
"2024-09-09";"";"216 133";"12 551";"27 561 458";"2024-09-09 15:24:06"
"2024-09-01";"";"1 677 296";"44 941";"27 562 812";"2024-09-02 00:57:02"
"2024-09-06";"";"42 462";"3 880";"27 561 842";"2024-09-07 01:22:43"
"2024-09-10";"VKontakte";"1 016 073";"888 248";"27 562 591";"2024-09-10 20:41:23"
"2024-09-05";"";"3 483 170";"145 575";"27 563 328";"2024-09-05 20:05:47"
"2024-09-02";"";"357 173";"358 872";"27 562 906";"2024-09-02 08:05:20"
"2024-09-09";"";"5 028 798";"225 463";"27 563 235";"2024-09-09 16:01:42"
"2024-09-02";"";"308 306";"14 911";"27 562 397";"2024-09-02 12:57:52"
"2024-09-04";"";"4 602";"35 653";"27 561 892";"2024-09-04 10:55:42"
"2024-09-02";"TikTok";"4 462";"235 792";"27 562 391";"2024-09-02 17:14:02"
"2024-09-05";"";"63 950";"61 337";"27 561 275";"2024-09-05 10:07:52"
"2024-09-03";"Facebook";"163 785";"54 378";"27 562 101";"2024-09-03 06:03:21"
"2024-09-06";"";"1 458 828";"206 902";"27 562 879";"2024-09-06 13:10:37"
"2024-09-04";"";"212 672";"16 299";"27 563 514";"2024-09-04 14:11:09"
"2024-09-09";"";"34 007";"4 184";"27 561 517";"2024-09-09 10:31:21"
"2024-09-05";"YouTube";"44 810";"6 467";"27 562 470";"2024-09-05 16:37:32"
"2024-09-04";"";"129 965";"4 980";"27 563 467";"2024-09-04 20:05:29"
"2024-09-10";"";"193 581";"91 109";"27 561 181";"2024-09-10 05:50:26"
"2024-09-02";"Telegram";"28 576 047";"2 875 436";"27 563 031";"2024-09-02 14:23:54"
"2024-09-06";"";"8 952 198";"281 969";"27 562 260";"2024-09-07 02:47:01"
"2024-09-05";"";"66 594";"2 991";"27 561 335";"2024-09-05 12:45:35"
"2024-09-06";"";"634 425";"312 927";"27 563 310";"2024-09-06 03:12:53"
"2024-09-06";"";"35 169";"2 777";"27 562 393";"2024-09-06 05:26:19"
"2024-09-01";"";"55 097";"151 909";"27 562 355";"2024-09-01 09:06:30"
"2024-09-07";"Facebook";"150 692";"49 235";"27 562 786";"2024-09-07 10:07:19"
"2024-09-07";"WhatsApp";"20 112";"41 536";"27 562 371";"2024-09-07 19:28:16"
"2024-09-06";"";"30 599";"2 681";"27 561 821";"2024-09-06 19:40:32"
"2024-09-06";"YouTube";"11 663 920";"616 358";"27 561 988";"2024-09-06 09:18:42"
"2024-09-02";"Instagram";"48 269 407";"1 622 105";"27 563 432";"2024-09-02 03:12:15"
"2024-09-03";"TikTok";"7 498";"60 335";"27 561 284";"2024-09-03 12:33:18"
"2024-09-03";"";"193 463";"84 151";"27 561 463";"2024-09-03 09:54:16"
"2024-09-07";"";"106 841";"6 434";"27 562 720";"2024-09-07 22:55:52"
"2024-09-01";"";"4 669";"62 583";"27 563 451";"2024-09-01 07:52:12"
"2024-09-05";"";"9 250 106";"853 112";"27 562 473";"2024-09-05 13:58:52"
"2024-09-08";"Twitch";"1 033 789";"84 663";"27 561 224";"2024-09-08 07:52:24"
"2024-09-06";"";"286 912";"30 098";"27 562 352";"2024-09-06 21:30:50"
"2024-09-05";"";"63 829";"21 447";"27 563 314";"2024-09-05 07:16:12"
"2024-09-06";"";"33 800";"2 913";"27 562 801";"2024-09-06 20:53:07"
"2024-09-10";"";"59 538";"2 719";"27 562 484";"2024-09-10 04:37:22"
"2024-09-10";"";"32 314";"10 670";"27 563 093";"2024-09-10 03:24:09"
"2024-09-08";"Facebook";"32 002";"8 980";"27 562 338";"2024-09-08 17:02:49"
"2024-09-05";"Instagram";"125 600 757";"5 561 893";"27 562 571";"2024-09-05 13:10:26"
"2024-09-06";"Instagram";"902 720";"176 599";"27 562 803";"2024-09-06 18:39:53"
"2024-09-05";"Telegram";"5 554 536";"1 405 799";"27 563 476";"2024-09-06 02:35:03"
"2024-09-02";"";"113 003";"33 329";"27 561 224";"2024-09-02 07:52:23"
"2024-09-10";"";"146 756";"7 592";"27 562 322";"2024-09-10 07:28:43"
"2024-09-08";"";"6 175 044";"286 933";"27 561 670";"2024-09-08 04:37:59"
"2024-09-05";"";"1 872 013";"70 790";"27 562 670";"2024-09-05 06:03:48"
"2024-09-04";"";"248 578";"24 894";"27 562 841";"2024-09-04 19:52:34"
"2024-09-06";"";"526 778";"19 605";"27 561 508";"2024-09-07 02:23:03"
"2024-09-08";"Instagram";"42 727 146";"1 584 561";"27 562 968";"2024-09-08 06:27:17"
"2024-09-10";"";"2 624 249";"125 798";"27 561 822";"2024-09-10 10:07:20"
"2024-09-04";"";"3 207 697";"233 657";"27 562 866";"2024-09-04 21:54:33"
"2024-09-01";"";"44 996";"39 500";"27 563 036";"2024-09-01 19:16:04"
"2024-09-03";"";"5 721 790";"336 357";"27 561 547";"2024-09-03 22:07:41"
"2024-09-08";"Instagram";"19 842 217";"10 947 112";"27 561 915";"2024-09-08 20:29:33"
"2024-09-03";"";"125 986";"28 396";"27 561 213";"2024-09-03 17:02:43"
"2024-09-04";"";"60 774 467";"3 528 380";"27 563 016";"2024-09-04 10:07:08"
"2024-09-03";"Unknown";"543 585";"154 250";"27 561 872";"2024-09-03 14:35:18"
"2024-09-09";"";"104 095";"12 488";"27 562 069";"2024-09-09 18:03:25"
"2024-09-04";"";"134 913";"4 680";"27 563 105";"2024-09-04 12:33:15"
"2024-09-02";"";"109 254";"11 520";"27 561 987";"2024-09-02 09:54:07"
"2024-09-04";"";"950 190";"83 187";"27 561 927";"2024-09-04 12:57:13"
"2024-09-04";"";"160 423";"20 076";"27 563 446";"2024-09-04 22:19:04"
"2024-09-03";"";"1 104 212";"127 802";"27 561 396";"2024-09-04 01:34:20"
"2024-09-06";"";"927 427";"664 443";"27 562 401";"2024-09-07 01:10:18"
"2024-09-03";"";"139 291";"25 941";"27 563 278";"2024-09-03 19:52:32"
"2024-09-05";"";"41 405";"12 108";"27 562 590";"2024-09-05 20:53:55"
"2024-09-04";"";"27 907 224";"767 570";"27 563 080";"2024-09-04 05:14:07"
"2024-09-03";"Unknown";"7 390 184";"278 213";"27 562 696";"2024-09-03 16:37:03"
"2024-09-04";"";"120 137";"13 692";"27 563 334";"2024-09-04 08:29:18"
"2024-09-05";"";"81 216";"5 496";"27 561 776";"2024-09-05 03:12:27"
"2024-09-07";"Facebook";"7 026 886";"203 226";"27 561 845";"2024-09-07 19:52:01"
"2024-09-03";"Instagram";"78 677 280";"2 347 641";"27 562 840";"2024-09-03 12:21:09"
"2024-09-02";"";"517 546";"25 818";"27 562 720";"2024-09-02 07:04:33"
"2024-09-02";"";"256 963";"7 117";"27 561 997";"2024-09-02 11:20:00"
"2024-09-05";"";"162 736";"32 059";"27 561 649";"2024-09-05 14:35:27"
"2024-09-01";"";"35 026";"19 740";"27 562 388";"2024-09-02 01:46:07"
"2024-09-08";"YouTube";"22 467 555";"1 752 606";"27 563 117";"2024-09-08 12:21:41"
"2024-09-10";"YouTube";"15 074";"57 662";"27 562 264";"2024-09-10 19:16:07"
"2024-09-10";"Facebook";"45 639";"25 046";"27 562 456";"2024-09-10 08:05:46"
"2024-09-06";"VKontakte";"73 640";"3 825";"27 562 931";"2024-09-06 20:05:54"
"2024-09-03";"";"184 579";"25 156";"27 563 331";"2024-09-04 02:35:57"
"2024-09-08";"";"64 880";"49 841";"27 561 427";"2024-09-08 04:01:07"
"2024-09-08";"";"29 004";"72 250";"27 561 232";"2024-09-09 01:34:52"
"2024-09-04";"";"32 771";"3 148";"27 561 320";"2024-09-04 18:39:59"
"2024-09-01";"YouTube";"1 532 645";"431 242";"27 561 370";"2024-09-01 18:27:18"
"2024-09-05";"";"37 135";"45 906";"27 561 785";"2024-09-05 04:01:50"
"2024-09-05";"";"37 664 993";"1 271 800";"27 562 942";"2024-09-05 12:33:27"
"2024-09-10";"";"1 550 155";"43 433";"27 562 305";"2024-09-10 15:48:35"
"2024-09-09";"";"35 109";"21 473";"27 563 291";"2024-09-09 17:02:25"
"2024-09-08";"";"297 716";"79 325";"27 562 399";"2024-09-08 04:01:50"
"2024-09-08";"";"158 313";"83 303";"27 563 491";"2024-09-08 11:56:16"
"2024-09-09";"";"270 077";"296 756";"27 562 543";"2024-09-09 04:13:28"
"2024-09-03";"";"70 167";"67 300";"27 563 452";"2024-09-03 22:07:54"
"2024-09-06";"";"445 943";"52 087";"27 561 851";"2024-09-06 09:30:00"
"2024-09-08";"";"33 498";"3 827";"27 561 344";"2024-09-08 08:05:13"
"2024-09-04";"Telegram";"27 332 519";"3 211 040";"27 561 792";"2024-09-04 10:19:35"
"2024-09-08";"";"6 419";"69 682";"27 562 415";"2024-09-09 00:21:41"
"2024-09-10";"";"273 237";"28 536";"27 563 127";"2024-09-11 00:33:17"
"2024-09-03";"";"296 503 189";"23 035 796";"27 563 232";"2024-09-03 12:45:29"
"2024-09-08";"";"554 614";"52 957";"27 562 427";"2024-09-08 14:11:15"
"2024-09-05";"Likee";"66 672";"3 316";"27 561 819";"2024-09-05 07:28:39"
"2024-09-06";"VKontakte";"1 771 572";"34 690";"27 562 721";"2024-09-07 01:22:02"
"2024-09-09";"";"225 653";"80 216";"27 563 387";"2024-09-09 16:49:58"
"2024-09-02";"";"12 822 666";"554 565";"27 562 315";"2024-09-02 18:51:32"
"2024-09-05";"";"106 458";"5 715";"27 562 739";"2024-09-06 00:33:41"
"2024-09-03";"Instagram";"674 437";"30 754";"27 563 432";"2024-09-04 02:11:31"
"2024-09-10";"Telegram";"29 052 861";"14 175 722";"27 562 243";"2024-09-11 02:23:45"
"2024-09-10";"";"42 668";"15 528";"27 562 232";"2024-09-10 23:56:41"
"2024-09-02";"";"1 124 911";"1 575 318";"27 563 289";"2024-09-02 16:49:02"
"2024-09-07";"";"380 683";"52 431";"27 561 402";"2024-09-07 13:34:11"
"2024-09-03";"";"515 532";"127 585";"27 562 372";"2024-09-03 16:37:11"
"2024-09-02";"VKontakte";"3 440 710";"116 929";"27 562 232";"2024-09-03 02:59:56"
"2024-09-10";"Yandex";"1 185 382";"41 498";"27 563 116";"2024-09-10 03:00:28"
"2024-09-06";"";"2 727 026";"125 073";"27 562 167";"2024-09-06 14:59:20"
"2024-09-08";"";"211 932";"415 226";"27 561 482";"2024-09-08 17:38:31"
"2024-09-05";"";"2 212 406";"429 840";"27 561 670";"2024-09-05 17:26:22"
"2024-09-10";"";"7 540 163";"1 756 995";"27 563 016";"2024-09-10 17:38:31"
"2024-09-06";"";"775 489";"107 149";"27 561 630";"2024-09-06 17:38:06"
"2024-09-02";"";"29 829";"16 128";"27 562 265";"2024-09-03 00:57:39"
"2024-09-02";"";"7 695 865";"403 664";"27 562 737";"2024-09-02 12:09:55"
"2024-09-07";"";"54 026";"7 098";"27 563 273";"2024-09-07 23:44:11"
"2024-09-01";"";"612 542";"25 533";"27 562 628";"2024-09-01 14:35:20"
"2024-09-06";"";"143 282";"148 504";"27 563 198";"2024-09-06 21:06:37"
"2024-09-02";"";"13 473 245";"8 961 838";"27 561 712";"2024-09-02 06:03:10"
"2024-09-06";"";"29 077";"28 280";"27 561 420";"2024-09-07 00:57:33"
"2024-09-04";"YouTube";"110 373";"8 601";"27 561 823";"2024-09-04 09:54:49"
"2024-09-08";"";"341 594";"219 069";"27 562 067";"2024-09-09 02:23:26"
"2024-09-08";"YouTube";"1 690 497";"204 490";"27 561 359";"2024-09-08 22:07:49"
"2024-09-01";"";"44 577";"3 230";"27 562 897";"2024-09-02 02:47:58"
"2024-09-08";"";"8 834 465";"238 241";"27 563 069";"2024-09-08 13:46:07"
"2024-09-09";"Facebook";"32 986";"18 752";"27 561 512";"2024-09-09 21:18:37"
"2024-09-02";"Telegram";"5 339 514";"328 434";"27 562 617";"2024-09-02 15:48:39"
"2024-09-04";"";"392 905";"18 925";"27 561 895";"2024-09-04 17:50:38"
"2024-09-06";"";"3 156 062";"1 721 046";"27 562 573";"2024-09-06 23:08:51"
"2024-09-04";"";"26 276";"7 017";"27 561 689";"2024-09-04 08:53:32"
"2024-09-09";"";"34 546";"11 206";"27 561 690";"2024-09-09 11:32:37"
"2024-09-04";"";"453 439";"437 254";"27 562 592";"2024-09-04 08:53:26"
"2024-09-10";"";"15 683 017";"1 329 510";"27 561 372";"2024-09-10 10:07:25"
"2024-09-08";"Instagram";"83 461 509";"2 465 079";"27 561 940";"2024-09-08 15:48:05"
"2024-09-09";"Instagram";"4 959 403";"218 186";"27 561 571";"2024-09-10 00:09:55"
"2024-09-02";"";"474 286";"22 559";"27 562 495";"2024-09-03 00:45:48"
"2024-09-09";"";"33 260";"2 236";"27 561 231";"2024-09-09 03:36:54"
"2024-09-01";"";"106 743";"22 558";"27 563 065";"2024-09-01 16:01:33"
"2024-09-04";"Instagram";"47 013 590";"674 486";"27 563 392";"2024-09-04 07:16:00"
"2024-09-05";"";"90 509";"5 113";"27 562 142";"2024-09-05 09:42:56"
"2024-09-10";"";"144 949";"10 414";"27 562 402";"2024-09-10 14:23:53"
"2024-09-09";"";"56 126";"10 633";"27 561 378";"2024-09-09 18:39:07"
"2024-09-07";"";"462 874";"20 709";"27 561 172";"2024-09-07 10:43:35"
"2024-09-10";"";"45 619";"62 873";"27 563 001";"2024-09-10 15:12:04"
"2024-09-01";"";"46 163";"3 073";"27 562 438";"2024-09-01 15:36:12"
"2024-09-05";"";"152 174";"26 452";"27 562 236";"2024-09-05 21:06:46"
"2024-09-09";"";"105 618";"18 993";"27 562 997";"2024-09-09 06:51:46"
"2024-09-06";"";"3 681 213";"1 255 826";"27 562 004";"2024-09-07 02:59:50"
"2024-09-06";"";"45 810";"30 088";"27 561 886";"2024-09-06 13:58:38"
"2024-09-07";"";"418 960";"26 539";"27 562 841";"2024-09-07 14:59:14"
"2024-09-09";"";"82 702";"72 296";"27 563 193";"2024-09-09 09:18:49"
"2024-09-09";"";"40 121";"4 660";"27 562 878";"2024-09-10 00:21:27"
"2024-09-01";"Instagram";"675 661";"110 066";"27 563 047";"2024-09-01 18:27:57"
"2024-09-10";"";"14 908 478";"1 024 854";"27 563 009";"2024-09-10 23:32:33"
"2024-09-05";"";"49 709";"38 395";"27 562 674";"2024-09-05 03:24:41"
"2024-09-08";"";"31 338";"2 646";"27 562 559";"2024-09-08 03:24:39"
"2024-09-03";"";"306 757";"9 120";"27 562 656";"2024-09-03 16:37:38"
"2024-09-08";"";"547 756";"56 492";"27 563 424";"2024-09-08 03:48:42"
"2024-09-09";"Instagram";"279 422";"15 422";"27 561 454";"2024-09-09 07:04:08"
"2024-09-03";"";"2 001 746";"278 597";"27 561 221";"2024-09-03 10:43:03"
"2024-09-05";"YouTube";"3 688 258";"1 824 648";"27 561 173";"2024-09-05 13:46:49"
"2024-09-03";"";"30 080";"52 274";"27 562 037";"2024-09-03 13:34:43"
"2024-09-10";"";"175 923";"27 214";"27 561 658";"2024-09-10 04:37:51"
"2024-09-08";"";"55 892";"13 120";"27 561 881";"2024-09-08 15:12:30"
"2024-09-07";"";"30 933";"2 387";"27 563 121";"2024-09-07 11:20:33"
"2024-09-05";"";"1 148 736";"258 736";"27 561 403";"2024-09-05 19:52:34"
"2024-09-02";"";"715 152";"40 723";"27 561 872";"2024-09-02 22:55:58"
"2024-09-02";"Yandex";"33 557";"4 349";"27 563 240";"2024-09-02 13:46:19"
"2024-09-03";"YouTube";"161 404";"22 730";"27 563 127";"2024-09-03 09:54:41"
"2024-09-06";"";"72 464";"73 766";"27 562 862";"2024-09-07 01:10:22"
"2024-09-04";"";"1 243 556";"100 406";"27 561 981";"2024-09-04 13:22:59"
"2024-09-04";"VKontakte";"10 560 215";"278 800";"27 563 369";"2024-09-04 18:15:30"
"2024-09-03";"Unknown";"26 115";"2 646";"27 562 886";"2024-09-03 12:21:47"
"2024-09-02";"";"38 627";"1 740";"27 561 365";"2024-09-03 02:47:43"
"2024-09-06";"";"23 190";"63 492";"27 562 063";"2024-09-06 21:42:26"
"2024-09-04";"";"2 782 896";"450 950";"27 562 968";"2024-09-04 17:26:58"
"2024-09-06";"";"1 103 843";"171 185";"27 561 762";"2024-09-06 07:28:30"
"2024-09-03";"Yandex";"51 013";"6 782";"27 563 453";"2024-09-03 06:15:37"
"2024-09-03";"Unknown";"157 395";"29 866";"27 563 198";"2024-09-03 16:01:12"
"2024-09-03";"Instagram";"2 471 134";"485 305";"27 563 153";"2024-09-04 02:59:44"
"2024-09-06";"";"62 012";"238 346";"27 563 271";"2024-09-07 01:58:03"
"2024-09-07";"VKontakte";"36 882";"2 961";"27 561 838";"2024-09-07 06:03:38"
"2024-09-05";"";"990 394";"544 144";"27 561 181";"2024-09-05 05:38:45"
"2024-09-04";"YouTube";"811 698";"55 926";"27 563 311";"2024-09-04 03:24:36"
"2024-09-04";"";"31 806";"6 235";"27 563 154";"2024-09-04 04:01:20"
"2024-09-06";"";"89 994";"4 016";"27 563 494";"2024-09-06 05:50:40"
"2024-09-07";"";"277 225";"990 932";"27 563 432";"2024-09-08 00:57:21"
"2024-09-05";"";"60 111";"7 043";"27 561 547";"2024-09-05 05:14:11"
"2024-09-05";"";"81 430 300";"4 249 338";"27 562 107";"2024-09-06 01:58:56"
"2024-09-02";"";"66 161";"49 204";"27 562 365";"2024-09-03 00:45:13"
"2024-09-05";"";"38 290";"4 864";"27 561 252";"2024-09-05 05:14:11"
"2024-09-02";"Instagram";"1 129 364";"230 787";"27 563 266";"2024-09-03 02:11:41"
"2024-09-09";"";"249 860";"22 353";"27 562 861";"2024-09-09 08:53:22"
"2024-09-02";"";"1 654 344";"75 781";"27 563 494";"2024-09-02 16:25:21"
"2024-09-09";"";"284 710";"14 788";"27 562 935";"2024-09-09 05:38:54"
"2024-09-05";"";"16 014 126";"589 549";"27 562 464";"2024-09-05 22:55:16"
"2024-09-06";"";"54 044";"31 037";"27 561 355";"2024-09-06 04:01:10"
"2024-09-04";"Telegram";"92 084 460";"5 172 694";"27 562 622";"2024-09-04 13:34:31"
"2024-09-06";"";"43 386";"4 494";"27 561 361";"2024-09-06 03:00:58"
"2024-09-06";"";"609 083";"84 159";"27 561 785";"2024-09-06 05:02:32"
"2024-09-04";"";"27 142";"3 124";"27 562 314";"2024-09-04 05:26:02"
"2024-09-03";"";"771 761";"85 642";"27 563 036";"2024-09-03 06:03:54"
"2024-09-09";"";"33 976";"3 105";"27 562 808";"2024-09-09 04:01:10"
"2024-09-07";"";"39 024";"4 108";"27 562 791";"2024-09-07 07:52:11"
"2024-09-07";"";"935 301";"133 394";"27 563 509";"2024-09-08 02:35:06"
"2024-09-05";"";"148 660";"133 129";"27 561 251";"2024-09-05 08:29:57"
"2024-09-08";"Telegram";"217 975 954";"13 100 802";"27 563 336";"2024-09-08 07:16:47"
"2024-09-10";"";"1 227 209";"18 388";"27 562 992";"2024-09-11 00:57:35"
"2024-09-09";"Telegram";"121 444 233";"3 779 877";"27 562 320";"2024-09-09 09:30:41"
"2024-09-05";"YouTube";"40 159";"336 216";"27 562 139";"2024-09-05 10:55:43"
"2024-09-01";"Telegram";"16 115 511";"484 862";"27 563 127";"2024-09-01 08:53:43"
"2024-09-08";"YouTube";"219 410 085";"12 784 536";"27 562 689";"2024-09-09 00:21:06"
"2024-09-05";"";"439 930";"45 436";"27 563 467";"2024-09-05 17:26:53"
"2024-09-02";"Instagram";"814 116";"38 310";"27 562 647";"2024-09-02 21:06:04"
"2024-09-10";"";"199 826";"120 072";"27 562 969";"2024-09-10 05:38:18"
"2024-09-05";"YouTube";"8 706 282";"457 217";"27 563 467";"2024-09-05 14:59:14"
"2024-09-05";"";"554 854";"9 702";"27 563 264";"2024-09-05 07:16:05"
"2024-09-01";"";"27 599";"2 553";"27 562 263";"2024-09-01 11:32:01"
"2024-09-02";"Instagram";"1 693 583";"297 422";"27 562 524";"2024-09-02 16:25:50"
"2024-09-05";"Tas-ix";"1 784 750";"66 950";"27 562 932";"2024-09-05 07:40:37"
"2024-09-09";"";"71 691";"34 155";"27 562 343";"2024-09-09 09:06:38"
"2024-09-02";"WhatsApp";"103 293";"6 020";"27 562 499";"2024-09-02 20:53:13"
"2024-09-03";"YouTube";"81 641";"28 496";"27 563 068";"2024-09-03 04:37:21"
"2024-09-08";"";"75 701";"16 680";"27 563 009";"2024-09-08 08:41:23"
"2024-09-06";"Instagram";"11 879 439";"555 444";"27 562 257";"2024-09-06 06:03:28"
"2024-09-07";"";"57 928";"5 943";"27 562 437";"2024-09-07 10:31:38"
"2024-09-07";"WhatsApp";"162 872";"139 418";"27 563 462";"2024-09-07 13:10:22"
"2024-09-04";"";"97 564";"45 487";"27 562 835";"2024-09-04 14:11:50"
"2024-09-08";"Facebook";"1 042 902";"91 268";"27 563 414";"2024-09-08 05:50:01"
"2024-09-03";"";"36 533";"60 820";"27 563 447";"2024-09-03 12:33:13"
"2024-09-08";"Yandex";"53 521";"2 763";"27 562 066";"2024-09-08 07:04:22"
"2024-09-10";"";"223 034";"12 329";"27 563 422";"2024-09-10 22:43:13"
"2024-09-07";"Facebook";"1 182 567";"44 382";"27 561 306";"2024-09-08 00:09:29"
"2024-09-07";"";"25 751";"4 164";"27 562 875";"2024-09-07 14:35:59"
"2024-09-10";"Instagram";"549 323";"19 225";"27 563 237";"2024-09-10 15:48:45"
"2024-09-05";"Telegram";"3 119 822";"185 489";"27 561 234";"2024-09-05 10:31:53"
"2024-09-07";"";"259 236";"23 143";"27 561 743";"2024-09-07 22:19:03"
"2024-09-07";"";"68 459";"8 670";"27 561 895";"2024-09-07 20:29:51"
"2024-09-09";"YouTube";"147 237";"12 022";"27 562 233";"2024-09-09 22:19:32"
"2024-09-02";"YouTube";"207 126";"23 919";"27 562 156";"2024-09-03 00:45:30"
"2024-09-04";"";"55 497";"4 991";"27 562 982";"2024-09-04 11:08:04"
"2024-09-06";"Unknown";"1 160 318";"255 386";"27 561 218";"2024-09-06 19:04:57"
"2024-09-07";"";"142 133";"10 052";"27 563 211";"2024-09-07 04:25:21"
"2024-09-09";"Telegram";"1 436 339";"93 056";"27 562 592";"2024-09-09 22:55:53"
"2024-09-04";"";"257 204";"10 956";"27 563 168";"2024-09-04 11:20:41"
"2024-09-07";"";"42 125";"4 570";"27 563 203";"2024-09-07 18:15:46"
"2024-09-07";"Yandex";"360 656";"37 524";"27 562 570";"2024-09-07 23:20:21"
"2024-09-02";"";"55 280";"6 281";"27 563 173";"2024-09-02 04:01:15"
"2024-09-10";"";"4 257";"39 901";"27 561 651";"2024-09-11 01:58:21"
"2024-09-07";"";"117 587";"90 135";"27 563 512";"2024-09-07 05:02:37"
"2024-09-08";"YouTube";"253 955";"36 054";"27 562 403";"2024-09-08 20:29:20"
"2024-09-01";"YouTube";"2 767 529";"1 677 551";"27 562 330";"2024-09-01 19:40:50"
"2024-09-03";"";"508 195";"31 053";"27 561 882";"2024-09-03 19:28:52"
"2024-09-04";"Facebook";"875 602";"276 196";"27 562 868";"2024-09-04 17:38:57"
"2024-09-05";"";"46 104";"11 968";"27 561 845";"2024-09-05 19:52:40"
"2024-09-08";"";"43 734";"230 928";"27 561 221";"2024-09-08 09:42:46"
"2024-09-04";"";"662 514";"25 220";"27 562 838";"2024-09-04 17:14:37"
"2024-09-04";"";"65 461";"5 811";"27 561 595";"2024-09-04 19:52:52"
"2024-09-08";"";"98 021";"290 058";"27 563 307";"2024-09-09 02:59:40"
"2024-09-09";"Instagram";"379 631";"19 328";"27 562 331";"2024-09-09 10:19:29"
"2024-09-10";"";"28 866";"1 747";"27 562 981";"2024-09-10 16:13:06"
"2024-09-10";"";"6 075 445";"278 979";"27 561 265";"2024-09-10 19:04:04"
"2024-09-10";"";"147 984";"39 513";"27 562 044";"2024-09-10 12:57:14"
"2024-09-09";"";"26 871";"26 558";"27 561 204";"2024-09-09 08:29:54"
"2024-09-04";"";"106 946";"8 097";"27 561 920";"2024-09-04 14:23:10"
"2024-09-02";"Facebook";"31 198";"2 310";"27 561 845";"2024-09-02 07:28:35"
"2024-09-07";"";"45 212";"3 410";"27 562 537";"2024-09-08 01:22:06"
"2024-09-08";"";"48 450";"5 521";"27 561 595";"2024-09-08 22:31:59"
"2024-09-04";"Facebook";"54 036";"8 292";"27 562 300";"2024-09-04 03:48:23"
"2024-09-08";"";"20 504 774";"1 008 406";"27 562 264";"2024-09-08 15:00:31"
"2024-09-01";"";"58 846";"22 331";"27 561 689";"2024-09-01 12:57:31"
"2024-09-05";"";"1 151 851";"218 064";"27 562 243";"2024-09-05 22:55:19"
"2024-09-06";"";"1 569 469";"166 098";"27 562 979";"2024-09-06 10:07:15"
"2024-09-09";"";"117 091";"81 242";"27 561 215";"2024-09-10 00:33:03"
"2024-09-01";"YouTube";"242 380";"352 344";"27 562 102";"2024-09-01 07:04:07"
"2024-09-01";"Tas-ix";"158 178";"34 878";"27 563 014";"2024-09-01 03:36:10"
"2024-09-03";"YouTube";"113 647 484";"7 239 074";"27 562 703";"2024-09-04 01:58:45"
"2024-09-01";"";"78 536";"6 174";"27 562 330";"2024-09-01 17:50:07"
"2024-09-10";"";"588 497";"47 467";"27 563 081";"2024-09-10 15:24:59"
"2024-09-02";"";"53 319";"2 536";"27 563 413";"2024-09-02 10:55:18"
"2024-09-08";"";"664 424";"21 574";"27 562 810";"2024-09-08 09:18:19"
"2024-09-04";"";"762 829";"91 480";"27 562 508";"2024-09-04 08:29:23"
"2024-09-10";"";"191 014";"109 430";"27 561 873";"2024-09-10 15:24:04"
"2024-09-09";"";"33 415";"6 136";"27 562 063";"2024-09-10 02:11:35"
"2024-09-04";"Telegram";"2 654 443";"114 018";"27 561 463";"2024-09-04 16:01:24"
"2024-09-08";"";"1 334 239";"146 862";"27 562 539";"2024-09-08 16:01:51"
"2024-09-06";"";"122 012";"8 069";"27 562 146";"2024-09-06 04:01:40"
"2024-09-02";"YouTube";"11 694 384";"886 714";"27 562 099";"2024-09-02 13:58:50"
"2024-09-04";"";"1 591 916";"911 588";"27 561 989";"2024-09-04 19:04:15"
"2024-09-04";"";"680 012";"151 676";"27 563 092";"2024-09-04 19:28:36"
"2024-09-10";"YouTube";"26 085";"6 938";"27 561 953";"2024-09-11 02:23:30"
"2024-09-04";"";"28 113";"13 574";"27 563 504";"2024-09-05 02:47:56"
"2024-09-02";"";"16 395 002";"1 038 258";"27 561 658";"2024-09-02 23:20:32"
"2024-09-09";"";"107 350";"97 528";"27 563 306";"2024-09-09 17:38:08"
"2024-09-01";"";"2 190";"29 738";"27 561 967";"2024-09-01 11:08:19"
"2024-09-01";"";"457 066";"17 173";"27 561 670";"2024-09-02 02:59:02"
"2024-09-03";"";"45 324";"12 511";"27 563 216";"2024-09-03 22:55:38"
"2024-09-04";"Telegram";"49 007 532";"6 021 994";"27 562 956";"2024-09-05 01:46:35"
"2024-09-08";"YouTube";"160 525";"17 232";"27 562 800";"2024-09-08 16:37:37"
"2024-09-06";"";"46 183 127";"2 354 779";"27 562 193";"2024-09-06 21:06:39"
"2024-09-09";"";"630";"28 891";"27 561 828";"2024-09-09 04:01:55"
"2024-09-09";"";"370 277";"13 322";"27 561 958";"2024-09-09 10:19:55"
"2024-09-07";"Instagram";"7 462 973";"1 634 260";"27 561 570";"2024-09-07 12:33:12"
"2024-09-06";"";"13 533 461";"664 850";"27 561 970";"2024-09-06 10:31:23"
"2024-09-05";"";"3 559 243";"5 205 239";"27 561 608";"2024-09-05 21:42:44"
"2024-09-06";"";"57 621";"12 597";"27 563 128";"2024-09-06 21:18:42"
"2024-09-02";"";"56 248";"9 475";"27 563 157";"2024-09-02 14:23:57"
"2024-09-03";"Telegram";"8 057 933";"1 085 983";"27 563 451";"2024-09-03 15:36:59"
"2024-09-05";"YouTube";"578 831";"73 528";"27 563 139";"2024-09-05 18:39:43"
"2024-09-02";"";"78 714";"7 616";"27 562 716";"2024-09-02 05:50:23"
"2024-09-09";"";"229 395";"24 795";"27 562 660";"2024-09-09 09:30:21"
"2024-09-04";"Yandex";"379 866";"185 044";"27 561 776";"2024-09-05 01:10:09"
"2024-09-02";"";"223 933";"7 599";"27 561 542";"2024-09-02 07:52:35"
"2024-09-07";"";"75 613";"10 042";"27 561 207";"2024-09-08 02:35:16"
"2024-09-03";"";"3 194 096";"143 216";"27 563 216";"2024-09-03 19:52:13"
"2024-09-10";"";"32 975";"25 048";"27 562 350";"2024-09-10 18:03:40"
"2024-09-10";"";"52 227";"19 883";"27 562 266";"2024-09-10 17:50:01"
"2024-09-07";"";"250 808";"10 386";"27 562 821";"2024-09-07 05:14:31"
"2024-09-06";"YouTube";"940 954";"27 610";"27 563 192";"2024-09-06 23:44:25"
"2024-09-02";"Instagram";"203 971";"61 341";"27 562 575";"2024-09-02 19:52:13"
"2024-09-03";"TikTok";"915 950";"27 510 172";"27 562 741";"2024-09-03 21:42:41"
"2024-09-07";"TikTok";"208 532";"206 235";"27 562 418";"2024-09-08 02:47:07"
"2024-09-06";"";"443 922";"321 194";"27 561 433";"2024-09-06 23:56:31"
"2024-09-06";"Facebook";"196 657";"42 782";"27 561 950";"2024-09-06 18:39:54"
"2024-09-01";"Instagram";"3 880 568";"742 301";"27 561 623";"2024-09-01 16:49:28"
"2024-09-08";"WhatsApp";"955 193";"15 685 452";"27 561 490";"2024-09-08 08:05:26"
"2024-09-03";"";"68 597";"9 556";"27 563 177";"2024-09-03 12:33:01"
"2024-09-04";"";"5 746 180";"190 531";"27 562 593";"2024-09-05 02:11:27"
"2024-09-08";"YouTube";"1 151 723";"68 773";"27 563 341";"2024-09-08 03:36:24"
"2024-09-08";"";"42 531";"9 077";"27 562 331";"2024-09-08 11:08:36"
"2024-09-03";"Facebook";"1 010 345";"44 145";"27 561 232";"2024-09-03 05:50:44"
"2024-09-09";"Unknown";"221 738";"37 903";"27 561 712";"2024-09-09 12:21:16"
"2024-09-04";"";"688 825";"90 734";"27 563 304";"2024-09-04 18:39:55"
"2024-09-07";"";"12 955 853";"684 575";"27 561 474";"2024-09-07 07:28:24"
"2024-09-09";"Facebook";"104 791";"17 962";"27 562 620";"2024-09-09 20:53:27"
"2024-09-02";"";"1 273 745";"104 747";"27 562 542";"2024-09-02 07:52:44"
"2024-09-03";"";"35 021";"4 531";"27 561 890";"2024-09-03 03:12:35"
"2024-09-04";"Yandex";"3 197 372";"126 900";"27 562 365";"2024-09-04 11:32:02"
"2024-09-03";"Yandex";"23 260 053";"2 585 276";"27 562 352";"2024-09-03 20:29:33"
"2024-09-02";"";"39 604";"80 384";"27 563 329";"2024-09-02 15:48:59"
"2024-09-02";"Telegram";"381 038";"31 664";"27 563 207";"2024-09-03 01:22:47"
"2024-09-10";"";"8 740 473";"318 436";"27 561 908";"2024-09-10 16:49:49"
"2024-09-09";"Instagram";"96 698";"8 930";"27 563 345";"2024-09-09 07:28:36"
"2024-09-08";"Instagram";"893 899";"126 599";"27 561 220";"2024-09-08 21:18:04"
"2024-09-08";"YouTube";"246 341 630";"15 599 592";"27 562 476";"2024-09-08 17:02:52"
"2024-09-09";"";"67 698";"3 880";"27 561 624";"2024-09-09 13:58:55"
"2024-09-01";"";"88 404";"6 931";"27 561 830";"2024-09-01 10:55:53"
"2024-09-04";"";"96 391";"24 992";"27 561 201";"2024-09-04 18:03:13"
"2024-09-06";"YouTube";"2 969 267";"1 336 552";"27 561 881";"2024-09-06 06:39:38"
"2024-09-08";"";"107 656";"52 442";"27 562 678";"2024-09-08 21:18:40"
"2024-09-02";"";"2 871 951";"2 897 669";"27 563 174";"2024-09-02 23:20:36"
"2024-09-04";"";"107 479";"6 690";"27 561 464";"2024-09-04 04:49:01"
"2024-09-02";"";"171 934";"88 294";"27 561 749";"2024-09-02 23:08:22"
"2024-09-04";"";"394 428";"208 083";"27 562 401";"2024-09-04 18:51:25"
"2024-09-08";"";"46 339";"16 160";"27 563 507";"2024-09-08 06:39:24"
"2024-09-03";"";"30 415 193";"1 469 817";"27 562 427";"2024-09-03 05:50:10"
"2024-09-10";"Facebook";"28 815";"4 643";"27 561 670";"2024-09-10 05:38:34"
"2024-09-07";"";"26 830";"3 329";"27 562 659";"2024-09-07 18:39:01"
"2024-09-03";"";"493 629";"32 304";"27 561 327";"2024-09-04 00:33:39"
"2024-09-08";"";"240 626";"66 005";"27 562 025";"2024-09-08 10:31:06"
"2024-09-08";"YouTube";"70 853";"8 420";"27 563 083";"2024-09-08 04:13:12"
"2024-09-01";"";"2 252 129";"246 450";"27 562 741";"2024-09-01 14:59:25"
"2024-09-01";"";"72 221";"171 793";"27 561 956";"2024-09-01 09:54:40"
"2024-09-06";"Telegram";"240 915 154";"72 897 164";"27 562 036";"2024-09-06 09:18:03"
"2024-09-07";"";"223 325";"23 870";"27 563 020";"2024-09-07 22:55:11"
"2024-09-08";"";"31 785";"16 139";"27 562 200";"2024-09-08 23:44:59"
"2024-09-07";"";"419 444";"64 955";"27 561 775";"2024-09-07 10:19:43"
"2024-09-03";"";"31 228";"18 279";"27 562 168";"2024-09-03 22:07:15"
"2024-09-06";"";"65 321";"32 304";"27 562 422";"2024-09-06 20:05:16"
"2024-09-05";"";"5 509 003";"594 998";"27 563 271";"2024-09-05 12:21:20"
"2024-09-07";"";"846 714";"44 004";"27 562 239";"2024-09-07 09:18:27"
"2024-09-09";"";"857 078";"21 966";"27 561 245";"2024-09-09 23:44:30"
"2024-09-01";"";"263 693";"62 687";"27 561 694";"2024-09-01 07:40:23"
"2024-09-01";"";"59 596";"47 783";"27 561 800";"2024-09-01 06:39:53"
"2024-09-04";"";"1 093 100";"141 804";"27 562 575";"2024-09-04 11:44:49"
"2024-09-05";"";"47 046";"1 729";"27 562 821";"2024-09-05 10:55:07"
"2024-09-07";"";"58 757";"9 237";"27 563 240";"2024-09-07 05:14:19"
"2024-09-09";"";"244 403";"57 323";"27 562 541";"2024-09-10 01:46:17"
"2024-09-01";"";"52 396";"123 459";"27 562 489";"2024-09-01 10:55:18"
"2024-09-05";"";"113 131";"23 395";"27 561 883";"2024-09-05 17:26:45"
"2024-09-08";"Facebook";"2 084 775";"1 574 913";"27 562 956";"2024-09-08 03:48:56"
"2024-09-02";"";"298 104";"20 490";"27 561 830";"2024-09-02 21:54:05"
"2024-09-10";"Tas-ix";"302 444";"20 762";"27 562 801";"2024-09-11 01:46:52"
"2024-09-08";"";"476 937";"53 888";"27 562 511";"2024-09-08 20:05:28"
"2024-09-09";"";"65 608";"21 171";"27 562 594";"2024-09-09 22:19:27"
"2024-09-02";"Tas-ix";"848 811";"29 567";"27 562 241";"2024-09-02 05:38:23"
"2024-09-07";"Instagram";"34 954 486";"1 511 413";"27 563 183";"2024-09-07 14:59:38"
"2024-09-10";"Instagram";"5 906 760";"111 087";"27 561 468";"2024-09-10 18:27:58"
"2024-09-04";"";"151 472";"67 854";"27 563 136";"2024-09-04 17:26:33"
"2024-09-08";"Facebook";"29 745";"2 473";"27 561 660";"2024-09-08 13:58:22"
"2024-09-06";"";"731 130";"121 626";"27 563 268";"2024-09-06 15:36:07"
"2024-09-08";"VKontakte";"122 057";"86 645";"27 561 315";"2024-09-09 01:22:47"
"2024-09-01";"";"83 792";"6 728";"27 563 113";"2024-09-01 19:40:05"
"2024-09-03";"";"820 007";"109 667";"27 563 168";"2024-09-03 13:34:56"
"2024-09-09";"YouTube";"19 206 917";"979 474";"27 562 175";"2024-09-09 18:51:23"
"2024-09-07";"";"114 560";"27 841";"27 562 993";"2024-09-07 12:21:44"
"2024-09-06";"Facebook";"76 510";"19 395";"27 561 214";"2024-09-06 04:25:59"
"2024-09-07";"";"28 143 915";"1 711 261";"27 561 184";"2024-09-07 19:16:51"
"2024-09-02";"";"22 026 531";"1 544 361";"27 561 288";"2024-09-02 15:12:28"
"2024-09-08";"";"150 985";"12 471";"27 563 219";"2024-09-08 19:16:14"
"2024-09-08";"YouTube";"4 984 454";"274 444";"27 563 252";"2024-09-08 21:18:28"
"2024-09-05";"Instagram";"781 137";"41 525";"27 562 690";"2024-09-05 17:02:06"
"2024-09-10";"";"25 137 807";"1 771 745";"27 561 212";"2024-09-10 11:32:55"
"2024-09-07";"Instagram";"1 291 729";"215 594";"27 562 663";"2024-09-07 06:03:13"
"2024-09-06";"";"12 877 690";"728 290";"27 561 744";"2024-09-06 23:20:39"
"2024-09-10";"";"60 355";"8 361";"27 561 879";"2024-09-10 07:16:27"
"2024-09-10";"YouTube";"64 783 421";"2 702 899";"27 562 696";"2024-09-10 03:00:43"
"2024-09-01";"";"167 429";"6 470";"27 562 553";"2024-09-01 22:19:58"
"2024-09-05";"";"64 434";"96 412";"27 561 770";"2024-09-06 01:46:48"
"2024-09-02";"Unknown";"159 438";"21 934";"27 562 266";"2024-09-02 07:52:13"
"2024-09-08";"";"174 465";"23 332";"27 562 696";"2024-09-08 16:37:57"
"2024-09-07";"YouTube";"1 142 229";"350 908";"27 563 083";"2024-09-07 04:37:51"
"2024-09-06";"";"956 896";"82 112";"27 561 571";"2024-09-06 03:48:10"
"2024-09-08";"YouTube";"418 604";"24 534";"27 562 633";"2024-09-08 05:38:51"
"2024-09-07";"";"34 026";"14 165";"27 562 781";"2024-09-08 02:11:01"
"2024-09-02";"Facebook";"311 178";"31 503";"27 563 001";"2024-09-02 12:21:06"
"2024-09-04";"";"146 787";"48 335";"27 562 014";"2024-09-04 05:02:31"
"2024-09-03";"";"159 227 330";"11 276 793";"27 562 273";"2024-09-03 14:23:21"
"2024-09-01";"";"102 528";"31 675";"27 561 747";"2024-09-01 22:43:22"
"2024-09-07";"";"135 340";"11 032";"27 563 413";"2024-09-07 23:32:23"
"2024-09-03";"";"26 240";"25 201";"27 562 234";"2024-09-03 12:21:34"
"2024-09-06";"";"26 556";"15 686";"27 561 892";"2024-09-06 05:02:02"
"2024-09-05";"WhatsApp";"33 988 914";"43 715 758";"27 561 490";"2024-09-05 19:52:46"
"2024-09-03";"";"172 402";"66 216";"27 563 424";"2024-09-03 13:58:46"
"2024-09-03";"";"211 348";"168 891";"27 561 873";"2024-09-03 10:19:22"
"2024-09-07";"";"1 401 186";"273 607";"27 561 978";"2024-09-07 04:13:07"
"2024-09-07";"Facebook";"524 342";"406 810";"27 561 699";"2024-09-07 03:12:11"
"2024-09-09";"";"372 721";"71 282";"27 562 792";"2024-09-09 06:03:00"
"2024-09-02";"YouTube";"25 557 507";"1 703 379";"27 561 177";"2024-09-02 09:06:28"
"2024-09-07";"YouTube";"389 714";"90 840";"27 562 846";"2024-09-07 05:14:05"
"2024-09-10";"Instagram";"48 552 070";"922 875";"27 562 278";"2024-09-10 04:25:49"
"2024-09-02";"";"32 223";"2 833";"27 562 535";"2024-09-02 19:16:50"
"2024-09-08";"";"109 654";"16 122";"27 562 752";"2024-09-08 19:16:57"
"2024-09-05";"Facebook";"184 778";"16 826";"27 562 504";"2024-09-05 07:04:36"
"2024-09-06";"";"134 312";"6 008";"27 562 810";"2024-09-06 19:40:23"
"2024-09-09";"";"122 755";"11 034";"27 561 890";"2024-09-09 16:49:17"
"2024-09-02";"";"47 741";"16 485";"27 563 171";"2024-09-02 05:26:42"
"2024-09-07";"";"30 664";"24 052";"27 561 396";"2024-09-07 23:56:07"
"2024-09-05";"";"27 085";"14 019";"27 562 025";"2024-09-05 19:04:51"
"2024-09-05";"";"30 411";"21 532";"27 561 383";"2024-09-05 10:43:39"
"2024-09-06";"Instagram";"192 563";"12 982";"27 561 484";"2024-09-06 12:45:15"
"2024-09-08";"Tas-ix";"888 448";"55 288";"27 563 467";"2024-09-08 11:56:17"
"2024-09-01";"";"376 154";"40 550";"27 562 149";"2024-09-01 19:04:27"
"2024-09-07";"";"1 104 726";"104 209";"27 562 404";"2024-09-07 10:55:29"
"2024-09-06";"Facebook";"219 875";"18 189";"27 562 827";"2024-09-06 11:44:40"
"2024-09-07";"";"886 577";"77 698";"27 562 859";"2024-09-07 06:15:42"
"2024-09-02";"";"288 932";"44 268";"27 563 419";"2024-09-02 11:20:32"
"2024-09-01";"";"30 008";"5 631";"27 562 025";"2024-09-02 02:59:56"
"2024-09-05";"";"41 294";"17 672";"27 562 416";"2024-09-06 01:46:49"
"2024-09-01";"";"29 468";"3 226";"27 563 183";"2024-09-01 09:54:26"
"2024-09-06";"Facebook";"1 876 196";"9 707 100";"27 561 180";"2024-09-06 11:56:32"
"2024-09-02";"";"87 488";"5 624";"27 563 509";"2024-09-02 19:52:31"
"2024-09-04";"YouTube";"6 703 582";"2 832 638";"27 562 083";"2024-09-04 15:00:22"
"2024-09-07";"";"65 252";"4 294";"27 563 223";"2024-09-07 21:06:35"
"2024-09-05";"";"226 685";"222 086";"27 561 883";"2024-09-05 22:31:47"
"2024-09-10";"Instagram";"2 149 516";"2 121 618";"27 562 663";"2024-09-11 01:34:51"
"2024-09-03";"YouTube";"295 173";"69 501";"27 561 907";"2024-09-03 21:54:46"
"2024-09-10";"Unknown";"18 952 445";"765 358";"27 562 124";"2024-09-10 06:03:18"
"2024-09-09";"Facebook";"599 561";"24 249";"27 562 850";"2024-09-09 05:50:58"
"2024-09-07";"";"659 237";"73 401";"27 561 838";"2024-09-07 17:38:06"
"2024-09-09";"";"80 674";"75 953";"27 562 892";"2024-09-09 06:27:06"
"2024-09-08";"YouTube";"176 482 198";"11 213 288";"27 561 914";"2024-09-08 09:06:34"
"2024-09-02";"";"266 648";"6 630";"27 561 429";"2024-09-02 17:38:32"
"2024-09-10";"";"21 626 051";"2 183 042";"27 562 938";"2024-09-10 16:13:10"
"2024-09-10";"VKontakte";"322 344";"302 000";"27 561 787";"2024-09-10 11:44:03"
"2024-09-10";"Telegram";"458 642 619";"28 972 203";"27 561 710";"2024-09-10 09:42:08"
"2024-09-06";"YouTube";"255 820 743";"15 724 274";"27 562 607";"2024-09-06 20:17:30"
"2024-09-03";"";"7 467 105";"6 732 598";"27 561 691";"2024-09-03 10:43:37"
"2024-09-04";"";"121 167";"82 398";"27 562 560";"2024-09-05 00:45:55"
"2024-09-09";"";"51 716";"23 670";"27 562 088";"2024-09-09 05:26:33"
"2024-09-01";"";"25 517 000";"1 279 821";"27 563 176";"2024-09-01 08:41:08"
"2024-09-09";"";"35 075";"2 592";"27 561 290";"2024-09-09 14:47:16"
"2024-09-02";"Facebook";"14 742 184";"300 981";"27 563 336";"2024-09-02 16:25:11"
"2024-09-06";"";"44 534";"29 092";"27 561 662";"2024-09-06 21:06:16"
"2024-09-10";"Facebook";"214 859";"103 217";"27 562 254";"2024-09-10 07:16:00"
"2024-09-01";"";"129 579";"58 349";"27 561 401";"2024-09-01 11:08:19"
"2024-09-07";"";"1 236 642";"175 009";"27 563 311";"2024-09-07 22:31:16"
"2024-09-05";"YouTube";"109 836";"373 495";"27 561 707";"2024-09-05 22:31:33"
"2024-09-05";"";"75 083";"11 622";"27 562 622";"2024-09-05 20:05:27"
"2024-09-01";"Telegram";"34 282";"6 669";"27 561 325";"2024-09-01 10:31:49"
"2024-09-04";"";"28 350";"14 172";"27 563 290";"2024-09-04 21:42:05"
"2024-09-09";"";"256 792";"13 321";"27 561 882";"2024-09-09 20:53:01"
"2024-09-01";"";"212 378";"206 984";"27 562 399";"2024-09-01 13:22:53"
"2024-09-02";"";"1 069 421";"47 790";"27 563 114";"2024-09-02 14:11:12"
"2024-09-09";"Instagram";"2 530 042";"99 804";"27 562 720";"2024-09-10 01:46:18"
"2024-09-06";"Yandex";"3 157 757";"557 356";"27 563 195";"2024-09-06 12:33:11"
"2024-09-10";"";"86 109";"16 637";"27 562 622";"2024-09-10 05:26:07"
"2024-09-10";"YouTube";"3 057 863";"166 745";"27 562 058";"2024-09-10 19:28:26"
"2024-09-10";"";"880 508";"102 239";"27 561 973";"2024-09-10 22:07:47"
"2024-09-03";"Instagram";"465 449";"93 358";"27 562 048";"2024-09-03 18:27:08"
"2024-09-08";"";"83 290 815";"1 179 519";"27 562 453";"2024-09-08 09:54:23"
"2024-09-06";"Tas-ix";"86 874";"9 412";"27 562 647";"2024-09-07 01:46:02"
"2024-09-07";"";"74 466";"3 293";"27 561 883";"2024-09-08 02:59:57"
"2024-09-05";"";"473 948";"141 812";"27 561 802";"2024-09-05 19:40:37"
"2024-09-09";"";"163 017";"8 576";"27 561 825";"2024-09-09 20:53:35"
"2024-09-07";"Instagram";"65 616";"27 059";"27 562 912";"2024-09-07 14:35:26"
"2024-09-02";"YouTube";"28 124";"11 225";"27 561 768";"2024-09-02 16:49:33"
"2024-09-10";"";"96 434";"48 565";"27 561 897";"2024-09-10 18:39:09"
"2024-09-05";"";"147 289";"27 819";"27 562 255";"2024-09-05 07:28:11"
"2024-09-04";"";"277 752";"13 612";"27 562 836";"2024-09-04 07:04:33"
"2024-09-02";"";"48 394";"2 869";"27 562 849";"2024-09-03 02:23:32"
"2024-09-05";"";"87 704";"74 047";"27 561 276";"2024-09-05 18:51:57"
"2024-09-10";"Instagram";"580 017";"21 285";"27 562 204";"2024-09-10 09:42:13"
"2024-09-02";"Facebook";"268 976";"143 308";"27 562 922";"2024-09-02 15:24:42"
"2024-09-05";"";"42 505";"24 818";"27 562 150";"2024-09-05 06:03:13"
"2024-09-01";"";"177 066";"15 619";"27 563 273";"2024-09-01 16:25:06"
"2024-09-07";"";"74 251";"4 995";"27 563 252";"2024-09-08 01:46:12"
"2024-09-09";"";"23 531";"76 001";"27 561 902";"2024-09-09 07:52:35"
"2024-09-04";"";"396 997";"25 321";"27 561 273";"2024-09-04 17:38:23"
"2024-09-01";"";"54 269";"2 523";"27 562 067";"2024-09-01 11:32:27"
"2024-09-09";"";"751 192";"249 323";"27 561 674";"2024-09-09 06:15:45"
"2024-09-05";"";"133 711";"12 559";"27 563 443";"2024-09-05 17:50:22"
"2024-09-05";"YouTube";"3 716 801";"218 919";"27 562 821";"2024-09-05 11:20:57"
"2024-09-08";"";"28 865";"2 440";"27 561 433";"2024-09-08 12:45:13"
"2024-09-05";"";"43 662";"6 146";"27 561 201";"2024-09-05 11:08:18"
"2024-09-01";"YouTube";"30 357";"8 216";"27 562 481";"2024-09-01 08:53:25"
"2024-09-02";"";"93 046";"3 239";"27 562 474";"2024-09-03 00:45:02"
"2024-09-07";"PUBG";"224 462 847";"6 638 295";"27 561 596";"2024-09-07 09:42:51"
"2024-09-08";"";"348 377";"41 653";"27 563 262";"2024-09-08 09:30:00"
"2024-09-07";"";"67 705";"11 055";"27 561 362";"2024-09-07 19:40:07"
"2024-09-09";"";"146 115";"10 443";"27 563 515";"2024-09-09 09:18:05"
"2024-09-10";"";"42 198";"2 725";"27 561 723";"2024-09-10 22:43:29"
"2024-09-09";"Instagram";"3 292 658";"129 213";"27 561 732";"2024-09-10 02:11:18"
"2024-09-05";"";"1 138 617";"88 711";"27 562 192";"2024-09-05 19:28:33"
"2024-09-01";"";"20 019";"93 740";"27 561 567";"2024-09-02 02:59:57"
"2024-09-09";"";"1 063 415";"143 672";"27 561 706";"2024-09-09 10:07:10"
"2024-09-07";"";"2 713 249";"146 619";"27 563 187";"2024-09-07 07:28:38"
"2024-09-04";"TikTok";"411 163";"278 531";"27 561 225";"2024-09-04 09:54:56"
"2024-09-05";"Instagram";"404 821";"15 205";"27 562 572";"2024-09-05 05:26:00"
"2024-09-06";"Facebook";"68 306";"97 065";"27 561 189";"2024-09-06 14:11:33"
"2024-09-05";"Yandex Video";"180 573";"10 246";"27 562 462";"2024-09-05 22:19:48"
"2024-09-04";"";"3 090";"26 263";"27 563 041";"2024-09-04 04:13:53"
"2024-09-09";"";"38 078";"33 961";"27 562 630";"2024-09-09 18:39:00"
"2024-09-03";"Telegram";"3 973 034";"321 333";"27 562 260";"2024-09-04 02:47:43"
"2024-09-04";"";"98 254";"536 705";"27 562 842";"2024-09-04 18:39:49"
"2024-09-08";"";"408 861";"116 401";"27 563 333";"2024-09-09 01:22:32"
"2024-09-08";"Facebook";"20 976 667";"863 748";"27 563 378";"2024-09-08 10:55:04"
"2024-09-01";"";"22 840";"94 728";"27 561 224";"2024-09-01 19:28:35"
"2024-09-08";"";"276 727";"12 699";"27 563 402";"2024-09-08 13:46:14"
"2024-09-09";"";"48 985";"3 503";"27 561 722";"2024-09-09 03:48:44"
"2024-09-07";"";"2 752 347";"105 512";"27 561 252";"2024-09-07 14:59:18"
"2024-09-02";"";"29 417";"10 031";"27 562 127";"2024-09-02 19:28:34"
"2024-09-10";"";"73 427";"12 444";"27 562 841";"2024-09-11 02:11:18"
"2024-09-01";"Facebook";"26 060";"1 931";"27 562 415";"2024-09-01 10:31:39"
"2024-09-07";"";"222 079";"103 306";"27 561 292";"2024-09-07 20:05:13"
"2024-09-03";"Yandex";"83 729";"46 881";"27 563 481";"2024-09-03 05:50:46"
"2024-09-07";"";"118 782";"18 778";"27 561 650";"2024-09-07 19:40:55"
"2024-09-09";"";"21 420 281";"790 908";"27 561 610";"2024-09-09 08:29:51"
"2024-09-05";"YouTube";"2 726 691";"131 009";"27 562 070";"2024-09-05 23:20:17"
"2024-09-07";"Likee";"229 162";"71 343";"27 562 692";"2024-09-07 04:25:05"
"2024-09-06";"Facebook";"605 051";"18 510";"27 562 838";"2024-09-06 20:41:55"
"2024-09-07";"";"22 940";"282 896";"27 562 965";"2024-09-07 07:16:58"
"2024-09-08";"";"420 982";"162 368";"27 561 350";"2024-09-08 09:30:13"
"2024-09-07";"";"167 712";"34 033";"27 563 097";"2024-09-07 04:25:37"
"2024-09-03";"";"116 880";"34 239";"27 563 363";"2024-09-03 18:39:11"
"2024-09-06";"";"48 141 646";"4 431 621";"27 561 464";"2024-09-06 22:07:12"
"2024-09-05";"Yandex";"121 094";"8 040";"27 561 658";"2024-09-05 17:14:31"
"2024-09-02";"";"2 340 711";"389 532";"27 562 185";"2024-09-02 06:03:02"
"2024-09-07";"";"585 315";"54 987";"27 563 304";"2024-09-07 09:42:43"
"2024-09-08";"";"110 441";"37 837";"27 562 601";"2024-09-08 09:18:42"
"2024-09-08";"";"52 133";"4 149";"27 561 204";"2024-09-08 05:02:22"
"2024-09-10";"WhatsApp";"59 048";"220 452";"27 561 707";"2024-09-10 23:20:35"
"2024-09-07";"";"84 027";"4 499";"27 561 881";"2024-09-07 17:26:45"
"2024-09-01";"";"3 201 649";"679 980";"27 561 232";"2024-09-01 16:49:56"
"2024-09-08";"";"52 205";"13 251";"27 562 304";"2024-09-08 11:56:54"
"2024-09-04";"";"67 591";"44 212";"27 561 883";"2024-09-04 14:23:38"
"2024-09-09";"";"63 698";"9 423";"27 562 243";"2024-09-09 20:41:11"
"2024-09-06";"";"9 147";"126 840";"27 562 398";"2024-09-06 06:27:39"
"2024-09-09";"";"91 438";"44 862";"27 563 403";"2024-09-09 07:40:43"
"2024-09-10";"YouTube";"1 765 420";"615 232";"27 562 617";"2024-09-10 23:32:46"
"2024-09-01";"";"37 272";"2 809";"27 562 447";"2024-09-01 04:01:40"
"2024-09-03";"";"175 502";"73 010";"27 562 024";"2024-09-03 19:52:25"
"2024-09-09";"YouTube";"221 319";"30 560";"27 562 355";"2024-09-10 02:59:58"
"2024-09-01";"Unknown";"3 310 062";"283 163";"27 563 347";"2024-09-01 20:05:52"
"2024-09-09";"YouTube";"1 800 468";"252 696";"27 562 343";"2024-09-09 15:24:11"
"2024-09-10";"PUBG";"335 887 843";"10 479 471";"27 561 801";"2024-09-10 13:34:53"
"2024-09-06";"Odnoklassniki";"45 093";"8 674";"27 561 217";"2024-09-06 10:07:57"
"2024-09-03";"";"91 189 884";"1 191 997";"27 562 354";"2024-09-03 04:01:58"
"2024-09-04";"";"39 723 257";"12 463 189";"27 563 097";"2024-09-04 09:06:44"
"2024-09-04";"";"1 004 925";"68 618";"27 563 311";"2024-09-05 02:23:55"
"2024-09-02";"";"82 022";"356 799";"27 562 806";"2024-09-02 08:41:08"
"2024-09-06";"";"797 260";"33 130";"27 563 290";"2024-09-06 17:50:23"
"2024-09-06";"";"48 876";"7 287";"27 561 239";"2024-09-06 06:03:21"
"2024-09-05";"";"35 970";"2 268";"27 563 464";"2024-09-05 09:18:22"
"2024-09-04";"Odnoklassniki";"370 762";"114 930";"27 561 737";"2024-09-04 07:52:56"
"2024-09-10";"Telegram";"31 873 277";"1 874 088";"27 561 722";"2024-09-10 08:05:33"
"2024-09-01";"";"102 319";"26 810";"27 562 762";"2024-09-01 12:09:31"
"2024-09-02";"";"2 299 338";"102 329";"27 561 569";"2024-09-02 14:47:16"
"2024-09-07";"";"81 297";"6 089";"27 563 264";"2024-09-07 05:26:33"
"2024-09-03";"";"93 738";"59 299";"27 561 920";"2024-09-03 16:37:30"
"2024-09-08";"Instagram";"115 670";"12 535";"27 563 165";"2024-09-09 00:45:22"
"2024-09-01";"";"1 790 503";"52 897";"27 561 562";"2024-09-01 11:20:14"
"2024-09-04";"";"47 173";"4 306";"27 561 233";"2024-09-05 02:59:34"
"2024-09-02";"";"86 033";"368 781";"27 562 239";"2024-09-02 17:14:48"
"2024-09-07";"YouTube";"547 957";"137 082";"27 561 993";"2024-09-07 10:19:10"
"2024-09-10";"Apple Music";"452 714";"5 956";"27 563 132";"2024-09-10 09:30:26"
"2024-09-05";"";"57 124";"7 667";"27 563 416";"2024-09-05 18:51:47"
"2024-09-04";"";"1 384 555";"455 361";"27 562 941";"2024-09-04 07:16:39"
"2024-09-02";"";"18 154 260";"862 669";"27 561 435";"2024-09-02 04:49:29"
"2024-09-05";"YouTube";"589 152";"44 416";"27 562 598";"2024-09-05 19:28:35"
"2024-09-03";"";"48 411";"49 245";"27 563 030";"2024-09-03 03:36:16"
"2024-09-04";"WhatsApp";"2 912 963";"6 423 268";"27 563 345";"2024-09-04 18:51:02"
"2024-09-05";"";"137 583";"15 206";"27 562 044";"2024-09-05 08:29:27"
"2024-09-07";"WhatsApp";"11 037 380";"10 962 401";"27 562 393";"2024-09-07 16:01:37"
"2024-09-09";"";"12 030";"77 963";"27 561 491";"2024-09-09 20:53:59"
"2024-09-04";"";"41 735";"8 752";"27 562 105";"2024-09-04 18:27:24"
"2024-09-07";"Likee";"516 660";"180 929";"27 563 460";"2024-09-07 08:29:15"
"2024-09-05";"";"137 388";"25 824";"27 563 252";"2024-09-05 15:12:12"
"2024-09-01";"";"35 404";"6 803";"27 563 372";"2024-09-01 18:27:02"
"2024-09-03";"";"7 767";"35 872";"27 561 468";"2024-09-03 10:19:16"
"2024-09-01";"";"60 589";"6 721";"27 562 565";"2024-09-01 17:50:13"
"2024-09-03";"YouTube";"208 189 926";"13 380 101";"27 561 947";"2024-09-03 14:47:20"
"2024-09-08";"";"35 266";"65 643";"27 562 331";"2024-09-08 16:49:49"
"2024-09-09";"Instagram";"23 650 785";"374 823";"27 561 737";"2024-09-09 03:48:16"
"2024-09-10";"Instagram";"1 901 256";"1 992 425";"27 561 222";"2024-09-10 20:41:56"
"2024-09-01";"Yandex";"26 127";"11 346";"27 562 050";"2024-09-01 12:33:14"
"2024-09-10";"";"78 516";"5 458";"27 563 069";"2024-09-11 01:34:59"
"2024-09-01";"";"136 923";"12 771";"27 563 157";"2024-09-01 09:54:56"
"2024-09-06";"Facebook";"276 398";"3 254 672";"27 561 872";"2024-09-07 01:10:30"
"2024-09-07";"";"59 182";"30 265";"27 563 250";"2024-09-08 02:47:54"
"2024-09-02";"";"256 357";"12 536";"27 562 059";"2024-09-03 00:33:48"
"2024-09-09";"";"146 442";"19 745";"27 562 675";"2024-09-09 14:47:41"
"2024-09-06";"YouTube";"12 531 807";"609 426";"27 563 344";"2024-09-06 12:33:12"
"2024-09-03";"";"35 009";"4 152";"27 562 656";"2024-09-03 20:41:31"
"2024-09-06";"";"2 100 796";"141 038";"27 562 527";"2024-09-06 21:54:38"
"2024-09-03";"";"2 120";"99 406";"27 562 436";"2024-09-03 09:06:55"
"2024-09-02";"";"138 929";"15 685";"27 563 122";"2024-09-02 09:54:46"
"2024-09-09";"";"155 157";"36 545";"27 562 667";"2024-09-09 17:02:57"
"2024-09-05";"Telegram";"856 959";"57 353";"27 562 392";"2024-09-05 11:32:23"
"2024-09-03";"YouTube";"142 856";"775 908";"27 562 542";"2024-09-03 23:44:07"
"2024-09-09";"";"201 239";"18 423";"27 563 081";"2024-09-09 17:02:36"
"2024-09-09";"Instagram";"59 174 098";"403 651";"27 562 453";"2024-09-09 08:29:37"
"2024-09-10";"YouTube";"155 333";"1 764 254";"27 561 215";"2024-09-10 22:07:55"
"2024-09-02";"";"40 634";"5 520";"27 563 342";"2024-09-02 05:14:41"
"2024-09-06";"";"281 054";"29 728";"27 562 804";"2024-09-06 09:42:47"
"2024-09-04";"";"59 540";"6 740";"27 563 203";"2024-09-04 19:40:02"
"2024-09-01";"";"226 590";"19 756";"27 562 559";"2024-09-01 13:46:03"
"2024-09-10";"Instagram";"1 418 061";"88 302";"27 561 776";"2024-09-10 06:03:03"
"2024-09-08";"WhatsApp";"192 461";"11 988";"27 563 157";"2024-09-08 20:29:04"
"2024-09-08";"Facebook";"89 521";"11 302";"27 562 739";"2024-09-09 02:23:48"
"2024-09-05";"Yandex";"450 526";"230 190";"27 562 988";"2024-09-05 07:16:27"
"2024-09-09";"";"8 053";"28 934";"27 562 437";"2024-09-09 06:27:09"
"2024-09-02";"YouTube";"7 168 493";"275 577";"27 562 318";"2024-09-02 17:50:40"
"2024-09-10";"";"580";"26 311";"27 563 485";"2024-09-10 14:11:28"
"2024-09-06";"";"42 995";"7 405";"27 562 703";"2024-09-06 03:00:24"
"2024-09-04";"Telegram";"22 121 562";"1 016 335";"27 561 213";"2024-09-04 04:37:18"
"2024-09-10";"";"107 842";"8 084";"27 561 897";"2024-09-10 09:06:19"
"2024-09-02";"";"37 770";"15 093";"27 561 344";"2024-09-02 18:03:48"
"2024-09-03";"";"139 023";"116 549";"27 562 494";"2024-09-03 23:32:35"
"2024-09-06";"";"306 658";"459 182";"27 561 331";"2024-09-06 03:00:38"
"2024-09-02";"";"30 100";"10 316";"27 561 590";"2024-09-02 03:36:44"
"2024-09-09";"";"57 504";"11 079";"27 562 457";"2024-09-09 18:03:25"
"2024-09-03";"";"7 329 924";"196 640";"27 562 900";"2024-09-03 23:44:25"
"2024-09-06";"";"462 331";"23 772";"27 563 503";"2024-09-06 10:43:01"
"2024-09-05";"Tas-ix";"303 302";"30 859";"27 562 339";"2024-09-05 12:21:41"
"2024-09-03";"";"132 241";"426 454";"27 563 236";"2024-09-04 02:35:06"
"2024-09-08";"";"41 281";"21 665";"27 562 846";"2024-09-08 21:06:29"
"2024-09-10";"Instagram";"1 079 087";"168 528";"27 562 686";"2024-09-11 02:35:56"
"2024-09-07";"";"448 325";"48 445";"27 562 243";"2024-09-07 21:30:47"
"2024-09-10";"Instagram";"3 409 678";"3 899 037";"27 562 693";"2024-09-10 22:55:07"
"2024-09-06";"";"8 582 632";"312 806";"27 562 784";"2024-09-06 09:18:34"
"2024-09-06";"";"7 084";"36 748";"27 562 155";"2024-09-06 11:32:18"
"2024-09-10";"";"52 934";"10 013";"27 561 999";"2024-09-10 22:07:29"
"2024-09-09";"";"8 960 174";"412 081";"27 562 239";"2024-09-09 18:15:02"
"2024-09-05";"";"67 498";"5 245";"27 562 083";"2024-09-06 02:23:07"
"2024-09-06";"";"86 169 424";"6 518 623";"27 561 906";"2024-09-07 02:47:00"
"2024-09-03";"";"134 997";"13 483";"27 562 156";"2024-09-03 19:40:44"
"2024-09-02";"";"744 040";"26 008";"27 561 354";"2024-09-02 11:08:20"
"2024-09-06";"Instagram";"80 948";"6 557";"27 562 829";"2024-09-06 04:25:35"
"2024-09-08";"Unknown";"2 570 809";"168 843";"27 562 075";"2024-09-08 07:52:36"
"2024-09-03";"Unknown";"105 625";"51 905";"27 563 180";"2024-09-03 21:30:15"
"2024-09-08";"YouTube";"945 840";"6 408 400";"27 562 775";"2024-09-08 19:40:42"
"2024-09-10";"";"216 049";"12 320";"27 561 872";"2024-09-10 12:09:03"
"2024-09-10";"Instagram";"51 936";"6 718";"27 561 809";"2024-09-11 01:34:46"
"2024-09-03";"";"106 906";"21 677";"27 561 687";"2024-09-03 18:03:25"
"2024-09-03";"Telegram";"4 436 648";"794 588";"27 563 230";"2024-09-03 07:16:52"
"2024-09-02";"YouTube";"25 989";"11 105";"27 562 588";"2024-09-02 17:14:10"
"2024-09-08";"";"1 542 498";"211 032";"27 563 140";"2024-09-08 21:30:15"
"2024-09-07";"YouTube";"4 910 311";"8 792 412";"27 561 288";"2024-09-07 22:43:47"
"2024-09-05";"";"697 854";"28 533";"27 562 699";"2024-09-05 06:27:03"
"2024-09-07";"Instagram";"5 612 911";"5 209 146";"27 561 722";"2024-09-07 04:37:40"
"2024-09-08";"YouTube";"58 131";"6 429";"27 562 099";"2024-09-08 03:00:45"
"2024-09-10";"";"335 623";"32 917";"27 562 339";"2024-09-10 23:20:25"
"2024-09-10";"";"65 376";"2 271";"27 563 189";"2024-09-10 18:27:16"
"2024-09-04";"Unknown";"37 402";"12 261";"27 562 205";"2024-09-04 10:43:16"
"2024-09-07";"Telegram";"4 256 058";"1 688 177";"27 561 947";"2024-09-07 14:35:42"
"2024-09-06";"";"271 599";"17 130";"27 561 392";"2024-09-06 12:09:07"
"2024-09-09";"";"218 066";"867 700";"27 562 039";"2024-09-09 09:06:57"
"2024-09-09";"Telegram";"26 297 341";"83 464 206";"27 563 218";"2024-09-09 22:07:35"
"2024-09-05";"Instagram";"13 601 615";"26 844 936";"27 561 417";"2024-09-06 02:11:05"
"2024-09-06";"";"45 103 102";"2 398 290";"27 563 036";"2024-09-06 19:52:53"
"2024-09-09";"Telegram";"623 368";"93 463";"27 561 784";"2024-09-10 02:11:28"
"2024-09-10";"";"495 997";"79 574";"27 563 304";"2024-09-10 06:51:55"
"2024-09-10";"";"3 337 625";"160 840";"27 562 044";"2024-09-10 12:45:04"
"2024-09-08";"Telegram";"6 312 827";"390 122";"27 562 593";"2024-09-08 16:49:09"
"2024-09-06";"Facebook";"4 572 646";"184 240";"27 562 864";"2024-09-06 17:26:48"
"2024-09-05";"";"27 642";"8 882";"27 563 418";"2024-09-05 23:44:05"
"2024-09-10";"Instagram";"13 467 994";"574 013";"27 563 384";"2024-09-10 18:27:20"
"2024-09-07";"";"84 413";"11 300";"27 562 499";"2024-09-07 04:13:57"
"2024-09-10";"Instagram";"45 170 303";"1 281 822";"27 561 734";"2024-09-10 08:05:01"
"2024-09-05";"";"68 440";"15 480";"27 561 383";"2024-09-05 19:40:59"
"2024-09-07";"YouTube";"73 909";"29 890";"27 561 673";"2024-09-08 02:59:17"
"2024-09-03";"";"81 859";"4 002";"27 561 778";"2024-09-03 16:01:18"
"2024-09-07";"Telegram";"9 499 879";"12 122 736";"27 563 300";"2024-09-07 10:55:46"
"2024-09-07";"";"152 518";"29 301";"27 561 785";"2024-09-07 22:19:18"
"2024-09-05";"";"223 826";"9 275";"27 562 097";"2024-09-05 16:01:51"
"2024-09-06";"";"39 866";"19 118";"27 562 898";"2024-09-06 19:04:49"
"2024-09-04";"Yandex";"167 316";"17 524";"27 562 917";"2024-09-04 19:40:48"
"2024-09-05";"";"101 370";"3 949";"27 561 172";"2024-09-05 10:19:33"
"2024-09-09";"";"196 228";"18 626";"27 561 876";"2024-09-09 09:54:48"
"2024-09-03";"Instagram";"1 156 594";"983 267";"27 563 338";"2024-09-04 00:21:38"
"2024-09-10";"";"31 428";"1 610";"27 563 119";"2024-09-10 17:38:30"
"2024-09-05";"Instagram";"7 044 878";"7 722 659";"27 561 233";"2024-09-05 04:37:15"
"2024-09-02";"";"93 108";"5 899";"27 563 199";"2024-09-02 10:07:30"
"2024-09-10";"";"31 037";"3 850";"27 561 737";"2024-09-10 18:27:48"
"2024-09-04";"";"535 912";"49 328";"27 562 376";"2024-09-04 03:00:32"
"2024-09-01";"YouTube";"448 204";"185 622";"27 562 037";"2024-09-01 13:46:38"
"2024-09-04";"YouTube";"593 743";"761 685";"27 561 221";"2024-09-04 07:28:54"
"2024-09-01";"";"385 835";"48 860";"27 561 575";"2024-09-01 10:55:26"
"2024-09-08";"";"334 026";"142 730";"27 562 849";"2024-09-08 23:56:27"
"2024-09-08";"";"26 677";"8 523";"27 563 177";"2024-09-08 19:40:52"
"2024-09-04";"";"130 751";"20 880";"27 563 080";"2024-09-05 02:11:16"
"2024-09-05";"Apple Music";"36 635";"6 770";"27 562 031";"2024-09-05 16:25:14"
"2024-09-10";"";"169 090";"23 155";"27 563 050";"2024-09-10 08:05:02"
"2024-09-01";"Instagram";"7 196 315";"219 902";"27 561 180";"2024-09-01 04:37:02"
"2024-09-05";"";"156 534";"6 111";"27 562 772";"2024-09-06 00:45:06"
"2024-09-06";"";"389 876";"16 979";"27 563 291";"2024-09-06 10:55:48"
"2024-09-07";"";"0";"53 201";"27 562 088";"2024-09-07 20:41:52"
"2024-09-07";"";"4 048 092";"216 016";"27 562 595";"2024-09-07 07:28:41"
"2024-09-09";"Telegram";"18 226 551";"825 306";"27 561 866";"2024-09-09 12:57:18"
"2024-09-05";"Facebook";"328 093";"3 145 972";"27 562 102";"2024-09-05 20:05:00"
"2024-09-10";"";"5 704";"41 904";"27 563 023";"2024-09-10 19:28:56"
"2024-09-03";"";"78 612";"4 592";"27 561 418";"2024-09-03 23:44:52"
"2024-09-07";"";"586 513";"36 008";"27 561 828";"2024-09-07 12:21:45"
"2024-09-02";"Unknown";"305 566";"13 115";"27 561 994";"2024-09-02 12:21:06"
"2024-09-08";"";"95 229";"300 667";"27 562 550";"2024-09-08 19:16:58"
"2024-09-04";"";"211 016";"57 991";"27 561 398";"2024-09-04 18:27:50"
"2024-09-04";"Instagram";"1 729 575";"59 510";"27 562 613";"2024-09-04 08:05:10"
"2024-09-08";"WhatsApp";"103 703";"6 880";"27 561 842";"2024-09-08 18:03:25"
"2024-09-02";"";"341 321";"148 568";"27 561 486";"2024-09-02 04:49:38"
"2024-09-05";"";"98 342";"52 059";"27 563 326";"2024-09-05 20:41:04"
"2024-09-06";"YouTube";"36 653";"2 298";"27 562 194";"2024-09-07 02:11:29"
"2024-09-04";"Telegram";"2 580 095";"469 128";"27 561 896";"2024-09-05 02:23:12"
"2024-09-04";"";"59 523";"8 478";"27 562 703";"2024-09-04 12:21:20"
"2024-09-08";"";"187 421";"8 832";"27 561 500";"2024-09-08 08:53:42"
"2024-09-05";"Apple Music";"94 409";"25 017";"27 562 621";"2024-09-05 05:26:54"
"2024-09-03";"WhatsApp";"25 705";"11 900";"27 561 809";"2024-09-04 00:45:16"
"2024-09-02";"YouTube";"5 467 585";"341 691";"27 561 213";"2024-09-02 07:16:12"
"2024-09-10";"";"15 157 760";"1 032 422";"27 561 342";"2024-09-11 01:22:21"
"2024-09-03";"YouTube";"196 600";"11 597";"27 563 344";"2024-09-04 00:57:41"
"2024-09-01";"YouTube";"1 250 806";"131 117";"27 561 873";"2024-09-01 06:03:19"
"2024-09-06";"";"197 788";"254 893";"27 562 281";"2024-09-06 20:41:26"
"2024-09-06";"YouTube";"1 855 673";"727 862";"27 563 001";"2024-09-06 10:55:35"
"2024-09-10";"Instagram";"170 277";"8 972";"27 562 673";"2024-09-10 20:29:52"
"2024-09-01";"";"33 329";"30 125";"27 563 147";"2024-09-02 01:34:34"
"2024-09-09";"WhatsApp";"445 814";"2 769 472";"27 561 176";"2024-09-09 09:06:52"
"2024-09-02";"";"835 808";"34 837";"27 561 621";"2024-09-03 00:45:06"
"2024-09-09";"";"722 073";"810 182";"27 563 366";"2024-09-10 02:35:22"
"2024-09-01";"YouTube";"29 971";"4 833";"27 562 757";"2024-09-01 07:04:48"
"2024-09-09";"";"556 996";"25 010";"27 561 722";"2024-09-09 09:06:00"
"2024-09-09";"Telegram";"8 229 193";"459 191";"27 562 942";"2024-09-09 03:24:03"
"2024-09-02";"Instagram";"315 490";"20 296";"27 561 616";"2024-09-02 05:26:57"
"2024-09-06";"";"1 545 746";"239 622";"27 561 485";"2024-09-06 11:08:33"
"2024-09-03";"WhatsApp";"27 640";"3 408";"27 562 709";"2024-09-03 19:28:10"
"2024-09-02";"Instagram";"3 117 522";"140 488";"27 561 767";"2024-09-02 13:10:00"
"2024-09-05";"YouTube";"8 315 296";"433 544";"27 561 921";"2024-09-05 03:00:08"
"2024-09-08";"";"8 231";"42 165";"27 562 293";"2024-09-08 23:56:23"
"2024-09-06";"";"68 026";"15 117";"27 562 014";"2024-09-06 10:43:51"
"2024-09-06";"";"184 343";"127 218";"27 563 192";"2024-09-06 20:41:55"
"2024-09-10";"";"102 113";"326 128";"27 563 189";"2024-09-10 12:21:22"
"2024-09-09";"";"2 785";"47 013";"27 562 372";"2024-09-10 01:58:17"
"2024-09-07";"Instagram";"18 531 964";"1 220 785";"27 563 121";"2024-09-07 08:29:07"
"2024-09-09";"";"273 512";"15 310";"27 561 912";"2024-09-09 09:42:08"
"2024-09-01";"";"21 610";"132 461";"27 562 321";"2024-09-01 18:51:40"
"2024-09-07";"";"17 928";"28 551";"27 563 471";"2024-09-07 18:39:44"
"2024-09-05";"";"145 065";"8 664";"27 562 957";"2024-09-05 12:09:37"
"2024-09-06";"YouTube";"350 036";"50 869";"27 561 373";"2024-09-06 12:45:49"
"2024-09-06";"Instagram";"31 263";"226 472";"27 562 552";"2024-09-07 02:35:57"
"2024-09-03";"Instagram";"148 330 276";"2 146 722";"27 561 180";"2024-09-04 01:58:29"
"2024-09-06";"";"764 315";"23 298";"27 562 762";"2024-09-06 08:53:16"
"2024-09-10";"";"9 971 146";"1 367 905";"27 562 197";"2024-09-10 14:11:50"
"2024-09-07";"YouTube";"1 380 809";"110 585";"27 562 752";"2024-09-07 13:34:33"
"2024-09-06";"Instagram";"54 575 312";"1 424 069";"27 562 685";"2024-09-06 16:01:13"
"2024-09-03";"";"37 706";"199 190";"27 561 181";"2024-09-03 19:16:28"
"2024-09-06";"";"1 802 682";"193 314";"27 562 292";"2024-09-06 15:36:39"
"2024-09-02";"YouTube";"709 465";"151 478";"27 562 016";"2024-09-02 18:03:29"
"2024-09-10";"";"532 695";"18 694 986";"27 562 915";"2024-09-10 12:21:36"
"2024-09-10";"";"2 820";"47 486";"27 563 216";"2024-09-10 05:26:23"
"2024-09-02";"Telegram";"178 222 271";"11 510 644";"27 562 722";"2024-09-02 06:15:09"
"2024-09-05";"Yandex";"1 304 296";"301 846";"27 563 467";"2024-09-05 17:02:41"
"2024-09-10";"YouTube";"7 964 581";"2 091 102";"27 561 877";"2024-09-10 22:43:56"
"2024-09-04";"";"1 539 663";"100 632";"27 561 485";"2024-09-04 18:15:22"
"2024-09-01";"";"36 030";"2 178";"27 561 512";"2024-09-01 03:48:22"
"2024-09-09";"PUBG";"49 851 160";"2 283 878";"27 562 900";"2024-09-09 09:18:10"
"2024-09-08";"";"62 973";"8 835";"27 562 775";"2024-09-08 03:48:58"
"2024-09-08";"";"27 203";"10 896";"27 561 814";"2024-09-08 14:59:20"
"2024-09-10";"";"28 293";"4 524";"27 562 636";"2024-09-10 12:57:28"
"2024-09-09";"";"183 578";"17 069";"27 562 899";"2024-09-09 10:07:26"
"2024-09-08";"";"26 619";"2 247";"27 561 698";"2024-09-08 21:06:48"
"2024-09-06";"";"26 540";"15 950";"27 561 259";"2024-09-06 13:10:04"
"2024-09-07";"";"183 735";"22 580";"27 562 668";"2024-09-07 14:35:23"
"2024-09-01";"";"134 347";"12 154";"27 561 742";"2024-09-01 08:41:25"
"2024-09-08";"Facebook";"301 304";"24 042";"27 562 197";"2024-09-08 05:26:13"
"2024-09-07";"Instagram";"6 433 008";"538 131";"27 562 041";"2024-09-07 06:39:51"
"2024-09-01";"";"242 199";"119 147";"27 563 076";"2024-09-01 05:26:13"
"2024-09-07";"";"19 283";"32 905";"27 562 822";"2024-09-07 15:48:41"
"2024-09-10";"Instagram";"3 655 434";"1 035 105";"27 563 403";"2024-09-10 06:39:45"
"2024-09-08";"";"415 116";"293 082";"27 563 360";"2024-09-08 09:18:01"
"2024-09-10";"";"518 125";"62 251";"27 561 543";"2024-09-10 11:56:43"
"2024-09-01";"Instagram";"97 897 895";"3 952 474";"27 562 194";"2024-09-01 12:09:03"
"2024-09-10";"";"34 342";"3 015";"27 562 598";"2024-09-10 16:37:13"
"2024-09-09";"";"62 608";"32 088";"27 561 698";"2024-09-09 19:16:46"
"2024-09-03";"Yandex";"1 089 283";"700 128";"27 561 219";"2024-09-03 22:31:14"
"2024-09-03";"YouTube";"2 276 265";"850 758";"27 561 602";"2024-09-03 18:03:10"
"2024-09-02";"Unknown";"43 460";"11 155";"27 562 330";"2024-09-02 18:15:06"
"2024-09-06";"";"271 476";"55 478";"27 563 176";"2024-09-06 05:14:29"
"2024-09-07";"";"111 322";"5 361";"27 562 255";"2024-09-07 22:43:26"
"2024-09-01";"";"298 311";"56 056";"27 562 583";"2024-09-01 10:07:03"
"2024-09-04";"";"263 511";"14 154";"27 562 829";"2024-09-04 12:45:16"
"2024-09-09";"";"280 095";"351 354";"27 561 697";"2024-09-09 12:09:14"
"2024-09-05";"";"9 888";"113 731";"27 562 762";"2024-09-05 22:19:36"
"2024-09-07";"";"26 136 713";"1 859 322";"27 562 725";"2024-09-07 14:35:00"
"2024-09-02";"";"86 542";"5 272";"27 562 445";"2024-09-02 17:14:18"
"2024-09-02";"Facebook";"67 013";"9 229";"27 562 063";"2024-09-02 21:42:42"
"2024-09-08";"";"95 165";"15 473";"27 563 083";"2024-09-09 01:58:26"
"2024-09-07";"Yandex";"330 314";"46 841";"27 562 859";"2024-09-07 22:55:51"
"2024-09-05";"";"441 114";"27 206";"27 562 300";"2024-09-05 11:20:03"
"2024-09-08";"";"52 303";"2 880";"27 561 375";"2024-09-08 10:43:11"
"2024-09-07";"";"948 306";"50 008";"27 562 674";"2024-09-07 13:34:23"
"2024-09-05";"";"58 427";"8 480";"27 562 653";"2024-09-05 22:07:09"
"2024-09-05";"YouTube";"3 226 115";"103 166";"27 563 261";"2024-09-05 04:01:52"
"2024-09-06";"";"27 223";"10 001";"27 562 645";"2024-09-06 03:24:12"
"2024-09-10";"";"1 006 578";"119 827";"27 562 291";"2024-09-10 16:25:44"
"2024-09-07";"";"33 032";"2 925";"27 563 207";"2024-09-07 08:17:59"
"2024-09-05";"";"77 162";"30 929";"27 562 720";"2024-09-05 22:31:00"
"2024-09-05";"";"1 801 647";"191 405";"27 561 456";"2024-09-05 23:32:10"
"2024-09-08";"Yandex";"26 960";"1 399";"27 562 903";"2024-09-08 18:39:43"
"2024-09-02";"";"28 783";"5 271";"27 562 849";"2024-09-03 01:34:40"
"2024-09-07";"";"113 601";"8 373";"27 563 142";"2024-09-07 09:54:19"
"2024-09-05";"";"0";"54 133";"27 561 424";"2024-09-05 16:13:01"
"2024-09-06";"";"162 498";"5 833";"27 562 871";"2024-09-06 22:31:03"
"2024-09-07";"";"1 168 571";"137 519";"27 562 879";"2024-09-07 13:10:40"
"2024-09-08";"";"801 722";"39 593";"27 561 275";"2024-09-08 22:55:13"
"2024-09-02";"Instagram";"29 313 690";"963 013";"27 561 870";"2024-09-02 10:43:07"
"2024-09-08";"YouTube";"6 683 168";"1 896 904";"27 563 128";"2024-09-08 03:12:00"
"2024-09-07";"";"3 031 402";"605 891";"27 561 492";"2024-09-08 00:33:12"
"2024-09-05";"Instagram";"122 220 355";"2 017 871";"27 562 792";"2024-09-05 21:06:22"
"2024-09-05";"";"33 581";"10 366";"27 561 298";"2024-09-05 06:27:19"
"2024-09-09";"";"35 015";"11 851";"27 562 866";"2024-09-09 21:06:48"
"2024-09-08";"";"3 585 301";"232 158";"27 561 776";"2024-09-08 22:19:14"
"2024-09-05";"";"54 227";"21 032";"27 562 511";"2024-09-05 22:19:32"
"2024-09-03";"YouTube";"3 712";"29 181";"27 563 139";"2024-09-03 16:13:28"
"2024-09-10";"";"835 224";"93 878";"27 563 080";"2024-09-10 17:02:51"
"2024-09-10";"";"8 336";"210 945";"27 561 315";"2024-09-10 20:41:32"
"2024-09-06";"";"1 470 067";"132 610";"27 562 371";"2024-09-06 08:17:06"
"2024-09-02";"Facebook";"163 803";"8 763";"27 562 100";"2024-09-02 09:06:45"
"2024-09-02";"";"7 805";"36 315";"27 561 907";"2024-09-02 11:20:21"
"2024-09-02";"Tas-ix";"254 193";"17 465";"27 563 152";"2024-09-02 05:38:16"
"2024-09-08";"";"545 497";"16 698";"27 561 983";"2024-09-08 22:55:41"
"2024-09-10";"";"518 696";"36 281";"27 562 167";"2024-09-10 04:37:29"
"2024-09-04";"Tas-ix";"1 184 378";"22 845";"27 561 598";"2024-09-05 02:23:12"
"2024-09-01";"Facebook";"193 943";"13 582";"27 561 562";"2024-09-02 00:45:35"
"2024-09-01";"";"27 309";"19 093";"27 562 754";"2024-09-01 13:22:44"
"2024-09-03";"";"29 459";"4 516";"27 562 988";"2024-09-03 18:15:39"
"2024-09-07";"";"459 612";"41 645";"27 563 388";"2024-09-07 20:17:32"
"2024-09-03";"WhatsApp";"703 190";"574 028";"27 561 815";"2024-09-03 13:58:52"
"2024-09-10";"";"581 840";"22 748";"27 561 518";"2024-09-10 07:28:45"
"2024-09-07";"Facebook";"143 302";"12 977";"27 561 775";"2024-09-07 18:39:02"
"2024-09-04";"";"140 920";"57 026";"27 561 715";"2024-09-04 21:06:59"
"2024-09-07";"";"36 124";"18 614";"27 561 690";"2024-09-07 21:18:07"
"2024-09-02";"";"10 695";"38 860";"27 563 128";"2024-09-02 22:55:15"
"2024-09-05";"";"103 805";"14 599";"27 563 317";"2024-09-05 15:24:44"
"2024-09-02";"";"49 567";"4 534";"27 562 854";"2024-09-02 08:41:01"
"2024-09-01";"";"7 325 426";"354 051";"27 561 800";"2024-09-01 08:17:54"
"2024-09-10";"";"825 868";"147 782";"27 561 361";"2024-09-10 21:30:16"
"2024-09-02";"YouTube";"1 623 913";"214 668";"27 562 084";"2024-09-02 16:01:25"
"2024-09-08";"";"106 051";"144 065";"27 561 741";"2024-09-08 15:36:41"
"2024-09-02";"";"37 209";"22 911";"27 562 597";"2024-09-02 03:00:01"
"2024-09-01";"";"793 108";"131 799";"27 561 655";"2024-09-01 22:07:09"
"2024-09-05";"TikTok";"833 724";"714 502";"27 562 791";"2024-09-05 13:46:02"
"2024-09-01";"YouTube";"449 692";"34 004";"27 563 450";"2024-09-01 03:36:36"
"2024-09-06";"Tas-ix";"387 367";"90 014";"27 561 649";"2024-09-07 00:21:33"
"2024-09-07";"";"19 801 899";"1 347 321";"27 562 861";"2024-09-07 15:00:52"
"2024-09-05";"";"361 128";"60 152";"27 563 076";"2024-09-05 11:20:12"
"2024-09-02";"";"1 558 705";"85 714";"27 562 028";"2024-09-02 14:59:04"
"2024-09-06";"YouTube";"5 282 877";"392 583";"27 562 560";"2024-09-06 15:00:54"
"2024-09-05";"Odnoklassniki";"4 664 522";"1 235 916";"27 562 721";"2024-09-05 17:38:24"
"2024-09-06";"YouTube";"3 980 189";"243 744";"27 562 894";"2024-09-06 08:53:59"
"2024-09-08";"";"26 781";"3 734";"27 562 572";"2024-09-08 14:35:05"
"2024-09-04";"";"26 474";"3 825";"27 562 832";"2024-09-04 14:59:02"
"2024-09-05";"";"31 682";"27 972";"27 563 225";"2024-09-05 17:14:56"
"2024-09-07";"";"141 209";"6 075";"27 561 464";"2024-09-07 23:44:32"
"2024-09-01";"";"4 415";"30 905";"27 562 300";"2024-09-01 19:40:53"
"2024-09-04";"Unknown";"64 277";"34 970";"27 562 879";"2024-09-04 10:07:32"
"2024-09-10";"Instagram";"707 544";"37 834";"27 561 851";"2024-09-10 13:58:13"
"2024-09-08";"";"341 333";"15 399";"27 561 660";"2024-09-08 23:32:27"
"2024-09-10";"";"3 088";"27 422";"27 562 675";"2024-09-10 09:30:05"
"2024-09-08";"Zoom";"133 554";"4 979";"27 561 993";"2024-09-08 08:53:05"
"2024-09-07";"PUBG";"30 392";"13 491";"27 562 257";"2024-09-07 14:23:18"
"2024-09-08";"";"760 499";"104 819";"27 563 411";"2024-09-09 01:58:13"
"2024-09-04";"";"213 519";"1 127 256";"27 562 320";"2024-09-04 18:15:27"
"2024-09-02";"";"73 025";"7 394";"27 561 262";"2024-09-02 22:19:24"
"2024-09-05";"";"50 456";"3 027";"27 562 124";"2024-09-05 14:23:54"
"2024-09-09";"";"256 743";"85 942";"27 562 641";"2024-09-09 16:25:06"
"2024-09-10";"";"67 964";"19 656";"27 561 570";"2024-09-10 23:20:36"
"2024-09-06";"";"54 511";"195 193";"27 562 445";"2024-09-06 11:44:37"
"2024-09-05";"";"1 166 681";"61 667";"27 562 871";"2024-09-05 07:28:43"
"2024-09-10";"";"51 200";"5 658";"27 561 772";"2024-09-10 05:38:28"
"2024-09-01";"";"26 821";"4 821";"27 561 623";"2024-09-01 13:22:16"
"2024-09-10";"";"4 503 171";"697 069";"27 561 485";"2024-09-10 19:40:42"
"2024-09-04";"Telegram";"157 974 056";"28 031 861";"27 561 634";"2024-09-04 16:37:59"
"2024-09-03";"";"26 617";"24 976";"27 561 994";"2024-09-03 20:53:35"
"2024-09-01";"Facebook";"32 448";"84 337";"27 562 875";"2024-09-01 04:25:27"
"2024-09-10";"Instagram";"226 063";"581 759";"27 562 541";"2024-09-10 09:42:38"
"2024-09-06";"YouTube";"94 977";"750 684";"27 561 337";"2024-09-07 00:21:56"
"2024-09-08";"";"270 026";"50 270";"27 561 320";"2024-09-08 19:16:22"
"2024-09-02";"";"1 086 586";"2 033 304";"27 562 535";"2024-09-02 13:10:58"
"2024-09-04";"";"892 154";"25 123";"27 562 423";"2024-09-05 00:57:52"
"2024-09-09";"Facebook";"28 755";"11 519";"27 563 326";"2024-09-09 05:14:42"
"2024-09-08";"";"155 495";"54 923";"27 561 173";"2024-09-08 13:58:04"
"2024-09-05";"";"508 075";"24 258";"27 563 147";"2024-09-05 16:13:43"
"2024-09-06";"";"85 639";"22 479";"27 562 654";"2024-09-07 01:58:01"
"2024-09-08";"";"29 815";"2 509";"27 563 171";"2024-09-08 23:44:23"
"2024-09-06";"";"28 883";"2 457";"27 563 481";"2024-09-06 23:20:13"
"2024-09-07";"";"63 400";"4 360";"27 562 360";"2024-09-07 11:20:17"
"2024-09-10";"";"28 183";"6 699";"27 562 236";"2024-09-10 13:22:48"
"2024-09-09";"";"1 537 491";"360 952";"27 561 582";"2024-09-09 22:43:24"
"2024-09-09";"";"142 803";"44 196";"27 562 834";"2024-09-09 18:39:09"
"2024-09-03";"Instagram";"672 543";"58 192";"27 562 978";"2024-09-03 10:55:47"
"2024-09-09";"Facebook";"206 554";"14 633";"27 562 845";"2024-09-09 06:27:51"
"2024-09-03";"";"39 969 878";"712 312";"27 562 453";"2024-09-03 09:30:21"
"2024-09-02";"";"120 840";"493 161";"27 563 515";"2024-09-02 12:21:20"
"2024-09-02";"Apple Music";"1 294 028";"63 198";"27 562 915";"2024-09-02 05:26:12"
"2024-09-02";"Telegram";"40 186 561";"2 813 573";"27 562 240";"2024-09-02 09:54:41"
"2024-09-01";"Telegram";"3 636 436";"568 160";"27 561 171";"2024-09-01 15:36:45"
"2024-09-02";"";"44 590";"3 541";"27 562 487";"2024-09-02 14:11:01"
"2024-09-08";"Telegram";"32 390 192";"1 636 519";"27 563 291";"2024-09-08 18:51:07"
"2024-09-03";"";"76 860";"18 446";"27 563 447";"2024-09-03 05:26:53"
"2024-09-01";"Telegram";"2 944 808";"1 172 791";"27 562 966";"2024-09-01 18:39:15"
"2024-09-05";"";"121 343";"9 518";"27 563 116";"2024-09-05 16:01:48"
"2024-09-04";"Facebook";"943 872";"59 311";"27 562 621";"2024-09-04 10:43:11"
"2024-09-03";"";"2 035 052";"69 098";"27 562 427";"2024-09-04 01:10:41"
"2024-09-02";"Yandex";"448 539";"25 209";"27 562 236";"2024-09-02 15:48:57"
"2024-09-08";"";"256 410";"95 396";"27 563 195";"2024-09-08 17:26:38"
"2024-09-07";"YouTube";"1 681 492";"477 619";"27 563 311";"2024-09-08 02:11:51"
"2024-09-05";"";"2 972 707";"72 793";"27 562 608";"2024-09-05 23:20:35"
"2024-09-10";"Apple Music";"764 057";"210 701";"27 561 767";"2024-09-11 01:58:27"
"2024-09-07";"YouTube";"2 078 985";"88 287";"27 561 971";"2024-09-07 03:12:12"
"2024-09-09";"Facebook";"64 395";"20 432";"27 563 042";"2024-09-09 14:47:08"
"2024-09-05";"YouTube";"1 370 379";"430 872";"27 562 795";"2024-09-05 06:51:12"
"2024-09-08";"";"2 960 245";"2 203 243";"27 562 575";"2024-09-08 11:08:34"
"2024-09-02";"";"1 333 389";"30 002";"27 561 547";"2024-09-03 02:11:13"
"2024-09-02";"";"56 045";"51 689";"27 562 950";"2024-09-03 01:34:57"
"2024-09-06";"";"1 457 074";"469 798";"27 561 988";"2024-09-06 11:32:08"
"2024-09-03";"";"270 072";"164 528";"27 561 882";"2024-09-03 11:20:26"
"2024-09-06";"";"102 812";"491 377";"27 561 396";"2024-09-07 00:09:01"
"2024-09-02";"";"124 363";"14 496";"27 562 156";"2024-09-02 22:19:08"
"2024-09-06";"Yandex";"1 487 764";"107 452";"27 563 424";"2024-09-06 11:56:52"
"2024-09-01";"";"70 196";"4 151";"27 562 360";"2024-09-01 22:07:23"
"2024-09-05";"";"1 423 355";"74 561";"27 561 339";"2024-09-05 07:16:39"
"2024-09-02";"";"396 430";"33 592";"27 562 504";"2024-09-02 17:02:40"
"2024-09-07";"";"67 458";"11 765";"27 562 508";"2024-09-08 02:23:12"
"2024-09-06";"";"96 740";"7 208";"27 563 080";"2024-09-06 07:28:19"
"2024-09-04";"";"104 550 220";"4 523 934";"27 563 093";"2024-09-04 13:34:01"
"2024-09-04";"";"3 570 863";"184 914";"27 562 278";"2024-09-04 20:17:57"
"2024-09-05";"";"271 316";"20 929";"27 562 280";"2024-09-06 00:45:42"
"2024-09-03";"";"690 289";"130 295";"27 562 003";"2024-09-03 03:24:45"
"2024-09-07";"";"59 272";"7 304";"27 561 994";"2024-09-07 03:36:05"
"2024-09-05";"";"18 243 868";"3 989 355";"27 563 289";"2024-09-05 10:43:32"
"2024-09-05";"";"52 092";"3 207";"27 563 169";"2024-09-05 06:39:12"
"2024-09-03";"YouTube";"513 366";"92 334";"27 562 328";"2024-09-03 15:00:57"
"2024-09-08";"";"85 529";"10 069";"27 561 706";"2024-09-08 09:18:55"
"2024-09-06";"YouTube";"419 243";"327 136";"27 562 413";"2024-09-06 06:39:23"
"2024-09-05";"";"67 194";"11 141";"27 561 745";"2024-09-06 02:35:03"
"2024-09-04";"WhatsApp";"131 849";"8 916";"27 563 345";"2024-09-04 08:05:27"
"2024-09-07";"YouTube";"60 132";"18 150";"27 561 452";"2024-09-07 21:42:02"
"2024-09-08";"YouTube";"13 615 928";"2 758 980";"27 561 970";"2024-09-08 23:08:09"
"2024-09-03";"";"888 899";"42 437";"27 561 234";"2024-09-03 19:16:13"
"2024-09-03";"";"43 702";"65 941";"27 562 398";"2024-09-03 14:23:16"
"2024-09-10";"";"1 646 565";"268 396";"27 563 514";"2024-09-10 04:01:09"
"2024-09-01";"YouTube";"632 487";"49 255";"27 563 502";"2024-09-02 01:22:37"
"2024-09-03";"Telegram";"31 814 452";"6 210 583";"27 563 080";"2024-09-03 14:35:30"
"2024-09-03";"";"205 697";"288 172";"27 561 402";"2024-09-04 00:09:18"
"2024-09-09";"";"766 316";"327 343";"27 562 459";"2024-09-09 06:39:16"
"2024-09-01";"YouTube";"85 430 341";"6 319 988";"27 562 842";"2024-09-01 12:09:43"
"2024-09-02";"";"50 894";"7 102";"27 562 230";"2024-09-02 15:36:39"
"2024-09-05";"";"44 860";"19 341";"27 563 408";"2024-09-05 04:01:42"
"2024-09-10";"";"137 291";"90 756";"27 562 261";"2024-09-11 02:47:00"
"2024-09-07";"YouTube";"2 311 573";"458 900";"27 562 784";"2024-09-07 12:33:44"
"2024-09-03";"YouTube";"113 392";"44 653";"27 562 204";"2024-09-03 08:05:20"
"2024-09-05";"";"25 602";"1 595";"27 562 156";"2024-09-05 08:17:31"
"2024-09-07";"";"43 315";"3 551";"27 561 177";"2024-09-07 21:06:48"
"2024-09-10";"YouTube";"11 049 586";"603 657";"27 561 352";"2024-09-10 22:43:12"
"2024-09-02";"";"51 198";"2 375";"27 561 845";"2024-09-02 08:53:55"
"2024-09-07";"";"30 613";"2 774";"27 562 816";"2024-09-07 06:27:33"
"2024-09-09";"";"231 211";"20 050";"27 561 822";"2024-09-09 08:41:52"
"2024-09-05";"WhatsApp";"99 455";"54 598";"27 562 886";"2024-09-06 00:33:40"
"2024-09-09";"YouTube";"1 371 312";"684 967";"27 562 293";"2024-09-09 10:19:42"
"2024-09-09";"";"5 909 292";"545 061";"27 561 888";"2024-09-09 12:33:43"
"2024-09-07";"";"7 233 477";"289 059";"27 561 723";"2024-09-07 03:36:45"
"2024-09-08";"Telegram";"7 695 891";"390 139";"27 561 616";"2024-09-09 01:10:40"
"2024-09-01";"Facebook";"322 794";"99 058";"27 562 970";"2024-09-01 07:52:18"
"2024-09-09";"Facebook";"16 447 739";"614 201";"27 562 861";"2024-09-09 07:40:39"
"2024-09-01";"YouTube";"7 151 231";"631 703";"27 563 156";"2024-09-02 01:34:09"
"2024-09-10";"";"509 481";"64 561";"27 563 157";"2024-09-10 13:22:40"
"2024-09-06";"YouTube";"3 299 610";"335 627";"27 561 866";"2024-09-06 08:17:52"
"2024-09-06";"";"526 895";"14 785";"27 563 021";"2024-09-06 03:00:16"
"2024-09-04";"";"353 220";"26 807";"27 562 890";"2024-09-04 14:47:20"
"2024-09-06";"";"35 495";"18 530";"27 562 487";"2024-09-06 04:25:00"
"2024-09-08";"YouTube";"253 765";"66 099";"27 562 226";"2024-09-08 19:04:18"
"2024-09-08";"Telegram";"22 834 783";"1 189 701";"27 562 660";"2024-09-08 07:04:04"
"2024-09-04";"Telegram";"7 844 872";"506 383";"27 563 001";"2024-09-05 02:35:52"
"2024-09-02";"";"93 209";"63 774";"27 562 754";"2024-09-03 02:23:09"
"2024-09-08";"";"188 246";"40 809";"27 563 075";"2024-09-09 02:35:10"
"2024-09-02";"";"26 394";"21 675";"27 562 291";"2024-09-03 00:09:00"
"2024-09-01";"";"94 507";"44 198";"27 561 224";"2024-09-01 12:45:07"
"2024-09-09";"Instagram";"40 424 143";"1 038 160";"27 563 063";"2024-09-10 02:23:23"
"2024-09-03";"";"358 735";"38 166";"27 563 515";"2024-09-03 16:01:09"
"2024-09-10";"";"81 808";"8 616";"27 562 355";"2024-09-10 19:04:04"
"2024-09-10";"";"73 961";"5 686";"27 563 135";"2024-09-10 18:27:16"
"2024-09-02";"";"204 058";"50 796";"27 562 821";"2024-09-03 01:34:28"
"2024-09-08";"Yandex";"4 055 487";"91 865";"27 563 009";"2024-09-08 11:32:13"
"2024-09-02";"Telegram";"1 048 777";"54 714";"27 563 237";"2024-09-02 22:31:54"
"2024-09-09";"Instagram";"837 470";"34 998";"27 562 421";"2024-09-09 23:08:24"
"2024-09-01";"";"155 276";"4 132";"27 562 752";"2024-09-01 03:48:34"
"2024-09-05";"";"131 100";"565 929";"27 563 442";"2024-09-06 00:09:10"
"2024-09-01";"YouTube";"112 409";"75 803";"27 561 934";"2024-09-01 07:52:22"
"2024-09-07";"YouTube";"35 562";"120 019";"27 562 022";"2024-09-07 16:01:55"
"2024-09-10";"";"1 141 658";"124 314";"27 561 403";"2024-09-10 23:32:59"
"2024-09-10";"";"4 927 721";"199 461";"27 561 540";"2024-09-10 17:02:31"
"2024-09-09";"";"48 184";"4 918";"27 561 315";"2024-09-09 17:02:51"
"2024-09-08";"";"65 697";"12 697";"27 562 365";"2024-09-08 13:34:03"
"2024-09-09";"";"25 042 761";"2 270 185";"27 562 294";"2024-09-09 13:46:09"
"2024-09-03";"Facebook";"217 459";"76 912";"27 561 834";"2024-09-03 14:11:03"
"2024-09-08";"";"47 390";"2 900";"27 561 887";"2024-09-08 13:10:22"
"2024-09-08";"YouTube";"1 808 075";"681 532";"27 561 477";"2024-09-08 18:27:56"
"2024-09-09";"";"321 927";"164 049";"27 561 887";"2024-09-09 03:36:59"
"2024-09-10";"";"85 413";"46 154";"27 561 181";"2024-09-11 02:47:55"
"2024-09-01";"YouTube";"89 082";"35 143";"27 562 032";"2024-09-01 04:25:42"
"2024-09-05";"Instagram";"260 684";"27 216";"27 561 294";"2024-09-05 23:20:59"
"2024-09-06";"";"113 501";"19 866";"27 563 095";"2024-09-07 02:47:13"
"2024-09-03";"";"25 695";"13 303";"27 562 856";"2024-09-04 01:58:29"
"2024-09-01";"";"2 848 624";"221 945";"27 562 034";"2024-09-01 12:09:45"
"2024-09-06";"YouTube";"14 295 468";"771 994";"27 562 548";"2024-09-07 01:22:14"
"2024-09-06";"PUBG";"32 676";"12 555";"27 562 997";"2024-09-06 18:51:32"
"2024-09-09";"Telegram";"85 786 318";"5 470 888";"27 562 548";"2024-09-09 17:26:32"
"2024-09-03";"";"83 127";"88 005";"27 563 221";"2024-09-03 15:12:31"
"2024-09-10";"";"714 640";"31 214";"27 562 096";"2024-09-10 09:54:18"
"2024-09-03";"";"989 375";"974 870";"27 563 411";"2024-09-03 16:25:22"
"2024-09-07";"YouTube";"80 313 505";"3 726 287";"27 561 339";"2024-09-07 03:12:37"
"2024-09-10";"";"71 741";"5 690";"27 561 692";"2024-09-10 10:31:54"
"2024-09-02";"";"516 079";"639 385";"27 561 222";"2024-09-02 11:44:34"
"2024-09-10";"YouTube";"9 019 578";"496 803";"27 562 146";"2024-09-11 00:21:03"
"2024-09-01";"Tas-ix";"1 055 410";"25 067";"27 562 984";"2024-09-02 00:57:04"
"2024-09-09";"";"41 746";"16 956";"27 561 908";"2024-09-10 01:22:47"
"2024-09-03";"";"122 779";"31 490";"27 563 432";"2024-09-04 00:09:42"
"2024-09-02";"";"602 176";"77 442";"27 561 643";"2024-09-02 13:58:16"
"2024-09-06";"";"2 555 459";"57 094";"27 562 762";"2024-09-06 12:33:25"
"2024-09-02";"";"141 570";"8 704";"27 561 427";"2024-09-02 13:34:02"
"2024-09-05";"";"90 933";"5 073";"27 561 290";"2024-09-05 09:06:00"
"2024-09-07";"";"26 994";"21 686";"27 561 903";"2024-09-07 11:20:06"
"2024-09-04";"";"10 954";"41 686";"27 563 082";"2024-09-04 11:20:46"
"2024-09-07";"";"7 734 047";"380 801";"27 562 212";"2024-09-07 19:28:28"
"2024-09-01";"";"634 754";"12 540";"27 561 424";"2024-09-01 17:14:52"
"2024-09-07";"";"535 884";"33 247";"27 561 383";"2024-09-07 22:31:51"
"2024-09-05";"";"32 745";"16 456";"27 562 454";"2024-09-05 04:01:12"
"2024-09-03";"";"36 235";"4 380";"27 563 024";"2024-09-03 10:55:46"
"2024-09-10";"YouTube";"1 875 810";"5 904 716";"27 561 641";"2024-09-10 17:26:45"
"2024-09-07";"";"775 786";"577 273";"27 562 684";"2024-09-07 14:59:30"
"2024-09-02";"Instagram";"193 354";"11 919";"27 563 489";"2024-09-02 04:13:12"
"2024-09-01";"YouTube";"254 455";"81 271";"27 562 399";"2024-09-01 17:26:57"
"2024-09-06";"Instagram";"14 681 037";"557 060";"27 561 501";"2024-09-06 20:17:40"
"2024-09-07";"";"36 256";"21 859";"27 561 873";"2024-09-07 14:35:41"
"2024-09-04";"";"33 316";"2 796";"27 561 707";"2024-09-04 19:52:01"
"2024-09-09";"";"44 120";"4 353";"27 561 753";"2024-09-09 20:53:04"
"2024-09-09";"Telegram";"112 381 275";"3 575 992";"27 562 363";"2024-09-09 22:07:12"
"2024-09-09";"";"26 625";"2 944";"27 561 744";"2024-09-09 04:49:55"
"2024-09-04";"Instagram";"64 183 775";"1 408 037";"27 563 467";"2024-09-04 07:52:58"
"2024-09-07";"";"360 562";"12 473";"27 561 676";"2024-09-07 06:15:10"
"2024-09-03";"";"54 796";"10 749";"27 562 469";"2024-09-03 04:25:55"
"2024-09-07";"";"202 656 811";"5 169 583";"27 563 113";"2024-09-07 05:14:43"
"2024-09-06";"";"116 996";"286 072";"27 562 803";"2024-09-06 15:48:10"
"2024-09-05";"";"85 674";"47 775";"27 561 503";"2024-09-05 12:09:14"
"2024-09-10";"Telegram";"7 510 731";"1 260 928";"27 561 842";"2024-09-10 22:19:56"
"2024-09-06";"Instagram";"1 903 158";"1 775 545";"27 562 442";"2024-09-06 10:43:07"
"2024-09-08";"";"605 323";"26 439";"27 562 398";"2024-09-08 13:22:17"
"2024-09-08";"";"273 704";"162 775";"27 562 839";"2024-09-08 18:39:44"
"2024-09-09";"";"195 453";"17 387";"27 561 247";"2024-09-09 11:20:28"
"2024-09-04";"";"2 722 409";"72 804";"27 561 762";"2024-09-04 08:53:52"
"2024-09-03";"";"83 000";"19 770";"27 562 459";"2024-09-03 05:50:07"
"2024-09-10";"";"27 816";"23 993";"27 562 567";"2024-09-10 20:29:38"
"2024-09-01";"YouTube";"4 603 346";"287 183";"27 562 758";"2024-09-01 04:49:05"
"2024-09-10";"";"834 823";"111 091";"27 561 424";"2024-09-10 05:14:39"
"2024-09-07";"";"2 850";"139 500";"27 563 184";"2024-09-07 09:30:43"
"2024-09-05";"";"65 707";"14 964";"27 561 294";"2024-09-05 10:31:26"
"2024-09-08";"Yandex";"3 220 269";"115 665";"27 562 935";"2024-09-08 09:54:59"
"2024-09-06";"";"129 791";"6 677";"27 562 098";"2024-09-06 07:28:44"
"2024-09-08";"";"16 364";"222 327";"27 562 199";"2024-09-08 14:11:46"
"2024-09-07";"";"186 268";"76 705";"27 561 479";"2024-09-07 08:53:49"
"2024-09-07";"";"952 266";"261 008";"27 562 204";"2024-09-07 05:14:12"
"2024-09-03";"Instagram";"55 095 724";"1 787 436";"27 561 373";"2024-09-03 19:40:31"
"2024-09-07";"Odnoklassniki";"32 932";"2 096";"27 561 737";"2024-09-07 15:48:50"
"2024-09-04";"Telegram";"73 473 100";"52 187 363";"27 561 510";"2024-09-04 18:03:24"
"2024-09-02";"Facebook";"206 664";"1 507 881";"27 562 524";"2024-09-02 12:45:45"
"2024-09-02";"";"33 545";"18 807";"27 561 380";"2024-09-02 11:32:43"
"2024-09-01";"";"321 860";"15 889";"27 561 548";"2024-09-02 00:09:17"
"2024-09-10";"";"48 197 097";"2 055 852";"27 562 838";"2024-09-11 00:09:29"
"2024-09-04";"";"49 690";"4 347";"27 561 682";"2024-09-04 16:37:00"
"2024-09-06";"YouTube";"135 896";"18 837";"27 562 073";"2024-09-06 08:53:47"
"2024-09-07";"";"170 377";"424 713";"27 561 441";"2024-09-07 13:10:10"
"2024-09-09";"YouTube";"200 684 523";"13 099 776";"27 561 490";"2024-09-09 06:39:42"
"2024-09-06";"YouTube";"112 671";"83 754";"27 563 116";"2024-09-06 12:45:44"
"2024-09-10";"";"112 767";"9 571";"27 562 063";"2024-09-10 13:58:23"
"2024-09-10";"YouTube";"12 150 420";"572 593";"27 562 725";"2024-09-10 16:13:30"
"2024-09-09";"";"707 967";"354 385";"27 562 149";"2024-09-09 19:52:03"
"2024-09-04";"Yandex";"454 090";"342 689";"27 563 087";"2024-09-04 06:39:47"
"2024-09-02";"";"32 489";"2 757";"27 563 110";"2024-09-02 17:26:52"
"2024-09-08";"";"68 445";"10 614";"27 562 438";"2024-09-08 06:39:10"
"2024-09-10";"";"2 390";"59 154";"27 561 356";"2024-09-10 11:44:15"
"2024-09-04";"YouTube";"1 350 086";"484 318";"27 563 403";"2024-09-04 15:24:44"
"2024-09-05";"";"1 020 410";"98 082";"27 561 366";"2024-09-05 23:32:24"
"2024-09-09";"YouTube";"1 173 156";"434 795";"27 563 467";"2024-09-10 02:11:59"
"2024-09-02";"";"130 849";"45 667";"27 563 216";"2024-09-02 23:56:25"
"2024-09-09";"";"161 810";"78 648";"27 562 291";"2024-09-09 05:38:04"
"2024-09-05";"";"26 501";"7 987";"27 561 428";"2024-09-05 03:48:44"
"2024-09-04";"";"20 599";"969 936";"27 563 101";"2024-09-04 10:55:05"
"2024-09-05";"";"15 564";"25 651";"27 563 075";"2024-09-05 10:55:52"
"2024-09-07";"";"47 316";"56 089";"27 561 988";"2024-09-07 16:25:14"
"2024-09-02";"";"393 839";"156 838";"27 562 865";"2024-09-03 00:57:46"
"2024-09-03";"";"30 181";"4 352";"27 562 759";"2024-09-04 00:33:45"
"2024-09-02";"YouTube";"46 424 455";"4 184 306";"27 562 439";"2024-09-02 12:21:47"
"2024-09-09";"";"575 110";"25 564";"27 562 613";"2024-09-09 05:14:06"
"2024-09-03";"";"237 096";"10 154";"27 562 047";"2024-09-03 05:50:12"
"2024-09-04";"";"59 651";"8 228";"27 562 058";"2024-09-04 10:19:18"
"2024-09-07";"";"47 127";"16 449";"27 563 374";"2024-09-07 03:36:35"
"2024-09-09";"Instagram";"721 774";"38 696";"27 563 016";"2024-09-09 09:30:44"
"2024-09-07";"";"763 044";"299 069";"27 561 863";"2024-09-07 20:53:01"
"2024-09-09";"";"132 013";"56 442";"27 562 083";"2024-09-09 10:55:24"
"2024-09-09";"";"39 500";"4 290";"27 562 102";"2024-09-09 17:50:17"
"2024-09-04";"YouTube";"307 847";"1 437 240";"27 562 570";"2024-09-05 02:47:50"
"2024-09-03";"PUBG";"753 170";"37 930";"27 561 944";"2024-09-03 15:00:51"
"2024-09-03";"";"27 949";"3 434";"27 561 590";"2024-09-03 18:03:13"
"2024-09-06";"Odnoklassniki";"27 178";"4 261";"27 563 317";"2024-09-07 02:59:14"
"2024-09-03";"YouTube";"116 559 899";"9 272 434";"27 561 367";"2024-09-04 00:33:03"
"2024-09-09";"";"26 396";"5 061";"27 562 242";"2024-09-09 20:17:14"
"2024-09-10";"Yandex";"363 859";"12 806";"27 562 821";"2024-09-10 12:45:46"
"2024-09-07";"";"979 875";"37 067";"27 563 174";"2024-09-07 17:02:29"
"2024-09-08";"YouTube";"25 903";"117 815";"27 562 719";"2024-09-08 09:18:57"
"2024-09-03";"";"62 153";"8 590";"27 562 364";"2024-09-03 18:03:47"
"2024-09-02";"";"154 673";"19 006";"27 561 687";"2024-09-02 18:39:56"
"2024-09-10";"YouTube";"44 298";"4 633";"27 562 863";"2024-09-10 22:31:09"
"2024-09-08";"";"19 434 365";"763 526";"27 561 201";"2024-09-08 22:31:18"
"2024-09-05";"";"63 633";"9 808";"27 561 433";"2024-09-05 04:01:14"
"2024-09-03";"YouTube";"641 218";"34 380";"27 561 216";"2024-09-04 01:58:35"
"2024-09-04";"";"70 098";"47 262";"27 562 969";"2024-09-04 03:00:33"
"2024-09-10";"";"5 849 554";"6 953 356";"27 563 113";"2024-09-10 17:50:49"
"2024-09-01";"PUBG";"8 659 024";"307 365";"27 563 199";"2024-09-01 16:49:23"
"2024-09-01";"YouTube";"21 839";"183 767";"27 562 985";"2024-09-02 01:46:16"
"2024-09-01";"";"317 717";"23 332";"27 561 890";"2024-09-01 12:09:50"
"2024-09-06";"Telegram";"94 726 242";"3 831 016";"27 562 192";"2024-09-06 13:58:12"
"2024-09-10";"Tas-ix";"93 680";"5 456";"27 562 438";"2024-09-10 19:16:31"
"2024-09-06";"YouTube";"7 843 084";"536 949";"27 562 578";"2024-09-06 04:13:40"
"2024-09-10";"VKontakte";"1 585 762";"45 078";"27 562 022";"2024-09-10 19:40:48"
"2024-09-01";"";"15 078";"171 677";"27 561 719";"2024-09-01 14:35:07"
"2024-09-01";"";"909 025";"32 919";"27 562 642";"2024-09-01 19:04:59"
"2024-09-10";"";"61 057";"5 696";"27 562 708";"2024-09-10 12:33:07"
"2024-09-04";"";"464 026";"1 079 492";"27 561 539";"2024-09-04 09:18:15"
"2024-09-08";"Telegram";"3 392 500";"329 433";"27 561 219";"2024-09-08 16:13:19"
"2024-09-03";"Instagram";"4 539 020";"9 550 023";"27 561 776";"2024-09-03 14:23:10"
"2024-09-08";"Apple Music";"50 144";"12 130";"27 563 419";"2024-09-08 21:54:22"
"2024-09-03";"";"79 701";"2 171";"27 562 696";"2024-09-03 11:32:38"
"2024-09-09";"";"120 187";"65 341";"27 562 204";"2024-09-09 11:08:55"
"2024-09-03";"";"209 204";"23 834";"27 562 205";"2024-09-04 01:58:50"
"2024-09-02";"";"38 121";"5 549";"27 562 675";"2024-09-02 17:50:16"
"2024-09-07";"";"305 799";"887 308";"27 562 497";"2024-09-07 22:07:51"
"2024-09-02";"";"281 100";"50 885";"27 562 642";"2024-09-02 20:05:19"
"2024-09-10";"";"588 321";"25 504";"27 562 508";"2024-09-10 04:25:18"
"2024-09-01";"";"378 084";"14 643";"27 562 330";"2024-09-01 18:27:27"
"2024-09-09";"";"108 565";"5 655";"27 562 273";"2024-09-09 07:40:02"
"2024-09-01";"";"68 549";"8 637";"27 563 129";"2024-09-01 05:26:51"
"2024-09-08";"";"9 932";"93 739";"27 561 379";"2024-09-08 18:51:16"
"2024-09-09";"YouTube";"14 479";"31 517";"27 563 328";"2024-09-09 15:36:39"
"2024-09-02";"";"20 468";"34 992";"27 563 289";"2024-09-02 23:20:14"
"2024-09-10";"Facebook";"514 357";"142 495";"27 563 084";"2024-09-10 23:32:28"
"2024-09-01";"";"60 498";"2 755";"27 561 430";"2024-09-01 16:13:32"
"2024-09-10";"YouTube";"238 617";"85 667";"27 562 591";"2024-09-10 23:44:02"
"2024-09-03";"";"144 239";"27 896";"27 561 456";"2024-09-03 10:55:41"
"2024-09-08";"";"66 982";"28 961";"27 562 400";"2024-09-08 18:03:59"
"2024-09-02";"Yandex";"1 393 595";"79 107";"27 561 381";"2024-09-02 17:02:27"
"2024-09-02";"";"115 327";"7 335";"27 562 552";"2024-09-03 01:22:26"
"2024-09-08";"";"29 235";"6 446";"27 561 315";"2024-09-08 20:41:56"
"2024-09-08";"YouTube";"8 187 855";"1 538 575";"27 562 363";"2024-09-09 01:10:04"
"2024-09-08";"";"107 658";"74 502";"27 562 070";"2024-09-08 03:00:21"
"2024-09-08";"";"44 711 388";"2 290 228";"27 563 260";"2024-09-08 19:16:36"
"2024-09-06";"Yandex";"267 787";"62 067";"27 561 674";"2024-09-07 01:34:58"
"2024-09-10";"";"2 287 605";"104 581";"27 562 993";"2024-09-10 13:46:41"
"2024-09-10";"";"791 957";"64 110";"27 561 253";"2024-09-10 14:47:40"
"2024-09-04";"YouTube";"442 941";"3 747 849";"27 561 762";"2024-09-04 09:30:27"
"2024-09-05";"";"2 952 161";"179 102";"27 563 252";"2024-09-05 10:43:52"
"2024-09-05";"YouTube";"10 191 612";"771 716";"27 563 059";"2024-09-05 11:08:13"
"2024-09-10";"YouTube";"1 607 312";"2 398 952";"27 561 742";"2024-09-10 19:04:42"
"2024-09-05";"";"46 320";"2 518";"27 561 402";"2024-09-06 01:58:08"
"2024-09-09";"Telegram";"389 284";"43 549";"27 562 555";"2024-09-09 20:53:08"
"2024-09-10";"";"59 049";"53 339";"27 562 294";"2024-09-10 23:08:43"
"2024-09-01";"";"18 492";"40 059";"27 563 062";"2024-09-01 18:51:45"
"2024-09-08";"Facebook";"949 317";"59 553";"27 561 649";"2024-09-08 09:30:08"
"2024-09-01";"";"32 360";"6 615";"27 562 343";"2024-09-02 02:35:29"
"2024-09-04";"Facebook";"174 280";"6 980";"27 562 988";"2024-09-04 15:00:12"
"2024-09-06";"Instagram";"182 811";"12 734";"27 563 247";"2024-09-06 20:05:35"
"2024-09-01";"";"5 715";"32 953";"27 561 232";"2024-09-01 07:28:26"
"2024-09-09";"";"114 118";"188 094";"27 561 745";"2024-09-09 07:52:22"
"2024-09-02";"";"240 683";"86 474";"27 561 233";"2024-09-02 16:37:31"
"2024-09-06";"Apple Music";"77 132";"17 698";"27 563 177";"2024-09-06 09:30:48"
"2024-09-10";"";"110 951";"38 740";"27 563 094";"2024-09-10 06:51:56"
"2024-09-06";"";"27 700";"12 260";"27 562 921";"2024-09-06 03:00:39"
"2024-09-03";"";"31 001";"7 091";"27 561 676";"2024-09-03 07:52:20"
"2024-09-02";"Apple Music";"145 989";"41 686";"27 563 447";"2024-09-02 22:55:16"
"2024-09-05";"";"2 457 725";"166 760";"27 562 989";"2024-09-05 16:25:24"
"2024-09-05";"Instagram";"23 718 677";"801 505";"27 561 233";"2024-09-05 09:42:41"
"2024-09-03";"";"31 057";"3 078";"27 561 305";"2024-09-03 10:55:41"
"2024-09-02";"";"187 361";"27 609";"27 561 983";"2024-09-02 05:50:49"
"2024-09-07";"Instagram";"855 450";"63 777";"27 561 610";"2024-09-07 06:27:12"
"2024-09-07";"Instagram";"27 016 319";"927 924";"27 563 414";"2024-09-07 14:23:22"
"2024-09-03";"";"288 873";"54 128";"27 561 480";"2024-09-03 20:41:10"
"2024-09-09";"YouTube";"33 407 341";"2 091 533";"27 562 401";"2024-09-09 21:54:28"
"2024-09-09";"Instagram";"208 275";"9 888";"27 561 884";"2024-09-09 06:03:21"
"2024-09-10";"";"119 158";"2 810";"27 563 295";"2024-09-10 03:48:19"
"2024-09-02";"";"1 694 815";"339 522";"27 563 083";"2024-09-02 04:37:03"
"2024-09-09";"Instagram";"5 113 792";"90 612";"27 561 801";"2024-09-09 07:04:24"
"2024-09-10";"Likee";"112 866";"39 812";"27 561 898";"2024-09-10 17:38:26"
"2024-09-04";"Instagram";"451 318";"116 121";"27 563 512";"2024-09-04 10:19:34"
"2024-09-10";"";"43 707";"11 036";"27 562 686";"2024-09-11 02:23:07"
"2024-09-10";"";"27 238";"2 391";"27 561 484";"2024-09-10 16:49:56"
"2024-09-01";"";"43 659";"12 476";"27 562 178";"2024-09-02 02:35:21"
"2024-09-02";"Facebook";"96 685";"7 527";"27 563 203";"2024-09-02 07:52:22"
"2024-09-07";"Telegram";"29 293 577";"10 950 401";"27 563 331";"2024-09-07 13:58:19"
"2024-09-04";"Instagram";"933 078";"48 390";"27 563 414";"2024-09-04 15:48:34"
"2024-09-10";"YouTube";"60 188";"12 687";"27 562 905";"2024-09-10 14:35:08"
"2024-09-03";"";"452 955";"58 299";"27 561 326";"2024-09-03 09:54:12"
"2024-09-03";"Facebook";"30 637";"1 877";"27 563 338";"2024-09-03 21:54:25"
"2024-09-06";"";"244 237";"37 431";"27 561 213";"2024-09-06 07:28:56"
"2024-09-04";"";"2 540 633";"169 634";"27 562 064";"2024-09-04 22:07:42"
"2024-09-03";"";"26 621";"17 049";"27 563 345";"2024-09-03 17:50:16"
"2024-09-10";"Unknown";"208 884";"53 127";"27 562 617";"2024-09-10 06:51:40"
"2024-09-09";"";"77 331";"12 191";"27 563 460";"2024-09-09 05:02:55"
"2024-09-02";"";"604 474";"26 030";"27 562 685";"2024-09-02 03:24:05"
"2024-09-07";"";"57 354";"18 036";"27 563 458";"2024-09-07 09:30:33"
"2024-09-06";"Instagram";"1 268 887 488";"12 702 728";"27 562 982";"2024-09-06 11:56:22"
"2024-09-08";"Instagram";"57 590";"28 694";"27 563 442";"2024-09-08 07:04:22"
"2024-09-09";"";"62 292";"134 849";"27 562 841";"2024-09-09 08:41:51"
"2024-09-02";"YouTube";"145 211 720";"8 398 565";"27 561 862";"2024-09-02 16:25:42"
"2024-09-06";"";"93 920";"12 598";"27 562 721";"2024-09-06 09:18:45"
"2024-09-06";"Instagram";"20 341 935";"33 327 979";"27 563 109";"2024-09-06 13:34:59"
"2024-09-01";"";"172 330";"342 974";"27 561 172";"2024-09-01 03:24:53"
"2024-09-07";"Apple Music";"503 514";"26 547";"27 562 192";"2024-09-08 00:21:20"
"2024-09-05";"";"397 044";"173 213";"27 562 098";"2024-09-05 20:17:02"
"2024-09-06";"";"66 639";"7 056";"27 561 916";"2024-09-06 18:15:16"
"2024-09-07";"";"1 387 600";"70 632";"27 562 287";"2024-09-07 19:52:02"
"2024-09-08";"";"55 862 467";"556 844";"27 562 935";"2024-09-08 18:51:13"
"2024-09-06";"";"118 348";"206 496";"27 561 890";"2024-09-06 07:04:08"
"2024-09-09";"";"68 106";"264 192";"27 561 429";"2024-09-09 21:18:22"
"2024-09-09";"YouTube";"4 129 629";"687 614";"27 563 310";"2024-09-09 14:23:52"
"2024-09-07";"";"463 937";"123 651";"27 563 357";"2024-09-07 23:08:55"
"2024-09-01";"";"40 078";"5 969";"27 561 511";"2024-09-01 18:27:40"
"2024-09-03";"";"91 433";"88 932";"27 563 313";"2024-09-03 08:05:03"
"2024-09-02";"";"1 279 244";"60 816";"27 563 494";"2024-09-02 23:20:20"
"2024-09-03";"";"7 347 561";"851 788";"27 563 363";"2024-09-03 16:49:33"
"2024-09-10";"";"446 726";"21 151";"27 562 779";"2024-09-11 00:57:58"
"2024-09-09";"Instagram";"76 233 126";"1 786 865";"27 562 804";"2024-09-10 02:11:19"
"2024-09-09";"";"157 634";"25 292";"27 561 356";"2024-09-10 01:46:29"
"2024-09-03";"";"4 356 762";"160 243";"27 562 004";"2024-09-03 16:25:50"
"2024-09-10";"";"1 114 562";"23 943";"27 563 106";"2024-09-10 20:05:45"
"2024-09-03";"";"896 670";"182 041";"27 562 800";"2024-09-03 10:31:47"
"2024-09-04";"";"22 235";"26 266";"27 562 403";"2024-09-05 00:21:05"
"2024-09-02";"YouTube";"60 468 542";"5 592 205";"27 561 437";"2024-09-02 06:27:07"
"2024-09-08";"";"54 608";"62 125";"27 561 882";"2024-09-09 00:33:27"
"2024-09-01";"";"50 355";"4 059";"27 561 583";"2024-09-01 09:54:04"
"2024-09-02";"";"92 324";"5 480";"27 562 725";"2024-09-02 07:04:18"
"2024-09-08";"Instagram";"14 558 507";"10 313 616";"27 562 427";"2024-09-08 14:23:21"
"2024-09-07";"";"28 505";"3 416";"27 563 005";"2024-09-07 04:01:19"
"2024-09-04";"Yandex";"1 532 379";"135 213";"27 563 278";"2024-09-04 03:12:55"
"2024-09-02";"";"10 739";"32 458";"27 561 873";"2024-09-03 00:57:11"
"2024-09-09";"Telegram";"319 914";"24 893";"27 562 142";"2024-09-10 02:47:28"
"2024-09-01";"YouTube";"135 792 778";"11 165 413";"27 561 216";"2024-09-02 02:11:01"
"2024-09-02";"";"470 738";"24 375";"27 562 494";"2024-09-02 20:53:31"
"2024-09-10";"";"37 152";"10 707";"27 563 284";"2024-09-10 06:39:58"
"2024-09-02";"";"829 256";"179 479";"27 561 607";"2024-09-02 18:15:07"
"2024-09-04";"";"28 519";"7 872";"27 562 364";"2024-09-04 10:31:03"
"2024-09-08";"";"26 591";"2 478";"27 562 535";"2024-09-08 08:29:50"
"2024-09-04";"";"206 341";"532 731";"27 563 473";"2024-09-04 19:52:10"
"2024-09-05";"";"97 424";"6 653";"27 562 720";"2024-09-05 16:37:20"
"2024-09-08";"Instagram";"67 757 342";"2 414 517";"27 563 247";"2024-09-08 14:59:18"
"2024-09-05";"Telegram";"33 939";"3 584";"27 561 819";"2024-09-05 14:23:15"
"2024-09-05";"";"144 942";"65 501";"27 562 426";"2024-09-05 14:23:04"
"2024-09-07";"";"258 244";"15 116";"27 561 622";"2024-09-07 03:00:33"
"2024-09-01";"YouTube";"307 577";"104 006";"27 563 467";"2024-09-01 10:43:35"
"2024-09-05";"";"5 323 450";"275 923";"27 563 469";"2024-09-05 08:53:13"
"2024-09-08";"";"260 585";"30 502";"27 562 866";"2024-09-08 18:27:30"
"2024-09-07";"";"67 485";"2 899";"27 561 482";"2024-09-07 19:04:43"
"2024-09-09";"YouTube";"637 683";"315 601";"27 563 393";"2024-09-09 07:04:52"
"2024-09-07";"YouTube";"112 819";"493 929";"27 561 924";"2024-09-07 07:28:07"
"2024-09-04";"";"32 282";"1 803";"27 561 792";"2024-09-04 08:05:40"
"2024-09-06";"";"286 101";"86 737";"27 563 180";"2024-09-07 01:58:08"
"2024-09-08";"";"299 231";"191 399";"27 561 569";"2024-09-09 01:10:46"
"2024-09-08";"";"127 346";"80 633";"27 562 771";"2024-09-08 22:19:39"
"2024-09-05";"";"40 509";"79 278";"27 562 402";"2024-09-05 06:27:57"
"2024-09-02";"";"1 000 957";"165 390";"27 561 670";"2024-09-02 22:07:23"
"2024-09-02";"";"400 207";"15 783";"27 562 445";"2024-09-03 01:10:19"
"2024-09-02";"YouTube";"1 399 664";"503 094";"27 562 907";"2024-09-02 17:38:07"
"2024-09-07";"";"28 258";"1 400";"27 561 508";"2024-09-07 21:18:56"
"2024-09-04";"";"95 546";"92 698";"27 562 866";"2024-09-04 15:24:22"
"2024-09-01";"Instagram";"21 691 393";"512 046";"27 562 041";"2024-09-01 10:19:34"
"2024-09-05";"";"738 076";"59 057";"27 562 886";"2024-09-06 00:33:51"
"2024-09-07";"";"269 760";"30 088";"27 562 484";"2024-09-07 19:28:58"
"2024-09-10";"";"119 821";"62 761";"27 561 373";"2024-09-10 17:02:25"
"2024-09-05";"YouTube";"196 003";"1 708 208";"27 563 088";"2024-09-05 06:51:22"
"2024-09-08";"Instagram";"13 154 319";"2 039 518";"27 562 014";"2024-09-08 16:37:18"
"2024-09-02";"";"2 800 008";"108 005";"27 561 776";"2024-09-02 08:53:40"
"2024-09-06";"VKontakte";"187 842";"166 705";"27 562 003";"2024-09-06 22:07:05"
"2024-09-04";"YouTube";"377 583";"68 117";"27 561 547";"2024-09-04 23:20:17"
"2024-09-02";"";"416 547";"120 341";"27 562 438";"2024-09-02 11:08:28"
"2024-09-05";"Instagram";"442 147 355";"5 419 605";"27 562 934";"2024-09-05 11:20:29"
"2024-09-01";"";"48 525";"34 290";"27 561 173";"2024-09-01 18:15:48"
"2024-09-04";"";"441 701";"28 371";"27 561 805";"2024-09-04 11:32:20"
"2024-09-10";"";"525 157";"352 090";"27 561 943";"2024-09-11 02:47:12"
"2024-09-07";"";"245 763";"158 156";"27 562 014";"2024-09-08 02:59:19"
"2024-09-09";"";"102 179";"13 773";"27 562 622";"2024-09-09 11:32:19"
"2024-09-03";"";"31 116";"149 926";"27 562 879";"2024-09-03 13:22:10"
"2024-09-02";"";"198 478";"31 536";"27 562 518";"2024-09-03 01:34:20"
"2024-09-04";"Telegram";"2 841 809";"155 036";"27 562 331";"2024-09-04 16:25:28"
"2024-09-04";"";"289 940";"14 101";"27 563 488";"2024-09-04 12:21:40"
"2024-09-06";"TikTok";"9 964";"44 137";"27 561 384";"2024-09-06 08:41:01"
"2024-09-09";"";"4 020 546";"665 167";"27 561 331";"2024-09-09 04:13:57"
"2024-09-06";"Facebook";"102 088";"17 495";"27 561 418";"2024-09-06 18:03:55"
"2024-09-02";"WhatsApp";"2 478 736";"5 826 304";"27 562 660";"2024-09-02 11:20:10"
"2024-09-09";"";"85 617";"2 841";"27 563 106";"2024-09-09 21:18:44"
"2024-09-10";"";"166 524";"11 565";"27 563 093";"2024-09-10 12:09:40"
"2024-09-07";"Telegram";"1 683 805";"575 295";"27 562 216";"2024-09-07 07:40:31"
"2024-09-07";"";"2 195 560";"3 719 080";"27 563 418";"2024-09-07 11:20:46"
"2024-09-07";"";"25 850";"9 642";"27 561 510";"2024-09-07 23:32:54"
"2024-09-08";"Facebook";"59 104";"28 012";"27 562 906";"2024-09-08 23:56:31"
"2024-09-01";"";"32 506";"49 331";"27 562 762";"2024-09-02 00:57:38"
"2024-09-03";"";"1 037 423";"2 341 661";"27 562 984";"2024-09-03 07:04:10"
"2024-09-03";"";"2 191 027";"1 971 847";"27 561 343";"2024-09-03 05:14:48"
"2024-09-01";"Tas-ix";"116 228";"8 979";"27 561 430";"2024-09-02 02:47:52"
"2024-09-08";"WhatsApp";"255 092";"223 623";"27 561 870";"2024-09-08 14:35:47"
"2024-09-10";"Instagram";"6 271 345";"637 174";"27 562 711";"2024-09-11 02:59:25"
"2024-09-10";"Instagram";"3 959 464";"4 416 813";"27 562 073";"2024-09-10 16:37:02"
"2024-09-10";"";"58 545";"219 961";"27 563 311";"2024-09-10 13:46:25"
"2024-09-02";"YouTube";"53 221 510";"5 216 369";"27 562 614";"2024-09-02 18:39:38"
"2024-09-02";"Tas-ix";"377 437";"59 459";"27 562 186";"2024-09-02 03:36:48"
"2024-09-10";"";"6 001 436";"12 511 840";"27 562 442";"2024-09-10 15:36:32"
"2024-09-01";"";"46 390";"46 414";"27 561 938";"2024-09-01 23:44:28"
"2024-09-08";"";"202 481";"399 502";"27 563 216";"2024-09-08 18:03:19"
"2024-09-08";"";"107 779";"11 891";"27 561 595";"2024-09-08 09:30:56"
"2024-09-07";"YouTube";"2 204 794";"805 263";"27 562 566";"2024-09-07 04:37:40"
"2024-09-05";"Facebook";"76 722";"48 268";"27 562 150";"2024-09-06 01:10:49"
"2024-09-04";"";"125 998";"24 601";"27 562 815";"2024-09-05 02:59:05"
"2024-09-10";"";"58 369";"5 171";"27 561 372";"2024-09-10 15:00:35"
"2024-09-01";"";"392 753";"35 696";"27 563 399";"2024-09-01 04:49:24"
"2024-09-04";"";"2 765 186";"142 179";"27 562 006";"2024-09-04 08:05:33"
"2024-09-02";"WhatsApp";"1 907 460";"91 945";"27 561 417";"2024-09-02 16:25:14"
"2024-09-10";"";"528 463";"24 064";"27 563 083";"2024-09-11 02:47:05"
"2024-09-02";"Yandex";"5 806 153";"223 562";"27 563 066";"2024-09-02 06:15:57"
"2024-09-09";"";"2 182 131";"73 770";"27 562 317";"2024-09-10 00:21:59"
"2024-09-03";"";"19 525 916";"503 250";"27 562 384";"2024-09-03 17:26:11"
"2024-09-10";"";"3 136";"166 461";"27 561 435";"2024-09-10 16:37:15"
"2024-09-05";"";"15 878 955";"458 532";"27 562 083";"2024-09-05 18:27:54"
"2024-09-08";"Yandex";"88 672";"16 322";"27 563 427";"2024-09-08 21:54:29"
"2024-09-07";"";"441 908";"21 303";"27 562 804";"2024-09-07 14:11:12"
"2024-09-04";"";"28 390";"2 297";"27 561 380";"2024-09-04 18:27:06"
"2024-09-10";"";"153 267";"34 003";"27 563 485";"2024-09-11 01:10:12"
"2024-09-05";"YouTube";"1 114 189";"88 835";"27 563 122";"2024-09-05 03:24:30"
"2024-09-07";"";"43 773";"2 539";"27 562 348";"2024-09-07 19:52:43"
"2024-09-08";"";"29 023";"21 875";"27 562 698";"2024-09-08 21:18:28"
"2024-09-10";"";"237 203";"184 539";"27 561 355";"2024-09-10 17:02:17"
"2024-09-10";"";"53 502";"2 919";"27 563 264";"2024-09-11 00:21:24"
"2024-09-05";"";"1 071 511";"50 579";"27 561 600";"2024-09-05 21:30:00"
"2024-09-07";"";"1 739 768";"412 167";"27 563 286";"2024-09-08 02:35:39"
"2024-09-03";"";"27 806";"1 439";"27 561 884";"2024-09-03 16:25:52"
"2024-09-02";"";"266 777";"76 369";"27 562 088";"2024-09-02 21:06:11"
"2024-09-08";"Telegram";"11 293 246";"1 048 673";"27 561 840";"2024-09-08 18:39:59"
"2024-09-02";"";"28 783";"3 288";"27 562 204";"2024-09-02 10:31:20"
"2024-09-01";"";"147 425";"102 318";"27 561 383";"2024-09-02 02:23:37"
"2024-09-04";"";"446 423";"72 130";"27 562 489";"2024-09-04 12:33:25"
"2024-09-07";"";"62 814";"47 939";"27 561 201";"2024-09-07 20:53:27"
"2024-09-09";"Telegram";"147 988";"12 938";"27 562 543";"2024-09-09 09:06:49"
"2024-09-02";"";"121 810";"9 658";"27 562 459";"2024-09-02 23:08:54"
"2024-09-02";"Tas-ix";"915 610";"34 618";"27 561 216";"2024-09-02 23:08:22"
"2024-09-07";"YouTube";"710 385";"105 451";"27 563 127";"2024-09-07 07:16:58"
"2024-09-01";"";"30 152";"11 223";"27 563 335";"2024-09-02 02:35:53"
"2024-09-06";"";"251 815";"9 073";"27 561 420";"2024-09-06 11:08:28"
"2024-09-08";"YouTube";"39 836";"3 868";"27 561 997";"2024-09-08 03:24:17"
"2024-09-06";"Telegram";"745 987";"51 895";"27 562 673";"2024-09-06 05:02:58"
"2024-09-08";"";"58 162";"195 119";"27 562 550";"2024-09-08 12:21:12"
"2024-09-07";"";"95 968";"71 865";"27 561 437";"2024-09-07 04:13:58"
"2024-09-03";"YouTube";"2 477 924";"722 989";"27 561 224";"2024-09-03 12:33:29"
"2024-09-08";"";"5 306 804";"189 160";"27 562 804";"2024-09-08 15:24:59"
"2024-09-05";"YouTube";"622 604";"98 860";"27 561 881";"2024-09-05 03:24:14"
"2024-09-10";"";"2 940 883";"193 789";"27 562 669";"2024-09-10 11:32:26"
"2024-09-01";"";"26 129";"2 546";"27 561 430";"2024-09-01 22:55:46"
"2024-09-10";"";"1 306 591";"573 216";"27 562 851";"2024-09-10 10:07:18"
"2024-09-10";"";"886 001";"8 352";"27 563 262";"2024-09-10 20:53:03"
"2024-09-03";"YouTube";"20 829 965";"2 120 271";"27 561 533";"2024-09-03 23:56:02"
"2024-09-08";"YouTube";"65 030";"21 370";"27 562 693";"2024-09-08 03:00:24"
"2024-09-05";"";"142 624";"76 985";"27 562 642";"2024-09-05 12:09:36"
"2024-09-08";"Yandex";"184 943";"454 051";"27 562 609";"2024-09-08 21:54:29"
"2024-09-02";"";"160 944";"6 532";"27 562 957";"2024-09-02 07:16:54"
"2024-09-03";"Instagram";"7 170 718";"9 462 130";"27 563 153";"2024-09-03 11:08:08"
"2024-09-10";"Yandex Video";"10 858";"67 823";"27 561 981";"2024-09-10 12:21:06"
"2024-09-06";"";"71 059";"52 611";"27 562 842";"2024-09-07 01:10:36"
"2024-09-06";"";"4 623 670";"225 086";"27 562 696";"2024-09-06 15:36:07"
"2024-09-03";"YouTube";"219 572";"31 712";"27 563 199";"2024-09-03 07:04:52"
"2024-09-07";"";"33 519";"2 710";"27 563 136";"2024-09-07 16:49:02"
"2024-09-06";"";"1 689 405";"82 982";"27 562 803";"2024-09-06 14:47:23"
"2024-09-02";"";"34 328";"17 908";"27 562 733";"2024-09-02 15:36:42"
"2024-09-05";"";"16 340 112";"2 064 698";"27 561 358";"2024-09-05 05:50:28"
"2024-09-09";"";"52 742 396";"63 984 240";"27 561 877";"2024-09-09 23:56:26"
"2024-09-02";"";"351 439";"564 268";"27 562 758";"2024-09-02 14:47:37"
"2024-09-03";"YouTube";"1 142 257";"65 483";"27 563 318";"2024-09-03 15:00:17"
"2024-09-03";"Instagram";"11 500 264";"611 769";"27 562 820";"2024-09-03 04:13:40"
"2024-09-03";"YouTube";"1 079 803";"86 303";"27 561 772";"2024-09-03 21:06:21"
"2024-09-04";"";"32 586";"11 039";"27 561 629";"2024-09-04 20:05:16"
"2024-09-05";"";"35 789";"3 196";"27 562 243";"2024-09-05 12:45:29"
"2024-09-08";"YouTube";"907 394";"444 246";"27 561 732";"2024-09-08 11:20:16"
"2024-09-03";"PUBG";"12 031 524";"570 703";"27 562 615";"2024-09-03 22:07:22"
"2024-09-09";"";"26 079";"10 751";"27 563 001";"2024-09-09 17:50:08"
"2024-09-04";"";"295 242";"217 688";"27 562 465";"2024-09-04 05:50:29"
"2024-09-09";"";"5 062";"228 016";"27 562 572";"2024-09-09 17:38:50"
"2024-09-01";"";"59 797";"3 947";"27 561 221";"2024-09-01 03:24:37"
"2024-09-09";"";"39 147";"3 407";"27 561 438";"2024-09-09 05:14:05"
"2024-09-06";"";"74 844";"8 883";"27 561 697";"2024-09-06 18:27:57"
"2024-09-09";"";"2 024 342";"86 602";"27 563 165";"2024-09-09 03:24:49"
"2024-09-08";"";"35 154";"28 999";"27 562 459";"2024-09-08 04:13:41"
"2024-09-08";"";"56 888";"21 734";"27 563 128";"2024-09-09 01:22:06"
"2024-09-06";"";"279 179";"25 512";"27 563 072";"2024-09-06 14:11:46"
"2024-09-09";"";"686 661";"89 087";"27 561 364";"2024-09-09 23:08:17"
"2024-09-06";"YouTube";"231 619";"28 476";"27 562 146";"2024-09-06 10:55:20"
"2024-09-10";"";"111 729";"47 808";"27 562 276";"2024-09-10 12:57:35"
"2024-09-06";"";"88 832";"434 526";"27 562 273";"2024-09-06 17:38:13"
"2024-09-03";"";"41 396";"4 516";"27 561 863";"2024-09-03 03:12:39"
"2024-09-06";"";"103 935";"520 283";"27 563 048";"2024-09-06 05:38:02"
"2024-09-03";"";"261 358";"30 132";"27 561 365";"2024-09-03 13:10:34"
"2024-09-03";"Telegram";"26 675 576";"1 496 840";"27 562 839";"2024-09-03 19:16:24"
"2024-09-02";"";"257 641";"88 261";"27 562 732";"2024-09-02 17:02:39"
"2024-09-05";"";"168 258";"1 027 097";"27 561 676";"2024-09-05 14:35:13"
"2024-09-10";"Instagram";"10 492 418";"343 269";"27 562 645";"2024-09-11 02:47:56"
"2024-09-10";"Instagram";"1 917 380";"1 322 176";"27 563 473";"2024-09-10 15:36:55"
"2024-09-06";"";"268 990";"29 025";"27 562 559";"2024-09-06 10:55:40"
"2024-09-04";"";"12 514 142";"683 661";"27 561 180";"2024-09-04 14:23:38"
"2024-09-09";"";"182 030";"11 524 307";"27 562 473";"2024-09-09 04:37:03"
"2024-09-03";"";"34 670";"12 443";"27 562 459";"2024-09-03 04:13:51"
"2024-09-05";"";"26 622";"4 133";"27 563 072";"2024-09-05 14:35:07"
"2024-09-02";"";"21 516";"31 339";"27 562 646";"2024-09-02 10:55:48"
"2024-09-03";"YouTube";"83 656";"354 503";"27 562 455";"2024-09-03 18:39:01"
"2024-09-08";"Telegram";"103 886 215";"5 320 952";"27 561 794";"2024-09-08 18:27:11"
"2024-09-10";"";"75 704 827";"2 917 188";"27 562 007";"2024-09-10 10:55:40"
"2024-09-05";"";"158 080";"44 112";"27 562 663";"2024-09-05 19:52:41"
"2024-09-08";"";"1 035 033";"803 932";"27 562 674";"2024-09-08 16:25:29"
"2024-09-03";"YouTube";"1 404 952";"75 936";"27 562 747";"2024-09-03 19:28:48"
"2024-09-03";"";"8 372 560";"275 236";"27 563 392";"2024-09-03 23:56:17"
"2024-09-02";"";"241 237";"14 322";"27 563 189";"2024-09-02 10:19:35"
"2024-09-07";"YouTube";"1 155 875";"320 069";"27 562 751";"2024-09-07 19:04:59"
"2024-09-04";"VKontakte";"17 848 468";"789 348";"27 561 265";"2024-09-04 19:16:18"
"2024-09-06";"Instagram";"2 334 356";"78 571";"27 562 505";"2024-09-06 18:27:09"
"2024-09-07";"Yandex";"4 088 624";"869 487";"27 561 692";"2024-09-08 02:11:21"
"2024-09-06";"";"559 821";"143 065";"27 562 298";"2024-09-07 01:46:08"
"2024-09-02";"";"10 624";"38 864";"27 562 290";"2024-09-02 03:48:14"
"2024-09-04";"";"143 771";"41 610";"27 562 970";"2024-09-04 08:41:53"
"2024-09-03";"Instagram";"1 244 794";"353 613";"27 561 449";"2024-09-03 10:07:24"
"2024-09-05";"";"415 270";"24 036";"27 561 460";"2024-09-05 13:46:13"
"2024-09-06";"Yandex";"83 729";"6 512";"27 563 381";"2024-09-06 04:01:02"
"2024-09-08";"Yandex";"150 435";"120 515";"27 563 304";"2024-09-08 17:50:09"
"2024-09-08";"";"41 130";"11 208";"27 562 152";"2024-09-08 21:18:43"
"2024-09-03";"Facebook";"28 951";"8 451";"27 563 488";"2024-09-03 13:22:14"
"2024-09-08";"PUBG";"25 721";"10 569";"27 561 788";"2024-09-08 05:50:02"
"2024-09-03";"";"1 604 677";"357 302";"27 563 168";"2024-09-03 06:39:59"
"2024-09-02";"Tas-ix";"461 925";"18 633";"27 562 956";"2024-09-02 09:18:05"
"2024-09-09";"";"103 310";"23 607";"27 563 203";"2024-09-09 08:17:09"
"2024-09-03";"";"92 440";"61 382";"27 562 721";"2024-09-03 09:42:38"
"2024-09-01";"Facebook";"954 848";"589 957";"27 563 156";"2024-09-02 00:45:28"
"2024-09-05";"";"152 764";"29 618";"27 562 048";"2024-09-05 09:42:23"
"2024-09-07";"";"27 451";"6 597";"27 562 437";"2024-09-07 19:28:40"
"2024-09-06";"";"54 353";"8 855";"27 563 458";"2024-09-06 19:28:32"
"2024-09-03";"Instagram";"8 369 845";"299 649";"27 561 616";"2024-09-04 01:34:54"
"2024-09-01";"YouTube";"206 757";"83 049";"27 562 495";"2024-09-01 09:06:18"
"2024-09-03";"";"116 398";"11 163";"27 563 203";"2024-09-03 04:01:15"
"2024-09-06";"";"30 774";"2 949";"27 562 289";"2024-09-06 06:03:37"
"2024-09-03";"Telegram";"140 866 021";"94 632 210";"27 563 366";"2024-09-03 10:31:42"
"2024-09-10";"";"25 883";"4 730";"27 562 806";"2024-09-10 16:13:06"
"2024-09-06";"YouTube";"70 091";"864 119";"27 562 567";"2024-09-06 13:10:42"
"2024-09-08";"";"62 171";"41 354";"27 562 015";"2024-09-08 16:25:15"
"2024-09-02";"";"27 476";"14 716";"27 563 317";"2024-09-02 03:12:01"
"2024-09-09";"Yandex";"11 345";"31 467";"27 562 372";"2024-09-09 23:32:08"
"2024-09-04";"YouTube";"1 524 287";"144 891";"27 562 587";"2024-09-04 05:38:11"
"2024-09-02";"";"3 887 451";"135 680";"27 562 097";"2024-09-02 14:11:31"
"2024-09-01";"YouTube";"269 369";"3 003 188";"27 561 647";"2024-09-01 16:37:25"
"2024-09-03";"Telegram";"617 349";"45 730";"27 561 597";"2024-09-03 10:19:30"
"2024-09-09";"";"226 206";"13 252";"27 562 791";"2024-09-09 13:58:54"
"2024-09-06";"";"4 909 000";"359 531";"27 562 884";"2024-09-06 06:51:05"
"2024-09-04";"";"247 478";"39 445";"27 561 662";"2024-09-04 06:03:49"
"2024-09-07";"";"334 752";"20 953";"27 561 905";"2024-09-07 04:25:17"
"2024-09-07";"Instagram";"1 225 027";"920 768";"27 563 189";"2024-09-07 06:15:37"
"2024-09-05";"";"45 207";"6 811";"27 562 004";"2024-09-05 13:58:40"
"2024-09-02";"";"48 959";"3 272";"27 563 283";"2024-09-02 10:31:42"
"2024-09-01";"";"70 318";"62 000";"27 562 642";"2024-09-01 09:18:03"
"2024-09-07";"";"274 123";"119 512";"27 562 025";"2024-09-07 14:35:36"
"2024-09-09";"VKontakte";"11 626 653";"373 474";"27 562 941";"2024-09-09 10:07:01"
"2024-09-06";"YouTube";"2 914 432";"348 617";"27 563 009";"2024-09-06 12:09:50"
"2024-09-02";"";"50 390";"86 708";"27 561 742";"2024-09-02 13:58:50"
"2024-09-09";"Yandex";"372 084";"112 338";"27 563 267";"2024-09-09 09:42:44"
"2024-09-09";"";"140 774";"31 373";"27 561 978";"2024-09-09 22:07:41"
"2024-09-01";"Telegram";"4 344 271";"322 985";"27 562 070";"2024-09-01 03:36:52"
"2024-09-04";"";"39 495";"2 872";"27 561 742";"2024-09-04 10:07:03"
"2024-09-04";"";"51 709";"7 713";"27 562 459";"2024-09-05 01:22:54"
"2024-09-05";"Facebook";"142 200";"16 847";"27 563 426";"2024-09-06 02:47:30"
"2024-09-09";"Instagram";"927 935";"35 476";"27 563 306";"2024-09-09 06:51:34"
"2024-09-07";"";"144 669";"323 855";"27 562 938";"2024-09-07 23:44:05"
"2024-09-01";"";"28 925";"5 721";"27 561 365";"2024-09-01 17:26:46"
"2024-09-06";"";"45 877";"23 081";"27 561 890";"2024-09-06 09:18:29"
"2024-09-09";"";"57 805";"22 332";"27 561 845";"2024-09-09 04:37:21"
"2024-09-10";"";"32 362";"2 465";"27 563 303";"2024-09-10 06:27:48"
"2024-09-07";"YouTube";"3 071 212";"1 527 586";"27 563 442";"2024-09-07 17:38:27"
"2024-09-03";"Facebook";"128 219";"7 878";"27 562 232";"2024-09-03 20:17:40"
"2024-09-04";"";"366 385";"12 043";"27 563 014";"2024-09-04 23:08:04"
"2024-09-01";"";"9 207 988";"484 077";"27 562 300";"2024-09-01 04:25:20"
"2024-09-02";"";"28 601";"22 884";"27 563 436";"2024-09-02 08:05:34"
"2024-09-08";"Instagram";"54 189 929";"1 492 363";"27 561 311";"2024-09-08 15:12:22"
"2024-09-07";"Instagram";"55 892";"11 554";"27 561 272";"2024-09-07 09:06:14"
"2024-09-05";"";"26 761";"7 677";"27 561 531";"2024-09-06 01:58:44"
"2024-09-02";"";"1 444 646";"923 211";"27 561 432";"2024-09-02 20:17:38"
"2024-09-10";"";"104 681";"15 431";"27 561 190";"2024-09-10 19:52:01"
"2024-09-02";"Telegram";"16 750 692";"1 206 780";"27 562 585";"2024-09-02 03:12:54"
"2024-09-10";"";"19 803";"25 660";"27 561 993";"2024-09-10 10:43:34"
"2024-09-06";"";"2 460";"156 156";"27 563 478";"2024-09-06 03:36:26"
"2024-09-05";"";"25 856";"11 630";"27 561 924";"2024-09-06 01:46:14"
"2024-09-07";"";"1 264 048";"120 363";"27 561 760";"2024-09-07 22:31:44"
"2024-09-09";"";"123 031";"8 857";"27 562 320";"2024-09-09 11:08:58"
"2024-09-08";"";"791 530";"44 726";"27 562 762";"2024-09-08 03:36:22"
"2024-09-08";"YouTube";"107 027 772";"4 657 525";"27 561 666";"2024-09-08 04:37:12"
"2024-09-06";"Telegram";"84 012";"13 460";"27 563 018";"2024-09-06 11:32:14"
"2024-09-07";"";"317 003 738";"19 826 165";"27 561 605";"2024-09-07 10:43:19"
"2024-09-06";"YouTube";"1 154 133";"198 294";"27 562 859";"2024-09-06 06:27:24"
"2024-09-04";"";"30 754";"9 755";"27 562 289";"2024-09-05 00:09:45"
"2024-09-06";"";"216 331";"15 007";"27 562 192";"2024-09-06 05:38:33"
"2024-09-03";"";"41 306";"13 712";"27 561 384";"2024-09-03 13:58:10"
"2024-09-04";"Instagram";"243 183";"21 535";"27 561 701";"2024-09-05 01:58:07"
"2024-09-03";"";"343 304";"19 849";"27 563 093";"2024-09-03 12:33:31"
"2024-09-02";"";"585 361";"505 944";"27 562 560";"2024-09-02 04:25:53"
"2024-09-07";"Instagram";"466 697";"195 916";"27 562 073";"2024-09-08 00:33:26"
"2024-09-07";"Instagram";"575 164";"62 657";"27 562 041";"2024-09-08 00:21:18"
"2024-09-08";"";"122 796";"7 445";"27 563 512";"2024-09-08 20:41:42"
"2024-09-07";"VKontakte";"422 629";"26 282";"27 562 419";"2024-09-07 18:51:49"
"2024-09-08";"VKontakte";"29 466";"216 304";"27 563 424";"2024-09-08 13:10:57"
"2024-09-09";"";"38 256";"4 309";"27 562 560";"2024-09-09 16:25:05"
"2024-09-09";"";"1 091 061";"46 764";"27 561 567";"2024-09-09 12:45:38"
"2024-09-02";"";"23 900";"27 865";"27 561 354";"2024-09-03 00:45:37"
"2024-09-07";"";"50 328";"2 749";"27 563 264";"2024-09-07 16:37:50"
"2024-09-02";"";"113 238";"6 817";"27 562 865";"2024-09-02 10:55:00"
"2024-09-10";"";"971 654";"328 634";"27 562 316";"2024-09-10 19:28:42"
"2024-09-03";"";"146 846";"95 769";"27 561 684";"2024-09-04 02:35:26"
"2024-09-08";"YouTube";"346 931";"32 870";"27 562 571";"2024-09-08 04:01:18"
"2024-09-04";"Facebook";"374 893";"17 289";"27 562 290";"2024-09-05 01:22:21"
"2024-09-08";"Instagram";"38 849 122";"1 235 287";"27 561 243";"2024-09-08 20:29:44"
"2024-09-09";"YouTube";"1 045 571";"227 883";"27 561 186";"2024-09-09 17:14:14"
"2024-09-07";"";"166 692";"10 294";"27 562 489";"2024-09-07 13:46:29"
"2024-09-06";"";"1 761 756";"275 289";"27 562 894";"2024-09-07 00:45:30"
"2024-09-05";"";"47 486";"18 033";"27 561 884";"2024-09-06 02:59:55"
"2024-09-01";"";"36 702";"2 106";"27 563 081";"2024-09-01 03:48:28"
"2024-09-02";"";"293 184";"98 885";"27 561 753";"2024-09-02 08:29:20"
"2024-09-07";"YouTube";"20 732 181";"1 590 557";"27 561 600";"2024-09-07 05:38:27"
"2024-09-06";"";"1 083 970";"102 875";"27 561 905";"2024-09-07 00:45:48"
"2024-09-07";"";"255 765";"14 409";"27 563 426";"2024-09-07 09:54:01"
"2024-09-09";"Instagram";"4 451 123";"186 736";"27 562 170";"2024-09-09 06:39:58"
"2024-09-02";"";"28 115";"18 612";"27 562 684";"2024-09-03 02:47:47"
"2024-09-03";"";"87 057";"8 618";"27 561 753";"2024-09-03 14:35:56"
"2024-09-05";"";"171 972";"163 139";"27 563 386";"2024-09-06 02:11:51"
"2024-09-05";"";"152 697";"29 052";"27 561 583";"2024-09-06 00:09:17"
"2024-09-03";"";"80 810";"9 202";"27 561 929";"2024-09-03 15:12:00"
"2024-09-10";"";"191 866";"23 239";"27 563 469";"2024-09-10 20:05:51"
"2024-09-08";"VKontakte";"212 477";"217 259";"27 561 722";"2024-09-08 19:16:37"
"2024-09-06";"";"132 974";"18 637";"27 561 884";"2024-09-06 06:51:16"
"2024-09-06";"";"3 924";"28 199";"27 563 333";"2024-09-06 14:23:21"
"2024-09-07";"";"107 059";"11 556";"27 562 211";"2024-09-07 10:55:46"
"2024-09-08";"Telegram";"36 252 535";"2 322 125";"27 561 929";"2024-09-08 15:00:06"
"2024-09-08";"";"65 720";"7 040";"27 563 266";"2024-09-08 19:40:07"
"2024-09-01";"YouTube";"822 266";"49 262";"27 561 198";"2024-09-01 19:28:15"
"2024-09-02";"YouTube";"314 905 049";"21 600 400";"27 563 134";"2024-09-02 12:09:14"
"2024-09-02";"Facebook";"228 425";"28 123";"27 561 732";"2024-09-02 15:48:45"
"2024-09-08";"YouTube";"42 412";"12 072";"27 562 958";"2024-09-08 07:04:04"
"2024-09-10";"";"322 617";"32 775";"27 561 462";"2024-09-10 03:12:13"
"2024-09-01";"";"304 358";"67 851";"27 562 451";"2024-09-01 20:29:02"
"2024-09-04";"Unknown";"408 237";"38 826";"27 562 172";"2024-09-04 18:03:30"
"2024-09-09";"";"33 139";"2 149";"27 561 186";"2024-09-09 11:08:52"
"2024-09-04";"Facebook";"1 032 387";"66 968";"27 562 384";"2024-09-04 14:35:13"
"2024-09-04";"";"567 256";"179 245";"27 562 841";"2024-09-04 08:41:25"
"2024-09-03";"Telegram";"2 754 733";"521 460";"27 562 553";"2024-09-03 04:13:01"
"2024-09-02";"";"46 807";"3 614";"27 561 845";"2024-09-03 00:21:24"
"2024-09-04";"";"428 189";"152 248";"27 561 218";"2024-09-05 00:57:44"
"2024-09-10";"";"615 798";"364 808";"27 562 090";"2024-09-10 17:26:26"
"2024-09-04";"YouTube";"2 090 908";"126 198";"27 562 679";"2024-09-04 13:46:31"
"2024-09-09";"Instagram";"10 017 013";"6 718 941";"27 561 670";"2024-09-09 13:34:19"
"2024-09-05";"";"38 076";"113 337";"27 561 836";"2024-09-06 00:33:14"
"2024-09-06";"";"480 564";"96 654";"27 561 305";"2024-09-06 21:18:12"
"2024-09-10";"";"37 285";"3 720";"27 563 247";"2024-09-10 16:25:50"
"2024-09-09";"";"41 346 164";"34 205 089";"27 563 008";"2024-09-10 00:33:52"
"2024-09-09";"YouTube";"33 701";"9 501";"27 562 660";"2024-09-09 05:02:12"
"2024-09-04";"";"126 389";"403 943";"27 561 680";"2024-09-04 07:52:23"
"2024-09-06";"Yandex";"1 261 599";"71 251";"27 563 030";"2024-09-06 13:10:08"
"2024-09-01";"Telegram";"405 637";"21 976";"27 562 096";"2024-09-01 08:53:16"
"2024-09-03";"";"663 293";"35 346";"27 562 098";"2024-09-04 02:59:26"
"2024-09-08";"";"1 375 667";"207 103";"27 562 934";"2024-09-08 21:30:47"
"2024-09-06";"";"28 929";"1 905";"27 562 858";"2024-09-06 21:54:08"
"2024-09-10";"";"2 750 753";"268 539";"27 561 436";"2024-09-10 23:32:12"
"2024-09-09";"";"313 796";"102 359";"27 563 098";"2024-09-09 22:55:21"
"2024-09-03";"Likee";"102 665";"74 749";"27 561 305";"2024-09-03 09:54:34"
"2024-09-06";"";"29 668";"14 877";"27 563 193";"2024-09-06 04:25:25"
"2024-09-04";"Facebook";"1 811 308";"963 030";"27 561 974";"2024-09-04 13:58:23"
"2024-09-06";"Instagram";"160 377";"29 667";"27 563 159";"2024-09-06 15:24:40"
"2024-09-08";"Instagram";"835 774";"23 954";"27 562 956";"2024-09-08 03:48:17"
"2024-09-06";"YouTube";"13 555";"86 271";"27 561 835";"2024-09-06 13:46:38"
"2024-09-03";"Instagram";"2 160 335";"1 517 766";"27 562 787";"2024-09-03 08:41:01"
"2024-09-07";"YouTube";"1 778 288";"136 074";"27 562 073";"2024-09-07 05:02:03"
"2024-09-08";"";"35 203";"7 744";"27 562 234";"2024-09-08 14:47:09"
"2024-09-06";"";"90 958";"9 297";"27 561 244";"2024-09-06 10:55:42"
"2024-09-01";"";"110 561";"8 382";"27 561 845";"2024-09-02 02:23:49"
"2024-09-03";"";"116 201";"4 935";"27 562 146";"2024-09-03 11:56:11"
"2024-09-04";"";"32 046";"25 315";"27 561 214";"2024-09-04 04:01:33"
"2024-09-09";"Telegram";"16 006 775";"993 145";"27 561 265";"2024-09-09 03:00:19"
"2024-09-09";"Facebook";"70 303";"6 173";"27 562 813";"2024-09-09 15:36:44"
"2024-09-09";"";"171 836";"16 103";"27 563 478";"2024-09-09 22:19:19"
"2024-09-06";"";"314 504";"9 783";"27 562 447";"2024-09-07 02:47:02"
"2024-09-08";"YouTube";"179 581 189";"9 633 436";"27 562 537";"2024-09-08 20:05:46"
"2024-09-04";"";"123 812";"477 747";"27 562 732";"2024-09-05 02:59:15"
"2024-09-04";"";"163 909";"60 716";"27 561 220";"2024-09-04 12:45:26"
"2024-09-10";"";"578 313";"348 361";"27 561 290";"2024-09-10 13:34:26"
"2024-09-03";"Instagram";"102 142";"11 955";"27 561 796";"2024-09-03 04:37:00"
"2024-09-05";"";"27 322";"7 953";"27 563 101";"2024-09-05 22:55:52"
"2024-09-04";"";"290 411";"31 091";"27 563 048";"2024-09-05 01:22:35"
"2024-09-10";"";"86 881";"9 808";"27 562 931";"2024-09-10 20:29:06"
"2024-09-02";"YouTube";"2 420 176";"132 729";"27 561 384";"2024-09-02 04:25:29"
"2024-09-10";"";"586 668";"639 004";"27 561 500";"2024-09-10 19:52:16"
"2024-09-04";"Instagram";"87 282 508";"2 535 977";"27 561 480";"2024-09-05 00:45:44"
"2024-09-10";"YouTube";"666 028";"1 422 967";"27 561 367";"2024-09-10 14:35:09"
"2024-09-04";"Instagram";"580 235";"124 604";"27 563 243";"2024-09-04 10:19:28"
"2024-09-06";"";"138 076";"11 241";"27 562 630";"2024-09-06 16:37:53"
"2024-09-06";"";"441 877";"17 566";"27 562 156";"2024-09-06 14:23:34"
"2024-09-02";"Instagram";"7 974 592";"7 553 412";"27 561 952";"2024-09-02 07:04:00"
"2024-09-08";"Instagram";"2 858 495";"268 489";"27 562 487";"2024-09-08 03:24:09"
"2024-09-10";"Telegram";"2 404 315";"11 475 435";"27 561 810";"2024-09-11 01:10:17"
"2024-09-01";"";"30 508";"4 315";"27 563 446";"2024-09-02 02:23:48"
"2024-09-03";"";"34 112";"18 404";"27 562 569";"2024-09-03 07:16:45"
"2024-09-02";"";"56 290";"33 266";"27 563 445";"2024-09-02 15:36:55"
"2024-09-04";"";"46 162";"5 061";"27 561 288";"2024-09-04 10:43:32"
"2024-09-10";"";"1 072 679";"49 145";"27 562 787";"2024-09-10 19:04:58"
"2024-09-03";"";"54 869";"71 163";"27 561 934";"2024-09-03 11:32:00"
"2024-09-06";"";"26 060";"8 115";"27 562 595";"2024-09-07 02:35:41"
"2024-09-01";"";"105 215";"29 916";"27 561 737";"2024-09-01 14:11:31"
"2024-09-05";"";"704 233 777";"86 527 791";"27 563 127";"2024-09-05 19:28:35"
"2024-09-04";"";"184 040";"62 299";"27 561 269";"2024-09-04 06:39:03"
"2024-09-04";"YouTube";"680 905";"655 934";"27 563 418";"2024-09-04 18:39:48"
"2024-09-09";"";"104 635";"48 448";"27 561 290";"2024-09-09 14:23:30"
"2024-09-04";"";"149 159";"5 161 502";"27 561 896";"2024-09-04 16:01:06"
"2024-09-04";"Spotify";"55 243";"2 984";"27 562 572";"2024-09-04 06:27:42"
"2024-09-02";"Instagram";"1 725 533";"2 229 828";"27 562 850";"2024-09-02 20:41:13"
"2024-09-05";"Facebook";"37 488";"21 901";"27 563 489";"2024-09-05 16:49:53"
"2024-09-05";"";"147 961";"54 322";"27 562 259";"2024-09-05 14:23:42"
"2024-09-06";"YouTube";"19 128";"111 303";"27 561 186";"2024-09-06 18:51:44"
"2024-09-02";"";"81 393";"4 093";"27 561 624";"2024-09-03 01:46:14"
"2024-09-07";"Instagram";"4 964 788";"4 278 376";"27 562 051";"2024-09-07 23:44:31"
"2024-09-07";"";"193 464";"13 097";"27 562 595";"2024-09-07 20:41:25"
"2024-09-03";"";"53 976";"9 696";"27 563 084";"2024-09-03 03:12:36"
"2024-09-04";"";"46 827 680";"2 111 457";"27 563 058";"2024-09-04 20:17:31"
"2024-09-01";"Tas-ix";"149 779";"5 430";"27 561 573";"2024-09-01 04:49:52"
"2024-09-02";"";"161 174";"70 797";"27 562 186";"2024-09-02 14:11:39"
"2024-09-04";"";"160 053";"27 940";"27 561 811";"2024-09-04 04:13:19"
"2024-09-02";"YouTube";"9 382";"70 520";"27 563 384";"2024-09-02 09:42:19"
"2024-09-01";"";"63 585";"39 967";"27 562 350";"2024-09-01 19:52:15"
"2024-09-06";"";"37 329";"16 032";"27 563 264";"2024-09-06 12:21:53"
"2024-09-01";"";"48 325";"74 104";"27 562 889";"2024-09-01 08:29:24"
"2024-09-02";"Instagram";"210 281";"8 711";"27 561 693";"2024-09-02 19:52:29"
"2024-09-01";"";"35 152";"6 416";"27 562 175";"2024-09-01 03:48:55"
"2024-09-01";"";"164 187 394";"10 265 846";"27 562 097";"2024-09-01 03:00:32"
"2024-09-07";"";"1 013 381";"185 440";"27 561 193";"2024-09-08 00:21:48"
"2024-09-01";"";"432 194";"182 353";"27 563 030";"2024-09-01 06:27:25"
"2024-09-08";"Telegram";"559 912";"137 988";"27 562 592";"2024-09-08 07:40:19"
"2024-09-05";"";"211 627";"15 301";"27 562 036";"2024-09-05 11:08:49"
"2024-09-09";"";"7 504 034";"324 958";"27 562 825";"2024-09-09 03:12:49"
"2024-09-10";"";"687 735";"40 908";"27 562 692";"2024-09-10 06:03:26"
"2024-09-02";"";"326 128";"56 329";"27 562 825";"2024-09-02 20:17:44"
"2024-09-08";"";"1 598 355";"64 645";"27 561 555";"2024-09-08 19:40:10"
"2024-09-02";"YouTube";"8 152 425";"485 281";"27 562 033";"2024-09-02 13:46:37"
"2024-09-03";"YouTube";"185 232";"15 202";"27 561 597";"2024-09-03 13:34:24"
"2024-09-03";"";"1 146 668";"111 072";"27 561 315";"2024-09-03 23:20:37"
"2024-09-10";"Facebook";"39 377 987";"1 261 855";"27 561 737";"2024-09-10 21:42:18"
"2024-09-08";"WhatsApp";"10 166 589";"77 642 327";"27 563 031";"2024-09-08 23:56:49"
"2024-09-03";"";"33 376";"5 201";"27 561 462";"2024-09-03 12:57:25"
"2024-09-04";"";"64 927";"20 332";"27 562 090";"2024-09-04 14:59:12"
"2024-09-06";"";"1 367 693";"280 033";"27 562 330";"2024-09-06 09:06:37"
"2024-09-01";"";"185 371";"66 697";"27 562 497";"2024-09-01 23:08:00"
"2024-09-07";"";"124 001";"36 203";"27 562 051";"2024-09-07 07:04:42"
"2024-09-08";"VKontakte";"36 813 386";"840 026";"27 562 721";"2024-09-08 07:52:34"
"2024-09-06";"";"56 458";"22 167";"27 562 721";"2024-09-06 04:25:06"
"2024-09-04";"";"38 304";"5 469";"27 561 730";"2024-09-05 00:33:17"
"2024-09-08";"";"939 679";"83 703";"27 563 048";"2024-09-09 01:22:33"
"2024-09-08";"YouTube";"6 925 390";"409 189";"27 561 311";"2024-09-08 14:59:25"
"2024-09-09";"YouTube";"62 551";"13 165";"27 563 154";"2024-09-09 23:56:37"
"2024-09-02";"";"53 935";"31 653";"27 562 083";"2024-09-02 07:28:15"
"2024-09-02";"WhatsApp";"273 769";"22 425";"27 561 994";"2024-09-02 13:34:21"
"2024-09-05";"";"83 303";"5 385";"27 561 884";"2024-09-05 11:08:46"
"2024-09-06";"";"112 819";"62 475";"27 563 494";"2024-09-07 01:34:12"
"2024-09-08";"YouTube";"874 066";"90 925";"27 562 968";"2024-09-09 02:11:49"
"2024-09-08";"";"54 050";"124 666";"27 561 604";"2024-09-08 15:36:47"
"2024-09-04";"";"2 857 176";"143 403";"27 563 267";"2024-09-04 06:39:05"
"2024-09-03";"";"67 729";"6 509";"27 562 535";"2024-09-03 09:18:22"
"2024-09-10";"";"40 040";"16 737";"27 563 186";"2024-09-10 20:17:27"
"2024-09-05";"";"115 627";"291 247";"27 561 243";"2024-09-05 05:14:48"
"2024-09-09";"";"72 465";"4 190";"27 561 508";"2024-09-10 02:35:46"
"2024-09-07";"";"37 180";"26 928";"27 562 571";"2024-09-07 07:28:41"
"2024-09-03";"";"41 291";"105 122";"27 561 392";"2024-09-03 16:13:24"
"2024-09-05";"";"4 815 231";"1 142 207";"27 562 302";"2024-09-05 17:38:54"
"2024-09-05";"";"936 455";"235 042";"27 562 861";"2024-09-05 12:57:14"
"2024-09-02";"YouTube";"1 048 767";"59 601";"27 562 045";"2024-09-02 03:48:43"
"2024-09-05";"";"30 599";"1 889";"27 562 371";"2024-09-05 19:28:24"
"2024-09-03";"YouTube";"38 047";"4 541";"27 562 555";"2024-09-03 15:48:05"
"2024-09-02";"Facebook";"109 106";"108 270";"27 562 118";"2024-09-02 11:56:13"
"2024-09-02";"";"37 926";"5 391";"27 561 544";"2024-09-03 00:57:13"
"2024-09-06";"";"283 664";"15 493";"27 561 776";"2024-09-07 00:57:51"
"2024-09-10";"";"300 164";"196 647";"27 562 850";"2024-09-10 14:11:48"
"2024-09-10";"";"138 532";"125 706";"27 562 973";"2024-09-11 01:58:02"
"2024-09-01";"";"1 295 439";"841 463";"27 562 692";"2024-09-01 17:02:09"
"2024-09-08";"Yandex";"1 393 168";"403 464";"27 561 306";"2024-09-08 19:52:26"
"2024-09-01";"";"4 574";"37 524";"27 561 326";"2024-09-01 05:38:00"
"2024-09-10";"YouTube";"2 480 901";"1 846 390";"27 563 024";"2024-09-10 22:31:12"
"2024-09-01";"Facebook";"44 752";"78 096";"27 561 182";"2024-09-01 19:28:28"
"2024-09-05";"";"132 701";"422 505";"27 562 102";"2024-09-05 17:26:32"
"2024-09-07";"";"35 390";"5 530";"27 562 624";"2024-09-07 03:00:49"
"2024-09-09";"Instagram";"185 960";"44 321";"27 561 441";"2024-09-09 04:01:22"
"2024-09-10";"";"236 469";"14 882";"27 562 979";"2024-09-11 02:11:53"
"2024-09-05";"";"68 535";"5 499";"27 561 673";"2024-09-05 21:54:20"
"2024-09-07";"Yandex";"1 080 441";"672 027";"27 561 454";"2024-09-07 15:48:04"
"2024-09-06";"YouTube";"4 054 108";"277 975";"27 562 708";"2024-09-06 14:23:00"
"2024-09-09";"IMO";"56 636";"47 461";"27 562 233";"2024-09-09 12:57:20"
"2024-09-07";"";"795 646";"39 458";"27 563 333";"2024-09-07 03:24:11"
"2024-09-05";"WhatsApp";"446 657";"926 345";"27 561 708";"2024-09-05 13:22:50"
"2024-09-03";"";"235 596";"13 277";"27 561 684";"2024-09-03 20:53:28"
"2024-09-05";"YouTube";"134 797";"28 641";"27 562 127";"2024-09-06 01:58:14"
"2024-09-05";"Instagram";"10 793 287";"51 749 732";"27 562 717";"2024-09-05 06:39:50"
"2024-09-09";"";"42 828";"5 291";"27 563 066";"2024-09-10 02:59:01"
"2024-09-08";"";"77 797";"139 717";"27 561 422";"2024-09-08 05:14:15"
"2024-09-06";"";"266 619";"11 894";"27 562 712";"2024-09-06 20:53:25"
"2024-09-09";"Facebook";"1 038 426";"501 421";"27 562 890";"2024-09-09 10:07:38"
"2024-09-04";"";"25 653";"10 563";"27 561 611";"2024-09-04 03:36:02"
"2024-09-04";"";"281 324";"21 569";"27 561 883";"2024-09-04 16:13:28"
"2024-09-02";"";"441 964";"72 492";"27 562 436";"2024-09-02 19:16:44"
"2024-09-02";"";"33 828";"10 826";"27 561 825";"2024-09-02 17:14:26"
"2024-09-08";"";"1 124 586";"367 160";"27 562 808";"2024-09-08 05:26:37"
"2024-09-06";"";"35 298";"2 181";"27 562 981";"2024-09-06 18:39:14"
"2024-09-09";"";"33 328";"6 731";"27 563 171";"2024-09-09 06:39:40"
"2024-09-02";"Instagram";"30 573";"3 240";"27 561 624";"2024-09-03 00:33:38"
"2024-09-09";"YouTube";"73 150";"6 545";"27 562 912";"2024-09-09 18:15:16"
"2024-09-05";"Instagram";"1 874 422";"3 345 586";"27 561 330";"2024-09-05 11:08:00"
"2024-09-05";"";"117 948";"8 985";"27 563 338";"2024-09-06 00:33:09"
"2024-09-03";"Facebook";"215 847";"17 073";"27 563 515";"2024-09-03 03:00:49"
"2024-09-06";"YouTube";"44 877";"308 815";"27 561 767";"2024-09-06 07:52:56"
"2024-09-06";"";"132 485";"136 815";"27 562 428";"2024-09-06 23:20:53"
"2024-09-03";"";"29 885";"8 262";"27 561 738";"2024-09-03 14:47:21"
"2024-09-08";"";"110 996";"20 900";"27 562 149";"2024-09-08 19:16:58"
"2024-09-07";"";"851 718";"139 522";"27 563 447";"2024-09-07 19:40:12"
"2024-09-09";"";"29 291";"2 253";"27 561 876";"2024-09-09 11:44:15"
"2024-09-05";"";"149 223";"24 465";"27 561 668";"2024-09-05 03:48:56"
"2024-09-10";"VKontakte";"81 884";"69 858";"27 561 994";"2024-09-10 17:02:17"
"2024-09-07";"YouTube";"138 762 509";"10 477 032";"27 563 077";"2024-09-07 08:41:15"
"2024-09-07";"";"10 113";"180 443";"27 563 097";"2024-09-07 23:56:45"
"2024-09-02";"Yandex";"624 155";"319 356";"27 561 470";"2024-09-03 02:11:15"
"2024-09-10";"YouTube";"1 499 967";"561 528";"27 561 517";"2024-09-10 18:15:34"
"2024-09-07";"Instagram";"26 201 128";"781 786";"27 562 824";"2024-09-07 05:14:09"
"2024-09-10";"";"89 403";"106 773";"27 562 578";"2024-09-10 03:36:41"
"2024-09-06";"";"60 971";"7 477";"27 563 154";"2024-09-06 03:48:24"
"2024-09-04";"";"806 126";"27 954";"27 562 593";"2024-09-04 11:20:00"
"2024-09-05";"YouTube";"19 210 349";"1 180 485";"27 563 060";"2024-09-05 05:14:28"
"2024-09-04";"";"1 603 714";"251 229";"27 562 146";"2024-09-04 10:43:09"
"2024-09-02";"Facebook";"72 282";"1 486 891";"27 563 488";"2024-09-02 16:13:51"
"2024-09-09";"";"31 566";"13 173";"27 563 266";"2024-09-09 06:39:27"
"2024-09-08";"";"42 351";"58 701";"27 561 708";"2024-09-08 15:12:50"
"2024-09-07";"";"225 521";"73 656";"27 563 087";"2024-09-07 20:17:51"
"2024-09-10";"";"3 312";"33 279";"27 563 418";"2024-09-10 18:51:05"
"2024-09-02";"Instagram";"28 569 252";"580 519";"27 562 998";"2024-09-02 22:31:17"
"2024-09-04";"";"3 086 413";"187 931";"27 562 363";"2024-09-04 03:24:43"
"2024-09-08";"";"321 149";"11 688";"27 561 887";"2024-09-08 08:17:28"
"2024-09-05";"";"118 786";"8 670";"27 562 816";"2024-09-05 19:16:14"
"2024-09-06";"Instagram";"3 993 389";"2 014 882";"27 561 552";"2024-09-06 18:51:22"
"2024-09-09";"Telegram";"55 427 670";"6 025 401";"27 561 484";"2024-09-09 18:51:10"
"2024-09-07";"";"2 417 841";"230 501";"27 561 497";"2024-09-07 17:02:23"
"2024-09-02";"";"27 026";"10 207";"27 561 646";"2024-09-02 12:33:12"
"2024-09-04";"YouTube";"156 077";"38 668";"27 561 586";"2024-09-04 12:45:27"
"2024-09-05";"";"29 321";"8 170";"27 561 725";"2024-09-05 06:51:14"
"2024-09-04";"Facebook";"130 460";"271 893";"27 563 260";"2024-09-04 20:53:03"
"2024-09-01";"";"559 927";"107 816";"27 562 330";"2024-09-01 18:03:17"
"2024-09-02";"";"90 214";"12 579";"27 561 230";"2024-09-02 04:13:07"
"2024-09-04";"Facebook";"321 794";"17 814";"27 563 238";"2024-09-04 11:08:36"
"2024-09-02";"";"93 894";"22 212";"27 562 076";"2024-09-02 21:06:21"
"2024-09-01";"";"117 346";"6 437";"27 561 854";"2024-09-01 18:03:37"
"2024-09-07";"YouTube";"1 666 465";"195 055";"27 561 866";"2024-09-07 11:20:15"
"2024-09-06";"";"82 619";"9 706";"27 563 336";"2024-09-07 00:45:23"
"2024-09-09";"";"680";"60 143";"27 562 317";"2024-09-09 10:43:08"
"2024-09-01";"";"2 450 985";"113 392";"27 562 403";"2024-09-01 04:37:23"
"2024-09-04";"";"104 627";"138 315";"27 561 548";"2024-09-04 17:02:29"
"2024-09-09";"";"45 512";"59 943";"27 562 654";"2024-09-10 02:35:34"
"2024-09-08";"";"223 697";"12 065";"27 562 025";"2024-09-08 13:22:17"
"2024-09-04";"";"353 759";"20 641";"27 563 136";"2024-09-04 03:00:24"
"2024-09-08";"";"28 687";"3 965";"27 561 227";"2024-09-08 15:12:26"
"2024-09-06";"Telegram";"1 053 027";"67 887";"27 562 477";"2024-09-06 21:54:49"
"2024-09-01";"Instagram";"166 321";"13 787";"27 563 116";"2024-09-01 15:48:01"
"2024-09-07";"";"158 069";"29 935";"27 562 714";"2024-09-07 15:24:20"
"2024-09-09";"";"53 457";"11 467";"27 562 344";"2024-09-09 07:04:49"
"2024-09-10";"";"1 469 810";"205 900";"27 562 675";"2024-09-10 09:30:17"
"2024-09-08";"IMO";"1 408 084";"64 280";"27 561 893";"2024-09-08 15:24:23"
"2024-09-05";"Yandex Video";"2 672 345";"132 104";"27 563 447";"2024-09-05 04:49:24"
"2024-09-10";"";"108 738 014";"19 854 918";"27 563 404";"2024-09-10 23:32:09"
"2024-09-07";"";"34 023";"1 843";"27 562 497";"2024-09-07 13:46:58"
"2024-09-08";"";"203 000";"101 370";"27 562 905";"2024-09-08 05:50:43"
"2024-09-10";"";"315 598";"30 592";"27 561 744";"2024-09-10 17:50:41"
"2024-09-04";"";"1 582 550";"35 167";"27 563 020";"2024-09-05 00:57:37"
"2024-09-05";"Yandex";"232 346";"202 950";"27 562 958";"2024-09-05 11:56:32"
"2024-09-04";"";"128 036";"2 578";"27 562 317";"2024-09-04 09:54:46"
"2024-09-01";"YouTube";"787 167";"125 259";"27 561 641";"2024-09-01 21:06:04"
"2024-09-04";"Yandex";"765 159";"29 428";"27 562 784";"2024-09-04 22:07:25"
"2024-09-08";"";"96 227";"167 544";"27 562 239";"2024-09-08 14:11:57"
"2024-09-07";"";"2 762 217";"84 710";"27 561 610";"2024-09-08 02:47:29"
"2024-09-02";"";"29 293";"13 979";"27 562 292";"2024-09-02 03:12:12"
"2024-09-02";"";"55 516";"14 992";"27 561 407";"2024-09-02 23:08:45"
"2024-09-04";"";"15 714";"51 224";"27 561 390";"2024-09-04 05:38:09"
"2024-09-01";"";"43 909";"3 705";"27 562 697";"2024-09-02 01:34:56"
"2024-09-10";"";"2 298";"30 204";"27 562 076";"2024-09-10 09:42:25"
"2024-09-02";"";"1 255 539";"30 183";"27 562 550";"2024-09-02 21:42:17"
"2024-09-02";"Yandex";"406 687";"294 811";"27 562 825";"2024-09-02 05:38:54"
"2024-09-03";"";"22 991 546";"594 394";"27 562 156";"2024-09-03 15:00:59"
"2024-09-09";"YouTube";"521 627";"76 549";"27 562 913";"2024-09-09 03:36:41"
"2024-09-05";"";"246 951";"13 697";"27 562 291";"2024-09-05 11:08:26"
"2024-09-04";"Facebook";"5 885 218";"384 218";"27 562 593";"2024-09-04 15:36:54"
"2024-09-03";"";"69 168";"9 377";"27 563 030";"2024-09-03 20:05:05"
"2024-09-09";"";"28 676";"5 287";"27 561 365";"2024-09-09 06:03:39"
"2024-09-09";"";"481 430";"26 953";"27 562 658";"2024-09-09 18:03:43"
"2024-09-05";"YouTube";"49 260";"5 449";"27 563 069";"2024-09-05 16:49:07"
"2024-09-05";"Instagram";"237 328";"25 188";"27 562 832";"2024-09-05 07:16:45"
"2024-09-09";"YouTube";"1 620 138";"236 621";"27 561 956";"2024-09-10 02:59:27"
"2024-09-10";"";"10 182 417";"460 196";"27 562 291";"2024-09-10 08:53:46"
"2024-09-07";"";"31 194";"2 598";"27 562 073";"2024-09-07 03:12:37"
"2024-09-04";"";"936 293";"41 645";"27 563 453";"2024-09-04 13:58:59"
"2024-09-09";"";"57 677";"9 182";"27 562 856";"2024-09-09 22:19:08"
"2024-09-09";"";"1 004 120";"182 202";"27 563 290";"2024-09-09 05:02:43"
"2024-09-06";"";"450 242";"23 766";"27 561 776";"2024-09-06 11:08:00"
"2024-09-04";"WhatsApp";"1 793 892";"48 171";"27 563 381";"2024-09-04 18:03:00"
"2024-09-05";"Instagram";"1 217 613";"27 883";"27 561 315";"2024-09-05 19:16:34"
"2024-09-05";"YouTube";"923 316";"148 137";"27 562 917";"2024-09-06 00:33:34"
"2024-09-07";"Facebook";"237 010";"28 717";"27 562 679";"2024-09-08 02:47:17"
"2024-09-08";"";"54 057";"3 245";"27 563 500";"2024-09-08 17:02:33"
"2024-09-10";"";"342 352";"15 752";"27 562 571";"2024-09-10 03:24:41"
"2024-09-09";"";"74 888";"4 563";"27 562 107";"2024-09-09 14:11:14"
"2024-09-07";"Instagram";"10 882 509";"850 414";"27 562 100";"2024-09-07 22:43:29"
"2024-09-10";"";"655 426";"31 460";"27 561 615";"2024-09-10 09:06:28"
"2024-09-03";"";"759 263";"1 143 341";"27 561 633";"2024-09-03 07:04:06"
"2024-09-01";"";"7 973";"50 123";"27 562 289";"2024-09-01 19:16:40"
"2024-09-04";"";"296 020";"41 508";"27 562 558";"2024-09-04 19:28:15"
"2024-09-10";"";"193 027";"21 534";"27 562 057";"2024-09-10 04:01:45"
"2024-09-01";"YouTube";"156 662 241";"10 559 120";"27 561 347";"2024-09-01 20:41:13"
"2024-09-07";"";"599 604";"171 085";"27 561 207";"2024-09-07 04:49:26"
"2024-09-02";"VKontakte";"8 567";"75 151";"27 563 424";"2024-09-02 09:18:57"
"2024-09-02";"";"2 940 934";"155 415";"27 562 292";"2024-09-02 16:49:03"
"2024-09-10";"";"324 206";"24 113";"27 562 172";"2024-09-10 10:19:03"
"2024-09-04";"";"218 107";"247 312";"27 562 787";"2024-09-04 14:59:34"
"2024-09-02";"";"7 236";"111 269";"27 562 756";"2024-09-02 20:05:45"
"2024-09-02";"";"348 122";"37 040";"27 561 548";"2024-09-02 13:22:11"
"2024-09-01";"";"61 442";"7 084";"27 562 734";"2024-09-01 09:06:25"
"2024-09-03";"";"768";"34 754";"27 562 914";"2024-09-03 05:02:55"
"2024-09-10";"";"73 914";"64 380";"27 562 047";"2024-09-10 09:54:02"
"2024-09-01";"";"59 429";"9 141";"27 563 364";"2024-09-01 05:50:25"
"2024-09-02";"";"75 694";"9 052";"27 562 649";"2024-09-02 05:26:07"
"2024-09-01";"Instagram";"4 351 335";"425 608";"27 561 361";"2024-09-01 10:43:09"
"2024-09-09";"Instagram";"72 370 439";"2 170 100";"27 561 501";"2024-09-09 22:19:25"
"2024-09-02";"Facebook";"518 691";"219 705";"27 562 497";"2024-09-02 15:36:03"
"2024-09-10";"YouTube";"365 451 676";"20 592 720";"27 562 558";"2024-09-10 07:16:43"
"2024-09-08";"";"273 452";"16 153";"27 563 402";"2024-09-09 00:45:16"
"2024-09-09";"YouTube";"971 544";"3 802 795";"27 561 971";"2024-09-09 22:19:43"
"2024-09-02";"Telegram";"345 905";"32 710";"27 563 464";"2024-09-02 18:15:06"
"2024-09-06";"YouTube";"208 391 730";"13 377 687";"27 561 971";"2024-09-06 12:57:34"
"2024-09-06";"YouTube";"696 949 276";"41 119 118";"27 562 561";"2024-09-06 21:54:23"
"2024-09-05";"";"136 117";"11 921";"27 561 600";"2024-09-05 09:18:40"
"2024-09-03";"";"70 770";"91 236";"27 561 873";"2024-09-03 09:06:00"
"2024-09-03";"Facebook";"36 498";"2 947";"27 563 326";"2024-09-03 16:25:34"
"2024-09-06";"";"138 308";"15 389";"27 561 958";"2024-09-06 04:37:36"
"2024-09-06";"";"35 362";"2 387";"27 562 504";"2024-09-07 00:09:17"
"2024-09-03";"Instagram";"192 337";"16 593";"27 561 251";"2024-09-03 13:10:49"
"2024-09-06";"";"894 163 897";"190 898 556";"27 561 767";"2024-09-06 16:13:44"
"2024-09-07";"YouTube";"1 853 299";"133 802";"27 561 253";"2024-09-08 00:21:11"
"2024-09-09";"";"151 783";"478 102";"27 562 034";"2024-09-09 08:05:58"
"2024-09-01";"";"316 831";"9 484";"27 561 845";"2024-09-01 14:35:23"
"2024-09-05";"Instagram";"1 160 802";"783 456";"27 561 171";"2024-09-05 21:18:02"
"2024-09-03";"";"98 692";"5 520";"27 562 003";"2024-09-03 07:52:22"
"2024-09-03";"";"158 927";"26 882";"27 561 651";"2024-09-03 04:49:58"
"2024-09-09";"Instagram";"1 613 453";"6 184 860";"27 562 739";"2024-09-09 20:53:43"
"2024-09-05";"Instagram";"96 585 322";"3 819 032";"27 562 843";"2024-09-05 21:54:03"
"2024-09-05";"";"295 155";"65 850";"27 563 467";"2024-09-06 00:45:10"
"2024-09-05";"Instagram";"4 875 358";"1 730 155";"27 561 366";"2024-09-05 20:53:55"
"2024-09-10";"";"41 446";"7 323";"27 562 490";"2024-09-10 04:49:07"
"2024-09-05";"Facebook";"2 491 661";"1 534 106";"27 562 868";"2024-09-05 10:07:57"
"2024-09-06";"";"35 571";"27 962";"27 561 811";"2024-09-06 08:53:35"
"2024-09-02";"";"123 088";"7 010";"27 562 956";"2024-09-02 21:18:40"
"2024-09-06";"";"251 154";"27 729";"27 562 868";"2024-09-06 06:03:28"
"2024-09-08";"IMO";"302 935";"124 745";"27 562 587";"2024-09-08 03:00:16"
"2024-09-03";"YouTube";"554 380";"88 690";"27 561 378";"2024-09-03 17:50:10"
"2024-09-07";"";"690 841";"296 271";"27 563 165";"2024-09-07 19:52:31"
"2024-09-01";"";"236 740";"12 998";"27 562 286";"2024-09-01 21:18:37"
"2024-09-02";"";"113 205";"5 003";"27 561 216";"2024-09-02 11:08:42"
"2024-09-06";"";"38 265";"3 259";"27 563 404";"2024-09-06 07:04:55"
"2024-09-06";"";"883 023";"25 050";"27 562 898";"2024-09-06 12:33:20"
"2024-09-10";"";"98 558";"13 918";"27 561 970";"2024-09-10 15:36:44"
"2024-09-03";"";"3 704 957";"284 879";"27 561 975";"2024-09-03 07:16:58"
"2024-09-04";"Tas-ix";"215 642";"57 151";"27 562 751";"2024-09-04 12:33:27"
"2024-09-05";"Instagram";"2 166 778";"156 372";"27 562 382";"2024-09-06 01:10:11"
"2024-09-06";"";"34 475";"7 057";"27 562 082";"2024-09-06 15:12:55"
"2024-09-10";"";"1 903 347";"84 384";"27 563 334";"2024-09-10 06:51:17"
"2024-09-05";"";"852 545";"51 020";"27 561 725";"2024-09-05 16:25:35"
"2024-09-06";"YouTube";"7 327 171";"2 847 005";"27 563 273";"2024-09-06 03:36:41"
"2024-09-10";"YouTube";"608 284";"84 017";"27 561 809";"2024-09-11 00:21:23"
"2024-09-04";"YouTube";"110 471 388";"7 869 424";"27 562 696";"2024-09-04 07:52:28"
"2024-09-02";"Facebook";"1 064 328";"46 929";"27 562 623";"2024-09-02 12:57:12"
"2024-09-04";"";"47 231";"2 413";"27 562 646";"2024-09-04 15:24:16"
"2024-09-10";"Telegram";"7 019 090";"1 619 043";"27 561 666";"2024-09-10 08:53:41"
"2024-09-06";"";"25 851";"2 003";"27 561 886";"2024-09-06 17:14:38"
"2024-09-06";"";"214 466";"11 633";"27 562 845";"2024-09-06 22:19:40"
"2024-09-09";"";"116 678";"1 285 938";"27 562 722";"2024-09-09 11:56:46"
"2024-09-09";"";"35 790";"5 283";"27 561 866";"2024-09-09 12:33:50"
"2024-09-07";"Instagram";"6 825 035";"221 513";"27 563 357";"2024-09-07 07:28:25"
"2024-09-02";"Telegram";"4 960 690";"716 717";"27 562 670";"2024-09-02 18:27:14"
"2024-09-03";"Instagram";"10 540 026";"420 859";"27 562 675";"2024-09-03 16:25:48"
"2024-09-08";"";"29 870";"3 290";"27 563 293";"2024-09-08 19:40:31"
"2024-09-02";"";"12 508 061";"583 433";"27 562 173";"2024-09-03 01:34:54"
"2024-09-07";"YouTube";"1 030 074";"168 120";"27 563 072";"2024-09-07 21:54:41"
"2024-09-04";"";"46 788";"5 347";"27 561 958";"2024-09-04 10:55:41"
"2024-09-09";"";"78 210";"10 400";"27 561 772";"2024-09-09 05:50:46"
"2024-09-06";"Facebook";"787 149";"482 165";"27 562 840";"2024-09-06 05:14:33"
"2024-09-01";"YouTube";"437 141";"29 958";"27 562 037";"2024-09-01 14:59:50"
"2024-09-03";"TikTok";"930";"58 380";"27 563 213";"2024-09-03 09:30:53"
"2024-09-05";"";"96 686";"61 392";"27 563 048";"2024-09-05 17:38:20"
"2024-09-05";"Instagram";"1 529 388";"1 720 052";"27 563 488";"2024-09-05 11:20:34"
"2024-09-04";"";"239 102";"26 264";"27 562 233";"2024-09-05 01:46:13"
"2024-09-09";"";"21 907";"782 597";"27 562 896";"2024-09-09 03:24:05"
"2024-09-04";"";"7 307 842";"1 721 077";"27 562 497";"2024-09-05 02:59:49"
"2024-09-10";"";"1 673 352";"171 356";"27 561 315";"2024-09-10 23:08:27"
"2024-09-08";"";"106 444";"98 323";"27 563 021";"2024-09-09 02:47:07"
"2024-09-02";"";"309 807";"17 599";"27 562 014";"2024-09-03 01:46:34"
"2024-09-06";"";"245 268";"16 543";"27 562 894";"2024-09-06 22:31:38"
"2024-09-09";"";"5 099 455";"156 881";"27 562 692";"2024-09-09 03:36:03"
"2024-09-05";"";"108 164";"10 322";"27 562 205";"2024-09-06 01:46:44"
"2024-09-02";"Facebook";"418 833";"16 259";"27 563 329";"2024-09-02 23:32:30"
"2024-09-02";"YouTube";"2 966 535";"1 124 079";"27 562 835";"2024-09-02 09:54:46"
"2024-09-08";"";"35 979";"4 569";"27 562 320";"2024-09-08 15:48:45"
"2024-09-02";"";"344 443";"20 035";"27 563 411";"2024-09-02 17:38:44"
"2024-09-01";"";"300 349";"51 020";"27 562 862";"2024-09-01 12:09:33"
"2024-09-03";"WhatsApp";"139 637";"66 923";"27 561 697";"2024-09-03 19:40:25"
"2024-09-10";"";"995 708";"36 391";"27 562 445";"2024-09-10 06:39:00"
"2024-09-09";"Instagram";"119 716 479";"3 220 970";"27 562 993";"2024-09-09 20:29:34"
"2024-09-10";"";"62 729";"62 578";"27 561 529";"2024-09-10 06:27:53"
"2024-09-02";"WeChat";"181 653";"76 206";"27 562 398";"2024-09-02 06:39:58"
"2024-09-02";"";"31 985";"13 278";"27 561 557";"2024-09-03 02:23:32"
"2024-09-03";"YouTube";"4 187 483";"408 783";"27 563 189";"2024-09-03 05:26:02"
"2024-09-09";"";"749 290";"281 215";"27 561 339";"2024-09-09 20:05:45"
"2024-09-03";"";"1 208 587";"874 519";"27 561 906";"2024-09-03 05:26:11"
"2024-09-03";"";"1 488 934";"863 847";"27 561 707";"2024-09-03 16:01:07"
"2024-09-08";"";"317 650";"15 319";"27 562 497";"2024-09-08 20:29:29"
"2024-09-07";"";"194 111";"106 650";"27 562 125";"2024-09-07 20:41:07"
"2024-09-03";"";"3 989 873";"133 468";"27 562 906";"2024-09-04 00:21:13"
"2024-09-04";"";"742 676";"188 085";"27 562 239";"2024-09-04 20:41:07"
"2024-09-10";"PUBG";"337 551 607";"11 703 878";"27 563 333";"2024-09-11 00:45:14"
"2024-09-10";"WhatsApp";"8 666 326";"20 575 527";"27 562 762";"2024-09-10 16:13:38"
"2024-09-09";"";"35 277 407";"2 191 985";"27 562 758";"2024-09-09 19:52:53"
"2024-09-06";"";"292 877";"48 577";"27 563 023";"2024-09-06 09:54:54"
"2024-09-08";"";"381 744";"74 446";"27 563 501";"2024-09-09 01:10:01"
"2024-09-06";"";"586 378";"45 742";"27 561 518";"2024-09-06 11:20:21"
"2024-09-05";"Instagram";"374 426 909";"5 438 463";"27 562 698";"2024-09-05 23:32:53"
"2024-09-03";"";"91 000";"58 179";"27 562 771";"2024-09-03 22:19:51"
"2024-09-03";"";"95 665";"39 700";"27 562 835";"2024-09-03 08:05:33"
"2024-09-06";"";"38 197";"8 169";"27 562 309";"2024-09-07 01:46:43"
"2024-09-03";"";"1 319 294";"274 904";"27 561 888";"2024-09-04 01:58:41"
"2024-09-04";"YouTube";"3 542 273";"204 666";"27 563 293";"2024-09-04 14:59:29"
"2024-09-04";"";"109 500";"7 418";"27 561 684";"2024-09-04 17:38:29"
"2024-09-04";"Instagram";"33 120 499";"645 875";"27 561 805";"2024-09-04 09:54:43"
"2024-09-02";"";"191 373";"46 154";"27 561 649";"2024-09-03 02:47:35"
"2024-09-08";"";"347 799";"34 992";"27 562 205";"2024-09-08 18:51:47"
"2024-09-07";"Instagram";"173 604 972";"3 647 074";"27 562 036";"2024-09-08 01:46:00"
"2024-09-01";"";"36 771";"10 024";"27 561 386";"2024-09-01 22:55:47"
"2024-09-09";"";"658 629";"66 883";"27 562 701";"2024-09-09 19:52:55"
"2024-09-10";"";"48 488";"2 553";"27 561 649";"2024-09-10 20:41:30"
"2024-09-09";"";"48 443 573";"1 660 253";"27 561 413";"2024-09-09 13:46:38"
"2024-09-02";"Telegram";"408 060";"53 904";"27 562 139";"2024-09-02 15:24:59"
"2024-09-10";"";"262 362";"9 154 908";"27 563 147";"2024-09-10 09:30:32"
"2024-09-08";"";"241 973";"58 903";"27 562 865";"2024-09-08 15:36:08"
"2024-09-06";"Yandex";"101 474";"33 429";"27 563 065";"2024-09-07 02:23:29"
"2024-09-10";"";"102 289";"4 839";"27 561 800";"2024-09-10 19:28:51"
"2024-09-04";"Yandex";"99 067";"6 548";"27 562 921";"2024-09-04 18:15:36"
"2024-09-03";"TikTok";"20 180";"1 117 014";"27 562 050";"2024-09-03 05:14:31"
"2024-09-05";"";"13 985 896";"751 900";"27 562 099";"2024-09-05 23:56:17"
"2024-09-05";"YouTube";"5 246 424";"1 621 466";"27 563 234";"2024-09-05 05:50:38"
"2024-09-06";"";"1 472 505";"656 890";"27 562 185";"2024-09-06 22:55:53"
"2024-09-09";"Unknown";"1 630 689";"147 859";"27 562 791";"2024-09-09 07:28:25"
"2024-09-07";"";"61 930";"5 954";"27 562 879";"2024-09-07 15:24:18"
"2024-09-02";"YouTube";"218 580";"11 653";"27 561 573";"2024-09-02 04:13:22"
"2024-09-03";"";"27 952";"13 879";"27 561 906";"2024-09-04 02:11:58"
"2024-09-10";"";"689 787";"120 812";"27 563 109";"2024-09-11 02:59:05"
"2024-09-07";"";"58 246";"8 458";"27 563 000";"2024-09-07 11:44:07"
"2024-09-08";"";"64 123";"15 103";"27 563 122";"2024-09-08 05:26:12"
"2024-09-03";"Instagram";"1 393 646";"587 567";"27 562 505";"2024-09-03 16:13:12"
"2024-09-02";"";"69 785 396";"3 950 308";"27 563 076";"2024-09-02 03:24:17"
"2024-09-05";"";"201 929";"155 100";"27 562 696";"2024-09-05 08:29:30"
"2024-09-03";"";"148 634";"18 148";"27 562 803";"2024-09-03 09:42:47"
"2024-09-03";"";"82 350";"3 631";"27 563 244";"2024-09-03 16:01:19"
"2024-09-01";"Unknown";"113 094";"6 652";"27 561 861";"2024-09-01 13:46:57"
"2024-09-02";"";"30 537";"2 609";"27 561 257";"2024-09-02 05:26:31"
"2024-09-01";"";"20 133";"33 653";"27 561 606";"2024-09-01 05:26:57"
"2024-09-02";"";"168 682";"19 629";"27 561 490";"2024-09-02 10:31:23"
"2024-09-08";"";"34 149";"29 696";"27 561 378";"2024-09-08 08:05:38"
"2024-09-01";"";"97 199";"6 428";"27 561 953";"2024-09-01 22:07:16"
"2024-09-08";"";"517 789";"59 827";"27 562 942";"2024-09-08 11:56:16"
"2024-09-04";"YouTube";"126 168 315";"7 986 908";"27 562 066";"2024-09-05 02:23:12"
"2024-09-05";"Apple Music";"311 527";"18 130";"27 563 080";"2024-09-05 20:17:56"
"2024-09-08";"Yandex";"340 402";"30 318";"27 562 837";"2024-09-08 19:40:47"
"2024-09-07";"";"30 784";"2 876";"27 561 366";"2024-09-07 15:00:36"
"2024-09-02";"";"42 395";"3 326";"27 562 748";"2024-09-02 04:01:37"
"2024-09-02";"";"42 946";"1 789";"27 563 345";"2024-09-03 02:35:27"
"2024-09-08";"";"587 802";"49 992";"27 563 317";"2024-09-08 21:54:17"
"2024-09-10";"";"195 692";"782 085";"27 561 569";"2024-09-10 20:17:57"
"2024-09-10";"Facebook";"1 512 207";"679 636";"27 562 961";"2024-09-10 22:43:18"
"2024-09-07";"Instagram";"105 299 573";"1 821 833";"27 562 152";"2024-09-08 01:46:34"
"2024-09-10";"";"711 287";"36 664";"27 563 422";"2024-09-10 18:51:39"
"2024-09-08";"";"679 240";"416 748";"27 563 001";"2024-09-08 07:28:39"
"2024-09-03";"";"6 750 942";"267 328";"27 561 800";"2024-09-04 01:10:42"
"2024-09-01";"";"49 018";"1 880";"27 561 719";"2024-09-01 21:18:28"
"2024-09-10";"";"59 608";"9 697";"27 562 291";"2024-09-10 20:05:33"
"2024-09-10";"";"696 331";"47 673";"27 562 535";"2024-09-10 07:04:00"
"2024-09-09";"";"1 965 949";"112 861";"27 563 291";"2024-09-09 05:50:28"
"2024-09-10";"";"87 675";"3 617";"27 563 116";"2024-09-10 23:32:12"
"2024-09-08";"";"288 977";"61 012";"27 562 660";"2024-09-09 00:09:19"
"2024-09-02";"";"7 575";"38 132";"27 563 297";"2024-09-02 14:47:37"
"2024-09-01";"";"719 820";"267 075";"27 562 360";"2024-09-01 18:15:28"
"2024-09-02";"Instagram";"290 689";"40 193";"27 562 261";"2024-09-02 21:42:08"
"2024-09-06";"";"951 041";"888 552";"27 562 899";"2024-09-06 20:53:35"
"2024-09-08";"";"44 978";"254 641";"27 563 168";"2024-09-08 06:39:56"
"2024-09-05";"";"464 723";"58 394";"27 561 201";"2024-09-05 16:37:11"
"2024-09-01";"";"17 982 230";"1 530 861";"27 562 967";"2024-09-01 14:11:10"
"2024-09-07";"";"34 886";"4 997";"27 562 800";"2024-09-07 22:43:38"
"2024-09-02";"";"332 126";"16 624";"27 561 216";"2024-09-02 09:30:07"
"2024-09-02";"";"8 041";"26 043";"27 563 069";"2024-09-02 07:04:40"
"2024-09-09";"";"117 072";"14 702";"27 561 643";"2024-09-09 17:14:57"
"2024-09-03";"";"40 558";"5 991";"27 562 364";"2024-09-03 16:49:45"
"2024-09-09";"";"68 480";"47 025";"27 563 334";"2024-09-09 20:05:15"
"2024-09-09";"";"41 271";"3 615";"27 563 368";"2024-09-09 09:06:28"
"2024-09-10";"";"49 714";"8 035";"27 562 427";"2024-09-10 08:29:37"
"2024-09-09";"YouTube";"27 681";"6 635";"27 562 850";"2024-09-09 23:56:43"
"2024-09-02";"YouTube";"64 394 987";"4 510 611";"27 561 582";"2024-09-02 17:38:15"
"2024-09-06";"";"1 112 018";"87 979";"27 561 721";"2024-09-07 00:57:59"
"2024-09-06";"YouTube";"4 927 114";"1 216 015";"27 561 251";"2024-09-06 20:29:51"
"2024-09-10";"Instagram";"30 883 242";"558 717";"27 562 473";"2024-09-10 18:39:19"
"2024-09-06";"Yandex";"335 180";"77 250";"27 562 542";"2024-09-06 17:50:44"
"2024-09-02";"";"31 928";"14 468";"27 562 275";"2024-09-02 07:16:43"
"2024-09-04";"";"109 157";"7 400";"27 562 033";"2024-09-04 16:37:25"
"2024-09-09";"";"77 156";"7 771";"27 561 192";"2024-09-09 18:27:09"
"2024-09-03";"";"208 144";"165 913";"27 562 524";"2024-09-03 20:17:20"
"2024-09-06";"";"3 022 775";"995 709";"27 561 290";"2024-09-06 23:44:44"
"2024-09-09";"";"9 443 167";"471 912";"27 562 233";"2024-09-09 10:19:30"
"2024-09-10";"Facebook";"353 693";"388 433";"27 562 590";"2024-09-11 01:46:41"
"2024-09-07";"";"757 573";"120 078";"27 562 391";"2024-09-07 22:31:16"
"2024-09-09";"YouTube";"1 273 102";"144 175";"27 562 202";"2024-09-09 08:17:12"
"2024-09-03";"";"158 585";"63 773";"27 562 757";"2024-09-04 01:58:03"
"2024-09-10";"Instagram";"11 761 298";"2 408 830";"27 563 445";"2024-09-10 03:48:41"
"2024-09-06";"";"312 103";"81 442";"27 561 547";"2024-09-06 20:05:35"
"2024-09-09";"";"27 133";"20 617";"27 561 497";"2024-09-09 17:50:57"
"2024-09-04";"";"195 375";"7 009";"27 563 075";"2024-09-04 19:04:43"
"2024-09-10";"";"33 801";"35 551";"27 562 968";"2024-09-10 19:52:33"
"2024-09-08";"";"76 660";"8 758";"27 563 379";"2024-09-08 05:38:14"
"2024-09-04";"Unknown";"37 525";"23 013";"27 562 000";"2024-09-04 13:58:05"
"2024-09-07";"YouTube";"442 380";"65 458";"27 561 831";"2024-09-08 01:58:38"
"2024-09-07";"Telegram";"19 466 938";"1 332 704";"27 563 029";"2024-09-07 21:42:36"
"2024-09-02";"";"13 457";"174 700";"27 562 604";"2024-09-03 00:57:21"
"2024-09-07";"Yandex Video";"202 967";"11 853";"27 562 692";"2024-09-07 23:20:48"
"2024-09-08";"";"112 304";"8 203";"27 562 872";"2024-09-08 06:27:05"
"2024-09-06";"Facebook";"126 255";"12 444";"27 563 171";"2024-09-06 06:39:06"
"2024-09-02";"Instagram";"7 821 354";"412 245";"27 562 571";"2024-09-02 18:39:15"
"2024-09-02";"";"293 502";"359 402";"27 562 863";"2024-09-02 11:44:49"
"2024-09-05";"";"146 577";"9 994";"27 562 903";"2024-09-05 22:31:05"
"2024-09-09";"";"835 265";"340 489";"27 562 516";"2024-09-09 21:54:57"
"2024-09-08";"";"36 057";"2 014";"27 562 998";"2024-09-08 10:31:20"
"2024-09-04";"";"41 909";"23 244";"27 563 264";"2024-09-04 20:53:51"
"2024-09-01";"Telegram";"3 161 324";"216 452";"27 562 687";"2024-09-01 19:16:57"
"2024-09-03";"";"29 042";"14 391";"27 562 698";"2024-09-03 20:53:14"
"2024-09-08";"";"274 310";"246 833";"27 561 567";"2024-09-08 10:43:51"
"2024-09-07";"YouTube";"11 458 038";"701 016";"27 561 536";"2024-09-07 09:54:30"
"2024-09-04";"";"8 757";"97 052";"27 562 073";"2024-09-04 20:29:38"
"2024-09-06";"";"409 663";"31 305";"27 561 610";"2024-09-06 19:28:29"
"2024-09-03";"";"401 985";"17 104";"27 561 510";"2024-09-03 04:49:50"
"2024-09-08";"";"35 450";"19 798";"27 562 459";"2024-09-08 03:48:12"
"2024-09-06";"";"913 163";"1 212 972";"27 563 366";"2024-09-07 02:35:21"
"2024-09-05";"";"84 987";"7 670";"27 563 344";"2024-09-05 20:17:26"
"2024-09-01";"";"315 155";"13 970";"27 561 660";"2024-09-01 16:25:51"
"2024-09-03";"Unknown";"199 305";"64 181";"27 562 656";"2024-09-03 17:26:54"
"2024-09-01";"Telegram";"1 459 761";"109 293";"27 561 548";"2024-09-01 09:54:30"
"2024-09-07";"YouTube";"74 001";"41 110";"27 561 289";"2024-09-07 10:31:11"
"2024-09-04";"";"2 363 079";"103 125";"27 562 445";"2024-09-04 15:24:02"
"2024-09-09";"Telegram";"23 747 102";"7 799 768";"27 562 304";"2024-09-10 01:10:48"
"2024-09-07";"";"18 294 861";"1 308 523";"27 563 210";"2024-09-07 19:04:13"
"2024-09-09";"";"31 165";"11 754";"27 561 922";"2024-09-09 10:19:09"
"2024-09-07";"";"33 068 537";"1 853 143";"27 562 853";"2024-09-07 03:00:16"
"2024-09-05";"YouTube";"5 796 961";"2 086 342";"27 563 031";"2024-09-06 02:23:53"
"2024-09-06";"";"40 659";"9 200";"27 562 442";"2024-09-06 14:59:18"
"2024-09-08";"";"29 665";"12 855";"27 562 234";"2024-09-08 19:40:05"
"2024-09-08";"";"287 900";"167 525";"27 561 302";"2024-09-08 04:25:54"
"2024-09-01";"Telegram";"26 750 517";"26 588 270";"27 563 285";"2024-09-01 14:47:47"
"2024-09-10";"";"2 065 644";"351 939";"27 562 733";"2024-09-10 18:03:55"
"2024-09-08";"";"26 437";"7 217";"27 562 212";"2024-09-08 09:54:36"
"2024-09-09";"YouTube";"858 819";"106 181";"27 562 069";"2024-09-09 11:20:50"
"2024-09-02";"Telegram";"2 110 692";"170 497";"27 563 333";"2024-09-02 16:49:11"
"2024-09-02";"";"140 965";"13 896";"27 561 378";"2024-09-02 16:01:48"
"2024-09-04";"YouTube";"441 709";"41 765";"27 561 763";"2024-09-04 21:54:34"
"2024-09-01";"";"19 382";"36 375";"27 562 788";"2024-09-01 08:17:17"
"2024-09-01";"WhatsApp";"185 044";"10 655";"27 561 185";"2024-09-01 06:39:36"
"2024-09-02";"Facebook";"2 062 600";"140 855";"27 562 415";"2024-09-02 18:15:14"
"2024-09-06";"YouTube";"5 031 681";"278 807";"27 562 204";"2024-09-06 11:08:04"
"2024-09-08";"";"30 652";"9 023";"27 561 536";"2024-09-08 06:15:36"
"2024-09-04";"";"102 167";"11 617";"27 562 156";"2024-09-04 03:24:57"
"2024-09-09";"";"13 186";"584 628";"27 562 193";"2024-09-10 01:34:38"
"2024-09-08";"";"4 724 056";"228 123";"27 562 224";"2024-09-08 22:19:21"
"2024-09-06";"";"29 882";"18 164";"27 563 058";"2024-09-07 01:46:00"
"2024-09-10";"Instagram";"1 073 146";"2 204 329";"27 561 254";"2024-09-10 14:35:14"
"2024-09-07";"Tas-ix";"1 235 514";"47 172";"27 563 410";"2024-09-07 09:06:46"
"2024-09-02";"Telegram";"1 752 136";"263 217";"27 561 545";"2024-09-02 04:13:53"
"2024-09-07";"";"75 779";"11 121";"27 563 453";"2024-09-07 23:20:29"
"2024-09-08";"";"223 826";"7 420";"27 563 145";"2024-09-08 09:06:32"
"2024-09-03";"";"29 314";"9 409";"27 561 689";"2024-09-03 14:23:27"
"2024-09-10";"";"148 501";"21 101";"27 562 903";"2024-09-10 21:42:16"
"2024-09-01";"Tas-ix";"70 594";"21 584";"27 562 355";"2024-09-01 21:18:21"
"2024-09-08";"";"25 626";"3 385";"27 562 243";"2024-09-08 22:31:50"
"2024-09-02";"";"143 282";"63 262";"27 561 941";"2024-09-02 03:24:25"
"2024-09-08";"";"16 142";"351 034";"27 561 315";"2024-09-08 03:36:11"
"2024-09-10";"YouTube";"371 665";"50 609";"27 563 105";"2024-09-10 21:54:22"
"2024-09-10";"";"239 437";"410 812";"27 561 846";"2024-09-10 20:29:22"
"2024-09-05";"";"11 276";"46 643";"27 563 446";"2024-09-05 10:19:39"
"2024-09-07";"";"40 504";"3 958";"27 563 493";"2024-09-07 17:02:24"
"2024-09-04";"";"149 052";"10 993";"27 562 865";"2024-09-04 16:25:40"
"2024-09-09";"";"94 798";"28 317";"27 562 674";"2024-09-09 22:55:31"
"2024-09-09";"";"31 234";"2 090";"27 561 330";"2024-09-09 15:24:33"
"2024-09-09";"Unknown";"25 624";"13 784";"27 562 644";"2024-09-09 03:48:34"
"2024-09-09";"Facebook";"46 465";"4 479";"27 562 281";"2024-09-09 19:04:29"
"2024-09-09";"";"344 096";"70 715";"27 563 430";"2024-09-09 22:31:08"
"2024-09-02";"YouTube";"23 783";"42 600";"27 562 994";"2024-09-03 02:23:03"
"2024-09-01";"WhatsApp";"437 714";"755 928";"27 562 199";"2024-09-01 05:02:56"
"2024-09-06";"";"66 765";"1 772";"27 561 224";"2024-09-06 20:17:25"
"2024-09-05";"Unknown";"104 939";"41 148";"27 563 022";"2024-09-06 02:47:20"
"2024-09-09";"";"203 960";"18 345";"27 562 124";"2024-09-09 20:05:03"
"2024-09-02";"";"586 866";"24 645 066";"27 563 448";"2024-09-02 15:12:19"
"2024-09-02";"Telegram";"61 736 410";"8 204 630";"27 561 533";"2024-09-02 03:00:50"
"2024-09-06";"";"538 225";"33 897";"27 563 174";"2024-09-06 13:22:21"
"2024-09-03";"Instagram";"12 351 605";"555 649";"27 561 870";"2024-09-03 09:54:12"
"2024-09-06";"";"5 514";"26 864";"27 561 744";"2024-09-06 05:38:23"
"2024-09-09";"";"103 201";"8 899";"27 562 642";"2024-09-09 23:20:41"
"2024-09-10";"";"129 979";"17 137";"27 563 367";"2024-09-10 23:56:31"
"2024-09-10";"Instagram";"23 019 769";"739 440";"27 562 900";"2024-09-10 04:49:52"
"2024-09-08";"";"46 323";"131 873";"27 562 594";"2024-09-08 23:56:41"
"2024-09-02";"";"43 672";"2 301";"27 562 372";"2024-09-02 16:13:39"
"2024-09-04";"Apple Music";"47 124";"2 628";"27 563 417";"2024-09-04 03:12:17"
"2024-09-10";"";"224 009";"63 090";"27 562 172";"2024-09-10 14:59:50"
"2024-09-07";"";"12 891 818";"624 179";"27 561 722";"2024-09-07 16:37:39"
"2024-09-03";"";"89 669 090";"1 238 317";"27 562 453";"2024-09-03 18:27:14"
"2024-09-08";"Instagram";"77 131";"7 590";"27 563 050";"2024-09-08 04:01:07"
"2024-09-06";"Facebook";"1 305 431";"358 329";"27 562 320";"2024-09-06 11:20:17"
"2024-09-02";"";"17 760 495";"598 202";"27 562 401";"2024-09-02 20:17:46"
"2024-09-09";"";"63 267";"6 147";"27 563 119";"2024-09-09 09:54:34"
"2024-09-03";"";"169 134";"12 750";"27 562 435";"2024-09-03 15:24:18"
"2024-09-01";"";"189 691";"3 122 720";"27 562 064";"2024-09-01 06:51:04"
"2024-09-01";"";"45 635";"4 525";"27 561 552";"2024-09-01 03:00:21"
"2024-09-06";"YouTube";"3 850 133";"290 341";"27 562 879";"2024-09-06 21:54:04"
"2024-09-06";"";"1 221 868";"469 084";"27 561 224";"2024-09-06 11:32:49"
"2024-09-08";"";"33 551";"10 082";"27 562 144";"2024-09-08 04:13:16"
"2024-09-05";"";"280 114";"451 028";"27 562 202";"2024-09-05 09:42:51"
"2024-09-07";"YouTube";"20 868 307";"1 881 833";"27 561 491";"2024-09-07 15:00:41"
"2024-09-05";"";"23 431";"83 705";"27 562 949";"2024-09-05 03:36:51"
"2024-09-08";"Likee";"694 596";"52 908";"27 562 265";"2024-09-08 03:24:35"
"2024-09-02";"";"271 092";"217 382";"27 561 396";"2024-09-02 05:14:24"
"2024-09-10";"Telegram";"195 163";"15 423";"27 561 597";"2024-09-10 13:46:05"
"2024-09-06";"";"174 576";"640 214";"27 562 982";"2024-09-06 17:50:47"
"2024-09-08";"YouTube";"197 085";"1 643 657";"27 561 994";"2024-09-08 17:02:47"
"2024-09-08";"";"1 052 830";"45 812";"27 561 989";"2024-09-08 21:42:06"
"2024-09-10";"";"8 774";"50 642";"27 562 357";"2024-09-10 19:16:54"
"2024-09-05";"";"1 042 768";"154 236";"27 561 838";"2024-09-05 07:04:30"
"2024-09-09";"Telegram";"1 598 739";"108 770";"27 562 841";"2024-09-09 08:29:35"
"2024-09-07";"Instagram";"1 562 057";"583 299";"27 561 501";"2024-09-07 23:56:33"
"2024-09-01";"Unknown";"2 165 207";"121 778";"27 562 675";"2024-09-01 04:25:09"
"2024-09-01";"YouTube";"208 694";"1 941 430";"27 563 030";"2024-09-01 15:24:21"
"2024-09-03";"";"1 910 802";"63 055";"27 562 040";"2024-09-03 04:37:58"
"2024-09-10";"YouTube";"43 144 695";"2 390 353";"27 561 225";"2024-09-10 19:28:10"
"2024-09-09";"";"438 657";"126 461";"27 562 622";"2024-09-09 17:38:11"
"2024-09-04";"";"58 682";"7 377";"27 563 432";"2024-09-04 14:59:00"
"2024-09-10";"";"28 377";"8 161";"27 562 382";"2024-09-10 13:58:05"
"2024-09-08";"WhatsApp";"1 311 356";"71 755";"27 562 668";"2024-09-08 18:51:31"
"2024-09-10";"";"50 476";"8 654";"27 563 295";"2024-09-10 21:30:51"
"2024-09-05";"";"129 792";"61 544";"27 562 028";"2024-09-05 11:56:53"
"2024-09-06";"";"281 144";"81 105";"27 562 260";"2024-09-06 20:29:22"
"2024-09-02";"Instagram";"28 207";"3 917";"27 561 669";"2024-09-02 15:24:21"
"2024-09-06";"YouTube";"4 467 754";"2 728 503";"27 562 709";"2024-09-06 04:37:22"
"2024-09-06";"";"62 728";"249 084";"27 561 390";"2024-09-06 07:52:58"
"2024-09-04";"";"29 268";"8 985";"27 561 380";"2024-09-05 00:33:22"
"2024-09-04";"";"7 697";"83 158";"27 561 306";"2024-09-04 18:15:08"
"2024-09-03";"YouTube";"1 355 173";"71 506";"27 561 231";"2024-09-04 02:59:46"
"2024-09-09";"";"90 678";"39 103";"27 561 431";"2024-09-09 16:01:37"
"2024-09-09";"";"124 406";"19 912";"27 563 022";"2024-09-09 09:18:03"
"2024-09-09";"Unknown";"37 097";"7 306";"27 562 265";"2024-09-09 06:03:24"
"2024-09-05";"Telegram";"8 703 468";"478 661";"27 561 343";"2024-09-05 20:29:21"
"2024-09-03";"";"23 529 951";"721 017";"27 561 647";"2024-09-03 03:48:49"
"2024-09-01";"Instagram";"128 130";"11 701";"27 562 917";"2024-09-01 10:31:18"
"2024-09-07";"";"38 928";"178 586";"27 563 113";"2024-09-07 05:14:15"
"2024-09-01";"";"115 418";"4 757";"27 561 924";"2024-09-01 10:55:01"
"2024-09-10";"";"1 781 540";"114 048";"27 563 284";"2024-09-10 23:08:55"
"2024-09-02";"Instagram";"300 107";"21 938";"27 562 013";"2024-09-02 16:25:40"
"2024-09-02";"";"223 520";"97 536";"27 561 951";"2024-09-02 11:56:30"
"2024-09-03";"";"18 970";"27 529";"27 562 326";"2024-09-03 14:59:44"
"2024-09-10";"";"12 149";"27 481";"27 561 252";"2024-09-10 09:30:36"
"2024-09-06";"Telegram";"179 313";"264 971";"27 562 086";"2024-09-06 23:44:02"
"2024-09-03";"";"28 261";"6 256";"27 562 216";"2024-09-03 08:17:45"
"2024-09-06";"";"2 428 371";"149 247";"27 563 424";"2024-09-06 21:18:36"
"2024-09-07";"";"118 303";"378 978";"27 561 247";"2024-09-07 04:01:52"
"2024-09-02";"";"28 084";"3 599";"27 562 639";"2024-09-02 06:03:16"
"2024-09-09";"Instagram";"170 958";"44 607";"27 561 707";"2024-09-10 00:45:55"
"2024-09-03";"";"215 745";"21 923";"27 562 281";"2024-09-03 23:08:36"
"2024-09-06";"";"57 320";"199 656";"27 562 324";"2024-09-06 11:56:49"
"2024-09-05";"";"630 657";"23 636";"27 561 884";"2024-09-05 08:53:02"
"2024-09-10";"";"102 078";"16 307";"27 561 271";"2024-09-10 20:05:43"
"2024-09-02";"YouTube";"27 062 831";"1 436 607";"27 563 003";"2024-09-02 17:38:54"
"2024-09-10";"";"234 939";"11 630";"27 561 742";"2024-09-10 20:29:05"
"2024-09-03";"";"122 563";"34 444";"27 561 273";"2024-09-04 02:47:10"
"2024-09-02";"YouTube";"474 596";"1 145 785";"27 561 239";"2024-09-03 00:21:03"
"2024-09-03";"Instagram";"98 321 886";"2 215 142";"27 562 810";"2024-09-03 23:08:10"
"2024-09-04";"Instagram";"113 086 280";"2 057 058";"27 563 328";"2024-09-04 05:38:33"
"2024-09-07";"WhatsApp";"19 714 220";"32 394 693";"27 562 879";"2024-09-07 20:53:49"
"2024-09-02";"YouTube";"460 654";"67 814";"27 561 855";"2024-09-02 15:48:04"
"2024-09-07";"";"311 682";"30 113";"27 561 692";"2024-09-07 14:35:57"
"2024-09-03";"Unknown";"34 365";"6 978";"27 561 612";"2024-09-03 18:03:53"
"2024-09-01";"Unknown";"3 902 919";"215 378";"27 562 398";"2024-09-01 20:17:22"
"2024-09-09";"";"207 233";"9 528";"27 562 004";"2024-09-09 20:41:07"
"2024-09-08";"";"4 783 684";"3 186 110";"27 561 373";"2024-09-08 21:54:17"
"2024-09-04";"";"614 544";"20 331";"27 562 028";"2024-09-04 06:15:48"
"2024-09-10";"Telegram";"5 171 248";"10 109 067";"27 561 684";"2024-09-10 22:55:43"
"2024-09-04";"";"1 324 705";"100 147";"27 561 908";"2024-09-04 23:32:28"
"2024-09-05";"";"35 668";"13 711";"27 561 418";"2024-09-05 14:59:13"
"2024-09-10";"PUBG";"45 710";"18 675";"27 563 266";"2024-09-10 20:05:43"
"2024-09-01";"";"320 304";"7 368";"27 563 510";"2024-09-01 03:12:36"
"2024-09-02";"YouTube";"5 591 814";"2 542 886";"27 562 442";"2024-09-02 23:20:47"
"2024-09-01";"";"65 285";"305 730";"27 562 143";"2024-09-02 02:35:50"
"2024-09-10";"";"224 009";"14 771";"27 563 295";"2024-09-10 07:40:47"
"2024-09-01";"Unknown";"79 187";"23 164";"27 563 291";"2024-09-01 18:51:03"
"2024-09-07";"YouTube";"245 167";"97 883";"27 561 870";"2024-09-07 21:30:10"
"2024-09-07";"Apple Music";"64 535";"3 010";"27 563 153";"2024-09-07 12:45:15"
"2024-09-04";"Facebook";"125 450";"65 016";"27 562 173";"2024-09-04 05:26:44"
"2024-09-07";"";"80 740";"56 312";"27 561 787";"2024-09-07 15:12:50"
"2024-09-05";"";"55 152";"16 464";"27 561 510";"2024-09-05 03:36:56"
"2024-09-07";"";"7 453 954";"390 508";"27 561 380";"2024-09-07 17:02:24"
"2024-09-06";"";"101 383";"17 560";"27 562 365";"2024-09-07 02:23:49"
"2024-09-08";"Telegram";"96 124 589";"5 764 812";"27 562 263";"2024-09-08 20:41:34"
"2024-09-08";"";"113 929";"4 898";"27 561 641";"2024-09-08 06:27:48"
"2024-09-06";"";"6 297 926";"315 067";"27 561 692";"2024-09-06 12:33:09"
"2024-09-08";"YouTube";"3 171 163";"160 366";"27 563 098";"2024-09-08 20:29:15"
"2024-09-02";"";"96 110";"26 274";"27 561 534";"2024-09-02 11:44:23"
"2024-09-05";"";"53 474";"2 670";"27 561 232";"2024-09-05 11:44:21"
"2024-09-04";"";"726 387";"36 236";"27 561 730";"2024-09-05 02:23:06"
"2024-09-10";"";"126 563";"14 620";"27 563 042";"2024-09-10 18:03:31"
"2024-09-10";"";"55 445 045";"3 121 961";"27 561 221";"2024-09-11 01:46:10"
"2024-09-02";"";"207 195";"25 940";"27 561 898";"2024-09-03 02:35:51"
"2024-09-09";"";"94 699";"14 762";"27 561 217";"2024-09-10 00:21:14"
"2024-09-07";"";"81 350";"9 983";"27 562 865";"2024-09-07 16:13:13"
"2024-09-01";"";"85 896";"7 990";"27 563 293";"2024-09-02 01:46:38"
"2024-09-08";"";"3 739 837";"227 316";"27 562 192";"2024-09-08 04:13:11"
"2024-09-10";"";"771 266";"110 291";"27 562 685";"2024-09-10 16:37:55"
"2024-09-09";"";"490 443";"497 361";"27 563 198";"2024-09-09 15:24:38"
"2024-09-06";"";"1 157 415";"47 419";"27 562 363";"2024-09-06 13:34:48"
"2024-09-10";"";"1 140 622";"67 059";"27 563 334";"2024-09-10 04:01:16"
"2024-09-01";"";"374 479";"20 007";"27 562 021";"2024-09-02 01:46:44"
"2024-09-07";"";"170 676";"20 963";"27 561 958";"2024-09-08 02:59:56"
"2024-09-05";"";"823 709";"73 672";"27 563 123";"2024-09-06 00:21:33"
"2024-09-09";"Unknown";"46 248";"33 457";"27 561 669";"2024-09-09 04:25:17"
"2024-09-09";"YouTube";"376 577";"3 821 796";"27 561 593";"2024-09-09 08:53:43"
"2024-09-03";"Unknown";"59 475";"14 271";"27 562 934";"2024-09-03 21:06:17"
"2024-09-02";"";"2 809 564";"116 989";"27 561 924";"2024-09-02 20:53:45"
"2024-09-02";"";"64 962";"14 903";"27 563 263";"2024-09-02 20:05:18"
"2024-09-06";"YouTube";"61 931 640";"3 411 386";"27 562 878";"2024-09-06 05:26:30"
"2024-09-04";"";"68 659";"832 761";"27 562 300";"2024-09-04 07:40:14"
"2024-09-01";"";"206 972";"6 899";"27 562 876";"2024-09-01 10:31:38"
"2024-09-03";"Odnoklassniki";"7 449 810";"788 581";"27 562 712";"2024-09-03 10:31:03"
"2024-09-10";"";"146 614";"4 041";"27 562 041";"2024-09-10 10:55:06"
"2024-09-07";"Telegram";"71 041 186";"2 725 560";"27 561 763";"2024-09-07 13:46:27"
"2024-09-06";"";"150 181";"19 621";"27 561 668";"2024-09-06 05:02:18"
"2024-09-01";"";"29 329";"123 839";"27 562 704";"2024-09-01 03:48:31"
"2024-09-06";"YouTube";"82 446 527";"4 328 198";"27 562 672";"2024-09-06 16:25:27"
"2024-09-07";"YouTube";"221 028";"58 062";"27 561 335";"2024-09-07 21:30:30"
"2024-09-04";"";"43 538";"4 974";"27 563 353";"2024-09-04 11:32:05"
"2024-09-09";"";"258 287";"27 702";"27 562 982";"2024-09-09 08:29:39"
"2024-09-03";"";"222 880";"11 428";"27 562 098";"2024-09-03 23:08:03"
"2024-09-04";"";"34 413";"409 045";"27 562 555";"2024-09-04 13:58:54"
"2024-09-07";"Instagram";"520 946";"80 744";"27 563 065";"2024-09-07 13:10:16"
"2024-09-01";"";"82 506";"5 498";"27 562 559";"2024-09-01 23:44:40"
"2024-09-02";"";"40 928";"6 646";"27 562 467";"2024-09-02 09:54:55"
"2024-09-06";"";"159 168";"129 609";"27 561 207";"2024-09-06 12:57:07"
"2024-09-04";"Telegram";"47 278 650";"1 420 421";"27 562 200";"2024-09-05 02:11:30"
"2024-09-09";"";"137 374";"28 697";"27 561 722";"2024-09-09 18:51:40"
"2024-09-09";"";"29 406";"9 866";"27 561 687";"2024-09-09 11:32:32"
"2024-09-06";"";"31 634";"3 920";"27 562 699";"2024-09-06 13:34:55"
"2024-09-03";"";"30 931";"2 697";"27 561 205";"2024-09-03 07:28:36"
"2024-09-02";"";"151 636";"4 878";"27 561 800";"2024-09-02 13:34:05"
"2024-09-09";"";"1 693 884";"138 804";"27 562 677";"2024-09-09 03:48:26"
"2024-09-05";"";"820 247";"40 529";"27 561 426";"2024-09-05 19:16:27"
"2024-09-01";"";"2 513 973";"219 762";"27 561 865";"2024-09-01 18:15:37"
"2024-09-06";"PUBG";"2 760 842";"135 443";"27 562 322";"2024-09-06 16:25:42"
"2024-09-10";"";"108 494";"15 043";"27 562 571";"2024-09-10 12:57:35"
"2024-09-06";"";"4 721 833";"148 065";"27 562 044";"2024-09-06 13:58:38"
"2024-09-04";"";"120 054";"444 583";"27 561 634";"2024-09-04 16:37:06"
"2024-09-04";"";"60 875";"11 098";"27 562 143";"2024-09-05 00:33:59"
"2024-09-04";"";"27 574";"1 800";"27 562 264";"2024-09-05 01:34:53"
"2024-09-07";"";"164 338";"23 647";"27 562 444";"2024-09-07 20:05:19"
"2024-09-06";"";"25 813";"4 297";"27 562 800";"2024-09-06 17:50:01"
"2024-09-03";"";"66 676";"5 210";"27 561 884";"2024-09-03 09:06:58"
"2024-09-05";"";"204 440";"19 605";"27 561 708";"2024-09-05 08:05:20"
"2024-09-06";"Instagram";"4 766 507";"363 877";"27 561 752";"2024-09-06 03:24:03"
"2024-09-10";"";"470 463";"32 801";"27 563 509";"2024-09-10 11:44:52"
"2024-09-02";"";"6 546 046";"787 891";"27 561 500";"2024-09-02 20:17:19"
"2024-09-05";"";"4 220 074";"214 793";"27 561 437";"2024-09-05 06:27:08"
"2024-09-07";"";"26 654";"12 328";"27 562 003";"2024-09-07 09:42:29"
"2024-09-05";"";"113 872";"15 906";"27 561 651";"2024-09-05 13:58:37"
"2024-09-07";"";"157 870";"50 972";"27 561 662";"2024-09-07 21:42:48"
"2024-09-03";"";"66 148";"5 991";"27 563 093";"2024-09-03 22:19:01"
"2024-09-08";"";"90 366";"73 110";"27 562 998";"2024-09-08 15:36:14"
"2024-09-06";"";"284 872";"95 907";"27 562 613";"2024-09-06 22:19:27"
"2024-09-04";"";"1 533 088";"73 542";"27 563 219";"2024-09-05 01:10:46"
"2024-09-07";"";"6 032 623";"300 369";"27 561 687";"2024-09-07 19:52:29"
"2024-09-04";"";"15 554";"86 812";"27 561 301";"2024-09-04 09:06:03"
"2024-09-09";"Instagram";"6 439 741";"13 358 076";"27 562 621";"2024-09-09 04:37:38"
"2024-09-08";"";"84 891";"28 633";"27 563 014";"2024-09-08 07:04:55"
"2024-09-06";"";"40 291";"5 038";"27 561 690";"2024-09-06 20:29:33"
"2024-09-10";"YouTube";"596 328";"39 147";"27 562 842";"2024-09-10 06:15:54"
"2024-09-04";"Unknown";"1 202 660";"73 628";"27 561 792";"2024-09-04 19:28:42"
"2024-09-08";"";"30 364";"2 720";"27 563 402";"2024-09-08 15:24:30"
"2024-09-08";"";"9 010 673";"3 559 612";"27 563 174";"2024-09-09 00:45:02"
"2024-09-05";"Yandex";"27 852";"4 329";"27 562 263";"2024-09-06 00:21:21"
"2024-09-09";"YouTube";"48 282";"393 781";"27 562 275";"2024-09-09 10:43:40"
"2024-09-10";"";"3 126 039";"147 682";"27 562 494";"2024-09-10 04:01:37"
"2024-09-06";"";"787 719";"22 185";"27 562 843";"2024-09-06 03:24:59"
"2024-09-05";"";"422 988";"51 202";"27 561 357";"2024-09-06 01:10:01"
"2024-09-02";"";"357 912";"22 847";"27 563 217";"2024-09-03 02:59:27"
"2024-09-04";"";"69 294";"8 930";"27 561 501";"2024-09-04 11:44:02"
"2024-09-03";"Apple Music";"221 496";"42 939";"27 562 376";"2024-09-03 06:15:04"
"2024-09-04";"Telegram";"3 511 484";"3 134 192";"27 562 467";"2024-09-04 07:16:36"
"2024-09-07";"Yandex";"741 836";"441 385";"27 563 041";"2024-09-08 00:21:12"
"2024-09-02";"Instagram";"1 315 026";"59 272";"27 562 293";"2024-09-02 13:58:02"
"2024-09-07";"";"1 252 987";"55 514";"27 561 981";"2024-09-08 00:21:05"
"2024-09-06";"Instagram";"23 882 038";"837 922";"27 562 365";"2024-09-06 11:20:59"
"2024-09-06";"Telegram";"52 223";"15 457";"27 562 168";"2024-09-06 03:00:16"
"2024-09-06";"";"104 929";"6 391";"27 561 199";"2024-09-06 11:20:33"
"2024-09-09";"";"254 438";"9 998";"27 562 203";"2024-09-09 07:16:04"
"2024-09-10";"";"106 914";"133 106";"27 562 226";"2024-09-10 23:20:00"
"2024-09-05";"";"37 480";"2 028";"27 561 718";"2024-09-05 07:28:35"
"2024-09-08";"";"29 445";"3 967";"27 561 201";"2024-09-08 07:52:34"
"2024-09-08";"";"38 695";"8 250";"27 563 136";"2024-09-08 04:25:49"
"2024-09-04";"";"114 116";"23 242";"27 562 552";"2024-09-04 09:18:53"
"2024-09-03";"";"293 434";"124 906";"27 563 128";"2024-09-03 23:20:43"
"2024-09-06";"";"97 316";"7 255";"27 561 204";"2024-09-06 06:51:25"
"2024-09-02";"";"1 269 978";"577 300";"27 561 641";"2024-09-03 01:58:52"
"2024-09-01";"";"133 777";"18 041";"27 562 961";"2024-09-01 21:18:18"
"2024-09-01";"";"139 007";"85 015";"27 562 222";"2024-09-01 09:42:20"
"2024-09-05";"";"82 264";"3 290";"27 561 670";"2024-09-05 21:54:15"
"2024-09-07";"";"36 362";"2 552";"27 561 224";"2024-09-07 13:34:29"
"2024-09-08";"";"32 529";"16 280";"27 563 363";"2024-09-08 20:29:08"
"2024-09-09";"YouTube";"1 090 673";"352 985";"27 563 314";"2024-09-09 13:58:36"
"2024-09-09";"";"5 893 151";"270 788";"27 562 741";"2024-09-09 22:19:19"
"2024-09-03";"";"22 490 436";"974 591";"27 563 344";"2024-09-03 14:47:50"
"2024-09-06";"";"293 523";"69 675";"27 563 029";"2024-09-06 09:18:31"
"2024-09-10";"";"922 706";"384 856";"27 563 442";"2024-09-10 21:42:55"
"2024-09-04";"";"239 222";"111 397";"27 563 413";"2024-09-04 06:39:26"
"2024-09-04";"";"254 903";"12 165";"27 562 824";"2024-09-04 23:08:30"
"2024-09-10";"";"73 071";"21 317";"27 563 114";"2024-09-10 23:08:43"
"2024-09-04";"Facebook";"59 795";"3 499";"27 562 348";"2024-09-04 09:54:32"
"2024-09-03";"";"1 588 676";"208 950";"27 561 867";"2024-09-03 05:26:36"
"2024-09-01";"";"107 196";"10 254";"27 562 366";"2024-09-01 21:30:34"
"2024-09-06";"Facebook";"129 029";"21 010";"27 562 286";"2024-09-06 18:39:00"
"2024-09-09";"";"82 466";"52 239";"27 563 154";"2024-09-09 20:05:27"
"2024-09-03";"YouTube";"547 815";"55 450";"27 561 718";"2024-09-03 04:25:32"
"2024-09-01";"";"641 536";"120 820";"27 562 557";"2024-09-01 23:56:03"
"2024-09-10";"";"721 635";"39 617";"27 563 211";"2024-09-10 23:32:52"
"2024-09-08";"WhatsApp";"4 376 620";"18 526 057";"27 562 200";"2024-09-08 08:17:06"
"2024-09-08";"";"444 295";"95 888";"27 562 322";"2024-09-08 18:03:01"
"2024-09-03";"Apple Music";"63 060";"1 641";"27 562 296";"2024-09-04 00:21:47"
"2024-09-01";"YouTube";"32 783";"3 714";"27 562 734";"2024-09-01 20:17:04"
"2024-09-08";"";"30 239";"9 773";"27 561 355";"2024-09-08 07:52:40"
"2024-09-03";"Instagram";"7 259 292";"4 087 679";"27 562 713";"2024-09-03 14:11:09"
"2024-09-03";"";"29 828";"5 350";"27 561 684";"2024-09-03 21:18:51"
"2024-09-09";"";"273 653";"171 110";"27 563 403";"2024-09-09 22:43:07"
"2024-09-02";"";"32 457";"4 235";"27 563 205";"2024-09-02 23:32:06"
"2024-09-02";"YouTube";"1 002 746";"5 059 468";"27 562 841";"2024-09-02 09:54:22"
"2024-09-02";"";"1 164 320";"37 993";"27 561 697";"2024-09-02 12:33:23"
"2024-09-01";"";"30 285 216";"1 510 575";"27 563 224";"2024-09-01 18:51:17"
"2024-09-08";"";"242 706";"64 313";"27 561 888";"2024-09-08 14:59:10"
"2024-09-02";"";"221 663";"7 007";"27 562 668";"2024-09-03 01:10:06"
"2024-09-10";"";"96 758 595";"15 172 660";"27 562 384";"2024-09-10 10:55:12"
"2024-09-03";"Unknown";"2 176 970";"173 879";"27 563 334";"2024-09-03 04:49:48"
"2024-09-06";"";"714 186";"45 030";"27 563 158";"2024-09-06 03:36:32"
"2024-09-10";"";"25 921";"6 981";"27 562 692";"2024-09-11 01:22:29"
"2024-09-06";"";"16 622";"38 176";"27 562 611";"2024-09-06 09:18:07"
"2024-09-07";"YouTube";"520 062";"32 063";"27 561 586";"2024-09-07 08:05:01"
"2024-09-07";"";"41 233";"15 360";"27 562 666";"2024-09-07 04:13:25"
"2024-09-04";"";"467 474";"286 271";"27 563 157";"2024-09-04 04:25:37"
"2024-09-02";"";"260 709";"163 431";"27 561 230";"2024-09-02 15:00:41"
"2024-09-01";"";"27 873";"89 109";"27 561 207";"2024-09-01 09:42:29"
"2024-09-06";"";"225 527";"34 278";"27 562 878";"2024-09-06 08:05:18"
"2024-09-05";"";"31 370";"11 317";"27 563 048";"2024-09-05 18:27:06"
"2024-09-06";"";"48 733";"4 439";"27 562 140";"2024-09-06 15:12:51"
"2024-09-07";"";"33 674";"4 384";"27 562 497";"2024-09-07 21:18:20"
"2024-09-09";"";"105 347";"9 888";"27 561 981";"2024-09-09 14:35:12"
"2024-09-06";"Facebook";"657 412";"56 794";"27 561 687";"2024-09-06 17:26:02"
"2024-09-10";"";"2 148 444";"109 450";"27 561 529";"2024-09-11 01:34:18"
"2024-09-10";"";"39 491";"3 156";"27 562 711";"2024-09-11 02:47:06"
"2024-09-05";"";"60 638";"5 657";"27 561 176";"2024-09-05 10:55:02"
"2024-09-09";"PUBG";"5 703 135";"231 522";"27 563 048";"2024-09-09 12:57:06"
"2024-09-06";"";"33 782";"4 546";"27 561 350";"2024-09-06 03:48:23"
"2024-09-09";"YouTube";"17 385 019";"1 066 835";"27 562 984";"2024-09-09 09:54:18"
"2024-09-02";"";"49 825";"9 577";"27 562 696";"2024-09-02 05:02:54"
"2024-09-04";"";"28 692";"5 542";"27 561 924";"2024-09-04 13:34:42"
"2024-09-10";"YouTube";"1 369 199";"113 566";"27 562 894";"2024-09-11 00:45:07"
"2024-09-09";"YouTube";"5 318 918";"1 758 210";"27 563 177";"2024-09-09 11:08:31"
"2024-09-08";"VKontakte";"64 837";"55 587";"27 563 062";"2024-09-08 19:04:04"
"2024-09-09";"Telegram";"6 284 351";"457 737";"27 562 484";"2024-09-09 11:08:40"
"2024-09-04";"Yandex";"56 758";"9 137";"27 563 390";"2024-09-04 18:15:58"
"2024-09-10";"";"12 546";"26 339";"27 561 375";"2024-09-10 08:05:28"
"2024-09-07";"Instagram";"1 582 564";"2 578 428";"27 561 874";"2024-09-07 19:52:29"
"2024-09-07";"";"2 277 325";"178 728";"27 562 939";"2024-09-07 16:13:20"
"2024-09-10";"";"174 043";"48 576";"27 562 057";"2024-09-10 22:19:06"
"2024-09-01";"";"43 739";"2 501";"27 561 243";"2024-09-01 19:40:42"
"2024-09-10";"";"50 637";"205 431";"27 562 834";"2024-09-10 15:48:40"
"2024-09-07";"";"61 920";"10 079";"27 562 016";"2024-09-08 02:59:59"
"2024-09-04";"";"133 414";"11 636";"27 562 639";"2024-09-04 21:30:10"
"2024-09-01";"";"34 047";"4 225";"27 562 524";"2024-09-01 19:52:22"
"2024-09-08";"";"33 619";"6 969";"27 563 392";"2024-09-08 07:28:45"
"2024-09-09";"Instagram";"4 170 896";"1 427 254";"27 562 544";"2024-09-09 09:30:01"
"2024-09-07";"";"124 601";"152 077";"27 561 407";"2024-09-07 09:18:06"
"2024-09-04";"Unknown";"69 738";"33 175";"27 561 879";"2024-09-04 04:13:09"
"2024-09-03";"";"704";"26 469";"27 561 994";"2024-09-03 08:53:31"
"2024-09-02";"";"14 678";"37 081";"27 561 686";"2024-09-02 18:39:37"
"2024-09-06";"";"4 456";"36 507";"27 563 065";"2024-09-06 22:43:49"
"2024-09-08";"Telegram";"63 858 314";"5 627 324";"27 562 591";"2024-09-09 01:58:56"
"2024-09-07";"Telegram";"443 878";"44 602";"27 563 204";"2024-09-07 11:20:24"
"2024-09-05";"";"2 191 055";"72 620";"27 561 485";"2024-09-05 22:55:16"
"2024-09-07";"";"117 584 354";"3 649 963";"27 561 219";"2024-09-08 00:57:43"
"2024-09-08";"";"1 442 547";"87 878";"27 563 145";"2024-09-08 20:05:04"
"2024-09-08";"";"147 611";"4 043";"27 561 330";"2024-09-09 01:34:16"
"2024-09-09";"";"299 895";"152 287";"27 563 175";"2024-09-10 01:22:21"
"2024-09-02";"YouTube";"451 044";"68 912";"27 561 432";"2024-09-02 23:56:39"
"2024-09-06";"Telegram";"78 372 483";"14 789 089";"27 561 753";"2024-09-06 07:52:55"
"2024-09-01";"Facebook";"568 000";"44 902";"27 561 540";"2024-09-01 17:02:09"
"2024-09-09";"";"22 927";"62 589";"27 563 331";"2024-09-09 07:16:15"
"2024-09-10";"";"51 744";"135 150";"27 562 357";"2024-09-10 09:54:08"
"2024-09-06";"";"120 127";"9 044";"27 563 467";"2024-09-06 06:51:31"
"2024-09-09";"";"35 859";"15 413";"27 562 374";"2024-09-09 11:32:32"
"2024-09-10";"";"90 604";"21 900";"27 562 827";"2024-09-10 19:04:45"
"2024-09-10";"";"52 247";"98 738";"27 562 774";"2024-09-10 04:25:09"
"2024-09-08";"";"3 051 011";"249 359";"27 562 438";"2024-09-08 13:10:03"
"2024-09-03";"Instagram";"119 470";"26 941";"27 561 915";"2024-09-03 14:11:24"
"2024-09-04";"Facebook";"34 595";"3 429";"27 562 885";"2024-09-04 11:44:20"
"2024-09-05";"";"1 421 409";"96 171";"27 561 776";"2024-09-05 15:00:55"
"2024-09-01";"";"31 504";"20 206";"27 563 284";"2024-09-01 17:50:37"
"2024-09-02";"";"4 810 783";"127 973";"27 563 152";"2024-09-02 15:36:07"
"2024-09-01";"PUBG";"721 111";"35 402";"27 563 264";"2024-09-01 12:33:05"
"2024-09-09";"WhatsApp";"27 550";"2 163";"27 561 543";"2024-09-09 04:13:57"
"2024-09-06";"";"100 310";"72 729";"27 563 336";"2024-09-07 02:59:50"
"2024-09-09";"";"28 912";"2 226";"27 561 633";"2024-09-09 13:58:11"
"2024-09-06";"";"17 823 556";"786 441";"27 562 291";"2024-09-06 16:37:39"
"2024-09-09";"";"186 996";"660 810";"27 563 304";"2024-09-09 09:06:18"
"2024-09-04";"";"57 716";"29 636";"27 562 100";"2024-09-04 19:52:33"
"2024-09-03";"YouTube";"74 638";"139 815";"27 563 313";"2024-09-03 16:13:44"
"2024-09-05";"";"34 922";"1 943";"27 562 530";"2024-09-05 04:25:08"
"2024-09-09";"";"32 847 892";"1 297 040";"27 561 294";"2024-09-09 15:12:49"
"2024-09-03";"";"4 986";"333 191";"27 562 795";"2024-09-03 20:17:21"
"2024-09-04";"";"2 518";"26 210";"27 562 846";"2024-09-04 03:48:47"
"2024-09-06";"";"652 279";"74 853";"27 561 625";"2024-09-06 07:52:11"
"2024-09-08";"";"59 165";"23 163";"27 562 371";"2024-09-08 11:08:43"
"2024-09-09";"YouTube";"7 307 956";"407 802";"27 561 490";"2024-09-10 01:58:57"
"2024-09-04";"";"17 060 104";"1 944 607";"27 561 975";"2024-09-05 02:11:27"
"2024-09-06";"";"33 902";"10 185";"27 561 877";"2024-09-07 02:47:20"
"2024-09-05";"";"5 319 381";"112 714";"27 563 203";"2024-09-05 10:55:20"
"2024-09-09";"";"563 682";"75 786";"27 563 186";"2024-09-09 15:48:34"
"2024-09-01";"YouTube";"34 203";"45 233";"27 561 628";"2024-09-01 23:56:14"
"2024-09-10";"";"199 328";"741 524";"27 562 172";"2024-09-10 07:52:48"
"2024-09-10";"";"93 933";"10 409";"27 561 384";"2024-09-10 17:02:23"
"2024-09-02";"";"43 582";"68 920";"27 562 802";"2024-09-02 17:02:45"
"2024-09-04";"";"158 109";"30 103";"27 562 564";"2024-09-04 07:52:22"
"2024-09-03";"";"36 367";"20 452";"27 563 415";"2024-09-03 14:59:28"
"2024-09-10";"YouTube";"385 347";"17 958";"27 562 751";"2024-09-10 12:45:13"
"2024-09-02";"";"137 590";"5 059";"27 561 305";"2024-09-02 20:29:46"
"2024-09-04";"";"63 244";"6 727";"27 562 803";"2024-09-04 14:11:39"
"2024-09-05";"";"1 400 949";"96 567";"27 563 304";"2024-09-05 15:36:35"
"2024-09-06";"";"983 327";"56 431";"27 561 462";"2024-09-06 09:18:17"
"2024-09-06";"";"29 507";"2 642";"27 562 977";"2024-09-06 16:49:21"
"2024-09-10";"";"40 341";"7 465";"27 562 282";"2024-09-11 01:46:58"
"2024-09-08";"YouTube";"1 619 411";"192 929";"27 561 543";"2024-09-08 07:40:03"
"2024-09-08";"YouTube";"81 070 915";"4 724 825";"27 561 778";"2024-09-08 15:00:17"
"2024-09-05";"";"675 189";"54 143";"27 562 747";"2024-09-05 23:32:33"
"2024-09-10";"";"42 491";"6 691";"27 561 367";"2024-09-10 09:42:11"
"2024-09-04";"";"71 676";"56 971";"27 561 417";"2024-09-04 10:07:26"
"2024-09-04";"";"569 172";"23 972";"27 563 446";"2024-09-04 11:44:51"
"2024-09-08";"YouTube";"59 630";"9 837";"27 562 535";"2024-09-08 14:47:34"
"2024-09-05";"";"70 893";"9 712";"27 562 784";"2024-09-05 16:25:26"
"2024-09-02";"";"43 712";"7 284";"27 562 125";"2024-09-02 23:56:29"
"2024-09-09";"";"49 488";"9 237";"27 562 812";"2024-09-10 00:45:47"
"2024-09-04";"Instagram";"17 970 109";"517 559";"27 563 076";"2024-09-04 15:48:16"
"2024-09-09";"";"255 454";"17 106";"27 561 920";"2024-09-09 19:40:25"
"2024-09-09";"TikTok";"35 457";"225 728";"27 562 051";"2024-09-09 20:05:31"
"2024-09-03";"";"152 216";"26 496";"27 561 220";"2024-09-03 11:32:47"
"2024-09-01";"VKontakte";"33 525";"2 366";"27 561 276";"2024-09-01 14:11:58"
"2024-09-10";"YouTube";"331 146";"98 108";"27 562 571";"2024-09-10 17:14:32"
"2024-09-08";"YouTube";"7 567 410";"486 107";"27 562 957";"2024-09-08 08:17:15"
"2024-09-08";"Instagram";"754 957";"324 456";"27 562 230";"2024-09-08 16:13:54"
"2024-09-09";"";"41 254";"4 845";"27 562 708";"2024-09-09 22:19:40"
"2024-09-02";"";"6 146";"67 327";"27 562 459";"2024-09-02 12:33:14"
"2024-09-10";"";"33 275";"4 094";"27 562 407";"2024-09-10 04:49:13"
"2024-09-03";"Unknown";"1 519 831";"303 898";"27 562 548";"2024-09-03 20:29:57"
"2024-09-06";"";"14 987 091";"840 025";"27 562 140";"2024-09-06 07:16:51"
"2024-09-06";"";"226 693";"12 777";"27 563 436";"2024-09-07 01:10:54"
"2024-09-04";"";"153 762";"5 183";"27 563 044";"2024-09-04 20:05:29"
"2024-09-10";"";"420";"28 053";"27 562 473";"2024-09-10 12:33:44"
"2024-09-10";"";"230 125";"129 879";"27 562 438";"2024-09-10 07:04:00"
"2024-09-10";"";"868 889";"40 158";"27 563 243";"2024-09-11 02:47:30"
"2024-09-02";"";"1 102 460";"12 996";"27 561 172";"2024-09-02 11:56:54"
"2024-09-05";"Instagram";"381 328 478";"7 372 574";"27 561 787";"2024-09-05 07:52:30"
"2024-09-02";"";"50 003";"36 727";"27 561 883";"2024-09-02 21:30:27"
"2024-09-08";"";"510 140";"33 630";"27 561 543";"2024-09-08 05:50:37"
"2024-09-07";"";"222 199";"25 928";"27 562 100";"2024-09-07 18:27:21"
"2024-09-09";"";"76 299";"13 647";"27 562 612";"2024-09-09 21:06:59"
"2024-09-02";"";"476 942";"17 705";"27 561 217";"2024-09-02 10:07:26"
"2024-09-03";"";"809 579";"118 811";"27 561 965";"2024-09-04 01:10:43"
"2024-09-02";"";"35 387";"3 886";"27 562 739";"2024-09-02 12:33:32"
"2024-09-10";"";"35 294";"6 696";"27 561 449";"2024-09-10 17:50:59"
"2024-09-04";"";"507 198";"54 907";"27 561 598";"2024-09-04 04:25:41"
"2024-09-09";"";"63 194";"5 447";"27 561 689";"2024-09-09 04:01:26"
"2024-09-03";"";"39 393";"2 886";"27 561 492";"2024-09-03 18:39:02"
"2024-09-06";"";"1 824 465";"67 884";"27 561 547";"2024-09-07 00:09:23"
"2024-09-06";"";"35 829";"10 365";"27 561 433";"2024-09-06 21:54:41"
"2024-09-01";"Instagram";"137 636";"39 782";"27 561 621";"2024-09-01 13:58:34"
"2024-09-01";"";"72 604";"13 321";"27 562 304";"2024-09-01 08:05:19"
"2024-09-10";"Telegram";"983 907";"77 425";"27 561 877";"2024-09-10 07:52:53"
"2024-09-03";"";"517 956";"80 993";"27 563 269";"2024-09-03 08:29:49"
"2024-09-08";"";"5 017 137";"468 139";"27 562 365";"2024-09-08 07:16:12"
"2024-09-10";"";"732 666";"32 905";"27 563 058";"2024-09-10 22:31:35"
"2024-09-09";"";"109 447";"11 754";"27 563 005";"2024-09-09 04:01:12"
"2024-09-09";"";"50 169";"5 365";"27 562 998";"2024-09-10 01:34:15"
"2024-09-04";"";"26 544";"111 523";"27 562 376";"2024-09-04 22:07:00"
"2024-09-05";"";"152 368";"27 947";"27 562 403";"2024-09-05 06:15:03"
"2024-09-05";"";"37 093";"48 317";"27 563 446";"2024-09-05 21:30:14"
"2024-09-05";"";"26 804";"1 849";"27 563 199";"2024-09-06 00:33:46"
"2024-09-01";"Instagram";"2 182 236";"130 306";"27 561 382";"2024-09-02 01:22:25"
"2024-09-08";"";"107 291";"192 791";"27 563 153";"2024-09-08 13:22:00"
"2024-09-03";"";"699 981";"126 223";"27 561 414";"2024-09-03 07:04:42"
"2024-09-06";"";"368 006";"123 072";"27 563 225";"2024-09-06 17:38:50"
"2024-09-10";"";"128 731";"16 452";"27 561 992";"2024-09-10 10:43:11"
"2024-09-08";"";"239 860";"9 031";"27 563 264";"2024-09-08 14:11:28"
"2024-09-06";"";"40 022";"20 365";"27 563 467";"2024-09-06 06:27:03"
"2024-09-06";"";"704 761";"46 343";"27 563 463";"2024-09-06 03:24:11"
"2024-09-02";"YouTube";"1 058 801";"279 841";"27 562 674";"2024-09-02 21:42:06"
"2024-09-03";"";"36 011";"12 356";"27 562 365";"2024-09-03 10:07:03"
"2024-09-02";"YouTube";"1 777 170";"714 627";"27 562 009";"2024-09-03 00:57:17"
"2024-09-04";"";"262 776";"37 598";"27 563 311";"2024-09-04 17:14:03"
"2024-09-06";"";"32 894";"20 360";"27 562 951";"2024-09-07 01:34:52"
"2024-09-10";"";"1 705 186";"63 044";"27 562 846";"2024-09-10 09:30:42"
"2024-09-03";"";"371 695";"18 697";"27 561 689";"2024-09-03 11:32:03"
"2024-09-02";"YouTube";"4 712 260";"298 820";"27 562 155";"2024-09-02 03:00:10"
"2024-09-01";"Telegram";"47 528 851";"3 060 026";"27 562 059";"2024-09-02 00:57:28"
"2024-09-02";"";"93 828";"5 978";"27 561 861";"2024-09-02 17:26:38"
"2024-09-06";"Telegram";"15 506 938";"989 277";"27 563 450";"2024-09-06 10:55:22"
"2024-09-07";"";"43 606";"3 339";"27 561 850";"2024-09-07 04:25:49"
"2024-09-06";"";"156 967";"9 731";"27 562 808";"2024-09-06 21:18:46"
"2024-09-04";"Facebook";"1 618";"108 631";"27 563 174";"2024-09-04 20:29:22"
"2024-09-04";"";"21 015";"32 365";"27 563 333";"2024-09-04 07:40:53"
"2024-09-01";"Unknown";"1 639 952";"68 633";"27 561 574";"2024-09-01 04:25:45"
"2024-09-07";"Yandex";"36 617 418";"1 692 312";"27 561 838";"2024-09-07 21:30:57"
"2024-09-08";"YouTube";"1 042 003";"51 944";"27 563 495";"2024-09-08 06:27:19"
"2024-09-06";"YouTube";"232 733";"37 767";"27 561 882";"2024-09-06 23:20:05"
"2024-09-05";"";"67 275";"6 309";"27 561 629";"2024-09-05 03:24:15"
"2024-09-04";"";"7 663 242";"152 196";"27 562 239";"2024-09-04 09:18:34"
"2024-09-02";"";"80 350";"2 833";"27 562 741";"2024-09-03 02:23:51"
"2024-09-08";"Telegram";"6 022 146";"881 495";"27 562 456";"2024-09-08 20:41:36"
"2024-09-01";"YouTube";"42 102";"6 931";"27 561 940";"2024-09-01 04:13:10"
"2024-09-02";"";"27 888";"5 913";"27 562 156";"2024-09-02 12:21:38"
"2024-09-04";"";"42 358";"14 438";"27 563 017";"2024-09-04 15:36:27"
"2024-09-06";"YouTube";"326 163";"1 595 778";"27 561 225";"2024-09-07 00:21:19"
"2024-09-05";"";"228 516";"28 185";"27 561 177";"2024-09-06 00:21:47"
"2024-09-06";"Facebook";"1 302 087";"61 555";"27 562 400";"2024-09-06 13:22:16"
"2024-09-06";"";"26 264";"26 925";"27 561 908";"2024-09-06 08:29:51"
"2024-09-10";"";"46 945";"56 634";"27 561 300";"2024-09-10 22:19:15"
"2024-09-03";"Instagram";"759 693";"150 545";"27 562 222";"2024-09-03 17:38:42"
"2024-09-04";"Facebook";"3 305 791";"124 662";"27 562 629";"2024-09-04 16:13:44"
"2024-09-08";"";"42 069";"18 071";"27 563 411";"2024-09-08 23:20:01"
"2024-09-01";"";"1 219 353";"521 709";"27 561 480";"2024-09-01 09:42:10"
"2024-09-09";"";"1 208 559";"106 432";"27 563 250";"2024-09-09 10:31:09"
"2024-09-05";"";"115 808";"82 079";"27 563 030";"2024-09-05 10:07:58"
"2024-09-04";"YouTube";"1 139 898";"15 043 845";"27 562 729";"2024-09-04 18:03:17"
"2024-09-09";"";"142 687";"10 517";"27 563 187";"2024-09-09 15:24:32"
"2024-09-06";"";"183 857";"12 672";"27 561 324";"2024-09-06 20:29:45"
"2024-09-06";"";"38 906";"4 306";"27 562 739";"2024-09-06 15:12:12"
"2024-09-07";"";"24 697";"55 366";"27 561 290";"2024-09-08 02:23:20"
"2024-09-06";"Odnoklassniki";"6 830 989";"308 667";"27 563 136";"2024-09-06 19:16:56"
"2024-09-01";"";"65 618";"18 283";"27 562 849";"2024-09-02 00:21:59"
"2024-09-06";"Instagram";"8 888 433";"432 696";"27 562 964";"2024-09-06 12:09:31"
"2024-09-07";"";"155 836";"5 804";"27 563 088";"2024-09-07 03:00:56"
"2024-09-08";"";"83 423";"26 492";"27 561 195";"2024-09-08 22:55:19"
"2024-09-02";"Unknown";"1 532 113";"87 535";"27 561 691";"2024-09-02 11:08:56"
"2024-09-09";"";"1 054 583";"678 795";"27 561 249";"2024-09-09 05:38:53"
"2024-09-08";"";"591 769";"50 382";"27 562 835";"2024-09-08 10:31:01"
"2024-09-03";"";"233 255";"38 316";"27 561 942";"2024-09-03 14:11:15"
"2024-09-03";"";"134 092";"85 299";"27 563 392";"2024-09-03 10:31:33"
"2024-09-08";"";"56 034";"6 779";"27 563 177";"2024-09-08 08:53:28"
"2024-09-09";"";"420 865";"15 865";"27 562 291";"2024-09-09 05:50:47"
"2024-09-09";"";"226 998";"56 980";"27 562 124";"2024-09-09 13:58:19"
"2024-09-10";"Instagram";"469 723";"18 649";"27 563 048";"2024-09-10 23:32:23"
"2024-09-07";"Facebook";"2 282 498";"96 928";"27 563 453";"2024-09-07 21:06:34"
"2024-09-01";"";"4 502";"51 135";"27 562 593";"2024-09-01 08:17:16"
"2024-09-03";"";"800 651";"74 802";"27 561 500";"2024-09-03 08:53:54"
"2024-09-04";"";"82 708";"22 717";"27 561 660";"2024-09-04 20:05:34"
"2024-09-05";"YouTube";"471 527";"38 777";"27 561 759";"2024-09-05 19:04:03"
"2024-09-10";"";"119 999";"11 827";"27 561 247";"2024-09-10 21:06:58"
"2024-09-07";"Instagram";"2 293 976";"171 888";"27 563 158";"2024-09-07 11:44:58"
"2024-09-04";"";"308 742";"25 499";"27 561 877";"2024-09-04 20:41:42"
"2024-09-03";"";"3 922 301";"99 386";"27 561 575";"2024-09-03 10:07:16"
"2024-09-09";"";"5 948 063";"247 751";"27 562 291";"2024-09-10 01:34:38"
"2024-09-08";"";"29 291";"4 742";"27 562 459";"2024-09-08 04:13:40"
"2024-09-07";"Telegram";"3 547 936";"1 096 038";"27 562 326";"2024-09-08 01:34:59"
"2024-09-04";"";"9 358";"63 073";"27 563 504";"2024-09-05 02:11:04"
"2024-09-01";"";"151 249";"43 117";"27 561 668";"2024-09-01 17:26:23"
"2024-09-10";"Yandex";"462 471";"55 504";"27 561 273";"2024-09-10 10:55:19"
"2024-09-07";"";"46 852";"4 288";"27 561 435";"2024-09-07 23:20:31"
"2024-09-10";"Facebook";"18 909 958";"1 227 953 765";"27 562 226";"2024-09-10 06:03:37"
"2024-09-01";"";"163 145";"61 207";"27 562 685";"2024-09-01 03:12:23"
"2024-09-02";"Facebook";"54 792";"8 571";"27 563 447";"2024-09-02 06:03:33"
"2024-09-03";"";"492 675";"119 992";"27 562 339";"2024-09-03 22:07:06"
"2024-09-06";"Instagram";"75 758 069";"2 214 501";"27 562 790";"2024-09-06 05:50:25"
"2024-09-06";"YouTube";"27 211";"7 478";"27 562 725";"2024-09-06 12:09:46"
"2024-09-01";"";"32 357";"3 739";"27 561 890";"2024-09-01 03:36:00"
"2024-09-06";"";"76 205";"9 576";"27 562 348";"2024-09-06 08:41:17"
"2024-09-09";"";"5 419";"35 063";"27 562 778";"2024-09-09 21:42:44"
"2024-09-05";"";"38 987";"218 338";"27 561 290";"2024-09-06 00:45:53"
"2024-09-08";"";"87 635";"11 661";"27 562 906";"2024-09-08 11:56:32"
"2024-09-10";"YouTube";"130 478";"498 129";"27 562 895";"2024-09-11 02:47:46"
"2024-09-07";"";"832 010";"95 600";"27 562 508";"2024-09-07 13:10:36"
"2024-09-04";"Facebook";"255 079";"19 887";"27 562 985";"2024-09-05 01:46:49"
"2024-09-10";"";"27 559";"22 160";"27 561 760";"2024-09-10 18:39:17"
"2024-09-06";"";"62 426";"5 666";"27 562 115";"2024-09-06 07:52:20"
"2024-09-02";"";"1 698 102";"76 998";"27 562 788";"2024-09-02 15:00:51"
"2024-09-07";"Instagram";"1 127 341";"384 645";"27 563 328";"2024-09-07 13:46:59"
"2024-09-04";"Telegram";"50 219 766";"31 744 003";"27 562 197";"2024-09-04 04:49:37"
"2024-09-08";"";"117 367";"274 661";"27 562 343";"2024-09-08 15:48:20"
"2024-09-06";"YouTube";"950 512";"119 908";"27 562 207";"2024-09-06 23:20:24"
"2024-09-03";"";"1 355 449";"206 723";"27 562 695";"2024-09-03 15:12:21"
"2024-09-06";"";"61 772";"327 348";"27 561 827";"2024-09-06 11:20:51"
"2024-09-08";"";"79 898";"3 379";"27 563 331";"2024-09-09 00:57:52"
"2024-09-09";"";"705 433";"170 072";"27 563 414";"2024-09-09 12:45:55"
"2024-09-06";"";"31 693";"80 989";"27 562 230";"2024-09-06 05:02:46"
"2024-09-02";"Unknown";"43 583";"12 460";"27 561 294";"2024-09-02 06:03:20"
"2024-09-04";"";"769 172";"39 288";"27 562 275";"2024-09-04 23:20:44"
"2024-09-07";"";"57 980";"6 234";"27 561 482";"2024-09-07 17:14:42"
"2024-09-10";"";"200 197";"9 470";"27 562 629";"2024-09-10 06:27:56"
"2024-09-02";"";"28 967";"10 199";"27 563 171";"2024-09-03 01:46:31"
"2024-09-02";"";"106 075";"60 831";"27 562 569";"2024-09-02 13:46:49"
"2024-09-08";"";"32 519";"48 080";"27 562 050";"2024-09-08 10:19:25"
"2024-09-06";"Instagram";"30 136 184";"511 643";"27 561 866";"2024-09-06 22:07:58"
"2024-09-05";"YouTube";"1 264 475";"91 040";"27 563 186";"2024-09-05 22:55:55"
"2024-09-10";"";"1 152 883";"57 439";"27 561 723";"2024-09-10 05:02:43"
"2024-09-09";"";"355 655";"58 677";"27 561 944";"2024-09-09 23:32:03"
"2024-09-01";"";"87 128";"9 599";"27 561 453";"2024-09-01 10:07:07"
"2024-09-09";"";"32 243";"6 524";"27 562 468";"2024-09-09 10:07:27"
"2024-09-10";"YouTube";"86 333";"796 168";"27 562 439";"2024-09-11 00:21:05"
"2024-09-10";"YouTube";"1 097 264";"78 594";"27 562 865";"2024-09-10 05:38:58"
"2024-09-10";"";"383 255";"149 392";"27 562 025";"2024-09-10 18:27:46"
"2024-09-07";"";"28 369";"8 918";"27 562 096";"2024-09-07 18:27:12"
"2024-09-08";"";"3 120 380";"242 054";"27 562 968";"2024-09-08 13:34:24"
"2024-09-02";"Unknown";"29 055";"6 092";"27 561 509";"2024-09-02 14:47:51"
"2024-09-06";"";"68 532";"4 272";"27 561 433";"2024-09-06 15:24:08"
"2024-09-07";"VKontakte";"968 727";"779 079";"27 562 058";"2024-09-07 09:06:18"
"2024-09-05";"";"58 362";"3 630";"27 562 435";"2024-09-05 03:12:19"
"2024-09-03";"";"3 530 794";"266 400";"27 562 363";"2024-09-03 13:34:51"
"2024-09-08";"Telegram";"67 227 271";"15 483 715";"27 563 044";"2024-09-08 05:26:09"
"2024-09-06";"";"409 861";"59 105";"27 563 052";"2024-09-06 09:06:09"
"2024-09-02";"";"43 572";"2 542";"27 561 300";"2024-09-02 13:34:41"
"2024-09-09";"";"164 232";"196 919";"27 562 595";"2024-09-10 02:11:11"
"2024-09-10";"";"845 318";"35 048";"27 561 273";"2024-09-11 01:46:43"
"2024-09-06";"";"817 147";"169 339";"27 562 601";"2024-09-06 17:26:24"
"2024-09-09";"";"380 071 558";"2 099 735";"27 563 080";"2024-09-10 00:33:12"
"2024-09-08";"";"40 445 911";"2 768 808";"27 562 126";"2024-09-08 10:19:27"
"2024-09-07";"Yandex";"48 892";"29 397";"27 561 433";"2024-09-07 04:49:02"
"2024-09-05";"YouTube";"6 631 724";"2 877 682";"27 562 561";"2024-09-05 09:06:54"
"2024-09-02";"";"64 569";"2 959";"27 562 025";"2024-09-02 19:28:15"
"2024-09-04";"YouTube";"5 380 705";"343 708";"27 561 205";"2024-09-04 08:53:04"
"2024-09-08";"YouTube";"253 426";"110 844";"27 561 715";"2024-09-09 01:10:42"
"2024-09-07";"";"142 292";"9 628";"27 563 507";"2024-09-07 03:00:19"
"2024-09-04";"";"49 592";"9 080";"27 563 278";"2024-09-04 19:52:46"
"2024-09-10";"Instagram";"8 286 577";"230 940";"27 562 591";"2024-09-10 16:37:35"
"2024-09-03";"";"458 627";"27 784";"27 561 410";"2024-09-03 06:51:04"
"2024-09-06";"";"26 215";"18 438";"27 562 069";"2024-09-06 16:13:26"
"2024-09-08";"";"66 541";"24 200";"27 562 903";"2024-09-09 00:21:07"
"2024-09-04";"";"32 025";"9 927";"27 562 858";"2024-09-04 03:12:59"
"2024-09-06";"";"742 729";"28 432";"27 561 344";"2024-09-06 20:41:31"
"2024-09-08";"";"25 807";"13 069";"27 561 881";"2024-09-08 23:56:28"
"2024-09-03";"Telegram";"429 844";"18 531";"27 562 885";"2024-09-03 10:55:43"
"2024-09-09";"Yandex";"40 150";"3 263";"27 561 610";"2024-09-10 00:33:14"
"2024-09-05";"";"70 382";"47 824";"27 562 832";"2024-09-05 09:06:42"
"2024-09-01";"Instagram";"2 836 459";"386 416";"27 563 445";"2024-09-01 14:35:08"
"2024-09-04";"";"141 235";"5 861";"27 563 326";"2024-09-04 03:36:30"
"2024-09-10";"";"85 082";"6 130";"27 561 975";"2024-09-10 15:12:12"
"2024-09-10";"";"404 317";"20 957";"27 563 000";"2024-09-10 21:54:52"
"2024-09-10";"";"120 894";"17 609";"27 563 029";"2024-09-11 02:23:05"
"2024-09-02";"";"117 231";"946 152";"27 562 722";"2024-09-02 18:03:13"
"2024-09-06";"";"410 867";"35 111";"27 563 218";"2024-09-06 13:58:19"
"2024-09-02";"";"6 950";"235 267";"27 562 721";"2024-09-02 12:57:22"
"2024-09-08";"";"905 769";"62 373";"27 562 892";"2024-09-08 09:42:21"
"2024-09-08";"";"133 589";"171 844";"27 562 257";"2024-09-08 12:33:54"
"2024-09-05";"";"80 484";"4 759";"27 562 451";"2024-09-05 22:43:12"
"2024-09-04";"";"386 604";"379 451";"27 562 698";"2024-09-05 02:35:40"
"2024-09-03";"";"95 492";"70 686";"27 562 634";"2024-09-03 05:38:41"
"2024-09-09";"";"485 402";"646 099";"27 563 308";"2024-09-10 00:21:35"
"2024-09-04";"Unknown";"152 715";"22 875";"27 562 502";"2024-09-04 09:30:15"
"2024-09-08";"";"311 568";"20 296";"27 563 331";"2024-09-08 19:04:18"
"2024-09-01";"YouTube";"360 301";"25 503";"27 561 457";"2024-09-01 07:04:18"
"2024-09-06";"";"117 329";"4 970";"27 562 806";"2024-09-06 22:19:22"
"2024-09-01";"";"4 162 539";"88 710";"27 561 922";"2024-09-01 12:09:32"
"2024-09-01";"Unknown";"1 242 870";"75 384";"27 562 242";"2024-09-01 09:54:42"
"2024-09-06";"";"400 294";"39 250";"27 562 977";"2024-09-06 11:44:15"
"2024-09-02";"";"95 250";"18 792";"27 562 644";"2024-09-02 21:42:00"
"2024-09-10";"";"1 198 339";"177 282";"27 561 845";"2024-09-10 16:01:16"
"2024-09-07";"";"134 576";"16 020";"27 563 310";"2024-09-07 23:56:05"
"2024-09-02";"";"219 652";"391 225";"27 563 083";"2024-09-02 08:17:48"
"2024-09-03";"Facebook";"2 286 885";"186 477";"27 561 453";"2024-09-03 21:42:13"
"2024-09-07";"";"6 455";"42 390";"27 562 578";"2024-09-07 08:05:08"
"2024-09-03";"";"61 477";"6 737";"27 562 328";"2024-09-03 09:54:22"
"2024-09-07";"YouTube";"183 520";"9 315";"27 561 762";"2024-09-07 22:55:08"
"2024-09-06";"";"1 541 865";"141 136";"27 562 504";"2024-09-06 04:01:30"
"2024-09-05";"";"130 012";"71 469";"27 562 613";"2024-09-05 04:01:34"
"2024-09-09";"";"27 361";"10 816";"27 561 375";"2024-09-09 20:17:21"
"2024-09-08";"YouTube";"944 280";"40 633";"27 562 266";"2024-09-08 04:13:09"
"2024-09-10";"YouTube";"3 240 352";"143 522";"27 563 268";"2024-09-10 21:54:58"
"2024-09-05";"";"964 586";"129 547";"27 562 431";"2024-09-06 00:33:21"
"2024-09-09";"";"143 851";"27 367";"27 563 326";"2024-09-09 05:38:32"
"2024-09-04";"";"6 468 225";"531 683 326";"27 561 662";"2024-09-04 10:31:55"
"2024-09-04";"";"255 261";"8 723";"27 561 892";"2024-09-04 11:44:59"
"2024-09-06";"";"134 209";"9 226";"27 563 366";"2024-09-06 14:35:54"
"2024-09-02";"";"254 523";"3 421 173";"27 562 016";"2024-09-02 03:36:36"
"2024-09-07";"";"1 614 970";"222 140";"27 562 566";"2024-09-07 09:30:11"
"2024-09-01";"";"34 212";"3 704";"27 562 735";"2024-09-01 23:56:19"
"2024-09-06";"";"26 778";"9 213";"27 563 182";"2024-09-06 18:51:59"
"2024-09-01";"";"30 432";"6 273";"27 562 192";"2024-09-01 12:45:07"
"2024-09-10";"";"156 384";"29 015";"27 562 698";"2024-09-11 02:59:53"
"2024-09-10";"Instagram";"5 272 971";"4 259 201";"27 562 470";"2024-09-10 23:32:41"
"2024-09-05";"Instagram";"5 745 021";"17 301 720";"27 562 666";"2024-09-06 00:21:07"
"2024-09-10";"";"148 383";"4 871";"27 561 375";"2024-09-10 17:14:32"
"2024-09-09";"Instagram";"58 774 470";"1 793 999";"27 561 562";"2024-09-09 08:29:44"
"2024-09-05";"";"68 367";"34 663";"27 562 024";"2024-09-06 01:10:10"
"2024-09-06";"YouTube";"364 587";"43 737";"27 562 366";"2024-09-06 15:24:03"
"2024-09-10";"Facebook";"32 094";"6 474";"27 562 350";"2024-09-10 03:48:25"
"2024-09-10";"";"5 548";"42 752";"27 561 506";"2024-09-10 15:00:03"
"2024-09-05";"";"51 434";"5 909";"27 561 745";"2024-09-05 10:43:33"
"2024-09-02";"";"74 174";"8 077";"27 562 199";"2024-09-02 06:51:42"
"2024-09-03";"YouTube";"537 617";"39 681";"27 562 868";"2024-09-03 05:38:12"
"2024-09-07";"";"2 943 095";"231 957";"27 561 424";"2024-09-07 23:32:10"
"2024-09-05";"";"35 909";"7 148";"27 561 596";"2024-09-05 04:37:10"
"2024-09-10";"";"597 005";"94 194";"27 562 484";"2024-09-11 02:59:11"
"2024-09-01";"";"33 475";"4 524";"27 563 223";"2024-09-01 10:19:19"
"2024-09-09";"";"34 881";"4 407";"27 561 686";"2024-09-09 03:48:32"
"2024-09-03";"";"72 615";"16 415";"27 563 131";"2024-09-03 17:50:50"
"2024-09-01";"";"186 126";"150 310";"27 561 355";"2024-09-01 07:16:04"
"2024-09-02";"";"1 724 023";"32 418";"27 563 157";"2024-09-02 04:01:44"
"2024-09-09";"";"107 737";"66 207";"27 562 899";"2024-09-09 19:04:59"
"2024-09-09";"";"87 310";"3 825";"27 562 350";"2024-09-09 10:55:11"
"2024-09-05";"";"81 070";"4 075";"27 563 439";"2024-09-05 20:05:11"
"2024-09-08";"";"35 795";"4 835";"27 561 743";"2024-09-09 01:10:46"
"2024-09-09";"";"107 336";"6 587";"27 561 712";"2024-09-09 22:43:59"
"2024-09-04";"";"3 153 223";"140 523";"27 561 501";"2024-09-04 13:46:57"
"2024-09-07";"";"32 798";"3 027";"27 561 344";"2024-09-07 20:05:58"
"2024-09-05";"";"32 037";"1 913";"27 563 262";"2024-09-05 17:50:39"
"2024-09-05";"";"182 100";"31 942";"27 561 997";"2024-09-05 13:22:40"
"2024-09-07";"Facebook";"496 814";"33 522";"27 561 485";"2024-09-07 11:56:23"
"2024-09-06";"";"96 431";"95 875";"27 562 575";"2024-09-06 21:06:03"
"2024-09-02";"YouTube";"37 022";"58 747";"27 562 866";"2024-09-02 12:09:57"
"2024-09-07";"Facebook";"126 586";"21 978";"27 562 200";"2024-09-07 07:04:45"
"2024-09-08";"Facebook";"618 334";"273 176";"27 562 640";"2024-09-08 09:30:35"
"2024-09-04";"YouTube";"6 291 319";"265 741";"27 562 653";"2024-09-04 23:20:50"
"2024-09-09";"";"41 746";"8 236";"27 562 192";"2024-09-09 17:02:19"
"2024-09-02";"";"8 142";"38 012";"27 562 812";"2024-09-02 05:14:41"
"2024-09-04";"YouTube";"2 323 907";"454 676";"27 561 872";"2024-09-04 10:43:05"
"2024-09-09";"YouTube";"167 557";"29 181";"27 562 402";"2024-09-09 13:58:47"
"2024-09-10";"";"2 375 935";"1 420 328";"27 561 893";"2024-09-10 18:03:42"
"2024-09-03";"";"60 556";"44 009";"27 563 291";"2024-09-04 00:45:25"
"2024-09-08";"";"3 514 522";"926 901";"27 562 255";"2024-09-08 10:43:14"
"2024-09-03";"";"731 125";"155 044";"27 562 138";"2024-09-03 20:29:41"
"2024-09-03";"";"152 725";"13 705";"27 563 198";"2024-09-03 17:50:44"
"2024-09-10";"";"283 439";"64 404";"27 561 441";"2024-09-10 14:23:58"
"2024-09-01";"";"4 044 157";"128 605";"27 562 025";"2024-09-01 05:02:27"
"2024-09-08";"";"68 995";"759 910";"27 561 499";"2024-09-08 20:05:09"
"2024-09-01";"";"106 560";"465 582";"27 562 861";"2024-09-01 09:42:21"
"2024-09-10";"";"10 287";"41 431";"27 561 424";"2024-09-11 01:58:37"
"2024-09-02";"";"526 921";"22 289";"27 561 722";"2024-09-02 21:30:32"
"2024-09-05";"";"197 772";"12 424";"27 561 841";"2024-09-05 07:16:01"
"2024-09-04";"YouTube";"65 711";"299 602";"27 561 625";"2024-09-04 12:33:53"
"2024-09-04";"";"13 879";"53 685";"27 563 000";"2024-09-04 07:04:15"
"2024-09-10";"";"93 561";"7 609";"27 563 062";"2024-09-10 13:10:51"
"2024-09-06";"Facebook";"1 220 662";"54 375";"27 562 824";"2024-09-06 16:37:30"
"2024-09-08";"";"327 136";"23 224";"27 561 433";"2024-09-08 11:20:23"
"2024-09-02";"";"440 069";"32 584";"27 562 536";"2024-09-03 00:33:46"
"2024-09-01";"";"5 834 584";"293 207";"27 562 708";"2024-09-01 18:51:17"
"2024-09-01";"";"76 964";"8 128";"27 561 463";"2024-09-01 15:12:10"
"2024-09-06";"";"107 062";"6 225";"27 563 447";"2024-09-06 10:07:52"
"2024-09-07";"Instagram";"29 817 859";"1 206 379";"27 561 890";"2024-09-07 17:38:42"
"2024-09-09";"";"5 845";"26 334";"27 563 058";"2024-09-09 22:19:21"
"2024-09-02";"YouTube";"526 138";"104 299";"27 562 913";"2024-09-02 08:17:04"
"2024-09-10";"Odnoklassniki";"412 214";"40 672";"27 563 216";"2024-09-10 09:06:28"
"2024-09-07";"";"34 708";"17 309";"27 563 436";"2024-09-07 12:57:40"
"2024-09-02";"Instagram";"1 418 073";"367 603";"27 563 326";"2024-09-02 07:16:36"
"2024-09-01";"";"1 799 715";"65 659";"27 562 872";"2024-09-02 01:34:53"
"2024-09-07";"";"31 363";"8 590";"27 562 438";"2024-09-07 20:53:39"
"2024-09-05";"";"219 305";"27 948";"27 561 552";"2024-09-05 08:53:12"
"2024-09-02";"";"44 030";"1 359 292";"27 562 988";"2024-09-02 21:42:53"
"2024-09-07";"";"1 041 507";"32 039";"27 562 624";"2024-09-07 05:26:55"
"2024-09-02";"";"176 621 212";"5 007 626";"27 562 981";"2024-09-02 09:18:28"
"2024-09-07";"";"141 528";"10 437";"27 561 760";"2024-09-08 00:45:19"
"2024-09-08";"";"238 202";"20 781";"27 563 379";"2024-09-09 02:23:09"
"2024-09-06";"";"645 085";"97 421";"27 563 397";"2024-09-06 21:06:45"
"2024-09-10";"";"93 760";"14 053";"27 561 659";"2024-09-10 08:53:58"
"2024-09-10";"Instagram";"25 632 213";"819 327";"27 563 394";"2024-09-10 15:00:35"
"2024-09-07";"";"7 962 654";"363 801";"27 562 571";"2024-09-07 18:15:44"
"2024-09-09";"";"2 091 232";"142 476";"27 561 306";"2024-09-09 07:28:17"
"2024-09-09";"";"236 746";"91 534";"27 563 187";"2024-09-09 11:20:42"
"2024-09-08";"Telegram";"37 382 870";"2 844 218";"27 562 069";"2024-09-08 19:28:30"
"2024-09-09";"Spotify";"3 199 087";"1 560 286";"27 563 467";"2024-09-09 08:53:13"
"2024-09-10";"";"69 330";"25 696";"27 563 427";"2024-09-10 13:46:50"
"2024-09-04";"Telegram";"34 226 473";"23 467 844";"27 563 325";"2024-09-05 00:57:43"
"2024-09-06";"";"450 599";"12 647";"27 562 982";"2024-09-07 01:46:12"
"2024-09-03";"TikTok";"151 114";"24 856";"27 561 688";"2024-09-03 05:50:19"
"2024-09-05";"";"50 933";"44 949";"27 562 456";"2024-09-05 05:02:58"
"2024-09-03";"";"145 920";"26 048";"27 563 514";"2024-09-03 11:08:39"
"2024-09-06";"YouTube";"49 766 384";"3 257 480";"27 562 674";"2024-09-06 19:04:18"
"2024-09-07";"";"108 899";"328 760";"27 561 426";"2024-09-07 22:19:56"
"2024-09-07";"YouTube";"5 663 022";"1 849 582";"27 561 591";"2024-09-07 07:04:06"
"2024-09-03";"";"476 208";"20 420";"27 562 156";"2024-09-03 23:08:46"
"2024-09-04";"Unknown";"38 267 676";"1 417 692";"27 561 350";"2024-09-04 03:48:13"
"2024-09-01";"Instagram";"489 465";"17 785";"27 562 660";"2024-09-01 13:10:32"
"2024-09-07";"";"107 483";"5 718";"27 563 413";"2024-09-07 20:41:52"
"2024-09-04";"";"924 751";"48 328";"27 561 342";"2024-09-05 02:59:10"
"2024-09-03";"";"28 400";"5 944";"27 562 984";"2024-09-03 03:24:43"
"2024-09-04";"Facebook";"30 477";"2 069";"27 562 878";"2024-09-04 05:26:25"
"2024-09-09";"";"66 056";"11 464";"27 561 354";"2024-09-09 03:00:55"
"2024-09-09";"Yandex";"80 895";"4 774";"27 563 514";"2024-09-09 16:49:16"
"2024-09-07";"";"38 131";"133 767";"27 563 264";"2024-09-07 13:58:38"
"2024-09-09";"";"27 694";"8 083";"27 563 269";"2024-09-09 20:17:57"
"2024-09-07";"";"49 798";"20 024";"27 563 446";"2024-09-07 09:42:38"
"2024-09-04";"";"166 512";"409 138";"27 562 264";"2024-09-04 13:10:56"
"2024-09-09";"";"807 545";"21 568";"27 563 083";"2024-09-09 12:33:11"
"2024-09-07";"Spotify";"1 506 047";"62 750";"27 563 174";"2024-09-07 16:37:27"
"2024-09-02";"";"148 454";"78 184";"27 561 796";"2024-09-02 09:18:46"
"2024-09-07";"";"500 882";"29 023";"27 561 347";"2024-09-07 12:45:19"
"2024-09-03";"";"26 022";"21 715";"27 563 048";"2024-09-03 04:37:57"
"2024-09-05";"";"29 472";"14 733";"27 563 156";"2024-09-06 00:45:22"
"2024-09-03";"VKontakte";"130 351";"32 411";"27 563 075";"2024-09-03 21:42:07"
"2024-09-01";"Facebook";"4 712 999";"315 611";"27 561 785";"2024-09-01 13:10:06"
"2024-09-05";"YouTube";"88 459 817";"3 487 053";"27 561 470";"2024-09-05 17:50:28"
"2024-09-07";"";"3 297 270";"562 274";"27 561 698";"2024-09-07 11:44:15"
"2024-09-07";"";"67 792";"9 360";"27 562 989";"2024-09-07 19:52:51"
"2024-09-07";"";"203 203";"144 550";"27 561 250";"2024-09-07 20:53:57"
"2024-09-01";"";"74 352";"4 949";"27 561 461";"2024-09-01 08:41:13"
"2024-09-05";"Telegram";"21 182 217";"1 310 829";"27 562 207";"2024-09-05 09:06:50"
"2024-09-02";"PUBG";"84 287";"8 393";"27 561 435";"2024-09-02 19:40:26"
"2024-09-05";"";"343 807";"13 372";"27 561 326";"2024-09-05 14:59:31"
"2024-09-05";"YouTube";"88 745";"5 623";"27 561 610";"2024-09-05 03:48:43"
"2024-09-03";"";"49 803";"5 356";"27 563 363";"2024-09-03 10:19:11"
"2024-09-06";"";"292 544";"37 582";"27 562 476";"2024-09-06 09:06:01"
"2024-09-10";"";"2 109 115";"58 029";"27 562 988";"2024-09-10 19:04:11"
"2024-09-07";"YouTube";"1 341 851";"885 007";"27 562 224";"2024-09-07 21:18:08"
"2024-09-02";"";"120 821";"19 792";"27 563 122";"2024-09-03 00:33:26"
"2024-09-04";"Instagram";"12 030 695";"11 621 676";"27 563 184";"2024-09-04 14:11:03"
"2024-09-09";"Instagram";"8 143 276";"529 667";"27 562 087";"2024-09-09 18:03:29"
"2024-09-05";"";"112 726";"3 912";"27 562 646";"2024-09-06 01:58:26"
"2024-09-10";"";"43 700";"3 134";"27 561 449";"2024-09-10 13:34:48"
"2024-09-05";"";"7 387";"44 444";"27 563 048";"2024-09-05 18:51:38"
"2024-09-05";"YouTube";"9 221 756";"3 261 006";"27 561 456";"2024-09-05 05:02:27"
"2024-09-04";"TikTok";"248 289";"1 363 842";"27 562 903";"2024-09-04 06:51:41"
"2024-09-01";"";"157 359";"7 249";"27 562 473";"2024-09-01 19:28:26"
"2024-09-10";"";"117 181";"23 717";"27 561 627";"2024-09-10 21:18:28"
"2024-09-08";"";"497 788";"27 816";"27 561 870";"2024-09-08 07:04:36"
"2024-09-07";"";"114 723";"7 055";"27 561 866";"2024-09-07 05:38:17"
"2024-09-09";"";"78 107";"18 200";"27 562 202";"2024-09-09 22:07:03"
"2024-09-01";"";"52 257";"5 631";"27 562 431";"2024-09-01 03:48:38"
"2024-09-05";"";"40 900 972";"2 009 541";"27 562 260";"2024-09-05 04:13:45"
"2024-09-08";"";"2 873 230";"153 007";"27 563 083";"2024-09-08 08:17:22"
"2024-09-03";"Instagram";"600 655";"63 440";"27 562 782";"2024-09-03 18:15:40"
"2024-09-01";"";"120 407";"20 216";"27 561 671";"2024-09-01 10:43:26"
"2024-09-06";"";"254 486";"9 100";"27 562 090";"2024-09-06 21:06:55"
"2024-09-08";"Yandex";"6 808 635";"1 408 260";"27 561 480";"2024-09-08 18:15:28"
"2024-09-05";"Likee";"152 106";"155 298";"27 563 030";"2024-09-05 15:24:14"
"2024-09-04";"YouTube";"368 132";"46 876";"27 563 152";"2024-09-04 03:48:10"
"2024-09-09";"Unknown";"289 446";"143 397";"27 561 845";"2024-09-09 06:03:08"
"2024-09-10";"YouTube";"32 515";"5 688";"27 561 707";"2024-09-10 22:43:22"
"2024-09-06";"";"483 149";"162 521";"27 563 217";"2024-09-07 01:10:36"
"2024-09-03";"";"31 438";"4 987";"27 562 033";"2024-09-03 20:05:04"
"2024-09-08";"YouTube";"502 913";"59 522";"27 562 552";"2024-09-08 22:55:44"
"2024-09-08";"";"41 738";"2 058";"27 561 874";"2024-09-08 23:56:17"
"2024-09-06";"";"28 728";"5 035";"27 562 444";"2024-09-06 22:43:37"
"2024-09-10";"Instagram";"27 078 159";"216 548";"27 563 515";"2024-09-10 14:47:07"
"2024-09-07";"";"31 581";"3 400";"27 561 687";"2024-09-07 16:01:49"
"2024-09-03";"";"3 890 629";"1 344 133";"27 562 457";"2024-09-03 05:02:27"
"2024-09-10";"";"31 908";"113 957";"27 561 774";"2024-09-10 20:05:18"
"2024-09-07";"";"137 842";"13 071";"27 562 298";"2024-09-07 04:13:09"
"2024-09-02";"";"48 041";"46 843";"27 561 674";"2024-09-02 15:24:48"
"2024-09-07";"";"81 020";"36 706";"27 563 128";"2024-09-07 09:06:37"
"2024-09-09";"";"55 489";"15 228";"27 563 041";"2024-09-09 16:37:47"
"2024-09-07";"YouTube";"167 836";"19 530";"27 563 039";"2024-09-08 01:46:13"
"2024-09-05";"";"29 722";"5 260";"27 562 451";"2024-09-05 17:02:49"
"2024-09-01";"YouTube";"21 854 626";"2 089 451";"27 562 328";"2024-09-02 00:57:40"
"2024-09-07";"Instagram";"17 251 962";"595 431";"27 562 298";"2024-09-07 12:33:33"
"2024-09-03";"Apple Music";"528 761";"129 613";"27 561 402";"2024-09-03 09:54:43"
"2024-09-04";"";"196 470";"17 352";"27 562 101";"2024-09-04 09:42:38"
"2024-09-09";"";"19 470";"26 488";"27 562 849";"2024-09-10 01:58:39"
"2024-09-05";"";"29 162";"2 603";"27 562 059";"2024-09-05 16:25:17"
"2024-09-06";"";"210 569";"7 322";"27 562 654";"2024-09-06 22:31:18"
"2024-09-09";"Tas-ix";"322 064";"19 864";"27 562 125";"2024-09-09 03:48:59"
"2024-09-05";"Yandex";"1 078 677";"78 371";"27 563 107";"2024-09-05 11:08:50"
"2024-09-10";"";"261 004";"228 582";"27 563 336";"2024-09-10 13:46:35"
"2024-09-08";"";"42 429";"2 668";"27 562 762";"2024-09-08 04:37:30"
"2024-09-06";"";"9 889 264";"8 244 334";"27 563 439";"2024-09-06 17:38:15"
"2024-09-08";"";"32 086 614";"879 697";"27 562 812";"2024-09-08 10:31:23"
"2024-09-04";"";"47 561";"2 261";"27 562 580";"2024-09-05 01:22:18"
"2024-09-07";"";"41 846";"16 991";"27 561 542";"2024-09-07 16:37:48"
"2024-09-04";"";"588 939";"37 869";"27 563 311";"2024-09-04 03:48:28"
"2024-09-04";"Yandex Video";"10 315";"72 332";"27 562 803";"2024-09-04 18:27:46"
"2024-09-05";"";"47 524";"4 621";"27 562 700";"2024-09-05 20:05:41"
"2024-09-03";"";"388 165";"36 789";"27 561 558";"2024-09-03 13:34:49"
"2024-09-08";"Telegram";"39 403 182";"5 397 372";"27 561 723";"2024-09-08 21:54:45"
"2024-09-06";"Instagram";"6 862 444";"300 940";"27 563 063";"2024-09-06 11:44:53"
"2024-09-05";"";"91 667";"6 484";"27 562 445";"2024-09-05 18:51:21"
"2024-09-04";"";"82 482";"2 766";"27 562 688";"2024-09-04 03:48:12"
"2024-09-09";"";"17 294 103";"496 144";"27 562 343";"2024-09-09 10:07:02"
"2024-09-02";"";"62 403";"24 185";"27 561 590";"2024-09-02 23:08:25"
"2024-09-10";"YouTube";"1 215 604";"48 442";"27 562 344";"2024-09-10 17:26:40"
"2024-09-10";"YouTube";"232 347";"39 245";"27 561 893";"2024-09-10 11:32:15"
"2024-09-10";"";"8 185 869";"237 034";"27 561 722";"2024-09-10 10:43:49"
"2024-09-07";"";"300 357";"15 029";"27 562 754";"2024-09-07 05:26:33"
"2024-09-02";"Telegram";"28 973 186";"2 637 473";"27 562 674";"2024-09-02 22:19:26"
"2024-09-04";"";"28 699";"9 768";"27 563 232";"2024-09-04 22:07:24"
"2024-09-03";"";"109 799";"7 397";"27 563 293";"2024-09-03 07:16:31"
"2024-09-07";"";"35 872";"26 192";"27 563 306";"2024-09-07 03:24:20"
"2024-09-10";"";"49 943";"5 717";"27 562 922";"2024-09-10 07:40:16"
"2024-09-10";"";"63 043";"3 160";"27 563 121";"2024-09-10 14:23:02"
"2024-09-06";"";"144 616";"11 477";"27 563 223";"2024-09-07 00:33:00"
"2024-09-10";"Yandex";"353 433";"151 222";"27 562 317";"2024-09-10 10:55:06"
"2024-09-03";"Apple Music";"466 045";"113 773";"27 563 059";"2024-09-03 05:38:38"
"2024-09-07";"YouTube";"4 462 827";"353 608";"27 561 259";"2024-09-07 22:55:44"
"2024-09-08";"";"24 693";"33 197";"27 562 668";"2024-09-08 05:50:38"
"2024-09-03";"";"26 896";"3 820";"27 561 354";"2024-09-03 23:56:07"
"2024-09-07";"Facebook";"38 720";"8 460";"27 561 950";"2024-09-07 23:20:51"
"2024-09-10";"";"257 800";"56 560";"27 561 649";"2024-09-10 11:20:23"
"2024-09-04";"Instagram";"38 440 238";"829 192";"27 562 014";"2024-09-04 09:30:54"
"2024-09-05";"Facebook";"2 230 161";"140 393";"27 561 855";"2024-09-05 05:14:05"
"2024-09-06";"YouTube";"11 809 195";"828 221";"27 561 388";"2024-09-06 03:36:14"
"2024-09-08";"";"68 851";"6 174";"27 563 467";"2024-09-08 04:25:30"
"2024-09-05";"Instagram";"282 416";"53 460";"27 561 810";"2024-09-05 23:56:58"
"2024-09-03";"";"163 934";"51 112";"27 562 824";"2024-09-03 09:06:50"
"2024-09-10";"YouTube";"195 206";"7 176";"27 562 021";"2024-09-10 17:02:43"
"2024-09-07";"Instagram";"453 854";"34 848";"27 562 492";"2024-09-07 17:02:27"
"2024-09-04";"Telegram";"68 544 207";"3 653 554";"27 563 175";"2024-09-04 04:01:57"
"2024-09-10";"";"7 232 236";"178 280";"27 562 322";"2024-09-10 15:36:05"
"2024-09-05";"";"99 099";"5 619";"27 562 360";"2024-09-05 09:18:27"
"2024-09-01";"Instagram";"91 475";"10 367";"27 561 530";"2024-09-01 13:22:58"
"2024-09-05";"Instagram";"8 213 568";"248 390";"27 561 420";"2024-09-05 17:38:19"
"2024-09-03";"";"27 242";"6 820";"27 561 249";"2024-09-03 09:42:40"
"2024-09-02";"";"30 802";"27 567";"27 562 741";"2024-09-02 04:49:43"
"2024-09-03";"";"220 828";"16 080";"27 562 674";"2024-09-03 07:28:29"
"2024-09-08";"";"39 998";"2 354";"27 561 418";"2024-09-08 19:52:03"
"2024-09-01";"";"136 294";"11 594";"27 561 924";"2024-09-01 03:48:38"
"2024-09-04";"YouTube";"200 482";"2 576 934";"27 562 654";"2024-09-04 19:16:54"
"2024-09-02";"";"94 499";"4 700";"27 562 527";"2024-09-02 10:19:31"
"2024-09-03";"";"1 478 785";"35 645";"27 561 684";"2024-09-03 09:30:24"
"2024-09-06";"";"277 280";"13 627";"27 562 355";"2024-09-06 06:27:29"
"2024-09-05";"Facebook";"45 990";"4 129";"27 561 314";"2024-09-05 10:19:21"
"2024-09-02";"";"279 834";"30 606";"27 562 698";"2024-09-02 03:00:44"
"2024-09-07";"YouTube";"7 439 396";"391 711";"27 561 427";"2024-09-07 06:27:11"
"2024-09-02";"Instagram";"1 478 498";"46 834";"27 561 591";"2024-09-02 15:12:13"
"2024-09-03";"VKontakte";"87 008";"91 193";"27 563 223";"2024-09-03 04:01:42"
"2024-09-05";"";"404 283";"75 013";"27 561 752";"2024-09-05 19:16:52"
"2024-09-04";"";"34 744";"2 711";"27 561 303";"2024-09-04 18:15:14"
"2024-09-05";"";"112 762";"3 913";"27 563 039";"2024-09-05 14:35:26"
"2024-09-04";"";"1 647 971";"119 836";"27 562 841";"2024-09-04 18:27:38"
"2024-09-07";"";"51 589";"10 744";"27 562 713";"2024-09-07 08:53:23"
"2024-09-07";"";"535 959";"23 742";"27 562 149";"2024-09-08 00:21:17"
"2024-09-05";"Telegram";"15 962 343";"1 542 143";"27 561 338";"2024-09-05 17:26:24"
"2024-09-04";"";"151 576";"10 677";"27 562 489";"2024-09-04 16:13:02"
"2024-09-09";"";"1 860";"108 282";"27 562 839";"2024-09-09 09:42:21"
"2024-09-01";"";"51 395";"112 497";"27 561 851";"2024-09-01 23:32:18"
"2024-09-09";"";"59 240";"17 568";"27 561 485";"2024-09-09 11:08:48"
"2024-09-06";"YouTube";"861 927";"1 571 441";"27 563 060";"2024-09-06 11:08:33"
"2024-09-02";"";"54 104";"16 420";"27 561 698";"2024-09-02 15:24:45"
"2024-09-09";"Instagram";"2 871 775";"113 190";"27 562 257";"2024-09-09 16:25:29"
"2024-09-08";"Likee";"367 040";"459 364";"27 563 141";"2024-09-08 15:24:44"
"2024-09-09";"YouTube";"90 189";"8 075";"27 563 031";"2024-09-09 11:44:22"
"2024-09-04";"";"129 397";"8 131";"27 561 286";"2024-09-04 11:08:55"
"2024-09-08";"Telegram";"84 257 594";"4 387 915";"27 563 069";"2024-09-09 00:09:15"
"2024-09-10";"";"301 373";"17 464";"27 562 365";"2024-09-11 00:57:08"
"2024-09-02";"";"51 338";"17 922";"27 562 907";"2024-09-02 23:20:32"
"2024-09-05";"YouTube";"1 112 754";"4 731 475";"27 563 066";"2024-09-05 16:49:02"
"2024-09-09";"";"2 504 765";"1 059 550";"27 561 542";"2024-09-09 06:15:03"
"2024-09-04";"";"385 966";"16 229";"27 563 485";"2024-09-04 06:15:01"
"2024-09-07";"Tas-ix";"289 188";"10 948";"27 563 295";"2024-09-07 19:16:01"
"2024-09-02";"";"538 108";"30 760";"27 561 596";"2024-09-02 23:08:48"
"2024-09-05";"Instagram";"15 248 388";"459 840";"27 562 679";"2024-09-05 15:48:02"
"2024-09-02";"Telegram";"4 590 653";"295 660";"27 561 181";"2024-09-02 12:33:23"
"2024-09-09";"";"393 820";"14 200";"27 562 347";"2024-09-09 23:20:00"
"2024-09-08";"";"63 838";"103 565";"27 562 968";"2024-09-08 06:03:54"
"2024-09-02";"Telegram";"40 347 204";"4 687 646";"27 561 421";"2024-09-02 05:50:48"
"2024-09-07";"";"286 978";"19 884";"27 563 463";"2024-09-08 01:22:08"
"2024-09-01";"PUBG";"4 327 130";"210 254";"27 561 213";"2024-09-01 19:04:13"
"2024-09-10";"";"58 033";"7 554";"27 562 226";"2024-09-10 22:07:55"
"2024-09-07";"";"893 738";"139 272";"27 561 722";"2024-09-07 05:50:10"
"2024-09-02";"";"4 535 836";"103 031";"27 562 778";"2024-09-02 06:27:08"
"2024-09-08";"";"661 068";"71 054";"27 562 025";"2024-09-08 05:02:01"
"2024-09-10";"WhatsApp";"433 016";"38 404";"27 561 592";"2024-09-10 15:00:34"
"2024-09-09";"";"37 475";"9 199";"27 562 703";"2024-09-09 21:54:46"
"2024-09-01";"Tas-ix";"228 350";"14 097";"27 562 341";"2024-09-02 02:47:24"
"2024-09-02";"";"600 973";"45 347";"27 562 427";"2024-09-02 03:00:43"
"2024-09-05";"";"2 469 674";"86 752";"27 563 424";"2024-09-05 21:06:04"
"2024-09-08";"";"585 718";"26 367";"27 562 552";"2024-09-08 16:25:00"
"2024-09-04";"";"170 339";"9 779";"27 562 048";"2024-09-05 01:58:01"
"2024-09-02";"";"113 811";"11 675";"27 561 491";"2024-09-02 17:26:54"
"2024-09-07";"";"1 470 417 355";"217 757 203";"27 563 473";"2024-09-07 17:38:25"
"2024-09-02";"YouTube";"205 926";"22 181";"27 562 747";"2024-09-02 14:47:01"
"2024-09-02";"";"111 164";"5 399";"27 563 238";"2024-09-02 22:43:25"
"2024-09-10";"";"67 382";"26 453";"27 563 494";"2024-09-10 22:55:38"
"2024-09-06";"";"31 673";"6 111";"27 562 212";"2024-09-06 11:44:17"
"2024-09-02";"";"55 908";"2 692";"27 561 775";"2024-09-02 19:40:46"
"2024-09-10";"";"31 843";"12 721";"27 561 666";"2024-09-10 23:44:25"
"2024-09-10";"";"49 209";"6 436";"27 563 244";"2024-09-10 16:25:16"
"2024-09-01";"YouTube";"192 623";"37 057";"27 563 148";"2024-09-01 03:00:16"
"2024-09-08";"";"244 145";"8 439";"27 562 442";"2024-09-08 11:44:05"
"2024-09-10";"";"26 740";"19 212";"27 562 428";"2024-09-10 19:52:39"
"2024-09-06";"";"67 249";"35 093";"27 562 100";"2024-09-06 09:42:03"
"2024-09-04";"";"8 328";"100 852";"27 563 404";"2024-09-04 07:40:11"
"2024-09-10";"YouTube";"8 641 450";"445 989";"27 563 154";"2024-09-10 10:19:34"
"2024-09-04";"YouTube";"1 762 929";"787 168";"27 561 543";"2024-09-04 04:37:00"
"2024-09-09";"";"29 731";"60 938";"27 561 545";"2024-09-10 00:09:06"
"2024-09-03";"";"826 180";"88 239";"27 562 812";"2024-09-03 22:19:24"
"2024-09-05";"";"68 408";"23 229";"27 563 001";"2024-09-05 08:17:16"
"2024-09-08";"YouTube";"106 739";"8 300";"27 561 732";"2024-09-08 10:19:10"
"2024-09-04";"YouTube";"1 270 246";"60 156";"27 561 444";"2024-09-04 13:22:44"
"2024-09-06";"";"37 440";"7 907";"27 561 814";"2024-09-06 14:47:33"
"2024-09-04";"Facebook";"664 692";"47 317";"27 563 059";"2024-09-04 04:49:40"
"2024-09-08";"";"30 590";"100 160";"27 562 302";"2024-09-09 01:10:47"
"2024-09-09";"";"126 454";"10 787";"27 561 630";"2024-09-09 12:21:52"
"2024-09-09";"Telegram";"876 341";"75 573";"27 561 204";"2024-09-09 05:14:39"
"2024-09-05";"PUBG";"1 310 558";"108 307";"27 562 122";"2024-09-05 12:45:28"
"2024-09-03";"Instagram";"1 385 662";"92 603";"27 562 479";"2024-09-03 12:45:22"
"2024-09-05";"";"796 469";"25 074";"27 561 390";"2024-09-06 02:23:55"
"2024-09-10";"YouTube";"842 634";"167 078";"27 563 136";"2024-09-10 11:32:17"
"2024-09-06";"YouTube";"475 538";"21 556";"27 561 626";"2024-09-06 09:54:50"
"2024-09-02";"";"110 771";"17 058";"27 562 255";"2024-09-02 08:29:18"
"2024-09-07";"";"81 292";"2 038";"27 563 458";"2024-09-07 05:50:53"
"2024-09-10";"Telegram";"32 282";"3 152";"27 561 745";"2024-09-10 13:34:54"
"2024-09-10";"Instagram";"93 810 360";"3 379 973";"27 561 873";"2024-09-10 08:53:23"
"2024-09-01";"Telegram";"65 960";"5 140";"27 562 812";"2024-09-01 15:00:51"
"2024-09-06";"Yandex";"12 042 085";"401 565";"27 561 629";"2024-09-06 13:10:56"
"2024-09-08";"";"1 237 804";"56 765";"27 563 261";"2024-09-08 12:09:45"
"2024-09-02";"";"28 317";"4 840";"27 562 419";"2024-09-02 16:37:31"
"2024-09-03";"YouTube";"7 340 609";"762 510";"27 561 944";"2024-09-04 02:59:31"
"2024-09-09";"Instagram";"448 610";"4 235";"27 563 101";"2024-09-09 16:25:28"
"2024-09-07";"";"174 952";"1 231 773";"27 561 204";"2024-09-07 16:25:27"
"2024-09-09";"";"46 133";"694 382";"27 563 043";"2024-09-09 22:55:25"
"2024-09-06";"";"303 551";"29 109";"27 563 171";"2024-09-06 23:20:26"
"2024-09-02";"Instagram";"9 809 553";"13 089 770";"27 562 099";"2024-09-02 14:23:33"
"2024-09-03";"Facebook";"1 869 322";"59 230";"27 561 805";"2024-09-03 11:32:25"
"2024-09-09";"";"45 460";"7 690";"27 561 414";"2024-09-09 17:50:51"
"2024-09-01";"";"196 432";"71 237";"27 562 423";"2024-09-02 00:09:36"
"2024-09-08";"";"44 380";"6 851";"27 563 205";"2024-09-08 18:51:32"
"2024-09-03";"";"62 704";"7 722";"27 562 202";"2024-09-03 13:46:44"
"2024-09-08";"";"3 133 849";"168 455";"27 562 838";"2024-09-08 03:24:23"
"2024-09-03";"";"1 976 701";"46 018";"27 563 140";"2024-09-04 02:59:07"
"2024-09-03";"Facebook";"30 631";"2 020";"27 562 088";"2024-09-03 14:11:26"
"2024-09-02";"Yandex";"142 514";"9 683";"27 562 371";"2024-09-02 16:37:21"
"2024-09-03";"";"1 375 284";"79 254";"27 563 020";"2024-09-03 21:18:25"
"2024-09-05";"";"110 535";"19 057";"27 561 391";"2024-09-05 19:52:35"
"2024-09-02";"";"151 592";"125 003";"27 562 098";"2024-09-02 22:55:05"
"2024-09-10";"";"312 321";"51 846";"27 562 894";"2024-09-10 18:27:41"
"2024-09-07";"";"226 449";"9 667";"27 562 646";"2024-09-07 07:16:21"
"2024-09-10";"YouTube";"1 419 209";"578 806";"27 563 066";"2024-09-10 18:15:00"
"2024-09-05";"Instagram";"13 415 338";"12 142 445";"27 562 309";"2024-09-05 18:03:37"
"2024-09-02";"YouTube";"94 141";"57 193";"27 562 377";"2024-09-02 17:14:13"
"2024-09-09";"";"97 603";"74 702";"27 563 087";"2024-09-09 12:45:43"
"2024-09-02";"Telegram";"69 572 457";"60 707 471";"27 562 328";"2024-09-02 11:08:19"
"2024-09-03";"";"44 514";"5 831";"27 561 239";"2024-09-03 20:05:23"
"2024-09-06";"";"37 919";"3 021";"27 563 005";"2024-09-06 23:20:49"
"2024-09-03";"Facebook";"744 002";"76 341";"27 561 481";"2024-09-04 02:23:43"
"2024-09-08";"";"503 868";"140 492";"27 563 363";"2024-09-08 11:20:23"
"2024-09-09";"";"91 836";"6 628";"27 562 696";"2024-09-09 19:04:24"
"2024-09-04";"";"3 298 809";"1 779 873";"27 562 542";"2024-09-04 21:42:26"
"2024-09-04";"";"36 517";"1 712";"27 561 862";"2024-09-05 00:09:22"
"2024-09-03";"";"121 368";"91 115";"27 562 252";"2024-09-03 14:23:24"
"2024-09-06";"Yandex";"137 435";"7 594";"27 561 331";"2024-09-07 00:09:10"
"2024-09-01";"YouTube";"5 972 156";"396 450";"27 562 300";"2024-09-01 17:26:26"
"2024-09-07";"";"32 763";"6 358";"27 562 338";"2024-09-07 04:01:31"
"2024-09-09";"";"48 849";"3 339";"27 562 243";"2024-09-09 15:48:41"
"2024-09-06";"Yandex";"564 697";"44 114";"27 563 293";"2024-09-06 06:51:28"
"2024-09-02";"";"107 109";"12 232";"27 561 921";"2024-09-02 16:01:53"
"2024-09-10";"";"27 099";"2 533";"27 563 462";"2024-09-10 19:52:56"
"2024-09-09";"";"28 259";"4 910";"27 562 845";"2024-09-09 04:49:31"
"2024-09-06";"";"65 589";"164 452";"27 562 758";"2024-09-06 04:01:20"
"2024-09-06";"";"165 818";"26 001";"27 561 737";"2024-09-06 14:59:58"
"2024-09-05";"";"65 096";"10 630";"27 562 099";"2024-09-05 09:06:37"
"2024-09-07";"YouTube";"1 031 534";"138 445";"27 563 216";"2024-09-07 06:39:59"
"2024-09-09";"";"130 174";"597 439";"27 561 491";"2024-09-09 08:53:16"
"2024-09-10";"";"82 510";"10 928";"27 562 753";"2024-09-10 09:18:34"
"2024-09-10";"YouTube";"336 354";"16 700";"27 562 545";"2024-09-10 17:14:50"
"2024-09-10";"";"515 299";"41 590";"27 561 600";"2024-09-10 20:29:48"
"2024-09-04";"YouTube";"1 044 429";"243 519";"27 562 377";"2024-09-04 15:48:39"
"2024-09-04";"";"1 308 391";"4 508 814";"27 562 125";"2024-09-04 16:25:32"
"2024-09-06";"";"132 935";"8 153";"27 563 320";"2024-09-06 19:28:30"
"2024-09-06";"Instagram";"2 450 727";"322 075";"27 562 511";"2024-09-06 13:22:08"
"2024-09-10";"";"35 685";"9 782";"27 563 425";"2024-09-10 14:47:34"
"2024-09-09";"YouTube";"761 039";"2 361 287";"27 562 634";"2024-09-10 01:46:23"
"2024-09-09";"";"32 214 252";"1 296 555";"27 562 033";"2024-09-09 18:27:08"
"2024-09-09";"Telegram";"11 057 299";"1 553 949";"27 562 490";"2024-09-09 19:28:52"
"2024-09-08";"";"219 707";"15 009";"27 561 543";"2024-09-08 23:56:07"
"2024-09-06";"Facebook";"130 192";"60 075";"27 562 050";"2024-09-06 22:07:42"
"2024-09-10";"";"809 895";"49 242";"27 562 026";"2024-09-10 12:57:11"
"2024-09-10";"";"26 475";"3 056";"27 562 711";"2024-09-10 14:11:55"
"2024-09-06";"";"200 732";"56 135";"27 561 989";"2024-09-06 22:07:48"
"2024-09-03";"";"271 715";"58 940";"27 562 668";"2024-09-03 10:55:06"
"2024-09-07";"";"84 996";"3 864";"27 562 640";"2024-09-07 15:00:48"
"2024-09-07";"";"50 925";"2 977";"27 562 314";"2024-09-08 01:22:59"
"2024-09-04";"";"953 225";"37 432";"27 562 595";"2024-09-04 12:57:06"
"2024-09-05";"";"629 975";"24 115";"27 562 784";"2024-09-05 21:30:00"
"2024-09-08";"";"8 469";"28 946";"27 562 617";"2024-09-09 02:35:14"
"2024-09-04";"YouTube";"7 384 958";"529 248";"27 563 183";"2024-09-04 17:26:02"
"2024-09-05";"";"36 905";"5 659";"27 561 502";"2024-09-05 15:24:05"
"2024-09-02";"";"34 884";"3 546";"27 562 781";"2024-09-02 09:30:24"
"2024-09-04";"Tas-ix";"50 815";"12 980";"27 561 723";"2024-09-04 06:15:37"
"2024-09-06";"";"44 580";"2 979";"27 562 289";"2024-09-06 18:39:55"
"2024-09-02";"";"47 924";"3 709";"27 561 697";"2024-09-02 12:33:36"
"2024-09-08";"";"44 499";"40 246";"27 561 801";"2024-09-08 04:25:07"
"2024-09-02";"";"125 000";"34 869";"27 562 612";"2024-09-02 08:29:38"
"2024-09-10";"YouTube";"780 595";"249 174";"27 561 846";"2024-09-10 04:49:37"
"2024-09-02";"";"527 343";"15 972";"27 561 173";"2024-09-02 06:15:33"
"2024-09-09";"Apple Music";"27 658";"7 466";"27 563 416";"2024-09-09 15:24:51"
"2024-09-02";"";"178 192";"49 905";"27 562 607";"2024-09-02 04:37:00"
"2024-09-07";"Instagram";"759 644";"561 139";"27 563 151";"2024-09-07 18:03:07"
"2024-09-09";"";"70 518";"13 338";"27 562 322";"2024-09-09 03:36:58"
"2024-09-04";"";"1 046 635";"53 628";"27 561 545";"2024-09-04 10:43:22"
"2024-09-09";"";"1 449 040";"583 398";"27 562 105";"2024-09-10 01:58:44"
"2024-09-09";"WhatsApp";"5 015 170";"3 124 981";"27 563 008";"2024-09-10 02:11:41"
"2024-09-04";"";"52 534";"3 527";"27 561 306";"2024-09-05 00:21:20"
"2024-09-03";"";"6 389";"32 002";"27 562 932";"2024-09-03 18:51:23"
"2024-09-08";"";"1 159 943";"220 288";"27 562 069";"2024-09-08 18:51:02"
"2024-09-10";"";"348 434";"24 169";"27 562 997";"2024-09-10 06:03:06"
"2024-09-08";"Telegram";"1 295 108";"131 487";"27 562 793";"2024-09-08 14:35:45"
"2024-09-05";"YouTube";"19 390";"35 017";"27 563 230";"2024-09-06 02:47:04"
"2024-09-07";"";"27 275";"1 395";"27 563 154";"2024-09-07 17:50:46"
"2024-09-04";"";"34 626";"1 939";"27 561 836";"2024-09-04 16:25:05"
"2024-09-05";"";"1 176 785";"114 633";"27 561 903";"2024-09-05 05:38:14"
"2024-09-04";"";"120 048";"8 300";"27 562 428";"2024-09-04 23:08:23"
"2024-09-03";"";"109 834 883";"6 637 425";"27 562 039";"2024-09-03 23:08:03"
"2024-09-07";"Instagram";"125 354 351";"4 285 312";"27 562 117";"2024-09-07 18:03:36"
"2024-09-05";"Telegram";"6 632 465";"695 808";"27 561 524";"2024-09-05 20:53:22"
"2024-09-10";"";"51 619";"54 219";"27 563 308";"2024-09-11 01:58:38"
"2024-09-10";"YouTube";"17 723 803";"1 327 952";"27 562 868";"2024-09-10 06:15:17"
"2024-09-03";"Tas-ix";"594 120";"29 097";"27 563 488";"2024-09-03 12:57:52"
"2024-09-04";"";"30 249";"93 576";"27 562 350";"2024-09-04 12:45:38"
"2024-09-03";"";"29 812";"8 392";"27 562 653";"2024-09-03 23:44:22"
"2024-09-04";"YouTube";"668 456";"308 605";"27 562 090";"2024-09-05 00:21:50"
"2024-09-06";"";"40 196";"1 971";"27 562 733";"2024-09-07 02:47:01"
"2024-09-09";"";"26 781";"38 614";"27 562 617";"2024-09-09 22:55:53"
"2024-09-03";"YouTube";"1 015 988";"277 889";"27 562 024";"2024-09-03 16:37:38"
"2024-09-08";"";"131 543";"80 106";"27 561 676";"2024-09-08 20:29:16"
"2024-09-07";"";"39 756 141";"1 788 019";"27 562 900";"2024-09-07 19:40:01"
"2024-09-05";"";"2 363 570";"589 127";"27 562 620";"2024-09-05 04:37:06"
"2024-09-08";"";"30 509";"3 313";"27 562 265";"2024-09-08 09:42:38"
"2024-09-03";"";"25 986";"8 171";"27 563 080";"2024-09-03 08:17:41"
"2024-09-08";"Telegram";"962 856";"71 836";"27 561 345";"2024-09-08 07:52:26"
"2024-09-02";"VKontakte";"3 238 492";"189 460";"27 561 236";"2024-09-02 11:32:19"
"2024-09-02";"";"34 916";"40 554";"27 561 861";"2024-09-02 17:50:34"
"2024-09-06";"YouTube";"564 469";"26 640";"27 563 083";"2024-09-06 16:49:31"
"2024-09-09";"";"19 452";"53 083";"27 563 447";"2024-09-09 10:55:05"
"2024-09-05";"Apple Music";"531 060";"97 521";"27 563 355";"2024-09-06 00:21:45"
"2024-09-08";"Facebook";"807 810";"696 071";"27 562 544";"2024-09-08 20:41:38"
"2024-09-04";"Telegram";"62 145 505";"50 520 968";"27 562 895";"2024-09-04 12:33:44"
"2024-09-05";"";"29 444";"2 056";"27 561 892";"2024-09-05 15:00:15"
"2024-09-09";"";"217 935";"70 602";"27 562 480";"2024-09-09 12:57:05"
"2024-09-02";"";"1 073 154";"146 795";"27 561 941";"2024-09-02 08:29:19"
"2024-09-07";"";"176 984";"9 672";"27 562 016";"2024-09-07 11:56:06"
"2024-09-06";"";"1 521 534";"53 060";"27 563 193";"2024-09-06 05:14:25"
"2024-09-06";"";"148 091";"27 494";"27 563 205";"2024-09-06 04:25:15"
"2024-09-04";"";"526 084";"408 214";"27 561 698";"2024-09-04 05:38:42"
"2024-09-05";"";"36 331";"9 336";"27 562 856";"2024-09-05 22:07:36"
"2024-09-06";"";"95 128";"93 330";"27 563 005";"2024-09-06 13:58:24"
"2024-09-10";"";"32 466";"3 859";"27 562 721";"2024-09-10 16:25:03"
"2024-09-01";"";"49 098";"5 661";"27 562 808";"2024-09-01 18:39:07"
"2024-09-10";"Telegram";"5 301 439";"15 346 889";"27 561 231";"2024-09-10 03:48:23"
"2024-09-05";"YouTube";"2 822 108";"154 378";"27 562 167";"2024-09-05 09:06:04"
"2024-09-05";"";"31 746";"15 196";"27 561 701";"2024-09-06 01:22:49"
"2024-09-07";"";"7 880";"40 078";"27 562 376";"2024-09-07 09:18:59"
"2024-09-10";"";"78 958";"71 475";"27 561 392";"2024-09-10 04:13:04"
"2024-09-10";"";"283 824";"138 935";"27 563 058";"2024-09-11 02:59:27"
"2024-09-09";"";"398 837";"129 238";"27 562 621";"2024-09-09 06:15:00"
"2024-09-10";"Telegram";"461 280";"50 974";"27 562 393";"2024-09-11 01:34:22"
"2024-09-04";"Facebook";"22 622";"1 494 324";"27 561 301";"2024-09-04 05:26:49"
"2024-09-04";"Yandex";"66 173";"364 079";"27 562 403";"2024-09-04 07:52:42"
"2024-09-07";"";"176 151";"29 294";"27 561 687";"2024-09-07 08:05:14"
"2024-09-08";"Instagram";"22 162 650";"644 016";"27 561 975";"2024-09-08 21:06:06"
"2024-09-08";"YouTube";"42 609 332";"2 400 423";"27 562 401";"2024-09-08 14:35:37"
"2024-09-09";"YouTube";"2 551 152";"154 769";"27 561 217";"2024-09-09 20:41:59"
"2024-09-03";"";"203 536 258";"23 377 248";"27 562 670";"2024-09-03 13:46:55"
"2024-09-10";"";"104 279";"8 496";"27 561 227";"2024-09-11 02:35:47"
"2024-09-05";"";"31 752";"2 011";"27 561 658";"2024-09-05 22:43:37"
"2024-09-10";"";"414 290";"104 189";"27 562 919";"2024-09-10 10:19:24"
"2024-09-10";"Instagram";"210 333";"52 928";"27 561 171";"2024-09-10 08:41:52"
"2024-09-06";"WhatsApp";"5 264 683";"233 155";"27 563 092";"2024-09-06 17:38:18"
"2024-09-03";"";"30 696";"20 391";"27 562 544";"2024-09-03 18:27:30"
"2024-09-04";"";"29 299 785";"494 872";"27 561 651";"2024-09-04 04:37:46"
"2024-09-08";"WhatsApp";"205 223";"1 299 012";"27 561 508";"2024-09-08 14:35:42"
"2024-09-02";"";"242 723";"26 385";"27 561 815";"2024-09-02 23:08:51"
"2024-09-04";"";"22 620";"963 353";"27 561 697";"2024-09-04 08:53:19"
"2024-09-09";"";"52 942";"77 496";"27 562 419";"2024-09-10 01:58:44"
"2024-09-05";"";"78 055";"2 511";"27 562 232";"2024-09-06 01:46:25"
"2024-09-06";"YouTube";"341 247";"3 399 062";"27 561 820";"2024-09-06 08:29:23"
"2024-09-03";"";"158 132";"9 311";"27 563 445";"2024-09-03 22:43:54"
"2024-09-08";"";"58 187";"13 427";"27 561 230";"2024-09-09 01:34:56"
"2024-09-10";"";"201 134";"7 245";"27 561 881";"2024-09-10 14:59:43"
"2024-09-06";"";"610 874";"27 496";"27 561 369";"2024-09-06 21:30:23"
"2024-09-08";"";"608 157";"30 720";"27 563 443";"2024-09-09 00:57:28"
"2024-09-04";"";"166 532";"33 591";"27 562 125";"2024-09-04 14:23:21"
"2024-09-05";"";"30 612";"5 088";"27 562 438";"2024-09-05 15:00:57"
"2024-09-07";"YouTube";"18 668 489";"1 290 829";"27 561 197";"2024-09-07 09:18:33"
"2024-09-06";"";"94 721";"4 106";"27 561 800";"2024-09-06 22:07:28"
"2024-09-09";"Instagram";"772 597";"398 838";"27 562 631";"2024-09-09 22:55:14"
"2024-09-09";"";"67 024";"8 886";"27 562 644";"2024-09-10 01:10:39"
"2024-09-05";"";"41 688";"18 388";"27 563 175";"2024-09-05 07:16:00"
"2024-09-09";"";"289 097";"108 179";"27 561 247";"2024-09-09 07:16:12"
"2024-09-03";"";"25 668";"2 435";"27 562 087";"2024-09-04 02:23:41"
"2024-09-04";"Instagram";"19 822 199";"331 615";"27 563 333";"2024-09-04 09:54:58"
"2024-09-06";"";"103 695";"8 519";"27 561 373";"2024-09-06 17:14:42"
"2024-09-02";"";"104 204";"19 892";"27 563 014";"2024-09-02 19:16:40"
"2024-09-10";"";"143 457";"14 577";"27 561 290";"2024-09-10 21:54:20"
"2024-09-03";"Yandex";"50 881";"2 139";"27 562 215";"2024-09-03 07:40:50"
"2024-09-04";"";"8 455 215";"487 119";"27 562 792";"2024-09-04 09:54:23"
"2024-09-05";"";"123 467";"112 684";"27 561 615";"2024-09-05 18:51:21"
"2024-09-03";"";"28 352";"12 583";"27 563 065";"2024-09-03 18:15:49"
"2024-09-10";"Facebook";"4 302 656";"202 499";"27 562 259";"2024-09-10 22:55:51"
"2024-09-06";"Facebook";"72 493";"2 714";"27 562 331";"2024-09-06 18:27:32"
"2024-09-10";"";"43 948";"7 405";"27 563 199";"2024-09-10 20:53:33"
"2024-09-07";"Instagram";"122 294 132";"3 579 977";"27 562 194";"2024-09-07 16:49:01"
"2024-09-05";"";"4 185 999";"198 810";"27 562 419";"2024-09-05 12:09:48"
"2024-09-10";"";"580 041";"514 255";"27 563 073";"2024-09-10 19:16:22"
"2024-09-07";"";"342 770";"22 966";"27 563 263";"2024-09-07 03:36:57"
"2024-09-10";"Instagram";"432 004";"156 168";"27 561 992";"2024-09-10 07:52:01"
"2024-09-01";"";"262 666";"249 210";"27 562 058";"2024-09-01 07:16:18"
"2024-09-06";"";"93 862";"14 853";"27 563 134";"2024-09-06 22:55:07"
"2024-09-03";"";"55 584";"143 122";"27 562 233";"2024-09-03 13:46:07"
"2024-09-07";"";"253 304";"133 367";"27 563 254";"2024-09-07 10:31:26"
"2024-09-08";"";"32 907";"9 388";"27 561 279";"2024-09-08 10:55:02"
"2024-09-05";"WhatsApp";"1 228 530";"357 341";"27 562 473";"2024-09-06 02:11:18"
"2024-09-09";"";"65 482";"5 924";"27 562 405";"2024-09-09 09:06:54"
"2024-09-10";"Yandex";"194 595";"168 154";"27 562 145";"2024-09-10 16:49:27"
"2024-09-07";"";"37 478";"9 381";"27 561 339";"2024-09-07 14:59:48"
"2024-09-02";"";"70 191";"205 609";"27 561 871";"2024-09-02 19:40:58"
"2024-09-07";"Facebook";"197 379";"82 646";"27 563 408";"2024-09-07 20:05:40"
"2024-09-06";"Instagram";"2 611 143";"97 635";"27 563 171";"2024-09-06 21:18:27"
"2024-09-07";"";"32 432";"11 231";"27 562 786";"2024-09-07 10:43:16"
"2024-09-06";"Yandex";"300 711";"16 750";"27 562 801";"2024-09-06 16:01:54"
"2024-09-08";"";"66 982";"4 850";"27 562 563";"2024-09-08 03:12:58"
"2024-09-09";"";"256 696";"10 779";"27 562 401";"2024-09-09 22:55:34"
"2024-09-05";"";"70 897";"20 357";"27 563 147";"2024-09-05 09:54:12"
"2024-09-02";"";"4 245 015";"134 578";"27 561 484";"2024-09-02 04:13:55"
"2024-09-06";"Instagram";"3 651 202";"824 272";"27 563 335";"2024-09-06 05:14:54"
"2024-09-02";"Facebook";"564 360";"242 962";"27 561 613";"2024-09-02 13:22:33"
"2024-09-07";"";"428 859";"23 826";"27 562 419";"2024-09-08 00:45:26"
"2024-09-07";"";"150 768";"27 887";"27 562 809";"2024-09-08 02:35:46"
"2024-09-06";"Facebook";"610 713";"58 425";"27 562 474";"2024-09-06 21:18:31"
"2024-09-02";"";"222 754";"88 088";"27 562 580";"2024-09-02 21:42:48"
"2024-09-06";"";"71 008";"92 345";"27 562 423";"2024-09-06 12:33:13"
"2024-09-01";"";"99 537";"5 627";"27 563 489";"2024-09-01 23:44:31"
"2024-09-01";"VKontakte";"158 389";"7 258";"27 562 224";"2024-09-02 02:47:36"
"2024-09-02";"";"146 696";"49 078";"27 562 941";"2024-09-02 09:54:37"
"2024-09-05";"";"2 039 735";"96 398";"27 563 491";"2024-09-05 16:13:01"
"2024-09-09";"Instagram";"269 041";"51 366";"27 562 809";"2024-09-09 10:07:24"
"2024-09-02";"";"252 394 281";"4 711 329";"27 561 239";"2024-09-02 21:30:56"
"2024-09-08";"";"22 383 533";"903 747";"27 562 397";"2024-09-08 11:20:12"
"2024-09-10";"Yandex";"103 662";"210 822";"27 561 264";"2024-09-10 15:24:24"
"2024-09-08";"Facebook";"591 408";"49 296";"27 562 365";"2024-09-08 03:24:47"
"2024-09-02";"";"129 773";"77 035";"27 562 473";"2024-09-02 03:48:28"
"2024-09-01";"Instagram";"40 694 350";"1 325 483";"27 561 592";"2024-09-01 12:33:18"
"2024-09-09";"";"30 075";"2 676";"27 562 921";"2024-09-09 18:51:27"
"2024-09-10";"";"171 110";"817 519";"27 563 176";"2024-09-11 00:09:46"
"2024-09-04";"Instagram";"66 779 049";"1 962 426";"27 562 455";"2024-09-04 06:15:54"
"2024-09-10";"";"91 331";"8 952";"27 562 810";"2024-09-10 14:23:42"
"2024-09-10";"Telegram";"18 966 903";"4 322 396";"27 561 366";"2024-09-10 14:59:32"
"2024-09-09";"YouTube";"746 600";"426 444";"27 563 308";"2024-09-09 23:44:30"
"2024-09-03";"";"117 087";"99 428";"27 562 144";"2024-09-03 14:35:05"
"2024-09-07";"";"336 586";"18 652";"27 561 259";"2024-09-07 17:38:12"
"2024-09-07";"";"32 469";"30 447";"27 562 739";"2024-09-07 15:36:29"
"2024-09-09";"YouTube";"657 018 095";"36 938 134";"27 562 622";"2024-09-10 00:09:22"
"2024-09-07";"";"235 900";"12 107";"27 561 981";"2024-09-07 18:27:20"
"2024-09-04";"YouTube";"1 570 570";"398 003";"27 561 684";"2024-09-05 00:33:05"
"2024-09-08";"Telegram";"27 833 717";"4 455 327";"27 561 608";"2024-09-08 23:44:30"
"2024-09-08";"";"57 704";"63 725";"27 562 239";"2024-09-08 16:49:14"
"2024-09-06";"";"294 493";"53 504";"27 562 196";"2024-09-07 00:57:59"
"2024-09-03";"YouTube";"5 084 845";"2 225 244";"27 562 499";"2024-09-03 04:49:20"
"2024-09-04";"";"296 705";"30 135";"27 562 328";"2024-09-04 11:20:28"
"2024-09-08";"";"26 557";"39 481";"27 563 094";"2024-09-08 17:38:00"
"2024-09-02";"";"9 673";"31 936";"27 562 536";"2024-09-02 20:29:56"
"2024-09-06";"";"137 376";"73 937";"27 562 063";"2024-09-06 20:53:13"
"2024-09-01";"YouTube";"169 748";"1 149 284";"27 561 243";"2024-09-01 19:52:50"
"2024-09-09";"";"253 456";"16 910";"27 561 821";"2024-09-09 09:06:03"
"2024-09-07";"";"5 496";"241 497";"27 561 433";"2024-09-07 12:33:09"
"2024-09-05";"Facebook";"663 493";"23 976";"27 563 515";"2024-09-05 16:49:34"
"2024-09-03";"";"180 056";"17 833";"27 562 737";"2024-09-03 12:09:58"
"2024-09-10";"YouTube";"90 791";"17 293";"27 562 455";"2024-09-10 15:24:00"
"2024-09-09";"Instagram";"2 376 313";"66 097";"27 563 157";"2024-09-09 05:50:04"
"2024-09-05";"";"32 197";"5 192";"27 563 424";"2024-09-06 00:09:13"
"2024-09-02";"";"87 262 574";"3 460 403";"27 563 023";"2024-09-02 04:37:29"
"2024-09-03";"Facebook";"376 382";"34 329";"27 562 099";"2024-09-04 02:11:27"
"2024-09-04";"YouTube";"47 172";"21 131";"27 562 073";"2024-09-05 02:23:23"
"2024-09-09";"";"695 353";"2 057 132";"27 563 469";"2024-09-10 00:45:44"
"2024-09-08";"Facebook";"458 570";"21 309";"27 561 915";"2024-09-09 02:59:58"
"2024-09-07";"";"58 739";"3 862";"27 562 701";"2024-09-07 12:21:26"
"2024-09-09";"";"273 505";"54 186";"27 563 363";"2024-09-09 22:31:36"
"2024-09-07";"";"324 491";"28 994";"27 563 239";"2024-09-07 16:25:54"
"2024-09-05";"";"128 739";"58 271";"27 563 012";"2024-09-05 05:50:10"
"2024-09-02";"Telegram";"99 932 793";"6 028 005";"27 563 326";"2024-09-02 09:18:07"
"2024-09-04";"";"43 184 983";"2 109 069";"27 563 278";"2024-09-04 07:52:00"
"2024-09-08";"";"705 608";"620 391";"27 561 383";"2024-09-09 02:59:59"
"2024-09-01";"YouTube";"1 311 556";"168 118";"27 561 640";"2024-09-01 05:14:36"
"2024-09-05";"";"6 786 804";"245 766";"27 562 473";"2024-09-05 21:30:05"
"2024-09-10";"";"119 953";"54 377";"27 562 721";"2024-09-10 21:30:03"
"2024-09-03";"";"708 251";"101 543";"27 561 800";"2024-09-03 13:34:57"
"2024-09-07";"";"322 584";"17 126";"27 561 978";"2024-09-07 17:50:37"
"2024-09-08";"";"144 893";"102 082";"27 563 001";"2024-09-08 18:15:09"
"2024-09-01";"YouTube";"9 324 196";"619 639";"27 562 115";"2024-09-01 14:35:18"
"2024-09-02";"Unknown";"523 392";"19 219";"27 563 511";"2024-09-02 22:31:26"
"2024-09-08";"Telegram";"31 049 959";"2 273 498";"27 561 444";"2024-09-08 12:57:54"
"2024-09-03";"";"125 824";"11 932";"27 561 641";"2024-09-03 23:56:57"
"2024-09-06";"Yandex";"402 425";"24 121";"27 563 193";"2024-09-06 21:06:05"
"2024-09-07";"YouTube";"31 412 527";"3 839 059";"27 561 857";"2024-09-07 05:26:15"
"2024-09-05";"Unknown";"62 154";"33 065";"27 562 754";"2024-09-05 14:59:52"
"2024-09-04";"";"26 265";"5 203";"27 562 337";"2024-09-04 07:28:14"
"2024-09-01";"Instagram";"176 004";"11 687";"27 562 407";"2024-09-01 14:11:16"
"2024-09-02";"";"47 332";"134 189";"27 561 490";"2024-09-02 12:21:15"
"2024-09-06";"Yandex";"370 023";"95 887";"27 561 273";"2024-09-07 01:10:39"
"2024-09-07";"";"64 068";"171 927";"27 562 706";"2024-09-07 06:15:19"
"2024-09-07";"Facebook";"53 865";"4 467";"27 563 304";"2024-09-07 15:12:43"
"2024-09-06";"";"322 342 463";"16 291 274";"27 562 371";"2024-09-06 04:37:57"
"2024-09-09";"";"84 079";"4 814";"27 561 862";"2024-09-10 00:33:48"
"2024-09-01";"";"27 180";"2 021";"27 561 424";"2024-09-01 20:41:52"
"2024-09-01";"";"27 855";"1 756";"27 562 508";"2024-09-01 22:31:56"
"2024-09-07";"Instagram";"3 141 381";"1 791 885";"27 561 217";"2024-09-07 21:06:12"
"2024-09-03";"Unknown";"593 639";"34 995";"27 561 217";"2024-09-03 05:14:46"
"2024-09-08";"YouTube";"3 724 370";"959 819";"27 562 964";"2024-09-08 16:49:41"
"2024-09-06";"";"508 970";"109 943";"27 562 803";"2024-09-06 04:13:09"
"2024-09-10";"";"38 029";"9 344";"27 562 535";"2024-09-11 00:33:53"
"2024-09-01";"";"978 189";"92 284";"27 561 647";"2024-09-01 04:13:24"
"2024-09-03";"";"40 304 521";"1 303 233";"27 563 114";"2024-09-03 13:34:37"
"2024-09-01";"";"53 789";"22 747";"27 561 801";"2024-09-01 03:36:45"
"2024-09-04";"Instagram";"7 526 928";"10 539 980";"27 563 143";"2024-09-04 23:08:09"
"2024-09-04";"";"731 324";"61 637";"27 561 286";"2024-09-04 04:01:09"
"2024-09-06";"";"31 311";"2 628";"27 561 562";"2024-09-06 06:39:39"
"2024-09-03";"YouTube";"301 772";"38 053";"27 563 221";"2024-09-03 12:45:38"
"2024-09-05";"";"572 532";"265 516";"27 562 530";"2024-09-05 19:28:40"
"2024-09-03";"";"104 290";"106 289";"27 562 107";"2024-09-03 06:39:05"
"2024-09-10";"";"115 737";"271 772";"27 561 964";"2024-09-10 08:29:35"
"2024-09-06";"";"211 101";"37 227";"27 563 072";"2024-09-06 03:48:23"
"2024-09-05";"";"1 420 311";"1 769 992";"27 563 174";"2024-09-05 10:43:43"
"2024-09-02";"";"26 256";"4 207";"27 563 171";"2024-09-02 10:43:04"
"2024-09-08";"";"1 293 111";"332 786";"27 562 437";"2024-09-08 20:17:58"
"2024-09-03";"";"92 494";"82 168";"27 562 613";"2024-09-03 17:02:06"
"2024-09-04";"";"17 895 620";"720 248";"27 561 339";"2024-09-04 07:28:38"
"2024-09-05";"Facebook";"751 452";"61 176";"27 562 082";"2024-09-05 15:48:26"
"2024-09-07";"";"55 589";"11 012";"27 562 255";"2024-09-07 04:01:06"
"2024-09-03";"";"1 369 687";"172 145";"27 561 606";"2024-09-03 03:12:58"
"2024-09-05";"";"75 144 479";"67 532 718";"27 562 304";"2024-09-05 08:17:31"
"2024-09-06";"";"79 988";"34 651";"27 562 915";"2024-09-06 18:39:06"
"2024-09-05";"Facebook";"86 953";"6 406";"27 561 350";"2024-09-06 02:59:33"
"2024-09-07";"Instagram";"5 098 305";"4 311 219";"27 563 467";"2024-09-07 15:24:15"
"2024-09-03";"";"260 551";"12 537";"27 562 575";"2024-09-03 19:28:30"
"2024-09-06";"YouTube";"1 228 202";"387 693";"27 561 290";"2024-09-07 02:35:18"
"2024-09-08";"";"317 633";"279 990";"27 563 156";"2024-09-09 02:23:36"
"2024-09-08";"Yandex";"1 139 863";"65 831";"27 562 698";"2024-09-08 09:54:56"
"2024-09-10";"Facebook";"298 247";"136 186";"27 562 012";"2024-09-10 12:33:24"
"2024-09-03";"";"35 479";"4 356";"27 561 367";"2024-09-03 22:55:38"
"2024-09-01";"Instagram";"604 206";"142 194";"27 563 156";"2024-09-01 03:00:24"
"2024-09-09";"";"98 761";"125 402";"27 562 659";"2024-09-09 06:03:21"
"2024-09-02";"";"318 284";"42 030";"27 561 852";"2024-09-02 05:14:03"
"2024-09-10";"";"2 022 324";"103 555";"27 561 492";"2024-09-10 10:19:18"
"2024-09-05";"";"37 647";"6 464";"27 563 424";"2024-09-06 02:11:21"
"2024-09-07";"";"984";"38 550";"27 562 613";"2024-09-07 09:54:35"
"2024-09-02";"";"133 919";"1 158 556";"27 561 290";"2024-09-02 06:15:24"
"2024-09-07";"YouTube";"66 755";"5 284";"27 562 873";"2024-09-07 18:39:00"
"2024-09-10";"";"3 004 445";"67 056";"27 562 594";"2024-09-10 08:41:55"
"2024-09-10";"Telegram";"26 883";"4 006";"27 561 871";"2024-09-10 04:49:08"
"2024-09-09";"";"43 129";"42 442";"27 562 156";"2024-09-09 14:11:15"
"2024-09-03";"";"134 970";"315 610";"27 561 627";"2024-09-03 07:40:05"
"2024-09-06";"";"29 590";"4 393";"27 562 100";"2024-09-07 02:23:39"
"2024-09-10";"YouTube";"84 062";"670 853";"27 561 347";"2024-09-10 22:55:49"
"2024-09-05";"";"300 201";"246 026";"27 562 803";"2024-09-05 14:47:02"
"2024-09-02";"";"817 792";"513 821";"27 561 232";"2024-09-03 00:33:56"
"2024-09-04";"Apple Music";"33 856";"6 032";"27 562 588";"2024-09-04 03:48:38"
"2024-09-07";"";"36 374";"20 878";"27 561 218";"2024-09-07 15:12:32"
"2024-09-07";"Facebook";"36 900";"17 177";"27 562 666";"2024-09-07 08:17:00"
"2024-09-04";"";"228 432";"22 760";"27 561 570";"2024-09-04 11:32:51"
"2024-09-05";"";"46 167";"33 565";"27 562 996";"2024-09-05 07:52:17"
"2024-09-02";"";"1 673 175";"32 972";"27 562 951";"2024-09-02 14:47:21"
"2024-09-07";"YouTube";"212 715";"35 083";"27 562 405";"2024-09-08 01:58:17"
"2024-09-05";"";"565 714";"30 727";"27 561 772";"2024-09-05 20:41:24"
"2024-09-10";"";"184 812";"209 110";"27 563 180";"2024-09-10 13:22:39"
"2024-09-04";"";"39 707";"12 965";"27 563 093";"2024-09-04 19:52:46"
"2024-09-03";"";"234 217";"17 761";"27 563 030";"2024-09-03 05:38:59"
"2024-09-07";"";"27 031";"17 128";"27 561 815";"2024-09-08 02:59:21"
"2024-09-03";"";"1 734 520";"76 655";"27 562 525";"2024-09-03 18:15:51"
"2024-09-06";"";"69 901";"29 668";"27 562 063";"2024-09-06 20:29:35"
"2024-09-04";"Instagram";"660 133";"85 771";"27 561 883";"2024-09-04 11:44:19"
"2024-09-04";"YouTube";"519 864";"26 306";"27 563 174";"2024-09-04 05:50:01"
"2024-09-06";"";"39 802";"3 586";"27 561 252";"2024-09-06 23:08:13"
"2024-09-04";"";"43 673";"3 673";"27 562 717";"2024-09-04 21:06:53"
"2024-09-03";"";"184 638";"25 949";"27 561 305";"2024-09-03 14:47:05"
"2024-09-03";"Instagram";"525 273";"37 765";"27 561 883";"2024-09-04 01:58:50"
"2024-09-03";"Facebook";"79 442";"9 223";"27 562 696";"2024-09-03 12:45:46"
"2024-09-10";"";"474 395";"214 283";"27 561 828";"2024-09-11 01:58:46"
"2024-09-02";"Telegram";"11 598 400";"745 078";"27 561 479";"2024-09-02 17:38:14"
"2024-09-10";"";"31 546";"2 083";"27 562 845";"2024-09-10 08:29:36"
"2024-09-04";"YouTube";"9 685 674";"644 425";"27 562 347";"2024-09-04 22:19:40"
"2024-09-10";"Instagram";"25 718 677";"325 057";"27 561 660";"2024-09-10 17:14:37"
"2024-09-09";"Unknown";"45 634";"2 489";"27 563 394";"2024-09-09 06:03:01"
"2024-09-01";"Yandex";"127 678";"780 963";"27 562 553";"2024-09-01 04:01:26"
"2024-09-02";"";"54 511";"2 281";"27 563 092";"2024-09-02 11:32:27"
"2024-09-10";"";"349 104";"20 559";"27 563 396";"2024-09-10 18:03:36"
"2024-09-08";"Facebook";"517 055";"173 638";"27 563 171";"2024-09-09 00:33:06"
"2024-09-01";"Telegram";"2 052 846";"333 289";"27 562 286";"2024-09-01 10:55:41"
"2024-09-07";"Instagram";"6 188 760";"5 965 181";"27 563 290";"2024-09-07 08:41:39"
"2024-09-02";"";"35 351";"2 840";"27 562 236";"2024-09-02 10:31:21"
"2024-09-03";"";"170 550";"7 103";"27 562 304";"2024-09-03 08:53:36"
"2024-09-03";"YouTube";"129 899";"12 703";"27 563 087";"2024-09-03 21:42:46"
"2024-09-05";"YouTube";"652 208";"178 556";"27 561 965";"2024-09-05 07:04:27"
"2024-09-08";"";"216 575";"10 162";"27 561 265";"2024-09-08 12:57:47"
"2024-09-09";"";"52 651";"3 424";"27 561 380";"2024-09-09 14:35:20"
"2024-09-01";"";"4 787 393";"93 573";"27 562 029";"2024-09-01 17:26:29"
"2024-09-06";"YouTube";"401 295";"1 734 975";"27 563 148";"2024-09-06 09:30:02"
"2024-09-09";"";"282 595";"30 465";"27 563 029";"2024-09-09 07:40:10"
"2024-09-08";"";"383 016";"189 940";"27 563 030";"2024-09-08 07:16:29"
"2024-09-04";"Telegram";"7 967 349";"702 297";"27 562 748";"2024-09-04 09:06:56"
"2024-09-06";"Instagram";"388 167";"12 492";"27 563 024";"2024-09-06 06:39:46"
"2024-09-07";"";"57 107";"9 826";"27 561 802";"2024-09-08 00:33:09"
"2024-09-10";"";"371 672";"30 242";"27 562 388";"2024-09-10 13:34:59"
"2024-09-03";"";"1 225 714";"1 095 420";"27 562 143";"2024-09-04 01:34:51"
"2024-09-02";"";"556";"27 300";"27 561 448";"2024-09-02 19:16:38"
"2024-09-07";"";"42 966";"89 217";"27 562 087";"2024-09-07 18:03:01"
"2024-09-09";"Instagram";"1 109 766";"56 267";"27 563 243";"2024-09-09 20:53:20"
"2024-09-05";"";"222 442";"102 895";"27 561 344";"2024-09-05 20:17:13"
"2024-09-05";"";"132 750";"30 613";"27 561 464";"2024-09-05 22:43:13"
"2024-09-03";"";"26 190";"5 937";"27 562 820";"2024-09-03 18:27:21"
"2024-09-01";"Telegram";"151 655 692";"8 327 095";"27 563 356";"2024-09-01 14:47:47"
"2024-09-01";"";"16 850";"27 755";"27 562 696";"2024-09-01 16:25:26"
"2024-09-08";"";"26 755";"14 790";"27 562 051";"2024-09-08 04:25:55"
"2024-09-08";"";"182 529";"531 870";"27 561 249";"2024-09-08 18:39:03"
"2024-09-06";"";"223 226";"5 201";"27 562 413";"2024-09-06 22:07:04"
"2024-09-06";"YouTube";"1 514 854";"91 244";"27 561 485";"2024-09-06 21:18:40"
"2024-09-03";"";"261 150";"25 203";"27 561 741";"2024-09-03 12:33:43"
"2024-09-07";"";"4 905";"52 206";"27 563 488";"2024-09-07 18:51:31"
"2024-09-07";"";"84 229";"3 790";"27 562 834";"2024-09-07 14:59:40"
"2024-09-06";"";"65 114";"75 497";"27 562 557";"2024-09-06 22:31:26"
"2024-09-06";"";"748 984";"30 675";"27 562 004";"2024-09-06 22:19:56"
"2024-09-02";"Yandex";"118 663";"81 074";"27 561 289";"2024-09-02 12:57:17"
"2024-09-03";"";"7 105 726";"290 510";"27 561 776";"2024-09-03 15:36:42"
"2024-09-07";"Yandex";"171 975";"16 239";"27 562 984";"2024-09-07 09:54:22"
"2024-09-08";"";"223 629";"22 889";"27 563 469";"2024-09-08 17:38:05"
"2024-09-08";"YouTube";"364 852";"29 537";"27 562 619";"2024-09-09 00:09:43"
"2024-09-07";"Yandex";"286 078";"15 232";"27 563 031";"2024-09-07 17:50:13"
"2024-09-06";"Telegram";"1 988 033";"642 656";"27 561 778";"2024-09-06 04:49:26"
"2024-09-08";"";"28 198";"10 248";"27 561 224";"2024-09-09 01:46:24"
"2024-09-01";"";"6 685 953";"26 186";"27 562 663";"2024-09-01 14:59:41"
"2024-09-04";"";"33 910";"3 379";"27 563 023";"2024-09-04 20:29:12"
"2024-09-09";"";"114 988";"31 206";"27 562 538";"2024-09-09 13:34:21"
"2024-09-09";"";"69 248";"6 086";"27 563 116";"2024-09-10 01:34:33"
"2024-09-08";"";"1 901 099";"49 334";"27 562 982";"2024-09-08 04:13:04"
"2024-09-06";"";"65 143";"38 199";"27 562 854";"2024-09-07 01:22:13"
"2024-09-07";"";"2 297 378";"86 850";"27 561 343";"2024-09-07 23:08:22"
"2024-09-08";"";"37 089";"3 050";"27 563 402";"2024-09-08 14:59:41"
"2024-09-06";"";"35 114";"4 664";"27 561 305";"2024-09-06 13:58:37"
"2024-09-05";"YouTube";"265 030";"2 555 560";"27 562 105";"2024-09-05 17:50:05"
"2024-09-09";"Telegram";"122 188 583";"10 011 427";"27 562 505";"2024-09-09 21:30:20"
"2024-09-06";"YouTube";"72 358";"18 713";"27 562 803";"2024-09-06 18:51:10"
"2024-09-10";"";"202 513";"40 544";"27 562 721";"2024-09-10 12:57:30"
"2024-09-01";"";"44 467";"6 247";"27 561 567";"2024-09-01 05:14:27"
"2024-09-05";"";"111 017";"14 752";"27 562 590";"2024-09-05 12:09:57"
"2024-09-01";"WhatsApp";"377 120";"12 009 475";"27 562 087";"2024-09-01 06:15:25"
"2024-09-03";"YouTube";"732 523";"1 936 664";"27 561 958";"2024-09-03 06:27:51"
"2024-09-01";"";"185 900";"8 392";"27 561 172";"2024-09-01 15:12:22"
"2024-09-03";"";"41 002";"8 192";"27 562 969";"2024-09-03 21:54:11"
"2024-09-09";"YouTube";"83 637";"714 115";"27 562 467";"2024-09-09 19:52:57"
"2024-09-07";"Yandex Video";"100 287";"167 960";"27 563 289";"2024-09-08 02:47:42"
"2024-09-02";"Instagram";"883 347";"203 613";"27 561 251";"2024-09-02 03:00:09"
"2024-09-10";"Yandex";"697 368";"1 418 651";"27 562 784";"2024-09-10 14:59:40"
"2024-09-08";"";"6 961";"33 753";"27 563 154";"2024-09-08 13:34:47"
"2024-09-02";"YouTube";"24 407 904";"2 361 099";"27 563 014";"2024-09-02 06:03:30"
"2024-09-05";"Instagram";"2 457 263";"608 095";"27 562 205";"2024-09-05 09:18:53"
"2024-09-10";"";"1 439 881";"249 948";"27 562 670";"2024-09-10 16:49:38"
"2024-09-07";"";"79 811";"5 514";"27 562 063";"2024-09-07 08:05:13"
"2024-09-02";"";"45 407";"2 976";"27 562 813";"2024-09-03 02:23:03"
"2024-09-03";"WhatsApp";"1 473 100";"2 171 521";"27 562 663";"2024-09-03 08:41:26"
"2024-09-10";"";"23 613 776";"342 412";"27 562 255";"2024-09-10 15:48:41"
"2024-09-03";"";"170 406";"7 746";"27 562 197";"2024-09-03 03:12:41"
"2024-09-10";"";"39 596";"4 770";"27 561 533";"2024-09-10 17:26:23"
"2024-09-06";"YouTube";"107 232";"198 869";"27 562 407";"2024-09-06 08:41:01"
"2024-09-08";"Telegram";"592 552";"56 452";"27 561 615";"2024-09-08 23:44:10"
"2024-09-02";"";"430 298";"186 064";"27 563 411";"2024-09-02 21:42:43"
"2024-09-06";"";"40 800";"4 081";"27 563 022";"2024-09-06 04:01:28"
"2024-09-07";"YouTube";"37 226";"267 973";"27 561 595";"2024-09-07 18:39:51"
"2024-09-05";"Yandex Video";"2 573 451";"128 725";"27 561 737";"2024-09-05 19:16:21"
"2024-09-05";"";"344 434";"20 705";"27 562 535";"2024-09-05 06:39:51"
"2024-09-07";"";"79 910";"4 558";"27 561 219";"2024-09-07 15:48:04"
"2024-09-06";"";"722 405";"659 649";"27 563 264";"2024-09-06 17:14:20"
"2024-09-04";"";"208 418";"5 977";"27 561 429";"2024-09-04 06:15:43"
"2024-09-10";"";"58 311";"5 343";"27 563 467";"2024-09-10 09:54:36"
"2024-09-05";"";"32 218";"4 621";"27 561 940";"2024-09-06 02:59:08"
"2024-09-05";"VKontakte";"3 196 355";"2 315 788";"27 563 136";"2024-09-05 18:03:41"
"2024-09-10";"Instagram";"1 334 013";"233 908";"27 561 506";"2024-09-10 04:01:19"
"2024-09-05";"";"683 244";"3 461 375";"27 563 041";"2024-09-05 14:59:46"
"2024-09-10";"";"616 473";"152 646";"27 562 289";"2024-09-10 18:39:11"
"2024-09-01";"";"143 278";"16 739";"27 562 520";"2024-09-01 12:57:40"
"2024-09-07";"TikTok";"4 222";"204 832";"27 563 008";"2024-09-07 17:14:50"
"2024-09-05";"";"110 336";"68 890";"27 561 796";"2024-09-05 21:06:52"
"2024-09-04";"Instagram";"1 247 473";"903 878";"27 562 193";"2024-09-04 18:51:33"
"2024-09-02";"";"144 604";"140 196";"27 562 504";"2024-09-02 19:40:28"
"2024-09-10";"Likee";"162 078";"12 346";"27 563 094";"2024-09-10 19:04:04"
"2024-09-09";"";"1 555 810";"92 418";"27 563 052";"2024-09-09 07:28:42"
"2024-09-06";"Facebook";"61 841";"36 598";"27 561 621";"2024-09-06 18:39:24"
"2024-09-02";"";"2 498 242";"7 031";"27 563 318";"2024-09-02 12:33:32"
"2024-09-10";"Instagram";"309 746";"25 324";"27 563 156";"2024-09-10 09:30:50"
"2024-09-05";"";"1 032 827";"34 965";"27 562 495";"2024-09-05 11:32:57"
"2024-09-06";"Facebook";"106 595";"11 159";"27 562 460";"2024-09-06 13:34:37"
"2024-09-05";"";"256 841";"13 291";"27 561 861";"2024-09-05 15:12:01"
"2024-09-04";"";"68 052";"2 757";"27 563 105";"2024-09-04 12:09:48"
"2024-09-10";"";"85 592";"35 448";"27 563 173";"2024-09-10 11:20:10"
"2024-09-02";"";"300 856";"444 177";"27 561 492";"2024-09-02 04:13:10"
"2024-09-03";"YouTube";"1 182 572";"224 433";"27 561 998";"2024-09-03 08:05:30"
"2024-09-05";"Facebook";"859 727";"534 058";"27 562 317";"2024-09-05 12:45:17"
"2024-09-07";"";"67 334";"11 925";"27 563 093";"2024-09-07 14:59:12"
"2024-09-04";"";"59 178";"52 993";"27 562 709";"2024-09-04 22:31:41"
"2024-09-05";"";"81 669";"12 333";"27 563 128";"2024-09-05 21:42:40"
"2024-09-06";"YouTube";"979 095";"220 099";"27 561 273";"2024-09-06 13:34:51"
"2024-09-04";"Facebook";"34 773";"8 317";"27 561 788";"2024-09-04 13:10:10"
"2024-09-07";"";"254 153";"21 995";"27 561 176";"2024-09-07 07:28:01"
"2024-09-08";"";"2 651 351";"327 237";"27 563 372";"2024-09-08 23:08:25"
"2024-09-01";"";"57 058";"47 855";"27 561 896";"2024-09-01 12:33:29"
"2024-09-09";"YouTube";"6 374 072";"358 997";"27 561 971";"2024-09-09 16:49:10"
"2024-09-08";"";"1 188";"49 620";"27 561 480";"2024-09-08 03:48:28"
"2024-09-06";"";"56 461";"6 118";"27 563 514";"2024-09-06 14:59:25"
"2024-09-06";"";"39 038";"3 044";"27 561 855";"2024-09-06 13:22:00"
"2024-09-03";"Instagram";"43 881 830";"1 346 153";"27 562 364";"2024-09-03 10:43:59"
"2024-09-07";"Instagram";"2 626 720";"176 861";"27 562 192";"2024-09-08 00:21:15"
"2024-09-09";"";"47 062";"22 986";"27 561 912";"2024-09-09 19:28:40"
"2024-09-08";"";"46 428";"6 731";"27 562 300";"2024-09-09 02:59:51"
"2024-09-07";"";"37 574";"4 190";"27 561 884";"2024-09-07 07:04:57"
"2024-09-03";"";"5 882 072";"339 178";"27 561 417";"2024-09-03 21:30:52"
"2024-09-04";"";"35 380";"11 812";"27 562 328";"2024-09-04 11:32:51"
"2024-09-03";"VKontakte";"1 686 145";"160 607";"27 563 035";"2024-09-03 03:12:47"
"2024-09-07";"Facebook";"160 594";"14 438";"27 562 243";"2024-09-07 03:12:10"
"2024-09-03";"Unknown";"79 632";"29 301";"27 562 447";"2024-09-04 00:33:09"
"2024-09-03";"Instagram";"28 214";"2 685";"27 563 231";"2024-09-03 14:59:08"
"2024-09-07";"";"41 057";"32 163";"27 562 378";"2024-09-07 23:20:12"
"2024-09-06";"YouTube";"8 970 386";"603 926";"27 561 272";"2024-09-06 19:52:43"
"2024-09-04";"";"38 409 992";"18 751 900";"27 562 977";"2024-09-04 15:12:58"
"2024-09-09";"";"236 045";"29 825";"27 562 973";"2024-09-10 01:10:18"
"2024-09-03";"YouTube";"22 734 631";"1 354 481";"27 561 826";"2024-09-03 03:12:51"
"2024-09-05";"";"12 011 139";"288 975";"27 562 207";"2024-09-05 21:54:01"
"2024-09-02";"";"214 382";"73 508";"27 562 354";"2024-09-02 13:10:58"
"2024-09-09";"";"48 425";"3 797";"27 563 219";"2024-09-10 01:22:42"
"2024-09-02";"";"133 546";"8 276";"27 563 087";"2024-09-02 09:42:38"
"2024-09-08";"";"441 713";"174 378";"27 561 862";"2024-09-08 14:11:40"
"2024-09-10";"";"64 071 884";"6 488 316";"27 562 941";"2024-09-10 11:20:02"
"2024-09-05";"";"3 208 509";"375 197";"27 562 898";"2024-09-05 05:26:17"
"2024-09-07";"";"167 108";"21 446";"27 562 050";"2024-09-07 13:34:25"
"2024-09-06";"";"39 633";"2 610";"27 561 693";"2024-09-06 06:03:02"
"2024-09-06";"";"29 013";"2 797";"27 562 572";"2024-09-06 13:10:18"
"2024-09-10";"";"101 624";"15 085";"27 562 595";"2024-09-11 00:09:27"
"2024-09-02";"PUBG";"669 830";"28 878";"27 563 087";"2024-09-02 23:08:27"
"2024-09-10";"";"466 684";"21 314";"27 563 083";"2024-09-10 09:18:19"
"2024-09-02";"";"27 958 098";"773 888";"27 562 560";"2024-09-02 05:26:39"
"2024-09-03";"";"7 471";"125 531";"27 561 801";"2024-09-03 21:42:10"
"2024-09-04";"YouTube";"1 688 006";"504 123";"27 561 759";"2024-09-04 20:29:21"
"2024-09-02";"";"9 135";"34 666";"27 561 582";"2024-09-02 04:01:18"
"2024-09-05";"Facebook";"1 887 787";"1 418 171";"27 562 889";"2024-09-05 09:18:59"
"2024-09-08";"";"122 897";"26 595";"27 563 223";"2024-09-08 23:32:54"
"2024-09-01";"";"7 448 658";"333 517";"27 561 456";"2024-09-01 10:55:01"
"2024-09-09";"";"70 457";"3 496";"27 561 361";"2024-09-09 12:33:19"
"2024-09-02";"YouTube";"181 025";"1 046 395";"27 563 366";"2024-09-02 15:00:34"
"2024-09-10";"";"198 376";"6 609";"27 562 469";"2024-09-10 04:25:09"
"2024-09-06";"";"497 049";"17 435";"27 562 527";"2024-09-06 23:44:44"
"2024-09-01";"";"201 517";"18 010";"27 563 166";"2024-09-02 02:47:35"
"2024-09-09";"";"243 186";"11 214";"27 563 079";"2024-09-09 03:00:24"
"2024-09-07";"TikTok";"2 094 081";"929 626";"27 563 408";"2024-09-07 22:07:57"
"2024-09-10";"";"26 177 692";"1 803 574";"27 562 799";"2024-09-10 05:26:32"
"2024-09-09";"Instagram";"3 191 392";"955 385";"27 562 317";"2024-09-09 12:57:07"
"2024-09-07";"Facebook";"49 708";"16 952";"27 562 714";"2024-09-07 15:00:06"
"2024-09-02";"";"235 179";"136 959";"27 562 547";"2024-09-02 21:18:01"
"2024-09-08";"Unknown";"53 425";"9 766";"27 561 357";"2024-09-09 02:11:31"
"2024-09-03";"";"308 328";"57 382";"27 563 489";"2024-09-04 01:10:57"
"2024-09-10";"Instagram";"9 368 286";"3 432 022";"27 561 997";"2024-09-10 07:28:23"
"2024-09-09";"";"215 277";"51 549";"27 561 970";"2024-09-09 21:06:28"
"2024-09-05";"";"91 043";"10 201";"27 561 591";"2024-09-05 15:24:52"
"2024-09-06";"";"75 100";"96 655";"27 562 453";"2024-09-06 14:35:37"
"2024-09-03";"";"13 316";"27 669";"27 562 751";"2024-09-03 20:05:49"
"2024-09-04";"";"32 343";"3 275";"27 563 507";"2024-09-04 05:38:56"
"2024-09-10";"";"80 593";"7 038";"27 561 547";"2024-09-10 10:31:36"
"2024-09-09";"";"49 110";"44 006";"27 561 480";"2024-09-09 23:56:31"
"2024-09-09";"YouTube";"1 226 553";"489 241";"27 562 838";"2024-09-09 13:34:57"
"2024-09-06";"";"46 838 608";"2 448 091";"27 561 573";"2024-09-06 14:59:26"
"2024-09-05";"";"58 265";"159 385";"27 562 634";"2024-09-05 21:30:16"
"2024-09-10";"";"498 436";"413 947";"27 562 363";"2024-09-11 02:23:03"
"2024-09-03";"";"28 351";"19 028";"27 562 185";"2024-09-03 06:39:53"
"2024-09-05";"VKontakte";"10 223 880";"456 942";"27 562 205";"2024-09-05 09:42:08"
"2024-09-06";"Instagram";"29 798";"5 045";"27 561 201";"2024-09-06 22:43:48"
"2024-09-01";"";"104 836";"3 219";"27 563 199";"2024-09-01 10:55:00"
"2024-09-05";"";"42 466";"149 358";"27 562 875";"2024-09-05 19:04:58"
"2024-09-10";"";"38 059";"4 441";"27 563 117";"2024-09-10 23:20:05"
"2024-09-03";"PUBG";"7 330 645";"265 124";"27 563 264";"2024-09-03 12:09:57"
"2024-09-05";"VKontakte";"7 871 222";"301 696";"27 562 205";"2024-09-05 09:18:09"
"2024-09-09";"";"48 485";"96 712";"27 561 205";"2024-09-10 00:57:11"
"2024-09-04";"";"106 016";"17 268";"27 562 033";"2024-09-04 23:44:32"
"2024-09-07";"YouTube";"7 405 813";"1 677 249";"27 561 877";"2024-09-08 01:22:50"
"2024-09-06";"";"125 663";"136 446";"27 562 413";"2024-09-06 08:29:41"
"2024-09-03";"";"293 708";"251 037";"27 563 060";"2024-09-03 20:05:47"
"2024-09-05";"";"29 755";"6 044";"27 561 888";"2024-09-05 18:39:57"
"2024-09-04";"";"34 043";"182 830";"27 563 127";"2024-09-04 12:33:08"
"2024-09-02";"VKontakte";"33 686";"4 338";"27 561 796";"2024-09-02 11:44:20"
"2024-09-04";"";"79 585";"9 158";"27 561 723";"2024-09-04 18:03:47"
"2024-09-09";"";"245 274";"880 442";"27 561 958";"2024-09-09 23:56:37"
"2024-09-07";"";"1 190 717";"175 821";"27 561 370";"2024-09-07 05:38:45"
"2024-09-03";"Yandex";"31 431";"1 932";"27 562 224";"2024-09-03 06:03:33"
"2024-09-03";"";"86 173";"15 488";"27 561 884";"2024-09-04 00:21:56"
"2024-09-06";"";"145 834";"27 976";"27 562 292";"2024-09-06 05:50:58"
"2024-09-03";"YouTube";"1 114 190";"152 939";"27 562 732";"2024-09-03 04:49:11"
"2024-09-05";"Telegram";"25 972 472";"1 843 207";"27 561 974";"2024-09-05 18:39:56"
"2024-09-03";"";"109 021";"6 944";"27 562 860";"2024-09-04 00:45:19"
"2024-09-05";"Instagram";"384 002";"55 044";"27 562 266";"2024-09-05 17:26:10"
"2024-09-06";"";"30 991";"37 523";"27 561 524";"2024-09-06 21:54:25"
"2024-09-05";"";"3 016 494";"609 004";"27 561 433";"2024-09-05 13:58:14"
"2024-09-03";"";"32 597";"10 738";"27 562 417";"2024-09-03 18:15:13"
"2024-09-08";"";"585 848";"46 784";"27 561 600";"2024-09-08 19:52:26"
"2024-09-03";"";"460 773";"62 775";"27 561 673";"2024-09-03 15:48:15"
"2024-09-01";"Telegram";"10 169 843";"2 218 718";"27 561 788";"2024-09-01 04:01:45"
"2024-09-05";"";"176 752";"550 134";"27 562 808";"2024-09-06 01:46:08"
"2024-09-04";"";"29 449 929";"1 271 942";"27 561 950";"2024-09-05 02:11:18"
"2024-09-03";"";"46 067";"6 066";"27 562 951";"2024-09-03 08:53:41"
"2024-09-04";"YouTube";"103 317 565";"6 593 912";"27 562 172";"2024-09-05 00:57:34"
"2024-09-09";"";"507 173";"38 842";"27 561 624";"2024-09-09 18:15:00"
"2024-09-05";"";"3 540";"62 289";"27 561 421";"2024-09-06 00:09:58"
"2024-09-05";"Instagram";"24 692 683";"895 038";"27 563 426";"2024-09-05 04:01:37"
"2024-09-03";"Facebook";"360 995";"35 035";"27 561 697";"2024-09-03 09:30:00"
"2024-09-08";"Instagram";"1 019 830";"49 586";"27 562 704";"2024-09-08 03:36:14"
"2024-09-06";"";"11 340";"27 755";"27 561 659";"2024-09-07 02:35:30"
"2024-09-09";"YouTube";"125 594";"728 241";"27 561 724";"2024-09-09 14:35:18"
"2024-09-01";"";"45 742";"3 890";"27 561 236";"2024-09-01 03:12:16"
"2024-09-02";"Instagram";"1 401 982";"447 285";"27 563 030";"2024-09-02 22:07:12"
"2024-09-01";"Apple Music";"130 167";"31 678";"27 563 207";"2024-09-01 16:25:58"
"2024-09-08";"";"69 680";"7 557";"27 563 463";"2024-09-08 08:17:52"
"2024-09-04";"Telegram";"13 835 804";"777 400";"27 561 830";"2024-09-04 15:24:32"
"2024-09-06";"Telegram";"58 231 150";"2 424 743";"27 561 673";"2024-09-07 00:33:18"
"2024-09-02";"";"1 245 258";"88 108";"27 561 354";"2024-09-03 01:46:13"
"2024-09-10";"";"72 095";"89 269";"27 561 335";"2024-09-10 15:24:53"
"2024-09-05";"YouTube";"413 624";"54 030";"27 562 766";"2024-09-05 17:14:56"
"2024-09-09";"Yandex";"700 944";"1 034 147";"27 562 982";"2024-09-09 14:11:10"
"2024-09-01";"YouTube";"136 161";"28 595";"27 562 691";"2024-09-01 23:56:27"
"2024-09-06";"";"5 508 232";"735 404";"27 562 473";"2024-09-06 15:36:36"
"2024-09-04";"";"63 734";"24 098";"27 563 318";"2024-09-04 19:52:38"
"2024-09-04";"YouTube";"5 740 786";"331 047";"27 561 721";"2024-09-04 04:13:58"
"2024-09-04";"Instagram";"5 502 153";"7 631 654";"27 562 401";"2024-09-05 02:47:58"
"2024-09-01";"";"36 417";"23 643";"27 563 009";"2024-09-01 15:00:00"
"2024-09-10";"Yandex";"3 334 143";"89 656";"27 562 787";"2024-09-10 10:19:37"
"2024-09-05";"";"352 797";"44 749";"27 562 041";"2024-09-05 13:46:15"
"2024-09-04";"";"180 685";"45 207";"27 562 540";"2024-09-04 07:52:38"
"2024-09-02";"Telegram";"313 255 212";"17 868 278";"27 562 025";"2024-09-02 05:50:14"
"2024-09-03";"";"383 512";"96 204";"27 561 778";"2024-09-03 07:16:57"
"2024-09-03";"";"184 990";"6 037 589";"27 562 492";"2024-09-03 06:39:05"
"2024-09-04";"";"304 774";"1 602 004";"27 561 552";"2024-09-04 05:38:47"
"2024-09-09";"";"58 184";"10 406";"27 562 364";"2024-09-10 01:10:25"
"2024-09-05";"Instagram";"3 250 554";"71 181";"27 562 099";"2024-09-05 18:15:37"
"2024-09-03";"Telegram";"6 674 054";"425 757";"27 562 499";"2024-09-03 14:11:18"
"2024-09-02";"";"206 897";"11 754";"27 561 555";"2024-09-02 14:11:26"
"2024-09-03";"Facebook";"149 344";"11 822";"27 561 695";"2024-09-03 09:06:51"
"2024-09-04";"Telegram";"84 278 173";"8 135 405";"27 562 263";"2024-09-04 21:18:15"
"2024-09-07";"";"480 875";"16 560";"27 562 512";"2024-09-07 14:35:54"
"2024-09-08";"Apple Music";"2 721 940";"27 813";"27 561 846";"2024-09-08 04:13:17"
"2024-09-06";"";"14 471";"28 711";"27 562 839";"2024-09-06 09:42:11"
"2024-09-09";"TikTok";"1 830";"58 655";"27 563 366";"2024-09-09 08:05:04"
"2024-09-09";"YouTube";"448 548 670";"13 838 018";"27 563 363";"2024-09-09 03:48:26"
"2024-09-10";"";"105 048";"72 331";"27 562 812";"2024-09-10 22:19:33"
"2024-09-08";"";"422 243";"133 959";"27 562 455";"2024-09-08 05:02:42"
"2024-09-10";"";"29 520";"8 103";"27 562 613";"2024-09-10 18:03:16"
"2024-09-04";"Instagram";"90 691";"7 570";"27 563 060";"2024-09-04 08:41:22"
"2024-09-05";"";"33 430";"8 233";"27 561 448";"2024-09-06 02:23:56"
"2024-09-07";"";"126 751";"115 991";"27 563 127";"2024-09-07 09:42:27"
"2024-09-08";"";"6 236 318";"4 728 941";"27 562 698";"2024-09-08 22:19:32"
"2024-09-10";"YouTube";"631 121";"105 418";"27 562 009";"2024-09-10 06:39:45"
"2024-09-02";"YouTube";"3 242 946";"1 570 222";"27 561 883";"2024-09-02 19:28:11"
"2024-09-08";"";"401 983";"57 054";"27 561 384";"2024-09-08 16:37:30"
"2024-09-09";"";"229 963";"16 495";"27 561 710";"2024-09-09 05:38:04"
"2024-09-07";"";"3 480 768";"257 576";"27 562 242";"2024-09-07 11:44:03"
"2024-09-06";"";"30 923 579";"1 212 476";"27 562 762";"2024-09-06 10:55:00"
"2024-09-02";"Tas-ix";"1 966 439";"83 712";"27 561 633";"2024-09-03 02:11:41"
"2024-09-02";"";"37 773";"3 437";"27 562 223";"2024-09-02 05:50:52"
"2024-09-08";"Spotify";"99 002";"6 979";"27 562 242";"2024-09-09 00:21:39"
"2024-09-04";"";"56 065";"2 092";"27 562 663";"2024-09-04 08:17:41"
"2024-09-08";"IMO";"25 645";"8 724";"27 563 141";"2024-09-08 04:49:43"
"2024-09-03";"";"25 729 780";"1 010 203";"27 562 497";"2024-09-04 02:23:39"
"2024-09-07";"";"206 237";"67 411";"27 561 383";"2024-09-07 03:48:36"
"2024-09-05";"";"99 089";"10 285";"27 562 036";"2024-09-05 09:54:13"
"2024-09-01";"Unknown";"792 139";"153 267";"27 562 704";"2024-09-02 01:46:34"
"2024-09-04";"Yandex";"7 647 441";"201 072";"27 562 489";"2024-09-04 12:33:05"
"2024-09-09";"Facebook";"90 179";"7 966";"27 561 760";"2024-09-09 12:45:21"
"2024-09-05";"";"200 368";"29 418";"27 562 051";"2024-09-05 13:46:17"
"2024-09-01";"";"62 939";"25 620";"27 563 006";"2024-09-02 02:59:45"
"2024-09-02";"Instagram";"115 296 702";"2 973 919";"27 562 059";"2024-09-02 16:01:46"
"2024-09-01";"";"47 292";"3 134";"27 562 087";"2024-09-01 05:26:24"
"2024-09-03";"";"48 824";"7 986";"27 562 725";"2024-09-03 05:50:28"
"2024-09-08";"YouTube";"46 158";"9 380";"27 562 212";"2024-09-08 05:38:15"
"2024-09-04";"";"25 704";"13 013";"27 561 778";"2024-09-04 08:17:27"
"2024-09-04";"";"2 852 204";"108 601";"27 561 570";"2024-09-05 00:45:28"
"2024-09-03";"";"3 661 270";"150 547";"27 561 214";"2024-09-03 20:17:18"
"2024-09-07";"YouTube";"154 140";"1 227 180";"27 562 758";"2024-09-07 03:00:13"
"2024-09-09";"Instagram";"4 164 411";"841 403";"27 562 170";"2024-09-09 17:14:18"
"2024-09-03";"Unknown";"1 120 505";"119 572";"27 563 198";"2024-09-04 00:57:40"
"2024-09-08";"Telegram";"885 090 131";"22 008 032";"27 563 041";"2024-09-08 22:43:01"
"2024-09-10";"";"351 448";"15 267";"27 561 295";"2024-09-10 22:55:07"
"2024-09-02";"Telegram";"57 836";"8 336";"27 562 445";"2024-09-02 07:52:01"
"2024-09-01";"";"32 242";"3 221";"27 561 486";"2024-09-01 18:03:54"
"2024-09-10";"";"117 949";"602 214";"27 562 350";"2024-09-10 22:43:01"
"2024-09-10";"Instagram";"8 675 337";"8 409 062";"27 563 059";"2024-09-11 02:59:23"
"2024-09-01";"Instagram";"587 807";"75 194";"27 562 298";"2024-09-01 04:01:30"
"2024-09-01";"Tas-ix";"107 912";"3 206";"27 563 128";"2024-09-02 01:58:31"
"2024-09-08";"";"2 832 356";"948 529";"27 562 593";"2024-09-09 00:45:08"
"2024-09-06";"";"77 520";"12 658";"27 562 696";"2024-09-06 13:58:01"
"2024-09-04";"YouTube";"184 352";"12 639";"27 562 771";"2024-09-05 02:11:49"
"2024-09-02";"";"880";"29 842";"27 562 504";"2024-09-02 05:02:07"
"2024-09-03";"YouTube";"2 699 890";"167 105";"27 562 695";"2024-09-03 06:15:49"
"2024-09-09";"";"167 762";"26 130";"27 563 314";"2024-09-09 23:32:18"
