"date_id";"option_name";"bytes_in";"bytes_out";"account_id";"option_datetime"
"2024-09-03";"Instagram";"14 047 866";"699 864";"27 562 117";"2024-09-03 21:30:57"
"2024-09-06";"";"479 909";"105 468";"27 561 246";"2024-09-06 20:17:33"
"2024-09-07";"YouTube";"34 349";"5 992";"27 561 369";"2024-09-08 00:21:43"
"2024-09-10";"";"184 805";"23 033";"27 562 966";"2024-09-11 01:58:38"
"2024-09-01";"";"733 044";"216 130";"27 561 232";"2024-09-02 01:34:11"
"2024-09-09";"YouTube";"615 292";"58 961";"27 562 170";"2024-09-10 00:33:22"
"2024-09-08";"Telegram";"108 597";"8 217";"27 562 085";"2024-09-08 09:54:28"
"2024-09-06";"";"27 569";"80 790";"27 563 110";"2024-09-07 02:59:03"
"2024-09-04";"";"93 896";"10 237";"27 562 156";"2024-09-05 00:33:21"
"2024-09-05";"";"450 722";"75 296";"27 562 706";"2024-09-05 13:58:40"
"2024-09-06";"YouTube";"149 912";"27 379";"27 562 512";"2024-09-06 06:51:32"
"2024-09-10";"";"134 594";"10 170";"27 562 157";"2024-09-10 23:44:07"
"2024-09-08";"";"57 167";"3 238";"27 563 154";"2024-09-09 00:45:04"
"2024-09-02";"";"40 022";"3 506";"27 563 184";"2024-09-02 19:28:15"
"2024-09-08";"";"167 084";"51 994";"27 563 295";"2024-09-08 09:18:30"
"2024-09-08";"";"34 071";"4 993";"27 562 615";"2024-09-08 19:04:30"
"2024-09-05";"";"64 980";"10 771";"27 561 737";"2024-09-05 10:31:37"
"2024-09-03";"";"1 345 418";"102 396";"27 563 105";"2024-09-03 17:14:18"
"2024-09-05";"";"37 959";"3 687";"27 563 304";"2024-09-05 09:06:56"
"2024-09-02";"";"26 927";"10 014";"27 563 289";"2024-09-02 08:41:09"
"2024-09-01";"";"6 045 740";"163 667";"27 561 890";"2024-09-01 10:07:54"
"2024-09-05";"";"53 822";"9 469";"27 562 376";"2024-09-05 06:51:32"
"2024-09-03";"Telegram";"7 557 249";"444 558";"27 561 277";"2024-09-03 18:27:38"
"2024-09-03";"";"41 777";"14 830";"27 561 641";"2024-09-03 18:27:26"
"2024-09-10";"Facebook";"120 800";"13 147";"27 562 205";"2024-09-10 06:27:19"
"2024-09-05";"Instagram";"3 606 594";"4 885 855";"27 562 355";"2024-09-05 04:49:24"
"2024-09-06";"YouTube";"7 792 364";"380 941";"27 563 154";"2024-09-06 12:45:13"
"2024-09-01";"";"23 012";"27 088";"27 563 012";"2024-09-01 15:00:21"
"2024-09-02";"Telegram";"18 724 525";"820 324";"27 562 200";"2024-09-02 20:29:28"
"2024-09-05";"";"18 099";"48 993";"27 562 064";"2024-09-05 15:12:10"
"2024-09-04";"";"47 348";"18 311";"27 562 841";"2024-09-04 22:19:56"
"2024-09-05";"";"25 984";"13 168";"27 561 361";"2024-09-05 11:32:31"
"2024-09-07";"";"192 468";"19 770";"27 561 978";"2024-09-07 09:18:22"
"2024-09-06";"Instagram";"10 538 035";"14 370 776";"27 562 864";"2024-09-06 06:51:28"
"2024-09-06";"";"98 369";"7 511";"27 563 045";"2024-09-06 19:40:38"
"2024-09-04";"Facebook";"82 266";"5 387";"27 562 456";"2024-09-04 08:53:36"
"2024-09-07";"";"519 538";"102 489";"27 562 172";"2024-09-07 22:07:40"
"2024-09-05";"";"736 384";"230 312";"27 561 956";"2024-09-05 03:36:06"
"2024-09-04";"";"67 755";"146 607";"27 563 207";"2024-09-04 21:42:43"
"2024-09-02";"Likee";"86 825";"89 159";"27 561 398";"2024-09-02 19:04:19"
"2024-09-10";"";"31 586";"2 592";"27 562 656";"2024-09-10 05:38:41"
"2024-09-02";"";"30 783";"19 747";"27 563 451";"2024-09-02 13:10:25"
"2024-09-01";"";"120 660";"14 915";"27 561 645";"2024-09-02 02:35:35"
"2024-09-07";"";"192 591";"243 555";"27 563 512";"2024-09-07 21:06:41"
"2024-09-01";"Facebook";"45 788";"3 238";"27 562 187";"2024-09-01 21:06:10"
"2024-09-08";"Instagram";"2 748 616";"3 275 193";"27 561 298";"2024-09-08 04:49:58"
"2024-09-08";"";"209 233";"32 677";"27 562 775";"2024-09-08 17:50:19"
"2024-09-04";"";"6 652 474";"1 029 926";"27 563 460";"2024-09-04 03:00:24"
"2024-09-08";"";"40 304";"5 342";"27 562 899";"2024-09-09 01:46:36"
"2024-09-09";"";"30 999";"3 519";"27 562 527";"2024-09-09 09:18:45"
"2024-09-05";"Telegram";"16 297 618";"910 737";"27 562 679";"2024-09-05 22:55:03"
"2024-09-08";"";"355 766";"130 440";"27 562 854";"2024-09-08 17:26:02"
"2024-09-07";"";"131 918 342";"11 231 514";"27 561 477";"2024-09-07 11:56:18"
"2024-09-04";"";"30 193";"39 295";"27 562 124";"2024-09-04 11:08:34"
"2024-09-04";"";"318 592";"12 869";"27 562 993";"2024-09-05 00:21:14"
"2024-09-07";"";"2 250";"113 835";"27 561 627";"2024-09-08 00:45:20"
"2024-09-10";"Instagram";"1 820 521";"1 207 648";"27 562 257";"2024-09-10 20:29:41"
"2024-09-06";"";"78 703";"39 985";"27 563 177";"2024-09-06 11:08:46"
"2024-09-03";"";"1 295 514";"110 893";"27 562 872";"2024-09-03 10:07:24"
"2024-09-06";"YouTube";"568 178";"261 559";"27 562 674";"2024-09-06 12:57:17"
"2024-09-07";"Facebook";"2 844 076";"1 139 768";"27 562 698";"2024-09-07 15:24:58"
"2024-09-01";"";"28 262";"9 064";"27 562 893";"2024-09-01 09:06:13"
"2024-09-05";"Unknown";"1 284 688";"550 775";"27 563 333";"2024-09-05 18:03:54"
"2024-09-09";"";"46 846";"46 798";"27 561 999";"2024-09-09 23:44:36"
"2024-09-02";"";"526 863";"312 386";"27 563 217";"2024-09-02 20:29:52"
"2024-09-03";"";"693 747";"45 168";"27 561 182";"2024-09-03 06:15:09"
"2024-09-07";"";"201 538";"94 894";"27 562 842";"2024-09-07 11:32:24"
"2024-09-02";"";"152 377";"7 570";"27 561 305";"2024-09-02 14:47:39"
"2024-09-09";"";"104 710";"28 216";"27 563 001";"2024-09-09 17:26:09"
"2024-09-07";"";"30 617";"1 923";"27 562 068";"2024-09-07 23:20:25"
"2024-09-10";"YouTube";"733 519";"1 896 818";"27 561 671";"2024-09-10 12:57:23"
"2024-09-05";"";"304 368";"57 488";"27 562 762";"2024-09-05 11:56:18"
"2024-09-06";"";"236 874";"178 028";"27 563 044";"2024-09-06 17:02:09"
"2024-09-09";"";"26 977";"14 579";"27 562 840";"2024-09-09 15:36:55"
"2024-09-07";"";"555 179";"146 742";"27 561 433";"2024-09-07 20:41:59"
"2024-09-07";"";"35 579";"7 978";"27 562 524";"2024-09-08 00:57:15"
"2024-09-07";"";"12 940";"298 838";"27 562 127";"2024-09-07 21:18:57"
"2024-09-09";"Facebook";"1 097 133";"406 007";"27 563 195";"2024-09-09 23:20:31"
"2024-09-06";"Tas-ix";"13 744 031";"2 352 035";"27 561 290";"2024-09-06 13:46:40"
"2024-09-04";"YouTube";"1 298 333";"493 311";"27 561 529";"2024-09-04 23:44:36"
"2024-09-08";"";"127 183";"24 354";"27 561 884";"2024-09-08 04:37:15"
"2024-09-04";"";"43 489";"6 785";"27 561 994";"2024-09-04 21:54:22"
"2024-09-09";"";"102 761";"63 490";"27 563 189";"2024-09-09 06:51:42"
"2024-09-07";"Instagram";"4 231 435";"157 465";"27 563 122";"2024-09-07 23:20:29"
"2024-09-02";"WhatsApp";"1 254 717";"1 007 477";"27 562 393";"2024-09-02 05:14:01"
"2024-09-10";"";"50 422";"2 251";"27 562 051";"2024-09-10 20:53:46"
"2024-09-04";"YouTube";"340 108";"63 294";"27 562 173";"2024-09-04 13:22:14"
"2024-09-10";"";"414 901";"71 513";"27 563 095";"2024-09-10 09:54:04"
"2024-09-09";"";"690";"25 677";"27 561 552";"2024-09-09 18:27:23"
"2024-09-02";"VKontakte";"478 589";"26 457";"27 561 224";"2024-09-02 17:26:10"
"2024-09-02";"";"359 921";"46 525";"27 561 249";"2024-09-02 09:06:44"
"2024-09-08";"";"51 469";"3 949";"27 562 516";"2024-09-08 05:38:14"
"2024-09-09";"YouTube";"93 443 705";"5 075 813";"27 562 391";"2024-09-10 01:58:55"
"2024-09-01";"Telegram";"43 685 310";"47 472 826";"27 562 138";"2024-09-01 19:16:01"
"2024-09-06";"TikTok";"32 353";"172 303";"27 563 395";"2024-09-06 11:56:06"
"2024-09-09";"YouTube";"2 844 773";"226 288";"27 562 572";"2024-09-10 00:21:50"
"2024-09-02";"YouTube";"462 379";"49 648";"27 561 777";"2024-09-02 14:47:20"
"2024-09-08";"";"77 047";"87 143";"27 562 025";"2024-09-08 09:30:21"
"2024-09-05";"";"181 666";"9 507";"27 563 072";"2024-09-05 16:13:51"
"2024-09-04";"WhatsApp";"13 241 896";"80 509 749";"27 561 533";"2024-09-04 16:25:16"
"2024-09-06";"Instagram";"159 162 907";"3 110 342";"27 563 514";"2024-09-06 12:09:32"
"2024-09-05";"WhatsApp";"29 934";"5 522";"27 561 921";"2024-09-05 11:56:54"
"2024-09-02";"";"595 201";"36 990";"27 562 041";"2024-09-02 10:31:21"
"2024-09-02";"";"67 456";"19 407";"27 562 563";"2024-09-02 10:43:28"
"2024-09-04";"";"277 938";"35 495";"27 561 293";"2024-09-04 20:53:14"
"2024-09-03";"Telegram";"501 581";"36 643";"27 561 788";"2024-09-03 03:24:42"
"2024-09-05";"Instagram";"90 311 407";"2 489 942";"27 561 204";"2024-09-06 00:09:53"
"2024-09-05";"";"553 629";"96 361";"27 562 739";"2024-09-06 01:10:19"
"2024-09-04";"";"38 277";"4 013";"27 562 808";"2024-09-04 05:50:02"
"2024-09-02";"Facebook";"63 095";"4 054";"27 561 410";"2024-09-03 00:09:11"
"2024-09-02";"YouTube";"699 513";"49 058";"27 561 862";"2024-09-02 14:11:45"
"2024-09-05";"";"53 009";"2 857";"27 561 989";"2024-09-05 21:06:18"
"2024-09-05";"";"47 804";"9 864";"27 561 207";"2024-09-05 23:08:36"
"2024-09-10";"";"126 737";"7 190";"27 561 388";"2024-09-10 10:07:19"
"2024-09-01";"";"68 898";"6 632";"27 562 063";"2024-09-01 05:50:35"
"2024-09-02";"Unknown";"93 501";"60 701";"27 561 775";"2024-09-02 05:02:42"
"2024-09-06";"";"178 250";"17 279";"27 563 467";"2024-09-06 04:49:35"
"2024-09-08";"";"43 081";"2 751";"27 562 837";"2024-09-08 19:52:38"
"2024-09-09";"Facebook";"3 985 285";"178 757";"27 561 417";"2024-09-09 21:42:00"
"2024-09-09";"";"845 981";"135 560";"27 561 470";"2024-09-09 16:01:35"
"2024-09-04";"";"39 496";"10 447";"27 562 617";"2024-09-05 02:23:19"
"2024-09-05";"";"1 408 267";"53 188";"27 563 020";"2024-09-06 02:35:34"
"2024-09-10";"";"2 738 435";"62 769";"27 562 522";"2024-09-10 23:44:52"
"2024-09-08";"";"515 513";"42 133";"27 562 489";"2024-09-08 09:06:56"
"2024-09-04";"YouTube";"164 281";"1 873 631";"27 562 006";"2024-09-04 03:12:39"
"2024-09-06";"";"183 008";"15 457";"27 562 264";"2024-09-06 12:45:04"
"2024-09-08";"";"39 457";"25 849";"27 561 536";"2024-09-08 05:26:53"
"2024-09-05";"";"2 640 627";"81 271";"27 562 083";"2024-09-05 13:58:38"
"2024-09-03";"";"35 474";"2 097";"27 561 890";"2024-09-03 14:11:15"
"2024-09-05";"";"389 399";"160 816";"27 563 390";"2024-09-05 18:15:42"
"2024-09-04";"Yandex";"377 718";"19 314";"27 562 363";"2024-09-04 03:12:10"
"2024-09-04";"Likee";"35 399";"10 900";"27 562 781";"2024-09-04 06:39:42"
"2024-09-03";"";"0";"62 189";"27 563 250";"2024-09-03 08:29:21"
"2024-09-01";"";"105 758";"43 051";"27 563 342";"2024-09-01 12:09:48"
"2024-09-03";"";"15 135";"26 105";"27 561 590";"2024-09-03 11:20:52"
"2024-09-03";"";"28 304";"3 695";"27 563 463";"2024-09-03 10:19:19"
"2024-09-02";"Instagram";"14 609 461";"478 871";"27 563 491";"2024-09-02 15:12:43"
"2024-09-07";"";"42 222";"65 318";"27 562 167";"2024-09-07 23:20:55"
"2024-09-03";"Telegram";"15 643 975";"996 896";"27 563 436";"2024-09-03 18:51:28"
"2024-09-06";"";"35 369";"11 220";"27 562 689";"2024-09-06 08:29:45"
"2024-09-03";"";"216 519";"6 794";"27 562 047";"2024-09-03 20:53:13"
"2024-09-02";"";"105 975 990";"7 366 772";"27 561 763";"2024-09-02 05:02:27"
"2024-09-03";"";"134 977";"268 876";"27 561 435";"2024-09-03 08:53:18"
"2024-09-09";"YouTube";"1 083 035";"336 314";"27 563 098";"2024-09-09 16:49:33"
"2024-09-03";"";"101 226";"10 337";"27 561 638";"2024-09-03 14:23:35"
"2024-09-02";"";"35 645";"19 300";"27 563 326";"2024-09-02 12:45:09"
"2024-09-09";"";"32 941";"6 131";"27 561 587";"2024-09-09 03:12:30"
"2024-09-02";"";"26 180";"7 319";"27 562 906";"2024-09-02 22:19:34"
"2024-09-02";"";"586 866";"24 645 066";"27 563 448";"2024-09-02 15:12:19"
"2024-09-08";"VKontakte";"23 639 749";"1 154 787";"27 563 424";"2024-09-08 19:16:25"
"2024-09-03";"";"128 694";"46 229";"27 561 221";"2024-09-03 14:23:09"
"2024-09-01";"";"32 414";"27 673";"27 562 998";"2024-09-01 18:27:00"
"2024-09-02";"";"5 477";"26 358";"27 561 862";"2024-09-02 14:35:18"
"2024-09-09";"YouTube";"90 048 137";"5 823 996";"27 562 539";"2024-09-09 08:53:41"
"2024-09-10";"";"31 278";"26 832";"27 561 422";"2024-09-10 09:30:41"
"2024-09-01";"";"251 684";"59 406";"27 562 674";"2024-09-01 05:50:50"
"2024-09-07";"";"87 767";"4 847";"27 562 438";"2024-09-08 01:34:26"
"2024-09-04";"";"525 446";"33 965";"27 562 360";"2024-09-04 22:31:14"
"2024-09-05";"";"1 334 268";"82 061";"27 562 545";"2024-09-05 20:29:03"
"2024-09-03";"";"0";"32 585";"27 561 857";"2024-09-03 20:05:25"
"2024-09-02";"VKontakte";"130 412";"7 091";"27 562 956";"2024-09-02 10:43:55"
"2024-09-07";"";"291 762";"33 062";"27 562 808";"2024-09-07 11:44:08"
"2024-09-08";"";"100 982";"4 644";"27 561 838";"2024-09-08 05:26:36"
"2024-09-10";"Instagram";"310 383";"33 294";"27 562 786";"2024-09-11 00:57:16"
"2024-09-05";"";"31 864";"14 431";"27 561 293";"2024-09-06 02:35:42"
"2024-09-10";"";"81 394";"51 999";"27 562 174";"2024-09-10 04:13:13"
"2024-09-03";"";"337 362";"45 932";"27 561 796";"2024-09-03 17:14:52"
"2024-09-05";"";"139 295";"29 094";"27 561 725";"2024-09-05 08:29:03"
"2024-09-02";"";"163 131";"9 861";"27 563 439";"2024-09-02 03:12:49"
"2024-09-05";"YouTube";"448 541";"94 044";"27 562 348";"2024-09-05 20:05:25"
"2024-09-03";"";"2 506 979";"5 024 561";"27 561 361";"2024-09-03 07:40:15"
"2024-09-01";"";"1 076 670";"64 513";"27 563 369";"2024-09-01 10:43:11"
"2024-09-10";"";"747 635";"118 995";"27 562 935";"2024-09-10 17:50:26"
"2024-09-10";"Telegram";"176 771 371";"9 283 621";"27 562 957";"2024-09-10 11:32:09"
"2024-09-09";"YouTube";"139 210";"8 071";"27 563 023";"2024-09-09 20:41:32"
"2024-09-06";"YouTube";"2 604 643";"191 404";"27 562 552";"2024-09-07 02:47:00"
"2024-09-04";"";"28 472";"3 295";"27 561 250";"2024-09-04 18:27:17"
"2024-09-08";"";"541 024";"36 342";"27 561 343";"2024-09-09 01:46:13"
"2024-09-10";"";"1 147 878";"1 137 130";"27 561 428";"2024-09-10 19:28:50"
"2024-09-05";"";"4 969 594";"315 159";"27 562 263";"2024-09-05 04:13:47"
"2024-09-08";"";"158 746";"9 633";"27 562 320";"2024-09-08 22:19:03"
"2024-09-08";"";"5 392 805";"174 942";"27 562 360";"2024-09-08 14:47:57"
"2024-09-05";"Instagram";"26 816 062";"931 191";"27 563 033";"2024-09-05 16:13:32"
"2024-09-05";"";"54 626";"7 313";"27 561 484";"2024-09-05 22:19:19"
"2024-09-10";"Instagram";"31 323 699";"821 875";"27 562 382";"2024-09-11 01:34:35"
"2024-09-08";"YouTube";"30 970";"3 708";"27 561 435";"2024-09-09 01:58:46"
"2024-09-06";"YouTube";"366 764";"88 771";"27 561 272";"2024-09-06 18:15:55"
"2024-09-02";"";"1 452 436";"88 904";"27 561 828";"2024-09-02 15:00:53"
"2024-09-08";"";"39 024";"5 952";"27 562 467";"2024-09-08 03:36:29"
"2024-09-05";"";"12 607";"1 367 841";"27 563 033";"2024-09-05 19:28:04"
"2024-09-03";"";"8 403 099";"1 063 757";"27 562 476";"2024-09-03 11:56:48"
"2024-09-03";"";"67 857";"5 758";"27 563 250";"2024-09-03 10:55:16"
"2024-09-06";"Instagram";"698 957";"465 726";"27 561 817";"2024-09-06 14:23:06"
"2024-09-06";"Telegram";"21 268 194";"1 228 046";"27 563 216";"2024-09-06 11:20:22"
"2024-09-08";"";"40 182";"33 620";"27 561 542";"2024-09-08 05:02:18"
"2024-09-04";"";"74 074";"6 956";"27 561 936";"2024-09-04 09:30:30"
"2024-09-02";"";"90 472";"75 197";"27 562 674";"2024-09-03 00:09:36"
"2024-09-08";"Yandex";"55 119";"12 392";"27 562 324";"2024-09-09 02:11:15"
"2024-09-07";"PUBG";"30 435";"12 161";"27 562 259";"2024-09-07 23:56:05"
"2024-09-07";"";"1 219 959";"64 889";"27 562 780";"2024-09-07 11:08:08"
"2024-09-02";"";"37 123";"6 368";"27 562 428";"2024-09-02 06:51:14"
"2024-09-04";"YouTube";"141 854";"8 210";"27 561 920";"2024-09-04 19:04:00"
"2024-09-03";"";"1 352 373";"121 376";"27 561 828";"2024-09-03 08:29:37"
"2024-09-02";"";"235 556";"22 343";"27 563 379";"2024-09-02 22:19:58"
"2024-09-04";"YouTube";"70 229";"4 860";"27 562 809";"2024-09-04 20:29:30"
"2024-09-04";"";"7 663 242";"152 196";"27 562 239";"2024-09-04 09:18:34"
"2024-09-03";"Telegram";"27 365 728";"3 583 652";"27 561 301";"2024-09-03 15:00:13"
"2024-09-06";"WhatsApp";"9 294 828";"271 241";"27 561 884";"2024-09-06 08:29:20"
"2024-09-03";"";"47 600";"2 956";"27 563 295";"2024-09-03 15:36:25"
"2024-09-07";"YouTube";"37 990 753";"2 164 039";"27 562 752";"2024-09-07 11:32:27"
"2024-09-02";"Telegram";"2 523 217";"121 866";"27 563 344";"2024-09-02 22:43:50"
"2024-09-08";"";"41 656";"78 196";"27 562 139";"2024-09-08 23:32:58"
"2024-09-02";"";"518 913";"25 041";"27 562 775";"2024-09-02 21:54:39"
"2024-09-07";"YouTube";"87 431";"18 341";"27 563 447";"2024-09-07 07:52:37"
"2024-09-10";"";"34 723";"26 522";"27 561 970";"2024-09-11 00:45:12"
"2024-09-01";"VKontakte";"118 376";"6 930";"27 561 792";"2024-09-01 05:26:53"
"2024-09-10";"";"5 218 652";"113 484";"27 562 965";"2024-09-10 11:56:41"
"2024-09-03";"";"153 024";"24 650";"27 563 500";"2024-09-03 05:14:36"
"2024-09-08";"Facebook";"138 108";"71 188";"27 562 178";"2024-09-08 19:16:52"
"2024-09-06";"";"172 380";"26 666";"27 562 021";"2024-09-06 17:26:10"
"2024-09-09";"";"38 861";"16 991";"27 561 643";"2024-09-09 07:52:18"
"2024-09-05";"";"406 590";"31 303";"27 562 962";"2024-09-05 16:13:58"
"2024-09-06";"";"49 514";"3 378";"27 562 629";"2024-09-06 23:32:48"
"2024-09-10";"Instagram";"10 270 320";"271 627";"27 561 171";"2024-09-10 22:07:59"
"2024-09-03";"";"84 970";"5 999";"27 562 580";"2024-09-03 12:09:09"
"2024-09-09";"Instagram";"966 694";"155 895";"27 561 189";"2024-09-09 16:49:05"
"2024-09-08";"Instagram";"1 215 018";"231 668";"27 563 336";"2024-09-08 17:26:06"
"2024-09-09";"";"30 714";"24 464";"27 563 205";"2024-09-09 05:38:11"
"2024-09-02";"YouTube";"179 400";"9 320";"27 562 101";"2024-09-02 11:20:27"
"2024-09-06";"";"27 337";"4 942";"27 562 535";"2024-09-07 02:59:22"
"2024-09-07";"";"236 077";"175 749";"27 562 613";"2024-09-07 13:46:38"
"2024-09-07";"";"350 539";"38 402";"27 562 230";"2024-09-08 00:21:49"
"2024-09-05";"";"34 274";"3 032";"27 561 396";"2024-09-05 13:46:13"
"2024-09-02";"";"280 810";"75 635";"27 562 138";"2024-09-03 00:45:24"
"2024-09-03";"";"100 721";"4 595";"27 561 692";"2024-09-03 07:16:33"
"2024-09-10";"";"126 664";"21 087";"27 562 704";"2024-09-10 10:31:37"
"2024-09-03";"";"140 505 871";"3 668 877";"27 562 622";"2024-09-03 07:28:07"
"2024-09-06";"Facebook";"1 705 586";"118 649";"27 561 850";"2024-09-06 22:55:02"
"2024-09-04";"";"2 199 553";"96 643";"27 561 392";"2024-09-04 23:56:41"
"2024-09-03";"Yandex";"124 622";"10 619";"27 561 753";"2024-09-03 04:01:32"
"2024-09-07";"";"1 387 857";"100 167";"27 562 801";"2024-09-07 03:24:00"
"2024-09-02";"YouTube";"727 299";"179 773";"27 563 106";"2024-09-02 19:52:10"
"2024-09-09";"";"699 057";"190 427";"27 562 821";"2024-09-09 23:44:14"
"2024-09-05";"";"563 003";"111 548";"27 561 253";"2024-09-05 10:31:25"
"2024-09-10";"Yandex";"1 636 807";"70 985";"27 562 739";"2024-09-10 03:12:37"
"2024-09-05";"YouTube";"144 202";"351 878";"27 561 729";"2024-09-05 03:00:40"
"2024-09-04";"";"190 002";"184 577";"27 563 058";"2024-09-04 14:59:25"
"2024-09-01";"Instagram";"3 428 613";"242 917";"27 561 887";"2024-09-01 13:10:55"
"2024-09-06";"";"30 054";"3 244";"27 562 363";"2024-09-06 13:58:32"
"2024-09-02";"";"31 064";"55 337";"27 562 185";"2024-09-02 04:01:24"
"2024-09-03";"YouTube";"19 950";"40 543";"27 562 006";"2024-09-03 16:13:04"
"2024-09-01";"";"32 068";"167 426";"27 562 048";"2024-09-01 09:54:14"
"2024-09-10";"";"37 053";"13 013";"27 563 069";"2024-09-10 05:26:20"
"2024-09-10";"";"81 041";"114 641";"27 562 421";"2024-09-10 13:22:36"
"2024-09-07";"Facebook";"31 668";"4 796";"27 563 051";"2024-09-07 11:44:04"
"2024-09-06";"Facebook";"9 543 415";"355 001";"27 563 318";"2024-09-06 03:36:44"
"2024-09-01";"YouTube";"31 516 312";"2 435 326";"27 561 474";"2024-09-01 17:38:36"
"2024-09-08";"";"1 238 409";"93 914";"27 561 828";"2024-09-08 14:23:03"
"2024-09-01";"";"3 355 657";"4 399 491";"27 562 914";"2024-09-01 07:28:31"
"2024-09-02";"";"3 692 506";"164 596";"27 563 415";"2024-09-02 17:02:51"
"2024-09-06";"";"67 544";"11 115";"27 562 915";"2024-09-06 14:59:06"
"2024-09-05";"";"414 565";"82 465";"27 561 243";"2024-09-05 17:50:50"
"2024-09-01";"";"8 215 174";"395 964";"27 561 871";"2024-09-01 13:58:11"
"2024-09-07";"";"258 415";"22 260";"27 561 259";"2024-09-07 22:55:46"
"2024-09-03";"";"126 151";"15 252";"27 562 613";"2024-09-03 22:43:34"
"2024-09-05";"";"4 240";"29 105";"27 563 388";"2024-09-05 12:45:33"
"2024-09-02";"Yandex";"42 868";"61 268";"27 561 998";"2024-09-02 03:36:21"
"2024-09-05";"Facebook";"1 032 097";"82 026";"27 562 792";"2024-09-05 22:43:41"
"2024-09-02";"YouTube";"5 054 933";"422 520";"27 561 430";"2024-09-02 08:53:54"
"2024-09-07";"";"448 043";"18 967";"27 561 687";"2024-09-07 21:30:50"
"2024-09-01";"";"88 022";"45 561";"27 561 410";"2024-09-02 02:23:15"
"2024-09-09";"";"476 145";"30 056";"27 561 691";"2024-09-09 20:41:22"
"2024-09-07";"";"4 055 826";"2 629 864";"27 562 865";"2024-09-07 13:10:16"
"2024-09-09";"Instagram";"8 532 379";"9 182 439";"27 563 136";"2024-09-09 13:58:28"
"2024-09-03";"";"4 090 604";"236 134";"27 562 800";"2024-09-03 21:18:07"
"2024-09-04";"";"756 404";"22 542";"27 563 494";"2024-09-04 05:26:49"
"2024-09-03";"WhatsApp";"3 026 609";"132 999";"27 563 403";"2024-09-03 11:08:36"
"2024-09-07";"";"12 602";"30 557";"27 562 941";"2024-09-07 10:19:11"
"2024-09-09";"";"1 951 108";"896 293";"27 561 474";"2024-09-09 20:41:34"
"2024-09-05";"YouTube";"1 071 323";"75 933";"27 561 485";"2024-09-05 11:56:12"
"2024-09-10";"Facebook";"67 525";"5 714";"27 562 917";"2024-09-10 18:39:12"
"2024-09-08";"";"6 966 015";"497 654";"27 561 593";"2024-09-08 08:29:56"
"2024-09-10";"Facebook";"857 893";"631 959";"27 561 866";"2024-09-10 07:52:18"
"2024-09-05";"";"10 359 337";"446 134";"27 562 102";"2024-09-06 02:11:54"
"2024-09-04";"";"4 477";"34 420";"27 562 215";"2024-09-04 20:17:28"
"2024-09-02";"";"32 007";"371 658";"27 561 547";"2024-09-02 12:45:16"
"2024-09-05";"";"126 816";"372 995";"27 563 243";"2024-09-05 14:11:18"
"2024-09-01";"";"41 606";"3 864";"27 562 922";"2024-09-01 17:50:34"
"2024-09-10";"";"169 605";"6 676";"27 563 238";"2024-09-10 04:01:22"
"2024-09-10";"";"63 182";"6 952";"27 562 912";"2024-09-10 09:54:41"
"2024-09-05";"";"76 042";"133 735";"27 562 477";"2024-09-05 20:17:57"
"2024-09-04";"";"221 587";"7 007";"27 561 775";"2024-09-04 21:54:05"
"2024-09-06";"";"2 541 716";"119 932";"27 562 737";"2024-09-06 03:48:36"
"2024-09-02";"";"94 445";"51 633";"27 562 908";"2024-09-02 17:38:20"
"2024-09-01";"";"38 484";"17 432";"27 563 468";"2024-09-01 23:56:19"
"2024-09-03";"";"0";"29 190";"27 562 981";"2024-09-03 09:30:51"
"2024-09-07";"Telegram";"99 511 434";"3 239 182";"27 561 883";"2024-09-07 19:16:06"
"2024-09-02";"";"2 106 057";"859 996";"27 561 879";"2024-09-02 16:13:20"
"2024-09-10";"";"170 871";"30 356";"27 561 641";"2024-09-10 14:47:32"
"2024-09-05";"";"34 914";"14 083";"27 563 024";"2024-09-05 16:37:09"
"2024-09-03";"";"163 845";"11 986";"27 562 318";"2024-09-03 10:31:18"
"2024-09-03";"Facebook";"2 179 851";"1 159 308";"27 563 325";"2024-09-03 18:39:31"
"2024-09-08";"Yandex";"149 260";"6 891";"27 562 041";"2024-09-08 10:31:01"
"2024-09-07";"Instagram";"143 241";"16 785";"27 561 552";"2024-09-07 21:06:40"
"2024-09-05";"Yandex";"1 347 181";"58 531";"27 562 915";"2024-09-05 11:32:17"
"2024-09-09";"";"97 112";"7 791";"27 561 893";"2024-09-10 02:23:29"
"2024-09-03";"";"58 849";"3 786";"27 561 520";"2024-09-03 22:55:26"
"2024-09-02";"YouTube";"495 179";"61 834";"27 562 609";"2024-09-03 00:33:50"
"2024-09-05";"Telegram";"135 989";"12 055";"27 563 342";"2024-09-05 15:24:40"
"2024-09-07";"";"284 636";"11 858";"27 563 467";"2024-09-08 01:34:24"
"2024-09-06";"Instagram";"273 153 004";"8 970 348";"27 562 364";"2024-09-06 19:52:33"
"2024-09-05";"";"5 925 396";"327 991";"27 562 700";"2024-09-05 22:07:13"
"2024-09-03";"";"37 073";"1 387";"27 563 291";"2024-09-03 15:00:24"
"2024-09-10";"";"745 111";"126 629";"27 562 477";"2024-09-10 15:00:17"
"2024-09-02";"";"342 704";"1 000 316";"27 561 690";"2024-09-02 07:40:50"
"2024-09-08";"Yandex";"53 474";"8 055";"27 562 300";"2024-09-08 20:29:15"
"2024-09-08";"TikTok";"173 699";"2 822 442";"27 562 497";"2024-09-08 08:41:21"
"2024-09-08";"";"13 333";"66 645";"27 563 099";"2024-09-08 13:58:19"
"2024-09-08";"";"7 600 979";"268 152";"27 561 666";"2024-09-08 14:11:31"
"2024-09-05";"";"56 852";"3 221";"27 562 633";"2024-09-05 04:13:00"
"2024-09-02";"";"1 321 750";"1 505 303";"27 563 289";"2024-09-03 00:33:10"
"2024-09-02";"TikTok";"1 260";"69 876";"27 562 436";"2024-09-02 03:36:51"
"2024-09-04";"VKontakte";"129 250";"113 933";"27 561 886";"2024-09-04 18:03:31"
"2024-09-02";"";"90 974";"48 077";"27 561 640";"2024-09-02 22:31:10"
"2024-09-06";"";"200 927";"21 262";"27 563 254";"2024-09-07 00:09:01"
"2024-09-06";"";"702 334";"62 244";"27 562 025";"2024-09-06 13:58:25"
"2024-09-07";"YouTube";"175 594";"12 143";"27 563 087";"2024-09-07 12:57:17"
"2024-09-02";"WhatsApp";"463 390";"98 039";"27 561 850";"2024-09-03 00:09:34"
"2024-09-05";"";"1 548 051";"256 814";"27 562 864";"2024-09-05 20:05:48"
"2024-09-02";"Instagram";"56 052 198";"2 330 899";"27 561 890";"2024-09-02 04:37:30"
"2024-09-01";"Facebook";"25 931";"2 798";"27 561 700";"2024-09-01 04:49:47"
"2024-09-02";"";"29 580";"2 370";"27 562 431";"2024-09-02 09:30:19"
"2024-09-01";"";"79 189";"101 831";"27 563 009";"2024-09-01 15:00:10"
"2024-09-03";"";"3 270";"151 303";"27 562 641";"2024-09-03 16:13:45"
"2024-09-04";"";"58 276";"4 357";"27 562 442";"2024-09-04 20:53:26"
"2024-09-06";"YouTube";"754 836";"121 527";"27 561 217";"2024-09-06 06:03:03"
"2024-09-02";"Yandex";"4 939 073";"112 886";"27 561 392";"2024-09-02 10:19:59"
"2024-09-10";"";"43 892 920";"1 628 286";"27 563 000";"2024-09-11 01:46:52"
"2024-09-07";"YouTube";"46 735 374";"3 647 555";"27 562 753";"2024-09-07 20:29:09"
"2024-09-06";"";"34 339";"14 201";"27 561 902";"2024-09-06 15:00:05"
"2024-09-06";"";"133 533";"18 608";"27 563 080";"2024-09-06 08:41:21"
"2024-09-06";"";"62 759";"37 514";"27 563 254";"2024-09-06 04:13:42"
"2024-09-06";"";"35 037";"12 094";"27 563 020";"2024-09-06 22:31:51"
"2024-09-02";"YouTube";"116 996";"17 972";"27 561 320";"2024-09-02 19:28:29"
"2024-09-02";"";"61 921";"9 604";"27 561 794";"2024-09-02 08:05:55"
"2024-09-03";"";"14 040 888";"208 490";"27 562 328";"2024-09-03 05:38:53"
"2024-09-03";"";"32 071";"16 732";"27 561 414";"2024-09-03 14:23:08"
"2024-09-05";"";"552 076";"25 100";"27 563 478";"2024-09-05 03:36:11"
"2024-09-07";"YouTube";"3 033 597";"117 130";"27 563 281";"2024-09-07 10:07:07"
"2024-09-02";"";"32 534";"2 554";"27 562 257";"2024-09-02 03:48:50"
"2024-09-06";"YouTube";"650 062";"27 027";"27 563 373";"2024-09-06 04:49:50"
"2024-09-10";"";"42 585";"28 663";"27 563 140";"2024-09-10 19:28:52"
"2024-09-07";"YouTube";"2 284 888";"128 766";"27 561 413";"2024-09-08 01:34:16"
"2024-09-10";"";"134 575";"90 389";"27 561 424";"2024-09-10 15:24:29"
"2024-09-08";"";"50 158";"7 990";"27 562 340";"2024-09-08 23:08:41"
"2024-09-04";"";"168 133";"13 553";"27 562 951";"2024-09-04 09:06:16"
"2024-09-09";"";"31 885";"10 790";"27 562 254";"2024-09-09 06:15:06"
"2024-09-09";"Instagram";"293 207";"17 106";"27 563 183";"2024-09-09 20:53:43"
"2024-09-09";"Yandex";"82 166";"26 878";"27 563 148";"2024-09-09 15:24:10"
"2024-09-05";"";"300 174";"837 069";"27 562 530";"2024-09-05 06:03:32"
"2024-09-07";"YouTube";"87 253";"8 000";"27 563 359";"2024-09-08 00:33:52"
"2024-09-03";"";"138 915";"43 088";"27 562 624";"2024-09-03 14:23:20"
"2024-09-04";"";"193 240";"682 257";"27 562 420";"2024-09-04 04:37:54"
"2024-09-01";"YouTube";"1 941 723";"127 934";"27 562 366";"2024-09-01 20:17:56"
"2024-09-04";"Telegram";"1 193 952";"97 379";"27 562 629";"2024-09-04 14:11:13"
"2024-09-06";"";"5 569 546";"3 002 572";"27 561 689";"2024-09-06 17:38:41"
"2024-09-04";"";"196 477";"18 653";"27 562 721";"2024-09-04 21:30:51"
"2024-09-08";"Telegram";"1 480 189";"117 521";"27 562 439";"2024-09-08 09:30:17"
"2024-09-02";"";"47 224";"3 603";"27 561 893";"2024-09-02 22:07:28"
"2024-09-03";"YouTube";"509 382";"73 738";"27 561 612";"2024-09-03 19:40:11"
"2024-09-01";"";"559 483";"32 034";"27 561 884";"2024-09-01 16:37:35"
"2024-09-04";"";"479 685";"42 598";"27 561 936";"2024-09-04 22:43:02"
"2024-09-02";"";"55 978";"226 321";"27 562 044";"2024-09-02 14:59:02"
"2024-09-01";"";"10 238";"33 633";"27 562 061";"2024-09-02 02:11:18"
"2024-09-03";"";"35 106";"11 247";"27 561 850";"2024-09-03 12:33:43"
"2024-09-02";"Facebook";"40 952";"3 574";"27 561 374";"2024-09-02 09:06:25"
"2024-09-06";"";"47 323";"2 812";"27 563 410";"2024-09-07 02:35:21"
"2024-09-10";"";"102 444";"13 440";"27 561 895";"2024-09-10 15:24:18"
"2024-09-06";"";"3 584 404";"171 609";"27 561 958";"2024-09-06 16:13:00"
"2024-09-09";"";"2 997 917";"428 958";"27 561 845";"2024-09-09 14:35:08"
"2024-09-09";"";"128 726";"33 201";"27 562 224";"2024-09-10 02:47:59"
"2024-09-06";"";"26 462";"2 206";"27 561 981";"2024-09-06 15:48:46"
"2024-09-01";"";"692 553";"150 260";"27 562 778";"2024-09-01 08:53:28"
"2024-09-04";"";"884 682";"157 086";"27 562 364";"2024-09-04 03:48:37"
"2024-09-03";"YouTube";"15 254 156";"1 308 172";"27 561 691";"2024-09-03 03:48:23"
"2024-09-07";"";"116 594";"6 817";"27 563 044";"2024-09-07 06:51:34"
"2024-09-02";"";"46 705";"67 963";"27 561 686";"2024-09-02 23:08:06"
"2024-09-07";"";"3 720 908";"846 184";"27 562 666";"2024-09-07 15:12:10"
"2024-09-03";"Instagram";"4 238 627";"126 884";"27 562 595";"2024-09-03 10:31:35"
"2024-09-10";"Facebook";"25 882";"5 666";"27 563 329";"2024-09-10 15:48:15"
"2024-09-02";"";"5 672";"37 985";"27 561 555";"2024-09-02 04:37:16"
"2024-09-10";"Facebook";"5 206 906";"169 213";"27 563 503";"2024-09-11 02:59:01"
"2024-09-08";"";"340 924";"211 588";"27 563 151";"2024-09-08 11:32:05"
"2024-09-04";"";"46 218";"9 187";"27 562 133";"2024-09-04 16:25:14"
"2024-09-03";"Facebook";"633 675";"20 689";"27 561 768";"2024-09-03 07:04:03"
"2024-09-07";"YouTube";"6 434 354";"1 801 690";"27 561 192";"2024-09-07 15:24:40"
"2024-09-10";"";"35 668";"6 013";"27 563 372";"2024-09-10 20:41:56"
"2024-09-04";"";"35 796 732";"1 465 765";"27 562 185";"2024-09-04 04:37:24"
"2024-09-04";"Instagram";"171 857";"19 181";"27 563 095";"2024-09-05 01:58:50"
"2024-09-02";"";"59 128";"19 538";"27 562 845";"2024-09-02 21:06:06"
"2024-09-04";"";"683 847";"27 212";"27 563 023";"2024-09-04 14:59:30"
"2024-09-05";"";"73 073";"19 875";"27 561 745";"2024-09-05 23:08:29"
"2024-09-09";"YouTube";"857 841";"51 463";"27 563 044";"2024-09-09 19:04:33"
"2024-09-08";"";"26 969";"4 192";"27 561 819";"2024-09-08 12:21:11"
"2024-09-10";"";"144 135";"13 301";"27 561 457";"2024-09-10 23:56:14"
"2024-09-03";"YouTube";"12 896 035";"741 345";"27 562 222";"2024-09-03 07:40:53"
"2024-09-06";"";"120 123";"23 625";"27 563 381";"2024-09-06 15:48:57"
"2024-09-10";"";"878 709";"39 658";"27 562 856";"2024-09-10 10:07:03"
"2024-09-09";"";"101 453";"15 008";"27 562 330";"2024-09-09 16:01:24"
"2024-09-08";"";"895 088";"163 961";"27 563 414";"2024-09-08 04:49:30"
"2024-09-02";"YouTube";"274 835";"18 068";"27 563 493";"2024-09-02 10:43:49"
"2024-09-04";"";"294 840";"105 512";"27 563 169";"2024-09-04 11:32:43"
"2024-09-03";"";"2 812";"42 519";"27 563 030";"2024-09-03 22:31:33"
"2024-09-03";"";"203 663";"21 560";"27 562 841";"2024-09-03 10:43:32"
"2024-09-02";"Unknown";"2 105 537";"1 590 759";"27 562 323";"2024-09-02 11:56:02"
"2024-09-06";"";"2 900";"35 710";"27 563 313";"2024-09-06 21:30:26"
"2024-09-10";"";"39 998";"4 790";"27 561 569";"2024-09-10 07:28:27"
"2024-09-08";"";"26 973";"39 360";"27 562 402";"2024-09-09 00:33:03"
"2024-09-09";"Telegram";"44 648 407";"12 996 649";"27 563 224";"2024-09-09 11:56:30"
"2024-09-04";"";"40 794";"6 246";"27 562 850";"2024-09-04 03:00:50"
"2024-09-10";"Facebook";"212 211";"8 191";"27 562 713";"2024-09-10 13:22:44"
"2024-09-04";"";"902 786";"148 879";"27 561 828";"2024-09-04 12:45:16"
"2024-09-06";"";"29 805";"152 028";"27 563 130";"2024-09-06 12:33:18"
"2024-09-06";"";"31 880";"16 313";"27 561 975";"2024-09-06 04:13:01"
"2024-09-09";"";"106 332";"26 689";"27 563 061";"2024-09-09 16:01:10"
"2024-09-04";"";"27 075";"16 891";"27 562 595";"2024-09-05 01:46:19"
"2024-09-06";"";"42 398";"38 421";"27 561 354";"2024-09-06 14:59:28"
"2024-09-02";"";"28 943";"2 111";"27 562 039";"2024-09-03 01:34:10"
"2024-09-08";"";"35 097";"36 296";"27 561 281";"2024-09-08 20:53:53"
"2024-09-08";"Tas-ix";"199 000";"6 477";"27 562 148";"2024-09-08 16:37:14"
"2024-09-06";"";"46 437";"3 095";"27 563 065";"2024-09-06 23:32:15"
"2024-09-04";"";"11 331";"61 921";"27 561 836";"2024-09-04 07:52:12"
"2024-09-06";"";"136 324";"66 700";"27 561 190";"2024-09-06 11:44:50"
"2024-09-07";"Instagram";"340 560";"118 026";"27 561 181";"2024-09-07 21:06:25"
"2024-09-07";"";"108 337";"10 734";"27 562 675";"2024-09-07 10:31:50"
"2024-09-01";"";"7 184 610";"290 107";"27 561 482";"2024-09-01 16:37:47"
"2024-09-05";"";"52 878";"124 496";"27 562 670";"2024-09-05 17:14:33"
"2024-09-02";"";"93 361";"30 756";"27 562 156";"2024-09-02 16:37:41"
"2024-09-02";"";"88 584";"137 833";"27 562 058";"2024-09-02 04:37:44"
"2024-09-04";"";"36 592";"58 833";"27 561 762";"2024-09-04 04:25:54"
"2024-09-03";"Yandex";"1 500 464";"606 528";"27 563 008";"2024-09-03 11:32:09"
"2024-09-03";"YouTube";"5 730 642";"290 613";"27 561 307";"2024-09-03 18:15:32"
"2024-09-05";"";"28 215";"2 673";"27 561 697";"2024-09-05 03:48:08"
"2024-09-06";"Facebook";"63 495";"5 118";"27 562 490";"2024-09-07 00:33:26"
"2024-09-05";"";"95 459";"23 621";"27 562 484";"2024-09-05 19:40:50"
"2024-09-09";"Telegram";"9 063 348";"996 666";"27 561 345";"2024-09-09 09:54:40"
"2024-09-09";"";"391 422";"6 137";"27 561 217";"2024-09-10 02:59:15"
"2024-09-02";"";"188 230";"49 291";"27 562 405";"2024-09-02 20:41:35"
"2024-09-01";"YouTube";"15 069 312";"1 082 275";"27 562 173";"2024-09-01 22:07:55"
"2024-09-07";"";"343 429";"341 460";"27 561 610";"2024-09-07 04:49:08"
"2024-09-02";"YouTube";"106 037";"35 190";"27 563 136";"2024-09-02 14:47:32"
"2024-09-02";"Instagram";"1 229 224";"346 284";"27 563 333";"2024-09-02 07:28:35"
"2024-09-02";"";"336 200";"26 608";"27 563 075";"2024-09-02 03:48:28"
"2024-09-10";"";"29 305";"2 346";"27 561 862";"2024-09-10 22:31:16"
"2024-09-04";"YouTube";"17 462 868";"1 099 687";"27 563 467";"2024-09-04 22:55:45"
"2024-09-04";"";"40 128";"5 289";"27 563 312";"2024-09-04 12:57:34"
"2024-09-08";"";"46 391";"25 387";"27 562 574";"2024-09-08 21:18:57"
"2024-09-01";"YouTube";"63 325";"433 562";"27 562 558";"2024-09-01 18:27:48"
"2024-09-10";"Instagram";"7 351 446";"5 029 718";"27 562 547";"2024-09-10 23:44:31"
"2024-09-02";"";"132 779";"8 234";"27 561 887";"2024-09-02 16:13:30"
"2024-09-07";"";"151 822";"48 789";"27 562 096";"2024-09-07 22:31:26"
"2024-09-09";"Apple Music";"1 008 179";"362 176";"27 562 296";"2024-09-09 06:15:23"
"2024-09-05";"";"34 954";"6 838";"27 562 466";"2024-09-05 11:32:57"
"2024-09-02";"";"66 766";"4 792";"27 562 494";"2024-09-02 17:38:55"
"2024-09-06";"";"282 206";"20 684";"27 562 124";"2024-09-06 13:10:28"
"2024-09-04";"YouTube";"350 633";"41 976";"27 562 861";"2024-09-04 20:29:26"
"2024-09-07";"YouTube";"9 271 185";"2 857 332";"27 561 920";"2024-09-08 00:57:25"
"2024-09-09";"";"68 625";"21 085";"27 561 370";"2024-09-10 01:10:57"
"2024-09-02";"YouTube";"1 186 506";"83 632";"27 561 396";"2024-09-02 13:58:41"
"2024-09-02";"";"381 111";"131 361";"27 561 222";"2024-09-02 03:12:24"
"2024-09-02";"";"28 749";"2 655";"27 563 224";"2024-09-02 15:24:14"
"2024-09-02";"";"179 363";"61 799";"27 561 221";"2024-09-02 13:22:11"
"2024-09-02";"";"212 665";"26 692";"27 562 597";"2024-09-02 08:17:53"
"2024-09-02";"";"68 681";"4 211";"27 562 649";"2024-09-02 07:52:08"
"2024-09-04";"";"120 404";"98 397";"27 561 784";"2024-09-04 20:41:28"
"2024-09-04";"";"545 814";"36 056";"27 563 033";"2024-09-04 17:50:58"
"2024-09-08";"";"47 958 160";"2 238 996";"27 561 424";"2024-09-08 07:16:11"
"2024-09-06";"";"140 312";"78 945";"27 562 989";"2024-09-06 20:17:32"
"2024-09-02";"";"771 725";"29 539";"27 563 445";"2024-09-02 03:24:32"
"2024-09-08";"";"288 284";"28 216";"27 562 048";"2024-09-08 15:00:45"
"2024-09-02";"";"473 304";"15 315";"27 563 284";"2024-09-02 06:39:26"
"2024-09-07";"";"56 720";"115 109";"27 561 669";"2024-09-07 16:49:38"
"2024-09-04";"";"117 879";"7 201";"27 562 633";"2024-09-04 19:40:50"
"2024-09-03";"";"39 878";"7 113";"27 562 840";"2024-09-04 02:11:49"
"2024-09-01";"";"1 995 115";"139 461";"27 562 260";"2024-09-01 19:16:45"
"2024-09-02";"YouTube";"12 921 630";"1 336 945";"27 562 534";"2024-09-02 10:55:25"
"2024-09-07";"YouTube";"48 400 396";"3 486 373";"27 561 294";"2024-09-07 20:29:47"
"2024-09-03";"YouTube";"946 711";"67 085";"27 562 466";"2024-09-03 15:36:57"
"2024-09-02";"Instagram";"5 630 780";"222 739";"27 562 148";"2024-09-02 18:39:35"
"2024-09-09";"TikTok";"302 962";"6 090 308";"27 562 896";"2024-09-09 09:30:32"
"2024-09-03";"";"77 120";"91 011";"27 562 856";"2024-09-03 14:11:01"
"2024-09-10";"Instagram";"9 801 133";"2 337 238";"27 563 409";"2024-09-10 14:11:03"
"2024-09-04";"";"44 958";"2 354";"27 562 732";"2024-09-04 11:32:53"
"2024-09-09";"";"290 095";"264 756";"27 562 698";"2024-09-09 22:31:28"
"2024-09-03";"";"45 880";"9 989";"27 562 223";"2024-09-04 00:09:18"
"2024-09-09";"Instagram";"9 522 683";"296 638";"27 561 886";"2024-09-09 12:21:33"
"2024-09-09";"";"91 018";"12 824";"27 562 838";"2024-09-09 21:42:18"
"2024-09-05";"Yandex";"258 408";"16 429";"27 563 451";"2024-09-05 16:37:48"
"2024-09-06";"";"7 317 634";"214 517";"27 562 047";"2024-09-06 18:51:21"
"2024-09-02";"Unknown";"116 604";"4 468";"27 561 974";"2024-09-02 19:52:10"
"2024-09-04";"Yandex";"780 551";"33 164";"27 562 243";"2024-09-04 22:55:37"
"2024-09-06";"";"80 002";"17 467";"27 563 263";"2024-09-06 08:29:14"
"2024-09-06";"";"520 287";"41 992";"27 562 527";"2024-09-06 10:19:42"
"2024-09-01";"";"51 722";"5 478";"27 561 596";"2024-09-01 11:20:32"
"2024-09-02";"";"2 223 639";"712 141";"27 563 174";"2024-09-02 07:40:17"
"2024-09-02";"YouTube";"69 119";"4 369";"27 561 767";"2024-09-02 03:48:14"
"2024-09-08";"";"29 769";"16 305";"27 561 865";"2024-09-08 21:54:40"
"2024-09-03";"";"77 805";"7 995";"27 563 041";"2024-09-03 03:00:18"
"2024-09-03";"";"65 527";"138 371";"27 561 647";"2024-09-03 21:18:58"
"2024-09-10";"";"35 590";"9 227";"27 563 122";"2024-09-10 12:57:28"
"2024-09-04";"";"48 481";"32 301";"27 562 352";"2024-09-05 01:22:27"
"2024-09-06";"";"27 387";"7 317";"27 562 203";"2024-09-06 03:24:47"
"2024-09-10";"";"212 542";"27 533";"27 563 371";"2024-09-10 06:15:00"
"2024-09-07";"Yandex";"227 290";"137 656";"27 562 949";"2024-09-07 05:26:49"
"2024-09-05";"";"4 374 385";"2 314 884";"27 563 447";"2024-09-05 16:49:52"
"2024-09-06";"";"35 473";"3 662";"27 563 424";"2024-09-06 18:15:31"
"2024-09-09";"";"60 140";"9 909";"27 561 422";"2024-09-09 20:29:40"
"2024-09-03";"";"28 321";"2 809";"27 561 707";"2024-09-03 05:50:11"
"2024-09-05";"";"325 017 046";"10 663 349";"27 563 143";"2024-09-05 06:15:43"
"2024-09-05";"Telegram";"6 670 191";"7 009 935";"27 561 922";"2024-09-05 09:06:01"
"2024-09-08";"";"46 637";"8 108";"27 563 463";"2024-09-08 04:25:07"
"2024-09-06";"";"623 841";"81 756";"27 563 493";"2024-09-07 00:57:35"
"2024-09-07";"Telegram";"15 601 288";"2 138 301";"27 562 957";"2024-09-07 16:49:35"
"2024-09-04";"";"63 204";"9 867";"27 562 642";"2024-09-04 18:51:10"
"2024-09-01";"";"43 051";"78 324";"27 562 236";"2024-09-01 10:55:13"
"2024-09-10";"Instagram";"64 632";"16 364";"27 561 706";"2024-09-10 23:56:29"
"2024-09-04";"";"40 372";"6 128";"27 562 265";"2024-09-04 15:00:45"
"2024-09-06";"";"69 100 226";"31 845 744";"27 561 201";"2024-09-06 05:50:19"
"2024-09-10";"";"76 097";"4 045";"27 563 254";"2024-09-10 09:42:21"
"2024-09-08";"";"91 070";"29 808";"27 562 641";"2024-09-08 17:38:08"
"2024-09-02";"";"288 503";"815 959";"27 562 981";"2024-09-02 09:42:04"
"2024-09-05";"Facebook";"19 527 908";"706 400";"27 562 100";"2024-09-05 07:28:23"
"2024-09-04";"YouTube";"15 906 531";"637 343";"27 562 559";"2024-09-04 05:14:18"
"2024-09-05";"YouTube";"2 134 130";"86 375";"27 561 556";"2024-09-05 04:25:05"
"2024-09-03";"";"21 258 866";"499 717";"27 561 691";"2024-09-03 18:03:25"
"2024-09-08";"";"28 860";"5 041";"27 562 729";"2024-09-08 16:01:39"
"2024-09-09";"";"292 003";"18 613";"27 562 240";"2024-09-09 11:56:46"
"2024-09-05";"";"154 324";"22 367";"27 563 445";"2024-09-05 06:51:26"
"2024-09-01";"Facebook";"755 664";"19 410";"27 563 211";"2024-09-01 21:54:10"
"2024-09-04";"";"77 391";"37 013";"27 561 295";"2024-09-04 23:44:04"
"2024-09-08";"Instagram";"66 190 689";"2 169 736";"27 561 259";"2024-09-08 04:25:24"
"2024-09-06";"Odnoklassniki";"139 290";"6 114";"27 562 041";"2024-09-06 15:24:14"
"2024-09-04";"";"1 382 534";"59 476";"27 563 158";"2024-09-04 21:30:20"
"2024-09-07";"Telegram";"7 499 269";"712 496";"27 561 944";"2024-09-08 00:45:37"
"2024-09-01";"";"1 555 531";"70 222";"27 562 590";"2024-09-01 20:53:57"
"2024-09-04";"";"120 137";"13 692";"27 563 334";"2024-09-04 08:29:18"
"2024-09-09";"WhatsApp";"26 751";"7 075";"27 562 318";"2024-09-09 13:46:38"
"2024-09-04";"";"23 166 741";"1 621 837";"27 562 639";"2024-09-04 13:58:25"
"2024-09-10";"";"25 812 766";"1 164 777";"27 561 350";"2024-09-10 10:43:15"
"2024-09-03";"";"26 270";"5 088";"27 563 030";"2024-09-03 17:38:13"
"2024-09-07";"";"227 293";"24 248";"27 562 438";"2024-09-08 00:21:55"
"2024-09-04";"";"59 981";"28 046";"27 561 529";"2024-09-04 22:07:40"
"2024-09-05";"YouTube";"48 237 804";"3 376 194";"27 563 258";"2024-09-05 09:18:19"
"2024-09-02";"";"63 745";"136 076";"27 563 012";"2024-09-03 00:21:18"
"2024-09-01";"";"129 589";"12 323";"27 562 511";"2024-09-01 03:12:39"
"2024-09-08";"YouTube";"146 212 911";"10 047 850";"27 563 240";"2024-09-08 04:01:27"
"2024-09-10";"";"2 029 725";"60 501";"27 563 430";"2024-09-10 21:06:22"
"2024-09-09";"Instagram";"131 565";"8 202";"27 563 113";"2024-09-09 18:27:17"
"2024-09-09";"";"186 091";"797 750";"27 562 971";"2024-09-09 12:21:58"
"2024-09-07";"";"56 154";"14 128";"27 562 070";"2024-09-07 13:22:42"
"2024-09-07";"";"179 517";"22 508";"27 562 646";"2024-09-07 20:05:40"
"2024-09-07";"";"147 099";"154 988";"27 562 326";"2024-09-08 02:47:20"
"2024-09-10";"";"561 688";"27 574";"27 562 956";"2024-09-10 17:02:12"
"2024-09-10";"Tas-ix";"114 771";"7 328";"27 562 254";"2024-09-10 14:59:20"
"2024-09-05";"";"540 254";"131 468";"27 562 352";"2024-09-05 13:22:57"
"2024-09-10";"";"368 459";"53 395";"27 563 139";"2024-09-10 09:54:18"
"2024-09-02";"";"11 496 269";"690 803";"27 563 293";"2024-09-02 19:52:10"
"2024-09-10";"";"491 287";"17 079";"27 562 239";"2024-09-11 01:46:43"
"2024-09-05";"";"25 820";"5 345";"27 561 697";"2024-09-05 16:25:11"
"2024-09-03";"";"131 261";"22 354";"27 562 057";"2024-09-03 18:15:36"
"2024-09-08";"Yandex";"1 208 622";"46 697";"27 562 808";"2024-09-09 02:59:13"
"2024-09-03";"";"27 471";"13 422";"27 561 410";"2024-09-04 00:33:48"
"2024-09-08";"";"91 854";"28 044";"27 562 453";"2024-09-08 21:18:58"
"2024-09-10";"";"98 816";"35 170";"27 561 978";"2024-09-10 21:06:19"
"2024-09-03";"";"3 185 218";"151 158";"27 562 459";"2024-09-03 19:16:03"
"2024-09-01";"Facebook";"33 308";"31 769";"27 562 973";"2024-09-01 16:37:50"
"2024-09-07";"";"6 536";"233 265";"27 561 398";"2024-09-07 20:41:58"
"2024-09-02";"";"44 885";"5 838";"27 562 086";"2024-09-02 14:23:27"
"2024-09-08";"";"305 095";"99 597";"27 563 458";"2024-09-08 07:52:26"
"2024-09-09";"Yandex";"33 447";"3 138";"27 561 290";"2024-09-09 12:45:05"
"2024-09-08";"";"3 579 756";"119 811";"27 561 243";"2024-09-08 18:27:35"
"2024-09-04";"";"174 396";"8 305";"27 562 810";"2024-09-04 16:01:27"
"2024-09-09";"";"336 127";"31 343";"27 563 363";"2024-09-09 09:30:14"
"2024-09-05";"";"66 707";"6 867";"27 562 552";"2024-09-05 17:14:15"
"2024-09-07";"Instagram";"289 271";"23 523";"27 561 567";"2024-09-07 05:14:07"
"2024-09-09";"Facebook";"3 100 374";"168 172 162";"27 563 488";"2024-09-09 19:16:25"
"2024-09-01";"";"39 329";"5 750";"27 562 384";"2024-09-01 10:19:30"
"2024-09-09";"";"57 032";"6 226";"27 562 982";"2024-09-09 21:18:32"
"2024-09-03";"";"3 398";"27 977";"27 562 642";"2024-09-03 10:55:13"
"2024-09-10";"";"10 287";"41 431";"27 561 424";"2024-09-11 01:58:37"
"2024-09-01";"";"187 982";"18 642";"27 561 866";"2024-09-01 11:44:26"
"2024-09-08";"YouTube";"1 938 069";"668 202";"27 562 291";"2024-09-08 18:51:22"
"2024-09-01";"WhatsApp";"158 812";"13 086";"27 563 110";"2024-09-01 13:58:38"
"2024-09-09";"";"26 007";"1 868";"27 562 799";"2024-09-09 14:35:38"
"2024-09-02";"Telegram";"18 282 309";"1 984 288";"27 561 234";"2024-09-02 16:37:45"
"2024-09-02";"YouTube";"174 994";"1 352 321";"27 562 168";"2024-09-02 06:15:33"
"2024-09-08";"Instagram";"1 435 441";"77 505";"27 561 556";"2024-09-08 13:46:09"
"2024-09-10";"";"24 407";"37 499";"27 562 261";"2024-09-10 13:46:19"
"2024-09-05";"Telegram";"264 956";"29 179";"27 562 420";"2024-09-05 18:15:01"
"2024-09-03";"Instagram";"76 587 834";"2 204 273";"27 561 836";"2024-09-03 14:47:01"
"2024-09-03";"";"51 941";"16 858";"27 563 030";"2024-09-03 18:39:27"
"2024-09-09";"Instagram";"3 660 205";"1 436 178";"27 562 752";"2024-09-09 10:43:23"
"2024-09-08";"YouTube";"146 153";"9 537";"27 561 970";"2024-09-08 05:50:56"
"2024-09-07";"";"11 281 909";"490 470";"27 563 474";"2024-09-07 22:19:03"
"2024-09-05";"";"27 747";"29 911";"27 562 908";"2024-09-05 13:58:36"
"2024-09-08";"";"28 082";"5 064";"27 561 306";"2024-09-08 05:26:31"
"2024-09-08";"";"37 334";"44 187";"27 561 181";"2024-09-08 20:41:35"
"2024-09-03";"";"106 038";"9 007";"27 562 398";"2024-09-03 16:25:10"
"2024-09-08";"Instagram";"3 726 791";"54 209";"27 561 881";"2024-09-08 19:40:10"
"2024-09-02";"";"172 835";"70 027";"27 561 218";"2024-09-02 09:42:28"
"2024-09-08";"";"41 496";"39 137";"27 562 141";"2024-09-08 20:53:26"
"2024-09-08";"";"37 123";"8 291";"27 561 245";"2024-09-08 09:54:34"
"2024-09-09";"";"71 886";"6 268";"27 561 908";"2024-09-09 13:34:01"
"2024-09-07";"";"30 370";"13 114";"27 563 497";"2024-09-07 23:44:14"
"2024-09-06";"PUBG";"821 847";"36 682";"27 561 204";"2024-09-06 04:49:05"
"2024-09-05";"";"34 688";"4 769";"27 562 037";"2024-09-05 04:37:34"
"2024-09-07";"";"25 832";"16 932";"27 563 469";"2024-09-07 23:44:07"
"2024-09-01";"";"81 864";"318 526";"27 562 366";"2024-09-02 01:10:43"
"2024-09-06";"";"1 543 576";"38 240";"27 562 162";"2024-09-06 03:36:38"
"2024-09-09";"";"229 901";"138 151";"27 562 922";"2024-09-09 15:12:20"
"2024-09-06";"";"7 793";"27 968";"27 563 372";"2024-09-06 04:01:57"
"2024-09-08";"YouTube";"1 063 458";"259 435";"27 563 462";"2024-09-08 16:13:28"
"2024-09-04";"Facebook";"1 071 356";"102 022";"27 563 174";"2024-09-04 21:18:33"
"2024-09-01";"YouTube";"397 125";"5 847 994";"27 561 621";"2024-09-01 10:19:51"
"2024-09-09";"WhatsApp";"445 814";"2 769 472";"27 561 176";"2024-09-09 09:06:52"
"2024-09-09";"Yandex";"1 838 165";"568 420";"27 563 140";"2024-09-09 12:45:05"
"2024-09-08";"";"109 338";"9 260";"27 562 436";"2024-09-08 17:38:45"
"2024-09-02";"";"94 237";"23 694";"27 561 669";"2024-09-02 22:31:39"
"2024-09-03";"";"5 492 448";"355 996";"27 562 009";"2024-09-03 07:04:44"
"2024-09-03";"";"128 382";"18 322";"27 561 591";"2024-09-03 19:04:27"
"2024-09-07";"";"64 935";"12 655";"27 563 101";"2024-09-08 01:10:55"
"2024-09-08";"YouTube";"200 409 274";"12 183 370";"27 561 643";"2024-09-08 23:44:06"
"2024-09-04";"Facebook";"59 972";"12 701";"27 562 100";"2024-09-04 04:13:06"
"2024-09-09";"";"40 687";"5 162";"27 563 203";"2024-09-09 12:09:38"
"2024-09-05";"";"109 268";"149 160";"27 561 539";"2024-09-05 23:08:04"
"2024-09-10";"Instagram";"12 494 962";"430 486";"27 562 322";"2024-09-10 11:08:14"
"2024-09-03";"";"30 652";"15 445";"27 563 105";"2024-09-03 20:17:40"
"2024-09-01";"";"372 972";"86 922";"27 563 434";"2024-09-01 09:54:38"
"2024-09-03";"";"98 495";"7 058";"27 561 633";"2024-09-03 04:13:35"
"2024-09-03";"";"464 900";"26 813";"27 562 574";"2024-09-03 04:13:57"
"2024-09-07";"";"108 044";"41 560";"27 562 722";"2024-09-07 15:24:56"
"2024-09-09";"";"427 835";"323 233";"27 562 324";"2024-09-09 15:48:10"
"2024-09-04";"Instagram";"217 707";"6 326";"27 562 978";"2024-09-04 20:53:20"
"2024-09-05";"";"86 407";"8 119";"27 561 862";"2024-09-05 17:26:45"
"2024-09-09";"";"194 978";"81 829";"27 563 017";"2024-09-09 18:27:08"
"2024-09-10";"";"203 200";"24 119";"27 563 427";"2024-09-10 18:39:53"
"2024-09-01";"";"193 363";"14 518";"27 562 102";"2024-09-01 20:41:38"
"2024-09-01";"";"625 741 222";"9 302 610";"27 562 775";"2024-09-01 19:52:38"
"2024-09-08";"";"495 499";"34 869";"27 562 255";"2024-09-08 19:28:23"
"2024-09-07";"";"11 102 395";"1 057 578";"27 562 859";"2024-09-07 16:13:39"
"2024-09-07";"YouTube";"4 507 456";"766 451";"27 561 215";"2024-09-07 06:27:59"
"2024-09-02";"";"5 506 895";"179 789";"27 561 835";"2024-09-02 07:04:46"
"2024-09-01";"";"47 522";"7 073";"27 561 879";"2024-09-01 22:55:05"
"2024-09-05";"";"896 435";"529 594";"27 562 418";"2024-09-06 00:09:40"
"2024-09-02";"";"141 586";"323 920";"27 562 124";"2024-09-02 05:26:35"
"2024-09-10";"";"76 303";"3 891";"27 561 630";"2024-09-10 13:34:21"
"2024-09-02";"Yandex";"3 596 165";"1 560 244";"27 562 265";"2024-09-02 12:09:24"
"2024-09-01";"";"117 578";"20 296";"27 563 238";"2024-09-01 21:54:58"
"2024-09-02";"";"143 602";"326 401";"27 561 182";"2024-09-02 14:23:20"
"2024-09-08";"YouTube";"720 370";"30 119";"27 561 815";"2024-09-08 12:09:04"
"2024-09-08";"";"68 336";"5 213";"27 563 216";"2024-09-08 16:49:15"
"2024-09-03";"YouTube";"766 757";"275 371";"27 563 410";"2024-09-03 03:48:41"
"2024-09-06";"YouTube";"33 838";"8 953";"27 561 460";"2024-09-07 02:11:07"
"2024-09-09";"Instagram";"47 126 136";"969 148";"27 562 993";"2024-09-09 07:04:52"
"2024-09-04";"Telegram";"316 058 418";"15 486 545";"27 563 509";"2024-09-04 14:23:29"
"2024-09-09";"";"561 636 489";"1 009 342";"27 563 458";"2024-09-09 10:31:18"
"2024-09-08";"Telegram";"39 623 923";"2 375 031";"27 562 955";"2024-09-08 13:34:49"
"2024-09-07";"";"172 920";"8 701";"27 562 708";"2024-09-07 16:01:16"
"2024-09-05";"";"306 778";"19 852";"27 561 211";"2024-09-05 17:50:26"
"2024-09-05";"";"3 554 109";"136 286";"27 563 112";"2024-09-05 14:35:03"
"2024-09-05";"";"23 380";"196 349";"27 561 902";"2024-09-05 12:09:37"
"2024-09-10";"YouTube";"5 965 911";"2 680 581";"27 561 275";"2024-09-10 15:12:04"
"2024-09-07";"Yandex";"175 081";"87 043";"27 561 428";"2024-09-07 23:44:41"
"2024-09-03";"";"169 724";"16 197";"27 562 254";"2024-09-03 20:41:59"
"2024-09-02";"";"19 871 277";"319 937";"27 563 379";"2024-09-02 17:14:12"
"2024-09-05";"";"10 737 965";"894 114";"27 562 780";"2024-09-06 02:59:40"
"2024-09-03";"";"234 805";"80 498";"27 562 656";"2024-09-03 18:03:33"
"2024-09-10";"Facebook";"31 741";"4 464";"27 562 793";"2024-09-10 16:25:02"
"2024-09-08";"";"117 213";"5 588";"27 561 838";"2024-09-08 20:41:28"
"2024-09-03";"";"852 589";"99 922";"27 561 401";"2024-09-04 02:11:45"
"2024-09-07";"";"74 926";"3 398";"27 562 791";"2024-09-07 15:24:03"
"2024-09-08";"";"1 563 267";"379 729";"27 561 315";"2024-09-08 07:16:49"
"2024-09-06";"";"176 127";"41 141";"27 562 622";"2024-09-06 23:08:12"
"2024-09-10";"";"8 824 368";"216 586";"27 563 228";"2024-09-10 13:34:49"
"2024-09-02";"";"55 307";"12 612";"27 561 429";"2024-09-03 02:59:19"
"2024-09-09";"";"340 326";"17 198";"27 563 469";"2024-09-09 23:44:35"
"2024-09-06";"Apple Music";"170 826";"10 594";"27 561 908";"2024-09-06 07:40:14"
"2024-09-02";"";"1 307 120";"186 576";"27 563 061";"2024-09-02 11:56:56"
"2024-09-10";"";"36 177";"6 750";"27 561 390";"2024-09-10 18:27:09"
"2024-09-04";"";"14 794";"33 635";"27 563 058";"2024-09-05 00:09:04"
"2024-09-08";"YouTube";"1 179 192";"46 125";"27 563 468";"2024-09-09 00:57:13"
"2024-09-01";"";"173 028";"107 977";"27 561 198";"2024-09-01 16:25:50"
"2024-09-01";"IMO";"32 050";"6 401";"27 562 890";"2024-09-01 06:51:24"
"2024-09-02";"";"121 665";"7 319";"27 562 069";"2024-09-02 11:44:29"
"2024-09-01";"YouTube";"109 891";"32 146";"27 563 130";"2024-09-01 08:17:40"
"2024-09-09";"Yandex";"32 132";"33 815";"27 562 421";"2024-09-09 22:07:59"
"2024-09-06";"";"36 975";"3 548";"27 561 567";"2024-09-06 14:23:45"
"2024-09-04";"Yandex";"1 530 329";"110 693";"27 562 721";"2024-09-05 01:22:30"
"2024-09-09";"";"486 364";"26 329";"27 561 752";"2024-09-09 08:53:26"
"2024-09-03";"";"31 259";"144 571";"27 563 177";"2024-09-03 09:30:18"
"2024-09-02";"";"89 089";"15 556";"27 561 457";"2024-09-02 08:05:26"
"2024-09-09";"Instagram";"29 084 752";"537 208";"27 563 052";"2024-09-09 11:20:59"
"2024-09-01";"";"27 614 178";"3 298 369";"27 563 247";"2024-09-01 22:07:05"
"2024-09-05";"Instagram";"726 522";"56 313";"27 562 142";"2024-09-05 06:15:28"
"2024-09-04";"Instagram";"2 832 009";"2 141 088";"27 561 840";"2024-09-04 12:57:50"
"2024-09-02";"Unknown";"112 651";"28 060";"27 562 453";"2024-09-03 02:11:27"
"2024-09-05";"";"276 604";"16 686";"27 563 157";"2024-09-05 13:10:52"
"2024-09-10";"";"28 930";"8 881";"27 561 734";"2024-09-10 14:11:18"
"2024-09-07";"";"797 570";"82 373";"27 561 650";"2024-09-07 10:43:39"
"2024-09-07";"";"268 342";"25 432";"27 561 676";"2024-09-07 17:14:57"
"2024-09-02";"";"743 965";"543 657";"27 562 890";"2024-09-03 01:22:36"
"2024-09-07";"";"137 719";"27 941";"27 563 112";"2024-09-07 15:00:36"
"2024-09-08";"Apple Music";"129 747";"19 046";"27 563 207";"2024-09-08 20:53:47"
"2024-09-07";"PUBG";"941 597";"41 036";"27 562 324";"2024-09-07 04:13:46"
"2024-09-09";"YouTube";"242 020";"58 111";"27 562 648";"2024-09-09 14:11:01"
"2024-09-06";"";"202 803 047";"1 265 107";"27 562 712";"2024-09-06 21:54:21"
"2024-09-09";"";"26 227";"1 848";"27 561 216";"2024-09-09 22:55:40"
"2024-09-07";"";"647 279";"50 354";"27 563 140";"2024-09-07 04:13:16"
"2024-09-10";"";"42 044";"52 688";"27 563 268";"2024-09-10 07:52:47"
"2024-09-10";"";"243 663";"34 328";"27 563 291";"2024-09-11 02:11:19"
"2024-09-04";"";"29 665";"11 461";"27 563 024";"2024-09-04 17:26:51"
"2024-09-01";"";"4 117 296";"206 059";"27 563 364";"2024-09-01 22:55:33"
"2024-09-06";"Telegram";"174 740 121";"9 076 222";"27 562 956";"2024-09-06 10:43:03"
"2024-09-03";"";"88 982 897";"1 517 595";"27 562 339";"2024-09-03 23:32:24"
"2024-09-01";"";"197 397";"79 594";"27 562 612";"2024-09-01 10:31:09"
"2024-09-04";"";"234 246";"9 993";"27 561 375";"2024-09-04 18:39:42"
"2024-09-02";"";"32 454";"45 978";"27 562 259";"2024-09-02 03:12:04"
"2024-09-06";"";"1 941 124";"475 857";"27 563 157";"2024-09-06 16:01:49"
"2024-09-04";"";"281 990";"35 910";"27 562 101";"2024-09-04 23:20:59"
"2024-09-03";"Telegram";"17 967 421";"3 794 695";"27 563 286";"2024-09-03 23:56:01"
"2024-09-06";"";"144 972";"12 194";"27 562 445";"2024-09-06 17:26:11"
"2024-09-04";"";"46 049";"2 651";"27 563 372";"2024-09-04 07:40:07"
"2024-09-06";"YouTube";"1 530 666";"595 004";"27 563 252";"2024-09-06 17:50:16"
"2024-09-01";"";"135 031";"4 818";"27 561 438";"2024-09-01 04:49:18"
"2024-09-10";"";"94 410";"45 267";"27 562 404";"2024-09-11 00:57:16"
"2024-09-02";"YouTube";"178 236";"1 647 246";"27 562 713";"2024-09-02 21:42:14"
"2024-09-04";"";"790 203";"96 084";"27 561 234";"2024-09-04 18:27:42"
"2024-09-09";"YouTube";"618 104";"46 287";"27 562 384";"2024-09-10 02:11:43"
"2024-09-10";"";"38 534";"2 593";"27 561 563";"2024-09-10 18:27:51"
"2024-09-01";"Instagram";"1 512 480";"488 519";"27 561 645";"2024-09-02 02:59:29"
"2024-09-05";"";"26 053";"10 064";"27 562 495";"2024-09-06 00:57:01"
"2024-09-09";"";"126 656";"4 381";"27 561 529";"2024-09-10 00:57:50"
"2024-09-03";"";"390 551";"119 795";"27 561 585";"2024-09-03 13:46:03"
"2024-09-07";"";"2 317 523";"99 446";"27 562 107";"2024-09-07 04:49:49"
"2024-09-07";"Facebook";"4 828 810";"4 034 935";"27 563 156";"2024-09-07 20:05:17"
"2024-09-02";"";"54 896";"67 793";"27 563 152";"2024-09-02 04:49:26"
"2024-09-03";"";"120 549";"345 146";"27 562 590";"2024-09-04 02:35:36"
"2024-09-10";"";"75 734";"4 698";"27 562 847";"2024-09-10 11:32:24"
"2024-09-10";"";"125 969";"7 187";"27 562 906";"2024-09-10 07:16:11"
"2024-09-08";"";"57 315";"30 265";"27 563 191";"2024-09-08 07:40:35"
"2024-09-01";"";"55 969";"29 773";"27 561 383";"2024-09-01 17:02:17"
"2024-09-02";"Telegram";"6 618 494";"135 299 867";"27 563 372";"2024-09-02 04:01:03"
"2024-09-05";"Facebook";"30 072";"10 625";"27 563 122";"2024-09-05 20:17:46"
"2024-09-06";"";"50 814";"2 130";"27 562 239";"2024-09-06 03:24:49"
"2024-09-01";"";"2 181 885";"215 195";"27 561 501";"2024-09-01 11:20:30"
"2024-09-10";"";"1 007 504";"102 963";"27 562 886";"2024-09-10 14:47:04"
"2024-09-03";"";"120 026";"80 495";"27 561 453";"2024-09-03 04:01:25"
"2024-09-07";"";"79 155";"49 829";"27 561 556";"2024-09-07 11:44:29"
"2024-09-09";"";"234 005";"10 945";"27 561 305";"2024-09-09 09:30:49"
"2024-09-03";"Telegram";"20 921 678";"13 369 555";"27 563 420";"2024-09-03 12:33:12"
"2024-09-04";"";"425 398";"56 726";"27 561 356";"2024-09-04 15:24:21"
"2024-09-06";"";"235 533";"44 936";"27 563 420";"2024-09-06 08:29:44"
"2024-09-05";"Facebook";"72 007";"27 498";"27 561 480";"2024-09-05 04:25:35"
"2024-09-05";"Facebook";"95 900";"9 657";"27 561 730";"2024-09-05 08:17:35"
"2024-09-05";"";"27 000";"96 035";"27 562 041";"2024-09-05 14:35:30"
"2024-09-01";"";"19 711";"45 357";"27 563 372";"2024-09-01 07:28:50"
"2024-09-02";"";"276 737";"190 889";"27 563 020";"2024-09-02 13:46:56"
"2024-09-01";"";"847 386";"997 380";"27 562 003";"2024-09-01 09:06:27"
"2024-09-03";"";"29 657";"2 763";"27 561 504";"2024-09-03 23:20:24"
"2024-09-07";"";"86 890";"6 114";"27 561 578";"2024-09-07 07:04:30"
"2024-09-07";"";"118 107";"5 533";"27 561 666";"2024-09-07 19:40:36"
"2024-09-09";"";"761 213";"236 710";"27 561 482";"2024-09-09 06:03:19"
"2024-09-10";"";"131 586";"412 489";"27 563 223";"2024-09-10 22:55:40"
"2024-09-08";"";"479 942";"30 371";"27 562 516";"2024-09-08 04:13:03"
"2024-09-02";"";"77 605";"8 400";"27 561 232";"2024-09-02 16:25:20"
"2024-09-06";"";"31 326";"14 938";"27 563 099";"2024-09-06 19:04:42"
"2024-09-06";"";"516 832";"22 676";"27 563 369";"2024-09-06 15:48:55"
"2024-09-03";"";"44 504";"137 167";"27 562 585";"2024-09-03 18:51:16"
"2024-09-06";"";"57 532 984";"4 462 385";"27 562 561";"2024-09-06 12:09:33"
"2024-09-07";"";"32 619";"3 530";"27 561 273";"2024-09-07 08:29:01"
"2024-09-08";"WhatsApp";"8 810 461";"23 982 053";"27 561 420";"2024-09-08 21:54:25"
"2024-09-04";"";"28 391";"14 682";"27 561 289";"2024-09-04 20:53:10"
"2024-09-06";"";"12 312 855";"707 306";"27 562 566";"2024-09-06 20:41:01"
"2024-09-03";"Facebook";"328 309";"127 119";"27 562 401";"2024-09-03 07:28:54"
"2024-09-10";"";"630 426 417";"151 864 280";"27 562 741";"2024-09-10 20:17:46"
"2024-09-10";"";"69 765";"3 759";"27 561 662";"2024-09-10 15:24:15"
"2024-09-02";"YouTube";"2 071 397";"220 782";"27 563 291";"2024-09-02 14:59:01"
"2024-09-08";"";"42 873";"4 628";"27 562 960";"2024-09-08 08:41:55"
"2024-09-10";"YouTube";"32 628";"4 707";"27 562 343";"2024-09-10 18:15:13"
"2024-09-01";"Telegram";"204 357";"26 054";"27 561 907";"2024-09-01 14:11:24"
"2024-09-01";"Facebook";"493 189";"9 685";"27 562 176";"2024-09-01 05:14:48"
"2024-09-05";"";"229 805";"286 622";"27 561 501";"2024-09-05 22:07:04"
"2024-09-04";"";"727 982";"62 806";"27 562 363";"2024-09-04 15:48:47"
"2024-09-04";"";"237 943";"114 333";"27 562 260";"2024-09-04 07:16:42"
"2024-09-06";"";"347 000";"170 657";"27 561 181";"2024-09-06 04:37:16"
"2024-09-05";"Yandex";"205 846";"114 265";"27 561 621";"2024-09-06 02:11:21"
"2024-09-03";"";"95 783";"3 952";"27 562 039";"2024-09-03 18:15:37"
"2024-09-09";"Instagram";"5 755 257";"3 925 251";"27 562 766";"2024-09-09 15:48:25"
"2024-09-09";"Facebook";"3 778 970";"237 963";"27 561 369";"2024-09-09 08:53:29"
"2024-09-03";"";"141 392";"7 389";"27 561 873";"2024-09-03 08:41:47"
"2024-09-10";"Yandex";"123 775";"5 577";"27 561 596";"2024-09-10 19:52:33"
"2024-09-10";"";"890 991";"201 384";"27 562 233";"2024-09-10 18:15:03"
"2024-09-06";"Facebook";"239 573";"124 282";"27 562 824";"2024-09-06 18:15:38"
"2024-09-10";"Instagram";"80 972";"8 758";"27 563 468";"2024-09-10 21:30:57"
"2024-09-09";"";"123 153";"39 556";"27 561 762";"2024-09-09 16:49:07"
"2024-09-09";"";"155 202";"39 572";"27 561 253";"2024-09-09 17:14:27"
"2024-09-09";"YouTube";"5 534 373";"2 053 445";"27 562 656";"2024-09-09 05:38:38"
"2024-09-04";"Facebook";"47 844";"4 315";"27 562 467";"2024-09-04 10:19:41"
"2024-09-10";"Telegram";"9 043 659";"749 181";"27 562 495";"2024-09-10 03:00:08"
"2024-09-09";"Instagram";"90 724";"6 221";"27 562 401";"2024-09-09 12:45:09"
"2024-09-09";"Telegram";"127 063 878";"9 611 224";"27 562 263";"2024-09-10 01:22:11"
"2024-09-07";"";"59 648";"34 866";"27 562 698";"2024-09-07 05:14:45"
"2024-09-07";"";"3 736 569";"93 652";"27 562 894";"2024-09-07 16:01:22"
"2024-09-04";"";"310 673";"257 444";"27 561 234";"2024-09-04 16:37:41"
"2024-09-09";"";"50 614";"26 420";"27 562 460";"2024-09-09 21:54:50"
"2024-09-04";"YouTube";"1 250 865";"16 060 810";"27 562 437";"2024-09-04 22:55:16"
"2024-09-04";"";"171 565";"49 468";"27 562 224";"2024-09-04 20:53:50"
"2024-09-06";"";"351 507";"20 290";"27 561 830";"2024-09-06 16:37:57"
"2024-09-03";"";"3 561 930";"158 793";"27 562 621";"2024-09-03 06:03:07"
"2024-09-04";"";"112 653";"63 500";"27 561 874";"2024-09-04 20:53:21"
"2024-09-09";"";"97 179";"71 613";"27 561 974";"2024-09-09 03:12:07"
"2024-09-01";"";"255 435";"611 429";"27 562 226";"2024-09-01 11:44:28"
"2024-09-09";"";"164 859";"20 964";"27 561 641";"2024-09-09 18:03:58"
"2024-09-07";"";"36 903";"2 345";"27 562 445";"2024-09-07 11:08:32"
"2024-09-04";"YouTube";"4 986 288";"1 940 588";"27 561 184";"2024-09-04 23:56:28"
"2024-09-07";"Instagram";"12 045 869";"408 839";"27 561 789";"2024-09-07 07:28:47"
"2024-09-07";"YouTube";"123 385";"48 932";"27 562 816";"2024-09-08 00:57:43"
"2024-09-03";"Telegram";"2 217 869";"148 171";"27 562 850";"2024-09-03 03:00:20"
"2024-09-04";"YouTube";"5 820 512";"2 438 151";"27 562 039";"2024-09-05 02:23:26"
"2024-09-06";"";"60 338";"3 807";"27 562 097";"2024-09-06 20:05:41"
"2024-09-06";"";"1 693 886";"145 209";"27 561 641";"2024-09-07 02:35:30"
"2024-09-08";"";"179 742";"25 288";"27 561 533";"2024-09-09 01:10:10"
"2024-09-10";"";"402 949";"164 946";"27 563 293";"2024-09-10 10:55:38"
"2024-09-06";"";"323 149";"52 417";"27 562 780";"2024-09-06 17:26:35"
"2024-09-05";"";"170 387";"5 904";"27 561 432";"2024-09-05 14:11:22"
"2024-09-07";"";"56 136";"34 239";"27 563 418";"2024-09-07 18:15:03"
"2024-09-06";"";"205 198";"30 621";"27 562 091";"2024-09-06 22:19:18"
"2024-09-02";"";"188 728";"7 781";"27 561 569";"2024-09-03 00:09:45"
"2024-09-10";"YouTube";"6 707 305";"360 385";"27 562 537";"2024-09-10 05:50:56"
"2024-09-09";"";"125 006";"44 452";"27 563 507";"2024-09-09 21:18:14"
"2024-09-07";"Apple Music";"611 144";"177 462";"27 562 076";"2024-09-07 17:26:26"
"2024-09-01";"";"27 531";"3 667";"27 562 973";"2024-09-02 01:58:11"
"2024-09-01";"";"5 942";"38 261";"27 562 809";"2024-09-01 22:43:22"
"2024-09-06";"Instagram";"51 812 747";"1 842 325";"27 562 629";"2024-09-06 03:12:30"
"2024-09-07";"";"645 731";"457 095";"27 561 760";"2024-09-07 05:26:48"
"2024-09-10";"";"1 112 116";"79 061";"27 563 148";"2024-09-10 12:57:31"
"2024-09-05";"";"19 388 138";"1 859 591";"27 561 545";"2024-09-05 04:49:17"
"2024-09-07";"YouTube";"488 304";"168 285";"27 561 352";"2024-09-08 00:09:25"
"2024-09-07";"";"505 264";"4 636";"27 562 668";"2024-09-07 23:20:59"
"2024-09-08";"";"32 490";"1 715";"27 563 439";"2024-09-08 08:05:42"
"2024-09-08";"YouTube";"65 030";"21 370";"27 562 693";"2024-09-08 03:00:24"
"2024-09-03";"";"35 914";"2 368";"27 563 175";"2024-09-03 05:02:22"
"2024-09-06";"";"1 492 964";"457 522";"27 561 670";"2024-09-06 09:06:04"
"2024-09-03";"";"87 345";"6 356";"27 561 835";"2024-09-03 08:41:37"
"2024-09-04";"Facebook";"795 724";"43 263";"27 561 214";"2024-09-04 22:07:49"
"2024-09-07";"";"1 074 589";"127 787";"27 561 752";"2024-09-07 03:36:23"
"2024-09-01";"YouTube";"131 087";"10 773";"27 563 113";"2024-09-01 23:20:38"
"2024-09-08";"";"28 597";"8 933";"27 561 870";"2024-09-08 21:30:15"
"2024-09-08";"";"47 545";"55 161";"27 561 866";"2024-09-08 13:46:07"
"2024-09-04";"";"53 676";"2 736";"27 562 853";"2024-09-04 15:12:24"
"2024-09-08";"";"30 828";"3 043";"27 562 088";"2024-09-08 10:31:38"
"2024-09-08";"";"1 171 424";"51 773";"27 561 480";"2024-09-08 16:37:51"
"2024-09-08";"";"31 122 412";"1 771 102";"27 561 810";"2024-09-08 05:14:15"
"2024-09-08";"YouTube";"1 505 416";"106 448";"27 561 638";"2024-09-08 03:24:38"
"2024-09-02";"";"44 581";"21 363";"27 561 692";"2024-09-02 19:04:59"
"2024-09-08";"";"3 119 908";"119 624";"27 563 145";"2024-09-08 15:12:55"
"2024-09-08";"Instagram";"93 307";"68 687";"27 561 218";"2024-09-08 21:54:59"
"2024-09-02";"Odnoklassniki";"4 779 098";"1 894 927";"27 563 424";"2024-09-02 12:45:20"
"2024-09-03";"";"56 202";"6 659";"27 563 224";"2024-09-03 08:41:28"
"2024-09-06";"";"109 968";"61 646";"27 562 480";"2024-09-06 17:14:36"
"2024-09-02";"";"8 402 249";"3 723 307";"27 562 398";"2024-09-02 15:36:55"
"2024-09-07";"";"40 041";"25 563";"27 562 754";"2024-09-07 15:24:56"
"2024-09-06";"Telegram";"15 908 473";"1 046 621";"27 561 367";"2024-09-06 09:54:50"
"2024-09-07";"Yandex Video";"422 418";"18 316";"27 562 170";"2024-09-08 01:34:27"
"2024-09-04";"";"107 721";"11 504";"27 563 432";"2024-09-04 20:05:52"
"2024-09-03";"Yandex";"155 200";"9 584";"27 561 668";"2024-09-03 03:24:27"
"2024-09-10";"VKontakte";"177 279";"11 980";"27 562 096";"2024-09-10 22:19:32"
"2024-09-08";"";"244 134";"50 625";"27 561 199";"2024-09-08 18:39:07"
"2024-09-07";"";"53 598";"11 363";"27 562 266";"2024-09-07 20:41:49"
"2024-09-03";"Facebook";"826 182";"28 618";"27 563 447";"2024-09-03 19:40:28"
"2024-09-09";"";"390";"26 022";"27 561 480";"2024-09-09 15:12:24"
"2024-09-09";"YouTube";"65 238";"22 623";"27 561 600";"2024-09-10 00:21:38"
"2024-09-06";"";"26 295";"16 235";"27 562 255";"2024-09-06 05:50:05"
"2024-09-01";"";"723 541";"966 338";"27 562 320";"2024-09-01 18:39:38"
"2024-09-04";"Facebook";"6 958 583";"172 465";"27 562 544";"2024-09-04 03:48:30"
"2024-09-05";"";"71 315";"4 883";"27 563 041";"2024-09-06 01:58:41"
"2024-09-03";"WhatsApp";"13 490 904";"30 422 707";"27 561 205";"2024-09-03 22:31:56"
"2024-09-04";"Unknown";"4 012 910";"162 015";"27 562 487";"2024-09-04 08:05:49"
"2024-09-03";"Telegram";"958 107 706";"45 627 987";"27 562 900";"2024-09-03 16:13:16"
"2024-09-07";"";"471 278";"156 571";"27 561 570";"2024-09-07 12:09:38"
"2024-09-10";"";"15 318";"36 632";"27 562 957";"2024-09-10 17:50:39"
"2024-09-02";"";"1 503 931";"118 143";"27 562 558";"2024-09-02 13:34:20"
"2024-09-08";"";"70 601";"52 222";"27 563 030";"2024-09-08 18:03:28"
"2024-09-10";"YouTube";"968 305";"65 311";"27 562 320";"2024-09-10 11:56:16"
"2024-09-05";"Telegram";"62 043";"16 020";"27 561 772";"2024-09-05 18:03:00"
"2024-09-03";"";"29 250";"18 355";"27 562 965";"2024-09-03 16:25:56"
"2024-09-07";"YouTube";"816 542";"72 113";"27 562 172";"2024-09-07 10:55:06"
"2024-09-09";"";"26 073";"7 614";"27 561 294";"2024-09-09 18:27:36"
"2024-09-01";"YouTube";"26 782";"4 460";"27 562 430";"2024-09-01 21:42:12"
"2024-09-06";"YouTube";"255 511";"2 363 943";"27 562 541";"2024-09-07 01:34:34"
"2024-09-08";"";"63 506";"15 229";"27 561 624";"2024-09-08 18:15:07"
"2024-09-04";"Telegram";"3 497 232";"286 081";"27 563 508";"2024-09-04 04:13:33"
"2024-09-03";"";"86 620";"22 858";"27 561 941";"2024-09-03 17:38:14"
"2024-09-09";"";"996 395";"57 080";"27 562 896";"2024-09-09 22:55:34"
"2024-09-09";"";"99 379";"386 926";"27 562 615";"2024-09-09 20:05:03"
"2024-09-08";"YouTube";"607 245";"176 024";"27 561 484";"2024-09-08 08:29:32"
"2024-09-01";"YouTube";"83 412";"25 942";"27 562 629";"2024-09-01 13:34:13"
"2024-09-10";"";"32 348";"4 875";"27 561 373";"2024-09-11 02:23:12"
"2024-09-08";"";"243 457";"52 494";"27 561 362";"2024-09-08 10:31:19"
"2024-09-02";"";"434 644";"21 360";"27 562 203";"2024-09-02 07:04:00"
"2024-09-07";"";"41 751";"14 023";"27 562 364";"2024-09-08 01:34:17"
"2024-09-04";"";"45 697";"13 307";"27 562 234";"2024-09-04 15:24:50"
"2024-09-01";"";"1 561 735";"43 028";"27 563 290";"2024-09-01 06:03:27"
"2024-09-04";"";"27 247";"4 288";"27 562 778";"2024-09-05 02:35:15"
"2024-09-09";"";"26 773";"4 904";"27 563 379";"2024-09-10 00:57:16"
"2024-09-10";"";"254 092";"24 053";"27 562 780";"2024-09-10 12:45:21"
"2024-09-01";"";"60 938";"471 481";"27 562 826";"2024-09-01 06:39:44"
"2024-09-03";"";"51 738";"39 355";"27 561 543";"2024-09-03 16:13:10"
"2024-09-05";"Facebook";"527 490";"257 015";"27 563 175";"2024-09-05 20:05:45"
"2024-09-05";"Instagram";"16 854 348";"403 380";"27 561 776";"2024-09-05 03:48:17"
"2024-09-09";"Telegram";"158 699 117";"8 696 944";"27 562 854";"2024-09-10 00:21:20"
"2024-09-03";"";"51 162";"7 898";"27 562 606";"2024-09-03 23:20:50"
"2024-09-02";"";"1 285 892";"242 543";"27 562 479";"2024-09-02 22:55:44"
"2024-09-08";"";"463 183";"140 839";"27 563 059";"2024-09-08 17:02:40"
"2024-09-07";"";"75 512";"3 692";"27 561 596";"2024-09-07 07:04:12"
"2024-09-09";"YouTube";"1 863 646";"152 094";"27 561 555";"2024-09-09 07:40:57"
"2024-09-04";"Facebook";"34 207";"2 596";"27 562 286";"2024-09-04 14:23:08"
"2024-09-01";"";"30 941";"2 044";"27 562 374";"2024-09-01 12:45:29"
"2024-09-06";"";"19 318 965";"179 803";"27 562 988";"2024-09-06 19:28:47"
"2024-09-10";"";"336 492";"52 936";"27 561 942";"2024-09-10 07:28:54"
"2024-09-08";"";"441 068";"29 110";"27 563 388";"2024-09-08 21:18:21"
"2024-09-03";"";"95 764";"24 506";"27 561 361";"2024-09-03 09:30:02"
"2024-09-04";"";"590 376";"190 598";"27 563 030";"2024-09-04 17:14:09"
"2024-09-01";"";"431 004";"19 762";"27 563 393";"2024-09-02 01:46:07"
"2024-09-01";"";"593 200";"21 318";"27 562 917";"2024-09-02 01:58:25"
"2024-09-07";"";"40 544";"185 724";"27 563 336";"2024-09-07 23:08:42"
"2024-09-03";"";"193 919";"11 454";"27 561 965";"2024-09-03 08:53:13"
"2024-09-08";"";"1 830 700";"100 235";"27 562 699";"2024-09-08 18:15:49"
"2024-09-06";"";"830 689";"76 784";"27 562 843";"2024-09-06 12:33:14"
"2024-09-01";"";"251 959";"140 783";"27 562 293";"2024-09-01 09:42:27"
"2024-09-10";"";"45 667";"5 930";"27 563 031";"2024-09-11 00:57:35"
"2024-09-01";"";"40 434";"56 809";"27 563 130";"2024-09-01 22:43:12"
"2024-09-09";"";"104 681";"29 236";"27 561 692";"2024-09-10 00:57:19"
"2024-09-05";"";"173 774";"11 449";"27 561 638";"2024-09-05 18:03:52"
"2024-09-07";"";"1 025 038";"224 732";"27 562 435";"2024-09-07 21:30:17"
"2024-09-08";"";"89 202";"5 686";"27 562 795";"2024-09-08 19:28:48"
"2024-09-03";"";"49 629 386";"3 530 327";"27 563 061";"2024-09-03 04:13:57"
"2024-09-02";"";"223 630";"6 386";"27 561 484";"2024-09-02 03:36:20"
"2024-09-07";"Yandex";"300 547";"13 598";"27 562 792";"2024-09-07 12:45:21"
"2024-09-06";"";"213 152";"16 094";"27 561 785";"2024-09-07 01:46:12"
"2024-09-10";"";"31 623";"6 461";"27 562 628";"2024-09-10 23:44:20"
"2024-09-05";"";"26 085 671";"760 030";"27 563 143";"2024-09-06 00:21:17"
"2024-09-10";"Instagram";"7 646 216";"26 923 160";"27 562 824";"2024-09-10 19:16:33"
"2024-09-10";"Instagram";"1 418 061";"88 302";"27 561 776";"2024-09-10 06:03:03"
"2024-09-06";"";"32 259";"16 361";"27 563 509";"2024-09-06 23:20:06"
"2024-09-08";"Instagram";"6 977 770";"287 566";"27 562 832";"2024-09-08 11:56:53"
"2024-09-09";"";"13 433";"91 518";"27 563 236";"2024-09-10 02:11:29"
"2024-09-10";"";"46 099";"41 913";"27 561 674";"2024-09-10 07:52:40"
"2024-09-08";"";"61 277";"5 899";"27 562 025";"2024-09-08 03:36:11"
"2024-09-05";"";"38 421";"25 434";"27 562 083";"2024-09-05 18:15:38"
"2024-09-03";"";"248 004";"178 155";"27 562 656";"2024-09-03 18:39:01"
"2024-09-03";"";"57 360";"6 008";"27 562 979";"2024-09-03 11:08:33"
"2024-09-07";"Instagram";"496 716";"58 738";"27 563 503";"2024-09-08 01:34:34"
"2024-09-10";"Facebook";"2 024 081";"48 840";"27 561 462";"2024-09-10 20:41:29"
"2024-09-08";"YouTube";"564 293";"32 935";"27 562 298";"2024-09-08 15:48:32"
"2024-09-05";"";"26 489";"3 498";"27 562 124";"2024-09-05 14:47:59"
"2024-09-04";"";"1 420 850";"100 581";"27 562 938";"2024-09-05 02:11:34"
"2024-09-03";"";"2 205 276";"366 212";"27 561 826";"2024-09-03 11:08:34"
"2024-09-03";"Facebook";"66 841";"6 049";"27 562 139";"2024-09-03 05:50:08"
"2024-09-08";"";"132 488";"28 958";"27 561 770";"2024-09-09 01:46:54"
"2024-09-09";"Telegram";"135 366";"18 345";"27 562 946";"2024-09-09 18:51:37"
"2024-09-01";"YouTube";"1 216 106";"107 156";"27 562 907";"2024-09-02 01:22:32"
"2024-09-05";"";"64 984";"59 643";"27 562 419";"2024-09-05 22:07:46"
"2024-09-08";"";"276 389";"57 142";"27 561 806";"2024-09-08 06:51:35"
"2024-09-09";"";"34 155";"146 805";"27 562 477";"2024-09-09 03:00:09"
"2024-09-09";"";"5 218 242";"6 221 589";"27 562 868";"2024-09-09 18:51:38"
"2024-09-07";"Yandex";"104 392";"121 772";"27 561 845";"2024-09-07 15:24:41"
"2024-09-01";"";"29 701 766";"1 498 301";"27 562 374";"2024-09-01 22:07:00"
"2024-09-06";"";"136 987";"206 274";"27 562 693";"2024-09-06 16:01:12"
"2024-09-06";"";"151 208";"19 679";"27 562 808";"2024-09-06 10:07:28"
"2024-09-02";"Instagram";"3 827 734";"194 732";"27 563 162";"2024-09-02 21:06:24"
"2024-09-07";"Instagram";"3 043 165";"4 663 181";"27 561 536";"2024-09-07 21:06:23"
"2024-09-06";"";"66 949";"73 500";"27 562 661";"2024-09-06 04:49:24"
"2024-09-01";"";"133 592 311";"6 385 211";"27 562 289";"2024-09-01 21:42:35"
"2024-09-06";"";"1 937 658";"102 458";"27 561 214";"2024-09-06 23:56:01"
"2024-09-09";"Instagram";"54 923 504";"931 403";"27 561 809";"2024-09-09 22:07:09"
"2024-09-09";"Instagram";"13 811 027";"10 216 676";"27 561 212";"2024-09-09 10:43:37"
"2024-09-02";"YouTube";"60 072";"152 147";"27 563 418";"2024-09-02 14:59:22"
"2024-09-08";"";"32 654";"5 543";"27 561 216";"2024-09-08 16:37:21"
"2024-09-01";"";"427 247";"27 161";"27 563 047";"2024-09-01 19:28:44"
"2024-09-06";"";"51 860 663";"2 528 786";"27 563 030";"2024-09-06 04:49:54"
"2024-09-10";"";"59 607";"3 738";"27 562 795";"2024-09-10 12:45:33"
"2024-09-10";"";"1 240 179";"854 490";"27 562 254";"2024-09-11 00:09:06"
"2024-09-08";"YouTube";"3 115 829";"118 369";"27 562 174";"2024-09-08 09:18:01"
"2024-09-04";"YouTube";"2 901 644";"155 914";"27 561 386";"2024-09-04 09:18:35"
"2024-09-03";"";"93 112";"17 167";"27 561 422";"2024-09-04 02:59:22"
"2024-09-01";"Unknown";"6 572";"64 737";"27 562 084";"2024-09-01 08:29:53"
"2024-09-07";"";"147 070";"5 102";"27 561 224";"2024-09-07 15:12:21"
"2024-09-06";"Facebook";"261 534";"22 443";"27 563 223";"2024-09-06 12:57:19"
"2024-09-01";"";"1 148 404";"78 909";"27 561 430";"2024-09-01 04:13:33"
"2024-09-05";"Instagram";"5 133 988";"6 524 479";"27 561 697";"2024-09-05 14:47:04"
"2024-09-08";"";"34 063";"5 820";"27 563 087";"2024-09-08 22:43:38"
"2024-09-02";"YouTube";"3 000 964";"201 306";"27 561 863";"2024-09-03 01:10:42"
"2024-09-10";"";"2 886 188";"214 628";"27 563 107";"2024-09-10 19:16:48"
"2024-09-01";"Facebook";"477 669";"32 523";"27 562 608";"2024-09-01 03:12:01"
"2024-09-07";"YouTube";"97 396";"15 157";"27 561 951";"2024-09-07 20:53:45"
"2024-09-06";"Telegram";"1 875 796";"189 877";"27 561 502";"2024-09-06 20:53:16"
"2024-09-06";"YouTube";"49 766 384";"3 257 480";"27 562 674";"2024-09-06 19:04:18"
"2024-09-04";"Telegram";"42 090 474";"2 371 812";"27 562 641";"2024-09-04 09:06:22"
"2024-09-05";"Tas-ix";"737 635";"106 662";"27 561 604";"2024-09-05 04:37:42"
"2024-09-04";"Tas-ix";"143 087";"2 524";"27 563 237";"2024-09-04 06:51:16"
"2024-09-09";"YouTube";"2 778 102";"170 761";"27 561 453";"2024-09-09 10:43:28"
"2024-09-06";"";"757 644";"147 415";"27 563 318";"2024-09-06 22:19:50"
"2024-09-08";"";"8 514";"45 280";"27 561 542";"2024-09-08 13:34:57"
"2024-09-01";"Instagram";"279 502";"45 962";"27 562 450";"2024-09-01 03:24:14"
"2024-09-05";"";"87 086";"270 348";"27 563 280";"2024-09-05 05:14:34"
"2024-09-04";"Facebook";"61 527";"3 269";"27 563 511";"2024-09-04 23:56:47"
"2024-09-07";"";"406 910";"210 912";"27 562 002";"2024-09-07 17:02:58"
"2024-09-02";"Yandex";"1 380 171";"639 583";"27 562 834";"2024-09-02 13:34:37"
"2024-09-07";"";"104 306";"15 659";"27 562 489";"2024-09-07 16:25:59"
"2024-09-01";"";"145 308";"14 391";"27 563 364";"2024-09-01 06:39:36"
"2024-09-07";"";"32 719";"11 132";"27 563 092";"2024-09-07 06:51:18"
"2024-09-02";"";"251 878";"84 791";"27 563 097";"2024-09-03 00:09:06"
"2024-09-03";"";"569 351";"10 181";"27 561 707";"2024-09-03 07:52:35"
"2024-09-03";"";"276 989";"20 434";"27 562 281";"2024-09-03 18:03:34"
"2024-09-03";"";"135 959";"22 514";"27 562 588";"2024-09-03 04:13:24"
"2024-09-01";"";"1 210 086";"36 251";"27 563 122";"2024-09-01 20:17:43"
"2024-09-01";"";"80 949";"8 818";"27 561 257";"2024-09-01 10:07:57"
"2024-09-03";"PUBG";"600 278";"42 716";"27 561 884";"2024-09-03 13:34:09"
"2024-09-10";"";"122 752";"94 416";"27 563 141";"2024-09-10 19:28:11"
"2024-09-07";"";"61 882";"38 457";"27 562 458";"2024-09-07 22:19:43"
"2024-09-03";"";"291 798";"49 744";"27 562 453";"2024-09-04 01:22:55"
"2024-09-07";"PUBG";"42 281";"19 220";"27 562 504";"2024-09-07 16:01:15"
"2024-09-05";"";"9 838";"32 245";"27 561 173";"2024-09-05 14:23:00"
"2024-09-07";"";"30 488";"2 685";"27 562 955";"2024-09-07 08:53:31"
"2024-09-02";"";"33 927";"3 055";"27 562 864";"2024-09-03 01:22:09"
"2024-09-10";"";"1 049 549";"72 168";"27 561 485";"2024-09-10 08:17:57"
"2024-09-03";"Instagram";"39 101";"30 492";"27 561 680";"2024-09-03 20:53:35"
"2024-09-07";"";"27 979";"26 264";"27 561 884";"2024-09-07 06:03:02"
"2024-09-05";"";"40 818";"2 728";"27 562 912";"2024-09-05 13:46:15"
"2024-09-10";"Facebook";"334 683";"20 054";"27 561 595";"2024-09-10 20:17:07"
"2024-09-09";"";"34 004";"34 531";"27 561 362";"2024-09-09 18:15:25"
"2024-09-06";"";"60 332";"20 921";"27 561 457";"2024-09-06 16:13:32"
"2024-09-02";"";"312 996";"35 059";"27 561 865";"2024-09-02 10:55:00"
"2024-09-08";"";"182 141";"32 904";"27 563 503";"2024-09-08 08:05:50"
"2024-09-02";"YouTube";"6 562 727";"840 524";"27 562 646";"2024-09-02 22:31:52"
"2024-09-09";"";"25 044";"108 294";"27 562 202";"2024-09-09 21:18:13"
"2024-09-06";"YouTube";"88 316";"611 197";"27 562 793";"2024-09-06 12:33:35"
"2024-09-05";"";"31 142";"13 264";"27 563 103";"2024-09-05 09:06:24"
"2024-09-07";"";"198 584";"556 378";"27 563 128";"2024-09-07 21:42:49"
"2024-09-04";"";"774 138";"44 542";"27 563 145";"2024-09-04 19:40:26"
"2024-09-08";"";"153 513";"8 822";"27 562 993";"2024-09-09 02:35:03"
"2024-09-02";"";"177 488";"115 051";"27 562 251";"2024-09-02 06:39:45"
"2024-09-05";"Facebook";"137 885";"221 615";"27 561 220";"2024-09-05 07:40:55"
"2024-09-10";"";"141 025";"51 857";"27 562 965";"2024-09-10 21:42:08"
"2024-09-08";"";"46 401";"2 495";"27 563 252";"2024-09-08 11:56:08"
"2024-09-09";"";"3 204 352";"99 336";"27 562 289";"2024-09-09 19:28:36"
"2024-09-03";"";"28 274";"3 865";"27 562 267";"2024-09-03 06:39:21"
"2024-09-10";"YouTube";"594 932";"17 943";"27 563 293";"2024-09-10 14:35:08"
"2024-09-08";"";"182 159";"11 094";"27 562 889";"2024-09-08 08:53:12"
"2024-09-10";"";"43 123";"6 034";"27 561 281";"2024-09-10 08:17:11"
"2024-09-04";"WhatsApp";"20 873 565";"813 823";"27 562 679";"2024-09-04 07:28:33"
"2024-09-02";"";"112 195 644";"8 787 127";"27 561 809";"2024-09-02 22:31:47"
"2024-09-01";"";"1 759 722";"117 191";"27 561 332";"2024-09-01 20:53:49"
"2024-09-08";"";"187 008";"32 643";"27 561 383";"2024-09-08 06:51:36"
"2024-09-02";"YouTube";"5 673 817";"406 546";"27 562 835";"2024-09-02 14:23:23"
"2024-09-07";"";"30 502";"12 430";"27 561 715";"2024-09-07 23:32:09"
"2024-09-03";"";"729 899";"263 081";"27 561 612";"2024-09-03 07:40:29"
"2024-09-04";"";"208 194";"42 974";"27 561 249";"2024-09-04 11:08:51"
"2024-09-03";"";"63 440";"40 812";"27 562 917";"2024-09-03 23:32:22"
"2024-09-02";"";"56 737";"26 966";"27 562 512";"2024-09-02 18:03:57"
"2024-09-10";"";"840 042";"49 082";"27 562 460";"2024-09-10 23:44:11"
"2024-09-07";"";"354 474";"717 756";"27 563 446";"2024-09-07 09:30:42"
"2024-09-05";"";"35 439";"11 309";"27 562 996";"2024-09-05 23:08:47"
"2024-09-10";"Telegram";"496 010";"50 051";"27 561 212";"2024-09-10 16:01:00"
"2024-09-10";"";"287 856";"19 541";"27 561 224";"2024-09-10 08:17:13"
"2024-09-04";"";"78 798";"7 009";"27 561 680";"2024-09-04 10:07:18"
"2024-09-02";"IMO";"344 908";"19 405";"27 562 545";"2024-09-02 20:53:43"
"2024-09-02";"";"359 394";"21 791";"27 561 204";"2024-09-02 20:05:31"
"2024-09-02";"YouTube";"68 990";"8 243";"27 561 457";"2024-09-02 04:13:52"
"2024-09-03";"";"127 735";"119 396";"27 562 908";"2024-09-03 06:51:11"
"2024-09-02";"";"27 760";"7 042";"27 561 177";"2024-09-02 05:02:48"
"2024-09-10";"Yandex Video";"339 250";"11 286";"27 561 306";"2024-09-10 19:16:25"
"2024-09-04";"Yandex";"12 773 109";"581 840";"27 561 772";"2024-09-04 08:29:49"
"2024-09-05";"";"151 094";"25 777";"27 562 719";"2024-09-05 18:51:28"
"2024-09-10";"Yandex";"7 601 610";"328 923";"27 563 469";"2024-09-11 00:33:45"
"2024-09-08";"";"128 522";"94 520";"27 563 030";"2024-09-08 13:22:10"
"2024-09-10";"";"106 621";"112 519";"27 561 870";"2024-09-10 23:20:31"
"2024-09-04";"";"2 744 217";"540 180";"27 562 717";"2024-09-05 00:57:23"
"2024-09-04";"";"4 659 817";"560 933";"27 561 775";"2024-09-04 09:30:07"
"2024-09-01";"";"66 847";"7 010";"27 561 941";"2024-09-01 12:57:18"
"2024-09-09";"Telegram";"21 133 018";"803 680";"27 561 586";"2024-09-09 05:38:06"
"2024-09-06";"";"30 687";"2 927";"27 561 827";"2024-09-06 17:14:36"
"2024-09-10";"Instagram";"926 559";"51 145";"27 562 521";"2024-09-10 19:04:57"
"2024-09-05";"WhatsApp";"765 256";"39 343";"27 562 663";"2024-09-06 02:59:05"
"2024-09-07";"WhatsApp";"4 701 291";"650 238";"27 561 230";"2024-09-07 12:09:55"
"2024-09-03";"";"66 090";"42 253";"27 563 059";"2024-09-03 10:43:03"
"2024-09-02";"";"102 516";"5 437";"27 563 191";"2024-09-02 04:13:59"
"2024-09-10";"";"217 103";"311 446";"27 562 595";"2024-09-11 00:09:05"
"2024-09-06";"";"55 611";"2 447";"27 561 347";"2024-09-06 05:38:40"
"2024-09-08";"";"123 290";"32 140";"27 562 447";"2024-09-08 09:30:54"
"2024-09-08";"";"29 620";"5 845";"27 562 578";"2024-09-08 20:05:54"
"2024-09-07";"";"24 676";"26 975";"27 562 574";"2024-09-07 06:51:36"
"2024-09-09";"YouTube";"343 850";"12 833";"27 561 626";"2024-09-09 22:43:26"
"2024-09-06";"";"52 347";"3 724";"27 563 097";"2024-09-06 10:31:20"
"2024-09-06";"Instagram";"1 739 209";"195 354";"27 563 489";"2024-09-06 22:43:25"
"2024-09-08";"Telegram";"1 123 898";"102 218";"27 562 788";"2024-09-08 07:16:21"
"2024-09-07";"Facebook";"246 024";"35 772";"27 561 630";"2024-09-07 15:36:57"
"2024-09-05";"YouTube";"240 197";"96 025";"27 561 759";"2024-09-05 09:42:02"
"2024-09-04";"";"3 752 398";"388 466";"27 561 176";"2024-09-04 03:24:08"
"2024-09-02";"Yandex";"69 030";"5 456";"27 562 979";"2024-09-02 17:26:24"
"2024-09-07";"";"106 171";"23 518";"27 561 844";"2024-09-07 20:29:36"
"2024-09-06";"";"851 309";"28 688";"27 562 514";"2024-09-06 16:37:39"
"2024-09-06";"Yandex";"936 828";"17 859";"27 562 035";"2024-09-06 18:27:06"
"2024-09-05";"";"75 561";"4 981";"27 561 596";"2024-09-06 01:22:25"
"2024-09-07";"";"401 585";"245 505";"27 561 953";"2024-09-07 05:50:50"
"2024-09-09";"";"26 199";"1 222";"27 562 085";"2024-09-09 16:01:34"
"2024-09-09";"Facebook";"195 110";"22 668";"27 562 239";"2024-09-09 05:38:17"
"2024-09-04";"";"334 193";"67 743";"27 563 334";"2024-09-04 11:56:59"
"2024-09-01";"";"6 197";"45 154";"27 562 841";"2024-09-01 18:51:33"
"2024-09-05";"";"757 055";"83 805";"27 561 831";"2024-09-05 23:20:08"
"2024-09-10";"";"6 250 592";"2 936 179";"27 562 086";"2024-09-10 06:51:07"
"2024-09-07";"";"449 258";"18 755";"27 562 666";"2024-09-07 16:13:00"
"2024-09-06";"";"31 854";"30 189";"27 561 567";"2024-09-06 06:03:20"
"2024-09-10";"Instagram";"11 059 856";"31 349 807";"27 561 189";"2024-09-10 10:43:16"
"2024-09-09";"Instagram";"1 337 533";"32 262";"27 563 458";"2024-09-09 22:55:17"
"2024-09-01";"";"3 569 638";"364 902";"27 561 548";"2024-09-01 07:40:45"
"2024-09-08";"";"56 883";"3 755";"27 562 025";"2024-09-08 17:38:06"
"2024-09-05";"";"85 093";"73 152";"27 561 785";"2024-09-05 16:25:22"
"2024-09-10";"";"7 902";"38 821";"27 562 685";"2024-09-10 22:43:47"
"2024-09-04";"";"1 202 786";"193 364";"27 561 365";"2024-09-05 01:10:41"
"2024-09-04";"";"472 310";"29 554";"27 563 080";"2024-09-04 03:24:38"
"2024-09-01";"";"98 592";"360 658";"27 561 920";"2024-09-01 13:10:32"
"2024-09-04";"";"47 965";"2 940";"27 562 708";"2024-09-04 04:25:29"
"2024-09-08";"";"114 828";"109 229";"27 561 892";"2024-09-08 20:17:20"
"2024-09-10";"Facebook";"148 732";"62 230";"27 562 352";"2024-09-10 05:02:09"
"2024-09-02";"";"76 043";"5 499";"27 562 197";"2024-09-02 17:02:35"
"2024-09-01";"Instagram";"8 736 792";"300 450";"27 561 981";"2024-09-01 21:42:12"
"2024-09-10";"";"13 224";"28 405";"27 562 573";"2024-09-10 16:49:56"
"2024-09-07";"";"1 485 331";"323 553";"27 561 600";"2024-09-07 07:04:28"
"2024-09-01";"Facebook";"2 218 144";"94 673";"27 562 099";"2024-09-01 12:57:28"
"2024-09-05";"";"454 925";"87 941";"27 561 604";"2024-09-05 13:46:28"
"2024-09-02";"";"81 333";"16 791";"27 562 658";"2024-09-02 15:24:21"
"2024-09-03";"";"474 326";"225 320";"27 563 153";"2024-09-04 01:46:36"
"2024-09-06";"";"23 693";"46 222";"27 562 402";"2024-09-06 06:15:39"
"2024-09-01";"Unknown";"9 975";"62 301";"27 563 361";"2024-09-01 15:36:02"
"2024-09-07";"";"690";"26 512";"27 562 427";"2024-09-07 13:22:32"
"2024-09-02";"Yandex";"258 086";"58 385";"27 563 136";"2024-09-02 10:31:44"
"2024-09-01";"";"12 049 471";"706 004";"27 562 568";"2024-09-01 06:15:54"
"2024-09-06";"YouTube";"27 513";"6 924";"27 562 586";"2024-09-07 00:57:44"
"2024-09-07";"";"28 557";"4 233";"27 562 701";"2024-09-07 09:30:27"
"2024-09-05";"";"307 356";"7 305";"27 561 293";"2024-09-06 00:21:26"
"2024-09-10";"";"248 377";"18 020";"27 561 392";"2024-09-11 00:57:23"
"2024-09-03";"YouTube";"1 816 013";"2 845 548";"27 561 611";"2024-09-03 20:41:55"
"2024-09-05";"";"51 198";"22 103";"27 561 230";"2024-09-05 08:41:13"
"2024-09-04";"Yandex";"47 017";"2 734";"27 561 437";"2024-09-05 02:11:17"
"2024-09-03";"YouTube";"5 702";"55 931";"27 561 396";"2024-09-03 04:13:16"
"2024-09-07";"";"736 491";"46 750";"27 561 290";"2024-09-07 04:01:32"
"2024-09-06";"YouTube";"862 286";"97 682";"27 561 365";"2024-09-06 19:28:59"
"2024-09-07";"";"309 474";"71 344";"27 563 402";"2024-09-07 13:58:28"
"2024-09-10";"Yandex";"121 538";"18 709";"27 563 012";"2024-09-10 18:27:22"
"2024-09-10";"Yandex";"120 455";"5 327";"27 561 201";"2024-09-11 01:22:57"
"2024-09-06";"";"247 343";"20 197";"27 562 792";"2024-09-06 15:00:35"
"2024-09-04";"";"113 715";"6 176";"27 561 279";"2024-09-04 14:11:58"
"2024-09-07";"";"466 107";"41 460";"27 561 342";"2024-09-07 18:27:35"
"2024-09-06";"";"27 671";"3 150";"27 563 467";"2024-09-06 08:41:08"
"2024-09-04";"";"1 771 630";"381 989";"27 561 302";"2024-09-04 06:39:56"
"2024-09-09";"Instagram";"3 326 865";"81 089";"27 562 037";"2024-09-09 05:14:59"
"2024-09-06";"";"2 622";"112 754";"27 561 339";"2024-09-06 11:56:13"
"2024-09-04";"";"13 507";"105 052";"27 562 656";"2024-09-05 02:59:45"
"2024-09-10";"";"658 336";"14 513";"27 563 012";"2024-09-10 12:09:08"
"2024-09-05";"";"933 287";"34 792";"27 562 657";"2024-09-05 18:39:20"
"2024-09-07";"Yandex";"1 775 214";"120 765";"27 562 684";"2024-09-07 06:39:59"
"2024-09-06";"";"72 930";"50 606";"27 562 264";"2024-09-06 11:56:35"
"2024-09-01";"";"28 904";"6 670";"27 563 336";"2024-09-01 09:54:55"
"2024-09-07";"YouTube";"71 446 527";"5 828 996";"27 561 912";"2024-09-07 14:23:15"
"2024-09-06";"YouTube";"131 112 881";"9 972 702";"27 561 501";"2024-09-07 02:23:15"
"2024-09-09";"";"82 722";"56 323";"27 563 284";"2024-09-09 16:25:10"
"2024-09-09";"";"34 578";"4 988";"27 562 094";"2024-09-09 17:26:35"
"2024-09-09";"";"781 802";"27 563";"27 562 143";"2024-09-09 16:25:53"
"2024-09-02";"TikTok";"228 071";"4 708 389";"27 562 437";"2024-09-02 23:20:44"
"2024-09-03";"";"98 540";"10 444";"27 562 125";"2024-09-03 03:24:09"
"2024-09-06";"";"193 638";"13 341";"27 562 741";"2024-09-06 06:39:29"
"2024-09-10";"";"101 969";"29 447";"27 562 673";"2024-09-10 19:16:54"
"2024-09-09";"Yandex";"464 816";"153 892";"27 563 130";"2024-09-09 15:48:07"
"2024-09-05";"";"413 078";"20 170";"27 563 317";"2024-09-05 03:48:12"
"2024-09-01";"";"484 120";"15 251";"27 563 284";"2024-09-01 06:51:13"
"2024-09-03";"";"797 071";"127 761";"27 562 832";"2024-09-03 19:52:08"
"2024-09-09";"";"942 095";"83 573";"27 562 454";"2024-09-09 07:28:56"
"2024-09-09";"";"51 585";"5 671";"27 563 464";"2024-09-09 19:16:32"
"2024-09-02";"Instagram";"33 019 132";"1 295 462";"27 563 393";"2024-09-02 21:54:05"
"2024-09-01";"";"17 374";"28 553";"27 561 884";"2024-09-01 18:27:39"
"2024-09-04";"";"7 711 843";"375 929";"27 563 031";"2024-09-04 15:12:57"
"2024-09-10";"Unknown";"69 837";"5 585";"27 562 360";"2024-09-10 17:02:34"
"2024-09-07";"Instagram";"226 455";"34 870";"27 561 433";"2024-09-07 16:25:33"
"2024-09-08";"";"38 235";"31 212";"27 561 674";"2024-09-08 18:27:34"
"2024-09-08";"";"45 135";"5 700";"27 562 022";"2024-09-08 06:15:28"
"2024-09-06";"Tas-ix";"155 522";"90 493";"27 563 048";"2024-09-06 18:15:00"
"2024-09-10";"Unknown";"1 184 241";"86 515";"27 561 336";"2024-09-10 07:16:47"
"2024-09-02";"";"28 745";"24 737";"27 563 447";"2024-09-02 13:22:54"
"2024-09-01";"";"66 447";"54 641";"27 562 801";"2024-09-01 11:08:10"
"2024-09-03";"";"201 253";"23 044";"27 563 463";"2024-09-03 20:17:22"
"2024-09-04";"";"22 734";"25 873";"27 561 884";"2024-09-04 10:07:06"
"2024-09-10";"";"42 287";"3 982";"27 562 382";"2024-09-11 00:09:42"
"2024-09-10";"";"42 265";"3 369";"27 563 166";"2024-09-10 13:34:36"
"2024-09-06";"Instagram";"4 340 310";"134 933";"27 561 763";"2024-09-06 14:23:52"
"2024-09-07";"Tas-ix";"726 400";"74 403";"27 562 149";"2024-09-07 22:43:28"
"2024-09-09";"Instagram";"90 529";"3 203";"27 562 686";"2024-09-09 15:12:37"
"2024-09-02";"";"662 530";"32 750";"27 562 884";"2024-09-02 03:00:52"
"2024-09-05";"";"33 636";"92 674";"27 561 379";"2024-09-06 01:10:03"
"2024-09-05";"Facebook";"192 959";"129 982";"27 563 116";"2024-09-06 00:21:49"
"2024-09-08";"";"62 362";"23 887";"27 562 324";"2024-09-08 20:29:22"
"2024-09-07";"";"35 106";"43 199";"27 561 524";"2024-09-07 20:05:03"
"2024-09-03";"";"36 761";"12 117";"27 563 392";"2024-09-03 17:38:08"
"2024-09-01";"";"30 035";"2 840";"27 562 499";"2024-09-01 22:55:28"
"2024-09-03";"YouTube";"1 443 184";"749 544";"27 563 105";"2024-09-03 19:28:27"
"2024-09-01";"";"35 291";"9 720";"27 563 281";"2024-09-01 14:11:30"
"2024-09-07";"";"37 290";"2 905";"27 562 613";"2024-09-07 22:55:41"
"2024-09-03";"Telegram";"1 483 669";"152 159";"27 561 468";"2024-09-03 15:48:38"
"2024-09-06";"Instagram";"1 286 300";"294 886";"27 562 878";"2024-09-06 21:06:31"
"2024-09-10";"YouTube";"321 070 130";"13 826 439";"27 562 064";"2024-09-10 20:29:05"
"2024-09-04";"";"30 037";"8 584";"27 562 564";"2024-09-04 08:41:26"
"2024-09-02";"YouTube";"28 124";"11 225";"27 561 768";"2024-09-02 16:49:33"
"2024-09-05";"YouTube";"510 773";"50 121";"27 562 090";"2024-09-05 17:14:28"
"2024-09-03";"Instagram";"370 177 127";"13 088 078";"27 562 900";"2024-09-03 16:25:32"
"2024-09-02";"";"43 325";"5 450";"27 563 387";"2024-09-02 10:55:07"
"2024-09-10";"YouTube";"2 731 357";"195 505";"27 561 610";"2024-09-10 17:02:48"
"2024-09-03";"Telegram";"119 413";"15 939";"27 561 674";"2024-09-03 19:52:33"
"2024-09-10";"";"225 948";"16 573";"27 562 541";"2024-09-10 04:01:25"
"2024-09-01";"";"574 162";"236 554";"27 561 529";"2024-09-01 23:56:07"
"2024-09-01";"";"31 441";"9 577";"27 563 238";"2024-09-01 05:38:50"
"2024-09-07";"";"52 063";"58 466";"27 562 647";"2024-09-07 12:09:25"
"2024-09-10";"";"24 987";"36 163";"27 562 553";"2024-09-11 01:10:11"
"2024-09-08";"";"15 484";"65 395";"27 562 757";"2024-09-09 02:59:28"
"2024-09-02";"";"16 510";"27 606";"27 561 453";"2024-09-02 07:16:21"
"2024-09-07";"";"112 720";"10 245";"27 561 737";"2024-09-07 16:25:29"
"2024-09-09";"";"298 458";"32 885";"27 561 275";"2024-09-10 02:23:13"
"2024-09-05";"YouTube";"53 716";"21 241";"27 562 810";"2024-09-05 08:17:29"
"2024-09-02";"";"9 185 054";"503 956";"27 561 802";"2024-09-02 21:30:50"
"2024-09-10";"YouTube";"126 732";"10 713";"27 561 578";"2024-09-11 00:45:54"
"2024-09-03";"Facebook";"239 828";"19 861";"27 561 908";"2024-09-03 12:09:16"
"2024-09-05";"Yandex";"99 357";"5 263";"27 562 555";"2024-09-05 07:40:26"
"2024-09-04";"";"932 633";"85 590";"27 563 446";"2024-09-05 02:23:42"
"2024-09-09";"Instagram";"783 869";"1 802 300";"27 562 428";"2024-09-09 04:49:01"
"2024-09-03";"";"350 194";"22 852";"27 561 742";"2024-09-03 17:26:10"
"2024-09-02";"";"210 175";"7 046";"27 563 217";"2024-09-03 00:21:12"
"2024-09-10";"Yandex";"18 886 675";"2 261 820";"27 563 458";"2024-09-10 10:55:44"
"2024-09-05";"PUBG";"642 308";"35 796";"27 561 461";"2024-09-05 11:44:01"
"2024-09-06";"";"28 334";"3 005";"27 563 395";"2024-09-06 22:19:13"
"2024-09-03";"Odnoklassniki";"667 684";"201 238";"27 563 320";"2024-09-03 05:02:49"
"2024-09-01";"Instagram";"8 194 604";"7 867 396";"27 561 407";"2024-09-01 03:00:00"
"2024-09-01";"";"127 358";"14 156";"27 562 674";"2024-09-01 13:34:35"
"2024-09-03";"Odnoklassniki";"125 434";"12 896";"27 561 392";"2024-09-03 21:30:03"
"2024-09-03";"Facebook";"61 736";"30 324";"27 563 317";"2024-09-03 23:20:20"
"2024-09-08";"Unknown";"44 088";"22 889";"27 562 124";"2024-09-08 20:17:09"
"2024-09-04";"";"130 110";"9 045";"27 563 088";"2024-09-04 06:15:11"
"2024-09-01";"";"28 055";"8 615";"27 561 305";"2024-09-02 01:10:06"
"2024-09-04";"Instagram";"5 721 377";"15 737 607";"27 561 850";"2024-09-04 11:44:29"
"2024-09-08";"";"121 438";"23 473";"27 563 136";"2024-09-09 02:11:09"
"2024-09-10";"";"99 539";"4 374";"27 562 541";"2024-09-10 20:53:19"
"2024-09-06";"";"5 659 382";"94 958";"27 562 841";"2024-09-06 07:40:03"
"2024-09-10";"";"52 535";"6 808";"27 563 082";"2024-09-10 18:03:53"
"2024-09-08";"";"8 735";"34 421";"27 562 609";"2024-09-08 07:16:11"
"2024-09-09";"";"114 149";"5 335";"27 563 304";"2024-09-09 15:24:54"
"2024-09-10";"Apple Music";"352 537";"91 897";"27 562 710";"2024-09-10 05:14:04"
"2024-09-02";"Instagram";"91 511";"5 700";"27 563 496";"2024-09-02 14:11:12"
"2024-09-05";"WhatsApp";"3 034 313";"4 035 178";"27 562 863";"2024-09-05 06:51:14"
"2024-09-05";"YouTube";"1 075 752";"354 008";"27 562 604";"2024-09-05 11:20:17"
"2024-09-03";"";"883 405";"152 559";"27 562 365";"2024-09-03 07:04:39"
"2024-09-10";"Tas-ix";"94 456";"4 331";"27 561 230";"2024-09-10 06:27:27"
"2024-09-07";"";"11 569";"36 767";"27 563 140";"2024-09-07 03:36:03"
"2024-09-06";"";"237 144";"196 236";"27 562 525";"2024-09-06 15:00:13"
"2024-09-06";"Tas-ix";"74 436";"7 126";"27 562 133";"2024-09-06 13:22:35"
"2024-09-06";"Facebook";"43 287";"5 352";"27 563 174";"2024-09-06 18:39:06"
"2024-09-01";"";"30 052";"8 378";"27 562 674";"2024-09-01 09:30:24"
"2024-09-05";"Facebook";"69 158";"22 702";"27 561 914";"2024-09-05 15:00:18"
"2024-09-04";"YouTube";"1 802 224";"622 231";"27 562 700";"2024-09-05 02:35:04"
"2024-09-08";"";"141 000";"9 732";"27 561 448";"2024-09-08 15:12:07"
"2024-09-01";"";"2 722 943";"257 517";"27 562 578";"2024-09-01 23:20:44"
"2024-09-08";"";"32 266";"17 539";"27 563 116";"2024-09-08 08:05:18"
"2024-09-03";"YouTube";"518 452";"237 251";"27 563 228";"2024-09-03 18:03:57"
"2024-09-03";"";"238 185";"41 263";"27 562 535";"2024-09-03 19:28:34"
"2024-09-09";"";"437 006";"31 195";"27 561 915";"2024-09-09 12:21:02"
"2024-09-09";"Instagram";"4 827 434";"142 310";"27 562 096";"2024-09-09 19:04:17"
"2024-09-05";"";"53 524";"10 045";"27 563 238";"2024-09-05 20:29:35"
"2024-09-01";"";"22 490";"33 873";"27 562 516";"2024-09-01 14:23:23"
"2024-09-09";"YouTube";"967 586";"127 327";"27 561 914";"2024-09-09 12:33:29"
"2024-09-05";"Telegram";"7 269 850";"1 494 849";"27 561 582";"2024-09-05 22:19:46"
"2024-09-10";"";"66 166";"19 759";"27 561 607";"2024-09-10 08:05:19"
"2024-09-02";"";"1 645 545";"446 028";"27 562 504";"2024-09-03 00:33:35"
"2024-09-10";"";"202 213";"61 417";"27 562 979";"2024-09-10 17:50:56"
"2024-09-03";"";"377 989";"50 340";"27 562 748";"2024-09-03 04:49:23"
"2024-09-06";"";"75 141";"4 439";"27 562 751";"2024-09-06 23:20:15"
"2024-09-10";"Telegram";"27 584 616";"1 481 837";"27 561 300";"2024-09-10 08:53:24"
"2024-09-04";"YouTube";"2 562 862";"165 348";"27 563 500";"2024-09-04 13:10:42"
"2024-09-10";"Instagram";"4 583 256";"286 782";"27 561 401";"2024-09-10 09:18:40"
"2024-09-09";"";"68 578";"7 786";"27 562 243";"2024-09-09 23:44:43"
"2024-09-07";"";"98 118";"14 110";"27 562 110";"2024-09-07 07:28:42"
"2024-09-10";"";"79 788";"24 973";"27 563 207";"2024-09-10 04:01:27"
"2024-09-01";"";"184 906";"22 132";"27 563 453";"2024-09-01 17:38:30"
"2024-09-02";"";"31 682";"1 974";"27 563 107";"2024-09-02 11:56:36"
"2024-09-04";"";"61 695";"32 897";"27 562 267";"2024-09-04 11:32:45"
"2024-09-04";"";"209 237";"12 373";"27 562 347";"2024-09-04 21:30:56"
"2024-09-10";"";"81 277";"4 342";"27 562 851";"2024-09-10 14:59:16"
"2024-09-06";"";"381 946";"119 404";"27 563 048";"2024-09-06 17:50:33"
"2024-09-09";"YouTube";"379 284";"14 908";"27 562 033";"2024-09-09 19:52:41"
"2024-09-07";"Instagram";"1 110 463";"372 044";"27 562 815";"2024-09-07 06:27:05"
"2024-09-05";"";"322 259";"17 423";"27 561 477";"2024-09-05 13:22:36"
"2024-09-03";"";"59 171";"180 169";"27 562 162";"2024-09-03 15:00:53"
"2024-09-10";"";"155 650";"24 589";"27 562 458";"2024-09-11 02:59:02"
"2024-09-05";"";"59 916";"19 073";"27 562 801";"2024-09-05 08:29:09"
"2024-09-08";"";"360 499";"47 334";"27 563 403";"2024-09-08 04:13:58"
"2024-09-06";"";"41 882";"25 032";"27 561 970";"2024-09-06 05:14:09"
"2024-09-05";"";"35 187";"2 650";"27 563 058";"2024-09-05 16:37:18"
"2024-09-03";"";"25 977";"4 358";"27 562 202";"2024-09-04 02:35:03"
"2024-09-03";"";"271 028";"178 495";"27 561 641";"2024-09-03 06:03:55"
"2024-09-04";"Facebook";"64 279";"38 388";"27 561 384";"2024-09-04 22:07:06"
"2024-09-03";"Facebook";"169 879";"61 730";"27 562 512";"2024-09-03 12:09:36"
"2024-09-08";"";"58 724 437";"36 651 839";"27 562 204";"2024-09-08 15:36:02"
"2024-09-09";"";"110 496";"347 932";"27 561 591";"2024-09-09 07:28:24"
"2024-09-09";"";"8 752";"29 627";"27 561 752";"2024-09-09 06:39:23"
"2024-09-01";"";"127 813";"13 009";"27 563 395";"2024-09-01 17:02:28"
"2024-09-10";"";"81 261";"12 421";"27 563 022";"2024-09-10 13:22:36"
"2024-09-06";"";"33 026";"2 560";"27 563 379";"2024-09-06 21:06:55"
"2024-09-02";"";"626 990";"37 060";"27 562 041";"2024-09-02 21:30:40"
"2024-09-05";"Yandex";"4 389 621";"487 745";"27 563 199";"2024-09-05 17:26:53"
"2024-09-03";"Facebook";"4 161 451";"166 092";"27 561 302";"2024-09-03 10:43:15"
"2024-09-01";"";"252 840";"72 316";"27 561 967";"2024-09-01 07:16:11"
"2024-09-05";"";"21 293";"68 306";"27 563 122";"2024-09-05 10:19:55"
"2024-09-01";"WhatsApp";"61 146";"5 380";"27 561 862";"2024-09-02 01:46:05"
"2024-09-09";"";"218 549";"9 280";"27 561 758";"2024-09-10 00:09:58"
"2024-09-08";"YouTube";"1 076 966";"74 610";"27 562 048";"2024-09-08 11:56:55"
"2024-09-03";"";"61 249 984";"1 543 239";"27 561 372";"2024-09-03 10:43:32"
"2024-09-09";"";"224 180";"50 614";"27 562 696";"2024-09-09 21:54:47"
"2024-09-02";"Facebook";"32 005";"1 480";"27 561 288";"2024-09-02 08:05:34"
"2024-09-09";"";"121 432";"474 463";"27 562 172";"2024-09-10 02:35:18"
"2024-09-03";"Unknown";"559 182";"26 758";"27 562 266";"2024-09-03 07:40:39"
"2024-09-05";"";"6 682 944";"215 920";"27 561 981";"2024-09-05 19:04:48"
"2024-09-09";"";"49 586";"4 589";"27 561 440";"2024-09-09 10:55:01"
"2024-09-09";"";"43 297 932";"4 633 415";"27 563 413";"2024-09-09 14:47:33"
"2024-09-07";"Telegram";"622 500";"22 081";"27 562 880";"2024-09-07 16:01:25"
"2024-09-09";"";"27 088";"8 993";"27 561 552";"2024-09-09 12:21:00"
"2024-09-09";"";"36 124";"9 678";"27 563 193";"2024-09-09 13:22:38"
"2024-09-08";"";"141 893";"111 457";"27 562 856";"2024-09-08 09:30:13"
"2024-09-10";"";"49 145";"3 307";"27 563 315";"2024-09-10 15:12:44"
"2024-09-02";"Telegram";"10 673 409";"611 920";"27 563 100";"2024-09-02 04:49:53"
"2024-09-05";"";"46 949";"6 509";"27 561 897";"2024-09-05 13:58:54"
"2024-09-02";"YouTube";"3 173 026";"234 566";"27 562 651";"2024-09-02 03:12:55"
"2024-09-07";"Facebook";"858 090";"57 537";"27 562 036";"2024-09-07 06:27:36"
"2024-09-03";"";"278 305";"459 695";"27 561 690";"2024-09-03 03:00:00"
"2024-09-04";"";"28 816 097";"2 189 283";"27 561 729";"2024-09-04 23:20:33"
"2024-09-01";"WhatsApp";"824 050";"80 524";"27 561 973";"2024-09-01 17:14:45"
"2024-09-09";"Facebook";"72 288";"24 009";"27 562 906";"2024-09-09 12:57:02"
"2024-09-02";"Telegram";"6 654 689";"3 240 257";"27 561 490";"2024-09-02 13:46:09"
"2024-09-09";"";"62 730";"9 723";"27 562 778";"2024-09-10 00:33:04"
"2024-09-10";"Yandex";"376 911";"50 645";"27 561 874";"2024-09-10 23:56:15"
"2024-09-04";"";"98 527";"50 743";"27 562 473";"2024-09-04 17:50:52"
"2024-09-06";"";"252 469";"7 910";"27 562 234";"2024-09-06 06:39:23"
"2024-09-09";"";"30 473";"1 775";"27 561 542";"2024-09-09 19:28:22"
"2024-09-06";"Instagram";"9 254 653";"688 179";"27 561 873";"2024-09-06 19:52:08"
"2024-09-07";"YouTube";"131 185";"909 007";"27 562 423";"2024-09-07 11:32:21"
"2024-09-05";"Tas-ix";"135 773";"84 094";"27 561 884";"2024-09-05 06:27:38"
"2024-09-07";"Telegram";"58 485 893";"3 396 435";"27 561 290";"2024-09-07 11:08:43"
"2024-09-04";"";"26 256";"39 951";"27 562 955";"2024-09-04 18:27:02"
"2024-09-09";"Odnoklassniki";"92 989";"21 194";"27 561 792";"2024-09-09 18:03:01"
"2024-09-07";"YouTube";"118 136";"20 153";"27 561 529";"2024-09-07 04:49:02"
"2024-09-02";"";"269 068";"16 487";"27 562 447";"2024-09-02 06:15:35"
"2024-09-10";"";"166 042";"161 359";"27 561 252";"2024-09-10 20:41:34"
"2024-09-05";"";"147 350";"10 963";"27 563 186";"2024-09-05 12:33:23"
"2024-09-10";"YouTube";"185 245";"51 210";"27 561 723";"2024-09-10 10:55:24"
"2024-09-06";"";"92 437";"7 456";"27 562 447";"2024-09-06 08:53:38"
"2024-09-02";"";"362 470";"137 244";"27 562 955";"2024-09-02 13:34:17"
"2024-09-04";"";"98 805";"6 787";"27 563 291";"2024-09-04 19:52:35"
"2024-09-03";"";"36 123";"22 831";"27 563 139";"2024-09-03 13:34:49"
"2024-09-10";"Odnoklassniki";"6 794 696";"165 725";"27 563 075";"2024-09-10 16:01:04"
"2024-09-09";"";"65 658 812";"3 431 760";"27 562 839";"2024-09-09 23:32:05"
"2024-09-09";"YouTube";"3 335 380";"1 096 344";"27 562 609";"2024-09-09 07:04:37"
"2024-09-02";"";"66 528";"61 101";"27 561 643";"2024-09-03 00:09:16"
"2024-09-07";"YouTube";"257 528";"2 884 477";"27 563 273";"2024-09-08 00:45:40"
"2024-09-06";"";"322 041";"351 258";"27 562 810";"2024-09-06 06:39:12"
"2024-09-05";"";"15 198";"89 693";"27 561 608";"2024-09-05 14:11:28"
"2024-09-05";"";"83 770";"65 333";"27 561 999";"2024-09-05 18:03:51"
"2024-09-02";"";"976 805";"48 435";"27 561 335";"2024-09-02 11:20:52"
"2024-09-02";"";"58 890";"3 463";"27 562 398";"2024-09-02 04:13:23"
"2024-09-05";"Instagram";"994 463";"46 843";"27 563 084";"2024-09-05 21:06:33"
"2024-09-01";"";"105 284";"7 723";"27 561 457";"2024-09-01 18:27:50"
"2024-09-05";"Telegram";"73 569";"7 645";"27 561 512";"2024-09-06 01:34:32"
"2024-09-06";"Instagram";"14 832 217";"451 372";"27 561 658";"2024-09-06 08:29:15"
"2024-09-04";"YouTube";"555 207";"56 002";"27 561 970";"2024-09-04 04:49:52"
"2024-09-05";"Instagram";"2 618 616";"2 960 723";"27 561 595";"2024-09-05 14:59:53"
"2024-09-02";"";"31 993";"16 541";"27 562 417";"2024-09-02 09:54:05"
"2024-09-07";"";"267 558";"12 729";"27 561 800";"2024-09-07 18:27:42"
"2024-09-07";"";"230 428";"175 754";"27 562 527";"2024-09-07 09:42:41"
"2024-09-06";"";"86 954";"6 997";"27 561 761";"2024-09-06 18:51:39"
"2024-09-10";"";"157 713";"28 899";"27 562 617";"2024-09-10 15:12:06"
"2024-09-07";"";"68 879";"21 010";"27 561 407";"2024-09-07 12:09:58"
"2024-09-01";"";"61 570";"5 406";"27 561 767";"2024-09-01 19:16:09"
"2024-09-09";"YouTube";"71 554 442";"4 391 083";"27 562 286";"2024-09-10 00:45:35"
"2024-09-05";"";"97 666";"8 571";"27 562 803";"2024-09-05 16:37:42"
"2024-09-06";"";"126 407";"14 200";"27 562 363";"2024-09-06 18:27:26"
"2024-09-04";"";"41 072";"8 604";"27 561 845";"2024-09-04 23:56:16"
"2024-09-02";"";"99 974";"518 532";"27 563 147";"2024-09-02 05:26:05"
"2024-09-09";"Facebook";"37 387";"37 669";"27 562 399";"2024-09-09 11:56:30"
"2024-09-05";"";"41 154";"13 764";"27 562 720";"2024-09-05 09:18:09"
"2024-09-03";"Unknown";"218 131";"83 345";"27 561 556";"2024-09-03 15:36:14"
"2024-09-10";"Unknown";"79 809";"7 508";"27 562 931";"2024-09-10 08:17:33"
"2024-09-03";"YouTube";"239 230";"17 569";"27 563 472";"2024-09-04 02:59:47"
"2024-09-08";"";"210 150";"215 116";"27 562 588";"2024-09-08 13:46:52"
"2024-09-01";"";"275 014";"65 311";"27 561 814";"2024-09-01 08:05:43"
"2024-09-08";"";"3 589";"34 935";"27 562 105";"2024-09-08 07:04:25"
"2024-09-01";"Facebook";"43 558";"13 279";"27 561 501";"2024-09-01 08:17:28"
"2024-09-02";"";"847 688";"47 687";"27 562 783";"2024-09-02 10:55:13"
"2024-09-03";"";"284 743";"16 942";"27 562 535";"2024-09-03 08:05:16"
"2024-09-07";"Telegram";"763 318";"110 655";"27 561 611";"2024-09-07 16:13:39"
"2024-09-02";"YouTube";"13 824 115";"1 056 660";"27 561 422";"2024-09-02 10:55:07"
"2024-09-03";"Likee";"40 307";"74 006";"27 561 668";"2024-09-03 04:13:03"
"2024-09-10";"YouTube";"3 899 480";"1 470 832";"27 562 254";"2024-09-10 03:12:03"
"2024-09-08";"Facebook";"28 809";"9 686";"27 563 273";"2024-09-09 02:35:24"
"2024-09-01";"";"4 559 970";"147 527";"27 561 924";"2024-09-01 20:17:34"
"2024-09-02";"";"418 887";"113 982";"27 563 436";"2024-09-03 00:09:48"
"2024-09-04";"";"32 072";"105 090";"27 561 227";"2024-09-04 05:02:51"
"2024-09-08";"";"60 013";"3 773";"27 563 028";"2024-09-08 21:06:37"
"2024-09-07";"";"3 918";"180 427";"27 562 864";"2024-09-07 04:25:43"
"2024-09-09";"Yandex";"148 177";"9 739";"27 563 247";"2024-09-09 23:56:19"
"2024-09-08";"";"189 557";"7 891";"27 563 402";"2024-09-08 03:48:54"
"2024-09-02";"";"84 874";"9 645";"27 561 951";"2024-09-02 10:19:45"
"2024-09-04";"";"539 263";"254 640";"27 562 713";"2024-09-04 10:43:19"
"2024-09-03";"";"67 288";"10 193";"27 561 983";"2024-09-03 12:21:54"
"2024-09-05";"";"41 090";"52 996";"27 562 793";"2024-09-05 09:06:40"
"2024-09-02";"";"43 989";"66 685";"27 561 437";"2024-09-02 13:34:26"
"2024-09-05";"";"412 692";"17 093";"27 563 143";"2024-09-05 20:05:37"
"2024-09-07";"Facebook";"1 475 407";"71 225";"27 561 508";"2024-09-07 03:12:46"
"2024-09-02";"";"128 734";"194 372";"27 562 674";"2024-09-02 21:06:51"
"2024-09-01";"";"485 456";"24 136";"27 563 122";"2024-09-01 03:12:55"
"2024-09-02";"";"143 531";"37 449";"27 562 156";"2024-09-02 23:20:09"
"2024-09-02";"YouTube";"17 651 847";"788 278";"27 562 447";"2024-09-02 16:25:21"
"2024-09-02";"TikTok";"711 216";"8 772 034";"27 561 383";"2024-09-02 13:10:32"
"2024-09-09";"Telegram";"5 306 623";"380 904";"27 561 289";"2024-09-09 10:07:55"
"2024-09-07";"WhatsApp";"52 042";"4 483";"27 563 502";"2024-09-07 08:05:25"
"2024-09-04";"Instagram";"10 152 852";"336 475";"27 562 057";"2024-09-04 10:07:13"
"2024-09-05";"";"2 525 644";"52 240";"27 562 816";"2024-09-05 23:44:38"
"2024-09-10";"";"206 059";"133 426";"27 562 622";"2024-09-10 08:05:34"
"2024-09-07";"";"222 298";"658 562";"27 562 156";"2024-09-07 15:00:48"
"2024-09-09";"";"32 111";"4 267";"27 562 696";"2024-09-09 21:18:03"
"2024-09-05";"";"563 229";"42 363";"27 561 883";"2024-09-05 03:12:55"
"2024-09-03";"";"143 126";"6 565";"27 563 017";"2024-09-03 06:51:56"
"2024-09-10";"";"53 274";"22 166";"27 562 477";"2024-09-10 11:20:34"
"2024-09-01";"";"307 561";"790 985";"27 561 480";"2024-09-01 21:06:05"
"2024-09-03";"";"163 970";"15 714";"27 563 392";"2024-09-03 23:44:56"
"2024-09-06";"Instagram";"4 235 367";"1 385 344";"27 562 780";"2024-09-06 10:31:47"
"2024-09-01";"";"726 471";"391 155";"27 561 347";"2024-09-01 21:06:16"
"2024-09-08";"";"140 720";"25 362";"27 562 172";"2024-09-08 05:02:40"
"2024-09-09";"";"85 510";"10 315";"27 562 641";"2024-09-09 20:05:58"
"2024-09-10";"";"189 156";"1 511 067";"27 563 048";"2024-09-10 18:03:22"
"2024-09-08";"";"958 586";"51 319";"27 561 352";"2024-09-08 12:45:19"
"2024-09-02";"";"16 541";"394 295";"27 561 407";"2024-09-02 07:16:28"
"2024-09-04";"Facebook";"30 594";"3 032";"27 562 149";"2024-09-04 05:26:36"
"2024-09-09";"Tas-ix";"1 824 111";"186 684";"27 562 647";"2024-09-09 06:15:07"
"2024-09-04";"";"200 578";"8 742";"27 562 223";"2024-09-04 19:40:53"
"2024-09-01";"";"1 567 559";"79 327";"27 562 155";"2024-09-01 09:06:28"
"2024-09-07";"";"596 592";"211 120";"27 562 401";"2024-09-07 19:52:37"
"2024-09-04";"YouTube";"1 215 605";"72 567";"27 563 096";"2024-09-04 23:32:41"
"2024-09-04";"VKontakte";"11 480 038";"2 029 206";"27 562 838";"2024-09-04 07:04:32"
"2024-09-08";"Telegram";"1 594 356";"121 610";"27 561 544";"2024-09-08 17:26:59"
"2024-09-05";"";"132 120";"39 532";"27 562 466";"2024-09-05 07:52:36"
"2024-09-06";"YouTube";"3 309 534";"167 007";"27 562 467";"2024-09-07 00:21:25"
"2024-09-10";"";"5 908 503";"1 068 890";"27 563 157";"2024-09-10 20:53:53"
"2024-09-02";"";"285 936";"9 840";"27 561 544";"2024-09-02 03:36:17"
"2024-09-10";"";"91 039";"57 140";"27 562 810";"2024-09-10 06:39:41"
"2024-09-02";"Instagram";"481 518";"82 373";"27 561 983";"2024-09-02 14:11:58"
"2024-09-02";"";"41 083";"3 325";"27 561 197";"2024-09-02 11:08:24"
"2024-09-04";"Tas-ix";"916 421";"34 289";"27 561 271";"2024-09-05 01:10:27"
"2024-09-06";"YouTube";"80 370 327";"4 753 704";"27 561 292";"2024-09-06 18:51:20"
"2024-09-08";"";"29 595";"6 257";"27 562 212";"2024-09-08 23:32:58"
"2024-09-02";"";"26 006";"4 431";"27 562 693";"2024-09-02 08:17:04"
"2024-09-06";"";"89 505";"57 554";"27 561 693";"2024-09-06 14:59:30"
"2024-09-07";"Yandex";"578 283";"367 163";"27 563 112";"2024-09-07 17:26:34"
"2024-09-04";"";"1 998 565";"210 788";"27 561 552";"2024-09-04 12:33:13"
"2024-09-04";"YouTube";"105 488";"45 772";"27 561 361";"2024-09-04 15:00:12"
"2024-09-02";"";"1 209 881";"61 661";"27 563 326";"2024-09-03 01:22:55"
"2024-09-03";"";"615 953";"221 600";"27 562 748";"2024-09-03 04:13:35"
"2024-09-02";"";"2 010 237";"32 292";"27 563 334";"2024-09-02 12:09:25"
"2024-09-03";"";"69 286";"60 657";"27 561 873";"2024-09-03 10:43:39"
"2024-09-01";"";"113 944";"381 449";"27 561 600";"2024-09-01 12:33:33"
"2024-09-04";"";"31 685";"6 391";"27 563 403";"2024-09-04 15:36:20"
"2024-09-07";"";"233 352";"90 171";"27 562 243";"2024-09-07 06:03:55"
"2024-09-01";"Odnoklassniki";"119 843";"13 205";"27 561 402";"2024-09-01 19:28:10"
"2024-09-05";"YouTube";"421 574";"77 296";"27 561 861";"2024-09-05 09:30:08"
"2024-09-09";"";"35 143";"4 149";"27 562 771";"2024-09-09 07:52:32"
"2024-09-03";"";"80 963";"61 111";"27 561 232";"2024-09-03 21:54:40"
"2024-09-09";"";"23 990";"97 983";"27 562 090";"2024-09-09 08:53:19"
"2024-09-07";"";"30 675 093";"1 438 079";"27 561 435";"2024-09-07 23:32:11"
"2024-09-05";"YouTube";"1 229 345";"4 044 343";"27 562 818";"2024-09-05 03:48:56"
"2024-09-08";"Instagram";"118 586";"23 623";"27 562 563";"2024-09-08 12:09:42"
"2024-09-05";"";"588 151";"283 637";"27 561 359";"2024-09-05 15:48:17"
"2024-09-05";"";"71 342";"129 796";"27 563 020";"2024-09-05 21:18:31"
"2024-09-07";"Instagram";"14 995 846";"16 346 959";"27 561 480";"2024-09-07 08:05:48"
"2024-09-05";"";"33 159 254";"3 099 722";"27 563 058";"2024-09-05 19:16:09"
"2024-09-08";"";"123 825";"30 015";"27 561 552";"2024-09-08 03:00:38"
"2024-09-02";"YouTube";"2 873 867";"255 216";"27 561 489";"2024-09-02 14:23:30"
"2024-09-07";"";"53 159";"78 837";"27 563 515";"2024-09-07 23:56:59"
"2024-09-10";"Instagram";"10 338 359";"2 055 011";"27 562 560";"2024-09-10 13:10:33"
"2024-09-03";"";"230 672";"94 620";"27 563 378";"2024-09-03 23:32:12"
"2024-09-08";"";"46 613";"36 581";"27 562 192";"2024-09-08 13:34:51"
"2024-09-08";"";"591 450";"45 685";"27 562 552";"2024-09-08 10:55:11"
"2024-09-06";"";"207 899";"77 987";"27 561 956";"2024-09-07 01:46:38"
"2024-09-10";"YouTube";"211 197";"16 367";"27 563 427";"2024-09-10 23:44:55"
"2024-09-08";"Instagram";"757 607";"137 451";"27 562 261";"2024-09-08 05:38:10"
"2024-09-02";"";"204 834";"136 602";"27 561 216";"2024-09-02 15:36:54"
"2024-09-07";"";"2 493 294";"206 532";"27 562 012";"2024-09-07 21:06:58"
"2024-09-07";"";"422 554";"13 433";"27 563 177";"2024-09-07 06:27:39"
"2024-09-06";"";"768 032";"32 252";"27 562 192";"2024-09-06 07:04:22"
"2024-09-06";"Instagram";"2 680 035";"4 074 992";"27 563 436";"2024-09-06 14:47:50"
"2024-09-04";"Yandex";"27 202";"6 073";"27 562 155";"2024-09-04 14:35:32"
"2024-09-07";"";"89 532";"292 053";"27 561 347";"2024-09-07 12:45:35"
"2024-09-03";"";"27 234";"61 388";"27 563 080";"2024-09-03 17:02:46"
"2024-09-08";"";"2 836 882";"212 891";"27 562 146";"2024-09-09 00:33:17"
"2024-09-05";"Facebook";"107 979";"4 381";"27 562 982";"2024-09-05 19:40:43"
"2024-09-10";"Unknown";"38 364";"2 308";"27 563 318";"2024-09-10 19:52:46"
"2024-09-02";"";"40 202 782";"980 263";"27 562 906";"2024-09-02 08:05:50"
"2024-09-10";"";"14 052 964";"427 649";"27 562 642";"2024-09-11 00:33:26"
"2024-09-10";"";"41 209";"202 736";"27 562 567";"2024-09-10 12:45:39"
"2024-09-08";"";"130 459";"164 186";"27 563 020";"2024-09-09 00:45:06"
"2024-09-10";"Facebook";"429 150";"14 643";"27 563 162";"2024-09-10 12:33:57"
"2024-09-07";"Facebook";"3 619 890";"315 402";"27 563 059";"2024-09-07 15:12:52"
"2024-09-05";"";"57 501";"46 922";"27 562 800";"2024-09-06 02:23:24"
"2024-09-06";"";"65 172";"4 998";"27 562 024";"2024-09-06 21:30:41"
"2024-09-10";"";"28 388";"4 304";"27 562 836";"2024-09-10 07:52:26"
"2024-09-02";"";"20 239";"27 770";"27 562 110";"2024-09-02 12:09:00"
"2024-09-10";"Instagram";"91 834 162";"2 039 841";"27 562 470";"2024-09-10 22:43:40"
"2024-09-01";"";"108 057";"4 708";"27 561 645";"2024-09-01 16:25:47"
"2024-09-01";"";"238 445";"18 871";"27 561 890";"2024-09-01 15:36:53"
"2024-09-01";"";"238 911";"92 915";"27 562 663";"2024-09-01 05:26:18"
"2024-09-08";"Instagram";"500 958";"79 374";"27 562 120";"2024-09-08 15:12:43"
"2024-09-01";"Telegram";"11 122 108";"1 258 823";"27 562 466";"2024-09-01 06:51:29"
"2024-09-08";"";"929 458";"317 408";"27 561 243";"2024-09-08 21:06:48"
"2024-09-06";"";"30 551";"2 052";"27 561 770";"2024-09-06 14:23:26"
"2024-09-03";"";"98 489";"11 343";"27 561 686";"2024-09-03 11:32:18"
"2024-09-06";"";"61 725";"25 774";"27 562 172";"2024-09-06 22:19:34"
"2024-09-02";"";"588 215";"38 707";"27 561 429";"2024-09-02 21:42:29"
"2024-09-06";"";"44 462";"5 257";"27 563 489";"2024-09-06 18:39:17"
"2024-09-06";"";"1 068 534";"121 579";"27 562 090";"2024-09-06 04:13:21"
"2024-09-06";"Likee";"1 132 461";"1 483 065";"27 562 098";"2024-09-06 09:06:55"
"2024-09-03";"";"79 803";"68 008";"27 563 098";"2024-09-03 22:31:38"
"2024-09-03";"Odnoklassniki";"230 792";"93 428";"27 561 649";"2024-09-03 07:40:02"
"2024-09-03";"";"833 574";"109 939";"27 561 216";"2024-09-03 04:13:15"
"2024-09-07";"";"100 841";"11 645";"27 561 600";"2024-09-08 01:46:44"
"2024-09-05";"Instagram";"27 849 457";"855 434";"27 561 518";"2024-09-05 06:51:08"
"2024-09-06";"";"91 208";"77 861";"27 562 240";"2024-09-06 16:49:10"
"2024-09-02";"";"89 587";"14 743";"27 562 737";"2024-09-02 05:50:23"
"2024-09-06";"";"38 719 375";"1 972 678";"27 561 301";"2024-09-06 08:53:00"
"2024-09-06";"Instagram";"2 011 684";"499 792";"27 562 490";"2024-09-06 23:56:34"
"2024-09-03";"";"625 389";"137 310";"27 561 211";"2024-09-03 06:39:06"
"2024-09-04";"";"180 529";"8 490";"27 562 156";"2024-09-04 22:19:30"
"2024-09-07";"";"137 576";"357 437";"27 562 236";"2024-09-07 16:13:30"
"2024-09-04";"";"1 420 445";"215 652";"27 562 644";"2024-09-04 20:17:40"
"2024-09-04";"Facebook";"697 122";"34 097";"27 562 560";"2024-09-04 14:59:52"
"2024-09-08";"";"1 118 338";"141 335";"27 562 690";"2024-09-08 12:33:56"
"2024-09-01";"";"6 686 569";"294 959";"27 562 696";"2024-09-01 03:48:35"
"2024-09-07";"";"435 331";"13 201";"27 563 087";"2024-09-07 23:32:45"
"2024-09-02";"";"265 559";"17 337";"27 562 630";"2024-09-02 11:56:08"
"2024-09-06";"Instagram";"776 050";"46 751";"27 562 993";"2024-09-06 12:21:08"
"2024-09-05";"";"229 097";"12 846";"27 562 040";"2024-09-06 02:23:19"
"2024-09-03";"";"20 003";"33 952";"27 563 014";"2024-09-03 06:15:59"
"2024-09-08";"";"43 527";"8 018";"27 561 796";"2024-09-08 20:05:35"
"2024-09-06";"Instagram";"754 171";"55 318";"27 562 966";"2024-09-06 20:29:54"
"2024-09-08";"";"2 168 805";"37 503";"27 561 743";"2024-09-08 15:48:43"
"2024-09-06";"";"122 946";"25 248";"27 562 617";"2024-09-06 21:54:41"
"2024-09-02";"";"1 307 506";"47 484";"27 563 153";"2024-09-03 01:10:49"
"2024-09-06";"";"5 983";"81 269";"27 563 111";"2024-09-06 15:12:32"
"2024-09-08";"";"1 093 025";"45 239";"27 561 337";"2024-09-08 19:04:42"
"2024-09-04";"";"2 001 580";"30 390";"27 563 036";"2024-09-04 13:10:39"
"2024-09-06";"";"65 621";"43 915";"27 561 435";"2024-09-06 03:36:15"
"2024-09-05";"";"87 623";"58 310";"27 563 453";"2024-09-05 16:13:19"
"2024-09-06";"";"420";"61 210";"27 563 501";"2024-09-07 01:10:16"
"2024-09-05";"Facebook";"2 275 146";"984 640";"27 562 544";"2024-09-05 13:46:17"
"2024-09-02";"Yandex";"34 197";"4 773";"27 562 318";"2024-09-02 21:30:29"
"2024-09-02";"Facebook";"32 435";"6 958";"27 563 026";"2024-09-02 12:33:33"
"2024-09-04";"";"2 048 057";"105 938";"27 563 217";"2024-09-04 22:55:59"
"2024-09-10";"WhatsApp";"14 700 677";"37 272 340";"27 561 806";"2024-09-10 12:57:10"
"2024-09-04";"";"30 503";"9 656";"27 562 966";"2024-09-04 10:19:41"
"2024-09-08";"YouTube";"57 653";"21 460";"27 563 220";"2024-09-08 12:33:11"
"2024-09-04";"";"498 656";"26 649";"27 562 808";"2024-09-04 20:05:33"
"2024-09-02";"";"48 081";"3 542";"27 563 003";"2024-09-03 02:23:36"
"2024-09-05";"Instagram";"49 601";"5 140";"27 562 734";"2024-09-06 00:21:07"
"2024-09-04";"";"7 300 878";"408 256";"27 562 124";"2024-09-05 01:34:51"
"2024-09-04";"YouTube";"83 822";"4 973";"27 562 717";"2024-09-04 22:55:47"
"2024-09-03";"Instagram";"48 712 987";"1 005 966";"27 562 427";"2024-09-03 04:13:29"
"2024-09-09";"Apple Music";"190 815";"12 552";"27 562 234";"2024-09-09 18:27:53"
"2024-09-04";"";"0";"29 201";"27 563 017";"2024-09-04 20:41:52"
"2024-09-08";"";"19 999";"37 345";"27 562 073";"2024-09-08 11:44:33"
"2024-09-03";"YouTube";"25 742";"7 535";"27 562 250";"2024-09-03 16:37:32"
"2024-09-03";"Tas-ix";"221 173";"20 267";"27 561 466";"2024-09-03 03:00:14"
"2024-09-06";"Telegram";"4 087 190";"292 219";"27 562 861";"2024-09-06 12:09:54"
"2024-09-04";"Instagram";"29 561";"4 721";"27 562 511";"2024-09-04 13:22:42"
"2024-09-07";"";"230 627";"11 854";"27 561 199";"2024-09-07 12:21:24"
"2024-09-04";"";"33 316";"2 796";"27 561 707";"2024-09-04 19:52:01"
"2024-09-04";"";"33 365";"5 550";"27 563 379";"2024-09-04 14:35:29"
"2024-09-09";"Facebook";"34 727";"21 411";"27 562 152";"2024-09-09 05:38:21"
"2024-09-09";"Telegram";"354 994 755";"16 937 976";"27 562 541";"2024-09-09 06:51:47"
"2024-09-02";"VKontakte";"33 987";"2 403";"27 563 358";"2024-09-02 09:30:03"
"2024-09-08";"";"71 789";"40 918";"27 562 993";"2024-09-08 06:27:47"
"2024-09-05";"";"1 141 074";"584 431";"27 563 059";"2024-09-05 04:25:35"
"2024-09-05";"";"106 436";"3 625";"27 563 063";"2024-09-06 00:21:20"
"2024-09-01";"";"990 824";"27 632";"27 561 548";"2024-09-01 19:16:44"
"2024-09-05";"";"700";"36 711";"27 563 207";"2024-09-05 22:31:14"
"2024-09-10";"";"632 920";"180 983";"27 562 560";"2024-09-10 18:03:39"
"2024-09-04";"YouTube";"3 327 870";"1 915 427";"27 563 145";"2024-09-04 20:17:52"
"2024-09-09";"";"333 695";"48 399";"27 562 240";"2024-09-09 17:14:40"
"2024-09-05";"";"30 802";"16 556";"27 561 884";"2024-09-05 09:18:53"
"2024-09-06";"";"117 514";"11 460";"27 562 497";"2024-09-07 01:34:29"
"2024-09-02";"";"31 790";"10 373";"27 561 219";"2024-09-02 22:43:01"
"2024-09-02";"";"1 615 244";"117 116";"27 563 058";"2024-09-02 19:40:43"
"2024-09-06";"";"204 909";"23 438";"27 561 671";"2024-09-06 14:47:03"
"2024-09-04";"";"334 496";"4 894 857";"27 563 001";"2024-09-04 20:53:33"
"2024-09-04";"";"250 986";"159 981";"27 562 364";"2024-09-04 18:27:29"
"2024-09-07";"";"49 850";"2 520";"27 561 237";"2024-09-07 05:50:43"
"2024-09-10";"";"5 983 820";"276 666";"27 562 148";"2024-09-10 17:26:24"
"2024-09-06";"";"76 988";"17 947";"27 563 392";"2024-09-06 18:15:49"
"2024-09-05";"Instagram";"496 662";"50 934";"27 562 781";"2024-09-05 15:36:15"
"2024-09-06";"Unknown";"98 232";"79 403";"27 562 611";"2024-09-06 14:35:36"
"2024-09-04";"YouTube";"114 292";"39 980";"27 562 471";"2024-09-04 03:12:42"
"2024-09-08";"";"104 848";"364 646";"27 562 827";"2024-09-08 09:54:14"
"2024-09-08";"YouTube";"49 359";"6 522";"27 561 265";"2024-09-08 12:21:18"
"2024-09-09";"";"28 474";"33 486";"27 561 257";"2024-09-09 19:40:19"
"2024-09-03";"";"2 561 294";"121 670";"27 561 697";"2024-09-03 07:04:09"
"2024-09-05";"";"734 687";"31 625";"27 562 534";"2024-09-05 19:52:43"
"2024-09-05";"";"50 728";"14 573";"27 561 828";"2024-09-06 00:21:53"
"2024-09-08";"Instagram";"43 757";"10 874";"27 562 601";"2024-09-08 10:31:06"
"2024-09-01";"";"63 120";"13 276";"27 561 689";"2024-09-01 07:16:43"
"2024-09-07";"";"46 127";"4 290";"27 561 950";"2024-09-07 20:17:24"
"2024-09-04";"";"162 286";"10 980";"27 561 626";"2024-09-04 13:46:52"
"2024-09-10";"";"308 161";"121 779";"27 561 302";"2024-09-10 07:40:39"
"2024-09-03";"";"38 690";"4 454";"27 563 008";"2024-09-03 19:04:11"
"2024-09-04";"";"67 302";"3 496";"27 562 347";"2024-09-05 01:58:47"
"2024-09-05";"";"173 963";"10 286";"27 563 218";"2024-09-05 04:49:42"
"2024-09-06";"YouTube";"5 588 940";"1 442 826";"27 561 490";"2024-09-06 09:06:57"
"2024-09-03";"Instagram";"19 722 116";"1 257 839";"27 562 521";"2024-09-03 22:55:39"
"2024-09-08";"TikTok";"85 002";"1 053 584";"27 561 470";"2024-09-08 05:26:45"
"2024-09-07";"";"98 253";"13 907";"27 562 352";"2024-09-07 11:20:41"
"2024-09-09";"Yandex";"388 654";"29 971";"27 561 254";"2024-09-09 20:05:46"
"2024-09-06";"";"56 652";"2 699";"27 562 484";"2024-09-07 02:11:53"
"2024-09-08";"";"897 099";"194 249";"27 562 143";"2024-09-08 23:08:53"
"2024-09-10";"YouTube";"20 679 189";"2 841 120";"27 561 944";"2024-09-11 00:09:03"
"2024-09-03";"";"132 912";"30 946";"27 563 127";"2024-09-03 13:58:18"
"2024-09-08";"";"429 650";"99 983";"27 562 646";"2024-09-08 04:13:16"
"2024-09-01";"Facebook";"46 032";"5 564";"27 563 371";"2024-09-01 23:56:35"
"2024-09-05";"Spotify";"756 819";"48 833";"27 561 224";"2024-09-05 23:32:16"
"2024-09-10";"";"1 039 251";"445 823";"27 562 226";"2024-09-10 05:14:30"
"2024-09-02";"";"189 192 145";"18 562 424";"27 561 669";"2024-09-02 12:09:45"
"2024-09-07";"Telegram";"57 797 600";"2 369 508";"27 563 451";"2024-09-07 23:08:51"
"2024-09-05";"";"1 056 563";"55 472";"27 561 239";"2024-09-05 22:55:20"
"2024-09-01";"Tas-ix";"2 434 862";"145 716";"27 561 612";"2024-09-01 05:38:05"
"2024-09-10";"Facebook";"1 571 584";"108 773";"27 562 075";"2024-09-11 00:57:03"
"2024-09-07";"Instagram";"752 659";"93 180";"27 562 527";"2024-09-07 10:19:58"
"2024-09-09";"YouTube";"139 453";"443 613";"27 562 608";"2024-09-09 13:46:10"
"2024-09-05";"YouTube";"168 603";"1 939 310";"27 561 341";"2024-09-05 20:53:19"
"2024-09-10";"";"660 004";"40 162";"27 562 366";"2024-09-10 17:26:41"
"2024-09-06";"";"198 188";"74 499";"27 563 223";"2024-09-07 02:47:26"
"2024-09-08";"YouTube";"150 410";"1 580 634";"27 563 244";"2024-09-08 23:44:30"
"2024-09-06";"Facebook";"119 679";"35 124";"27 561 627";"2024-09-06 06:03:48"
"2024-09-09";"Facebook";"472 570";"50 922";"27 562 512";"2024-09-09 07:52:14"
"2024-09-10";"";"157 677";"28 004";"27 561 307";"2024-09-10 20:41:56"
"2024-09-02";"YouTube";"344 352";"104 722";"27 561 840";"2024-09-02 13:34:50"
"2024-09-05";"";"67 836";"19 247";"27 561 290";"2024-09-05 14:23:30"
"2024-09-01";"";"39 326";"10 585";"27 561 762";"2024-09-01 18:51:19"
"2024-09-10";"";"109 727";"145 141";"27 562 651";"2024-09-10 15:48:28"
"2024-09-07";"";"34 339";"3 765";"27 562 458";"2024-09-07 19:04:21"
"2024-09-01";"Instagram";"703 596";"120 607";"27 562 255";"2024-09-01 22:43:22"
"2024-09-03";"";"215 858";"42 990";"27 562 059";"2024-09-03 11:08:08"
"2024-09-09";"YouTube";"3 437 881";"244 814";"27 561 232";"2024-09-09 18:15:46"
"2024-09-01";"YouTube";"37 791";"9 155";"27 562 531";"2024-09-01 05:26:49"
"2024-09-04";"Likee";"594 723";"629 332";"27 561 484";"2024-09-04 10:55:00"
"2024-09-09";"YouTube";"374 091";"67 110";"27 561 874";"2024-09-09 12:21:32"
"2024-09-05";"Instagram";"1 204 036";"30 506";"27 563 008";"2024-09-05 09:42:45"
"2024-09-06";"";"35 971";"45 572";"27 562 097";"2024-09-06 18:03:35"
"2024-09-07";"YouTube";"356 211";"27 239";"27 561 356";"2024-09-07 05:50:54"
"2024-09-06";"";"39 362";"47 606";"27 561 870";"2024-09-06 19:28:29"
"2024-09-07";"";"76 097";"17 811";"27 563 023";"2024-09-07 23:08:39"
"2024-09-02";"";"394 363";"25 353";"27 562 989";"2024-09-02 07:16:57"
"2024-09-08";"";"1 188 331";"855 257";"27 561 331";"2024-09-08 15:48:35"
"2024-09-02";"";"228 697";"21 974";"27 563 421";"2024-09-02 18:51:46"
"2024-09-05";"Apple Music";"94 466";"29 048";"27 561 924";"2024-09-05 13:34:35"
"2024-09-10";"";"38 072 015";"2 399 252";"27 561 942";"2024-09-10 22:07:12"
"2024-09-02";"Telegram";"10 600 157";"955 828";"27 563 494";"2024-09-02 12:45:59"
"2024-09-10";"PUBG";"57 453";"5 706";"27 562 850";"2024-09-10 18:39:31"
"2024-09-09";"";"9 854 120";"369 244";"27 562 462";"2024-09-09 15:24:53"
"2024-09-09";"";"823 105";"45 508";"27 562 984";"2024-09-09 08:53:46"
"2024-09-06";"YouTube";"61 772";"10 188";"27 561 217";"2024-09-06 11:20:59"
"2024-09-03";"Instagram";"89 967";"7 550";"27 561 595";"2024-09-03 08:17:15"
"2024-09-08";"";"763 593";"27 407";"27 562 812";"2024-09-08 11:20:50"
"2024-09-05";"";"74 299";"89 000";"27 561 851";"2024-09-05 06:39:12"
"2024-09-05";"Facebook";"1 017 948";"59 820";"27 562 540";"2024-09-05 03:48:37"
"2024-09-04";"Apple Music";"207 182";"67 395";"27 562 504";"2024-09-04 20:17:45"
"2024-09-01";"";"1 229 828";"250 842";"27 561 591";"2024-09-01 17:50:46"
"2024-09-01";"";"7 491 918";"735 828";"27 561 375";"2024-09-01 21:06:17"
"2024-09-06";"PUBG";"334 040";"16 791";"27 562 557";"2024-09-07 02:11:28"
"2024-09-07";"";"36 233";"1 914";"27 562 646";"2024-09-07 14:47:21"
"2024-09-05";"";"30 036 811";"2 067 700";"27 563 393";"2024-09-06 02:11:45"
"2024-09-10";"";"13 756";"82 454";"27 561 818";"2024-09-10 21:30:02"
"2024-09-07";"";"40 815";"50 890";"27 562 566";"2024-09-07 04:25:17"
"2024-09-05";"";"46 267";"23 445";"27 563 464";"2024-09-05 19:52:37"
"2024-09-05";"Instagram";"526 076";"71 882";"27 562 382";"2024-09-06 01:58:39"
"2024-09-03";"Instagram";"200 653 373";"6 290 151";"27 563 336";"2024-09-03 23:44:35"
"2024-09-02";"";"39 494";"2 408";"27 562 837";"2024-09-03 01:22:59"
"2024-09-06";"";"109 557";"8 880";"27 561 737";"2024-09-07 00:57:44"
"2024-09-02";"";"611 381";"27 648";"27 562 059";"2024-09-02 08:29:30"
"2024-09-01";"";"4 125 926";"799 649";"27 562 668";"2024-09-01 10:55:55"
"2024-09-08";"";"22 931";"109 016";"27 561 802";"2024-09-08 22:07:59"
"2024-09-06";"YouTube";"107 079 091";"5 954 864";"27 561 466";"2024-09-06 06:15:59"
"2024-09-06";"";"1 073 077";"105 620";"27 563 136";"2024-09-06 12:57:26"
"2024-09-08";"VKontakte";"964 012";"90 827";"27 563 136";"2024-09-08 18:39:48"
"2024-09-06";"Facebook";"166 583";"63 361";"27 562 064";"2024-09-06 03:24:19"
"2024-09-02";"";"23 428";"281 378";"27 562 051";"2024-09-02 09:06:48"
"2024-09-09";"";"820 633";"239 663";"27 561 539";"2024-09-09 03:36:42"
"2024-09-09";"";"230 443";"27 882";"27 561 378";"2024-09-09 16:25:03"
"2024-09-08";"";"64 104";"13 927";"27 561 324";"2024-09-08 10:31:00"
"2024-09-10";"";"89 823";"5 316";"27 562 266";"2024-09-10 06:39:51"
"2024-09-09";"Instagram";"82 711";"19 421";"27 563 152";"2024-09-09 15:12:01"
"2024-09-08";"";"1 305 139";"1 707 911";"27 561 418";"2024-09-08 21:30:10"
"2024-09-02";"";"505 217";"20 154";"27 563 211";"2024-09-02 14:11:33"
"2024-09-08";"";"333 624";"149 633";"27 562 915";"2024-09-08 20:17:32"
"2024-09-02";"";"579 356";"31 060";"27 562 957";"2024-09-02 03:36:44"
"2024-09-06";"";"5 741 145";"142 552";"27 562 172";"2024-09-06 04:37:36"
"2024-09-02";"";"952 060";"40 786";"27 562 447";"2024-09-02 17:26:28"
"2024-09-09";"";"32 584";"10 963";"27 563 147";"2024-09-09 14:47:15"
"2024-09-04";"";"46 890";"2 666";"27 562 376";"2024-09-04 23:56:15"
"2024-09-04";"";"144 605 712";"153 314 432";"27 562 436";"2024-09-04 11:44:21"
"2024-09-03";"";"410 271";"12 564";"27 561 877";"2024-09-03 06:15:28"
"2024-09-10";"";"591 784";"240 486";"27 561 314";"2024-09-11 01:10:42"
"2024-09-02";"";"82 407";"3 116";"27 563 199";"2024-09-02 14:23:15"
"2024-09-01";"";"38 174";"2 298";"27 562 410";"2024-09-01 11:32:44"
"2024-09-08";"Yandex Video";"7 840";"72 849";"27 562 259";"2024-09-08 04:49:26"
"2024-09-07";"";"77 344";"310 287";"27 562 783";"2024-09-07 10:31:36"
"2024-09-08";"";"16 178";"42 925";"27 561 312";"2024-09-08 18:03:51"
"2024-09-04";"YouTube";"5 714 342";"2 003 575";"27 563 336";"2024-09-05 00:57:19"
"2024-09-10";"";"84 757 713";"1 352 842";"27 561 424";"2024-09-10 22:55:45"
"2024-09-02";"";"71 462";"8 006";"27 561 273";"2024-09-02 07:28:14"
"2024-09-02";"";"38 074";"2 656";"27 561 262";"2024-09-02 05:50:47"
"2024-09-05";"Telegram";"33 655 139";"2 017 495";"27 562 470";"2024-09-05 21:54:26"
"2024-09-10";"TikTok";"40 405";"321 412";"27 561 842";"2024-09-10 20:17:18"
"2024-09-02";"YouTube";"460 492";"78 087";"27 561 207";"2024-09-02 22:19:45"
"2024-09-05";"Instagram";"209 607";"48 779";"27 562 513";"2024-09-05 05:26:03"
"2024-09-06";"Instagram";"22 633 128";"1 408 691";"27 563 128";"2024-09-06 14:59:58"
"2024-09-09";"";"83 505";"4 658";"27 563 467";"2024-09-09 14:23:41"
"2024-09-07";"YouTube";"318 762 914";"24 144 900";"27 561 370";"2024-09-07 17:14:18"
"2024-09-08";"";"47 509";"1 663";"27 562 668";"2024-09-08 23:32:11"
"2024-09-03";"YouTube";"880 773";"39 801";"27 562 418";"2024-09-03 09:54:25"
"2024-09-01";"";"431 166";"713 028";"27 563 489";"2024-09-01 21:54:41"
"2024-09-10";"";"57 996";"7 632";"27 562 057";"2024-09-10 15:48:56"
"2024-09-08";"";"421 301";"15 276";"27 562 903";"2024-09-08 20:17:45"
"2024-09-07";"";"1 829 268";"79 728";"27 563 048";"2024-09-07 15:36:09"
"2024-09-07";"";"1 721 315";"185 275";"27 562 938";"2024-09-07 09:30:45"
"2024-09-10";"Telegram";"6 269 723";"318 036";"27 562 490";"2024-09-11 02:59:57"
"2024-09-08";"";"280 942";"78 636";"27 562 752";"2024-09-08 13:58:55"
"2024-09-01";"";"18 418";"29 949";"27 563 463";"2024-09-01 10:07:03"
"2024-09-07";"";"151 023";"18 250";"27 563 263";"2024-09-07 04:13:12"
"2024-09-03";"";"91 458";"5 067";"27 563 066";"2024-09-04 00:45:05"
"2024-09-09";"Instagram";"4 096 599";"4 769 202";"27 562 127";"2024-09-09 12:21:38"
"2024-09-01";"Unknown";"841 923";"129 257";"27 561 214";"2024-09-01 23:20:51"
"2024-09-05";"WeChat";"4 327 132";"590 899";"27 562 784";"2024-09-06 02:11:40"
"2024-09-06";"";"163 770";"25 893";"27 562 224";"2024-09-06 18:03:36"
"2024-09-07";"";"29 920";"17 148";"27 562 099";"2024-09-07 07:28:50"
"2024-09-04";"";"458 420";"21 733";"27 562 666";"2024-09-04 12:33:01"
"2024-09-06";"";"78 460";"224 042";"27 561 725";"2024-09-06 09:42:25"
"2024-09-03";"";"40 111";"27 777";"27 561 997";"2024-09-03 19:28:18"
"2024-09-09";"Telegram";"9 774 185";"556 720";"27 561 715";"2024-09-09 12:45:49"
"2024-09-05";"";"32 122";"15 475";"27 563 145";"2024-09-05 08:17:55"
"2024-09-07";"";"174 339";"414 339";"27 561 707";"2024-09-07 09:18:06"
"2024-09-05";"";"1 923 203";"220 909";"27 563 252";"2024-09-05 03:12:21"
"2024-09-10";"";"80 556 608";"4 539 379";"27 562 224";"2024-09-10 06:27:39"
"2024-09-02";"";"95 891";"320 630";"27 562 499";"2024-09-02 04:01:25"
"2024-09-09";"";"27 147";"13 076";"27 562 849";"2024-09-10 02:23:42"
"2024-09-02";"";"16 511";"30 651";"27 562 205";"2024-09-02 05:02:51"
"2024-09-06";"";"5 790";"26 961";"27 562 780";"2024-09-06 18:51:27"
"2024-09-01";"YouTube";"335 398";"42 890";"27 561 901";"2024-09-01 03:48:02"
"2024-09-07";"";"79 293";"20 896";"27 561 883";"2024-09-07 16:49:41"
"2024-09-04";"";"25 938";"12 712";"27 561 468";"2024-09-04 13:10:26"
"2024-09-09";"";"14 560";"25 719";"27 561 388";"2024-09-09 10:19:42"
"2024-09-04";"WhatsApp";"313 766";"22 908";"27 561 602";"2024-09-04 05:14:06"
"2024-09-01";"";"2 676 843";"86 241";"27 561 331";"2024-09-01 15:24:30"
"2024-09-02";"YouTube";"49 270 308";"4 956 489";"27 561 427";"2024-09-03 00:57:47"
"2024-09-10";"";"55 662";"5 824";"27 562 156";"2024-09-11 01:46:14"
"2024-09-03";"Instagram";"128 913";"21 879";"27 562 484";"2024-09-03 03:12:07"
"2024-09-01";"";"76 513";"27 190";"27 563 442";"2024-09-02 02:23:17"
"2024-09-03";"";"279 469";"53 997";"27 562 978";"2024-09-03 13:46:34"
"2024-09-09";"";"28 088";"1 924";"27 561 567";"2024-09-09 15:12:00"
"2024-09-03";"YouTube";"29 655";"8 444";"27 563 070";"2024-09-03 14:59:20"
"2024-09-05";"";"1 342 556";"69 275";"27 562 919";"2024-09-05 10:31:18"
"2024-09-04";"";"34 863";"65 721";"27 562 944";"2024-09-04 03:24:45"
"2024-09-03";"";"292 368";"15 122";"27 562 240";"2024-09-03 05:50:14"
"2024-09-04";"";"39 623";"31 201";"27 563 228";"2024-09-04 03:24:48"
"2024-09-04";"Facebook";"25 820";"9 818";"27 562 984";"2024-09-05 01:58:56"
"2024-09-10";"Telegram";"76 103 161";"12 441 326";"27 562 644";"2024-09-10 18:27:24"
"2024-09-02";"";"18 173";"26 319";"27 562 222";"2024-09-02 23:32:24"
"2024-09-03";"";"118 116";"65 696";"27 563 082";"2024-09-03 23:32:38"
"2024-09-03";"";"752 352";"194 313";"27 563 453";"2024-09-03 12:45:46"
"2024-09-08";"Instagram";"446 454";"12 657";"27 562 125";"2024-09-08 18:51:31"
"2024-09-01";"";"240 296";"48 972";"27 563 152";"2024-09-01 23:08:12"
"2024-09-09";"";"103 056 948";"8 229 230";"27 561 172";"2024-09-09 05:38:41"
"2024-09-04";"Instagram";"4 262 006";"3 762 920";"27 561 227";"2024-09-05 01:46:29"
"2024-09-10";"VKontakte";"36 540";"3 242";"27 561 247";"2024-09-10 17:02:37"
"2024-09-01";"";"432 974";"13 120";"27 562 512";"2024-09-01 09:54:20"
"2024-09-10";"";"26 015";"4 617";"27 561 629";"2024-09-10 11:32:06"
"2024-09-10";"";"155 928";"26 488";"27 562 629";"2024-09-10 19:16:24"
"2024-09-03";"";"6 522 592";"200 320";"27 562 613";"2024-09-03 11:32:29"
"2024-09-06";"";"296 066";"10 614";"27 562 800";"2024-09-06 11:20:06"
"2024-09-06";"";"1 771 165";"81 160";"27 562 006";"2024-09-06 08:05:43"
"2024-09-02";"";"82 948";"6 710";"27 563 031";"2024-09-02 21:18:56"
"2024-09-05";"Yandex";"1 107 427";"76 948";"27 561 592";"2024-09-06 02:35:23"
"2024-09-06";"Yandex";"812 187";"51 865";"27 561 331";"2024-09-06 07:52:00"
"2024-09-07";"";"37 571";"6 352";"27 561 477";"2024-09-07 06:03:19"
"2024-09-07";"";"245 097";"183 475";"27 561 622";"2024-09-07 07:52:25"
"2024-09-05";"Instagram";"297 771";"35 720";"27 563 503";"2024-09-05 14:11:34"
"2024-09-04";"Instagram";"131 744";"15 074";"27 562 173";"2024-09-04 13:58:28"
"2024-09-10";"";"101 920";"1 980 917";"27 562 917";"2024-09-11 00:57:08"
"2024-09-06";"";"1 298 603";"49 458";"27 562 692";"2024-09-06 08:41:40"
"2024-09-01";"";"267 705";"18 434";"27 563 392";"2024-09-01 14:59:41"
"2024-09-09";"Yandex Video";"6 355 211";"293 636";"27 561 800";"2024-09-09 10:07:08"
"2024-09-03";"Instagram";"329 359 979";"6 696 210";"27 562 656";"2024-09-03 08:29:21"
"2024-09-10";"";"29 472";"15 596";"27 562 243";"2024-09-10 23:08:30"
"2024-09-06";"WhatsApp";"7 671 187";"8 089 334";"27 561 403";"2024-09-06 12:21:45"
"2024-09-02";"";"156 873";"13 932";"27 563 219";"2024-09-03 00:45:28"
"2024-09-08";"";"76 403 194";"1 075 716";"27 562 737";"2024-09-09 01:10:09"
"2024-09-03";"";"30 465";"15 427";"27 563 267";"2024-09-03 07:52:38"
"2024-09-05";"";"53 377";"8 555";"27 563 295";"2024-09-05 15:12:19"
"2024-09-01";"";"64 398";"4 860";"27 562 230";"2024-09-01 21:18:32"
"2024-09-05";"";"39 470";"2 876";"27 561 306";"2024-09-05 13:46:03"
"2024-09-06";"";"32 969";"7 838";"27 562 935";"2024-09-06 10:07:48"
"2024-09-10";"";"2 207 541";"550 816";"27 561 690";"2024-09-10 16:37:43"
"2024-09-02";"";"48 363";"7 736";"27 562 002";"2024-09-02 14:59:20"
"2024-09-01";"";"7 275 056";"207 131";"27 561 697";"2024-09-01 22:07:01"
"2024-09-05";"";"2 495 739";"214 076";"27 562 330";"2024-09-06 02:35:38"
"2024-09-06";"";"36 367";"2 376";"27 562 899";"2024-09-06 10:43:27"
"2024-09-07";"";"3 974 529";"705 040";"27 563 030";"2024-09-07 04:49:55"
"2024-09-08";"";"169 443";"9 306";"27 562 445";"2024-09-09 00:09:47"
"2024-09-08";"";"31 168";"4 332";"27 562 022";"2024-09-08 07:40:55"
"2024-09-09";"WhatsApp";"118 094";"39 604";"27 561 205";"2024-09-09 21:18:16"
"2024-09-06";"";"197 025";"10 506";"27 561 905";"2024-09-06 06:51:35"
"2024-09-06";"";"106 146";"10 051";"27 562 100";"2024-09-06 16:37:21"
"2024-09-10";"";"120 988";"6 944";"27 561 204";"2024-09-10 15:12:19"
"2024-09-03";"";"680 272";"147 195";"27 562 998";"2024-09-03 22:07:54"
"2024-09-02";"";"4 616";"32 443";"27 562 044";"2024-09-02 06:39:10"
"2024-09-10";"";"1 096 666";"1 072 462";"27 561 213";"2024-09-10 11:08:31"
"2024-09-01";"";"429 974";"36 994";"27 562 989";"2024-09-01 03:48:49"
"2024-09-02";"";"765 854";"163 383";"27 562 252";"2024-09-02 08:17:52"
"2024-09-10";"";"1 890 620";"1 136 476";"27 561 207";"2024-09-10 03:36:30"
"2024-09-01";"";"532 659";"29 593";"27 561 956";"2024-09-01 07:52:42"
"2024-09-07";"Instagram";"174 901";"8 264";"27 561 600";"2024-09-08 00:45:31"
"2024-09-02";"";"566 317";"187 760";"27 563 169";"2024-09-03 00:57:40"
"2024-09-01";"YouTube";"383 760";"110 126";"27 562 609";"2024-09-01 17:26:18"
"2024-09-06";"";"1 220 858";"107 128";"27 563 416";"2024-09-06 21:06:19"
"2024-09-09";"Apple Music";"94 334";"4 599";"27 563 128";"2024-09-09 08:53:29"
"2024-09-07";"Instagram";"51 416 286";"1 492 072";"27 562 824";"2024-09-08 01:58:03"
"2024-09-03";"TikTok";"9 660";"497 296";"27 562 192";"2024-09-03 07:16:29"
"2024-09-09";"";"43 066";"4 187";"27 561 555";"2024-09-10 00:33:52"
"2024-09-07";"";"1 389 064";"66 209";"27 563 463";"2024-09-07 12:33:32"
"2024-09-05";"";"42 086";"8 127";"27 562 782";"2024-09-05 08:53:22"
"2024-09-04";"";"53 909";"673 845";"27 562 014";"2024-09-04 05:14:17"
"2024-09-10";"";"30 978";"2 716";"27 561 944";"2024-09-11 01:34:36"
"2024-09-08";"YouTube";"153 441 666";"13 062 081";"27 562 787";"2024-09-08 06:27:37"
"2024-09-06";"YouTube";"324 377";"18 866";"27 561 842";"2024-09-06 22:43:12"
"2024-09-03";"Instagram";"1 128 298";"297 215";"27 562 900";"2024-09-03 12:33:35"
"2024-09-06";"";"28 065";"3 305";"27 561 827";"2024-09-06 05:50:13"
"2024-09-03";"";"562 791";"384 697";"27 562 100";"2024-09-03 19:28:54"
"2024-09-02";"";"842 001";"107 778";"27 562 024";"2024-09-02 06:39:17"
"2024-09-09";"";"75 077";"113 216";"27 562 566";"2024-09-09 16:13:22"
"2024-09-03";"";"28 221";"4 804";"27 562 339";"2024-09-03 04:25:30"
"2024-09-10";"";"426 028";"17 567";"27 562 085";"2024-09-10 06:15:55"
"2024-09-03";"";"639 831";"161 067";"27 562 895";"2024-09-03 21:18:28"
"2024-09-09";"";"34 096";"2 834";"27 563 496";"2024-09-09 21:30:09"
"2024-09-10";"";"152 781";"660 570";"27 561 787";"2024-09-10 18:51:33"
"2024-09-02";"YouTube";"29 620";"5 836";"27 562 397";"2024-09-02 11:56:54"
"2024-09-10";"";"2 337 041";"135 757";"27 561 171";"2024-09-10 09:18:07"
"2024-09-08";"";"8 827";"41 396";"27 563 247";"2024-09-08 18:03:22"
"2024-09-04";"";"70 726";"139 975";"27 561 988";"2024-09-04 08:41:07"
"2024-09-03";"";"109 961";"11 990";"27 562 257";"2024-09-03 10:31:19"
"2024-09-03";"";"78 241";"464 299";"27 563 094";"2024-09-03 23:20:25"
"2024-09-08";"";"34 588";"3 277";"27 562 804";"2024-09-08 20:05:18"
"2024-09-10";"";"94 314";"27 492";"27 561 752";"2024-09-10 09:06:18"
"2024-09-02";"";"156 392";"13 942";"27 561 384";"2024-09-02 09:54:23"
"2024-09-09";"Facebook";"98 312";"6 249";"27 562 629";"2024-09-09 20:41:25"
"2024-09-06";"YouTube";"89 205";"41 609";"27 563 328";"2024-09-06 17:14:48"
"2024-09-07";"";"319 783";"23 504";"27 562 435";"2024-09-07 18:27:12"
"2024-09-09";"";"103 799";"375 207";"27 561 622";"2024-09-09 17:26:50"
"2024-09-06";"YouTube";"200 836";"2 266 003";"27 561 785";"2024-09-07 02:59:08"
"2024-09-08";"";"76 397";"123 210";"27 561 650";"2024-09-09 02:47:16"
"2024-09-10";"";"331 973";"13 399";"27 562 413";"2024-09-10 15:12:33"
"2024-09-06";"YouTube";"258 294";"34 096";"27 563 102";"2024-09-07 01:10:43"
"2024-09-08";"";"104 739";"8 910";"27 562 780";"2024-09-08 12:09:56"
"2024-09-09";"";"35 618";"43 071";"27 561 863";"2024-09-09 20:29:06"
"2024-09-03";"";"170 792";"31 835";"27 562 862";"2024-09-03 22:07:46"
"2024-09-06";"";"49 894";"5 320";"27 562 580";"2024-09-06 17:14:12"
"2024-09-02";"";"25 309";"42 536";"27 562 388";"2024-09-03 00:45:18"
"2024-09-05";"YouTube";"18 157";"36 585";"27 561 712";"2024-09-06 01:22:07"
"2024-09-06";"";"77 363";"10 602";"27 562 192";"2024-09-06 08:05:39"
"2024-09-05";"";"63 132";"6 964";"27 562 538";"2024-09-05 19:16:40"
"2024-09-10";"YouTube";"3 424 103";"159 776";"27 562 693";"2024-09-10 10:19:18"
"2024-09-03";"Tas-ix";"245 359";"52 253";"27 562 211";"2024-09-03 15:12:36"
"2024-09-08";"";"2 523 809";"110 361";"27 561 718";"2024-09-08 05:50:01"
"2024-09-10";"Telegram";"23 951 430";"3 283 743";"27 562 895";"2024-09-11 00:33:11"
"2024-09-03";"";"142 123";"85 462";"27 561 877";"2024-09-03 20:05:55"
"2024-09-02";"";"16 831";"28 222";"27 563 446";"2024-09-02 08:53:30"
"2024-09-03";"";"30 600";"10 135";"27 561 249";"2024-09-03 10:55:47"
"2024-09-05";"Unknown";"119 258";"31 402";"27 562 641";"2024-09-05 15:00:06"
"2024-09-04";"";"13 681 001";"500 985";"27 563 157";"2024-09-04 05:26:39"
"2024-09-03";"Yandex";"183 413";"9 906";"27 561 378";"2024-09-04 02:59:13"
"2024-09-08";"";"473 094";"10 475";"27 561 480";"2024-09-08 20:29:35"
"2024-09-02";"Unknown";"31 898";"3 365";"27 562 580";"2024-09-02 10:43:52"
"2024-09-02";"YouTube";"5 750 932";"798 484";"27 563 295";"2024-09-02 11:56:34"
"2024-09-04";"Instagram";"5 326 221";"18 092 869";"27 562 400";"2024-09-04 13:10:10"
"2024-09-01";"";"239 971";"50 824";"27 561 221";"2024-09-01 14:35:27"
"2024-09-01";"";"1 858";"72 166";"27 561 505";"2024-09-01 11:44:20"
"2024-09-03";"";"5 468 127";"308 901";"27 561 352";"2024-09-03 15:48:50"
"2024-09-03";"";"10 845";"78 864";"27 562 146";"2024-09-04 00:09:57"
"2024-09-01";"";"367 542";"14 483";"27 563 211";"2024-09-01 20:05:40"
"2024-09-05";"";"1 482 086";"400 391";"27 562 597";"2024-09-05 16:37:44"
"2024-09-06";"";"33 479";"2 371";"27 562 982";"2024-09-06 21:30:58"
"2024-09-04";"";"2 064 719";"316 392";"27 561 871";"2024-09-05 02:11:51"
"2024-09-03";"";"26 467";"2 298";"27 561 480";"2024-09-03 16:25:47"
"2024-09-10";"";"30 047";"3 770";"27 563 029";"2024-09-10 04:37:38"
"2024-09-02";"";"165 103";"49 460";"27 562 156";"2024-09-02 06:03:45"
"2024-09-01";"Facebook";"100 278";"10 588";"27 562 734";"2024-09-01 13:46:28"
"2024-09-10";"";"114 822";"9 500";"27 562 085";"2024-09-10 05:02:43"
"2024-09-06";"Instagram";"205 494";"23 754";"27 562 676";"2024-09-06 03:48:12"
"2024-09-01";"";"703 856";"1 216 207";"27 563 220";"2024-09-01 18:03:00"
"2024-09-03";"YouTube";"83 557";"31 506";"27 563 491";"2024-09-03 10:43:10"
"2024-09-07";"";"28 590";"7 193";"27 561 435";"2024-09-08 02:23:57"
"2024-09-08";"";"119 077";"5 657";"27 561 801";"2024-09-08 09:54:47"
"2024-09-01";"YouTube";"2 496 922";"1 225 489";"27 561 260";"2024-09-01 14:11:24"
"2024-09-10";"";"177 374";"7 381";"27 563 145";"2024-09-10 06:15:47"
"2024-09-10";"";"25 945";"2 883";"27 562 462";"2024-09-10 07:28:48"
"2024-09-09";"";"46 484";"21 015";"27 562 367";"2024-09-09 14:59:14"
"2024-09-02";"";"77 628";"6 372";"27 561 836";"2024-09-02 03:00:00"
"2024-09-08";"";"310 611";"28 963";"27 562 445";"2024-09-09 01:34:35"
"2024-09-03";"Instagram";"2 484 091";"596 187";"27 561 271";"2024-09-04 01:58:22"
"2024-09-08";"";"111 350";"17 319";"27 562 207";"2024-09-08 08:29:26"
"2024-09-01";"Apple Music";"224 222";"8 902";"27 561 385";"2024-09-01 15:24:51"
"2024-09-09";"YouTube";"1 912 751";"684 271";"27 562 651";"2024-09-09 09:42:50"
"2024-09-07";"YouTube";"537 631";"69 533";"27 561 468";"2024-09-07 15:24:11"
"2024-09-08";"Instagram";"19 159 528";"362 565";"27 562 088";"2024-09-08 16:13:40"
"2024-09-07";"";"28 126";"18 102";"27 562 892";"2024-09-07 07:28:42"
"2024-09-05";"";"129 759";"84 683";"27 561 862";"2024-09-05 05:02:44"
"2024-09-06";"";"28 677";"6 351";"27 563 467";"2024-09-06 15:48:50"
"2024-09-02";"YouTube";"12 762 911";"780 655";"27 563 236";"2024-09-02 09:06:15"
"2024-09-02";"Instagram";"14 378 298";"12 970 553";"27 562 024";"2024-09-02 14:11:08"
"2024-09-10";"";"8 701";"47 693";"27 563 452";"2024-09-10 21:54:23"
"2024-09-03";"";"165 697";"6 557";"27 563 304";"2024-09-03 09:54:42"
"2024-09-09";"";"279 897";"194 237";"27 561 831";"2024-09-09 17:14:01"
"2024-09-08";"Apple Music";"862 729";"199 921";"27 561 217";"2024-09-08 05:50:06"
"2024-09-06";"";"37 419";"14 786";"27 563 355";"2024-09-06 08:05:42"
"2024-09-03";"YouTube";"981 317";"355 437";"27 562 417";"2024-09-03 05:14:47"
"2024-09-10";"";"29 701";"39 236";"27 561 325";"2024-09-10 12:57:29"
"2024-09-09";"";"353 530";"216 172";"27 562 453";"2024-09-09 17:02:57"
"2024-09-02";"";"301 329";"156 855";"27 562 571";"2024-09-02 03:24:21"
"2024-09-09";"";"137 276";"382 103";"27 562 775";"2024-09-09 22:19:33"
"2024-09-06";"Telegram";"5 904 362";"563 478";"27 562 984";"2024-09-06 11:20:58"
"2024-09-01";"";"459 570";"284 597";"27 561 875";"2024-09-02 02:47:01"
"2024-09-01";"";"255 964";"20 703";"27 561 466";"2024-09-01 22:07:06"
"2024-09-06";"";"131 604";"7 068";"27 561 992";"2024-09-06 03:12:06"
"2024-09-01";"";"306 632";"18 368";"27 561 606";"2024-09-01 19:40:10"
"2024-09-01";"";"31 495";"45 262";"27 561 468";"2024-09-01 08:17:47"
"2024-09-09";"YouTube";"731 413";"159 159";"27 561 591";"2024-09-09 07:52:25"
"2024-09-05";"";"26 140";"4 112";"27 563 076";"2024-09-05 15:12:02"
"2024-09-08";"";"39 849";"26 380";"27 563 136";"2024-09-08 16:49:02"
"2024-09-04";"";"787 667";"100 946";"27 562 646";"2024-09-04 16:13:06"
"2024-09-02";"Yandex";"982 620";"45 777";"27 562 428";"2024-09-03 00:57:23"
"2024-09-03";"Telegram";"10 355 330";"1 450 172";"27 562 401";"2024-09-04 01:22:35"
"2024-09-01";"";"45 098";"2 926";"27 562 058";"2024-09-01 03:24:00"
"2024-09-06";"";"147 264";"24 263";"27 562 552";"2024-09-07 02:47:35"
"2024-09-09";"Tas-ix";"26 599";"2 613";"27 562 580";"2024-09-09 07:52:52"
"2024-09-07";"";"30 507";"11 813";"27 563 306";"2024-09-07 11:20:03"
"2024-09-04";"Telegram";"5 713 226";"514 934";"27 562 921";"2024-09-04 19:40:01"
"2024-09-05";"";"369 166";"35 023";"27 562 172";"2024-09-05 08:29:21"
"2024-09-07";"";"37 083";"156 198";"27 561 225";"2024-09-07 12:21:12"
"2024-09-07";"";"676 371";"112 454";"27 562 630";"2024-09-07 20:05:28"
"2024-09-04";"";"238 430";"138 077";"27 562 243";"2024-09-04 22:07:45"
"2024-09-02";"Apple Music";"70 491";"19 757";"27 561 562";"2024-09-02 11:08:02"
"2024-09-09";"";"120 943";"18 581";"27 562 841";"2024-09-09 15:24:15"
"2024-09-04";"";"0";"27 234";"27 562 609";"2024-09-04 21:54:32"
"2024-09-05";"";"38 706";"70 508";"27 561 225";"2024-09-05 17:14:12"
"2024-09-05";"Instagram";"1 576 942";"1 383 057";"27 561 172";"2024-09-05 10:19:19"
"2024-09-04";"Instagram";"183 663 379";"5 783 512";"27 562 864";"2024-09-04 14:11:28"
"2024-09-08";"";"40 937";"89 925";"27 562 941";"2024-09-08 17:02:48"
"2024-09-02";"Telegram";"8 149 073";"791 274";"27 562 324";"2024-09-02 14:47:03"
"2024-09-08";"";"86 288";"17 694";"27 561 457";"2024-09-08 17:02:19"
"2024-09-04";"";"1 215 356";"73 019";"27 561 232";"2024-09-04 10:55:43"
"2024-09-03";"";"210 684";"6 628";"27 562 230";"2024-09-03 19:52:13"
"2024-09-06";"YouTube";"191 609";"831 161";"27 561 607";"2024-09-06 13:10:27"
"2024-09-03";"";"31 262";"4 311";"27 561 410";"2024-09-03 08:53:55"
"2024-09-04";"YouTube";"88 970";"34 135";"27 562 805";"2024-09-04 12:45:31"
"2024-09-05";"";"2 949 583";"244 762";"27 561 772";"2024-09-05 20:05:23"
"2024-09-10";"Instagram";"936 240";"570 072";"27 562 812";"2024-09-10 03:12:03"
"2024-09-06";"";"150 933";"61 984";"27 561 331";"2024-09-06 16:37:29"
"2024-09-08";"";"381 744";"74 446";"27 563 501";"2024-09-09 01:10:01"
"2024-09-10";"";"1 096 090";"180 291";"27 561 511";"2024-09-10 16:01:43"
"2024-09-01";"Tas-ix";"192 505";"40 895";"27 561 767";"2024-09-01 03:00:54"
"2024-09-08";"Yandex";"19 489";"33 682";"27 562 575";"2024-09-08 14:11:51"
"2024-09-06";"";"30 553";"2 358";"27 561 300";"2024-09-06 10:31:29"
"2024-09-09";"";"54 752 607";"5 812 838";"27 563 442";"2024-09-09 08:05:14"
"2024-09-06";"PUBG";"420 212";"23 562";"27 561 571";"2024-09-06 17:14:57"
"2024-09-04";"";"27 092";"19 503";"27 561 819";"2024-09-04 14:35:45"
"2024-09-09";"Instagram";"1 413 452";"1 953 079";"27 562 804";"2024-09-09 06:51:05"
"2024-09-07";"Yandex";"334 041";"25 343";"27 562 806";"2024-09-07 11:44:53"
"2024-09-09";"";"198 510";"19 676";"27 561 224";"2024-09-09 05:26:21"
"2024-09-08";"";"176 903";"16 001";"27 561 691";"2024-09-08 19:04:09"
"2024-09-07";"";"61 413";"4 490";"27 562 653";"2024-09-08 02:23:59"
"2024-09-05";"YouTube";"28 346";"2 406";"27 563 142";"2024-09-05 11:32:07"
"2024-09-06";"";"87 182";"38 658";"27 562 197";"2024-09-06 11:20:58"
"2024-09-02";"";"170 822 806";"11 876 256";"27 561 745";"2024-09-03 01:22:50"
"2024-09-05";"";"144 486";"179 056";"27 563 382";"2024-09-06 01:22:55"
"2024-09-07";"YouTube";"1 057 162";"64 051";"27 562 474";"2024-09-07 08:53:52"
"2024-09-02";"";"28 138";"5 215";"27 561 596";"2024-09-02 20:53:33"
"2024-09-05";"YouTube";"293 993 196";"17 276 579";"27 562 015";"2024-09-06 02:35:17"
"2024-09-06";"WhatsApp";"68 689";"23 676";"27 562 497";"2024-09-06 16:25:23"
"2024-09-10";"Facebook";"945 643";"1 212 957";"27 562 255";"2024-09-10 19:40:46"
"2024-09-02";"";"29 336";"6 749";"27 561 640";"2024-09-02 16:25:00"
"2024-09-03";"";"485 566";"171 901";"27 562 222";"2024-09-03 14:47:34"
"2024-09-08";"";"406 254";"16 658";"27 563 143";"2024-09-08 11:32:29"
"2024-09-01";"";"165 559";"6 014";"27 562 009";"2024-09-02 00:33:35"
"2024-09-09";"";"136 370";"213 799";"27 562 084";"2024-09-09 12:09:21"
"2024-09-07";"";"112 036";"50 184";"27 563 351";"2024-09-07 07:40:02"
"2024-09-04";"Apple Music";"83 325";"21 435";"27 562 591";"2024-09-04 03:00:27"
"2024-09-06";"";"338 478";"19 594";"27 562 226";"2024-09-06 19:52:40"
"2024-09-09";"";"103 289";"9 934";"27 562 685";"2024-09-09 18:03:52"
"2024-09-03";"Instagram";"4 430 388";"228 621";"27 562 560";"2024-09-03 12:09:30"
"2024-09-03";"";"10 212";"39 965";"27 562 560";"2024-09-03 20:17:21"
"2024-09-01";"";"1 119 195";"189 165";"27 562 600";"2024-09-01 03:00:03"
"2024-09-03";"";"63 362";"5 154";"27 562 931";"2024-09-03 23:56:25"
"2024-09-05";"Instagram";"72 243 132";"1 373 948";"27 561 810";"2024-09-05 11:20:30"
"2024-09-07";"YouTube";"230 987";"201 816";"27 561 767";"2024-09-07 14:23:08"
"2024-09-04";"";"308 529";"154 500";"27 561 697";"2024-09-05 00:09:10"
"2024-09-04";"";"79 194";"7 117";"27 562 275";"2024-09-04 10:31:23"
"2024-09-02";"Telegram";"10 217 515";"472 588";"27 562 997";"2024-09-03 02:23:41"
"2024-09-07";"Unknown";"8 589 958";"436 295";"27 563 390";"2024-09-08 00:33:22"
"2024-09-05";"";"29 342";"3 564";"27 562 125";"2024-09-05 05:26:29"
"2024-09-01";"";"25 517 000";"1 279 821";"27 563 176";"2024-09-01 08:41:08"
"2024-09-03";"";"100 591 891";"7 110 404";"27 562 842";"2024-09-03 18:15:22"
"2024-09-06";"";"737 213";"46 337";"27 562 083";"2024-09-07 01:10:35"
"2024-09-06";"YouTube";"89 586 084";"5 512 070";"27 561 612";"2024-09-06 05:14:41"
"2024-09-10";"";"123 919";"22 024";"27 562 494";"2024-09-11 02:23:19"
"2024-09-01";"";"71 291";"5 536";"27 562 527";"2024-09-01 06:27:48"
"2024-09-05";"";"62 824";"5 667";"27 562 445";"2024-09-05 22:31:24"
"2024-09-02";"Yandex";"45 292";"13 211";"27 563 092";"2024-09-02 18:03:45"
"2024-09-08";"";"91 969";"5 951";"27 561 543";"2024-09-08 03:00:19"
"2024-09-07";"";"167 971";"7 766";"27 562 152";"2024-09-07 12:57:17"
"2024-09-04";"";"29 509";"19 414";"27 562 864";"2024-09-04 14:23:09"
"2024-09-02";"";"97 157";"6 924";"27 561 694";"2024-09-02 20:41:20"
"2024-09-02";"";"15 276 353";"480 238";"27 561 582";"2024-09-02 18:51:05"
"2024-09-06";"";"27 810";"61 417";"27 563 100";"2024-09-06 22:07:52"
"2024-09-05";"YouTube";"176 409 925";"8 351 545";"27 561 303";"2024-09-05 17:50:34"
"2024-09-04";"";"8 125";"39 991";"27 562 063";"2024-09-04 23:56:01"
"2024-09-07";"";"38 491";"135 263";"27 563 243";"2024-09-07 21:54:57"
"2024-09-09";"IMO";"81 837";"93 424";"27 562 393";"2024-09-09 16:01:12"
"2024-09-02";"Instagram";"1 564 944";"169 787";"27 563 297";"2024-09-02 14:11:07"
"2024-09-08";"";"796 539";"51 849";"27 562 646";"2024-09-08 15:48:23"
"2024-09-01";"Telegram";"45 808 653";"4 241 815";"27 563 356";"2024-09-01 07:28:44"
"2024-09-03";"";"66 857";"43 661";"27 561 670";"2024-09-04 01:58:25"
"2024-09-09";"";"2 752 243";"397 800";"27 562 527";"2024-09-09 22:43:00"
"2024-09-10";"";"49 838";"6 073";"27 563 328";"2024-09-10 18:51:19"
"2024-09-05";"";"254 921";"8 995";"27 562 758";"2024-09-05 15:36:59"
"2024-09-10";"YouTube";"97 230";"17 304";"27 561 290";"2024-09-10 09:54:05"
"2024-09-07";"";"51 870";"4 635";"27 562 036";"2024-09-07 12:45:25"
"2024-09-01";"";"548 166";"103 054";"27 562 398";"2024-09-01 07:40:32"
"2024-09-01";"Instagram";"110 577 388";"3 447 301";"27 561 462";"2024-09-01 20:29:06"
"2024-09-08";"YouTube";"6 122 561";"420 486";"27 562 224";"2024-09-09 02:47:30"
"2024-09-10";"";"28 704";"6 923";"27 561 950";"2024-09-10 14:47:56"
"2024-09-01";"";"35 689";"5 439";"27 561 436";"2024-09-01 19:28:51"
"2024-09-05";"";"120 601";"6 638";"27 562 628";"2024-09-05 18:39:12"
"2024-09-03";"";"193 918";"12 867";"27 563 031";"2024-09-03 04:25:27"
"2024-09-05";"";"92 207";"3 647";"27 561 557";"2024-09-06 01:34:58"
"2024-09-05";"";"2 364 553";"494 382";"27 562 100";"2024-09-05 10:55:29"
"2024-09-02";"";"229 835";"8 372";"27 562 094";"2024-09-02 10:07:42"
"2024-09-01";"";"53 347";"20 710";"27 562 941";"2024-09-01 20:17:20"
"2024-09-09";"";"37 886";"18 686";"27 561 907";"2024-09-09 07:52:25"
"2024-09-02";"";"46 414";"156 276";"27 561 998";"2024-09-02 13:10:46"
"2024-09-02";"";"8 393";"26 487";"27 562 230";"2024-09-02 11:20:48"
"2024-09-01";"";"41 103";"2 897";"27 562 372";"2024-09-01 11:20:20"
"2024-09-10";"";"193 662";"33 730";"27 562 847";"2024-09-10 19:52:53"
"2024-09-07";"";"169 497";"25 058";"27 561 342";"2024-09-07 14:35:25"
"2024-09-09";"YouTube";"1 382 770";"150 365";"27 562 003";"2024-09-09 18:15:31"
"2024-09-05";"";"95 040";"355 929";"27 561 874";"2024-09-05 12:09:09"
"2024-09-05";"";"140 660";"13 089";"27 562 821";"2024-09-05 08:29:37"
"2024-09-01";"YouTube";"32 582";"4 067";"27 563 075";"2024-09-01 04:49:06"
"2024-09-05";"";"40 261";"2 964";"27 562 758";"2024-09-05 04:25:12"
"2024-09-10";"YouTube";"282 631";"39 925";"27 562 204";"2024-09-10 23:56:45"
"2024-09-07";"";"107 852";"10 045";"27 563 005";"2024-09-07 12:57:38"
"2024-09-07";"";"37 729";"6 719";"27 561 687";"2024-09-07 03:48:24"
"2024-09-09";"";"887 721";"67 328";"27 562 039";"2024-09-09 20:29:10"
"2024-09-08";"";"40 391";"39 379";"27 561 485";"2024-09-08 21:30:17"
"2024-09-10";"";"136 880";"120 101";"27 561 862";"2024-09-10 16:01:49"
"2024-09-09";"";"34 279";"5 107";"27 561 691";"2024-09-09 05:26:33"
"2024-09-04";"";"200 559";"32 769";"27 563 509";"2024-09-04 03:48:53"
"2024-09-04";"";"1 437 469";"162 774";"27 562 522";"2024-09-04 22:43:42"
"2024-09-03";"Yandex";"23 377";"35 611";"27 562 783";"2024-09-03 23:08:49"
"2024-09-04";"Instagram";"76 379 775";"3 353 387";"27 561 964";"2024-09-04 05:02:51"
"2024-09-06";"";"101 138";"28 502";"27 562 470";"2024-09-06 19:40:36"
"2024-09-03";"";"31 771";"3 367";"27 561 778";"2024-09-03 05:38:51"
"2024-09-09";"YouTube";"27 681";"6 635";"27 562 850";"2024-09-09 23:56:43"
"2024-09-07";"";"39 800";"3 467";"27 563 273";"2024-09-07 22:07:12"
"2024-09-04";"Apple Music";"49 736";"7 995";"27 562 695";"2024-09-04 14:11:37"
"2024-09-02";"Telegram";"143 392 891";"9 815 916";"27 561 392";"2024-09-02 10:07:48"
"2024-09-04";"YouTube";"261 427";"21 040";"27 562 465";"2024-09-04 14:47:04"
"2024-09-08";"";"26 421";"1 510";"27 562 365";"2024-09-08 22:31:39"
"2024-09-04";"Tas-ix";"30 861";"30 319";"27 561 776";"2024-09-04 07:40:11"
"2024-09-03";"Instagram";"348 812";"23 371";"27 562 693";"2024-09-03 18:03:01"
"2024-09-03";"";"3 811 185";"99 149";"27 561 529";"2024-09-03 17:14:43"
"2024-09-09";"";"111 853";"406 032";"27 561 192";"2024-09-09 16:25:18"
"2024-09-10";"Likee";"42 028";"10 675";"27 562 552";"2024-09-11 02:23:47"
"2024-09-01";"Unknown";"2 011 589";"117 968";"27 561 554";"2024-09-01 16:37:55"
"2024-09-08";"";"30 924";"8 017";"27 563 263";"2024-09-08 16:01:29"
"2024-09-07";"";"454 436";"24 200";"27 561 872";"2024-09-07 07:16:46"
"2024-09-08";"";"30 270";"3 226";"27 562 233";"2024-09-08 19:16:34"
"2024-09-03";"";"2 584 042";"146 541";"27 563 471";"2024-09-03 10:43:05"
"2024-09-08";"Yandex";"6 415 884";"216 059";"27 561 204";"2024-09-09 02:23:19"
"2024-09-05";"";"14 117 609";"604 175";"27 563 424";"2024-09-05 19:04:37"
"2024-09-07";"YouTube";"3 065 140";"2 385 667";"27 562 224";"2024-09-08 02:47:28"
"2024-09-01";"";"93 826";"19 625";"27 563 364";"2024-09-01 06:51:54"
"2024-09-10";"YouTube";"158 902";"10 739";"27 562 900";"2024-09-10 12:21:16"
"2024-09-01";"";"90 509";"6 716";"27 562 292";"2024-09-01 04:25:12"
"2024-09-04";"WhatsApp";"47 789 102";"2 297 196";"27 562 398";"2024-09-04 05:38:42"
"2024-09-06";"";"12 536";"116 131";"27 562 264";"2024-09-06 06:27:26"
"2024-09-03";"";"25 651";"2 146";"27 563 048";"2024-09-03 08:17:37"
"2024-09-07";"";"109 286";"10 707";"27 562 795";"2024-09-07 20:53:59"
"2024-09-03";"YouTube";"547 753";"41 062";"27 561 574";"2024-09-04 02:35:08"
"2024-09-02";"";"32 551";"9 225";"27 563 267";"2024-09-02 19:16:57"
"2024-09-06";"";"15 010";"150 701";"27 561 629";"2024-09-06 18:51:37"
"2024-09-05";"";"1 151 533";"104 382";"27 561 304";"2024-09-05 22:55:19"
"2024-09-03";"";"60 593";"81 203";"27 562 666";"2024-09-03 07:16:37"
"2024-09-09";"Unknown";"1 180 938";"53 713";"27 562 254";"2024-09-09 22:31:46"
"2024-09-09";"Likee";"476 094";"146 587";"27 562 372";"2024-09-09 04:01:46"
"2024-09-07";"Instagram";"24 181 862";"34 155 898";"27 562 613";"2024-09-07 03:00:57"
"2024-09-05";"YouTube";"3 281 216";"189 292";"27 561 583";"2024-09-05 15:48:25"
"2024-09-07";"";"26 524";"14 141";"27 562 491";"2024-09-07 12:45:46"
"2024-09-04";"Telegram";"43 516 239";"12 100 029";"27 562 454";"2024-09-04 15:48:22"
"2024-09-07";"";"187";"184 764";"27 561 289";"2024-09-07 10:31:49"
"2024-09-04";"Yandex";"42 111";"14 641";"27 561 753";"2024-09-04 19:52:27"
"2024-09-06";"Yandex";"681 267";"39 958";"27 562 900";"2024-09-06 04:25:12"
"2024-09-08";"";"276 727";"12 699";"27 563 402";"2024-09-08 13:46:14"
"2024-09-06";"Yandex";"101 668";"45 914";"27 562 178";"2024-09-06 09:42:35"
"2024-09-01";"";"43 480";"34 361";"27 562 760";"2024-09-01 12:21:58"
"2024-09-05";"";"34 488";"2 650";"27 563 420";"2024-09-05 13:58:11"
"2024-09-02";"";"34 439";"12 731";"27 561 621";"2024-09-02 13:10:51"
"2024-09-03";"";"825 192";"207 596";"27 562 363";"2024-09-03 23:08:07"
"2024-09-01";"";"16 002 724";"779 764";"27 563 273";"2024-09-01 11:08:04"
"2024-09-04";"WhatsApp";"1 090 793";"190 650";"27 562 993";"2024-09-04 14:23:34"
"2024-09-04";"";"32 991";"3 640";"27 562 242";"2024-09-04 10:31:06"
"2024-09-07";"";"320 974";"139 226";"27 563 080";"2024-09-07 03:00:42"
"2024-09-04";"";"71 694";"4 365";"27 561 365";"2024-09-04 06:39:40"
"2024-09-03";"";"4 114 099";"870 703";"27 562 593";"2024-09-03 05:02:48"
"2024-09-10";"";"94 581";"9 079";"27 562 044";"2024-09-10 07:40:16"
"2024-09-01";"Yandex";"62 921 224";"1 978 079";"27 562 545";"2024-09-01 18:03:33"
"2024-09-06";"";"546 553";"196 228";"27 562 041";"2024-09-06 08:41:47"
"2024-09-07";"";"149 150";"12 962";"27 561 922";"2024-09-07 19:52:01"
"2024-09-02";"";"38 892";"2 297";"27 562 590";"2024-09-02 08:29:51"
"2024-09-07";"Unknown";"1 562 054";"104 686";"27 563 394";"2024-09-07 15:00:47"
"2024-09-10";"";"51 403";"8 090";"27 562 107";"2024-09-11 00:33:54"
"2024-09-06";"";"46 754";"2 921";"27 562 679";"2024-09-06 22:55:16"
"2024-09-08";"";"12 482";"29 309";"27 561 232";"2024-09-08 10:31:57"
"2024-09-06";"";"831 416";"285 540";"27 562 291";"2024-09-06 23:56:09"
"2024-09-01";"";"49 416";"13 816";"27 561 697";"2024-09-01 19:52:32"
"2024-09-10";"";"548 967";"265 614";"27 563 024";"2024-09-11 00:21:45"
"2024-09-01";"";"327 898";"51 333";"27 562 754";"2024-09-01 10:31:12"
"2024-09-02";"";"222 028";"122 494";"27 562 156";"2024-09-02 05:02:25"
"2024-09-08";"Apple Music";"33 558";"4 443";"27 561 670";"2024-09-08 12:21:20"
"2024-09-04";"";"62 413";"84 290";"27 563 271";"2024-09-04 18:03:27"
"2024-09-09";"";"43 313";"12 534";"27 563 048";"2024-09-10 02:47:18"
"2024-09-01";"Telegram";"36 179 613";"4 034 527";"27 561 687";"2024-09-01 07:40:21"
"2024-09-10";"";"1 237 476";"601 994";"27 563 507";"2024-09-10 17:50:34"
"2024-09-04";"YouTube";"117 368";"6 074";"27 561 559";"2024-09-04 13:22:34"
"2024-09-08";"";"768 441";"357 557";"27 561 252";"2024-09-08 17:38:39"
"2024-09-06";"";"70 590";"5 654";"27 562 592";"2024-09-06 23:44:42"
"2024-09-03";"Instagram";"237 156";"11 574";"27 561 586";"2024-09-03 21:30:27"
"2024-09-05";"";"667 153";"203 721";"27 562 124";"2024-09-05 13:34:08"
"2024-09-07";"Facebook";"726 699";"17 571";"27 562 938";"2024-09-07 09:30:02"
"2024-09-06";"";"710 804";"95 038";"27 561 379";"2024-09-06 21:42:18"
"2024-09-08";"";"146 091";"3 800 576";"27 562 050";"2024-09-08 14:47:46"
"2024-09-02";"";"29 579";"12 561";"27 561 463";"2024-09-02 23:20:01"
"2024-09-07";"";"145 320";"9 726";"27 563 231";"2024-09-07 09:06:50"
"2024-09-07";"Apple Music";"396 373";"85 588";"27 561 687";"2024-09-07 20:41:19"
"2024-09-10";"";"201 401";"11 559";"27 561 373";"2024-09-10 11:20:29"
"2024-09-08";"";"67 613";"5 731";"27 561 942";"2024-09-08 03:24:13"
"2024-09-03";"Instagram";"341 472 286";"4 801 382";"27 561 607";"2024-09-03 15:48:16"
"2024-09-02";"";"488 168";"20 556";"27 561 884";"2024-09-02 23:44:47"
"2024-09-05";"YouTube";"1 033 624";"100 175";"27 563 110";"2024-09-05 18:39:57"
"2024-09-05";"Odnoklassniki";"340 732";"232 873";"27 562 172";"2024-09-05 08:05:36"
"2024-09-01";"";"91 920";"4 594";"27 563 076";"2024-09-01 13:34:05"
"2024-09-10";"";"682 941";"56 413";"27 561 970";"2024-09-10 13:34:13"
"2024-09-01";"";"2 162 044";"4 531 586";"27 561 180";"2024-09-01 09:30:36"
"2024-09-01";"Facebook";"6 749 498";"270 497";"27 561 562";"2024-09-01 22:55:59"
"2024-09-08";"";"462 583";"19 921";"27 563 143";"2024-09-08 11:44:25"
"2024-09-05";"Instagram";"385 970";"108 358";"27 562 988";"2024-09-05 03:48:23"
"2024-09-05";"VKontakte";"116 435";"36 592";"27 561 564";"2024-09-05 06:27:30"
"2024-09-09";"";"206 931";"9 898";"27 562 313";"2024-09-09 16:49:08"
"2024-09-09";"";"128 443";"56 925";"27 561 699";"2024-09-09 19:28:53"
"2024-09-04";"";"108 306";"6 179";"27 561 410";"2024-09-04 08:05:04"
"2024-09-10";"";"1 301 740";"77 311";"27 561 981";"2024-09-10 14:11:50"
"2024-09-03";"";"184 990";"6 037 589";"27 562 492";"2024-09-03 06:39:05"
"2024-09-07";"";"63 422";"118 303";"27 563 410";"2024-09-08 00:45:17"
"2024-09-01";"";"67 868";"6 170";"27 561 965";"2024-09-02 01:58:20"
"2024-09-09";"";"173 519";"22 964";"27 561 288";"2024-09-09 22:43:44"
"2024-09-02";"Yandex Video";"803 851";"19 185";"27 562 841";"2024-09-02 07:16:10"
"2024-09-09";"YouTube";"611 785";"167 788";"27 563 453";"2024-09-09 08:53:55"
"2024-09-01";"";"260 147";"31 311";"27 563 061";"2024-09-01 05:38:34"
"2024-09-07";"";"295 801";"15 452";"27 561 785";"2024-09-08 00:33:52"
"2024-09-05";"YouTube";"600 434";"360 627";"27 562 254";"2024-09-05 08:41:10"
"2024-09-07";"";"110 835";"4 436 780";"27 563 300";"2024-09-08 02:35:56"
"2024-09-06";"YouTube";"436 149";"200 310";"27 562 570";"2024-09-06 06:39:04"
"2024-09-10";"Instagram";"22 140 504";"24 577 519";"27 562 473";"2024-09-10 10:43:20"
"2024-09-10";"YouTube";"54 815";"304 742";"27 561 441";"2024-09-10 16:37:55"
"2024-09-03";"";"88 614";"6 557";"27 562 868";"2024-09-03 14:11:51"
"2024-09-02";"";"9 590";"454 784";"27 561 830";"2024-09-03 01:34:23"
"2024-09-07";"Facebook";"173 821";"14 623";"27 562 072";"2024-09-07 23:44:24"
"2024-09-05";"YouTube";"4 932 898";"363 436";"27 562 560";"2024-09-05 17:14:43"
"2024-09-10";"VKontakte";"37 328 128";"978 133";"27 562 350";"2024-09-10 08:41:22"
"2024-09-04";"";"47 808";"6 291";"27 562 437";"2024-09-04 06:39:00"
"2024-09-07";"";"130 794";"16 590";"27 562 590";"2024-09-07 03:24:33"
"2024-09-07";"";"26 058";"41 248";"27 562 453";"2024-09-07 13:46:13"
"2024-09-07";"";"30 580";"3 378";"27 563 363";"2024-09-08 01:58:39"
"2024-09-06";"Instagram";"14 164 081";"679 621";"27 562 621";"2024-09-06 17:02:57"
"2024-09-03";"Telegram";"2 581 994";"202 682";"27 563 427";"2024-09-03 07:16:06"
"2024-09-07";"Instagram";"408 444";"30 055";"27 562 313";"2024-09-07 22:19:04"
"2024-09-08";"YouTube";"352 699";"60 850";"27 561 758";"2024-09-08 08:29:55"
"2024-09-05";"";"119 672";"53 839";"27 562 617";"2024-09-05 18:51:55"
"2024-09-05";"";"38 907";"7 316";"27 563 252";"2024-09-06 02:23:42"
"2024-09-05";"Instagram";"4 745 595";"76 285";"27 561 775";"2024-09-05 19:40:38"
"2024-09-09";"";"28 639";"4 379";"27 562 591";"2024-09-09 21:18:30"
"2024-09-08";"";"86 707";"219 950";"27 563 153";"2024-09-08 12:57:06"
"2024-09-05";"";"171 531";"247 392";"27 561 606";"2024-09-05 06:03:49"
"2024-09-06";"Telegram";"148 686 709";"7 543 649";"27 561 365";"2024-09-06 09:18:23"
"2024-09-01";"Unknown";"42 510";"20 947";"27 562 327";"2024-09-01 04:37:34"
"2024-09-10";"YouTube";"202 961";"166 403";"27 561 173";"2024-09-10 07:04:33"
"2024-09-07";"Instagram";"61 005";"20 643";"27 562 002";"2024-09-07 03:48:36"
"2024-09-01";"";"336 059";"50 516";"27 561 414";"2024-09-01 10:55:25"
"2024-09-08";"Instagram";"124 882";"16 851";"27 561 707";"2024-09-08 16:13:37"
"2024-09-05";"";"29 220";"17 024";"27 562 787";"2024-09-05 23:44:42"
"2024-09-10";"";"220 509";"161 126";"27 562 512";"2024-09-10 14:35:36"
"2024-09-03";"";"128 299";"20 561";"27 561 224";"2024-09-03 15:00:48"
"2024-09-08";"YouTube";"1 410 172";"573 113";"27 561 712";"2024-09-09 00:45:32"
"2024-09-08";"Tas-ix";"55 307";"14 765";"27 561 484";"2024-09-08 19:52:40"
"2024-09-01";"";"55 115";"2 329";"27 563 119";"2024-09-01 15:24:34"
"2024-09-06";"Instagram";"8 495 449";"430 119";"27 561 217";"2024-09-06 19:28:35"
"2024-09-06";"";"19 658";"40 169";"27 561 578";"2024-09-06 22:07:58"
"2024-09-02";"";"12 867 373";"947 158";"27 561 884";"2024-09-02 14:11:25"
"2024-09-03";"";"29 261";"3 052";"27 561 598";"2024-09-03 12:33:23"
"2024-09-02";"";"2 478 735";"140 001";"27 561 221";"2024-09-02 03:36:27"
"2024-09-07";"";"169 721";"5 800";"27 562 698";"2024-09-07 12:21:15"
"2024-09-08";"WhatsApp";"5 464 255";"21 396 341";"27 562 041";"2024-09-08 15:36:45"
"2024-09-06";"Instagram";"284 566";"50 510";"27 562 544";"2024-09-06 15:36:50"
"2024-09-06";"";"3 390 204";"6 202 991";"27 563 044";"2024-09-06 14:35:51"
"2024-09-07";"";"26 266";"10 369";"27 562 313";"2024-09-07 14:35:06"
"2024-09-06";"";"37 222";"14 291";"27 562 675";"2024-09-06 12:33:35"
"2024-09-03";"";"736 148";"32 326";"27 563 334";"2024-09-03 21:54:04"
"2024-09-02";"Apple Music";"64 559";"6 017";"27 562 702";"2024-09-02 19:16:45"
"2024-09-07";"";"80 563";"17 487";"27 561 936";"2024-09-07 13:10:20"
"2024-09-02";"Yandex";"90 044";"3 762";"27 561 670";"2024-09-02 17:26:38"
"2024-09-06";"";"109 038";"16 090";"27 563 174";"2024-09-06 19:28:51"
"2024-09-06";"Facebook";"5 664 664";"297 528";"27 563 177";"2024-09-06 19:52:41"
"2024-09-10";"";"189 124";"19 727";"27 562 445";"2024-09-10 06:51:48"
"2024-09-08";"Facebook";"3 043 421";"135 799";"27 562 328";"2024-09-08 15:00:52"
"2024-09-08";"";"81 535";"3 258";"27 562 674";"2024-09-08 04:13:07"
"2024-09-05";"";"28 995";"10 814";"27 562 255";"2024-09-05 20:29:38"
"2024-09-10";"";"134 009 654";"6 091 348";"27 562 889";"2024-09-10 21:42:10"
"2024-09-01";"Facebook";"330 302";"12 147";"27 562 679";"2024-09-01 20:29:04"
"2024-09-09";"";"3 359 669";"87 994";"27 562 291";"2024-09-09 18:03:36"
"2024-09-09";"";"74 336 136";"3 922 313";"27 562 494";"2024-09-09 20:29:04"
"2024-09-04";"WhatsApp";"1 086 853";"913 686";"27 562 138";"2024-09-04 22:19:25"
"2024-09-06";"Facebook";"29 741";"4 762";"27 563 044";"2024-09-06 18:03:45"
"2024-09-02";"";"8 278";"26 949";"27 563 431";"2024-09-02 22:07:52"
"2024-09-01";"";"811 166";"160 491";"27 561 701";"2024-09-01 20:17:56"
"2024-09-04";"";"31 002";"17 808";"27 563 316";"2024-09-04 21:30:08"
"2024-09-03";"";"46 038";"3 870";"27 561 533";"2024-09-03 15:48:19"
"2024-09-10";"";"80 893";"14 715";"27 561 767";"2024-09-10 19:28:56"
"2024-09-06";"";"81 976";"10 508";"27 562 693";"2024-09-06 15:24:24"
"2024-09-07";"Facebook";"7 441 582";"2 504 087";"27 563 262";"2024-09-08 00:09:36"
"2024-09-04";"";"65 624";"5 090";"27 562 863";"2024-09-04 13:34:47"
"2024-09-06";"Likee";"38 752";"19 318";"27 563 058";"2024-09-06 17:50:40"
"2024-09-03";"";"3 015 656";"511 052";"27 562 675";"2024-09-03 07:28:47"
"2024-09-08";"";"255 040";"59 636";"27 561 719";"2024-09-08 15:36:26"
"2024-09-02";"";"73 288";"7 276";"27 561 211";"2024-09-02 23:44:25"
"2024-09-04";"";"167 799";"22 745";"27 562 063";"2024-09-04 11:44:45"
"2024-09-09";"";"1 196";"47 807";"27 562 384";"2024-09-09 22:43:10"
"2024-09-06";"Unknown";"5 141";"30 937";"27 561 840";"2024-09-06 09:18:00"
"2024-09-06";"YouTube";"757 679";"30 820";"27 561 344";"2024-09-06 06:39:24"
"2024-09-01";"";"38 796";"2 536";"27 562 985";"2024-09-01 07:52:53"
"2024-09-01";"WhatsApp";"1 585 312";"324 067";"27 562 473";"2024-09-01 14:59:13"
"2024-09-10";"";"38 676";"3 562";"27 561 699";"2024-09-11 01:58:02"
"2024-09-07";"";"554 777";"21 832";"27 562 857";"2024-09-07 12:09:06"
"2024-09-06";"";"428 880";"230 700";"27 562 574";"2024-09-06 15:00:55"
"2024-09-05";"";"304 772";"17 114";"27 561 224";"2024-09-06 01:46:38"
"2024-09-07";"Unknown";"167 350";"94 492";"27 562 719";"2024-09-07 05:02:38"
"2024-09-08";"Tas-ix";"335 658";"23 846";"27 561 745";"2024-09-08 11:44:55"
"2024-09-03";"YouTube";"108 843 572";"6 568 391";"27 563 088";"2024-09-03 22:43:19"
"2024-09-06";"";"1 356 018";"111 491";"27 562 608";"2024-09-06 08:29:35"
"2024-09-06";"";"164 006";"621 865";"27 561 352";"2024-09-06 18:51:58"
"2024-09-08";"YouTube";"269 807";"23 209";"27 563 413";"2024-09-08 03:36:50"
"2024-09-05";"";"283 941";"14 727";"27 561 712";"2024-09-05 15:48:46"
"2024-09-04";"";"27 255";"1 815";"27 562 993";"2024-09-04 09:30:50"
"2024-09-04";"";"3 646 720";"61 599";"27 562 685";"2024-09-04 10:19:03"
"2024-09-06";"";"36 792";"21 005";"27 562 091";"2024-09-06 08:17:37"
"2024-09-09";"";"545 269";"122 153";"27 563 079";"2024-09-09 09:42:14"
"2024-09-08";"YouTube";"121 935 167";"6 655 924";"27 561 414";"2024-09-08 06:51:50"
"2024-09-01";"";"32 841";"2 171";"27 561 861";"2024-09-01 23:32:50"
"2024-09-08";"";"23 351";"37 009";"27 561 189";"2024-09-08 03:00:03"
"2024-09-10";"";"7 081 209";"314 339";"27 561 458";"2024-09-10 23:08:35"
"2024-09-08";"";"81 074";"32 326";"27 562 443";"2024-09-08 03:00:54"
"2024-09-09";"";"139 046";"89 128";"27 562 205";"2024-09-09 09:54:01"
"2024-09-03";"";"14 688 726";"1 116 871";"27 562 642";"2024-09-03 16:37:15"
"2024-09-10";"";"39 023";"667 480";"27 561 307";"2024-09-10 18:03:45"
"2024-09-09";"YouTube";"292 403 256";"17 958 792";"27 563 157";"2024-09-09 03:48:00"
"2024-09-01";"";"1 837 844";"213 115";"27 562 686";"2024-09-01 18:39:49"
"2024-09-04";"WhatsApp";"30 702";"2 111";"27 563 514";"2024-09-04 08:53:28"
"2024-09-06";"";"3 362 107";"139 460";"27 562 252";"2024-09-06 18:27:35"
"2024-09-01";"";"89 270";"11 477";"27 562 566";"2024-09-01 22:07:47"
"2024-09-09";"";"59 878";"16 031";"27 563 336";"2024-09-10 00:09:39"
"2024-09-04";"";"20 308";"32 759";"27 562 374";"2024-09-04 06:27:50"
"2024-09-04";"Instagram";"49 663 250";"718 012";"27 563 223";"2024-09-04 09:42:52"
"2024-09-04";"Telegram";"3 142 777";"306 487";"27 562 407";"2024-09-04 11:44:52"
"2024-09-09";"";"178 285";"50 459";"27 562 628";"2024-09-09 03:24:07"
"2024-09-09";"YouTube";"386 599";"3 434 598";"27 561 482";"2024-09-09 16:37:51"
"2024-09-03";"TikTok";"413 610";"458 366";"27 563 313";"2024-09-03 11:56:19"
"2024-09-03";"Tas-ix";"93 363";"8 531";"27 561 213";"2024-09-03 17:14:58"
"2024-09-05";"";"64 667";"13 792";"27 562 791";"2024-09-05 06:39:04"
"2024-09-05";"YouTube";"1 873 128";"157 131";"27 562 384";"2024-09-05 06:39:22"
"2024-09-04";"Facebook";"66 342";"4 008";"27 562 747";"2024-09-04 09:30:43"
"2024-09-07";"YouTube";"927 806";"54 297";"27 562 969";"2024-09-08 02:23:41"
"2024-09-04";"";"32 038";"3 592";"27 561 262";"2024-09-04 17:50:56"
"2024-09-08";"";"27 011";"6 091";"27 563 196";"2024-09-08 09:42:31"
"2024-09-06";"VKontakte";"80 076";"249 161";"27 563 369";"2024-09-06 08:17:52"
"2024-09-01";"Facebook";"166 466";"22 214";"27 561 924";"2024-09-01 19:40:26"
"2024-09-01";"";"116 743";"9 758";"27 562 615";"2024-09-02 00:21:05"
"2024-09-04";"";"278 845";"34 742";"27 561 468";"2024-09-04 06:27:15"
"2024-09-03";"Instagram";"2 030 479";"125 383";"27 562 117";"2024-09-03 17:02:18"
"2024-09-08";"";"73 598";"5 316";"27 561 253";"2024-09-08 05:14:09"
"2024-09-10";"";"1 466 332";"76 130";"27 561 850";"2024-09-10 09:42:04"
"2024-09-03";"Telegram";"14 845 613";"714 941";"27 562 338";"2024-09-03 13:34:25"
"2024-09-04";"";"129 334";"67 398";"27 562 720";"2024-09-04 07:52:47"
"2024-09-10";"";"40 634";"7 669";"27 562 921";"2024-09-10 18:03:03"
"2024-09-05";"";"178 576";"11 144";"27 562 617";"2024-09-05 03:00:37"
"2024-09-04";"Instagram";"1 108 762";"496 010";"27 562 471";"2024-09-04 15:12:27"
"2024-09-08";"";"887 079";"41 289";"27 562 847";"2024-09-08 03:48:43"
"2024-09-03";"";"12 182";"35 146";"27 563 230";"2024-09-03 03:48:53"
"2024-09-08";"";"60 858";"84 817";"27 562 795";"2024-09-08 22:55:16"
"2024-09-04";"";"2 870 113";"1 364 246";"27 561 865";"2024-09-04 18:39:43"
"2024-09-06";"";"25 692";"10 917";"27 562 573";"2024-09-06 12:09:06"
"2024-09-08";"Likee";"1 118 344";"305 607";"27 563 136";"2024-09-08 10:31:19"
"2024-09-07";"";"29 939";"11 681";"27 561 662";"2024-09-07 07:40:56"
"2024-09-09";"Tas-ix";"685 124";"23 828";"27 562 542";"2024-09-09 19:52:09"
"2024-09-04";"YouTube";"692 576 788";"37 565 543";"27 561 641";"2024-09-04 06:51:23"
"2024-09-10";"";"1 029 460";"681 264";"27 562 087";"2024-09-10 07:04:07"
"2024-09-01";"YouTube";"2 190 402";"200 307";"27 562 349";"2024-09-02 00:09:27"
"2024-09-03";"VKontakte";"8 596 952";"251 066";"27 561 215";"2024-09-03 13:58:40"
"2024-09-02";"YouTube";"148 093 545";"12 113 879";"27 561 429";"2024-09-02 11:44:14"
"2024-09-10";"";"1 060 906";"36 710";"27 561 458";"2024-09-10 03:36:56"
"2024-09-05";"";"625 500";"35 679";"27 562 595";"2024-09-05 06:39:11"
"2024-09-02";"";"189 991";"23 003";"27 562 698";"2024-09-02 21:54:29"
"2024-09-10";"";"49 380";"8 044";"27 561 547";"2024-09-10 19:04:34"
"2024-09-01";"YouTube";"888 913";"291 582";"27 563 035";"2024-09-01 10:55:44"
"2024-09-04";"";"28 373";"3 432";"27 562 170";"2024-09-04 08:05:18"
"2024-09-10";"Instagram";"87 230";"20 695";"27 561 710";"2024-09-11 00:45:59"
"2024-09-02";"Instagram";"47 838 239";"1 353 950";"27 562 934";"2024-09-02 16:49:41"
"2024-09-02";"YouTube";"1 024 781";"37 854";"27 562 232";"2024-09-02 14:35:06"
"2024-09-04";"";"709 778";"37 311";"27 562 609";"2024-09-04 20:29:30"
"2024-09-04";"";"23 095 879";"750 651";"27 562 076";"2024-09-04 13:10:25"
"2024-09-08";"";"510 984";"26 247";"27 561 312";"2024-09-08 18:51:32"
"2024-09-04";"";"1 377 885";"294 212";"27 562 124";"2024-09-04 20:17:40"
"2024-09-01";"";"111 560";"6 379";"27 562 910";"2024-09-01 06:39:39"
"2024-09-06";"";"177 323";"14 078";"27 562 240";"2024-09-06 04:01:54"
"2024-09-03";"";"41 184";"2 904";"27 563 307";"2024-09-03 03:48:20"
"2024-09-05";"Telegram";"176 039";"14 372";"27 562 399";"2024-09-05 22:31:44"
"2024-09-01";"";"1 179 884";"87 216";"27 561 719";"2024-09-01 23:20:11"
"2024-09-10";"";"870 354";"79 032";"27 563 219";"2024-09-10 21:06:13"
"2024-09-06";"Instagram";"61 832 099";"660 888";"27 562 355";"2024-09-06 14:47:29"
"2024-09-04";"";"896 427";"51 722";"27 561 692";"2024-09-04 08:29:01"
"2024-09-03";"";"469 200";"375 166";"27 562 522";"2024-09-04 01:46:43"
"2024-09-09";"";"147 777";"17 867";"27 563 372";"2024-09-09 23:44:36"
"2024-09-05";"";"852 773";"1 880 881";"27 561 207";"2024-09-05 09:54:36"
"2024-09-07";"";"135 287";"90 353";"27 563 313";"2024-09-07 19:40:36"
"2024-09-08";"";"140 615";"7 271";"27 561 386";"2024-09-09 01:46:38"
"2024-09-06";"Instagram";"99 703 992";"2 386 672";"27 561 407";"2024-09-06 19:04:06"
"2024-09-04";"Facebook";"55 897";"10 437";"27 562 083";"2024-09-05 01:34:03"
"2024-09-01";"";"2 332 838";"73 451";"27 562 692";"2024-09-01 04:49:02"
"2024-09-07";"";"817 403";"1 912 862";"27 561 823";"2024-09-07 04:25:02"
"2024-09-02";"";"154 581";"13 709";"27 563 047";"2024-09-02 05:50:02"
"2024-09-09";"Telegram";"3 541 619";"186 605";"27 563 397";"2024-09-09 19:04:22"
"2024-09-05";"";"38 716";"6 406";"27 563 095";"2024-09-05 05:02:31"
"2024-09-02";"";"56 597";"25 843";"27 562 970";"2024-09-02 03:00:44"
"2024-09-01";"YouTube";"95 811";"13 791";"27 563 136";"2024-09-01 21:42:16"
"2024-09-03";"Telegram";"197 070";"22 656";"27 561 720";"2024-09-03 09:06:37"
"2024-09-08";"";"168 940";"23 130";"27 562 172";"2024-09-09 01:10:00"
"2024-09-01";"";"68 424";"4 964";"27 562 155";"2024-09-01 23:08:13"
"2024-09-08";"";"1 685 325";"351 357";"27 561 668";"2024-09-08 21:42:26"
"2024-09-04";"";"160 938";"31 406";"27 561 870";"2024-09-04 11:44:03"
"2024-09-05";"";"95 059";"4 068";"27 561 485";"2024-09-05 10:07:31"
"2024-09-05";"YouTube";"4 793 541";"1 586 953";"27 563 371";"2024-09-06 01:34:24"
"2024-09-06";"";"115 344";"14 552";"27 562 560";"2024-09-06 11:56:38"
"2024-09-07";"";"52 135";"26 026";"27 561 882";"2024-09-07 20:41:01"
"2024-09-07";"";"1 517 289";"143 239";"27 563 478";"2024-09-07 19:28:45"
"2024-09-07";"YouTube";"3 026 538";"211 363";"27 563 199";"2024-09-07 16:01:39"
"2024-09-07";"";"568 650";"165 265";"27 562 674";"2024-09-07 22:55:19"
"2024-09-08";"";"131 329";"61 685";"27 562 379";"2024-09-08 09:54:10"
"2024-09-07";"";"25 833";"21 948";"27 561 437";"2024-09-08 00:21:57"
"2024-09-01";"";"13 196";"67 718";"27 561 774";"2024-09-01 13:34:29"
"2024-09-02";"";"117 648";"13 895";"27 562 367";"2024-09-03 02:23:55"
"2024-09-08";"";"325 143";"131 524";"27 562 520";"2024-09-08 22:07:06"
"2024-09-05";"";"38 437";"12 555";"27 562 590";"2024-09-05 19:52:29"
"2024-09-02";"";"6 899";"31 388";"27 562 291";"2024-09-02 10:07:22"
"2024-09-01";"";"177 464";"14 401";"27 561 658";"2024-09-01 12:45:58"
"2024-09-09";"";"32 382 030";"23 399 922";"27 563 058";"2024-09-09 03:12:59"
"2024-09-06";"YouTube";"67 494";"32 028";"27 561 335";"2024-09-06 21:42:35"
"2024-09-06";"";"3 943 705";"184 215";"27 561 272";"2024-09-06 19:40:59"
"2024-09-05";"Yandex";"364 577";"30 418";"27 561 737";"2024-09-05 06:15:49"
"2024-09-01";"";"13 505";"69 691";"27 562 934";"2024-09-01 15:36:51"
"2024-09-05";"";"44 373";"3 436";"27 563 509";"2024-09-05 04:49:58"
"2024-09-10";"Apple Music";"29 287 612";"1 036 733";"27 562 784";"2024-09-10 12:45:03"
"2024-09-01";"";"49 096";"2 762";"27 561 796";"2024-09-01 21:18:38"
"2024-09-06";"Telegram";"14 567 877";"741 328";"27 563 263";"2024-09-06 16:25:32"
"2024-09-08";"";"475 647";"222 833";"27 562 674";"2024-09-08 11:20:24"
"2024-09-07";"";"10 179";"29 159";"27 561 947";"2024-09-07 05:38:33"
"2024-09-07";"";"26 775";"8 990";"27 563 242";"2024-09-07 08:05:57"
"2024-09-08";"Yandex";"18 250";"50 017";"27 561 281";"2024-09-08 14:47:22"
"2024-09-04";"";"229 853";"19 939";"27 562 435";"2024-09-04 03:12:37"
"2024-09-07";"";"26 082 088";"500 761";"27 562 737";"2024-09-07 20:29:28"
"2024-09-08";"Facebook";"7 629";"48 605";"27 561 312";"2024-09-08 05:14:22"
"2024-09-02";"Unknown";"388 844";"12 851";"27 563 080";"2024-09-02 10:55:56"
"2024-09-07";"";"169 227";"22 887";"27 562 090";"2024-09-07 21:54:01"
"2024-09-08";"";"540 783";"64 206";"27 562 140";"2024-09-09 00:09:49"
"2024-09-05";"";"95 682";"19 836";"27 562 349";"2024-09-05 09:18:15"
"2024-09-08";"YouTube";"3 789 308";"241 836";"27 562 850";"2024-09-08 11:44:51"
"2024-09-05";"Unknown";"2 053 018";"126 237";"27 562 355";"2024-09-05 10:55:12"
"2024-09-10";"";"1 614 057";"51 473";"27 562 560";"2024-09-10 05:50:35"
"2024-09-09";"";"41 707";"16 163";"27 561 301";"2024-09-09 09:30:38"
"2024-09-06";"";"216 083";"467 704";"27 562 759";"2024-09-06 06:27:57"
"2024-09-01";"Apple Music";"562 209";"7 703";"27 561 172";"2024-09-01 11:32:59"
"2024-09-02";"";"204 947";"15 380";"27 561 275";"2024-09-02 10:07:43"
"2024-09-07";"Facebook";"24 258 134";"1 904 356";"27 561 741";"2024-09-07 21:30:24"
"2024-09-09";"";"4 888 182";"258 115";"27 561 445";"2024-09-09 04:37:42"
"2024-09-08";"";"1 020 284";"213 882";"27 562 331";"2024-09-08 17:26:41"
"2024-09-01";"";"63 246";"4 872";"27 561 484";"2024-09-01 09:18:21"
"2024-09-06";"";"1 435 154";"970 199";"27 561 410";"2024-09-06 04:13:53"
"2024-09-03";"YouTube";"5 581";"32 061";"27 562 713";"2024-09-03 13:22:16"
"2024-09-07";"";"75 309";"647 901";"27 562 326";"2024-09-07 21:30:32"
"2024-09-03";"Facebook";"30 144";"2 116";"27 561 284";"2024-09-03 07:40:22"
"2024-09-09";"";"5 721";"45 747";"27 561 453";"2024-09-09 15:48:34"
"2024-09-09";"Telegram";"23 139 180";"1 186 701";"27 561 281";"2024-09-09 12:21:18"
"2024-09-07";"";"27 954";"4 268";"27 562 666";"2024-09-07 17:02:22"
"2024-09-01";"";"52 937";"7 109";"27 561 288";"2024-09-02 01:46:00"
"2024-09-05";"";"65 718";"5 168";"27 562 521";"2024-09-05 17:26:48"
"2024-09-02";"";"56 685";"32 504";"27 562 615";"2024-09-02 08:29:51"
"2024-09-09";"";"80 254";"8 387";"27 562 825";"2024-09-09 12:21:46"
"2024-09-05";"";"80 492";"3 957";"27 562 792";"2024-09-05 20:29:04"
"2024-09-06";"";"28 549";"4 118";"27 563 403";"2024-09-06 06:27:26"
"2024-09-08";"";"34 202 802";"3 313 759";"27 562 289";"2024-09-08 04:01:45"
"2024-09-03";"";"3 641 228";"79 515";"27 563 143";"2024-09-04 02:23:07"
"2024-09-03";"";"1 851 007";"106 790";"27 561 794";"2024-09-04 00:57:17"
"2024-09-03";"";"39 831";"2 675";"27 561 633";"2024-09-03 05:26:05"
"2024-09-05";"Instagram";"1 794 837";"1 799 428";"27 561 805";"2024-09-05 04:25:02"
"2024-09-09";"YouTube";"177 769";"28 846";"27 562 700";"2024-09-10 02:35:26"
"2024-09-05";"";"54 726";"12 456";"27 562 388";"2024-09-05 09:42:11"
"2024-09-08";"";"10 513 730";"395 278";"27 561 562";"2024-09-08 03:48:10"
"2024-09-02";"";"257 270";"76 113";"27 561 715";"2024-09-03 02:23:33"
"2024-09-10";"Facebook";"89 667";"29 053";"27 562 886";"2024-09-10 19:40:47"
"2024-09-07";"Instagram";"4 522 107";"3 245 979";"27 562 255";"2024-09-07 09:06:40"
"2024-09-08";"";"7 172 002";"2 034 669";"27 563 494";"2024-09-08 10:31:26"
"2024-09-07";"YouTube";"220 861";"2 930 064";"27 562 842";"2024-09-07 16:25:09"
"2024-09-01";"";"48 561";"2 344";"27 562 502";"2024-09-01 04:25:29"
"2024-09-06";"";"29 439 385";"633 693";"27 562 142";"2024-09-07 01:58:10"
"2024-09-02";"Telegram";"114 942";"26 436";"27 561 437";"2024-09-02 21:18:33"
"2024-09-05";"";"744 963";"45 500";"27 562 083";"2024-09-06 02:23:44"
"2024-09-01";"";"119 975";"26 086";"27 561 752";"2024-09-02 00:21:20"
"2024-09-06";"";"30 010";"21 852";"27 561 227";"2024-09-07 01:22:38"
"2024-09-08";"Instagram";"10 897 472";"3 314 384";"27 563 143";"2024-09-08 19:16:38"
"2024-09-02";"";"68 460";"55 772";"27 562 141";"2024-09-02 11:32:42"
"2024-09-03";"";"75 958";"7 759";"27 562 105";"2024-09-03 08:17:57"
"2024-09-06";"";"58 736";"5 240";"27 562 202";"2024-09-06 19:16:39"
"2024-09-03";"";"777 249";"43 187";"27 563 367";"2024-09-03 23:56:44"
"2024-09-09";"";"30 018";"2 526";"27 562 477";"2024-09-09 03:24:25"
"2024-09-08";"";"4 266 488";"170 314";"27 563 083";"2024-09-08 21:42:28"
"2024-09-02";"";"395 612";"83 494";"27 561 357";"2024-09-02 21:06:51"
"2024-09-01";"";"92 500";"48 499";"27 563 364";"2024-09-02 02:59:29"
"2024-09-08";"";"7 331";"181 702";"27 561 712";"2024-09-08 12:33:30"
"2024-09-04";"Odnoklassniki";"31 252";"3 174";"27 563 067";"2024-09-04 13:46:44"
"2024-09-01";"YouTube";"393 320";"107 174";"27 561 922";"2024-09-02 01:34:24"
"2024-09-04";"Instagram";"70 944";"6 461";"27 561 759";"2024-09-04 08:05:54"
"2024-09-05";"YouTube";"169 310";"28 554";"27 561 289";"2024-09-05 11:44:58"
"2024-09-02";"Facebook";"454 918";"32 406";"27 562 868";"2024-09-02 07:04:13"
"2024-09-06";"";"59 241 376";"3 998 571";"27 562 044";"2024-09-06 22:07:59"
"2024-09-02";"";"303 883";"65 358";"27 562 016";"2024-09-02 04:01:32"
"2024-09-07";"";"312 234";"33 366";"27 561 246";"2024-09-07 03:00:36"
"2024-09-03";"";"43 998";"7 502";"27 563 234";"2024-09-03 23:20:35"
"2024-09-10";"";"31 812 039";"42 879 245";"27 561 197";"2024-09-10 23:44:32"
"2024-09-06";"";"146 360";"208 445";"27 562 560";"2024-09-06 16:25:08"
"2024-09-04";"Facebook";"71 234";"5 133";"27 562 320";"2024-09-05 02:47:43"
"2024-09-08";"";"30 152";"18 410";"27 563 453";"2024-09-08 13:22:05"
"2024-09-03";"Instagram";"476 261";"32 695";"27 562 192";"2024-09-03 15:36:49"
"2024-09-03";"YouTube";"361 456";"77 614";"27 562 912";"2024-09-03 17:50:10"
"2024-09-10";"";"12 501 057";"560 315";"27 562 044";"2024-09-10 23:32:53"
"2024-09-03";"";"100 773";"5 476";"27 563 287";"2024-09-03 04:49:42"
"2024-09-04";"Facebook";"45 031 544";"1 476 071";"27 562 889";"2024-09-04 10:55:16"
"2024-09-05";"VKontakte";"77 506 023";"4 074 439";"27 562 692";"2024-09-06 01:22:44"
"2024-09-05";"YouTube";"123 428";"70 717";"27 561 708";"2024-09-05 12:45:21"
"2024-09-08";"";"63 807";"62 356";"27 562 612";"2024-09-08 22:43:01"
"2024-09-07";"Yandex";"20 283";"36 877";"27 561 464";"2024-09-07 19:40:31"
"2024-09-06";"";"77 680";"72 027";"27 561 882";"2024-09-06 22:07:57"
"2024-09-10";"";"49 112";"2 683";"27 562 914";"2024-09-10 06:15:37"
"2024-09-03";"";"69 469";"57 923";"27 561 230";"2024-09-03 03:12:13"
"2024-09-04";"";"143 837";"59 874";"27 562 413";"2024-09-05 02:11:57"
"2024-09-07";"";"174 609";"9 662";"27 563 290";"2024-09-08 02:11:42"
"2024-09-04";"";"7 576";"33 577";"27 562 014";"2024-09-04 20:53:51"
"2024-09-05";"Facebook";"171 721";"15 204";"27 562 398";"2024-09-05 16:25:09"
"2024-09-09";"";"272 871";"35 727";"27 563 207";"2024-09-09 09:18:25"
"2024-09-05";"";"41 231";"25 120";"27 562 521";"2024-09-05 18:51:03"
"2024-09-01";"Telegram";"289 369";"26 343";"27 562 667";"2024-09-01 19:52:37"
"2024-09-08";"YouTube";"14 128 858";"1 246 651";"27 562 230";"2024-09-08 08:29:35"
"2024-09-08";"";"346 313";"44 518";"27 562 263";"2024-09-08 18:51:08"
"2024-09-10";"";"61 016";"5 312";"27 562 654";"2024-09-10 19:28:03"
"2024-09-03";"";"175 569";"23 451";"27 563 290";"2024-09-03 15:00:10"
"2024-09-04";"";"734 230";"29 352";"27 561 428";"2024-09-05 01:22:15"
"2024-09-02";"";"65 694";"3 009";"27 563 024";"2024-09-02 18:03:27"
"2024-09-08";"";"157 198";"111 069";"27 562 491";"2024-09-08 22:07:42"
"2024-09-10";"";"306 010";"17 478";"27 562 713";"2024-09-10 19:28:54"
"2024-09-01";"";"26 709";"14 808";"27 561 673";"2024-09-02 00:57:55"
"2024-09-03";"Likee";"35 103";"10 238";"27 562 628";"2024-09-03 08:41:33"
"2024-09-10";"";"7 564 902";"176 721";"27 563 218";"2024-09-10 18:03:16"
"2024-09-08";"Instagram";"3 035 613";"1 611 646";"27 562 061";"2024-09-08 22:19:32"
"2024-09-09";"Instagram";"3 414 652";"751 902";"27 561 378";"2024-09-09 13:34:25"
"2024-09-06";"";"67 359";"18 715";"27 561 760";"2024-09-06 13:34:20"
"2024-09-08";"";"58 768 409";"34 948 005";"27 563 114";"2024-09-08 17:14:24"
"2024-09-03";"";"45 821";"6 170";"27 562 872";"2024-09-03 10:31:39"
"2024-09-01";"YouTube";"19 217 045";"1 615 288";"27 562 574";"2024-09-02 00:33:03"
"2024-09-09";"";"203 184";"96 168";"27 561 785";"2024-09-09 03:12:53"
"2024-09-10";"";"2 842 410";"3 610 176";"27 563 425";"2024-09-10 21:06:25"
"2024-09-05";"Telegram";"7 313 345";"460 517";"27 562 680";"2024-09-06 01:22:38"
"2024-09-03";"";"103 614";"9 598";"27 561 722";"2024-09-03 07:52:52"
"2024-09-07";"";"5 280 522";"206 688";"27 562 944";"2024-09-07 21:30:32"
"2024-09-08";"";"726 203";"33 608";"27 561 743";"2024-09-08 22:31:38"
"2024-09-09";"";"26 127";"74 159";"27 561 814";"2024-09-09 17:26:42"
"2024-09-08";"";"29 017";"7 655";"27 563 238";"2024-09-08 03:12:06"
"2024-09-09";"";"1 373 575";"1 193 532";"27 562 199";"2024-09-09 22:07:51"
"2024-09-02";"";"139 907";"548 227";"27 563 035";"2024-09-02 09:54:41"
"2024-09-10";"";"4 540 190";"123 102";"27 561 883";"2024-09-10 23:32:12"
"2024-09-06";"";"60 323";"51 816";"27 562 230";"2024-09-06 14:59:41"
"2024-09-03";"";"85 346";"14 350";"27 562 968";"2024-09-03 03:36:36"
"2024-09-04";"YouTube";"738 263";"42 734";"27 561 343";"2024-09-04 16:37:09"
"2024-09-09";"Likee";"758 592";"805 841";"27 561 398";"2024-09-09 20:53:44"
"2024-09-10";"";"28 058";"3 311";"27 562 719";"2024-09-10 04:49:13"
"2024-09-01";"";"52 714";"15 087";"27 561 197";"2024-09-01 04:01:18"
"2024-09-09";"Telegram";"1 707 353";"320 291";"27 561 327";"2024-09-09 07:04:56"
"2024-09-09";"";"2 269 064";"66 583";"27 562 437";"2024-09-09 18:27:16"
"2024-09-02";"";"85 111";"59 557";"27 562 906";"2024-09-02 23:08:06"
"2024-09-04";"";"113 947";"92 902";"27 562 553";"2024-09-04 20:29:28"
"2024-09-03";"";"31 274";"26 151";"27 562 552";"2024-09-03 20:05:34"
"2024-09-09";"";"538 369";"22 184";"27 562 291";"2024-09-09 12:33:25"
"2024-09-07";"";"41 631";"4 436";"27 561 464";"2024-09-07 14:47:40"
"2024-09-03";"";"6 915 525";"203 277";"27 561 485";"2024-09-03 21:42:28"
"2024-09-07";"";"66 790";"3 807";"27 563 463";"2024-09-07 16:37:45"
"2024-09-02";"Facebook";"9 401";"26 290";"27 563 097";"2024-09-02 06:51:56"
"2024-09-05";"";"2 610 330";"223 002";"27 563 324";"2024-09-05 15:12:13"
"2024-09-09";"";"151 313";"10 581";"27 561 306";"2024-09-09 17:14:58"
"2024-09-08";"PUBG";"3 904 118";"170 538";"27 562 788";"2024-09-08 11:56:06"
"2024-09-10";"Facebook";"4 016 794";"1 032 171";"27 562 483";"2024-09-10 16:25:29"
"2024-09-02";"";"34 154";"4 580";"27 562 684";"2024-09-03 01:34:27"
"2024-09-06";"";"2 424 423";"162 075";"27 562 971";"2024-09-06 21:18:04"
"2024-09-02";"";"1 472 383";"81 686";"27 563 075";"2024-09-03 00:09:00"
"2024-09-02";"Telegram";"7 249 911";"461 293";"27 561 401";"2024-09-02 07:04:12"
"2024-09-09";"";"1 829 087";"466 028";"27 561 970";"2024-09-09 22:55:31"
"2024-09-05";"";"39 290";"18 730";"27 561 217";"2024-09-05 15:00:40"
"2024-09-09";"WhatsApp";"194 251";"102 536";"27 562 715";"2024-09-09 06:27:27"
"2024-09-01";"";"319 529";"417 635";"27 562 656";"2024-09-01 07:04:51"
"2024-09-04";"YouTube";"1 271 258";"655 727";"27 563 001";"2024-09-04 04:25:09"
"2024-09-02";"WhatsApp";"1 961 005";"3 635 637";"27 561 670";"2024-09-02 13:22:46"
"2024-09-03";"YouTube";"2 034 371";"695 707";"27 563 365";"2024-09-03 09:18:00"
"2024-09-06";"Telegram";"43 181 993";"2 337 257";"27 561 953";"2024-09-06 13:10:32"
"2024-09-04";"";"76 545";"6 224";"27 563 009";"2024-09-04 20:29:47"
"2024-09-06";"";"403 185";"86 495";"27 562 915";"2024-09-06 11:20:36"
"2024-09-03";"";"376 250";"137 322";"27 561 830";"2024-09-03 23:32:35"
"2024-09-03";"YouTube";"290 393";"261 355";"27 563 153";"2024-09-03 15:48:57"
"2024-09-08";"";"34 921";"19 040";"27 563 128";"2024-09-08 12:21:59"
"2024-09-06";"";"3 888 790";"562 575";"27 563 445";"2024-09-06 16:25:53"
"2024-09-04";"YouTube";"36 995";"11 351";"27 563 067";"2024-09-04 13:46:03"
"2024-09-04";"Yandex";"533 516";"39 141";"27 562 122";"2024-09-04 20:17:26"
"2024-09-05";"";"107 460";"6 786";"27 561 275";"2024-09-05 09:06:02"
"2024-09-04";"";"72 192";"4 122";"27 561 367";"2024-09-04 21:54:43"
"2024-09-06";"";"140 701";"121 408";"27 561 611";"2024-09-06 08:29:41"
"2024-09-07";"";"1 497 127";"191 727";"27 563 266";"2024-09-08 01:34:28"
"2024-09-05";"";"792 514";"40 117";"27 561 827";"2024-09-06 02:11:46"
"2024-09-10";"";"442 313";"25 750";"27 563 211";"2024-09-10 18:03:00"
"2024-09-08";"";"177 580";"9 400";"27 562 003";"2024-09-08 23:20:09"
"2024-09-09";"";"49 984";"3 589";"27 562 670";"2024-09-09 08:53:55"
"2024-09-05";"";"84 042";"8 546";"27 561 557";"2024-09-05 23:08:25"
"2024-09-06";"WhatsApp";"486 998";"46 533";"27 562 497";"2024-09-06 14:11:55"
"2024-09-05";"Telegram";"747 806";"92 047";"27 563 436";"2024-09-06 00:33:58"
"2024-09-05";"";"11 861 644";"498 410";"27 562 717";"2024-09-05 09:54:00"
"2024-09-02";"";"26 056 177";"1 114 700";"27 563 514";"2024-09-03 00:57:28"
"2024-09-01";"YouTube";"150 282";"538 977";"27 561 502";"2024-09-01 06:39:52"
"2024-09-06";"";"207 520";"10 633";"27 561 401";"2024-09-06 20:53:21"
"2024-09-05";"";"368 802";"17 826";"27 563 464";"2024-09-05 15:48:26"
"2024-09-03";"";"884 667";"133 643";"27 561 920";"2024-09-03 17:50:43"
"2024-09-07";"";"2 404 479";"126 474";"27 562 096";"2024-09-07 12:33:49"
"2024-09-07";"Yandex";"92 381";"11 021";"27 562 490";"2024-09-07 13:22:14"
"2024-09-10";"";"812";"29 078";"27 562 364";"2024-09-10 13:10:58"
"2024-09-03";"";"67 384";"11 454";"27 561 482";"2024-09-04 01:58:08"
"2024-09-06";"";"46 923";"3 167";"27 561 449";"2024-09-06 05:50:20"
"2024-09-08";"YouTube";"307 540";"43 787";"27 561 192";"2024-09-08 18:27:33"
"2024-09-02";"Yandex";"192 313";"8 852";"27 563 060";"2024-09-03 00:45:31"
"2024-09-08";"";"116 504";"135 174";"27 561 627";"2024-09-08 17:38:56"
"2024-09-09";"";"40 149";"25 182";"27 561 670";"2024-09-09 06:51:53"
"2024-09-01";"";"94 133";"7 680";"27 562 365";"2024-09-01 08:53:58"
"2024-09-05";"";"3 673 552";"241 140";"27 561 370";"2024-09-05 07:52:26"
"2024-09-10";"";"68 741";"69 238";"27 561 288";"2024-09-10 06:39:59"
"2024-09-08";"Instagram";"1 805 371";"398 639";"27 561 571";"2024-09-08 21:30:20"
"2024-09-04";"Facebook";"60 341";"3 884";"27 562 969";"2024-09-04 04:25:42"
"2024-09-06";"Unknown";"236 005";"49 252";"27 562 942";"2024-09-06 20:17:32"
"2024-09-01";"";"32 705";"2 161";"27 562 230";"2024-09-01 21:06:48"
"2024-09-06";"";"428 235";"30 320";"27 561 974";"2024-09-06 14:35:25"
"2024-09-10";"";"30 843";"2 907";"27 561 827";"2024-09-10 09:30:37"
"2024-09-04";"";"65 324";"139 018";"27 563 060";"2024-09-04 09:42:03"
"2024-09-05";"Facebook";"59 479";"5 370";"27 563 158";"2024-09-05 04:49:48"
"2024-09-05";"YouTube";"1 055 608";"46 501";"27 563 119";"2024-09-05 08:29:41"
"2024-09-07";"WhatsApp";"5 900";"51 264";"27 562 469";"2024-09-07 23:44:31"
"2024-09-08";"Instagram";"227 947";"34 686";"27 561 794";"2024-09-08 04:13:46"
"2024-09-07";"Unknown";"286 125";"15 046";"27 561 480";"2024-09-07 22:31:11"
"2024-09-05";"";"1 364 056";"72 101";"27 562 607";"2024-09-06 00:57:21"
"2024-09-07";"";"82 687";"13 730";"27 563 317";"2024-09-07 12:57:04"
"2024-09-07";"Instagram";"346 365";"4 066";"27 561 630";"2024-09-07 10:31:24"
"2024-09-08";"Instagram";"12 083 907";"14 414 281";"27 562 365";"2024-09-08 07:28:21"
"2024-09-10";"Telegram";"177 287 587";"9 969 338";"27 561 891";"2024-09-11 00:45:29"
"2024-09-05";"YouTube";"224 337 488";"16 507 350";"27 563 157";"2024-09-05 17:38:48"
"2024-09-07";"";"13 167";"41 944";"27 561 767";"2024-09-07 10:31:11"
"2024-09-02";"";"103 852";"66 225";"27 563 390";"2024-09-02 16:37:20"
"2024-09-01";"Instagram";"189 373";"8 281";"27 563 453";"2024-09-01 17:14:56"
"2024-09-07";"YouTube";"2 671 207";"191 809";"27 561 332";"2024-09-07 11:56:10"
"2024-09-01";"";"800 395";"186 536";"27 563 334";"2024-09-01 06:51:29"
"2024-09-03";"";"1 234 537";"792 636";"27 561 870";"2024-09-03 16:13:51"
"2024-09-01";"Instagram";"663 660";"30 670";"27 563 146";"2024-09-01 13:10:43"
"2024-09-10";"";"31 730";"13 541";"27 561 983";"2024-09-10 10:31:32"
"2024-09-08";"";"800 855";"42 340";"27 563 402";"2024-09-08 06:15:31"
"2024-09-02";"";"130 164";"47 484";"27 561 903";"2024-09-02 03:48:36"
"2024-09-06";"Facebook";"115 822";"26 336";"27 562 656";"2024-09-06 09:18:41"
"2024-09-04";"";"69 706";"35 277";"27 561 733";"2024-09-04 10:43:29"
"2024-09-06";"";"71 484";"7 885";"27 563 311";"2024-09-06 04:49:13"
"2024-09-08";"";"389 424";"138 009";"27 562 073";"2024-09-08 12:33:54"
"2024-09-07";"Telegram";"719 775 141";"26 303 718";"27 562 886";"2024-09-07 06:39:28"
"2024-09-01";"YouTube";"36 388";"15 447";"27 563 239";"2024-09-01 22:55:38"
"2024-09-03";"YouTube";"7 169 398";"396 235";"27 561 934";"2024-09-03 20:53:56"
"2024-09-05";"";"18 980 521";"734 222";"27 561 512";"2024-09-05 18:03:47"
"2024-09-07";"";"87 702";"232 901";"27 562 961";"2024-09-07 14:23:26"
"2024-09-08";"";"73 038 990";"8 880 735";"27 561 505";"2024-09-09 00:45:17"
"2024-09-01";"";"78 435";"58 526";"27 562 656";"2024-09-01 20:41:49"
"2024-09-01";"";"1 364 203";"227 609";"27 562 516";"2024-09-01 15:12:18"
"2024-09-05";"";"66 959";"17 448";"27 562 320";"2024-09-06 02:47:04"
"2024-09-05";"";"1 252 459";"99 553";"27 562 780";"2024-09-05 23:32:20"
"2024-09-08";"";"205 288";"677 383";"27 561 424";"2024-09-09 02:11:06"
"2024-09-06";"Instagram";"368 427 552";"8 055 788";"27 563 308";"2024-09-06 23:20:13"
"2024-09-06";"Telegram";"61 967 322";"7 087 614";"27 562 071";"2024-09-06 03:36:09"
"2024-09-07";"";"196 614";"6 774";"27 562 760";"2024-09-07 15:48:53"
"2024-09-02";"";"79 422";"7 324";"27 562 832";"2024-09-02 13:46:27"
"2024-09-10";"Facebook";"124 086";"10 965";"27 561 800";"2024-09-10 06:51:30"
"2024-09-10";"";"215 302";"281 837";"27 561 485";"2024-09-10 06:39:51"
"2024-09-02";"";"1 311 637";"56 772";"27 561 352";"2024-09-02 04:49:04"
"2024-09-01";"";"132 064";"25 495";"27 561 727";"2024-09-02 02:59:15"
"2024-09-09";"";"185 014";"137 592";"27 562 240";"2024-09-10 01:46:46"
"2024-09-01";"";"502 704";"31 318";"27 561 529";"2024-09-02 01:22:00"
"2024-09-02";"";"389 140";"41 250";"27 561 378";"2024-09-03 01:10:43"
"2024-09-06";"";"129 842 703";"7 149 863";"27 561 426";"2024-09-06 17:26:05"
"2024-09-05";"YouTube";"91 189";"12 736";"27 562 721";"2024-09-05 08:05:19"
"2024-09-07";"";"347 465";"25 962";"27 562 144";"2024-09-07 14:47:14"
"2024-09-04";"YouTube";"4 731 167";"266 123";"27 563 168";"2024-09-04 13:10:52"
"2024-09-02";"YouTube";"1 401 274";"1 087 599";"27 561 410";"2024-09-02 04:13:48"
"2024-09-04";"";"33 746";"2 938";"27 562 521";"2024-09-04 15:24:06"
"2024-09-03";"";"13 170";"39 777";"27 562 545";"2024-09-03 06:27:49"
"2024-09-02";"YouTube";"168 943";"27 414";"27 562 236";"2024-09-02 16:37:43"
"2024-09-05";"";"321 446";"115 854";"27 562 941";"2024-09-05 23:20:53"
"2024-09-10";"";"46 315";"3 414";"27 562 922";"2024-09-10 04:49:17"
"2024-09-01";"";"13 175";"172 566";"27 561 420";"2024-09-01 08:41:57"
"2024-09-05";"";"4 151 254";"158 174";"27 561 776";"2024-09-05 15:48:14"
"2024-09-02";"";"45 922";"15 348";"27 563 467";"2024-09-03 01:10:12"
"2024-09-04";"";"538 168";"264 624";"27 563 308";"2024-09-04 19:52:47"
"2024-09-07";"";"73 166";"44 398";"27 562 993";"2024-09-07 15:24:35"
"2024-09-02";"Instagram";"93 704 286";"2 848 325";"27 561 884";"2024-09-02 14:11:06"
"2024-09-10";"Telegram";"8 669 297";"888 951";"27 561 500";"2024-09-10 11:08:02"
"2024-09-09";"";"831 633";"30 310";"27 562 226";"2024-09-09 10:43:39"
"2024-09-07";"";"97 673";"17 152";"27 561 253";"2024-09-07 12:45:08"
"2024-09-06";"";"13 098";"130 030";"27 563 174";"2024-09-06 19:28:51"
"2024-09-09";"Instagram";"134 371";"5 415";"27 562 628";"2024-09-09 13:46:17"
"2024-09-01";"Telegram";"5 837 478";"446 787";"27 561 503";"2024-09-01 12:45:22"
"2024-09-07";"";"261 173";"44 570";"27 562 470";"2024-09-07 10:43:57"
"2024-09-02";"Facebook";"251 356";"18 548";"27 561 645";"2024-09-02 03:24:59"
"2024-09-05";"";"33 064";"4 529";"27 561 608";"2024-09-05 12:33:15"
"2024-09-07";"Telegram";"30 579 487";"1 641 300";"27 562 138";"2024-09-07 22:07:07"
"2024-09-07";"";"51 828";"2 595";"27 561 761";"2024-09-07 18:03:04"
"2024-09-02";"";"326 243";"66 371";"27 563 388";"2024-09-03 01:34:26"
"2024-09-08";"";"2 303 050";"634 501";"27 562 289";"2024-09-09 02:11:35"
"2024-09-02";"";"38 766";"4 942";"27 562 236";"2024-09-02 07:28:17"
"2024-09-03";"";"314 825";"31 988";"27 562 784";"2024-09-03 16:13:48"
"2024-09-09";"YouTube";"314 330 816";"20 222 154";"27 562 039";"2024-09-09 05:50:49"
"2024-09-08";"";"38 553";"13 177";"27 561 710";"2024-09-08 13:10:37"
"2024-09-07";"";"73 673";"6 799";"27 563 293";"2024-09-07 03:12:24"
"2024-09-03";"";"342 401";"20 653";"27 561 870";"2024-09-03 09:54:30"
"2024-09-08";"";"44 831";"10 716";"27 561 433";"2024-09-08 14:47:15"
"2024-09-08";"";"1 941 258";"6 507 380";"27 561 950";"2024-09-08 17:38:06"
"2024-09-07";"YouTube";"898 872 706";"50 567 424";"27 562 609";"2024-09-07 13:10:01"
"2024-09-01";"";"89 942";"14 176";"27 562 508";"2024-09-01 09:18:21"
"2024-09-10";"";"39 015";"6 044";"27 563 220";"2024-09-10 14:59:30"
"2024-09-04";"";"16 385 146";"264 241";"27 563 515";"2024-09-04 14:47:53"
"2024-09-09";"Instagram";"15 751 800";"512 467";"27 561 536";"2024-09-09 22:07:42"
"2024-09-02";"";"696 559";"290 261";"27 562 462";"2024-09-02 15:00:28"
"2024-09-06";"";"197 788";"254 893";"27 562 281";"2024-09-06 20:41:26"
"2024-09-05";"";"2 411 212";"133 596";"27 562 861";"2024-09-05 19:28:08"
"2024-09-09";"";"417 592";"87 593";"27 562 344";"2024-09-09 12:45:11"
"2024-09-10";"";"550 875";"141 513";"27 563 225";"2024-09-10 15:48:23"
"2024-09-08";"";"142 143";"38 498";"27 561 533";"2024-09-08 20:41:06"
"2024-09-03";"Telegram";"26 408 331";"1 507 435";"27 561 671";"2024-09-04 01:46:37"
"2024-09-05";"";"767 842";"360 554";"27 561 687";"2024-09-05 15:36:03"
"2024-09-06";"";"4 771 487";"165 815";"27 563 326";"2024-09-07 01:22:53"
"2024-09-02";"YouTube";"1 942 861";"618 740";"27 561 325";"2024-09-02 12:21:56"
"2024-09-09";"";"253 456";"16 910";"27 561 821";"2024-09-09 09:06:03"
"2024-09-02";"YouTube";"675 615";"635 382";"27 561 582";"2024-09-03 00:57:29"
"2024-09-09";"Telegram";"78 294 217";"10 824 436";"27 563 386";"2024-09-09 08:53:06"
"2024-09-02";"Unknown";"31 250";"21 496";"27 562 019";"2024-09-02 21:06:47"
"2024-09-04";"IMO";"153 939";"70 881";"27 562 890";"2024-09-04 15:00:28"
"2024-09-10";"";"213 685";"30 095";"27 562 737";"2024-09-10 15:00:37"
"2024-09-09";"Facebook";"74 415";"49 655";"27 562 185";"2024-09-09 17:50:40"
"2024-09-03";"";"5 897";"28 050";"27 563 411";"2024-09-03 14:47:39"
"2024-09-10";"";"2 543 909";"255 357";"27 562 506";"2024-09-10 05:26:32"
"2024-09-07";"";"38 286";"25 845";"27 561 499";"2024-09-07 06:51:41"
"2024-09-02";"";"147 867";"13 198";"27 561 354";"2024-09-02 04:25:50"
"2024-09-02";"";"150 589";"17 496";"27 562 418";"2024-09-02 16:25:00"
"2024-09-07";"";"551 979";"87 756";"27 563 148";"2024-09-07 18:15:37"
"2024-09-04";"";"129 078";"318 831";"27 562 666";"2024-09-05 00:09:39"
"2024-09-09";"";"32 755";"2 155";"27 561 457";"2024-09-09 17:50:49"
"2024-09-09";"";"8 281";"58 571";"27 562 791";"2024-09-09 15:12:08"
"2024-09-10";"";"277 134";"63 551";"27 562 780";"2024-09-10 08:05:46"
"2024-09-03";"VKontakte";"80 046";"4 868";"27 561 987";"2024-09-03 05:14:09"
"2024-09-10";"Facebook";"41 605";"3 013";"27 562 033";"2024-09-10 05:38:26"
"2024-09-08";"";"46 766";"3 515";"27 562 991";"2024-09-08 04:01:22"
"2024-09-08";"YouTube";"1 678 825";"6 904 021";"27 561 697";"2024-09-08 17:26:28"
"2024-09-06";"";"227 042";"53 396";"27 561 668";"2024-09-07 01:58:44"
"2024-09-03";"";"152 181";"27 479";"27 562 717";"2024-09-03 23:20:56"
"2024-09-05";"YouTube";"33 905";"15 777";"27 561 342";"2024-09-05 05:02:16"
"2024-09-08";"";"0";"26 369";"27 562 612";"2024-09-08 20:29:23"
"2024-09-01";"Telegram";"5 692 283";"1 013 741";"27 563 078";"2024-09-01 19:04:40"
"2024-09-06";"Telegram";"238 553 817";"52 176 156";"27 562 138";"2024-09-07 00:33:59"
"2024-09-01";"YouTube";"982 358";"435 852";"27 561 502";"2024-09-01 05:50:22"
"2024-09-07";"";"105 335";"12 159";"27 563 014";"2024-09-07 17:14:34"
"2024-09-01";"Telegram";"1 904 774";"506 028";"27 561 708";"2024-09-01 05:02:48"
"2024-09-06";"";"1 096 772";"76 624";"27 563 443";"2024-09-06 15:36:33"
"2024-09-01";"YouTube";"714 628";"64 058";"27 562 374";"2024-09-01 09:06:46"
"2024-09-07";"";"251 628";"33 697";"27 561 881";"2024-09-07 16:25:33"
"2024-09-01";"";"4 716";"36 026";"27 562 022";"2024-09-01 17:02:47"
"2024-09-05";"";"27 349";"21 937";"27 562 666";"2024-09-05 17:26:12"
"2024-09-06";"";"102 626";"124 666";"27 563 096";"2024-09-06 15:12:52"
"2024-09-02";"";"17 248";"46 625";"27 563 088";"2024-09-02 12:33:38"
"2024-09-09";"";"130 367";"9 687";"27 561 339";"2024-09-09 17:14:20"
"2024-09-06";"Instagram";"463 957";"86 281";"27 562 097";"2024-09-06 17:38:42"
"2024-09-08";"YouTube";"12 937 913";"851 288";"27 562 470";"2024-09-08 04:01:12"
"2024-09-08";"";"3 597 557";"151 805";"27 562 491";"2024-09-08 13:22:53"
"2024-09-06";"Instagram";"5 494 327";"519 543";"27 561 227";"2024-09-07 01:10:18"
"2024-09-09";"";"207 233";"9 528";"27 562 004";"2024-09-09 20:41:07"
"2024-09-06";"";"390 613";"348 938";"27 561 698";"2024-09-06 18:51:15"
"2024-09-02";"Instagram";"3 103 297";"136 710";"27 561 958";"2024-09-02 10:07:00"
"2024-09-10";"";"78 897";"9 795";"27 561 999";"2024-09-10 15:12:46"
"2024-09-06";"Apple Music";"138 251";"34 655";"27 562 907";"2024-09-06 13:46:49"
"2024-09-06";"";"35 987";"32 053";"27 561 687";"2024-09-06 03:00:20"
"2024-09-08";"YouTube";"4 408 036";"2 205 962";"27 563 199";"2024-09-08 09:18:19"
"2024-09-03";"Facebook";"252 818";"81 124";"27 563 130";"2024-09-03 09:42:39"
"2024-09-03";"Yandex";"663 505";"11 000";"27 561 172";"2024-09-03 12:45:25"
"2024-09-10";"";"154 716";"10 029";"27 561 436";"2024-09-10 12:45:27"
"2024-09-03";"Facebook";"5 738 483";"336 243";"27 563 436";"2024-09-03 17:26:27"
"2024-09-10";"Unknown";"437 947";"119 426";"27 563 425";"2024-09-11 00:33:53"
"2024-09-07";"";"246 182";"9 169";"27 561 458";"2024-09-07 18:51:33"
"2024-09-07";"";"199 238";"46 479";"27 563 083";"2024-09-07 08:17:57"
"2024-09-10";"";"526 398";"210 999";"27 563 059";"2024-09-11 00:57:53"
"2024-09-01";"";"68 586";"4 005";"27 562 518";"2024-09-01 18:51:05"
"2024-09-04";"VKontakte";"90 713";"6 487";"27 562 242";"2024-09-04 03:00:12"
"2024-09-01";"";"619 288";"20 081";"27 562 193";"2024-09-01 12:09:33"
"2024-09-01";"Tas-ix";"988 696";"41 486";"27 561 184";"2024-09-01 09:42:41"
"2024-09-04";"";"58 760";"3 249";"27 563 243";"2024-09-04 20:29:20"
"2024-09-02";"";"58 724";"115 269";"27 563 198";"2024-09-02 20:53:59"
"2024-09-10";"Facebook";"690 550";"58 671";"27 562 427";"2024-09-10 16:01:52"
"2024-09-06";"";"37 185";"11 985";"27 561 365";"2024-09-06 21:30:11"
"2024-09-01";"";"31 019";"16 012";"27 561 457";"2024-09-01 18:51:50"
"2024-09-10";"";"348 915";"44 208";"27 562 050";"2024-09-10 06:03:31"
"2024-09-05";"Facebook";"158 217";"15 273";"27 562 838";"2024-09-05 21:30:54"
"2024-09-06";"";"356 060";"46 636";"27 561 655";"2024-09-06 03:36:06"
"2024-09-10";"";"49 101";"250 155";"27 563 141";"2024-09-10 03:36:52"
"2024-09-03";"";"108 575";"29 021";"27 563 351";"2024-09-03 07:16:55"
"2024-09-06";"";"189 559";"6 965";"27 563 191";"2024-09-06 15:24:45"
"2024-09-10";"VKontakte";"490 173";"256 456";"27 563 183";"2024-09-10 16:49:26"
"2024-09-08";"";"208 887 358";"12 479 269";"27 561 388";"2024-09-08 14:47:26"
"2024-09-01";"";"145 196";"7 909";"27 562 140";"2024-09-01 12:45:31"
"2024-09-02";"";"27 976";"2 150";"27 561 888";"2024-09-02 09:06:01"
"2024-09-10";"Yandex";"162 078";"7 986";"27 561 492";"2024-09-10 03:24:20"
"2024-09-05";"";"267 364";"36 771";"27 562 317";"2024-09-05 10:55:41"
"2024-09-05";"";"198 994";"147 505";"27 562 352";"2024-09-05 14:59:44"
"2024-09-04";"";"367 662";"160 435";"27 562 063";"2024-09-04 04:37:00"
"2024-09-10";"Facebook";"2 645 161";"68 136";"27 561 582";"2024-09-10 04:37:12"
"2024-09-05";"";"75 511";"16 293";"27 563 511";"2024-09-05 07:04:18"
"2024-09-10";"";"2 171 039";"121 563";"27 562 224";"2024-09-10 05:02:06"
"2024-09-06";"Instagram";"23 363 388";"18 789 047";"27 562 560";"2024-09-06 14:35:24"
"2024-09-01";"";"595 013";"99 539";"27 562 233";"2024-09-01 19:52:45"
"2024-09-03";"";"132 197";"15 524";"27 563 072";"2024-09-03 04:01:37"
"2024-09-06";"";"278 840";"22 348";"27 563 334";"2024-09-06 15:48:11"
"2024-09-08";"";"1 678 794";"95 075";"27 563 326";"2024-09-08 08:29:38"
"2024-09-07";"";"81 279 994";"3 712 555";"27 562 656";"2024-09-07 08:29:25"
"2024-09-01";"";"392 566";"35 961";"27 563 166";"2024-09-01 10:07:25"
"2024-09-10";"";"60 837";"204 195";"27 562 122";"2024-09-10 03:12:10"
"2024-09-10";"";"324 401";"19 649";"27 561 597";"2024-09-10 13:10:20"
"2024-09-04";"Instagram";"380 262";"1 849 119";"27 562 704";"2024-09-05 00:21:33"
"2024-09-10";"";"530 509";"17 811";"27 562 615";"2024-09-10 19:40:23"
"2024-09-05";"";"75 708";"19 302";"27 561 466";"2024-09-05 21:30:50"
"2024-09-05";"";"1 394 939";"864 744";"27 562 255";"2024-09-05 14:23:36"
"2024-09-01";"YouTube";"2 808 385";"155 723";"27 561 274";"2024-09-01 15:48:01"
"2024-09-08";"";"690 690";"664 468";"27 563 135";"2024-09-09 01:58:51"
"2024-09-01";"";"29 305";"15 781";"27 562 758";"2024-09-01 17:26:30"
"2024-09-02";"";"58 827";"22 116";"27 561 354";"2024-09-02 18:03:29"
"2024-09-06";"Telegram";"121 015";"33 650";"27 562 396";"2024-09-06 12:45:46"
"2024-09-09";"";"18 790";"81 926";"27 561 823";"2024-09-09 15:36:47"
"2024-09-03";"";"535 313";"257 708";"27 561 367";"2024-09-03 16:01:10"
"2024-09-03";"";"3 893 142";"190 914";"27 562 550";"2024-09-03 03:36:40"
"2024-09-10";"";"53 136";"2 250";"27 562 766";"2024-09-10 21:06:13"
"2024-09-08";"Instagram";"322 703";"35 055";"27 562 156";"2024-09-08 17:38:37"
"2024-09-05";"";"34 519";"3 055";"27 561 890";"2024-09-05 17:14:15"
"2024-09-01";"";"49 375";"5 049";"27 562 631";"2024-09-01 19:04:04"
"2024-09-04";"";"2 480 520";"102 791";"27 562 267";"2024-09-05 02:11:33"
"2024-09-10";"Yandex";"1 025 044";"82 878";"27 562 601";"2024-09-10 13:22:39"
"2024-09-06";"";"1 399 389";"172 140";"27 563 518";"2024-09-06 12:09:55"
"2024-09-08";"Facebook";"157 792";"79 045";"27 563 234";"2024-09-08 08:17:28"
"2024-09-04";"";"124 300";"205 716";"27 562 992";"2024-09-04 19:16:00"
"2024-09-06";"VKontakte";"61 885";"5 757";"27 563 264";"2024-09-06 13:22:16"
"2024-09-06";"Yandex";"126 794";"168 192";"27 562 587";"2024-09-06 05:26:09"
"2024-09-02";"Yandex";"233 565";"34 404";"27 562 803";"2024-09-02 12:09:39"
"2024-09-03";"Yandex";"7 240 179";"783 518";"27 561 888";"2024-09-03 20:17:16"
"2024-09-08";"";"85 937";"32 397";"27 562 737";"2024-09-08 17:14:43"
"2024-09-07";"";"148 341";"131 163";"27 562 578";"2024-09-07 03:24:35"
"2024-09-07";"";"379 166";"180 355";"27 562 849";"2024-09-07 12:21:15"
"2024-09-05";"";"169 239";"25 916";"27 562 563";"2024-09-05 14:35:31"
"2024-09-06";"";"671 373";"86 276";"27 562 839";"2024-09-06 20:29:16"
"2024-09-07";"";"1 208 557";"205 444";"27 562 202";"2024-09-07 20:41:40"
"2024-09-06";"";"2 954 584";"106 216";"27 561 429";"2024-09-06 11:20:08"
"2024-09-02";"YouTube";"135 623";"25 916";"27 561 673";"2024-09-02 22:19:55"
"2024-09-06";"";"227 707";"753 288";"27 563 051";"2024-09-06 22:55:29"
"2024-09-05";"";"13 416";"25 712";"27 561 302";"2024-09-05 11:08:31"
"2024-09-09";"";"257 649";"138 999";"27 562 646";"2024-09-09 03:48:06"
"2024-09-09";"Facebook";"1 713 921";"35 955";"27 563 083";"2024-09-09 15:36:38"
"2024-09-04";"";"2 939 250";"18 150 395";"27 563 287";"2024-09-04 08:05:56"
"2024-09-09";"";"498 329";"43 361";"27 561 763";"2024-09-09 13:10:16"
"2024-09-04";"";"8 890";"36 151";"27 561 392";"2024-09-04 20:41:30"
"2024-09-09";"";"15 689";"27 607";"27 562 871";"2024-09-09 03:36:12"
"2024-09-06";"";"60 618";"9 896";"27 561 593";"2024-09-06 05:14:45"
"2024-09-03";"";"597 095";"50 657";"27 562 712";"2024-09-03 19:52:57"
"2024-09-03";"";"34 030";"7 082";"27 561 479";"2024-09-03 03:12:51"
"2024-09-06";"";"66 562";"25 584";"27 563 000";"2024-09-06 13:46:21"
"2024-09-02";"Facebook";"114 167";"75 810";"27 562 110";"2024-09-02 20:17:39"
"2024-09-07";"";"163 035";"57 088";"27 563 295";"2024-09-07 22:43:41"
"2024-09-02";"";"159 898";"928 658";"27 561 753";"2024-09-02 15:36:25"
"2024-09-03";"";"67 637";"263 222";"27 562 680";"2024-09-03 22:19:08"
"2024-09-09";"YouTube";"460 793 002";"16 861 158";"27 561 246";"2024-09-09 19:40:01"
"2024-09-06";"";"329 152";"98 581";"27 561 821";"2024-09-06 08:53:17"
"2024-09-09";"";"64 058";"26 956";"27 563 273";"2024-09-09 09:54:10"
"2024-09-10";"YouTube";"28 350";"3 746";"27 561 225";"2024-09-10 11:56:20"
"2024-09-10";"";"564 105";"209 236";"27 563 414";"2024-09-10 16:01:53"
"2024-09-04";"Facebook";"28 062";"9 280";"27 562 122";"2024-09-05 01:22:13"
"2024-09-06";"";"84 931";"84 396";"27 562 477";"2024-09-06 10:07:13"
"2024-09-05";"";"752 256";"419 610";"27 563 238";"2024-09-05 21:06:18"
"2024-09-04";"Tas-ix";"249 239";"46 218";"27 561 380";"2024-09-04 20:17:14"
"2024-09-02";"";"191 560";"48 069";"27 561 621";"2024-09-02 16:49:56"
"2024-09-02";"";"1 475 135";"991 068";"27 562 100";"2024-09-02 14:23:02"
"2024-09-07";"";"1 068 474";"58 435";"27 562 039";"2024-09-07 16:49:49"
"2024-09-01";"";"53 905";"14 012";"27 561 567";"2024-09-02 00:57:19"
"2024-09-06";"Telegram";"1 702 256";"80 724";"27 561 224";"2024-09-06 23:20:09"
"2024-09-01";"";"98 140";"6 045";"27 562 752";"2024-09-01 04:25:21"
"2024-09-01";"";"478 823";"59 353";"27 561 830";"2024-09-01 03:36:41"
"2024-09-09";"";"28 558";"3 843";"27 561 768";"2024-09-09 04:01:24"
"2024-09-06";"";"27 087";"2 925";"27 561 794";"2024-09-06 15:12:00"
"2024-09-06";"YouTube";"4 927 613";"325 867";"27 562 651";"2024-09-06 03:00:34"
"2024-09-10";"Instagram";"266 984 720";"7 451 206";"27 562 935";"2024-09-10 09:06:19"
"2024-09-03";"";"598 671";"43 230";"27 562 197";"2024-09-04 00:21:59"
"2024-09-06";"YouTube";"4 035 856";"1 141 386";"27 562 216";"2024-09-06 13:22:52"
"2024-09-07";"Instagram";"1 856 093";"502 436";"27 562 487";"2024-09-07 04:49:05"
"2024-09-09";"";"1 368 458";"107 048";"27 561 172";"2024-09-09 13:46:55"
"2024-09-07";"TikTok";"900";"59 729";"27 563 238";"2024-09-07 08:29:06"
"2024-09-08";"";"2 203 177";"1 104 356";"27 563 467";"2024-09-09 00:33:15"
"2024-09-07";"Yandex";"47 469";"168 261";"27 562 303";"2024-09-07 21:30:57"
"2024-09-07";"";"526 593";"33 637";"27 562 149";"2024-09-08 01:10:22"
"2024-09-06";"";"793 617";"56 821";"27 563 105";"2024-09-07 01:58:44"
"2024-09-09";"";"27 318";"347 117";"27 561 840";"2024-09-09 14:35:24"
"2024-09-08";"YouTube";"71 214";"13 119";"27 561 341";"2024-09-09 00:33:03"
"2024-09-05";"YouTube";"7 294 550";"3 241 626";"27 562 663";"2024-09-05 11:56:01"
"2024-09-03";"";"84 639";"74 561";"27 561 195";"2024-09-03 11:20:32"
"2024-09-07";"YouTube";"863 223";"44 996";"27 563 127";"2024-09-07 14:59:22"
"2024-09-06";"";"242 024";"16 849";"27 563 210";"2024-09-06 12:33:08"
"2024-09-07";"Facebook";"124 925";"11 497";"27 562 886";"2024-09-07 09:42:44"
"2024-09-06";"";"44 247";"3 782";"27 561 489";"2024-09-06 08:29:00"
"2024-09-09";"";"21 856 294";"1 190 394";"27 561 862";"2024-09-09 19:28:06"
"2024-09-03";"";"47 403";"15 033";"27 562 712";"2024-09-03 15:36:24"
"2024-09-06";"Tas-ix";"159 527";"103 962";"27 562 553";"2024-09-06 20:29:54"
"2024-09-09";"";"18 900 725";"1 182 760";"27 562 088";"2024-09-10 00:45:14"
"2024-09-03";"";"50 882";"5 415";"27 563 080";"2024-09-03 20:17:22"
"2024-09-08";"";"371 354";"501 407";"27 562 758";"2024-09-08 04:01:27"
"2024-09-02";"";"37 332";"1 656";"27 562 906";"2024-09-02 15:48:29"
"2024-09-10";"";"977 731";"94 658";"27 562 040";"2024-09-11 00:09:43"
"2024-09-03";"";"80 036";"6 160";"27 561 435";"2024-09-03 15:36:21"
"2024-09-05";"";"483 321";"29 906";"27 563 151";"2024-09-05 14:47:32"
"2024-09-06";"";"60 491";"70 413";"27 561 712";"2024-09-06 11:44:49"
"2024-09-04";"";"11 591";"38 488";"27 563 381";"2024-09-04 18:39:20"
"2024-09-05";"";"56 360 130";"2 512 247";"27 563 157";"2024-09-05 20:17:03"
"2024-09-08";"";"1 412 125";"399 453";"27 562 692";"2024-09-08 13:58:55"
"2024-09-05";"";"46 955";"9 864";"27 562 732";"2024-09-05 14:59:28"
"2024-09-06";"";"57 420";"8 287";"27 562 850";"2024-09-06 22:07:57"
"2024-09-10";"Yandex";"857 658";"173 029";"27 562 821";"2024-09-10 10:07:46"
"2024-09-01";"YouTube";"27 199";"42 144";"27 561 908";"2024-09-01 10:43:33"
"2024-09-10";"YouTube";"7 072 101";"614 871";"27 561 879";"2024-09-10 15:12:09"
"2024-09-09";"TikTok";"35 457";"225 728";"27 562 051";"2024-09-09 20:05:31"
"2024-09-05";"Telegram";"882 710";"87 292";"27 561 326";"2024-09-05 21:42:40"
"2024-09-08";"";"1 746 876";"238 167";"27 562 459";"2024-09-08 06:03:50"
"2024-09-04";"";"196 277";"9 953";"27 562 898";"2024-09-05 01:10:22"
"2024-09-08";"Telegram";"152 004 412";"8 595 720";"27 561 737";"2024-09-08 07:52:41"
"2024-09-08";"Instagram";"69 876 385";"2 544 776";"27 563 171";"2024-09-08 12:21:11"
"2024-09-08";"";"62 067";"3 998";"27 562 511";"2024-09-08 20:05:00"
"2024-09-07";"";"48 212";"4 867";"27 562 674";"2024-09-07 18:39:50"
"2024-09-01";"";"26 405";"8 198";"27 562 865";"2024-09-01 22:43:46"
"2024-09-06";"";"49 549";"167 480";"27 561 836";"2024-09-07 00:09:10"
"2024-09-06";"";"16 951 226";"17 644 448";"27 562 199";"2024-09-06 13:34:56"
"2024-09-03";"";"30 656";"53 581";"27 562 127";"2024-09-04 00:57:02"
"2024-09-08";"";"50 472";"3 886";"27 562 003";"2024-09-09 01:58:03"
"2024-09-01";"";"59 020";"2 822";"27 562 404";"2024-09-01 21:42:18"
"2024-09-04";"";"127 739";"447 740";"27 563 273";"2024-09-04 10:19:54"
"2024-09-06";"";"154 042";"5 321";"27 563 187";"2024-09-06 06:03:33"
"2024-09-06";"";"180 443";"37 862";"27 562 560";"2024-09-06 04:25:23"
"2024-09-07";"";"32 817";"40 772";"27 563 140";"2024-09-07 08:29:15"
"2024-09-02";"Spotify";"261 640";"136 673";"27 563 189";"2024-09-02 12:33:23"
"2024-09-05";"";"85 277";"256 271";"27 561 877";"2024-09-05 07:28:55"
"2024-09-04";"";"26 922";"6 006";"27 561 339";"2024-09-04 03:48:29"
"2024-09-02";"";"566 297";"81 406";"27 562 445";"2024-09-02 18:03:57"
"2024-09-02";"";"36 994";"3 547";"27 562 239";"2024-09-02 08:41:45"
"2024-09-03";"";"1 494 398";"65 422";"27 563 041";"2024-09-03 15:00:58"
"2024-09-05";"";"1 070 129";"107 519";"27 562 604";"2024-09-05 19:28:16"
"2024-09-06";"";"5 596 973";"278 493";"27 562 490";"2024-09-06 05:26:14"
"2024-09-01";"";"67 353";"13 981";"27 561 573";"2024-09-02 01:34:33"
"2024-09-05";"";"153 543";"27 712";"27 562 098";"2024-09-05 10:55:12"
"2024-09-01";"";"4 244 322";"391 730";"27 561 480";"2024-09-01 23:32:40"
"2024-09-09";"";"203 168";"16 669";"27 562 997";"2024-09-10 00:57:38"
"2024-09-04";"";"26 098";"3 174";"27 562 298";"2024-09-04 19:52:52"
"2024-09-09";"";"3 263 889";"144 477";"27 562 291";"2024-09-09 09:06:03"
"2024-09-10";"";"200 665";"158 910";"27 562 601";"2024-09-10 10:55:55"
"2024-09-10";"";"37 679";"10 212";"27 563 168";"2024-09-10 14:11:58"
"2024-09-09";"";"286 409";"211 028";"27 562 698";"2024-09-09 16:37:54"
"2024-09-02";"Instagram";"86 498";"13 011";"27 562 047";"2024-09-02 08:29:35"
"2024-09-10";"";"36 978";"36 168";"27 562 350";"2024-09-10 21:06:11"
"2024-09-04";"";"27 904";"20 373";"27 562 086";"2024-09-04 16:37:02"
"2024-09-05";"Instagram";"1 370 634";"335 980";"27 563 031";"2024-09-06 01:34:26"
"2024-09-05";"";"51 261";"36 601";"27 562 593";"2024-09-06 01:22:38"
"2024-09-01";"";"806 527";"221 385";"27 562 622";"2024-09-01 19:52:19"
"2024-09-01";"Tas-ix";"0";"67 646";"27 562 061";"2024-09-01 17:26:16"
"2024-09-07";"";"442 574";"91 606";"27 563 264";"2024-09-07 15:00:01"
"2024-09-03";"Instagram";"2 285 491";"488 926";"27 562 512";"2024-09-03 20:17:24"
"2024-09-08";"";"27 241";"19 369";"27 563 413";"2024-09-08 05:50:46"
"2024-09-04";"";"180 518";"10 773";"27 561 214";"2024-09-04 14:11:52"
"2024-09-01";"Instagram";"793 060";"507 381";"27 562 613";"2024-09-01 04:01:44"
"2024-09-02";"";"750 366";"124 909";"27 563 031";"2024-09-02 22:55:52"
"2024-09-04";"Instagram";"1 071 981";"41 699";"27 563 367";"2024-09-04 11:20:36"
"2024-09-08";"";"552 765";"24 316";"27 562 266";"2024-09-08 04:01:10"
"2024-09-03";"";"256 182";"26 483";"27 563 445";"2024-09-03 20:05:06"
"2024-09-08";"";"205 903";"112 475";"27 561 884";"2024-09-08 21:18:03"
"2024-09-03";"Facebook";"35 857";"22 940";"27 561 578";"2024-09-04 00:57:47"
"2024-09-06";"";"70 049";"103 806";"27 563 420";"2024-09-07 02:35:58"
"2024-09-08";"YouTube";"46 293";"8 770";"27 561 219";"2024-09-08 10:43:10"
"2024-09-03";"";"1 866 909";"3 788 385";"27 561 413";"2024-09-03 09:54:32"
"2024-09-06";"";"37 945";"4 465";"27 562 595";"2024-09-06 05:50:04"
"2024-09-04";"Yandex";"382 798";"24 048";"27 563 514";"2024-09-05 01:46:48"
"2024-09-10";"YouTube";"3 878 775";"251 540";"27 561 596";"2024-09-10 14:35:23"
"2024-09-10";"YouTube";"354 026";"23 842";"27 563 042";"2024-09-10 15:48:58"
"2024-09-03";"";"212 824";"65 651";"27 563 061";"2024-09-03 06:15:24"
"2024-09-05";"";"26 819";"11 805";"27 561 855";"2024-09-05 11:44:26"
"2024-09-10";"";"4 150 524";"5 032 526";"27 563 177";"2024-09-10 05:50:30"
"2024-09-02";"";"922 782";"109 733";"27 563 211";"2024-09-02 14:35:05"
"2024-09-04";"";"13 391";"27 481";"27 563 504";"2024-09-04 03:12:48"
"2024-09-03";"";"20 165";"84 228";"27 562 941";"2024-09-03 20:53:23"
"2024-09-04";"WhatsApp";"234 665";"16 046";"27 562 903";"2024-09-04 10:31:47"
"2024-09-02";"";"525 690";"59 720";"27 562 720";"2024-09-02 05:50:34"
"2024-09-09";"";"138 961";"56 955";"27 561 718";"2024-09-09 07:16:39"
"2024-09-06";"";"8 423 147";"351 023";"27 563 500";"2024-09-06 13:10:21"
"2024-09-03";"";"419 016";"27 117";"27 562 622";"2024-09-04 00:33:21"
"2024-09-02";"";"28 210";"1 640";"27 561 470";"2024-09-02 21:30:58"
"2024-09-01";"Unknown";"472 233";"33 690";"27 561 203";"2024-09-01 06:03:19"
"2024-09-08";"Unknown";"1 840 970";"169 987";"27 563 195";"2024-09-09 00:57:09"
"2024-09-03";"";"973 038";"53 960";"27 561 882";"2024-09-03 17:38:09"
"2024-09-08";"";"99 658";"27 884";"27 562 402";"2024-09-08 09:42:15"
"2024-09-01";"Yandex";"1 270 205";"124 792";"27 561 815";"2024-09-02 00:57:29"
"2024-09-05";"";"73 873";"20 009";"27 561 775";"2024-09-05 21:42:38"
"2024-09-09";"";"188 257";"11 569";"27 562 879";"2024-09-09 05:26:18"
"2024-09-03";"YouTube";"243 231";"220 282";"27 562 850";"2024-09-03 04:13:15"
"2024-09-10";"YouTube";"188 104 765";"10 291 098";"27 561 921";"2024-09-10 10:43:58"
"2024-09-09";"";"334 257";"880 207";"27 562 090";"2024-09-09 19:04:24"
"2024-09-08";"";"14 147 030";"528 066";"27 561 449";"2024-09-08 11:56:50"
"2024-09-06";"";"58 324";"7 604";"27 562 535";"2024-09-06 03:48:59"
"2024-09-02";"";"427 165";"241 669";"27 562 775";"2024-09-02 05:14:28"
"2024-09-10";"WhatsApp";"206 977";"45 617";"27 562 863";"2024-09-10 21:54:05"
"2024-09-09";"";"493 413";"89 441";"27 562 041";"2024-09-09 17:14:08"
"2024-09-09";"TikTok";"1 312 828";"5 391 047";"27 562 601";"2024-09-09 06:15:18"
"2024-09-06";"Tas-ix";"204 694";"20 954";"27 563 121";"2024-09-06 03:48:36"
"2024-09-02";"";"13 866";"30 031";"27 561 890";"2024-09-02 04:37:18"
"2024-09-10";"";"254 406";"12 781";"27 562 906";"2024-09-10 22:07:31"
"2024-09-02";"Instagram";"72 609 755";"2 174 386";"27 562 868";"2024-09-03 00:21:01"
"2024-09-07";"";"323 023";"17 814";"27 561 260";"2024-09-07 16:37:48"
"2024-09-06";"Facebook";"414 701";"32 290";"27 562 792";"2024-09-06 18:51:29"
"2024-09-08";"";"338 267";"136 283";"27 563 467";"2024-09-09 01:10:05"
"2024-09-02";"YouTube";"27 082";"83 060";"27 561 982";"2024-09-02 09:42:21"
"2024-09-09";"Telegram";"111 315";"43 377";"27 563 095";"2024-09-09 15:12:46"
"2024-09-03";"Facebook";"542 740";"939 306";"27 562 293";"2024-09-04 01:46:00"
"2024-09-05";"";"29 259";"6 617";"27 561 533";"2024-09-05 23:56:58"
"2024-09-09";"";"121 018 180";"7 004 028";"27 561 806";"2024-09-09 19:28:02"
"2024-09-01";"";"71 571";"9 869";"27 563 211";"2024-09-01 11:20:34"
"2024-09-01";"";"27 640";"3 296";"27 561 304";"2024-09-01 03:36:09"
"2024-09-04";"";"168 868";"449 928";"27 562 393";"2024-09-04 07:16:07"
"2024-09-08";"Instagram";"849 912";"33 237";"27 562 849";"2024-09-09 00:09:11"
"2024-09-05";"";"26 673 774";"1 708 824";"27 563 136";"2024-09-05 09:18:25"
"2024-09-06";"";"73 282";"4 726";"27 561 707";"2024-09-06 11:08:00"
"2024-09-03";"";"86 900";"5 220";"27 561 567";"2024-09-03 11:20:21"
"2024-09-03";"";"207 407";"162 118";"27 561 179";"2024-09-04 00:45:35"
"2024-09-06";"";"6 714 525";"7 859 159";"27 562 868";"2024-09-06 23:44:56"
"2024-09-06";"";"147 877";"29 911";"27 562 564";"2024-09-06 23:08:37"
"2024-09-03";"";"30 513";"4 802";"27 563 403";"2024-09-03 14:35:53"
"2024-09-06";"";"57 713";"16 661";"27 563 491";"2024-09-07 01:34:23"
"2024-09-08";"";"1 836 073";"90 494";"27 562 847";"2024-09-08 18:27:05"
"2024-09-01";"Unknown";"79 345";"17 017";"27 562 047";"2024-09-01 05:02:03"
"2024-09-05";"";"4 346 878";"244 316";"27 561 670";"2024-09-05 21:54:11"
"2024-09-04";"";"8 025";"30 317";"27 562 944";"2024-09-04 17:02:23"
"2024-09-08";"Instagram";"136 255";"6 938";"27 561 556";"2024-09-08 12:33:51"
"2024-09-02";"";"40 088";"3 843";"27 561 838";"2024-09-02 14:11:19"
"2024-09-05";"";"27 750";"3 243";"27 563 082";"2024-09-05 12:33:09"
"2024-09-05";"";"48 243";"57 164";"27 562 100";"2024-09-06 02:47:34"
"2024-09-05";"";"107 078";"11 809";"27 563 219";"2024-09-05 18:27:48"
"2024-09-08";"";"34 606";"25 048";"27 561 219";"2024-09-08 17:14:56"
"2024-09-07";"";"589 376";"8 777";"27 561 542";"2024-09-07 04:13:41"
"2024-09-05";"";"203 085";"24 004";"27 562 320";"2024-09-05 04:49:50"
"2024-09-07";"Instagram";"272 360 809";"6 325 989";"27 561 800";"2024-09-08 01:58:47"
"2024-09-07";"Facebook";"380 422";"22 437";"27 562 405";"2024-09-07 22:19:08"
"2024-09-09";"YouTube";"86 794";"7 173";"27 563 478";"2024-09-09 10:07:39"
"2024-09-06";"";"2 823 844";"1 155 211";"27 563 304";"2024-09-07 02:35:10"
"2024-09-05";"Telegram";"699 024";"86 156";"27 561 851";"2024-09-05 23:20:51"
"2024-09-04";"";"91 507";"87 475";"27 562 304";"2024-09-04 17:02:49"
"2024-09-07";"WhatsApp";"1 243 752";"68 214";"27 561 482";"2024-09-07 09:06:39"
"2024-09-08";"";"165 924";"212 590";"27 563 374";"2024-09-08 13:34:05"
"2024-09-06";"";"125 688";"35 744";"27 562 542";"2024-09-06 11:32:54"
"2024-09-06";"";"73 365";"10 284";"27 561 547";"2024-09-06 12:09:56"
"2024-09-02";"Instagram";"250 694";"44 813";"27 562 438";"2024-09-02 22:07:15"
"2024-09-10";"";"44 352";"5 335";"27 563 240";"2024-09-10 10:07:16"
"2024-09-05";"";"346 820";"25 792";"27 562 025";"2024-09-05 15:12:06"
"2024-09-03";"";"36 583";"40 303";"27 562 156";"2024-09-03 17:26:48"
"2024-09-09";"";"19 912";"44 875";"27 562 608";"2024-09-09 14:47:47"
"2024-09-05";"";"729 571";"26 079";"27 562 741";"2024-09-05 13:10:56"
"2024-09-04";"";"421 415";"140 922";"27 561 215";"2024-09-04 20:17:43"
"2024-09-04";"";"345 068";"10 648";"27 561 457";"2024-09-04 15:36:17"
"2024-09-03";"";"66 209";"13 308";"27 561 403";"2024-09-03 08:17:15"
"2024-09-02";"";"10 166 318";"291 791";"27 562 265";"2024-09-02 16:49:01"
"2024-09-01";"";"28 054";"7 503";"27 562 981";"2024-09-01 16:37:55"
"2024-09-06";"";"30 947";"3 346";"27 563 245";"2024-09-07 00:33:42"
"2024-09-02";"";"241 783";"20 940";"27 562 889";"2024-09-02 22:43:47"
"2024-09-03";"";"97 601";"12 033";"27 561 924";"2024-09-03 05:14:16"
"2024-09-09";"";"555 282";"73 301";"27 561 892";"2024-09-10 02:23:45"
"2024-09-03";"";"272 730";"439 714";"27 563 494";"2024-09-03 07:04:44"
"2024-09-02";"";"275 650";"76 805";"27 563 439";"2024-09-02 18:15:44"
"2024-09-03";"Yandex";"95 813";"142 611";"27 562 622";"2024-09-03 11:44:44"
"2024-09-06";"";"98 912";"105 289";"27 562 588";"2024-09-06 12:21:02"
"2024-09-02";"Instagram";"19 442 221";"13 282 153";"27 561 480";"2024-09-02 17:14:03"
"2024-09-06";"Instagram";"709 206";"92 821";"27 563 066";"2024-09-06 22:07:40"
"2024-09-07";"WhatsApp";"8 873 133";"5 763 608";"27 562 741";"2024-09-07 08:41:27"
"2024-09-05";"YouTube";"300 843";"14 810";"27 561 784";"2024-09-05 08:53:36"
"2024-09-10";"YouTube";"920 278";"6 073 462";"27 562 799";"2024-09-10 23:20:37"
"2024-09-06";"";"29 303";"6 821";"27 562 675";"2024-09-06 07:04:01"
"2024-09-06";"";"47 724";"118 985";"27 561 640";"2024-09-06 08:29:47"
"2024-09-06";"";"81 594";"6 142";"27 563 446";"2024-09-06 19:16:37"
"2024-09-01";"Telegram";"136 033";"8 217";"27 563 195";"2024-09-01 13:10:02"
"2024-09-05";"";"41 040";"52 466";"27 561 384";"2024-09-05 05:26:35"
"2024-09-06";"";"30 251";"1 585";"27 561 195";"2024-09-06 15:36:18"
"2024-09-01";"Instagram";"190 564";"9 745";"27 561 819";"2024-09-01 08:29:23"
"2024-09-02";"";"8 754 128";"376 061";"27 561 590";"2024-09-02 16:49:41"
"2024-09-07";"";"804 230";"94 664";"27 563 252";"2024-09-08 01:34:48"
"2024-09-05";"";"6 745 650";"543 513";"27 562 787";"2024-09-05 06:03:51"
"2024-09-05";"";"2 033 150";"95 468";"27 561 305";"2024-09-05 13:58:46"
"2024-09-10";"";"31 804";"12 588";"27 561 785";"2024-09-10 19:52:23"
"2024-09-06";"Facebook";"1 206 879";"93 418";"27 563 048";"2024-09-06 04:37:42"
"2024-09-04";"TikTok";"19 381";"113 049";"27 562 376";"2024-09-05 01:10:04"
"2024-09-01";"";"152 978";"164 607";"27 563 000";"2024-09-01 20:05:55"
"2024-09-06";"YouTube";"1 123 768 080";"84 143 577";"27 561 907";"2024-09-06 12:57:36"
"2024-09-09";"Instagram";"63 683 714";"1 632 410";"27 562 502";"2024-09-09 07:04:01"
"2024-09-05";"";"38 077";"6 826";"27 563 285";"2024-09-06 02:23:29"
"2024-09-05";"";"26 985";"12 078";"27 563 469";"2024-09-05 18:03:30"
"2024-09-02";"Telegram";"501 812";"60 868";"27 563 411";"2024-09-02 03:00:46"
"2024-09-10";"";"1 308 578";"29 459";"27 562 022";"2024-09-10 16:37:00"
"2024-09-05";"";"583 206";"314 724";"27 563 175";"2024-09-05 21:30:39"
"2024-09-10";"Instagram";"6 121 172";"242 361";"27 562 737";"2024-09-10 08:53:35"
"2024-09-03";"";"188 116";"19 925";"27 562 473";"2024-09-03 12:21:40"
"2024-09-08";"";"40 412";"38 841";"27 561 820";"2024-09-08 08:53:12"
"2024-09-10";"Instagram";"422 639";"221 731";"27 561 213";"2024-09-10 21:30:23"
"2024-09-06";"";"1 027 873";"127 255";"27 561 674";"2024-09-06 11:08:31"
"2024-09-10";"";"59 100";"22 929";"27 561 775";"2024-09-11 00:09:40"
"2024-09-08";"";"267 553";"48 743";"27 562 211";"2024-09-08 03:36:42"
"2024-09-05";"";"507 901";"36 373";"27 563 147";"2024-09-05 05:14:42"
"2024-09-02";"";"104 756";"10 665";"27 562 550";"2024-09-02 08:41:14"
"2024-09-09";"";"26 143";"5 502";"27 561 542";"2024-09-09 16:25:16"
"2024-09-10";"";"149 774";"190 729";"27 562 956";"2024-09-10 18:03:45"
"2024-09-01";"WhatsApp";"105 447";"13 067";"27 561 956";"2024-09-01 05:14:45"
"2024-09-09";"Instagram";"5 122 357";"12 919 124";"27 561 445";"2024-09-09 12:21:54"
"2024-09-06";"";"1 055 106";"60 927";"27 563 295";"2024-09-06 12:33:00"
"2024-09-05";"";"101 971";"164 127";"27 562 685";"2024-09-05 13:58:20"
"2024-09-10";"";"105 289";"6 391";"27 561 997";"2024-09-10 11:20:36"
"2024-09-06";"YouTube";"744 076";"106 638";"27 562 698";"2024-09-06 13:34:47"
"2024-09-02";"";"389 627";"18 877";"27 561 600";"2024-09-02 03:24:05"
"2024-09-03";"";"72 317";"4 936";"27 562 535";"2024-09-04 00:33:52"
"2024-09-08";"Facebook";"958 921";"155 654";"27 561 173";"2024-09-08 18:15:45"
"2024-09-06";"";"48 049";"5 216";"27 563 254";"2024-09-06 12:45:52"
"2024-09-07";"";"48 812";"21 887";"27 563 278";"2024-09-07 22:19:46"
"2024-09-02";"YouTube";"455 442";"232 232";"27 562 725";"2024-09-02 05:14:36"
"2024-09-10";"";"56 115";"7 486";"27 562 447";"2024-09-10 04:01:36"
"2024-09-08";"YouTube";"2 665 653";"178 438";"27 562 842";"2024-09-08 22:31:00"
"2024-09-10";"";"153 671";"22 414";"27 562 388";"2024-09-11 00:45:20"
"2024-09-08";"VKontakte";"26 962";"24 544";"27 563 094";"2024-09-08 05:26:35"
"2024-09-08";"";"26 305";"22 913";"27 561 384";"2024-09-08 21:18:12"
"2024-09-03";"YouTube";"69 244";"9 746";"27 561 983";"2024-09-03 09:30:09"
"2024-09-07";"YouTube";"538 395 787";"20 706 961";"27 562 344";"2024-09-07 23:08:47"
"2024-09-09";"";"161 707";"28 804";"27 563 107";"2024-09-10 02:11:45"
"2024-09-01";"";"483 830";"29 083";"27 562 446";"2024-09-01 12:33:29"
"2024-09-03";"";"6 152";"66 361";"27 562 772";"2024-09-03 12:33:05"
"2024-09-08";"Telegram";"30 274 879";"5 104 354";"27 563 300";"2024-09-08 20:53:32"
"2024-09-07";"Telegram";"26 037 752";"1 402 846";"27 562 175";"2024-09-07 09:18:25"
"2024-09-08";"";"33 600";"67 328";"27 563 205";"2024-09-08 11:08:49"
"2024-09-03";"";"30 776";"1 614";"27 562 057";"2024-09-03 17:50:23"
"2024-09-01";"";"29 741";"2 359";"27 562 644";"2024-09-01 15:00:21"
"2024-09-06";"";"21 427";"28 700";"27 562 595";"2024-09-06 18:27:21"
"2024-09-03";"";"74 495";"4 775 621";"27 561 418";"2024-09-03 07:16:21"
"2024-09-03";"";"442 184";"53 977";"27 562 437";"2024-09-03 12:21:41"
"2024-09-02";"YouTube";"942 133";"344 947";"27 561 290";"2024-09-02 11:20:30"
"2024-09-09";"";"48 118";"8 358";"27 561 629";"2024-09-09 07:16:24"
"2024-09-10";"Facebook";"415 361";"77 636";"27 562 595";"2024-09-10 16:37:09"
"2024-09-09";"Instagram";"14 899 147";"333 293";"27 563 096";"2024-09-09 03:00:44"
"2024-09-04";"";"157 308";"25 708";"27 562 614";"2024-09-04 19:16:30"
"2024-09-01";"WhatsApp";"4 891 131";"5 329 130";"27 562 371";"2024-09-01 08:41:22"
"2024-09-06";"";"35 675";"2 212";"27 561 690";"2024-09-06 18:27:18"
"2024-09-07";"";"2 354 635";"367 103";"27 562 593";"2024-09-07 21:18:37"
"2024-09-07";"";"19 064";"214 147";"27 562 088";"2024-09-07 06:51:52"
"2024-09-06";"Yandex";"61 264";"5 095";"27 563 144";"2024-09-07 02:59:03"
"2024-09-07";"WhatsApp";"100 069";"10 812";"27 561 383";"2024-09-07 04:01:28"
"2024-09-07";"";"75 781";"30 381";"27 561 884";"2024-09-07 13:22:41"
"2024-09-10";"";"61 084";"3 515";"27 561 827";"2024-09-10 18:39:45"
"2024-09-10";"";"2 283 143";"316 490";"27 563 415";"2024-09-10 04:13:16"
"2024-09-08";"Instagram";"7 492";"60 065";"27 562 629";"2024-09-09 00:57:15"
"2024-09-03";"";"39 242";"3 793";"27 561 392";"2024-09-03 06:15:10"
"2024-09-08";"";"166 321";"15 729";"27 562 628";"2024-09-08 13:10:20"
"2024-09-09";"";"60 374";"9 340";"27 563 304";"2024-09-09 21:54:37"
"2024-09-03";"Yandex";"912 688";"59 235";"27 561 668";"2024-09-03 22:43:59"
"2024-09-09";"";"107 468";"98 494";"27 562 812";"2024-09-09 21:42:19"
"2024-09-06";"YouTube";"1 627 620";"143 330";"27 562 453";"2024-09-06 17:50:09"
"2024-09-01";"Facebook";"368 638";"150 150";"27 561 540";"2024-09-01 07:28:27"
"2024-09-02";"Instagram";"1 986 731";"120 979";"27 561 952";"2024-09-02 09:30:17"
"2024-09-07";"YouTube";"107 046";"11 851";"27 563 079";"2024-09-07 04:37:48"
"2024-09-02";"";"176 952";"11 109";"27 562 560";"2024-09-03 00:21:20"
"2024-09-10";"";"198 304";"31 643";"27 562 516";"2024-09-10 06:27:19"
"2024-09-02";"";"26 635";"7 962";"27 562 365";"2024-09-02 16:37:45"
"2024-09-04";"Facebook";"91 494";"7 214";"27 562 572";"2024-09-04 23:08:27"
"2024-09-01";"Likee";"80 098";"94 338";"27 561 950";"2024-09-01 07:16:04"
"2024-09-09";"YouTube";"2 557 357";"133 308";"27 561 867";"2024-09-09 04:25:26"
"2024-09-03";"";"239 276";"102 366";"27 561 203";"2024-09-03 05:02:56"
"2024-09-06";"YouTube";"1 976 420";"127 365";"27 562 634";"2024-09-06 20:05:37"
"2024-09-07";"Instagram";"36 960 877";"1 691 110";"27 561 392";"2024-09-07 14:47:59"
"2024-09-05";"Instagram";"232 645";"19 311";"27 561 699";"2024-09-05 07:16:59"
"2024-09-03";"";"121 348";"6 358";"27 561 388";"2024-09-03 05:26:17"
"2024-09-07";"";"61 744";"6 759";"27 561 534";"2024-09-07 10:43:25"
"2024-09-03";"Yandex";"34 611";"5 646";"27 562 651";"2024-09-03 12:57:42"
"2024-09-07";"";"61 709";"8 863";"27 562 696";"2024-09-07 15:12:45"
"2024-09-04";"";"268 011";"13 956";"27 561 587";"2024-09-04 18:27:59"
"2024-09-07";"";"60 472";"15 351";"27 561 722";"2024-09-07 10:43:38"
"2024-09-05";"YouTube";"135 260 492";"4 447 043";"27 563 075";"2024-09-05 10:55:35"
"2024-09-06";"";"44 174";"2 933";"27 562 051";"2024-09-06 22:07:51"
"2024-09-10";"Instagram";"109 290 913";"1 748 738";"27 561 590";"2024-09-10 06:51:36"
"2024-09-02";"";"42 387";"8 785";"27 562 535";"2024-09-02 07:52:31"
"2024-09-06";"";"77 281";"3 510";"27 561 459";"2024-09-06 10:31:27"
"2024-09-09";"";"878 125";"17 700";"27 562 677";"2024-09-09 04:25:18"
"2024-09-09";"";"9 088";"96 611";"27 563 419";"2024-09-09 06:39:36"
"2024-09-01";"";"19 313";"26 341";"27 561 383";"2024-09-01 09:54:36"
"2024-09-05";"Zoom";"880 822";"569 118";"27 563 238";"2024-09-05 07:40:39"
"2024-09-09";"Facebook";"2 060 993";"61 383";"27 563 467";"2024-09-09 11:56:43"
"2024-09-06";"";"842 321";"41 648";"27 561 647";"2024-09-06 04:49:19"
"2024-09-09";"";"3 585";"26 580";"27 562 951";"2024-09-10 00:45:01"
"2024-09-06";"Facebook";"164 337";"18 608";"27 563 022";"2024-09-06 20:05:29"
"2024-09-06";"";"56 125";"15 712";"27 562 489";"2024-09-06 08:17:58"
"2024-09-02";"Tas-ix";"1 678 289";"124 187";"27 562 371";"2024-09-02 07:16:24"
"2024-09-08";"";"25 812";"3 260";"27 562 808";"2024-09-08 11:32:50"
"2024-09-01";"";"77 056";"347 093";"27 562 192";"2024-09-02 00:09:41"
"2024-09-08";"YouTube";"3 293 836";"699 198";"27 561 805";"2024-09-08 13:34:30"
"2024-09-05";"";"133 972";"15 849";"27 562 254";"2024-09-05 16:01:58"
"2024-09-08";"Facebook";"351 027";"27 152";"27 563 082";"2024-09-08 14:59:01"
"2024-09-09";"";"31 167";"8 136";"27 561 567";"2024-09-09 18:03:33"
"2024-09-07";"YouTube";"235 280 948";"13 455 207";"27 562 527";"2024-09-07 14:35:01"
"2024-09-08";"WhatsApp";"27 535";"2 686";"27 561 671";"2024-09-08 08:41:02"
"2024-09-09";"";"408 999";"112 577";"27 561 993";"2024-09-09 11:56:55"
"2024-09-06";"";"37 368";"5 889";"27 562 854";"2024-09-06 12:57:12"
"2024-09-04";"YouTube";"6 580 022";"2 233 755";"27 561 687";"2024-09-04 20:17:57"
"2024-09-07";"";"26 979";"3 869";"27 562 066";"2024-09-07 11:08:08"
"2024-09-07";"Instagram";"9 481 872";"440 905";"27 562 204";"2024-09-07 04:37:47"
"2024-09-08";"";"71 691";"7 268";"27 562 289";"2024-09-09 02:59:09"
"2024-09-08";"YouTube";"608 150";"78 500";"27 562 300";"2024-09-08 13:10:26"
"2024-09-02";"";"25 405";"29 240";"27 561 246";"2024-09-03 00:45:06"
"2024-09-04";"";"186 543";"9 306";"27 562 087";"2024-09-04 12:09:38"
"2024-09-07";"";"43 666";"97 858";"27 562 499";"2024-09-07 23:44:35"
"2024-09-05";"VKontakte";"375 333";"56 125";"27 562 712";"2024-09-05 13:58:54"
"2024-09-04";"Instagram";"15 395 804";"13 230 243";"27 562 698";"2024-09-05 02:47:00"
"2024-09-06";"";"63 778";"976 588";"27 561 596";"2024-09-06 17:26:23"
"2024-09-07";"Instagram";"1 780 221";"8 861 876";"27 561 320";"2024-09-07 20:17:40"
"2024-09-04";"";"182 771";"8 343";"27 563 093";"2024-09-04 05:14:51"
"2024-09-04";"Instagram";"372 014";"19 940";"27 562 673";"2024-09-04 13:34:19"
"2024-09-08";"";"57 601";"4 974";"27 562 158";"2024-09-08 10:55:25"
"2024-09-05";"";"158 192";"17 399";"27 562 091";"2024-09-05 10:31:15"
"2024-09-06";"";"77 494";"3 803";"27 561 826";"2024-09-06 12:57:32"
"2024-09-05";"";"2 590 539";"72 159";"27 562 981";"2024-09-05 21:18:46"
"2024-09-09";"";"14 171 886";"516 754";"27 562 260";"2024-09-09 19:40:06"
"2024-09-05";"";"19 975";"26 313";"27 561 444";"2024-09-05 19:28:42"
"2024-09-03";"";"6 588";"35 969";"27 562 709";"2024-09-03 08:17:05"
"2024-09-01";"";"290 094";"285 953";"27 561 503";"2024-09-02 02:47:00"
"2024-09-03";"Telegram";"145 789 250";"10 713 997";"27 561 650";"2024-09-03 18:27:52"
"2024-09-05";"";"78 756 475";"7 272 898";"27 561 449";"2024-09-05 08:53:13"
"2024-09-10";"";"2 835";"49 016";"27 562 663";"2024-09-10 14:11:38"
"2024-09-03";"";"69 295";"252 477";"27 562 499";"2024-09-03 07:52:37"
"2024-09-03";"Telegram";"16 465 587";"924 304";"27 562 489";"2024-09-03 22:31:18"
"2024-09-06";"";"71 154";"44 781";"27 561 862";"2024-09-06 18:15:19"
"2024-09-08";"YouTube";"310 184";"3 065 944";"27 563 311";"2024-09-08 03:48:41"
"2024-09-07";"";"751 702";"326 241";"27 562 674";"2024-09-07 10:43:39"
"2024-09-10";"";"471 403";"337 325";"27 562 992";"2024-09-10 03:48:47"
"2024-09-05";"";"63 306";"388 396";"27 563 210";"2024-09-06 01:22:17"
"2024-09-10";"";"134 138";"84 175";"27 561 253";"2024-09-10 12:33:23"
"2024-09-09";"";"109 042";"9 603";"27 563 452";"2024-09-09 16:25:46"
"2024-09-07";"YouTube";"40 086 902";"3 222 941";"27 562 090";"2024-09-07 22:43:18"
"2024-09-10";"";"190 911";"78 196";"27 562 006";"2024-09-10 22:07:51"
"2024-09-08";"YouTube";"72 329";"16 119";"27 563 099";"2024-09-08 11:08:44"
"2024-09-10";"";"24 009";"35 839";"27 562 451";"2024-09-10 19:28:58"
"2024-09-06";"Yandex";"29 380";"98 439";"27 561 370";"2024-09-06 22:19:18"
"2024-09-03";"";"8 024 215";"1 292 601";"27 561 890";"2024-09-03 19:16:48"
"2024-09-07";"IMO";"32 881";"7 133";"27 561 219";"2024-09-07 09:54:40"
"2024-09-04";"VKontakte";"136 247";"9 885";"27 563 017";"2024-09-04 23:32:21"
"2024-09-04";"Facebook";"36 643";"8 855";"27 563 119";"2024-09-04 21:18:34"
"2024-09-10";"Telegram";"1 133 154";"86 821";"27 562 751";"2024-09-10 10:55:19"
"2024-09-09";"";"439 552";"21 411";"27 561 596";"2024-09-09 22:43:49"
"2024-09-07";"YouTube";"40 730";"2 370";"27 562 331";"2024-09-07 23:20:11"
"2024-09-05";"";"33 476";"13 498";"27 562 685";"2024-09-05 09:54:49"
"2024-09-09";"Instagram";"3 991 527";"4 465 031";"27 562 474";"2024-09-09 17:38:25"
"2024-09-02";"Apple Music";"449 898";"25 518";"27 562 988";"2024-09-02 03:36:14"
"2024-09-05";"YouTube";"259 169";"49 589";"27 563 452";"2024-09-06 01:58:27"
"2024-09-01";"";"81 979";"171 033";"27 562 388";"2024-09-01 07:52:10"
"2024-09-07";"Apple Music";"350 478";"5 964";"27 562 851";"2024-09-07 21:42:24"
"2024-09-09";"Instagram";"248 498 595";"5 649 960";"27 561 687";"2024-09-09 06:15:05"
"2024-09-02";"";"50 524";"16 816";"27 561 774";"2024-09-02 23:20:13"
"2024-09-07";"";"561 742";"28 616";"27 561 788";"2024-09-07 09:18:23"
"2024-09-05";"Instagram";"20 899 591";"819 991";"27 561 500";"2024-09-05 17:02:55"
"2024-09-01";"";"26 442";"9 209";"27 562 455";"2024-09-01 14:11:56"
"2024-09-08";"";"492 024";"55 532";"27 562 366";"2024-09-08 23:56:15"
"2024-09-01";"";"194 474";"14 939";"27 561 489";"2024-09-01 16:13:54"
"2024-09-02";"";"10 909";"34 766";"27 561 596";"2024-09-02 06:15:36"
"2024-09-03";"";"299 721";"433 977";"27 561 181";"2024-09-03 21:18:16"
"2024-09-03";"";"63 678";"16 785";"27 562 451";"2024-09-03 18:03:24"
"2024-09-10";"YouTube";"445 499";"209 127";"27 563 500";"2024-09-10 05:26:06"
"2024-09-08";"";"61 411";"2 741";"27 562 698";"2024-09-08 03:12:41"
"2024-09-07";"";"248 304";"12 832";"27 561 314";"2024-09-07 19:16:31"
"2024-09-07";"YouTube";"48 430 825";"3 473 653";"27 562 672";"2024-09-07 17:38:44"
"2024-09-09";"Yandex";"2 435 463";"479 031";"27 561 199";"2024-09-09 09:54:44"
"2024-09-06";"";"321 112";"449 291";"27 563 168";"2024-09-06 06:03:24"
"2024-09-09";"";"175 344";"667 707";"27 562 942";"2024-09-09 06:51:30"
"2024-09-07";"";"102 481";"30 746";"27 562 143";"2024-09-07 06:27:12"
"2024-09-04";"";"43 994";"15 247";"27 562 439";"2024-09-04 12:21:52"
"2024-09-02";"";"52 409 693";"1 995 278";"27 561 890";"2024-09-02 22:31:29"
"2024-09-02";"";"2 372";"101 144";"27 562 399";"2024-09-02 07:16:15"
"2024-09-04";"";"66 566";"3 332";"27 561 314";"2024-09-04 13:58:38"
"2024-09-07";"Telegram";"2 274 314";"155 905";"27 563 286";"2024-09-07 06:39:02"
"2024-09-04";"Unknown";"55 114";"23 357";"27 561 725";"2024-09-04 18:51:04"
"2024-09-05";"";"45 588";"162 999";"27 563 411";"2024-09-05 06:27:45"
"2024-09-01";"Facebook";"163 288";"108 385";"27 563 140";"2024-09-01 20:53:16"
"2024-09-05";"";"24 501 286";"1 010 579";"27 561 671";"2024-09-05 12:45:58"
"2024-09-02";"";"220 948";"51 741";"27 562 370";"2024-09-02 04:49:26"
"2024-09-03";"";"73 072";"5 119";"27 562 205";"2024-09-04 02:11:01"
"2024-09-10";"YouTube";"179 915 869";"11 699 156";"27 562 097";"2024-09-10 12:45:50"
"2024-09-04";"";"50 421";"1 860";"27 563 151";"2024-09-04 12:21:42"
"2024-09-01";"";"4 997";"48 708";"27 562 568";"2024-09-01 20:05:57"
"2024-09-10";"";"274 100";"60 057";"27 563 358";"2024-09-10 08:17:41"
"2024-09-07";"";"68 642";"8 649";"27 561 192";"2024-09-07 14:11:52"
"2024-09-05";"";"65 707";"14 964";"27 561 294";"2024-09-05 10:31:26"
"2024-09-09";"";"1 371 283";"31 118";"27 563 177";"2024-09-09 12:21:44"
"2024-09-02";"Telegram";"25 194 662";"1 130 676";"27 562 216";"2024-09-02 05:38:33"
"2024-09-10";"Apple Music";"28 146";"5 108";"27 562 832";"2024-09-10 17:14:32"
"2024-09-01";"";"90 145";"3 552";"27 561 673";"2024-09-01 04:37:36"
"2024-09-10";"";"527 332";"23 205";"27 562 224";"2024-09-10 04:37:45"
"2024-09-10";"Telegram";"278 992";"30 687";"27 562 508";"2024-09-10 10:19:36"
"2024-09-01";"Instagram";"37 315 352";"1 249 406";"27 562 071";"2024-09-02 01:58:27"
"2024-09-10";"Instagram";"15 047 776";"553 306";"27 561 230";"2024-09-10 05:02:10"
"2024-09-05";"";"2 020 787";"71 088";"27 562 868";"2024-09-05 14:35:38"
"2024-09-06";"";"28 215";"52 245";"27 561 715";"2024-09-06 15:00:24"
"2024-09-04";"";"1 175 382";"167 762";"27 561 621";"2024-09-04 11:44:51"
"2024-09-10";"";"52 419";"21 699";"27 563 047";"2024-09-10 09:18:21"
"2024-09-03";"";"15 675";"29 774";"27 561 872";"2024-09-03 20:29:34"
"2024-09-09";"";"486 422";"27 802";"27 561 805";"2024-09-09 03:24:42"
"2024-09-06";"";"7 476";"30 237";"27 561 177";"2024-09-06 12:33:17"
"2024-09-07";"";"33 068 537";"1 853 143";"27 562 853";"2024-09-07 03:00:16"
"2024-09-05";"";"510 560";"605 000";"27 562 125";"2024-09-05 19:40:55"
"2024-09-03";"";"26 437";"26 142";"27 563 426";"2024-09-03 22:19:45"
"2024-09-01";"";"186 392";"11 520";"27 562 666";"2024-09-01 11:32:59"
"2024-09-04";"";"39 924";"4 301";"27 563 079";"2024-09-04 20:05:22"
"2024-09-07";"";"365 786";"155 428";"27 562 110";"2024-09-07 09:54:52"
"2024-09-10";"Facebook";"32 898";"2 253";"27 563 254";"2024-09-10 18:51:51"
"2024-09-05";"";"151 782";"22 414";"27 562 815";"2024-09-05 07:16:01"
"2024-09-02";"";"538 589";"809 139";"27 562 784";"2024-09-02 11:08:37"
"2024-09-06";"Yandex";"29 032";"4 186";"27 562 364";"2024-09-06 05:38:32"
"2024-09-07";"YouTube";"602 623";"78 572";"27 561 612";"2024-09-07 06:15:31"
"2024-09-01";"Yandex";"235 262";"139 661";"27 562 266";"2024-09-01 22:43:29"
"2024-09-01";"Facebook";"2 644 000";"81 503";"27 562 758";"2024-09-01 18:03:15"
"2024-09-01";"Facebook";"39 253";"20 122";"27 562 520";"2024-09-02 02:35:53"
"2024-09-03";"";"2 393 118";"137 074";"27 563 515";"2024-09-03 19:52:41"
"2024-09-05";"";"1 741 834";"752 926";"27 562 127";"2024-09-05 11:20:47"
"2024-09-03";"YouTube";"12 342 297";"1 191 287";"27 563 189";"2024-09-03 11:44:35"
"2024-09-01";"";"34 180";"4 851";"27 562 069";"2024-09-01 10:31:30"
"2024-09-04";"";"3 117 223";"299 365";"27 561 895";"2024-09-04 23:08:25"
"2024-09-06";"Instagram";"3 231 651";"211 726";"27 562 057";"2024-09-06 04:37:53"
"2024-09-05";"";"32 087";"69 634";"27 561 548";"2024-09-05 12:21:57"
"2024-09-07";"Telegram";"6 696 288";"348 530";"27 562 051";"2024-09-07 05:38:08"
"2024-09-08";"Yandex";"253 466";"121 534";"27 562 398";"2024-09-08 03:00:30"
"2024-09-06";"Facebook";"1 496 329";"117 484";"27 562 613";"2024-09-06 08:53:58"
"2024-09-06";"";"77 430";"5 844";"27 562 437";"2024-09-06 21:54:52"
"2024-09-02";"Facebook";"250 670";"178 311";"27 562 942";"2024-09-02 08:41:29"
"2024-09-02";"";"68 103";"4 084";"27 561 825";"2024-09-02 22:07:01"
"2024-09-08";"YouTube";"2 810 356";"116 467";"27 562 985";"2024-09-09 02:23:48"
"2024-09-10";"Instagram";"741 360";"44 415";"27 561 891";"2024-09-10 18:15:57"
"2024-09-06";"";"1 560";"99 885";"27 561 510";"2024-09-07 00:45:54"
"2024-09-03";"";"345 808";"20 634";"27 562 696";"2024-09-03 13:22:04"
"2024-09-01";"";"76 399";"19 907";"27 563 186";"2024-09-01 21:06:03"
"2024-09-03";"";"14 074 704";"887 280";"27 563 088";"2024-09-03 03:24:39"
"2024-09-03";"";"336 560";"24 241";"27 562 202";"2024-09-03 12:21:08"
"2024-09-06";"YouTube";"40 388";"2 651";"27 562 595";"2024-09-06 10:19:10"
"2024-09-02";"Instagram";"510 550";"62 527";"27 562 696";"2024-09-02 08:17:30"
"2024-09-05";"Facebook";"6 659 177";"228 497";"27 562 404";"2024-09-05 13:34:56"
"2024-09-09";"Instagram";"331 058";"24 666";"27 563 032";"2024-09-09 23:44:17"
"2024-09-04";"";"1 429 409";"81 488";"27 562 956";"2024-09-04 04:37:48"
"2024-09-10";"";"780 315";"259 355";"27 562 459";"2024-09-10 17:50:16"
"2024-09-03";"";"423 087";"16 536";"27 561 680";"2024-09-03 18:03:16"
"2024-09-04";"";"32 887";"43 226";"27 562 886";"2024-09-04 12:33:41"
"2024-09-06";"";"27 948 765";"2 781 637";"27 563 493";"2024-09-06 13:22:44"
"2024-09-09";"YouTube";"114 511";"40 324";"27 562 741";"2024-09-09 14:35:48"
"2024-09-01";"";"50 392";"73 149";"27 562 174";"2024-09-01 16:01:35"
"2024-09-06";"";"81 430";"6 755";"27 563 295";"2024-09-06 12:45:41"
"2024-09-01";"";"2 063 641";"122 609";"27 561 234";"2024-09-01 21:30:22"
"2024-09-09";"YouTube";"2 513 194";"975 477";"27 561 586";"2024-09-09 10:31:26"
"2024-09-08";"YouTube";"154 457";"25 048";"27 562 107";"2024-09-08 12:45:55"
"2024-09-09";"";"49 924";"47 720";"27 562 720";"2024-09-09 15:24:16"
"2024-09-04";"Instagram";"1 706 665";"199 480";"27 562 582";"2024-09-04 20:05:41"
"2024-09-08";"YouTube";"3 126 045";"175 340";"27 561 593";"2024-09-08 20:05:13"
"2024-09-09";"";"105 714";"26 508";"27 562 965";"2024-09-09 09:42:02"
"2024-09-06";"YouTube";"35 471";"3 077";"27 561 275";"2024-09-06 07:28:25"
"2024-09-05";"";"114 216";"5 214";"27 562 898";"2024-09-05 09:30:54"
"2024-09-08";"";"423 989";"57 962";"27 563 107";"2024-09-08 10:31:19"
"2024-09-03";"Yandex";"2 460 884";"882 585";"27 562 674";"2024-09-03 08:29:14"
"2024-09-05";"";"107 706";"23 192";"27 563 017";"2024-09-05 05:38:48"
"2024-09-05";"";"33 678";"2 706";"27 561 956";"2024-09-05 03:24:03"
"2024-09-02";"";"700";"31 780";"27 562 733";"2024-09-02 11:20:24"
"2024-09-06";"Odnoklassniki";"58 137";"8 405";"27 561 669";"2024-09-06 17:02:05"
"2024-09-01";"YouTube";"736 900";"52 885";"27 562 254";"2024-09-01 20:05:37"
"2024-09-03";"";"117 697";"2 131";"27 562 791";"2024-09-03 23:08:58"
"2024-09-02";"YouTube";"652 724";"51 285";"27 562 534";"2024-09-02 20:29:20"
"2024-09-01";"";"327 236";"18 983";"27 561 499";"2024-09-01 22:19:42"
"2024-09-03";"";"1 151 817";"20 006";"27 562 451";"2024-09-04 02:23:18"
"2024-09-09";"Facebook";"88 051 351";"3 109 683";"27 562 838";"2024-09-09 13:34:30"
"2024-09-01";"Facebook";"275 848";"116 060";"27 563 216";"2024-09-01 15:48:19"
"2024-09-05";"Instagram";"1 422 447";"200 140";"27 562 405";"2024-09-05 22:07:25"
"2024-09-08";"";"41 301";"20 974";"27 561 828";"2024-09-08 22:55:22"
"2024-09-09";"";"26 439";"8 254";"27 561 459";"2024-09-09 16:13:46"
"2024-09-08";"Instagram";"68 891 776";"2 255 960";"27 562 527";"2024-09-08 03:36:57"
"2024-09-05";"";"226 787";"84 446";"27 562 142";"2024-09-05 04:13:52"
"2024-09-07";"";"150 862";"28 199";"27 561 743";"2024-09-08 00:21:50"
"2024-09-10";"";"140 693";"546 693";"27 562 961";"2024-09-10 05:26:33"
"2024-09-03";"";"8 847 755";"437 055";"27 561 691";"2024-09-03 05:50:28"
"2024-09-05";"";"259 388";"8 491";"27 563 157";"2024-09-05 18:39:38"
"2024-09-06";"";"1 001 688";"93 820";"27 561 687";"2024-09-06 07:28:35"
"2024-09-07";"Facebook";"268 333";"272 059";"27 563 135";"2024-09-07 11:32:03"
"2024-09-03";"";"402 266";"37 538";"27 561 331";"2024-09-03 07:04:18"
"2024-09-02";"";"1 150 122";"124 534";"27 563 216";"2024-09-02 19:16:26"
"2024-09-09";"";"391 772";"58 663";"27 562 497";"2024-09-09 06:15:04"
"2024-09-06";"";"38 079";"10 427";"27 563 045";"2024-09-06 05:26:05"
"2024-09-06";"";"29 852";"1 428";"27 563 168";"2024-09-06 11:20:12"
"2024-09-04";"";"431 445";"14 544";"27 563 075";"2024-09-05 00:09:19"
"2024-09-09";"";"37 801";"4 872";"27 561 186";"2024-09-09 04:13:06"
"2024-09-07";"YouTube";"9 347 763";"4 488 324";"27 563 446";"2024-09-07 18:27:00"
"2024-09-03";"YouTube";"217 870";"104 183";"27 563 281";"2024-09-04 00:33:40"
"2024-09-08";"";"213 583";"21 092";"27 562 968";"2024-09-08 06:15:06"
"2024-09-02";"";"2 020";"30 920";"27 562 057";"2024-09-02 15:00:29"
"2024-09-04";"YouTube";"28 246";"5 966";"27 562 480";"2024-09-04 15:12:42"
"2024-09-07";"Yandex";"1 554 743";"70 464";"27 562 801";"2024-09-08 02:47:52"
"2024-09-01";"Unknown";"340 677";"120 479";"27 563 321";"2024-09-01 23:56:51"
"2024-09-07";"";"1 087 413";"23 062";"27 562 646";"2024-09-07 22:55:04"
"2024-09-05";"";"29 387 117";"1 354 620";"27 563 341";"2024-09-05 20:17:37"
"2024-09-01";"";"8 980";"30 809";"27 561 552";"2024-09-02 00:09:37"
"2024-09-06";"Instagram";"1 693 957";"240 294";"27 561 811";"2024-09-06 22:31:22"
"2024-09-01";"";"167 208";"140 539";"27 562 059";"2024-09-01 22:07:17"
"2024-09-10";"";"126 902";"40 487";"27 562 474";"2024-09-10 16:49:53"
"2024-09-10";"";"1 273 760";"154 762";"27 562 460";"2024-09-10 21:42:05"
"2024-09-06";"";"145 345";"20 616";"27 562 843";"2024-09-06 04:01:39"
"2024-09-06";"";"514 189";"175 339";"27 563 347";"2024-09-06 11:08:55"
"2024-09-06";"";"170 265";"25 612";"27 563 083";"2024-09-06 16:37:38"
"2024-09-07";"";"79 902";"177 386";"27 563 211";"2024-09-07 11:08:52"
"2024-09-10";"";"351 448";"15 267";"27 561 295";"2024-09-10 22:55:07"
"2024-09-03";"YouTube";"2 862 948";"149 043";"27 561 441";"2024-09-03 18:51:59"
"2024-09-06";"YouTube";"26 734 982";"1 678 561";"27 562 352";"2024-09-06 18:03:35"
"2024-09-09";"Instagram";"207 895";"32 236";"27 561 772";"2024-09-09 14:11:01"
"2024-09-06";"";"112 487";"5 878";"27 561 940";"2024-09-07 00:45:43"
"2024-09-03";"";"280 097";"1 110 610";"27 562 156";"2024-09-03 06:27:47"
"2024-09-08";"Instagram";"273 486";"822 846";"27 562 739";"2024-09-08 15:12:43"
"2024-09-09";"YouTube";"299 847 653";"10 550 818";"27 561 330";"2024-09-09 18:51:04"
"2024-09-03";"";"84 521";"8 757";"27 563 123";"2024-09-03 17:38:32"
"2024-09-05";"Yandex";"71 028";"6 322";"27 561 552";"2024-09-06 01:10:53"
"2024-09-10";"Instagram";"1 006 543";"29 390";"27 562 818";"2024-09-11 00:33:39"
"2024-09-10";"Tas-ix";"437 133";"104 014";"27 563 514";"2024-09-10 22:07:11"
"2024-09-03";"";"620 987";"72 013";"27 563 081";"2024-09-03 03:00:30"
"2024-09-07";"";"318 872";"29 920";"27 562 859";"2024-09-07 03:12:07"
"2024-09-10";"";"3 083 188";"119 893";"27 562 098";"2024-09-10 20:41:50"
"2024-09-04";"";"136 035";"14 678";"27 561 289";"2024-09-04 20:53:07"
"2024-09-02";"YouTube";"2 749 320";"213 936";"27 563 008";"2024-09-02 03:36:52"
"2024-09-06";"";"126 485";"12 292";"27 561 655";"2024-09-06 12:57:07"
"2024-09-04";"";"28 166";"1 794";"27 562 966";"2024-09-04 11:20:59"
"2024-09-10";"Telegram";"122 235 695";"3 239 576";"27 561 821";"2024-09-10 10:31:32"
"2024-09-10";"";"63 488";"3 138";"27 563 424";"2024-09-10 05:26:06"
"2024-09-03";"";"205 290";"11 680";"27 563 287";"2024-09-03 13:10:09"
"2024-09-03";"";"676 464";"40 475";"27 562 997";"2024-09-03 14:59:29"
"2024-09-04";"";"259 995";"272 319";"27 563 134";"2024-09-04 21:54:43"
"2024-09-05";"";"31 544";"7 200";"27 561 680";"2024-09-05 11:44:27"
"2024-09-01";"";"53 972";"3 131";"27 562 506";"2024-09-01 10:43:31"
"2024-09-05";"";"160 168";"134 982";"27 561 914";"2024-09-06 01:10:11"
"2024-09-01";"Instagram";"35 250 309";"1 344 447";"27 562 048";"2024-09-01 15:36:07"
"2024-09-02";"";"29 894";"10 648";"27 562 812";"2024-09-02 09:42:45"
"2024-09-09";"";"18 930";"39 205";"27 563 105";"2024-09-09 10:55:41"
"2024-09-09";"";"169 499";"93 165";"27 561 252";"2024-09-09 11:44:46"
"2024-09-03";"";"231 870";"29 981";"27 561 578";"2024-09-03 14:11:38"
"2024-09-06";"";"4 995 718";"898 927";"27 562 555";"2024-09-06 08:05:26"
"2024-09-07";"";"5 542 377";"264 411";"27 561 629";"2024-09-07 15:48:47"
"2024-09-02";"";"46 635";"4 106";"27 562 207";"2024-09-02 08:41:27"
"2024-09-01";"";"1 831 650";"150 488";"27 561 468";"2024-09-01 05:38:21"
"2024-09-03";"";"385 914";"19 314";"27 562 156";"2024-09-03 15:48:32"
"2024-09-04";"";"1 136 810";"151 598";"27 562 150";"2024-09-04 19:28:44"
"2024-09-10";"";"31 086";"3 913";"27 562 393";"2024-09-10 10:19:49"
"2024-09-08";"";"39 666";"31 407";"27 561 422";"2024-09-08 12:33:50"
"2024-09-06";"Instagram";"6 197 577";"208 843";"27 563 081";"2024-09-06 07:40:44"
"2024-09-03";"";"338 135";"25 193";"27 563 290";"2024-09-03 19:28:33"
"2024-09-01";"";"27 220";"7 598";"27 562 539";"2024-09-01 21:18:48"
"2024-09-01";"WhatsApp";"58 271";"15 166";"27 562 965";"2024-09-02 00:57:14"
"2024-09-02";"";"83 380";"4 174";"27 561 437";"2024-09-02 05:14:35"
"2024-09-01";"Telegram";"25 587 637";"2 773 683";"27 562 985";"2024-09-01 19:40:53"
"2024-09-05";"Facebook";"5 041 312";"1 850 414";"27 561 347";"2024-09-05 09:06:37"
"2024-09-04";"YouTube";"550 512 414";"30 329 428";"27 562 033";"2024-09-04 13:22:58"
"2024-09-07";"";"413 412";"82 022";"27 563 463";"2024-09-07 05:14:34"
"2024-09-06";"Unknown";"33 778";"15 702";"27 561 480";"2024-09-06 19:40:14"
"2024-09-06";"YouTube";"1 091 127";"209 864";"27 562 878";"2024-09-07 02:11:49"
"2024-09-04";"";"235 981";"11 512";"27 562 069";"2024-09-04 08:53:14"
"2024-09-01";"Instagram";"1 615 294";"1 261 502";"27 563 141";"2024-09-01 15:36:27"
"2024-09-07";"Instagram";"3 415 233";"3 782 891";"27 561 730";"2024-09-07 23:44:41"
"2024-09-10";"Facebook";"156 080";"58 673";"27 561 368";"2024-09-10 04:13:47"
"2024-09-08";"";"981 844";"208 850";"27 562 609";"2024-09-08 09:54:26"
"2024-09-05";"";"1 129 862";"126 865";"27 561 536";"2024-09-05 18:27:27"
"2024-09-08";"";"6 875 425";"357 767";"27 562 595";"2024-09-08 03:12:31"
"2024-09-08";"";"125 289";"29 074";"27 563 500";"2024-09-08 22:43:43"
"2024-09-02";"";"257 028";"51 298";"27 562 468";"2024-09-03 01:46:23"
"2024-09-08";"";"360 263";"18 979";"27 562 559";"2024-09-08 21:42:12"
"2024-09-05";"";"335 823";"41 030";"27 563 058";"2024-09-05 08:53:48"
"2024-09-02";"Telegram";"1 509 435";"93 421";"27 562 878";"2024-09-02 19:16:08"
"2024-09-01";"";"39 708";"51 738";"27 562 155";"2024-09-01 09:06:14"
"2024-09-05";"";"649 968";"28 744";"27 562 089";"2024-09-05 19:52:07"
"2024-09-01";"";"43 256";"9 082";"27 561 177";"2024-09-01 21:18:43"
"2024-09-04";"";"97 360";"287 846";"27 563 153";"2024-09-04 09:06:12"
"2024-09-04";"";"165 982";"782 161";"27 562 552";"2024-09-05 02:23:01"
"2024-09-05";"Instagram";"64 419";"6 282";"27 563 427";"2024-09-06 00:21:47"
"2024-09-04";"Facebook";"97 108";"55 885";"27 562 735";"2024-09-04 20:53:29"
"2024-09-02";"";"131 757";"4 938";"27 561 772";"2024-09-02 18:15:46"
"2024-09-09";"";"57 059";"11 026";"27 561 669";"2024-09-10 00:45:20"
"2024-09-07";"";"46 932";"3 780";"27 561 454";"2024-09-07 03:12:27"
"2024-09-09";"";"10 316";"61 446";"27 561 378";"2024-09-09 05:02:57"
"2024-09-09";"Unknown";"679 003";"61 649";"27 563 154";"2024-09-09 15:12:26"
"2024-09-02";"Facebook";"3 285 792";"75 593";"27 563 047";"2024-09-02 20:05:13"
"2024-09-03";"";"393 727";"34 103";"27 562 613";"2024-09-03 09:30:18"
"2024-09-09";"Apple Music";"52 114";"4 441";"27 563 198";"2024-09-09 14:35:25"
"2024-09-05";"Yandex";"104 861";"6 499";"27 561 230";"2024-09-05 03:00:33"
"2024-09-03";"";"63 622";"18 817";"27 562 363";"2024-09-04 02:59:44"
"2024-09-07";"";"6 679";"32 859";"27 561 454";"2024-09-07 13:58:35"
"2024-09-05";"";"32 910";"2 847";"27 561 479";"2024-09-06 00:57:57"
"2024-09-04";"";"2 144 488";"461 401";"27 561 638";"2024-09-04 20:29:18"
"2024-09-09";"";"3 965 957";"166 704";"27 562 026";"2024-09-09 08:41:46"
"2024-09-10";"";"460 154";"18 891";"27 561 592";"2024-09-10 08:05:50"
"2024-09-06";"YouTube";"102 317";"20 074";"27 562 658";"2024-09-06 18:51:23"
"2024-09-01";"";"121 891";"310 991";"27 563 203";"2024-09-01 21:42:08"
"2024-09-10";"";"897 415";"197 325";"27 562 047";"2024-09-10 07:40:27"
"2024-09-07";"Facebook";"237 010";"28 717";"27 562 679";"2024-09-08 02:47:17"
"2024-09-10";"Yandex";"137 967";"16 761";"27 563 017";"2024-09-10 03:48:47"
"2024-09-04";"";"48 684";"65 429";"27 561 692";"2024-09-04 20:53:01"
"2024-09-08";"";"78 408";"16 840";"27 563 183";"2024-09-08 19:28:52"
"2024-09-07";"Telegram";"74 037";"4 461";"27 562 747";"2024-09-07 21:18:04"
"2024-09-04";"";"1 138 990";"92 192";"27 561 613";"2024-09-04 09:42:11"
"2024-09-10";"Instagram";"70 305 833";"1 972 333";"27 562 454";"2024-09-10 09:06:21"
"2024-09-03";"TikTok";"8 905";"61 935";"27 561 379";"2024-09-03 19:40:48"
"2024-09-03";"Apple Music";"1 094 977";"40 679";"27 561 776";"2024-09-03 03:36:16"
"2024-09-06";"Yandex";"74 973";"9 006";"27 562 302";"2024-09-06 06:39:59"
"2024-09-06";"Telegram";"90 641";"8 839";"27 562 240";"2024-09-06 03:00:34"
"2024-09-05";"";"57 133";"107 594";"27 562 756";"2024-09-05 18:27:27"
"2024-09-02";"YouTube";"28 487 697";"2 096 804";"27 561 745";"2024-09-02 08:41:25"
"2024-09-05";"";"27 486";"6 056";"27 561 845";"2024-09-05 17:02:35"
"2024-09-01";"";"20 963";"67 917";"27 562 226";"2024-09-01 11:20:48"
"2024-09-08";"";"82 812";"175 060";"27 561 710";"2024-09-08 19:52:58"
"2024-09-09";"YouTube";"5 615 642";"2 519 721";"27 563 452";"2024-09-09 14:23:53"
"2024-09-03";"YouTube";"336 939";"62 706";"27 563 165";"2024-09-04 00:45:36"
"2024-09-07";"YouTube";"10 459 719";"1 006 633";"27 561 514";"2024-09-07 19:52:03"
"2024-09-08";"";"113 347";"4 960";"27 561 722";"2024-09-08 14:47:43"
"2024-09-04";"Instagram";"172 894";"36 937";"27 562 563";"2024-09-05 02:11:58"
"2024-09-05";"Facebook";"45 457";"15 418";"27 561 638";"2024-09-05 14:35:08"
"2024-09-06";"";"11 110";"41 215";"27 562 818";"2024-09-06 08:05:43"
"2024-09-03";"";"1 500 474";"28 680";"27 561 707";"2024-09-03 21:54:51"
"2024-09-10";"";"75 827";"4 689";"27 562 022";"2024-09-10 23:56:25"
"2024-09-02";"Facebook";"30 008";"1 945";"27 561 332";"2024-09-02 12:33:19"
"2024-09-03";"Yandex";"656 857";"441 404";"27 562 291";"2024-09-04 00:21:02"
"2024-09-08";"";"663 986";"112 599";"27 562 559";"2024-09-08 20:05:25"
"2024-09-01";"";"2 028 519";"104 532";"27 562 699";"2024-09-01 06:51:30"
"2024-09-09";"";"282 967";"18 586";"27 562 868";"2024-09-09 20:53:15"
"2024-09-03";"Instagram";"108 217 160";"2 173 146";"27 562 230";"2024-09-03 05:26:23"
"2024-09-05";"";"577 850";"52 399";"27 562 564";"2024-09-05 12:09:02"
"2024-09-01";"";"561 366";"270 241";"27 561 402";"2024-09-01 10:07:36"
"2024-09-09";"";"99 598";"14 113";"27 561 818";"2024-09-10 02:11:57"
"2024-09-02";"";"95 771";"28 225";"27 562 251";"2024-09-02 15:36:39"
"2024-09-05";"YouTube";"3 266 381";"8 568 416";"27 562 698";"2024-09-05 16:37:27"
"2024-09-07";"";"11 573 161";"585 033";"27 561 221";"2024-09-07 13:34:21"
"2024-09-02";"Telegram";"24 481 658";"10 364 798";"27 563 293";"2024-09-02 19:16:44"
"2024-09-06";"";"963 628";"35 901";"27 561 352";"2024-09-06 04:49:35"
"2024-09-07";"VKontakte";"739 620";"69 464";"27 562 721";"2024-09-07 23:44:50"
"2024-09-04";"";"96 147";"10 326";"27 561 514";"2024-09-04 12:33:44"
"2024-09-01";"";"948 934";"436 592";"27 562 330";"2024-09-01 09:06:55"
"2024-09-10";"";"106 203";"6 292";"27 562 640";"2024-09-10 10:55:44"
"2024-09-02";"";"3 295 717";"164 725";"27 562 684";"2024-09-02 05:02:44"
"2024-09-06";"";"28 397";"3 654";"27 561 828";"2024-09-06 14:11:20"
"2024-09-09";"";"58 928";"7 017";"27 562 313";"2024-09-09 20:05:59"
"2024-09-04";"Telegram";"14 714 695";"889 280";"27 562 352";"2024-09-04 18:15:39"
"2024-09-07";"";"533 945";"23 239";"27 561 629";"2024-09-07 03:24:51"
"2024-09-04";"Instagram";"9 652 794";"302 054";"27 561 218";"2024-09-04 11:08:08"
"2024-09-01";"";"27 834";"3 205";"27 563 462";"2024-09-01 10:19:10"
"2024-09-09";"WhatsApp";"322 270";"25 513";"27 561 943";"2024-09-10 02:23:57"
"2024-09-10";"";"174 590";"28 337";"27 562 863";"2024-09-10 10:07:49"
"2024-09-07";"Tas-ix";"125 976";"3 940";"27 563 282";"2024-09-07 07:16:39"
"2024-09-04";"YouTube";"297 827";"2 881 172";"27 562 685";"2024-09-04 10:19:49"
"2024-09-03";"";"779 398";"294 344";"27 562 039";"2024-09-03 09:42:57"
"2024-09-10";"";"1 507 627";"164 448";"27 562 593";"2024-09-10 22:55:40"
"2024-09-06";"";"260 538";"14 407";"27 563 102";"2024-09-06 04:25:49"
"2024-09-04";"";"2 501 553";"90 819";"27 562 679";"2024-09-04 15:12:03"
"2024-09-10";"";"59 317";"23 587";"27 562 965";"2024-09-10 11:44:49"
"2024-09-05";"Facebook";"6 731 778";"219 689";"27 561 373";"2024-09-05 14:47:34"
"2024-09-09";"";"113 976";"32 810";"27 561 339";"2024-09-09 05:26:27"
"2024-09-06";"";"47 940";"31 882";"27 561 289";"2024-09-07 01:22:18"
"2024-09-08";"";"140 492";"52 730";"27 562 641";"2024-09-09 01:22:12"
"2024-09-07";"";"5 719 685";"243 245";"27 562 427";"2024-09-07 13:10:49"
"2024-09-05";"";"23 735 435";"2 186 713";"27 563 218";"2024-09-05 15:48:21"
"2024-09-02";"";"27 653";"15 531";"27 561 557";"2024-09-02 11:44:11"
"2024-09-10";"";"1 638 024";"98 779";"27 563 328";"2024-09-10 22:43:28"
"2024-09-09";"";"25 640";"1 586";"27 561 763";"2024-09-09 13:46:32"
"2024-09-09";"";"182 166";"39 138";"27 561 205";"2024-09-09 03:24:53"
"2024-09-06";"Instagram";"54 463 542";"1 178 845";"27 562 047";"2024-09-06 22:07:43"
"2024-09-07";"";"145 945";"8 084";"27 562 484";"2024-09-08 00:09:40"
"2024-09-05";"Telegram";"11 772 637";"714 008";"27 561 265";"2024-09-06 00:45:06"
"2024-09-02";"YouTube";"8 864 807";"3 925 261";"27 562 593";"2024-09-02 15:48:40"
"2024-09-06";"";"35 998";"3 898";"27 563 427";"2024-09-06 11:56:38"
"2024-09-08";"";"108 130";"16 702";"27 563 250";"2024-09-08 11:32:48"
"2024-09-05";"";"1 683 264";"405 368";"27 561 414";"2024-09-05 11:32:06"
"2024-09-07";"";"150 652";"24 276";"27 561 239";"2024-09-07 19:28:09"
"2024-09-01";"";"18 271";"112 525";"27 562 294";"2024-09-01 23:56:47"
"2024-09-05";"";"240 395";"14 889";"27 562 261";"2024-09-05 23:44:32"
"2024-09-04";"Facebook";"497 282";"212 952";"27 562 420";"2024-09-04 05:14:22"
"2024-09-04";"";"468 422";"12 826";"27 561 762";"2024-09-04 03:48:12"
"2024-09-07";"";"142 045";"219 384";"27 562 821";"2024-09-07 16:49:14"
"2024-09-02";"";"435 994";"24 437";"27 561 687";"2024-09-02 18:51:44"
"2024-09-07";"Instagram";"9 770 991";"291 610";"27 561 862";"2024-09-07 04:01:06"
"2024-09-09";"";"39 980";"3 043";"27 562 696";"2024-09-09 18:03:10"
"2024-09-09";"Instagram";"1 535 683";"1 543 959";"27 562 533";"2024-09-09 13:22:16"
"2024-09-01";"";"67 735";"43 009";"27 562 717";"2024-09-01 11:44:27"
"2024-09-06";"Telegram";"109 910";"24 168";"27 561 573";"2024-09-06 17:38:20"
"2024-09-07";"";"2 050";"75 128";"27 561 331";"2024-09-07 21:18:51"
"2024-09-03";"Instagram";"11 256 602";"366 022";"27 562 317";"2024-09-03 03:24:06"
"2024-09-07";"";"30 236";"23 681";"27 563 382";"2024-09-07 16:37:59"
"2024-09-07";"";"370 706";"14 557";"27 562 571";"2024-09-07 18:03:12"
"2024-09-01";"";"50 812";"5 166";"27 561 947";"2024-09-01 13:58:19"
"2024-09-01";"";"15 472 658";"393 500";"27 562 398";"2024-09-02 01:58:21"
"2024-09-02";"Telegram";"209 034 217";"54 444 019";"27 561 354";"2024-09-02 23:56:02"
"2024-09-08";"";"718 048";"203 514";"27 562 853";"2024-09-08 13:22:35"
"2024-09-04";"";"26 056";"3 867";"27 561 524";"2024-09-04 22:43:59"
"2024-09-05";"Yandex Video";"364 986";"18 670";"27 563 467";"2024-09-05 19:16:56"
"2024-09-09";"Telegram";"12 422 743";"11 569 285";"27 562 681";"2024-09-09 23:08:40"
"2024-09-08";"";"94 724";"410 124";"27 562 101";"2024-09-08 11:08:08"
"2024-09-09";"";"4 861 845";"229 765";"27 561 893";"2024-09-09 13:10:36"
"2024-09-06";"";"703 523";"59 598";"27 561 460";"2024-09-06 20:41:11"
"2024-09-05";"";"42 413";"2 544";"27 562 473";"2024-09-05 08:17:29"
"2024-09-08";"Instagram";"28 063 198";"840 708";"27 562 846";"2024-09-08 13:46:19"
"2024-09-08";"";"1 654 410";"168 368";"27 561 788";"2024-09-08 05:38:47"
"2024-09-08";"";"195 874";"132 996";"27 562 903";"2024-09-09 01:10:48"
"2024-09-02";"";"42 346";"6 358";"27 562 302";"2024-09-02 11:44:07"
"2024-09-04";"";"29 732";"26 862";"27 562 960";"2024-09-04 05:14:25"
"2024-09-07";"Instagram";"662 575";"146 974";"27 562 236";"2024-09-07 08:29:55"
"2024-09-03";"";"2 520 184";"1 217 525";"27 561 873";"2024-09-04 00:09:57"
"2024-09-07";"";"27 103";"4 355";"27 561 903";"2024-09-07 21:18:14"
"2024-09-05";"";"592 531";"745 336";"27 561 337";"2024-09-05 14:47:58"
"2024-09-10";"Facebook";"10 705 688";"834 886";"27 562 309";"2024-09-10 09:54:25"
"2024-09-01";"";"116 707";"7 265";"27 561 462";"2024-09-01 15:12:39"
"2024-09-09";"";"98 539";"12 852";"27 561 180";"2024-09-09 10:31:33"
"2024-09-09";"Instagram";"18 814 445";"36 100 820";"27 562 036";"2024-09-09 04:25:32"
"2024-09-08";"";"72 157";"46 757";"27 562 025";"2024-09-08 21:54:49"
"2024-09-08";"";"53 356";"7 374";"27 562 051";"2024-09-08 13:10:07"
"2024-09-10";"Facebook";"417 265";"31 650";"27 562 489";"2024-09-10 22:55:49"
"2024-09-03";"";"105 979";"52 086";"27 561 759";"2024-09-03 04:25:20"
"2024-09-09";"";"250 424";"143 374";"27 562 903";"2024-09-09 09:18:37"
"2024-09-02";"Telegram";"2 318 689";"368 460";"27 562 709";"2024-09-02 16:49:51"
"2024-09-02";"";"185 707";"35 883";"27 563 023";"2024-09-03 01:10:55"
"2024-09-10";"";"108 013";"153 931";"27 561 295";"2024-09-10 11:44:39"
"2024-09-02";"";"3 250 620";"91 910";"27 561 206";"2024-09-02 05:50:05"
"2024-09-08";"";"213 739";"23 290";"27 562 233";"2024-09-08 08:29:30"
"2024-09-04";"";"34 836";"4 829";"27 562 022";"2024-09-04 20:05:36"
"2024-09-10";"";"27 937";"5 633";"27 562 824";"2024-09-10 21:30:35"
"2024-09-03";"";"105 424";"12 952";"27 561 643";"2024-09-03 11:56:43"
"2024-09-09";"YouTube";"32 109";"67 366";"27 562 441";"2024-09-09 22:55:34"
"2024-09-05";"";"362 630";"16 005";"27 562 622";"2024-09-05 14:35:06"
"2024-09-02";"";"233 209";"739 849";"27 562 252";"2024-09-02 05:38:10"
"2024-09-06";"";"26 060";"8 115";"27 562 595";"2024-09-07 02:35:41"
"2024-09-09";"Instagram";"2 102 354";"612 404";"27 561 767";"2024-09-10 01:58:27"
"2024-09-08";"YouTube";"1 339 090";"193 130";"27 562 563";"2024-09-08 15:00:22"
"2024-09-07";"";"213 581";"13 128";"27 562 717";"2024-09-07 08:29:47"
"2024-09-10";"";"142 997";"9 263";"27 561 893";"2024-09-10 07:40:22"
"2024-09-06";"YouTube";"119 815";"19 448";"27 562 521";"2024-09-06 18:03:12"
"2024-09-02";"";"1 044 676";"91 500";"27 561 592";"2024-09-02 19:16:21"
"2024-09-02";"";"1 105 650";"1 155 503";"27 562 265";"2024-09-02 20:53:51"
"2024-09-06";"";"49 838";"6 335";"27 563 136";"2024-09-06 16:13:21"
"2024-09-09";"Telegram";"169 946 400";"8 249 679";"27 563 453";"2024-09-09 18:39:20"
"2024-09-08";"";"4 183";"27 508";"27 561 592";"2024-09-08 14:11:16"
"2024-09-02";"";"1 503 837";"202 792";"27 562 224";"2024-09-02 16:49:26"
"2024-09-07";"";"46 918";"4 099";"27 562 783";"2024-09-07 20:17:30"
"2024-09-04";"";"53 098";"5 888";"27 561 879";"2024-09-04 21:06:49"
"2024-09-05";"";"680 746";"441 393";"27 562 552";"2024-09-05 22:19:01"
"2024-09-01";"YouTube";"201 381 218";"17 041 033";"27 561 543";"2024-09-01 06:51:42"
"2024-09-06";"YouTube";"3 018 265";"211 981";"27 561 730";"2024-09-06 17:26:22"
"2024-09-01";"Telegram";"210 939";"15 479";"27 562 348";"2024-09-01 05:38:44"
"2024-09-07";"VKontakte";"30 445";"3 327";"27 562 590";"2024-09-07 07:52:37"
"2024-09-03";"";"710 336";"30 036";"27 563 419";"2024-09-03 23:32:23"
"2024-09-01";"YouTube";"37 075";"6 755";"27 561 222";"2024-09-01 09:30:18"
"2024-09-04";"";"5 099 034";"139 049";"27 561 936";"2024-09-04 14:23:00"
"2024-09-06";"";"16 098 497";"687 918";"27 561 290";"2024-09-07 02:35:44"
"2024-09-05";"";"29 159";"1 700";"27 561 865";"2024-09-05 22:19:08"
"2024-09-03";"YouTube";"267 274";"38 088";"27 563 268";"2024-09-03 13:22:53"
"2024-09-04";"";"27 574";"1 800";"27 562 264";"2024-09-05 01:34:53"
"2024-09-02";"";"34 279 339";"633 657";"27 562 666";"2024-09-02 07:16:49"
"2024-09-05";"";"244 605";"31 706";"27 561 997";"2024-09-06 02:11:03"
"2024-09-04";"";"29 564";"1 693";"27 561 686";"2024-09-04 12:57:12"
"2024-09-01";"";"103 139";"55 566";"27 562 654";"2024-09-01 20:05:27"
"2024-09-03";"Instagram";"12 153 960";"19 679 399";"27 561 417";"2024-09-04 02:59:33"
"2024-09-05";"Instagram";"9 081 810";"2 955 796";"27 562 404";"2024-09-06 01:46:16"
"2024-09-09";"";"41 889";"78 517";"27 561 375";"2024-09-10 01:46:04"
"2024-09-03";"";"77 974";"11 752";"27 562 473";"2024-09-03 17:26:57"
"2024-09-05";"";"3 999";"26 488";"27 562 252";"2024-09-05 10:07:04"
"2024-09-05";"";"15 202";"48 338";"27 561 708";"2024-09-05 15:00:35"
"2024-09-04";"";"50 347";"3 479";"27 563 075";"2024-09-04 21:06:58"
"2024-09-06";"";"12 956 044";"638 864";"27 561 224";"2024-09-06 15:48:49"
"2024-09-09";"";"161 978";"6 918";"27 561 533";"2024-09-09 11:56:08"
"2024-09-06";"";"62 531";"10 069";"27 563 029";"2024-09-06 03:00:06"
"2024-09-04";"Instagram";"445 024";"278 709";"27 563 248";"2024-09-04 16:13:37"
"2024-09-04";"";"75 520";"402 828";"27 563 334";"2024-09-04 07:28:43"
"2024-09-03";"Facebook";"107 078";"10 439";"27 563 144";"2024-09-03 16:37:35"
"2024-09-06";"";"1 071 752";"32 026";"27 562 240";"2024-09-06 21:18:57"
"2024-09-07";"";"139 862 246";"11 945 229";"27 561 876";"2024-09-07 14:35:14"
"2024-09-03";"";"4 107 070";"3 455 226";"27 561 458";"2024-09-03 19:16:22"
"2024-09-07";"YouTube";"11 668 903";"635 849";"27 562 025";"2024-09-07 03:12:47"
"2024-09-02";"";"37 865";"257 073";"27 563 356";"2024-09-02 05:38:09"
"2024-09-08";"";"109 663";"18 070";"27 563 291";"2024-09-08 08:53:17"
"2024-09-04";"YouTube";"8 728 113";"1 454 592";"27 563 080";"2024-09-04 12:45:07"
"2024-09-08";"";"64 025";"141 697";"27 561 691";"2024-09-08 21:42:17"
"2024-09-02";"";"101 793";"24 111";"27 562 670";"2024-09-02 03:24:59"
"2024-09-01";"Instagram";"47 220 174";"3 335 463";"27 561 623";"2024-09-02 00:57:56"
"2024-09-08";"Facebook";"3 391 684";"2 269 601";"27 561 753";"2024-09-09 00:45:32"
"2024-09-09";"";"288 259";"1 095 258";"27 562 675";"2024-09-09 16:37:35"
"2024-09-07";"";"7 743";"42 166";"27 562 766";"2024-09-07 16:49:19"
"2024-09-07";"TikTok";"25 242";"1 442 931";"27 561 611";"2024-09-08 00:33:41"
"2024-09-05";"";"13 416";"61 284";"27 561 569";"2024-09-05 15:00:27"
"2024-09-01";"Odnoklassniki";"1 213 359";"1 154 109";"27 563 320";"2024-09-01 15:48:34"
"2024-09-08";"";"1 670 367";"98 600";"27 562 050";"2024-09-09 02:47:49"
"2024-09-06";"";"646 219";"40 451";"27 562 525";"2024-09-06 09:30:26"
"2024-09-07";"";"6 213 326";"278 362";"27 562 889";"2024-09-07 03:48:56"
"2024-09-06";"";"554 828";"36 981";"27 562 527";"2024-09-06 20:29:38"
"2024-09-05";"";"122 537";"4 585";"27 561 262";"2024-09-05 21:42:11"
"2024-09-09";"YouTube";"3 330 408";"205 692";"27 561 474";"2024-09-09 15:00:21"
"2024-09-06";"Odnoklassniki";"2 003 628";"1 020 661";"27 561 301";"2024-09-06 04:49:02"
"2024-09-06";"";"4 864";"63 293";"27 561 230";"2024-09-07 00:57:21"
"2024-09-03";"Telegram";"10 545 949";"618 063";"27 562 676";"2024-09-03 07:52:40"
"2024-09-04";"Instagram";"91 694 281";"535 564";"27 563 041";"2024-09-04 08:05:38"
"2024-09-02";"TikTok";"656 681";"5 145 425";"27 561 845";"2024-09-02 13:46:01"
"2024-09-08";"Facebook";"647 240";"54 610";"27 561 407";"2024-09-08 21:30:58"
"2024-09-08";"";"600";"30 837";"27 562 454";"2024-09-09 00:57:14"
"2024-09-07";"Yandex";"7 145 487";"733 230";"27 562 326";"2024-09-08 00:57:07"
"2024-09-07";"YouTube";"68 465";"6 094";"27 562 915";"2024-09-07 18:39:25"
"2024-09-01";"YouTube";"2 329";"28 777";"27 561 511";"2024-09-01 05:26:11"
"2024-09-05";"YouTube";"132 657";"8 740";"27 562 690";"2024-09-05 16:37:33"
"2024-09-06";"";"69 607";"6 937";"27 561 922";"2024-09-06 11:44:45"
"2024-09-03";"";"31 440";"2 189";"27 562 281";"2024-09-03 08:29:36"
"2024-09-01";"";"162 644";"39 942";"27 563 101";"2024-09-01 05:26:45"
"2024-09-10";"";"27 259";"13 505";"27 563 059";"2024-09-10 15:24:47"
"2024-09-09";"";"32 054";"3 678";"27 562 560";"2024-09-09 23:32:57"
"2024-09-05";"";"178 604";"91 469";"27 562 324";"2024-09-05 04:13:00"
"2024-09-05";"";"47 823";"4 707";"27 561 367";"2024-09-05 21:30:45"
"2024-09-07";"YouTube";"4 350 738";"150 152";"27 561 647";"2024-09-07 05:50:08"
"2024-09-04";"";"7 992";"93 258";"27 562 298";"2024-09-04 21:30:52"
"2024-09-07";"";"2 721 712";"148 692";"27 563 112";"2024-09-07 07:04:24"
"2024-09-06";"Yandex";"605 134";"20 702";"27 562 236";"2024-09-06 15:36:18"
"2024-09-04";"";"68 200";"10 507";"27 561 592";"2024-09-04 14:47:07"
"2024-09-01";"Telegram";"8 295 248";"424 622";"27 561 470";"2024-09-02 01:10:18"
"2024-09-03";"WhatsApp";"105 241";"53 716";"27 563 452";"2024-09-03 08:17:29"
"2024-09-02";"YouTube";"5 516 856";"1 356 226";"27 563 023";"2024-09-02 13:22:30"
"2024-09-08";"";"1 597 173";"535 306";"27 563 171";"2024-09-08 10:19:24"
"2024-09-09";"";"448 472";"18 768";"27 561 591";"2024-09-09 11:20:52"
"2024-09-06";"";"97 889";"11 996";"27 562 854";"2024-09-06 16:25:18"
"2024-09-06";"";"186 053";"10 350";"27 562 398";"2024-09-06 14:23:44"
"2024-09-10";"YouTube";"48 985";"28 579";"27 562 047";"2024-09-10 23:44:55"
"2024-09-04";"";"56 964";"18 902";"27 562 439";"2024-09-04 05:26:38"
"2024-09-03";"";"26 786";"7 816";"27 563 204";"2024-09-03 21:42:46"
"2024-09-09";"";"876 308";"43 481";"27 561 870";"2024-09-09 16:49:17"
"2024-09-07";"Instagram";"618 652";"76 881";"27 562 880";"2024-09-07 16:13:55"
"2024-09-02";"";"63 323";"5 082";"27 562 695";"2024-09-02 08:05:24"
"2024-09-08";"";"31 730";"22 520";"27 563 014";"2024-09-08 13:10:02"
"2024-09-01";"";"108 387";"6 732";"27 563 234";"2024-09-01 18:39:11"
"2024-09-07";"Spotify";"180 477";"142 489";"27 563 198";"2024-09-08 01:46:49"
"2024-09-05";"";"235 785";"30 050";"27 561 534";"2024-09-05 14:35:18"
"2024-09-09";"Facebook";"158 598";"12 389";"27 561 850";"2024-09-09 14:47:29"
"2024-09-04";"IMO";"134 345";"5 517";"27 562 692";"2024-09-04 17:02:18"
"2024-09-03";"";"11 597";"25 803";"27 562 961";"2024-09-03 11:20:14"
"2024-09-04";"Instagram";"7 849 397";"6 931 448";"27 563 318";"2024-09-04 16:25:28"
"2024-09-07";"YouTube";"160 304";"1 513 684";"27 562 133";"2024-09-07 15:48:59"
"2024-09-06";"";"205 034";"26 071";"27 562 023";"2024-09-06 12:45:31"
"2024-09-03";"";"41 019";"4 434";"27 561 355";"2024-09-04 00:33:34"
"2024-09-10";"";"25 835";"3 274";"27 563 358";"2024-09-11 00:09:51"
"2024-09-10";"";"73 386";"404 143";"27 562 714";"2024-09-10 04:49:35"
"2024-09-06";"";"84 882";"91 246";"27 563 397";"2024-09-06 19:28:21"
"2024-09-03";"";"33 754";"5 931";"27 563 165";"2024-09-03 16:25:36"
"2024-09-07";"";"1 367 278";"1 672 486";"27 563 205";"2024-09-07 23:44:37"
"2024-09-03";"";"72 643";"109 688";"27 562 834";"2024-09-03 06:51:23"
"2024-09-08";"";"112 304";"8 203";"27 562 872";"2024-09-08 06:27:05"
"2024-09-02";"";"30 537";"3 672";"27 563 414";"2024-09-02 12:09:42"
"2024-09-08";"YouTube";"66 519 426";"3 507 011";"27 562 343";"2024-09-08 08:17:04"
"2024-09-01";"";"2 568 656";"84 160";"27 562 656";"2024-09-01 03:36:08"
"2024-09-08";"Yandex";"334 738";"14 523";"27 562 026";"2024-09-08 16:01:12"
"2024-09-10";"";"37 889";"5 211";"27 561 590";"2024-09-10 23:20:11"
"2024-09-05";"";"33 258";"2 071";"27 562 122";"2024-09-05 04:49:53"
"2024-09-07";"";"228 783";"112 362";"27 563 509";"2024-09-07 12:45:51"
"2024-09-10";"Instagram";"113 584 228";"3 374 602";"27 561 915";"2024-09-10 17:50:08"
"2024-09-01";"";"21 437";"83 104";"27 561 978";"2024-09-02 00:21:25"
"2024-09-09";"YouTube";"318 369";"145 539";"27 562 393";"2024-09-09 15:48:19"
"2024-09-09";"";"229 689";"81 055";"27 561 776";"2024-09-09 19:04:47"
"2024-09-02";"Apple Music";"339 520";"26 930";"27 562 025";"2024-09-02 21:30:04"
"2024-09-07";"";"79 550";"8 786";"27 561 411";"2024-09-07 19:16:43"
"2024-09-03";"";"40 623";"147 309";"27 561 301";"2024-09-03 15:12:19"
"2024-09-08";"Telegram";"4 376 794";"307 650";"27 562 230";"2024-09-08 07:04:44"
"2024-09-02";"";"7 325 560";"124 715";"27 562 343";"2024-09-02 06:15:42"
"2024-09-01";"";"154 890";"14 170";"27 563 114";"2024-09-01 07:40:10"
"2024-09-07";"";"88 073";"55 977";"27 561 591";"2024-09-07 05:50:00"
"2024-09-09";"";"4 128";"30 708";"27 561 177";"2024-09-09 15:36:48"
"2024-09-03";"WhatsApp";"33 628";"3 997";"27 562 028";"2024-09-03 20:05:16"
"2024-09-06";"";"25 716";"5 841";"27 562 473";"2024-09-07 00:57:15"
"2024-09-08";"WhatsApp";"228 544";"2 152 147";"27 561 347";"2024-09-08 14:11:46"
"2024-09-10";"";"25 706";"9 083";"27 563 489";"2024-09-10 16:49:47"
"2024-09-02";"WhatsApp";"92 393";"13 694";"27 562 372";"2024-09-02 10:07:40"
"2024-09-03";"";"952 189";"64 106";"27 562 721";"2024-09-03 18:15:22"
"2024-09-05";"";"47 909";"2 547";"27 562 040";"2024-09-05 11:56:24"
"2024-09-03";"YouTube";"130 372";"7 733";"27 562 436";"2024-09-03 12:45:01"
"2024-09-09";"";"189 068";"15 118";"27 563 169";"2024-09-09 21:06:01"
"2024-09-04";"";"666 892";"37 941";"27 561 796";"2024-09-04 04:13:28"
"2024-09-08";"Telegram";"21 258 659";"6 082 681";"27 561 873";"2024-09-08 15:00:53"
"2024-09-06";"";"1 639 731";"63 217";"27 562 675";"2024-09-06 07:28:49"
"2024-09-06";"";"11 702 805";"668 439";"27 562 931";"2024-09-06 15:24:52"
"2024-09-02";"Facebook";"82 305";"15 013";"27 562 668";"2024-09-03 01:58:13"
"2024-09-06";"";"615 428";"163 672";"27 562 012";"2024-09-06 15:00:51"
"2024-09-06";"";"434 574";"436 594";"27 561 306";"2024-09-06 19:28:11"
"2024-09-08";"Instagram";"318 313 393";"7 593 240";"27 562 371";"2024-09-08 04:13:46"
"2024-09-06";"";"1 190 646";"117 510";"27 561 265";"2024-09-06 15:36:01"
"2024-09-04";"";"1 375 971";"51 706";"27 561 380";"2024-09-04 16:37:56"
"2024-09-02";"Yandex";"19 522 107";"3 337 173";"27 561 772";"2024-09-02 03:00:52"
"2024-09-07";"";"122 314";"12 367";"27 561 357";"2024-09-07 20:41:26"
"2024-09-09";"Facebook";"251 578";"67 724";"27 562 405";"2024-09-09 09:42:13"
"2024-09-01";"";"2 824 716";"933 614";"27 562 696";"2024-09-01 05:50:23"
"2024-09-07";"";"1 620 593";"1 374 165";"27 562 942";"2024-09-07 17:38:07"
"2024-09-04";"";"788";"32 193";"27 561 433";"2024-09-04 08:41:29"
"2024-09-08";"";"10 965";"38 053";"27 562 438";"2024-09-08 13:58:10"
"2024-09-06";"";"111 266 240";"5 001 599";"27 563 245";"2024-09-06 10:19:58"
"2024-09-04";"";"37 691";"1 008 435";"27 563 515";"2024-09-04 17:26:21"
"2024-09-08";"";"31 624";"2 648";"27 562 193";"2024-09-08 03:12:42"
"2024-09-04";"";"31 879";"6 856";"27 562 260";"2024-09-05 02:35:27"
"2024-09-09";"";"1 399 680";"1 298 716";"27 563 048";"2024-09-09 07:16:43"
"2024-09-01";"Instagram";"23 448 345";"928 859";"27 563 059";"2024-09-01 23:44:52"
"2024-09-01";"";"67 620";"19 279";"27 562 910";"2024-09-01 22:19:28"
"2024-09-10";"YouTube";"2 825 619";"1 425 530";"27 561 315";"2024-09-10 08:29:31"
"2024-09-07";"";"237 815";"276 538";"27 561 222";"2024-09-07 12:33:43"
"2024-09-07";"Telegram";"1 428 262";"222 821";"27 561 486";"2024-09-07 06:03:10"
"2024-09-03";"";"478 218";"558 361";"27 561 825";"2024-09-03 22:19:45"
"2024-09-10";"YouTube";"278 807 214";"17 220 681";"27 561 686";"2024-09-10 18:15:58"
"2024-09-10";"";"94 230";"5 134";"27 562 304";"2024-09-10 07:04:33"
"2024-09-06";"Facebook";"105 778";"26 044";"27 561 916";"2024-09-06 17:02:58"
"2024-09-09";"";"1 330 693";"407 320";"27 563 131";"2024-09-09 08:53:40"
"2024-09-08";"";"89 140";"5 448";"27 561 745";"2024-09-08 07:28:45"
"2024-09-04";"YouTube";"826 865";"125 752";"27 562 851";"2024-09-04 12:57:46"
"2024-09-04";"";"42 768";"12 637";"27 563 067";"2024-09-04 16:25:14"
"2024-09-06";"";"31 903";"19 604";"27 562 686";"2024-09-06 06:27:35"
"2024-09-07";"";"227 341";"56 105";"27 563 357";"2024-09-07 09:06:14"
"2024-09-02";"";"90 842 812";"3 163 379";"27 562 812";"2024-09-02 18:51:41"
"2024-09-08";"Facebook";"57 836";"13 704";"27 563 048";"2024-09-08 23:20:55"
"2024-09-01";"Yandex";"8 107 228";"2 490 235";"27 562 965";"2024-09-02 02:23:14"
"2024-09-09";"";"61 785";"370 345";"27 562 666";"2024-09-09 13:10:01"
"2024-09-10";"";"130 211";"19 507";"27 561 974";"2024-09-10 09:18:57"
"2024-09-08";"WhatsApp";"371 206";"1 953 602";"27 563 285";"2024-09-08 03:48:28"
"2024-09-09";"";"75 480";"293 753";"27 562 397";"2024-09-09 20:53:32"
"2024-09-03";"";"2 906 349";"119 849";"27 562 044";"2024-09-03 17:38:21"
"2024-09-04";"";"157 831";"28 154";"27 562 098";"2024-09-04 12:45:59"
"2024-09-05";"";"430 334";"123 657";"27 561 555";"2024-09-06 02:11:19"
"2024-09-03";"";"333 157";"23 435";"27 563 289";"2024-09-03 03:12:25"
"2024-09-09";"";"79 773";"177 459";"27 561 723";"2024-09-09 03:12:52"
"2024-09-09";"";"255 853";"41 189";"27 561 180";"2024-09-09 21:42:30"
"2024-09-06";"Telegram";"33 319 145";"6 168 446";"27 561 356";"2024-09-06 10:31:15"
"2024-09-07";"";"93 252";"46 089";"27 563 035";"2024-09-08 00:21:13"
"2024-09-08";"";"1 813 882";"259 334";"27 562 534";"2024-09-08 03:36:32"
"2024-09-10";"";"163 410";"19 521";"27 562 762";"2024-09-10 06:51:29"
"2024-09-07";"";"41 680";"2 008";"27 563 177";"2024-09-07 11:08:16"
"2024-09-02";"Telegram";"194 482 990";"12 703 447";"27 563 020";"2024-09-02 08:17:04"
"2024-09-03";"Instagram";"94 293";"22 393";"27 561 721";"2024-09-04 01:46:26"
"2024-09-07";"";"242 217";"186 930";"27 562 073";"2024-09-07 06:27:31"
"2024-09-06";"";"31 160";"2 727";"27 561 542";"2024-09-07 02:47:38"
"2024-09-08";"";"194 878";"675 747";"27 563 152";"2024-09-08 04:25:06"
"2024-09-06";"";"934 938";"124 163";"27 561 275";"2024-09-06 08:41:31"
"2024-09-10";"Instagram";"704 145";"101 159";"27 562 442";"2024-09-10 11:44:13"
"2024-09-02";"";"29 089";"2 556";"27 562 199";"2024-09-02 16:25:16"
"2024-09-05";"";"41 139";"10 307";"27 561 634";"2024-09-05 17:26:34"
"2024-09-02";"";"21 511";"554 461";"27 561 812";"2024-09-02 23:32:59"
"2024-09-05";"";"343 318";"38 666";"27 562 636";"2024-09-05 03:24:39"
"2024-09-02";"Instagram";"1 415 724";"360 852";"27 562 679";"2024-09-02 03:36:05"
"2024-09-06";"YouTube";"419 464";"3 233 638";"27 562 656";"2024-09-06 17:02:51"
"2024-09-01";"Tas-ix";"81 918";"7 386";"27 563 211";"2024-09-01 03:24:53"
"2024-09-01";"";"66 372";"32 464";"27 562 124";"2024-09-01 07:16:28"
"2024-09-02";"";"54 399";"6 633";"27 563 295";"2024-09-02 03:12:10"
"2024-09-04";"";"143 128";"103 257";"27 563 445";"2024-09-04 04:25:03"
"2024-09-08";"";"47 189";"15 517";"27 561 470";"2024-09-08 21:06:27"
"2024-09-04";"";"82 973";"6 921";"27 562 064";"2024-09-04 17:14:58"
"2024-09-04";"";"18 691 407";"1 623 080";"27 563 016";"2024-09-05 02:47:44"
"2024-09-06";"";"209 257";"987 535";"27 562 841";"2024-09-06 11:32:27"
"2024-09-09";"Tas-ix";"53 089";"6 749";"27 561 184";"2024-09-09 09:18:58"
"2024-09-06";"";"79 660";"15 949";"27 562 226";"2024-09-06 20:29:56"
"2024-09-06";"";"641 592 503";"76 905 447";"27 562 091";"2024-09-06 17:50:39"
"2024-09-07";"Telegram";"33 957 609";"2 097 486";"27 561 369";"2024-09-07 18:15:10"
"2024-09-09";"";"80 416";"7 697";"27 562 002";"2024-09-09 12:33:41"
"2024-09-07";"";"3 692";"26 127";"27 561 315";"2024-09-07 14:59:58"
"2024-09-04";"Yandex";"174 660";"10 856";"27 561 741";"2024-09-04 23:56:55"
"2024-09-09";"";"29 565";"1 089";"27 562 760";"2024-09-09 09:54:06"
"2024-09-05";"";"242 235";"18 140";"27 561 802";"2024-09-06 02:35:23"
"2024-09-02";"";"7 272 244";"399 950";"27 563 409";"2024-09-02 21:54:41"
"2024-09-07";"";"40 681";"23 899";"27 562 527";"2024-09-07 23:20:45"
"2024-09-01";"";"45 437";"20 165";"27 562 863";"2024-09-01 13:22:56"
"2024-09-02";"";"80 043";"223 456";"27 561 689";"2024-09-02 22:19:34"
"2024-09-07";"";"151 116";"24 112";"27 563 316";"2024-09-07 07:28:12"
"2024-09-10";"";"86 228";"16 528";"27 561 239";"2024-09-10 15:36:07"
"2024-09-06";"YouTube";"6 162 728";"375 127";"27 561 607";"2024-09-06 18:15:38"
"2024-09-05";"Instagram";"56 444 148";"1 804 629";"27 562 456";"2024-09-05 12:57:07"
"2024-09-07";"";"380 846";"19 200";"27 561 776";"2024-09-07 17:26:40"
"2024-09-07";"Instagram";"68 560";"20 947";"27 561 916";"2024-09-07 14:47:55"
"2024-09-02";"YouTube";"8 553";"69 142";"27 563 066";"2024-09-02 10:55:56"
"2024-09-05";"Instagram";"407 509";"28 831";"27 563 333";"2024-09-05 23:20:43"
"2024-09-05";"Yandex";"31 065";"22 474";"27 563 232";"2024-09-05 22:19:55"
"2024-09-02";"Instagram";"155 263";"8 346";"27 561 294";"2024-09-02 04:49:16"
"2024-09-07";"";"59 993";"184 588";"27 563 184";"2024-09-08 00:21:45"
"2024-09-08";"";"937 162";"327 667";"27 562 259";"2024-09-08 08:29:48"
"2024-09-10";"";"14 076";"132 663";"27 562 645";"2024-09-10 06:39:27"
"2024-09-07";"";"436 111";"64 846";"27 561 462";"2024-09-07 08:17:29"
"2024-09-02";"";"163 415";"132 994";"27 561 895";"2024-09-02 12:09:24"
"2024-09-10";"";"27 222";"24 962";"27 562 324";"2024-09-10 11:44:41"
"2024-09-07";"YouTube";"28 463";"9 315";"27 562 415";"2024-09-07 05:38:17"
"2024-09-08";"Instagram";"78 717";"3 059";"27 562 899";"2024-09-08 11:56:37"
"2024-09-02";"Tas-ix";"74 511";"5 967";"27 561 470";"2024-09-02 09:18:24"
"2024-09-04";"";"6 190 813";"1 180 804";"27 562 580";"2024-09-04 20:17:36"
"2024-09-02";"Telegram";"2 486 421";"214 410";"27 563 191";"2024-09-02 18:51:08"
"2024-09-08";"";"1 159 277";"65 363";"27 561 172";"2024-09-08 19:40:06"
"2024-09-09";"YouTube";"110 912 107";"4 461 437";"27 563 478";"2024-09-09 03:24:55"
"2024-09-08";"PUBG";"587 437";"25 461";"27 562 898";"2024-09-08 13:58:08"
"2024-09-05";"";"819 866";"118 112";"27 561 630";"2024-09-05 13:58:19"
"2024-09-05";"";"25 758";"8 040";"27 562 083";"2024-09-05 09:18:37"
"2024-09-10";"";"139 179";"57 443";"27 563 147";"2024-09-10 17:02:46"
"2024-09-03";"";"39 140";"2 354";"27 562 917";"2024-09-04 01:34:54"
"2024-09-05";"";"48 276";"22 898";"27 562 674";"2024-09-05 17:14:51"
"2024-09-04";"";"141 197";"62 627";"27 561 643";"2024-09-04 19:04:58"
"2024-09-10";"";"206 539";"27 276";"27 563 084";"2024-09-10 10:55:58"
"2024-09-05";"";"39 373";"2 590";"27 562 894";"2024-09-05 14:23:59"
"2024-09-01";"";"2 132 629";"105 722";"27 563 304";"2024-09-01 18:51:03"
"2024-09-10";"";"42 316";"8 073";"27 563 310";"2024-09-10 16:49:23"
"2024-09-01";"Instagram";"116 218";"10 605";"27 561 721";"2024-09-01 10:43:08"
"2024-09-09";"";"4 537 548";"199 850";"27 562 050";"2024-09-09 17:38:33"
"2024-09-07";"";"1 636 005";"543 571";"27 562 445";"2024-09-07 19:16:15"
"2024-09-06";"Likee";"1 358 385";"95 675";"27 561 893";"2024-09-06 23:20:20"
"2024-09-10";"";"388 148";"93 955";"27 562 014";"2024-09-10 18:03:21"
"2024-09-08";"YouTube";"221 189";"1 899 820";"27 561 706";"2024-09-08 12:09:30"
"2024-09-07";"";"1 797 723";"76 729";"27 561 224";"2024-09-07 07:52:24"
"2024-09-10";"";"46 729";"2 526";"27 563 153";"2024-09-10 10:55:12"
"2024-09-06";"YouTube";"1 665 847";"126 407";"27 562 971";"2024-09-06 09:54:42"
"2024-09-05";"YouTube";"348 395";"52 133";"27 562 663";"2024-09-05 19:28:45"
"2024-09-09";"";"39 598";"38 038";"27 563 193";"2024-09-09 23:56:56"
"2024-09-01";"";"48 308";"40 295";"27 563 231";"2024-09-01 22:43:46"
"2024-09-05";"Facebook";"122 455";"13 480";"27 562 455";"2024-09-06 02:35:39"
"2024-09-02";"Yandex";"832 190";"51 643";"27 563 157";"2024-09-02 12:33:18"
"2024-09-04";"";"32 855";"2 027";"27 562 993";"2024-09-04 13:22:48"
"2024-09-07";"";"282 906";"23 123";"27 563 154";"2024-09-07 08:29:00"
"2024-09-06";"";"88 832";"434 526";"27 562 273";"2024-09-06 17:38:13"
"2024-09-02";"";"266 953";"22 152";"27 562 670";"2024-09-02 04:25:11"
"2024-09-07";"";"272 979";"23 374";"27 561 427";"2024-09-07 04:13:23"
"2024-09-01";"";"35 648";"10 883";"27 563 012";"2024-09-01 22:31:45"
"2024-09-10";"";"38 452";"7 617";"27 562 328";"2024-09-10 16:49:40"
"2024-09-09";"";"8 177";"28 749";"27 562 893";"2024-09-09 17:26:09"
"2024-09-10";"";"257 511";"23 054";"27 563 119";"2024-09-10 08:05:45"
"2024-09-10";"";"111 136";"39 790";"27 562 791";"2024-09-10 17:26:09"
"2024-09-07";"Telegram";"88 029 007";"14 924 507";"27 561 347";"2024-09-07 21:54:55"
"2024-09-05";"";"11 130 121";"287 269";"27 562 572";"2024-09-05 17:50:53"
"2024-09-02";"";"93 757";"581 910";"27 563 186";"2024-09-02 22:07:36"
"2024-09-08";"WhatsApp";"1 756 431";"100 347";"27 563 317";"2024-09-08 21:18:27"
"2024-09-05";"";"70 355";"7 957";"27 563 047";"2024-09-05 03:12:03"
"2024-09-10";"";"98 647";"5 334";"27 562 521";"2024-09-10 16:01:19"
"2024-09-10";"";"2 766 219";"183 556";"27 563 123";"2024-09-10 10:55:37"
"2024-09-06";"";"18 223";"36 937";"27 563 310";"2024-09-06 11:20:11"
"2024-09-01";"";"68 078";"13 208";"27 562 182";"2024-09-02 01:46:32"
"2024-09-01";"";"78 716";"120 282";"27 562 571";"2024-09-01 17:38:09"
"2024-09-08";"";"171 991";"12 812";"27 562 899";"2024-09-08 06:03:48"
"2024-09-07";"Instagram";"341 002";"37 898";"27 561 900";"2024-09-07 15:00:09"
"2024-09-02";"";"878 730";"29 196";"27 563 219";"2024-09-02 09:06:19"
"2024-09-07";"";"108 764";"9 514";"27 562 553";"2024-09-07 09:18:42"
"2024-09-10";"";"295 856";"20 483";"27 561 335";"2024-09-10 22:19:43"
"2024-09-08";"YouTube";"153 828 876";"9 559 942";"27 562 748";"2024-09-08 13:58:28"
"2024-09-10";"";"1 089 617";"101 262";"27 563 485";"2024-09-11 02:59:28"
"2024-09-08";"Instagram";"14 087 366";"783 888";"27 562 850";"2024-09-08 17:14:32"
"2024-09-07";"";"24 884";"61 389";"27 562 255";"2024-09-07 20:53:22"
"2024-09-05";"";"38 651";"8 036";"27 562 591";"2024-09-05 10:07:46"
"2024-09-07";"Yandex Video";"1 819 141";"51 733";"27 563 291";"2024-09-07 05:14:48"
"2024-09-03";"";"6 300";"100 751";"27 563 293";"2024-09-03 14:11:50"
"2024-09-03";"Facebook";"1 514 636";"57 834";"27 563 114";"2024-09-03 17:50:04"
"2024-09-02";"Telegram";"37 246 873";"2 240 040";"27 562 318";"2024-09-02 04:13:09"
"2024-09-01";"";"6 702";"241 254";"27 562 199";"2024-09-01 15:36:19"
"2024-09-05";"";"521 216";"132 817";"27 562 780";"2024-09-05 12:33:00"
"2024-09-01";"WhatsApp";"79 917";"108 991";"27 561 356";"2024-09-01 07:28:29"
"2024-09-08";"";"1 548 610";"65 571";"27 561 908";"2024-09-08 16:01:01"
"2024-09-09";"";"337 127";"21 644";"27 563 430";"2024-09-09 22:31:47"
"2024-09-01";"";"113 726";"164 984";"27 562 560";"2024-09-02 01:10:27"
"2024-09-10";"";"392 275";"140 804";"27 563 122";"2024-09-10 18:39:50"
"2024-09-03";"";"251 768";"23 022";"27 562 812";"2024-09-03 17:50:47"
"2024-09-05";"";"10 666";"26 245";"27 561 844";"2024-09-06 02:11:09"
"2024-09-06";"";"60 181";"81 438";"27 561 692";"2024-09-06 22:19:36"
"2024-09-09";"";"57 167";"17 808";"27 562 708";"2024-09-10 02:35:29"
"2024-09-06";"";"339 632";"17 662";"27 562 287";"2024-09-06 09:54:32"
"2024-09-01";"";"89 796";"40 870";"27 562 654";"2024-09-01 13:46:46"
"2024-09-07";"";"2 138 362";"94 799";"27 561 332";"2024-09-07 12:21:11"
"2024-09-04";"YouTube";"537 478";"24 666";"27 562 107";"2024-09-04 19:04:41"
"2024-09-10";"";"62 948";"6 077";"27 562 520";"2024-09-10 04:25:30"
"2024-09-08";"";"138 600 042";"10 885 314";"27 562 267";"2024-09-08 15:36:13"
"2024-09-07";"";"596 891";"53 026";"27 562 792";"2024-09-08 00:57:19"
"2024-09-02";"Facebook";"5 068 365";"244 685";"27 562 799";"2024-09-02 05:50:30"
"2024-09-06";"";"499 901";"145 898";"27 562 097";"2024-09-06 10:19:37"
"2024-09-01";"YouTube";"7 377";"39 001";"27 563 329";"2024-09-01 13:58:43"
"2024-09-06";"";"172 890";"56 775";"27 563 041";"2024-09-06 12:45:16"
"2024-09-05";"Tas-ix";"2 053 053";"116 127";"27 562 167";"2024-09-05 15:00:31"
"2024-09-10";"Telegram";"21 580 741";"2 912 862";"27 561 922";"2024-09-10 22:43:16"
"2024-09-09";"";"656 747";"114 689";"27 561 286";"2024-09-09 07:16:34"
"2024-09-05";"";"11 222";"43 293";"27 562 354";"2024-09-05 14:35:05"
"2024-09-10";"";"362 812";"13 744";"27 562 505";"2024-09-10 23:56:45"
"2024-09-07";"Telegram";"24 119 172";"8 268 614";"27 562 089";"2024-09-07 05:26:57"
"2024-09-02";"";"185 352";"77 173";"27 562 239";"2024-09-02 16:25:45"
"2024-09-06";"";"833 474";"191 935";"27 562 216";"2024-09-06 12:09:54"
"2024-09-02";"";"905 824";"81 899";"27 562 025";"2024-09-02 06:03:37"
"2024-09-06";"";"185 065";"16 920";"27 561 359";"2024-09-06 04:25:39"
"2024-09-08";"Instagram";"4 598 987";"4 372 016";"27 561 501";"2024-09-08 22:43:10"
"2024-09-08";"";"159 198";"16 719";"27 561 831";"2024-09-09 00:57:19"
"2024-09-07";"Instagram";"72 910 733";"1 953 686";"27 563 445";"2024-09-07 22:19:24"
"2024-09-06";"";"55 892";"31 788";"27 562 535";"2024-09-06 11:20:36"
"2024-09-10";"Facebook";"59 369";"6 273";"27 561 497";"2024-09-10 05:02:56"
"2024-09-02";"";"28 471 991";"1 450 098";"27 561 243";"2024-09-02 20:29:00"
"2024-09-02";"Facebook";"257 722";"23 501";"27 561 866";"2024-09-02 18:03:52"
"2024-09-06";"";"30 053";"3 203";"27 562 537";"2024-09-06 19:16:32"
"2024-09-01";"";"304 309";"24 775";"27 562 089";"2024-09-01 23:44:50"
"2024-09-06";"";"98 063";"4 854";"27 561 326";"2024-09-06 08:17:09"
"2024-09-02";"";"8 397 228";"421 482";"27 561 240";"2024-09-02 09:30:47"
"2024-09-09";"Telegram";"6 425 010";"898 144";"27 562 544";"2024-09-09 13:34:31"
"2024-09-02";"";"180 044";"17 375";"27 561 289";"2024-09-02 22:19:54"
"2024-09-09";"";"941 543";"46 526";"27 561 624";"2024-09-09 16:49:40"
"2024-09-10";"";"240 676";"107 640";"27 562 185";"2024-09-10 07:16:03"
"2024-09-08";"";"580 233";"22 742";"27 561 730";"2024-09-09 02:35:29"
"2024-09-06";"";"64 802";"48 806";"27 561 784";"2024-09-06 19:28:56"
"2024-09-08";"WhatsApp";"6 010";"31 447";"27 561 790";"2024-09-08 20:17:14"
"2024-09-10";"Telegram";"28 414 218";"3 120 012";"27 563 467";"2024-09-10 09:30:42"
"2024-09-10";"Telegram";"1 941 353";"198 984";"27 562 415";"2024-09-10 20:17:43"
"2024-09-04";"YouTube";"197 210";"2 719 486";"27 561 273";"2024-09-04 03:36:06"
"2024-09-09";"Yandex";"391 102";"307 638";"27 561 180";"2024-09-09 07:40:27"
"2024-09-01";"YouTube";"3 581 612";"1 359 114";"27 561 921";"2024-09-01 17:26:27"
"2024-09-09";"";"126 252 719";"4 070 121";"27 562 363";"2024-09-09 11:20:28"
"2024-09-01";"";"27 342";"2 266";"27 562 326";"2024-09-01 19:28:56"
"2024-09-04";"";"57 160";"5 733";"27 562 071";"2024-09-04 16:13:28"
"2024-09-03";"Instagram";"18 288 940";"266 367";"27 561 562";"2024-09-03 22:07:33"
"2024-09-02";"";"34 626";"8 902";"27 563 500";"2024-09-02 19:28:15"
"2024-09-06";"Instagram";"423 520";"104 110";"27 562 022";"2024-09-06 17:50:56"
"2024-09-06";"Unknown";"330 518";"45 770";"27 562 473";"2024-09-06 19:28:42"
"2024-09-03";"Apple Music";"182 248";"15 593";"27 562 754";"2024-09-03 12:21:58"
"2024-09-10";"";"38 723";"65 694";"27 563 326";"2024-09-10 20:17:24"
"2024-09-02";"Facebook";"3 190 474";"1 637 813";"27 562 232";"2024-09-02 18:27:42"
"2024-09-06";"Instagram";"1 144 809";"305 180";"27 562 559";"2024-09-06 08:29:39"
"2024-09-09";"";"466 134";"1 412 923";"27 561 697";"2024-09-09 04:37:10"
"2024-09-05";"";"38 290";"4 864";"27 561 252";"2024-09-05 05:14:11"
"2024-09-03";"";"132 826";"171 571";"27 561 999";"2024-09-03 08:17:43"
"2024-09-10";"YouTube";"3 358 091";"554 395";"27 562 760";"2024-09-10 09:06:04"
"2024-09-09";"Facebook";"115 304";"12 393";"27 563 496";"2024-09-09 20:17:16"
"2024-09-06";"";"301 500";"57 365";"27 563 152";"2024-09-06 20:05:48"
"2024-09-07";"";"59 033";"54 154";"27 562 300";"2024-09-07 06:27:51"
"2024-09-01";"";"2 121 692";"263 076";"27 562 250";"2024-09-01 11:08:27"
"2024-09-03";"YouTube";"4 075 170";"1 736 530";"27 561 234";"2024-09-03 07:40:37"
"2024-09-05";"WhatsApp";"36 520";"6 342";"27 563 112";"2024-09-06 01:22:08"
"2024-09-01";"";"287 626";"7 902";"27 561 417";"2024-09-01 19:28:15"
"2024-09-02";"";"1 040 646";"55 182";"27 561 934";"2024-09-02 15:48:38"
"2024-09-05";"";"61 985";"27 333";"27 563 331";"2024-09-05 17:38:53"
"2024-09-05";"Yandex";"72 362";"8 158";"27 563 080";"2024-09-05 03:00:25"
"2024-09-08";"";"203 378";"18 583";"27 561 838";"2024-09-08 12:21:59"
"2024-09-01";"";"11 252";"70 065";"27 561 220";"2024-09-01 08:17:33"
"2024-09-03";"";"30 738";"5 156";"27 561 365";"2024-09-03 17:14:58"
"2024-09-08";"";"93 507 268";"4 115 651";"27 561 775";"2024-09-08 18:39:29"
"2024-09-04";"Unknown";"151 901";"81 722";"27 563 308";"2024-09-04 10:43:56"
"2024-09-09";"";"113 442";"33 904";"27 563 105";"2024-09-09 13:46:33"
"2024-09-10";"";"354 073";"281 917";"27 562 593";"2024-09-10 17:50:59"
"2024-09-08";"Unknown";"203 873";"46 458";"27 563 458";"2024-09-08 14:11:43"
"2024-09-09";"";"17 141 714";"222 400";"27 563 325";"2024-09-09 21:54:01"
"2024-09-07";"Instagram";"373 023";"18 415";"27 561 759";"2024-09-08 01:58:14"
"2024-09-05";"";"193 402";"61 454";"27 561 207";"2024-09-05 03:36:28"
"2024-09-03";"YouTube";"1 019 607";"359 420";"27 562 051";"2024-09-03 14:47:50"
"2024-09-01";"";"78 837";"7 143";"27 561 429";"2024-09-01 15:00:19"
"2024-09-04";"Instagram";"3 882 669";"94 860";"27 562 612";"2024-09-04 12:09:55"
"2024-09-03";"";"80 941";"17 419";"27 562 364";"2024-09-03 11:20:23"
"2024-09-10";"";"2 968 340";"134 660";"27 561 725";"2024-09-10 19:40:10"
"2024-09-05";"";"29 565";"4 200";"27 562 099";"2024-09-06 00:45:37"
"2024-09-02";"";"12 620";"658 535";"27 561 633";"2024-09-02 22:55:51"
"2024-09-09";"";"85 994";"24 896";"27 561 384";"2024-09-09 13:10:28"
"2024-09-08";"";"91 163";"11 436";"27 562 560";"2024-09-09 02:59:05"
"2024-09-05";"Apple Music";"402 100";"62 484";"27 562 415";"2024-09-05 19:04:25"
"2024-09-09";"";"33 029";"1 928";"27 562 800";"2024-09-09 16:37:49"
"2024-09-06";"Instagram";"7 048 213";"241 635";"27 561 312";"2024-09-06 19:28:58"
"2024-09-07";"Instagram";"104 972 982";"4 338 983";"27 562 711";"2024-09-07 08:05:39"
"2024-09-03";"";"269 489";"32 218";"27 562 156";"2024-09-03 06:27:17"
"2024-09-03";"";"66 074";"6 287";"27 561 338";"2024-09-03 04:01:03"
"2024-09-07";"";"1 693 104";"27 371";"27 561 372";"2024-09-07 14:35:44"
"2024-09-04";"";"121 209";"7 918";"27 563 129";"2024-09-04 10:07:31"
"2024-09-03";"";"367 978";"20 367";"27 561 201";"2024-09-03 04:25:43"
"2024-09-05";"";"524 946";"47 252";"27 561 547";"2024-09-05 17:38:21"
"2024-09-08";"";"225 743";"47 986";"27 562 737";"2024-09-08 12:09:37"
"2024-09-02";"Instagram";"324 703";"23 015";"27 561 441";"2024-09-02 09:18:57"
"2024-09-10";"";"193 114";"7 278";"27 561 384";"2024-09-10 19:52:23"
"2024-09-01";"YouTube";"3 511 477";"1 465 085";"27 561 216";"2024-09-01 21:42:25"
"2024-09-08";"";"38 419 636";"1 011 768";"27 562 360";"2024-09-08 07:04:54"
"2024-09-05";"";"127 697";"17 417";"27 562 679";"2024-09-05 13:34:11"
"2024-09-08";"";"87 643";"4 687";"27 562 192";"2024-09-08 05:50:23"
"2024-09-08";"";"604 506";"36 075";"27 562 559";"2024-09-09 00:21:45"
"2024-09-03";"";"102 703";"278 363";"27 561 448";"2024-09-03 21:06:30"
"2024-09-01";"";"127 575";"98 897";"27 561 437";"2024-09-01 11:32:44"
"2024-09-10";"";"587 438";"215 270";"27 563 148";"2024-09-10 07:28:47"
"2024-09-07";"";"128 774";"145 525";"27 562 722";"2024-09-07 06:39:42"
"2024-09-09";"Facebook";"219 576";"21 191";"27 562 505";"2024-09-10 02:47:07"
"2024-09-03";"YouTube";"1 109 501";"432 972";"27 563 369";"2024-09-03 20:53:04"
"2024-09-02";"";"476 271";"27 984";"27 562 226";"2024-09-02 18:15:02"
"2024-09-04";"";"157 920";"28 954";"27 562 941";"2024-09-04 13:34:08"
"2024-09-06";"";"1 320 855";"89 043";"27 562 644";"2024-09-06 21:18:58"
"2024-09-03";"";"36 304";"20 847";"27 563 023";"2024-09-03 10:31:31"
"2024-09-07";"";"3 586 280";"483 791";"27 563 166";"2024-09-07 10:31:20"
"2024-09-03";"";"98 198";"4 579";"27 563 363";"2024-09-03 12:57:07"
"2024-09-03";"";"278 981";"41 512";"27 561 876";"2024-09-04 00:33:24"
"2024-09-01";"Facebook";"5 496 895";"77 683";"27 561 270";"2024-09-01 05:38:05"
"2024-09-08";"";"89 176";"7 957";"27 563 445";"2024-09-08 08:53:11"
"2024-09-01";"YouTube";"325 254";"27 412";"27 561 498";"2024-09-01 13:46:46"
"2024-09-09";"";"95 507";"4 950";"27 563 094";"2024-09-09 20:17:44"
"2024-09-02";"";"14 911";"77 262";"27 561 249";"2024-09-02 16:13:21"
"2024-09-02";"";"46 807";"3 614";"27 561 845";"2024-09-03 00:21:24"
"2024-09-03";"";"151 979";"60 126";"27 562 700";"2024-09-03 20:05:21"
"2024-09-07";"Instagram";"6 662 160";"1 174 661";"27 562 474";"2024-09-07 08:41:08"
"2024-09-01";"PUBG";"266 213";"16 135";"27 562 919";"2024-09-01 15:48:03"
"2024-09-06";"Unknown";"27 166";"4 689";"27 563 344";"2024-09-06 10:55:18"
"2024-09-04";"YouTube";"400 575";"80 907";"27 561 794";"2024-09-04 21:42:14"
"2024-09-05";"Telegram";"45 713 096";"1 925 275";"27 561 185";"2024-09-05 06:51:43"
"2024-09-02";"Facebook";"1 745 787";"48 374";"27 561 815";"2024-09-02 20:41:01"
"2024-09-01";"";"368 056";"69 219";"27 562 651";"2024-09-01 22:55:52"
"2024-09-05";"";"175 315";"14 017";"27 562 393";"2024-09-05 23:32:33"
"2024-09-04";"";"25 845";"2 171";"27 561 884";"2024-09-04 11:56:40"
"2024-09-05";"";"26 423";"3 625";"27 563 308";"2024-09-05 03:48:00"
"2024-09-07";"";"811 423";"89 193";"27 563 269";"2024-09-07 19:16:06"
"2024-09-02";"";"38 720";"3 638";"27 561 463";"2024-09-03 01:58:03"
"2024-09-09";"";"93 064";"62 756";"27 561 177";"2024-09-09 15:00:58"
"2024-09-07";"";"345 758";"15 994";"27 563 384";"2024-09-07 03:12:17"
"2024-09-01";"WhatsApp";"15 919 553";"45 065 912";"27 562 139";"2024-09-01 04:25:14"
"2024-09-05";"Facebook";"721 961";"324 537";"27 563 424";"2024-09-05 05:38:24"
"2024-09-06";"Facebook";"91 403";"7 636";"27 561 520";"2024-09-06 18:39:30"
"2024-09-02";"";"565 330";"32 232";"27 561 884";"2024-09-02 13:22:35"
"2024-09-08";"";"392 303";"19 518";"27 561 828";"2024-09-08 08:41:38"
"2024-09-01";"";"122 433 787";"7 101 177";"27 561 874";"2024-09-01 07:04:09"
"2024-09-03";"";"339 837";"45 444";"27 562 659";"2024-09-03 12:21:12"
"2024-09-04";"";"289 309";"15 100";"27 562 438";"2024-09-04 20:29:44"
"2024-09-04";"";"258 923";"17 038";"27 562 072";"2024-09-04 12:21:59"
"2024-09-08";"";"104 562";"58 533";"27 562 922";"2024-09-08 18:15:10"
"2024-09-05";"";"165 787";"505 797";"27 561 715";"2024-09-05 19:04:55"
"2024-09-03";"Telegram";"8 114 738";"819 464";"27 563 260";"2024-09-03 13:22:02"
"2024-09-08";"";"13 150 474";"517 014";"27 563 414";"2024-09-08 19:28:54"
"2024-09-02";"";"29 111";"3 295";"27 561 818";"2024-09-02 09:06:24"
"2024-09-07";"";"107 872 749";"73 211 879";"27 561 608";"2024-09-07 23:08:46"
"2024-09-06";"";"103 543";"8 373";"27 563 147";"2024-09-06 07:16:39"
"2024-09-04";"";"873 160";"130 736";"27 563 114";"2024-09-04 03:36:18"
"2024-09-03";"";"229 383";"12 341";"27 562 243";"2024-09-03 23:44:17"
"2024-09-02";"";"33 892";"2 918";"27 562 479";"2024-09-02 21:30:08"
"2024-09-07";"";"614 009";"37 585";"27 563 121";"2024-09-07 21:54:35"
"2024-09-08";"";"41 755";"10 293";"27 561 502";"2024-09-08 19:28:40"
"2024-09-01";"";"818 887";"30 060";"27 563 497";"2024-09-01 22:07:29"
"2024-09-03";"";"817 526";"18 829";"27 563 173";"2024-09-03 06:15:23"
"2024-09-08";"";"293 260";"11 960";"27 562 442";"2024-09-08 15:00:52"
"2024-09-02";"Facebook";"31 443";"1 757";"27 561 775";"2024-09-02 11:20:32"
"2024-09-04";"";"28 031";"13 828";"27 561 555";"2024-09-04 06:39:58"
"2024-09-01";"Yandex";"57 199";"29 451";"27 563 357";"2024-09-01 13:10:26"
"2024-09-01";"";"383 155";"69 206";"27 562 595";"2024-09-01 12:21:23"
"2024-09-08";"";"43 012";"11 259";"27 563 128";"2024-09-08 10:31:02"
"2024-09-03";"Facebook";"401 452";"21 420";"27 562 048";"2024-09-03 19:52:28"
"2024-09-07";"Instagram";"680 625";"109 085";"27 563 029";"2024-09-07 17:50:37"
"2024-09-07";"";"28 094";"2 424";"27 562 304";"2024-09-07 17:38:05"
"2024-09-05";"";"216 815";"8 852";"27 561 921";"2024-09-05 22:07:36"
"2024-09-03";"";"16 963 549";"2 838 024";"27 562 283";"2024-09-03 16:13:15"
"2024-09-09";"";"18 174";"26 347";"27 562 965";"2024-09-09 04:01:25"
"2024-09-02";"";"52 141";"98 695";"27 562 075";"2024-09-02 23:56:08"
"2024-09-07";"";"270 568";"75 689";"27 563 244";"2024-09-07 12:57:42"
"2024-09-06";"";"37 474";"5 500";"27 562 921";"2024-09-06 17:14:09"
"2024-09-03";"Facebook";"229 695";"91 521";"27 561 906";"2024-09-03 03:36:32"
"2024-09-04";"";"83 577 170";"3 409 620";"27 561 424";"2024-09-04 17:50:47"
"2024-09-01";"";"105 632";"10 851";"27 562 438";"2024-09-01 14:23:24"
"2024-09-01";"YouTube";"1 254 470";"712 829";"27 563 472";"2024-09-01 22:19:52"
"2024-09-04";"";"33 362";"3 283";"27 562 895";"2024-09-05 00:45:06"
"2024-09-02";"Instagram";"3 152 621";"565 983";"27 563 500";"2024-09-02 23:44:46"
"2024-09-09";"";"207 165";"12 501";"27 561 908";"2024-09-09 21:06:36"
"2024-09-07";"";"40 851";"48 867";"27 561 788";"2024-09-07 09:18:57"
"2024-09-01";"Instagram";"44 407";"3 170";"27 562 759";"2024-09-01 12:57:55"
"2024-09-08";"YouTube";"312 139 115";"22 788 798";"27 561 230";"2024-09-08 20:53:19"
"2024-09-06";"Telegram";"173 432";"20 525";"27 562 377";"2024-09-06 16:37:19"
"2024-09-09";"";"126 190";"35 998";"27 562 717";"2024-09-09 23:08:01"
"2024-09-09";"";"369 249";"27 903";"27 562 643";"2024-09-09 03:12:11"
"2024-09-09";"YouTube";"1 494 042";"590 088";"27 562 234";"2024-09-09 21:30:21"
"2024-09-04";"";"2 276 529";"120 111";"27 562 838";"2024-09-04 03:00:26"
"2024-09-08";"";"81 122";"29 098";"27 561 454";"2024-09-08 15:00:22"
"2024-09-02";"";"723 075";"65 095";"27 561 818";"2024-09-02 13:10:21"
"2024-09-05";"";"175 654";"32 839";"27 563 128";"2024-09-05 08:53:44"
"2024-09-09";"";"1 520 105";"4 881 449";"27 562 720";"2024-09-09 13:34:55"
"2024-09-03";"";"286 529";"460 663";"27 563 410";"2024-09-03 03:12:31"
"2024-09-03";"";"122 882";"26 298";"27 563 101";"2024-09-03 23:20:51"
"2024-09-09";"";"569 341";"186 272";"27 561 213";"2024-09-10 00:33:56"
"2024-09-05";"YouTube";"36 902 888";"1 925 268";"27 563 463";"2024-09-05 23:56:21"
"2024-09-03";"Telegram";"16 197 895";"1 894 657";"27 562 938";"2024-09-03 11:32:25"
"2024-09-05";"Telegram";"9 648 411";"506 113";"27 562 267";"2024-09-05 07:04:25"
"2024-09-03";"";"120 276";"11 352";"27 563 216";"2024-09-03 15:48:56"
"2024-09-10";"";"2 281 203";"140 578";"27 562 806";"2024-09-10 16:01:37"
"2024-09-01";"";"1 483 768";"38 974";"27 562 578";"2024-09-01 17:02:47"
"2024-09-05";"Telegram";"86 298 427";"4 491 245";"27 561 670";"2024-09-05 03:12:36"
"2024-09-04";"Instagram";"13 984 553";"780 797";"27 562 599";"2024-09-05 01:10:53"
"2024-09-09";"";"28 608";"2 589";"27 563 326";"2024-09-10 00:57:11"
"2024-09-04";"";"36 114";"2 092";"27 562 105";"2024-09-05 01:46:22"
"2024-09-05";"";"83 047";"4 248";"27 562 840";"2024-09-05 10:55:32"
"2024-09-03";"";"153 129";"14 012";"27 562 489";"2024-09-03 08:41:51"
"2024-09-04";"PUBG";"2 433 869";"93 484";"27 563 379";"2024-09-04 12:33:13"
"2024-09-02";"YouTube";"87 910";"16 362";"27 563 356";"2024-09-02 19:52:22"
"2024-09-01";"YouTube";"87 635";"17 816";"27 562 222";"2024-09-01 22:31:34"
"2024-09-07";"";"1 138 175";"2 164 371";"27 563 453";"2024-09-07 05:26:25"
"2024-09-02";"";"1 955 434";"496 533";"27 563 087";"2024-09-02 10:07:39"
"2024-09-06";"Telegram";"167 154";"17 581";"27 561 337";"2024-09-06 10:55:47"
"2024-09-07";"";"164 304";"358 230";"27 562 521";"2024-09-07 09:54:05"
"2024-09-09";"";"27 400";"9 603";"27 563 154";"2024-09-09 22:43:10"
"2024-09-06";"";"1 536 628";"69 738";"27 562 172";"2024-09-07 01:46:43"
"2024-09-09";"Facebook";"32 531";"3 988";"27 562 377";"2024-09-09 18:39:05"
"2024-09-06";"";"4 359";"50 427";"27 561 737";"2024-09-06 21:06:07"
"2024-09-05";"YouTube";"7 493 277";"437 472";"27 561 413";"2024-09-06 00:09:47"
"2024-09-05";"";"145 603 466";"8 455 908";"27 562 985";"2024-09-05 17:14:33"
"2024-09-04";"";"157 618";"28 251";"27 561 785";"2024-09-04 16:49:58"
"2024-09-05";"";"142 828";"7 356";"27 562 264";"2024-09-05 19:04:01"
"2024-09-03";"Facebook";"1 433 112";"42 777";"27 562 868";"2024-09-03 12:09:58"
"2024-09-09";"";"1 782 263";"116 177";"27 562 291";"2024-09-09 19:40:24"
"2024-09-01";"";"29 703";"8 345";"27 561 502";"2024-09-01 11:08:20"
"2024-09-09";"YouTube";"4 833 215";"257 369";"27 561 624";"2024-09-09 19:04:25"
"2024-09-03";"Telegram";"636 217";"57 915";"27 563 158";"2024-09-03 07:52:41"
"2024-09-05";"";"87 286";"74 544";"27 563 087";"2024-09-06 01:10:58"
"2024-09-04";"";"32 280";"13 604";"27 562 812";"2024-09-04 23:44:38"
"2024-09-01";"YouTube";"139 575";"15 676";"27 561 312";"2024-09-01 22:31:52"
"2024-09-02";"YouTube";"15 413 019";"1 034 066";"27 562 100";"2024-09-02 08:05:10"
"2024-09-08";"Instagram";"5 236 229";"264 728";"27 562 951";"2024-09-08 16:37:49"
"2024-09-10";"";"28 402";"55 575";"27 561 993";"2024-09-10 04:37:59"
"2024-09-03";"Telegram";"67 527 748";"3 671 861";"27 563 403";"2024-09-03 12:09:36"
"2024-09-03";"";"635 006";"95 293";"27 562 838";"2024-09-03 06:39:42"
"2024-09-10";"Telegram";"1 117 902";"75 085";"27 562 487";"2024-09-10 22:07:49"
"2024-09-03";"";"140 541";"19 154";"27 562 451";"2024-09-04 02:35:36"
"2024-09-03";"";"25 585 941";"1 235 703";"27 562 872";"2024-09-03 15:24:16"
"2024-09-02";"";"1 327 356";"137 125";"27 561 220";"2024-09-02 04:01:04"
"2024-09-05";"";"171 088";"19 937";"27 563 263";"2024-09-05 12:45:50"
"2024-09-01";"";"32 597";"2 919";"27 561 666";"2024-09-01 23:56:55"
"2024-09-09";"";"136 347";"18 144";"27 562 355";"2024-09-09 06:51:44"
"2024-09-07";"";"30 552";"3 272";"27 561 570";"2024-09-07 11:44:38"
"2024-09-01";"";"32 885";"2 516";"27 562 466";"2024-09-01 04:01:54"
"2024-09-01";"";"62 766";"7 695";"27 561 262";"2024-09-02 00:21:44"
"2024-09-01";"";"178 356";"14 184";"27 563 291";"2024-09-01 15:00:05"
"2024-09-05";"Instagram";"24 572";"82 861";"27 561 792";"2024-09-05 12:33:54"
"2024-09-08";"TikTok";"9 330";"508 282";"27 562 294";"2024-09-08 07:52:16"
"2024-09-07";"";"344 401";"23 779";"27 561 587";"2024-09-07 23:20:21"
"2024-09-01";"Facebook";"135 828";"13 596";"27 561 180";"2024-09-01 03:24:54"
"2024-09-04";"Facebook";"950 544";"430 695";"27 562 326";"2024-09-04 18:39:12"
"2024-09-09";"";"29 742";"2 493";"27 563 397";"2024-09-09 06:15:22"
"2024-09-06";"Facebook";"2 008 156";"203 971";"27 562 490";"2024-09-07 02:47:41"
"2024-09-06";"";"85 165";"9 216";"27 562 982";"2024-09-06 16:01:43"
"2024-09-05";"";"235 153";"44 329";"27 563 308";"2024-09-05 05:02:34"
"2024-09-06";"";"125 386";"27 370";"27 561 181";"2024-09-06 23:56:27"
"2024-09-07";"YouTube";"330 807";"178 186";"27 563 041";"2024-09-07 04:13:49"
"2024-09-10";"";"733 934";"2 002 893";"27 562 804";"2024-09-10 14:47:08"
"2024-09-02";"";"128 027";"13 190";"27 562 559";"2024-09-02 04:37:32"
"2024-09-02";"Instagram";"641 433";"29 196";"27 563 307";"2024-09-03 00:09:46"
"2024-09-02";"Facebook";"1 468 799";"83 283";"27 561 828";"2024-09-02 05:02:40"
"2024-09-08";"Instagram";"6 104 121";"960 489";"27 563 225";"2024-09-08 21:30:26"
"2024-09-07";"";"1 144 404";"129 135";"27 561 988";"2024-09-07 06:39:15"
"2024-09-06";"";"25 791";"4 214";"27 563 006";"2024-09-06 08:05:00"
"2024-09-09";"";"27 686";"9 393";"27 561 669";"2024-09-10 02:59:10"
"2024-09-05";"WhatsApp";"54 547";"22 601";"27 562 766";"2024-09-05 15:48:51"
"2024-09-02";"";"32 628";"81 880";"27 562 800";"2024-09-02 07:28:05"
"2024-09-02";"Yandex";"110 708";"119 854";"27 562 572";"2024-09-02 21:42:25"
"2024-09-10";"";"764 314";"50 731";"27 563 404";"2024-09-10 08:05:50"
"2024-09-10";"YouTube";"476 794";"4 684 231";"27 561 192";"2024-09-10 20:05:10"
"2024-09-08";"";"62 171";"41 354";"27 562 015";"2024-09-08 16:25:15"
"2024-09-08";"Apple Music";"27 859";"8 933";"27 563 110";"2024-09-08 03:12:07"
"2024-09-03";"";"104 564";"69 732";"27 561 982";"2024-09-03 11:56:02"
"2024-09-03";"";"105 764";"14 079";"27 561 815";"2024-09-03 14:23:58"
"2024-09-05";"";"43 654";"16 878";"27 563 103";"2024-09-05 07:52:05"
"2024-09-09";"";"1 945 268";"67 229";"27 561 460";"2024-09-09 04:37:24"
"2024-09-07";"Telegram";"2 139 260";"155 138";"27 563 404";"2024-09-08 01:58:23"
"2024-09-03";"";"1 203 738";"34 231";"27 562 156";"2024-09-03 04:49:19"
"2024-09-05";"Telegram";"274 537 077";"62 627 268";"27 561 775";"2024-09-05 12:45:03"
"2024-09-10";"";"580";"26 311";"27 563 485";"2024-09-10 14:11:28"
"2024-09-04";"Instagram";"1 124 644";"95 144";"27 562 437";"2024-09-04 15:48:17"
"2024-09-05";"";"91 503";"62 456";"27 561 950";"2024-09-06 02:59:39"
"2024-09-03";"";"2 071 936";"371 507";"27 563 507";"2024-09-03 06:03:14"
"2024-09-03";"";"69 509";"71 420";"27 562 516";"2024-09-03 04:49:29"
"2024-09-07";"";"735 509";"312 601";"27 562 894";"2024-09-07 09:30:41"
"2024-09-02";"";"56 283";"28 544";"27 561 725";"2024-09-02 14:47:08"
"2024-09-05";"";"111 372";"11 035";"27 561 461";"2024-09-05 10:07:24"
"2024-09-04";"";"18 514";"30 433";"27 561 201";"2024-09-04 14:47:09"
"2024-09-06";"";"118 067";"23 424";"27 563 065";"2024-09-06 14:11:34"
"2024-09-07";"Odnoklassniki";"1 157 350";"518 102";"27 561 402";"2024-09-07 15:12:14"
"2024-09-10";"Telegram";"25 335 638";"1 298 388";"27 562 015";"2024-09-10 05:26:00"
"2024-09-01";"Yandex";"20 434";"50 596";"27 562 613";"2024-09-01 17:50:50"
"2024-09-07";"";"88 526";"5 784";"27 562 710";"2024-09-07 17:50:43"
"2024-09-06";"";"59 438 490";"2 661 717";"27 561 224";"2024-09-06 18:27:02"
"2024-09-06";"";"798 664";"22 874";"27 561 760";"2024-09-06 21:18:55"
"2024-09-05";"";"65 385";"5 690";"27 561 884";"2024-09-05 14:35:50"
"2024-09-08";"";"225 933";"11 475";"27 563 432";"2024-09-08 03:48:34"
"2024-09-08";"";"76 557";"12 770";"27 562 374";"2024-09-09 02:47:53"
"2024-09-10";"";"179 592";"26 386";"27 562 539";"2024-09-10 13:58:19"
"2024-09-07";"Facebook";"13 565 478";"241 004";"27 562 698";"2024-09-07 05:02:04"
"2024-09-09";"";"109 353";"8 171";"27 563 212";"2024-09-09 23:44:35"
"2024-09-03";"";"625 858";"1 629 118";"27 562 398";"2024-09-03 11:56:49"
"2024-09-10";"";"618 232";"737 133";"27 562 653";"2024-09-10 16:25:53"
"2024-09-05";"";"33 462";"14 801";"27 562 615";"2024-09-06 02:23:02"
"2024-09-05";"Facebook";"65 187";"6 419";"27 563 016";"2024-09-05 17:26:56"
"2024-09-01";"";"117 594";"72 999";"27 561 753";"2024-09-01 12:33:45"
"2024-09-07";"";"13 188";"585 481";"27 563 029";"2024-09-07 16:49:46"
"2024-09-01";"YouTube";"295 160";"14 604";"27 562 337";"2024-09-01 23:44:37"
"2024-09-04";"";"117 062 294";"5 251 356";"27 561 762";"2024-09-04 05:50:36"
"2024-09-02";"";"684 068";"46 211";"27 563 113";"2024-09-02 10:19:42"
"2024-09-10";"";"1 348 387";"308 845";"27 561 638";"2024-09-10 11:32:12"
"2024-09-05";"Facebook";"154 624 673";"9 405 576";"27 563 156";"2024-09-05 20:29:22"
"2024-09-06";"";"38 282";"4 781";"27 562 025";"2024-09-06 10:43:10"
"2024-09-04";"";"115 543";"12 639";"27 561 335";"2024-09-05 01:22:21"
"2024-09-04";"YouTube";"27 285";"7 376";"27 562 842";"2024-09-04 08:41:46"
"2024-09-04";"";"154 316";"19 412";"27 562 733";"2024-09-04 19:28:57"
"2024-09-07";"";"112 689";"20 391";"27 562 197";"2024-09-07 03:00:10"
"2024-09-05";"";"191 385";"281 371";"27 562 364";"2024-09-05 07:16:47"
"2024-09-08";"";"1 177 114";"62 022";"27 562 069";"2024-09-08 19:16:31"
"2024-09-05";"Telegram";"64 825 602";"4 580 058";"27 561 545";"2024-09-05 15:00:36"
"2024-09-05";"";"224 815";"287 192";"27 562 541";"2024-09-05 18:27:20"
"2024-09-04";"TikTok";"201 422";"1 310 846";"27 562 259";"2024-09-04 07:28:02"
"2024-09-10";"Instagram";"73 688";"9 391";"27 561 396";"2024-09-10 18:39:50"
"2024-09-06";"YouTube";"110 871";"96 473";"27 562 257";"2024-09-06 11:44:33"
"2024-09-04";"Odnoklassniki";"27 813";"3 499";"27 562 098";"2024-09-04 19:52:13"
"2024-09-01";"";"7 532";"53 820";"27 562 941";"2024-09-01 11:32:13"
"2024-09-01";"Yandex Video";"1 125 586";"29 570";"27 561 815";"2024-09-01 15:36:31"
"2024-09-10";"YouTube";"2 335 566";"199 527";"27 562 667";"2024-09-11 00:33:30"
"2024-09-02";"";"1 353 226";"297 710";"27 561 828";"2024-09-02 03:36:09"
"2024-09-05";"";"176 662";"75 531";"27 563 171";"2024-09-05 04:13:01"
"2024-09-04";"Instagram";"10 902 605";"1 590 875";"27 561 497";"2024-09-04 19:40:14"
"2024-09-06";"";"188 580";"451 584";"27 563 414";"2024-09-06 15:24:41"
"2024-09-05";"";"2 468";"34 081";"27 562 982";"2024-09-06 00:09:05"
"2024-09-10";"Instagram";"14 864 295";"370 509";"27 562 595";"2024-09-10 15:24:08"
"2024-09-09";"";"39 968";"25 282";"27 562 264";"2024-09-09 21:30:52"
"2024-09-04";"";"1 163 140";"109 361";"27 563 213";"2024-09-05 00:21:05"
"2024-09-02";"Instagram";"8 479 583";"333 672";"27 563 099";"2024-09-03 02:35:52"
"2024-09-06";"";"1 033 842";"54 374";"27 562 784";"2024-09-06 11:56:22"
"2024-09-05";"Telegram";"199 270 726";"10 254 973";"27 561 243";"2024-09-05 14:59:56"
"2024-09-04";"Instagram";"51 745 156";"1 205 075";"27 562 021";"2024-09-04 18:51:02"
"2024-09-10";"";"32 602";"2 066";"27 563 052";"2024-09-10 15:48:46"
"2024-09-08";"Instagram";"1 262 764";"25 788";"27 563 367";"2024-09-08 19:52:45"
"2024-09-05";"";"64 377";"3 316";"27 563 207";"2024-09-05 16:13:16"
"2024-09-06";"";"21 938 825";"612 086";"27 562 520";"2024-09-06 10:31:29"
"2024-09-02";"";"74 006";"3 416";"27 562 841";"2024-09-03 01:22:54"
"2024-09-05";"";"196 317";"38 527";"27 561 216";"2024-09-05 07:04:08"
"2024-09-03";"";"31 566";"3 496";"27 561 967";"2024-09-04 01:22:50"
"2024-09-10";"";"171 707";"367 624";"27 561 201";"2024-09-10 06:51:53"
"2024-09-08";"";"29 449";"15 584";"27 561 862";"2024-09-08 12:33:30"
"2024-09-01";"VKontakte";"139 370";"85 309";"27 562 292";"2024-09-01 18:39:26"
"2024-09-04";"";"30 016";"28 214";"27 563 290";"2024-09-04 09:30:42"
"2024-09-08";"YouTube";"1 325 705";"93 902";"27 561 499";"2024-09-08 10:07:36"
"2024-09-04";"";"65 751";"23 272";"27 562 803";"2024-09-04 10:43:50"
"2024-09-09";"";"1 780 903";"86 251";"27 563 191";"2024-09-09 05:14:11"
"2024-09-04";"";"264 695";"17 804";"27 562 495";"2024-09-04 22:19:04"
"2024-09-03";"Unknown";"650 318";"94 086";"27 561 173";"2024-09-03 23:44:04"
"2024-09-05";"Odnoklassniki";"1 451 435";"111 699";"27 561 301";"2024-09-05 17:14:31"
"2024-09-07";"";"4 753 286";"202 082";"27 562 698";"2024-09-07 19:28:53"
"2024-09-05";"Facebook";"178 453";"79 256";"27 563 408";"2024-09-06 00:09:57"
"2024-09-08";"";"19 897 225";"2 868 436";"27 562 663";"2024-09-08 08:41:16"
"2024-09-06";"WhatsApp";"1 381 973";"56 636";"27 563 199";"2024-09-06 04:49:46"
"2024-09-03";"";"63 815";"111 501";"27 563 245";"2024-09-03 23:56:13"
"2024-09-05";"";"318 826";"35 263";"27 562 199";"2024-09-05 20:29:00"
"2024-09-09";"Instagram";"1 148 344";"182 319";"27 561 845";"2024-09-09 10:43:46"
"2024-09-08";"";"179 759";"112 517";"27 561 634";"2024-09-08 07:16:42"
"2024-09-03";"";"2 356 371";"96 701";"27 563 058";"2024-09-03 11:32:50"
"2024-09-08";"YouTube";"1 753 115";"749 150";"27 561 951";"2024-09-08 04:25:02"
"2024-09-07";"";"13 335 405";"539 468";"27 563 290";"2024-09-07 20:53:28"
"2024-09-01";"";"7 820";"102 572";"27 561 225";"2024-09-01 19:52:23"
"2024-09-05";"";"5 193 212";"120 458";"27 563 335";"2024-09-06 01:10:36"
"2024-09-05";"";"22 210";"50 340";"27 562 675";"2024-09-06 01:10:05"
"2024-09-03";"";"93 239";"7 571";"27 562 659";"2024-09-03 13:10:48"
"2024-09-04";"";"12 107 012";"1 871 796";"27 561 693";"2024-09-04 11:08:48"
"2024-09-06";"";"38 723";"21 425";"27 562 069";"2024-09-06 07:28:01"
"2024-09-09";"";"79 898";"5 931";"27 562 971";"2024-09-09 08:29:18"
"2024-09-01";"";"40 208";"3 482";"27 562 812";"2024-09-01 13:10:16"
"2024-09-05";"Instagram";"1 278 249";"136 668";"27 562 966";"2024-09-06 00:57:49"
"2024-09-07";"Instagram";"328 588";"23 630";"27 563 047";"2024-09-07 21:18:42"
"2024-09-09";"";"104 168";"365 841";"27 562 022";"2024-09-09 20:29:20"
"2024-09-10";"";"470 833";"22 324";"27 562 004";"2024-09-10 08:17:11"
"2024-09-07";"Yandex";"1 115 706";"101 166";"27 561 722";"2024-09-07 03:12:48"
"2024-09-08";"";"667 051";"132 095";"27 561 388";"2024-09-08 21:06:11"
"2024-09-07";"Unknown";"203 412";"22 608";"27 562 992";"2024-09-07 15:00:40"
"2024-09-06";"";"824 444";"14 299";"27 561 698";"2024-09-06 18:03:47"
"2024-09-08";"";"11 393";"40 211";"27 562 628";"2024-09-08 07:04:36"
"2024-09-03";"";"73 618";"6 167";"27 563 080";"2024-09-03 12:45:17"
"2024-09-05";"";"47 656";"3 044";"27 562 615";"2024-09-05 15:00:27"
"2024-09-08";"";"270 408";"154 450";"27 563 083";"2024-09-08 13:58:48"
"2024-09-08";"Instagram";"10 906 361";"21 624 686";"27 561 924";"2024-09-08 10:07:50"
"2024-09-03";"Facebook";"67 198 380";"3 271 518";"27 561 884";"2024-09-03 21:18:58"
"2024-09-03";"";"139 703";"11 938";"27 563 231";"2024-09-03 12:21:16"
"2024-09-01";"";"150 428";"18 032";"27 561 950";"2024-09-01 07:40:04"
"2024-09-05";"";"287 990";"30 116";"27 562 291";"2024-09-05 13:46:01"
"2024-09-07";"Facebook";"3 631 696";"337 912";"27 562 203";"2024-09-07 11:08:36"
"2024-09-08";"";"2 372 692";"107 561";"27 562 470";"2024-09-09 00:33:22"
"2024-09-07";"";"56 716";"2 218";"27 561 384";"2024-09-07 17:14:49"
"2024-09-03";"Facebook";"174 063";"124 339";"27 561 373";"2024-09-03 13:22:44"
"2024-09-07";"YouTube";"486 098 635";"31 003 632";"27 562 799";"2024-09-07 22:07:42"
"2024-09-04";"Yandex";"58 692";"50 092";"27 563 023";"2024-09-04 19:04:07"
"2024-09-01";"";"2 186 872";"121 181";"27 563 496";"2024-09-02 00:33:40"
"2024-09-06";"Facebook";"41 986";"9 659";"27 562 174";"2024-09-07 00:45:36"
"2024-09-05";"";"165 602";"12 416";"27 561 965";"2024-09-05 13:58:40"
"2024-09-03";"TikTok";"5 209";"31 102";"27 561 474";"2024-09-04 02:11:03"
"2024-09-02";"";"274 683";"69 349";"27 561 906";"2024-09-02 19:52:20"
"2024-09-06";"Instagram";"740 949";"57 769";"27 562 578";"2024-09-07 01:58:07"
"2024-09-10";"";"130 689";"593 803";"27 562 458";"2024-09-10 07:52:44"
"2024-09-10";"";"91 290";"70 883";"27 561 922";"2024-09-10 08:53:01"
"2024-09-01";"Unknown";"769 078";"139 582";"27 563 106";"2024-09-01 23:20:26"
"2024-09-03";"";"135 486";"128 933";"27 562 255";"2024-09-03 14:59:04"
"2024-09-04";"YouTube";"196 612";"733 734";"27 561 714";"2024-09-04 13:46:03"
"2024-09-04";"";"295 679";"34 408";"27 562 454";"2024-09-04 18:27:00"
"2024-09-05";"";"88 000";"84 281";"27 562 915";"2024-09-05 12:21:42"
"2024-09-08";"";"329 035";"24 641";"27 562 700";"2024-09-08 15:36:56"
"2024-09-09";"";"34 352";"12 145";"27 561 390";"2024-09-09 12:57:44"
"2024-09-05";"";"27 036";"1 940";"27 562 280";"2024-09-05 11:56:49"
"2024-09-10";"Instagram";"107 967 995";"1 095 369";"27 561 418";"2024-09-10 23:44:13"
"2024-09-05";"";"132 791";"10 133";"27 563 467";"2024-09-05 07:04:49"
"2024-09-05";"";"39 304";"1 969";"27 562 314";"2024-09-05 20:53:52"
"2024-09-01";"Unknown";"1 135 626";"203 261";"27 562 039";"2024-09-02 02:47:08"
"2024-09-05";"Facebook";"127 083";"10 293";"27 563 485";"2024-09-05 03:36:53"
"2024-09-04";"";"606 531";"67 453";"27 562 784";"2024-09-04 19:04:19"
"2024-09-09";"";"78 773";"22 274";"27 563 073";"2024-09-09 10:07:50"
"2024-09-04";"";"2 166 744";"128 945";"27 563 443";"2024-09-04 20:29:36"
"2024-09-01";"Telegram";"30 043 982";"1 802 466";"27 562 239";"2024-09-01 11:08:44"
"2024-09-05";"";"45 375";"6 582";"27 563 023";"2024-09-06 00:57:39"
"2024-09-01";"";"46 783";"4 867";"27 562 757";"2024-09-01 05:50:36"
"2024-09-10";"YouTube";"524 605";"24 264";"27 562 007";"2024-09-10 16:49:28"
"2024-09-02";"";"55 547";"264 991";"27 561 841";"2024-09-02 21:18:25"
"2024-09-01";"";"18 298";"79 883";"27 562 852";"2024-09-02 00:21:21"
"2024-09-05";"";"19 132 716";"1 742 058";"27 563 464";"2024-09-05 09:54:07"
"2024-09-04";"";"54 387";"1 692";"27 562 656";"2024-09-04 18:39:20"
"2024-09-02";"";"1 012 390";"200 202";"27 561 592";"2024-09-02 19:52:05"
"2024-09-03";"YouTube";"286 591 654";"15 594 118";"27 563 041";"2024-09-03 23:32:17"
"2024-09-03";"";"321 331";"168 331";"27 562 582";"2024-09-03 17:02:36"
"2024-09-05";"";"31 376";"3 403";"27 561 449";"2024-09-05 06:39:47"
"2024-09-09";"";"176 714";"12 918";"27 562 051";"2024-09-09 11:32:36"
"2024-09-05";"";"26 472";"4 326";"27 561 988";"2024-09-05 09:18:07"
"2024-09-08";"";"30 010";"3 027";"27 562 810";"2024-09-08 16:37:30"
"2024-09-07";"Facebook";"30 106";"2 633";"27 563 388";"2024-09-07 06:39:27"
"2024-09-10";"";"169 332";"5 192";"27 562 039";"2024-09-10 23:44:05"
"2024-09-07";"Instagram";"42 393 721";"1 380 256";"27 563 384";"2024-09-07 20:17:39"
"2024-09-08";"";"1 032 801";"54 021";"27 561 491";"2024-09-08 09:42:08"
"2024-09-05";"";"33 283";"3 274";"27 561 718";"2024-09-05 08:17:05"
"2024-09-08";"";"154 616";"75 503";"27 563 351";"2024-09-08 10:19:21"
"2024-09-07";"";"53 731";"13 394";"27 562 865";"2024-09-08 00:45:11"
"2024-09-04";"";"159 708";"10 153";"27 562 252";"2024-09-04 16:01:18"
"2024-09-10";"";"41 197";"2 796";"27 562 834";"2024-09-10 04:13:19"
"2024-09-08";"PUBG";"98 998";"6 911";"27 561 578";"2024-09-09 00:09:39"
"2024-09-10";"";"133 440 796";"6 660 086";"27 562 651";"2024-09-10 21:42:08"
"2024-09-01";"";"79 575";"17 062";"27 561 661";"2024-09-01 16:37:06"
"2024-09-04";"";"224 390";"11 979";"27 562 544";"2024-09-04 20:29:23"
"2024-09-07";"";"510 957";"18 545";"27 563 381";"2024-09-07 17:02:15"
"2024-09-04";"";"6 653";"81 154";"27 562 009";"2024-09-04 18:27:38"
"2024-09-07";"Instagram";"2 885 982";"63 040";"27 561 457";"2024-09-08 01:22:30"
"2024-09-02";"";"201 703";"7 632";"27 563 114";"2024-09-02 10:55:53"
"2024-09-08";"";"10 429 427";"287 859";"27 561 881";"2024-09-08 17:26:12"
"2024-09-02";"";"52 199";"14 163";"27 562 326";"2024-09-02 05:02:03"
"2024-09-01";"Unknown";"35 760";"8 691";"27 561 457";"2024-09-01 06:51:24"
"2024-09-02";"";"274 156";"53 844";"27 563 136";"2024-09-02 19:40:40"
"2024-09-09";"Unknown";"50 767";"18 345";"27 561 670";"2024-09-09 19:52:31"
"2024-09-07";"";"958 024";"1 247 628";"27 563 011";"2024-09-07 07:52:36"
"2024-09-04";"";"1 851 390";"149 256";"27 562 838";"2024-09-04 09:06:26"
"2024-09-03";"Telegram";"200 349 908";"9 125 854";"27 562 451";"2024-09-03 21:42:37"
"2024-09-05";"";"30 342";"59 705";"27 562 071";"2024-09-06 02:47:00"
"2024-09-07";"";"29 762";"3 208";"27 561 432";"2024-09-07 21:30:29"
"2024-09-07";"";"152 656";"28 363";"27 561 953";"2024-09-07 14:59:10"
"2024-09-08";"Telegram";"107 653 177";"2 375 913";"27 563 228";"2024-09-08 13:10:10"
"2024-09-02";"Yandex";"254 375";"28 653";"27 561 592";"2024-09-02 23:08:10"
"2024-09-10";"";"29 034";"15 390";"27 562 847";"2024-09-10 03:24:24"
"2024-09-02";"";"68 975";"17 218";"27 563 095";"2024-09-02 12:33:21"
"2024-09-05";"YouTube";"74 542";"12 644";"27 562 759";"2024-09-05 21:06:31"
"2024-09-10";"";"2 339 622";"3 218 004";"27 562 941";"2024-09-10 21:06:16"
"2024-09-08";"Instagram";"292 382";"12 690";"27 563 381";"2024-09-08 11:32:50"
"2024-09-02";"";"21 523";"66 942";"27 561 567";"2024-09-02 04:25:44"
"2024-09-01";"Facebook";"50 072 627";"1 534 428";"27 562 397";"2024-09-02 02:35:10"
"2024-09-07";"TikTok";"89 913";"1 090 551";"27 563 485";"2024-09-07 03:24:44"
"2024-09-05";"";"2 060 342";"742 022";"27 563 445";"2024-09-05 07:04:03"
"2024-09-10";"";"30 581 797";"1 690 220";"27 562 795";"2024-09-10 12:57:40"
"2024-09-02";"";"83 095";"5 663";"27 562 099";"2024-09-02 09:18:47"
"2024-09-08";"";"39 062";"121 704";"27 562 733";"2024-09-08 17:26:47"
"2024-09-09";"";"29 321";"3 529";"27 562 145";"2024-09-09 21:30:28"
"2024-09-03";"";"4 172";"36 797";"27 561 662";"2024-09-03 04:49:49"
"2024-09-05";"";"2 275 834";"176 070";"27 562 172";"2024-09-05 19:04:39"
"2024-09-04";"";"30 202";"13 363";"27 562 438";"2024-09-04 08:05:15"
"2024-09-01";"Apple Music";"581 955";"20 933";"27 562 348";"2024-09-01 11:08:28"
"2024-09-07";"Unknown";"858 531";"140 814";"27 562 322";"2024-09-07 12:45:33"
"2024-09-10";"";"64 274";"11 497";"27 563 014";"2024-09-10 06:51:37"
"2024-09-03";"";"6 131 557";"242 386";"27 562 628";"2024-09-04 02:23:19"
"2024-09-03";"Apple Music";"1 271 124";"171 026";"27 562 656";"2024-09-03 17:50:21"
"2024-09-06";"YouTube";"38 361";"6 448";"27 561 384";"2024-09-06 04:49:28"
"2024-09-05";"";"5 666 522";"324 217";"27 562 842";"2024-09-05 06:39:27"
"2024-09-02";"";"136 287";"141 207";"27 561 770";"2024-09-02 09:54:14"
"2024-09-03";"Instagram";"1 445 829";"61 687";"27 562 919";"2024-09-03 07:16:15"
"2024-09-04";"";"9 044";"28 119";"27 563 195";"2024-09-04 14:23:11"
"2024-09-04";"";"332 885";"93 133";"27 561 536";"2024-09-04 21:18:00"
"2024-09-02";"";"39 380";"5 413";"27 562 156";"2024-09-02 12:33:27"
"2024-09-05";"";"529 860";"55 512";"27 561 775";"2024-09-05 15:12:33"
"2024-09-02";"";"191 550";"42 302";"27 561 510";"2024-09-02 23:32:58"
"2024-09-03";"Instagram";"179 374";"9 692";"27 562 050";"2024-09-03 21:06:30"
"2024-09-04";"";"73 833";"8 536";"27 562 645";"2024-09-04 04:49:43"
"2024-09-10";"";"36 099";"44 004";"27 562 950";"2024-09-10 18:03:21"
"2024-09-05";"Instagram";"397 753";"41 673";"27 563 218";"2024-09-05 13:46:14"
"2024-09-02";"";"43 212";"3 260";"27 561 365";"2024-09-02 11:32:44"
"2024-09-07";"YouTube";"725 225";"1 137 714";"27 563 458";"2024-09-07 14:59:29"
"2024-09-03";"";"687 022";"121 874";"27 563 411";"2024-09-03 03:36:48"
"2024-09-01";"YouTube";"457 754";"470 643";"27 561 963";"2024-09-01 08:17:43"
"2024-09-06";"";"262 010";"192 174";"27 562 561";"2024-09-06 11:44:41"
"2024-09-09";"";"366 464";"198 582";"27 562 636";"2024-09-09 17:26:10"
"2024-09-07";"YouTube";"787 771";"113 975";"27 562 278";"2024-09-07 21:06:17"
"2024-09-05";"YouTube";"35 028";"2 658";"27 561 887";"2024-09-05 09:06:16"
"2024-09-07";"YouTube";"50 958 955";"3 359 197";"27 561 850";"2024-09-07 11:32:01"
"2024-09-03";"";"4 424";"26 295";"27 561 171";"2024-09-04 02:59:07"
"2024-09-08";"";"27 984";"5 162";"27 561 865";"2024-09-08 05:26:31"
"2024-09-04";"";"37 938";"2 017";"27 561 666";"2024-09-04 22:55:39"
"2024-09-01";"";"1 047 930";"354 844";"27 561 500";"2024-09-02 01:34:47"
"2024-09-01";"";"1 345 518";"53 319";"27 562 516";"2024-09-02 00:57:08"
"2024-09-09";"";"51 440";"4 903";"27 562 982";"2024-09-09 18:03:23"
"2024-09-06";"Facebook";"627 220";"67 162";"27 561 506";"2024-09-06 17:02:43"
"2024-09-10";"";"154 038";"85 786";"27 562 721";"2024-09-10 19:04:58"
"2024-09-10";"";"101 852";"36 603";"27 563 494";"2024-09-11 02:35:04"
"2024-09-05";"";"8 432 736";"274 701";"27 561 596";"2024-09-06 00:57:14"
"2024-09-02";"";"74 364";"8 368";"27 562 900";"2024-09-02 07:52:47"
"2024-09-08";"";"2 940";"172 793";"27 562 437";"2024-09-08 08:53:17"
"2024-09-09";"YouTube";"1 152 949";"127 985";"27 562 757";"2024-09-09 09:54:29"
"2024-09-06";"";"412 058";"21 562";"27 562 442";"2024-09-06 15:00:16"
"2024-09-02";"YouTube";"1 031 994";"104 415";"27 562 152";"2024-09-02 12:09:24"
"2024-09-10";"VKontakte";"429 949";"39 290";"27 562 588";"2024-09-10 18:39:12"
"2024-09-04";"";"350 882";"270 767";"27 562 511";"2024-09-04 04:49:36"
"2024-09-06";"";"68 645";"9 812";"27 562 609";"2024-09-06 04:37:04"
"2024-09-08";"";"185 221";"55 901";"27 561 339";"2024-09-08 21:42:11"
"2024-09-03";"YouTube";"2 935 429";"809 905";"27 562 895";"2024-09-03 17:14:13"
"2024-09-06";"Facebook";"64 815";"6 312";"27 561 320";"2024-09-06 18:27:51"
"2024-09-05";"Telegram";"129 354 045";"16 260 564";"27 562 470";"2024-09-05 12:09:06"
"2024-09-04";"Telegram";"162 486";"41 487";"27 563 476";"2024-09-05 00:33:59"
"2024-09-02";"Yandex";"1 336 164";"143 083";"27 561 712";"2024-09-02 10:07:32"
"2024-09-04";"";"2 842 538";"146 907";"27 562 003";"2024-09-04 08:05:14"
"2024-09-05";"";"7 243 817";"437 184";"27 561 552";"2024-09-05 20:41:10"
"2024-09-04";"";"5 485 297";"1 143 633";"27 563 418";"2024-09-04 13:10:49"
"2024-09-08";"Likee";"87 334";"23 657";"27 561 893";"2024-09-08 18:51:29"
"2024-09-04";"";"424 739";"57 418";"27 563 281";"2024-09-05 00:57:21"
"2024-09-06";"";"203 364 626";"30 456 362";"27 562 133";"2024-09-06 07:28:09"
"2024-09-02";"YouTube";"24 186";"219 022";"27 561 943";"2024-09-02 19:28:32"
"2024-09-08";"";"65 000";"146 233";"27 561 335";"2024-09-08 12:33:12"
"2024-09-10";"";"704 825";"38 690";"27 561 974";"2024-09-10 22:55:55"
"2024-09-04";"";"123 082";"13 935";"27 561 879";"2024-09-04 04:37:50"
"2024-09-10";"Instagram";"60 152";"16 834";"27 563 409";"2024-09-10 21:06:49"
"2024-09-01";"TikTok";"13 040";"692 272";"27 563 112";"2024-09-01 03:12:33"
"2024-09-03";"";"121 816";"19 121";"27 561 998";"2024-09-03 12:57:29"
"2024-09-06";"Facebook";"73 436";"19 676";"27 561 384";"2024-09-06 19:52:31"
"2024-09-01";"";"340 834";"21 633";"27 561 707";"2024-09-01 22:07:24"
"2024-09-01";"Unknown";"2 073 084";"455 827";"27 563 493";"2024-09-01 10:31:29"
"2024-09-06";"";"59 606";"3 525";"27 562 456";"2024-09-06 14:11:31"
"2024-09-04";"Yandex";"464 489";"19 771";"27 563 467";"2024-09-04 15:00:42"
"2024-09-02";"";"11 420";"41 938";"27 561 354";"2024-09-02 09:18:53"
"2024-09-10";"";"309 592";"159 325";"27 561 456";"2024-09-10 08:17:09"
"2024-09-02";"Instagram";"20 495 384";"893 183";"27 562 435";"2024-09-02 10:07:45"
"2024-09-07";"Instagram";"19 505 105";"1 077 270";"27 562 591";"2024-09-08 02:35:23"
"2024-09-02";"Instagram";"125 509";"44 662";"27 561 233";"2024-09-02 14:11:21"
"2024-09-10";"YouTube";"695 698";"78 432";"27 563 174";"2024-09-10 13:10:01"
"2024-09-08";"WhatsApp";"2 039 730";"5 127 120";"27 563 152";"2024-09-08 21:30:28"
"2024-09-10";"";"3 685 908";"201 429";"27 563 286";"2024-09-10 12:57:53"
"2024-09-07";"TikTok";"156 747";"3 457 434";"27 563 136";"2024-09-08 00:21:21"
"2024-09-06";"";"25 701";"15 441";"27 563 395";"2024-09-06 09:42:51"
"2024-09-03";"";"285 864";"38 795";"27 563 122";"2024-09-03 14:59:06"
"2024-09-02";"";"12 558 503";"596 899";"27 562 812";"2024-09-02 21:42:34"
"2024-09-01";"";"24 353";"44 162";"27 563 216";"2024-09-01 22:55:25"
"2024-09-02";"";"50 144";"5 736";"27 562 372";"2024-09-02 11:20:18"
"2024-09-08";"";"77 268";"6 174";"27 561 373";"2024-09-08 21:42:54"
"2024-09-02";"Telegram";"38 967 756";"3 244 430";"27 562 634";"2024-09-02 05:26:21"
"2024-09-06";"Spotify";"739 253";"349 962";"27 563 491";"2024-09-07 02:35:32"
"2024-09-05";"Facebook";"58 385";"3 979";"27 561 295";"2024-09-05 15:24:23"
"2024-09-09";"YouTube";"117 445";"20 275";"27 561 712";"2024-09-09 11:20:57"
"2024-09-05";"";"754 918";"98 919";"27 562 627";"2024-09-05 16:37:18"
"2024-09-01";"";"273 245";"24 600";"27 562 651";"2024-09-01 08:05:38"
"2024-09-10";"";"226 548";"10 901";"27 562 436";"2024-09-10 20:29:34"
"2024-09-09";"";"171 757";"9 909";"27 561 845";"2024-09-09 13:46:16"
"2024-09-06";"";"1 003 900";"121 312";"27 561 542";"2024-09-06 23:32:32"
"2024-09-08";"Instagram";"32 499 867";"837 621";"27 563 143";"2024-09-08 03:48:14"
"2024-09-07";"";"104 755";"10 899";"27 562 497";"2024-09-08 01:34:16"
"2024-09-04";"Telegram";"493 181";"44 450";"27 561 788";"2024-09-04 10:31:36"
"2024-09-06";"Instagram";"3 433 930";"3 004 087";"27 561 171";"2024-09-06 20:17:00"
"2024-09-06";"";"104 632";"6 392";"27 562 468";"2024-09-06 03:24:30"
"2024-09-07";"";"52 694";"7 387";"27 561 814";"2024-09-07 12:21:00"
"2024-09-08";"";"117 112";"332 764";"27 561 216";"2024-09-08 23:56:58"
"2024-09-06";"";"62 103";"87 100";"27 561 595";"2024-09-06 22:43:52"
"2024-09-02";"";"137 644";"11 437";"27 562 733";"2024-09-02 20:41:50"
"2024-09-08";"Instagram";"919 978";"67 170";"27 562 612";"2024-09-08 07:28:31"
"2024-09-02";"";"120 670";"386 119";"27 562 436";"2024-09-02 08:29:27"
"2024-09-03";"";"86 870";"8 179";"27 562 552";"2024-09-03 12:09:50"
"2024-09-06";"";"30 857";"13 219";"27 561 963";"2024-09-06 15:36:20"
"2024-09-02";"YouTube";"45 862 287";"5 869 998";"27 561 662";"2024-09-03 00:45:02"
"2024-09-08";"Instagram";"19 842 217";"10 947 112";"27 561 915";"2024-09-08 20:29:33"
"2024-09-08";"";"2 246 661";"511 624";"27 562 968";"2024-09-08 16:25:42"
"2024-09-05";"";"20 836";"35 516";"27 561 912";"2024-09-05 03:12:23"
"2024-09-01";"YouTube";"1 783 082";"147 716";"27 563 199";"2024-09-02 01:58:47"
"2024-09-05";"Yandex";"649 231";"425 905";"27 561 217";"2024-09-05 11:56:11"
"2024-09-09";"Instagram";"3 191 392";"955 385";"27 562 317";"2024-09-09 12:57:07"
"2024-09-09";"";"1 068 191";"209 476";"27 561 794";"2024-09-09 06:27:56"
"2024-09-06";"";"32 453";"251 018";"27 562 398";"2024-09-06 10:31:14"
"2024-09-10";"";"104 456";"17 575";"27 561 520";"2024-09-10 18:51:20"
"2024-09-03";"Instagram";"6 759 867";"2 648 636";"27 561 623";"2024-09-04 02:23:05"
"2024-09-06";"";"39 632 310";"3 657 672";"27 563 240";"2024-09-06 09:42:59"
"2024-09-08";"";"79 076";"13 962";"27 561 219";"2024-09-08 17:38:30"
"2024-09-01";"Yandex";"92 603";"30 619";"27 562 003";"2024-09-01 09:42:32"
"2024-09-06";"";"50 671";"7 555";"27 562 931";"2024-09-06 05:26:42"
"2024-09-07";"";"87 588";"7 914";"27 562 780";"2024-09-07 09:42:55"
"2024-09-07";"Tas-ix";"539 338";"40 776";"27 562 942";"2024-09-07 13:34:41"
"2024-09-07";"";"61 253";"13 341";"27 561 719";"2024-09-07 05:14:25"
"2024-09-02";"";"433 753";"37 511";"27 562 673";"2024-09-02 03:24:32"
"2024-09-06";"Facebook";"233 378";"10 177";"27 562 555";"2024-09-06 06:15:35"
"2024-09-08";"";"97 765";"4 220";"27 562 646";"2024-09-08 12:45:59"
"2024-09-06";"";"469 300";"228 393";"27 563 044";"2024-09-06 16:13:16"
"2024-09-10";"";"41 368";"18 959";"27 562 656";"2024-09-10 18:27:03"
"2024-09-01";"";"445 479";"280 942";"27 563 105";"2024-09-01 16:01:04"
"2024-09-04";"YouTube";"27 908";"4 182";"27 562 928";"2024-09-04 05:50:20"
"2024-09-05";"Telegram";"1 680 893";"167 265";"27 563 096";"2024-09-05 17:38:01"
"2024-09-04";"";"35 621";"2 175";"27 561 689";"2024-09-04 23:56:17"
"2024-09-01";"";"39 108";"4 713";"27 563 502";"2024-09-02 00:21:18"
"2024-09-02";"";"257 153";"8 819";"27 561 177";"2024-09-02 07:52:19"
"2024-09-08";"";"126 230";"178 287";"27 561 707";"2024-09-08 08:17:45"
"2024-09-02";"";"3 908 025";"384 013";"27 561 482";"2024-09-03 01:58:20"
"2024-09-07";"YouTube";"1 107 272";"80 119";"27 561 380";"2024-09-07 18:51:53"
"2024-09-07";"Instagram";"31 162 927";"478 765";"27 561 270";"2024-09-07 23:32:36"
"2024-09-09";"YouTube";"5 954 447";"2 158 411";"27 563 005";"2024-09-09 21:18:08"
"2024-09-10";"";"32 184";"11 185";"27 563 017";"2024-09-10 04:49:13"
"2024-09-03";"Instagram";"7 587";"33 082";"27 562 022";"2024-09-03 16:49:46"
"2024-09-08";"Instagram";"9 896 243";"3 766 598";"27 561 383";"2024-09-08 04:01:08"
"2024-09-04";"YouTube";"4 902";"48 336";"27 562 680";"2024-09-04 09:18:52"
"2024-09-03";"";"2 687 152";"86 707";"27 563 334";"2024-09-03 14:59:18"
"2024-09-03";"PUBG";"6 230 958";"221 334";"27 563 411";"2024-09-03 15:12:22"
"2024-09-08";"";"161 199";"140 679";"27 563 243";"2024-09-08 09:18:18"
"2024-09-09";"Yandex";"206 040";"113 106";"27 562 965";"2024-09-09 21:06:11"
"2024-09-09";"";"27 223";"21 570";"27 561 944";"2024-09-09 04:13:07"
"2024-09-09";"";"61 472";"220 246";"27 562 686";"2024-09-09 09:18:57"
"2024-09-04";"";"1 028 114";"51 830";"27 562 202";"2024-09-04 19:04:59"
"2024-09-10";"";"237 632";"37 025";"27 562 896";"2024-09-10 04:37:46"
"2024-09-03";"Telegram";"15 208 390";"1 046 196";"27 563 211";"2024-09-03 13:46:05"
"2024-09-07";"";"30 250";"4 216";"27 563 481";"2024-09-07 05:26:44"
"2024-09-04";"YouTube";"30 455";"11 402";"27 562 575";"2024-09-04 04:37:58"
"2024-09-06";"";"216 495";"24 344";"27 562 063";"2024-09-07 02:59:08"
"2024-09-06";"Telegram";"3 584 375";"316 831";"27 562 656";"2024-09-06 09:06:12"
"2024-09-02";"";"90 170";"11 593";"27 561 359";"2024-09-02 06:03:57"
"2024-09-06";"Instagram";"463 660";"10 868";"27 563 442";"2024-09-06 03:48:05"
"2024-09-08";"";"110 484";"56 383";"27 562 865";"2024-09-08 22:07:48"
"2024-09-06";"";"46 325";"3 194";"27 561 668";"2024-09-06 10:19:15"
"2024-09-10";"";"379 460";"125 873";"27 561 193";"2024-09-10 16:13:13"
"2024-09-07";"";"26 161";"110 983";"27 563 156";"2024-09-07 11:44:51"
"2024-09-02";"TikTok";"16 032";"75 484";"27 563 376";"2024-09-02 07:16:15"
"2024-09-01";"";"51 779";"5 810";"27 562 600";"2024-09-01 16:49:35"
"2024-09-01";"YouTube";"37 685";"82 275";"27 562 261";"2024-09-01 11:20:59"
"2024-09-07";"";"2 704";"116 109";"27 561 629";"2024-09-07 16:13:48"
"2024-09-10";"YouTube";"98 393 459";"7 372 237";"27 562 686";"2024-09-10 03:36:36"
"2024-09-03";"";"2 273 755";"71 050";"27 562 792";"2024-09-03 08:05:48"
"2024-09-01";"";"8 887 520";"218 039";"27 561 981";"2024-09-01 10:19:35"
"2024-09-04";"";"2 303 374";"40 724";"27 562 564";"2024-09-04 21:18:40"
"2024-09-08";"YouTube";"3 000 303";"127 477";"27 563 299";"2024-09-08 07:40:17"
"2024-09-05";"YouTube";"9 985 255";"1 163 110";"27 562 522";"2024-09-05 08:05:03"
"2024-09-09";"";"5 469";"31 128";"27 563 240";"2024-09-10 00:57:05"
"2024-09-07";"Apple Music";"57 284";"1 497";"27 562 364";"2024-09-07 08:41:47"
"2024-09-09";"";"1 069 482";"40 909";"27 562 973";"2024-09-09 10:31:03"
"2024-09-10";"";"974 538";"27 421";"27 563 468";"2024-09-10 10:19:59"
"2024-09-02";"";"22 642";"120 335";"27 563 334";"2024-09-02 12:57:49"
"2024-09-08";"";"124 532";"7 151";"27 562 173";"2024-09-08 22:43:56"
"2024-09-04";"";"59 356";"4 591";"27 561 339";"2024-09-04 14:47:39"
"2024-09-06";"YouTube";"112 222";"662 642";"27 562 230";"2024-09-06 03:24:08"
"2024-09-09";"";"45 790";"3 496";"27 561 384";"2024-09-09 17:26:12"
"2024-09-08";"";"310 302";"19 555";"27 562 149";"2024-09-08 04:37:58"
"2024-09-08";"Likee";"70 708";"20 945";"27 562 824";"2024-09-09 00:33:16"
"2024-09-10";"";"25 703";"21 865";"27 562 643";"2024-09-10 03:48:55"
"2024-09-10";"";"50 325";"8 708";"27 562 309";"2024-09-10 20:53:50"
"2024-09-09";"Facebook";"2 608 757";"83 469";"27 563 414";"2024-09-09 05:26:42"
"2024-09-05";"";"28 177";"9 620";"27 561 912";"2024-09-06 00:57:17"
"2024-09-04";"";"94 283";"11 650";"27 561 606";"2024-09-05 00:33:39"
"2024-09-02";"";"261 046";"21 505";"27 563 152";"2024-09-03 02:11:05"
"2024-09-08";"";"424 815";"204 494";"27 562 202";"2024-09-08 08:29:53"
"2024-09-10";"";"4 649";"32 202";"27 562 521";"2024-09-10 14:11:08"
"2024-09-06";"";"77 832";"8 770";"27 563 418";"2024-09-06 13:22:26"
"2024-09-08";"";"42 782";"8 684";"27 563 243";"2024-09-08 13:46:34"
"2024-09-02";"YouTube";"48 903 117";"3 972 129";"27 563 130";"2024-09-02 09:06:32"
"2024-09-07";"";"205 192";"14 640";"27 561 524";"2024-09-07 19:52:38"
"2024-09-08";"";"52 140";"28 058";"27 562 547";"2024-09-08 17:38:21"
"2024-09-10";"Odnoklassniki";"2 682 508";"112 149";"27 562 861";"2024-09-10 04:37:46"
"2024-09-03";"";"229 321";"1 382 788";"27 563 410";"2024-09-03 08:29:41"
"2024-09-04";"Unknown";"6 616 291";"434 550";"27 562 156";"2024-09-04 04:01:08"
"2024-09-07";"";"34 256";"55 790";"27 562 636";"2024-09-08 01:46:00"
"2024-09-06";"PUBG";"2 881 924";"172 213";"27 562 073";"2024-09-06 20:17:01"
"2024-09-03";"Telegram";"40 314";"4 354";"27 563 392";"2024-09-03 07:28:26"
"2024-09-10";"";"363 847";"33 293";"27 561 367";"2024-09-10 15:00:11"
"2024-09-05";"";"63 507";"31 639";"27 563 432";"2024-09-05 13:46:51"
"2024-09-02";"Facebook";"38 848";"16 453";"27 563 042";"2024-09-02 08:41:13"
"2024-09-01";"Instagram";"940 781";"340 076";"27 562 391";"2024-09-01 04:37:28"
"2024-09-02";"";"279 928";"74 885";"27 563 264";"2024-09-03 00:33:08"
"2024-09-05";"";"4 445";"69 995";"27 561 649";"2024-09-05 19:40:24"
"2024-09-06";"Instagram";"3 373 152";"4 201 447";"27 563 168";"2024-09-06 10:19:25"
"2024-09-05";"";"60 629";"3 808";"27 561 884";"2024-09-06 00:57:44"
"2024-09-02";"";"1 691 203";"306 419";"27 562 124";"2024-09-02 09:42:56"
"2024-09-06";"";"82 686";"14 463";"27 563 469";"2024-09-07 00:09:11"
"2024-09-04";"";"1 437 549";"55 658";"27 562 267";"2024-09-05 02:47:52"
"2024-09-10";"";"204 355";"60 870";"27 561 438";"2024-09-10 04:25:12"
"2024-09-04";"";"84 148";"8 309";"27 561 543";"2024-09-04 12:57:24"
"2024-09-09";"";"255 352";"316 942";"27 561 436";"2024-09-09 17:14:22"
"2024-09-07";"";"32 480";"4 030";"27 563 468";"2024-09-07 09:30:05"
"2024-09-07";"";"14 868";"31 001";"27 561 294";"2024-09-07 08:29:38"
"2024-09-09";"Facebook";"1 973 764";"172 737";"27 563 080";"2024-09-09 16:01:45"
"2024-09-08";"";"29 834";"2 474";"27 562 365";"2024-09-08 07:28:23"
"2024-09-02";"YouTube";"808 985";"372 212";"27 561 993";"2024-09-02 16:37:51"
"2024-09-06";"";"1 730 971";"945 876";"27 561 207";"2024-09-06 10:07:08"
"2024-09-03";"";"97 626";"77 192";"27 562 875";"2024-09-03 05:38:08"
"2024-09-03";"YouTube";"240 759";"14 215";"27 563 345";"2024-09-04 01:34:29"
"2024-09-06";"";"6 557 356";"382 174";"27 563 391";"2024-09-06 05:50:35"
"2024-09-03";"Instagram";"22 332 308";"496 391";"27 563 198";"2024-09-03 22:19:46"
"2024-09-07";"Facebook";"438 112";"40 269";"27 561 293";"2024-09-07 16:01:43"
"2024-09-02";"Tas-ix";"1 026 331";"59 389";"27 562 156";"2024-09-02 11:20:57"
"2024-09-05";"";"5 123 539";"960 963";"27 563 228";"2024-09-06 01:22:05"
"2024-09-07";"";"61 844";"4 969";"27 563 000";"2024-09-08 00:33:08"
"2024-09-05";"";"39 077";"4 565";"27 562 419";"2024-09-05 13:22:16"
"2024-09-06";"";"29 258";"2 458";"27 561 366";"2024-09-06 15:36:17"
"2024-09-06";"";"178 780 997";"15 143 323";"27 562 712";"2024-09-06 03:00:43"
"2024-09-05";"";"90 151 631";"2 813 794";"27 561 884";"2024-09-05 12:45:14"
"2024-09-06";"";"190 647";"61 460";"27 561 219";"2024-09-06 14:47:01"
"2024-09-06";"";"92 023";"82 095";"27 561 708";"2024-09-07 01:58:01"
"2024-09-09";"";"587 780";"246 444";"27 562 966";"2024-09-09 11:44:02"
"2024-09-10";"";"250 827";"27 034";"27 561 465";"2024-09-10 16:01:18"
"2024-09-05";"";"6 316 071";"619 099";"27 563 493";"2024-09-05 13:10:51"
"2024-09-05";"";"104 862";"3 593";"27 562 934";"2024-09-06 02:35:04"
"2024-09-06";"";"33 470";"9 677";"27 561 216";"2024-09-06 22:07:11"
"2024-09-09";"";"571 712";"16 930";"27 563 463";"2024-09-09 21:42:06"
"2024-09-06";"Instagram";"228 926";"6 384";"27 563 212";"2024-09-06 17:50:13"
"2024-09-05";"Facebook";"25 927";"4 468";"27 561 712";"2024-09-05 14:35:03"
"2024-09-03";"";"72 547";"51 818";"27 561 492";"2024-09-04 00:45:43"
"2024-09-04";"";"77 170";"414 690";"27 561 641";"2024-09-04 07:40:58"
"2024-09-03";"";"115 796";"636 471";"27 561 965";"2024-09-03 14:47:22"
"2024-09-02";"";"31 713";"15 263";"27 563 012";"2024-09-02 11:56:49"
"2024-09-01";"";"622 044";"51 988";"27 562 550";"2024-09-01 19:52:20"
"2024-09-01";"";"327 972";"86 624";"27 561 259";"2024-09-01 23:56:05"
"2024-09-01";"";"343 868";"69 203";"27 562 847";"2024-09-01 10:31:50"
"2024-09-04";"";"3 511 269";"78 931";"27 563 153";"2024-09-04 19:40:22"
"2024-09-03";"";"3 500 801";"197 380";"27 563 328";"2024-09-04 00:21:21"
"2024-09-05";"YouTube";"30 165";"17 056";"27 562 040";"2024-09-05 16:01:52"
"2024-09-06";"";"805 509";"37 984";"27 562 100";"2024-09-06 16:13:34"
"2024-09-06";"";"50 448";"4 488";"27 561 895";"2024-09-06 03:36:09"
"2024-09-10";"";"409 525";"46 706";"27 563 237";"2024-09-10 18:51:02"
"2024-09-05";"";"25 672";"8 542";"27 563 245";"2024-09-05 17:14:42"
"2024-09-09";"";"8 145 982";"231 114";"27 562 780";"2024-09-09 19:16:10"
"2024-09-07";"";"61 378";"4 506";"27 562 646";"2024-09-07 07:04:58"
"2024-09-06";"YouTube";"27 093";"3 089";"27 562 912";"2024-09-06 17:02:01"
"2024-09-02";"Instagram";"45 888 406";"2 436 516";"27 561 802";"2024-09-02 13:22:09"
"2024-09-05";"";"32 323";"6 510";"27 561 402";"2024-09-05 04:13:28"
"2024-09-07";"Telegram";"24 671 092";"2 133 688";"27 563 153";"2024-09-07 23:20:27"
"2024-09-10";"";"2 951";"66 706";"27 561 915";"2024-09-10 12:57:36"
"2024-09-06";"";"26 458";"11 843";"27 563 392";"2024-09-07 00:21:23"
"2024-09-07";"YouTube";"192 240";"22 290";"27 563 462";"2024-09-07 21:30:45"
"2024-09-09";"";"366 243";"1 186 123";"27 562 720";"2024-09-10 01:46:43"
"2024-09-07";"";"2 465 527";"92 889";"27 563 084";"2024-09-07 19:16:24"
"2024-09-01";"";"28 603";"7 270";"27 562 513";"2024-09-01 20:53:58"
"2024-09-03";"";"34 663";"147 066";"27 563 445";"2024-09-03 04:49:17"
"2024-09-05";"";"234 326";"87 403";"27 561 410";"2024-09-05 12:09:37"
"2024-09-02";"";"679 772";"133 258";"27 561 982";"2024-09-02 09:30:30"
"2024-09-10";"";"292 564 653";"37 281 606";"27 561 231";"2024-09-10 06:39:22"
"2024-09-01";"Apple Music";"234 174";"7 033";"27 562 768";"2024-09-01 10:07:12"
"2024-09-02";"";"27 879";"10 620";"27 563 379";"2024-09-02 06:39:24"
"2024-09-01";"Tas-ix";"168 696";"10 747";"27 562 757";"2024-09-01 22:43:54"
"2024-09-08";"Yandex";"333 079";"27 916";"27 561 330";"2024-09-08 14:35:09"
"2024-09-01";"";"38 891";"74 360";"27 562 775";"2024-09-01 22:31:52"
"2024-09-10";"Instagram";"76 931";"6 666";"27 563 070";"2024-09-10 08:17:55"
"2024-09-05";"Yandex";"175 181";"29 388";"27 562 674";"2024-09-05 20:29:05"
"2024-09-08";"";"30 605";"18 297";"27 561 942";"2024-09-08 17:02:09"
"2024-09-02";"";"397 369";"405 383";"27 562 571";"2024-09-02 03:12:47"
"2024-09-08";"";"384 351";"65 540";"27 561 204";"2024-09-08 14:11:58"
"2024-09-05";"Facebook";"442 163";"39 742";"27 561 259";"2024-09-05 12:45:19"
"2024-09-08";"";"885 617";"690 691";"27 561 940";"2024-09-08 15:48:43"
"2024-09-07";"";"146 956";"12 472";"27 562 759";"2024-09-07 23:08:34"
"2024-09-10";"";"24 300";"26 061";"27 562 173";"2024-09-10 12:21:23"
"2024-09-05";"TikTok";"16 740";"179 184";"27 562 376";"2024-09-05 15:24:39"
"2024-09-03";"Telegram";"5 468 957";"370 876";"27 562 200";"2024-09-03 12:33:18"
"2024-09-04";"Instagram";"168 342 487";"2 831 122";"27 562 287";"2024-09-04 20:29:56"
"2024-09-04";"";"38 227";"24 415";"27 563 094";"2024-09-04 05:02:26"
"2024-09-03";"";"87 133";"55 935";"27 563 462";"2024-09-03 07:28:50"
"2024-09-05";"";"36 068";"3 294";"27 562 984";"2024-09-05 05:02:33"
"2024-09-04";"";"26 820";"3 108";"27 563 174";"2024-09-04 03:48:59"
"2024-09-08";"";"45 227";"9 724";"27 561 835";"2024-09-08 18:51:09"
"2024-09-05";"Facebook";"663 493";"23 976";"27 563 515";"2024-09-05 16:49:34"
"2024-09-03";"";"19 784 775";"1 484 160";"27 561 882";"2024-09-03 18:15:49"
"2024-09-04";"Telegram";"1 700 106";"138 487";"27 562 841";"2024-09-04 04:13:25"
"2024-09-06";"Yandex";"4 395 174";"145 730";"27 561 892";"2024-09-06 11:44:49"
"2024-09-02";"";"45 483";"46 154";"27 562 156";"2024-09-02 08:17:16"
"2024-09-08";"Instagram";"1 899 744";"657 104";"27 563 472";"2024-09-08 11:08:08"
"2024-09-08";"Yandex";"424 170";"203 366";"27 563 177";"2024-09-08 11:56:35"
"2024-09-09";"";"118 506";"24 423";"27 562 435";"2024-09-09 12:09:49"
"2024-09-02";"";"45 949";"68 848";"27 561 593";"2024-09-02 08:17:07"
"2024-09-03";"";"54 965";"45 828";"27 561 215";"2024-09-03 20:53:47"
"2024-09-07";"YouTube";"402 302";"2 766 926";"27 563 105";"2024-09-07 07:28:12"
"2024-09-10";"";"109 010";"81 433";"27 561 470";"2024-09-10 06:03:44"
"2024-09-07";"Telegram";"11 679 811";"1 124 309";"27 562 697";"2024-09-07 03:00:01"
"2024-09-04";"";"10 796";"43 244";"27 562 425";"2024-09-04 19:40:00"
"2024-09-02";"Telegram";"11 339 518";"577 584";"27 562 266";"2024-09-03 01:22:11"
"2024-09-10";"";"90 722";"12 390";"27 562 758";"2024-09-10 11:32:11"
"2024-09-04";"";"7 277";"58 004";"27 561 958";"2024-09-04 04:01:52"
"2024-09-03";"";"189 662";"10 271";"27 563 293";"2024-09-03 16:13:19"
"2024-09-07";"YouTube";"130 564";"16 079";"27 562 326";"2024-09-07 06:03:26"
"2024-09-08";"YouTube";"1 372 297";"162 088";"27 563 458";"2024-09-08 20:05:43"
"2024-09-01";"";"50 512";"18 556";"27 563 211";"2024-09-01 23:08:30"
"2024-09-07";"Instagram";"11 084 635";"18 298 231";"27 563 030";"2024-09-07 05:26:08"
"2024-09-10";"YouTube";"1 680 296";"323 216";"27 561 384";"2024-09-10 19:52:55"
"2024-09-07";"";"153 933";"91 453";"27 563 328";"2024-09-07 13:46:53"
"2024-09-02";"";"13 829 551";"205 497";"27 562 050";"2024-09-02 19:28:10"
"2024-09-05";"Yandex";"608 639";"167 691";"27 562 364";"2024-09-05 05:50:23"
"2024-09-06";"Instagram";"324 725";"46 569";"27 561 840";"2024-09-06 17:14:52"
"2024-09-03";"";"75 426";"16 831";"27 561 994";"2024-09-03 04:37:22"
"2024-09-04";"";"66 026 085";"33 173 269";"27 561 590";"2024-09-04 13:34:13"
"2024-09-06";"";"241 184";"69 703";"27 562 033";"2024-09-06 18:27:48"
"2024-09-09";"Apple Music";"37 265";"7 391";"27 562 534";"2024-09-09 19:16:26"
"2024-09-05";"Unknown";"2 114 433";"294 331";"27 563 022";"2024-09-05 07:04:27"
"2024-09-05";"Instagram";"45 822 470";"1 087 233";"27 563 184";"2024-09-06 02:23:17"
"2024-09-05";"Facebook";"395 055";"34 350";"27 561 366";"2024-09-06 00:45:34"
"2024-09-05";"";"723 239";"63 751";"27 563 238";"2024-09-05 09:30:09"
"2024-09-02";"Facebook";"30 321";"2 376";"27 563 113";"2024-09-02 12:57:26"
"2024-09-01";"Instagram";"95 756";"8 345";"27 563 421";"2024-09-01 16:01:21"
"2024-09-02";"";"157 574";"185 094";"27 561 339";"2024-09-02 23:08:06"
"2024-09-04";"";"4 804";"206 951";"27 561 383";"2024-09-04 06:15:17"
"2024-09-08";"";"191 919";"9 502";"27 563 083";"2024-09-08 16:01:34"
"2024-09-03";"Instagram";"14 231 941";"280 609";"27 562 956";"2024-09-03 17:50:45"
"2024-09-03";"";"30 100";"12 940";"27 562 563";"2024-09-03 11:20:10"
"2024-09-01";"Telegram";"1 188 925";"226 769";"27 562 800";"2024-09-01 09:54:56"
"2024-09-04";"";"33 964";"2 160";"27 563 012";"2024-09-04 07:04:01"
"2024-09-05";"Unknown";"267 180";"10 463";"27 563 154";"2024-09-05 14:23:16"
"2024-09-05";"";"125 283";"7 006";"27 562 407";"2024-09-05 04:49:02"
"2024-09-02";"";"32 356";"3 819";"27 561 974";"2024-09-02 10:55:01"
"2024-09-03";"YouTube";"1 565 287";"99 589";"27 563 121";"2024-09-03 23:56:28"
"2024-09-05";"";"55 956 122";"27 230 624";"27 563 244";"2024-09-05 13:46:27"
"2024-09-02";"";"72 754";"19 547";"27 561 181";"2024-09-03 00:21:23"
"2024-09-04";"YouTube";"256 429";"1 051 147";"27 563 171";"2024-09-04 11:56:55"
"2024-09-04";"";"57 475";"8 880";"27 562 663";"2024-09-04 22:55:03"
"2024-09-06";"";"63 364";"26 150";"27 562 207";"2024-09-06 21:54:55"
"2024-09-02";"";"1 646 975";"44 682";"27 562 350";"2024-09-02 20:17:56"
"2024-09-03";"";"136 149";"12 628";"27 562 143";"2024-09-03 04:37:47"
"2024-09-08";"YouTube";"40 335";"15 861";"27 561 312";"2024-09-08 15:36:21"
"2024-09-05";"Instagram";"10 727 353";"735 823";"27 561 730";"2024-09-05 11:56:31"
"2024-09-05";"";"385 417";"14 924";"27 561 289";"2024-09-06 00:21:43"
"2024-09-04";"";"58 376";"3 655";"27 563 243";"2024-09-04 18:51:20"
"2024-09-10";"";"26 174";"15 764";"27 562 445";"2024-09-10 13:58:59"
"2024-09-09";"";"182 452";"10 063";"27 561 449";"2024-09-09 14:35:05"
"2024-09-05";"YouTube";"251 237";"58 113";"27 561 444";"2024-09-05 17:50:33"
"2024-09-01";"";"3 027 355";"144 938";"27 562 863";"2024-09-02 00:33:42"
"2024-09-10";"Instagram";"3 444 140";"2 522 510";"27 561 845";"2024-09-10 13:10:26"
"2024-09-05";"Instagram";"12 189 040";"517 532";"27 563 080";"2024-09-05 15:12:45"
"2024-09-02";"YouTube";"2 451 263";"1 240 675";"27 561 251";"2024-09-02 21:18:19"
"2024-09-01";"";"962 198";"112 205";"27 562 654";"2024-09-01 22:43:04"
"2024-09-10";"";"114 611";"382 508";"27 562 806";"2024-09-10 10:19:51"
"2024-09-06";"";"2 955 705";"149 139";"27 562 185";"2024-09-06 15:24:28"
"2024-09-02";"";"58 020";"6 841";"27 561 231";"2024-09-02 16:01:48"
"2024-09-05";"YouTube";"253 402";"11 414";"27 561 468";"2024-09-05 03:36:08"
"2024-09-04";"";"13 643 182";"331 849";"27 563 334";"2024-09-05 02:11:10"
"2024-09-10";"";"155 310";"32 606";"27 562 393";"2024-09-10 23:56:19"
"2024-09-03";"Telegram";"17 211 416";"1 925 610";"27 561 386";"2024-09-03 05:26:30"
"2024-09-08";"";"245 076";"96 070";"27 562 014";"2024-09-08 13:46:51"
"2024-09-07";"";"96 527";"5 775";"27 562 892";"2024-09-07 17:02:03"
"2024-09-01";"";"29 792";"2 557";"27 563 160";"2024-09-02 00:09:23"
"2024-09-04";"";"446 344";"486 088";"27 561 466";"2024-09-04 11:32:24"
"2024-09-04";"";"100 771";"383 935";"27 562 982";"2024-09-04 05:26:47"
"2024-09-03";"";"59 844";"37 592";"27 561 583";"2024-09-03 23:56:14"
"2024-09-08";"";"50 269";"79 548";"27 561 775";"2024-09-08 04:37:38"
"2024-09-04";"";"88 560";"5 246";"27 563 051";"2024-09-04 17:26:38"
"2024-09-02";"";"12 019 219";"8 371 010";"27 562 156";"2024-09-03 00:09:22"
"2024-09-05";"";"146 201";"141 456";"27 562 550";"2024-09-05 20:17:56"
"2024-09-06";"";"286 561";"14 523";"27 563 404";"2024-09-06 07:04:10"
"2024-09-04";"Instagram";"273 594 795";"4 498 930";"27 562 841";"2024-09-04 16:25:57"
"2024-09-05";"WhatsApp";"3 649 074";"2 687 167";"27 563 109";"2024-09-05 04:01:02"
"2024-09-08";"";"895 824";"71 809";"27 562 935";"2024-09-08 04:13:16"
"2024-09-10";"";"32 172";"3 169";"27 563 396";"2024-09-10 16:01:53"
"2024-09-08";"";"156 952";"371 635";"27 563 254";"2024-09-08 14:47:05"
"2024-09-02";"";"1 417 562";"336 378";"27 561 865";"2024-09-02 23:20:19"
"2024-09-04";"YouTube";"331 988 224";"18 653 848";"27 562 803";"2024-09-04 11:32:20"
"2024-09-02";"YouTube";"558 922";"43 037";"27 563 203";"2024-09-02 18:39:19"
"2024-09-09";"";"349 621";"29 365";"27 561 920";"2024-09-09 05:26:09"
"2024-09-04";"";"26 932";"1 940";"27 563 210";"2024-09-04 03:12:48"
"2024-09-06";"";"376 038";"31 396";"27 562 003";"2024-09-06 13:34:54"
"2024-09-01";"Facebook";"188 991";"8 828";"27 562 642";"2024-09-01 14:59:58"
"2024-09-03";"";"138 056";"40 427";"27 562 479";"2024-09-03 22:43:44"
"2024-09-05";"";"41 754";"28 298";"27 561 806";"2024-09-05 23:32:40"
"2024-09-03";"";"46 083";"79 360";"27 562 487";"2024-09-03 22:43:54"
"2024-09-01";"Likee";"2 548 051";"263 514";"27 562 069";"2024-09-01 16:25:35"
"2024-09-02";"YouTube";"34 512";"14 116";"27 561 761";"2024-09-02 07:28:06"
"2024-09-09";"WhatsApp";"73 413";"26 308";"27 562 462";"2024-09-09 04:01:37"
"2024-09-01";"";"163 515";"22 954";"27 563 232";"2024-09-01 16:49:04"
"2024-09-03";"Yandex";"2 471 319";"158 394";"27 561 796";"2024-09-03 12:33:17"
"2024-09-09";"";"105 418";"8 047";"27 563 122";"2024-09-09 20:05:54"
"2024-09-10";"Instagram";"152 639 802";"4 128 490";"27 562 837";"2024-09-10 07:52:02"
"2024-09-03";"";"77 134";"9 946";"27 562 932";"2024-09-03 11:20:30"
"2024-09-06";"Instagram";"5 715 230";"248 352";"27 561 492";"2024-09-06 17:02:55"
"2024-09-06";"";"582 307";"272 660";"27 561 379";"2024-09-06 18:27:29"
"2024-09-04";"";"31 541";"10 495";"27 561 822";"2024-09-04 15:36:00"
"2024-09-01";"";"256 887";"11 182";"27 563 247";"2024-09-01 16:49:40"
"2024-09-07";"";"124 112";"22 275";"27 562 884";"2024-09-07 14:47:23"
"2024-09-09";"";"64 909";"19 326";"27 562 364";"2024-09-09 22:55:02"
"2024-09-05";"";"34 221";"3 004";"27 562 076";"2024-09-05 04:25:12"
"2024-09-08";"Instagram";"46 133 588";"2 897 685";"27 561 887";"2024-09-08 20:53:52"
"2024-09-10";"";"119 346";"40 136";"27 562 985";"2024-09-10 05:02:34"
"2024-09-07";"";"1 208 507";"86 319";"27 561 286";"2024-09-07 05:26:48"
"2024-09-05";"";"96 482";"6 204";"27 561 224";"2024-09-05 17:26:06"
"2024-09-07";"";"8 169 971";"332 353";"27 563 048";"2024-09-07 15:24:03"
"2024-09-02";"";"243 857";"37 042";"27 563 286";"2024-09-02 06:39:48"
"2024-09-09";"";"967 071";"80 473";"27 561 992";"2024-09-09 19:04:35"
"2024-09-10";"YouTube";"261 494";"55 344";"27 562 698";"2024-09-10 17:38:48"
"2024-09-10";"";"27 063";"11 531";"27 562 477";"2024-09-10 05:14:25"
"2024-09-02";"";"7 603 336";"330 624";"27 561 557";"2024-09-02 19:40:19"
"2024-09-01";"";"152 823";"67 198";"27 561 510";"2024-09-01 16:01:40"
"2024-09-06";"";"1 797 631";"681 342";"27 563 273";"2024-09-06 16:13:09"
"2024-09-07";"";"578 859";"70 491";"27 562 025";"2024-09-07 09:30:13"
"2024-09-01";"YouTube";"56 846";"257 243";"27 561 325";"2024-09-01 04:49:20"
"2024-09-04";"Facebook";"27 430";"1 997";"27 562 273";"2024-09-04 06:27:54"
"2024-09-02";"";"94 123";"8 466";"27 561 651";"2024-09-02 16:49:05"
"2024-09-04";"";"32 547";"13 962";"27 562 698";"2024-09-05 00:09:45"
"2024-09-03";"";"136 080";"19 151";"27 563 221";"2024-09-04 02:11:52"
"2024-09-04";"YouTube";"218 393";"16 144";"27 562 170";"2024-09-04 12:57:05"
"2024-09-05";"";"268 060";"31 998";"27 561 622";"2024-09-05 13:58:00"
"2024-09-03";"";"779 173";"413 942";"27 563 402";"2024-09-03 06:15:51"
"2024-09-02";"";"226 995";"58 053";"27 561 715";"2024-09-02 03:48:30"
"2024-09-07";"";"116 050";"9 102";"27 562 842";"2024-09-07 19:52:51"
"2024-09-03";"";"69 366";"2 163";"27 562 127";"2024-09-03 12:09:55"
"2024-09-08";"";"6 755 772";"215 950";"27 562 259";"2024-09-08 13:22:57"
"2024-09-06";"";"775 935";"1 655 919";"27 561 436";"2024-09-06 09:54:18"
"2024-09-03";"";"27 085";"3 161";"27 561 593";"2024-09-03 09:06:02"
"2024-09-06";"";"26 253";"15 523";"27 562 552";"2024-09-06 19:16:57"
"2024-09-03";"Yandex";"586 176";"280 009";"27 562 366";"2024-09-03 04:25:21"
"2024-09-06";"";"13 451";"35 581";"27 561 772";"2024-09-06 03:12:10"
"2024-09-08";"Facebook";"35 621";"3 385";"27 561 902";"2024-09-08 09:06:30"
"2024-09-08";"";"194 431";"676 457";"27 561 352";"2024-09-08 03:48:08"
"2024-09-07";"Odnoklassniki";"434 334";"106 078";"27 561 454";"2024-09-07 07:52:04"
"2024-09-04";"";"231 708";"9 220";"27 562 474";"2024-09-04 19:28:09"
"2024-09-04";"";"6 723 043";"172 589";"27 562 941";"2024-09-04 03:12:16"
"2024-09-09";"";"35 201";"2 142";"27 563 080";"2024-09-10 02:23:13"
"2024-09-09";"";"308 736";"15 847";"27 561 712";"2024-09-09 10:43:05"
"2024-09-09";"";"110 776";"5 384";"27 561 243";"2024-09-09 03:00:21"
"2024-09-08";"Telegram";"135 704 634";"6 835 352";"27 561 831";"2024-09-08 05:26:39"
"2024-09-04";"";"145 598";"86 579";"27 562 708";"2024-09-04 04:37:41"
"2024-09-08";"";"172 238";"9 819";"27 563 168";"2024-09-08 20:17:20"
"2024-09-10";"Facebook";"116 169";"41 427";"27 562 812";"2024-09-10 15:36:15"
"2024-09-09";"WhatsApp";"1 251 325";"2 659 619";"27 562 520";"2024-09-09 03:24:49"
"2024-09-01";"Instagram";"8 259 069";"307 846";"27 562 261";"2024-09-01 22:55:49"
"2024-09-01";"";"256 978";"7 250";"27 563 515";"2024-09-01 15:48:02"
"2024-09-03";"YouTube";"2 020 512";"115 676";"27 562 558";"2024-09-03 23:08:01"
"2024-09-02";"";"27 518";"7 935";"27 563 453";"2024-09-02 08:53:54"
"2024-09-03";"";"426 611";"13 262";"27 561 536";"2024-09-03 04:13:18"
"2024-09-02";"Odnoklassniki";"54 298";"11 680";"27 562 521";"2024-09-02 05:38:59"
"2024-09-05";"Unknown";"38 717";"3 877";"27 561 197";"2024-09-05 21:54:05"
"2024-09-02";"Facebook";"291 694";"30 201";"27 562 587";"2024-09-02 10:55:38"
"2024-09-03";"YouTube";"442 222";"162 845";"27 562 691";"2024-09-03 06:27:50"
"2024-09-08";"Facebook";"60 126";"43 511";"27 563 020";"2024-09-08 08:17:16"
"2024-09-02";"";"16 245 556";"341 581";"27 561 392";"2024-09-02 20:17:31"
"2024-09-10";"Instagram";"172 210";"224 098";"27 562 348";"2024-09-10 23:08:03"
"2024-09-03";"";"40 318";"15 587";"27 562 696";"2024-09-03 12:45:19"
"2024-09-01";"";"335 755";"14 808";"27 562 388";"2024-09-01 22:43:25"
"2024-09-10";"Telegram";"3 385 302";"543 594";"27 562 955";"2024-09-10 03:36:48"
"2024-09-06";"";"271 177";"19 058";"27 561 237";"2024-09-06 06:15:22"
"2024-09-10";"YouTube";"265 089";"47 475";"27 562 504";"2024-09-10 15:24:05"
"2024-09-02";"";"17 629 246";"1 004 471";"27 561 662";"2024-09-03 00:57:37"
"2024-09-06";"Unknown";"56 068";"2 367";"27 561 217";"2024-09-06 22:55:44"
"2024-09-09";"";"226 886";"24 575";"27 562 506";"2024-09-09 16:01:54"
"2024-09-10";"Instagram";"3 500 835";"153 244";"27 562 125";"2024-09-10 10:19:00"
"2024-09-05";"";"294 509";"27 603";"27 562 124";"2024-09-05 11:32:41"
"2024-09-03";"";"15 076";"65 507";"27 562 753";"2024-09-03 18:03:25"
"2024-09-08";"";"1 406 945";"2 102 996";"27 561 697";"2024-09-08 16:01:59"
"2024-09-07";"";"85 811";"73 248";"27 561 944";"2024-09-07 14:59:30"
"2024-09-03";"Facebook";"235 149";"18 697";"27 563 216";"2024-09-04 01:46:18"
"2024-09-07";"";"226 158";"13 978";"27 561 974";"2024-09-07 19:16:01"
"2024-09-01";"";"583 124";"28 339";"27 562 592";"2024-09-01 18:03:54"
"2024-09-07";"";"89 072";"5 649";"27 561 600";"2024-09-07 20:41:47"
"2024-09-07";"";"235 616";"8 776";"27 562 991";"2024-09-07 03:12:43"
"2024-09-06";"";"25 364";"40 379";"27 562 317";"2024-09-06 10:43:57"
"2024-09-01";"Telegram";"3 175 158";"245 688";"27 563 157";"2024-09-01 09:06:08"
"2024-09-03";"";"71 577";"8 234";"27 561 882";"2024-09-03 14:11:18"
"2024-09-07";"WhatsApp";"25 242 667";"262 523 684";"27 563 031";"2024-09-07 18:51:03"
"2024-09-01";"YouTube";"1 724 775";"625 765";"27 563 168";"2024-09-01 07:40:45"
"2024-09-07";"";"5 376 566";"374 915";"27 561 629";"2024-09-07 04:01:34"
"2024-09-02";"";"518 029";"1 357 158";"27 561 352";"2024-09-02 22:07:31"
"2024-09-02";"";"1 320 864";"102 058";"27 562 622";"2024-09-02 13:22:09"
"2024-09-01";"YouTube";"1 643 247";"138 833";"27 563 507";"2024-09-01 11:20:00"
"2024-09-04";"";"105 385";"92 976";"27 562 571";"2024-09-04 04:01:03"
"2024-09-10";"Instagram";"76 073 348";"1 996 298";"27 563 153";"2024-09-11 01:46:36"
"2024-09-10";"YouTube";"2 480 901";"1 846 390";"27 563 024";"2024-09-10 22:31:12"
"2024-09-05";"Instagram";"4 228 379";"296 896";"27 562 415";"2024-09-05 06:15:12"
"2024-09-05";"";"26 489";"4 103";"27 563 177";"2024-09-05 19:52:05"
"2024-09-04";"Instagram";"138 152";"47 181";"27 562 751";"2024-09-04 08:53:53"
"2024-09-09";"";"107 140";"73 139";"27 563 369";"2024-09-09 18:39:02"
"2024-09-03";"";"9 054";"54 195";"27 562 977";"2024-09-03 12:09:32"
"2024-09-09";"Yandex";"723 145";"46 516";"27 563 463";"2024-09-09 08:41:16"
"2024-09-05";"Facebook";"1 613 907";"1 058 220";"27 563 022";"2024-09-05 18:27:21"
"2024-09-06";"";"2 908 657";"526 786";"27 563 273";"2024-09-06 14:23:34"
"2024-09-04";"Instagram";"19 156 754";"658 196";"27 562 737";"2024-09-05 01:10:29"
"2024-09-05";"";"1 250";"56 810";"27 561 355";"2024-09-05 07:40:40"
"2024-09-07";"";"1 057 127";"71 854";"27 562 861";"2024-09-08 00:21:09"
"2024-09-06";"";"506 774";"304 193";"27 561 224";"2024-09-06 10:07:09"
"2024-09-09";"";"53 522";"2 634";"27 562 497";"2024-09-09 23:56:21"
"2024-09-02";"";"63 840";"44 613";"27 562 098";"2024-09-03 00:33:04"
"2024-09-02";"";"445 669";"478 319";"27 563 448";"2024-09-02 15:48:59"
"2024-09-07";"YouTube";"3 934 045";"1 240 544";"27 562 701";"2024-09-08 00:09:25"
"2024-09-03";"";"157 297";"11 159";"27 562 722";"2024-09-03 03:36:04"
"2024-09-06";"";"26 536";"3 732";"27 562 861";"2024-09-06 07:28:02"
"2024-09-02";"Facebook";"1 092 745";"769 210";"27 561 533";"2024-09-02 14:35:19"
"2024-09-03";"Telegram";"22 604 314";"2 413 538";"27 561 393";"2024-09-03 15:12:38"
"2024-09-07";"";"9 737";"77 915";"27 562 992";"2024-09-07 07:52:36"
"2024-09-04";"Instagram";"5 154 251";"6 424 229";"27 562 899";"2024-09-04 19:40:44"
"2024-09-04";"";"680 898";"570 687";"27 563 289";"2024-09-04 12:45:35"
"2024-09-05";"YouTube";"87 515 588";"6 657 901";"27 562 787";"2024-09-05 12:09:34"
"2024-09-05";"";"397 491";"102 906";"27 563 371";"2024-09-06 00:57:23"
"2024-09-10";"";"1 892 343";"59 576";"27 563 069";"2024-09-11 02:59:19"
"2024-09-02";"";"693 016";"105 275";"27 561 725";"2024-09-02 06:51:02"
"2024-09-05";"YouTube";"76 815";"9 507";"27 561 303";"2024-09-05 21:42:23"
"2024-09-04";"";"29 864";"29 728";"27 563 088";"2024-09-04 03:12:55"
"2024-09-05";"VKontakte";"114 010 034";"4 026 585";"27 563 393";"2024-09-05 14:59:46"
"2024-09-01";"";"83 138";"4 752";"27 562 441";"2024-09-01 05:50:38"
"2024-09-08";"YouTube";"260 949";"104 850";"27 562 404";"2024-09-08 18:39:57"
"2024-09-06";"";"28 751";"3 613";"27 562 441";"2024-09-06 15:24:23"
"2024-09-08";"";"70 104";"2 991";"27 562 202";"2024-09-08 18:15:10"
"2024-09-01";"YouTube";"435 040";"185 760";"27 562 223";"2024-09-01 19:40:28"
"2024-09-09";"";"660 546";"407 703";"27 562 168";"2024-09-09 12:09:02"
"2024-09-04";"";"3 083 864";"712 398";"27 562 791";"2024-09-04 17:02:42"
"2024-09-04";"";"347 514";"20 895";"27 562 861";"2024-09-04 12:09:24"
"2024-09-05";"";"1 291 136";"84 737";"27 561 992";"2024-09-05 04:13:18"
"2024-09-07";"Yandex";"290 466";"22 113";"27 562 808";"2024-09-07 06:39:05"
"2024-09-05";"Facebook";"6 838 500";"245 061";"27 563 210";"2024-09-05 12:21:35"
"2024-09-03";"Telegram";"244 668 361";"10 391 040";"27 561 458";"2024-09-03 04:01:54"
"2024-09-03";"YouTube";"3 874 667";"185 322";"27 563 232";"2024-09-03 08:29:39"
"2024-09-06";"";"94 404 039";"5 761 267";"27 562 989";"2024-09-06 13:46:13"
"2024-09-04";"";"2 679 955";"138 242";"27 561 805";"2024-09-05 00:57:41"
"2024-09-10";"";"26 778";"12 915";"27 562 960";"2024-09-11 00:33:36"
"2024-09-03";"";"27 297";"2 928";"27 561 687";"2024-09-03 12:45:02"
"2024-09-02";"";"200 407";"148 698";"27 561 865";"2024-09-02 04:25:11"
"2024-09-04";"";"34 727";"18 313";"27 562 049";"2024-09-04 03:00:50"
"2024-09-02";"";"27 600";"8 526";"27 563 409";"2024-09-02 09:06:01"
"2024-09-06";"";"810 213";"12 923";"27 562 261";"2024-09-06 11:56:11"
"2024-09-10";"";"105 565";"3 724";"27 562 935";"2024-09-10 20:29:12"
"2024-09-05";"";"16 078";"52 304";"27 562 320";"2024-09-05 09:42:23"
"2024-09-05";"";"97 547";"152 515";"27 561 622";"2024-09-05 09:42:40"
"2024-09-03";"";"6 294 148";"882 154";"27 563 378";"2024-09-03 17:02:03"
"2024-09-05";"";"37 433";"13 420";"27 563 024";"2024-09-06 00:33:28"
"2024-09-09";"";"1 292 199";"60 576";"27 562 823";"2024-09-09 18:15:27"
"2024-09-05";"YouTube";"44 668";"6 132";"27 562 587";"2024-09-05 19:40:28"
"2024-09-02";"";"24 580";"73 372";"27 561 482";"2024-09-02 11:32:19"
