"date_id";"option_name";"bytes_in";"bytes_out";"account_id";"option_datetime"
"2024-09-01";"YouTube";"5 296";"56 148";"27 562 012";"2024-09-01 07:04:14"
"2024-09-06";"";"53 239";"3 321";"27 561 539";"2024-09-06 19:40:25"
"2024-09-06";"";"148 113";"94 607";"27 561 920";"2024-09-06 11:20:27"
"2024-09-10";"";"399 158";"530 296";"27 561 281";"2024-09-10 09:54:54"
"2024-09-02";"YouTube";"233 796";"109 506";"27 561 818";"2024-09-02 09:42:13"
"2024-09-08";"";"167 865";"19 731";"27 563 318";"2024-09-08 15:36:15"
"2024-09-05";"";"519 939";"69 865";"27 562 612";"2024-09-05 07:04:18"
"2024-09-04";"YouTube";"1 014 915";"489 641";"27 561 292";"2024-09-04 23:56:45"
"2024-09-06";"Telegram";"2 005 945";"237 439";"27 563 379";"2024-09-06 11:44:53"
"2024-09-01";"";"1 635 202";"304 814";"27 563 218";"2024-09-01 03:36:20"
"2024-09-03";"";"920 438";"50 133";"27 563 514";"2024-09-03 14:11:45"
"2024-09-06";"";"31 537";"4 329";"27 561 721";"2024-09-06 13:46:58"
"2024-09-03";"";"48 503 786";"6 686 451";"27 561 213";"2024-09-03 08:17:22"
"2024-09-06";"";"79 185";"9 622";"27 562 397";"2024-09-06 10:07:48"
"2024-09-02";"";"113 241";"18 223";"27 561 634";"2024-09-02 19:04:54"
"2024-09-05";"";"1 192 487";"263 631";"27 561 871";"2024-09-05 17:38:41"
"2024-09-04";"Instagram";"692 511";"76 099";"27 562 956";"2024-09-04 13:10:06"
"2024-09-01";"";"697 558";"78 272";"27 562 252";"2024-09-01 09:30:18"
"2024-09-03";"YouTube";"93 247 298";"3 668 043";"27 562 050";"2024-09-03 08:41:33"
"2024-09-05";"Instagram";"1 508 733";"324 335";"27 562 048";"2024-09-05 23:08:30"
"2024-09-06";"";"27 201";"4 626";"27 563 261";"2024-09-06 06:27:18"
"2024-09-05";"";"38 544";"7 406";"27 563 491";"2024-09-05 17:50:39"
"2024-09-10";"";"324 026";"52 927";"27 563 060";"2024-09-10 12:33:49"
"2024-09-09";"YouTube";"38 774";"2 240";"27 562 441";"2024-09-10 01:34:50"
"2024-09-05";"";"335 823";"41 030";"27 563 058";"2024-09-05 08:53:48"
"2024-09-07";"";"97 276";"28 308";"27 562 355";"2024-09-07 19:04:55"
"2024-09-09";"";"126 176";"629 697";"27 561 965";"2024-09-09 20:53:58"
"2024-09-02";"Instagram";"56 612 267";"1 756 514";"27 563 467";"2024-09-02 16:01:07"
"2024-09-09";"";"17 684";"30 827";"27 562 850";"2024-09-09 10:31:05"
"2024-09-06";"";"95 038";"7 512";"27 562 455";"2024-09-07 01:10:05"
"2024-09-07";"";"320 138";"100 755";"27 562 841";"2024-09-07 08:53:08"
"2024-09-10";"";"34 740";"2 878";"27 562 674";"2024-09-10 13:58:16"
"2024-09-03";"";"80 132";"6 931";"27 561 767";"2024-09-03 18:03:30"
"2024-09-03";"Instagram";"56 276";"1 906";"27 563 445";"2024-09-03 09:42:41"
"2024-09-08";"Telegram";"3 068 784";"333 601";"27 561 822";"2024-09-08 04:25:03"
"2024-09-05";"";"321 674";"27 637";"27 562 968";"2024-09-05 18:51:13"
"2024-09-05";"Likee";"260 385";"99 831";"27 562 372";"2024-09-05 03:36:02"
"2024-09-09";"";"189 069";"56 351";"27 561 468";"2024-09-09 23:20:54"
"2024-09-07";"";"199 510";"315 298";"27 562 622";"2024-09-07 11:08:48"
"2024-09-10";"";"85 907";"6 530";"27 561 253";"2024-09-10 16:37:24"
"2024-09-02";"";"26 682";"11 632";"27 561 732";"2024-09-02 13:34:23"
"2024-09-06";"";"119 856";"5 589";"27 561 276";"2024-09-07 00:45:54"
"2024-09-05";"";"131 213";"21 334";"27 562 593";"2024-09-05 06:27:25"
"2024-09-03";"";"599 159";"39 426";"27 562 080";"2024-09-03 20:05:25"
"2024-09-05";"";"52 008";"14 640";"27 561 600";"2024-09-05 03:48:06"
"2024-09-03";"";"66 056";"143 497";"27 562 675";"2024-09-03 12:33:55"
"2024-09-07";"";"50 728";"134 726";"27 562 520";"2024-09-07 09:54:54"
"2024-09-02";"";"4 390";"35 106";"27 562 033";"2024-09-02 19:16:34"
"2024-09-04";"Yandex";"3 515 344";"193 246";"27 562 436";"2024-09-04 17:50:05"
"2024-09-05";"YouTube";"212 814 197";"17 123 820";"27 562 402";"2024-09-05 20:17:00"
"2024-09-05";"";"28 210";"1 445";"27 562 733";"2024-09-05 18:15:56"
"2024-09-10";"";"53 711";"12 496";"27 562 282";"2024-09-10 18:27:02"
"2024-09-03";"YouTube";"1 593 453";"92 274";"27 563 392";"2024-09-03 18:27:57"
"2024-09-06";"";"37 180";"16 138";"27 563 041";"2024-09-06 17:38:53"
"2024-09-01";"Facebook";"129 833";"16 457";"27 562 447";"2024-09-01 13:10:22"
"2024-09-04";"";"2 508 240";"93 818";"27 562 445";"2024-09-04 05:38:40"
"2024-09-08";"Yandex";"103 363";"88 312";"27 562 257";"2024-09-08 14:35:56"
"2024-09-01";"Instagram";"301 382";"16 569";"27 561 421";"2024-09-02 02:11:59"
"2024-09-05";"Yandex";"2 420 653";"543 556";"27 562 907";"2024-09-05 20:29:02"
"2024-09-04";"";"76 944 416";"4 908 860";"27 563 165";"2024-09-04 07:16:12"
"2024-09-01";"YouTube";"577 536";"758 812";"27 561 362";"2024-09-01 07:28:43"
"2024-09-02";"YouTube";"324 163";"1 751 823";"27 562 402";"2024-09-02 13:46:59"
"2024-09-07";"";"667 877";"102 806";"27 563 009";"2024-09-07 22:43:26"
"2024-09-03";"Facebook";"330 536";"34 161";"27 563 048";"2024-09-03 20:17:46"
"2024-09-10";"";"947 007";"140 593";"27 561 956";"2024-09-10 19:40:16"
"2024-09-08";"YouTube";"390 558";"75 844";"27 561 288";"2024-09-08 13:22:44"
"2024-09-03";"";"720 888";"281 274";"27 561 176";"2024-09-03 21:42:01"
"2024-09-08";"YouTube";"874 066";"90 925";"27 562 968";"2024-09-09 02:11:49"
"2024-09-08";"Facebook";"4 036 385";"156 224";"27 561 788";"2024-09-08 04:49:46"
"2024-09-02";"Yandex";"43 292";"16 858";"27 562 197";"2024-09-02 09:30:01"
"2024-09-02";"";"65 145";"31 938";"27 563 500";"2024-09-02 06:03:10"
"2024-09-08";"Instagram";"3 506 817";"173 534";"27 563 131";"2024-09-09 02:11:23"
"2024-09-06";"";"182 778";"12 819";"27 562 703";"2024-09-07 00:57:35"
"2024-09-05";"Instagram";"76 402 682";"1 564 219";"27 561 701";"2024-09-06 00:21:29"
"2024-09-08";"";"36 508";"4 632";"27 562 808";"2024-09-08 07:40:51"
"2024-09-10";"";"225 961";"7 941";"27 563 421";"2024-09-11 01:22:59"
"2024-09-06";"";"55 709";"3 582";"27 562 675";"2024-09-06 14:11:52"
"2024-09-04";"";"1 175 382";"167 762";"27 561 621";"2024-09-04 11:44:51"
"2024-09-04";"";"53 174";"2 939";"27 562 122";"2024-09-04 04:13:21"
"2024-09-01";"Facebook";"140 807";"63 736";"27 561 214";"2024-09-01 18:03:05"
"2024-09-08";"WhatsApp";"226 977";"22 149";"27 562 168";"2024-09-08 09:06:31"
"2024-09-07";"";"231 177";"34 934";"27 562 935";"2024-09-08 02:11:21"
"2024-09-10";"";"661 774";"137 840";"27 562 965";"2024-09-10 09:54:16"
"2024-09-05";"";"658 331";"45 781";"27 561 184";"2024-09-05 03:12:21"
"2024-09-06";"";"65 739";"48 701";"27 561 714";"2024-09-06 11:20:04"
"2024-09-04";"";"537 052";"134 033";"27 561 810";"2024-09-05 00:45:50"
"2024-09-07";"Instagram";"5 094 941";"6 206 978";"27 563 099";"2024-09-07 10:19:39"
"2024-09-09";"";"57 463";"4 869";"27 562 865";"2024-09-09 07:52:23"
"2024-09-03";"";"9 216";"58 610";"27 561 225";"2024-09-03 05:26:18"
"2024-09-08";"WhatsApp";"1 257 543";"268 988";"27 562 058";"2024-09-08 14:11:25"
"2024-09-10";"";"40 335";"5 412";"27 562 571";"2024-09-10 06:27:37"
"2024-09-05";"Telegram";"18 208 262";"893 610";"27 561 907";"2024-09-05 11:32:38"
"2024-09-07";"";"54 534";"27 590";"27 561 975";"2024-09-07 23:44:41"
"2024-09-02";"YouTube";"711 779";"46 815";"27 561 895";"2024-09-02 05:14:25"
"2024-09-07";"PUBG";"33 246";"12 916";"27 562 710";"2024-09-07 13:22:41"
"2024-09-06";"";"526 597";"30 516";"27 563 424";"2024-09-06 04:13:51"
"2024-09-07";"";"639 226";"168 458";"27 561 503";"2024-09-07 15:24:36"
"2024-09-08";"";"1 207 380";"50 463";"27 562 204";"2024-09-08 06:03:38"
"2024-09-08";"Telegram";"1 835 158";"4 906 299";"27 562 681";"2024-09-08 04:37:34"
"2024-09-09";"";"2 695 865";"65 780";"27 563 212";"2024-09-09 16:25:16"
"2024-09-02";"";"127 555";"46 048";"27 561 884";"2024-09-02 14:23:56"
"2024-09-07";"";"834 270";"152 148";"27 562 497";"2024-09-07 21:18:24"
"2024-09-03";"";"445 276";"85 662";"27 563 240";"2024-09-03 13:58:29"
"2024-09-05";"YouTube";"257 681";"463 896";"27 561 989";"2024-09-05 20:17:15"
"2024-09-04";"";"62 260";"24 156";"27 563 413";"2024-09-04 19:16:24"
"2024-09-08";"";"22 166 063";"32 672 904";"27 562 226";"2024-09-09 02:47:49"
"2024-09-10";"";"133 644";"13 734";"27 563 267";"2024-09-10 21:18:33"
"2024-09-10";"Odnoklassniki";"188 886";"8 986";"27 562 578";"2024-09-10 19:52:58"
"2024-09-04";"";"201 095";"13 400";"27 562 365";"2024-09-04 10:55:44"
"2024-09-04";"";"1 655 374";"29 645";"27 562 033";"2024-09-04 06:39:50"
"2024-09-01";"Instagram";"28 444 779";"964 166";"27 561 402";"2024-09-01 20:05:29"
"2024-09-06";"YouTube";"1 004 342";"389 620";"27 561 745";"2024-09-06 21:42:19"
"2024-09-03";"Yandex";"2 056 176";"94 660";"27 561 290";"2024-09-03 07:16:28"
"2024-09-03";"";"2 306 707";"503 326";"27 562 291";"2024-09-03 20:53:20"
"2024-09-01";"Facebook";"14 092 714";"735 137";"27 562 022";"2024-09-01 06:51:18"
"2024-09-10";"Facebook";"18 314 184";"825 231";"27 561 586";"2024-09-10 18:15:54"
"2024-09-07";"Facebook";"1 134 958";"58 669";"27 561 567";"2024-09-07 14:47:56"
"2024-09-09";"";"1 596 900";"163 814";"27 563 047";"2024-09-09 05:14:27"
"2024-09-02";"";"525 130";"20 236";"27 562 156";"2024-09-02 17:26:53"
"2024-09-03";"YouTube";"413 358";"56 972";"27 561 835";"2024-09-03 05:50:23"
"2024-09-01";"";"30 404";"10 040";"27 562 580";"2024-09-01 07:04:44"
"2024-09-06";"";"1 640 842";"76 598";"27 563 154";"2024-09-06 03:00:14"
"2024-09-08";"";"137 274";"16 083";"27 563 153";"2024-09-09 00:57:33"
"2024-09-01";"";"2 110";"98 308";"27 562 934";"2024-09-01 05:38:44"
"2024-09-04";"";"31 121";"2 531";"27 562 156";"2024-09-04 07:52:36"
"2024-09-08";"Instagram";"1 147 993";"112 412";"27 562 454";"2024-09-09 00:45:04"
"2024-09-05";"";"33 528";"5 738";"27 561 888";"2024-09-05 05:26:32"
"2024-09-07";"Tas-ix";"5 314 429";"1 484 542";"27 563 193";"2024-09-07 14:11:09"
"2024-09-02";"YouTube";"1 820 703";"289 249";"27 562 639";"2024-09-02 19:52:39"
"2024-09-06";"Instagram";"8 863 730";"360 300";"27 562 118";"2024-09-06 17:50:20"
"2024-09-02";"";"109 253";"5 008";"27 563 114";"2024-09-03 00:21:02"
"2024-09-03";"YouTube";"64 310";"10 443";"27 562 905";"2024-09-03 20:53:27"
"2024-09-06";"";"18 303 964";"1 166 921";"27 562 172";"2024-09-07 00:45:08"
"2024-09-08";"";"792 541";"101 651";"27 563 143";"2024-09-08 03:12:01"
"2024-09-07";"";"61 617";"8 426";"27 562 051";"2024-09-07 14:23:40"
"2024-09-10";"";"277 144";"63 068";"27 562 469";"2024-09-10 15:12:42"
"2024-09-02";"Instagram";"199 992 590";"5 022 950";"27 562 717";"2024-09-02 07:40:15"
"2024-09-10";"Instagram";"36 275 352";"724 552";"27 561 320";"2024-09-10 19:04:39"
"2024-09-10";"";"95 639";"7 203";"27 561 686";"2024-09-10 05:02:08"
"2024-09-08";"";"45 891";"2 756";"27 562 552";"2024-09-09 02:47:06"
"2024-09-02";"";"223 444";"105 856";"27 561 347";"2024-09-02 23:20:53"
"2024-09-03";"WhatsApp";"59 800";"46 132";"27 561 421";"2024-09-03 23:32:39"
"2024-09-09";"Spotify";"63 560";"6 958";"27 563 491";"2024-09-09 09:18:45"
"2024-09-05";"";"8 463 611";"307 296";"27 561 762";"2024-09-05 14:47:49"
"2024-09-10";"";"62 088";"4 115";"27 561 992";"2024-09-10 14:23:02"
"2024-09-10";"";"87 739";"5 167";"27 561 592";"2024-09-10 05:26:29"
"2024-09-08";"";"51 753";"247 665";"27 563 491";"2024-09-08 21:18:54"
"2024-09-05";"";"53 271";"76 491";"27 563 447";"2024-09-05 21:42:37"
"2024-09-09";"";"107 221";"26 329";"27 561 312";"2024-09-09 17:50:15"
"2024-09-09";"YouTube";"636 993";"67 587";"27 561 676";"2024-09-09 15:00:25"
"2024-09-09";"";"1 100 847";"48 307";"27 563 083";"2024-09-09 13:34:31"
"2024-09-06";"";"275 001";"21 930";"27 562 778";"2024-09-06 06:51:29"
"2024-09-01";"Unknown";"8 499";"63 798";"27 562 049";"2024-09-01 12:57:02"
"2024-09-01";"";"35 362";"2 199";"27 562 437";"2024-09-01 04:01:15"
"2024-09-04";"";"32 867";"165 905";"27 561 718";"2024-09-04 07:52:07"
"2024-09-10";"Tas-ix";"2 450 944";"109 975";"27 563 073";"2024-09-11 02:59:49"
"2024-09-05";"";"1 712 900";"60 575";"27 562 266";"2024-09-05 22:55:34"
"2024-09-09";"Unknown";"2 915 475";"129 937";"27 561 171";"2024-09-09 07:52:34"
"2024-09-09";"";"144 858";"10 040";"27 562 167";"2024-09-09 05:38:48"
"2024-09-09";"";"704 035";"29 444";"27 561 426";"2024-09-09 18:39:14"
"2024-09-01";"";"53 685";"56 568";"27 561 362";"2024-09-02 00:33:22"
"2024-09-10";"";"40 912";"10 035";"27 563 114";"2024-09-10 22:07:29"
"2024-09-07";"";"524 347 586";"7 246 377";"27 562 511";"2024-09-07 14:23:59"
"2024-09-08";"Facebook";"143 500";"9 706";"27 562 037";"2024-09-08 17:26:32"
"2024-09-02";"";"1 091 137";"4 444";"27 563 511";"2024-09-02 08:41:35"
"2024-09-03";"";"5 477 993";"212 150";"27 563 030";"2024-09-03 10:43:21"
"2024-09-03";"";"60 067";"264 470";"27 563 008";"2024-09-03 12:57:05"
"2024-09-10";"Facebook";"83 095";"16 292";"27 562 142";"2024-09-10 06:27:33"
"2024-09-05";"";"1 080 694";"54 465";"27 561 330";"2024-09-05 10:19:11"
"2024-09-04";"";"205 193 854";"11 499 455";"27 562 039";"2024-09-05 00:09:33"
"2024-09-04";"Facebook";"4 818 820";"157 338";"27 563 109";"2024-09-05 01:58:21"
"2024-09-05";"";"394 580";"31 750";"27 562 438";"2024-09-05 21:30:03"
"2024-09-10";"";"27 330";"2 619";"27 563 371";"2024-09-11 00:09:59"
"2024-09-01";"";"403 816";"175 307";"27 562 675";"2024-09-01 06:03:31"
"2024-09-03";"";"46 787";"17 382";"27 563 291";"2024-09-03 20:29:41"
"2024-09-03";"Tas-ix";"652 795";"107 785";"27 561 284";"2024-09-03 23:20:45"
"2024-09-05";"Apple Music";"79 593";"5 199";"27 562 058";"2024-09-05 03:12:07"
"2024-09-07";"Facebook";"93 001";"7 818";"27 562 949";"2024-09-07 22:19:48"
"2024-09-03";"";"142 764";"9 020";"27 563 254";"2024-09-03 11:44:17"
"2024-09-08";"";"42 481";"22 811";"27 562 057";"2024-09-08 15:12:52"
"2024-09-06";"Facebook";"361 975";"1 356 974";"27 563 451";"2024-09-07 00:09:29"
"2024-09-03";"YouTube";"14 874";"26 526";"27 563 502";"2024-09-03 03:00:54"
"2024-09-08";"";"325 377";"55 610";"27 562 445";"2024-09-08 14:47:29"
"2024-09-01";"";"354 827";"9 969";"27 561 885";"2024-09-01 23:56:47"
"2024-09-08";"Yandex";"169 814";"179 034";"27 561 281";"2024-09-08 11:08:08"
"2024-09-09";"";"25 902";"4 747";"27 561 838";"2024-09-09 04:49:06"
"2024-09-06";"YouTube";"3 205 057";"989 763";"27 562 826";"2024-09-06 07:40:08"
"2024-09-06";"";"48 401";"5 127";"27 561 212";"2024-09-06 11:08:55"
"2024-09-06";"Likee";"362 430";"420 214";"27 561 347";"2024-09-06 07:04:26"
"2024-09-02";"";"188 594";"31 784";"27 563 009";"2024-09-02 13:58:43"
"2024-09-08";"Yandex";"257 254";"11 861";"27 561 892";"2024-09-08 06:15:51"
"2024-09-04";"";"175 512";"15 661";"27 562 192";"2024-09-04 16:13:51"
"2024-09-09";"";"30 053";"22 365";"27 562 264";"2024-09-09 05:38:44"
"2024-09-10";"";"147 272";"11 909";"27 561 800";"2024-09-10 16:01:31"
"2024-09-01";"";"27 464";"9 511";"27 561 232";"2024-09-01 18:15:09"
"2024-09-06";"";"32 198";"5 888";"27 563 314";"2024-09-07 01:46:20"
"2024-09-01";"Facebook";"199 741";"59 175";"27 562 014";"2024-09-01 07:16:09"
"2024-09-07";"Tas-ix";"550 678";"26 515";"27 562 721";"2024-09-07 20:53:11"
"2024-09-03";"TikTok";"915 950";"27 510 172";"27 562 741";"2024-09-03 21:42:41"
"2024-09-04";"";"48 880";"8 575";"27 562 144";"2024-09-05 02:35:34"
"2024-09-08";"";"158 815";"8 847";"27 562 398";"2024-09-09 01:22:56"
"2024-09-10";"Instagram";"3 683 117";"549 822";"27 562 439";"2024-09-10 14:59:29"
"2024-09-07";"Instagram";"108 860";"11 120";"27 561 369";"2024-09-07 07:40:59"
"2024-09-06";"";"668 312";"26 206";"27 561 934";"2024-09-06 09:18:45"
"2024-09-01";"";"87 582";"3 994";"27 563 148";"2024-09-01 19:16:15"
"2024-09-04";"Instagram";"12 848 507";"260 546";"27 561 908";"2024-09-04 16:13:50"
"2024-09-07";"";"32 371";"2 618";"27 563 061";"2024-09-08 00:09:49"
"2024-09-05";"";"58 163";"3 009";"27 561 290";"2024-09-05 23:32:11"
"2024-09-03";"WhatsApp";"109 472";"976 207";"27 561 707";"2024-09-03 18:39:56"
"2024-09-02";"";"477 427";"12 795";"27 562 527";"2024-09-03 01:22:42"
"2024-09-03";"";"654 517";"86 544";"27 561 776";"2024-09-03 16:01:30"
"2024-09-10";"";"96 252";"61 209";"27 562 815";"2024-09-11 00:21:14"
"2024-09-04";"";"77 530";"6 013";"27 561 737";"2024-09-05 02:23:55"
"2024-09-05";"";"69 796";"202 471";"27 562 007";"2024-09-05 14:47:22"
"2024-09-01";"";"36 152";"8 258";"27 561 370";"2024-09-01 13:10:24"
"2024-09-09";"";"27 790";"3 647";"27 561 456";"2024-09-10 00:57:14"
"2024-09-05";"";"262 546";"11 218";"27 562 780";"2024-09-05 23:44:37"
"2024-09-09";"YouTube";"3 346 736";"167 969";"27 562 711";"2024-09-09 04:25:47"
"2024-09-08";"";"56 405";"119 797";"27 563 228";"2024-09-08 21:42:22"
"2024-09-07";"";"30 954";"2 414";"27 562 998";"2024-09-07 11:08:33"
"2024-09-03";"";"113 897";"139 838";"27 563 415";"2024-09-03 10:55:17"
"2024-09-01";"";"26 920";"12 789";"27 563 352";"2024-09-01 16:49:37"
"2024-09-08";"";"66 885";"78 738";"27 561 361";"2024-09-08 18:03:16"
"2024-09-02";"YouTube";"22 169";"196 548";"27 562 739";"2024-09-02 08:17:27"
"2024-09-08";"";"1 813 882";"259 334";"27 562 534";"2024-09-08 03:36:32"
"2024-09-04";"PUBG";"3 382 547";"183 403";"27 562 100";"2024-09-04 09:30:19"
"2024-09-07";"YouTube";"1 638 544";"3 684 935";"27 563 304";"2024-09-07 18:39:14"
"2024-09-10";"";"123 606";"6 427";"27 561 596";"2024-09-10 04:13:40"
"2024-09-03";"";"26 243";"5 223";"27 563 234";"2024-09-03 05:26:14"
"2024-09-07";"";"85 093";"12 196";"27 563 140";"2024-09-07 20:29:12"
"2024-09-10";"";"26 390";"15 685";"27 561 573";"2024-09-10 06:15:00"
"2024-09-10";"";"205 353";"94 288";"27 562 404";"2024-09-10 04:01:56"
"2024-09-09";"YouTube";"426 489";"54 171";"27 561 213";"2024-09-09 15:00:06"
"2024-09-04";"YouTube";"1 175 515";"64 973";"27 561 350";"2024-09-04 03:48:44"
"2024-09-01";"";"15 297";"52 601";"27 562 663";"2024-09-01 05:38:18"
"2024-09-07";"";"44 377";"4 731";"27 561 650";"2024-09-07 07:28:11"
"2024-09-04";"";"175 339";"12 849";"27 561 673";"2024-09-04 07:28:21"
"2024-09-09";"";"101 171";"8 144";"27 562 263";"2024-09-09 22:55:13"
"2024-09-09";"";"134 465";"283 744";"27 562 845";"2024-09-09 12:09:42"
"2024-09-04";"";"1 129 466";"65 601";"27 562 143";"2024-09-04 14:47:10"
"2024-09-06";"YouTube";"240 035";"49 257";"27 563 001";"2024-09-06 23:32:12"
"2024-09-04";"";"487 080";"128 410";"27 562 955";"2024-09-04 13:10:34"
"2024-09-07";"";"1 291 723";"433 083";"27 563 336";"2024-09-08 01:46:28"
"2024-09-07";"";"5 158 361";"816 524";"27 561 251";"2024-09-07 16:25:48"
"2024-09-04";"";"901 999";"43 182";"27 562 967";"2024-09-04 16:01:31"
"2024-09-05";"";"31 221";"2 132";"27 562 898";"2024-09-05 20:53:33"
"2024-09-02";"";"219 006";"11 888";"27 561 690";"2024-09-02 17:14:28"
"2024-09-10";"";"721 819";"41 229";"27 562 445";"2024-09-10 19:28:10"
"2024-09-10";"";"176 633";"31 436";"27 563 432";"2024-09-10 16:49:40"
"2024-09-03";"";"66 408";"256 896";"27 561 179";"2024-09-03 03:24:53"
"2024-09-10";"";"97 415";"6 163";"27 562 442";"2024-09-10 21:18:15"
"2024-09-10";"Unknown";"63 557";"4 056";"27 562 607";"2024-09-10 08:53:16"
"2024-09-09";"Instagram";"2 094 659";"136 609";"27 562 048";"2024-09-09 15:48:52"
"2024-09-05";"";"35 493 432";"3 802 659";"27 562 167";"2024-09-05 06:51:20"
"2024-09-01";"";"43 593 242";"3 591 401";"27 563 066";"2024-09-01 22:43:06"
"2024-09-06";"Instagram";"6 450 166";"13 755 882";"27 563 031";"2024-09-06 19:28:40"
"2024-09-01";"";"26 167";"4 763";"27 562 513";"2024-09-01 21:30:09"
"2024-09-03";"";"109 627";"69 536";"27 561 884";"2024-09-03 06:03:51"
"2024-09-03";"";"44 418";"48 342";"27 563 365";"2024-09-03 03:00:27"
"2024-09-07";"";"1 179 748";"158 039";"27 562 421";"2024-09-07 06:27:57"
"2024-09-04";"VKontakte";"140 739";"11 859";"27 561 881";"2024-09-04 09:18:25"
"2024-09-02";"Instagram";"1 042 856";"50 510";"27 563 139";"2024-09-03 01:46:13"
"2024-09-02";"Telegram";"73 737 183";"8 210 782";"27 561 982";"2024-09-02 16:25:59"
"2024-09-06";"Apple Music";"1 175 097";"172 965";"27 561 481";"2024-09-06 09:42:40"
"2024-09-02";"Telegram";"424 585";"55 875";"27 561 252";"2024-09-02 07:40:04"
"2024-09-05";"";"234 234";"76 635";"27 562 571";"2024-09-06 00:09:48"
"2024-09-06";"";"211 102";"16 726";"27 562 146";"2024-09-06 23:08:58"
"2024-09-06";"";"116 683";"4 513";"27 562 615";"2024-09-06 23:56:11"
"2024-09-02";"";"2 089 449";"85 548";"27 563 154";"2024-09-03 00:57:29"
"2024-09-09";"";"113 405";"13 890";"27 561 529";"2024-09-10 02:35:12"
"2024-09-04";"";"178 658";"13 872";"27 561 767";"2024-09-04 05:50:05"
"2024-09-08";"Instagram";"17 451 930";"707 134";"27 563 338";"2024-09-08 19:04:30"
"2024-09-07";"";"83 849";"7 177";"27 561 752";"2024-09-07 21:06:10"
"2024-09-09";"";"7 733";"31 376";"27 561 545";"2024-09-09 16:49:31"
"2024-09-09";"PUBG";"7 118 559";"296 596";"27 562 613";"2024-09-09 22:55:51"
"2024-09-03";"";"391 961";"439 879";"27 562 240";"2024-09-03 03:00:38"
"2024-09-05";"WhatsApp";"23 408";"25 745";"27 563 325";"2024-09-05 04:13:11"
"2024-09-10";"IMO";"86 195";"4 271";"27 561 943";"2024-09-10 13:46:04"
"2024-09-09";"";"94 186";"49 692";"27 561 547";"2024-09-10 01:58:58"
"2024-09-10";"Instagram";"633 855";"36 075";"27 561 301";"2024-09-10 21:30:39"
"2024-09-07";"";"11 476 375";"630 576";"27 561 420";"2024-09-07 10:31:49"
"2024-09-04";"";"151 822";"134 370";"27 563 177";"2024-09-04 19:52:41"
"2024-09-07";"";"44 806";"7 028";"27 562 898";"2024-09-07 21:54:38"
"2024-09-07";"";"9 102";"51 050";"27 562 281";"2024-09-07 11:32:01"
"2024-09-07";"YouTube";"3 410 225";"195 249";"27 562 314";"2024-09-07 05:14:54"
"2024-09-05";"";"758 703";"50 812";"27 563 308";"2024-09-05 22:55:55"
"2024-09-07";"";"68 989 678";"1 375 652";"27 561 253";"2024-09-07 21:30:33"
"2024-09-04";"";"43 184 983";"2 109 069";"27 563 278";"2024-09-04 07:52:00"
"2024-09-09";"";"174 290";"12 649";"27 561 571";"2024-09-09 06:39:09"
"2024-09-02";"";"2 333 003";"1 497 128";"27 562 107";"2024-09-02 22:31:21"
"2024-09-07";"Telegram";"147 609";"13 082";"27 563 113";"2024-09-07 14:11:46"
"2024-09-07";"Telegram";"79 344 737";"3 668 765";"27 561 892";"2024-09-08 01:22:35"
"2024-09-02";"";"80 377";"101 816";"27 561 725";"2024-09-02 12:33:21"
"2024-09-09";"Instagram";"14 916 996";"347 991";"27 562 289";"2024-09-09 06:27:09"
"2024-09-10";"";"14 657";"34 227";"27 562 656";"2024-09-10 23:44:08"
"2024-09-10";"WhatsApp";"855 451";"147 497";"27 562 211";"2024-09-10 15:48:09"
"2024-09-04";"";"45 306";"6 021";"27 561 367";"2024-09-04 18:27:33"
"2024-09-05";"";"126 555";"14 679";"27 563 469";"2024-09-05 21:54:32"
"2024-09-02";"YouTube";"49 349";"32 454";"27 563 006";"2024-09-02 14:23:38"
"2024-09-04";"TikTok";"1 356";"53 981";"27 561 302";"2024-09-04 20:17:13"
"2024-09-03";"";"74 014";"6 769";"27 563 463";"2024-09-04 02:23:27"
"2024-09-10";"Instagram";"1 676 478";"85 395";"27 561 774";"2024-09-10 12:33:38"
"2024-09-09";"Instagram";"10 081 471";"353 281";"27 562 127";"2024-09-09 11:32:07"
"2024-09-09";"";"25 550 293";"1 302 627";"27 562 971";"2024-09-09 19:40:29"
"2024-09-02";"";"42 459";"3 943";"27 562 524";"2024-09-02 13:22:44"
"2024-09-03";"";"175 191";"17 560";"27 563 143";"2024-09-03 10:31:07"
"2024-09-05";"Telegram";"46 016 845";"2 521 030";"27 562 291";"2024-09-05 14:35:38"
"2024-09-03";"";"34 358";"18 081";"27 561 826";"2024-09-04 02:59:44"
"2024-09-07";"Yandex";"306 688";"26 589";"27 563 009";"2024-09-07 16:37:32"
"2024-09-04";"";"46 269 241";"3 459 520";"27 562 185";"2024-09-04 20:41:07"
"2024-09-05";"VKontakte";"750 622";"42 655";"27 562 803";"2024-09-05 08:17:12"
"2024-09-03";"";"263 712";"83 443";"27 562 951";"2024-09-03 22:55:51"
"2024-09-01";"";"26 086";"29 557";"27 562 240";"2024-09-01 14:23:16"
"2024-09-07";"";"2 066 541";"187 417";"27 562 506";"2024-09-08 01:58:39"
"2024-09-04";"";"149 831";"164 977";"27 562 629";"2024-09-04 03:48:28"
"2024-09-08";"";"65 875";"5 273";"27 563 238";"2024-09-08 15:48:51"
"2024-09-08";"Facebook";"264 803";"12 735";"27 562 903";"2024-09-08 05:38:15"
"2024-09-05";"";"33 821";"40 927";"27 561 670";"2024-09-05 15:48:27"
"2024-09-07";"";"27 709";"6 524";"27 563 030";"2024-09-07 12:33:42"
"2024-09-03";"";"161 271";"46 354";"27 563 011";"2024-09-03 04:25:36"
"2024-09-03";"";"66 068";"92 975";"27 561 947";"2024-09-03 22:43:30"
"2024-09-08";"Instagram";"9 480 961";"138 720";"27 562 766";"2024-09-08 04:01:16"
"2024-09-06";"";"1 150 804";"138 687";"27 563 462";"2024-09-06 22:31:54"
"2024-09-10";"";"28 474";"19 390";"27 562 784";"2024-09-10 11:44:58"
"2024-09-10";"";"61 820";"55 724";"27 562 597";"2024-09-10 19:04:35"
"2024-09-08";"YouTube";"322 744";"3 824 818";"27 561 347";"2024-09-08 05:02:15"
"2024-09-09";"";"37 719";"4 075";"27 561 573";"2024-09-09 13:34:57"
"2024-09-08";"";"165 503";"132 308";"27 561 862";"2024-09-08 22:31:38"
"2024-09-06";"";"94 359";"124 464";"27 562 264";"2024-09-06 18:03:28"
"2024-09-06";"YouTube";"229 597";"2 160 115";"27 562 105";"2024-09-06 11:32:17"
"2024-09-04";"";"51 532";"2 363";"27 561 958";"2024-09-04 18:15:58"
"2024-09-01";"Instagram";"641 547";"403 282";"27 563 308";"2024-09-01 16:49:08"
"2024-09-08";"";"1 268 696";"57 022";"27 563 083";"2024-09-08 09:18:57"
"2024-09-08";"";"95 651";"266 655";"27 563 169";"2024-09-08 05:26:23"
"2024-09-10";"";"989 502";"65 532";"27 561 485";"2024-09-10 21:54:50"
"2024-09-07";"";"5 815 914";"813 080";"27 562 612";"2024-09-07 05:14:49"
"2024-09-06";"Apple Music";"33 411";"6 028";"27 562 069";"2024-09-06 10:19:34"
"2024-09-10";"Instagram";"15 913 763";"3 628 348";"27 562 436";"2024-09-10 18:51:01"
"2024-09-01";"Instagram";"675 716";"37 643";"27 561 523";"2024-09-01 10:19:53"
"2024-09-03";"";"242 967";"30 560";"27 562 545";"2024-09-04 02:47:35"
"2024-09-01";"";"15 758";"35 644";"27 561 355";"2024-09-01 21:42:34"
"2024-09-04";"Instagram";"107 698 254";"2 379 853";"27 561 402";"2024-09-04 22:07:21"
"2024-09-04";"";"75 531";"6 195";"27 563 293";"2024-09-04 09:06:37"
"2024-09-07";"";"3 366 090";"145 090";"27 561 485";"2024-09-07 07:40:11"
"2024-09-01";"";"39 956";"1 881";"27 562 468";"2024-09-01 08:17:58"
"2024-09-10";"WhatsApp";"1 262 932";"49 543";"27 562 582";"2024-09-10 14:35:44"
"2024-09-08";"Instagram";"715 564";"78 775";"27 562 630";"2024-09-08 14:59:23"
"2024-09-10";"";"80 255";"8 948";"27 562 137";"2024-09-10 22:43:52"
"2024-09-08";"";"108 829";"76 511";"27 561 398";"2024-09-08 15:00:53"
"2024-09-05";"YouTube";"928 966";"121 494";"27 562 939";"2024-09-05 07:40:04"
"2024-09-09";"";"81 724";"5 021";"27 562 512";"2024-09-09 12:45:27"
"2024-09-07";"";"431 527";"818 799";"27 562 457";"2024-09-08 01:46:23"
"2024-09-08";"";"800 855";"42 340";"27 563 402";"2024-09-08 06:15:31"
"2024-09-08";"";"388 978";"19 041";"27 562 780";"2024-09-08 22:19:00"
"2024-09-05";"";"25 763";"4 509";"27 562 865";"2024-09-05 11:32:02"
"2024-09-03";"";"238 265";"414 804";"27 562 033";"2024-09-03 08:29:50"
"2024-09-03";"";"3 430 495";"154 828";"27 561 392";"2024-09-03 14:23:33"
"2024-09-10";"";"34 826";"1 183";"27 562 613";"2024-09-10 12:09:00"
"2024-09-03";"Instagram";"208 554";"8 964";"27 562 470";"2024-09-03 09:18:15"
"2024-09-05";"";"1 300 943";"171 269";"27 562 557";"2024-09-05 07:52:22"
"2024-09-10";"Instagram";"191 253";"12 801";"27 561 544";"2024-09-10 09:54:00"
"2024-09-02";"";"352 266";"17 040";"27 563 189";"2024-09-02 21:06:33"
"2024-09-02";"YouTube";"242 597";"90 188";"27 562 722";"2024-09-02 04:25:27"
"2024-09-03";"";"46 044";"8 334";"27 562 525";"2024-09-03 21:18:03"
"2024-09-08";"";"811 279";"53 236";"27 563 363";"2024-09-08 14:35:05"
"2024-09-09";"";"56 917";"7 317";"27 562 275";"2024-09-09 13:34:42"
"2024-09-07";"";"608 609";"223 765";"27 562 708";"2024-09-07 09:54:43"
"2024-09-03";"";"63 492";"146 901";"27 561 760";"2024-09-03 12:33:03"
"2024-09-01";"";"52 633";"8 541";"27 561 745";"2024-09-02 01:34:11"
"2024-09-03";"";"79 703";"24 905";"27 563 019";"2024-09-03 19:28:26"
"2024-09-10";"";"268 984";"11 059";"27 563 225";"2024-09-10 14:23:40"
"2024-09-08";"Facebook";"218 973";"348 487";"27 562 993";"2024-09-08 07:40:34"
"2024-09-02";"";"1 783 073";"206 598";"27 563 030";"2024-09-03 02:11:36"
"2024-09-06";"";"59 269";"6 428";"27 562 771";"2024-09-06 12:57:56"
"2024-09-03";"";"9 842 790";"506 192";"27 562 712";"2024-09-03 17:02:49"
"2024-09-10";"";"98 305";"8 976";"27 561 352";"2024-09-10 04:01:52"
"2024-09-04";"";"1 057 757";"272 608";"27 561 865";"2024-09-05 00:45:43"
"2024-09-01";"";"85 712";"5 051";"27 563 403";"2024-09-01 22:43:07"
"2024-09-08";"";"212 363";"13 387";"27 562 287";"2024-09-08 09:30:37"
"2024-09-06";"WhatsApp";"10 314";"44 468";"27 562 696";"2024-09-06 17:02:07"
"2024-09-01";"";"648 185";"171 362";"27 562 698";"2024-09-01 22:07:35"
"2024-09-01";"PUBG";"7 343 300";"281 950";"27 561 547";"2024-09-01 21:30:52"
"2024-09-06";"Unknown";"3 037 396";"42 431";"27 563 154";"2024-09-06 06:27:18"
"2024-09-07";"Yandex Video";"27 118";"119 146";"27 562 125";"2024-09-07 11:44:22"
"2024-09-02";"";"421 403";"406 241";"27 561 216";"2024-09-02 07:04:56"
"2024-09-08";"";"36 350";"14 541";"27 562 861";"2024-09-08 14:11:28"
"2024-09-04";"WhatsApp";"31 103 866";"60 428 902";"27 562 965";"2024-09-04 11:08:27"
"2024-09-08";"YouTube";"1 456 050";"214 597";"27 561 835";"2024-09-08 10:07:26"
"2024-09-07";"";"468 565";"11 341";"27 562 693";"2024-09-07 05:26:59"
"2024-09-08";"";"40 256";"3 971";"27 561 216";"2024-09-08 22:07:22"
"2024-09-10";"Telegram";"246 169 066";"17 838 826";"27 561 243";"2024-09-10 23:32:18"
"2024-09-01";"";"74 650";"71 265";"27 562 222";"2024-09-01 22:55:19"
"2024-09-10";"";"469 641";"690 262";"27 561 884";"2024-09-10 10:43:19"
"2024-09-05";"";"46 671";"2 892";"27 562 059";"2024-09-05 06:03:15"
"2024-09-07";"YouTube";"2 419 438";"2 670 048";"27 563 317";"2024-09-08 01:46:14"
"2024-09-03";"";"321 331";"168 331";"27 562 582";"2024-09-03 17:02:36"
"2024-09-06";"";"48 376 898";"1 744 133";"27 562 250";"2024-09-06 10:31:30"
"2024-09-06";"";"2 032 638";"4 702 598";"27 562 400";"2024-09-06 23:56:32"
"2024-09-10";"Facebook";"2 065 868";"78 798";"27 562 365";"2024-09-10 05:26:26"
"2024-09-02";"";"28 165";"7 658";"27 561 176";"2024-09-02 18:03:58"
"2024-09-03";"";"78 556";"7 056";"27 561 715";"2024-09-03 07:52:16"
"2024-09-10";"";"1 198 178";"171 770";"27 561 477";"2024-09-10 07:28:19"
"2024-09-09";"";"163 849";"40 855";"27 562 473";"2024-09-09 11:44:07"
"2024-09-03";"Instagram";"51 005";"3 350";"27 563 441";"2024-09-03 22:55:03"
"2024-09-04";"";"181 362";"130 597";"27 562 604";"2024-09-04 10:19:59"
"2024-09-03";"";"40 730";"5 492";"27 562 033";"2024-09-04 01:22:42"
"2024-09-01";"";"48 398";"176 752";"27 561 471";"2024-09-01 09:30:31"
"2024-09-02";"";"27 859";"14 161";"27 562 397";"2024-09-02 23:20:00"
"2024-09-09";"Facebook";"1 145 533";"63 447";"27 561 171";"2024-09-09 07:40:29"
"2024-09-01";"Instagram";"24 806 770";"840 466";"27 563 463";"2024-09-01 23:56:32"
"2024-09-03";"YouTube";"34 370";"5 236";"27 563 388";"2024-09-03 09:06:36"
"2024-09-06";"";"34 518";"9 546";"27 561 216";"2024-09-06 03:24:20"
"2024-09-05";"";"316 721 057";"29 370 578";"27 561 571";"2024-09-05 22:55:56"
"2024-09-05";"";"107 330";"5 540";"27 562 354";"2024-09-06 01:10:48"
"2024-09-06";"";"75 862";"66 947";"27 562 202";"2024-09-06 12:09:48"
"2024-09-02";"";"137 806";"8 488";"27 562 365";"2024-09-02 17:14:22"
"2024-09-10";"";"97 333";"33 338";"27 563 145";"2024-09-10 18:51:46"
"2024-09-06";"";"286 101";"86 737";"27 563 180";"2024-09-07 01:58:08"
"2024-09-02";"";"61 670";"8 934";"27 563 136";"2024-09-02 23:44:46"
"2024-09-08";"";"120 338";"4 063";"27 562 360";"2024-09-08 12:21:44"
"2024-09-07";"";"13 953";"27 285";"27 561 529";"2024-09-07 09:18:52"
"2024-09-06";"";"170 063";"40 926";"27 561 222";"2024-09-06 08:29:09"
"2024-09-04";"";"112 227";"8 170";"27 562 582";"2024-09-04 16:37:03"
"2024-09-07";"";"101 154";"15 489";"27 563 080";"2024-09-07 06:03:26"
"2024-09-05";"";"107 702";"5 397";"27 561 461";"2024-09-05 14:59:50"
"2024-09-01";"Unknown";"28 626";"8 641";"27 562 175";"2024-09-01 22:07:12"
"2024-09-09";"Facebook";"56 572";"29 313";"27 562 827";"2024-09-09 16:25:18"
"2024-09-02";"";"36 746 450";"2 183 971";"27 563 333";"2024-09-03 00:21:24"
"2024-09-10";"";"487 443";"258 348";"27 562 401";"2024-09-10 18:51:17"
"2024-09-06";"TikTok";"7 100";"455 768";"27 562 033";"2024-09-06 07:28:08"
"2024-09-08";"";"34 537";"3 323";"27 561 506";"2024-09-08 15:00:18"
"2024-09-10";"";"63 786";"79 845";"27 562 061";"2024-09-10 18:51:56"
"2024-09-02";"";"44 473";"8 841";"27 562 290";"2024-09-02 13:34:53"
"2024-09-03";"Yandex";"1 049 155";"191 593";"27 561 592";"2024-09-03 23:08:47"
"2024-09-09";"Instagram";"29 127 813";"546 225";"27 562 175";"2024-09-09 09:18:40"
"2024-09-03";"";"4 477";"33 228";"27 562 885";"2024-09-03 04:25:17"
"2024-09-10";"WhatsApp";"16 249 229";"7 315 920";"27 561 337";"2024-09-10 08:29:31"
"2024-09-05";"";"160 324";"450 244";"27 562 917";"2024-09-05 11:08:45"
"2024-09-04";"Telegram";"7 736 132";"1 295 510";"27 562 292";"2024-09-04 13:22:16"
"2024-09-03";"";"108 436";"7 936";"27 562 257";"2024-09-03 23:32:23"
"2024-09-06";"Facebook";"834 336";"44 116";"27 561 485";"2024-09-06 07:52:24"
"2024-09-02";"Instagram";"13 644 589";"826 096";"27 562 545";"2024-09-02 08:05:46"
"2024-09-04";"YouTube";"199 299 480";"10 657 654";"27 563 110";"2024-09-05 01:34:51"
"2024-09-07";"Facebook";"9 207 478";"291 640";"27 561 673";"2024-09-07 17:38:11"
"2024-09-08";"Facebook";"387 240";"3 876";"27 562 088";"2024-09-08 15:36:11"
"2024-09-07";"Telegram";"39 549 510";"3 454 668";"27 563 410";"2024-09-07 21:18:21"
"2024-09-03";"Telegram";"51 412";"5 419";"27 563 176";"2024-09-04 02:11:28"
"2024-09-02";"";"203 100";"61 802";"27 561 311";"2024-09-02 17:02:09"
"2024-09-02";"";"38 450 883";"2 374 964";"27 563 402";"2024-09-03 02:47:18"
"2024-09-06";"Facebook";"37 007";"7 424";"27 562 725";"2024-09-06 10:31:24"
"2024-09-09";"";"35 543";"2 934";"27 562 254";"2024-09-09 08:17:24"
"2024-09-10";"";"46 352";"2 287";"27 562 085";"2024-09-10 18:39:06"
"2024-09-05";"";"108 905";"5 238";"27 561 376";"2024-09-06 02:23:01"
"2024-09-04";"";"11 850";"32 499";"27 563 049";"2024-09-05 00:09:23"
"2024-09-08";"";"191 657";"18 271";"27 563 512";"2024-09-08 03:48:59"
"2024-09-09";"";"154 074";"15 068";"27 561 356";"2024-09-09 17:02:11"
"2024-09-03";"YouTube";"37 823";"150 667";"27 562 392";"2024-09-03 21:30:24"
"2024-09-09";"Instagram";"4 072 495";"147 057";"27 563 491";"2024-09-09 19:52:15"
"2024-09-03";"WhatsApp";"54 945";"6 709";"27 562 550";"2024-09-04 01:34:16"
"2024-09-02";"";"254 864";"14 114";"27 562 622";"2024-09-02 13:58:49"
"2024-09-01";"";"39 709";"2 578";"27 562 259";"2024-09-02 02:47:02"
"2024-09-04";"YouTube";"160 534";"14 519";"27 561 669";"2024-09-05 00:33:10"
"2024-09-06";"";"131 132";"6 222";"27 562 595";"2024-09-06 05:14:53"
"2024-09-04";"";"55 944";"3 389";"27 562 670";"2024-09-04 08:53:53"
"2024-09-01";"";"288 186";"141 748";"27 562 678";"2024-09-02 01:34:39"
"2024-09-06";"";"27 522";"11 949";"27 562 287";"2024-09-06 18:51:34"
"2024-09-02";"";"227 955";"248 051";"27 563 076";"2024-09-02 17:26:20"
"2024-09-03";"";"553 995";"37 845";"27 561 882";"2024-09-03 03:00:38"
"2024-09-05";"YouTube";"1 125 273";"350 737";"27 561 668";"2024-09-05 13:10:00"
"2024-09-10";"";"27 284";"28 975";"27 562 100";"2024-09-10 06:39:22"
"2024-09-08";"";"50 880";"61 357";"27 561 994";"2024-09-08 16:37:42"
"2024-09-07";"";"86 642";"122 686";"27 561 514";"2024-09-07 03:48:53"
"2024-09-09";"";"5 972 903";"75 903";"27 562 747";"2024-09-09 17:26:08"
"2024-09-06";"";"53 003";"15 484";"27 562 157";"2024-09-06 18:27:24"
"2024-09-05";"";"2 030 912";"201 252";"27 562 484";"2024-09-05 23:44:01"
"2024-09-08";"";"132 658";"99 677";"27 561 193";"2024-09-08 18:15:43"
"2024-09-05";"";"81 569";"31 500";"27 561 246";"2024-09-05 08:29:50"
"2024-09-07";"";"37 304";"4 061";"27 562 366";"2024-09-07 16:25:53"
"2024-09-10";"";"278 894";"18 190";"27 562 717";"2024-09-10 15:24:30"
"2024-09-04";"";"347 559";"229 244";"27 562 675";"2024-09-04 14:23:08"
"2024-09-01";"";"1 050 456";"458 321";"27 563 105";"2024-09-01 20:17:27"
"2024-09-05";"YouTube";"26 214 909";"1 578 966";"27 562 239";"2024-09-05 06:15:18"
"2024-09-10";"";"1 233 080";"128 629";"27 562 898";"2024-09-11 00:09:57"
"2024-09-09";"YouTube";"358 568";"49 689";"27 562 674";"2024-09-09 20:17:02"
"2024-09-04";"";"25 614";"13 551";"27 562 415";"2024-09-05 00:45:31"
"2024-09-09";"YouTube";"119 481 314";"7 419 378";"27 561 325";"2024-09-09 23:32:06"
"2024-09-04";"YouTube";"709 851";"274 877";"27 562 758";"2024-09-04 11:08:07"
"2024-09-08";"";"34 035";"6 354";"27 562 544";"2024-09-09 00:09:43"
"2024-09-04";"";"189 161";"271 072";"27 562 713";"2024-09-04 12:33:42"
"2024-09-07";"";"1 071 451";"38 259";"27 561 872";"2024-09-08 01:10:57"
"2024-09-10";"";"122 949";"60 400";"27 561 943";"2024-09-10 16:49:33"
"2024-09-02";"";"294 024";"53 575";"27 563 427";"2024-09-02 10:19:55"
"2024-09-01";"Unknown";"3 188 983";"202 153";"27 562 617";"2024-09-01 11:56:11"
"2024-09-05";"";"154 640";"530 932";"27 562 300";"2024-09-05 15:12:15"
"2024-09-07";"";"432 408";"53 023";"27 561 234";"2024-09-07 10:31:54"
"2024-09-10";"";"56 136";"5 725";"27 562 442";"2024-09-10 16:01:18"
"2024-09-10";"";"53 622";"41 406";"27 562 733";"2024-09-10 15:48:50"
"2024-09-07";"";"1 151 090";"254 709";"27 563 216";"2024-09-08 02:59:17"
"2024-09-05";"";"205 255";"45 005";"27 562 156";"2024-09-05 15:00:42"
"2024-09-05";"";"20 984";"66 524";"27 561 772";"2024-09-05 07:28:35"
"2024-09-01";"";"34 951 123";"922 237";"27 563 012";"2024-09-01 11:20:53"
"2024-09-06";"";"106 544";"491 776";"27 561 794";"2024-09-06 03:00:43"
"2024-09-07";"";"34 913";"23 443";"27 563 094";"2024-09-07 15:36:43"
"2024-09-07";"";"110 587";"54 588";"27 561 281";"2024-09-07 10:55:31"
"2024-09-03";"";"99 474";"355 640";"27 563 376";"2024-09-03 05:14:51"
"2024-09-09";"";"254 000";"79 133";"27 563 151";"2024-09-09 16:13:31"
"2024-09-08";"";"172 043";"88 957";"27 562 320";"2024-09-08 03:00:30"
"2024-09-09";"YouTube";"1 114 412";"10 904 751";"27 563 493";"2024-09-09 14:23:11"
"2024-09-07";"";"93 884";"8 353";"27 561 276";"2024-09-08 00:57:02"
"2024-09-02";"";"1 109 825";"16 681";"27 561 413";"2024-09-02 21:06:45"
"2024-09-02";"";"97 564";"60 474";"27 561 895";"2024-09-03 01:58:20"
"2024-09-03";"";"83 674";"8 880";"27 561 217";"2024-09-03 13:34:25"
"2024-09-06";"";"11 955 959";"420 192";"27 562 935";"2024-09-07 02:11:41"
"2024-09-05";"YouTube";"5 023 570";"315 806";"27 562 275";"2024-09-05 03:36:53"
"2024-09-08";"YouTube";"3 497 710";"845 360";"27 562 674";"2024-09-08 09:30:50"
"2024-09-03";"";"153 824";"7 970";"27 563 030";"2024-09-03 13:34:57"
"2024-09-06";"YouTube";"31 635 418";"1 745 473";"27 562 774";"2024-09-06 14:11:28"
"2024-09-03";"YouTube";"1 722 581";"187 711";"27 562 768";"2024-09-03 15:12:22"
"2024-09-04";"";"137 938";"26 014";"27 561 600";"2024-09-04 11:32:19"
"2024-09-10";"";"164 544";"10 653";"27 562 642";"2024-09-11 00:57:11"
"2024-09-02";"";"27 620";"14 788";"27 561 378";"2024-09-02 03:48:04"
"2024-09-06";"";"181 518";"52 849";"27 562 612";"2024-09-06 10:07:03"
"2024-09-08";"";"0";"71 705";"27 562 243";"2024-09-08 20:05:57"
"2024-09-02";"";"84 428";"3 680";"27 562 083";"2024-09-02 07:28:41"
"2024-09-07";"Facebook";"960 198";"609 335";"27 561 383";"2024-09-07 08:53:35"
"2024-09-08";"Likee";"150 460";"86 581";"27 562 692";"2024-09-08 20:41:30"
"2024-09-09";"";"6 938 735";"301 488";"27 562 401";"2024-09-10 02:23:42"
"2024-09-10";"";"69 977";"42 280";"27 561 643";"2024-09-10 12:57:42"
"2024-09-04";"";"1 045 201";"132 758";"27 562 110";"2024-09-04 18:39:19"
"2024-09-08";"Instagram";"36 863 071";"3 384 727";"27 563 260";"2024-09-08 17:38:57"
"2024-09-08";"Instagram";"24 171 022";"655 823";"27 562 469";"2024-09-09 00:45:48"
"2024-09-05";"";"1 026 517";"287 895";"27 561 224";"2024-09-05 07:52:04"
"2024-09-06";"YouTube";"2 583 195";"146 295";"27 562 893";"2024-09-06 21:30:54"
"2024-09-05";"";"414 290";"67 393";"27 562 840";"2024-09-05 06:03:16"
"2024-09-07";"";"53 123 712";"851 281";"27 562 469";"2024-09-07 04:13:49"
"2024-09-10";"";"647 189";"33 407";"27 563 476";"2024-09-10 07:16:25"
"2024-09-02";"Facebook";"1 233 179";"926 810";"27 563 511";"2024-09-02 16:49:59"
"2024-09-08";"";"104 483";"5 733";"27 562 495";"2024-09-08 11:56:22"
"2024-09-08";"";"64 565";"15 190";"27 562 639";"2024-09-08 06:15:17"
"2024-09-09";"";"1 050 682";"99 192";"27 561 482";"2024-09-09 13:34:38"
"2024-09-01";"";"18 828";"89 161";"27 563 467";"2024-09-01 16:49:59"
"2024-09-10";"Instagram";"12 517 315";"535 438";"27 561 542";"2024-09-10 20:53:27"
"2024-09-07";"";"192 361";"599 497";"27 562 313";"2024-09-07 05:38:58"
"2024-09-05";"VKontakte";"125 382";"25 072";"27 561 207";"2024-09-06 01:34:04"
"2024-09-05";"";"426 965";"30 071";"27 563 110";"2024-09-05 07:16:10"
"2024-09-06";"";"144 765";"24 738";"27 562 780";"2024-09-06 18:03:15"
"2024-09-06";"";"1 251 845";"68 105";"27 562 534";"2024-09-07 01:10:59"
"2024-09-08";"Yandex Video";"487 076";"19 338";"27 563 308";"2024-09-08 17:14:24"
"2024-09-06";"Instagram";"379 453 417";"14 528 385";"27 561 697";"2024-09-06 13:22:38"
"2024-09-09";"Instagram";"129 774";"8 526";"27 562 644";"2024-09-09 15:00:03"
"2024-09-07";"";"44 684";"4 332";"27 563 378";"2024-09-07 11:56:10"
"2024-09-02";"";"112 380";"389 201";"27 561 484";"2024-09-02 08:41:35"
"2024-09-01";"";"81 914";"8 352";"27 563 315";"2024-09-01 05:26:02"
"2024-09-04";"Instagram";"3 939 049";"116 009";"27 561 172";"2024-09-04 21:18:50"
"2024-09-07";"";"969 848";"55 305";"27 563 299";"2024-09-07 20:53:51"
"2024-09-06";"YouTube";"4 657 120";"297 858";"27 561 232";"2024-09-06 13:58:49"
"2024-09-01";"";"48 430";"2 887";"27 563 012";"2024-09-01 08:17:33"
"2024-09-01";"YouTube";"3 688 582";"263 917";"27 561 831";"2024-09-01 14:59:44"
"2024-09-10";"";"175 538";"93 056";"27 562 516";"2024-09-10 13:34:45"
"2024-09-09";"";"20 230 947";"1 161 945";"27 562 015";"2024-09-09 15:12:28"
"2024-09-05";"PUBG";"972 493";"39 887";"27 562 965";"2024-09-05 15:00:43"
"2024-09-10";"Instagram";"138 291 073";"3 238 980";"27 563 463";"2024-09-10 16:13:20"
"2024-09-09";"";"89 249";"3 899 370";"27 562 194";"2024-09-09 14:59:46"
"2024-09-06";"";"59 954";"5 557";"27 562 806";"2024-09-06 18:51:55"
"2024-09-10";"YouTube";"99 511";"6 858";"27 562 857";"2024-09-10 04:49:43"
"2024-09-04";"";"95 319";"341 005";"27 562 713";"2024-09-04 07:04:43"
"2024-09-09";"";"31 342";"3 354";"27 561 902";"2024-09-09 19:16:46"
"2024-09-02";"Instagram";"3 143 635";"2 961 718";"27 563 024";"2024-09-02 20:53:33"
"2024-09-06";"";"278 607";"56 093";"27 561 557";"2024-09-06 23:20:47"
"2024-09-06";"YouTube";"221 038";"1 241 471";"27 562 040";"2024-09-07 00:09:45"
"2024-09-04";"YouTube";"176 331 022";"10 922 516";"27 561 426";"2024-09-04 21:18:55"
"2024-09-06";"";"46 600";"3 312";"27 561 479";"2024-09-06 19:52:19"
"2024-09-06";"";"121 358";"24 830";"27 561 569";"2024-09-06 07:28:21"
"2024-09-07";"Facebook";"548 929";"208 595";"27 562 265";"2024-09-07 15:24:15"
"2024-09-04";"Instagram";"9 333 791";"525 662";"27 562 592";"2024-09-04 16:13:14"
"2024-09-10";"";"729 330";"102 465";"27 562 815";"2024-09-10 06:15:37"
"2024-09-08";"Yandex";"164 830";"127 564";"27 562 243";"2024-09-08 05:14:43"
"2024-09-03";"";"41 757";"27 157";"27 563 060";"2024-09-03 13:34:29"
"2024-09-04";"YouTube";"67 625 475";"4 078 016";"27 561 335";"2024-09-04 14:11:34"
"2024-09-08";"";"88 691";"3 668";"27 563 285";"2024-09-08 10:19:23"
"2024-09-06";"";"2 132 598";"60 684";"27 562 784";"2024-09-06 21:42:32"
"2024-09-05";"";"1 305 342";"48 814";"27 561 776";"2024-09-05 07:16:41"
"2024-09-03";"";"28 821";"27 554";"27 561 830";"2024-09-04 02:35:23"
"2024-09-08";"";"2 273 414";"129 070";"27 561 276";"2024-09-08 15:24:24"
"2024-09-06";"";"820 782";"543 925";"27 562 034";"2024-09-06 22:07:27"
"2024-09-05";"";"57 257";"18 512";"27 562 025";"2024-09-05 04:49:37"
"2024-09-03";"Odnoklassniki";"1 163 437";"87 014";"27 563 308";"2024-09-03 06:51:24"
"2024-09-05";"";"886 910";"33 608";"27 562 613";"2024-09-06 01:58:25"
"2024-09-09";"";"98 283";"9 685";"27 563 266";"2024-09-09 19:28:59"
"2024-09-01";"Instagram";"80 643";"8 388";"27 563 141";"2024-09-01 18:51:50"
"2024-09-06";"Instagram";"955 949";"949 987";"27 563 367";"2024-09-06 03:36:39"
"2024-09-03";"WhatsApp";"2 839 878";"14 043 595";"27 563 009";"2024-09-03 04:13:54"
"2024-09-01";"";"155 500";"7 179";"27 562 223";"2024-09-01 10:19:06"
"2024-09-07";"YouTube";"69 419";"544 474";"27 561 484";"2024-09-08 00:33:18"
"2024-09-05";"";"27 955";"13 533";"27 562 851";"2024-09-05 19:28:54"
"2024-09-02";"";"23 317";"26 922";"27 563 317";"2024-09-02 10:19:22"
"2024-09-10";"";"42 474";"8 507";"27 561 295";"2024-09-10 08:41:29"
"2024-09-04";"Yandex";"198 565";"322 463";"27 561 879";"2024-09-04 15:48:50"
"2024-09-08";"Instagram";"244 772";"35 814";"27 563 186";"2024-09-08 05:26:45"
"2024-09-04";"";"278 599";"14 245";"27 562 968";"2024-09-04 23:44:48"
"2024-09-09";"Telegram";"13 201 712";"982 996";"27 562 504";"2024-09-09 15:48:07"
"2024-09-01";"";"99 632";"15 152";"27 562 654";"2024-09-01 19:04:07"
"2024-09-05";"Unknown";"32 162";"9 782";"27 562 118";"2024-09-05 19:04:59"
"2024-09-02";"Apple Music";"477 796";"185 756";"27 562 735";"2024-09-02 03:12:35"
"2024-09-04";"";"22 887";"42 075";"27 561 921";"2024-09-04 21:42:49"
"2024-09-05";"";"289 363";"131 893";"27 563 000";"2024-09-05 11:56:12"
"2024-09-05";"Facebook";"2 597 504";"135 882";"27 562 747";"2024-09-05 05:26:33"
"2024-09-06";"Instagram";"179 351 865";"5 694 663";"27 562 850";"2024-09-06 03:48:05"
"2024-09-01";"";"186 933";"180 636";"27 561 871";"2024-09-01 12:09:15"
"2024-09-06";"Yandex";"270 212";"11 480";"27 561 279";"2024-09-06 07:52:56"
"2024-09-08";"";"121 953";"9 528";"27 562 759";"2024-09-08 12:21:54"
"2024-09-10";"Facebook";"2 575 646";"891 852";"27 562 762";"2024-09-10 05:38:54"
"2024-09-07";"";"139 995";"65 992";"27 561 596";"2024-09-07 22:07:19"
"2024-09-06";"";"1 196 694";"68 445";"27 561 429";"2024-09-06 06:39:51"
"2024-09-02";"";"127 539";"86 213";"27 561 630";"2024-09-02 11:32:37"
"2024-09-01";"";"407 852";"27 930";"27 562 252";"2024-09-01 17:02:37"
"2024-09-04";"";"46 339";"67 642";"27 563 344";"2024-09-04 08:41:59"
"2024-09-01";"";"139 385";"8 362";"27 562 138";"2024-09-01 06:27:37"
"2024-09-10";"Yandex";"26 104";"16 163";"27 561 221";"2024-09-10 06:27:02"
"2024-09-06";"";"106 203";"1 928";"27 561 649";"2024-09-06 14:11:01"
"2024-09-01";"";"29 076";"18 799";"27 562 116";"2024-09-01 22:55:58"
"2024-09-07";"";"130 525";"14 267";"27 562 561";"2024-09-07 03:12:07"
"2024-09-07";"Telegram";"1 890 626";"341 410";"27 562 444";"2024-09-07 15:36:00"
"2024-09-10";"Apple Music";"347 938";"81 589";"27 563 494";"2024-09-11 02:47:35"
"2024-09-09";"Odnoklassniki";"1 109 623";"27 583";"27 562 838";"2024-09-09 17:26:32"
"2024-09-08";"";"600 863";"40 999";"27 562 242";"2024-09-08 09:42:58"
"2024-09-06";"YouTube";"39 627 903";"2 798 463";"27 562 832";"2024-09-06 09:06:03"
"2024-09-08";"";"140 174";"8 292";"27 563 238";"2024-09-08 05:26:44"
"2024-09-07";"";"249 637";"12 683";"27 562 666";"2024-09-07 03:00:43"
"2024-09-06";"";"722 049";"56 152";"27 562 858";"2024-09-06 04:01:42"
"2024-09-04";"";"67 463 692";"4 159 991";"27 562 466";"2024-09-04 06:03:16"
"2024-09-01";"YouTube";"8 606 736";"800 602";"27 562 193";"2024-09-01 13:58:53"
"2024-09-01";"YouTube";"553 190";"188 226";"27 562 813";"2024-09-01 11:56:34"
"2024-09-03";"";"150 418";"9 812";"27 562 612";"2024-09-03 09:30:42"
"2024-09-09";"";"795 602";"709 836";"27 562 684";"2024-09-09 17:38:54"
"2024-09-05";"";"388 056";"885 156";"27 562 240";"2024-09-05 15:12:12"
"2024-09-05";"Facebook";"3 982 996";"140 689";"27 562 894";"2024-09-05 08:05:16"
"2024-09-05";"Instagram";"10 361 621";"240 799";"27 562 804";"2024-09-05 15:00:04"
"2024-09-06";"";"42 119";"3 945";"27 563 096";"2024-09-06 11:44:40"
"2024-09-08";"";"36 475";"2 504";"27 562 788";"2024-09-08 06:39:29"
"2024-09-03";"";"539 100";"20 098";"27 563 177";"2024-09-04 01:58:11"
"2024-09-10";"Telegram";"350 889 514";"18 170 846";"27 562 754";"2024-09-10 03:00:03"
"2024-09-07";"";"85 037";"3 643";"27 562 984";"2024-09-07 03:00:46"
"2024-09-10";"";"50 206";"232 343";"27 562 533";"2024-09-11 00:09:05"
"2024-09-03";"Yandex";"123 449";"8 342";"27 562 879";"2024-09-03 10:31:57"
"2024-09-04";"";"16 350";"61 535";"27 561 693";"2024-09-04 08:05:58"
"2024-09-06";"";"261 649";"33 049";"27 562 087";"2024-09-06 05:38:06"
"2024-09-01";"";"1 849 541";"328 657";"27 561 292";"2024-09-01 09:18:01"
"2024-09-06";"";"61 291";"65 993";"27 562 998";"2024-09-06 15:24:12"
"2024-09-09";"YouTube";"40 329 051";"1 756 325";"27 563 157";"2024-09-09 11:56:13"
"2024-09-03";"";"598 761";"79 029";"27 562 714";"2024-09-03 09:30:57"
"2024-09-04";"";"28 918";"26 878";"27 561 920";"2024-09-04 23:56:17"
"2024-09-02";"Yandex";"4 802 615";"2 085 030";"27 563 093";"2024-09-02 08:05:56"
"2024-09-02";"Telegram";"28 840 033";"2 765 353";"27 563 130";"2024-09-02 05:26:33"
"2024-09-08";"";"21 772";"53 548";"27 563 234";"2024-09-08 11:20:33"
"2024-09-10";"";"517 499";"83 615";"27 563 224";"2024-09-10 13:34:11"
"2024-09-01";"";"26 506";"1 927";"27 563 422";"2024-09-01 20:53:44"
"2024-09-01";"";"163 819";"6 294";"27 561 772";"2024-09-01 04:13:21"
"2024-09-08";"YouTube";"390 516";"26 721";"27 561 583";"2024-09-09 00:57:32"
"2024-09-05";"";"864 907";"69 844";"27 563 493";"2024-09-06 02:11:47"
"2024-09-05";"Apple Music";"297 873";"21 273";"27 561 802";"2024-09-05 21:06:11"
"2024-09-02";"YouTube";"1 030 372";"3 429 351";"27 561 643";"2024-09-02 22:43:17"
"2024-09-01";"";"10 823";"62 405";"27 561 300";"2024-09-01 07:28:12"
"2024-09-09";"";"99 716";"86 728";"27 561 896";"2024-09-09 15:24:04"
"2024-09-04";"YouTube";"2 818 285";"623 282";"27 562 847";"2024-09-04 18:27:35"
"2024-09-10";"Yandex";"83 594";"6 208";"27 562 051";"2024-09-10 21:42:58"
"2024-09-04";"";"27 790";"5 958";"27 563 410";"2024-09-04 07:28:37"
"2024-09-09";"Odnoklassniki";"381 401";"24 466";"27 561 737";"2024-09-09 06:27:38"
"2024-09-06";"";"25 258";"29 367";"27 561 806";"2024-09-06 04:25:06"
"2024-09-06";"";"5 333 837";"211 605";"27 563 501";"2024-09-06 05:02:14"
"2024-09-03";"YouTube";"230 377";"218 260";"27 562 170";"2024-09-03 08:17:46"
"2024-09-05";"Yandex";"161 868";"9 440";"27 561 715";"2024-09-05 23:08:33"
"2024-09-06";"Telegram";"105 508 890";"8 211 249";"27 561 312";"2024-09-06 06:39:21"
"2024-09-01";"";"111 970";"6 142";"27 561 981";"2024-09-01 11:32:41"
"2024-09-09";"";"36 100";"2 306";"27 561 888";"2024-09-09 09:06:24"
"2024-09-10";"";"3 483 036";"108 909";"27 561 485";"2024-09-10 12:45:39"
"2024-09-06";"";"45 354";"16 207";"27 562 157";"2024-09-06 04:01:15"
"2024-09-08";"";"1 676 513";"40 005";"27 562 646";"2024-09-08 17:38:05"
"2024-09-09";"";"149 167";"15 094";"27 562 445";"2024-09-09 08:41:22"
"2024-09-07";"TikTok";"13 975";"38 926";"27 562 840";"2024-09-07 08:41:49"
"2024-09-05";"";"30 371";"9 663";"27 561 687";"2024-09-05 05:14:40"
"2024-09-02";"";"143 001";"6 608";"27 561 295";"2024-09-02 20:29:56"
"2024-09-08";"WhatsApp";"18 010 376";"66 401 691";"27 561 533";"2024-09-08 14:47:40"
"2024-09-03";"";"569 219";"278 559";"27 562 812";"2024-09-03 05:38:17"
"2024-09-07";"Odnoklassniki";"12 862 649";"391 737";"27 561 306";"2024-09-07 05:26:03"
"2024-09-01";"";"42 518";"5 609";"27 561 611";"2024-09-01 10:07:01"
"2024-09-09";"Instagram";"57 650";"11 418";"27 561 445";"2024-09-09 23:08:30"
"2024-09-05";"YouTube";"34 137";"18 069";"27 562 586";"2024-09-05 09:06:42"
"2024-09-08";"";"186 440";"12 049";"27 562 462";"2024-09-08 12:09:04"
"2024-09-05";"";"71 539";"12 883";"27 562 534";"2024-09-05 17:02:04"
"2024-09-02";"YouTube";"2 487 480";"186 379";"27 563 493";"2024-09-02 22:19:38"
"2024-09-03";"";"245 896";"8 587";"27 561 818";"2024-09-03 14:23:24"
"2024-09-03";"Instagram";"376 026";"31 375";"27 562 527";"2024-09-03 04:01:54"
"2024-09-08";"";"1 390 002";"155 403";"27 561 375";"2024-09-09 00:45:34"
"2024-09-04";"";"53 831";"4 653";"27 563 169";"2024-09-04 23:44:44"
"2024-09-02";"";"29 647";"1 652";"27 562 289";"2024-09-02 06:39:12"
"2024-09-08";"";"139 916";"34 919";"27 563 205";"2024-09-08 22:55:08"
"2024-09-01";"";"107 165";"6 564";"27 561 640";"2024-09-01 20:29:57"
"2024-09-06";"Facebook";"130 786";"84 201";"27 563 328";"2024-09-06 22:07:49"
"2024-09-09";"Facebook";"170 560";"6 686";"27 562 251";"2024-09-09 09:06:32"
"2024-09-05";"";"185 919";"67 609";"27 561 689";"2024-09-05 19:28:15"
"2024-09-04";"";"491 171";"72 014";"27 562 595";"2024-09-04 04:25:51"
"2024-09-02";"Instagram";"496 617";"158 271";"27 562 118";"2024-09-02 03:48:08"
"2024-09-08";"";"26 164";"73 517";"27 562 251";"2024-09-08 12:21:36"
"2024-09-06";"";"70 354";"9 711";"27 561 480";"2024-09-06 04:25:20"
"2024-09-08";"";"98 258";"293 807";"27 561 197";"2024-09-08 04:25:20"
"2024-09-05";"Instagram";"5 163 864";"4 075 135";"27 563 198";"2024-09-05 10:19:49"
"2024-09-07";"YouTube";"322 585 194";"17 921 967";"27 561 895";"2024-09-07 12:21:11"
"2024-09-10";"";"47 440";"153 136";"27 563 315";"2024-09-10 11:56:25"
"2024-09-07";"";"171 371";"389 927";"27 563 515";"2024-09-07 13:58:32"
"2024-09-06";"Facebook";"5 036 848";"168 817";"27 561 536";"2024-09-06 20:05:36"
"2024-09-05";"";"31 501";"18 445";"27 561 426";"2024-09-05 05:26:19"
"2024-09-05";"";"15 841";"187 034";"27 563 174";"2024-09-05 06:15:48"
"2024-09-03";"";"58 196";"9 834";"27 562 778";"2024-09-03 17:50:20"
"2024-09-09";"";"62 962";"4 218";"27 562 646";"2024-09-09 07:40:11"
"2024-09-03";"Facebook";"176 753";"6 445";"27 563 063";"2024-09-03 09:18:31"
"2024-09-06";"";"278 030";"54 328";"27 563 509";"2024-09-06 09:18:23"
"2024-09-05";"";"69 361";"6 476";"27 561 492";"2024-09-06 00:57:38"
"2024-09-05";"";"257 785";"8 400";"27 563 154";"2024-09-05 04:25:21"
"2024-09-08";"Telegram";"51 575";"5 234";"27 561 273";"2024-09-08 04:49:28"
"2024-09-09";"";"1 040 053";"76 861";"27 563 075";"2024-09-09 05:14:09"
"2024-09-01";"";"44 633";"4 348";"27 562 636";"2024-09-02 00:21:09"
"2024-09-05";"";"1 350 263";"554 638";"27 562 063";"2024-09-06 00:21:29"
"2024-09-02";"Telegram";"22 482 181";"1 368 745";"27 563 189";"2024-09-02 17:26:09"
"2024-09-07";"Instagram";"58 379 620";"1 566 539";"27 563 207";"2024-09-07 18:39:01"
"2024-09-01";"";"85 542";"14 821";"27 561 831";"2024-09-01 22:43:43"
"2024-09-01";"";"27 851";"1 701";"27 562 588";"2024-09-01 11:32:55"
"2024-09-02";"";"4 194";"44 081";"27 563 191";"2024-09-02 14:35:02"
"2024-09-07";"Instagram";"3 731 500";"136 122";"27 561 706";"2024-09-08 01:22:36"
"2024-09-01";"Facebook";"5 496 895";"77 683";"27 561 270";"2024-09-01 05:38:05"
"2024-09-05";"";"1 627 265";"8 953 985";"27 561 940";"2024-09-05 13:10:32"
"2024-09-05";"";"144 861";"25 048";"27 562 838";"2024-09-05 16:49:19"
"2024-09-06";"Instagram";"5 052 115";"165 222";"27 561 701";"2024-09-06 04:37:33"
"2024-09-06";"";"433 364";"32 707";"27 563 366";"2024-09-06 18:51:40"
"2024-09-10";"Facebook";"71 214";"27 701";"27 563 419";"2024-09-10 14:35:29"
"2024-09-08";"";"29 701";"17 705";"27 563 418";"2024-09-08 09:06:54"
"2024-09-07";"";"1 163 017";"982 225";"27 561 840";"2024-09-07 05:02:32"
"2024-09-02";"";"37 409";"12 752";"27 561 221";"2024-09-02 04:01:21"
"2024-09-02";"WhatsApp";"2 564 209";"97 910";"27 563 381";"2024-09-02 18:39:41"
"2024-09-10";"";"226 613";"14 383";"27 563 032";"2024-09-10 15:36:09"
"2024-09-01";"";"5 265";"28 908";"27 562 292";"2024-09-02 00:33:41"
"2024-09-02";"";"214 549";"404 651";"27 561 448";"2024-09-02 03:00:12"
"2024-09-09";"";"28 066";"1 496";"27 561 172";"2024-09-09 21:42:55"
"2024-09-05";"";"33 448";"3 611";"27 561 744";"2024-09-05 06:39:10"
"2024-09-04";"";"120 579";"85 085";"27 561 649";"2024-09-04 11:44:16"
"2024-09-02";"";"105 498";"128 028";"27 562 593";"2024-09-02 09:06:55"
"2024-09-10";"";"62 833 893";"4 529 187";"27 561 687";"2024-09-10 03:00:10"
"2024-09-06";"";"3 691 167";"190 379";"27 561 993";"2024-09-06 05:26:55"
"2024-09-10";"";"715 335";"83 648";"27 563 422";"2024-09-11 02:23:09"
"2024-09-09";"";"107 171";"21 677";"27 562 648";"2024-09-09 19:28:28"
"2024-09-04";"YouTube";"5 941 538";"335 724";"27 562 696";"2024-09-04 17:02:12"
"2024-09-06";"TikTok";"340";"27 622";"27 562 791";"2024-09-06 05:02:39"
"2024-09-09";"";"52 177";"4 404";"27 562 915";"2024-09-09 16:01:25"
"2024-09-02";"VKontakte";"139 198";"10 001";"27 563 402";"2024-09-02 18:39:51"
"2024-09-09";"Instagram";"8 524 319";"8 722 826";"27 562 255";"2024-09-09 04:25:31"
"2024-09-02";"";"155 447";"8 363";"27 563 284";"2024-09-02 13:10:18"
"2024-09-08";"Facebook";"3 355 790";"1 254 151";"27 561 347";"2024-09-09 00:21:19"
"2024-09-08";"YouTube";"2 268 092";"622 392";"27 562 170";"2024-09-08 23:44:44"
"2024-09-07";"Instagram";"97 866";"14 182";"27 561 457";"2024-09-07 19:28:40"
"2024-09-06";"";"64 514";"6 107";"27 561 836";"2024-09-06 16:01:46"
"2024-09-09";"";"9 072";"60 800";"27 563 338";"2024-09-09 11:32:38"
"2024-09-07";"";"151 437";"30 246";"27 562 564";"2024-09-07 06:03:16"
"2024-09-03";"";"32 788";"4 155";"27 561 317";"2024-09-03 10:43:09"
"2024-09-03";"";"10 464";"27 293";"27 562 566";"2024-09-03 08:17:17"
"2024-09-07";"YouTube";"71 433 134";"6 750 133";"27 562 006";"2024-09-07 06:27:32"
"2024-09-06";"";"208 451";"17 296";"27 563 478";"2024-09-06 06:27:37"
"2024-09-03";"";"285 191";"9 225";"27 562 063";"2024-09-03 11:56:04"
"2024-09-07";"";"619 992";"114 267";"27 561 482";"2024-09-07 06:39:22"
"2024-09-04";"";"241 110 268";"8 773 988";"27 562 007";"2024-09-04 03:36:22"
"2024-09-01";"";"35 919";"18 214";"27 562 445";"2024-09-01 16:13:01"
"2024-09-04";"";"99 862";"13 988";"27 562 495";"2024-09-04 21:30:58"
"2024-09-02";"";"1 960";"34 645";"27 561 182";"2024-09-02 08:05:06"
"2024-09-08";"";"406 084";"81 384";"27 562 915";"2024-09-08 07:28:14"
"2024-09-07";"";"728 439";"44 983";"27 562 635";"2024-09-08 01:22:54"
"2024-09-08";"Instagram";"5 666 970";"122 137";"27 563 472";"2024-09-08 22:07:51"
"2024-09-05";"Yandex";"1 069 619";"61 536";"27 563 219";"2024-09-05 14:35:31"
"2024-09-07";"";"291 755";"28 702";"27 562 436";"2024-09-07 12:57:24"
"2024-09-03";"";"129 616";"15 465";"27 563 258";"2024-09-03 04:01:10"
"2024-09-04";"Instagram";"294 662";"15 406";"27 562 752";"2024-09-04 15:48:40"
"2024-09-02";"";"3 346";"54 004";"27 563 328";"2024-09-02 17:50:33"
"2024-09-08";"YouTube";"94 382";"51 460";"27 563 334";"2024-09-08 21:42:18"
"2024-09-06";"";"70 459";"2 874";"27 562 003";"2024-09-06 16:13:13"
"2024-09-05";"";"5 421 836";"311 506";"27 561 354";"2024-09-05 09:42:33"
"2024-09-03";"";"67 940";"70 818";"27 562 586";"2024-09-03 17:38:07"
"2024-09-02";"";"225 038";"42 398";"27 561 924";"2024-09-02 07:16:34"
"2024-09-08";"";"666 256";"69 825";"27 562 942";"2024-09-08 04:01:40"
"2024-09-10";"";"4 600";"37 838";"27 562 721";"2024-09-10 09:18:04"
"2024-09-10";"Instagram";"1 934 383";"2 776 197";"27 561 339";"2024-09-10 07:40:05"
"2024-09-09";"YouTube";"29 764";"6 693";"27 562 758";"2024-09-09 04:37:04"
"2024-09-03";"YouTube";"101 090 768";"5 491 044";"27 561 556";"2024-09-03 23:32:38"
"2024-09-02";"";"884 111";"56 096";"27 561 232";"2024-09-02 10:07:42"
"2024-09-09";"Telegram";"26 297 341";"83 464 206";"27 563 218";"2024-09-09 22:07:35"
"2024-09-08";"Facebook";"2 049 410";"1 124 887";"27 562 398";"2024-09-08 12:57:02"
"2024-09-06";"";"3 937 155";"172 995";"27 561 629";"2024-09-06 09:30:01"
"2024-09-02";"";"1 664 563";"670 283";"27 563 403";"2024-09-02 09:06:08"
"2024-09-07";"";"38 749";"110 280";"27 561 327";"2024-09-07 16:49:50"
"2024-09-04";"";"158 977";"21 070";"27 562 762";"2024-09-05 02:47:00"
"2024-09-03";"";"44 488";"6 108";"27 562 938";"2024-09-03 07:16:25"
"2024-09-10";"";"40 794";"18 861";"27 562 772";"2024-09-10 18:15:56"
"2024-09-09";"YouTube";"2 126 975";"134 414";"27 563 369";"2024-09-09 16:49:53"
"2024-09-05";"";"26 208";"3 190";"27 561 539";"2024-09-06 01:58:53"
"2024-09-05";"";"511 848";"24 993";"27 563 174";"2024-09-05 12:21:28"
"2024-09-08";"";"37 120";"9 955";"27 562 149";"2024-09-08 14:35:50"
"2024-09-01";"";"860 038";"46 993";"27 562 267";"2024-09-02 02:11:10"
"2024-09-04";"Yandex";"61 494";"24 999";"27 561 173";"2024-09-05 00:33:24"
"2024-09-01";"";"63 363";"14 185";"27 562 800";"2024-09-01 07:28:55"
"2024-09-07";"Telegram";"15 887 735";"831 123";"27 561 586";"2024-09-07 05:38:28"
"2024-09-02";"";"23 010 920";"1 149 412";"27 563 334";"2024-09-02 15:12:43"
"2024-09-01";"";"1 508 200";"1 093 983";"27 561 950";"2024-09-01 10:43:41"
"2024-09-03";"YouTube";"587 067";"113 189";"27 563 501";"2024-09-03 11:56:42"
"2024-09-02";"YouTube";"450 433";"24 621";"27 561 477";"2024-09-03 01:34:10"
"2024-09-07";"";"83 632";"100 336";"27 562 640";"2024-09-07 11:08:39"
"2024-09-10";"Tas-ix";"7 151 615";"380 209";"27 563 022";"2024-09-10 03:24:18"
"2024-09-01";"";"207 433";"43 482";"27 562 191";"2024-09-01 22:55:49"
"2024-09-07";"";"868 453";"106 925";"27 563 113";"2024-09-07 21:18:33"
"2024-09-08";"";"10 483 745";"589 867";"27 561 237";"2024-09-08 15:12:36"
"2024-09-04";"Facebook";"1 922 733";"84 328";"27 562 226";"2024-09-04 16:01:30"
"2024-09-03";"";"29 213";"15 791";"27 563 244";"2024-09-03 07:04:30"
"2024-09-08";"";"2 181 756";"3 965 641";"27 562 058";"2024-09-08 16:37:33"
"2024-09-06";"";"2 160 990";"2 166 531";"27 562 725";"2024-09-06 12:21:15"
"2024-09-05";"YouTube";"1 631 856";"125 648";"27 563 478";"2024-09-05 11:44:55"
"2024-09-05";"";"592 958";"394 769";"27 561 963";"2024-09-05 10:07:37"
"2024-09-06";"";"22 999 256";"21 648 878";"27 561 422";"2024-09-07 01:34:21"
"2024-09-03";"";"74 366";"6 676";"27 563 026";"2024-09-03 21:42:30"
"2024-09-09";"";"143 556";"194 572";"27 561 433";"2024-09-09 19:28:21"
"2024-09-08";"";"877 743";"56 266";"27 561 888";"2024-09-08 04:49:40"
"2024-09-09";"Instagram";"7 331 934";"225 500";"27 561 172";"2024-09-09 05:14:34"
"2024-09-08";"";"59 932";"3 011";"27 562 264";"2024-09-08 18:03:29"
"2024-09-07";"";"596 188";"31 049";"27 562 322";"2024-09-08 00:57:32"
"2024-09-08";"";"29 806";"1 309";"27 561 259";"2024-09-08 14:35:11"
"2024-09-10";"Facebook";"26 918";"21 791";"27 562 542";"2024-09-10 16:49:07"
"2024-09-07";"";"32 057";"3 670";"27 563 162";"2024-09-07 18:27:57"
"2024-09-02";"";"352 225";"15 681";"27 562 535";"2024-09-02 13:46:19"
"2024-09-01";"Instagram";"1 180 961";"267 867";"27 562 057";"2024-09-01 23:08:28"
"2024-09-01";"";"196 432";"71 237";"27 562 423";"2024-09-02 00:09:36"
"2024-09-07";"";"150 405";"11 641";"27 563 193";"2024-09-08 01:46:00"
"2024-09-01";"";"42 509";"66 752";"27 561 984";"2024-09-01 16:01:12"
"2024-09-04";"Telegram";"26 519 153";"1 628 422";"27 562 698";"2024-09-04 18:15:15"
"2024-09-06";"";"1 180";"44 255";"27 563 023";"2024-09-06 06:15:34"
"2024-09-07";"Telegram";"120 803 978";"8 518 555";"27 562 672";"2024-09-08 00:33:45"
"2024-09-10";"";"136 816";"86 250";"27 561 215";"2024-09-10 13:46:10"
"2024-09-08";"Facebook";"60 951";"20 691";"27 562 656";"2024-09-08 21:42:36"
"2024-09-04";"Facebook";"44 121";"12 902";"27 562 067";"2024-09-05 02:23:30"
"2024-09-02";"Facebook";"484 281";"276 206";"27 563 031";"2024-09-03 02:47:44"
"2024-09-01";"Facebook";"75 782";"7 139";"27 562 170";"2024-09-01 04:01:49"
"2024-09-09";"Instagram";"496 543";"89 193";"27 562 641";"2024-09-09 19:16:37"
"2024-09-01";"";"2 230 489";"78 629";"27 561 224";"2024-09-01 09:18:51"
"2024-09-02";"YouTube";"10 364 250";"2 127 535";"27 563 430";"2024-09-02 04:25:57"
"2024-09-04";"";"270 612";"384 747";"27 561 788";"2024-09-04 18:39:13"
"2024-09-10";"Instagram";"6 786 167";"98 754";"27 563 413";"2024-09-10 20:41:29"
"2024-09-08";"";"172 572";"10 533";"27 563 445";"2024-09-08 12:45:31"
"2024-09-04";"";"32 738";"2 298";"27 562 063";"2024-09-04 23:56:50"
"2024-09-05";"";"48 246";"2 913";"27 562 758";"2024-09-05 18:39:31"
"2024-09-03";"Yandex Video";"48 816";"47 755";"27 563 216";"2024-09-03 22:31:05"
"2024-09-01";"YouTube";"28 211";"2 182";"27 562 263";"2024-09-01 12:33:03"
"2024-09-07";"Yandex";"270 882";"11 994";"27 561 480";"2024-09-07 15:36:08"
"2024-09-04";"";"6 300 983";"196 682";"27 562 470";"2024-09-04 04:25:56"
"2024-09-08";"";"50 078";"7 410";"27 563 310";"2024-09-08 11:08:34"
"2024-09-03";"Facebook";"1 006 843";"20 923";"27 561 787";"2024-09-03 17:26:17"
"2024-09-10";"";"67 655";"4 418";"27 562 438";"2024-09-10 04:13:00"
"2024-09-08";"";"31 996";"29 086";"27 562 636";"2024-09-08 05:02:10"
"2024-09-03";"";"561 021";"537 271";"27 561 943";"2024-09-03 07:52:02"
"2024-09-10";"";"23 879 083";"1 669 720";"27 563 175";"2024-09-10 14:23:08"
"2024-09-03";"";"10 932 921";"551 259";"27 562 895";"2024-09-03 15:00:01"
"2024-09-07";"Unknown";"1 867 982";"174 367";"27 562 440";"2024-09-08 00:09:23"
"2024-09-09";"Unknown";"758 571";"271 638";"27 562 580";"2024-09-09 12:09:42"
"2024-09-07";"";"654 207";"33 918";"27 561 569";"2024-09-08 00:45:41"
"2024-09-05";"";"344 255";"23 433";"27 561 796";"2024-09-05 11:08:16"
"2024-09-09";"";"32 581";"73 436";"27 563 212";"2024-09-09 12:57:40"
"2024-09-01";"YouTube";"213 891";"25 426";"27 562 239";"2024-09-01 16:37:53"
"2024-09-09";"YouTube";"367 610";"4 809 206";"27 563 134";"2024-09-09 19:16:48"
"2024-09-06";"";"398 397";"220 891";"27 562 063";"2024-09-06 19:28:12"
"2024-09-05";"";"1 012 289";"53 009";"27 562 884";"2024-09-05 13:58:32"
"2024-09-01";"Yandex";"35 304";"2 146";"27 562 083";"2024-09-01 13:10:14"
"2024-09-06";"";"397 689";"20 435";"27 563 489";"2024-09-06 23:44:41"
"2024-09-06";"";"44 851 289";"4 417 650";"27 562 216";"2024-09-06 14:59:29"
"2024-09-04";"";"37 741";"3 856";"27 563 216";"2024-09-04 08:17:55"
"2024-09-07";"";"616 826";"56 265";"27 562 912";"2024-09-07 14:11:10"
"2024-09-04";"";"31 877";"3 756";"27 563 134";"2024-09-04 20:53:56"
"2024-09-04";"Facebook";"309 770";"25 439";"27 563 469";"2024-09-04 04:49:52"
"2024-09-06";"Instagram";"430 956";"61 764";"27 562 921";"2024-09-06 03:00:07"
"2024-09-03";"Instagram";"36 464";"4 936";"27 563 139";"2024-09-03 03:00:54"
"2024-09-08";"";"122 305";"28 131";"27 561 396";"2024-09-08 07:16:04"
"2024-09-04";"YouTube";"261 427";"21 040";"27 562 465";"2024-09-04 14:47:04"
"2024-09-03";"";"26 817";"1 422";"27 562 372";"2024-09-03 18:39:42"
"2024-09-03";"Unknown";"66 116";"10 411";"27 562 709";"2024-09-03 18:27:45"
"2024-09-03";"";"3 844 198";"324 413";"27 561 641";"2024-09-03 06:51:46"
"2024-09-07";"Telegram";"912 744";"68 291";"27 562 085";"2024-09-07 14:35:30"
"2024-09-06";"Tas-ix";"171 038";"17 196";"27 561 600";"2024-09-06 05:14:22"
"2024-09-06";"YouTube";"1 435 167";"275 363";"27 563 177";"2024-09-06 05:50:05"
"2024-09-08";"";"1 572 235";"79 223";"27 561 253";"2024-09-08 21:18:14"
"2024-09-06";"";"381 454";"263 006";"27 562 100";"2024-09-06 15:00:24"
"2024-09-05";"";"3 673 849";"144 448";"27 562 172";"2024-09-05 20:17:22"
"2024-09-05";"";"789 057";"663 757";"27 562 004";"2024-09-06 01:34:08"
"2024-09-09";"PUBG";"173 324";"5 868";"27 562 216";"2024-09-09 11:32:51"
"2024-09-03";"";"105 745";"8 382";"27 562 906";"2024-09-03 10:07:01"
"2024-09-06";"";"57 041";"11 094";"27 561 883";"2024-09-07 02:35:21"
"2024-09-03";"";"31 073";"3 704";"27 562 050";"2024-09-03 04:37:47"
"2024-09-07";"Unknown";"30 734";"2 576";"27 561 593";"2024-09-08 01:10:33"
"2024-09-02";"";"101 102";"3 476";"27 562 293";"2024-09-02 13:58:25"
"2024-09-02";"";"279 095";"464 098";"27 562 233";"2024-09-02 12:33:51"
"2024-09-07";"YouTube";"2 526 334";"1 051 617";"27 563 100";"2024-09-07 10:31:19"
"2024-09-07";"";"800 868";"182 409";"27 561 437";"2024-09-08 00:57:52"
"2024-09-10";"YouTube";"43 940";"219 777";"27 561 386";"2024-09-10 08:17:57"
"2024-09-10";"";"526 178";"206 611";"27 561 774";"2024-09-11 00:09:07"
"2024-09-01";"";"676 645";"326 585";"27 561 462";"2024-09-01 09:30:12"
"2024-09-08";"Facebook";"305 992";"4 241";"27 561 660";"2024-09-08 12:33:42"
"2024-09-06";"";"45 047";"3 780";"27 561 253";"2024-09-06 14:47:08"
"2024-09-04";"PUBG";"3 288 674";"132 334";"27 561 547";"2024-09-04 03:48:10"
"2024-09-04";"";"43 965";"79 319";"27 562 124";"2024-09-04 23:44:32"
"2024-09-06";"YouTube";"1 987 077";"145 472";"27 562 140";"2024-09-06 08:29:25"
"2024-09-09";"YouTube";"20 224 880";"3 376 881";"27 562 497";"2024-09-09 20:41:37"
"2024-09-08";"";"436 689";"191 533";"27 563 333";"2024-09-09 01:22:42"
"2024-09-05";"YouTube";"149 420 701";"7 866 752";"27 563 228";"2024-09-06 00:33:34"
"2024-09-05";"";"401 968";"27 774";"27 561 403";"2024-09-06 01:22:37"
"2024-09-04";"";"15 048";"36 314";"27 563 381";"2024-09-04 05:02:33"
"2024-09-03";"";"80 675";"249 428";"27 562 545";"2024-09-03 10:43:01"
"2024-09-06";"";"35 907";"12 308";"27 562 815";"2024-09-07 02:35:02"
"2024-09-09";"";"186 923";"88 469";"27 562 951";"2024-09-09 19:52:53"
"2024-09-06";"";"497 555";"56 687";"27 562 170";"2024-09-06 13:22:22"
"2024-09-10";"";"105 075";"13 456";"27 563 073";"2024-09-10 22:31:45"
"2024-09-02";"Facebook";"61 731";"30 682";"27 561 883";"2024-09-02 16:13:24"
"2024-09-04";"Instagram";"18 757 013";"416 585";"27 563 410";"2024-09-05 01:58:35"
"2024-09-02";"Facebook";"262 376";"249 174";"27 561 815";"2024-09-02 17:50:15"
"2024-09-01";"";"943 034";"57 467";"27 562 812";"2024-09-01 16:01:45"
"2024-09-01";"";"847 670";"308 201";"27 563 217";"2024-09-01 10:31:38"
"2024-09-04";"Facebook";"32 192";"1 737";"27 561 874";"2024-09-04 20:29:39"
"2024-09-06";"";"29 746";"8 418";"27 562 059";"2024-09-06 07:04:21"
"2024-09-05";"Facebook";"28 112";"10 968";"27 561 468";"2024-09-05 11:20:30"
"2024-09-08";"";"28 556";"26 022";"27 562 194";"2024-09-08 05:38:05"
"2024-09-07";"";"162 553";"10 688";"27 562 039";"2024-09-07 12:21:52"
"2024-09-09";"Facebook";"178 432";"73 487";"27 563 084";"2024-09-09 18:39:59"
"2024-09-10";"";"71 132";"8 261";"27 561 647";"2024-09-10 04:13:13"
"2024-09-04";"";"53 448";"5 222";"27 562 866";"2024-09-04 17:50:46"
"2024-09-10";"Yandex";"474 309";"28 009";"27 563 404";"2024-09-11 01:58:43"
"2024-09-03";"";"115 219";"398 626";"27 561 307";"2024-09-03 08:05:38"
"2024-09-01";"YouTube";"219 137 162";"16 671 416";"27 561 564";"2024-09-01 13:58:25"
"2024-09-08";"Facebook";"7 916 603";"35 616";"27 563 262";"2024-09-08 14:59:22"
"2024-09-02";"";"165 211";"9 730";"27 562 100";"2024-09-02 08:41:09"
"2024-09-10";"";"1 824 968";"123 804";"27 562 527";"2024-09-10 23:32:47"
"2024-09-03";"";"72 429";"5 775";"27 561 879";"2024-09-03 15:24:02"
"2024-09-06";"Yandex";"1 496 509";"2 763 927";"27 562 595";"2024-09-06 07:16:04"
"2024-09-04";"";"133 667";"8 582";"27 561 697";"2024-09-04 04:49:42"
"2024-09-04";"";"587 720";"44 705";"27 561 785";"2024-09-04 04:25:24"
"2024-09-06";"";"82 976";"12 940";"27 561 480";"2024-09-06 15:36:59"
"2024-09-06";"";"31 361";"3 254";"27 561 294";"2024-09-06 10:55:46"
"2024-09-06";"Facebook";"1 341 460";"74 344";"27 561 836";"2024-09-06 23:44:58"
"2024-09-01";"";"24 118";"27 265";"27 561 380";"2024-09-02 02:23:33"
"2024-09-08";"";"92 079";"34 624";"27 563 020";"2024-09-08 10:43:07"
"2024-09-06";"Yandex";"139 274";"49 678";"27 561 253";"2024-09-06 03:12:29"
"2024-09-02";"YouTube";"1 011 885";"30 321";"27 562 281";"2024-09-02 09:06:42"
"2024-09-10";"";"59 643";"22 687";"27 561 974";"2024-09-10 13:10:43"
"2024-09-01";"Apple Music";"221 960";"57 782";"27 561 633";"2024-09-02 01:22:37"
"2024-09-01";"";"128 125";"27 969";"27 563 264";"2024-09-02 01:34:00"
"2024-09-09";"VKontakte";"876 110";"42 666";"27 562 898";"2024-09-09 11:56:07"
"2024-09-10";"";"708 740";"71 906";"27 561 723";"2024-09-11 01:46:06"
"2024-09-04";"";"34 454";"7 884";"27 562 004";"2024-09-04 05:38:03"
"2024-09-08";"";"176 101 646";"7 518 147";"27 562 069";"2024-09-08 20:53:17"
"2024-09-08";"";"405 174";"21 619";"27 563 443";"2024-09-08 04:13:07"
"2024-09-03";"Instagram";"93 763 154";"657 637";"27 563 458";"2024-09-03 18:51:47"
"2024-09-06";"";"28 353";"15 044";"27 563 219";"2024-09-06 08:17:13"
"2024-09-10";"";"37 410";"1 720";"27 563 145";"2024-09-10 13:10:31"
"2024-09-08";"";"14 770 323";"689 978";"27 563 193";"2024-09-08 08:41:43"
"2024-09-03";"";"29 785";"11 027";"27 561 922";"2024-09-03 15:12:48"
"2024-09-04";"";"1 391 913";"523 487";"27 562 445";"2024-09-04 11:20:14"
"2024-09-06";"TikTok";"970";"60 898";"27 562 858";"2024-09-06 23:08:18"
"2024-09-05";"";"1 426 911";"1 244 417";"27 562 122";"2024-09-05 11:08:13"
"2024-09-04";"";"69 714";"4 541";"27 562 941";"2024-09-05 02:35:22"
"2024-09-05";"";"457 818";"21 329";"27 562 365";"2024-09-05 14:47:51"
"2024-09-09";"Instagram";"86 044 533";"1 852 937";"27 562 615";"2024-09-09 17:50:34"
"2024-09-08";"";"5 398 967";"494 351";"27 562 917";"2024-09-09 01:58:13"
"2024-09-08";"";"23 497";"57 664";"27 562 748";"2024-09-08 20:41:31"
"2024-09-08";"";"233 657";"184 600";"27 562 107";"2024-09-08 12:57:42"
"2024-09-10";"";"584 183";"40 367";"27 561 915";"2024-09-11 01:10:05"
"2024-09-02";"";"167 592";"7 466";"27 563 410";"2024-09-02 05:38:10"
"2024-09-07";"Telegram";"56 675 464";"3 539 408";"27 563 183";"2024-09-07 03:12:48"
"2024-09-04";"Facebook";"143 427";"10 584";"27 563 158";"2024-09-04 06:51:40"
"2024-09-02";"";"1 398 577";"75 372";"27 561 668";"2024-09-02 16:49:39"
"2024-09-01";"";"49 562";"10 578";"27 562 124";"2024-09-01 23:20:01"
"2024-09-04";"Instagram";"427 911";"144 356";"27 561 701";"2024-09-04 14:47:22"
"2024-09-04";"Telegram";"62 921";"7 281";"27 561 674";"2024-09-04 05:02:42"
"2024-09-05";"";"27 256";"66 437";"27 561 231";"2024-09-06 00:33:36"
"2024-09-01";"";"38 309";"359 946";"27 562 748";"2024-09-02 02:35:22"
"2024-09-08";"";"45 421";"3 762";"27 563 217";"2024-09-08 10:43:11"
"2024-09-04";"";"34 840";"16 791";"27 562 048";"2024-09-04 10:31:36"
"2024-09-03";"";"66 912";"6 637";"27 561 524";"2024-09-03 16:49:15"
"2024-09-02";"";"36 307";"5 854";"27 563 165";"2024-09-02 20:41:01"
"2024-09-02";"";"13 866";"30 031";"27 561 890";"2024-09-02 04:37:18"
"2024-09-03";"";"173 214";"207 918";"27 562 540";"2024-09-03 15:12:31"
"2024-09-03";"Facebook";"701 898";"50 716";"27 561 176";"2024-09-04 01:34:26"
"2024-09-06";"";"17 023";"54 266";"27 562 496";"2024-09-06 12:09:52"
"2024-09-04";"Telegram";"111 582 263";"8 405 896";"27 561 410";"2024-09-04 18:39:01"
"2024-09-04";"";"34 868";"18 339";"27 562 051";"2024-09-05 02:47:52"
"2024-09-06";"";"147 606";"25 150";"27 561 767";"2024-09-06 07:16:47"
"2024-09-02";"YouTube";"570 980";"73 942";"27 561 474";"2024-09-02 21:42:29"
"2024-09-07";"Telegram";"29 869 858";"1 370 825";"27 561 896";"2024-09-07 06:03:46"
"2024-09-01";"Facebook";"68 458";"10 261";"27 562 417";"2024-09-02 02:59:07"
"2024-09-05";"";"119 200";"77 207";"27 562 689";"2024-09-05 18:27:44"
"2024-09-01";"Facebook";"36 590";"2 674";"27 562 292";"2024-09-01 03:24:32"
"2024-09-06";"Instagram";"841 315";"57 559";"27 561 292";"2024-09-06 05:14:48"
"2024-09-06";"";"83 002";"20 132";"27 562 741";"2024-09-06 09:54:11"
"2024-09-03";"Facebook";"3 989 219";"187 261";"27 561 428";"2024-09-03 03:00:04"
"2024-09-05";"";"113 030";"144 468";"27 561 827";"2024-09-05 05:38:54"
"2024-09-02";"";"904 322";"51 556";"27 561 732";"2024-09-02 09:18:18"
"2024-09-04";"Unknown";"713 168";"76 376";"27 561 217";"2024-09-04 19:04:35"
"2024-09-08";"";"65 171";"3 460";"27 563 402";"2024-09-08 18:51:26"
"2024-09-09";"";"62 887";"5 128";"27 561 432";"2024-09-10 02:35:20"
"2024-09-06";"YouTube";"83 996";"36 423";"27 562 234";"2024-09-06 14:59:04"
"2024-09-08";"";"122 749";"6 115";"27 561 981";"2024-09-08 11:44:28"
"2024-09-04";"YouTube";"239 890";"35 113";"27 563 100";"2024-09-04 14:23:50"
"2024-09-01";"";"1 771 527";"198 991";"27 562 374";"2024-09-02 01:58:25"
"2024-09-08";"Facebook";"65 611";"6 283";"27 563 512";"2024-09-08 17:14:58"
"2024-09-10";"";"72 502";"32 080";"27 562 364";"2024-09-10 17:02:25"
"2024-09-04";"";"164 565";"81 897";"27 562 656";"2024-09-04 09:42:04"
"2024-09-08";"";"401 235";"213 489";"27 562 861";"2024-09-08 15:24:27"
"2024-09-09";"";"11 567 991";"433 285";"27 561 956";"2024-09-09 07:16:12"
"2024-09-10";"";"875 369";"69 665";"27 562 139";"2024-09-10 13:34:30"
"2024-09-08";"";"32 153";"61 953";"27 562 255";"2024-09-08 05:26:41"
"2024-09-08";"";"38 082";"20 742";"27 561 872";"2024-09-08 03:24:48"
"2024-09-02";"";"59 490";"3 000";"27 562 612";"2024-09-02 21:30:24"
"2024-09-10";"";"1 014 377";"627 812";"27 563 186";"2024-09-10 16:49:41"
"2024-09-06";"";"24 786";"42 039";"27 562 906";"2024-09-06 12:45:08"
"2024-09-05";"YouTube";"323 331";"45 443";"27 562 403";"2024-09-05 17:14:27"
"2024-09-10";"";"47 516";"4 696";"27 562 659";"2024-09-10 15:12:42"
"2024-09-02";"";"340 717";"93 120";"27 562 318";"2024-09-02 16:37:18"
"2024-09-03";"Unknown";"56 216";"2 127";"27 561 601";"2024-09-04 02:23:43"
"2024-09-10";"";"65 173 099";"3 997 895";"27 562 955";"2024-09-10 21:54:29"
"2024-09-08";"";"660 178";"21 522";"27 563 347";"2024-09-08 07:40:37"
"2024-09-08";"TikTok";"780";"42 597";"27 562 791";"2024-09-08 12:57:13"
"2024-09-10";"Unknown";"39 129";"48 716";"27 562 098";"2024-09-10 08:05:38"
"2024-09-05";"YouTube";"835 436";"8 036 753";"27 563 290";"2024-09-05 16:49:41"
"2024-09-08";"";"54 920";"100 870";"27 561 485";"2024-09-08 09:30:57"
"2024-09-09";"";"4 418 605";"201 429";"27 562 801";"2024-09-09 13:34:00"
"2024-09-05";"";"844 445";"657 713";"27 563 101";"2024-09-06 01:58:21"
"2024-09-10";"";"341 628";"186 571";"27 561 480";"2024-09-10 10:19:01"
"2024-09-02";"Telegram";"133 792 824";"9 022 351";"27 561 184";"2024-09-02 10:55:31"
"2024-09-06";"";"52 796";"11 059";"27 562 932";"2024-09-06 18:15:38"
"2024-09-09";"";"27 886";"3 593";"27 563 503";"2024-09-09 18:39:14"
"2024-09-02";"YouTube";"2 853 086";"856 099";"27 562 105";"2024-09-02 12:45:11"
"2024-09-03";"";"92 785";"14 311";"27 563 217";"2024-09-03 11:56:50"
"2024-09-08";"";"248 112";"26 948";"27 563 469";"2024-09-08 23:20:50"
"2024-09-08";"Facebook";"49 267";"6 605";"27 561 401";"2024-09-08 03:12:18"
"2024-09-04";"";"85 451";"5 457";"27 562 084";"2024-09-04 23:08:09"
"2024-09-09";"";"162 900";"83 067";"27 561 365";"2024-09-09 18:27:59"
"2024-09-05";"";"180 075";"191 557";"27 562 047";"2024-09-05 19:52:56"
"2024-09-08";"YouTube";"7 901 032";"441 730";"27 563 141";"2024-09-08 05:02:27"
"2024-09-03";"";"3 117 410";"467 600";"27 561 569";"2024-09-03 13:10:30"
"2024-09-06";"YouTube";"2 267 384";"153 627";"27 562 466";"2024-09-06 14:11:30"
"2024-09-06";"";"427 857";"50 331";"27 561 752";"2024-09-06 15:48:41"
"2024-09-09";"YouTube";"1 563 604";"611 840";"27 562 617";"2024-09-09 15:24:34"
"2024-09-09";"";"73 682";"7 912";"27 561 460";"2024-09-09 21:54:35"
"2024-09-08";"";"177 045";"11 765";"27 562 328";"2024-09-08 05:50:28"
"2024-09-05";"Facebook";"389 811";"15 665";"27 562 063";"2024-09-05 23:56:34"
"2024-09-01";"Telegram";"26 665 557";"4 474 792";"27 561 542";"2024-09-01 16:49:03"
"2024-09-01";"YouTube";"143 736";"92 056";"27 561 403";"2024-09-01 19:52:17"
"2024-09-03";"Instagram";"575 083";"42 241";"27 561 218";"2024-09-03 23:44:53"
"2024-09-09";"Facebook";"2 261 704";"64 894";"27 561 827";"2024-09-09 17:38:45"
"2024-09-09";"YouTube";"188 614";"1 678 682";"27 562 402";"2024-09-09 03:36:12"
"2024-09-07";"";"133 303";"8 965";"27 562 039";"2024-09-07 23:08:42"
"2024-09-01";"Tas-ix";"54 130";"29 015";"27 563 242";"2024-09-01 12:45:51"
"2024-09-02";"Instagram";"970 017";"131 601";"27 561 592";"2024-09-02 21:18:36"
"2024-09-06";"";"189 731";"612 237";"27 561 567";"2024-09-06 11:08:39"
"2024-09-09";"";"74 360";"17 790";"27 562 421";"2024-09-09 17:50:21"
"2024-09-04";"";"977 345";"151 711";"27 563 310";"2024-09-04 03:36:10"
"2024-09-03";"Facebook";"65 629";"7 003";"27 561 872";"2024-09-03 11:32:06"
"2024-09-07";"";"50 635";"60 277";"27 562 075";"2024-09-07 11:32:29"
"2024-09-09";"";"51 918";"7 532";"27 561 787";"2024-09-09 05:50:54"
"2024-09-10";"";"160 878";"22 128";"27 561 234";"2024-09-10 09:06:30"
"2024-09-10";"";"60 710";"3 375";"27 561 834";"2024-09-10 08:05:40"
"2024-09-07";"Facebook";"59 802";"17 767";"27 562 080";"2024-09-07 04:49:55"
"2024-09-05";"";"89 508";"71 449";"27 561 796";"2024-09-05 16:37:49"
"2024-09-09";"Telegram";"29 204 716";"36 468 331";"27 563 052";"2024-09-10 02:47:30"
"2024-09-06";"";"35 757";"24 056";"27 563 295";"2024-09-06 08:53:58"
"2024-09-05";"";"44 915";"7 575";"27 562 885";"2024-09-05 05:50:44"
"2024-09-06";"";"307 067";"13 349";"27 562 560";"2024-09-06 19:16:24"
"2024-09-10";"";"926 191";"38 387";"27 563 422";"2024-09-10 21:18:45"
"2024-09-07";"";"103 070";"6 707";"27 562 382";"2024-09-07 04:37:17"
"2024-09-01";"Instagram";"65 894";"12 872";"27 562 071";"2024-09-02 01:46:07"
"2024-09-03";"";"168 857";"112 918";"27 561 915";"2024-09-03 18:15:57"
"2024-09-02";"";"30 023";"2 621";"27 562 058";"2024-09-02 07:04:26"
"2024-09-04";"";"160 443";"145 599";"27 562 350";"2024-09-04 21:42:00"
"2024-09-06";"";"248 392";"30 601";"27 562 302";"2024-09-06 20:53:29"
"2024-09-02";"";"171 264";"79 933";"27 561 512";"2024-09-02 16:37:51"
"2024-09-01";"";"32 621 324";"864 105";"27 562 317";"2024-09-01 08:29:54"
"2024-09-09";"Instagram";"6 506 300";"254 115";"27 562 645";"2024-09-10 02:35:44"
"2024-09-05";"Instagram";"7 224 196";"5 757 595";"27 562 759";"2024-09-06 02:11:37"
"2024-09-03";"";"57 795";"26 114";"27 563 216";"2024-09-03 08:29:59"
"2024-09-03";"";"9 654";"35 688";"27 561 718";"2024-09-03 09:42:33"
"2024-09-05";"YouTube";"968 798";"246 851";"27 561 492";"2024-09-05 04:49:36"
"2024-09-09";"";"53 784";"6 811";"27 562 879";"2024-09-09 22:55:05"
"2024-09-06";"";"37 297";"6 502";"27 562 467";"2024-09-07 02:59:17"
"2024-09-05";"";"516 946";"37 840";"27 561 222";"2024-09-05 05:26:27"
"2024-09-02";"";"41 882";"5 996";"27 561 330";"2024-09-03 01:58:58"
"2024-09-08";"YouTube";"113 650 153";"8 475 683";"27 561 940";"2024-09-08 15:36:18"
"2024-09-05";"";"396 272";"23 399";"27 562 950";"2024-09-05 10:31:56"
"2024-09-05";"";"303 301";"20 314";"27 562 260";"2024-09-06 02:35:56"
"2024-09-10";"";"1 266 661";"115 148";"27 563 026";"2024-09-10 12:09:18"
"2024-09-03";"";"32 931 842";"6 576 748";"27 562 192";"2024-09-03 09:30:45"
"2024-09-02";"Instagram";"3 475 807";"2 003 590";"27 562 494";"2024-09-02 08:17:13"
"2024-09-08";"Yandex";"193 354";"813 384";"27 563 093";"2024-09-08 13:58:47"
"2024-09-07";"";"7 731";"78 679";"27 562 559";"2024-09-07 13:10:24"
"2024-09-05";"Instagram";"355 705";"36 560";"27 563 100";"2024-09-05 12:45:22"
"2024-09-06";"";"34 486";"8 763";"27 561 453";"2024-09-06 04:49:12"
"2024-09-07";"";"73 463";"67 275";"27 562 120";"2024-09-07 05:38:27"
"2024-09-08";"Telegram";"8 576 132";"518 442";"27 562 894";"2024-09-08 17:14:45"
"2024-09-06";"";"29 770";"11 694";"27 561 221";"2024-09-06 19:04:54"
"2024-09-07";"YouTube";"69 897";"5 878";"27 561 971";"2024-09-07 10:55:37"
"2024-09-03";"Telegram";"757 523";"96 325";"27 562 762";"2024-09-03 03:48:18"
"2024-09-09";"";"44 201 386";"3 887 160";"27 561 970";"2024-09-09 13:46:45"
"2024-09-04";"";"67 248";"61 531";"27 561 828";"2024-09-04 22:19:27"
"2024-09-07";"";"28 313";"5 759";"27 561 420";"2024-09-07 19:52:40"
"2024-09-08";"";"42 816";"5 642";"27 563 152";"2024-09-08 05:38:04"
"2024-09-02";"";"297 560";"277 977";"27 563 250";"2024-09-02 20:17:55"
"2024-09-09";"Yandex";"80 096";"4 159";"27 562 014";"2024-09-09 18:15:02"
"2024-09-03";"";"59 968";"35 265";"27 561 787";"2024-09-03 04:13:52"
"2024-09-05";"YouTube";"40 713";"4 325";"27 561 384";"2024-09-05 17:38:30"
"2024-09-09";"YouTube";"1 610 792";"96 057";"27 563 453";"2024-09-09 20:29:28"
"2024-09-03";"Telegram";"84 191 816";"34 306 729";"27 561 214";"2024-09-03 12:45:45"
"2024-09-08";"";"634 339";"235 689";"27 563 151";"2024-09-08 07:28:00"
"2024-09-10";"";"291 474";"11 492";"27 561 288";"2024-09-10 17:26:29"
"2024-09-09";"";"102 848";"18 030";"27 562 456";"2024-09-09 17:38:08"
"2024-09-08";"";"225 199";"11 595";"27 561 227";"2024-09-08 13:34:27"
"2024-09-08";"";"35 085";"1 228 511";"27 562 906";"2024-09-08 23:56:35"
"2024-09-07";"";"37 108";"4 844";"27 561 942";"2024-09-07 03:12:59"
"2024-09-07";"Instagram";"2 015 654";"1 087 751";"27 561 491";"2024-09-07 16:25:14"
"2024-09-10";"";"26 871";"39 876";"27 561 250";"2024-09-10 06:27:07"
"2024-09-02";"";"299 540 018";"14 348 571";"27 563 224";"2024-09-02 08:29:45"
"2024-09-08";"";"12 577";"39 454";"27 562 149";"2024-09-09 02:11:40"
"2024-09-08";"";"38 729";"5 071";"27 563 451";"2024-09-08 03:00:18"
"2024-09-09";"Facebook";"69 769";"18 484";"27 562 142";"2024-09-09 08:53:42"
"2024-09-02";"";"35 328";"133 111";"27 562 628";"2024-09-02 10:19:04"
"2024-09-03";"";"17 690";"53 293";"27 563 290";"2024-09-03 18:03:49"
"2024-09-01";"Apple Music";"88 485";"5 786";"27 561 670";"2024-09-02 02:11:42"
"2024-09-06";"";"79 551";"312 077";"27 562 544";"2024-09-06 23:08:16"
"2024-09-02";"";"29 846";"2 781";"27 562 290";"2024-09-02 14:47:26"
"2024-09-08";"Telegram";"2 430 994";"143 665";"27 562 357";"2024-09-08 14:59:06"
"2024-09-10";"YouTube";"195 352";"1 409 281";"27 562 476";"2024-09-10 20:53:26"
"2024-09-09";"Telegram";"19 925 469";"2 219 887";"27 562 563";"2024-09-09 07:16:53"
"2024-09-05";"";"29 754";"2 985";"27 561 190";"2024-09-05 06:39:27"
"2024-09-04";"";"3 375";"80 902";"27 562 398";"2024-09-04 16:37:02"
"2024-09-10";"Yandex";"172 234";"16 059";"27 561 294";"2024-09-10 16:13:22"
"2024-09-08";"Yandex Video";"437 911";"5 017";"27 561 846";"2024-09-08 11:08:49"
"2024-09-01";"";"3 250 152";"259 514";"27 562 871";"2024-09-01 05:26:56"
"2024-09-09";"YouTube";"4 099 938";"219 737";"27 561 364";"2024-09-09 14:35:56"
"2024-09-10";"";"204 523";"97 009";"27 561 629";"2024-09-10 23:32:15"
"2024-09-02";"Instagram";"322 001 706";"7 802 646";"27 562 985";"2024-09-02 03:12:23"
"2024-09-08";"Telegram";"65 336 598";"3 785 708";"27 562 704";"2024-09-08 05:26:23"
"2024-09-03";"";"212 040";"32 955";"27 561 428";"2024-09-03 06:15:49"
"2024-09-04";"";"35 986";"2 558";"27 562 435";"2024-09-04 03:24:25"
"2024-09-08";"";"53 359";"7 282";"27 562 617";"2024-09-08 20:41:06"
"2024-09-10";"YouTube";"332 951";"56 143";"27 562 775";"2024-09-10 09:54:50"
"2024-09-09";"";"45 331";"7 639";"27 561 936";"2024-09-09 05:50:49"
"2024-09-01";"";"67 255";"4 720";"27 561 219";"2024-09-02 02:35:59"
"2024-09-06";"";"288 209";"111 885";"27 561 184";"2024-09-06 17:14:40"
"2024-09-03";"";"83 338";"6 425";"27 562 919";"2024-09-03 06:03:57"
"2024-09-01";"";"24 083";"299 444";"27 562 168";"2024-09-01 10:07:55"
"2024-09-03";"";"92 205";"10 335";"27 561 776";"2024-09-03 15:00:05"
"2024-09-02";"";"32 950";"9 545";"27 562 133";"2024-09-02 18:15:04"
"2024-09-07";"WhatsApp";"6 405 126";"239 527";"27 561 281";"2024-09-07 16:13:26"
"2024-09-03";"";"249 428";"8 123";"27 563 371";"2024-09-03 10:31:55"
"2024-09-08";"";"1 561 841";"2 830 767";"27 562 480";"2024-09-08 11:08:06"
"2024-09-06";"";"2 095 665";"38 156";"27 562 840";"2024-09-06 08:41:38"
"2024-09-05";"";"29 855";"1 839";"27 562 553";"2024-09-05 17:14:16"
"2024-09-07";"";"59 022";"27 133";"27 561 695";"2024-09-07 22:55:21"
"2024-09-08";"";"40 401";"83 618";"27 561 998";"2024-09-08 14:59:40"
"2024-09-03";"Apple Music";"36 321";"9 874";"27 563 169";"2024-09-03 22:55:41"
"2024-09-10";"Facebook";"54 783";"3 921";"27 561 881";"2024-09-10 03:24:47"
"2024-09-07";"";"574 851";"21 254";"27 561 457";"2024-09-07 20:05:21"
"2024-09-02";"Tas-ix";"188 497";"126 256";"27 562 641";"2024-09-02 20:53:27"
"2024-09-10";"";"401 694";"121 994";"27 563 157";"2024-09-10 11:08:16"
"2024-09-07";"";"78 221";"58 472";"27 562 192";"2024-09-07 16:13:46"
"2024-09-05";"Unknown";"27 192";"5 443";"27 562 673";"2024-09-05 22:55:26"
"2024-09-06";"";"212 511";"17 954";"27 562 732";"2024-09-06 20:05:24"
"2024-09-10";"";"30 066";"5 946";"27 562 889";"2024-09-10 15:12:00"
"2024-09-05";"";"179 289";"255 960";"27 562 044";"2024-09-05 12:09:32"
"2024-09-03";"";"60 523";"2 200";"27 562 832";"2024-09-03 14:23:27"
"2024-09-08";"Instagram";"1 560 541";"313 481";"27 562 148";"2024-09-08 09:42:20"
"2024-09-07";"";"334 559";"70 743";"27 561 172";"2024-09-07 17:02:33"
"2024-09-07";"";"29 639";"7 231";"27 562 780";"2024-09-07 09:30:08"
"2024-09-10";"";"76 303";"3 891";"27 561 630";"2024-09-10 13:34:21"
"2024-09-07";"Unknown";"1 235 107";"68 159";"27 562 780";"2024-09-07 21:06:12"
"2024-09-02";"YouTube";"1 370 399";"445 273";"27 561 466";"2024-09-02 03:12:36"
"2024-09-05";"";"34 891";"47 075";"27 562 294";"2024-09-05 09:06:39"
"2024-09-02";"";"170 404";"234 962";"27 562 014";"2024-09-02 09:06:33"
"2024-09-10";"";"65 328";"6 476";"27 562 747";"2024-09-10 23:44:58"
"2024-09-01";"";"39 864";"5 635";"27 561 540";"2024-09-01 22:19:34"
"2024-09-06";"Instagram";"16 731 751";"17 733 940";"27 561 834";"2024-09-06 14:11:16"
"2024-09-08";"";"98 262";"5 314";"27 562 725";"2024-09-08 19:16:15"
"2024-09-03";"";"1 375 284";"79 254";"27 563 020";"2024-09-03 21:18:25"
"2024-09-07";"Instagram";"176 372";"46 157";"27 562 088";"2024-09-07 04:49:05"
"2024-09-01";"";"156 755";"20 472";"27 561 350";"2024-09-01 14:47:32"
"2024-09-02";"";"112 636";"410 626";"27 562 524";"2024-09-02 17:02:12"
"2024-09-01";"";"8 288 638";"382 014";"27 561 867";"2024-09-01 07:52:06"
"2024-09-04";"";"14 398";"98 537";"27 562 382";"2024-09-04 18:15:49"
"2024-09-03";"";"587 897";"116 901";"27 562 304";"2024-09-03 17:38:27"
"2024-09-07";"";"187 174";"15 334";"27 562 842";"2024-09-07 23:08:45"
"2024-09-05";"";"598 726";"75 047";"27 561 362";"2024-09-06 00:33:17"
"2024-09-10";"";"3 122 698";"216 311";"27 561 720";"2024-09-10 12:09:30"
"2024-09-07";"Unknown";"4 342 026";"135 692";"27 562 194";"2024-09-07 17:38:17"
"2024-09-06";"YouTube";"148 490";"20 078";"27 562 413";"2024-09-06 19:28:05"
"2024-09-05";"";"153 197";"99 714";"27 562 838";"2024-09-06 02:11:09"
"2024-09-07";"";"406 318";"37 818";"27 561 373";"2024-09-07 19:16:01"
"2024-09-08";"";"36 297";"3 145";"27 563 069";"2024-09-08 13:22:34"
"2024-09-06";"Facebook";"3 052 944";"76 341";"27 562 766";"2024-09-07 00:45:32"
"2024-09-07";"";"39 260";"6 085";"27 562 535";"2024-09-07 12:45:33"
"2024-09-02";"YouTube";"169 306";"583 203";"27 562 878";"2024-09-02 16:49:25"
"2024-09-05";"";"114 430";"14 725";"27 561 762";"2024-09-05 14:35:31"
"2024-09-05";"";"34 726";"8 656";"27 561 556";"2024-09-05 17:02:13"
"2024-09-03";"";"27 178";"19 882";"27 562 401";"2024-09-03 23:20:50"
"2024-09-03";"";"37 705";"16 278";"27 562 518";"2024-09-03 10:43:59"
"2024-09-07";"Facebook";"407 257";"16 061";"27 563 284";"2024-09-07 09:18:33"
"2024-09-04";"";"41 270";"2 883";"27 561 865";"2024-09-04 20:53:21"
"2024-09-06";"YouTube";"882 741";"4 475 078";"27 563 442";"2024-09-06 14:59:58"
"2024-09-04";"";"9 827";"179 614";"27 563 300";"2024-09-04 12:21:34"
"2024-09-01";"";"98 895";"7 436";"27 562 014";"2024-09-01 14:11:43"
"2024-09-01";"";"40 958";"142 269";"27 563 369";"2024-09-01 14:47:32"
"2024-09-04";"";"5 697 973";"279 047";"27 562 968";"2024-09-04 15:00:10"
"2024-09-02";"";"8 999 278";"377 555";"27 563 114";"2024-09-02 12:33:48"
"2024-09-03";"YouTube";"1 592 581";"181 103";"27 562 756";"2024-09-03 15:24:36"
"2024-09-09";"YouTube";"4 012 993";"185 639";"27 563 112";"2024-09-09 03:12:46"
"2024-09-05";"";"29 673";"7 589";"27 562 028";"2024-09-05 17:02:12"
"2024-09-07";"Instagram";"4 929 808";"129 369";"27 563 077";"2024-09-07 04:37:11"
"2024-09-10";"";"72 487 112";"601 083";"27 563 143";"2024-09-10 14:35:21"
"2024-09-04";"YouTube";"302 972 914";"15 810 472";"27 562 598";"2024-09-04 05:26:33"
"2024-09-01";"";"7 779 681";"330 294";"27 562 139";"2024-09-01 18:15:39"
"2024-09-03";"";"30 271";"18 877";"27 562 099";"2024-09-03 23:08:11"
"2024-09-02";"";"5 050 347";"245 865";"27 562 775";"2024-09-02 15:12:42"
"2024-09-10";"";"5 788";"44 637";"27 562 607";"2024-09-10 04:25:24"
"2024-09-06";"Instagram";"33 279 499";"635 641";"27 562 553";"2024-09-06 23:20:31"
"2024-09-07";"";"57 810";"2 815";"27 561 567";"2024-09-07 04:25:06"
"2024-09-10";"YouTube";"166 378 482";"8 537 694";"27 562 820";"2024-09-10 03:36:41"
"2024-09-02";"";"532 682";"44 062";"27 561 776";"2024-09-02 03:24:07"
"2024-09-06";"";"33 179";"2 876";"27 562 612";"2024-09-06 10:55:00"
"2024-09-02";"";"49 356";"5 483";"27 562 722";"2024-09-03 02:59:08"
"2024-09-08";"";"67 462";"7 831";"27 561 464";"2024-09-08 08:53:32"
"2024-09-03";"";"26 808";"7 904";"27 561 370";"2024-09-03 11:32:47"
"2024-09-05";"";"297 017";"153 980";"27 563 143";"2024-09-05 16:37:09"
"2024-09-07";"YouTube";"125 454";"8 029";"27 562 617";"2024-09-07 22:43:14"
"2024-09-04";"";"29 640";"24 965";"27 563 110";"2024-09-04 08:05:06"
"2024-09-07";"";"216 026";"66 749";"27 562 801";"2024-09-07 10:55:07"
"2024-09-01";"Tas-ix";"166 055";"117 408";"27 562 143";"2024-09-02 02:23:14"
"2024-09-08";"";"79 377";"26 227";"27 561 965";"2024-09-08 07:04:36"
"2024-09-06";"";"38 734";"6 015";"27 562 822";"2024-09-06 16:49:27"
"2024-09-02";"";"1 210 396";"134 540";"27 563 393";"2024-09-02 03:36:09"
"2024-09-08";"";"1 148 922";"205 603";"27 563 122";"2024-09-08 16:25:45"
"2024-09-05";"Facebook";"718 329";"9 098";"27 563 176";"2024-09-05 14:47:14"
"2024-09-10";"";"55 968";"76 726";"27 561 506";"2024-09-11 01:34:06"
"2024-09-05";"YouTube";"69 123";"14 329";"27 562 088";"2024-09-05 07:52:54"
"2024-09-09";"";"43 723";"4 442";"27 562 100";"2024-09-10 00:45:01"
"2024-09-07";"YouTube";"253 651 095";"13 393 048";"27 561 485";"2024-09-07 10:43:21"
"2024-09-09";"";"52 956";"35 971";"27 561 232";"2024-09-09 10:07:49"
"2024-09-03";"";"58 687";"3 820";"27 562 428";"2024-09-03 14:47:25"
"2024-09-06";"";"53 574";"13 532";"27 561 491";"2024-09-06 05:26:11"
"2024-09-04";"";"8 140";"38 633";"27 562 007";"2024-09-05 00:33:47"
"2024-09-10";"YouTube";"671 712";"191 124";"27 561 458";"2024-09-10 15:36:48"
"2024-09-02";"Telegram";"126 941 676";"7 459 538";"27 562 868";"2024-09-02 17:14:12"
"2024-09-09";"";"123 085";"165 358";"27 563 097";"2024-09-09 14:23:04"
"2024-09-08";"Unknown";"119 772";"53 271";"27 563 136";"2024-09-08 06:03:50"
"2024-09-10";"Facebook";"730 357";"695 563";"27 561 302";"2024-09-10 11:20:39"
"2024-09-06";"";"159 669";"58 010";"27 562 590";"2024-09-07 02:59:16"
"2024-09-08";"";"39 132";"2 699";"27 562 252";"2024-09-09 02:11:58"
"2024-09-09";"YouTube";"388 230";"1 944 542";"27 561 855";"2024-09-09 23:32:47"
"2024-09-01";"YouTube";"161 917";"38 642";"27 561 289";"2024-09-01 18:39:25"
"2024-09-03";"";"363 108";"14 328";"27 561 851";"2024-09-03 15:36:54"
"2024-09-06";"";"48 958";"2 524";"27 563 414";"2024-09-06 05:02:34"
"2024-09-03";"Instagram";"74 989";"15 892";"27 562 822";"2024-09-03 20:41:08"
"2024-09-01";"";"101 087";"14 775";"27 563 271";"2024-09-01 17:02:18"
"2024-09-02";"Telegram";"33 612";"2 959";"27 561 792";"2024-09-02 22:31:05"
"2024-09-08";"";"588 698";"55 411";"27 563 443";"2024-09-09 00:09:21"
"2024-09-02";"";"93 732 433";"46 551 832";"27 561 850";"2024-09-02 20:05:42"
"2024-09-07";"";"2 114 845";"82 742";"27 562 343";"2024-09-07 06:27:15"
"2024-09-09";"";"2 570 940";"8 179 784";"27 562 756";"2024-09-09 23:44:47"
"2024-09-09";"";"473 222";"574 144";"27 562 436";"2024-09-09 09:06:33"
"2024-09-09";"";"27 376";"21 781";"27 561 213";"2024-09-09 08:17:11"
"2024-09-08";"PUBG";"4 521 509";"187 364";"27 561 975";"2024-09-08 04:13:48"
"2024-09-09";"";"32 611";"36 733";"27 562 490";"2024-09-09 11:44:33"
"2024-09-05";"";"980 301";"53 699";"27 563 467";"2024-09-05 11:20:20"
"2024-09-08";"";"154 557";"9 703";"27 562 552";"2024-09-08 07:40:22"
"2024-09-02";"Yandex";"355 307";"109 530";"27 561 180";"2024-09-02 08:17:28"
"2024-09-07";"";"86 901";"318 269";"27 562 230";"2024-09-07 05:50:31"
"2024-09-10";"";"436 687";"85 700";"27 562 489";"2024-09-10 06:27:03"
"2024-09-01";"";"286 136";"98 486";"27 563 347";"2024-09-02 01:22:06"
"2024-09-10";"";"98 785";"307 986";"27 561 361";"2024-09-10 22:31:47"
"2024-09-04";"";"337 365";"34 543";"27 561 301";"2024-09-04 07:28:59"
"2024-09-03";"";"802 724";"279 864";"27 561 433";"2024-09-03 23:08:25"
"2024-09-09";"Tas-ix";"229 939";"25 103";"27 563 458";"2024-09-09 21:42:30"
"2024-09-10";"";"80 215";"38 539";"27 561 281";"2024-09-10 05:14:47"
"2024-09-08";"";"520 106";"107 452";"27 561 830";"2024-09-08 09:18:35"
"2024-09-07";"";"98 504";"13 037";"27 563 336";"2024-09-07 16:01:35"
"2024-09-10";"";"255 341";"34 766";"27 561 649";"2024-09-10 22:07:21"
"2024-09-03";"";"133 121";"33 333";"27 561 730";"2024-09-03 17:14:44"
"2024-09-03";"";"80 853";"122 781";"27 561 862";"2024-09-03 21:54:56"
"2024-09-06";"YouTube";"379 289";"17 434";"27 562 648";"2024-09-06 06:03:07"
"2024-09-04";"";"34 052";"17 031";"27 562 265";"2024-09-04 14:23:30"
"2024-09-01";"Instagram";"5 193 562";"417 156";"27 561 887";"2024-09-02 01:58:07"
"2024-09-07";"YouTube";"56 411";"28 939";"27 561 669";"2024-09-07 09:30:13"
"2024-09-10";"WhatsApp";"27 557 551";"44 394 624";"27 561 533";"2024-09-10 10:55:01"
"2024-09-08";"Instagram";"3 028 860";"2 094 928";"27 562 790";"2024-09-08 07:28:57"
"2024-09-05";"";"55 969";"27 247";"27 562 968";"2024-09-05 11:56:52"
"2024-09-09";"";"5 218";"29 114";"27 562 572";"2024-09-09 15:12:43"
"2024-09-08";"";"46 699";"26 920";"27 561 651";"2024-09-08 14:59:16"
"2024-09-02";"";"96 557";"14 350";"27 562 971";"2024-09-02 06:27:29"
"2024-09-07";"";"67 583";"7 568";"27 561 687";"2024-09-07 10:31:31"
"2024-09-09";"Instagram";"779 995";"75 356";"27 562 545";"2024-09-09 18:51:33"
"2024-09-01";"";"63 967";"9 666";"27 563 000";"2024-09-01 04:13:16"
"2024-09-07";"";"52 187";"10 026";"27 561 464";"2024-09-07 08:53:22"
"2024-09-06";"";"29 204";"6 213";"27 562 314";"2024-09-06 20:17:54"
"2024-09-08";"Facebook";"758 856";"42 485";"27 561 491";"2024-09-08 08:41:33"
"2024-09-07";"";"309 069";"121 860";"27 562 088";"2024-09-07 12:09:49"
"2024-09-04";"";"57 617";"51 715";"27 561 640";"2024-09-04 15:12:13"
"2024-09-03";"";"1 154 898";"629 593";"27 561 999";"2024-09-03 22:31:24"
"2024-09-01";"";"43 843";"4 142";"27 563 395";"2024-09-01 12:45:59"
"2024-09-01";"Instagram";"2 476 229";"924 261";"27 561 430";"2024-09-01 05:50:44"
"2024-09-07";"";"38 100";"3 345";"27 561 835";"2024-09-08 00:45:54"
"2024-09-06";"";"32 254";"6 102";"27 562 518";"2024-09-06 07:16:23"
"2024-09-06";"Yandex";"164 203";"84 618";"27 561 571";"2024-09-06 16:01:28"
"2024-09-09";"WhatsApp";"6 385 784";"233 232";"27 562 889";"2024-09-09 11:56:10"
"2024-09-09";"YouTube";"253 377";"13 555";"27 562 155";"2024-09-09 07:52:29"
"2024-09-04";"";"45 728 895";"182 566 075";"27 562 788";"2024-09-04 13:10:09"
"2024-09-10";"";"153 898";"28 252";"27 561 929";"2024-09-10 17:50:21"
"2024-09-03";"Instagram";"14 997 972";"671 756";"27 562 542";"2024-09-03 11:08:37"
"2024-09-08";"";"30 799";"14 853";"27 561 249";"2024-09-08 07:52:36"
"2024-09-08";"";"42 501";"6 878";"27 562 938";"2024-09-08 14:59:13"
"2024-09-01";"YouTube";"461 225";"38 033";"27 562 797";"2024-09-01 13:58:12"
"2024-09-08";"YouTube";"2 072 985";"838 450";"27 562 656";"2024-09-08 22:55:14"
"2024-09-03";"Apple Music";"482 296";"167 618";"27 562 257";"2024-09-03 21:54:19"
"2024-09-01";"";"30 571";"25 327";"27 562 578";"2024-09-01 05:38:18"
"2024-09-09";"Apple Music";"53 390";"1 755";"27 562 580";"2024-09-09 20:05:11"
"2024-09-07";"";"201 340";"9 790";"27 562 044";"2024-09-07 05:50:11"
"2024-09-07";"";"151 496";"9 021";"27 562 527";"2024-09-07 08:17:45"
"2024-09-02";"";"31 938";"12 671";"27 562 247";"2024-09-02 20:29:26"
"2024-09-07";"Tas-ix";"79 707";"2 136";"27 561 547";"2024-09-07 06:03:38"
"2024-09-10";"WhatsApp";"101 538";"66 970";"27 562 280";"2024-09-10 07:28:05"
"2024-09-02";"Facebook";"304 623";"537 175";"27 562 204";"2024-09-03 01:58:17"
"2024-09-09";"";"9 396";"41 484";"27 561 698";"2024-09-09 03:00:28"
"2024-09-02";"";"129 137";"7 176";"27 562 849";"2024-09-02 20:53:43"
"2024-09-06";"Telegram";"105 142 307";"5 451 115";"27 562 570";"2024-09-06 09:42:14"
"2024-09-07";"";"881 633";"48 382";"27 562 371";"2024-09-07 18:15:00"
"2024-09-01";"";"68 420";"7 137";"27 563 305";"2024-09-01 08:17:35"
"2024-09-10";"Instagram";"5 967 278";"1 912 812";"27 562 956";"2024-09-10 05:50:20"
"2024-09-05";"YouTube";"716 736";"465 191";"27 563 515";"2024-09-06 02:47:59"
"2024-09-08";"";"70 064";"8 030";"27 563 151";"2024-09-09 01:34:00"
"2024-09-02";"";"279 848";"31 743";"27 561 825";"2024-09-03 02:11:55"
"2024-09-01";"";"461 713";"23 964";"27 562 143";"2024-09-01 16:37:56"
"2024-09-04";"";"473 595";"39 099";"27 562 733";"2024-09-04 09:54:26"
"2024-09-04";"";"201 682";"10 767";"27 563 372";"2024-09-04 04:49:24"
"2024-09-07";"";"47 223";"1 920";"27 562 512";"2024-09-07 18:03:11"
"2024-09-03";"";"629 514";"42 776";"27 563 012";"2024-09-03 05:50:02"
"2024-09-06";"";"50 723";"8 745";"27 563 451";"2024-09-06 23:08:54"
"2024-09-04";"";"136 824";"493 754";"27 562 961";"2024-09-04 05:38:05"
"2024-09-06";"";"197 526";"7 368";"27 562 865";"2024-09-06 09:54:08"
"2024-09-07";"Instagram";"100 570 512";"2 831 278";"27 562 444";"2024-09-08 01:10:37"
"2024-09-08";"";"72 741";"8 976";"27 563 266";"2024-09-09 00:57:37"
"2024-09-08";"";"226 989";"118 526";"27 562 495";"2024-09-08 14:35:35"
"2024-09-07";"Telegram";"211 091";"23 533";"27 563 158";"2024-09-07 03:24:06"
"2024-09-08";"";"1 053 250";"141 610";"27 562 871";"2024-09-08 23:20:08"
"2024-09-06";"YouTube";"286 601";"109 118";"27 563 460";"2024-09-06 10:19:57"
"2024-09-04";"";"30 177";"11 128";"27 562 347";"2024-09-04 04:25:53"
"2024-09-04";"";"11 537";"32 173";"27 562 291";"2024-09-04 09:30:17"
"2024-09-06";"";"205 141 005";"6 707 628";"27 562 560";"2024-09-06 12:33:06"
"2024-09-08";"";"1 003 404";"172 945";"27 563 191";"2024-09-08 16:49:03"
"2024-09-08";"Likee";"351 985";"372 316";"27 561 815";"2024-09-08 08:41:43"
"2024-09-08";"";"135 380";"7 245";"27 562 196";"2024-09-08 20:05:46"
"2024-09-08";"";"37 288";"2 686";"27 563 136";"2024-09-08 17:14:39"
"2024-09-03";"";"116 789";"20 094";"27 562 340";"2024-09-03 14:23:48"
"2024-09-08";"";"704 572";"278 983";"27 562 014";"2024-09-08 14:35:55"
"2024-09-08";"";"129 504";"6 462";"27 561 936";"2024-09-08 09:06:39"
"2024-09-09";"";"29 097";"15 783";"27 563 358";"2024-09-09 03:00:28"
"2024-09-08";"";"999 428";"412 097";"27 562 593";"2024-09-08 16:25:15"
"2024-09-05";"";"26 054";"11 353";"27 563 105";"2024-09-05 18:27:14"
"2024-09-07";"";"36 932";"3 886";"27 562 601";"2024-09-07 21:18:48"
"2024-09-01";"YouTube";"292 927";"3 376 429";"27 562 300";"2024-09-01 23:56:33"
"2024-09-09";"";"250 749";"27 611";"27 563 422";"2024-09-09 11:20:23"
"2024-09-04";"Unknown";"3 502 407";"188 866";"27 562 698";"2024-09-04 04:13:12"
"2024-09-03";"";"52 262";"97 253";"27 562 436";"2024-09-03 22:55:55"
"2024-09-01";"WhatsApp";"44 919";"48 752";"27 562 354";"2024-09-02 02:11:36"
"2024-09-01";"YouTube";"420 627";"86 323";"27 561 809";"2024-09-02 01:10:29"
"2024-09-06";"";"1 471 416";"70 644";"27 563 268";"2024-09-06 15:00:00"
"2024-09-03";"";"866 576";"1 046 608";"27 561 512";"2024-09-03 03:24:51"
"2024-09-09";"";"93 664";"9 255";"27 563 073";"2024-09-09 10:19:09"
"2024-09-02";"";"98 618 770";"7 432 578";"27 561 481";"2024-09-02 07:28:13"
"2024-09-05";"";"129 320";"11 670";"27 563 518";"2024-09-05 17:50:29"
"2024-09-08";"YouTube";"5 776 475";"436 750";"27 562 818";"2024-09-08 12:45:32"
"2024-09-08";"";"19 515";"278 164";"27 561 999";"2024-09-08 10:19:36"
"2024-09-08";"";"35 038";"13 147";"27 562 505";"2024-09-08 20:05:01"
"2024-09-09";"";"6 279";"100 823";"27 561 511";"2024-09-09 17:02:51"
"2024-09-05";"";"95 612";"94 198";"27 561 688";"2024-09-05 21:30:38"
"2024-09-10";"";"133 307";"71 079";"27 562 704";"2024-09-10 05:26:03"
"2024-09-07";"";"32 438";"19 041";"27 562 025";"2024-09-08 02:59:34"
"2024-09-02";"Telegram";"19 836 892";"3 131 188";"27 562 687";"2024-09-02 11:20:00"
"2024-09-04";"YouTube";"14 282 079";"747 532";"27 562 624";"2024-09-04 22:31:56"
"2024-09-09";"";"48 504";"11 883";"27 561 199";"2024-09-09 06:27:03"
"2024-09-08";"";"95 262";"83 824";"27 562 815";"2024-09-09 01:46:50"
"2024-09-09";"YouTube";"44 292";"610 032";"27 562 075";"2024-09-09 15:24:03"
"2024-09-09";"";"90 401";"875 770";"27 561 221";"2024-09-09 06:51:01"
"2024-09-08";"";"810 815";"453 442";"27 562 840";"2024-09-08 12:57:42"
"2024-09-05";"";"9 025 901";"312 294";"27 562 864";"2024-09-05 14:35:21"
"2024-09-09";"";"401 946";"21 358";"27 563 472";"2024-09-09 19:04:33"
"2024-09-10";"";"130 690";"9 308";"27 561 884";"2024-09-10 09:18:19"
"2024-09-09";"Telegram";"12 422 743";"11 569 285";"27 562 681";"2024-09-09 23:08:40"
"2024-09-01";"";"538 709";"27 107";"27 562 066";"2024-09-01 19:16:18"
"2024-09-05";"Instagram";"32 668 238";"8 485 274";"27 561 347";"2024-09-05 19:52:55"
"2024-09-04";"";"8 295 234";"11 114 162";"27 562 621";"2024-09-04 23:56:53"
"2024-09-02";"";"32 618";"5 604";"27 562 696";"2024-09-02 17:02:22"
"2024-09-10";"";"4 415 323";"275 722";"27 562 254";"2024-09-10 08:05:50"
"2024-09-10";"Facebook";"75 456";"29 839";"27 562 754";"2024-09-10 10:55:32"
"2024-09-01";"";"484 098";"20 889";"27 562 174";"2024-09-01 06:27:09"
"2024-09-07";"Instagram";"44 329 058";"616 304";"27 561 172";"2024-09-07 13:22:53"
"2024-09-01";"";"117 372";"59 411";"27 563 403";"2024-09-02 02:23:27"
"2024-09-09";"";"996 268";"126 015";"27 562 145";"2024-09-09 22:43:02"
"2024-09-03";"";"27 145";"4 325";"27 562 004";"2024-09-03 09:30:14"
"2024-09-03";"";"186 305";"39 976";"27 562 907";"2024-09-03 12:21:42"
"2024-09-06";"Facebook";"26 770";"10 137";"27 562 251";"2024-09-06 22:07:09"
"2024-09-08";"";"58 845";"2 748";"27 562 520";"2024-09-08 12:33:15"
"2024-09-04";"YouTube";"273 284";"3 065 601";"27 563 087";"2024-09-04 08:05:28"
"2024-09-07";"YouTube";"129 585 620";"9 606 994";"27 563 059";"2024-09-07 09:54:46"
"2024-09-06";"";"2 555 965";"267 994";"27 562 847";"2024-09-07 02:59:39"
"2024-09-06";"YouTube";"2 070 538";"186 906";"27 563 379";"2024-09-06 07:04:14"
"2024-09-04";"";"47 981";"90 762";"27 562 259";"2024-09-05 02:23:07"
"2024-09-05";"Facebook";"246 626";"20 693";"27 561 383";"2024-09-05 10:19:33"
"2024-09-05";"YouTube";"136 775 850";"10 245 789";"27 562 439";"2024-09-05 18:39:36"
"2024-09-09";"";"404 581";"11 040";"27 562 630";"2024-09-09 16:01:16"
"2024-09-05";"Instagram";"660 089";"176 173";"27 562 647";"2024-09-05 09:42:22"
"2024-09-09";"Yandex";"970 608";"63 417";"27 562 196";"2024-09-09 12:45:20"
"2024-09-04";"";"9 924";"107 066";"27 563 219";"2024-09-04 17:50:29"
"2024-09-05";"Facebook";"38 226";"4 016";"27 561 176";"2024-09-05 05:02:02"
"2024-09-10";"";"214 255";"27 269";"27 563 174";"2024-09-10 15:24:15"
"2024-09-09";"";"30 919";"3 082";"27 562 982";"2024-09-09 20:41:40"
"2024-09-02";"";"236 528";"270 508";"27 562 255";"2024-09-02 15:36:30"
"2024-09-02";"";"42 434";"3 932";"27 561 548";"2024-09-03 01:46:43"
"2024-09-02";"";"93 805";"21 865";"27 561 307";"2024-09-02 17:50:16"
"2024-09-06";"";"1 467 239";"114 953";"27 562 595";"2024-09-06 19:52:41"
"2024-09-10";"YouTube";"994 185";"227 462";"27 562 125";"2024-09-11 02:47:36"
"2024-09-06";"Telegram";"205 174";"32 646";"27 561 472";"2024-09-06 07:40:38"
"2024-09-04";"";"29 263";"4 815";"27 563 193";"2024-09-05 01:58:40"
"2024-09-05";"Facebook";"271 254";"58 789";"27 562 453";"2024-09-05 22:43:00"
"2024-09-10";"";"3 087 624";"607 469";"27 561 230";"2024-09-10 08:53:50"
"2024-09-08";"";"30 988 305";"1 856 599";"27 561 538";"2024-09-08 19:04:09"
"2024-09-10";"";"4 715 608";"654 353";"27 563 177";"2024-09-10 12:21:59"
"2024-09-01";"";"105 648";"36 844";"27 561 658";"2024-09-01 07:52:44"
"2024-09-06";"YouTube";"754 356";"2 282 651";"27 562 850";"2024-09-07 02:47:10"
"2024-09-07";"";"998 901";"1 549 859";"27 562 292";"2024-09-07 11:20:47"
"2024-09-01";"";"236 350";"167 285";"27 562 631";"2024-09-01 06:15:16"
"2024-09-08";"Instagram";"8 380 215";"219 775";"27 562 200";"2024-09-09 01:10:19"
"2024-09-09";"Yandex";"464 730";"68 451";"27 561 384";"2024-09-10 00:21:51"
"2024-09-04";"";"101 007";"13 428";"27 562 878";"2024-09-04 06:15:04"
"2024-09-08";"";"61 260";"264 993";"27 561 956";"2024-09-09 00:33:22"
"2024-09-06";"";"1 283 168";"64 558";"27 562 988";"2024-09-06 09:06:37"
"2024-09-06";"";"258 212";"26 660";"27 561 350";"2024-09-06 19:52:28"
"2024-09-08";"";"38 880 342";"2 273 645";"27 563 236";"2024-09-08 14:47:59"
"2024-09-06";"";"148 532";"29 328";"27 561 958";"2024-09-06 23:20:38"
"2024-09-06";"YouTube";"301 829";"132 016";"27 561 668";"2024-09-07 00:45:18"
"2024-09-10";"";"237 352";"45 145";"27 562 829";"2024-09-10 20:17:04"
"2024-09-03";"Facebook";"317 654";"32 174";"27 562 071";"2024-09-03 07:28:18"
"2024-09-08";"";"47 117";"70 728";"27 561 921";"2024-09-08 08:05:38"
"2024-09-09";"Instagram";"36 122 611";"749 434";"27 563 080";"2024-09-09 08:05:20"
"2024-09-05";"YouTube";"143 898";"20 484";"27 562 674";"2024-09-05 09:42:23"
"2024-09-09";"";"2 936";"309 476";"27 562 552";"2024-09-09 07:52:04"
"2024-09-03";"YouTube";"79 033";"24 514";"27 561 745";"2024-09-03 14:47:15"
"2024-09-10";"";"51 217";"3 327";"27 562 489";"2024-09-10 19:04:05"
"2024-09-10";"Telegram";"1 203 497 727";"51 194 723";"27 562 320";"2024-09-10 05:50:24"
"2024-09-03";"";"53 560";"30 336";"27 562 595";"2024-09-03 19:16:58"
"2024-09-07";"";"122 981";"48 588";"27 561 339";"2024-09-07 20:29:35"
"2024-09-05";"";"962 483";"131 057";"27 562 739";"2024-09-05 07:40:15"
"2024-09-05";"";"5 003 576";"297 278";"27 562 512";"2024-09-06 01:34:28"
"2024-09-10";"";"6 183 268";"262 947";"27 562 856";"2024-09-10 10:55:22"
"2024-09-06";"";"38 417";"15 805";"27 562 698";"2024-09-06 09:42:02"
"2024-09-07";"";"183 472";"16 984";"27 562 270";"2024-09-07 11:56:24"
"2024-09-09";"YouTube";"110 375";"287 340";"27 562 810";"2024-09-09 14:35:17"
"2024-09-02";"";"42 826 818";"3 373 448";"27 563 110";"2024-09-02 05:26:02"
"2024-09-07";"Telegram";"11 182 303";"898 800";"27 561 352";"2024-09-07 10:43:31"
"2024-09-01";"YouTube";"842 724";"275 852";"27 562 447";"2024-09-01 11:56:25"
"2024-09-09";"";"25 552";"59 911";"27 561 729";"2024-09-10 02:23:14"
"2024-09-07";"";"557 309";"18 869";"27 562 786";"2024-09-07 13:58:01"
"2024-09-10";"";"30 224";"7 720";"27 561 536";"2024-09-10 03:24:19"
"2024-09-02";"Instagram";"2 836 120";"807 666";"27 561 428";"2024-09-02 13:46:17"
"2024-09-01";"";"293 844";"25 147";"27 562 847";"2024-09-01 10:31:09"
"2024-09-06";"";"47 982";"3 061";"27 562 254";"2024-09-06 22:43:30"
"2024-09-04";"Instagram";"11 882 599";"8 212 623";"27 561 500";"2024-09-05 01:22:12"
"2024-09-03";"";"27 404";"10 860";"27 562 701";"2024-09-03 11:44:22"
"2024-09-01";"";"42 859";"44 959";"27 563 447";"2024-09-01 05:38:38"
"2024-09-07";"";"40 039";"104 350";"27 562 612";"2024-09-07 08:29:03"
"2024-09-04";"";"38 568";"4 410";"27 562 048";"2024-09-04 21:18:09"
"2024-09-09";"";"62 891";"4 176";"27 562 260";"2024-09-09 14:47:10"
"2024-09-05";"";"252 284";"15 541";"27 562 912";"2024-09-05 12:45:38"
"2024-09-10";"";"110 392";"8 240";"27 561 301";"2024-09-10 03:12:46"
"2024-09-03";"";"71 711";"4 154";"27 562 311";"2024-09-03 04:25:38"
"2024-09-09";"";"539 558";"35 642";"27 561 177";"2024-09-09 19:40:52"
"2024-09-10";"";"309 608";"31 711";"27 562 837";"2024-09-10 18:39:53"
"2024-09-06";"";"132 706";"15 801";"27 562 689";"2024-09-06 22:07:45"
"2024-09-09";"";"967 516";"61 159";"27 562 608";"2024-09-09 14:35:26"
"2024-09-09";"";"74 607";"13 939";"27 562 051";"2024-09-09 13:46:45"
"2024-09-09";"Tas-ix";"14 667";"81 395";"27 563 048";"2024-09-09 17:02:00"
"2024-09-02";"";"76 030";"9 122";"27 562 812";"2024-09-02 03:12:11"
"2024-09-08";"";"158 235";"131 772";"27 563 016";"2024-09-08 18:27:20"
"2024-09-02";"";"2 480 327";"352 995";"27 563 424";"2024-09-02 05:02:13"
"2024-09-05";"";"511 915";"158 917";"27 562 712";"2024-09-05 11:32:48"
"2024-09-05";"Instagram";"4 970 880";"2 436 763";"27 562 720";"2024-09-05 22:43:36"
"2024-09-07";"";"27 971";"6 528";"27 562 170";"2024-09-07 14:59:44"
"2024-09-04";"";"38 745 022";"1 603 991";"27 562 125";"2024-09-05 00:33:50"
"2024-09-02";"";"95 013";"14 755";"27 561 269";"2024-09-02 19:28:17"
"2024-09-02";"";"37 215";"5 218";"27 561 725";"2024-09-02 04:13:04"
"2024-09-01";"";"1 693 999";"433 445";"27 562 289";"2024-09-01 15:24:34"
"2024-09-08";"";"7 209 088";"338 791";"27 562 699";"2024-09-09 02:59:58"
"2024-09-04";"";"236 631";"28 791";"27 563 447";"2024-09-04 09:42:14"
"2024-09-02";"";"932 859";"58 535";"27 561 753";"2024-09-02 05:14:13"
"2024-09-07";"";"1 477";"29 790";"27 562 644";"2024-09-07 22:07:12"
"2024-09-02";"";"1 372 166";"50 773";"27 562 735";"2024-09-02 06:39:09"
"2024-09-06";"";"535 741";"312 630";"27 561 234";"2024-09-06 22:31:23"
"2024-09-01";"";"952 207";"38 913";"27 561 649";"2024-09-01 19:40:11"
"2024-09-10";"";"30 013";"3 361";"27 563 093";"2024-09-10 17:14:33"
"2024-09-02";"YouTube";"2 195 893";"111 990";"27 561 835";"2024-09-02 22:43:38"
"2024-09-05";"";"1 487 375";"739 823";"27 561 352";"2024-09-06 01:58:11"
"2024-09-03";"";"417 941";"40 872";"27 562 961";"2024-09-03 08:53:28"
"2024-09-09";"";"290 131";"22 347";"27 563 177";"2024-09-10 01:58:04"
"2024-09-10";"";"66 261";"155 673";"27 562 156";"2024-09-10 09:54:59"
"2024-09-09";"";"300 937";"22 369";"27 562 699";"2024-09-09 05:26:53"
"2024-09-07";"";"1 749 511";"253 095";"27 562 024";"2024-09-08 01:46:46"
"2024-09-02";"";"817 735";"67 508";"27 561 373";"2024-09-02 06:03:32"
"2024-09-07";"";"55 384";"19 392";"27 562 100";"2024-09-07 19:16:27"
"2024-09-06";"";"101 437";"4 659";"27 561 693";"2024-09-06 19:16:40"
"2024-09-06";"";"87 270";"170 013";"27 562 331";"2024-09-06 06:03:52"
"2024-09-06";"";"196 095";"10 506";"27 563 020";"2024-09-06 12:21:26"
"2024-09-10";"";"278 163";"40 241";"27 561 804";"2024-09-10 23:44:04"
"2024-09-08";"Telegram";"1 191 365";"139 840";"27 561 806";"2024-09-09 00:45:52"
"2024-09-01";"";"39 944";"4 956";"27 561 989";"2024-09-01 23:20:29"
"2024-09-08";"";"130 278";"178 368";"27 562 002";"2024-09-08 09:06:26"
"2024-09-04";"";"173 295";"365 472";"27 561 914";"2024-09-04 18:27:47"
"2024-09-10";"Telegram";"44 399 933";"2 126 972";"27 562 267";"2024-09-10 04:25:29"
"2024-09-04";"";"294 892";"55 920";"27 561 393";"2024-09-04 07:52:28"
"2024-09-06";"";"46 651";"3 853";"27 562 984";"2024-09-06 11:44:25"
"2024-09-06";"";"834";"26 929";"27 562 593";"2024-09-06 22:43:37"
"2024-09-07";"";"1 788 225";"643 635";"27 562 039";"2024-09-07 15:00:18"
"2024-09-10";"Yandex";"941 857";"557 764";"27 562 700";"2024-09-10 08:41:56"
"2024-09-02";"";"76 357";"184 734";"27 563 177";"2024-09-02 22:31:30"
"2024-09-06";"";"415 171";"13 333 376";"27 562 524";"2024-09-06 06:27:25"
"2024-09-09";"";"30 758";"3 140";"27 561 213";"2024-09-09 13:58:38"
"2024-09-10";"YouTube";"127 308 012";"7 776 426";"27 561 692";"2024-09-10 09:18:04"
"2024-09-03";"";"37 113";"5 447";"27 562 624";"2024-09-03 11:20:05"
"2024-09-06";"";"138 093";"35 472";"27 561 760";"2024-09-07 00:45:55"
"2024-09-07";"";"443 234";"20 606";"27 562 675";"2024-09-07 19:40:18"
"2024-09-08";"";"73 061";"182 505";"27 561 758";"2024-09-08 17:26:35"
"2024-09-07";"";"4 159 516";"3 133 598";"27 562 863";"2024-09-07 21:54:31"
"2024-09-05";"";"200 085";"76 959";"27 563 446";"2024-09-05 15:24:10"
"2024-09-05";"";"6 550";"77 588";"27 562 633";"2024-09-05 21:18:01"
"2024-09-08";"Instagram";"18 249 830";"687 325";"27 563 334";"2024-09-08 06:15:11"
"2024-09-05";"Facebook";"28 679";"3 499";"27 562 239";"2024-09-05 21:18:21"
"2024-09-05";"";"68 786";"85 463";"27 561 753";"2024-09-05 04:49:42"
"2024-09-08";"Apple Music";"2 512 939";"600 201";"27 561 480";"2024-09-08 07:40:51"
"2024-09-05";"";"584 210";"228 855";"27 562 993";"2024-09-05 20:05:30"
"2024-09-05";"";"107 700";"30 836";"27 561 203";"2024-09-05 11:56:05"
"2024-09-06";"";"165 128";"9 191";"27 562 339";"2024-09-06 10:19:03"
"2024-09-05";"Instagram";"6 794 329";"49 178";"27 562 827";"2024-09-05 06:27:35"
"2024-09-08";"";"37 674";"5 924";"27 562 492";"2024-09-08 17:38:15"
"2024-09-08";"";"28 030";"2 178";"27 561 539";"2024-09-08 19:28:02"
"2024-09-10";"";"67 061";"78 997";"27 562 499";"2024-09-10 21:18:20"
"2024-09-01";"Telegram";"746 391";"48 026";"27 562 657";"2024-09-01 20:17:24"
"2024-09-03";"";"32 420";"187 594";"27 562 398";"2024-09-03 09:54:40"
"2024-09-03";"YouTube";"103 719";"36 776";"27 562 376";"2024-09-04 02:35:24"
"2024-09-04";"";"26 714 785";"1 027 211";"27 562 497";"2024-09-04 15:36:39"
"2024-09-04";"";"40 629";"14 437";"27 563 462";"2024-09-04 13:46:10"
"2024-09-01";"";"76 904";"15 472";"27 562 477";"2024-09-01 03:36:23"
"2024-09-09";"";"451 385";"135 237";"27 563 325";"2024-09-09 17:02:46"
"2024-09-09";"PUBG";"26 911";"9 605";"27 562 788";"2024-09-09 15:36:05"
"2024-09-07";"Facebook";"211 834";"71 010";"27 563 070";"2024-09-07 07:04:08"
"2024-09-04";"";"123 526";"58 977";"27 562 690";"2024-09-04 10:43:25"
"2024-09-01";"";"32 981";"3 244";"27 562 574";"2024-09-01 12:45:02"
"2024-09-03";"";"161 909";"16 622";"27 561 436";"2024-09-03 22:31:45"
"2024-09-07";"";"208 766";"16 224";"27 563 005";"2024-09-07 17:50:29"
"2024-09-08";"";"15 350";"26 430";"27 563 022";"2024-09-08 23:20:57"
"2024-09-09";"Telegram";"26 291 528";"1 220 067";"27 562 040";"2024-09-09 14:35:15"
"2024-09-07";"";"341 304";"58 124";"27 562 808";"2024-09-07 23:08:34"
"2024-09-03";"";"116 797";"267 952";"27 562 621";"2024-09-03 08:29:07"
"2024-09-07";"";"12 041";"28 145";"27 561 706";"2024-09-07 13:46:41"
"2024-09-10";"";"153 359";"30 079";"27 562 197";"2024-09-10 09:18:34"
"2024-09-04";"Instagram";"3 906 885";"195 633";"27 561 289";"2024-09-04 09:18:45"
"2024-09-01";"";"51 191";"239 806";"27 561 207";"2024-09-02 00:57:29"
"2024-09-08";"";"98 769";"94 204";"27 561 983";"2024-09-08 16:13:09"
"2024-09-04";"";"26 443";"1 588";"27 561 275";"2024-09-05 02:11:40"
"2024-09-06";"";"173 877";"6 902";"27 563 154";"2024-09-06 14:59:07"
"2024-09-07";"";"899 755";"172 362";"27 563 232";"2024-09-07 16:37:41"
"2024-09-03";"";"203 271";"145 494";"27 561 181";"2024-09-04 00:45:07"
"2024-09-02";"YouTube";"1 229 074";"193 984";"27 563 442";"2024-09-02 05:38:10"
"2024-09-09";"";"66 868";"76 469";"27 562 183";"2024-09-09 12:57:53"
"2024-09-07";"";"216 583";"16 426";"27 563 266";"2024-09-07 20:29:50"
"2024-09-02";"";"72 436";"20 230";"27 562 264";"2024-09-02 05:26:26"
"2024-09-05";"";"111 062";"9 108";"27 563 225";"2024-09-05 05:50:01"
"2024-09-09";"";"1 631 933";"77 720";"27 562 438";"2024-09-09 16:13:56"
"2024-09-09";"";"31 558";"2 902";"27 561 216";"2024-09-09 23:20:44"
"2024-09-07";"";"2 005 141";"848 701";"27 562 622";"2024-09-07 05:02:38"
"2024-09-04";"";"48 642";"48 593";"27 561 311";"2024-09-04 14:35:12"
"2024-09-02";"";"40 256";"172 299";"27 562 418";"2024-09-02 14:35:25"
"2024-09-10";"";"147 854";"26 335";"27 562 105";"2024-09-11 00:09:01"
"2024-09-08";"Telegram";"12 425 123";"4 978 294";"27 562 757";"2024-09-08 12:57:34"
"2024-09-01";"YouTube";"181 642";"1 663 021";"27 561 874";"2024-09-02 02:23:26"
"2024-09-02";"Apple Music";"35 511";"5 092";"27 563 432";"2024-09-02 22:43:46"
"2024-09-10";"YouTube";"724 757";"244 854";"27 562 825";"2024-09-10 14:11:36"
"2024-09-07";"";"237 409";"20 317";"27 563 430";"2024-09-07 17:26:57"
"2024-09-08";"";"1 484 334";"114 643";"27 562 105";"2024-09-08 04:37:29"
"2024-09-08";"";"481 041";"87 367";"27 562 476";"2024-09-08 19:28:44"
"2024-09-05";"";"247 615";"26 702";"27 561 232";"2024-09-06 00:57:43"
"2024-09-04";"";"28 929";"4 635";"27 562 185";"2024-09-04 15:24:35"
"2024-09-06";"";"397 808";"67 921";"27 562 550";"2024-09-06 12:09:37"
"2024-09-01";"YouTube";"2 729 370";"360 608";"27 561 431";"2024-09-01 05:38:59"
"2024-09-08";"YouTube";"1 811 335";"163 539";"27 562 088";"2024-09-08 13:34:08"
"2024-09-04";"";"4 446";"61 680";"27 563 048";"2024-09-04 09:06:01"
"2024-09-10";"";"213 673";"650 143";"27 561 342";"2024-09-10 11:56:58"
"2024-09-03";"";"950";"44 335";"27 562 192";"2024-09-04 00:45:32"
"2024-09-10";"";"6 376";"117 782";"27 561 181";"2024-09-10 09:18:41"
"2024-09-07";"";"383 556";"59 922";"27 561 347";"2024-09-07 09:18:54"
"2024-09-10";"";"48 133";"7 188";"27 563 080";"2024-09-10 04:01:13"
"2024-09-07";"";"123 136";"5 301";"27 561 906";"2024-09-07 16:37:24"
"2024-09-01";"";"26 458";"2 109";"27 563 080";"2024-09-01 10:07:45"
"2024-09-01";"Instagram";"85 307";"4 415";"27 562 597";"2024-09-01 13:22:57"
"2024-09-08";"";"898 651";"49 258";"27 561 224";"2024-09-08 08:29:59"
"2024-09-03";"Telegram";"5 378 963";"1 354 002";"27 562 469";"2024-09-03 08:05:09"
"2024-09-10";"";"72 349";"4 340";"27 563 367";"2024-09-10 12:09:46"
"2024-09-06";"Yandex";"162 927";"270 328";"27 561 600";"2024-09-06 10:55:12"
"2024-09-02";"";"3 210 011";"80 264";"27 562 088";"2024-09-02 22:55:22"
"2024-09-02";"Instagram";"2 791 142";"75 893";"27 562 216";"2024-09-02 22:55:50"
"2024-09-07";"";"250 198";"85 960";"27 562 792";"2024-09-07 17:38:01"
"2024-09-05";"";"1 022 099";"47 750";"27 562 454";"2024-09-05 04:49:18"
"2024-09-05";"YouTube";"4 589 800";"258 705";"27 563 331";"2024-09-05 04:25:05"
"2024-09-06";"";"33 624";"2 996";"27 562 304";"2024-09-06 23:20:06"
"2024-09-03";"Telegram";"5 501 600";"678 462";"27 561 375";"2024-09-03 17:02:00"
"2024-09-03";"";"1 280 952";"71 914";"27 562 934";"2024-09-03 13:46:28"
"2024-09-09";"";"32 146";"21 221";"27 562 634";"2024-09-09 18:27:53"
"2024-09-05";"";"171 615";"8 062";"27 562 842";"2024-09-05 16:37:56"
"2024-09-04";"";"49 266";"25 778";"27 562 438";"2024-09-04 23:44:30"
"2024-09-01";"YouTube";"740 247";"55 905";"27 561 454";"2024-09-01 03:12:41"
"2024-09-09";"";"3 413 167";"134 832";"27 562 847";"2024-09-09 10:19:19"
"2024-09-05";"";"62 064";"20 100";"27 563 334";"2024-09-05 15:24:41"
"2024-09-02";"Facebook";"340 864";"11 236";"27 561 392";"2024-09-02 23:20:41"
"2024-09-01";"";"25 965";"14 107";"27 563 353";"2024-09-01 19:52:40"
"2024-09-06";"";"6 270";"41 467";"27 561 815";"2024-09-06 04:37:57"
"2024-09-06";"";"35 828";"1 976";"27 563 418";"2024-09-06 07:04:18"
"2024-09-10";"Facebook";"32 053";"4 771";"27 563 338";"2024-09-10 11:44:08"
"2024-09-04";"";"213 519";"1 127 256";"27 562 320";"2024-09-04 18:15:27"
"2024-09-05";"";"82 149";"5 578";"27 563 219";"2024-09-05 10:07:37"
"2024-09-10";"";"128 874";"29 799";"27 562 140";"2024-09-10 12:33:26"
"2024-09-08";"YouTube";"3 928 111";"392 646";"27 561 691";"2024-09-08 16:37:07"
"2024-09-02";"";"241 807";"37 667";"27 562 615";"2024-09-02 21:54:34"
"2024-09-07";"";"158 187 866";"4 427 448";"27 563 143";"2024-09-07 05:14:33"
"2024-09-02";"";"170 911";"120 591";"27 561 239";"2024-09-03 01:22:35"
"2024-09-02";"";"534 139";"46 856";"27 563 515";"2024-09-02 06:15:49"
"2024-09-01";"";"40 408";"3 661";"27 561 575";"2024-09-01 08:29:20"
"2024-09-01";"";"379 516";"696 643";"27 561 727";"2024-09-02 02:59:21"
"2024-09-01";"";"360 848";"378 959";"27 561 448";"2024-09-01 10:07:18"
"2024-09-06";"Yandex";"433 242";"336 386";"27 562 447";"2024-09-06 23:08:16"
"2024-09-05";"";"25 897";"17 496";"27 561 388";"2024-09-05 04:13:13"
"2024-09-01";"";"8 595 978";"198 240";"27 562 445";"2024-09-01 21:18:42"
"2024-09-01";"Telegram";"225 196";"32 340";"27 562 779";"2024-09-01 19:16:55"
"2024-09-02";"WhatsApp";"147 270";"57 960";"27 563 308";"2024-09-02 09:30:12"
"2024-09-06";"";"207 834";"8 175";"27 562 527";"2024-09-06 12:09:00"
"2024-09-06";"";"949 035";"36 317";"27 561 820";"2024-09-06 11:32:13"
"2024-09-10";"";"57 868 816";"2 031 480";"27 561 687";"2024-09-10 19:16:22"
"2024-09-02";"";"3 243 328";"134 589";"27 561 386";"2024-09-02 16:37:59"
"2024-09-04";"Instagram";"3 296 265";"19 299 184";"27 562 117";"2024-09-04 04:49:54"
"2024-09-09";"";"40 091";"89 664";"27 562 748";"2024-09-09 14:35:37"
"2024-09-01";"";"131 681";"14 863";"27 562 692";"2024-09-01 03:24:25"
"2024-09-06";"";"110 760";"5 091";"27 562 804";"2024-09-06 06:51:18"
"2024-09-07";"";"39 797";"3 685";"27 562 840";"2024-09-07 21:42:14"
"2024-09-06";"";"28 810";"345 862";"27 563 443";"2024-09-06 11:32:26"
"2024-09-03";"Instagram";"10 624 304";"8 866 101";"27 563 463";"2024-09-03 08:05:24"
"2024-09-08";"";"471 624";"51 384";"27 562 291";"2024-09-08 03:48:10"
"2024-09-05";"Telegram";"27 379";"6 927";"27 562 613";"2024-09-05 13:46:43"
"2024-09-10";"";"66 785";"4 882";"27 562 365";"2024-09-10 06:27:56"
"2024-09-09";"Tas-ix";"386 886";"31 192";"27 561 222";"2024-09-10 01:58:40"
"2024-09-07";"YouTube";"48 430 825";"3 473 653";"27 562 672";"2024-09-07 17:38:44"
"2024-09-10";"";"128 550";"26 419";"27 563 134";"2024-09-10 04:49:49"
"2024-09-03";"";"175 535";"37 457";"27 563 507";"2024-09-03 19:52:29"
"2024-09-06";"";"49 157";"8 392";"27 561 706";"2024-09-07 00:09:35"
"2024-09-10";"";"729 974";"156 252";"27 563 048";"2024-09-10 05:26:42"
"2024-09-01";"";"489 607";"172 018";"27 562 460";"2024-09-01 20:05:16"
"2024-09-08";"";"135 042";"455 060";"27 561 924";"2024-09-08 17:02:21"
"2024-09-08";"YouTube";"62 922";"8 560";"27 563 224";"2024-09-08 13:22:54"
"2024-09-04";"";"159 633";"33 238";"27 562 698";"2024-09-04 10:31:08"
"2024-09-02";"";"31 251";"2 452";"27 562 766";"2024-09-02 10:43:37"
"2024-09-09";"YouTube";"411 139";"52 158";"27 562 701";"2024-09-09 04:37:12"
"2024-09-03";"YouTube";"972 372";"3 724 934";"27 561 921";"2024-09-03 05:26:53"
"2024-09-04";"";"28 784";"354 538";"27 563 048";"2024-09-04 21:42:53"
"2024-09-02";"";"57 097";"132 329";"27 562 071";"2024-09-02 21:06:34"
"2024-09-02";"";"556 306";"21 351";"27 562 667";"2024-09-02 04:37:16"
"2024-09-05";"Yandex";"1 325 044";"80 432";"27 562 167";"2024-09-05 15:36:14"
"2024-09-04";"YouTube";"66 723";"9 404";"27 563 176";"2024-09-05 02:47:41"
"2024-09-05";"";"1 463 089";"142 742";"27 562 849";"2024-09-05 18:51:38"
"2024-09-01";"";"4 161 183";"440 735";"27 562 747";"2024-09-01 17:38:59"
"2024-09-09";"Telegram";"57 509";"4 033";"27 561 615";"2024-09-09 09:42:15"
"2024-09-04";"";"222 212";"150 130";"27 562 858";"2024-09-04 09:42:03"
"2024-09-01";"";"1 234 134";"154 153";"27 563 140";"2024-09-01 10:07:22"
"2024-09-03";"";"76 281";"9 313";"27 563 009";"2024-09-03 13:34:15"
"2024-09-01";"Telegram";"13 471 639";"2 374 569";"27 562 719";"2024-09-01 19:28:02"
"2024-09-10";"";"377 498";"178 468";"27 562 673";"2024-09-10 09:06:39"
"2024-09-01";"";"1 148 800";"72 639";"27 562 236";"2024-09-01 10:19:34"
"2024-09-10";"";"43 967";"4 280";"27 562 597";"2024-09-10 10:07:02"
"2024-09-10";"";"105 807";"11 400";"27 562 651";"2024-09-10 18:27:32"
"2024-09-02";"Instagram";"311 354 521";"6 926 324";"27 561 787";"2024-09-03 00:45:48"
"2024-09-10";"Facebook";"1 496 060";"34 027";"27 561 492";"2024-09-10 18:27:00"
"2024-09-02";"";"59 359";"4 445";"27 562 812";"2024-09-02 15:24:38"
"2024-09-02";"";"23 929 734";"1 883 164";"27 562 273";"2024-09-02 13:58:08"
"2024-09-06";"";"313 659";"18 488";"27 561 884";"2024-09-06 14:47:21"
"2024-09-07";"";"132 478 470";"6 963 173";"27 562 143";"2024-09-07 14:23:16"
"2024-09-07";"";"1 462 592";"1 243 275";"27 562 438";"2024-09-07 14:47:58"
"2024-09-09";"Telegram";"19 514 096";"390 970";"27 562 318";"2024-09-09 21:06:30"
"2024-09-03";"";"28 778";"6 210";"27 562 984";"2024-09-03 23:08:49"
"2024-09-10";"";"12 856";"488 275";"27 562 981";"2024-09-10 14:11:31"
"2024-09-06";"";"51 043";"6 732";"27 561 835";"2024-09-06 10:55:37"
"2024-09-04";"YouTube";"1 688 576";"88 612";"27 563 093";"2024-09-04 15:48:11"
"2024-09-04";"";"225 891";"116 870";"27 563 035";"2024-09-04 20:41:07"
"2024-09-09";"";"75 066";"11 956";"27 561 687";"2024-09-10 01:22:30"
"2024-09-07";"";"89 218";"143 719";"27 561 542";"2024-09-07 20:17:49"
"2024-09-01";"";"276 343";"33 502";"27 562 371";"2024-09-01 08:05:38"
"2024-09-03";"";"30 185";"9 171";"27 562 674";"2024-09-03 23:56:33"
"2024-09-05";"Facebook";"139 055";"98 195";"27 561 836";"2024-09-05 13:10:32"
"2024-09-08";"";"291 397";"101 400";"27 562 300";"2024-09-08 16:37:27"
"2024-09-06";"";"142 659";"11 981";"27 561 365";"2024-09-06 11:20:46"
"2024-09-10";"";"44 618";"3 840";"27 561 232";"2024-09-10 05:38:04"
"2024-09-02";"Apple Music";"64 434";"2 001";"27 562 580";"2024-09-02 06:15:04"
"2024-09-10";"";"56 653";"4 979";"27 563 237";"2024-09-10 03:12:16"
"2024-09-06";"";"59 072";"5 061";"27 562 560";"2024-09-06 08:53:41"
"2024-09-08";"Yandex";"1 066 344";"46 942";"27 562 931";"2024-09-09 01:46:32"
"2024-09-07";"";"129 199";"6 790";"27 563 041";"2024-09-07 08:29:39"
"2024-09-09";"";"528 263";"25 462";"27 563 467";"2024-09-10 00:45:17"
"2024-09-09";"";"174 775";"14 064";"27 561 767";"2024-09-09 10:19:28"
"2024-09-03";"";"89 057";"6 147";"27 561 698";"2024-09-03 23:44:52"
"2024-09-01";"";"201 627";"45 987";"27 562 363";"2024-09-01 09:54:16"
"2024-09-03";"Telegram";"384 048";"21 084";"27 563 079";"2024-09-03 15:12:31"
"2024-09-10";"";"55 118";"4 486";"27 561 466";"2024-09-10 15:24:56"
"2024-09-04";"";"31 623";"6 577";"27 561 216";"2024-09-04 19:40:22"
"2024-09-01";"";"17 028 173";"392 736";"27 562 330";"2024-09-01 08:29:29"
"2024-09-03";"";"32 412";"6 938";"27 561 649";"2024-09-03 17:50:33"
"2024-09-09";"";"179 811";"576 988";"27 562 003";"2024-09-09 10:19:07"
"2024-09-04";"";"71 529";"8 860";"27 563 488";"2024-09-04 16:49:23"
"2024-09-06";"";"45 099";"13 208";"27 562 398";"2024-09-06 14:47:43"
"2024-09-09";"";"159 384";"593 892";"27 562 033";"2024-09-09 15:36:32"
"2024-09-06";"Telegram";"2 290 733";"636 425";"27 561 524";"2024-09-07 01:58:51"
"2024-09-02";"Yandex Video";"410 434";"13 662";"27 561 470";"2024-09-02 19:16:40"
"2024-09-04";"YouTube";"133 526 769";"8 162 574";"27 562 856";"2024-09-04 18:03:53"
"2024-09-01";"";"21 762";"42 019";"27 563 009";"2024-09-01 16:01:37"
"2024-09-08";"";"671 157";"65 465";"27 563 030";"2024-09-08 17:02:46"
"2024-09-04";"";"459 545";"87 102";"27 562 464";"2024-09-05 02:47:06"
"2024-09-01";"";"611 559";"122 918";"27 562 967";"2024-09-01 08:17:24"
"2024-09-06";"";"28 873";"1 464";"27 561 838";"2024-09-06 04:37:03"
"2024-09-09";"";"330 198";"45 389";"27 561 906";"2024-09-09 14:47:35"
"2024-09-06";"";"22 835";"31 929";"27 561 260";"2024-09-06 23:44:07"
"2024-09-04";"";"263 692";"109 132";"27 561 215";"2024-09-04 11:44:08"
"2024-09-06";"";"525 338";"21 109";"27 561 992";"2024-09-06 18:27:04"
"2024-09-05";"";"37 094";"3 009";"27 562 317";"2024-09-06 02:23:41"
"2024-09-06";"";"414 505";"17 188";"27 563 453";"2024-09-06 08:53:56"
"2024-09-02";"Instagram";"1 548 377";"132 484";"27 563 189";"2024-09-03 00:21:08"
"2024-09-02";"";"188 376";"48 619";"27 562 619";"2024-09-02 22:55:29"
"2024-09-04";"";"19 622 501";"1 032 349";"27 563 316";"2024-09-04 21:30:28"
"2024-09-02";"YouTube";"1 767 513";"109 692";"27 563 163";"2024-09-03 00:45:52"
"2024-09-04";"";"2 037 697";"89 035";"27 563 326";"2024-09-04 23:32:27"
"2024-09-09";"Instagram";"187 664 754";"2 470 608";"27 562 197";"2024-09-09 21:42:13"
"2024-09-07";"";"1 002 902";"236 277";"27 562 289";"2024-09-07 14:59:31"
"2024-09-10";"";"28 300";"7 571";"27 561 801";"2024-09-10 18:51:58"
"2024-09-06";"";"142 852";"2 774";"27 561 172";"2024-09-06 21:06:16"
"2024-09-03";"YouTube";"1 214 435";"6 275 298";"27 563 005";"2024-09-03 08:53:17"
"2024-09-04";"TikTok";"201 422";"1 310 846";"27 562 259";"2024-09-04 07:28:02"
"2024-09-03";"Shazam";"69 221";"2 913";"27 563 165";"2024-09-03 17:14:01"
"2024-09-01";"";"28 632";"1 456";"27 563 448";"2024-09-01 19:28:00"
"2024-09-02";"";"164 995";"93 500";"27 562 520";"2024-09-02 18:15:04"
"2024-09-06";"YouTube";"47 023";"8 888";"27 561 633";"2024-09-06 18:51:19"
"2024-09-04";"";"17 732";"26 738";"27 561 947";"2024-09-05 01:10:24"
"2024-09-05";"";"781 517";"44 418";"27 561 722";"2024-09-06 02:35:39"
"2024-09-05";"";"1 628 318";"161 550";"27 561 214";"2024-09-05 23:08:18"
"2024-09-03";"";"741 338";"177 265";"27 562 320";"2024-09-03 06:03:06"
"2024-09-03";"";"1 462";"61 303";"27 562 363";"2024-09-03 08:05:27"
"2024-09-08";"Instagram";"9 131 829";"1 710 960";"27 561 890";"2024-09-09 00:09:07"
"2024-09-06";"";"694 766";"34 041";"27 562 645";"2024-09-07 02:47:28"
"2024-09-08";"Yandex";"79 912";"3 334";"27 561 171";"2024-09-08 17:26:52"
"2024-09-04";"YouTube";"3 519 401";"815 934";"27 563 427";"2024-09-05 02:35:33"
"2024-09-10";"Tas-ix";"316 275";"15 815";"27 561 924";"2024-09-10 05:50:20"
"2024-09-03";"";"89 715";"50 799";"27 561 915";"2024-09-03 21:54:25"
"2024-09-10";"";"280 843";"155 089";"27 561 402";"2024-09-10 23:32:39"
"2024-09-04";"";"159 124";"25 800";"27 562 343";"2024-09-04 07:04:49"
"2024-09-06";"";"82 168";"23 553";"27 563 326";"2024-09-06 04:01:37"
"2024-09-01";"WhatsApp";"234 489";"58 041";"27 561 831";"2024-09-01 21:30:45"
"2024-09-05";"";"402 070";"14 172";"27 561 410";"2024-09-05 13:22:22"
"2024-09-03";"Instagram";"1 852 066";"309 996";"27 561 629";"2024-09-04 01:22:20"
"2024-09-02";"Yandex";"141 730";"19 881";"27 562 675";"2024-09-02 22:31:56"
"2024-09-05";"";"38 243";"2 206";"27 563 087";"2024-09-05 12:09:44"
"2024-09-07";"VKontakte";"194 983";"130 629";"27 561 281";"2024-09-07 07:52:16"
"2024-09-04";"";"15 850";"39 437";"27 561 845";"2024-09-04 18:27:12"
"2024-09-06";"Telegram";"17 239 676";"2 687 407";"27 561 845";"2024-09-06 06:03:10"
"2024-09-03";"";"34 968";"18 742";"27 563 418";"2024-09-04 01:10:57"
"2024-09-02";"";"46 275";"4 062";"27 561 436";"2024-09-02 12:57:23"
"2024-09-04";"";"53 289";"550 318";"27 563 413";"2024-09-04 10:07:36"
"2024-09-03";"";"135 600";"111 786";"27 563 390";"2024-09-03 21:06:13"
"2024-09-05";"Instagram";"64 872 134";"1 222 200";"27 562 259";"2024-09-05 17:14:43"
"2024-09-10";"Telegram";"58 131 555";"10 041 853";"27 562 591";"2024-09-10 19:28:14"
"2024-09-10";"YouTube";"105 205";"48 970";"27 563 184";"2024-09-11 02:35:41"
"2024-09-07";"";"35 633";"14 518";"27 562 085";"2024-09-07 18:51:21"
"2024-09-02";"";"722 619";"61 992";"27 563 114";"2024-09-02 06:51:46"
"2024-09-03";"";"186 066";"18 563";"27 563 234";"2024-09-03 08:29:06"
"2024-09-05";"Telegram";"28 639 030";"1 712 424";"27 563 390";"2024-09-06 01:34:34"
"2024-09-10";"";"78 506";"4 514";"27 562 428";"2024-09-10 07:40:50"
"2024-09-10";"";"678 107";"60 836";"27 562 984";"2024-09-10 10:43:09"
"2024-09-05";"";"3 532 693";"200 258";"27 562 895";"2024-09-05 18:51:09"
"2024-09-02";"Instagram";"217 779";"26 342";"27 563 048";"2024-09-02 20:41:41"
"2024-09-07";"Yandex";"5 188 815";"1 699 933";"27 561 224";"2024-09-07 07:28:07"
"2024-09-07";"";"110 657";"33 873";"27 561 302";"2024-09-07 05:50:05"
"2024-09-10";"YouTube";"815 074";"228 160";"27 561 767";"2024-09-10 05:14:52"
"2024-09-05";"";"158 904";"10 399";"27 563 088";"2024-09-05 10:43:13"
"2024-09-06";"";"555 172";"177 900";"27 561 172";"2024-09-06 19:52:10"
"2024-09-09";"";"61 780";"25 753";"27 562 442";"2024-09-09 08:53:35"
"2024-09-01";"";"48 198";"23 757";"27 562 398";"2024-09-01 06:15:59"
"2024-09-05";"YouTube";"3 030 035";"596 212";"27 563 313";"2024-09-05 18:27:22"
"2024-09-06";"";"194 332";"122 033";"27 563 369";"2024-09-07 00:45:43"
"2024-09-02";"";"3 201 849";"58 111";"27 562 259";"2024-09-02 19:40:19"
"2024-09-04";"Instagram";"4 216 196";"743 371";"27 563 318";"2024-09-04 18:27:35"
"2024-09-08";"YouTube";"1 186 805";"9 300 736";"27 561 569";"2024-09-09 00:21:55"
"2024-09-01";"Instagram";"14 492 978";"707 239";"27 562 427";"2024-09-01 12:57:22"
"2024-09-08";"";"73 242";"2 529";"27 563 192";"2024-09-08 06:51:37"
"2024-09-06";"";"71 453";"17 335";"27 562 365";"2024-09-06 15:48:47"
"2024-09-10";"";"212 453";"20 259";"27 561 818";"2024-09-10 11:32:47"
"2024-09-07";"";"146 220";"3 921";"27 562 557";"2024-09-08 00:21:01"
"2024-09-03";"";"30 366";"74 806";"27 562 800";"2024-09-03 07:52:31"
"2024-09-07";"YouTube";"37 559";"12 688";"27 563 392";"2024-09-07 18:27:22"
"2024-09-03";"";"6 430";"54 202";"27 562 674";"2024-09-03 11:32:06"
"2024-09-06";"Yandex";"8 016 272";"194 966";"27 561 712";"2024-09-07 01:58:32"
"2024-09-08";"TikTok";"31 817";"457 846";"27 562 586";"2024-09-08 18:03:36"
"2024-09-02";"";"23 021 653";"515 817";"27 561 981";"2024-09-03 01:10:54"
"2024-09-07";"";"10 357 941";"537 949";"27 562 985";"2024-09-07 13:10:58"
"2024-09-05";"";"27 143";"2 294";"27 562 234";"2024-09-05 16:37:54"
"2024-09-02";"";"115 910";"27 710";"27 561 404";"2024-09-02 07:40:56"
"2024-09-05";"";"56 286";"90 565";"27 562 139";"2024-09-05 22:31:28"
"2024-09-02";"Instagram";"85 810";"19 746";"27 561 894";"2024-09-02 07:16:35"
"2024-09-09";"";"454 414";"14 798";"27 561 224";"2024-09-09 15:12:12"
"2024-09-02";"";"45 026";"62 357";"27 563 504";"2024-09-02 10:43:53"
"2024-09-06";"Instagram";"1 999 386";"1 746 110";"27 563 101";"2024-09-06 11:56:14"
"2024-09-05";"";"309 066";"70 953";"27 561 655";"2024-09-05 06:39:20"
"2024-09-03";"Instagram";"7 283 965";"1 262 411";"27 562 521";"2024-09-03 03:36:23"
"2024-09-07";"Facebook";"48 837";"1 417 842";"27 562 257";"2024-09-07 18:39:26"
"2024-09-04";"";"53 174";"29 005";"27 561 449";"2024-09-04 06:39:41"
"2024-09-03";"";"170 523";"54 449";"27 562 821";"2024-09-03 23:32:29"
"2024-09-04";"YouTube";"435 710";"3 254 386";"27 562 642";"2024-09-04 03:36:00"
"2024-09-09";"PUBG";"1 613 439";"84 816";"27 563 048";"2024-09-09 18:15:02"
"2024-09-04";"";"113 141";"5 793";"27 563 022";"2024-09-04 17:14:49"
"2024-09-02";"";"288 836";"212 234";"27 561 441";"2024-09-03 01:10:30"
"2024-09-07";"YouTube";"31 025";"2 863";"27 561 403";"2024-09-07 03:48:38"
"2024-09-06";"";"428 484";"87 393";"27 562 355";"2024-09-07 00:57:58"
"2024-09-02";"Instagram";"9 809 476";"487 386";"27 562 701";"2024-09-03 01:22:08"
"2024-09-03";"";"31 152";"2 548";"27 562 331";"2024-09-03 07:40:37"
"2024-09-05";"Instagram";"507 024";"261 659";"27 562 760";"2024-09-05 14:23:06"
"2024-09-05";"";"95 496";"7 217";"27 562 484";"2024-09-05 20:53:07"
"2024-09-09";"VKontakte";"9 321 754";"203 552";"27 561 737";"2024-09-09 21:06:33"
"2024-09-03";"";"210 207";"16 401";"27 563 017";"2024-09-03 03:48:46"
"2024-09-10";"";"30 406";"2 084";"27 562 512";"2024-09-10 21:30:24"
"2024-09-08";"";"347 326";"76 912";"27 563 413";"2024-09-08 17:38:42"
"2024-09-02";"";"57 190";"2 204 259";"27 561 492";"2024-09-02 04:49:54"
"2024-09-08";"";"108 638";"16 850";"27 561 745";"2024-09-08 19:28:54"
"2024-09-02";"YouTube";"1 076 435";"13 840 199";"27 561 179";"2024-09-02 13:34:06"
"2024-09-09";"";"8 204";"33 958";"27 563 191";"2024-09-09 21:42:01"
"2024-09-05";"";"95 048";"86 416";"27 562 212";"2024-09-05 03:24:14"
"2024-09-06";"";"38 920";"9 990";"27 563 268";"2024-09-07 01:10:09"
"2024-09-05";"Twitch";"119 627";"24 995";"27 562 535";"2024-09-06 01:22:06"
"2024-09-02";"";"78 522";"5 808";"27 563 211";"2024-09-02 21:30:03"
"2024-09-06";"";"159 928";"9 347";"27 562 445";"2024-09-06 06:15:12"
"2024-09-06";"";"658 463";"92 826";"27 562 425";"2024-09-06 20:29:12"
"2024-09-08";"";"12 283";"28 663";"27 563 291";"2024-09-08 05:26:49"
"2024-09-08";"Telegram";"97 790";"7 785";"27 562 205";"2024-09-09 02:35:35"
"2024-09-02";"";"871 074";"256 217";"27 563 076";"2024-09-02 14:11:52"
"2024-09-06";"YouTube";"5 119 706";"1 557 600";"27 561 583";"2024-09-06 05:26:53"
"2024-09-08";"";"31 749";"5 148";"27 563 048";"2024-09-08 12:57:08"
"2024-09-07";"";"182 777";"551 398";"27 561 810";"2024-09-07 18:15:21"
"2024-09-02";"";"36 090";"6 459";"27 561 815";"2024-09-03 00:09:05"
"2024-09-04";"";"96 774";"149 436";"27 561 634";"2024-09-04 21:30:02"
"2024-09-03";"WhatsApp";"36 579";"15 700";"27 563 211";"2024-09-03 10:19:42"
"2024-09-01";"Telegram";"6 993 485";"420 401";"27 561 624";"2024-09-02 01:46:38"
"2024-09-10";"Instagram";"433 955";"119 439";"27 561 461";"2024-09-10 05:14:13"
"2024-09-05";"Telegram";"5 900 669";"219 058";"27 561 651";"2024-09-05 18:27:57"
"2024-09-07";"";"54 963";"10 534";"27 561 410";"2024-09-07 04:37:54"
"2024-09-03";"";"48 361";"96 092";"27 561 992";"2024-09-04 00:33:04"
"2024-09-09";"";"26 047";"4 546";"27 562 722";"2024-09-09 20:53:05"
"2024-09-05";"";"1 719 690";"204 042";"27 562 025";"2024-09-05 15:12:37"
"2024-09-05";"";"189 709";"14 877";"27 561 737";"2024-09-05 13:46:05"
"2024-09-02";"";"915 165";"18 148";"27 561 454";"2024-09-02 04:13:33"
"2024-09-02";"YouTube";"14 901";"138 519";"27 561 802";"2024-09-02 15:00:34"
"2024-09-02";"YouTube";"1 217 631";"355 427";"27 561 457";"2024-09-02 05:38:10"
"2024-09-02";"Instagram";"1 211 409";"150 031";"27 562 088";"2024-09-02 19:40:54"
"2024-09-02";"";"185 362";"11 514";"27 561 548";"2024-09-02 07:16:48"
"2024-09-01";"YouTube";"1 081 375";"125 615";"27 562 148";"2024-09-01 09:30:09"
"2024-09-02";"";"570 250";"30 636";"27 562 338";"2024-09-03 01:46:08"
"2024-09-04";"";"75 631";"2 558";"27 562 646";"2024-09-05 00:09:01"
"2024-09-05";"";"267 683";"48 131";"27 562 270";"2024-09-06 01:34:38"
"2024-09-08";"Apple Music";"744 251";"27 585";"27 562 232";"2024-09-08 23:56:38"
"2024-09-07";"";"150 855";"16 608";"27 561 583";"2024-09-07 18:03:54"
"2024-09-06";"";"241 685";"12 100";"27 561 482";"2024-09-06 12:45:17"
"2024-09-07";"";"109 134";"7 115";"27 563 093";"2024-09-07 20:29:22"
"2024-09-10";"";"29 164";"3 335";"27 561 480";"2024-09-10 06:39:24"
"2024-09-02";"";"29 478";"21 220";"27 561 311";"2024-09-02 13:58:26"
"2024-09-03";"";"117 947";"8 911";"27 561 384";"2024-09-03 21:18:08"
"2024-09-02";"Instagram";"6 821 605";"6 039 588";"27 563 198";"2024-09-02 04:13:31"
"2024-09-06";"";"2 533 036";"415 614";"27 561 480";"2024-09-06 13:10:26"
"2024-09-03";"";"74 105";"5 592";"27 562 553";"2024-09-03 20:17:16"
"2024-09-01";"";"53 196";"10 146";"27 561 378";"2024-09-01 09:42:33"
"2024-09-02";"Facebook";"410 839";"133 395";"27 561 288";"2024-09-02 13:34:42"
"2024-09-05";"Instagram";"902 035";"610 651";"27 561 218";"2024-09-05 17:26:06"
"2024-09-05";"";"100 228";"6 191";"27 561 197";"2024-09-05 06:39:44"
"2024-09-08";"";"113 182";"5 684";"27 562 047";"2024-09-08 21:06:48"
"2024-09-02";"";"1 043 889";"78 722";"27 562 903";"2024-09-02 14:11:06"
"2024-09-09";"YouTube";"389 616";"112 230";"27 562 534";"2024-09-09 09:06:38"
"2024-09-06";"";"274 301";"37 691";"27 561 944";"2024-09-06 19:52:59"
"2024-09-04";"WhatsApp";"28 548";"13 632";"27 562 886";"2024-09-04 15:00:01"
"2024-09-07";"YouTube";"59 024 125";"5 894 757";"27 563 145";"2024-09-07 13:22:48"
"2024-09-09";"";"188 199 644";"11 207 499";"27 563 460";"2024-09-10 02:23:31"
"2024-09-05";"";"65 642";"10 295";"27 563 023";"2024-09-05 04:37:39"
"2024-09-09";"YouTube";"33 940";"14 461";"27 561 342";"2024-09-09 20:41:04"
"2024-09-03";"";"51 714";"4 476";"27 563 030";"2024-09-03 09:30:21"
"2024-09-10";"YouTube";"887 408";"145 717";"27 561 257";"2024-09-11 00:45:11"
"2024-09-08";"";"337 538";"128 892";"27 561 591";"2024-09-08 17:50:44"
"2024-09-08";"Instagram";"97 583";"7 466";"27 561 676";"2024-09-08 04:49:30"
"2024-09-02";"";"105 975 990";"7 366 772";"27 561 763";"2024-09-02 05:02:27"
"2024-09-01";"";"43 806";"46 615";"27 563 387";"2024-09-01 16:01:04"
"2024-09-02";"";"176 780";"11 370";"27 561 838";"2024-09-02 17:50:21"
"2024-09-06";"Instagram";"21 425 987";"644 677";"27 563 008";"2024-09-06 03:24:26"
"2024-09-04";"";"620 548";"256 031";"27 561 999";"2024-09-04 06:39:05"
"2024-09-06";"";"986 191";"44 526";"27 563 446";"2024-09-06 16:37:47"
"2024-09-02";"";"55 516";"14 992";"27 561 407";"2024-09-02 23:08:45"
"2024-09-10";"";"312 034";"17 340";"27 562 535";"2024-09-11 01:34:53"
"2024-09-03";"";"115 422";"6 004";"27 562 063";"2024-09-03 13:46:14"
"2024-09-02";"";"2 286 701";"84 454";"27 562 445";"2024-09-02 06:15:11"
"2024-09-02";"";"163 520";"5 734";"27 563 511";"2024-09-02 09:54:12"
"2024-09-04";"";"1 136 557";"72 836";"27 561 621";"2024-09-04 12:33:33"
"2024-09-02";"";"173 836";"5 569";"27 562 741";"2024-09-02 08:05:54"
"2024-09-06";"";"63 784";"8 497";"27 561 865";"2024-09-06 20:41:02"
"2024-09-06";"";"1 005 193";"40 126";"27 562 213";"2024-09-07 02:59:13"
"2024-09-10";"";"29 496";"8 608";"27 561 768";"2024-09-10 19:04:21"
"2024-09-06";"Telegram";"7 579 360";"459 136";"27 562 890";"2024-09-06 11:56:44"
"2024-09-10";"";"297 840";"48 471";"27 561 768";"2024-09-10 18:51:43"
"2024-09-05";"Instagram";"148 800 233";"4 012 459";"27 562 685";"2024-09-05 15:12:46"
"2024-09-03";"Facebook";"1 204 698";"65 283";"27 561 366";"2024-09-04 00:21:39"
"2024-09-05";"Instagram";"321 557";"91 782";"27 562 273";"2024-09-05 14:59:53"
"2024-09-05";"";"684 805 411";"60 612 588";"27 562 469";"2024-09-05 10:19:19"
"2024-09-04";"";"704 216";"42 455";"27 562 961";"2024-09-04 10:31:26"
"2024-09-06";"";"172 738";"27 122";"27 563 419";"2024-09-06 15:00:18"
"2024-09-02";"";"275 883";"103 861";"27 563 403";"2024-09-02 19:04:17"
"2024-09-05";"";"6 658 863";"334 458";"27 562 260";"2024-09-05 12:21:33"
"2024-09-03";"";"34 172";"1 594";"27 561 715";"2024-09-03 09:06:57"
"2024-09-06";"";"786 089";"43 785";"27 563 022";"2024-09-06 05:14:18"
"2024-09-04";"";"439 084";"67 244";"27 562 087";"2024-09-04 03:48:23"
"2024-09-03";"YouTube";"153 575 632";"11 397 072";"27 562 968";"2024-09-03 19:04:27"
"2024-09-02";"";"169 441";"240 197";"27 561 542";"2024-09-02 09:18:16"
"2024-09-09";"";"21 066";"899 213";"27 561 792";"2024-09-10 02:59:22"
"2024-09-02";"";"31 767";"32 609";"27 561 940";"2024-09-02 11:56:43"
"2024-09-10";"Unknown";"27 085";"6 190";"27 561 666";"2024-09-10 14:35:32"
"2024-09-08";"";"294 524";"66 259";"27 561 417";"2024-09-08 18:03:07"
"2024-09-05";"Yandex";"200 856";"18 382";"27 561 924";"2024-09-06 01:58:32"
"2024-09-09";"YouTube";"210 809";"1 664 800";"27 561 760";"2024-09-09 12:09:36"
"2024-09-09";"";"32 738";"11 237";"27 563 142";"2024-09-09 10:55:19"
"2024-09-03";"";"3 870 316";"240 887";"27 563 075";"2024-09-03 06:03:12"
"2024-09-02";"Facebook";"49 992";"5 277";"27 561 448";"2024-09-03 00:09:12"
"2024-09-07";"";"32 819 870";"639 050";"27 562 535";"2024-09-07 19:40:29"
"2024-09-07";"";"234 128";"330 573";"27 562 741";"2024-09-07 08:41:07"
"2024-09-06";"";"423 020";"95 245";"27 563 242";"2024-09-06 12:45:22"
"2024-09-04";"";"454 152";"101 363";"27 561 485";"2024-09-04 14:35:35"
"2024-09-01";"Facebook";"125 318";"7 471";"27 561 410";"2024-09-02 00:09:07"
"2024-09-07";"";"1 659 052";"685 189";"27 563 000";"2024-09-07 20:41:42"
"2024-09-05";"Telegram";"16 297 618";"910 737";"27 562 679";"2024-09-05 22:55:03"
"2024-09-07";"";"165 215";"14 234";"27 561 616";"2024-09-07 04:49:54"
"2024-09-02";"Tas-ix";"298 812";"30 163";"27 563 443";"2024-09-02 10:55:49"
"2024-09-09";"";"73 132";"6 087";"27 561 975";"2024-09-09 22:19:12"
"2024-09-02";"Facebook";"4 372 930";"118 458";"27 563 463";"2024-09-02 07:28:33"
"2024-09-08";"";"55 874";"49 163";"27 563 058";"2024-09-08 16:37:30"
"2024-09-10";"YouTube";"595 362 547";"27 764 151";"27 562 853";"2024-09-10 13:58:26"
"2024-09-06";"Unknown";"833 510";"22 086";"27 562 076";"2024-09-06 23:56:35"
"2024-09-08";"";"185 368";"6 903";"27 561 173";"2024-09-08 10:31:02"
"2024-09-05";"YouTube";"236 980";"43 366";"27 562 808";"2024-09-05 05:26:43"
"2024-09-09";"";"181 996";"178 804";"27 561 552";"2024-09-09 11:20:08"
"2024-09-03";"";"81 356";"22 576";"27 563 510";"2024-09-03 15:12:19"
"2024-09-07";"YouTube";"2 015 256";"642 217";"27 562 458";"2024-09-07 04:13:54"
"2024-09-08";"";"47 747";"3 711";"27 563 156";"2024-09-08 05:38:34"
"2024-09-05";"";"26 371";"23 371";"27 562 320";"2024-09-05 17:02:17"
"2024-09-03";"";"164 825";"69 880";"27 562 578";"2024-09-03 12:45:07"
"2024-09-02";"Telegram";"15 070 809";"914 468";"27 561 265";"2024-09-02 08:17:12"
"2024-09-07";"";"99 988";"6 896";"27 562 293";"2024-09-07 15:24:48"
"2024-09-05";"";"464 837";"18 776";"27 562 202";"2024-09-05 16:13:36"
"2024-09-02";"";"72 480";"6 950";"27 561 262";"2024-09-02 17:50:14"
"2024-09-09";"Facebook";"118 398 347";"3 029 111";"27 562 982";"2024-09-09 13:58:54"
"2024-09-07";"Instagram";"228 006";"24 833";"27 562 633";"2024-09-08 02:59:08"
"2024-09-07";"";"36 030";"4 840";"27 563 087";"2024-09-08 01:10:48"
"2024-09-10";"YouTube";"668 700";"35 584";"27 561 881";"2024-09-10 07:04:22"
"2024-09-02";"Odnoklassniki";"5 849 087";"305 047";"27 563 148";"2024-09-02 09:54:41"
"2024-09-03";"Instagram";"777 864";"43 553";"27 562 904";"2024-09-03 20:17:54"
"2024-09-06";"";"31 980";"4 928";"27 563 437";"2024-09-06 23:08:09"
"2024-09-10";"Facebook";"1 098 496";"93 102";"27 561 690";"2024-09-11 01:58:35"
"2024-09-05";"YouTube";"949 222";"293 698";"27 562 464";"2024-09-05 11:20:09"
"2024-09-07";"YouTube";"197 916";"34 388";"27 561 745";"2024-09-07 11:44:43"
"2024-09-06";"";"67 906";"4 726";"27 562 419";"2024-09-06 11:32:06"
"2024-09-04";"Instagram";"12 156 921";"60 833 187";"27 563 284";"2024-09-04 15:48:01"
"2024-09-07";"WhatsApp";"246 933";"24 221";"27 563 334";"2024-09-07 05:14:11"
"2024-09-02";"Yandex Video";"2 493 127";"76 917";"27 563 219";"2024-09-02 07:04:20"
"2024-09-05";"";"63 497";"6 755";"27 562 292";"2024-09-05 07:52:42"
"2024-09-02";"";"135 122";"10 866";"27 562 280";"2024-09-02 23:08:19"
"2024-09-07";"Telegram";"15 016 784";"1 083 500";"27 562 415";"2024-09-07 07:04:22"
"2024-09-08";"";"43 012 221";"1 070 864";"27 563 238";"2024-09-08 08:05:10"
"2024-09-03";"Instagram";"389 121";"21 333";"27 561 352";"2024-09-03 09:54:24"
"2024-09-08";"";"30 514";"2 359";"27 563 050";"2024-09-08 20:53:28"
"2024-09-03";"";"1 196 696";"76 588";"27 561 641";"2024-09-03 15:24:12"
"2024-09-07";"Instagram";"2 273 916";"177 482";"27 562 216";"2024-09-07 17:38:33"
"2024-09-04";"Yandex";"497 282";"39 608";"27 562 365";"2024-09-04 13:10:28"
"2024-09-09";"";"208 285";"58 760";"27 561 810";"2024-09-10 00:45:30"
"2024-09-09";"";"530 004";"368 601";"27 561 879";"2024-09-10 00:45:46"
"2024-09-02";"";"77 762";"7 519";"27 561 582";"2024-09-02 12:21:12"
"2024-09-02";"";"924 280";"51 617";"27 562 535";"2024-09-02 12:57:38"
"2024-09-02";"";"8 974 311";"570 176";"27 562 768";"2024-09-03 02:47:44"
"2024-09-07";"";"42 755";"4 921";"27 562 646";"2024-09-07 15:36:56"
"2024-09-04";"Yandex";"34 576";"36 466";"27 562 516";"2024-09-04 05:02:50"
"2024-09-09";"";"92 006";"251 497";"27 562 938";"2024-09-09 18:03:15"
"2024-09-07";"";"1 016 286";"54 357";"27 563 139";"2024-09-07 06:03:26"
"2024-09-06";"Yandex";"29 379";"2 612";"27 562 815";"2024-09-07 02:11:19"
"2024-09-07";"";"9 690";"401 762";"27 561 915";"2024-09-07 23:32:34"
"2024-09-05";"";"51 327";"7 295";"27 562 856";"2024-09-05 17:02:46"
"2024-09-02";"";"31 037";"1 993";"27 562 561";"2024-09-02 09:30:30"
"2024-09-08";"YouTube";"180 116";"279 119";"27 562 994";"2024-09-08 22:55:32"
"2024-09-02";"Facebook";"43 714 268";"2 192 222";"27 563 325";"2024-09-02 13:10:04"
"2024-09-01";"";"26 135";"1 395";"27 562 698";"2024-09-01 05:50:35"
"2024-09-03";"";"599 889";"742 940";"27 562 363";"2024-09-03 08:29:48"
"2024-09-05";"";"575 987";"15 281";"27 563 262";"2024-09-05 07:28:32"
"2024-09-08";"";"120 959";"25 427";"27 563 196";"2024-09-08 13:46:23"
"2024-09-03";"WhatsApp";"292 806";"1 592 164";"27 561 670";"2024-09-03 13:10:09"
"2024-09-07";"";"72 550";"4 608";"27 563 143";"2024-09-08 01:58:51"
"2024-09-10";"";"140 386";"8 827";"27 561 315";"2024-09-10 08:53:52"
"2024-09-08";"";"287 205";"74 281";"27 561 775";"2024-09-09 01:46:14"
"2024-09-10";"";"264 039";"233 289";"27 562 558";"2024-09-10 03:48:53"
"2024-09-04";"";"19 465 597";"1 026 577";"27 562 504";"2024-09-04 17:14:21"
"2024-09-06";"";"8 725";"47 674";"27 561 249";"2024-09-07 02:59:23"
"2024-09-07";"";"407 427";"20 572 454";"27 562 988";"2024-09-07 20:41:38"
"2024-09-09";"Facebook";"3 331 138";"1 523 646";"27 561 536";"2024-09-09 19:04:07"
"2024-09-05";"";"2 304 033";"62 721";"27 562 850";"2024-09-05 21:54:27"
"2024-09-04";"";"314 919";"19 062";"27 562 689";"2024-09-05 00:21:39"
"2024-09-10";"";"42 442";"8 625";"27 562 105";"2024-09-10 22:07:30"
"2024-09-07";"Yandex";"51 541 739";"2 103 952";"27 563 264";"2024-09-07 06:51:56"
"2024-09-10";"";"523 995";"371 110";"27 562 289";"2024-09-10 04:25:11"
"2024-09-03";"";"28 636";"15 552";"27 562 597";"2024-09-03 07:28:21"
"2024-09-03";"";"1 599 406";"564 648";"27 561 232";"2024-09-04 01:34:40"
"2024-09-05";"";"27 316";"12 268";"27 561 207";"2024-09-05 11:44:35"
"2024-09-02";"";"33 652";"15 809";"27 561 362";"2024-09-03 00:21:14"
"2024-09-02";"";"358 827";"24 158";"27 562 367";"2024-09-02 20:05:49"
"2024-09-03";"";"75 830";"14 733";"27 563 491";"2024-09-03 14:23:05"
"2024-09-03";"";"662 275";"128 710";"27 563 066";"2024-09-03 20:05:49"
"2024-09-09";"";"108 682";"40 875";"27 562 997";"2024-09-09 16:37:55"
"2024-09-03";"";"34 338";"2 935";"27 562 535";"2024-09-03 04:13:12"
"2024-09-10";"";"1 412";"37 565";"27 563 116";"2024-09-10 04:37:29"
"2024-09-07";"Yandex";"141 639";"6 806";"27 562 899";"2024-09-07 08:05:44"
"2024-09-08";"";"47 637";"13 531";"27 561 595";"2024-09-08 19:28:11"
"2024-09-09";"";"49 748";"1 950";"27 561 845";"2024-09-09 05:38:36"
"2024-09-02";"Facebook";"33 141";"50 519";"27 561 846";"2024-09-02 23:20:56"
"2024-09-09";"Facebook";"353 556";"12 837 513";"27 562 642";"2024-09-10 00:09:30"
"2024-09-08";"";"152 938";"8 492";"27 563 284";"2024-09-08 09:30:54"
"2024-09-03";"Facebook";"27 658";"15 325";"27 563 393";"2024-09-04 02:23:09"
"2024-09-07";"Tas-ix";"223 268";"33 826";"27 563 207";"2024-09-07 09:54:50"
"2024-09-02";"";"86 402";"13 558";"27 563 189";"2024-09-02 03:00:39"
"2024-09-08";"";"341 819";"26 860";"27 562 091";"2024-09-08 18:39:26"
"2024-09-05";"";"0";"37 639";"27 562 261";"2024-09-05 10:19:16"
"2024-09-06";"";"95 545";"46 004";"27 562 729";"2024-09-07 00:09:35"
"2024-09-02";"Yandex Video";"2 238 368";"66 243";"27 563 066";"2024-09-02 14:11:06"
"2024-09-09";"";"685 231";"45 113";"27 561 921";"2024-09-09 03:24:43"
"2024-09-06";"Facebook";"41 032";"14 553";"27 562 555";"2024-09-06 04:25:15"
"2024-09-09";"";"76 818";"8 600";"27 561 466";"2024-09-09 05:38:14"
"2024-09-06";"Instagram";"175 067 775";"4 309 661";"27 562 455";"2024-09-06 23:56:14"
"2024-09-03";"YouTube";"3 236 984";"250 174";"27 561 907";"2024-09-03 09:18:11"
"2024-09-08";"";"425 328";"75 720";"27 561 240";"2024-09-08 03:48:30"
"2024-09-01";"Instagram";"132 516";"13 731";"27 563 094";"2024-09-01 18:27:22"
"2024-09-02";"Instagram";"73 602 140";"2 914 129";"27 563 186";"2024-09-03 00:09:42"
"2024-09-08";"";"53 437";"4 281";"27 561 331";"2024-09-09 01:58:37"
"2024-09-10";"";"39 736";"2 778";"27 561 666";"2024-09-10 13:34:05"
"2024-09-03";"";"418 372";"28 586";"27 563 424";"2024-09-03 09:18:29"
"2024-09-03";"";"1 803 495";"236 490";"27 561 401";"2024-09-03 12:45:59"
"2024-09-05";"";"56 468";"3 979";"27 562 780";"2024-09-05 18:27:04"
"2024-09-07";"";"6 448 149";"219 436";"27 561 743";"2024-09-07 04:25:15"
"2024-09-04";"";"363 120";"72 243";"27 562 725";"2024-09-04 06:03:33"
"2024-09-09";"";"59 524";"4 164";"27 562 534";"2024-09-09 19:28:36"
"2024-09-02";"Instagram";"2 044 309";"267 956";"27 563 092";"2024-09-02 12:45:22"
"2024-09-02";"";"88 198";"2 788";"27 562 330";"2024-09-02 05:26:09"
"2024-09-06";"";"106 522";"15 205";"27 562 281";"2024-09-07 02:47:17"
"2024-09-10";"";"92 039";"243 556";"27 562 240";"2024-09-10 06:15:55"
"2024-09-01";"YouTube";"184 746";"17 090";"27 562 838";"2024-09-01 23:56:38"
"2024-09-08";"VKontakte";"1 065 416";"41 965";"27 562 041";"2024-09-09 00:21:33"
"2024-09-03";"YouTube";"4 196 300";"1 722 718";"27 562 560";"2024-09-03 21:18:30"
"2024-09-03";"";"66 026";"30 870";"27 561 284";"2024-09-03 11:56:08"
"2024-09-05";"";"5 032 124";"91 700";"27 562 845";"2024-09-05 19:04:58"
"2024-09-05";"YouTube";"1 469 679";"113 733";"27 562 063";"2024-09-05 15:12:54"
"2024-09-08";"";"1 353 780";"62 920";"27 563 048";"2024-09-08 07:40:07"
"2024-09-09";"YouTube";"1 424 657";"119 689";"27 562 040";"2024-09-09 21:06:23"
"2024-09-05";"";"116 904";"31 990";"27 562 812";"2024-09-06 01:34:48"
"2024-09-08";"";"7 780";"323 045";"27 562 572";"2024-09-08 12:45:08"
"2024-09-08";"";"31 075";"2 791";"27 561 802";"2024-09-08 05:26:38"
"2024-09-01";"";"120 236";"23 761";"27 562 704";"2024-09-02 00:57:59"
"2024-09-01";"";"156 647";"8 428";"27 562 441";"2024-09-01 06:15:30"
"2024-09-08";"";"104 787";"51 963";"27 562 791";"2024-09-08 09:30:07"
"2024-09-03";"Odnoklassniki";"94 482";"45 770";"27 561 636";"2024-09-03 23:32:22"
"2024-09-06";"TikTok";"1 938";"78 635";"27 561 772";"2024-09-06 08:53:25"
"2024-09-04";"YouTube";"237 149";"1 995 895";"27 562 146";"2024-09-04 15:24:10"
"2024-09-09";"Instagram";"39 533 749";"2 149 014";"27 562 889";"2024-09-09 22:43:07"
"2024-09-05";"Instagram";"6 778 947";"63 022";"27 562 339";"2024-09-05 04:49:19"
"2024-09-06";"";"29 212";"26 060";"27 561 610";"2024-09-06 03:12:12"
"2024-09-01";"Instagram";"105 201";"16 066";"27 563 016";"2024-09-01 22:07:12"
"2024-09-05";"";"419 699";"31 381";"27 562 942";"2024-09-05 03:00:10"
"2024-09-06";"";"39 976";"40 014";"27 561 217";"2024-09-07 01:10:19"
"2024-09-02";"";"286 182";"6 745";"27 562 039";"2024-09-02 10:07:49"
"2024-09-06";"";"26 288";"7 932";"27 561 379";"2024-09-06 23:20:42"
"2024-09-10";"";"43 223";"35 087";"27 563 114";"2024-09-11 01:10:03"
"2024-09-10";"Facebook";"39 045";"5 388";"27 561 294";"2024-09-10 12:33:24"
"2024-09-03";"";"29 689";"9 172";"27 562 674";"2024-09-03 08:41:28"
"2024-09-03";"";"151 834";"29 963";"27 561 680";"2024-09-04 00:57:17"
"2024-09-09";"YouTube";"236 901";"39 032";"27 562 100";"2024-09-09 08:53:59"
"2024-09-02";"";"31 273";"13 472";"27 561 190";"2024-09-02 12:45:27"
"2024-09-01";"";"80 988";"7 021";"27 563 381";"2024-09-01 04:49:40"
"2024-09-08";"";"439 973";"228 445";"27 563 372";"2024-09-08 21:18:24"
"2024-09-10";"Instagram";"46 714 678";"1 602 459";"27 562 328";"2024-09-10 04:37:51"
"2024-09-08";"";"58 637";"131 737";"27 562 858";"2024-09-08 09:54:43"
"2024-09-09";"";"246 378";"86 420";"27 561 388";"2024-09-09 17:38:27"
"2024-09-06";"";"2 364 196";"171 297";"27 561 224";"2024-09-06 16:13:34"
"2024-09-08";"Yandex";"487 502";"244 501";"27 563 334";"2024-09-08 06:03:00"
"2024-09-09";"";"254 487";"54 178";"27 563 101";"2024-09-09 04:25:26"
"2024-09-06";"";"59 175";"9 605";"27 562 646";"2024-09-06 23:20:27"
"2024-09-10";"";"927 155";"57 826";"27 561 999";"2024-09-11 00:21:09"
"2024-09-06";"";"30 581";"9 598";"27 562 391";"2024-09-06 06:39:41"
"2024-09-01";"Facebook";"164 739";"100 350";"27 562 012";"2024-09-01 12:09:10"
"2024-09-03";"Facebook";"33 717";"2 644";"27 563 219";"2024-09-03 04:01:03"
"2024-09-06";"";"629 292";"356 137";"27 561 485";"2024-09-06 16:49:14"
"2024-09-06";"YouTube";"30 265 699";"2 164 069";"27 561 508";"2024-09-06 11:08:57"
"2024-09-05";"";"36 481";"10 426";"27 562 420";"2024-09-05 14:47:49"
"2024-09-10";"";"35 135";"357 726";"27 562 233";"2024-09-10 08:41:28"
"2024-09-05";"Telegram";"52 458 631";"1 711 368";"27 561 810";"2024-09-05 10:19:19"
"2024-09-08";"";"75 762";"44 742";"27 561 982";"2024-09-08 03:24:05"
"2024-09-03";"";"20 527";"31 899";"27 563 128";"2024-09-03 13:46:44"
"2024-09-09";"Instagram";"2 801 028";"3 306 989";"27 561 763";"2024-09-09 20:17:00"
"2024-09-09";"VKontakte";"1 284 216";"431 565";"27 562 803";"2024-09-10 00:21:57"
"2024-09-05";"";"1 007 833";"132 616";"27 562 642";"2024-09-05 20:29:04"
"2024-09-06";"";"133 913";"14 622";"27 562 865";"2024-09-07 02:35:45"
"2024-09-04";"";"190 791";"835 823";"27 562 608";"2024-09-04 17:14:06"
"2024-09-09";"Apple Music";"822 436";"37 341";"27 563 129";"2024-09-09 04:37:17"
"2024-09-07";"";"117 882";"34 015";"27 561 373";"2024-09-07 04:37:18"
"2024-09-10";"";"35 585";"2 311";"27 562 757";"2024-09-10 03:36:18"
"2024-09-03";"";"8 214";"31 625";"27 561 213";"2024-09-04 02:59:38"
"2024-09-02";"";"10 595";"67 146";"27 561 814";"2024-09-02 08:41:57"
"2024-09-07";"Facebook";"63 403";"4 293";"27 561 273";"2024-09-07 19:16:16"
"2024-09-06";"";"90 702";"4 135";"27 561 192";"2024-09-06 16:37:48"
"2024-09-05";"";"26 603";"18 138";"27 563 509";"2024-09-05 08:41:27"
"2024-09-01";"";"96 887";"9 300";"27 561 747";"2024-09-01 14:47:41"
"2024-09-10";"";"244 564";"15 201";"27 561 802";"2024-09-10 16:25:17"
"2024-09-07";"Instagram";"15 801 893";"586 968";"27 563 384";"2024-09-07 08:41:28"
"2024-09-06";"Unknown";"40 680";"30 342";"27 561 768";"2024-09-06 09:42:50"
"2024-09-02";"";"112 066";"127 581";"27 561 994";"2024-09-02 10:07:56"
"2024-09-07";"";"4 175 060";"3 427 897";"27 563 030";"2024-09-08 00:57:09"
"2024-09-07";"";"40 770";"5 246";"27 562 420";"2024-09-07 11:56:40"
"2024-09-06";"";"657 323";"219 817";"27 562 847";"2024-09-06 15:00:11"
"2024-09-10";"";"149 428";"48 540";"27 562 004";"2024-09-10 19:28:59"
"2024-09-03";"Instagram";"70 616 374";"1 815 793";"27 563 453";"2024-09-04 02:47:01"
"2024-09-10";"";"31 345";"7 914";"27 562 993";"2024-09-10 22:19:32"
"2024-09-02";"";"56 127";"278 465";"27 561 825";"2024-09-02 11:32:45"
"2024-09-03";"";"84 648";"11 234";"27 563 467";"2024-09-03 05:02:58"
"2024-09-05";"Yandex Video";"5 703";"26 187";"27 561 557";"2024-09-05 21:30:18"
"2024-09-01";"";"26 145";"20 934";"27 561 204";"2024-09-01 18:39:50"
"2024-09-06";"";"1 153 773";"72 070";"27 561 339";"2024-09-06 22:43:18"
"2024-09-01";"";"187 047";"11 765";"27 562 175";"2024-09-01 23:32:08"
"2024-09-01";"";"35 302";"10 194";"27 563 141";"2024-09-01 19:16:34"
"2024-09-03";"";"38 238";"194 808";"27 562 732";"2024-09-03 09:06:50"
"2024-09-04";"TikTok";"161 798";"1 684 046";"27 561 819";"2024-09-04 07:04:38"
"2024-09-06";"";"105 477";"7 098";"27 561 492";"2024-09-06 18:15:45"
"2024-09-09";"Telegram";"127 599";"31 458";"27 561 973";"2024-09-09 12:57:30"
"2024-09-06";"";"7 544";"25 852";"27 562 942";"2024-09-06 15:36:33"
"2024-09-02";"";"49 595";"6 224";"27 561 339";"2024-09-02 22:19:18"
"2024-09-01";"";"705 866";"24 070";"27 562 473";"2024-09-01 03:36:39"
"2024-09-03";"";"79 858";"7 705";"27 563 207";"2024-09-03 14:23:35"
"2024-09-01";"";"601 677";"84 486";"27 563 074";"2024-09-01 06:03:21"
"2024-09-08";"";"40 990";"4 131";"27 563 424";"2024-09-08 04:01:31"
"2024-09-05";"";"315 580";"11 166";"27 561 676";"2024-09-05 13:46:27"
"2024-09-05";"YouTube";"3 318 800";"195 159";"27 562 454";"2024-09-06 02:59:39"
"2024-09-03";"Odnoklassniki";"33 141";"5 390";"27 563 030";"2024-09-03 14:11:25"
"2024-09-06";"";"137 766";"542 886";"27 562 520";"2024-09-06 15:12:26"
"2024-09-08";"";"62 726";"8 485";"27 563 512";"2024-09-08 06:51:52"
"2024-09-03";"";"75 206";"53 018";"27 563 504";"2024-09-03 19:04:22"
"2024-09-10";"";"134 330";"6 070";"27 562 541";"2024-09-10 03:00:24"
"2024-09-08";"";"30 905";"14 108";"27 562 278";"2024-09-08 16:13:30"
"2024-09-01";"";"58 922";"2 882";"27 563 076";"2024-09-01 07:04:18"
"2024-09-04";"";"278 217";"13 831";"27 562 156";"2024-09-04 19:28:40"
"2024-09-10";"";"42 290";"3 490";"27 561 428";"2024-09-10 15:00:37"
"2024-09-09";"";"91 226";"13 553";"27 561 660";"2024-09-09 22:19:27"
"2024-09-07";"";"28 314";"12 545";"27 561 367";"2024-09-07 14:59:48"
"2024-09-08";"";"301 252";"14 803";"27 561 173";"2024-09-09 02:35:40"
"2024-09-02";"Apple Music";"253 146";"6 027";"27 563 518";"2024-09-03 00:33:11"
"2024-09-07";"";"45 998";"30 582";"27 562 841";"2024-09-07 23:20:45"
"2024-09-06";"";"1 205 107";"703 120";"27 561 354";"2024-09-06 14:47:02"
"2024-09-02";"";"124 030";"27 499";"27 561 430";"2024-09-02 20:29:15"
"2024-09-02";"";"26 141";"1 968";"27 561 466";"2024-09-02 08:29:41"
"2024-09-06";"YouTube";"2 259 187";"729 817";"27 561 567";"2024-09-06 23:44:10"
"2024-09-08";"Yandex Video";"118 162";"5 866";"27 563 264";"2024-09-08 23:08:40"
"2024-09-03";"";"487 246";"89 289";"27 562 417";"2024-09-03 10:55:05"
"2024-09-04";"";"501 739";"106 002";"27 561 844";"2024-09-04 16:01:17"
"2024-09-07";"";"27 452";"4 614";"27 562 803";"2024-09-07 05:26:20"
"2024-09-04";"";"165 085";"23 758";"27 561 872";"2024-09-04 14:23:28"
"2024-09-03";"";"4 842 864";"212 332";"27 561 669";"2024-09-03 07:16:31"
"2024-09-03";"";"13 768";"55 598";"27 562 037";"2024-09-03 09:06:33"
"2024-09-07";"";"86 914";"6 267";"27 562 100";"2024-09-07 16:01:31"
"2024-09-01";"";"22 268";"72 507";"27 563 363";"2024-09-02 02:35:47"
"2024-09-09";"";"7 990";"269 757";"27 562 365";"2024-09-09 22:07:17"
"2024-09-06";"";"161 249";"10 229";"27 561 298";"2024-09-07 01:58:34"
"2024-09-06";"";"249 612";"19 762";"27 562 795";"2024-09-07 01:34:53"
"2024-09-10";"YouTube";"103 388";"621 990";"27 563 379";"2024-09-10 05:38:53"
"2024-09-04";"";"193 973";"16 020";"27 563 472";"2024-09-04 20:53:59"
"2024-09-09";"YouTube";"556 545";"18 794";"27 561 502";"2024-09-09 14:59:53"
"2024-09-02";"Yandex";"34 706";"12 079";"27 562 706";"2024-09-02 12:45:47"
"2024-09-06";"";"7 652 961";"469 353";"27 562 290";"2024-09-06 21:54:43"
"2024-09-03";"Tas-ix";"8 743 466";"294 085";"27 561 556";"2024-09-03 18:51:15"
"2024-09-10";"";"117 898";"49 696";"27 562 654";"2024-09-10 05:14:55"
"2024-09-10";"";"1 521 095";"673 059";"27 562 889";"2024-09-10 05:14:41"
"2024-09-03";"";"255 257";"17 206";"27 563 264";"2024-09-03 18:03:24"
"2024-09-08";"";"54 160";"12 560";"27 563 168";"2024-09-08 03:00:07"
"2024-09-05";"YouTube";"477 019";"154 436";"27 562 934";"2024-09-05 18:15:14"
"2024-09-07";"";"54 135";"2 467";"27 562 192";"2024-09-07 13:22:26"
"2024-09-04";"";"55 262";"5 858";"27 563 023";"2024-09-04 19:40:11"
"2024-09-02";"";"147 350";"12 951";"27 563 414";"2024-09-02 08:41:43"
"2024-09-08";"YouTube";"3 899 569";"167 075";"27 561 862";"2024-09-08 15:24:46"
"2024-09-08";"YouTube";"3 222 169";"249 317";"27 561 952";"2024-09-08 09:06:34"
"2024-09-10";"";"2 612 320";"73 246";"27 561 720";"2024-09-10 17:26:35"
"2024-09-09";"Facebook";"58 276";"3 755";"27 562 331";"2024-09-09 18:51:20"
"2024-09-02";"";"66 766";"4 792";"27 562 494";"2024-09-02 17:38:55"
"2024-09-08";"";"29 895";"7 462";"27 563 501";"2024-09-08 16:37:13"
"2024-09-02";"Facebook";"157 025";"12 205";"27 563 467";"2024-09-02 09:30:12"
"2024-09-08";"Yandex";"1 667 416";"93 406";"27 561 306";"2024-09-08 17:02:28"
"2024-09-06";"";"36 121";"11 858";"27 562 083";"2024-09-06 06:39:59"
"2024-09-05";"";"29 639";"2 939";"27 563 011";"2024-09-05 13:58:25"
"2024-09-01";"Telegram";"30 856 999";"1 921 697";"27 562 462";"2024-09-01 03:36:06"
"2024-09-02";"";"511 453";"18 269";"27 561 662";"2024-09-02 21:42:17"
"2024-09-01";"YouTube";"147 938";"19 539";"27 561 655";"2024-09-01 08:17:54"
"2024-09-10";"";"432 202";"29 573";"27 562 439";"2024-09-10 18:15:57"
"2024-09-02";"";"60 830";"6 690";"27 563 065";"2024-09-02 11:20:15"
"2024-09-02";"";"9 739";"51 812";"27 561 844";"2024-09-02 18:51:15"
"2024-09-09";"";"10 902";"27 185";"27 563 413";"2024-09-10 02:47:20"
"2024-09-03";"Yandex";"489 770";"223 525";"27 563 365";"2024-09-03 18:15:52"
"2024-09-09";"";"41 219";"4 870";"27 562 428";"2024-09-09 12:09:40"
"2024-09-09";"";"142 270";"109 112";"27 561 884";"2024-09-09 09:42:53"
"2024-09-04";"";"83 533";"14 611";"27 561 284";"2024-09-04 11:44:21"
"2024-09-03";"Unknown";"457 199";"224 738";"27 563 093";"2024-09-03 04:37:39"
"2024-09-05";"";"19 863";"131 508";"27 563 240";"2024-09-05 06:51:13"
"2024-09-08";"";"127 852";"85 028";"27 562 552";"2024-09-08 03:00:28"
"2024-09-05";"YouTube";"345 750";"58 440";"27 561 304";"2024-09-05 09:30:21"
"2024-09-07";"YouTube";"78 044";"266 744";"27 561 720";"2024-09-07 07:28:27"
"2024-09-10";"";"21 920 549";"1 554 551";"27 562 252";"2024-09-10 07:40:31"
"2024-09-03";"Instagram";"5 019 301";"219 598";"27 562 057";"2024-09-03 14:59:08"
"2024-09-04";"WhatsApp";"82 104";"6 148";"27 562 013";"2024-09-04 07:52:42"
"2024-09-01";"Telegram";"294 009";"21 777";"27 563 046";"2024-09-01 21:06:37"
"2024-09-08";"";"1 040 606";"141 716";"27 563 458";"2024-09-08 13:22:03"
"2024-09-01";"Telegram";"616 949";"39 480";"27 563 074";"2024-09-01 08:29:24"
"2024-09-03";"";"72 978";"11 509";"27 561 999";"2024-09-03 10:07:04"
"2024-09-05";"Telegram";"52 837 846";"2 629 492";"27 563 069";"2024-09-05 05:38:33"
"2024-09-10";"";"493 031";"605 211";"27 562 025";"2024-09-10 05:02:02"
"2024-09-02";"";"163 457";"28 105";"27 563 130";"2024-09-02 21:42:55"
"2024-09-05";"Facebook";"1 271 482";"1 228 629";"27 561 802";"2024-09-05 10:31:41"
"2024-09-06";"";"113 101";"6 798";"27 562 057";"2024-09-06 22:19:58"
"2024-09-01";"";"575 722";"41 068";"27 562 382";"2024-09-01 17:50:47"
"2024-09-06";"";"494 550";"170 409";"27 562 595";"2024-09-06 18:39:49"
"2024-09-01";"";"1 409 029";"292 627";"27 561 477";"2024-09-01 11:56:36"
"2024-09-06";"Instagram";"2 652 923";"520 577";"27 561 668";"2024-09-06 07:40:55"
"2024-09-07";"";"40 359";"6 192";"27 562 563";"2024-09-07 18:51:45"
"2024-09-03";"";"1 817 693";"130 523";"27 562 894";"2024-09-03 19:16:42"
"2024-09-01";"";"44 822";"7 129";"27 561 801";"2024-09-01 18:51:39"
"2024-09-09";"";"798 305";"351 589";"27 563 467";"2024-09-09 09:54:38"
"2024-09-03";"";"1 893 035";"70 172";"27 562 820";"2024-09-03 10:07:12"
"2024-09-09";"";"82 860";"18 065";"27 562 204";"2024-09-09 08:05:49"
"2024-09-09";"";"426 409";"22 244";"27 563 075";"2024-09-10 00:33:46"
"2024-09-08";"";"3 075";"34 811";"27 561 466";"2024-09-08 17:26:18"
"2024-09-05";"";"4 250";"40 472";"27 561 597";"2024-09-05 13:22:27"
"2024-09-01";"Unknown";"412 451";"42 302";"27 563 130";"2024-09-01 04:13:47"
"2024-09-02";"";"92 642";"7 033";"27 561 761";"2024-09-02 06:15:36"
"2024-09-04";"";"226 435";"17 578";"27 561 989";"2024-09-04 08:53:40"
"2024-09-04";"";"129 617";"50 341";"27 562 281";"2024-09-04 09:18:59"
"2024-09-05";"";"22 005";"197 964";"27 561 204";"2024-09-05 12:09:39"
"2024-09-08";"YouTube";"343 157";"68 467";"27 563 069";"2024-09-08 03:24:36"
"2024-09-01";"YouTube";"395 504";"3 212 013";"27 562 667";"2024-09-01 08:17:15"
"2024-09-05";"YouTube";"130 565";"40 240";"27 562 398";"2024-09-06 00:45:28"
"2024-09-05";"";"101 731";"22 419";"27 562 921";"2024-09-06 01:10:41"
"2024-09-04";"";"1 069 448";"149 216";"27 562 466";"2024-09-04 19:04:06"
"2024-09-01";"Instagram";"3 757 795";"3 484 140";"27 561 830";"2024-09-01 10:55:59"
"2024-09-05";"";"30 810";"10 824";"27 561 354";"2024-09-05 21:54:56"
"2024-09-07";"";"270 441";"341 082";"27 561 448";"2024-09-07 06:03:55"
"2024-09-01";"";"23 718";"317 673";"27 563 506";"2024-09-01 18:51:53"
"2024-09-01";"";"55 165";"3 154";"27 561 827";"2024-09-02 02:59:43"
"2024-09-04";"Yandex";"1 951 839";"91 766";"27 563 216";"2024-09-04 08:05:36"
"2024-09-04";"";"576 275";"149 973";"27 562 588";"2024-09-04 11:08:02"
"2024-09-08";"";"249 808";"44 661";"27 562 582";"2024-09-08 16:49:04"
"2024-09-04";"";"871 730";"1 411 551";"27 561 688";"2024-09-04 20:41:32"
"2024-09-07";"";"42 759";"17 538";"27 561 181";"2024-09-07 12:57:02"
"2024-09-03";"YouTube";"6 879 799";"438 651";"27 561 453";"2024-09-03 13:10:44"
"2024-09-04";"";"37 354";"3 697";"27 561 276";"2024-09-04 14:11:50"
"2024-09-06";"";"168 719";"390 847";"27 562 609";"2024-09-06 09:06:15"
"2024-09-04";"";"122 773";"185 250";"27 562 656";"2024-09-04 10:43:20"
"2024-09-05";"";"324 246";"19 314";"27 561 593";"2024-09-05 03:00:15"
"2024-09-09";"";"7 658 683";"329 183";"27 562 428";"2024-09-09 21:06:18"
"2024-09-07";"Yandex";"43 781";"15 662";"27 563 029";"2024-09-07 22:43:54"
"2024-09-10";"";"37 841";"16 945";"27 562 255";"2024-09-10 21:06:07"
"2024-09-03";"";"42 275";"45 631";"27 561 465";"2024-09-03 21:06:39"
"2024-09-02";"YouTube";"2 714 074";"178 947";"27 562 865";"2024-09-02 16:01:10"
"2024-09-05";"YouTube";"144 255 178";"6 403 537";"27 561 211";"2024-09-05 14:35:47"
"2024-09-05";"";"140 812";"39 811";"27 563 216";"2024-09-06 02:23:06"
"2024-09-01";"";"40 717";"1 896";"27 561 811";"2024-09-01 16:13:06"
"2024-09-04";"";"1 166 476";"118 274";"27 561 543";"2024-09-04 09:30:07"
"2024-09-04";"";"144 090";"59 591";"27 561 562";"2024-09-04 20:41:56"
"2024-09-05";"";"170 760";"9 913";"27 562 571";"2024-09-05 04:13:06"
"2024-09-09";"VKontakte";"5 953 257";"592 287";"27 561 800";"2024-09-09 03:24:55"
"2024-09-07";"";"32 480";"4 030";"27 563 468";"2024-09-07 09:30:05"
"2024-09-07";"";"87 501";"3 843";"27 562 721";"2024-09-07 03:24:13"
"2024-09-10";"Telegram";"1 184 520";"109 522";"27 563 143";"2024-09-10 13:22:40"
"2024-09-03";"";"4 311 757";"85 587";"27 563 458";"2024-09-03 19:04:53"
"2024-09-09";"";"36 219";"18 715";"27 561 199";"2024-09-10 01:34:09"
"2024-09-07";"Telegram";"26 287";"3 202";"27 563 393";"2024-09-07 20:29:54"
"2024-09-08";"";"39 326";"48 255";"27 562 692";"2024-09-08 08:41:35"
"2024-09-02";"";"9 775 987";"534 211";"27 561 286";"2024-09-02 17:38:21"
"2024-09-01";"";"2 190";"29 738";"27 561 967";"2024-09-01 11:08:19"
"2024-09-06";"";"38 723";"21 425";"27 562 069";"2024-09-06 07:28:01"
"2024-09-04";"";"12 240";"802 363";"27 563 453";"2024-09-04 22:43:46"
"2024-09-05";"";"123 520";"678 506";"27 561 290";"2024-09-05 21:06:40"
"2024-09-02";"YouTube";"824 169";"125 171";"27 563 384";"2024-09-02 23:20:13"
"2024-09-08";"YouTube";"53 842";"18 812";"27 562 404";"2024-09-08 09:54:06"
"2024-09-04";"";"44 536";"2 988";"27 562 859";"2024-09-04 07:04:55"
"2024-09-10";"";"66 610";"4 105";"27 563 220";"2024-09-10 14:35:47"
"2024-09-01";"Telegram";"6 367 482";"1 359 917";"27 562 598";"2024-09-02 02:59:53"
"2024-09-03";"";"1 632 471";"84 267";"27 561 216";"2024-09-03 21:18:07"
"2024-09-03";"";"123 173";"29 899";"27 563 128";"2024-09-03 03:12:30"
"2024-09-02";"";"81 282";"252 462";"27 561 378";"2024-09-02 03:24:37"
"2024-09-05";"";"26 753";"8 722";"27 562 612";"2024-09-05 06:15:54"
"2024-09-04";"";"18 404";"61 384";"27 563 341";"2024-09-04 15:48:17"
"2024-09-07";"";"35 874";"182 892";"27 561 189";"2024-09-07 09:06:27"
"2024-09-10";"";"1 994 206";"38 564";"27 562 633";"2024-09-10 21:30:47"
"2024-09-07";"YouTube";"2 476 644";"175 296";"27 561 186";"2024-09-07 15:00:59"
"2024-09-06";"";"35 123";"13 049";"27 561 785";"2024-09-06 07:52:01"
"2024-09-09";"";"676 490";"42 785";"27 561 801";"2024-09-09 22:55:52"
"2024-09-10";"";"34 093";"11 929";"27 562 470";"2024-09-10 17:02:40"
"2024-09-08";"Yandex";"689 191";"52 502";"27 561 634";"2024-09-09 00:33:36"
"2024-09-10";"";"81 790";"5 250";"27 562 675";"2024-09-10 19:40:30"
"2024-09-02";"";"40 564";"3 959";"27 563 466";"2024-09-02 06:03:25"
"2024-09-04";"";"345 604";"234 269";"27 561 676";"2024-09-04 12:33:38"
"2024-09-03";"Facebook";"68 341";"14 589";"27 562 788";"2024-09-03 13:10:49"
"2024-09-06";"";"204 770";"23 459";"27 562 398";"2024-09-06 16:49:02"
"2024-09-06";"YouTube";"3 039 830";"1 613 721";"27 563 158";"2024-09-07 02:11:35"
"2024-09-02";"";"284 552";"12 094";"27 563 237";"2024-09-02 09:06:26"
"2024-09-01";"YouTube";"399 580";"161 589";"27 562 508";"2024-09-01 04:49:31"
"2024-09-01";"";"270 193";"10 546";"27 563 334";"2024-09-01 14:59:47"
"2024-09-06";"";"47 318";"2 574";"27 562 843";"2024-09-06 23:32:18"
"2024-09-10";"";"184 558";"11 672";"27 563 469";"2024-09-10 09:30:42"
"2024-09-10";"";"850 168";"112 727";"27 562 374";"2024-09-10 18:15:28"
"2024-09-09";"";"1 090 048";"486 313";"27 562 254";"2024-09-09 20:41:43"
"2024-09-07";"Facebook";"271 742";"104 879";"27 562 439";"2024-09-07 16:01:46"
"2024-09-10";"Instagram";"96 139";"3 987";"27 562 839";"2024-09-11 01:46:41"
"2024-09-07";"";"150 275";"14 035";"27 562 780";"2024-09-07 09:30:23"
"2024-09-07";"";"8 779";"27 009";"27 562 969";"2024-09-07 07:28:57"
"2024-09-07";"";"161 865";"17 338";"27 561 497";"2024-09-07 22:43:52"
"2024-09-06";"";"170 479";"9 973";"27 562 025";"2024-09-06 23:32:04"
"2024-09-03";"Facebook";"289 032";"112 622";"27 561 252";"2024-09-03 17:14:56"
"2024-09-08";"";"2 136 962";"118 018";"27 561 872";"2024-09-08 15:00:49"
"2024-09-08";"Telegram";"590 606";"65 457";"27 563 468";"2024-09-09 02:23:20"
"2024-09-08";"";"37 489";"16 660";"27 561 689";"2024-09-08 08:29:01"
"2024-09-02";"";"35 820";"108 885";"27 563 507";"2024-09-02 12:45:07"
"2024-09-07";"TikTok";"155 204";"404 224";"27 562 686";"2024-09-07 15:48:14"
"2024-09-02";"";"40 188";"5 292";"27 561 435";"2024-09-02 03:00:34"
"2024-09-04";"Instagram";"43 154 616";"1 202 102";"27 562 264";"2024-09-04 17:38:47"
"2024-09-05";"";"1 959 010";"96 712";"27 562 824";"2024-09-05 05:02:37"
"2024-09-06";"";"82 630";"2 899";"27 562 941";"2024-09-06 20:29:15"
"2024-09-07";"Instagram";"61 005";"20 643";"27 562 002";"2024-09-07 03:48:36"
"2024-09-02";"YouTube";"5 412";"26 065";"27 561 772";"2024-09-02 16:37:14"
"2024-09-05";"";"266 827";"15 404";"27 562 808";"2024-09-05 18:51:02"
"2024-09-02";"Yandex";"165 691";"6 376";"27 561 548";"2024-09-02 14:47:40"
"2024-09-01";"";"34 588";"17 763";"27 561 789";"2024-09-01 10:31:43"
"2024-09-03";"";"85 009";"6 542";"27 562 813";"2024-09-03 18:51:15"
"2024-09-10";"";"379 432";"190 606";"27 561 413";"2024-09-10 17:38:00"
"2024-09-01";"";"45 218";"6 561";"27 563 141";"2024-09-01 14:59:37"
"2024-09-04";"";"51 659";"29 523";"27 562 883";"2024-09-04 17:02:31"
"2024-09-05";"";"29 567";"5 571";"27 562 841";"2024-09-05 05:38:51"
"2024-09-09";"Facebook";"65 895";"27 662";"27 562 313";"2024-09-09 08:17:35"
"2024-09-03";"";"55 613";"22 046";"27 563 502";"2024-09-03 22:19:56"
"2024-09-02";"TikTok";"12 876";"117 013";"27 562 059";"2024-09-02 04:49:38"
"2024-09-06";"";"228 723";"50 156";"27 561 424";"2024-09-07 02:59:28"
"2024-09-07";"Instagram";"130 976 113";"2 704 693";"27 561 743";"2024-09-07 17:26:08"
"2024-09-04";"";"70 181";"19 873";"27 561 970";"2024-09-04 09:54:00"
"2024-09-06";"YouTube";"601 490";"57 726";"27 563 384";"2024-09-06 11:56:52"
"2024-09-04";"";"688 073";"15 251";"27 562 257";"2024-09-04 07:04:13"
"2024-09-02";"";"36 582 159";"1 696 889";"27 561 190";"2024-09-02 11:08:50"
"2024-09-04";"Unknown";"2 361 371";"330 770";"27 562 734";"2024-09-04 16:01:41"
"2024-09-02";"";"8 246";"94 518";"27 563 358";"2024-09-02 23:44:07"
"2024-09-10";"YouTube";"23 518 139";"1 500 363";"27 563 473";"2024-09-10 17:02:45"
"2024-09-02";"Yandex";"9 878 759";"2 328 821";"27 561 753";"2024-09-02 07:40:35"
"2024-09-10";"";"27 355";"116 945";"27 562 006";"2024-09-10 15:00:03"
"2024-09-05";"Instagram";"54 966 955";"1 579 021";"27 561 312";"2024-09-05 11:56:19"
"2024-09-10";"";"31 337";"2 424";"27 561 887";"2024-09-10 20:41:37"
"2024-09-05";"";"199 930";"3 017 328";"27 561 181";"2024-09-05 13:58:12"
"2024-09-05";"";"365 711";"47 981";"27 561 965";"2024-09-05 07:52:56"
"2024-09-02";"Facebook";"271 368";"128 110";"27 563 014";"2024-09-03 01:58:34"
"2024-09-04";"";"171 565";"49 468";"27 562 224";"2024-09-04 20:53:50"
"2024-09-01";"";"14 163";"30 012";"27 561 924";"2024-09-01 18:15:21"
"2024-09-09";"Instagram";"4 141 792";"166 354";"27 561 763";"2024-09-09 05:26:01"
"2024-09-10";"";"49 568";"19 944";"27 563 175";"2024-09-10 11:32:35"
"2024-09-10";"";"213 405";"17 018";"27 561 721";"2024-09-11 02:23:24"
"2024-09-10";"";"14 297";"33 671";"27 561 953";"2024-09-10 19:28:59"
"2024-09-05";"YouTube";"400 475";"212 868";"27 561 224";"2024-09-06 02:23:13"
"2024-09-03";"";"303 299";"20 765";"27 561 347";"2024-09-03 19:04:00"
"2024-09-03";"";"688 024";"447 840";"27 561 687";"2024-09-03 19:04:18"
"2024-09-07";"";"100 314";"4 780";"27 562 774";"2024-09-08 01:34:30"
"2024-09-03";"YouTube";"27 000";"12 001";"27 562 567";"2024-09-03 04:01:30"
"2024-09-07";"Telegram";"97 360 875";"3 831 468";"27 561 643";"2024-09-07 18:03:23"
"2024-09-05";"";"21 544";"58 142";"27 562 998";"2024-09-05 09:06:16"
"2024-09-09";"Spotify";"96 972";"9 052";"27 562 966";"2024-09-09 19:04:40"
"2024-09-07";"";"1 302 417";"1 137 027";"27 562 033";"2024-09-07 15:24:34"
"2024-09-03";"";"35 940";"4 852";"27 562 251";"2024-09-03 19:52:47"
"2024-09-07";"";"102 244";"14 205";"27 561 942";"2024-09-07 04:49:24"
"2024-09-09";"";"454 427";"53 446";"27 561 965";"2024-09-09 12:33:38"
"2024-09-01";"YouTube";"29 705";"10 032";"27 562 989";"2024-09-01 20:17:37"
"2024-09-09";"";"64 515";"42 662";"27 562 242";"2024-09-09 20:17:51"
"2024-09-06";"TikTok";"81 300";"3 513 982";"27 562 900";"2024-09-06 13:22:12"
"2024-09-08";"";"73 139 024";"4 598 711";"27 561 330";"2024-09-08 10:55:17"
"2024-09-10";"Instagram";"1 275 086";"107 470";"27 561 300";"2024-09-10 15:36:25"
"2024-09-07";"";"163 673";"12 544";"27 561 428";"2024-09-07 12:57:22"
"2024-09-04";"YouTube";"39 766 106";"1 854 673";"27 562 866";"2024-09-04 06:39:47"
"2024-09-07";"";"458 828 733";"53 509 246";"27 561 908";"2024-09-07 22:19:39"
"2024-09-07";"";"151 509";"26 920";"27 563 205";"2024-09-07 16:49:44"
"2024-09-07";"";"880 458";"151 864";"27 561 882";"2024-09-07 13:22:03"
"2024-09-10";"YouTube";"228 175 382";"12 919 365";"27 562 016";"2024-09-10 14:47:27"
"2024-09-09";"";"74 593";"286 815";"27 562 563";"2024-09-09 19:28:14"
"2024-09-01";"";"74 705";"183 583";"27 563 129";"2024-09-01 03:48:02"
"2024-09-06";"";"89 032";"4 001";"27 561 884";"2024-09-06 12:33:30"
"2024-09-08";"";"248 363";"31 321";"27 563 266";"2024-09-08 15:24:36"
"2024-09-09";"";"232 408";"18 214";"27 563 186";"2024-09-09 17:02:46"
"2024-09-05";"Telegram";"574 318 259";"30 194 203";"27 563 267";"2024-09-05 09:42:04"
"2024-09-01";"";"995 521";"90 973";"27 561 680";"2024-09-01 17:14:04"
"2024-09-03";"Unknown";"4 031 890";"2 532 879";"27 563 289";"2024-09-03 04:49:07"
"2024-09-04";"";"23 166";"124 299";"27 562 878";"2024-09-04 12:45:34"
"2024-09-04";"Facebook";"1 590 062";"512 560";"27 563 445";"2024-09-04 09:42:26"
"2024-09-04";"";"522 240";"1 393 735";"27 561 485";"2024-09-04 10:55:19"
"2024-09-01";"";"61 480";"25 170";"27 563 391";"2024-09-01 13:10:26"
"2024-09-03";"";"238 204";"291 451";"27 562 352";"2024-09-04 02:35:16"
"2024-09-07";"";"31 589 259";"679 373";"27 562 646";"2024-09-07 11:32:06"
"2024-09-10";"WhatsApp";"25 156 458";"26 970 828";"27 563 128";"2024-09-10 09:06:52"
"2024-09-02";"";"415 491";"85 260";"27 563 317";"2024-09-02 18:51:27"
"2024-09-05";"";"73 370 050";"3 187 383";"27 561 867";"2024-09-05 04:13:34"
"2024-09-08";"YouTube";"79 833";"343 188";"27 562 633";"2024-09-09 00:21:30"
"2024-09-05";"";"114 989";"101 132";"27 561 233";"2024-09-05 04:01:01"
"2024-09-06";"";"59 298";"62 113";"27 562 126";"2024-09-06 22:31:14"
"2024-09-08";"";"230 846";"5 357";"27 562 527";"2024-09-08 22:43:22"
"2024-09-01";"Instagram";"2 074 702";"1 560 463";"27 561 983";"2024-09-01 08:05:51"
"2024-09-06";"";"430 516";"38 225";"27 563 469";"2024-09-07 00:21:07"
"2024-09-10";"";"498 082";"95 365";"27 561 339";"2024-09-11 02:47:54"
"2024-09-01";"WhatsApp";"1 213 174";"154 606";"27 562 905";"2024-09-01 23:20:57"
"2024-09-07";"";"29 126";"12 113";"27 563 305";"2024-09-07 10:19:52"
"2024-09-02";"";"916 242";"378 861";"27 562 800";"2024-09-02 18:03:51"
"2024-09-04";"YouTube";"209 489";"84 540";"27 563 390";"2024-09-04 08:29:00"
"2024-09-07";"";"1 932 898";"2 996 996";"27 563 066";"2024-09-07 09:54:38"
"2024-09-08";"Instagram";"117 865 570";"2 378 579";"27 563 491";"2024-09-09 00:09:41"
"2024-09-02";"";"27 414";"2 499";"27 562 156";"2024-09-02 12:33:59"
"2024-09-07";"";"547 178";"120 405";"27 561 352";"2024-09-08 02:23:15"
"2024-09-06";"VKontakte";"1 868 609";"1 091 175";"27 562 861";"2024-09-06 11:44:17"
"2024-09-03";"";"7 153 333";"293 338";"27 562 906";"2024-09-04 02:11:06"
"2024-09-08";"";"23 453 529";"2 438 345";"27 561 884";"2024-09-08 05:14:18"
"2024-09-10";"";"954 057";"41 336";"27 562 239";"2024-09-10 20:53:53"
"2024-09-01";"";"28 399";"8 860";"27 562 318";"2024-09-01 14:59:12"
"2024-09-07";"YouTube";"6 672";"42 487";"27 563 418";"2024-09-07 10:19:11"
"2024-09-08";"";"254 708";"170 604";"27 563 334";"2024-09-08 11:32:53"
"2024-09-08";"Telegram";"156 522 042";"9 034 284";"27 562 693";"2024-09-08 09:06:43"
"2024-09-10";"";"183 835";"10 868";"27 562 364";"2024-09-10 18:03:27"
"2024-09-05";"Facebook";"851 915";"76 218";"27 561 952";"2024-09-05 08:53:41"
"2024-09-10";"Telegram";"14 338 741";"822 499";"27 562 416";"2024-09-10 11:20:52"
"2024-09-10";"";"177 442";"77 006";"27 563 507";"2024-09-10 03:48:24"
"2024-09-02";"";"1 145 041";"51 344";"27 562 140";"2024-09-02 12:45:23"
"2024-09-01";"YouTube";"437 141";"29 958";"27 562 037";"2024-09-01 14:59:50"
"2024-09-07";"";"29 767";"22 281";"27 563 096";"2024-09-07 19:28:40"
"2024-09-09";"";"11 211";"45 336";"27 563 122";"2024-09-09 06:27:25"
"2024-09-05";"";"226 451";"92 953";"27 562 550";"2024-09-05 15:24:14"
"2024-09-06";"";"922 307";"45 649";"27 561 775";"2024-09-06 15:36:19"
"2024-09-06";"";"36 075";"6 406";"27 563 419";"2024-09-06 04:01:04"
"2024-09-05";"";"134 192";"51 744";"27 562 098";"2024-09-05 11:56:59"
"2024-09-06";"Facebook";"56 110 464";"22 314 080";"27 561 887";"2024-09-06 11:44:45"
"2024-09-01";"Telegram";"301 252";"26 169";"27 562 044";"2024-09-01 16:01:34"
"2024-09-01";"Telegram";"87 347";"20 394";"27 562 309";"2024-09-01 08:41:57"
"2024-09-06";"";"332 742";"46 922";"27 562 622";"2024-09-06 11:44:16"
"2024-09-02";"";"26 254";"21 125";"27 561 706";"2024-09-02 06:39:53"
"2024-09-08";"";"62 172";"37 721";"27 562 392";"2024-09-08 08:53:38"
"2024-09-08";"";"18 720 811";"2 726 413";"27 563 266";"2024-09-08 11:44:32"
"2024-09-03";"";"413 936";"83 493";"27 562 474";"2024-09-03 08:29:54"
"2024-09-01";"";"468 226";"262 094";"27 563 143";"2024-09-01 03:00:43"
"2024-09-01";"";"28 796";"15 032";"27 563 033";"2024-09-01 07:28:18"
"2024-09-01";"Facebook";"200 850";"16 891";"27 562 175";"2024-09-01 16:01:17"
"2024-09-02";"WhatsApp";"4 280 581";"562 941";"27 561 792";"2024-09-02 13:22:15"
"2024-09-09";"";"134 578";"3 583";"27 562 656";"2024-09-09 20:41:01"
"2024-09-03";"Telegram";"350 535 225";"21 253 738";"27 563 189";"2024-09-03 22:43:49"
"2024-09-06";"";"2 771 436";"89 517";"27 562 559";"2024-09-06 12:33:49"
"2024-09-02";"Telegram";"60 704 229";"4 769 121";"27 562 257";"2024-09-02 09:30:13"
"2024-09-06";"";"488 067";"574 572";"27 561 306";"2024-09-06 18:39:06"
"2024-09-08";"Unknown";"122 111";"118 605";"27 563 205";"2024-09-08 23:56:07"
"2024-09-10";"Facebook";"200 794";"88 901";"27 561 809";"2024-09-10 18:15:16"
"2024-09-07";"";"277 576";"11 494";"27 563 242";"2024-09-07 17:50:10"
"2024-09-01";"Instagram";"146 591 559";"4 880 955";"27 561 744";"2024-09-01 21:54:25"
"2024-09-04";"Telegram";"19 361 057";"2 011 268";"27 563 069";"2024-09-04 16:25:03"
"2024-09-10";"Telegram";"154 581 229";"15 163 570";"27 562 357";"2024-09-11 02:59:47"
"2024-09-04";"";"78 618";"2 564";"27 561 682";"2024-09-04 17:02:31"
"2024-09-07";"Unknown";"29 219";"2 914";"27 562 931";"2024-09-08 00:33:21"
"2024-09-08";"Yandex";"144 627";"84 564";"27 561 737";"2024-09-08 18:51:11"
"2024-09-03";"";"27 695";"5 396";"27 562 696";"2024-09-03 22:31:30"
"2024-09-02";"YouTube";"272 120";"36 428";"27 562 047";"2024-09-02 07:28:25"
"2024-09-01";"";"27 288";"1 337";"27 563 199";"2024-09-01 20:05:46"
"2024-09-02";"";"232 155";"21 961";"27 561 884";"2024-09-02 07:16:21"
"2024-09-03";"";"28 443";"3 722";"27 563 463";"2024-09-03 08:05:21"
"2024-09-03";"";"34 718";"2 126";"27 561 690";"2024-09-03 07:04:08"
"2024-09-02";"";"352 899";"86 114";"27 562 771";"2024-09-02 08:53:10"
"2024-09-01";"";"2 931 671";"1 138 912";"27 561 534";"2024-09-01 18:03:25"
"2024-09-04";"";"2 027 858";"222 497";"27 563 059";"2024-09-04 22:55:03"
"2024-09-07";"";"42 493";"2 091";"27 562 803";"2024-09-07 19:04:25"
"2024-09-10";"";"822 458";"213 463";"27 562 673";"2024-09-10 12:21:39"
"2024-09-08";"";"243 604";"447 336";"27 561 743";"2024-09-08 07:40:09"
"2024-09-10";"";"464 154";"19 050";"27 563 187";"2024-09-10 15:24:32"
"2024-09-03";"Telegram";"666 087";"95 530";"27 561 944";"2024-09-03 04:37:56"
"2024-09-09";"";"50 670";"21 526";"27 561 597";"2024-09-09 07:16:01"
"2024-09-09";"";"330 854";"16 987";"27 563 088";"2024-09-09 12:21:58"
"2024-09-05";"";"206 933";"97 811";"27 562 862";"2024-09-05 19:04:47"
"2024-09-05";"";"14 258";"28 602";"27 561 354";"2024-09-05 23:20:08"
"2024-09-06";"Instagram";"1 185 501";"94 077";"27 562 289";"2024-09-06 21:18:15"
"2024-09-03";"Telegram";"1 816 760";"233 992";"27 561 600";"2024-09-03 03:12:47"
"2024-09-01";"";"472 749";"22 994";"27 562 674";"2024-09-02 02:23:37"
"2024-09-08";"YouTube";"265 777 112";"12 884 917";"27 561 470";"2024-09-09 00:09:40"
"2024-09-07";"";"752 237";"31 333";"27 561 950";"2024-09-07 21:30:35"
"2024-09-04";"Facebook";"19 745 856";"443 185";"27 561 958";"2024-09-04 04:01:50"
"2024-09-07";"YouTube";"5 098 833";"276 374";"27 563 036";"2024-09-08 02:47:52"
"2024-09-08";"";"353 915";"16 891";"27 562 593";"2024-09-08 09:06:48"
"2024-09-03";"";"26 765 236";"1 548 138";"27 561 850";"2024-09-04 01:34:53"
"2024-09-01";"";"127 696";"126 724";"27 561 628";"2024-09-01 23:20:24"
"2024-09-05";"";"1 767 644";"263 699";"27 562 850";"2024-09-05 10:43:33"
"2024-09-08";"";"500 107";"45 471";"27 562 203";"2024-09-08 13:58:55"
"2024-09-02";"";"11 349 911";"3 549 698";"27 562 941";"2024-09-02 04:49:16"
"2024-09-06";"";"50 587";"4 241";"27 561 362";"2024-09-06 15:48:08"
"2024-09-08";"YouTube";"295 295 478";"15 155 323";"27 562 527";"2024-09-08 04:01:48"
"2024-09-03";"";"1 976 466";"95 274";"27 562 800";"2024-09-03 15:00:17"
"2024-09-08";"";"1 644 837";"129 796";"27 562 889";"2024-09-08 04:13:46"
"2024-09-02";"";"333 189";"264 898";"27 563 031";"2024-09-02 10:07:40"
"2024-09-02";"YouTube";"375 924";"4 184 283";"27 562 063";"2024-09-02 18:27:02"
"2024-09-07";"YouTube";"453 374";"174 123";"27 562 417";"2024-09-07 20:17:34"
"2024-09-04";"";"53 160";"8 869";"27 561 596";"2024-09-04 16:49:20"
"2024-09-08";"";"250 413";"18 164";"27 562 795";"2024-09-08 20:17:45"
"2024-09-03";"";"159 370";"10 680";"27 562 656";"2024-09-03 13:10:20"
"2024-09-05";"";"724 200";"142 420";"27 561 992";"2024-09-05 07:40:26"
"2024-09-06";"";"309 155";"140 816";"27 562 890";"2024-09-06 22:31:59"
"2024-09-10";"";"89 805";"97 583";"27 561 378";"2024-09-10 23:08:13"
"2024-09-08";"";"87 896";"6 695";"27 562 527";"2024-09-08 10:31:45"
"2024-09-06";"";"1 254";"57 922";"27 563 042";"2024-09-06 19:16:51"
"2024-09-08";"Instagram";"5 581 067";"4 301 511";"27 562 752";"2024-09-08 05:38:05"
"2024-09-04";"Tas-ix";"86 428";"6 264";"27 561 815";"2024-09-04 07:52:26"
"2024-09-02";"";"50 470";"207 141";"27 561 655";"2024-09-02 22:31:56"
"2024-09-01";"";"78 536";"6 174";"27 562 330";"2024-09-01 17:50:07"
"2024-09-10";"";"143 292";"11 237";"27 562 590";"2024-09-10 20:29:45"
"2024-09-02";"";"585 361";"505 944";"27 562 560";"2024-09-02 04:25:53"
"2024-09-10";"YouTube";"11 620 116";"556 378";"27 562 289";"2024-09-11 01:34:24"
"2024-09-10";"";"301 493";"180 793";"27 563 096";"2024-09-10 09:06:22"
"2024-09-06";"Facebook";"255 014";"17 701";"27 562 711";"2024-09-06 06:15:27"
"2024-09-01";"Likee";"239 816";"56 556";"27 561 231";"2024-09-01 23:32:23"
"2024-09-08";"";"107 835 530";"7 620 231";"27 562 300";"2024-09-08 20:41:37"
"2024-09-08";"";"176 643";"96 891";"27 563 371";"2024-09-08 09:54:35"
"2024-09-10";"";"3 936 561";"200 954";"27 561 401";"2024-09-10 14:35:35"
"2024-09-07";"";"117 015";"6 106";"27 563 079";"2024-09-07 04:01:31"
"2024-09-07";"YouTube";"1 803 059";"115 761";"27 561 844";"2024-09-07 23:20:48"
"2024-09-01";"Unknown";"40 878";"6 993";"27 563 074";"2024-09-01 18:51:58"
"2024-09-04";"Unknown";"8 466";"32 417";"27 562 502";"2024-09-04 14:23:48"
"2024-09-07";"";"526 109";"31 444";"27 563 450";"2024-09-07 12:33:55"
"2024-09-05";"";"515 871";"15 957";"27 563 141";"2024-09-05 15:48:38"
"2024-09-01";"Instagram";"18 036 812";"520 070";"27 562 311";"2024-09-01 13:22:48"
"2024-09-07";"Telegram";"458 024";"46 773";"27 561 341";"2024-09-07 08:17:07"
"2024-09-07";"";"258 065";"315 389";"27 562 800";"2024-09-08 01:34:34"
"2024-09-03";"";"43 182";"3 005";"27 561 623";"2024-09-03 14:47:41"
"2024-09-07";"Facebook";"170 062";"20 306";"27 563 084";"2024-09-07 03:48:43"
"2024-09-08";"Telegram";"61 563 162";"3 519 694";"27 561 825";"2024-09-08 19:16:08"
"2024-09-07";"";"97 902";"478 375";"27 561 578";"2024-09-07 16:37:02"
"2024-09-10";"";"86 698";"14 896";"27 563 436";"2024-09-10 05:14:55"
"2024-09-09";"";"30 738";"2 770";"27 562 762";"2024-09-09 07:28:35"
"2024-09-09";"";"256 479";"12 847";"27 563 290";"2024-09-10 01:46:53"
"2024-09-08";"";"42 849";"3 706";"27 562 778";"2024-09-08 22:55:45"
"2024-09-10";"";"818 195";"393 492";"27 563 458";"2024-09-11 02:47:56"
"2024-09-05";"Instagram";"4 725 563";"173 655";"27 562 747";"2024-09-05 05:38:32"
"2024-09-05";"Unknown";"3 878 007";"272 138";"27 562 668";"2024-09-05 20:05:41"
"2024-09-04";"";"224 566";"28 026";"27 563 300";"2024-09-04 19:52:05"
"2024-09-05";"";"82 871";"6 226";"27 562 041";"2024-09-05 12:57:50"
"2024-09-04";"";"2 524 206";"113 727";"27 563 460";"2024-09-05 00:33:39"
"2024-09-10";"";"153 519";"28 940";"27 561 484";"2024-09-10 14:59:24"
"2024-09-09";"Yandex";"615 013";"35 599";"27 562 845";"2024-09-09 23:32:26"
"2024-09-03";"WhatsApp";"26 491";"3 534";"27 563 366";"2024-09-03 04:25:00"
"2024-09-03";"";"52 803";"3 056";"27 562 230";"2024-09-03 14:59:18"
"2024-09-07";"";"69 279";"4 862";"27 562 497";"2024-09-07 08:41:21"
"2024-09-03";"";"15 528";"27 425";"27 562 878";"2024-09-03 20:53:09"
"2024-09-01";"Instagram";"1 399 407";"721 236";"27 563 033";"2024-09-01 06:03:26"
"2024-09-09";"";"2 549 588";"1 207 577";"27 562 998";"2024-09-09 16:25:11"
"2024-09-10";"";"1 114 197";"49 322";"27 562 759";"2024-09-11 02:59:55"
"2024-09-09";"";"42 389";"3 139";"27 561 893";"2024-09-09 03:48:35"
"2024-09-10";"";"149 446";"5 202";"27 561 983";"2024-09-10 19:28:46"
"2024-09-03";"YouTube";"5 488 066";"1 715 089";"27 563 336";"2024-09-03 14:35:31"
"2024-09-08";"Telegram";"68 289 449";"8 258 099";"27 563 394";"2024-09-08 07:28:55"
"2024-09-05";"";"60 905";"15 465";"27 561 314";"2024-09-05 05:50:43"
"2024-09-05";"";"27 612";"1 639";"27 562 144";"2024-09-05 22:31:52"
"2024-09-08";"";"48 723";"9 551";"27 562 544";"2024-09-08 05:14:42"
"2024-09-07";"Instagram";"136 598 286";"1 739 196";"27 562 982";"2024-09-07 21:42:14"
"2024-09-03";"";"55 492 805";"4 058 651";"27 563 240";"2024-09-03 19:16:14"
"2024-09-05";"";"15 390 570";"503 970";"27 561 867";"2024-09-05 15:00:05"
"2024-09-02";"Yandex";"32 479";"37 100";"27 561 266";"2024-09-02 06:39:35"
"2024-09-01";"";"130 213";"5 480";"27 561 883";"2024-09-02 00:33:36"
"2024-09-08";"";"104 384";"5 727";"27 562 102";"2024-09-09 02:11:21"
"2024-09-05";"";"680 091";"121 861";"27 563 153";"2024-09-05 19:52:39"
"2024-09-07";"";"184 380";"11 418";"27 562 211";"2024-09-07 09:18:37"
"2024-09-02";"";"2 328 342";"106 658";"27 562 792";"2024-09-02 11:20:50"
"2024-09-04";"";"126 620";"24 694";"27 561 338";"2024-09-04 21:54:13"
"2024-09-09";"YouTube";"2 886";"36 739";"27 563 384";"2024-09-09 04:25:36"
"2024-09-10";"";"887 145";"680 088";"27 562 365";"2024-09-10 12:33:12"
"2024-09-01";"";"234 962";"39 339";"27 561 898";"2024-09-01 08:41:43"
"2024-09-01";"Yandex";"1 171 303";"73 534";"27 561 887";"2024-09-01 08:17:28"
"2024-09-05";"";"0";"160 006";"27 562 468";"2024-09-06 01:46:40"
"2024-09-08";"Facebook";"134 655";"10 730";"27 563 198";"2024-09-08 20:05:13"
"2024-09-07";"";"65 754";"14 534";"27 562 942";"2024-09-07 11:08:22"
"2024-09-07";"";"136 827";"27 568";"27 562 352";"2024-09-07 22:55:23"
"2024-09-05";"";"3 957 969";"141 366";"27 563 351";"2024-09-05 18:15:13"
"2024-09-02";"";"1 962 386";"65 223";"27 563 219";"2024-09-02 20:29:56"
"2024-09-06";"YouTube";"37 662";"10 473";"27 563 109";"2024-09-06 18:15:01"
"2024-09-07";"";"196 934";"38 768";"27 562 617";"2024-09-08 01:22:17"
"2024-09-08";"";"3 661 130";"202 181";"27 561 454";"2024-09-08 10:31:53"
"2024-09-06";"Facebook";"125 347";"10 370";"27 561 801";"2024-09-07 00:57:37"
"2024-09-10";"";"1 610";"102 489";"27 562 628";"2024-09-10 14:59:20"
"2024-09-03";"";"34 582";"3 688";"27 561 689";"2024-09-03 17:50:22"
"2024-09-06";"";"35 211";"19 385";"27 561 457";"2024-09-06 23:56:05"
"2024-09-02";"";"115 714";"6 020";"27 563 326";"2024-09-02 09:54:17"
"2024-09-10";"";"63 993";"27 086";"27 561 380";"2024-09-11 02:59:10"
"2024-09-10";"";"27 559";"22 160";"27 561 760";"2024-09-10 18:39:17"
"2024-09-09";"";"84 473";"7 374";"27 562 590";"2024-09-10 02:47:18"
"2024-09-06";"";"105 359";"4 103";"27 561 410";"2024-09-07 01:22:14"
"2024-09-09";"";"99 122";"244 534";"27 561 921";"2024-09-09 03:36:16"
"2024-09-05";"";"5 309 578";"79 336";"27 561 714";"2024-09-05 05:14:09"
"2024-09-05";"";"1 384 078";"44 460";"27 561 708";"2024-09-05 13:58:05"
"2024-09-06";"";"937 171";"552 245";"27 562 591";"2024-09-06 03:36:14"
"2024-09-09";"";"320 450";"15 521";"27 561 612";"2024-09-09 22:31:59"
"2024-09-06";"";"56 742";"16 184";"27 562 505";"2024-09-06 17:26:09"
"2024-09-02";"Telegram";"3 340 123";"230 967";"27 561 965";"2024-09-02 13:10:10"
"2024-09-01";"";"39 764";"11 073";"27 563 462";"2024-09-01 08:17:28"
"2024-09-03";"YouTube";"4 894 278";"268 810";"27 561 221";"2024-09-03 19:28:30"
"2024-09-02";"";"158 266";"301 009";"27 562 656";"2024-09-02 14:35:32"
"2024-09-09";"Instagram";"1 303 298";"2 182 349";"27 562 850";"2024-09-09 10:07:56"
"2024-09-03";"";"11 217 870";"656 777";"27 562 566";"2024-09-04 02:47:06"
"2024-09-04";"";"303 469";"20 216";"27 563 512";"2024-09-05 00:45:56"
"2024-09-03";"Instagram";"564 886";"107 192";"27 562 009";"2024-09-03 09:18:00"
"2024-09-05";"Yandex";"78 746";"31 629";"27 562 590";"2024-09-06 02:35:23"
"2024-09-04";"Facebook";"35 242";"6 551";"27 562 436";"2024-09-04 12:33:57"
"2024-09-04";"Telegram";"50 683 365";"2 140 442";"27 561 686";"2024-09-05 02:47:58"
"2024-09-05";"";"96 779";"6 074";"27 562 330";"2024-09-05 16:13:08"
"2024-09-04";"";"95 482";"347 928";"27 561 284";"2024-09-04 13:10:54"
"2024-09-01";"";"216 942";"66 812";"27 561 384";"2024-09-01 05:14:17"
"2024-09-02";"";"1 123 441";"17 667";"27 562 317";"2024-09-02 07:28:11"
"2024-09-05";"";"196 008";"10 139";"27 563 022";"2024-09-05 14:47:21"
"2024-09-01";"";"86 900 777";"2 112 080";"27 561 420";"2024-09-01 04:37:28"
"2024-09-05";"";"3 309 034";"223 184";"27 562 117";"2024-09-05 21:18:42"
"2024-09-02";"Instagram";"60 210 042";"1 902 087";"27 562 679";"2024-09-02 12:09:01"
"2024-09-03";"";"231 875";"11 657";"27 562 856";"2024-09-03 07:52:35"
"2024-09-08";"Instagram";"53 215";"7 117";"27 561 335";"2024-09-08 23:32:03"
"2024-09-10";"";"2 110 063";"118 657";"27 562 613";"2024-09-10 11:20:27"
"2024-09-07";"";"50 363";"16 140";"27 562 800";"2024-09-08 02:23:05"
"2024-09-08";"";"6 054 105";"385 484";"27 562 835";"2024-09-08 08:29:15"
"2024-09-07";"Telegram";"5 655 524";"515 290";"27 562 115";"2024-09-07 09:54:28"
"2024-09-07";"";"305 196";"26 925";"27 562 445";"2024-09-07 12:21:21"
"2024-09-02";"";"1 871 036";"245 558";"27 563 225";"2024-09-02 13:34:45"
"2024-09-02";"YouTube";"378 714";"500 526";"27 562 504";"2024-09-02 03:00:32"
"2024-09-08";"";"519 980";"138 163";"27 561 666";"2024-09-08 18:03:41"
"2024-09-01";"";"203 193";"8 758";"27 562 864";"2024-09-01 10:31:19"
"2024-09-08";"";"3 548 804";"187 529";"27 562 094";"2024-09-08 16:13:43"
"2024-09-03";"";"53 104";"6 815";"27 561 845";"2024-09-03 18:39:59"
"2024-09-06";"";"63 364";"26 150";"27 562 207";"2024-09-06 21:54:55"
"2024-09-06";"";"87 811";"101 380";"27 561 543";"2024-09-07 02:11:31"
"2024-09-03";"";"70 472";"6 913";"27 562 545";"2024-09-03 12:45:53"
"2024-09-08";"";"19 812 884";"952 907";"27 562 545";"2024-09-08 10:31:57"
"2024-09-10";"";"114 391";"406 590";"27 561 742";"2024-09-10 16:01:49"
"2024-09-03";"";"111 955";"13 053";"27 561 680";"2024-09-03 19:28:50"
"2024-09-05";"TikTok";"735 546";"436 344";"27 562 812";"2024-09-05 21:30:18"
"2024-09-09";"";"35 703";"21 916";"27 561 301";"2024-09-09 22:19:36"
"2024-09-02";"YouTube";"93 545";"428 770";"27 562 099";"2024-09-02 06:15:03"
"2024-09-08";"";"50 662";"8 252";"27 562 788";"2024-09-08 21:54:49"
"2024-09-05";"";"975 554";"222 576";"27 562 316";"2024-09-05 05:50:41"
"2024-09-09";"";"485 923";"26 608";"27 561 426";"2024-09-09 14:11:25"
"2024-09-03";"";"125 954";"72 786";"27 563 059";"2024-09-03 23:20:07"
"2024-09-04";"";"194 673";"134 469";"27 563 369";"2024-09-04 09:42:51"
"2024-09-07";"";"79 483";"63 327";"27 561 207";"2024-09-07 13:10:48"
"2024-09-09";"";"128 875";"70 667";"27 562 799";"2024-09-09 09:42:15"
"2024-09-04";"";"978 390";"75 011";"27 562 437";"2024-09-04 20:41:34"
"2024-09-01";"";"834 520";"45 765";"27 562 968";"2024-09-01 16:25:42"
"2024-09-04";"";"30 918";"28 552";"27 562 518";"2024-09-05 01:10:54"
"2024-09-05";"";"26 514";"26 597";"27 563 207";"2024-09-06 02:11:51"
"2024-09-09";"";"420";"91 262";"27 561 181";"2024-09-09 05:02:16"
"2024-09-01";"";"29 925";"14 859";"27 562 800";"2024-09-01 03:24:27"
"2024-09-05";"";"84 093";"67 442";"27 563 048";"2024-09-06 02:35:15"
"2024-09-07";"TikTok";"1 916";"63 824";"27 561 367";"2024-09-07 07:40:57"
"2024-09-08";"";"14 236";"26 220";"27 562 754";"2024-09-08 19:16:44"
"2024-09-10";"";"1 604 631";"79 736";"27 561 171";"2024-09-11 02:47:43"
"2024-09-06";"";"84 231";"2 801";"27 561 459";"2024-09-06 11:32:30"
"2024-09-01";"";"13 235 965";"272 598";"27 563 076";"2024-09-01 22:43:25"
"2024-09-08";"";"813 757";"179 025";"27 562 427";"2024-09-09 01:22:27"
"2024-09-10";"";"569 053";"445 731";"27 561 971";"2024-09-10 19:04:07"
"2024-09-09";"YouTube";"1 384 669";"118 370";"27 562 047";"2024-09-09 18:39:30"
"2024-09-04";"";"453 150";"98 422";"27 561 666";"2024-09-04 07:52:55"
"2024-09-10";"Instagram";"265 632";"38 175";"27 563 285";"2024-09-10 18:27:38"
"2024-09-09";"";"27 793";"27 183";"27 561 298";"2024-09-09 19:16:09"
"2024-09-07";"Telegram";"122 920 383";"6 156 035";"27 562 752";"2024-09-07 05:38:44"
"2024-09-04";"";"30 651";"8 409";"27 561 361";"2024-09-04 15:00:30"
"2024-09-02";"";"940 497";"318 009";"27 562 622";"2024-09-02 21:06:45"
"2024-09-06";"";"624 809";"74 327";"27 562 102";"2024-09-06 19:16:31"
"2024-09-02";"";"2 480 663";"161 622";"27 562 693";"2024-09-02 08:05:22"
"2024-09-03";"";"31 410";"2 546";"27 562 453";"2024-09-03 23:56:39"
"2024-09-03";"Instagram";"1 211 624";"33 569";"27 562 280";"2024-09-03 04:13:31"
"2024-09-02";"";"25 853";"5 987";"27 562 041";"2024-09-02 19:40:18"
"2024-09-07";"";"897 260";"931 633";"27 561 802";"2024-09-08 00:33:48"
"2024-09-03";"Telegram";"35 763 920";"3 076 799";"27 563 424";"2024-09-03 10:19:27"
"2024-09-09";"";"137 377";"92 933";"27 561 826";"2024-09-09 09:30:23"
"2024-09-06";"";"117 476";"120 725";"27 562 721";"2024-09-06 04:01:42"
"2024-09-07";"";"80 947";"34 228";"27 561 449";"2024-09-08 02:35:11"
"2024-09-07";"";"261 625";"48 855";"27 561 862";"2024-09-07 19:40:44"
"2024-09-06";"Instagram";"25 415 527";"658 211";"27 563 419";"2024-09-06 21:18:37"
"2024-09-06";"Instagram";"609 354";"91 769";"27 562 524";"2024-09-06 14:23:51"
"2024-09-08";"Facebook";"2 114 922";"141 225";"27 561 690";"2024-09-08 06:27:01"
"2024-09-10";"";"51 242";"3 177";"27 562 601";"2024-09-10 14:59:04"
"2024-09-05";"";"28 210";"9 981";"27 562 458";"2024-09-05 10:31:21"
"2024-09-09";"YouTube";"171 762";"9 696";"27 562 506";"2024-09-09 21:18:14"
"2024-09-02";"";"159 219";"19 614";"27 561 712";"2024-09-02 12:33:48"
"2024-09-10";"";"1 312 693";"103 224";"27 562 892";"2024-09-10 16:37:59"
"2024-09-05";"";"296 322";"97 833";"27 562 620";"2024-09-05 06:15:41"
"2024-09-10";"";"485 746";"44 422";"27 562 624";"2024-09-10 11:08:21"
"2024-09-06";"";"34 768";"15 985";"27 562 454";"2024-09-06 20:53:27"
"2024-09-07";"Instagram";"1 506 315";"87 474";"27 562 328";"2024-09-08 00:09:37"
"2024-09-08";"Telegram";"2 376 269";"150 584";"27 561 982";"2024-09-08 16:13:08"
"2024-09-03";"";"88 748";"32 699";"27 561 898";"2024-09-03 10:07:14"
"2024-09-09";"";"136 457";"7 268";"27 561 974";"2024-09-09 16:25:57"
"2024-09-08";"";"127 959";"39 200";"27 562 445";"2024-09-09 02:59:51"
"2024-09-08";"YouTube";"463 865";"1 671 383";"27 563 100";"2024-09-08 19:28:52"
"2024-09-05";"";"677 025";"25 243";"27 562 447";"2024-09-05 07:28:02"
"2024-09-10";"";"176 100";"10 054";"27 561 830";"2024-09-10 13:34:01"
"2024-09-01";"";"7 525";"26 547";"27 562 609";"2024-09-01 19:52:40"
"2024-09-09";"";"337 127";"21 644";"27 563 430";"2024-09-09 22:31:47"
"2024-09-03";"";"3 425 589";"57 744";"27 561 884";"2024-09-04 00:33:33"
"2024-09-02";"";"1 271 547";"269 559";"27 562 906";"2024-09-02 21:06:51"
"2024-09-06";"";"187 388";"14 200";"27 561 884";"2024-09-06 15:48:35"
"2024-09-08";"";"76 634";"52 502";"27 562 127";"2024-09-08 19:16:31"
"2024-09-06";"";"1 466 194";"85 361";"27 562 025";"2024-09-06 06:15:35"
"2024-09-08";"Instagram";"2 689 919";"787 198";"27 563 153";"2024-09-09 00:57:31"
"2024-09-02";"";"228 421";"60 618";"27 561 752";"2024-09-02 10:19:10"
"2024-09-09";"Facebook";"3 666 063";"87 038";"27 562 499";"2024-09-09 08:41:31"
"2024-09-08";"";"2 425 961";"105 891";"27 562 965";"2024-09-08 23:32:58"
"2024-09-04";"Instagram";"6 945 312";"11 511 399";"27 562 993";"2024-09-04 18:51:07"
"2024-09-09";"";"140 133";"4 220 065";"27 561 573";"2024-09-10 01:58:41"
"2024-09-08";"Yandex";"1 260 774";"438 548";"27 562 912";"2024-09-08 05:02:13"
"2024-09-02";"";"26 869";"10 453";"27 562 716";"2024-09-02 05:02:13"
"2024-09-07";"";"27 979";"26 264";"27 561 884";"2024-09-07 06:03:02"
"2024-09-07";"";"8 341 287";"1 118 375";"27 562 002";"2024-09-07 17:02:36"
"2024-09-02";"";"357 261";"93 833";"27 561 741";"2024-09-02 17:14:10"
"2024-09-04";"Telegram";"618 457 196";"33 659 021";"27 562 642";"2024-09-04 04:37:02"
"2024-09-09";"WhatsApp";"23 976 637";"20 786 298";"27 562 066";"2024-09-09 10:55:29"
"2024-09-01";"Telegram";"3 021 038";"286 255";"27 561 379";"2024-09-02 00:33:12"
"2024-09-06";"Facebook";"76 505";"43 007";"27 561 501";"2024-09-06 19:52:55"
"2024-09-08";"";"120 860";"25 137";"27 562 624";"2024-09-08 08:17:19"
"2024-09-10";"";"151 163";"98 976";"27 562 039";"2024-09-10 14:59:41"
"2024-09-04";"";"45 309";"14 640";"27 562 034";"2024-09-05 00:09:59"
"2024-09-08";"PUBG";"69 157 666";"2 039 684";"27 563 419";"2024-09-08 09:30:13"
"2024-09-04";"Telegram";"354 757";"19 212";"27 561 250";"2024-09-04 04:49:19"
"2024-09-02";"";"619 929";"210 258";"27 563 507";"2024-09-02 06:27:21"
"2024-09-04";"YouTube";"154 251";"731 049";"27 561 350";"2024-09-04 15:00:33"
"2024-09-09";"Facebook";"29 760";"7 198";"27 562 340";"2024-09-10 01:58:09"
"2024-09-02";"Yandex";"367 148";"10 846";"27 561 243";"2024-09-02 21:54:59"
"2024-09-07";"";"113 750";"98 867";"27 563 203";"2024-09-07 04:37:26"
"2024-09-03";"";"282 058";"99 874";"27 562 354";"2024-09-03 23:32:39"
"2024-09-08";"";"27 215";"11 473";"27 561 337";"2024-09-08 03:48:26"
"2024-09-04";"";"91 105";"6 350";"27 562 808";"2024-09-04 18:15:14"
"2024-09-09";"";"27 867";"7 536";"27 561 460";"2024-09-09 06:03:54"
"2024-09-06";"TikTok";"238 625";"2 054 792";"27 562 204";"2024-09-06 04:37:14"
"2024-09-04";"Odnoklassniki";"1 929 074";"763 600";"27 563 424";"2024-09-04 21:54:46"
"2024-09-02";"Telegram";"14 071 584";"3 154 491";"27 561 289";"2024-09-02 06:15:00"
"2024-09-03";"";"6 144 977";"243 702";"27 562 608";"2024-09-04 02:59:46"
"2024-09-09";"Yandex";"5 358 674";"356 518";"27 563 211";"2024-09-09 03:12:31"
"2024-09-08";"";"83 691";"216 793";"27 563 107";"2024-09-08 07:04:04"
"2024-09-09";"Instagram";"3 514 201";"4 460 122";"27 561 570";"2024-09-09 14:23:03"
"2024-09-05";"Instagram";"669 729";"21 544";"27 563 062";"2024-09-05 04:13:12"
"2024-09-03";"Yandex Video";"754 484";"21 420";"27 562 847";"2024-09-03 11:44:19"
"2024-09-05";"Telegram";"8 923 898";"572 818";"27 562 644";"2024-09-05 15:36:47"
"2024-09-06";"Unknown";"43 962";"13 425";"27 563 290";"2024-09-06 06:27:33"
"2024-09-08";"Facebook";"976 959";"41 090";"27 562 612";"2024-09-08 20:29:40"
"2024-09-07";"";"83 308";"11 091";"27 561 828";"2024-09-07 10:19:43"
"2024-09-04";"";"1 245 467";"86 290";"27 561 504";"2024-09-05 00:57:57"
"2024-09-09";"YouTube";"24 738 320";"1 422 348";"27 561 805";"2024-09-09 23:08:06"
"2024-09-04";"Tas-ix";"82 640";"4 928";"27 562 803";"2024-09-04 19:28:35"
"2024-09-05";"Likee";"357 618 578";"17 513 197";"27 562 674";"2024-09-05 18:15:57"
"2024-09-06";"";"38 183";"1 860";"27 561 457";"2024-09-06 14:23:40"
"2024-09-03";"";"146 453";"24 093";"27 563 093";"2024-09-03 05:26:25"
"2024-09-10";"";"76 515";"45 563";"27 562 057";"2024-09-10 17:38:20"
"2024-09-07";"Odnoklassniki";"775 861";"43 481";"27 561 454";"2024-09-07 09:42:33"
"2024-09-02";"";"50 548";"2 707";"27 561 817";"2024-09-03 02:35:52"
"2024-09-04";"YouTube";"896 303";"347 826";"27 561 554";"2024-09-04 20:29:21"
"2024-09-06";"";"32 672";"2 651";"27 561 237";"2024-09-06 22:43:53"
"2024-09-05";"";"83 303";"5 385";"27 561 884";"2024-09-05 11:08:46"
"2024-09-05";"";"276 584";"30 357";"27 561 437";"2024-09-05 08:41:09"
"2024-09-01";"";"4 677 644";"167 000";"27 562 287";"2024-09-01 07:04:26"
"2024-09-05";"Facebook";"89 255";"6 994";"27 561 320";"2024-09-05 12:09:02"
"2024-09-08";"";"20 890";"44 034";"27 561 347";"2024-09-08 07:04:49"
"2024-09-08";"";"22 393 352";"1 092 699";"27 561 195";"2024-09-08 14:11:20"
"2024-09-10";"Instagram";"1 223 862";"165 223";"27 561 744";"2024-09-10 16:25:30"
"2024-09-09";"";"109 833";"202 549";"27 563 450";"2024-09-10 01:22:03"
"2024-09-03";"";"89 306";"8 099";"27 561 244";"2024-09-03 16:25:14"
"2024-09-07";"YouTube";"18 168 527";"884 038";"27 562 355";"2024-09-08 00:45:25"
"2024-09-10";"";"49 291";"4 582";"27 562 571";"2024-09-10 20:53:58"
"2024-09-01";"";"304 415";"11 672";"27 561 956";"2024-09-01 10:07:40"
"2024-09-05";"";"31 036";"22 042";"27 563 291";"2024-09-05 17:38:50"
"2024-09-07";"Yandex";"278 213";"55 080";"27 563 112";"2024-09-07 08:53:32"
"2024-09-09";"YouTube";"772 942";"343 775";"27 562 173";"2024-09-10 00:57:07"
"2024-09-04";"";"41 019";"12 848";"27 562 407";"2024-09-04 14:47:58"
"2024-09-07";"Yandex";"1 292 340";"24 592";"27 561 172";"2024-09-07 07:52:29"
"2024-09-01";"Instagram";"23 938 198";"704 389";"27 563 372";"2024-09-01 14:47:05"
"2024-09-01";"";"118 665";"25 454";"27 561 873";"2024-09-02 02:59:01"
"2024-09-03";"YouTube";"1 358 897";"82 078";"27 562 574";"2024-09-03 18:15:09"
"2024-09-10";"";"30 907";"182 416";"27 561 659";"2024-09-10 14:23:33"
"2024-09-01";"";"6 863";"56 826";"27 561 690";"2024-09-01 20:29:36"
"2024-09-07";"";"34 576";"13 926";"27 562 438";"2024-09-08 01:22:05"
"2024-09-09";"";"0";"42 065";"27 561 724";"2024-09-09 20:05:00"
"2024-09-08";"";"101 016";"8 999";"27 562 534";"2024-09-09 02:35:20"
"2024-09-06";"";"26 826";"9 246";"27 562 355";"2024-09-06 03:12:00"
"2024-09-02";"";"0";"96 814";"27 561 432";"2024-09-03 01:34:08"
"2024-09-01";"Telegram";"1 445 507";"299 729";"27 562 118";"2024-09-01 07:16:52"
"2024-09-10";"";"90 574";"80 690";"27 562 806";"2024-09-10 03:24:32"
"2024-09-05";"";"32 853";"17 843";"27 561 879";"2024-09-05 11:56:26"
"2024-09-06";"Unknown";"33 778";"15 702";"27 561 480";"2024-09-06 19:40:14"
"2024-09-03";"";"46 227";"4 839";"27 561 924";"2024-09-03 21:06:30"
"2024-09-02";"Instagram";"191 022";"5 855";"27 561 777";"2024-09-02 08:17:48"
"2024-09-09";"Instagram";"6 093 856";"202 936";"27 561 734";"2024-09-09 11:32:27"
"2024-09-04";"";"869 160";"187 266";"27 562 140";"2024-09-04 21:06:04"
"2024-09-07";"";"45 954";"3 980";"27 562 859";"2024-09-07 17:14:19"
"2024-09-02";"";"8 176";"57 216";"27 561 432";"2024-09-02 19:52:53"
"2024-09-06";"WhatsApp";"76 271";"12 571";"27 561 195";"2024-09-06 21:42:48"
"2024-09-03";"Facebook";"226 732";"141 640";"27 563 460";"2024-09-03 23:32:23"
"2024-09-09";"";"64 712";"4 794";"27 561 723";"2024-09-09 05:26:35"
"2024-09-03";"";"74 038";"35 973";"27 561 888";"2024-09-03 22:31:20"
"2024-09-02";"";"107 302";"189 328";"27 561 359";"2024-09-02 17:50:26"
"2024-09-09";"YouTube";"2 704 023";"470 256";"27 561 978";"2024-09-09 18:39:02"
"2024-09-08";"";"7 662";"28 109";"27 563 216";"2024-09-08 14:11:57"
"2024-09-08";"";"445 630";"60 880";"27 563 069";"2024-09-08 17:50:25"
"2024-09-04";"";"475 684";"71 872";"27 563 205";"2024-09-04 23:56:15"
"2024-09-02";"Telegram";"484 301 073";"27 834 619";"27 561 552";"2024-09-02 07:52:56"
"2024-09-06";"Facebook";"85 367";"77 471";"27 561 477";"2024-09-07 01:58:08"
"2024-09-07";"";"27 209";"9 563";"27 563 048";"2024-09-07 07:52:07"
"2024-09-09";"";"70 653";"3 957";"27 562 328";"2024-09-09 21:30:26"
"2024-09-08";"Instagram";"472 999";"105 525";"27 562 098";"2024-09-08 07:04:25"
"2024-09-02";"";"276 750";"21 598";"27 561 384";"2024-09-02 07:28:43"
"2024-09-04";"";"32 714";"2 520";"27 561 669";"2024-09-04 05:14:52"
"2024-09-06";"";"32 321";"7 127";"27 562 741";"2024-09-06 19:28:34"
"2024-09-09";"";"28 508";"7 713";"27 563 088";"2024-09-09 08:41:02"
"2024-09-06";"";"33 685";"20 280";"27 561 293";"2024-09-06 16:25:59"
"2024-09-09";"Instagram";"7 808 220";"1 752 455";"27 561 417";"2024-09-09 14:35:26"
"2024-09-10";"";"42 141";"13 634";"27 561 470";"2024-09-11 02:35:17"
"2024-09-03";"";"1 414 113";"214 378";"27 562 835";"2024-09-03 22:31:24"
"2024-09-01";"Facebook";"34 776";"5 061";"27 561 396";"2024-09-02 00:57:38"
"2024-09-05";"PUBG";"7 144 968";"218 010";"27 561 802";"2024-09-05 21:18:09"
"2024-09-10";"";"435 783";"9 359";"27 563 230";"2024-09-10 17:02:11"
"2024-09-03";"Instagram";"103 986 718";"1 273 531";"27 562 717";"2024-09-03 20:29:22"
"2024-09-09";"";"4 937 349";"149 241";"27 562 993";"2024-09-09 09:30:45"
"2024-09-09";"";"163 382";"6 037";"27 562 951";"2024-09-09 06:39:14"
"2024-09-10";"";"86 115";"27 728";"27 562 812";"2024-09-10 14:23:58"
"2024-09-02";"";"226 189";"9 832";"27 563 471";"2024-09-02 08:41:20"
"2024-09-10";"";"34 419";"58 827";"27 561 743";"2024-09-10 09:06:32"
"2024-09-10";"";"27 121";"1 931";"27 561 250";"2024-09-10 15:12:50"
"2024-09-02";"";"56 672";"19 467";"27 562 591";"2024-09-02 14:59:41"
"2024-09-09";"Facebook";"5 258 428";"134 091";"27 562 459";"2024-09-09 10:19:45"
"2024-09-06";"";"164 061";"10 406";"27 563 426";"2024-09-06 14:47:04"
"2024-09-06";"";"65 390";"25 604";"27 562 684";"2024-09-06 13:34:09"
"2024-09-06";"";"236 874";"178 028";"27 563 044";"2024-09-06 17:02:09"
"2024-09-05";"Facebook";"32 905";"16 367";"27 561 569";"2024-09-05 03:12:12"
"2024-09-02";"Telegram";"20 206 465";"1 625 537";"27 561 963";"2024-09-02 21:42:40"
"2024-09-03";"";"15 647 185";"796 865";"27 561 737";"2024-09-03 21:30:40"
"2024-09-05";"";"181 666";"9 507";"27 563 072";"2024-09-05 16:13:51"
"2024-09-07";"VKontakte";"23 921";"61 716";"27 562 512";"2024-09-07 08:17:16"
"2024-09-02";"";"220 367";"163 453";"27 563 421";"2024-09-02 15:00:58"
"2024-09-01";"PUBG";"304 026";"14 183";"27 562 077";"2024-09-01 20:29:02"
"2024-09-07";"";"82 906 864";"4 889 597";"27 562 598";"2024-09-08 00:21:44"
"2024-09-09";"";"37 747";"2 207";"27 563 154";"2024-09-09 21:54:39"
"2024-09-06";"";"2 263 258";"310 054";"27 562 192";"2024-09-06 11:32:53"
"2024-09-03";"TikTok";"682 380";"284 999";"27 562 365";"2024-09-03 14:59:13"
"2024-09-05";"";"63 405";"53 702";"27 563 311";"2024-09-05 14:47:31"
"2024-09-05";"Unknown";"74 492";"34 902";"27 561 691";"2024-09-05 05:14:13"
"2024-09-03";"";"2 176 619";"102 530";"27 563 030";"2024-09-03 16:49:51"
"2024-09-07";"";"64 758";"6 793";"27 562 932";"2024-09-07 10:31:55"
"2024-09-04";"";"59 376";"7 486";"27 561 879";"2024-09-05 01:22:08"
"2024-09-01";"Yandex Video";"54 196";"2 790";"27 561 219";"2024-09-01 13:46:29"
"2024-09-08";"";"28 917";"2 286";"27 562 800";"2024-09-08 06:03:12"
"2024-09-06";"";"112 226";"12 338";"27 561 432";"2024-09-06 07:04:45"
"2024-09-05";"";"40 304";"4 667";"27 562 503";"2024-09-05 22:31:29"
"2024-09-04";"Tas-ix";"223 257";"13 340";"27 562 801";"2024-09-04 08:17:25"
"2024-09-03";"";"3 460";"125 802";"27 562 437";"2024-09-04 01:22:32"
"2024-09-06";"";"1 153 533";"277 952";"27 562 508";"2024-09-06 08:05:34"
"2024-09-09";"Yandex";"700 266";"318 972";"27 563 447";"2024-09-09 09:18:52"
"2024-09-06";"";"312 280";"172 236";"27 561 788";"2024-09-06 07:16:45"
"2024-09-09";"";"133 396";"6 473";"27 562 107";"2024-09-10 00:09:18"
"2024-09-05";"YouTube";"798 078";"99 559";"27 562 931";"2024-09-05 16:37:36"
"2024-09-03";"";"96 901";"5 168";"27 561 583";"2024-09-04 00:09:00"
"2024-09-01";"Yandex";"1 504 378";"820 642";"27 562 674";"2024-09-01 23:20:30"
"2024-09-03";"WhatsApp";"28 737";"5 864";"27 561 453";"2024-09-03 20:41:46"
"2024-09-03";"YouTube";"66 675";"156 447";"27 561 787";"2024-09-03 21:42:11"
"2024-09-03";"";"280 167";"14 651";"27 561 831";"2024-09-03 05:38:08"
"2024-09-08";"";"859 772";"182 744";"27 563 191";"2024-09-08 07:16:45"
"2024-09-07";"";"30 552";"3 272";"27 561 570";"2024-09-07 11:44:38"
"2024-09-02";"";"9 471 866";"500 653";"27 561 413";"2024-09-02 18:39:05"
"2024-09-06";"";"127 384";"98 045";"27 561 982";"2024-09-07 00:09:34"
"2024-09-10";"";"2 685 861";"171 109";"27 562 684";"2024-09-10 13:10:09"
"2024-09-06";"YouTube";"282 898";"12 178";"27 562 264";"2024-09-06 23:56:10"
"2024-09-03";"Unknown";"4 638 779";"413 963";"27 561 171";"2024-09-04 01:22:07"
"2024-09-08";"Facebook";"34 274";"3 186";"27 561 651";"2024-09-08 23:20:14"
"2024-09-05";"";"80 308";"80 236";"27 562 981";"2024-09-05 11:44:45"
"2024-09-07";"";"3 898";"27 311";"27 561 610";"2024-09-07 12:09:12"
"2024-09-10";"Facebook";"32 515";"9 692";"27 562 950";"2024-09-10 18:27:02"
"2024-09-09";"";"88 519";"65 195";"27 562 580";"2024-09-09 21:54:37"
"2024-09-10";"PUBG";"976 454";"37 712";"27 562 965";"2024-09-11 01:46:01"
"2024-09-03";"";"610 542";"271 466";"27 562 713";"2024-09-03 11:08:00"
"2024-09-02";"";"303 204";"49 347";"27 562 692";"2024-09-02 18:51:45"
"2024-09-08";"YouTube";"5 544 058";"2 365 446";"27 561 884";"2024-09-08 19:04:15"
"2024-09-02";"";"33 575";"19 167";"27 562 868";"2024-09-02 17:02:47"
"2024-09-06";"Telegram";"46 009 315";"7 558 472";"27 561 876";"2024-09-06 06:27:57"
"2024-09-01";"";"102 392";"128 583";"27 561 305";"2024-09-02 02:35:29"
"2024-09-01";"";"9 714";"44 341";"27 561 851";"2024-09-01 10:55:00"
"2024-09-10";"Facebook";"10 153 475";"357 142";"27 562 255";"2024-09-10 12:57:46"
"2024-09-06";"";"29 341";"10 701";"27 562 894";"2024-09-06 13:22:40"
"2024-09-05";"";"23 182";"30 679";"27 562 684";"2024-09-05 08:41:58"
"2024-09-01";"";"38 142";"26 610";"27 563 136";"2024-09-01 03:12:47"
"2024-09-05";"";"34 312";"30 289";"27 563 240";"2024-09-05 20:41:46"
"2024-09-04";"Instagram";"9 617 684";"4 532 416";"27 562 099";"2024-09-04 15:00:21"
"2024-09-05";"";"88 898";"16 858";"27 561 800";"2024-09-05 15:36:37"
"2024-09-10";"YouTube";"8 298 990";"581 935";"27 562 893";"2024-09-10 16:25:09"
"2024-09-03";"YouTube";"603 626";"95 586";"27 563 481";"2024-09-03 23:32:32"
"2024-09-07";"Instagram";"162 716 528";"2 928 544";"27 563 369";"2024-09-07 03:12:30"
"2024-09-03";"YouTube";"3 789 435";"1 535 537";"27 562 477";"2024-09-03 23:32:29"
"2024-09-07";"";"1 289 332";"42 009";"27 561 449";"2024-09-07 16:01:53"
"2024-09-06";"";"789 561";"69 593";"27 562 544";"2024-09-06 05:14:11"
"2024-09-04";"Yandex";"27 196";"16 730";"27 563 103";"2024-09-04 09:06:19"
"2024-09-05";"";"11 087 834";"811 324";"27 561 906";"2024-09-05 09:18:11"
"2024-09-06";"";"26 585 305";"912 168";"27 562 591";"2024-09-06 04:13:54"
"2024-09-07";"";"104 022";"4 128";"27 562 572";"2024-09-07 09:30:01"
"2024-09-09";"";"74 229";"5 102";"27 562 587";"2024-09-09 14:11:13"
"2024-09-03";"";"2 148 259";"119 210";"27 563 491";"2024-09-04 00:09:54"
"2024-09-02";"Instagram";"26 303 959";"1 026 491";"27 561 536";"2024-09-02 21:30:04"
"2024-09-02";"";"92 271";"27 897";"27 561 407";"2024-09-02 03:48:01"
"2024-09-05";"";"26 485";"5 031";"27 563 123";"2024-09-05 07:16:15"
"2024-09-09";"Instagram";"1 353 951";"331 662";"27 562 278";"2024-09-10 00:33:56"
"2024-09-03";"";"307 644";"55 016";"27 562 082";"2024-09-03 23:20:26"
"2024-09-08";"";"47 023";"2 672";"27 561 666";"2024-09-08 18:15:16"
"2024-09-04";"";"32 650";"45 477";"27 563 017";"2024-09-04 10:07:01"
"2024-09-03";"YouTube";"25 734 415";"1 544 953";"27 561 718";"2024-09-03 11:08:33"
"2024-09-04";"YouTube";"2 964 625";"699 375";"27 561 835";"2024-09-04 19:40:40"
"2024-09-01";"Telegram";"243 207";"49 133";"27 563 472";"2024-09-01 23:20:43"
"2024-09-09";"Instagram";"65 632 874";"3 000 249";"27 561 887";"2024-09-09 14:23:51"
"2024-09-04";"Telegram";"53 522 762";"6 159 534";"27 563 100";"2024-09-04 11:56:02"
"2024-09-02";"Telegram";"836 859";"182 900";"27 562 658";"2024-09-03 02:59:57"
"2024-09-06";"";"46 573";"3 232";"27 561 224";"2024-09-06 08:05:18"
"2024-09-01";"";"33 710";"97 875";"27 562 473";"2024-09-01 20:05:55"
"2024-09-04";"";"363 857";"9 777";"27 562 016";"2024-09-04 05:14:16"
"2024-09-01";"Facebook";"167 017";"64 242";"27 561 695";"2024-09-01 22:19:32"
"2024-09-04";"";"10 487";"58 782";"27 562 981";"2024-09-04 08:29:32"
"2024-09-04";"";"82 237";"23 020";"27 561 662";"2024-09-04 20:17:32"
"2024-09-05";"";"5 523 725";"302 734";"27 562 778";"2024-09-05 06:39:04"
"2024-09-03";"";"712 911";"35 872";"27 563 463";"2024-09-03 10:43:47"
"2024-09-07";"Facebook";"8 438 331";"392 356";"27 562 142";"2024-09-07 10:07:46"
"2024-09-06";"";"159 811";"60 699";"27 563 291";"2024-09-07 01:10:45"
"2024-09-06";"";"118 977";"8 017";"27 561 922";"2024-09-06 13:34:09"
"2024-09-09";"";"140 597";"4 607";"27 562 791";"2024-09-09 07:04:12"
"2024-09-04";"";"63 138";"17 733";"27 563 092";"2024-09-04 18:51:28"
"2024-09-03";"";"4 131 800";"202 120";"27 562 174";"2024-09-03 03:00:19"
"2024-09-03";"YouTube";"946 764";"174 648";"27 561 596";"2024-09-03 15:12:54"
"2024-09-03";"Odnoklassniki";"181 183";"9 885";"27 561 217";"2024-09-03 07:28:50"
"2024-09-09";"";"1 151 714";"147 359";"27 562 696";"2024-09-09 04:13:30"
"2024-09-06";"";"82 619";"9 706";"27 563 336";"2024-09-07 00:45:23"
"2024-09-10";"";"931 374";"49 704";"27 563 211";"2024-09-10 09:18:30"
"2024-09-10";"";"74 406";"8 564";"27 562 137";"2024-09-10 05:50:49"
"2024-09-09";"Yandex";"302 862";"175 436";"27 561 424";"2024-09-09 05:38:42"
"2024-09-01";"";"5 864 576";"1 534 886";"27 561 687";"2024-09-02 01:22:14"
"2024-09-08";"";"1 461 057";"3 625 377";"27 561 815";"2024-09-08 21:54:44"
"2024-09-03";"";"27 305";"7 346";"27 562 487";"2024-09-03 22:31:46"
"2024-09-03";"";"181 708";"5 823";"27 562 066";"2024-09-03 22:31:15"
"2024-09-01";"";"32 713";"3 752";"27 562 622";"2024-09-01 12:45:04"
"2024-09-07";"YouTube";"52 459";"8 228";"27 562 795";"2024-09-07 18:27:06"
"2024-09-08";"";"35 212";"6 240";"27 561 567";"2024-09-08 07:52:54"
"2024-09-08";"";"51 882";"3 875";"27 561 722";"2024-09-08 08:17:17"
"2024-09-04";"YouTube";"27 052";"12 454";"27 562 547";"2024-09-04 05:26:35"
"2024-09-10";"";"2 931 327";"643 463";"27 562 741";"2024-09-10 17:50:47"
"2024-09-08";"Unknown";"2 813 884";"394 368";"27 563 318";"2024-09-08 07:52:42"
"2024-09-10";"";"93 092";"5 134";"27 563 140";"2024-09-10 21:06:22"
"2024-09-06";"";"185 876";"12 766";"27 562 352";"2024-09-06 21:42:06"
"2024-09-06";"";"1 945 361";"152 693";"27 562 097";"2024-09-07 01:34:40"
"2024-09-07";"";"9 001";"39 195";"27 561 304";"2024-09-07 07:16:01"
"2024-09-02";"Facebook";"228 904";"17 718";"27 562 376";"2024-09-03 01:22:06"
"2024-09-07";"";"636 983";"38 569";"27 561 776";"2024-09-07 03:12:35"
"2024-09-03";"Telegram";"175 672 715";"9 635 954";"27 562 257";"2024-09-03 16:49:46"
"2024-09-02";"";"29 282";"6 389";"27 561 693";"2024-09-02 10:31:56"
"2024-09-01";"";"485 456";"24 136";"27 563 122";"2024-09-01 03:12:55"
"2024-09-05";"";"45 383";"1 978";"27 561 402";"2024-09-05 12:21:53"
"2024-09-05";"";"6 710 547";"312 466";"27 562 003";"2024-09-05 16:13:30"
"2024-09-01";"";"25 998";"11 233";"27 562 155";"2024-09-01 10:31:12"
"2024-09-04";"";"8 428";"36 256";"27 563 503";"2024-09-04 23:44:26"
"2024-09-09";"Telegram";"68 194 390";"3 337 027";"27 563 367";"2024-09-09 20:17:54"
"2024-09-09";"Instagram";"41 560 798";"10 414 728";"27 563 445";"2024-09-10 01:46:35"
"2024-09-10";"";"29 070";"21 743";"27 562 148";"2024-09-10 08:53:28"
"2024-09-08";"YouTube";"502 568";"5 139 538";"27 561 366";"2024-09-08 21:06:21"
"2024-09-04";"Instagram";"397 952";"25 271";"27 563 014";"2024-09-04 10:43:32"
"2024-09-06";"";"443 936";"36 135";"27 563 317";"2024-09-07 02:11:00"
"2024-09-09";"";"33 101";"7 605";"27 562 192";"2024-09-09 05:26:47"
"2024-09-09";"";"1 444 133";"33 903";"27 563 369";"2024-09-09 23:56:20"
"2024-09-07";"";"68 492";"4 141";"27 562 063";"2024-09-07 12:33:06"
"2024-09-01";"";"46 017";"7 763";"27 561 204";"2024-09-01 23:20:57"
"2024-09-09";"Telegram";"105 369";"7 923";"27 561 491";"2024-09-09 15:12:52"
"2024-09-04";"";"169 986";"11 094";"27 563 088";"2024-09-04 03:00:10"
"2024-09-03";"";"695 303";"178 753";"27 561 320";"2024-09-03 03:36:40"
"2024-09-08";"";"50 360";"8 497";"27 561 800";"2024-09-08 12:57:48"
"2024-09-04";"";"11 083";"28 085";"27 561 559";"2024-09-04 03:48:31"
"2024-09-02";"Instagram";"199 451";"18 318";"27 561 981";"2024-09-02 20:29:17"
"2024-09-10";"";"40 870";"19 911";"27 561 339";"2024-09-10 16:01:07"
"2024-09-08";"";"336 875";"206 507";"27 562 894";"2024-09-09 01:22:33"
"2024-09-01";"";"28 464";"4 482";"27 561 774";"2024-09-01 21:06:29"
"2024-09-04";"Yandex";"46 510";"7 767";"27 562 069";"2024-09-04 16:37:02"
"2024-09-06";"";"324 739";"12 819";"27 563 443";"2024-09-07 01:58:15"
"2024-09-10";"";"120 476";"160 770";"27 563 058";"2024-09-10 17:26:52"
"2024-09-08";"";"14 325";"39 685";"27 561 339";"2024-09-08 13:10:00"
"2024-09-01";"YouTube";"289 112";"1 837 776";"27 562 527";"2024-09-01 11:08:28"
"2024-09-08";"Instagram";"1 338 707";"77 459";"27 562 711";"2024-09-09 01:46:01"
"2024-09-06";"";"23 097 698";"31 613 332";"27 561 457";"2024-09-06 09:30:30"
"2024-09-10";"YouTube";"953 700";"319 886";"27 561 250";"2024-09-10 05:26:15"
"2024-09-10";"";"866 668";"127 247";"27 562 495";"2024-09-10 06:15:39"
"2024-09-06";"";"113 291";"223 351";"27 561 753";"2024-09-06 21:42:06"
"2024-09-04";"Instagram";"300 978";"85 995";"27 562 033";"2024-09-05 00:33:29"
"2024-09-02";"";"33 813";"4 694";"27 562 232";"2024-09-02 14:47:25"
"2024-09-06";"Yandex";"306 184";"267 419";"27 563 033";"2024-09-06 06:03:36"
"2024-09-04";"WhatsApp";"144 171";"10 783";"27 563 143";"2024-09-04 13:34:49"
"2024-09-07";"Telegram";"25 760 512";"1 186 744";"27 563 070";"2024-09-07 11:56:12"
"2024-09-05";"Instagram";"15 249 460";"918 666";"27 561 570";"2024-09-06 01:46:41"
"2024-09-10";"VKontakte";"2 914 568";"144 538";"27 561 674";"2024-09-10 21:06:51"
"2024-09-04";"Instagram";"587 262";"123 524";"27 562 343";"2024-09-04 05:26:27"
"2024-09-07";"";"144 606";"23 507";"27 561 802";"2024-09-07 20:53:01"
"2024-09-07";"";"297 969";"185 331";"27 562 254";"2024-09-07 15:00:33"
"2024-09-07";"";"119 615";"227 331";"27 561 305";"2024-09-07 05:26:49"
"2024-09-09";"";"27 022";"14 341";"27 562 698";"2024-09-09 14:23:53"
"2024-09-04";"";"113 783";"59 582";"27 562 156";"2024-09-04 16:25:53"
"2024-09-10";"";"1 006 855";"117 843";"27 561 474";"2024-09-10 13:58:26"
"2024-09-07";"";"570 935";"39 864";"27 561 836";"2024-09-08 02:59:47"
"2024-09-07";"Tas-ix";"4 156 956";"158 251";"27 561 427";"2024-09-07 10:07:12"
"2024-09-04";"";"41 824";"16 673";"27 562 355";"2024-09-04 12:57:44"
"2024-09-10";"YouTube";"5 535 620";"1 051 192";"27 563 016";"2024-09-10 15:12:48"
"2024-09-03";"";"174 325";"29 787";"27 563 219";"2024-09-03 19:52:01"
"2024-09-06";"YouTube";"141 399";"818 755";"27 562 066";"2024-09-06 13:34:01"
"2024-09-07";"";"331 604";"58 258";"27 561 357";"2024-09-07 09:42:58"
"2024-09-08";"Yandex";"461 965";"13 041";"27 561 845";"2024-09-09 01:46:10"
"2024-09-02";"VKontakte";"1 873 389";"178 280";"27 562 956";"2024-09-02 08:29:56"
"2024-09-06";"Facebook";"774 236";"498 988";"27 563 504";"2024-09-06 03:24:12"
"2024-09-04";"";"422 691";"13 530";"27 561 906";"2024-09-05 00:21:42"
"2024-09-06";"TikTok";"1 450";"68 089";"27 562 934";"2024-09-06 14:59:35"
"2024-09-09";"";"1 037 728";"63 254";"27 562 573";"2024-09-09 09:42:29"
"2024-09-06";"Telegram";"35 604";"4 505";"27 562 607";"2024-09-06 08:29:41"
"2024-09-07";"Facebook";"126 486";"11 314";"27 561 281";"2024-09-07 19:40:58"
"2024-09-04";"";"58 020";"38 504";"27 563 443";"2024-09-04 23:44:05"
"2024-09-10";"";"695 422";"22 959";"27 563 143";"2024-09-10 16:01:43"
"2024-09-04";"";"43 484";"10 053";"27 562 982";"2024-09-04 20:17:55"
"2024-09-06";"";"1 184 322";"132 622";"27 561 881";"2024-09-06 19:04:29"
"2024-09-01";"";"239 665";"8 212";"27 561 461";"2024-09-01 08:17:18"
"2024-09-07";"Telegram";"81 889 348";"11 160 356";"27 562 666";"2024-09-07 03:24:17"
"2024-09-08";"";"11 783";"28 046";"27 561 785";"2024-09-08 16:49:38"
"2024-09-03";"";"11 910 001";"495 425";"27 561 279";"2024-09-03 21:06:34"
"2024-09-03";"";"27 452";"4 342";"27 563 139";"2024-09-03 21:54:17"
"2024-09-07";"Facebook";"34 883";"2 994";"27 563 189";"2024-09-07 08:17:18"
"2024-09-03";"";"56 007";"57 697";"27 561 401";"2024-09-03 19:04:57"
"2024-09-04";"";"8 283 736";"231 747";"27 562 462";"2024-09-04 22:43:14"
"2024-09-07";"Instagram";"1 190 612";"95 525";"27 562 804";"2024-09-07 04:37:21"
"2024-09-02";"";"45 075";"7 198";"27 562 028";"2024-09-02 04:13:42"
"2024-09-02";"";"206 955";"66 612";"27 561 760";"2024-09-02 18:27:35"
"2024-09-09";"YouTube";"502 126";"246 493";"27 561 831";"2024-09-09 14:59:46"
"2024-09-09";"";"211 529";"51 622";"27 561 789";"2024-09-09 18:51:51"
"2024-09-01";"";"38 197";"59 649";"27 562 505";"2024-09-02 01:46:18"
"2024-09-07";"";"8 138";"208 185";"27 562 044";"2024-09-07 14:23:03"
"2024-09-07";"YouTube";"315 676";"50 411";"27 562 233";"2024-09-07 18:27:00"
"2024-09-09";"";"288 259";"1 095 258";"27 562 675";"2024-09-09 16:37:35"
"2024-09-03";"";"415 431";"152 530";"27 561 633";"2024-09-03 04:01:39"
"2024-09-10";"";"5 620 403";"478 171";"27 561 992";"2024-09-10 09:54:25"
"2024-09-02";"";"1 387 471";"91 407";"27 562 815";"2024-09-03 01:58:28"
"2024-09-03";"";"23 485 308";"3 742 752";"27 562 624";"2024-09-03 15:00:00"
"2024-09-06";"";"64 841";"7 415";"27 561 222";"2024-09-06 19:16:02"
"2024-09-07";"";"12 089 171";"1 295 480";"27 561 950";"2024-09-07 22:31:46"
"2024-09-07";"";"751 042";"89 975";"27 561 556";"2024-09-07 12:57:10"
"2024-09-05";"";"104 610";"6 696";"27 561 386";"2024-09-05 21:06:33"
"2024-09-03";"";"29 823";"7 171";"27 561 809";"2024-09-03 13:34:09"
"2024-09-04";"";"152 014";"75 277";"27 561 314";"2024-09-04 14:11:52"
"2024-09-04";"";"87 317";"8 041";"27 563 000";"2024-09-04 09:18:53"
"2024-09-10";"Instagram";"1 452 683";"212 895";"27 562 617";"2024-09-10 05:38:35"
"2024-09-09";"";"184 751";"56 408";"27 562 906";"2024-09-09 10:19:11"
"2024-09-04";"";"28 945";"9 406";"27 562 063";"2024-09-05 02:11:23"
"2024-09-05";"";"89 205";"7 193";"27 562 051";"2024-09-05 17:38:03"
"2024-09-10";"";"29 893";"10 746";"27 563 180";"2024-09-10 10:19:46"
"2024-09-05";"";"73 089";"6 623";"27 561 838";"2024-09-05 11:32:17"
"2024-09-10";"Telegram";"97 859";"6 357";"27 563 143";"2024-09-10 11:56:22"
"2024-09-09";"Tas-ix";"255 649";"12 701";"27 561 686";"2024-09-09 09:30:43"
"2024-09-02";"";"157 682";"151 044";"27 563 308";"2024-09-02 17:26:27"
"2024-09-04";"";"314 113";"24 096";"27 563 365";"2024-09-04 04:49:22"
"2024-09-07";"";"29 097";"3 426";"27 561 356";"2024-09-07 06:03:25"
"2024-09-10";"";"558 835";"206 167";"27 562 944";"2024-09-10 05:02:30"
"2024-09-09";"";"27 821";"3 525";"27 562 211";"2024-09-09 05:26:13"
"2024-09-03";"YouTube";"2 545 181";"4 146 457";"27 562 192";"2024-09-03 09:18:16"
"2024-09-03";"";"90 221";"5 924";"27 562 490";"2024-09-03 04:25:01"
"2024-09-03";"Instagram";"4 163 188";"2 866 290";"27 562 964";"2024-09-04 01:58:34"
"2024-09-10";"Facebook";"245 178";"28 737";"27 563 153";"2024-09-10 06:15:39"
"2024-09-10";"";"50 643";"7 458";"27 561 596";"2024-09-11 00:21:41"
"2024-09-04";"";"377 670";"45 383";"27 563 451";"2024-09-04 08:53:30"
"2024-09-02";"Instagram";"1 091 929";"637 868";"27 563 367";"2024-09-03 00:57:17"
"2024-09-04";"YouTube";"6 557 304";"2 390 821";"27 562 698";"2024-09-04 16:25:21"
"2024-09-03";"";"29 301";"5 625";"27 562 266";"2024-09-03 09:06:49"
"2024-09-08";"";"335 503";"39 060";"27 562 324";"2024-09-08 22:43:25"
"2024-09-10";"";"153 719";"57 992";"27 561 674";"2024-09-10 10:31:17"
"2024-09-05";"VKontakte";"21 375";"44 611";"27 562 903";"2024-09-05 13:46:59"
"2024-09-08";"";"578 807";"31 499";"27 561 449";"2024-09-08 13:46:43"
"2024-09-05";"";"244 880";"1 420 638";"27 563 116";"2024-09-05 17:38:35"
"2024-09-07";"Instagram";"3 675 363";"8 407 347";"27 562 719";"2024-09-07 09:30:47"
"2024-09-04";"";"181 716";"10 638";"27 562 733";"2024-09-04 21:54:03"
"2024-09-07";"Facebook";"236 303";"54 058";"27 563 021";"2024-09-07 12:21:23"
"2024-09-03";"";"11 482";"54 190";"27 561 567";"2024-09-03 11:32:56"
"2024-09-04";"";"518 328";"24 806";"27 561 758";"2024-09-04 17:14:31"
"2024-09-02";"YouTube";"336 948 743";"25 640 512";"27 562 646";"2024-09-02 18:15:32"
"2024-09-03";"Instagram";"2 769 892";"126 465";"27 563 326";"2024-09-03 16:37:43"
"2024-09-02";"YouTube";"424 087";"54 767";"27 563 207";"2024-09-02 09:54:48"
"2024-09-03";"";"4 424";"26 295";"27 561 171";"2024-09-04 02:59:07"
"2024-09-06";"YouTube";"169 937 418";"5 576 946";"27 562 453";"2024-09-06 15:24:23"
"2024-09-10";"Instagram";"3 289 177";"1 315 928";"27 563 162";"2024-09-10 12:45:31"
"2024-09-10";"Facebook";"816 341";"517 143";"27 562 340";"2024-09-10 23:44:14"
"2024-09-01";"";"58 869";"8 808";"27 562 634";"2024-09-02 00:57:16"
"2024-09-07";"YouTube";"262 371";"91 888";"27 562 962";"2024-09-07 22:19:02"
"2024-09-10";"";"121 682 300";"5 225 335";"27 561 892";"2024-09-10 06:15:16"
"2024-09-06";"Instagram";"8 578 973";"6 969 500";"27 562 803";"2024-09-06 04:13:24"
"2024-09-09";"";"17 757";"43 339";"27 563 183";"2024-09-09 19:16:10"
"2024-09-09";"";"31 252 747";"1 738 793";"27 561 269";"2024-09-09 15:00:35"
"2024-09-06";"";"2 114 310";"91 877";"27 561 836";"2024-09-06 14:47:41"
"2024-09-01";"";"3 506 364";"76 178";"27 561 432";"2024-09-01 17:02:05"
"2024-09-04";"YouTube";"57 262";"86 990";"27 562 039";"2024-09-04 15:12:02"
"2024-09-05";"";"187 511";"15 245";"27 561 714";"2024-09-05 07:16:47"
"2024-09-06";"Facebook";"270 048";"11 625";"27 561 760";"2024-09-06 12:33:56"
"2024-09-05";"YouTube";"1 225 036";"10 213 710";"27 561 670";"2024-09-05 13:46:27"
"2024-09-02";"Facebook";"39 967";"19 706";"27 562 331";"2024-09-02 12:33:56"
"2024-09-10";"";"57 222";"3 491";"27 562 470";"2024-09-10 20:53:07"
"2024-09-04";"";"1 363 869";"190 159";"27 563 219";"2024-09-04 07:28:00"
"2024-09-03";"Facebook";"9 329 645";"231 932";"27 562 317";"2024-09-03 04:37:35"
"2024-09-04";"";"52 448";"96 672";"27 563 254";"2024-09-04 11:20:51"
"2024-09-02";"";"1 882 850";"107 003";"27 561 392";"2024-09-02 16:13:38"
"2024-09-01";"";"121 546";"357 766";"27 561 254";"2024-09-01 11:32:53"
"2024-09-05";"";"110 436 164";"3 382 713";"27 563 278";"2024-09-05 08:17:48"
"2024-09-02";"Yandex";"27 252";"2 228";"27 563 329";"2024-09-02 11:20:54"
"2024-09-02";"";"3 254 904";"3 273 754";"27 562 330";"2024-09-02 13:58:06"
"2024-09-06";"Unknown";"7 544";"26 906";"27 561 172";"2024-09-06 13:10:44"
"2024-09-06";"";"26 588";"1 473";"27 561 426";"2024-09-06 08:41:40"
"2024-09-03";"";"35 583";"4 869";"27 561 953";"2024-09-03 15:12:44"
"2024-09-08";"";"318 566";"40 753";"27 561 800";"2024-09-08 18:39:53"
"2024-09-03";"";"494 032";"29 509";"27 562 009";"2024-09-03 08:41:15"
"2024-09-09";"";"4 371 625";"5 540 394";"27 562 656";"2024-09-09 22:19:00"
"2024-09-04";"";"64 133";"4 024";"27 561 815";"2024-09-05 00:57:21"
"2024-09-10";"";"226 746";"251 047";"27 561 402";"2024-09-10 04:13:37"
"2024-09-02";"";"156 706";"535 344";"27 562 905";"2024-09-02 13:10:20"
"2024-09-09";"";"1 487 610";"68 602";"27 561 865";"2024-09-09 07:52:22"
"2024-09-05";"YouTube";"245 245 064";"17 656 516";"27 561 501";"2024-09-05 15:00:55"
"2024-09-03";"";"152 056";"205 947";"27 563 325";"2024-09-03 22:43:40"
"2024-09-07";"";"116 608";"471 085";"27 561 304";"2024-09-07 08:53:56"
"2024-09-04";"";"2 045 213";"1 796 660";"27 562 150";"2024-09-04 04:13:18"
"2024-09-02";"";"86 048";"10 085";"27 563 419";"2024-09-02 16:13:01"
"2024-09-01";"";"20 180 685";"441 118";"27 562 779";"2024-09-01 22:43:58"
"2024-09-10";"Unknown";"284 185";"118 473";"27 562 992";"2024-09-10 13:58:06"
"2024-09-10";"";"864 259";"121 509";"27 562 692";"2024-09-10 19:28:17"
"2024-09-01";"";"86 454";"12 996";"27 562 007";"2024-09-01 21:30:34"
"2024-09-05";"";"126 816";"372 995";"27 563 243";"2024-09-05 14:11:18"
"2024-09-01";"YouTube";"33 880 701";"2 929 944";"27 562 022";"2024-09-02 00:45:06"
"2024-09-08";"Instagram";"102 181 982";"2 653 192";"27 562 047";"2024-09-08 09:54:31"
"2024-09-03";"";"263 106";"51 567";"27 562 331";"2024-09-03 12:33:26"
"2024-09-03";"Facebook";"71 832";"8 881";"27 563 217";"2024-09-03 04:13:27"
"2024-09-04";"";"32 149";"15 664";"27 562 393";"2024-09-04 08:53:58"
"2024-09-08";"";"67 577";"5 359";"27 561 994";"2024-09-08 03:36:09"
"2024-09-01";"Unknown";"102 602";"120 596";"27 561 250";"2024-09-02 01:58:11"
"2024-09-08";"Yandex";"40 937";"8 828";"27 563 491";"2024-09-08 16:25:17"
"2024-09-09";"Telegram";"1 495 439";"93 262";"27 561 539";"2024-09-10 00:21:47"
"2024-09-02";"WhatsApp";"193 789";"82 846";"27 561 862";"2024-09-02 14:35:06"
"2024-09-07";"";"586 736";"602 287";"27 562 675";"2024-09-07 18:03:10"
"2024-09-03";"";"30 532 826";"2 603 697";"27 561 770";"2024-09-03 14:23:45"
"2024-09-09";"";"37 496";"4 850";"27 562 331";"2024-09-09 13:46:03"
"2024-09-08";"";"2 245 338";"103 642";"27 562 521";"2024-09-08 07:40:29"
"2024-09-02";"";"184 415";"9 667";"27 562 473";"2024-09-02 21:42:20"
"2024-09-07";"YouTube";"1 325 206";"756 219";"27 562 125";"2024-09-07 04:25:54"
"2024-09-04";"";"199 756";"26 740";"27 561 276";"2024-09-04 11:56:44"
"2024-09-07";"Instagram";"12 943 652";"421 131";"27 562 612";"2024-09-08 02:23:27"
"2024-09-01";"Instagram";"5 471 030";"7 110 338";"27 562 495";"2024-09-01 19:28:53"
"2024-09-09";"";"15 954 339";"190 693";"27 561 384";"2024-09-09 19:52:50"
"2024-09-09";"Yandex";"493 361";"312 725";"27 563 419";"2024-09-10 01:46:20"
"2024-09-06";"";"540 692";"1 241 223";"27 562 648";"2024-09-06 14:35:59"
"2024-09-08";"YouTube";"50 452";"245 177";"27 562 714";"2024-09-09 00:09:16"
"2024-09-04";"";"1 158 233";"68 206";"27 561 951";"2024-09-04 18:39:24"
"2024-09-04";"";"149 945";"75 717";"27 561 691";"2024-09-04 17:02:36"
"2024-09-02";"";"51 271";"53 357";"27 562 847";"2024-09-02 15:48:26"
"2024-09-03";"Instagram";"699 996";"258 865";"27 563 263";"2024-09-03 16:01:48"
"2024-09-01";"";"271 485";"25 197";"27 563 336";"2024-09-01 21:42:26"
"2024-09-05";"Apple Music";"49 105";"8 826";"27 562 710";"2024-09-05 22:31:39"
"2024-09-01";"";"23 508";"28 521";"27 563 378";"2024-09-02 00:09:40"
"2024-09-01";"";"211 022";"148 646";"27 563 308";"2024-09-01 07:28:56"
"2024-09-10";"";"154 154";"11 044";"27 562 124";"2024-09-10 09:18:31"
"2024-09-03";"Instagram";"13 134 506";"182 358";"27 563 225";"2024-09-03 11:44:28"
"2024-09-07";"";"1 607";"32 103";"27 561 834";"2024-09-07 17:50:37"
"2024-09-08";"";"319 383";"24 647";"27 562 026";"2024-09-08 17:50:20"
"2024-09-04";"YouTube";"4 315";"38 226";"27 562 961";"2024-09-04 16:01:05"
"2024-09-06";"";"95 293";"389 241";"27 561 793";"2024-09-07 01:34:45"
"2024-09-03";"";"137 678";"4 962";"27 561 912";"2024-09-03 11:20:46"
"2024-09-06";"";"8 148 776";"315 837";"27 561 339";"2024-09-06 08:53:46"
"2024-09-06";"";"25 136";"31 215";"27 562 082";"2024-09-07 02:11:23"
"2024-09-05";"";"2 121 166";"1 631 590";"27 562 374";"2024-09-05 23:56:27"
"2024-09-09";"";"26 367";"5 481";"27 562 025";"2024-09-09 03:48:18"
"2024-09-08";"Instagram";"36 654 666";"907 073";"27 561 760";"2024-09-08 14:59:17"
"2024-09-08";"Instagram";"10 522";"97 312";"27 561 915";"2024-09-08 05:14:58"
"2024-09-08";"Facebook";"304 131";"11 049";"27 562 222";"2024-09-08 15:00:31"
"2024-09-02";"YouTube";"10 035 779";"3 468 491";"27 562 646";"2024-09-03 01:10:42"
"2024-09-06";"";"3 244 680";"2 382 122";"27 562 906";"2024-09-06 05:02:48"
"2024-09-10";"PUBG";"746 142";"34 677";"27 561 435";"2024-09-10 06:39:08"
"2024-09-04";"Facebook";"262 602";"51 415";"27 561 715";"2024-09-04 04:37:20"
"2024-09-08";"";"1 353 940";"311 569";"27 561 627";"2024-09-08 08:29:35"
"2024-09-05";"";"56 516";"4 026";"27 562 367";"2024-09-05 17:02:05"
"2024-09-07";"";"94 127";"9 178";"27 561 253";"2024-09-07 12:45:13"
"2024-09-04";"Telegram";"45 583 215";"3 550 584";"27 561 892";"2024-09-04 18:39:57"
"2024-09-04";"";"143 793";"7 371";"27 562 850";"2024-09-04 15:24:11"
"2024-09-10";"";"5 355";"56 193";"27 562 835";"2024-09-10 15:48:15"
"2024-09-04";"";"242 384";"342 101";"27 562 495";"2024-09-04 16:25:24"
"2024-09-02";"";"448 649";"157 533";"27 562 494";"2024-09-02 17:02:01"
"2024-09-02";"";"160 272";"15 969";"27 562 453";"2024-09-02 12:21:22"
"2024-09-01";"";"2 088 073";"477 598";"27 561 375";"2024-09-02 02:11:36"
"2024-09-06";"";"43 848";"5 943";"27 562 216";"2024-09-06 18:51:17"
"2024-09-02";"";"115 236";"15 295";"27 562 825";"2024-09-02 22:31:45"
"2024-09-04";"";"702 216";"30 453";"27 562 156";"2024-09-05 00:09:06"
"2024-09-09";"Yandex";"64 566";"5 820";"27 561 896";"2024-09-09 21:06:43"
"2024-09-02";"Facebook";"289 357";"130 445";"27 561 767";"2024-09-02 21:42:58"
"2024-09-01";"";"520 587";"71 075";"27 561 246";"2024-09-01 17:02:36"
"2024-09-07";"";"40 837";"1 545";"27 561 369";"2024-09-08 01:22:03"
"2024-09-09";"";"1 341 283";"145 605";"27 562 889";"2024-09-09 19:28:48"
"2024-09-08";"";"26 285";"9 258";"27 562 803";"2024-09-09 02:23:55"
"2024-09-04";"";"369 873";"12 177";"27 561 587";"2024-09-04 21:30:40"
"2024-09-09";"YouTube";"867 554";"33 435";"27 562 851";"2024-09-09 08:29:09"
"2024-09-01";"";"69 990";"2 700";"27 561 655";"2024-09-01 21:30:06"
"2024-09-01";"YouTube";"277 294";"147 348";"27 563 223";"2024-09-01 13:22:46"
"2024-09-04";"";"250 688";"11 857";"27 562 675";"2024-09-04 12:45:45"
"2024-09-05";"";"211 403";"684 540";"27 563 314";"2024-09-06 02:23:19"
"2024-09-07";"YouTube";"76 357";"7 917";"27 561 232";"2024-09-07 13:34:02"
"2024-09-10";"";"31 954";"1 699";"27 562 172";"2024-09-10 08:53:36"
"2024-09-05";"Facebook";"6 731 778";"219 689";"27 561 373";"2024-09-05 14:47:34"
"2024-09-01";"";"26 115";"18 753";"27 563 381";"2024-09-01 15:48:28"
"2024-09-03";"TikTok";"44 061";"503 544";"27 561 224";"2024-09-04 00:45:16"
"2024-09-02";"";"202 588";"50 675";"27 561 752";"2024-09-02 18:03:12"
"2024-09-01";"Instagram";"2 139 842";"453 217";"27 562 518";"2024-09-01 06:39:10"
"2024-09-01";"";"77 231";"29 897";"27 561 737";"2024-09-01 19:28:51"
"2024-09-06";"YouTube";"27 449";"6 275";"27 561 715";"2024-09-06 07:04:37"
"2024-09-04";"";"72 246";"7 294";"27 561 292";"2024-09-04 07:40:15"
"2024-09-01";"";"46 587";"3 548";"27 563 218";"2024-09-02 02:35:21"
"2024-09-02";"";"408 029";"314 647";"27 562 100";"2024-09-02 15:36:26"
"2024-09-05";"";"63 047";"8 027";"27 562 998";"2024-09-05 13:34:50"
"2024-09-07";"Telegram";"10 030 928";"584 652";"27 563 122";"2024-09-07 23:20:15"
"2024-09-08";"";"679 344";"163 919";"27 562 006";"2024-09-09 02:23:32"
"2024-09-01";"";"9 435 274";"143 875";"27 561 262";"2024-09-01 08:29:31"
"2024-09-05";"";"1 863 644";"4 072 316";"27 561 413";"2024-09-05 19:40:19"
"2024-09-08";"";"60 994";"6 689";"27 561 424";"2024-09-08 06:03:16"
"2024-09-02";"";"905 824";"81 899";"27 562 025";"2024-09-02 06:03:37"
"2024-09-05";"";"3 635 940";"57 981";"27 562 608";"2024-09-05 12:21:39"
"2024-09-05";"";"68 602";"2 862";"27 562 834";"2024-09-05 19:04:54"
"2024-09-04";"";"42 869";"5 335";"27 562 706";"2024-09-04 15:24:02"
"2024-09-07";"Instagram";"1 727 185";"315 056";"27 562 473";"2024-09-07 12:21:22"
"2024-09-07";"";"7 107 899";"268 717";"27 561 743";"2024-09-07 03:36:26"
"2024-09-07";"Telegram";"1 393 841";"72 901";"27 561 578";"2024-09-07 09:42:27"
"2024-09-03";"Yandex";"3 038 577";"1 064 305";"27 562 735";"2024-09-03 13:22:48"
"2024-09-02";"";"656 591";"115 185";"27 563 421";"2024-09-02 11:56:37"
"2024-09-10";"";"46 763";"4 004";"27 562 544";"2024-09-10 10:07:27"
"2024-09-10";"";"1 697 312";"2 183 018";"27 562 598";"2024-09-10 13:10:43"
"2024-09-10";"";"128 800";"5 381";"27 563 514";"2024-09-11 00:21:21"
"2024-09-02";"Yandex";"131 615";"7 366";"27 562 735";"2024-09-03 00:21:09"
"2024-09-06";"YouTube";"932 967";"115 823";"27 561 201";"2024-09-06 17:50:47"
"2024-09-03";"";"32 434";"2 544";"27 561 304";"2024-09-03 13:58:49"
"2024-09-07";"";"41 956";"11 933";"27 561 204";"2024-09-07 12:09:58"
"2024-09-05";"";"33 003";"2 125";"27 562 192";"2024-09-05 19:28:51"
"2024-09-01";"";"5 499 827";"642 195";"27 563 128";"2024-09-01 17:02:40"
"2024-09-01";"YouTube";"248 012";"32 252";"27 561 300";"2024-09-01 19:04:42"
"2024-09-07";"";"9 048 178";"401 389";"27 563 453";"2024-09-08 02:47:55"
"2024-09-03";"";"267 644";"13 769";"27 561 428";"2024-09-03 16:13:54"
"2024-09-03";"";"641 844";"33 326";"27 562 527";"2024-09-03 05:50:31"
"2024-09-07";"";"25 663";"6 174";"27 561 237";"2024-09-07 16:37:18"
"2024-09-07";"Yandex";"10 487 976";"1 886 853";"27 563 287";"2024-09-08 00:09:28"
"2024-09-02";"";"45 140";"3 094";"27 563 047";"2024-09-02 21:54:02"
"2024-09-01";"";"200 943";"8 316";"27 561 499";"2024-09-01 06:39:52"
"2024-09-06";"";"97 760";"19 079";"27 562 543";"2024-09-06 10:19:28"
"2024-09-06";"";"710";"35 021";"27 562 673";"2024-09-06 22:31:57"
"2024-09-04";"";"314 230";"194 653";"27 562 645";"2024-09-04 14:23:48"
"2024-09-09";"";"47 584";"6 821";"27 562 806";"2024-09-10 00:45:04"
"2024-09-10";"";"85 664";"19 182";"27 562 204";"2024-09-10 17:26:28"
"2024-09-02";"";"3 234 157";"85 736";"27 562 156";"2024-09-03 00:33:18"
"2024-09-09";"";"87 118";"3 946";"27 563 372";"2024-09-09 11:44:10"
"2024-09-03";"";"5 486";"27 209";"27 561 556";"2024-09-03 10:55:26"
"2024-09-06";"Yandex";"524 969";"42 647";"27 561 306";"2024-09-06 19:16:36"
"2024-09-04";"";"68 075";"10 867";"27 562 732";"2024-09-04 09:42:09"
"2024-09-06";"";"305 666";"571 709";"27 562 534";"2024-09-06 10:55:13"
"2024-09-04";"";"79 994";"5 377";"27 563 514";"2024-09-04 06:51:13"
"2024-09-02";"";"24 959 783";"2 283 894";"27 562 275";"2024-09-02 08:17:36"
"2024-09-10";"";"2 428 999";"274 828";"27 562 675";"2024-09-10 14:47:38"
"2024-09-04";"Yandex";"3 984 516";"195 243";"27 562 453";"2024-09-04 18:39:37"
"2024-09-06";"Telegram";"9 266 063";"588 547";"27 562 992";"2024-09-06 21:30:26"
"2024-09-04";"";"563 095";"70 793";"27 562 969";"2024-09-04 03:48:38"
"2024-09-03";"Telegram";"40 323 946";"16 095 714";"27 561 963";"2024-09-03 07:40:16"
"2024-09-07";"";"280 445";"343 587";"27 562 890";"2024-09-07 11:32:00"
"2024-09-07";"";"24 878 209";"1 036 597";"27 563 512";"2024-09-07 17:26:08"
"2024-09-10";"";"64 229";"7 259";"27 563 153";"2024-09-10 19:28:54"
"2024-09-04";"YouTube";"35 281";"2 840";"27 562 674";"2024-09-04 12:21:21"
"2024-09-01";"";"1 626 538";"90 328";"27 561 975";"2024-09-01 05:26:08"
"2024-09-03";"Yandex";"151 354";"7 266";"27 561 613";"2024-09-03 07:40:26"
"2024-09-02";"";"28 324";"14 387";"27 562 495";"2024-09-02 18:51:07"
"2024-09-05";"";"33 063";"3 337";"27 562 071";"2024-09-05 19:40:04"
"2024-09-03";"";"30 299";"1 579";"27 562 039";"2024-09-03 09:18:18"
"2024-09-04";"";"725 183";"205 662";"27 561 251";"2024-09-04 08:05:08"
"2024-09-09";"Yandex";"61 937";"6 474";"27 561 870";"2024-09-09 14:11:24"
"2024-09-05";"";"52 113";"22 531";"27 561 358";"2024-09-05 07:04:26"
"2024-09-08";"";"1 197 805";"875 029";"27 562 050";"2024-09-08 05:14:28"
"2024-09-02";"";"1 676 492";"62 710";"27 562 156";"2024-09-02 21:42:52"
"2024-09-05";"";"146 760";"16 334";"27 561 437";"2024-09-05 17:14:10"
"2024-09-04";"";"83 225";"4 502";"27 562 675";"2024-09-04 10:07:37"
"2024-09-01";"";"794 160";"325 641";"27 561 596";"2024-09-01 12:21:38"
"2024-09-08";"";"46 034";"4 852";"27 561 772";"2024-09-08 09:06:28"
"2024-09-03";"";"33 780";"7 119";"27 562 614";"2024-09-03 06:39:48"
"2024-09-05";"";"91 480";"344 186";"27 562 233";"2024-09-05 21:06:36"
"2024-09-09";"";"28 639";"4 379";"27 562 591";"2024-09-09 21:18:30"
"2024-09-05";"";"731 188";"61 153";"27 561 533";"2024-09-05 08:41:03"
"2024-09-03";"YouTube";"775 633";"349 822";"27 562 107";"2024-09-04 02:35:34"
"2024-09-03";"";"6 375 472";"964 022";"27 561 480";"2024-09-03 09:54:14"
"2024-09-04";"";"36 092";"185 914";"27 561 964";"2024-09-04 09:06:00"
"2024-09-09";"";"7 723";"35 786";"27 561 882";"2024-09-10 00:09:15"
"2024-09-08";"";"31 185";"2 936";"27 562 071";"2024-09-08 20:41:41"
"2024-09-01";"Unknown";"1 977 198";"167 213";"27 561 353";"2024-09-01 14:11:24"
"2024-09-09";"";"20 180 345";"1 177 823";"27 561 545";"2024-09-09 19:28:41"
"2024-09-04";"";"168 553";"205 534";"27 562 364";"2024-09-05 02:47:20"
"2024-09-07";"";"31 228";"8 837";"27 563 044";"2024-09-07 12:45:40"
"2024-09-05";"";"49 593";"107 270";"27 561 759";"2024-09-06 02:23:08"
"2024-09-04";"Telegram";"79 895 829";"2 702 042";"27 562 825";"2024-09-05 02:11:18"
"2024-09-04";"";"31 937 669";"604 919";"27 561 392";"2024-09-04 07:28:45"
"2024-09-07";"";"100 249";"173 238";"27 563 369";"2024-09-07 10:07:34"
"2024-09-09";"";"37 310";"5 481";"27 561 692";"2024-09-10 02:11:07"
"2024-09-04";"";"624 364";"157 420";"27 561 940";"2024-09-04 11:44:17"
"2024-09-06";"";"34 265";"3 267";"27 562 363";"2024-09-06 23:32:15"
"2024-09-04";"Telegram";"9 442 775";"845 347";"27 563 066";"2024-09-04 21:42:41"
"2024-09-05";"";"4 724";"115 334";"27 562 656";"2024-09-05 13:58:00"
"2024-09-10";"";"746 488";"27 866";"27 562 458";"2024-09-10 21:54:03"
"2024-09-04";"";"5 777 074";"627 899";"27 563 029";"2024-09-05 00:33:29"
"2024-09-08";"";"84 523";"1 663 703";"27 562 903";"2024-09-08 21:06:22"
"2024-09-08";"";"0";"98 173";"27 562 871";"2024-09-08 16:13:21"
"2024-09-06";"";"296 782";"92 651";"27 562 050";"2024-09-06 12:33:54"
"2024-09-01";"";"177 595";"337 200";"27 561 402";"2024-09-01 22:55:47"
"2024-09-03";"";"439 023";"22 758";"27 562 775";"2024-09-04 00:21:57"
"2024-09-03";"Instagram";"3 607 925";"163 183";"27 563 445";"2024-09-03 15:48:31"
"2024-09-05";"";"114 895";"14 827";"27 563 315";"2024-09-05 05:02:37"
"2024-09-04";"";"41 133";"7 635";"27 562 973";"2024-09-04 03:48:07"
"2024-09-07";"";"145 801 784";"6 540 135";"27 561 396";"2024-09-08 02:59:19"
"2024-09-03";"Telegram";"351 117 155";"25 332 440";"27 562 192";"2024-09-03 22:55:35"
"2024-09-09";"";"50 639 750";"2 554 615";"27 563 404";"2024-09-10 00:45:43"
"2024-09-04";"Facebook";"145 977";"198 821";"27 563 413";"2024-09-04 17:38:27"
"2024-09-03";"Facebook";"937 733";"41 768";"27 562 778";"2024-09-03 16:01:15"
"2024-09-05";"";"149 984";"18 771";"27 561 840";"2024-09-05 14:35:07"
"2024-09-04";"";"15 458 636";"997 109";"27 563 047";"2024-09-04 04:25:37"
"2024-09-07";"";"1 755 926";"1 524 346";"27 562 436";"2024-09-07 03:12:42"
"2024-09-10";"Yandex";"539 879";"545 125";"27 561 743";"2024-09-10 15:24:50"
"2024-09-10";"Instagram";"219 345 435";"5 229 874";"27 562 571";"2024-09-10 16:49:13"
"2024-09-02";"";"384 183";"20 550";"27 562 324";"2024-09-03 00:33:27"
"2024-09-04";"";"233 022";"180 884";"27 562 063";"2024-09-04 05:26:59"
"2024-09-09";"Facebook";"26 993";"3 374";"27 563 151";"2024-09-09 10:07:03"
"2024-09-09";"";"47 027";"4 314";"27 561 514";"2024-09-09 08:41:33"
"2024-09-05";"";"2 616 663";"80 897";"27 561 219";"2024-09-05 11:20:35"
"2024-09-08";"";"1 067 029";"198 823";"27 562 314";"2024-09-08 23:32:58"
"2024-09-09";"";"552 380";"31 776";"27 561 234";"2024-09-09 23:56:21"
"2024-09-05";"";"85 307";"6 046";"27 562 861";"2024-09-05 12:33:13"
"2024-09-01";"Telegram";"65 662 684";"9 303 195";"27 561 195";"2024-09-01 10:19:18"
"2024-09-10";"";"50 550 267";"3 577 280";"27 562 254";"2024-09-10 14:47:15"
"2024-09-09";"";"183 255";"13 931";"27 562 804";"2024-09-09 05:26:51"
"2024-09-07";"Instagram";"5 235 078";"161 212";"27 562 897";"2024-09-07 13:10:22"
"2024-09-07";"Telegram";"1 756 155";"120 264";"27 563 351";"2024-09-07 06:39:44"
"2024-09-05";"Yandex";"145 152";"7 871";"27 561 252";"2024-09-06 02:23:30"
"2024-09-09";"";"612 335";"105 057";"27 562 659";"2024-09-09 11:32:33"
"2024-09-10";"";"2 000 810";"983 058";"27 563 177";"2024-09-10 23:08:18"
"2024-09-05";"";"11 311 907";"1 844 834";"27 562 693";"2024-09-05 16:01:47"
"2024-09-02";"";"36 630";"314 202";"27 563 017";"2024-09-02 03:12:28"
"2024-09-01";"Facebook";"31 716 158";"962 334";"27 562 721";"2024-09-01 23:32:24"
"2024-09-02";"";"922 936";"24 263";"27 562 615";"2024-09-02 18:39:51"
"2024-09-05";"WhatsApp";"28 605";"11 271";"27 561 850";"2024-09-05 15:36:38"
"2024-09-07";"";"325 210";"106 294";"27 562 091";"2024-09-07 11:44:55"
"2024-09-06";"";"328 947";"17 723";"27 562 401";"2024-09-06 17:50:46"
"2024-09-08";"YouTube";"111 192";"194 831";"27 562 422";"2024-09-09 02:23:00"
"2024-09-07";"YouTube";"8 643 042";"1 906 289";"27 562 098";"2024-09-07 14:11:13"
"2024-09-10";"";"439 396";"16 845";"27 562 739";"2024-09-10 04:01:02"
"2024-09-01";"";"317 675";"16 572";"27 562 459";"2024-09-02 02:47:42"
"2024-09-07";"YouTube";"449 457";"4 562 573";"27 563 107";"2024-09-07 17:50:20"
"2024-09-01";"Odnoklassniki";"130 573";"9 633";"27 563 320";"2024-09-02 01:46:22"
"2024-09-01";"YouTube";"92 867";"15 043";"27 562 686";"2024-09-01 09:30:59"
"2024-09-09";"";"42 634";"3 964";"27 561 992";"2024-09-09 17:38:45"
"2024-09-08";"";"144 501";"16 278";"27 562 590";"2024-09-08 06:39:47"
"2024-09-02";"Instagram";"5 229 106";"251 028";"27 562 538";"2024-09-03 01:34:21"
"2024-09-10";"";"28 506";"28 904";"27 562 460";"2024-09-10 05:50:34"
"2024-09-06";"";"33 042";"10 118";"27 562 230";"2024-09-06 11:20:11"
"2024-09-05";"";"151 042";"280 631";"27 561 375";"2024-09-05 12:33:56"
"2024-09-04";"";"174 803";"21 016";"27 561 963";"2024-09-04 06:39:38"
"2024-09-09";"";"4 343";"44 367";"27 562 965";"2024-09-09 17:50:07"
"2024-09-05";"YouTube";"2 233 225";"765 054";"27 561 464";"2024-09-05 10:19:42"
"2024-09-08";"";"4 524 355";"1 161 853";"27 562 343";"2024-09-08 11:08:42"
"2024-09-08";"YouTube";"159 426";"1 077 197";"27 562 453";"2024-09-09 02:23:06"
"2024-09-05";"";"840 071";"84 724";"27 562 366";"2024-09-05 06:15:07"
"2024-09-01";"";"107 449";"39 451";"27 563 168";"2024-09-01 23:20:29"
"2024-09-01";"";"24 113";"27 100";"27 562 226";"2024-09-02 00:33:32"
"2024-09-04";"YouTube";"165 450";"27 615";"27 562 591";"2024-09-04 12:45:10"
"2024-09-05";"";"140 654";"324 166";"27 562 259";"2024-09-05 15:00:28"
"2024-09-03";"YouTube";"243 122";"13 988";"27 561 826";"2024-09-04 01:10:51"
"2024-09-09";"";"81 855";"2 403";"27 562 824";"2024-09-09 21:18:02"
"2024-09-09";"";"203 822";"39 018";"27 562 739";"2024-09-09 11:20:28"
"2024-09-08";"Yandex";"1 362 822";"105 874";"27 562 462";"2024-09-08 19:16:46"
"2024-09-10";"";"36 738";"3 042";"27 561 186";"2024-09-10 15:00:37"
"2024-09-06";"";"3 313 121";"562 299";"27 563 314";"2024-09-06 23:20:54"
"2024-09-10";"YouTube";"1 459 814";"115 901";"27 563 451";"2024-09-10 22:55:37"
"2024-09-09";"Instagram";"4 279 654";"2 247 663";"27 562 352";"2024-09-09 16:37:53"
"2024-09-04";"YouTube";"1 379 607";"151 766";"27 561 870";"2024-09-04 08:53:13"
"2024-09-08";"";"16 884";"31 277";"27 562 167";"2024-09-08 20:41:01"
"2024-09-03";"";"77 134";"9 946";"27 562 932";"2024-09-03 11:20:30"
"2024-09-02";"";"67 217";"38 428";"27 563 448";"2024-09-03 00:45:36"
"2024-09-06";"";"173 565";"10 253";"27 561 884";"2024-09-06 05:38:38"
"2024-09-07";"";"920 907";"112 798";"27 561 951";"2024-09-07 04:25:17"
"2024-09-08";"";"1 289 193";"161 959";"27 561 920";"2024-09-08 19:52:51"
"2024-09-01";"YouTube";"684 640";"179 978";"27 561 898";"2024-09-01 21:18:06"
"2024-09-05";"Tas-ix";"16 881 133";"779 563";"27 562 535";"2024-09-05 11:56:26"
"2024-09-01";"";"30 312";"24 702";"27 563 310";"2024-09-01 09:54:10"
"2024-09-10";"";"38 893";"1 426";"27 562 090";"2024-09-11 02:59:43"
"2024-09-03";"";"34 723";"9 639";"27 563 476";"2024-09-03 13:22:23"
"2024-09-07";"";"11 031 663";"402 734";"27 562 670";"2024-09-07 08:17:43"
"2024-09-05";"";"57 633";"4 191";"27 563 342";"2024-09-05 03:24:18"
"2024-09-10";"Instagram";"817 824";"22 502";"27 561 449";"2024-09-10 17:26:03"
"2024-09-04";"Yandex";"565 925";"135 857";"27 561 674";"2024-09-05 01:22:57"
"2024-09-10";"";"284 513";"9 262";"27 562 792";"2024-09-10 18:15:57"
"2024-09-10";"";"42 925";"364 139";"27 562 150";"2024-09-10 03:24:50"
"2024-09-03";"";"188 647";"47 406";"27 563 489";"2024-09-03 16:13:20"
"2024-09-02";"";"129 839";"490 571";"27 561 203";"2024-09-02 13:10:24"
"2024-09-04";"";"51 304";"20 567";"27 561 214";"2024-09-04 18:51:58"
"2024-09-02";"Telegram";"543 506";"148 720";"27 562 379";"2024-09-02 21:06:22"
"2024-09-05";"";"45 316";"11 191";"27 563 445";"2024-09-05 14:47:25"
"2024-09-05";"Yandex";"413 233";"21 397";"27 562 259";"2024-09-05 17:50:26"
"2024-09-09";"";"456 268";"81 166";"27 562 436";"2024-09-09 05:14:34"
"2024-09-10";"YouTube";"15 813 588";"798 490";"27 563 061";"2024-09-11 01:58:40"
"2024-09-10";"Yandex";"19 804 772";"1 282 035";"27 561 269";"2024-09-11 02:47:28"
"2024-09-08";"";"3 783";"40 495";"27 563 388";"2024-09-09 01:58:22"
"2024-09-07";"";"37 683";"10 399";"27 562 866";"2024-09-07 13:22:00"
"2024-09-03";"Instagram";"1 761 015";"76 192";"27 562 690";"2024-09-03 10:07:12"
"2024-09-10";"";"55 147";"45 190";"27 561 259";"2024-09-10 20:17:43"
"2024-09-01";"";"188 364";"11 509";"27 561 325";"2024-09-01 04:13:18"
"2024-09-08";"";"35 456";"2 304";"27 563 073";"2024-09-08 11:20:17"
"2024-09-05";"";"36 712";"1 688";"27 562 536";"2024-09-05 03:00:24"
"2024-09-10";"";"393 974";"277 310";"27 561 331";"2024-09-10 07:04:52"
"2024-09-04";"Telegram";"360 824";"44 824";"27 562 425";"2024-09-04 03:48:36"
"2024-09-09";"";"67 406";"12 376";"27 561 197";"2024-09-09 09:42:17"
"2024-09-06";"";"187 253";"24 193";"27 561 176";"2024-09-06 09:06:14"
"2024-09-07";"";"57 718";"17 587";"27 562 118";"2024-09-07 20:05:33"
"2024-09-09";"";"268 574";"84 126";"27 562 889";"2024-09-09 23:20:47"
"2024-09-06";"YouTube";"1 092 302";"459 945";"27 561 352";"2024-09-07 02:47:42"
"2024-09-05";"YouTube";"7 129 205";"369 623";"27 562 838";"2024-09-05 07:28:48"
"2024-09-09";"";"105 222";"8 973";"27 563 101";"2024-09-09 06:15:01"
"2024-09-08";"Instagram";"142 741 807";"3 697 387";"27 563 335";"2024-09-08 05:14:31"
"2024-09-02";"";"281 712";"4 557";"27 562 124";"2024-09-03 00:09:42"
"2024-09-10";"";"649 339";"127 190";"27 562 608";"2024-09-10 12:09:25"
"2024-09-10";"";"120 844";"115 549";"27 563 044";"2024-09-10 20:53:23"
"2024-09-10";"";"95 122";"40 313";"27 562 069";"2024-09-10 06:15:34"
"2024-09-08";"";"32 427";"4 639";"27 561 841";"2024-09-08 13:46:10"
"2024-09-02";"YouTube";"780 137";"52 483";"27 562 670";"2024-09-02 15:00:46"
"2024-09-02";"";"2 430 288";"3 403 028";"27 562 892";"2024-09-02 23:56:13"
"2024-09-02";"";"2 235 541";"269 856";"27 562 459";"2024-09-02 16:37:33"
"2024-09-08";"Telegram";"407 211 433";"21 185 767";"27 563 250";"2024-09-08 11:20:32"
"2024-09-03";"Tas-ix";"72 688";"19 164";"27 562 774";"2024-09-03 07:52:18"
"2024-09-10";"Likee";"116 602";"98 340";"27 562 843";"2024-09-11 01:22:49"
"2024-09-03";"Apple Music";"951 607";"261 100";"27 562 372";"2024-09-03 14:47:07"
"2024-09-09";"";"26 940";"7 119";"27 562 487";"2024-09-09 06:39:40"
"2024-09-02";"";"26 904";"3 689";"27 562 956";"2024-09-02 20:53:05"
"2024-09-06";"";"26 755";"10 594";"27 563 372";"2024-09-06 08:29:13"
"2024-09-10";"WhatsApp";"57 135";"23 647";"27 563 392";"2024-09-11 01:22:27"
"2024-09-05";"";"1 349 164";"138 628";"27 562 476";"2024-09-05 11:32:57"
"2024-09-09";"";"160 419";"8 930";"27 562 457";"2024-09-09 08:29:13"
"2024-09-06";"";"32 125";"5 739";"27 562 611";"2024-09-06 19:04:18"
"2024-09-09";"Telegram";"29 973 118";"1 578 635";"27 561 649";"2024-09-09 12:33:37"
"2024-09-04";"";"224 777";"870 248";"27 563 325";"2024-09-04 04:25:30"
"2024-09-06";"";"611 473";"466 006";"27 563 336";"2024-09-07 02:59:34"
"2024-09-03";"";"50 035";"10 018";"27 562 298";"2024-09-03 08:53:00"
"2024-09-01";"";"307 993";"67 610";"27 563 414";"2024-09-01 06:03:36"
"2024-09-01";"";"130 022";"18 834";"27 562 014";"2024-09-01 11:56:48"
"2024-09-06";"";"28 854";"2 437";"27 562 455";"2024-09-06 22:31:12"
"2024-09-03";"";"76 626";"5 485";"27 563 290";"2024-09-03 10:31:41"
"2024-09-09";"";"79 796";"7 719";"27 562 599";"2024-09-09 14:35:35"
"2024-09-01";"";"27 533";"6 507";"27 562 696";"2024-09-01 11:20:40"
"2024-09-03";"";"233 737";"17 229";"27 563 293";"2024-09-04 01:46:49"
"2024-09-07";"";"25 175";"31 616";"27 563 418";"2024-09-07 10:31:27"
"2024-09-03";"";"6 347 793";"237 343";"27 562 548";"2024-09-03 19:16:31"
"2024-09-09";"";"254 519";"10 886";"27 562 087";"2024-09-09 16:25:14"
"2024-09-08";"YouTube";"48 634";"16 107";"27 562 324";"2024-09-08 16:01:47"
"2024-09-08";"";"4 330";"26 248";"27 562 087";"2024-09-08 05:38:05"
"2024-09-04";"";"25 838";"4 054";"27 561 673";"2024-09-04 15:12:58"
"2024-09-09";"";"879 781";"70 169";"27 562 834";"2024-09-09 09:30:19"
"2024-09-07";"";"54 004";"4 750";"27 561 410";"2024-09-07 05:14:47"
"2024-09-08";"";"30 024";"5 054";"27 561 271";"2024-09-08 17:38:50"
"2024-09-03";"";"753 027";"86 178";"27 561 828";"2024-09-04 00:45:52"
"2024-09-03";"YouTube";"68 117 423";"5 414 996";"27 561 809";"2024-09-03 22:19:24"
"2024-09-08";"Instagram";"8 785 755";"399 674";"27 562 037";"2024-09-08 08:29:54"
"2024-09-10";"";"31 510";"32 451";"27 561 265";"2024-09-10 04:01:39"
"2024-09-04";"";"2 592 069";"150 444";"27 563 102";"2024-09-04 12:33:05"
"2024-09-08";"";"559 925";"298 288";"27 562 806";"2024-09-09 00:33:02"
"2024-09-10";"";"9 118 266";"799 135";"27 561 449";"2024-09-10 04:01:54"
"2024-09-02";"";"245 389";"122 549";"27 562 608";"2024-09-02 21:18:19"
"2024-09-01";"Unknown";"1 158 758";"356 051";"27 562 992";"2024-09-01 04:49:28"
"2024-09-05";"";"79 511";"47 421";"27 561 974";"2024-09-05 23:32:09"
"2024-09-09";"";"192 605";"180 483";"27 562 607";"2024-09-09 11:08:10"
"2024-09-06";"";"242 537";"39 786";"27 562 505";"2024-09-06 14:23:03"
"2024-09-05";"";"33 347";"3 100";"27 562 476";"2024-09-05 18:27:04"
"2024-09-02";"YouTube";"6 096 417";"2 533 013";"27 562 015";"2024-09-02 17:50:14"
"2024-09-06";"";"343 800";"81 157";"27 561 752";"2024-09-06 16:37:49"
"2024-09-03";"YouTube";"33 671";"232 995";"27 562 679";"2024-09-03 05:26:26"
"2024-09-05";"";"1 550";"74 514";"27 561 974";"2024-09-05 11:44:40"
"2024-09-03";"";"286 606 004";"36 648 420";"27 561 867";"2024-09-03 11:44:44"
"2024-09-04";"";"10 659";"32 522";"27 562 087";"2024-09-04 08:41:11"
"2024-09-08";"YouTube";"257 565";"53 218";"27 562 783";"2024-09-08 10:43:47"
"2024-09-03";"";"30 195";"1 504";"27 562 469";"2024-09-03 22:19:16"
"2024-09-09";"Instagram";"37 687 338";"594 014";"27 561 998";"2024-09-09 11:32:13"
"2024-09-08";"";"973 841";"35 781";"27 562 041";"2024-09-08 17:02:16"
"2024-09-02";"";"46 512";"3 002";"27 561 613";"2024-09-02 05:14:15"
"2024-09-05";"";"168 456";"11 968";"27 561 290";"2024-09-05 19:04:04"
"2024-09-06";"Yandex";"117 849";"6 048";"27 562 138";"2024-09-06 12:57:38"
"2024-09-02";"YouTube";"229 052";"82 982";"27 561 435";"2024-09-02 13:34:00"
"2024-09-06";"";"1 426 895";"19 351";"27 562 047";"2024-09-06 09:06:02"
"2024-09-06";"";"174 410";"84 144";"27 563 289";"2024-09-06 05:14:05"
"2024-09-02";"Telegram";"977 741";"107 382";"27 562 270";"2024-09-02 14:23:51"
"2024-09-09";"";"561 663";"56 804";"27 562 590";"2024-09-09 14:47:04"
"2024-09-08";"";"36 991";"2 338";"27 562 143";"2024-09-08 20:29:33"
"2024-09-05";"Yandex";"113 229";"62 009";"27 561 684";"2024-09-05 17:38:12"
"2024-09-03";"";"209 068";"27 615";"27 561 745";"2024-09-03 22:43:26"
"2024-09-04";"WhatsApp";"29 585";"39 351";"27 561 605";"2024-09-04 11:56:29"
"2024-09-09";"";"131 473";"16 600";"27 561 567";"2024-09-09 20:53:40"
"2024-09-03";"YouTube";"6 032 673";"380 929";"27 562 803";"2024-09-03 13:22:56"
"2024-09-08";"";"36 785";"15 437";"27 562 328";"2024-09-09 01:22:42"
"2024-09-06";"";"1 090 435";"91 805";"27 562 899";"2024-09-06 03:00:02"
"2024-09-04";"";"65 160";"40 808";"27 563 024";"2024-09-04 11:08:39"
"2024-09-09";"Instagram";"799 048";"393 995";"27 563 452";"2024-09-09 06:03:50"
"2024-09-06";"Facebook";"8 120 037";"630 152";"27 562 956";"2024-09-06 08:29:21"
"2024-09-05";"";"174 823";"218 893";"27 562 437";"2024-09-05 23:56:37"
"2024-09-10";"";"32 201";"11 542";"27 561 827";"2024-09-10 18:03:17"
"2024-09-04";"TikTok";"12 209";"108 186";"27 563 368";"2024-09-04 14:35:03"
"2024-09-03";"Telegram";"274 022";"38 500";"27 562 411";"2024-09-03 21:42:05"
"2024-09-09";"YouTube";"39 811 543";"4 456 441";"27 562 804";"2024-09-09 11:44:59"
"2024-09-02";"Instagram";"38 917";"10 111";"27 563 165";"2024-09-02 23:08:10"
"2024-09-04";"";"8 906 513";"270 289";"27 561 693";"2024-09-04 21:42:28"
"2024-09-08";"";"75 794";"5 174";"27 561 789";"2024-09-08 19:28:29"
"2024-09-10";"";"45 931";"8 734";"27 563 154";"2024-09-10 20:05:06"
"2024-09-02";"";"132 728";"12 669";"27 562 642";"2024-09-02 08:17:13"
"2024-09-07";"";"30 727";"8 107";"27 562 590";"2024-09-07 05:14:28"
"2024-09-10";"Unknown";"1 272 165";"60 468";"27 563 262";"2024-09-10 12:33:06"
"2024-09-02";"";"1 414";"82 601";"27 561 504";"2024-09-02 18:15:00"
"2024-09-03";"";"341 595";"22 965";"27 563 033";"2024-09-03 03:00:45"
"2024-09-04";"";"66 646";"83 818";"27 562 453";"2024-09-04 11:44:04"
"2024-09-03";"";"36 181";"9 319";"27 562 443";"2024-09-03 23:20:35"
"2024-09-01";"";"400 483";"15 052";"27 562 317";"2024-09-02 02:35:15"
"2024-09-03";"";"46 009";"4 442";"27 563 240";"2024-09-03 06:51:24"
"2024-09-06";"";"324 264";"287 476";"27 562 170";"2024-09-06 07:40:57"
"2024-09-10";"Facebook";"155 616";"17 422";"27 561 356";"2024-09-11 01:58:50"
"2024-09-10";"";"125 546";"189 146";"27 561 368";"2024-09-10 07:52:26"
"2024-09-06";"";"43 387";"2 983";"27 561 676";"2024-09-06 05:50:43"
"2024-09-06";"Instagram";"455 755";"26 812";"27 561 369";"2024-09-07 02:47:25"
"2024-09-08";"";"12 368 032";"420 690";"27 563 372";"2024-09-08 13:22:27"
"2024-09-06";"";"79 128";"41 114";"27 561 802";"2024-09-06 05:02:02"
"2024-09-03";"";"54 188";"14 647";"27 561 250";"2024-09-03 06:15:28"
"2024-09-04";"Tas-ix";"143 087";"2 524";"27 563 237";"2024-09-04 06:51:16"
"2024-09-02";"Instagram";"385 777";"64 300";"27 562 200";"2024-09-02 08:17:00"
"2024-09-01";"";"104 053 037";"4 976 219";"27 563 130";"2024-09-01 19:16:32"
"2024-09-02";"";"44 237";"2 942";"27 561 767";"2024-09-02 22:19:51"
"2024-09-03";"";"153 605";"30 939";"27 562 622";"2024-09-03 11:44:45"
"2024-09-08";"Instagram";"13 177 592";"529 585";"27 562 243";"2024-09-08 12:57:31"
"2024-09-05";"";"71 439";"36 180";"27 562 236";"2024-09-05 06:39:56"
"2024-09-06";"YouTube";"674 254";"35 389";"27 562 070";"2024-09-06 14:23:16"
"2024-09-03";"";"33 627";"5 477";"27 562 732";"2024-09-03 11:44:31"
"2024-09-02";"";"44 481";"3 683";"27 562 631";"2024-09-02 23:44:01"
"2024-09-03";"Facebook";"180 495 229";"5 873 299";"27 561 586";"2024-09-03 11:08:25"
"2024-09-09";"Unknown";"297 606";"203 373";"27 562 808";"2024-09-09 06:39:29"
"2024-09-08";"Facebook";"375 603";"25 175";"27 562 979";"2024-09-08 05:38:47"
"2024-09-06";"";"33 197";"3 431";"27 562 666";"2024-09-06 07:28:06"
"2024-09-02";"Apple Music";"30 973";"9 223";"27 562 561";"2024-09-02 23:56:41"
"2024-09-09";"";"33 848";"33 283";"27 562 654";"2024-09-09 06:51:11"
"2024-09-10";"";"1 029 462";"38 804";"27 562 615";"2024-09-10 05:26:02"
"2024-09-09";"";"27 694";"8 083";"27 563 269";"2024-09-09 20:17:57"
"2024-09-01";"";"32 767";"1 450";"27 562 124";"2024-09-01 20:17:42"
"2024-09-06";"YouTube";"57 124 473";"4 518 061";"27 562 174";"2024-09-07 01:34:45"
"2024-09-02";"";"44 734";"17 589";"27 562 044";"2024-09-02 22:43:23"
"2024-09-03";"";"252 621";"31 668";"27 562 205";"2024-09-03 12:09:22"
"2024-09-04";"";"604 431";"37 547";"27 562 261";"2024-09-04 05:38:59"
"2024-09-01";"Instagram";"164 265";"9 609";"27 562 973";"2024-09-01 21:54:58"
"2024-09-02";"";"1 386 868";"122 618";"27 562 464";"2024-09-02 09:06:34"
"2024-09-08";"YouTube";"1 947 034";"770 328";"27 561 900";"2024-09-08 13:22:53"
"2024-09-06";"Instagram";"712 776";"63 760";"27 561 485";"2024-09-06 19:16:25"
"2024-09-01";"Telegram";"1 101 944";"139 237";"27 562 211";"2024-09-02 00:21:51"
"2024-09-01";"YouTube";"56 730";"271 023";"27 563 388";"2024-09-01 12:33:37"
"2024-09-06";"";"5 379 846";"208 096";"27 562 595";"2024-09-07 01:22:19"
"2024-09-08";"";"112 383";"32 568";"27 562 454";"2024-09-08 18:51:09"
"2024-09-05";"";"1 808 486";"2 157 125";"27 561 172";"2024-09-05 22:31:56"
"2024-09-05";"";"499 354";"308 088";"27 561 676";"2024-09-05 13:22:34"
"2024-09-02";"";"79 025";"7 675";"27 562 759";"2024-09-02 15:00:27"
"2024-09-03";"Instagram";"154 931 285";"3 089 139";"27 563 180";"2024-09-03 11:44:44"
"2024-09-08";"Telegram";"117 110 585";"11 882 130";"27 561 474";"2024-09-08 14:35:47"
"2024-09-06";"TikTok";"513 078";"5 151 918";"27 563 358";"2024-09-06 15:36:09"
"2024-09-08";"";"198 386";"5 508";"27 563 143";"2024-09-08 17:14:58"
"2024-09-03";"Instagram";"986 471";"302 355";"27 563 092";"2024-09-03 05:26:48"
"2024-09-01";"";"131 845";"8 601";"27 563 030";"2024-09-02 01:46:24"
"2024-09-09";"";"1 283 905";"67 365";"27 562 955";"2024-09-10 01:10:12"
"2024-09-08";"Telegram";"2 113 447";"170 297";"27 563 139";"2024-09-08 03:24:37"
"2024-09-02";"";"50 575";"8 519";"27 561 195";"2024-09-02 09:54:50"
"2024-09-03";"";"632 847";"33 461";"27 562 591";"2024-09-03 23:08:03"
"2024-09-07";"";"38 826";"6 169";"27 563 109";"2024-09-07 22:55:29"
"2024-09-05";"";"260 442";"21 401";"27 562 613";"2024-09-05 14:23:58"
"2024-09-02";"";"49 115";"2 835";"27 561 689";"2024-09-02 17:50:39"
"2024-09-06";"";"25 973";"2 252";"27 562 170";"2024-09-06 04:25:42"
"2024-09-09";"YouTube";"52 443";"257 389";"27 561 690";"2024-09-09 19:52:38"
"2024-09-10";"";"39 664";"5 349";"27 562 894";"2024-09-10 16:13:30"
"2024-09-08";"";"687 047";"230 703";"27 562 897";"2024-09-08 17:50:57"
"2024-09-04";"";"1 161 104";"52 304";"27 563 083";"2024-09-04 19:28:14"
"2024-09-09";"";"340 232";"16 674";"27 562 365";"2024-09-09 05:26:29"
"2024-09-06";"YouTube";"745 390";"323 964";"27 562 714";"2024-09-06 13:34:13"
"2024-09-07";"YouTube";"761 915";"88 238";"27 562 640";"2024-09-07 04:13:41"
"2024-09-02";"Apple Music";"30 821";"7 261";"27 561 828";"2024-09-02 21:42:20"
"2024-09-07";"Instagram";"124 331";"19 900";"27 563 203";"2024-09-07 18:51:02"
"2024-09-02";"";"33 614";"5 768";"27 561 590";"2024-09-03 01:22:33"
"2024-09-08";"Facebook";"860 605";"437 519";"27 562 587";"2024-09-08 15:24:21"
"2024-09-03";"";"127 094";"93 451";"27 561 343";"2024-09-03 12:45:45"
"2024-09-05";"";"44 210";"24 058";"27 562 553";"2024-09-05 15:48:22"
"2024-09-08";"YouTube";"83 084";"33 038";"27 561 597";"2024-09-08 13:22:21"
"2024-09-06";"";"9 205";"40 843";"27 561 179";"2024-09-06 11:08:20"
"2024-09-03";"";"99 928";"38 775";"27 561 882";"2024-09-03 10:43:07"
"2024-09-08";"";"49 120";"4 083";"27 561 265";"2024-09-08 22:43:52"
"2024-09-09";"YouTube";"549 473";"64 650";"27 562 352";"2024-09-09 14:23:21"
"2024-09-10";"";"81 312";"5 988";"27 562 364";"2024-09-10 15:00:33"
"2024-09-09";"";"96 849";"6 467";"27 561 485";"2024-09-09 23:56:13"
"2024-09-06";"";"42 920";"21 268";"27 562 696";"2024-09-06 15:48:41"
"2024-09-02";"";"25 944";"3 572";"27 561 645";"2024-09-02 23:56:55"
"2024-09-06";"";"86 220";"90 317";"27 562 552";"2024-09-06 20:17:25"
"2024-09-01";"";"178 666";"23 927";"27 562 273";"2024-09-01 12:33:45"
"2024-09-02";"";"132 229";"12 041";"27 562 906";"2024-09-02 09:30:02"
"2024-09-06";"Facebook";"41 318";"3 959";"27 563 266";"2024-09-06 16:37:32"
"2024-09-05";"Telegram";"2 561 664";"194 185";"27 561 545";"2024-09-05 04:49:18"
"2024-09-08";"";"666 495";"254 850";"27 561 292";"2024-09-08 12:45:33"
"2024-09-09";"";"25 934 444";"1 213 454";"27 562 240";"2024-09-09 13:58:38"
"2024-09-05";"";"2 309 270";"134 630";"27 562 865";"2024-09-05 07:40:19"
"2024-09-02";"";"39 382 914";"1 859 895";"27 561 185";"2024-09-02 12:09:48"
"2024-09-03";"";"6 462 144";"439 705";"27 561 844";"2024-09-03 04:49:18"
"2024-09-08";"";"501 950";"44 421";"27 562 666";"2024-09-08 14:11:03"
"2024-09-10";"";"76 570";"5 116";"27 563 165";"2024-09-10 17:26:36"
"2024-09-03";"";"3 944";"34 228";"27 561 559";"2024-09-03 15:12:21"
"2024-09-04";"";"11 231";"36 538";"27 561 649";"2024-09-04 12:09:57"
"2024-09-09";"";"54 708";"4 064";"27 562 908";"2024-09-09 23:32:47"
"2024-09-05";"Tas-ix";"1 939 675";"123 234";"27 562 156";"2024-09-05 16:49:49"
"2024-09-07";"Yandex";"116 304";"5 677";"27 561 772";"2024-09-07 16:01:19"
"2024-09-03";"";"1 067 903";"41 106";"27 561 690";"2024-09-03 20:29:50"
"2024-09-06";"";"177 288";"8 771";"27 562 070";"2024-09-06 14:59:00"
"2024-09-05";"Likee";"4 989 463";"290 489";"27 562 699";"2024-09-05 03:12:59"
"2024-09-10";"";"66 897";"3 117";"27 562 645";"2024-09-10 09:54:40"
"2024-09-03";"";"769 715";"35 375";"27 562 535";"2024-09-03 13:10:10"
"2024-09-06";"";"98 195";"94 883";"27 563 336";"2024-09-07 01:58:10"
"2024-09-05";"";"28 463";"11 287";"27 562 754";"2024-09-05 09:30:37"
"2024-09-10";"YouTube";"162 185";"12 171";"27 561 536";"2024-09-10 23:56:03"
"2024-09-02";"";"25 904";"18 463";"27 561 692";"2024-09-02 18:27:23"
"2024-09-05";"YouTube";"35 760 501";"1 714 887";"27 563 469";"2024-09-05 15:48:53"
"2024-09-03";"";"474 984";"43 076";"27 562 365";"2024-09-03 23:20:20"
"2024-09-06";"";"53 199";"3 996";"27 563 145";"2024-09-06 06:15:31"
"2024-09-09";"YouTube";"2 926 255";"436 189";"27 562 437";"2024-09-09 23:44:24"
"2024-09-04";"";"4 840";"54 565";"27 561 787";"2024-09-04 08:05:54"
"2024-09-07";"Telegram";"435 244 526";"21 720 846";"27 563 059";"2024-09-07 23:32:53"
"2024-09-03";"Yandex";"1 395 292";"60 167";"27 562 656";"2024-09-03 06:39:34"
"2024-09-09";"";"312 820";"8 975";"27 562 639";"2024-09-09 06:15:37"
"2024-09-10";"";"3 120 777";"137 584";"27 562 699";"2024-09-10 04:01:03"
"2024-09-07";"";"656 217";"297 566";"27 561 762";"2024-09-08 02:23:57"
"2024-09-08";"Yandex";"278 675";"19 334";"27 561 390";"2024-09-08 04:49:40"
"2024-09-07";"YouTube";"204 882";"27 336";"27 562 440";"2024-09-07 21:18:42"
"2024-09-10";"";"59 168";"3 967";"27 561 800";"2024-09-10 18:15:31"
"2024-09-08";"";"827 816";"47 110";"27 562 167";"2024-09-08 09:06:49"
"2024-09-05";"";"816 448";"50 410";"27 561 721";"2024-09-05 05:38:28"
"2024-09-07";"";"55 574";"9 593";"27 562 226";"2024-09-07 10:07:51"
"2024-09-09";"";"33 032";"1 847";"27 562 692";"2024-09-09 10:19:48"
"2024-09-01";"";"1 753 321";"240 199";"27 562 862";"2024-09-01 11:20:15"
"2024-09-09";"";"112 146";"19 607";"27 561 295";"2024-09-09 20:53:57"
"2024-09-07";"";"54 567";"3 115";"27 561 384";"2024-09-07 13:22:36"
"2024-09-04";"";"123 805";"18 761";"27 562 899";"2024-09-04 09:06:45"
"2024-09-09";"YouTube";"1 867 758";"967 919";"27 562 571";"2024-09-09 08:17:36"
"2024-09-05";"";"1 354 352";"53 400";"27 562 286";"2024-09-05 11:32:37"
"2024-09-02";"";"223 316";"9 818";"27 562 810";"2024-09-03 01:34:51"
"2024-09-06";"YouTube";"4 191 292";"270 343";"27 561 989";"2024-09-06 14:35:36"
"2024-09-09";"";"727 449";"26 500";"27 562 677";"2024-09-09 16:49:39"
"2024-09-10";"VKontakte";"84 460";"216 719";"27 563 415";"2024-09-10 06:39:11"
"2024-09-05";"";"29 798";"2 392";"27 562 063";"2024-09-05 09:30:21"
"2024-09-08";"WhatsApp";"28 760";"4 311";"27 562 320";"2024-09-09 02:11:30"
"2024-09-10";"";"136 315";"20 876";"27 563 211";"2024-09-10 18:51:11"
"2024-09-01";"Instagram";"32 180";"6 796";"27 562 398";"2024-09-01 03:36:29"
"2024-09-07";"";"14 369 855";"296 417";"27 561 214";"2024-09-07 19:52:22"
"2024-09-07";"YouTube";"67 473 454";"5 287 656";"27 562 058";"2024-09-08 01:10:51"
"2024-09-05";"";"45 571";"5 607";"27 563 493";"2024-09-05 13:58:31"
"2024-09-08";"Telegram";"114 814 636";"6 310 234";"27 561 485";"2024-09-08 17:50:28"
"2024-09-08";"YouTube";"2 449 844";"198 042";"27 561 610";"2024-09-08 17:26:18"
"2024-09-01";"YouTube";"33 318";"4 981";"27 561 694";"2024-09-01 22:19:22"
"2024-09-06";"Yandex";"5 987 447";"73 068";"27 561 171";"2024-09-06 14:35:05"
"2024-09-05";"";"700 175";"178 301";"27 561 375";"2024-09-05 07:16:24"
"2024-09-03";"YouTube";"248 561 015";"18 733 170";"27 562 842";"2024-09-03 20:05:01"
"2024-09-05";"";"40 947";"15 986";"27 563 511";"2024-09-05 08:53:29"
"2024-09-04";"";"9 471 533";"923 250";"27 562 263";"2024-09-05 02:23:27"
"2024-09-01";"";"26 333";"3 028";"27 561 368";"2024-09-01 12:21:53"
"2024-09-07";"";"356 829";"22 026";"27 562 820";"2024-09-07 18:15:08"
"2024-09-08";"";"435 177";"49 518";"27 561 698";"2024-09-08 18:15:46"
"2024-09-05";"";"39 291";"4 209";"27 562 747";"2024-09-05 15:00:15"
"2024-09-01";"YouTube";"5 581 661";"431 209";"27 561 500";"2024-09-01 09:30:08"
"2024-09-01";"YouTube";"182 132";"2 050 501";"27 561 906";"2024-09-01 12:33:06"
"2024-09-06";"";"28 961";"9 735";"27 563 458";"2024-09-06 11:56:26"
"2024-09-10";"";"392 097";"19 415";"27 563 220";"2024-09-10 11:32:35"
"2024-09-06";"";"170 273";"7 234";"27 561 459";"2024-09-06 06:27:35"
"2024-09-02";"";"982 875";"41 070";"27 561 694";"2024-09-02 12:45:39"
"2024-09-08";"";"54 020 102";"2 521 451";"27 563 336";"2024-09-08 04:13:35"
"2024-09-03";"";"1 243 386";"349 989";"27 561 963";"2024-09-03 18:15:33"
"2024-09-06";"Instagram";"1 760 085";"58 908";"27 563 174";"2024-09-06 12:33:09"
"2024-09-07";"";"51 245";"2 743";"27 563 372";"2024-09-07 15:48:59"
"2024-09-05";"YouTube";"1 474 722";"366 245";"27 562 087";"2024-09-06 02:47:49"
"2024-09-04";"";"462 998";"51 543";"27 563 445";"2024-09-04 08:41:45"
"2024-09-09";"";"375 666";"17 849";"27 562 567";"2024-09-09 14:35:35"
"2024-09-03";"";"33 584";"3 060";"27 562 783";"2024-09-03 23:44:06"
"2024-09-01";"YouTube";"187 336 572";"13 061 992";"27 562 224";"2024-09-01 07:04:45"
"2024-09-05";"";"959 165";"33 402";"27 562 843";"2024-09-06 02:47:25"
"2024-09-07";"";"60 921";"3 176";"27 562 792";"2024-09-07 20:17:40"
"2024-09-06";"";"24 853";"28 513";"27 563 392";"2024-09-06 17:26:53"
"2024-09-01";"";"184 330";"12 678";"27 562 401";"2024-09-01 19:28:50"
"2024-09-04";"";"577 503";"27 991";"27 562 224";"2024-09-05 01:34:54"
"2024-09-01";"TikTok";"4 046";"157 304";"27 562 865";"2024-09-02 01:10:53"
"2024-09-07";"";"102 541";"6 318";"27 561 892";"2024-09-07 22:19:08"
"2024-09-09";"YouTube";"8 811 494";"349 108";"27 562 729";"2024-09-09 21:42:46"
"2024-09-09";"";"6 242 442";"134 176";"27 562 587";"2024-09-09 13:58:46"
"2024-09-08";"";"4 442";"26 718";"27 562 022";"2024-09-08 11:20:11"
"2024-09-08";"TikTok";"2 078";"39 164";"27 561 591";"2024-09-08 13:22:52"
"2024-09-09";"";"270 131";"8 261";"27 563 048";"2024-09-09 19:52:23"
"2024-09-06";"YouTube";"2 571 737";"895 758";"27 562 566";"2024-09-07 02:35:54"
"2024-09-10";"";"1 421 171";"78 280";"27 561 462";"2024-09-10 06:51:54"
"2024-09-09";"";"390 368";"144 050";"27 562 591";"2024-09-09 13:58:04"
"2024-09-02";"";"591 544";"110 216";"27 563 147";"2024-09-02 03:00:57"
"2024-09-05";"";"1 984 106";"197 080";"27 561 778";"2024-09-05 21:06:31"
"2024-09-10";"";"362 562 047";"25 349 013";"27 562 504";"2024-09-10 23:20:50"
"2024-09-06";"";"100 604";"9 419";"27 562 413";"2024-09-06 10:43:20"
"2024-09-02";"YouTube";"1 926 667";"111 122";"27 561 571";"2024-09-03 00:09:37"
"2024-09-06";"";"5 409 029";"711 414";"27 562 615";"2024-09-06 14:23:04"
"2024-09-10";"Yandex";"140 046";"10 598";"27 562 145";"2024-09-10 23:44:06"
"2024-09-03";"YouTube";"5 491 954";"2 208 503";"27 563 020";"2024-09-03 12:57:24"
"2024-09-02";"";"254 540";"9 058";"27 563 467";"2024-09-02 09:18:55"
"2024-09-02";"";"656 158";"130 269";"27 562 473";"2024-09-02 22:07:04"
"2024-09-09";"Instagram";"18 853 779";"526 313";"27 562 194";"2024-09-09 23:32:00"
"2024-09-07";"";"201 157";"11 076";"27 561 884";"2024-09-07 04:13:22"
"2024-09-09";"Yandex";"61 751";"5 367";"27 562 072";"2024-09-09 17:38:11"
"2024-09-07";"";"18 816 048";"938 850";"27 561 392";"2024-09-07 21:18:28"
"2024-09-02";"";"44 681";"19 784";"27 562 957";"2024-09-02 04:25:44"
"2024-09-01";"";"14 565";"233 861";"27 562 784";"2024-09-01 05:26:24"
"2024-09-01";"";"7 484";"25 806";"27 561 564";"2024-09-01 05:50:32"
"2024-09-10";"Telegram";"89 398 845";"13 395 822";"27 562 949";"2024-09-10 06:27:26"
"2024-09-01";"";"398 189";"25 410";"27 561 466";"2024-09-02 02:59:35"
"2024-09-09";"";"25 832";"26 533";"27 561 831";"2024-09-10 00:45:43"
"2024-09-09";"Instagram";"3 108 812";"130 395";"27 561 185";"2024-09-10 02:47:52"
"2024-09-02";"YouTube";"2 345 907";"168 996";"27 561 608";"2024-09-02 18:03:09"
"2024-09-01";"YouTube";"2 087 605";"198 282";"27 562 084";"2024-09-01 10:07:58"
"2024-09-10";"";"264 670";"70 781";"27 561 988";"2024-09-10 06:51:54"
"2024-09-03";"Instagram";"721 361";"21 667";"27 562 457";"2024-09-03 15:48:50"
"2024-09-04";"";"89 584";"48 374";"27 563 084";"2024-09-04 09:18:59"
"2024-09-06";"";"72 833";"8 670";"27 561 815";"2024-09-07 02:23:35"
"2024-09-06";"Yandex";"180 513";"11 902";"27 561 669";"2024-09-06 10:55:04"
"2024-09-10";"";"65 577";"3 219";"27 562 289";"2024-09-10 15:36:27"
"2024-09-10";"";"1 528 666";"1 740 353";"27 562 934";"2024-09-10 06:39:50"
"2024-09-04";"";"23 925";"26 105";"27 561 840";"2024-09-04 17:50:20"
"2024-09-03";"";"76 489";"223 860";"27 562 558";"2024-09-03 16:49:03"
"2024-09-01";"Telegram";"448 667";"199 364";"27 563 399";"2024-09-01 10:31:00"
"2024-09-09";"";"100 672";"111 522";"27 562 538";"2024-09-09 13:34:21"
"2024-09-02";"Instagram";"872 492";"59 199";"27 561 706";"2024-09-02 14:11:16"
"2024-09-07";"";"69 339";"5 132";"27 561 427";"2024-09-08 02:11:24"
"2024-09-01";"Facebook";"51 223";"55 631";"27 563 183";"2024-09-01 09:54:48"
"2024-09-06";"";"1 036 014";"98 474";"27 561 640";"2024-09-06 11:08:04"
"2024-09-09";"YouTube";"127 851";"25 295";"27 563 066";"2024-09-09 05:26:31"
"2024-09-03";"";"91 494";"4 877";"27 561 485";"2024-09-03 14:11:03"
"2024-09-10";"YouTube";"311 574 137";"17 894 490";"27 562 656";"2024-09-10 14:47:26"
"2024-09-09";"";"115 545";"7 002";"27 563 174";"2024-09-09 06:27:25"
"2024-09-04";"";"0";"75 067";"27 562 133";"2024-09-04 22:07:30"
"2024-09-02";"Telegram";"2 163 937";"252 162";"27 563 230";"2024-09-02 22:19:40"
"2024-09-06";"";"913 376";"105 505";"27 562 840";"2024-09-06 12:21:48"
"2024-09-03";"";"3 135 145";"114 770";"27 562 722";"2024-09-03 06:15:39"
"2024-09-06";"";"138 216";"155 066";"27 563 058";"2024-09-06 05:02:52"
"2024-09-03";"";"240 539";"28 206";"27 563 107";"2024-09-03 20:05:47"
"2024-09-08";"YouTube";"239 508";"30 842";"27 562 709";"2024-09-08 17:50:03"
"2024-09-01";"YouTube";"110 890";"668 424";"27 563 008";"2024-09-01 13:34:53"
"2024-09-06";"";"28 690";"6 597";"27 562 595";"2024-09-06 10:07:52"
"2024-09-03";"Unknown";"73 454";"18 594";"27 563 076";"2024-09-03 11:08:20"
"2024-09-10";"YouTube";"482 261";"242 359";"27 562 857";"2024-09-10 15:00:46"
"2024-09-07";"";"120 657";"6 203";"27 562 545";"2024-09-07 23:20:08"
"2024-09-05";"";"123 467";"112 684";"27 561 615";"2024-09-05 18:51:21"
"2024-09-09";"Telegram";"393 593 435";"16 890 011";"27 563 180";"2024-09-10 01:46:54"
"2024-09-04";"";"7 662";"36 847";"27 563 100";"2024-09-04 16:49:25"
"2024-09-04";"YouTube";"3 947 606";"704 288";"27 561 453";"2024-09-05 01:34:18"
"2024-09-01";"Telegram";"1 060 276";"327 469";"27 563 311";"2024-09-01 20:05:17"
"2024-09-02";"";"32 582";"2 055";"27 561 850";"2024-09-02 08:17:46"
"2024-09-05";"";"104 049";"21 810";"27 563 012";"2024-09-05 06:39:58"
"2024-09-02";"Instagram";"41 505";"3 714";"27 563 504";"2024-09-02 06:39:32"
"2024-09-03";"";"122 723";"25 195";"27 563 351";"2024-09-03 09:18:39"
"2024-09-06";"Instagram";"890 334";"102 904";"27 563 242";"2024-09-07 01:58:32"
"2024-09-09";"";"2 685 239";"314 969";"27 563 154";"2024-09-09 19:28:02"
"2024-09-07";"";"18 327";"113 060";"27 561 433";"2024-09-07 14:47:53"
"2024-09-06";"";"99 536";"201 455";"27 561 788";"2024-09-06 10:31:09"
"2024-09-01";"";"348 445";"149 912";"27 562 459";"2024-09-02 00:57:03"
"2024-09-08";"";"30 358";"8 825";"27 561 571";"2024-09-08 18:03:31"
"2024-09-05";"";"675 169";"163 063";"27 562 107";"2024-09-05 11:32:42"
"2024-09-08";"";"71 497";"3 088";"27 563 134";"2024-09-08 20:05:25"
"2024-09-06";"";"131 515";"147 924";"27 562 646";"2024-09-06 10:19:34"
"2024-09-10";"";"250 739";"605 990";"27 562 879";"2024-09-10 04:49:47"
"2024-09-07";"";"11 157 341";"459 739";"27 561 390";"2024-09-07 03:00:10"
"2024-09-04";"";"141 042";"12 218";"27 561 335";"2024-09-04 23:20:32"
"2024-09-04";"Yandex";"1 098 800";"386 048";"27 562 462";"2024-09-04 19:28:28"
"2024-09-05";"PUBG";"1 066 902";"50 441";"27 561 290";"2024-09-06 02:23:13"
"2024-09-06";"";"176 860";"29 737";"27 562 636";"2024-09-06 08:17:25"
"2024-09-08";"";"123 430";"4 327";"27 562 859";"2024-09-08 08:17:17"
"2024-09-02";"";"120 321";"12 365";"27 562 317";"2024-09-02 17:26:06"
"2024-09-03";"";"54 558";"153 418";"27 561 358";"2024-09-03 19:16:39"
"2024-09-04";"";"293 107";"43 105";"27 561 468";"2024-09-04 23:32:02"
"2024-09-07";"";"755 675";"49 203";"27 562 236";"2024-09-07 17:38:08"
"2024-09-06";"";"42 755";"2 870";"27 563 472";"2024-09-06 04:25:36"
"2024-09-05";"";"29 991";"2 973";"27 561 835";"2024-09-05 15:24:29"
"2024-09-03";"Yandex";"68 849";"92 264";"27 563 515";"2024-09-03 04:13:51"
"2024-09-03";"";"105 164";"52 746";"27 561 448";"2024-09-03 17:50:19"
"2024-09-06";"Unknown";"392 642";"6 249";"27 561 375";"2024-09-06 14:11:28"
"2024-09-05";"";"28 452 861";"1 046 042";"27 562 264";"2024-09-06 02:23:29"
"2024-09-06";"";"565 562";"17 525";"27 562 326";"2024-09-06 10:07:10"
"2024-09-07";"Instagram";"1 264 707";"551 603";"27 561 457";"2024-09-07 17:50:43"
"2024-09-07";"";"297 946";"20 241";"27 561 438";"2024-09-07 22:07:01"
"2024-09-05";"";"908 874";"50 640";"27 561 324";"2024-09-05 21:54:55"
"2024-09-05";"Facebook";"477 966";"268 384";"27 562 760";"2024-09-06 01:10:23"
"2024-09-09";"";"29 999";"2 762";"27 562 294";"2024-09-09 04:01:27"
"2024-09-07";"YouTube";"675 035";"7 462 533";"27 562 363";"2024-09-07 11:08:15"
"2024-09-06";"Instagram";"2 285 915";"826 336";"27 563 144";"2024-09-06 06:51:42"
"2024-09-03";"";"79 255";"5 935";"27 562 894";"2024-09-03 17:50:11"
"2024-09-03";"YouTube";"2 848";"40 780";"27 561 660";"2024-09-03 23:08:16"
"2024-09-06";"";"60 348";"2 623";"27 563 207";"2024-09-06 22:31:29"
"2024-09-09";"";"202 873";"152 216";"27 561 997";"2024-09-09 12:09:10"
"2024-09-08";"";"3 665 954";"14 024 656";"27 562 760";"2024-09-08 21:30:26"
"2024-09-06";"";"157 884";"4 935";"27 562 977";"2024-09-06 06:39:08"
"2024-09-08";"Telegram";"36 390";"4 098";"27 562 403";"2024-09-08 03:48:44"
"2024-09-09";"";"51 585";"5 671";"27 563 464";"2024-09-09 19:16:32"
"2024-09-05";"";"651 401";"741 597";"27 562 775";"2024-09-05 17:38:09"
"2024-09-01";"";"145 017";"18 489";"27 562 641";"2024-09-01 21:06:15"
"2024-09-07";"";"170 461";"548 142";"27 562 646";"2024-09-07 22:43:46"
"2024-09-03";"Facebook";"316 497";"30 050";"27 562 737";"2024-09-03 14:47:45"
"2024-09-06";"";"76 706";"4 787";"27 561 432";"2024-09-06 16:13:34"
"2024-09-02";"";"123 831";"4 111";"27 562 973";"2024-09-03 01:22:19"
"2024-09-05";"";"44 775";"3 194";"27 562 487";"2024-09-05 20:29:59"
"2024-09-04";"";"952 876";"51 609";"27 561 244";"2024-09-04 16:25:24"
"2024-09-10";"YouTube";"479 643";"24 928";"27 563 384";"2024-09-10 22:31:05"
"2024-09-02";"";"2 280";"96 884";"27 562 252";"2024-09-02 23:44:31"
"2024-09-10";"";"28 628";"2 689";"27 562 547";"2024-09-11 00:57:13"
"2024-09-10";"Telegram";"84 001 529";"3 997 875";"27 563 175";"2024-09-10 23:44:34"
"2024-09-08";"Telegram";"117 645 003";"10 490 291";"27 562 453";"2024-09-08 17:14:52"
"2024-09-10";"";"26 101";"12 179";"27 562 758";"2024-09-10 03:00:22"
"2024-09-09";"Instagram";"60 161 921";"1 473 713";"27 561 212";"2024-09-09 13:34:36"
"2024-09-09";"Facebook";"1 063 746";"137 661";"27 561 890";"2024-09-09 18:27:14"
"2024-09-04";"";"22 395";"75 132";"27 561 289";"2024-09-04 18:27:15"
"2024-09-06";"";"69 559";"8 602";"27 562 557";"2024-09-06 20:41:01"
"2024-09-04";"";"27 920";"16 694";"27 562 223";"2024-09-05 01:34:26"
"2024-09-03";"";"163 081";"43 308";"27 562 993";"2024-09-03 16:49:23"
"2024-09-07";"";"44 492";"28 265";"27 563 293";"2024-09-07 16:37:07"
"2024-09-02";"";"37 149";"14 433";"27 561 763";"2024-09-02 09:42:35"
"2024-09-09";"Instagram";"191 790 487";"4 853 608";"27 561 592";"2024-09-10 02:35:00"
"2024-09-08";"";"26 609";"2 152";"27 562 364";"2024-09-08 12:21:47"
"2024-09-10";"";"648 701";"270 966";"27 561 997";"2024-09-10 14:47:16"
"2024-09-04";"";"16 379";"41 033";"27 561 260";"2024-09-04 07:52:34"
"2024-09-09";"";"28 623";"13 893";"27 562 771";"2024-09-09 15:36:05"
"2024-09-01";"YouTube";"716 044";"59 497";"27 562 344";"2024-09-01 08:41:15"
"2024-09-05";"";"20 422";"54 293";"27 561 840";"2024-09-05 06:15:27"
"2024-09-02";"";"93 190 262";"5 636 778";"27 562 859";"2024-09-02 11:20:10"
"2024-09-10";"";"10 748 895";"401 000";"27 561 204";"2024-09-11 02:35:18"
"2024-09-04";"";"734 210";"22 574";"27 561 224";"2024-09-04 19:04:07"
"2024-09-10";"Likee";"887 046";"38 130";"27 561 569";"2024-09-10 03:36:11"
"2024-09-06";"";"348 261";"41 510";"27 561 420";"2024-09-06 14:11:57"
"2024-09-01";"Telegram";"1 201 064";"175 160";"27 561 626";"2024-09-01 19:04:22"
"2024-09-07";"";"48 937";"10 757";"27 563 105";"2024-09-07 09:54:56"
"2024-09-01";"";"527 929";"19 797";"27 561 567";"2024-09-02 01:46:17"
"2024-09-03";"";"164 392";"6 766";"27 561 752";"2024-09-03 17:38:31"
"2024-09-08";"Instagram";"1 487 368";"349 258";"27 563 333";"2024-09-08 05:26:06"
"2024-09-02";"";"227 551";"101 820";"27 563 238";"2024-09-02 22:31:53"
"2024-09-03";"YouTube";"11 311";"130 216";"27 562 788";"2024-09-04 02:47:35"
"2024-09-03";"YouTube";"7 404";"27 175";"27 562 571";"2024-09-03 22:19:45"
"2024-09-08";"YouTube";"132 761";"12 448";"27 561 710";"2024-09-08 12:09:12"
"2024-09-03";"";"62 078";"37 974";"27 561 302";"2024-09-03 23:32:40"
"2024-09-05";"";"361 974";"141 058";"27 563 151";"2024-09-05 19:52:50"
"2024-09-02";"";"30 431";"4 561";"27 561 300";"2024-09-02 03:12:49"
"2024-09-04";"Instagram";"10 672 417";"390 934";"27 562 303";"2024-09-05 02:11:53"
"2024-09-09";"";"261 586";"44 750";"27 561 662";"2024-09-09 03:36:03"
"2024-09-03";"YouTube";"462 815";"2 428 528";"27 561 232";"2024-09-03 18:03:53"
"2024-09-06";"YouTube";"1 368 059";"17 490 799";"27 561 569";"2024-09-06 21:18:08"
"2024-09-10";"";"37 808";"68 247";"27 561 921";"2024-09-11 02:35:40"
"2024-09-02";"";"342 937";"196 296";"27 563 316";"2024-09-02 04:13:52"
"2024-09-08";"YouTube";"212 670";"1 611 489";"27 561 392";"2024-09-08 18:39:01"
"2024-09-02";"";"29 896";"104 416";"27 561 879";"2024-09-02 11:32:23"
"2024-09-09";"";"36 264";"48 308";"27 561 794";"2024-09-09 23:32:05"
"2024-09-03";"";"46 360";"3 142";"27 561 260";"2024-09-03 17:02:15"
"2024-09-10";"YouTube";"2 951 172";"466 562";"27 562 508";"2024-09-10 17:14:37"
"2024-09-03";"YouTube";"355 503";"23 189";"27 562 699";"2024-09-03 23:32:06"
"2024-09-07";"";"13 336";"379 997";"27 562 571";"2024-09-08 00:33:33"
"2024-09-06";"YouTube";"2 954 191";"198 554";"27 561 293";"2024-09-06 12:45:27"
"2024-09-10";"";"0";"29 993";"27 562 966";"2024-09-10 20:53:59"
"2024-09-09";"";"116 905";"96 459";"27 561 943";"2024-09-09 07:04:33"
"2024-09-02";"";"29 922";"4 743";"27 562 398";"2024-09-02 12:45:46"
"2024-09-02";"Instagram";"1 826 486";"449 143";"27 563 452";"2024-09-03 00:09:16"
"2024-09-05";"";"386 777";"16 550";"27 562 673";"2024-09-05 10:07:13"
"2024-09-07";"";"1 155 904";"96 210";"27 563 243";"2024-09-07 13:34:41"
"2024-09-06";"";"314 323";"8 439";"27 562 654";"2024-09-06 13:22:47"
"2024-09-03";"Facebook";"7 160 205";"6 873 427";"27 563 156";"2024-09-03 19:52:56"
"2024-09-04";"";"13 677";"25 620";"27 563 388";"2024-09-04 12:57:32"
"2024-09-08";"Facebook";"91 960";"24 012";"27 563 122";"2024-09-08 07:52:19"
"2024-09-08";"";"402 813";"44 330";"27 562 617";"2024-09-09 02:23:31"
"2024-09-02";"Telegram";"3 314 414";"267 155";"27 561 650";"2024-09-02 04:49:55"
"2024-09-03";"";"787 192";"139 592";"27 563 069";"2024-09-03 03:24:27"
"2024-09-04";"Telegram";"12 400 602";"1 448 903";"27 562 582";"2024-09-04 20:05:15"
"2024-09-02";"Facebook";"768 439";"40 205";"27 562 289";"2024-09-02 15:24:46"
"2024-09-08";"";"82 148";"9 511";"27 563 158";"2024-09-08 06:39:16"
"2024-09-08";"YouTube";"159 576 893";"10 762 915";"27 561 454";"2024-09-08 03:48:58"
"2024-09-08";"";"15 847 882";"364 704";"27 561 597";"2024-09-08 13:46:05"
"2024-09-01";"YouTube";"28 900";"6 278";"27 562 695";"2024-09-01 21:18:51"
"2024-09-01";"";"1 616 194";"2 318 707";"27 561 852";"2024-09-01 08:41:49"
"2024-09-08";"";"182 104";"84 844";"27 562 552";"2024-09-08 23:08:29"
"2024-09-02";"";"7 298 013";"279 422";"27 561 337";"2024-09-02 14:35:54"
"2024-09-07";"";"195 501";"43 292";"27 561 417";"2024-09-07 20:53:47"
"2024-09-04";"";"24 711";"85 210";"27 561 289";"2024-09-04 04:01:19"
"2024-09-06";"";"289 662";"121 850";"27 562 417";"2024-09-06 11:32:35"
"2024-09-02";"TikTok";"12 156";"120 315";"27 562 752";"2024-09-02 18:51:04"
"2024-09-03";"";"28 279";"28 707";"27 562 663";"2024-09-03 13:46:29"
"2024-09-07";"";"62 978";"182 460";"27 562 091";"2024-09-07 17:38:54"
"2024-09-06";"";"151 148";"88 219";"27 562 099";"2024-09-06 18:27:53"
"2024-09-05";"";"25 177";"532 200";"27 561 173";"2024-09-05 04:37:53"
"2024-09-08";"";"48 390";"73 422";"27 562 045";"2024-09-08 15:12:18"
"2024-09-06";"";"6 317 000";"252 887";"27 561 870";"2024-09-06 10:07:58"
"2024-09-02";"PUBG";"1 080 467";"85 890";"27 562 298";"2024-09-02 08:17:23"
"2024-09-10";"";"73 124";"77 061";"27 563 304";"2024-09-10 20:05:01"
"2024-09-05";"";"1 053 797";"197 297";"27 561 698";"2024-09-06 01:34:30"
"2024-09-09";"";"10 386 892";"1 733 522";"27 561 357";"2024-09-09 09:54:04"
"2024-09-01";"Unknown";"85 511";"5 339";"27 562 232";"2024-09-01 13:10:08"
"2024-09-09";"";"218 146";"18 009";"27 561 593";"2024-09-09 22:55:21"
"2024-09-03";"";"2 438 049";"61 483";"27 563 145";"2024-09-03 07:52:35"
"2024-09-02";"Yandex Video";"64 002";"2 727";"27 561 501";"2024-09-02 12:09:07"
"2024-09-04";"Yandex";"220 625";"9 795";"27 562 400";"2024-09-04 23:20:24"
"2024-09-05";"";"53 363";"5 258";"27 563 264";"2024-09-05 16:01:46"
"2024-09-06";"Facebook";"1 673 153";"51 021";"27 561 699";"2024-09-06 17:14:21"
"2024-09-04";"";"183 614";"99 253";"27 561 760";"2024-09-04 06:27:08"
"2024-09-02";"Instagram";"13 631 859";"16 033 783";"27 561 834";"2024-09-02 13:22:16"
"2024-09-04";"";"30 737 919";"1 705 292";"27 561 850";"2024-09-04 14:11:12"
"2024-09-04";"";"1 062 826";"41 167";"27 562 656";"2024-09-04 20:53:59"
"2024-09-10";"";"2 360 837";"151 079";"27 562 642";"2024-09-10 07:16:39"
"2024-09-04";"";"53 496";"17 666";"27 563 041";"2024-09-04 05:02:51"
"2024-09-05";"Instagram";"1 193 989";"167 761";"27 562 497";"2024-09-05 17:50:57"
"2024-09-02";"";"43 350";"58 388";"27 561 548";"2024-09-02 05:38:57"
"2024-09-01";"";"72 816";"8 589";"27 562 835";"2024-09-02 00:45:34"
"2024-09-03";"";"489 300";"86 004";"27 561 298";"2024-09-03 03:24:53"
"2024-09-08";"";"29 701";"22 186";"27 562 534";"2024-09-09 02:47:38"
"2024-09-06";"";"86 659";"299 823";"27 561 181";"2024-09-06 13:22:24"
"2024-09-04";"";"997 316";"67 632";"27 563 509";"2024-09-04 23:08:29"
"2024-09-04";"Facebook";"390 243";"24 206";"27 563 436";"2024-09-04 20:29:04"
"2024-09-01";"";"292 789";"22 753";"27 562 290";"2024-09-01 17:02:35"
"2024-09-05";"";"41 579 059";"648 105";"27 561 365";"2024-09-05 07:04:51"
"2024-09-07";"";"33 991";"1 140";"27 563 166";"2024-09-07 22:31:51"
"2024-09-09";"Facebook";"348 124";"10 693";"27 563 069";"2024-09-09 20:17:48"
"2024-09-10";"";"38 035";"376 844";"27 561 684";"2024-09-10 18:39:08"
"2024-09-09";"PUBG";"2 956 681";"132 947";"27 561 802";"2024-09-09 15:48:56"
"2024-09-08";"Facebook";"1 891 066";"95 731";"27 562 629";"2024-09-08 08:17:07"
"2024-09-10";"";"31 656";"8 018";"27 561 362";"2024-09-10 05:14:36"
"2024-09-07";"";"50 954";"2 934";"27 562 780";"2024-09-07 11:08:58"
"2024-09-10";"VKontakte";"628 819";"37 422";"27 562 491";"2024-09-10 04:01:02"
"2024-09-05";"";"154 118";"37 751";"27 562 223";"2024-09-05 16:49:58"
"2024-09-10";"YouTube";"588 068";"33 064";"27 562 076";"2024-09-10 15:12:31"
"2024-09-01";"";"73 736";"6 304";"27 561 978";"2024-09-01 03:00:20"
"2024-09-10";"YouTube";"145 534";"20 468";"27 562 050";"2024-09-10 21:42:40"
"2024-09-08";"";"507 014";"1 840 889";"27 563 060";"2024-09-08 10:43:19"
"2024-09-10";"";"58 976";"8 811";"27 562 824";"2024-09-10 14:47:17"
"2024-09-05";"";"31 081";"2 483";"27 563 314";"2024-09-05 15:24:35"
"2024-09-07";"";"1 418 266";"97 434";"27 561 895";"2024-09-07 07:40:37"
"2024-09-04";"";"35 403";"59 138";"27 562 499";"2024-09-04 08:41:45"
"2024-09-04";"Facebook";"1 220 491";"52 596";"27 562 629";"2024-09-04 10:07:10"
"2024-09-08";"";"6 140 512";"244 726";"27 563 463";"2024-09-08 17:38:12"
"2024-09-03";"";"35 825";"8 738";"27 561 457";"2024-09-03 22:43:25"
"2024-09-02";"";"144 467";"5 608";"27 561 544";"2024-09-02 06:15:00"
"2024-09-01";"";"137 053";"76 534";"27 562 752";"2024-09-01 14:47:35"
"2024-09-10";"Yandex";"26 204";"9 290";"27 561 971";"2024-09-11 01:34:54"
"2024-09-04";"";"74 812";"35 308";"27 563 284";"2024-09-04 11:20:21"
"2024-09-04";"";"25 667";"2 482";"27 561 275";"2024-09-05 00:09:41"
"2024-09-04";"";"10 561 911";"3 740 720";"27 562 816";"2024-09-05 02:11:46"
"2024-09-06";"YouTube";"833 493";"30 011";"27 562 167";"2024-09-06 11:44:55"
"2024-09-05";"";"396 444";"46 061";"27 563 216";"2024-09-05 20:05:45"
"2024-09-05";"YouTube";"220 685";"1 657 820";"27 563 393";"2024-09-05 04:25:05"
"2024-09-09";"";"6 051 626";"253 772";"27 562 897";"2024-09-10 01:58:53"
"2024-09-02";"";"32 514";"47 789";"27 561 638";"2024-09-03 02:23:23"
"2024-09-09";"";"45 460";"3 891";"27 561 224";"2024-09-09 10:31:13"
"2024-09-07";"Telegram";"80 878 504";"8 777 973";"27 561 213";"2024-09-07 16:37:44"
"2024-09-09";"";"354 798";"23 763";"27 563 186";"2024-09-09 12:21:05"
"2024-09-06";"";"435 659";"84 409";"27 561 830";"2024-09-06 15:48:40"
"2024-09-03";"Apple Music";"224 261";"4 473";"27 562 178";"2024-09-03 17:14:07"
"2024-09-02";"TikTok";"8 058";"102 735";"27 561 790";"2024-09-02 12:33:27"
"2024-09-08";"";"122 573";"28 034";"27 563 169";"2024-09-08 10:07:06"
"2024-09-05";"";"97 396";"4 214";"27 561 315";"2024-09-05 21:30:56"
"2024-09-09";"Instagram";"537 697 036";"12 143 625";"27 563 210";"2024-09-09 16:01:06"
"2024-09-05";"";"136 121";"89 729";"27 562 781";"2024-09-05 13:10:38"
"2024-09-02";"YouTube";"1 934 949";"843 311";"27 561 437";"2024-09-02 23:20:02"
"2024-09-06";"Yandex";"1 482 947";"589 380";"27 563 507";"2024-09-07 02:47:23"
"2024-09-08";"Instagram";"2 689 182";"233 239";"27 562 757";"2024-09-08 16:01:04"
"2024-09-08";"YouTube";"1 188 341";"47 730";"27 562 752";"2024-09-09 02:11:00"
"2024-09-09";"";"151 046";"7 656";"27 563 442";"2024-09-09 17:02:27"
"2024-09-04";"";"128 945";"51 751";"27 563 404";"2024-09-04 03:36:06"
"2024-09-06";"Tas-ix";"26 677";"8 640";"27 561 201";"2024-09-06 16:37:53"
"2024-09-06";"";"275 252";"13 617";"27 561 557";"2024-09-06 08:29:08"
"2024-09-07";"";"28 984";"15 684";"27 563 145";"2024-09-07 07:28:26"
"2024-09-01";"";"42 270";"13 315";"27 561 567";"2024-09-01 04:25:15"
"2024-09-07";"";"6 961 131";"317 730";"27 562 961";"2024-09-08 00:21:08"
"2024-09-07";"Unknown";"37 585";"2 127";"27 562 317";"2024-09-07 19:52:37"
"2024-09-09";"YouTube";"1 890 453";"121 130";"27 563 000";"2024-09-10 02:23:15"
"2024-09-04";"";"29 446";"2 708";"27 562 799";"2024-09-04 21:54:21"
"2024-09-01";"YouTube";"91 525";"7 847";"27 562 839";"2024-09-01 15:12:33"
"2024-09-06";"";"20 662 107";"680 703";"27 561 204";"2024-09-06 21:30:08"
"2024-09-07";"Telegram";"8 953 019";"1 381 936";"27 562 034";"2024-09-07 06:15:29"
"2024-09-05";"Instagram";"1 830 101";"34 379";"27 563 195";"2024-09-05 19:40:44"
"2024-09-09";"Yandex";"41 628";"11 886";"27 562 194";"2024-09-09 21:54:55"
"2024-09-05";"";"21 946";"27 562";"27 563 447";"2024-09-05 23:08:15"
"2024-09-07";"";"280 343";"88 587";"27 561 874";"2024-09-07 05:50:29"
"2024-09-05";"";"16 235 580";"863 388";"27 562 142";"2024-09-05 03:48:49"
"2024-09-06";"";"88 383";"163 337";"27 563 467";"2024-09-06 11:20:57"
"2024-09-06";"";"344 033";"75 971";"27 563 035";"2024-09-06 07:04:00"
"2024-09-03";"YouTube";"149 485 473";"8 306 435";"27 562 388";"2024-09-03 23:08:39"
"2024-09-09";"Tas-ix";"693 407";"39 313";"27 562 690";"2024-09-09 03:00:07"
"2024-09-05";"Telegram";"26 629 928";"2 715 859";"27 561 658";"2024-09-05 06:27:57"
"2024-09-02";"";"502 355";"215 024";"27 561 390";"2024-09-02 22:19:33"
"2024-09-10";"";"152 256";"155 786";"27 561 734";"2024-09-10 05:02:20"
"2024-09-03";"";"47 080";"3 260";"27 561 410";"2024-09-03 15:00:23"
"2024-09-10";"";"222 529";"48 420";"27 561 563";"2024-09-10 16:49:09"
"2024-09-03";"";"2 439 109";"96 854";"27 561 920";"2024-09-03 06:03:39"
"2024-09-04";"";"79 203";"8 100";"27 563 145";"2024-09-04 18:03:33"
"2024-09-10";"";"168 700";"54 930";"27 563 388";"2024-09-11 01:10:16"
"2024-09-07";"";"120 731";"7 653";"27 561 211";"2024-09-07 11:44:23"
"2024-09-06";"";"48 525";"16 814";"27 561 305";"2024-09-06 14:59:53"
"2024-09-06";"";"245 552";"11 089";"27 562 601";"2024-09-06 12:21:46"
"2024-09-02";"YouTube";"7 976 875";"436 648";"27 562 048";"2024-09-02 14:23:15"
"2024-09-09";"YouTube";"3 666 851";"1 549 757";"27 562 692";"2024-09-09 19:28:26"
"2024-09-02";"Facebook";"66 976";"7 026";"27 561 341";"2024-09-02 13:22:20"
"2024-09-07";"";"2 906 227";"288 441";"27 562 527";"2024-09-07 07:28:26"
"2024-09-01";"";"93 448";"5 061";"27 561 841";"2024-09-01 16:49:25"
"2024-09-03";"";"1 375 394";"27 649";"27 563 410";"2024-09-03 06:03:50"
"2024-09-09";"";"2 390 829";"2 980 299";"27 561 435";"2024-09-09 03:48:11"
"2024-09-09";"";"488 390";"338 346";"27 561 369";"2024-09-09 11:56:47"
"2024-09-07";"";"186 423";"11 903";"27 561 992";"2024-09-07 17:26:03"
"2024-09-09";"";"1 460 208";"238 492";"27 562 300";"2024-09-09 07:40:07"
"2024-09-05";"";"40 693";"2 990";"27 562 858";"2024-09-05 06:03:16"
"2024-09-02";"Instagram";"8 137 054";"351 610";"27 563 069";"2024-09-02 11:44:46"
"2024-09-06";"";"181 553";"97 958";"27 562 578";"2024-09-06 10:31:35"
"2024-09-06";"";"637 061";"50 631";"27 562 847";"2024-09-06 23:32:36"
"2024-09-08";"";"6 456 640";"309 189";"27 562 708";"2024-09-08 16:49:38"
"2024-09-02";"";"677 865";"50 968";"27 562 558";"2024-09-02 04:13:28"
"2024-09-01";"";"80 174";"55 436";"27 562 289";"2024-09-01 13:10:36"
"2024-09-09";"Telegram";"153 724 305";"11 083 699";"27 563 308";"2024-09-09 07:04:00"
"2024-09-02";"Yandex";"68 879";"21 509";"27 562 047";"2024-09-02 07:28:03"
"2024-09-08";"";"25 266 807";"1 220 416";"27 563 384";"2024-09-08 10:43:32"
"2024-09-02";"";"25 757";"10 334";"27 562 557";"2024-09-02 22:31:00"
"2024-09-09";"Instagram";"6 285 299";"10 468 378";"27 562 112";"2024-09-10 00:57:16"
"2024-09-04";"Telegram";"204 429";"17 318";"27 561 852";"2024-09-04 14:47:57"
"2024-09-08";"";"54 672 538";"2 038 159";"27 562 957";"2024-09-08 20:17:46"
"2024-09-03";"";"39 152";"1 819";"27 562 354";"2024-09-03 06:51:49"
"2024-09-08";"";"820";"31 971";"27 563 225";"2024-09-08 10:31:27"
"2024-09-05";"TikTok";"1 387 041";"177 526";"27 563 174";"2024-09-05 10:07:45"
"2024-09-06";"";"49 143";"3 915";"27 561 293";"2024-09-06 21:18:50"
"2024-09-08";"";"36 999";"5 561";"27 561 224";"2024-09-08 11:20:05"
"2024-09-10";"YouTube";"16 875 774";"626 215";"27 562 064";"2024-09-10 16:49:59"
"2024-09-07";"";"103 628";"19 327";"27 561 687";"2024-09-07 06:15:29"
"2024-09-07";"";"385 316 687";"36 608 179";"27 562 050";"2024-09-07 21:06:48"
"2024-09-08";"Facebook";"28 657 433";"1 034 596";"27 562 868";"2024-09-09 00:09:40"
"2024-09-03";"";"26 122";"2 156";"27 563 335";"2024-09-03 09:18:42"
"2024-09-10";"Instagram";"1 335 614";"51 011";"27 561 845";"2024-09-10 04:25:06"
"2024-09-09";"";"25 881";"3 216";"27 562 913";"2024-09-09 12:57:50"
"2024-09-04";"";"49 205";"98 883";"27 562 445";"2024-09-04 11:08:40"
"2024-09-10";"";"194 417";"7 191";"27 562 145";"2024-09-10 11:08:36"
"2024-09-05";"";"63 284";"8 268";"27 562 801";"2024-09-05 11:32:55"
"2024-09-04";"";"35 308";"7 116";"27 561 556";"2024-09-04 19:04:04"
"2024-09-09";"Facebook";"30 308 063";"575 128";"27 563 175";"2024-09-09 18:51:11"
"2024-09-06";"";"100 416";"50 617";"27 563 290";"2024-09-06 04:13:10"
"2024-09-09";"";"1 224 133";"46 138";"27 561 305";"2024-09-10 02:11:42"
"2024-09-04";"Tas-ix";"263 694";"3 111";"27 563 447";"2024-09-05 00:45:28"
"2024-09-08";"";"8 096";"28 866";"27 562 824";"2024-09-08 05:02:09"
"2024-09-05";"";"88 104";"66 116";"27 561 181";"2024-09-05 23:20:42"
"2024-09-08";"Instagram";"5 401 136";"6 392 538";"27 563 426";"2024-09-08 05:14:36"
"2024-09-09";"";"35 403";"5 811";"27 561 777";"2024-09-09 09:54:52"
"2024-09-10";"Instagram";"367 454";"17 053";"27 563 033";"2024-09-10 06:27:05"
"2024-09-07";"";"560 743";"56 150";"27 563 093";"2024-09-08 00:33:48"
"2024-09-02";"Telegram";"10 634 659";"819 252";"27 561 574";"2024-09-02 10:31:59"
"2024-09-03";"";"29 247";"3 635";"27 562 676";"2024-09-03 05:02:28"
"2024-09-01";"Instagram";"570 685";"386 565";"27 563 198";"2024-09-01 13:10:32"
"2024-09-09";"Facebook";"51 607";"5 205";"27 562 965";"2024-09-09 07:52:28"
"2024-09-06";"";"44 974";"2 776";"27 562 239";"2024-09-06 17:50:57"
"2024-09-03";"YouTube";"781 990";"32 472";"27 562 907";"2024-09-04 01:22:44"
"2024-09-09";"Telegram";"263 236 619";"15 518 583";"27 563 366";"2024-09-09 05:02:12"
"2024-09-06";"";"126 778";"27 122";"27 561 172";"2024-09-06 15:00:39"
"2024-09-10";"";"12 239";"78 783";"27 563 243";"2024-09-10 17:02:10"
"2024-09-07";"";"144 682";"164 484";"27 563 221";"2024-09-08 01:46:31"
"2024-09-06";"";"236 685";"33 264";"27 563 404";"2024-09-07 00:09:59"
"2024-09-09";"";"26 445";"2 980";"27 563 048";"2024-09-09 04:25:54"
"2024-09-10";"Telegram";"18 852 594";"1 066 282";"27 563 488";"2024-09-10 07:16:48"
"2024-09-05";"";"51 867";"5 166";"27 562 172";"2024-09-05 12:33:30"
"2024-09-06";"";"309 638";"20 540";"27 563 304";"2024-09-06 13:58:01"
"2024-09-08";"Instagram";"56 791 319";"1 448 303";"27 563 325";"2024-09-09 01:22:36"
"2024-09-03";"VKontakte";"1 389 914";"21 603";"27 562 041";"2024-09-03 08:17:15"
"2024-09-02";"";"12 399 669";"3 963 834";"27 562 462";"2024-09-02 18:03:15"
"2024-09-05";"YouTube";"1 506 217";"106 700";"27 562 816";"2024-09-06 00:57:49"
"2024-09-08";"";"37 221";"19 059";"27 563 114";"2024-09-08 03:00:22"
"2024-09-09";"";"39 510";"8 104";"27 562 028";"2024-09-10 01:34:56"
"2024-09-07";"Instagram";"91 537 492";"2 275 407";"27 563 488";"2024-09-07 22:19:28"
"2024-09-09";"";"44 824";"4 638";"27 562 213";"2024-09-10 01:22:14"
"2024-09-09";"Yandex";"29 067";"13 617";"27 563 050";"2024-09-09 15:24:06"
"2024-09-02";"";"53 823";"4 001";"27 562 863";"2024-09-02 11:44:38"
"2024-09-08";"Telegram";"106 916 809";"5 964 314";"27 561 809";"2024-09-08 06:03:31"
"2024-09-04";"";"66 352";"19 817";"27 561 433";"2024-09-04 12:09:21"
"2024-09-08";"";"724 050";"19 239";"27 561 356";"2024-09-08 12:09:52"
"2024-09-04";"";"2 487 448";"94 830";"27 563 243";"2024-09-05 01:58:22"
"2024-09-02";"";"148 746";"9 058";"27 562 330";"2024-09-02 07:04:18"
"2024-09-08";"";"63 527";"20 904";"27 562 442";"2024-09-09 02:11:04"
"2024-09-02";"";"57 738";"6 490";"27 561 861";"2024-09-02 07:28:42"
"2024-09-10";"";"87 884";"13 725";"27 561 176";"2024-09-10 20:29:56"
"2024-09-07";"";"303 136";"61 026";"27 561 662";"2024-09-07 13:22:41"
"2024-09-02";"YouTube";"5 030 647";"2 731 680";"27 563 183";"2024-09-02 10:07:43"
"2024-09-09";"";"27 619";"11 050";"27 563 174";"2024-09-09 08:29:26"
"2024-09-07";"";"419 053";"60 443";"27 563 017";"2024-09-07 03:36:54"
"2024-09-06";"";"151 077";"15 387";"27 562 025";"2024-09-06 03:24:44"
"2024-09-08";"";"1 589 992";"581 505";"27 562 069";"2024-09-08 04:37:54"
"2024-09-10";"";"37 139";"4 886";"27 561 841";"2024-09-10 04:25:00"
"2024-09-07";"";"479 337";"13 485";"27 561 330";"2024-09-07 09:42:08"
"2024-09-04";"Telegram";"39 786 108";"1 978 266";"27 561 794";"2024-09-04 09:54:43"
"2024-09-05";"";"349 423";"80 461";"27 563 087";"2024-09-05 23:44:38"
"2024-09-07";"";"3 567";"48 316";"27 563 059";"2024-09-07 22:43:38"
"2024-09-01";"Instagram";"2 984 081";"187 734";"27 562 737";"2024-09-02 02:35:38"
"2024-09-03";"";"373 333";"85 711";"27 563 143";"2024-09-03 23:44:30"
"2024-09-10";"Yandex";"397 942";"1 298 584";"27 561 815";"2024-09-10 17:26:45"
"2024-09-08";"Tas-ix";"2 094 423";"71 898";"27 563 267";"2024-09-08 12:21:03"
"2024-09-02";"";"54 672";"14 049";"27 563 221";"2024-09-02 12:21:27"
"2024-09-03";"Unknown";"46 971";"16 470";"27 563 239";"2024-09-03 12:21:34"
"2024-09-05";"";"26 335";"4 094";"27 562 172";"2024-09-06 00:09:04"
"2024-09-02";"Facebook";"577 797";"218 573";"27 563 047";"2024-09-02 05:50:43"
"2024-09-08";"Facebook";"121 902";"4 735";"27 561 347";"2024-09-08 16:37:06"
"2024-09-03";"Instagram";"353 369 232";"6 004 596";"27 562 961";"2024-09-03 15:48:38"
"2024-09-06";"";"28 826";"8 652";"27 561 384";"2024-09-06 17:38:14"
"2024-09-03";"";"31 643";"2 967";"27 562 068";"2024-09-03 05:50:46"
"2024-09-07";"";"31 956";"3 167";"27 561 981";"2024-09-07 14:23:51"
"2024-09-09";"";"55 123";"164 581";"27 563 416";"2024-09-09 11:44:37"
"2024-09-07";"";"71 289";"4 478";"27 561 676";"2024-09-08 02:47:37"
"2024-09-03";"";"13 662 004";"713 498";"27 563 152";"2024-09-03 09:42:55"
"2024-09-03";"";"32 866";"12 597";"27 563 338";"2024-09-03 10:43:34"
"2024-09-01";"";"71 603";"7 510";"27 562 059";"2024-09-01 12:33:11"
"2024-09-05";"";"60 800";"2 339 010";"27 562 418";"2024-09-05 05:50:58"
"2024-09-10";"";"47 252";"7 413";"27 562 905";"2024-09-10 20:05:06"
"2024-09-08";"";"31 354";"12 357";"27 562 439";"2024-09-08 10:31:17"
"2024-09-03";"";"1 293 506";"111 152";"27 562 527";"2024-09-03 13:58:06"
"2024-09-09";"";"173 537";"7 357";"27 562 540";"2024-09-09 09:54:08"
"2024-09-05";"YouTube";"1 286 920";"2 087 987";"27 561 410";"2024-09-05 06:27:29"
"2024-09-06";"";"50 410 491";"3 027 897";"27 561 921";"2024-09-06 15:48:23"
"2024-09-06";"";"27 195";"11 916";"27 562 859";"2024-09-06 18:51:31"
"2024-09-05";"";"1 092 026";"59 537";"27 562 366";"2024-09-05 22:43:55"
"2024-09-05";"VKontakte";"187 780";"7 869";"27 561 222";"2024-09-05 04:49:36"
"2024-09-01";"";"20 818";"120 100";"27 561 934";"2024-09-01 17:38:29"
"2024-09-05";"";"180 953";"10 186";"27 561 587";"2024-09-05 06:39:51"
"2024-09-02";"";"38 309";"2 480";"27 562 751";"2024-09-02 16:49:47"
"2024-09-05";"";"26 746";"2 533";"27 561 265";"2024-09-06 02:59:52"
"2024-09-03";"TikTok";"51 536";"1 938 239";"27 562 048";"2024-09-03 10:55:37"
"2024-09-03";"YouTube";"1 918 797";"587 512";"27 562 969";"2024-09-03 16:49:43"
"2024-09-10";"YouTube";"30 098 002";"2 090 475";"27 563 189";"2024-09-10 16:37:44"
"2024-09-03";"";"692 590";"29 268";"27 563 083";"2024-09-03 13:58:18"
"2024-09-05";"";"283 801";"10 274";"27 562 604";"2024-09-05 06:15:00"
"2024-09-03";"";"342 196";"5 873";"27 562 784";"2024-09-04 00:09:00"
"2024-09-08";"Likee";"34 206";"9 718";"27 561 724";"2024-09-08 07:04:19"
"2024-09-03";"Instagram";"2 792 084";"3 326 547";"27 561 201";"2024-09-04 02:11:46"
"2024-09-04";"";"119 959";"3 505";"27 561 809";"2024-09-04 11:44:34"
"2024-09-09";"Yandex";"123 023";"6 615";"27 562 293";"2024-09-09 17:38:36"
"2024-09-05";"";"151 054";"8 483";"27 561 578";"2024-09-05 12:57:35"
"2024-09-02";"YouTube";"227 858 067";"14 251 495";"27 563 199";"2024-09-02 13:22:35"
"2024-09-01";"";"1 569 493";"57 831";"27 563 363";"2024-09-01 07:04:13"
"2024-09-06";"YouTube";"475 538";"21 556";"27 561 626";"2024-09-06 09:54:50"
"2024-09-04";"";"268 132";"12 629";"27 562 973";"2024-09-04 12:21:47"
"2024-09-03";"Telegram";"980 630 217";"26 823 325";"27 562 192";"2024-09-04 01:22:55"
"2024-09-05";"Telegram";"138 052 081";"21 843 892";"27 563 386";"2024-09-05 08:53:19"
"2024-09-01";"Tas-ix";"437 459";"41 513";"27 562 397";"2024-09-01 07:52:49"
"2024-09-02";"WhatsApp";"20 533 754";"48 345 564";"27 562 527";"2024-09-02 17:38:53"
"2024-09-05";"Instagram";"9 068 209";"361 306";"27 563 514";"2024-09-05 14:35:35"
"2024-09-05";"";"1 065 447";"116 971";"27 562 140";"2024-09-05 13:58:04"
"2024-09-10";"";"166 589";"16 426";"27 562 298";"2024-09-10 18:15:30"
"2024-09-05";"";"1 962 528";"782 348";"27 563 151";"2024-09-05 23:56:28"
"2024-09-09";"YouTube";"3 806 328";"263 029";"27 563 100";"2024-09-09 16:37:13"
"2024-09-02";"Facebook";"395 386";"1 489 736";"27 562 328";"2024-09-02 21:42:11"
"2024-09-07";"";"129 990";"31 075";"27 562 758";"2024-09-07 04:25:50"
"2024-09-07";"";"37 784 896";"3 302 940";"27 562 141";"2024-09-07 07:16:58"
"2024-09-02";"Yandex";"238 750";"10 668";"27 561 752";"2024-09-02 13:58:34"
"2024-09-09";"";"111 824";"13 441";"27 562 033";"2024-09-09 12:45:52"
"2024-09-06";"";"373 194";"24 368";"27 562 973";"2024-09-06 05:02:15"
"2024-09-02";"";"55 946";"18 932";"27 563 152";"2024-09-03 01:58:28"
"2024-09-10";"";"18 231";"200 559";"27 561 298";"2024-09-10 09:30:27"
"2024-09-08";"";"34 604";"10 235";"27 561 666";"2024-09-08 10:19:28"
"2024-09-01";"";"4 974 632";"300 940";"27 563 289";"2024-09-01 15:12:15"
"2024-09-07";"";"29 547";"13 875";"27 561 768";"2024-09-07 09:42:14"
"2024-09-05";"Yandex";"94 366";"10 119";"27 561 219";"2024-09-05 16:25:24"
"2024-09-06";"";"250 031";"93 296";"27 563 452";"2024-09-06 10:07:13"
"2024-09-04";"";"77 440";"8 196";"27 563 289";"2024-09-04 07:16:16"
"2024-09-08";"";"66 775";"6 038";"27 562 278";"2024-09-09 00:33:08"
"2024-09-03";"YouTube";"854 986";"50 748";"27 562 942";"2024-09-04 01:34:57"
"2024-09-03";"";"111 195";"12 654";"27 562 997";"2024-09-03 12:09:38"
"2024-09-10";"Yandex";"138 952";"61 866";"27 561 908";"2024-09-10 13:58:28"
"2024-09-08";"WhatsApp";"11 306 895";"1 973 327";"27 561 884";"2024-09-08 17:02:22"
"2024-09-01";"";"34 932";"12 410";"27 562 442";"2024-09-01 17:02:53"
"2024-09-09";"Instagram";"326 140";"76 422";"27 562 843";"2024-09-09 13:22:05"
"2024-09-08";"";"58 439";"8 459";"27 562 282";"2024-09-08 13:58:08"
"2024-09-07";"";"100 349";"16 376";"27 561 629";"2024-09-07 16:25:27"
"2024-09-06";"Yandex";"387 222";"259 345";"27 562 843";"2024-09-06 10:07:45"
"2024-09-05";"";"21 267";"86 707";"27 562 414";"2024-09-06 01:34:59"
"2024-09-05";"";"232 952";"23 968";"27 563 128";"2024-09-05 03:00:49"
"2024-09-08";"";"362 855";"53 171";"27 561 725";"2024-09-08 13:46:20"
"2024-09-07";"Telegram";"970 968 612";"37 560 959";"27 561 668";"2024-09-07 14:11:15"
"2024-09-05";"";"4 091";"41 606";"27 562 733";"2024-09-05 04:37:36"
"2024-09-09";"";"122 009";"78 230";"27 562 254";"2024-09-09 10:19:22"
"2024-09-02";"";"14 522 179";"1 175 571";"27 562 041";"2024-09-03 01:10:17"
"2024-09-03";"Unknown";"228 000";"116 082";"27 562 719";"2024-09-03 21:42:20"
"2024-09-06";"";"27 537";"3 708";"27 561 216";"2024-09-07 00:45:12"
"2024-09-05";"";"115 423";"11 166";"27 562 207";"2024-09-05 16:49:05"
"2024-09-10";"Telegram";"21 109 699";"898 679";"27 563 450";"2024-09-10 21:18:03"
"2024-09-09";"";"93 285";"82 516";"27 561 192";"2024-09-09 04:01:18"
"2024-09-08";"Facebook";"709 775";"59 444";"27 562 399";"2024-09-08 22:19:12"
"2024-09-04";"YouTube";"755 693";"1 419 685";"27 561 410";"2024-09-04 21:18:33"
"2024-09-02";"YouTube";"561 432";"82 047";"27 562 537";"2024-09-02 18:39:14"
"2024-09-10";"";"37 009";"99 423";"27 562 562";"2024-09-10 19:52:44"
"2024-09-01";"Unknown";"1 699 598";"127 117";"27 561 649";"2024-09-01 06:15:27"
"2024-09-09";"";"33 274";"4 891";"27 561 355";"2024-09-09 08:05:21"
"2024-09-02";"";"85 536 417";"5 028 977";"27 561 907";"2024-09-02 05:14:13"
"2024-09-05";"Telegram";"3 471 110";"603 824";"27 562 037";"2024-09-06 01:34:09"
"2024-09-02";"Instagram";"199 090";"23 526";"27 563 373";"2024-09-02 19:16:06"
"2024-09-02";"";"39 756";"13 025";"27 562 859";"2024-09-02 08:41:47"
"2024-09-10";"";"2 719 228";"77 116";"27 563 218";"2024-09-10 11:44:03"
"2024-09-05";"";"133 440";"90 647";"27 563 223";"2024-09-06 02:47:20"
"2024-09-04";"";"4 370";"43 832";"27 563 122";"2024-09-04 13:22:02"
"2024-09-06";"";"1 366 055";"311 862";"27 562 663";"2024-09-06 08:17:39"
"2024-09-02";"";"40 102";"48 341";"27 561 762";"2024-09-02 06:03:44"
"2024-09-01";"";"32 587";"19 002";"27 562 721";"2024-09-01 16:49:35"
"2024-09-05";"Yandex";"152 623";"9 955";"27 562 799";"2024-09-05 05:38:05"
"2024-09-02";"";"1 345 239";"2 132 613";"27 562 124";"2024-09-02 15:12:38"
"2024-09-03";"";"1 427 031";"72 571";"27 563 273";"2024-09-03 13:22:56"
"2024-09-09";"Facebook";"29 612";"7 411";"27 561 431";"2024-09-09 18:03:10"
"2024-09-01";"Facebook";"58 543";"23 785";"27 562 533";"2024-09-01 11:08:43"
"2024-09-10";"";"60 718";"3 067";"27 562 451";"2024-09-10 20:05:37"
"2024-09-02";"Instagram";"1 170 942";"2 518 077";"27 562 784";"2024-09-02 06:39:50"
"2024-09-03";"";"1 628 428";"176 359";"27 562 050";"2024-09-03 14:47:47"
"2024-09-01";"";"32 333";"20 742";"27 563 419";"2024-09-01 14:35:50"
"2024-09-03";"";"112 558";"13 971";"27 561 767";"2024-09-03 04:49:05"
"2024-09-03";"";"27 774";"7 185";"27 563 216";"2024-09-03 18:39:49"
"2024-09-08";"YouTube";"427 258";"108 889";"27 561 381";"2024-09-08 14:47:21"
"2024-09-07";"YouTube";"4 823 004";"1 726 367";"27 563 012";"2024-09-07 14:11:33"
"2024-09-07";"";"15 871 030";"596 359";"27 562 608";"2024-09-07 08:29:33"
"2024-09-09";"";"156 911";"14 041";"27 562 216";"2024-09-09 03:12:29"
"2024-09-08";"YouTube";"529 658";"155 217";"27 563 228";"2024-09-08 14:35:08"
"2024-09-04";"";"183 027";"11 518";"27 561 352";"2024-09-04 04:25:25"
"2024-09-10";"";"31 183 882";"2 556 628";"27 562 608";"2024-09-10 17:50:25"
"2024-09-02";"";"146 201";"8 575";"27 562 425";"2024-09-02 03:36:47"
"2024-09-09";"";"117 756";"6 455";"27 563 442";"2024-09-09 14:11:42"
"2024-09-09";"";"2 865 889";"71 163";"27 562 553";"2024-09-09 07:52:30"
"2024-09-04";"";"2 629 496";"531 048";"27 561 730";"2024-09-04 11:44:45"
"2024-09-04";"";"59 344";"5 091";"27 561 952";"2024-09-04 22:55:44"
"2024-09-06";"Telegram";"28 113 518";"1 699 839";"27 561 697";"2024-09-06 08:17:53"
"2024-09-05";"";"28 459";"3 649";"27 561 953";"2024-09-05 23:08:21"
"2024-09-02";"";"80 763";"12 831";"27 563 130";"2024-09-02 21:54:35"
"2024-09-03";"";"202 918";"99 370";"27 562 314";"2024-09-03 11:08:22"
"2024-09-02";"";"1 769 647";"111 006";"27 561 951";"2024-09-02 16:13:26"
"2024-09-03";"Telegram";"3 716 924";"567 096";"27 562 564";"2024-09-03 23:20:00"
"2024-09-02";"";"6 817";"70 793";"27 563 442";"2024-09-02 21:30:56"
"2024-09-10";"Facebook";"4 083 050";"156 592";"27 561 768";"2024-09-10 21:42:36"
"2024-09-05";"";"974 777";"44 103";"27 562 580";"2024-09-05 11:20:48"
"2024-09-10";"Yandex";"89 246";"11 694";"27 561 698";"2024-09-10 23:20:49"
"2024-09-09";"";"1 871 169";"175 981";"27 562 615";"2024-09-10 01:10:11"
"2024-09-07";"Yandex";"489 136";"430 722";"27 562 615";"2024-09-07 13:58:18"
"2024-09-09";"";"85 732";"19 414";"27 561 940";"2024-09-09 05:26:31"
"2024-09-01";"";"253 893";"285 736";"27 563 415";"2024-09-01 16:49:56"
"2024-09-04";"YouTube";"32 149";"9 961";"27 563 021";"2024-09-04 17:50:01"
"2024-09-08";"YouTube";"6 925 390";"409 189";"27 561 311";"2024-09-08 14:59:25"
"2024-09-03";"";"168 088";"89 586";"27 562 535";"2024-09-03 13:34:56"
"2024-09-10";"";"8 488";"183 811";"27 562 238";"2024-09-10 14:59:02"
"2024-09-10";"";"846 058";"41 110";"27 562 889";"2024-09-10 11:08:51"
"2024-09-06";"YouTube";"1 454 011";"90 848";"27 563 271";"2024-09-06 06:39:28"
"2024-09-09";"";"118 735";"38 049";"27 561 357";"2024-09-09 19:04:07"
"2024-09-06";"";"1 553 229";"441 056";"27 562 775";"2024-09-06 08:05:22"
"2024-09-01";"Yandex";"2 727 788";"251 191";"27 562 543";"2024-09-01 06:39:29"
"2024-09-03";"";"116 831";"26 368";"27 563 095";"2024-09-03 18:39:51"
"2024-09-08";"";"173 839";"9 420";"27 563 168";"2024-09-08 22:19:32"
"2024-09-01";"YouTube";"40 004";"17 642";"27 562 014";"2024-09-02 01:46:36"
"2024-09-09";"Instagram";"95 421";"7 513";"27 562 865";"2024-09-10 01:34:09"
"2024-09-04";"Facebook";"2 818 112";"64 593";"27 561 591";"2024-09-04 20:05:27"
"2024-09-05";"";"480 578";"19 920";"27 562 772";"2024-09-05 05:38:24"
"2024-09-04";"";"19 570";"28 396";"27 562 143";"2024-09-04 17:26:59"
"2024-09-09";"";"26 957";"15 213";"27 562 737";"2024-09-09 05:50:01"
"2024-09-06";"Instagram";"9 113 575";"4 120 692";"27 561 908";"2024-09-06 22:07:42"
"2024-09-08";"";"90 872";"286 362";"27 561 686";"2024-09-08 05:14:52"
"2024-09-08";"";"211 690";"11 134";"27 562 076";"2024-09-08 11:44:08"
"2024-09-07";"";"114 053";"318 304";"27 561 307";"2024-09-08 00:57:03"
"2024-09-07";"Facebook";"5 182 694";"161 854";"27 562 590";"2024-09-07 15:48:45"
"2024-09-10";"";"153 300";"29 199";"27 563 156";"2024-09-10 06:39:24"
"2024-09-06";"Facebook";"3 807";"221 710";"27 562 608";"2024-09-06 16:37:35"
"2024-09-02";"";"90 107";"12 872";"27 563 336";"2024-09-02 22:19:09"
"2024-09-05";"";"206 083";"588 910";"27 561 307";"2024-09-05 20:53:29"
"2024-09-10";"YouTube";"64 223";"13 197";"27 561 698";"2024-09-10 23:20:54"
"2024-09-01";"";"163 383";"500 450";"27 561 298";"2024-09-01 20:53:38"
"2024-09-07";"";"30 956";"2 542";"27 562 313";"2024-09-07 21:18:34"
"2024-09-08";"";"1 750 119";"473 026";"27 563 290";"2024-09-08 04:25:31"
"2024-09-08";"Unknown";"128 787";"29 098";"27 562 453";"2024-09-08 16:25:18"
"2024-09-09";"";"30 316";"11 558";"27 562 473";"2024-09-09 21:54:58"
"2024-09-05";"";"602 576";"30 043";"27 561 392";"2024-09-05 06:39:26"
"2024-09-05";"Unknown";"80 089";"57 875";"27 563 514";"2024-09-05 15:24:59"
"2024-09-05";"";"318 104";"213 525";"27 563 145";"2024-09-05 08:29:36"
"2024-09-08";"Unknown";"209 833";"83 413";"27 561 306";"2024-09-08 17:26:52"
"2024-09-03";"";"51 127";"3 241";"27 561 396";"2024-09-03 11:08:03"
"2024-09-10";"YouTube";"183 389 185";"10 246 967";"27 562 015";"2024-09-10 03:12:41"
"2024-09-05";"Yandex";"12 698 547";"380 596";"27 562 624";"2024-09-05 10:43:51"
"2024-09-10";"";"30 946";"5 587";"27 562 106";"2024-09-10 08:53:05"
"2024-09-04";"";"257 614";"15 768";"27 563 247";"2024-09-05 01:22:33"
"2024-09-03";"";"441 962";"54 417";"27 561 260";"2024-09-03 14:59:43"
"2024-09-09";"";"33 907";"22 137";"27 561 361";"2024-09-09 07:04:20"
"2024-09-05";"Yandex";"509 019";"214 999";"27 562 479";"2024-09-05 13:58:40"
"2024-09-06";"";"37 835";"8 236";"27 562 036";"2024-09-06 18:51:40"
"2024-09-02";"";"192 872";"20 633";"27 562 014";"2024-09-02 04:25:35"
"2024-09-10";"";"166 746";"9 823";"27 563 020";"2024-09-10 04:49:25"
"2024-09-04";"Instagram";"363 177";"58 248";"27 562 884";"2024-09-04 12:45:14"
"2024-09-05";"";"157 875";"23 926";"27 562 155";"2024-09-05 04:01:18"
"2024-09-03";"Telegram";"36 697 374";"3 031 712";"27 561 359";"2024-09-03 17:26:30"
"2024-09-09";"";"220 384";"71 725";"27 563 334";"2024-09-09 08:29:41"
"2024-09-07";"";"65 737 129";"2 857 282";"27 561 432";"2024-09-07 14:11:24"
"2024-09-04";"";"4 214 284";"241 639";"27 562 466";"2024-09-04 14:23:39"
"2024-09-02";"";"316 365";"138 034";"27 562 613";"2024-09-02 10:19:43"
"2024-09-02";"";"488 832";"2 691 125";"27 562 124";"2024-09-02 08:17:59"
"2024-09-05";"";"70 521";"19 772";"27 561 342";"2024-09-05 08:53:02"
"2024-09-10";"";"34 237";"28 421";"27 561 591";"2024-09-10 21:18:26"
"2024-09-04";"";"154 013";"22 708";"27 563 092";"2024-09-04 12:21:27"
"2024-09-08";"TikTok";"1 616";"59 961";"27 562 541";"2024-09-08 20:17:15"
"2024-09-04";"";"39 227";"14 012";"27 562 607";"2024-09-04 10:19:52"
"2024-09-02";"Tas-ix";"218 752";"5 162";"27 561 567";"2024-09-02 21:54:19"
"2024-09-07";"";"2 442 040";"91 705";"27 561 610";"2024-09-07 20:05:17"
"2024-09-09";"";"11 136 241";"411 253";"27 563 075";"2024-09-09 17:14:34"
"2024-09-04";"";"339 080";"26 391";"27 563 284";"2024-09-05 02:11:54"
"2024-09-07";"";"103 997";"9 612";"27 562 696";"2024-09-07 20:29:56"
"2024-09-04";"";"25 038 593";"433 754";"27 562 365";"2024-09-04 22:07:23"
"2024-09-04";"";"27 120";"3 790";"27 562 722";"2024-09-05 01:10:09"
"2024-09-02";"";"295 397";"14 808";"27 562 836";"2024-09-02 08:05:42"
"2024-09-03";"Instagram";"1 398 500";"654 306";"27 562 663";"2024-09-03 17:26:08"
"2024-09-01";"";"495 144";"16 874";"27 562 907";"2024-09-01 05:38:20"
"2024-09-01";"Instagram";"1 877 913";"129 752";"27 563 148";"2024-09-01 20:05:36"
"2024-09-03";"";"30 380";"5 304";"27 561 686";"2024-09-03 23:44:56"
"2024-09-05";"Odnoklassniki";"340 732";"232 873";"27 562 172";"2024-09-05 08:05:36"
"2024-09-05";"Apple Music";"29 048";"4 048";"27 561 234";"2024-09-05 03:36:30"
"2024-09-02";"";"8 041";"26 043";"27 563 069";"2024-09-02 07:04:40"
"2024-09-09";"";"2 490 687";"167 093";"27 562 894";"2024-09-09 23:20:57"
"2024-09-09";"";"128 789";"57 268";"27 561 687";"2024-09-09 12:57:00"
"2024-09-05";"";"81 958";"10 392";"27 561 246";"2024-09-06 01:10:23"
"2024-09-02";"";"373 738";"15 196";"27 562 205";"2024-09-02 17:14:49"
"2024-09-03";"";"3 220";"131 148";"27 562 259";"2024-09-03 19:28:23"
"2024-09-05";"WhatsApp";"1 164 173";"2 142 139";"27 561 951";"2024-09-05 03:12:03"
"2024-09-03";"";"38 463";"8 060";"27 561 352";"2024-09-03 14:23:45"
"2024-09-05";"";"422 004";"17 146";"27 561 548";"2024-09-06 01:10:11"
"2024-09-09";"";"204 970";"37 611";"27 563 162";"2024-09-09 16:01:25"
"2024-09-07";"YouTube";"851 485";"214 269";"27 562 578";"2024-09-07 13:34:37"
"2024-09-08";"";"1 660";"66 646";"27 561 413";"2024-09-08 05:26:23"
"2024-09-09";"";"554 782";"48 192";"27 561 253";"2024-09-10 01:34:29"
"2024-09-07";"";"3 655 962";"116 851";"27 562 453";"2024-09-07 16:13:48"
"2024-09-10";"";"219 092";"15 036";"27 561 264";"2024-09-10 11:08:01"
"2024-09-06";"";"11 340";"27 755";"27 561 659";"2024-09-07 02:35:30"
"2024-09-06";"Unknown";"214 817";"89 505";"27 563 467";"2024-09-06 05:02:43"
"2024-09-02";"";"750 269";"33 243";"27 561 211";"2024-09-02 11:32:35"
"2024-09-08";"";"256 635";"7 888";"27 563 098";"2024-09-08 22:43:05"
"2024-09-09";"";"303 458";"919 738";"27 563 110";"2024-09-09 15:36:51"
"2024-09-07";"";"183 320";"18 404";"27 563 304";"2024-09-07 07:04:37"
"2024-09-06";"";"275 379";"12 732";"27 561 433";"2024-09-06 18:51:01"
"2024-09-07";"Telegram";"901 528";"87 212";"27 561 540";"2024-09-07 15:00:47"
"2024-09-05";"Facebook";"1 183 667";"569 149";"27 563 223";"2024-09-05 03:36:08"
"2024-09-05";"Yandex";"125 225";"8 553";"27 562 866";"2024-09-05 05:38:17"
"2024-09-08";"Facebook";"52 152";"4 227";"27 562 892";"2024-09-08 06:39:23"
"2024-09-07";"";"27 316 366";"356 926";"27 561 796";"2024-09-07 23:32:12"
"2024-09-04";"";"38 409";"121 839";"27 563 410";"2024-09-04 03:48:42"
"2024-09-09";"";"53 722";"24 088";"27 563 088";"2024-09-09 05:50:58"
"2024-09-01";"Telegram";"13 469 490";"768 788";"27 561 246";"2024-09-01 17:38:02"
"2024-09-09";"";"2 792 432";"101 325";"27 561 649";"2024-09-09 08:17:17"
"2024-09-05";"";"215 901";"13 013";"27 561 725";"2024-09-05 05:14:09"
"2024-09-02";"";"27 116";"9 258";"27 563 467";"2024-09-02 17:14:03"
"2024-09-10";"";"111 877";"8 668";"27 562 445";"2024-09-10 20:05:05"
"2024-09-02";"";"75 406";"52 070";"27 562 656";"2024-09-02 15:36:14"
"2024-09-03";"";"261 686";"178 391";"27 563 009";"2024-09-03 16:37:20"
"2024-09-05";"PUBG";"332 786";"29 192";"27 563 413";"2024-09-05 13:58:19"
"2024-09-02";"";"58 398";"6 528";"27 563 316";"2024-09-02 09:06:49"
"2024-09-09";"";"346 187";"31 263";"27 562 615";"2024-09-09 05:50:54"
"2024-09-06";"";"6 990 907";"2 991 976";"27 563 344";"2024-09-06 14:23:48"
"2024-09-05";"";"380 606";"37 116";"27 562 233";"2024-09-05 05:02:37"
"2024-09-04";"";"569 673";"442 679";"27 563 411";"2024-09-04 11:32:43"
"2024-09-06";"YouTube";"42 995";"8 398";"27 562 614";"2024-09-06 12:33:33"
"2024-09-10";"Facebook";"26 662";"9 005";"27 563 116";"2024-09-10 06:27:56"
"2024-09-02";"";"51 719";"5 599";"27 561 437";"2024-09-02 09:18:33"
"2024-09-01";"Telegram";"26 445 116";"7 694 415";"27 563 416";"2024-09-01 14:11:55"
"2024-09-08";"Unknown";"115 757";"14 641";"27 563 311";"2024-09-08 09:18:43"
"2024-09-05";"";"27 718";"8 560";"27 561 181";"2024-09-05 17:38:02"
"2024-09-10";"WhatsApp";"1 477 064";"1 435 027";"27 561 890";"2024-09-10 06:51:20"
"2024-09-06";"Facebook";"281 012";"127 662";"27 561 785";"2024-09-06 05:14:06"
"2024-09-01";"";"34 009";"9 437";"27 562 224";"2024-09-01 09:06:14"
"2024-09-06";"Telegram";"77 851";"7 807";"27 563 514";"2024-09-06 05:38:16"
"2024-09-08";"Unknown";"462 975";"24 910";"27 562 791";"2024-09-08 16:25:18"
"2024-09-04";"";"60 687";"20 541";"27 562 047";"2024-09-04 15:48:32"
"2024-09-01";"Facebook";"46 472";"18 814";"27 563 481";"2024-09-01 09:06:52"
"2024-09-05";"Instagram";"3 392 619";"178 317";"27 561 929";"2024-09-05 03:36:09"
"2024-09-06";"";"61 507";"4 251";"27 561 697";"2024-09-07 01:58:57"
"2024-09-02";"Facebook";"1 949 204";"565 536";"27 562 296";"2024-09-02 23:20:07"
"2024-09-07";"";"38 460";"1 178";"27 562 685";"2024-09-07 17:38:36"
"2024-09-04";"";"1 512 168";"292 729";"27 561 944";"2024-09-04 04:37:48"
"2024-09-05";"YouTube";"70 072";"20 285";"27 562 061";"2024-09-06 00:57:03"
"2024-09-02";"";"29 691";"2 488";"27 562 401";"2024-09-02 22:19:21"
"2024-09-10";"";"62 796";"3 886";"27 562 613";"2024-09-10 13:22:06"
"2024-09-08";"";"38 833";"27 562";"27 562 499";"2024-09-08 14:35:03"
"2024-09-07";"Facebook";"773 186";"337 713";"27 562 384";"2024-09-07 14:59:08"
"2024-09-07";"";"6 400";"28 067";"27 562 068";"2024-09-07 06:27:44"
"2024-09-09";"YouTube";"156 793";"24 286";"27 563 016";"2024-09-10 02:59:10"
"2024-09-02";"";"53 313";"8 119";"27 563 041";"2024-09-02 19:52:14"
"2024-09-05";"Odnoklassniki";"139 926";"14 517";"27 562 215";"2024-09-05 06:03:44"
"2024-09-09";"";"138 652";"26 819";"27 561 958";"2024-09-09 18:51:34"
"2024-09-10";"";"26 748";"12 770";"27 562 242";"2024-09-10 17:38:35"
"2024-09-04";"YouTube";"238 123 539";"11 879 119";"27 563 414";"2024-09-04 13:58:06"
"2024-09-02";"";"207 899";"141 408";"27 562 622";"2024-09-02 14:47:13"
"2024-09-07";"Instagram";"322 706";"43 772";"27 562 457";"2024-09-08 01:58:04"
"2024-09-10";"";"4 665 442";"88 225";"27 562 352";"2024-09-10 14:47:16"
"2024-09-03";"";"39 281";"18 930";"27 561 674";"2024-09-03 14:11:42"
"2024-09-08";"";"322 920";"50 599";"27 562 666";"2024-09-08 10:19:15"
"2024-09-08";"";"4 045";"29 045";"27 563 413";"2024-09-08 21:30:30"
"2024-09-09";"";"93 948";"8 080";"27 562 535";"2024-09-09 07:28:00"
"2024-09-10";"Instagram";"2 664 237";"102 545";"27 563 059";"2024-09-10 17:02:07"
"2024-09-09";"WhatsApp";"25 734";"9 756";"27 562 879";"2024-09-09 21:30:54"
"2024-09-05";"";"177 555";"29 100";"27 561 597";"2024-09-05 18:15:26"
"2024-09-07";"YouTube";"2 002 726";"623 635";"27 563 084";"2024-09-07 20:41:43"
"2024-09-03";"";"102 833";"6 677";"27 563 030";"2024-09-04 01:10:15"
"2024-09-10";"";"1 035 273";"119 233";"27 562 239";"2024-09-10 13:46:25"
"2024-09-09";"Yandex";"798 866";"75 715";"27 561 814";"2024-09-10 00:21:45"
"2024-09-06";"Telegram";"44 865 405";"2 941 537";"27 561 794";"2024-09-07 01:22:49"
"2024-09-06";"Facebook";"393 053";"1 461 211";"27 562 435";"2024-09-06 03:24:02"
"2024-09-07";"";"207 795";"91 239";"27 563 211";"2024-09-07 21:54:50"
"2024-09-03";"";"348 149";"10 242";"27 563 244";"2024-09-04 02:11:43"
"2024-09-04";"";"420 496";"349 670";"27 562 713";"2024-09-04 09:06:21"
"2024-09-02";"";"31 564";"4 088";"27 562 784";"2024-09-02 15:12:56"
"2024-09-09";"";"67 769";"135 668";"27 561 596";"2024-09-09 16:37:54"
"2024-09-06";"Telegram";"47 820 324";"5 134 274";"27 561 491";"2024-09-06 17:38:45"
"2024-09-07";"";"27 149";"29 303";"27 561 627";"2024-09-07 07:52:24"
"2024-09-07";"YouTube";"391 050";"3 998 318";"27 562 110";"2024-09-07 11:08:33"
"2024-09-09";"";"141 543";"106 448";"27 562 686";"2024-09-10 02:11:19"
"2024-09-10";"Telegram";"8 056 934";"1 864 689";"27 561 851";"2024-09-11 02:23:36"
"2024-09-09";"";"265 225";"20 752";"27 561 794";"2024-09-09 20:17:39"
"2024-09-03";"";"2 202 043";"2 537 310";"27 562 800";"2024-09-03 04:13:53"
"2024-09-02";"Yandex";"33 557";"4 349";"27 563 240";"2024-09-02 13:46:19"
"2024-09-02";"";"46 602";"45 872";"27 562 712";"2024-09-02 05:14:24"
"2024-09-04";"";"75 562";"30 919";"27 562 199";"2024-09-04 20:41:44"
"2024-09-10";"YouTube";"123 116";"20 214";"27 562 879";"2024-09-10 05:50:53"
"2024-09-06";"YouTube";"1 022 624";"55 203";"27 563 096";"2024-09-06 14:47:38"
"2024-09-05";"";"155 864";"32 137";"27 562 291";"2024-09-05 12:21:20"
"2024-09-10";"YouTube";"321 468";"87 571";"27 562 293";"2024-09-10 10:19:10"
"2024-09-10";"";"36 552";"8 649";"27 561 366";"2024-09-10 12:21:32"
"2024-09-05";"Telegram";"1 854 884 897";"71 064 754";"27 562 752";"2024-09-05 06:51:36"
"2024-09-09";"";"12 841 913";"662 321";"27 561 269";"2024-09-09 13:34:42"
"2024-09-09";"";"127 707 080";"15 372 743";"27 561 908";"2024-09-09 10:43:38"
"2024-09-02";"";"629 602";"159 356";"27 561 247";"2024-09-02 09:18:29"
"2024-09-01";"";"141 453";"49 990";"27 561 706";"2024-09-01 22:43:54"
"2024-09-05";"Telegram";"485 282";"37 520";"27 562 426";"2024-09-05 13:22:08"
"2024-09-03";"";"154 428";"30 336";"27 562 442";"2024-09-03 15:24:47"
"2024-09-02";"Facebook";"45 169";"4 874";"27 563 047";"2024-09-02 06:03:20"
"2024-09-01";"";"77 753";"16 355";"27 561 562";"2024-09-01 07:28:41"
"2024-09-06";"";"32 100";"20 759";"27 562 696";"2024-09-06 14:59:48"
"2024-09-07";"";"1 396 147";"202 718";"27 561 234";"2024-09-07 12:45:28"
"2024-09-08";"Apple Music";"76 988";"27 882";"27 563 094";"2024-09-08 17:50:28"
"2024-09-07";"YouTube";"612 720";"356 947";"27 561 275";"2024-09-07 22:07:36"
"2024-09-05";"";"33 050";"12 703";"27 561 732";"2024-09-05 12:33:37"
"2024-09-07";"";"124 112";"22 275";"27 562 884";"2024-09-07 14:47:23"
"2024-09-07";"";"5 376 566";"374 915";"27 561 629";"2024-09-07 04:01:34"
"2024-09-05";"Facebook";"64 163";"5 850";"27 561 413";"2024-09-05 08:53:40"
"2024-09-10";"";"5 369 591";"227 026";"27 562 291";"2024-09-10 12:57:46"
"2024-09-02";"";"29 437";"37 981";"27 561 942";"2024-09-02 05:38:14"
"2024-09-03";"YouTube";"2 652 750";"147 721";"27 562 388";"2024-09-03 10:31:44"
"2024-09-02";"";"1 072 889";"85 113";"27 562 384";"2024-09-02 05:02:00"
"2024-09-06";"YouTube";"1 260 967";"1 928 355";"27 563 509";"2024-09-06 13:22:33"
"2024-09-07";"";"4 322 875";"545 071";"27 563 177";"2024-09-07 05:26:19"
"2024-09-05";"";"374 381";"16 664";"27 562 172";"2024-09-05 16:25:10"
"2024-09-05";"";"299 266";"12 633";"27 561 828";"2024-09-05 22:19:58"
"2024-09-06";"";"32 991";"2 682";"27 562 009";"2024-09-06 12:33:56"
"2024-09-05";"";"303 281";"15 261";"27 561 347";"2024-09-05 17:02:05"
"2024-09-05";"";"176 345";"11 658";"27 561 924";"2024-09-05 14:23:20"
"2024-09-08";"YouTube";"1 907 291";"802 920";"27 561 391";"2024-09-08 14:11:42"
"2024-09-08";"";"27 251";"6 165";"27 562 535";"2024-09-08 11:56:34"
"2024-09-03";"Instagram";"918 803";"308 249";"27 561 967";"2024-09-03 07:52:30"
"2024-09-07";"";"320 174";"30 902";"27 562 733";"2024-09-07 07:16:30"
"2024-09-01";"";"74 383";"4 486";"27 562 612";"2024-09-01 08:29:08"
"2024-09-08";"";"1 214 302";"41 780";"27 561 719";"2024-09-08 21:42:20"
"2024-09-06";"";"57 137";"97 705";"27 562 788";"2024-09-06 21:42:48"
"2024-09-08";"";"48 024";"7 160";"27 563 500";"2024-09-08 11:44:11"
"2024-09-06";"";"78 110 370";"2 677 539";"27 561 883";"2024-09-07 00:09:39"
"2024-09-08";"Facebook";"83 499";"17 759";"27 561 792";"2024-09-08 05:38:52"
"2024-09-09";"";"9 371";"26 666";"27 562 496";"2024-09-09 16:37:00"
"2024-09-08";"";"232 872";"30 016";"27 562 884";"2024-09-08 19:28:48"
"2024-09-09";"";"55 015";"11 433";"27 561 275";"2024-09-09 19:28:04"
"2024-09-02";"";"456 610";"47 157";"27 562 836";"2024-09-02 10:07:57"
"2024-09-02";"";"140 550";"11 574";"27 563 378";"2024-09-02 15:24:21"
"2024-09-10";"";"307 036";"47 531";"27 562 934";"2024-09-10 18:27:05"
"2024-09-08";"Yandex";"503 437";"390 058";"27 561 491";"2024-09-09 02:35:54"
"2024-09-04";"";"79 085";"6 673";"27 562 734";"2024-09-04 09:18:17"
"2024-09-10";"";"27 544";"5 152";"27 562 520";"2024-09-10 11:56:26"
"2024-09-06";"";"191 070";"8 308 944";"27 563 198";"2024-09-06 09:54:40"
"2024-09-04";"";"560 215";"94 007";"27 562 895";"2024-09-04 09:42:02"
"2024-09-05";"Telegram";"133 821 078";"25 909 543";"27 561 810";"2024-09-05 16:01:46"
"2024-09-06";"";"1 099 994";"3 419 601";"27 562 607";"2024-09-06 14:35:15"
"2024-09-02";"";"96 134";"6 586";"27 561 325";"2024-09-02 03:00:07"
"2024-09-07";"";"14 430";"29 713";"27 561 252";"2024-09-07 10:43:21"
"2024-09-04";"";"94 365";"5 433";"27 562 699";"2024-09-04 09:18:37"
"2024-09-05";"";"93 956";"14 923";"27 562 894";"2024-09-05 18:39:08"
"2024-09-08";"Telegram";"5 156 046";"734 337";"27 561 524";"2024-09-08 18:03:43"
"2024-09-02";"";"20 392";"28 212";"27 562 644";"2024-09-02 07:04:06"
"2024-09-04";"Facebook";"231 250";"18 607";"27 561 866";"2024-09-04 20:17:38"
"2024-09-04";"";"35 759 834";"1 679 208";"27 563 084";"2024-09-04 05:02:50"
"2024-09-09";"YouTube";"1 473 628";"130 453";"27 562 905";"2024-09-09 20:41:20"
"2024-09-06";"";"159 224";"86 853";"27 562 615";"2024-09-06 08:17:00"
"2024-09-04";"";"85 978";"6 869";"27 563 177";"2024-09-04 18:27:28"
"2024-09-05";"";"11 423";"419 712";"27 563 228";"2024-09-06 02:35:51"
"2024-09-02";"WhatsApp";"394 097";"2 268 824";"27 563 285";"2024-09-02 04:01:49"
"2024-09-09";"YouTube";"66 215";"53 853";"27 563 507";"2024-09-09 23:08:00"
"2024-09-03";"VKontakte";"42 972";"3 148";"27 562 667";"2024-09-03 19:40:41"
"2024-09-02";"Facebook";"62 598";"5 825";"27 562 085";"2024-09-03 02:23:24"
"2024-09-03";"Facebook";"1 341 449";"566 887";"27 561 846";"2024-09-03 03:36:03"
"2024-09-05";"";"7 545 918";"822 949";"27 562 838";"2024-09-05 22:07:48"
"2024-09-04";"";"5 235 942";"1 037 554";"27 562 243";"2024-09-04 19:16:34"
"2024-09-07";"";"60 316";"17 718";"27 563 216";"2024-09-07 13:34:00"
"2024-09-03";"";"102 739 726";"4 536 995";"27 563 123";"2024-09-03 12:21:27"
"2024-09-06";"";"2 362 179";"95 448";"27 562 202";"2024-09-06 06:27:36"
"2024-09-09";"WhatsApp";"106 539";"26 057";"27 561 718";"2024-09-09 23:56:05"
"2024-09-08";"";"937 479";"100 834";"27 562 668";"2024-09-08 04:13:03"
"2024-09-01";"";"63 578";"35 172";"27 561 800";"2024-09-01 17:50:27"
"2024-09-01";"";"14 342 587";"766 466";"27 561 403";"2024-09-02 00:33:10"
"2024-09-10";"";"29 142";"24 127";"27 561 477";"2024-09-10 16:49:52"
"2024-09-10";"";"122 435 043";"20 547 658";"27 563 059";"2024-09-10 16:01:27"
"2024-09-07";"";"27 843";"11 593";"27 563 105";"2024-09-07 07:16:34"
"2024-09-04";"";"814 917";"157 498";"27 561 542";"2024-09-04 10:55:04"
"2024-09-06";"";"27 667";"785";"27 563 052";"2024-09-06 15:12:44"
"2024-09-08";"";"1 759 003";"94 195";"27 563 225";"2024-09-08 17:38:51"
"2024-09-02";"";"1 340 058";"184 179";"27 562 629";"2024-09-03 00:57:02"
"2024-09-06";"YouTube";"76 615";"13 083";"27 563 310";"2024-09-06 13:58:56"
"2024-09-10";"";"26 863";"4 209";"27 562 784";"2024-09-10 19:52:10"
"2024-09-05";"WhatsApp";"55 298";"4 092";"27 561 659";"2024-09-05 17:50:53"
"2024-09-05";"Tas-ix";"1 085 698";"81 309";"27 562 090";"2024-09-05 10:07:30"
"2024-09-10";"Facebook";"330 072";"71 056";"27 563 174";"2024-09-10 19:28:51"
"2024-09-06";"";"169 584";"8 349";"27 562 293";"2024-09-07 00:33:39"
"2024-09-10";"";"37 855 369";"1 702 761";"27 563 280";"2024-09-10 13:10:01"
"2024-09-06";"";"33 204";"12 479";"27 563 041";"2024-09-06 14:23:36"
"2024-09-09";"";"168 601";"42 371";"27 562 560";"2024-09-09 15:12:09"
"2024-09-01";"";"1 860 144";"47 008";"27 561 482";"2024-09-01 19:52:51"
"2024-09-06";"Telegram";"6 644 071";"4 194 848";"27 562 935";"2024-09-06 18:39:29"
"2024-09-02";"Apple Music";"124 582";"6 017";"27 563 318";"2024-09-02 18:39:45"
"2024-09-10";"";"2 590 356";"120 169";"27 563 355";"2024-09-10 16:25:45"
"2024-09-06";"";"493 163";"17 221";"27 562 824";"2024-09-06 03:24:03"
"2024-09-06";"Instagram";"1 164 666";"86 116";"27 562 287";"2024-09-07 01:22:27"
"2024-09-09";"";"45 336";"69 034";"27 561 796";"2024-09-09 13:10:03"
"2024-09-01";"";"30 928";"2 351";"27 561 988";"2024-09-01 18:39:32"
"2024-09-08";"";"61 397";"9 554";"27 561 402";"2024-09-08 10:31:49"
"2024-09-03";"";"28 695";"1 448";"27 562 860";"2024-09-04 02:23:01"
"2024-09-01";"";"698 724";"42 908";"27 561 432";"2024-09-01 11:32:36"
"2024-09-07";"";"221 712";"492 074";"27 561 324";"2024-09-07 05:26:57"
"2024-09-05";"";"10 898 424";"395 741";"27 563 419";"2024-09-05 08:05:21"
"2024-09-10";"";"1 626 844";"1 302 064";"27 562 642";"2024-09-10 23:08:09"
"2024-09-08";"";"926 522";"66 272";"27 562 242";"2024-09-08 13:34:27"
"2024-09-05";"";"304 897";"83 170";"27 561 203";"2024-09-05 14:47:40"
"2024-09-09";"";"170 098";"17 477";"27 561 247";"2024-09-09 18:15:15"
"2024-09-10";"";"84 897";"90 317";"27 561 401";"2024-09-10 17:14:12"
"2024-09-10";"Telegram";"79 420 854";"4 917 413";"27 562 540";"2024-09-10 14:47:22"
"2024-09-09";"Tas-ix";"1 458 037";"82 875";"27 563 514";"2024-09-09 19:52:49"
"2024-09-09";"";"125 247";"10 659";"27 563 066";"2024-09-09 21:06:39"
"2024-09-08";"";"53 681";"1 617";"27 561 559";"2024-09-08 05:38:12"
"2024-09-02";"YouTube";"6 721 963";"343 359";"27 561 649";"2024-09-02 13:22:33"
"2024-09-05";"";"849 777";"44 681";"27 562 820";"2024-09-05 05:38:04"
"2024-09-10";"Instagram";"17 282 696";"208 365";"27 563 198";"2024-09-10 08:41:10"
"2024-09-03";"";"86 742";"128 337";"27 561 888";"2024-09-03 18:39:50"
"2024-09-08";"";"87 836";"8 624";"27 563 234";"2024-09-08 07:40:04"
"2024-09-07";"";"585 411";"49 198";"27 563 264";"2024-09-07 04:49:46"
"2024-09-09";"Unknown";"3 791 336";"722 345";"27 563 458";"2024-09-09 04:01:16"
"2024-09-09";"";"1 714 223";"131 286";"27 562 044";"2024-09-09 08:29:35"
"2024-09-03";"WhatsApp";"119 640";"11 319";"27 561 671";"2024-09-03 18:39:49"
"2024-09-05";"";"162 900";"9 947";"27 562 550";"2024-09-06 02:47:48"
"2024-09-09";"YouTube";"245 824";"136 923";"27 562 252";"2024-09-09 22:07:47"
"2024-09-07";"";"37 510";"24 795";"27 562 516";"2024-09-07 04:25:23"
"2024-09-10";"";"225 131";"21 444";"27 561 975";"2024-09-11 02:35:05"
"2024-09-04";"";"89 017";"5 458";"27 562 156";"2024-09-04 14:35:44"
"2024-09-09";"";"32 353";"12 288";"27 563 186";"2024-09-09 04:01:26"
"2024-09-05";"";"122 954 974";"7 730 700";"27 563 031";"2024-09-05 13:34:56"
"2024-09-02";"";"728 849";"150 701";"27 563 096";"2024-09-03 01:10:35"
"2024-09-05";"";"569 922";"185 559";"27 561 485";"2024-09-05 12:21:54"
"2024-09-08";"";"19 829 068";"851 038";"27 562 057";"2024-09-08 05:26:41"
"2024-09-08";"YouTube";"283 737";"39 120";"27 563 129";"2024-09-08 12:57:48"
"2024-09-04";"";"108 446";"7 190";"27 562 984";"2024-09-04 07:16:16"
"2024-09-10";"Facebook";"3 279 507";"112 229";"27 562 951";"2024-09-10 11:56:17"
"2024-09-06";"VKontakte";"681 609";"164 763";"27 562 838";"2024-09-06 15:12:03"
"2024-09-07";"";"98 303";"23 555";"27 562 105";"2024-09-07 13:58:18"
"2024-09-05";"";"170 236";"90 073";"27 562 884";"2024-09-05 08:29:23"
"2024-09-01";"";"347 560";"207 159";"27 562 139";"2024-09-01 10:19:27"
"2024-09-06";"";"45 341";"6 299";"27 561 815";"2024-09-06 19:40:36"
"2024-09-09";"PUBG";"2 041 317";"73 970";"27 563 442";"2024-09-10 02:47:32"
"2024-09-03";"";"161 595";"10 016";"27 563 099";"2024-09-03 14:11:36"
"2024-09-01";"";"45 809";"16 076";"27 562 539";"2024-09-01 16:25:18"
"2024-09-06";"Instagram";"11 021 821";"10 887 076";"27 562 988";"2024-09-06 20:17:28"
"2024-09-03";"";"81 372";"16 082";"27 562 613";"2024-09-03 17:14:14"
"2024-09-06";"";"103 315";"7 840";"27 562 302";"2024-09-06 14:35:31"
"2024-09-09";"";"102 803 904";"1 264 881";"27 561 567";"2024-09-09 12:45:47"
"2024-09-06";"YouTube";"72 087";"28 056";"27 562 979";"2024-09-06 18:03:41"
"2024-09-06";"Instagram";"326 568";"649 693";"27 562 992";"2024-09-06 16:01:42"
"2024-09-10";"";"91 796";"6 220";"27 563 266";"2024-09-10 03:36:20"
"2024-09-03";"";"2 242 118";"126 379";"27 562 692";"2024-09-03 12:57:44"
"2024-09-04";"Facebook";"1 889 500";"89 250";"27 562 606";"2024-09-05 01:10:47"
"2024-09-05";"";"65 997";"10 356";"27 563 218";"2024-09-05 12:33:43"
"2024-09-01";"";"834 077";"45 283";"27 562 059";"2024-09-01 03:00:33"
"2024-09-04";"";"6 730";"30 267";"27 562 685";"2024-09-04 16:37:09"
"2024-09-03";"Likee";"7 957 284";"713 584";"27 562 069";"2024-09-03 07:28:08"
"2024-09-02";"";"233 533";"19 970";"27 561 276";"2024-09-02 18:03:15"
"2024-09-09";"TikTok";"1 080";"59 197";"27 562 988";"2024-09-09 16:37:02"
"2024-09-08";"";"48 056";"6 451";"27 562 553";"2024-09-08 06:27:05"
"2024-09-05";"YouTube";"300 413 443";"16 182 716";"27 562 360";"2024-09-05 18:39:01"
"2024-09-02";"YouTube";"20 095 015";"1 056 183";"27 562 684";"2024-09-03 01:58:11"
"2024-09-06";"";"1 827 356";"367 760";"27 562 698";"2024-09-06 07:16:51"
"2024-09-04";"";"8 391";"60 225";"27 561 570";"2024-09-04 03:36:26"
"2024-09-09";"TikTok";"129 591";"2 132 209";"27 561 470";"2024-09-09 19:40:58"
"2024-09-01";"";"61 749";"7 569";"27 561 381";"2024-09-01 09:18:33"
"2024-09-06";"Instagram";"970 248";"548 620";"27 562 566";"2024-09-06 07:28:08"
"2024-09-04";"";"492 147";"197 419";"27 562 886";"2024-09-05 01:46:55"
"2024-09-10";"Facebook";"6 654 449";"284 671";"27 563 109";"2024-09-10 03:00:31"
"2024-09-07";"";"3 180 449";"1 939 488";"27 563 447";"2024-09-07 20:17:19"
"2024-09-03";"YouTube";"36 147";"184 947";"27 563 293";"2024-09-03 09:54:50"
"2024-09-06";"Odnoklassniki";"212 720";"60 296";"27 561 649";"2024-09-06 19:16:30"
"2024-09-06";"";"77 940";"7 423";"27 562 445";"2024-09-06 22:43:13"
"2024-09-07";"";"233 315";"42 256";"27 562 580";"2024-09-07 06:51:55"
"2024-09-03";"Unknown";"581 936";"27 714";"27 562 473";"2024-09-03 05:50:36"
"2024-09-04";"";"701 111";"757 368";"27 563 446";"2024-09-05 02:59:04"
"2024-09-01";"";"619 771";"72 625";"27 561 623";"2024-09-01 23:56:23"
"2024-09-04";"YouTube";"3 018 082";"166 548";"27 561 479";"2024-09-05 01:10:46"
"2024-09-05";"";"136 869";"363 964";"27 562 139";"2024-09-05 04:13:28"
"2024-09-10";"";"314 108";"18 419";"27 562 841";"2024-09-10 10:07:25"
"2024-09-03";"";"36 393";"1 748 837";"27 563 174";"2024-09-03 17:50:32"
"2024-09-01";"";"145 239";"11 167";"27 561 953";"2024-09-02 01:46:04"
"2024-09-06";"";"49 053";"3 599";"27 561 800";"2024-09-06 23:32:46"
"2024-09-06";"Telegram";"3 439 279";"199 857";"27 561 357";"2024-09-06 19:16:31"
"2024-09-02";"";"290 805";"51 573";"27 562 083";"2024-09-02 21:18:03"
"2024-09-09";"";"370 306";"23 823";"27 561 867";"2024-09-09 04:49:41"
"2024-09-06";"Yandex Music";"2 929 841";"1 643 954";"27 563 357";"2024-09-06 22:55:17"
"2024-09-07";"";"25 031 159";"1 190 887";"27 561 951";"2024-09-07 09:06:20"
"2024-09-06";"";"337 740";"23 760";"27 561 378";"2024-09-06 15:00:15"
"2024-09-05";"YouTube";"846 449";"66 866";"27 561 835";"2024-09-05 22:55:13"
"2024-09-03";"Unknown";"157 395";"29 866";"27 563 198";"2024-09-03 16:01:12"
"2024-09-10";"Telegram";"151 827 373";"2 362 557";"27 563 187";"2024-09-10 13:10:19"
"2024-09-08";"";"226 970";"838 351";"27 562 674";"2024-09-08 12:21:33"
"2024-09-02";"";"40 194";"2 047";"27 561 172";"2024-09-02 04:01:02"
"2024-09-02";"Instagram";"32 175 068";"1 133 232";"27 563 439";"2024-09-02 23:20:23"
"2024-09-06";"Facebook";"81 345";"229 817";"27 563 099";"2024-09-06 05:02:51"
"2024-09-06";"";"624 825";"653 351";"27 563 404";"2024-09-06 11:56:01"
"2024-09-10";"";"171 466";"19 811";"27 562 780";"2024-09-11 00:57:52"
"2024-09-03";"";"27 674";"30 463";"27 562 850";"2024-09-03 12:57:41"
"2024-09-04";"";"965 852";"203 515";"27 563 092";"2024-09-04 18:27:53"
"2024-09-08";"";"66 130 863";"9 383 042";"27 562 698";"2024-09-08 20:05:39"
"2024-09-03";"";"171 804";"28 107";"27 562 733";"2024-09-03 18:51:19"
"2024-09-07";"Telegram";"48 770 430";"50 406 194";"27 563 072";"2024-09-07 11:44:26"
"2024-09-02";"";"62 054";"6 416";"27 562 667";"2024-09-03 01:10:24"
"2024-09-06";"YouTube";"45 765";"5 421";"27 561 992";"2024-09-06 21:06:31"
"2024-09-03";"";"56 025";"174 665";"27 563 420";"2024-09-03 05:50:26"
"2024-09-10";"";"33 725";"7 971";"27 562 242";"2024-09-10 11:56:56"
"2024-09-03";"";"63 957";"86 930";"27 562 273";"2024-09-04 02:47:08"
"2024-09-07";"VKontakte";"3 866 954";"146 337";"27 563 186";"2024-09-07 14:11:52"
"2024-09-04";"";"1 674 847";"615 612";"27 561 884";"2024-09-04 22:19:44"
"2024-09-02";"";"40 781";"70 974";"27 563 496";"2024-09-02 14:35:37"
"2024-09-09";"";"48 139";"10 193";"27 561 305";"2024-09-09 15:12:43"
"2024-09-07";"";"81 255";"15 167";"27 563 469";"2024-09-07 17:02:04"
"2024-09-01";"";"170 482";"43 192";"27 561 697";"2024-09-01 05:14:36"
"2024-09-01";"";"983 963";"61 410";"27 562 025";"2024-09-01 08:53:13"
"2024-09-08";"";"107 468";"18 470";"27 561 800";"2024-09-08 13:58:59"
"2024-09-07";"";"243 447";"1 386 831";"27 561 369";"2024-09-07 09:18:42"
"2024-09-01";"";"1 129 785";"125 319";"27 563 440";"2024-09-01 03:24:11"
"2024-09-10";"";"282 008";"30 855";"27 561 249";"2024-09-11 02:23:08"
"2024-09-10";"";"284 133";"19 007";"27 562 795";"2024-09-10 23:20:31"
"2024-09-07";"Telegram";"3 320 500";"231 858";"27 561 351";"2024-09-08 01:58:03"
"2024-09-04";"";"230 706";"18 956";"27 562 088";"2024-09-04 17:02:36"
"2024-09-05";"";"126 633";"10 626";"27 562 460";"2024-09-05 06:39:52"
"2024-09-09";"YouTube";"146 583 333";"9 145 953";"27 561 879";"2024-09-09 09:06:52"
"2024-09-08";"";"122 493";"6 453";"27 562 513";"2024-09-08 21:06:29"
"2024-09-01";"";"31 319";"5 858";"27 561 815";"2024-09-01 04:37:11"
"2024-09-03";"";"32 334";"2 748";"27 562 839";"2024-09-03 21:42:50"
"2024-09-10";"";"1 042";"33 091";"27 562 090";"2024-09-10 08:53:41"
"2024-09-03";"";"309 150";"152 479";"27 561 302";"2024-09-03 16:49:56"
"2024-09-09";"";"12 176 309";"9 738 645";"27 563 041";"2024-09-09 05:14:29"
"2024-09-06";"";"104 880";"11 443";"27 563 006";"2024-09-06 22:43:23"
"2024-09-09";"Instagram";"483 108";"94 771";"27 562 813";"2024-09-09 10:19:18"
"2024-09-04";"Instagram";"57 884 773";"1 650 369";"27 561 383";"2024-09-05 01:22:31"
"2024-09-08";"";"138 611";"89 155";"27 562 006";"2024-09-08 09:06:57"
"2024-09-10";"";"171 666";"42 608";"27 562 107";"2024-09-10 05:14:42"
"2024-09-06";"";"29 166";"117 277";"27 562 444";"2024-09-06 22:43:24"
"2024-09-06";"";"415 583";"137 371";"27 561 533";"2024-09-06 21:54:09"
"2024-09-04";"";"106 330";"98 854";"27 561 772";"2024-09-04 11:44:11"
"2024-09-09";"";"26 271";"2 475";"27 562 459";"2024-09-09 21:06:47"
"2024-09-02";"Unknown";"305 566";"13 115";"27 561 994";"2024-09-02 12:21:06"
"2024-09-02";"YouTube";"404 569";"128 299";"27 563 462";"2024-09-02 23:08:48"
"2024-09-03";"";"220 209";"10 231";"27 563 489";"2024-09-03 19:40:24"
"2024-09-10";"";"236 043";"27 782";"27 561 225";"2024-09-10 20:05:58"
"2024-09-02";"";"535 996";"85 400";"27 562 905";"2024-09-02 15:36:33"
"2024-09-04";"YouTube";"291 994";"29 742";"27 563 369";"2024-09-04 19:16:37"
"2024-09-08";"";"205 179";"12 318";"27 562 300";"2024-09-08 12:57:14"
"2024-09-04";"Facebook";"92 713";"8 114";"27 561 362";"2024-09-04 06:27:48"
"2024-09-10";"YouTube";"2 421 048";"131 355";"27 561 975";"2024-09-10 06:03:24"
"2024-09-08";"";"180 751";"102 746";"27 561 877";"2024-09-08 12:57:14"
"2024-09-01";"";"1 279 349";"89 790";"27 562 140";"2024-09-01 14:59:11"
"2024-09-10";"";"118 016";"7 996";"27 562 447";"2024-09-10 15:12:00"
"2024-09-01";"YouTube";"244 128";"31 817";"27 561 908";"2024-09-01 20:05:59"
"2024-09-02";"Instagram";"814 116";"38 310";"27 562 647";"2024-09-02 21:06:04"
"2024-09-06";"";"128 112";"14 933";"27 562 971";"2024-09-06 08:05:50"
"2024-09-09";"Facebook";"36 961";"4 266";"27 562 895";"2024-09-09 22:07:52"
"2024-09-08";"";"32 613";"13 287";"27 561 785";"2024-09-08 15:00:39"
"2024-09-04";"";"85 164";"7 918";"27 562 578";"2024-09-04 13:22:30"
"2024-09-03";"";"28 367";"8 577";"27 563 008";"2024-09-03 11:44:09"
"2024-09-10";"";"4 214 830";"194 438";"27 562 699";"2024-09-10 15:48:52"
"2024-09-10";"Facebook";"4 226 513";"200 314";"27 562 895";"2024-09-10 06:27:48"
"2024-09-05";"";"34 728";"4 681";"27 561 294";"2024-09-05 04:49:34"
"2024-09-03";"";"44 933";"5 335";"27 562 725";"2024-09-03 15:48:22"
"2024-09-07";"Facebook";"2 218 502";"1 020 097";"27 562 685";"2024-09-07 18:39:45"
"2024-09-03";"Apple Music";"150 247 095";"3 957 428";"27 562 070";"2024-09-03 14:23:45"
"2024-09-05";"";"602 459";"118 407";"27 562 204";"2024-09-05 05:26:08"
"2024-09-09";"Facebook";"3 336 923";"102 688";"27 563 285";"2024-09-09 06:51:16"
"2024-09-03";"YouTube";"32 575";"55 973";"27 562 080";"2024-09-03 15:48:45"
"2024-09-09";"Facebook";"1 755 435";"78 938";"27 562 572";"2024-09-09 08:53:43"
"2024-09-01";"Facebook";"807 969";"534 989";"27 561 232";"2024-09-01 17:38:49"
"2024-09-10";"";"697 660";"96 797";"27 563 310";"2024-09-10 12:57:24"
"2024-09-05";"";"388 058";"27 058";"27 561 592";"2024-09-05 15:36:11"
"2024-09-02";"";"35 308";"6 754";"27 563 113";"2024-09-02 17:02:00"
"2024-09-09";"";"188 908";"238 322";"27 562 656";"2024-09-09 09:30:12"
"2024-09-05";"Telegram";"377 932";"52 195";"27 563 029";"2024-09-06 02:47:41"
"2024-09-03";"Yandex";"62 195";"28 278";"27 562 041";"2024-09-03 20:53:04"
"2024-09-02";"YouTube";"1 335 213";"308 913";"27 561 380";"2024-09-02 09:06:01"
"2024-09-03";"";"0";"35 222";"27 561 350";"2024-09-03 17:02:52"
"2024-09-01";"Telegram";"5 168 021";"290 131";"27 562 203";"2024-09-01 03:12:41"
"2024-09-02";"";"37 757";"8 131";"27 561 760";"2024-09-02 03:48:38"
"2024-09-08";"";"772 562";"56 023";"27 561 760";"2024-09-08 12:45:05"
"2024-09-06";"YouTube";"22 776 000";"2 150 061";"27 562 004";"2024-09-07 00:21:20"
"2024-09-04";"";"5 916 917";"231 773";"27 563 508";"2024-09-04 13:10:46"
"2024-09-07";"";"253 410";"22 302";"27 562 899";"2024-09-07 03:12:57"
"2024-09-03";"";"904 288";"78 853";"27 561 243";"2024-09-03 08:41:51"
"2024-09-08";"";"28 877 544";"1 366 357";"27 562 658";"2024-09-08 16:01:39"
"2024-09-10";"";"1 511 328";"297 755";"27 562 339";"2024-09-10 14:23:30"
"2024-09-03";"YouTube";"29 734 492";"1 712 331";"27 561 850";"2024-09-03 10:43:08"
"2024-09-03";"";"2 006 129";"119 223";"27 562 257";"2024-09-03 11:32:13"
"2024-09-05";"";"290 355";"30 330";"27 562 107";"2024-09-06 00:45:26"
"2024-09-04";"";"2 090 869";"141 955";"27 561 454";"2024-09-04 11:44:08"
"2024-09-03";"Facebook";"70 131";"19 770";"27 562 007";"2024-09-04 00:21:59"
"2024-09-09";"";"184 041";"12 573";"27 562 717";"2024-09-09 09:54:46"
"2024-09-06";"Facebook";"65 931";"45 547";"27 561 182";"2024-09-07 01:58:34"
"2024-09-01";"";"553 687";"42 633";"27 561 800";"2024-09-01 19:40:23"
"2024-09-01";"";"761 211";"155 678";"27 561 498";"2024-09-01 20:29:48"
"2024-09-07";"";"177 694";"431 291";"27 562 252";"2024-09-07 12:45:29"
"2024-09-10";"";"4 435 852";"609 224";"27 562 317";"2024-09-10 15:36:50"
"2024-09-03";"Instagram";"611 028";"93 951";"27 562 872";"2024-09-03 06:39:29"
"2024-09-05";"";"1 010 281";"663 577";"27 561 902";"2024-09-05 05:38:58"
"2024-09-04";"";"46 938";"36 620";"27 562 961";"2024-09-04 17:38:55"
"2024-09-03";"";"52 998";"2 641";"27 561 841";"2024-09-03 10:19:16"
"2024-09-01";"";"20 846";"157 066";"27 562 614";"2024-09-01 03:12:39"
"2024-09-06";"";"206 642";"26 937";"27 563 450";"2024-09-06 14:59:55"
"2024-09-04";"";"41 823";"25 647";"27 562 320";"2024-09-04 09:30:14"
"2024-09-02";"";"572 589";"29 459";"27 563 031";"2024-09-02 11:08:20"
"2024-09-09";"";"46 444";"258 668";"27 562 097";"2024-09-09 03:12:51"
"2024-09-08";"";"19 801";"133 666";"27 563 291";"2024-09-08 14:47:34"
"2024-09-05";"Instagram";"35 396 354";"823 663";"27 562 495";"2024-09-05 12:57:40"
"2024-09-03";"";"221 780";"11 539";"27 561 921";"2024-09-03 18:39:53"
"2024-09-07";"";"89 567";"49 276";"27 562 889";"2024-09-07 06:03:08"
"2024-09-10";"";"97 541";"7 738";"27 562 961";"2024-09-10 18:39:32"
"2024-09-04";"YouTube";"3 262 834";"1 183 999";"27 563 168";"2024-09-04 20:53:08"
"2024-09-06";"";"580 191";"1 139 792";"27 563 445";"2024-09-07 02:23:39"
"2024-09-06";"Instagram";"40 336";"7 516";"27 562 252";"2024-09-06 23:32:58"
"2024-09-06";"WhatsApp";"85 445";"96 455";"27 561 337";"2024-09-06 07:40:19"
"2024-09-02";"";"278 176";"41 784";"27 563 445";"2024-09-02 19:40:19"
"2024-09-04";"";"381 870";"156 365";"27 563 334";"2024-09-04 14:35:42"
"2024-09-08";"";"55 200";"6 288";"27 562 512";"2024-09-08 03:48:14"
"2024-09-05";"";"517 401";"22 322";"27 562 445";"2024-09-05 14:23:57"
"2024-09-01";"";"911 153";"90 491";"27 563 128";"2024-09-01 07:04:56"
"2024-09-09";"Instagram";"1 067 749";"43 152";"27 561 974";"2024-09-09 16:01:09"
"2024-09-10";"";"40 162";"24 166";"27 562 339";"2024-09-10 11:08:43"
"2024-09-10";"Instagram";"45 148 461";"1 869 090";"27 561 413";"2024-09-10 18:51:15"
"2024-09-05";"Facebook";"1 456 419";"524 448";"27 562 281";"2024-09-05 06:27:08"
"2024-09-04";"WhatsApp";"3 706 356";"159 116";"27 563 152";"2024-09-04 11:32:14"
"2024-09-05";"";"416 217";"186 956";"27 563 285";"2024-09-05 08:53:31"
"2024-09-09";"Tas-ix";"70 639";"8 325";"27 563 328";"2024-09-09 07:04:09"
"2024-09-04";"";"3 758 230";"117 014";"27 562 205";"2024-09-04 15:24:52"
"2024-09-06";"Facebook";"93 800";"11 133";"27 562 747";"2024-09-06 08:53:29"
"2024-09-05";"";"26 679";"1 966";"27 561 688";"2024-09-05 16:25:46"
"2024-09-09";"";"97 992";"11 458";"27 562 084";"2024-09-09 13:10:14"
"2024-09-08";"";"609 932";"159 596";"27 562 675";"2024-09-08 19:28:15"
"2024-09-09";"";"51 658";"7 355";"27 562 175";"2024-09-10 00:33:50"
"2024-09-06";"";"274 394";"335 292";"27 562 803";"2024-09-06 17:26:36"
"2024-09-10";"";"264 789";"15 195";"27 562 889";"2024-09-10 03:24:39"
"2024-09-08";"";"112 920";"6 528";"27 563 269";"2024-09-08 03:48:54"
"2024-09-05";"Unknown";"25 811";"3 837";"27 561 480";"2024-09-05 11:08:56"
"2024-09-06";"Instagram";"131 222 896";"2 835 359";"27 562 050";"2024-09-06 18:15:02"
"2024-09-07";"";"27 963";"3 605";"27 562 587";"2024-09-07 11:08:15"
"2024-09-09";"YouTube";"1 088 460";"402 246";"27 562 356";"2024-09-09 21:06:27"
"2024-09-07";"";"171 272";"31 745";"27 561 630";"2024-09-07 04:37:50"
"2024-09-03";"Apple Music";"249 217";"63 245";"27 561 578";"2024-09-03 09:42:04"
"2024-09-07";"";"16 850";"119 913";"27 562 474";"2024-09-07 14:23:47"
"2024-09-03";"";"680 523";"935 784";"27 562 292";"2024-09-03 06:27:23"
"2024-09-08";"";"96 947";"122 469";"27 563 478";"2024-09-08 11:56:34"
"2024-09-09";"";"957 639";"135 393";"27 563 187";"2024-09-09 03:12:10"
"2024-09-05";"Yandex";"380 937";"25 163";"27 562 593";"2024-09-05 23:20:41"
"2024-09-06";"Facebook";"2 469 886";"94 365";"27 561 697";"2024-09-06 22:31:22"
"2024-09-03";"Telegram";"6 123 562";"457 398";"27 562 050";"2024-09-03 19:40:49"
"2024-09-08";"";"34 391";"45 520";"27 562 812";"2024-09-08 18:51:19"
"2024-09-08";"";"62 225";"433 067";"27 561 524";"2024-09-08 07:52:32"
"2024-09-04";"";"338 106";"8 447";"27 562 965";"2024-09-04 20:53:45"
"2024-09-09";"YouTube";"13 077";"36 696";"27 561 511";"2024-09-10 00:33:17"
"2024-09-06";"";"2 108 172";"3 204 930";"27 562 615";"2024-09-06 09:42:31"
"2024-09-04";"Instagram";"11 945 003";"13 867 538";"27 561 570";"2024-09-04 16:01:05"
"2024-09-06";"";"350 871";"95 701";"27 562 047";"2024-09-06 07:52:25"
"2024-09-03";"";"1 753 558";"61 846";"27 562 713";"2024-09-03 23:44:34"
"2024-09-10";"";"97 404";"7 777";"27 562 260";"2024-09-10 16:01:31"
"2024-09-10";"";"59 338";"37 083";"27 563 186";"2024-09-10 16:01:04"
"2024-09-02";"";"195 891";"33 246";"27 563 191";"2024-09-02 12:57:11"
"2024-09-05";"Telegram";"14 229 504";"862 786";"27 561 277";"2024-09-05 13:10:22"
"2024-09-09";"WhatsApp";"304 364";"260 253";"27 562 512";"2024-09-09 20:17:06"
"2024-09-01";"Telegram";"9 436 166";"620 563";"27 561 920";"2024-09-01 12:09:07"
"2024-09-01";"Yandex";"26 233";"5 448";"27 561 197";"2024-09-01 04:01:16"
"2024-09-02";"";"18 298";"50 421";"27 563 219";"2024-09-02 10:19:27"
"2024-09-04";"";"89 613";"12 291";"27 561 690";"2024-09-04 03:24:59"
"2024-09-01";"";"26 946";"139 997";"27 561 314";"2024-09-02 02:23:49"
"2024-09-04";"";"17 228 365";"1 014 128";"27 561 453";"2024-09-05 00:33:24"
"2024-09-03";"";"14 701";"41 559";"27 562 222";"2024-09-03 07:40:22"
"2024-09-09";"";"321 741";"74 981";"27 563 452";"2024-09-09 05:02:07"
"2024-09-06";"";"400 510";"23 916";"27 562 505";"2024-09-06 13:46:44"
"2024-09-05";"YouTube";"144 471";"834 144";"27 562 578";"2024-09-05 18:15:06"
"2024-09-04";"";"393 141";"25 427";"27 561 276";"2024-09-04 11:08:45"
"2024-09-05";"";"319 218";"26 581";"27 562 941";"2024-09-05 10:19:37"
"2024-09-09";"";"317 354";"16 597";"27 562 824";"2024-09-09 18:51:39"
"2024-09-04";"";"10 990 429";"341 940";"27 562 004";"2024-09-04 04:49:43"
"2024-09-09";"YouTube";"325 340";"34 454";"27 561 216";"2024-09-09 13:34:57"
"2024-09-07";"";"216 092";"19 475";"27 562 497";"2024-09-07 10:07:15"
"2024-09-03";"";"159 842";"68 085";"27 562 604";"2024-09-04 02:47:59"
"2024-09-02";"";"26 872";"12 050";"27 562 481";"2024-09-02 21:42:29"
"2024-09-01";"";"95 459 152";"5 759 373";"27 561 347";"2024-09-01 16:25:45"
"2024-09-10";"";"65 678";"4 201";"27 562 489";"2024-09-10 18:39:38"
"2024-09-07";"";"223 437";"151 298";"27 562 110";"2024-09-08 02:35:27"
"2024-09-06";"";"168 309";"9 108";"27 562 276";"2024-09-06 12:57:34"
"2024-09-06";"Unknown";"578 692";"8 228";"27 562 194";"2024-09-06 03:00:49"
"2024-09-04";"";"159 970";"14 571";"27 563 254";"2024-09-04 16:01:05"
"2024-09-10";"";"367 949";"1 108 268";"27 562 675";"2024-09-10 04:37:02"
"2024-09-02";"";"420 143";"78 642";"27 561 862";"2024-09-02 20:05:07"
"2024-09-05";"YouTube";"845 706";"3 588 326";"27 561 974";"2024-09-05 11:32:00"
"2024-09-01";"";"33 109";"6 809";"27 563 157";"2024-09-01 09:18:39"
"2024-09-03";"";"94 985";"37 056";"27 561 350";"2024-09-03 20:41:00"
"2024-09-02";"";"686 291";"32 410";"27 562 592";"2024-09-03 00:21:47"
"2024-09-05";"Facebook";"277 969";"174 560";"27 561 383";"2024-09-05 12:09:25"
"2024-09-04";"Apple Music";"467 128";"117 573";"27 563 295";"2024-09-04 16:01:27"
"2024-09-02";"";"192 258";"51 780";"27 562 365";"2024-09-02 09:18:40"
"2024-09-10";"Instagram";"26 931 529";"1 039 519";"27 562 685";"2024-09-10 11:08:50"
"2024-09-06";"";"52 241";"2 779";"27 561 307";"2024-09-06 15:00:10"
"2024-09-10";"";"128 500";"6 572";"27 561 892";"2024-09-10 03:12:30"
"2024-09-08";"Yandex";"209 989";"140 384";"27 562 903";"2024-09-09 00:33:23"
"2024-09-06";"";"225 985";"11 825";"27 563 273";"2024-09-06 21:30:38"
"2024-09-07";"";"36 092";"2 108";"27 561 820";"2024-09-07 19:40:22"
"2024-09-08";"";"30 409";"2 863";"27 561 227";"2024-09-08 11:32:32"
"2024-09-01";"Yandex";"2 358 599";"203 647";"27 562 034";"2024-09-01 09:06:02"
"2024-09-10";"";"39 745";"9 374";"27 562 150";"2024-09-10 18:39:11"
"2024-09-02";"Instagram";"620 753";"296 965";"27 562 061";"2024-09-02 09:18:57"
"2024-09-08";"";"293 411";"23 222";"27 561 239";"2024-09-08 04:13:46"
"2024-09-04";"";"214 244";"19 253";"27 562 535";"2024-09-04 04:37:54"
"2024-09-02";"";"206 752";"7 771";"27 561 796";"2024-09-02 14:23:45"
"2024-09-05";"";"221 058";"15 145";"27 563 066";"2024-09-05 22:43:22"
"2024-09-03";"";"163 155";"18 988";"27 562 968";"2024-09-03 10:43:21"
"2024-09-08";"";"2 363 130";"135 618";"27 561 492";"2024-09-08 15:48:27"
"2024-09-03";"Instagram";"2 833 917";"2 758 863";"27 563 203";"2024-09-03 15:00:07"
"2024-09-03";"";"132 763";"385 135";"27 563 204";"2024-09-03 05:38:18"
"2024-09-02";"Apple Music";"113 063";"32 537";"27 561 908";"2024-09-02 19:40:16"
"2024-09-09";"YouTube";"832 128";"1 398 607";"27 563 193";"2024-09-09 10:55:47"
"2024-09-03";"";"29 737";"2 898";"27 563 453";"2024-09-03 22:55:26"
"2024-09-06";"Facebook";"339 196";"290 896";"27 562 659";"2024-09-06 23:32:00"
"2024-09-07";"";"69 575";"14 553";"27 562 242";"2024-09-07 11:08:01"
"2024-09-02";"";"565 218";"249 243";"27 561 708";"2024-09-03 00:21:44"
"2024-09-01";"";"39 539";"14 749";"27 562 252";"2024-09-01 03:48:02"
"2024-09-05";"";"41 255";"58 863";"27 563 107";"2024-09-05 17:38:41"
"2024-09-01";"YouTube";"131 356";"677 179";"27 562 686";"2024-09-02 02:35:45"
"2024-09-05";"";"53 116 522";"2 977 773";"27 561 224";"2024-09-05 10:55:02"
"2024-09-04";"";"165 314";"21 649";"27 563 418";"2024-09-04 06:03:09"
"2024-09-10";"Yandex";"46 749";"23 852";"27 563 304";"2024-09-10 20:41:46"
"2024-09-06";"";"65 789";"14 175";"27 562 837";"2024-09-06 23:44:19"
"2024-09-06";"VKontakte";"130 908 565";"5 944 094";"27 563 005";"2024-09-06 06:39:46"
"2024-09-08";"Unknown";"27 713";"7 815";"27 561 452";"2024-09-08 11:08:55"
"2024-09-08";"";"42 992";"5 645";"27 562 578";"2024-09-08 16:37:06"
"2024-09-08";"";"1 064 431";"73 616";"27 562 141";"2024-09-08 18:27:40"
"2024-09-05";"";"242 235";"18 140";"27 561 802";"2024-09-06 02:35:23"
"2024-09-08";"";"29 248";"5 606";"27 562 748";"2024-09-08 09:54:48"
"2024-09-03";"";"30 412";"32 922";"27 562 252";"2024-09-04 01:34:33"
"2024-09-09";"";"17 793 851";"1 122 449";"27 561 775";"2024-09-09 07:40:43"
"2024-09-05";"";"1 210 738";"90 225";"27 562 684";"2024-09-05 22:43:49"
"2024-09-02";"";"1 563 177";"94 977";"27 561 173";"2024-09-02 21:54:21"
"2024-09-06";"";"67 359";"18 715";"27 561 760";"2024-09-06 13:34:20"
"2024-09-01";"";"124 927";"6 922";"27 563 161";"2024-09-01 20:29:58"
"2024-09-06";"";"39 412";"6 185";"27 562 713";"2024-09-07 00:57:35"
"2024-09-01";"";"7 519 149";"392 694";"27 563 009";"2024-09-01 06:03:38"
"2024-09-10";"";"99 885";"10 057";"27 563 059";"2024-09-11 01:22:19"
"2024-09-02";"Instagram";"6 129 976";"239 654";"27 562 047";"2024-09-02 09:30:36"
"2024-09-09";"Telegram";"63 527 777";"3 285 433";"27 562 965";"2024-09-09 21:30:32"
"2024-09-05";"Facebook";"82 387";"46 817";"27 561 760";"2024-09-05 15:24:32"
"2024-09-04";"";"152 032";"152 298";"27 561 690";"2024-09-04 13:10:43"
"2024-09-05";"";"41 507";"2 215";"27 563 267";"2024-09-05 21:42:17"
"2024-09-05";"";"135 033";"61 316";"27 561 512";"2024-09-05 08:29:43"
"2024-09-03";"";"325 120";"13 306";"27 562 014";"2024-09-03 05:26:24"
"2024-09-08";"";"0";"27 080";"27 561 943";"2024-09-08 11:20:30"
"2024-09-02";"";"35 430";"22 238";"27 562 516";"2024-09-02 23:08:36"
"2024-09-08";"Instagram";"27 593 880";"1 888 847";"27 562 435";"2024-09-09 02:47:47"
"2024-09-10";"";"56 998";"12 897";"27 562 858";"2024-09-10 10:55:38"
"2024-09-05";"Telegram";"3 331 095";"219 466";"27 561 422";"2024-09-05 04:01:45"
"2024-09-10";"";"33 863";"9 486";"27 563 168";"2024-09-10 08:29:13"
"2024-09-04";"YouTube";"343 462";"44 521";"27 561 567";"2024-09-05 02:23:39"
"2024-09-05";"Facebook";"1 377 479";"514 375";"27 561 212";"2024-09-05 09:54:18"
"2024-09-08";"";"49 537";"6 256";"27 561 719";"2024-09-08 20:53:17"
"2024-09-07";"";"164 002";"52 484";"27 562 504";"2024-09-07 09:06:04"
"2024-09-04";"";"3 504 583";"138 308";"27 561 884";"2024-09-04 06:51:08"
"2024-09-03";"";"31 895";"3 726";"27 562 810";"2024-09-03 08:41:56"
"2024-09-10";"";"49 655";"120 258";"27 561 826";"2024-09-10 20:53:19"
"2024-09-02";"YouTube";"1 110 433";"33 819";"27 562 825";"2024-09-02 07:52:42"
"2024-09-10";"";"37 492";"4 897";"27 562 252";"2024-09-10 08:29:03"
"2024-09-09";"";"292 892";"76 256";"27 562 624";"2024-09-09 07:28:31"
"2024-09-02";"YouTube";"40 879";"131 016";"27 561 373";"2024-09-02 10:55:38"
"2024-09-01";"Facebook";"28 708";"6 711";"27 561 680";"2024-09-01 22:19:54"
"2024-09-08";"";"54 977";"12 629";"27 562 069";"2024-09-09 01:46:16"
"2024-09-08";"";"59 831";"2 705";"27 562 704";"2024-09-08 19:16:25"
"2024-09-06";"";"28 007";"11 913";"27 563 069";"2024-09-06 11:20:39"
"2024-09-09";"";"26 905";"2 537";"27 561 259";"2024-09-09 21:42:54"
"2024-09-08";"YouTube";"225 206";"50 218";"27 563 087";"2024-09-08 03:24:54"
"2024-09-04";"";"368 087";"12 005";"27 562 405";"2024-09-04 07:52:20"
"2024-09-08";"";"221 749";"90 406";"27 562 698";"2024-09-08 14:35:01"
"2024-09-09";"";"26 714";"14 621";"27 561 221";"2024-09-09 10:55:53"
"2024-09-02";"Unknown";"50 737";"5 948";"27 563 295";"2024-09-03 00:45:26"
"2024-09-03";"";"68 903";"62 008";"27 563 372";"2024-09-03 18:51:49"
"2024-09-06";"YouTube";"566 019";"28 717";"27 561 983";"2024-09-06 19:16:07"
"2024-09-09";"";"221 155";"59 500";"27 561 882";"2024-09-10 02:35:46"
"2024-09-02";"";"19 124";"416 004";"27 562 892";"2024-09-02 11:08:31"
"2024-09-08";"";"9 816 329";"537 943";"27 561 354";"2024-09-08 03:12:42"
"2024-09-04";"";"92 682";"7 893";"27 562 140";"2024-09-04 18:15:45"
"2024-09-04";"Instagram";"93 877 549";"3 178 686";"27 561 176";"2024-09-04 22:55:02"
"2024-09-07";"";"383 393";"44 403";"27 562 864";"2024-09-07 23:56:17"
"2024-09-01";"Facebook";"507 155";"42 930";"27 561 711";"2024-09-01 08:05:40"
"2024-09-04";"";"245 364";"28 677";"27 561 215";"2024-09-04 12:21:40"
"2024-09-05";"";"21 831";"66 655";"27 561 482";"2024-09-06 01:46:44"
"2024-09-07";"";"3 442 917";"132 054";"27 562 900";"2024-09-07 06:51:49"
"2024-09-05";"Yandex";"202 810";"19 743";"27 561 433";"2024-09-05 04:13:05"
"2024-09-09";"";"49 173";"3 417";"27 561 830";"2024-09-09 09:30:45"
"2024-09-06";"Telegram";"295 215 419";"17 419 070";"27 563 336";"2024-09-06 04:49:44"
"2024-09-06";"";"4 340 328";"123 539";"27 563 439";"2024-09-06 14:47:58"
"2024-09-04";"";"73 966";"6 479";"27 561 384";"2024-09-05 00:45:24"
"2024-09-04";"";"95 625";"6 411";"27 563 140";"2024-09-04 15:36:00"
"2024-09-02";"";"26 410";"2 815";"27 562 289";"2024-09-02 20:05:52"
"2024-09-07";"";"3 081 470";"99 610";"27 562 326";"2024-09-07 03:00:10"
"2024-09-09";"";"89 298";"5 025";"27 562 613";"2024-09-09 06:03:43"
"2024-09-07";"";"782 147";"33 255";"27 563 177";"2024-09-07 05:02:54"
"2024-09-07";"Instagram";"234 050";"17 889";"27 562 401";"2024-09-07 14:59:59"
"2024-09-04";"";"333 404";"150 022";"27 562 832";"2024-09-04 21:06:34"
"2024-09-02";"";"31 065";"18 399";"27 561 275";"2024-09-02 03:24:14"
"2024-09-05";"";"501 380";"130 957";"27 562 437";"2024-09-05 12:57:23"
"2024-09-02";"YouTube";"539 245";"43 661";"27 561 908";"2024-09-02 21:06:09"
"2024-09-08";"";"51 239";"103 093";"27 562 236";"2024-09-08 15:12:43"
"2024-09-01";"";"58 919";"35 329";"27 561 981";"2024-09-01 03:48:42"
"2024-09-06";"";"45 550";"32 604";"27 562 573";"2024-09-06 13:34:01"
"2024-09-09";"";"42 579";"98 496";"27 562 832";"2024-09-09 06:15:30"
"2024-09-10";"";"23 247";"500 229";"27 562 401";"2024-09-10 15:36:14"
"2024-09-09";"";"32 621";"16 217";"27 563 105";"2024-09-10 01:58:08"
"2024-09-10";"";"221 471";"38 598";"27 563 451";"2024-09-10 08:29:20"
"2024-09-05";"";"592 814";"71 548";"27 561 504";"2024-09-05 21:42:43"
"2024-09-03";"";"185 096";"216 442";"27 562 102";"2024-09-03 21:18:55"
"2024-09-03";"YouTube";"13 593 987";"1 283 632";"27 563 143";"2024-09-03 22:19:36"
"2024-09-10";"";"38 336";"13 079";"27 562 085";"2024-09-10 10:55:34"
"2024-09-03";"";"3 827 843";"166 555";"27 562 354";"2024-09-03 09:18:43"
"2024-09-07";"";"106 504";"6 047";"27 562 384";"2024-09-07 18:51:45"
"2024-09-09";"";"32 055";"1 812";"27 563 491";"2024-09-09 06:27:38"
"2024-09-10";"";"283 805";"28 632";"27 562 413";"2024-09-10 08:17:04"
"2024-09-04";"";"44 749";"9 329";"27 562 063";"2024-09-04 09:18:00"
"2024-09-08";"";"1 000 334";"48 053";"27 562 752";"2024-09-08 22:07:43"
"2024-09-02";"YouTube";"91 774 798";"6 837 663";"27 562 792";"2024-09-02 16:01:24"
"2024-09-06";"Telegram";"35 664 466";"4 368 575";"27 562 538";"2024-09-06 12:21:10"
"2024-09-03";"YouTube";"3 458 030";"166 963";"27 562 034";"2024-09-03 12:33:09"
"2024-09-02";"";"578 367";"212 434";"27 563 509";"2024-09-02 04:01:48"
"2024-09-02";"";"74 458";"20 594";"27 561 774";"2024-09-02 15:12:50"
"2024-09-09";"WhatsApp";"1 380 248";"1 475 117";"27 561 718";"2024-09-09 16:25:53"
"2024-09-10";"Telegram";"3 937 353";"2 688 013";"27 563 420";"2024-09-11 01:46:13"
"2024-09-01";"";"4 732 548";"5 158 763";"27 562 631";"2024-09-02 02:11:33"
"2024-09-03";"";"1 216 884";"69 145";"27 562 621";"2024-09-03 16:49:20"
"2024-09-09";"";"240 683";"27 276";"27 561 257";"2024-09-10 02:59:39"
"2024-09-09";"Instagram";"16 106 056";"480 478";"27 562 365";"2024-09-09 17:14:25"
"2024-09-07";"";"30 661";"5 615";"27 562 839";"2024-09-07 15:36:02"
"2024-09-10";"";"985 467";"129 550";"27 563 050";"2024-09-10 04:37:50"
"2024-09-10";"Yandex";"28 478";"2 189";"27 561 582";"2024-09-10 22:07:06"
"2024-09-05";"";"27 984";"2 214";"27 561 883";"2024-09-05 09:18:01"
"2024-09-03";"";"1 537 506";"31 492";"27 561 367";"2024-09-04 01:58:29"
