"date_id";"option_name";"bytes_in";"bytes_out";"account_id";"option_datetime"
"2024-09-08";"";"346 580";"59 844";"27 561 390";"2024-09-08 11:44:44"
"2024-09-08";"Instagram";"169 501 916";"4 757 688";"27 561 815";"2024-09-08 23:44:16"
"2024-09-01";"Instagram";"965 682";"169 483";"27 562 672";"2024-09-01 16:25:11"
"2024-09-04";"";"1 167 616";"43 400";"27 563 481";"2024-09-04 03:36:50"
"2024-09-02";"Yandex";"62 299";"7 082";"27 561 243";"2024-09-03 00:21:33"
"2024-09-07";"";"1 217 787";"99 522";"27 562 784";"2024-09-08 00:09:33"
"2024-09-07";"";"39 658";"11 015";"27 562 635";"2024-09-07 12:33:26"
"2024-09-05";"";"72 062";"4 416";"27 561 207";"2024-09-05 17:38:44"
"2024-09-08";"";"43 607";"3 583";"27 561 383";"2024-09-08 09:30:51"
"2024-09-01";"";"150 719";"7 923";"27 562 876";"2024-09-01 05:02:26"
"2024-09-09";"";"28 592";"2 354";"27 561 335";"2024-09-09 13:46:09"
"2024-09-01";"";"31 734";"9 270";"27 563 446";"2024-09-01 15:24:50"
"2024-09-04";"PUBG";"24 165 358";"982 625";"27 562 490";"2024-09-04 18:03:19"
"2024-09-04";"";"742 775";"23 742";"27 562 004";"2024-09-04 08:17:45"
"2024-09-10";"";"354 134";"21 540";"27 562 708";"2024-09-10 05:14:36"
"2024-09-02";"Yandex";"3 553 160";"196 779";"27 562 286";"2024-09-02 14:59:59"
"2024-09-05";"";"13 618";"70 356";"27 562 098";"2024-09-06 01:34:59"
"2024-09-07";"";"94 020";"4 357";"27 563 141";"2024-09-07 04:37:23"
"2024-09-06";"";"99 883";"16 183";"27 561 846";"2024-09-06 05:26:20"
"2024-09-02";"Facebook";"196 979";"8 520";"27 561 758";"2024-09-02 14:59:14"
"2024-09-09";"";"719 049";"65 822";"27 562 069";"2024-09-10 02:11:48"
"2024-09-07";"";"42 664 437";"2 071 274";"27 562 431";"2024-09-08 02:11:57"
"2024-09-06";"";"98 710";"4 930";"27 561 732";"2024-09-06 11:20:16"
"2024-09-06";"";"35 656";"12 076";"27 563 048";"2024-09-06 23:32:57"
"2024-09-06";"";"35 971";"45 572";"27 562 097";"2024-09-06 18:03:35"
"2024-09-03";"Instagram";"32 150 761";"43 232 579";"27 562 287";"2024-09-03 15:00:53"
"2024-09-05";"YouTube";"65 949";"7 878";"27 561 633";"2024-09-05 06:27:18"
"2024-09-10";"YouTube";"145 195";"9 566";"27 561 555";"2024-09-10 12:21:47"
"2024-09-06";"";"373 538";"17 716";"27 561 802";"2024-09-06 09:54:12"
"2024-09-10";"";"1 255 439";"27 215";"27 563 238";"2024-09-11 01:34:46"
"2024-09-05";"";"25 875";"1 680";"27 563 357";"2024-09-05 06:15:35"
"2024-09-05";"Instagram";"92 493 869";"3 353 972";"27 562 900";"2024-09-05 04:01:38"
"2024-09-03";"YouTube";"6 967 381";"2 852 137";"27 561 794";"2024-09-03 17:38:35"
"2024-09-03";"";"190 288";"9 639";"27 562 894";"2024-09-03 10:07:19"
"2024-09-03";"Facebook";"152 778";"91 174";"27 561 570";"2024-09-03 19:52:39"
"2024-09-05";"Yandex Video";"248 737";"8 096";"27 562 142";"2024-09-05 12:33:48"
"2024-09-05";"";"66 214 785";"4 521 490";"27 562 278";"2024-09-05 22:55:22"
"2024-09-07";"YouTube";"319 762";"76 093";"27 561 815";"2024-09-08 02:35:58"
"2024-09-09";"YouTube";"1 526 347";"140 330";"27 562 642";"2024-09-10 00:57:46"
"2024-09-06";"WhatsApp";"32 814";"2 026";"27 561 608";"2024-09-06 19:40:48"
"2024-09-03";"Facebook";"278 674";"27 744";"27 561 888";"2024-09-03 13:58:04"
"2024-09-04";"Unknown";"673 408";"109 357";"27 561 851";"2024-09-04 08:05:27"
"2024-09-05";"Facebook";"171 268";"55 291";"27 563 446";"2024-09-06 02:59:45"
"2024-09-09";"";"104 095";"12 488";"27 562 069";"2024-09-09 18:03:25"
"2024-09-02";"";"26 869";"10 453";"27 562 716";"2024-09-02 05:02:13"
"2024-09-03";"";"520 853";"83 290";"27 563 030";"2024-09-03 18:03:41"
"2024-09-04";"";"53 785";"7 747";"27 561 768";"2024-09-04 23:32:15"
"2024-09-03";"";"212 227";"74 314";"27 561 846";"2024-09-03 08:41:45"
"2024-09-09";"";"116 499";"38 427";"27 563 488";"2024-09-09 09:06:49"
"2024-09-08";"YouTube";"1 713 140";"563 044";"27 562 878";"2024-09-08 03:24:21"
"2024-09-01";"";"5 719 553";"269 470";"27 563 379";"2024-09-01 18:03:10"
"2024-09-10";"";"50 616";"68 127";"27 561 555";"2024-09-10 18:03:47"
"2024-09-01";"";"2 790 557";"165 643";"27 561 640";"2024-09-01 03:00:42"
"2024-09-03";"Instagram";"229 302";"49 281";"27 561 379";"2024-09-03 18:03:25"
"2024-09-02";"";"64 963";"108 968";"27 561 177";"2024-09-02 06:51:59"
"2024-09-06";"YouTube";"168 745";"8 216";"27 561 778";"2024-09-06 12:21:29"
"2024-09-04";"";"533 088";"330 441";"27 562 033";"2024-09-04 12:09:55"
"2024-09-07";"";"1 249 147";"47 273";"27 561 820";"2024-09-07 15:00:04"
"2024-09-03";"Telegram";"8 543 255";"1 085 740";"27 562 344";"2024-09-03 06:15:49"
"2024-09-09";"";"79 514";"7 618";"27 561 630";"2024-09-09 15:12:31"
"2024-09-06";"";"84 303";"12 853";"27 563 099";"2024-09-06 07:16:11"
"2024-09-10";"";"29 813";"9 023";"27 562 221";"2024-09-10 07:16:28"
"2024-09-10";"YouTube";"16 376";"91 167";"27 563 284";"2024-09-11 02:23:55"
"2024-09-10";"Instagram";"41 823";"10 566";"27 562 790";"2024-09-11 00:09:43"
"2024-09-10";"";"103 582";"13 708";"27 562 431";"2024-09-10 05:50:32"
"2024-09-03";"";"12 248";"47 040";"27 561 944";"2024-09-03 11:08:52"
"2024-09-03";"";"55 482";"29 687";"27 562 550";"2024-09-03 20:29:11"
"2024-09-01";"";"67 443";"19 647";"27 563 494";"2024-09-01 21:30:30"
"2024-09-02";"YouTube";"232 488";"2 313 756";"27 562 450";"2024-09-02 15:24:22"
"2024-09-10";"";"255 892";"7 894";"27 563 390";"2024-09-10 05:26:57"
"2024-09-05";"";"1 125 630";"71 568";"27 561 597";"2024-09-05 09:18:31"
"2024-09-01";"";"101 099";"8 895";"27 561 545";"2024-09-01 05:14:19"
"2024-09-01";"Yandex";"300 926";"143 030";"27 562 863";"2024-09-01 07:16:59"
"2024-09-06";"";"855 150";"465 525";"27 563 060";"2024-09-06 06:15:06"
"2024-09-04";"";"46 938";"36 620";"27 562 961";"2024-09-04 17:38:55"
"2024-09-05";"";"534 865";"537 608";"27 562 261";"2024-09-05 12:33:44"
"2024-09-02";"";"35 565";"2 426";"27 561 304";"2024-09-03 02:11:19"
"2024-09-06";"Facebook";"2 028 794";"593 850";"27 563 458";"2024-09-06 23:44:06"
"2024-09-07";"Yandex";"1 026 636";"817 790";"27 561 641";"2024-09-07 05:26:24"
"2024-09-09";"";"30 682";"10 247";"27 563 489";"2024-09-09 12:09:49"
"2024-09-02";"YouTube";"93 793 762";"7 810 116";"27 562 617";"2024-09-03 01:58:58"
"2024-09-08";"";"203 202";"26 290";"27 563 414";"2024-09-08 07:52:14"
"2024-09-06";"";"278 140";"108 986";"27 562 413";"2024-09-06 09:06:31"
"2024-09-03";"";"206 356";"83 198";"27 561 244";"2024-09-03 21:54:15"
"2024-09-09";"";"30 410";"3 060";"27 562 057";"2024-09-09 17:50:34"
"2024-09-10";"";"955 723";"134 638";"27 561 224";"2024-09-10 20:41:43"
"2024-09-05";"";"585 851";"26 242";"27 562 843";"2024-09-06 00:33:00"
"2024-09-03";"YouTube";"9 521 648";"602 164";"27 563 502";"2024-09-03 15:12:18"
"2024-09-05";"";"136 460";"8 401";"27 561 884";"2024-09-06 00:21:08"
"2024-09-02";"";"385 702";"21 642";"27 561 776";"2024-09-02 19:04:53"
"2024-09-02";"";"31 593";"17 459";"27 563 168";"2024-09-02 23:32:10"
"2024-09-07";"YouTube";"246 329";"18 459";"27 561 717";"2024-09-07 23:08:07"
"2024-09-06";"YouTube";"57 059";"319 308";"27 561 851";"2024-09-07 02:47:43"
"2024-09-09";"";"48 874";"4 965";"27 562 968";"2024-09-09 10:19:58"
"2024-09-06";"";"42 083";"20 609";"27 563 451";"2024-09-06 07:52:26"
"2024-09-07";"";"42 319";"2 818";"27 562 889";"2024-09-07 20:17:31"
"2024-09-06";"";"168 969";"18 416";"27 563 030";"2024-09-06 20:05:13"
"2024-09-08";"";"845 158";"276 363";"27 562 259";"2024-09-08 04:01:55"
"2024-09-06";"";"281 778";"18 396";"27 561 669";"2024-09-06 09:54:01"
"2024-09-07";"";"891 364";"126 861";"27 561 872";"2024-09-07 04:25:42"
"2024-09-10";"";"52 002";"192 969";"27 562 613";"2024-09-10 06:51:49"
"2024-09-05";"Instagram";"1 475 515";"347 817";"27 563 439";"2024-09-05 07:52:53"
"2024-09-06";"YouTube";"1 128 451";"54 591";"27 561 312";"2024-09-06 13:22:10"
"2024-09-07";"";"87 494";"54 381";"27 561 689";"2024-09-07 14:35:38"
"2024-09-02";"";"82 807";"54 529";"27 561 269";"2024-09-02 11:56:53"
"2024-09-09";"";"1 792 238";"40 907";"27 562 843";"2024-09-09 04:25:31"
"2024-09-05";"Instagram";"445 388";"64 478";"27 561 425";"2024-09-05 13:46:58"
"2024-09-01";"";"97 320";"597 595";"27 562 547";"2024-09-01 22:55:49"
"2024-09-04";"";"1 109 214";"173 391";"27 561 676";"2024-09-05 00:45:46"
"2024-09-01";"YouTube";"7 099 951";"437 513";"27 562 956";"2024-09-01 03:24:14"
"2024-09-01";"";"41 887";"3 779";"27 561 449";"2024-09-01 21:06:36"
"2024-09-04";"Odnoklassniki";"15 542 075";"354 915";"27 562 350";"2024-09-04 17:50:29"
"2024-09-01";"WhatsApp";"34 864";"11 801";"27 562 756";"2024-09-01 12:45:46"
"2024-09-01";"Instagram";"82 387 967";"3 248 459";"27 563 318";"2024-09-01 13:46:44"
"2024-09-05";"Instagram";"22 102 269";"450 611";"27 562 553";"2024-09-05 11:20:48"
"2024-09-06";"Yandex";"29 379";"2 612";"27 562 815";"2024-09-07 02:11:19"
"2024-09-10";"";"33 433";"18 893";"27 561 970";"2024-09-10 09:06:43"
"2024-09-01";"";"27 054";"2 333";"27 561 177";"2024-09-01 14:47:53"
"2024-09-08";"";"455 393";"47 349";"27 561 390";"2024-09-08 17:02:47"
"2024-09-04";"";"134 323";"119 434";"27 562 808";"2024-09-04 08:17:17"
"2024-09-07";"";"26 616";"36 405";"27 562 061";"2024-09-08 00:21:30"
"2024-09-02";"Yandex";"433 964";"52 769";"27 562 838";"2024-09-02 16:13:07"
"2024-09-04";"";"26 678";"2 391";"27 562 868";"2024-09-04 08:29:50"
"2024-09-03";"YouTube";"453 325";"41 327";"27 561 315";"2024-09-03 15:12:26"
"2024-09-04";"";"31 526";"3 461";"27 561 974";"2024-09-04 22:07:49"
"2024-09-02";"";"1 380 213";"55 493";"27 561 547";"2024-09-02 05:26:17"
"2024-09-06";"";"52 855";"2 624";"27 562 402";"2024-09-06 18:39:14"
"2024-09-10";"";"389 377";"31 782";"27 561 503";"2024-09-10 10:19:11"
"2024-09-09";"";"91 722";"37 981";"27 562 582";"2024-09-09 10:43:37"
"2024-09-02";"";"868 067";"80 570";"27 563 009";"2024-09-02 16:37:06"
"2024-09-05";"YouTube";"324 724";"1 106 729";"27 562 843";"2024-09-06 00:33:34"
"2024-09-08";"";"352 225";"27 153";"27 561 809";"2024-09-08 13:58:13"
"2024-09-09";"YouTube";"8 019 364";"432 781";"27 561 622";"2024-09-09 20:05:41"
"2024-09-09";"";"1 451 256";"48 190";"27 561 800";"2024-09-10 01:46:54"
"2024-09-09";"YouTube";"54 196";"22 543";"27 562 377";"2024-09-09 14:59:47"
"2024-09-04";"";"394 428";"208 083";"27 562 401";"2024-09-04 18:51:25"
"2024-09-07";"YouTube";"3 396 209";"201 203";"27 562 861";"2024-09-07 07:52:34"
"2024-09-10";"YouTube";"59 950";"2 542";"27 561 485";"2024-09-10 23:32:24"
"2024-09-07";"";"10 870 826";"1 153 683";"27 562 212";"2024-09-07 08:29:05"
"2024-09-04";"YouTube";"10 052";"30 434";"27 562 471";"2024-09-05 01:46:44"
"2024-09-09";"";"516 019";"26 147";"27 561 924";"2024-09-09 09:06:21"
"2024-09-04";"Yandex";"64 738 520";"2 220 156";"27 562 941";"2024-09-04 23:56:46"
"2024-09-02";"Facebook";"427 275";"14 076";"27 561 497";"2024-09-02 18:51:33"
"2024-09-08";"";"49 711";"6 076";"27 561 300";"2024-09-08 14:47:17"
"2024-09-01";"";"37 725";"8 150";"27 563 481";"2024-09-01 14:35:38"
"2024-09-04";"YouTube";"590 220";"81 364";"27 562 834";"2024-09-04 19:04:55"
"2024-09-08";"";"308 348";"22 280";"27 563 250";"2024-09-08 07:28:06"
"2024-09-05";"";"234 592";"91 886";"27 562 676";"2024-09-05 09:18:24"
"2024-09-03";"";"13 236 070";"174 320";"27 562 280";"2024-09-03 09:30:03"
"2024-09-02";"Tas-ix";"1 549 055";"56 212";"27 561 233";"2024-09-02 06:27:32"
"2024-09-08";"";"105 235";"5 326";"27 561 542";"2024-09-08 20:41:25"
"2024-09-03";"YouTube";"1 779 041";"594 706";"27 562 330";"2024-09-03 06:27:37"
"2024-09-08";"";"108 517";"3 588";"27 563 374";"2024-09-08 04:25:41"
"2024-09-05";"";"26 746";"2 533";"27 561 265";"2024-09-06 02:59:52"
"2024-09-09";"";"300 661";"61 317";"27 562 088";"2024-09-09 13:58:19"
"2024-09-09";"";"38 861";"16 991";"27 561 643";"2024-09-09 07:52:18"
"2024-09-08";"";"78 522";"227 773";"27 562 275";"2024-09-08 10:55:02"
"2024-09-10";"";"50 064";"11 774";"27 562 803";"2024-09-10 17:38:18"
"2024-09-03";"";"920 188";"96 919";"27 563 411";"2024-09-03 14:47:31"
"2024-09-10";"YouTube";"252 557 172";"14 911 101";"27 562 423";"2024-09-10 12:33:02"
"2024-09-04";"";"206 521";"40 439";"27 562 266";"2024-09-04 03:00:09"
"2024-09-10";"VKontakte";"1 774 662";"49 395";"27 562 821";"2024-09-10 12:57:00"
"2024-09-04";"";"120 854";"21 938";"27 562 436";"2024-09-04 19:52:47"
"2024-09-10";"";"117 946";"15 246";"27 562 737";"2024-09-10 19:52:11"
"2024-09-02";"";"102 274";"139 725";"27 561 712";"2024-09-02 10:19:19"
"2024-09-03";"";"385 102";"121 243";"27 563 344";"2024-09-03 20:05:23"
"2024-09-03";"";"31 337";"2 928";"27 562 438";"2024-09-03 20:05:42"
"2024-09-05";"";"2 777 256";"108 774";"27 562 545";"2024-09-05 09:30:00"
"2024-09-10";"YouTube";"1 079 209";"326 981";"27 562 145";"2024-09-10 09:30:21"
"2024-09-05";"";"40 597";"410 673";"27 562 561";"2024-09-06 01:10:12"
"2024-09-01";"Facebook";"375 752";"22 820";"27 562 343";"2024-09-01 07:52:25"
"2024-09-04";"";"27 724";"6 960";"27 562 824";"2024-09-04 07:04:46"
"2024-09-07";"Apple Music";"611 144";"177 462";"27 562 076";"2024-09-07 17:26:26"
"2024-09-06";"";"420 997";"22 438";"27 561 697";"2024-09-06 14:35:54"
"2024-09-01";"";"64 584";"25 597";"27 561 182";"2024-09-01 16:01:01"
"2024-09-06";"";"35 872";"5 385";"27 563 381";"2024-09-06 04:37:52"
"2024-09-03";"";"2 481 239";"148 802";"27 561 206";"2024-09-03 04:01:20"
"2024-09-10";"";"436 046";"29 692";"27 561 337";"2024-09-10 21:18:37"
"2024-09-03";"";"49 110";"17 821";"27 563 410";"2024-09-03 22:31:09"
"2024-09-06";"";"31 575";"51 600";"27 562 487";"2024-09-06 18:15:51"
"2024-09-02";"";"13 082";"186 080";"27 561 874";"2024-09-02 13:22:11"
"2024-09-05";"";"172 912";"61 329";"27 562 582";"2024-09-05 04:01:02"
"2024-09-01";"";"261 580";"13 041";"27 562 037";"2024-09-01 16:01:46"
"2024-09-10";"WhatsApp";"855 483";"26 226";"27 562 663";"2024-09-11 00:09:57"
"2024-09-09";"";"201 973";"721 917";"27 562 766";"2024-09-09 13:10:58"
"2024-09-01";"";"121 988";"6 211";"27 561 524";"2024-09-01 18:39:21"
"2024-09-03";"";"60 357";"5 287";"27 562 492";"2024-09-03 07:04:56"
"2024-09-03";"Yandex";"374 800";"27 769";"27 563 491";"2024-09-03 20:29:05"
"2024-09-08";"";"13 642 825";"682 978";"27 563 436";"2024-09-08 14:23:38"
"2024-09-01";"";"48 160";"12 625";"27 562 107";"2024-09-01 20:05:07"
"2024-09-07";"";"73 369";"5 666";"27 562 646";"2024-09-07 06:15:10"
"2024-09-05";"";"244 497";"33 714";"27 561 468";"2024-09-05 06:51:22"
"2024-09-07";"";"35 583";"5 255";"27 562 039";"2024-09-07 17:38:48"
"2024-09-04";"";"49 250";"11 119";"27 563 152";"2024-09-04 12:09:03"
"2024-09-10";"";"27 898";"9 609";"27 561 257";"2024-09-10 22:07:15"
"2024-09-02";"";"45 324";"31 998";"27 561 998";"2024-09-02 21:42:53"
"2024-09-04";"";"901 967";"114 057";"27 561 787";"2024-09-04 11:44:20"
"2024-09-04";"";"34 155";"3 176";"27 561 958";"2024-09-04 14:11:13"
"2024-09-03";"";"259 247";"22 313";"27 562 792";"2024-09-03 19:40:55"
"2024-09-10";"";"28 581";"11 674";"27 561 649";"2024-09-10 10:55:42"
"2024-09-01";"";"989 166";"43 410";"27 562 998";"2024-09-01 03:36:05"
"2024-09-01";"";"250 683";"130 533";"27 563 363";"2024-09-01 03:36:32"
"2024-09-05";"";"58 688";"59 824";"27 561 388";"2024-09-05 03:12:45"
"2024-09-06";"";"58 692";"12 966";"27 561 401";"2024-09-06 21:18:56"
"2024-09-02";"";"2 670 128";"480 586";"27 561 582";"2024-09-02 21:54:07"
"2024-09-03";"";"276 700";"12 093";"27 562 720";"2024-09-03 04:13:07"
"2024-09-08";"";"1 830 700";"100 235";"27 562 699";"2024-09-08 18:15:49"
"2024-09-09";"";"92 962";"9 821";"27 561 851";"2024-09-09 18:03:07"
"2024-09-05";"";"180 481";"32 372";"27 562 012";"2024-09-06 00:33:28"
"2024-09-09";"";"360 436";"85 585";"27 561 552";"2024-09-09 08:41:20"
"2024-09-09";"Facebook";"3 812 553";"2 676 028";"27 563 462";"2024-09-09 16:01:25"
"2024-09-03";"";"43 002";"7 538";"27 561 877";"2024-09-03 23:20:25"
"2024-09-05";"Telegram";"180 238 941";"9 094 258";"27 562 545";"2024-09-05 10:19:31"
"2024-09-07";"";"138 018";"13 517";"27 562 846";"2024-09-08 02:35:15"
"2024-09-05";"";"117 521";"5 243";"27 561 666";"2024-09-05 07:04:27"
"2024-09-04";"";"53 781";"2 927";"27 562 868";"2024-09-04 23:08:27"
"2024-09-08";"";"25 640";"1 297 170";"27 562 886";"2024-09-08 05:50:28"
"2024-09-07";"";"112 037";"128 406";"27 562 989";"2024-09-07 14:23:04"
"2024-09-02";"";"84 435";"5 835";"27 563 186";"2024-09-02 09:30:02"
"2024-09-10";"Tas-ix";"119 963";"39 024";"27 562 281";"2024-09-10 14:47:29"
"2024-09-02";"Instagram";"3 448 827";"166 689";"27 563 320";"2024-09-02 15:36:35"
"2024-09-06";"WhatsApp";"6 225";"26 567";"27 562 766";"2024-09-06 11:32:27"
"2024-09-09";"";"125 741";"567 075";"27 562 106";"2024-09-09 11:56:28"
"2024-09-06";"";"56 331";"3 030";"27 562 172";"2024-09-06 12:21:53"
"2024-09-08";"Instagram";"459 881";"157 880";"27 561 874";"2024-09-08 04:01:57"
"2024-09-06";"Telegram";"36 681 058";"4 788 593";"27 562 261";"2024-09-06 06:51:36"
"2024-09-09";"";"55 931";"46 697";"27 562 497";"2024-09-09 07:28:06"
"2024-09-09";"WhatsApp";"5 125 116";"16 884 229";"27 563 285";"2024-09-09 04:25:13"
"2024-09-02";"";"323 494";"155 360";"27 563 030";"2024-09-02 09:54:48"
"2024-09-09";"";"59 072";"264 968";"27 562 082";"2024-09-09 19:40:00"
"2024-09-05";"";"27 824";"78 030";"27 562 860";"2024-09-05 17:14:38"
"2024-09-01";"";"95 101";"12 258";"27 561 658";"2024-09-01 10:19:53"
"2024-09-10";"";"4 871";"62 774";"27 563 183";"2024-09-10 16:25:16"
"2024-09-07";"";"41 305";"4 470";"27 562 194";"2024-09-07 10:55:37"
"2024-09-10";"";"35 202";"2 944";"27 562 599";"2024-09-10 13:46:21"
"2024-09-06";"";"144 704";"7 155";"27 561 420";"2024-09-06 14:59:18"
"2024-09-09";"";"1 713 406";"46 105";"27 562 197";"2024-09-10 02:11:15"
"2024-09-04";"Unknown";"4 495";"30 226";"27 563 512";"2024-09-04 20:41:47"
"2024-09-07";"Unknown";"80 819";"7 485";"27 562 942";"2024-09-07 11:44:43"
"2024-09-02";"";"72 574";"8 305";"27 562 484";"2024-09-03 02:59:28"
"2024-09-10";"";"416 863";"401 925";"27 561 743";"2024-09-10 07:28:27"
"2024-09-03";"";"41 345";"131 084";"27 563 351";"2024-09-03 16:49:44"
"2024-09-02";"";"294 168";"20 425";"27 561 723";"2024-09-02 04:13:25"
"2024-09-10";"YouTube";"74 206";"27 283";"27 561 407";"2024-09-10 20:29:54"
"2024-09-07";"";"42 125";"3 113";"27 561 424";"2024-09-08 01:58:32"
"2024-09-02";"Instagram";"8 823 314";"220 859";"27 563 216";"2024-09-02 16:13:21"
"2024-09-04";"";"5 756 513";"241 638";"27 563 267";"2024-09-05 02:11:41"
"2024-09-07";"";"130 098";"139 506";"27 562 601";"2024-09-07 15:24:56"
"2024-09-04";"";"26 227";"15 004";"27 561 680";"2024-09-05 02:11:52"
"2024-09-06";"";"35 774";"4 027";"27 563 169";"2024-09-06 12:21:38"
"2024-09-10";"";"164 224 110";"2 277 213";"27 563 041";"2024-09-10 06:03:13"
"2024-09-10";"";"247 301";"42 159";"27 562 539";"2024-09-10 23:20:14"
"2024-09-09";"";"36 454";"3 832";"27 561 689";"2024-09-09 17:26:42"
"2024-09-01";"";"12 589 377";"688 287";"27 562 782";"2024-09-01 03:24:56"
"2024-09-07";"";"27 731";"4 486";"27 562 753";"2024-09-07 12:57:22"
"2024-09-03";"";"217 722";"111 296";"27 563 244";"2024-09-03 05:38:50"
"2024-09-04";"Facebook";"62 475";"6 004";"27 561 575";"2024-09-04 10:19:24"
"2024-09-03";"YouTube";"1 637 608";"557 042";"27 562 964";"2024-09-03 21:30:46"
"2024-09-09";"";"34 944";"7 008";"27 561 638";"2024-09-09 03:12:59"
"2024-09-07";"";"373 888";"23 622";"27 563 102";"2024-09-08 01:10:15"
"2024-09-06";"";"47 003";"658 899";"27 562 205";"2024-09-06 17:02:39"
"2024-09-03";"";"5 530";"28 397";"27 562 934";"2024-09-03 18:27:39"
"2024-09-04";"Telegram";"38 993 020";"1 564 209";"27 562 621";"2024-09-04 16:49:32"
"2024-09-10";"";"99 217";"11 365";"27 562 752";"2024-09-10 17:02:25"
"2024-09-03";"";"883 443";"88 224";"27 563 304";"2024-09-03 06:27:56"
"2024-09-09";"Facebook";"175 489";"21 097";"27 563 174";"2024-09-09 05:26:45"
"2024-09-02";"";"4 162 481";"192 832";"27 562 561";"2024-09-02 12:33:53"
"2024-09-08";"Instagram";"696 946";"577 941";"27 562 663";"2024-09-08 10:07:28"
"2024-09-03";"";"161 729";"72 328";"27 562 463";"2024-09-03 12:57:00"
"2024-09-05";"YouTube";"1 773 840";"796 509";"27 561 722";"2024-09-06 00:09:23"
"2024-09-09";"YouTube";"314 279 908";"11 587 987";"27 561 344";"2024-09-10 02:35:18"
"2024-09-05";"YouTube";"3 958 521";"20 790 090";"27 563 469";"2024-09-05 06:51:46"
"2024-09-07";"Telegram";"583 384 157";"30 350 284";"27 562 900";"2024-09-07 12:21:04"
"2024-09-05";"";"1 009 241";"593 542";"27 563 041";"2024-09-05 18:03:07"
"2024-09-09";"";"94 709";"6 537";"27 563 384";"2024-09-09 17:26:52"
"2024-09-09";"";"505 957";"97 292";"27 563 169";"2024-09-09 12:09:32"
"2024-09-08";"";"2 487 381";"86 460";"27 563 363";"2024-09-08 12:21:58"
"2024-09-09";"Instagram";"3 317 640";"3 957 276";"27 562 760";"2024-09-09 15:36:29"
"2024-09-08";"YouTube";"177 225 821";"10 341 117";"27 561 815";"2024-09-08 05:38:09"
"2024-09-07";"";"52 187";"10 026";"27 561 464";"2024-09-07 08:53:22"
"2024-09-05";"";"73 008";"5 220";"27 561 998";"2024-09-05 15:48:02"
"2024-09-01";"Facebook";"88 933";"8 685";"27 561 449";"2024-09-01 13:58:16"
"2024-09-08";"YouTube";"2 796 969";"1 270 682";"27 561 674";"2024-09-08 14:11:56"
"2024-09-07";"";"418 960";"26 539";"27 562 841";"2024-09-07 14:59:14"
"2024-09-04";"";"32 741";"4 563";"27 562 133";"2024-09-04 11:44:13"
"2024-09-07";"YouTube";"169 628";"63 578";"27 561 420";"2024-09-08 01:46:52"
"2024-09-03";"";"27 058";"5 475";"27 562 666";"2024-09-03 16:13:25"
"2024-09-10";"";"151 692";"46 616";"27 561 649";"2024-09-10 23:08:03"
"2024-09-10";"";"28 683";"65 842";"27 563 467";"2024-09-10 16:25:45"
"2024-09-10";"Instagram";"100 490 783";"2 526 369";"27 562 993";"2024-09-10 11:32:31"
"2024-09-01";"";"64 635";"31 937";"27 561 814";"2024-09-01 23:32:05"
"2024-09-02";"";"919 172";"306 602";"27 561 890";"2024-09-03 01:34:17"
"2024-09-04";"";"52 154";"233 349";"27 562 712";"2024-09-05 02:23:35"
"2024-09-03";"YouTube";"117 384";"15 271";"27 561 888";"2024-09-03 10:55:06"
"2024-09-10";"";"252 507";"28 309";"27 561 253";"2024-09-10 19:16:48"
"2024-09-05";"";"31 191";"6 871";"27 562 838";"2024-09-06 01:22:20"
"2024-09-05";"YouTube";"1 387 389";"190 418";"27 563 066";"2024-09-06 02:47:58"
"2024-09-06";"";"34 008";"2 851";"27 562 598";"2024-09-06 22:19:08"
"2024-09-06";"Yandex";"233 770";"11 825";"27 562 023";"2024-09-06 06:15:55"
"2024-09-02";"Unknown";"1 073 300";"112 954";"27 563 017";"2024-09-02 09:54:42"
"2024-09-06";"";"77 722";"203 172";"27 562 762";"2024-09-07 01:34:48"
"2024-09-07";"YouTube";"444 069 517";"17 914 561";"27 563 186";"2024-09-07 17:38:20"
"2024-09-04";"";"55 501";"3 998";"27 562 854";"2024-09-04 06:39:54"
"2024-09-07";"";"43 733";"21 934";"27 563 424";"2024-09-07 06:27:56"
"2024-09-05";"";"39 790";"2 491";"27 561 763";"2024-09-05 20:41:02"
"2024-09-03";"";"60 833";"43 612";"27 561 571";"2024-09-04 00:45:24"
"2024-09-09";"Instagram";"9 041 356";"194 282";"27 562 205";"2024-09-09 09:18:16"
"2024-09-09";"";"484 363";"97 838";"27 563 225";"2024-09-09 12:21:02"
"2024-09-07";"";"149 718";"9 521";"27 561 762";"2024-09-08 02:59:32"
"2024-09-04";"";"31 381";"26 685";"27 561 491";"2024-09-04 13:46:40"
"2024-09-10";"";"32 089";"2 035";"27 562 364";"2024-09-10 23:44:41"
"2024-09-10";"";"46 886";"6 453";"27 562 167";"2024-09-10 14:59:53"
"2024-09-10";"VKontakte";"31 405";"1 837";"27 562 324";"2024-09-10 05:02:32"
"2024-09-09";"";"793 837";"129 987";"27 563 036";"2024-09-09 19:04:58"
"2024-09-02";"";"43 460 893";"3 118 092";"27 562 956";"2024-09-02 04:25:09"
"2024-09-02";"";"589 923";"19 249";"27 563 264";"2024-09-02 07:52:31"
"2024-09-08";"";"28 591";"4 576";"27 562 801";"2024-09-09 02:47:31"
"2024-09-04";"";"4 929 615";"68 796";"27 561 326";"2024-09-04 06:51:04"
"2024-09-01";"YouTube";"183 201";"258 647";"27 562 287";"2024-09-01 11:08:38"
"2024-09-09";"";"261 908";"15 777";"27 562 204";"2024-09-09 08:05:16"
"2024-09-09";"Instagram";"61 557 683";"1 259 482";"27 562 885";"2024-09-10 00:45:31"
"2024-09-09";"";"11 703";"551 677";"27 562 437";"2024-09-09 07:40:53"
"2024-09-07";"";"43 957";"23 507";"27 562 547";"2024-09-07 03:24:14"
"2024-09-10";"Telegram";"278 253";"12 678";"27 561 958";"2024-09-10 06:51:29"
"2024-09-05";"";"33 874";"2 395";"27 562 608";"2024-09-05 08:29:02"
"2024-09-06";"";"60 354";"2 884";"27 562 535";"2024-09-07 01:58:32"
"2024-09-06";"";"105 932";"12 418";"27 562 264";"2024-09-06 09:30:43"
"2024-09-08";"Likee";"18 037 787";"939 155";"27 563 359";"2024-09-09 01:22:49"
"2024-09-02";"";"2 438 895";"77 759";"27 562 447";"2024-09-02 17:14:26"
"2024-09-03";"";"26 098";"23 672";"27 561 586";"2024-09-03 21:30:17"
"2024-09-07";"";"916 125";"29 887";"27 561 776";"2024-09-07 07:52:40"
"2024-09-02";"PUBG";"1 274 866 153";"27 303 634";"27 563 154";"2024-09-02 14:47:17"
"2024-09-07";"Instagram";"8 625 760";"7 443 082";"27 563 184";"2024-09-07 05:02:08"
"2024-09-01";"Telegram";"78 644 286";"4 857 516";"27 562 066";"2024-09-01 21:42:58"
"2024-09-06";"";"121 528 706";"5 854 229";"27 561 315";"2024-09-06 10:55:29"
"2024-09-07";"Instagram";"875 373";"356 668";"27 562 658";"2024-09-07 04:01:20"
"2024-09-08";"";"65 621";"47 937";"27 563 105";"2024-09-08 17:38:55"
"2024-09-01";"YouTube";"1 929 927";"586 390";"27 561 426";"2024-09-01 16:37:23"
"2024-09-09";"";"34 811";"1 651";"27 562 566";"2024-09-09 09:42:04"
"2024-09-08";"YouTube";"550 902";"87 254";"27 562 648";"2024-09-08 23:56:21"
"2024-09-08";"";"42 805";"23 269";"27 563 503";"2024-09-08 05:14:00"
"2024-09-07";"";"33 480";"2 943";"27 561 411";"2024-09-07 18:03:04"
"2024-09-08";"Instagram";"172 080 561";"2 806 058";"27 562 935";"2024-09-08 14:59:46"
"2024-09-09";"";"67 583";"58 666";"27 563 035";"2024-09-09 12:09:02"
"2024-09-05";"";"63 254";"6 006";"27 562 328";"2024-09-05 23:20:32"
"2024-09-04";"";"95 641";"8 818";"27 563 300";"2024-09-04 14:59:24"
"2024-09-02";"";"138 694";"7 581";"27 561 454";"2024-09-02 22:55:22"
"2024-09-09";"";"136 038";"49 493";"27 561 883";"2024-09-09 14:11:55"
"2024-09-08";"Unknown";"62 058";"4 214";"27 562 780";"2024-09-08 11:32:02"
"2024-09-03";"";"69 391";"6 819";"27 562 544";"2024-09-03 13:10:42"
"2024-09-09";"";"438 657";"126 461";"27 562 622";"2024-09-09 17:38:11"
"2024-09-06";"Instagram";"31 218";"9 547";"27 562 685";"2024-09-06 16:25:47"
"2024-09-09";"";"34 010";"1 235";"27 561 420";"2024-09-09 16:25:52"
"2024-09-09";"Facebook";"43 288";"24 408";"27 563 268";"2024-09-09 19:16:16"
"2024-09-09";"";"74 293 724";"3 048 361";"27 562 286";"2024-09-10 00:45:20"
"2024-09-06";"";"123 408";"6 161";"27 562 668";"2024-09-06 20:29:35"
"2024-09-01";"";"164 389";"71 141";"27 563 065";"2024-09-01 21:30:15"
"2024-09-10";"";"54 135";"62 472";"27 562 007";"2024-09-10 18:27:26"
"2024-09-10";"";"8 011";"29 754";"27 562 845";"2024-09-10 16:25:17"
"2024-09-06";"YouTube";"294 414";"39 918";"27 563 099";"2024-09-06 15:12:43"
"2024-09-04";"";"652 432";"570 923";"27 562 063";"2024-09-04 06:15:53"
"2024-09-06";"Instagram";"1 024 538";"106 266";"27 563 507";"2024-09-06 23:44:28"
"2024-09-10";"";"8 494 906";"324 260";"27 562 516";"2024-09-10 09:06:51"
"2024-09-03";"";"2 087 365";"67 252";"27 562 267";"2024-09-03 20:17:06"
"2024-09-09";"Apple Music";"812 810";"32 727";"27 561 792";"2024-09-09 20:17:55"
"2024-09-08";"";"460 519";"50 415";"27 561 610";"2024-09-09 01:34:09"
"2024-09-06";"";"65 796";"11 788";"27 563 169";"2024-09-06 19:04:55"
"2024-09-04";"Instagram";"15 834 693";"10 861 068";"27 562 670";"2024-09-04 12:21:17"
"2024-09-02";"";"131 919";"5 513";"27 562 569";"2024-09-02 11:32:54"
"2024-09-04";"Instagram";"202 060";"51 914";"27 561 669";"2024-09-04 09:54:19"
"2024-09-04";"YouTube";"1 666 912";"4 312 394";"27 562 582";"2024-09-04 21:06:33"
"2024-09-02";"";"35 354 355";"2 572 914";"27 562 559";"2024-09-03 00:09:12"
"2024-09-06";"";"223 155";"67 251";"27 562 781";"2024-09-06 09:06:24"
"2024-09-04";"Unknown";"158 837";"9 588";"27 562 124";"2024-09-04 20:05:04"
"2024-09-09";"";"887 721";"67 328";"27 562 039";"2024-09-09 20:29:10"
"2024-09-08";"";"60 847";"65 650";"27 562 365";"2024-09-08 20:17:04"
"2024-09-07";"";"1 070 570";"40 064";"27 561 883";"2024-09-07 13:34:06"
"2024-09-04";"";"54 733";"5 712";"27 561 759";"2024-09-04 16:25:04"
"2024-09-07";"";"1 147 917";"117 162";"27 563 247";"2024-09-07 18:39:50"
"2024-09-04";"";"274 925";"20 087";"27 563 061";"2024-09-04 07:52:10"
"2024-09-01";"";"136 124";"8 817";"27 562 470";"2024-09-01 08:41:09"
"2024-09-04";"Instagram";"70 024";"5 039";"27 562 536";"2024-09-04 18:03:30"
"2024-09-07";"Instagram";"2 728 853";"199 616";"27 562 398";"2024-09-07 16:49:04"
"2024-09-10";"";"269 805";"17 624";"27 561 708";"2024-09-10 08:29:54"
"2024-09-05";"";"48 619";"34 031";"27 563 152";"2024-09-05 21:30:46"
"2024-09-07";"";"140 733";"22 382";"27 563 033";"2024-09-07 14:35:11"
"2024-09-07";"Facebook";"14 512 916";"661 128";"27 562 608";"2024-09-07 23:44:00"
"2024-09-04";"Facebook";"157 380";"12 062 689";"27 562 553";"2024-09-04 16:49:40"
"2024-09-02";"";"362 693 516";"54 904 434";"27 563 174";"2024-09-02 17:50:39"
"2024-09-02";"";"26 788";"12 267";"27 562 050";"2024-09-02 10:55:30"
"2024-09-05";"";"34 608";"4 303";"27 562 955";"2024-09-05 10:31:29"
"2024-09-08";"Instagram";"678 290";"157 144";"27 563 451";"2024-09-08 21:54:14"
"2024-09-08";"";"146 493";"469 380";"27 561 295";"2024-09-08 12:33:38"
"2024-09-07";"";"50 371";"2 670 127";"27 562 961";"2024-09-07 05:38:24"
"2024-09-01";"";"41 051";"13 635";"27 563 372";"2024-09-01 17:26:06"
"2024-09-07";"";"26 860";"3 253";"27 561 350";"2024-09-07 20:53:01"
"2024-09-06";"YouTube";"102 317";"20 074";"27 562 658";"2024-09-06 18:51:23"
"2024-09-04";"Facebook";"26 351";"8 959";"27 562 878";"2024-09-04 09:30:53"
"2024-09-10";"Unknown";"87 964";"50 538";"27 562 004";"2024-09-11 01:22:05"
"2024-09-07";"Yandex";"116 644";"208 635";"27 561 876";"2024-09-07 10:19:12"
"2024-09-04";"YouTube";"300 305";"3 318 284";"27 563 263";"2024-09-04 16:49:05"
"2024-09-04";"";"613 635";"148 210";"27 561 800";"2024-09-04 16:25:58"
"2024-09-03";"";"481 704";"70 800";"27 561 638";"2024-09-03 03:24:05"
"2024-09-04";"YouTube";"78 121";"859 274";"27 562 037";"2024-09-04 06:15:13"
"2024-09-10";"";"242 654";"14 491";"27 562 254";"2024-09-10 12:45:51"
"2024-09-09";"";"21 977 758";"12 096 648";"27 561 426";"2024-09-10 01:46:04"
"2024-09-06";"Facebook";"84 019";"30 835";"27 562 469";"2024-09-06 17:14:08"
"2024-09-06";"";"610 874";"27 496";"27 561 369";"2024-09-06 21:30:23"
"2024-09-03";"";"49 239";"11 954";"27 561 796";"2024-09-03 20:53:11"
"2024-09-01";"";"2 450";"107 829";"27 561 491";"2024-09-02 02:59:22"
"2024-09-10";"";"45 809";"6 128";"27 563 495";"2024-09-10 04:37:39"
"2024-09-03";"";"187 154";"133 398";"27 563 469";"2024-09-03 11:32:25"
"2024-09-02";"";"144 663";"18 649";"27 563 316";"2024-09-02 19:52:13"
"2024-09-06";"Facebook";"3 128 159";"149 675";"27 562 997";"2024-09-06 13:34:18"
"2024-09-06";"";"633 073";"20 831";"27 562 571";"2024-09-06 03:24:59"
"2024-09-05";"";"71 329";"26 480";"27 562 289";"2024-09-05 12:09:18"
"2024-09-10";"YouTube";"252 918";"53 814";"27 561 827";"2024-09-10 15:12:07"
"2024-09-09";"";"333 675";"19 041";"27 561 888";"2024-09-09 15:36:47"
"2024-09-03";"Facebook";"291 799";"28 607";"27 561 761";"2024-09-03 09:06:24"
"2024-09-01";"";"196 712";"10 119";"27 562 239";"2024-09-02 02:11:28"
"2024-09-03";"";"1 275 451";"216 580";"27 562 100";"2024-09-04 02:11:40"
"2024-09-04";"";"457 303 643";"13 424 256";"27 562 829";"2024-09-04 14:59:38"
"2024-09-05";"";"104 518";"53 143";"27 562 126";"2024-09-05 08:41:16"
"2024-09-03";"YouTube";"6 656";"81 149";"27 562 957";"2024-09-03 16:25:38"
"2024-09-03";"";"79 837";"4 441";"27 562 696";"2024-09-03 17:38:02"
"2024-09-02";"";"38 578";"1 899";"27 561 347";"2024-09-02 16:37:44"
"2024-09-08";"";"137 133";"425 586";"27 561 643";"2024-09-08 18:39:47"
"2024-09-10";"";"1 179 090";"143 710";"27 562 917";"2024-09-10 19:40:28"
"2024-09-09";"";"8 356 098";"375 499";"27 562 795";"2024-09-09 16:37:15"
"2024-09-02";"Instagram";"7 459 365";"160 532";"27 563 212";"2024-09-02 20:17:58"
"2024-09-03";"YouTube";"15 778";"30 602";"27 561 943";"2024-09-03 15:00:43"
"2024-09-08";"";"40 366";"75 798";"27 563 252";"2024-09-08 07:04:21"
"2024-09-06";"";"38 995";"870";"27 563 458";"2024-09-06 04:25:38"
"2024-09-05";"Yandex";"46 585";"2 814";"27 562 366";"2024-09-05 10:19:13"
"2024-09-07";"";"1 781 056";"97 053";"27 563 177";"2024-09-07 16:49:01"
"2024-09-05";"";"175 933";"220 037";"27 563 308";"2024-09-05 21:30:59"
"2024-09-06";"";"5 331 599";"243 400";"27 561 418";"2024-09-06 18:39:09"
"2024-09-10";"";"1 858 187";"281 313";"27 561 687";"2024-09-10 23:20:35"
"2024-09-06";"";"301 639";"38 326";"27 563 410";"2024-09-06 08:05:39"
"2024-09-03";"";"92 936";"7 964 397";"27 562 735";"2024-09-03 08:53:53"
"2024-09-09";"Yandex";"121 665";"4 239";"27 562 364";"2024-09-09 03:24:59"
"2024-09-08";"Instagram";"2 357 641";"596 314";"27 561 981";"2024-09-08 14:35:19"
"2024-09-06";"YouTube";"536 489";"91 552";"27 561 831";"2024-09-06 12:21:40"
"2024-09-06";"";"7 276";"33 949";"27 562 216";"2024-09-06 20:05:52"
"2024-09-07";"";"766 130";"63 876";"27 562 815";"2024-09-07 17:26:20"
"2024-09-02";"";"4 834";"169 469";"27 562 865";"2024-09-02 18:03:03"
"2024-09-01";"";"100 008";"24 164";"27 562 145";"2024-09-01 23:32:41"
"2024-09-06";"YouTube";"82 318 197";"5 232 047";"27 562 899";"2024-09-06 23:44:42"
"2024-09-09";"VKontakte";"1 887 592";"99 430";"27 562 291";"2024-09-09 17:02:10"
"2024-09-06";"";"25 829";"2 138";"27 562 294";"2024-09-06 10:07:39"
"2024-09-08";"Instagram";"283 243";"18 148";"27 562 899";"2024-09-09 02:11:13"
"2024-09-10";"";"171 339";"38 525";"27 561 224";"2024-09-10 11:44:58"
"2024-09-09";"";"94 879";"38 545";"27 562 949";"2024-09-09 11:44:14"
"2024-09-04";"";"222 054";"41 455";"27 563 139";"2024-09-04 16:49:55"
"2024-09-03";"";"41 786";"3 069";"27 562 518";"2024-09-04 02:35:28"
"2024-09-09";"";"430 977";"84 635";"27 563 515";"2024-09-09 23:32:56"
"2024-09-06";"";"662 369";"59 460";"27 561 680";"2024-09-06 08:29:18"
"2024-09-05";"Instagram";"48 295 754";"1 395 915";"27 563 031";"2024-09-05 08:29:56"
"2024-09-04";"";"237 062";"169 423";"27 561 213";"2024-09-05 00:45:44"
"2024-09-09";"";"500 578";"29 346";"27 562 692";"2024-09-09 07:04:19"
"2024-09-10";"Facebook";"44 711";"6 099";"27 562 148";"2024-09-10 05:50:28"
"2024-09-03";"Instagram";"2 597 459";"625 503";"27 562 069";"2024-09-03 05:02:09"
"2024-09-07";"Instagram";"571 382";"77 731";"27 563 095";"2024-09-07 12:33:11"
"2024-09-05";"";"29 506";"7 176";"27 563 244";"2024-09-05 13:22:06"
"2024-09-03";"";"11 482 617";"689 383";"27 562 820";"2024-09-03 19:40:40"
"2024-09-06";"Instagram";"10 829 257";"3 973 682";"27 562 014";"2024-09-06 06:39:09"
"2024-09-02";"";"6 161";"94 218";"27 563 141";"2024-09-02 14:59:43"
"2024-09-06";"Facebook";"631 149";"44 851";"27 562 808";"2024-09-06 19:40:40"
"2024-09-07";"YouTube";"431 603";"91 670";"27 562 544";"2024-09-07 04:13:12"
"2024-09-01";"";"75 221";"8 640";"27 561 393";"2024-09-01 08:41:58"
"2024-09-02";"Telegram";"138 968 407";"5 937 687";"27 563 291";"2024-09-03 01:34:00"
"2024-09-02";"";"51 668";"27 392";"27 563 507";"2024-09-02 07:40:10"
"2024-09-02";"Instagram";"440 705";"48 660";"27 562 791";"2024-09-02 08:05:33"
"2024-09-08";"";"63 534";"5 859";"27 563 123";"2024-09-08 12:33:33"
"2024-09-02";"";"542 513";"83 813";"27 561 312";"2024-09-03 01:46:23"
"2024-09-05";"";"850 197";"549 162";"27 563 228";"2024-09-05 18:39:13"
"2024-09-04";"YouTube";"33 691";"1 698";"27 561 271";"2024-09-04 16:49:53"
"2024-09-07";"";"26 352";"16 158";"27 563 154";"2024-09-07 09:30:05"
"2024-09-01";"YouTube";"1 834 269";"529 362";"27 563 023";"2024-09-01 18:51:56"
"2024-09-03";"";"121 577";"30 966";"27 561 638";"2024-09-04 02:23:25"
"2024-09-02";"Telegram";"1 053 525";"129 073";"27 561 450";"2024-09-03 01:58:05"
"2024-09-06";"";"33 025";"2 373";"27 561 698";"2024-09-07 01:58:53"
"2024-09-05";"";"27 450";"2 884";"27 562 982";"2024-09-06 01:34:03"
"2024-09-04";"";"12 966";"33 884";"27 561 466";"2024-09-04 05:50:48"
"2024-09-01";"TikTok";"8 483";"34 067";"27 562 627";"2024-09-02 01:10:05"
"2024-09-08";"Instagram";"3 034 650";"254 632";"27 561 429";"2024-09-08 13:22:12"
"2024-09-03";"YouTube";"323 264";"47 474";"27 562 722";"2024-09-03 13:58:47"
"2024-09-03";"";"44 805";"56 390";"27 561 386";"2024-09-03 14:35:51"
"2024-09-06";"Instagram";"7 003 867";"3 535 837";"27 561 474";"2024-09-06 11:44:37"
"2024-09-01";"Instagram";"2 147 289";"806 824";"27 561 953";"2024-09-01 04:13:21"
"2024-09-08";"";"40 349";"4 120";"27 562 898";"2024-09-09 00:09:24"
"2024-09-10";"Facebook";"655 101";"14 502";"27 562 541";"2024-09-10 06:03:36"
"2024-09-07";"";"656 949";"134 007";"27 561 643";"2024-09-07 15:36:49"
"2024-09-06";"";"434 647";"17 506";"27 562 431";"2024-09-06 20:53:21"
"2024-09-03";"Unknown";"934 444";"179 798";"27 563 333";"2024-09-03 21:42:42"
"2024-09-03";"";"78 606";"4 263";"27 561 396";"2024-09-04 00:09:48"
"2024-09-01";"";"120 649";"17 774";"27 562 544";"2024-09-01 18:03:04"
"2024-09-08";"";"34 679";"3 645";"27 562 484";"2024-09-08 23:44:23"
"2024-09-06";"YouTube";"78 951";"425 181";"27 563 122";"2024-09-06 15:12:01"
"2024-09-08";"";"30 885 818";"1 643 855";"27 562 069";"2024-09-08 04:13:36"
"2024-09-08";"";"743 015";"206 585";"27 561 992";"2024-09-08 19:40:16"
"2024-09-02";"";"10 121";"26 530";"27 562 465";"2024-09-02 06:51:06"
"2024-09-06";"";"224 532";"70 760";"27 562 701";"2024-09-06 23:32:12"
"2024-09-02";"";"28 827";"1 860";"27 562 415";"2024-09-02 18:27:06"
"2024-09-07";"Instagram";"90 240";"17 512";"27 562 809";"2024-09-07 19:52:57"
"2024-09-02";"";"72 708";"5 699";"27 563 284";"2024-09-03 02:47:04"
"2024-09-09";"";"1 657 839";"360 129";"27 561 457";"2024-09-09 03:48:19"
"2024-09-08";"Instagram";"6 104 121";"960 489";"27 563 225";"2024-09-08 21:30:26"
"2024-09-01";"Facebook";"780 558";"575 267";"27 561 452";"2024-09-01 20:05:58"
"2024-09-04";"";"147 612";"2 212 383";"27 563 122";"2024-09-04 06:15:19"
"2024-09-03";"";"44 616";"2 668";"27 561 638";"2024-09-03 07:04:52"
"2024-09-10";"";"42 102";"3 404";"27 561 898";"2024-09-10 05:26:35"
"2024-09-10";"";"179 843";"11 490";"27 562 084";"2024-09-10 08:53:53"
"2024-09-09";"";"23 440";"44 285";"27 563 442";"2024-09-10 00:45:17"
"2024-09-07";"";"148 429";"15 607";"27 562 320";"2024-09-07 23:56:20"
"2024-09-07";"YouTube";"30 920";"8 658";"27 561 231";"2024-09-07 05:38:35"
"2024-09-05";"YouTube";"131 585";"913 573";"27 561 500";"2024-09-05 09:18:11"
"2024-09-09";"YouTube";"984 509 728";"51 724 926";"27 561 339";"2024-09-10 01:34:46"
"2024-09-07";"";"365 580";"45 183";"27 562 150";"2024-09-07 06:03:27"
"2024-09-09";"WhatsApp";"439 866";"374 990";"27 563 044";"2024-09-09 11:56:48"
"2024-09-07";"";"30 689";"4 383";"27 561 831";"2024-09-07 11:32:50"
"2024-09-04";"";"9 663";"54 370";"27 562 741";"2024-09-04 04:13:40"
"2024-09-07";"YouTube";"9 119 771";"503 713";"27 562 839";"2024-09-07 15:24:54"
"2024-09-03";"";"20 527";"31 899";"27 563 128";"2024-09-03 13:46:44"
"2024-09-05";"";"46 367";"162 435";"27 561 963";"2024-09-05 05:02:48"
"2024-09-06";"Yandex";"501 503";"133 559";"27 562 087";"2024-09-07 01:22:50"
"2024-09-03";"";"234 591";"681 420";"27 563 154";"2024-09-03 06:51:40"
"2024-09-04";"YouTube";"182 169 012";"12 047 293";"27 561 855";"2024-09-04 04:25:23"
"2024-09-07";"";"1 021 572";"125 093";"27 563 165";"2024-09-07 20:05:06"
"2024-09-07";"";"30 689";"1 698";"27 563 439";"2024-09-07 14:47:23"
"2024-09-05";"";"132 398";"7 059";"27 562 997";"2024-09-05 20:17:14"
"2024-09-10";"";"3 258 401";"3 484 274";"27 561 827";"2024-09-10 22:55:46"
"2024-09-06";"";"28 413";"14 914";"27 562 574";"2024-09-06 10:07:13"
"2024-09-05";"";"73 160";"3 534";"27 563 424";"2024-09-05 17:14:46"
"2024-09-09";"";"1 245 051";"280 995";"27 561 810";"2024-09-09 09:06:20"
"2024-09-10";"";"65 341";"11 105";"27 562 772";"2024-09-10 09:06:44"
"2024-09-06";"";"268 790";"48 533";"27 562 850";"2024-09-06 22:43:53"
"2024-09-05";"";"637 109";"19 293";"27 561 796";"2024-09-05 05:02:24"
"2024-09-08";"";"3 139 327";"583 591";"27 561 482";"2024-09-08 17:38:29"
"2024-09-05";"";"45 571";"5 607";"27 563 493";"2024-09-05 13:58:31"
"2024-09-10";"Facebook";"584 121";"1 139 308";"27 563 128";"2024-09-10 16:49:14"
"2024-09-06";"";"50 132";"9 561";"27 561 213";"2024-09-06 08:53:56"
"2024-09-01";"";"26 656";"3 373";"27 561 595";"2024-09-01 08:29:00"
"2024-09-08";"YouTube";"647 698";"244 933";"27 561 819";"2024-09-09 02:11:46"
"2024-09-06";"";"37 463";"1 842";"27 561 826";"2024-09-06 20:05:33"
"2024-09-06";"";"16 454 910";"1 061 602";"27 561 552";"2024-09-06 19:52:25"
"2024-09-10";"";"1 732 983";"2 976 655";"27 562 696";"2024-09-11 01:58:56"
"2024-09-06";"YouTube";"2 380 592";"247 849";"27 563 211";"2024-09-06 12:21:04"
"2024-09-03";"";"568 694";"32 075";"27 563 443";"2024-09-03 04:49:07"
"2024-09-08";"YouTube";"2 141 630";"963 409";"27 562 096";"2024-09-08 18:39:30"
"2024-09-04";"";"28 099";"3 103";"27 561 383";"2024-09-04 05:02:12"
"2024-09-10";"Instagram";"1 292 949";"589 018";"27 562 073";"2024-09-10 10:07:39"
"2024-09-04";"VKontakte";"1 067 947";"1 305 761";"27 563 426";"2024-09-04 15:48:37"
"2024-09-06";"";"2 567 195";"137 181";"27 562 281";"2024-09-06 11:56:43"
"2024-09-07";"";"34 480";"20 763";"27 561 944";"2024-09-07 22:43:12"
"2024-09-01";"Instagram";"2 675 798";"106 610";"27 561 236";"2024-09-01 19:28:44"
"2024-09-08";"Facebook";"1 607 912";"140 080";"27 562 002";"2024-09-08 03:12:19"
"2024-09-03";"";"2 513 253";"669 206";"27 562 204";"2024-09-03 14:59:24"
"2024-09-09";"";"29 246";"5 607";"27 563 052";"2024-09-09 08:53:48"
"2024-09-07";"";"31 399";"75 028";"27 563 035";"2024-09-07 14:47:44"
"2024-09-10";"";"8 604 179";"209 856";"27 561 298";"2024-09-10 14:35:00"
"2024-09-09";"";"39 130";"3 602";"27 563 293";"2024-09-09 15:12:07"
"2024-09-06";"";"34 167";"74 570";"27 562 322";"2024-09-06 20:17:07"
"2024-09-05";"";"1 660 709";"104 864";"27 563 264";"2024-09-05 16:13:15"
"2024-09-01";"";"309 078";"92 687";"27 562 696";"2024-09-01 08:05:57"
"2024-09-10";"";"743 948";"72 799";"27 562 982";"2024-09-10 06:27:07"
"2024-09-07";"YouTube";"30 326";"4 106";"27 562 232";"2024-09-07 19:52:44"
"2024-09-07";"";"28 311";"2 501";"27 562 787";"2024-09-07 23:32:08"
"2024-09-07";"";"228 171";"11 895";"27 562 489";"2024-09-07 21:06:00"
"2024-09-10";"YouTube";"39 100 492";"2 631 801";"27 562 617";"2024-09-10 16:13:22"
"2024-09-06";"";"1 211 416";"34 954";"27 562 401";"2024-09-06 05:50:43"
"2024-09-07";"";"150 881";"28 866";"27 563 514";"2024-09-07 14:47:57"
"2024-09-07";"YouTube";"51 342";"345 935";"27 562 454";"2024-09-07 08:17:12"
"2024-09-01";"Telegram";"898 176";"85 920";"27 561 698";"2024-09-01 03:36:00"
"2024-09-05";"";"27 046";"10 019";"27 563 271";"2024-09-05 12:45:10"
"2024-09-03";"Instagram";"37 374 816";"1 287 685";"27 562 098";"2024-09-03 16:01:45"
"2024-09-10";"";"85 347";"40 734";"27 563 502";"2024-09-10 12:21:00"
"2024-09-05";"";"38 449";"101 763";"27 561 818";"2024-09-05 07:52:22"
"2024-09-04";"";"262 776";"37 598";"27 563 311";"2024-09-04 17:14:03"
"2024-09-04";"";"1 589 869";"79 982";"27 563 232";"2024-09-04 06:51:18"
"2024-09-06";"Telegram";"134 003 095";"21 404 405";"27 561 730";"2024-09-06 15:00:15"
"2024-09-05";"";"75 411";"4 794";"27 562 840";"2024-09-06 00:45:22"
"2024-09-09";"";"59 172 718";"105 467 546";"27 561 436";"2024-09-09 03:24:02"
"2024-09-09";"Instagram";"88 831";"116 493";"27 562 559";"2024-09-09 07:04:13"
"2024-09-06";"Telegram";"29 996 111";"3 609 668";"27 561 697";"2024-09-06 22:19:57"
"2024-09-01";"";"122 825";"8 373";"27 562 473";"2024-09-01 17:38:51"
"2024-09-02";"";"171 461";"17 752";"27 561 556";"2024-09-03 00:33:32"
"2024-09-05";"";"46 355";"25 835";"27 561 173";"2024-09-06 01:10:01"
"2024-09-10";"Facebook";"96 372";"10 156";"27 562 466";"2024-09-10 19:28:45"
"2024-09-07";"";"31 246";"2 002";"27 562 355";"2024-09-07 11:08:32"
"2024-09-08";"Yandex";"32 299";"23 027";"27 561 789";"2024-09-08 09:06:13"
"2024-09-04";"";"107 372";"45 407";"27 563 359";"2024-09-04 22:19:27"
"2024-09-07";"";"1 440 218";"404 788";"27 563 093";"2024-09-07 09:06:30"
"2024-09-10";"";"286 166";"19 270";"27 563 157";"2024-09-10 15:36:54"
"2024-09-09";"";"11 035";"28 557";"27 562 197";"2024-09-09 19:52:35"
"2024-09-05";"";"1 988 480";"185 690";"27 563 493";"2024-09-05 13:10:21"
"2024-09-04";"";"38 558";"18 233";"27 562 033";"2024-09-04 10:31:27"
"2024-09-02";"";"274 225";"60 643";"27 561 470";"2024-09-02 23:08:48"
"2024-09-10";"";"1 440 156";"105 984";"27 562 254";"2024-09-10 15:00:41"
"2024-09-06";"";"31 757";"63 349";"27 562 352";"2024-09-06 21:06:51"
"2024-09-10";"Instagram";"51 686 473";"1 032 051";"27 562 919";"2024-09-10 07:04:25"
"2024-09-03";"";"26 652";"6 103";"27 561 230";"2024-09-03 22:55:27"
"2024-09-05";"";"451 377";"35 823";"27 563 289";"2024-09-05 03:00:12"
"2024-09-06";"";"103 543";"8 373";"27 563 147";"2024-09-06 07:16:39"
"2024-09-09";"";"192 881";"43 086";"27 562 473";"2024-09-10 02:47:19"
"2024-09-01";"";"25 724";"6 408";"27 562 436";"2024-09-01 23:32:21"
"2024-09-10";"";"1 546 794";"151 232";"27 563 184";"2024-09-10 05:26:00"
"2024-09-05";"Facebook";"670 903";"35 119";"27 562 858";"2024-09-05 17:02:40"
"2024-09-02";"";"94 441";"15 283";"27 563 234";"2024-09-02 23:44:17"
"2024-09-09";"";"103 537";"6 925";"27 562 609";"2024-09-09 17:02:24"
"2024-09-07";"Telegram";"43 547";"3 025";"27 561 556";"2024-09-07 15:12:45"
"2024-09-03";"VKontakte";"2 879 852";"151 522";"27 563 424";"2024-09-03 09:54:13"
"2024-09-06";"";"180 462";"14 921";"27 563 022";"2024-09-07 02:23:33"
"2024-09-07";"WhatsApp";"331 331";"91 904";"27 563 285";"2024-09-07 22:55:32"
"2024-09-09";"";"29 520";"10 090";"27 562 439";"2024-09-09 13:10:36"
"2024-09-06";"Instagram";"60 342 595";"2 463 722";"27 561 691";"2024-09-07 00:57:43"
"2024-09-01";"";"8 751";"31 279";"27 561 907";"2024-09-02 01:10:40"
"2024-09-07";"";"47 847";"16 850";"27 561 234";"2024-09-07 20:17:46"
"2024-09-09";"Facebook";"2 718 857";"129 504";"27 562 608";"2024-09-09 20:41:43"
"2024-09-04";"";"16 115 642";"817 876";"27 562 487";"2024-09-04 09:18:15"
"2024-09-09";"";"163 666";"7 341";"27 562 364";"2024-09-09 10:07:30"
"2024-09-01";"Apple Music";"469 343";"45 588";"27 562 261";"2024-09-01 14:11:49"
"2024-09-06";"";"622 759";"58 979";"27 562 747";"2024-09-06 21:18:37"
"2024-09-04";"";"149 764";"14 688";"27 561 286";"2024-09-04 07:52:24"
"2024-09-02";"Facebook";"4 779 903";"213 701";"27 563 347";"2024-09-02 23:44:16"
"2024-09-02";"YouTube";"784 965";"102 359";"27 561 582";"2024-09-02 23:44:53"
"2024-09-02";"";"422 655";"29 604";"27 563 367";"2024-09-02 06:39:22"
"2024-09-04";"";"1 043 549";"116 399";"27 561 548";"2024-09-04 07:28:19"
"2024-09-09";"";"137 481";"177 647";"27 561 707";"2024-09-09 11:08:31"
"2024-09-03";"";"82 953";"4 046";"27 561 529";"2024-09-04 02:59:29"
"2024-09-10";"Telegram";"11 242 711";"654 336";"27 561 634";"2024-09-10 10:07:50"
"2024-09-05";"";"49 963";"3 857";"27 561 276";"2024-09-05 15:00:58"
"2024-09-10";"";"11 133";"52 401";"27 562 447";"2024-09-10 09:54:35"
"2024-09-07";"YouTube";"356 942";"2 038 677";"27 562 783";"2024-09-07 14:59:16"
"2024-09-10";"Instagram";"99 455";"13 600";"27 561 557";"2024-09-10 18:15:50"
"2024-09-09";"";"10 932";"26 924";"27 562 824";"2024-09-09 11:56:18"
"2024-09-08";"";"1 688 844";"73 452";"27 563 300";"2024-09-08 03:36:42"
"2024-09-05";"";"58 383";"4 940";"27 562 878";"2024-09-05 14:23:33"
"2024-09-06";"";"32 339";"7 790";"27 561 668";"2024-09-06 04:49:41"
"2024-09-10";"";"86 342";"3 513";"27 561 830";"2024-09-11 02:35:58"
"2024-09-04";"";"33 968";"8 703";"27 562 254";"2024-09-05 02:11:06"
"2024-09-01";"";"88 531";"39 887";"27 562 508";"2024-09-01 21:18:24"
"2024-09-09";"";"59 965";"32 575";"27 562 772";"2024-09-09 23:20:25"
"2024-09-08";"";"206 185";"48 265";"27 561 690";"2024-09-08 05:50:24"
"2024-09-06";"Apple Music";"495 498";"26 811";"27 562 047";"2024-09-07 00:09:03"
"2024-09-07";"Telegram";"354 609 813";"19 486 834";"27 563 308";"2024-09-07 10:07:26"
"2024-09-10";"Apple Music";"39 615";"1 854";"27 561 372";"2024-09-11 00:09:54"
"2024-09-05";"YouTube";"510 151";"57 149";"27 562 540";"2024-09-05 15:00:33"
"2024-09-03";"";"65 333";"4 282";"27 563 016";"2024-09-03 18:15:36"
"2024-09-08";"";"121 488";"27 031";"27 561 458";"2024-09-08 10:19:45"
"2024-09-02";"";"370 793";"20 325";"27 563 147";"2024-09-02 17:38:11"
"2024-09-09";"Facebook";"1 507 720";"95 573";"27 562 320";"2024-09-10 00:33:12"
"2024-09-07";"Telegram";"7 545 154";"481 974";"27 563 388";"2024-09-07 19:28:51"
"2024-09-10";"YouTube";"5 138 442";"1 727 951";"27 562 273";"2024-09-10 20:53:23"
"2024-09-07";"Yandex";"46 794";"5 250";"27 561 788";"2024-09-07 15:24:40"
"2024-09-05";"";"29 174";"1 978";"27 561 616";"2024-09-05 03:12:11"
"2024-09-08";"";"6 008 802";"1 236 135";"27 562 791";"2024-09-08 12:57:29"
"2024-09-07";"";"137 971";"10 537";"27 562 591";"2024-09-07 23:08:45"
"2024-09-02";"";"33 664";"2 561";"27 563 269";"2024-09-02 12:45:02"
"2024-09-08";"";"31 561";"9 141";"27 561 692";"2024-09-09 01:22:47"
"2024-09-06";"";"33 941";"12 956";"27 561 386";"2024-09-06 04:37:48"
"2024-09-04";"TikTok";"32 877";"204 698";"27 561 767";"2024-09-05 02:35:35"
"2024-09-02";"";"283 075";"15 875";"27 562 747";"2024-09-02 09:30:49"
"2024-09-01";"";"62 188";"10 790";"27 562 265";"2024-09-01 21:18:09"
"2024-09-02";"Facebook";"1 362 277";"98 039";"27 562 641";"2024-09-02 15:36:23"
"2024-09-07";"";"4 855 348";"351 302";"27 563 187";"2024-09-07 21:30:46"
"2024-09-04";"";"69 310";"4 859";"27 562 721";"2024-09-04 12:09:21"
"2024-09-01";"";"56 491 235";"6 022 151";"27 562 091";"2024-09-01 13:46:53"
"2024-09-05";"";"116 317";"338 193";"27 562 122";"2024-09-06 01:10:45"
"2024-09-02";"";"27 343";"3 432";"27 562 900";"2024-09-02 10:55:07"
"2024-09-06";"YouTube";"2 274 700";"566 367";"27 563 059";"2024-09-06 22:07:30"
"2024-09-03";"";"31 123";"10 935";"27 561 891";"2024-09-03 13:58:00"
"2024-09-08";"";"21 544";"27 701";"27 561 730";"2024-09-09 00:45:12"
"2024-09-07";"";"51 075";"14 376";"27 562 552";"2024-09-07 06:51:54"
"2024-09-02";"";"50 769";"38 189";"27 561 983";"2024-09-02 17:38:49"
"2024-09-07";"";"1 384 320";"144 253";"27 562 197";"2024-09-07 16:13:45"
"2024-09-05";"YouTube";"3 096 463";"1 337 427";"27 561 975";"2024-09-05 13:10:58"
"2024-09-08";"";"720";"37 228";"27 563 112";"2024-09-08 07:28:19"
"2024-09-10";"";"61 590";"50 575";"27 563 176";"2024-09-10 16:25:41"
"2024-09-09";"";"28 732";"4 155";"27 561 794";"2024-09-09 10:07:28"
"2024-09-06";"";"62 472";"81 839";"27 562 720";"2024-09-07 02:11:03"
"2024-09-04";"";"150 775";"69 689";"27 563 079";"2024-09-04 03:24:44"
"2024-09-06";"";"60 524";"3 623";"27 561 600";"2024-09-06 22:07:41"
"2024-09-10";"";"81 337";"5 526";"27 563 116";"2024-09-10 10:43:28"
"2024-09-05";"";"280 135";"91 081";"27 563 420";"2024-09-05 11:56:52"
"2024-09-01";"";"411 635";"117 822";"27 561 232";"2024-09-01 20:17:14"
"2024-09-05";"";"33 608";"8 859";"27 562 790";"2024-09-05 14:47:04"
"2024-09-02";"";"63 172";"8 005";"27 562 622";"2024-09-02 20:17:51"
"2024-09-10";"YouTube";"15 584 960";"1 050 607";"27 563 419";"2024-09-10 18:27:35"
"2024-09-02";"";"88 045";"17 648";"27 563 515";"2024-09-03 00:33:36"
"2024-09-01";"";"402 356";"214 008";"27 562 513";"2024-09-01 23:44:43"
"2024-09-04";"";"79 765 616";"6 027 890";"27 562 490";"2024-09-04 13:46:55"
"2024-09-02";"";"82 219";"10 044";"27 562 651";"2024-09-02 10:43:22"
"2024-09-02";"YouTube";"610 865";"180 200";"27 561 720";"2024-09-02 04:25:50"
"2024-09-09";"Instagram";"1 047 102";"266 916";"27 562 899";"2024-09-09 21:18:00"
"2024-09-07";"YouTube";"334 506 965";"18 895 448";"27 562 654";"2024-09-07 16:13:24"
"2024-09-04";"";"88 403";"59 804";"27 561 978";"2024-09-04 10:07:42"
"2024-09-08";"Telegram";"855 602";"50 339";"27 562 146";"2024-09-08 16:01:59"
"2024-09-03";"";"147 986";"40 385";"27 562 051";"2024-09-03 22:31:23"
"2024-09-08";"Unknown";"74 618";"29 927";"27 561 269";"2024-09-08 04:25:25"
"2024-09-04";"";"130 289";"22 071";"27 562 613";"2024-09-04 11:20:23"
"2024-09-09";"Instagram";"10 333 902";"4 753 067";"27 563 514";"2024-09-09 20:29:29"
"2024-09-10";"YouTube";"11 812 747";"567 182";"27 561 355";"2024-09-10 12:09:19"
"2024-09-05";"YouTube";"971 370";"34 943";"27 562 304";"2024-09-05 20:53:43"
"2024-09-10";"";"901 863";"86 188";"27 563 014";"2024-09-10 22:31:40"
"2024-09-08";"";"44 727";"15 307";"27 561 763";"2024-09-08 13:34:00"
"2024-09-09";"";"3 635 719";"429 013";"27 563 264";"2024-09-09 23:32:27"
"2024-09-06";"";"3 604 854";"156 621";"27 562 698";"2024-09-06 06:15:54"
"2024-09-10";"";"391 900";"24 333";"27 561 775";"2024-09-10 04:13:22"
"2024-09-10";"";"1 746";"72 927";"27 562 281";"2024-09-10 12:33:26"
"2024-09-10";"Yandex";"1 252 905";"78 090";"27 562 889";"2024-09-10 06:15:49"
"2024-09-01";"";"16 994";"69 463";"27 563 466";"2024-09-01 12:57:24"
"2024-09-07";"";"439 996";"23 307";"27 563 404";"2024-09-07 10:43:13"
"2024-09-08";"";"17 261";"26 710";"27 562 984";"2024-09-08 06:51:19"
"2024-09-03";"Instagram";"68 220";"20 113";"27 562 964";"2024-09-03 16:13:43"
"2024-09-03";"";"72 175";"239 288";"27 561 220";"2024-09-03 18:03:54"
"2024-09-10";"";"23 484";"29 215";"27 563 268";"2024-09-10 22:19:46"
"2024-09-01";"";"34 430";"11 609";"27 561 453";"2024-09-01 10:19:40"
"2024-09-01";"";"148 859";"14 177";"27 561 331";"2024-09-01 07:16:10"
"2024-09-07";"";"198 606";"438 775";"27 561 974";"2024-09-07 16:01:13"
"2024-09-08";"YouTube";"7 597 159";"374 768";"27 562 979";"2024-09-08 18:27:39"
"2024-09-01";"";"6 567 485";"123 738";"27 562 494";"2024-09-02 02:23:12"
"2024-09-09";"";"1 430 644";"1 218 900";"27 563 082";"2024-09-09 19:04:35"
"2024-09-04";"";"12 634 900";"637 130";"27 561 888";"2024-09-04 09:30:00"
"2024-09-08";"";"35 527";"3 217";"27 561 211";"2024-09-08 11:44:27"
"2024-09-03";"Facebook";"259 150";"25 868";"27 561 981";"2024-09-03 21:18:30"
"2024-09-09";"Telegram";"310 097";"42 313";"27 561 745";"2024-09-09 21:30:44"
"2024-09-03";"Facebook";"44 409";"3 498";"27 562 968";"2024-09-03 06:27:59"
"2024-09-03";"";"128 583";"5 972";"27 563 471";"2024-09-03 14:35:25"
"2024-09-06";"Odnoklassniki";"59 784";"11 354";"27 561 725";"2024-09-06 05:38:51"
"2024-09-09";"";"110 094";"7 824";"27 563 216";"2024-09-09 09:18:39"
"2024-09-05";"";"147 219";"26 387";"27 562 608";"2024-09-05 17:26:56"
"2024-09-03";"";"26 191";"6 222";"27 563 062";"2024-09-03 16:13:24"
"2024-09-01";"YouTube";"57 253";"253 971";"27 561 383";"2024-09-01 19:04:52"
"2024-09-07";"";"229 157";"19 293";"27 561 347";"2024-09-07 05:50:24"
"2024-09-10";"";"6 884";"39 899";"27 563 469";"2024-09-10 10:43:47"
"2024-09-09";"";"42 673";"1 984";"27 563 308";"2024-09-09 20:17:26"
"2024-09-02";"";"87 652";"5 708";"27 561 219";"2024-09-02 03:00:33"
"2024-09-01";"";"1 395 265";"123 191";"27 563 264";"2024-09-01 03:36:04"
"2024-09-03";"YouTube";"10 701 653";"636 993";"27 562 242";"2024-09-03 17:26:46"
"2024-09-07";"Telegram";"6 696 288";"348 530";"27 562 051";"2024-09-07 05:38:08"
"2024-09-09";"";"0";"29 087";"27 562 644";"2024-09-10 02:47:50"
"2024-09-08";"WhatsApp";"9 485 532";"1 580 079";"27 561 337";"2024-09-08 06:51:16"
"2024-09-06";"";"33 528";"10 838";"27 561 485";"2024-09-06 17:26:23"
"2024-09-07";"";"1 402 729";"3 286 770";"27 561 855";"2024-09-07 22:19:34"
"2024-09-07";"Unknown";"53 653";"6 434";"27 562 760";"2024-09-07 18:27:00"
"2024-09-09";"";"25 578";"45 408";"27 561 975";"2024-09-09 21:06:49"
"2024-09-08";"";"3 034 972";"177 572";"27 563 443";"2024-09-08 03:24:25"
"2024-09-08";"";"88 847";"6 335";"27 563 318";"2024-09-09 01:22:51"
"2024-09-06";"";"65 143";"38 199";"27 562 854";"2024-09-07 01:22:13"
"2024-09-10";"";"48 890";"24 387";"27 562 675";"2024-09-10 08:17:12"
"2024-09-02";"";"59 665";"9 672";"27 561 762";"2024-09-02 04:37:33"
"2024-09-10";"";"2 042 682";"121 130";"27 563 436";"2024-09-10 23:32:38"
"2024-09-02";"";"63 857 152";"2 605 498";"27 561 621";"2024-09-02 05:50:06"
"2024-09-07";"Instagram";"1 250 606";"34 977";"27 563 338";"2024-09-08 02:23:15"
"2024-09-01";"";"49 772";"5 949";"27 561 432";"2024-09-01 20:41:17"
"2024-09-04";"";"427 730";"34 385";"27 561 940";"2024-09-04 22:55:01"
"2024-09-02";"Instagram";"14 462 980";"706 990";"27 563 434";"2024-09-02 05:50:19"
"2024-09-06";"";"322 034";"26 086";"27 561 547";"2024-09-06 03:00:01"
"2024-09-09";"";"12 863 787";"676 517";"27 562 935";"2024-09-09 11:44:43"
"2024-09-05";"";"136 466";"11 173";"27 562 415";"2024-09-05 18:39:36"
"2024-09-02";"";"1 046 411";"154 159";"27 561 590";"2024-09-02 21:30:05"
"2024-09-08";"";"765 620";"33 151";"27 562 435";"2024-09-08 06:51:07"
"2024-09-10";"Telegram";"11 601 109";"2 602 766";"27 562 795";"2024-09-10 06:15:18"
"2024-09-03";"Instagram";"5 402 842";"7 521 174";"27 562 143";"2024-09-03 19:16:00"
"2024-09-09";"";"27 428";"29 514";"27 561 950";"2024-09-09 17:02:29"
"2024-09-06";"";"70 151 003";"7 761 052";"27 561 222";"2024-09-06 18:15:20"
"2024-09-06";"";"93 816";"17 982";"27 561 222";"2024-09-06 09:18:37"
"2024-09-08";"Instagram";"75 779 425";"1 689 071";"27 562 048";"2024-09-08 03:36:24"
"2024-09-02";"";"10 109";"25 734";"27 562 649";"2024-09-02 14:23:58"
"2024-09-03";"Instagram";"94 463 057";"2 294 063";"27 562 973";"2024-09-03 19:40:11"
"2024-09-07";"";"386 606";"24 326";"27 562 934";"2024-09-07 07:52:29"
"2024-09-08";"";"3 806 624";"226 302";"27 561 474";"2024-09-08 17:26:09"
"2024-09-01";"";"5 440 573";"526 086";"27 561 339";"2024-09-01 22:19:26"
"2024-09-10";"YouTube";"106 862 111";"6 395 301";"27 561 586";"2024-09-10 23:32:14"
"2024-09-08";"";"438 883";"134 635";"27 562 058";"2024-09-08 17:38:35"
"2024-09-08";"PUBG";"181 515 439";"6 367 579";"27 562 088";"2024-09-08 05:38:50"
"2024-09-03";"WhatsApp";"110 683";"5 991";"27 562 569";"2024-09-03 13:34:26"
"2024-09-10";"";"87 787";"59 776";"27 562 096";"2024-09-10 14:23:35"
"2024-09-06";"";"123 693";"62 055";"27 561 357";"2024-09-06 15:48:57"
"2024-09-05";"Instagram";"10 603 356";"7 041 932";"27 562 894";"2024-09-05 11:08:52"
"2024-09-07";"Facebook";"29 701";"2 041";"27 562 400";"2024-09-07 17:02:17"
"2024-09-06";"";"105 413";"22 617";"27 562 363";"2024-09-06 17:50:20"
"2024-09-07";"Instagram";"188 752 522";"5 224 336";"27 561 975";"2024-09-07 05:38:28"
"2024-09-03";"";"623 653";"225 170";"27 562 865";"2024-09-03 18:03:28"
"2024-09-04";"";"395 984";"19 577";"27 562 186";"2024-09-04 04:01:15"
"2024-09-10";"Unknown";"53 133";"23 804";"27 562 719";"2024-09-10 20:17:49"
"2024-09-08";"Facebook";"180 375";"7 457";"27 562 889";"2024-09-08 11:32:18"
"2024-09-06";"Yandex";"764 245";"73 187";"27 562 674";"2024-09-06 03:12:34"
"2024-09-04";"";"1 676 033";"78 394";"27 562 540";"2024-09-04 06:27:24"
"2024-09-01";"";"9 113 590";"411 927";"27 562 127";"2024-09-01 16:37:35"
"2024-09-01";"";"725 579";"745 296";"27 563 344";"2024-09-01 14:35:08"
"2024-09-09";"";"106 000";"63 604";"27 562 033";"2024-09-09 23:44:16"
"2024-09-02";"";"130 418";"13 181";"27 561 312";"2024-09-02 10:19:55"
"2024-09-02";"";"123 195";"12 897";"27 562 878";"2024-09-02 15:12:40"
"2024-09-06";"Instagram";"20 200 413";"454 555";"27 562 087";"2024-09-06 19:28:29"
"2024-09-03";"";"45 721";"24 762";"27 563 402";"2024-09-03 22:43:44"
"2024-09-01";"";"532 704";"23 876";"27 562 520";"2024-09-01 23:20:45"
"2024-09-09";"Instagram";"20 273 485";"815 848";"27 561 562";"2024-09-09 08:53:53"
"2024-09-05";"";"33 864";"3 398";"27 561 920";"2024-09-05 17:02:12"
"2024-09-04";"";"29 325";"28 489";"27 561 700";"2024-09-05 01:34:38"
"2024-09-05";"Instagram";"135 859";"82 806";"27 563 151";"2024-09-05 04:25:26"
"2024-09-07";"";"27 161";"4 289";"27 562 534";"2024-09-07 13:10:14"
"2024-09-10";"Telegram";"71 924";"6 292";"27 562 403";"2024-09-10 03:36:02"
"2024-09-09";"";"443 408 133";"19 752 839";"27 563 174";"2024-09-09 23:32:29"
"2024-09-06";"YouTube";"65 387";"4 950";"27 561 753";"2024-09-06 20:17:43"
"2024-09-02";"Instagram";"6 399 875";"4 956 212";"27 563 355";"2024-09-02 10:07:40"
"2024-09-06";"";"26 707";"55 636";"27 562 644";"2024-09-07 02:23:43"
"2024-09-05";"YouTube";"47 541";"9 399";"27 562 606";"2024-09-05 15:00:29"
"2024-09-05";"Instagram";"4 751 005";"2 282 685";"27 562 497";"2024-09-05 13:10:16"
"2024-09-06";"";"112 144";"15 717";"27 561 606";"2024-09-06 16:01:18"
"2024-09-05";"";"1 074 546";"430 324";"27 562 226";"2024-09-06 01:10:48"
"2024-09-04";"";"190 201";"10 623";"27 562 250";"2024-09-04 19:04:28"
"2024-09-01";"";"89 252";"10 812";"27 562 654";"2024-09-01 11:44:40"
"2024-09-01";"";"35 603";"15 709";"27 563 312";"2024-09-01 03:12:33"
"2024-09-10";"";"976 093";"148 438";"27 563 154";"2024-09-10 14:11:25"
"2024-09-07";"";"22 767 041";"820 086";"27 561 207";"2024-09-08 02:47:11"
"2024-09-01";"";"31 959";"3 768";"27 561 490";"2024-09-01 18:27:57"
"2024-09-05";"Telegram";"238 415";"28 618";"27 562 879";"2024-09-05 12:33:30"
"2024-09-03";"";"1 236 593";"55 593";"27 563 363";"2024-09-03 05:26:21"
"2024-09-04";"";"433 287";"32 895";"27 561 204";"2024-09-04 09:42:41"
"2024-09-03";"";"804 665";"40 821";"27 563 009";"2024-09-03 17:26:54"
"2024-09-07";"Instagram";"8 409 159";"21 718 459";"27 563 287";"2024-09-07 13:58:16"
"2024-09-10";"Apple Music";"60 191";"15 224";"27 562 255";"2024-09-10 10:55:34"
"2024-09-05";"Yandex";"44 960";"2 551";"27 563 378";"2024-09-05 18:51:55"
"2024-09-06";"VKontakte";"176 972";"200 776";"27 562 021";"2024-09-06 15:48:57"
"2024-09-05";"";"28 501";"6 535";"27 563 318";"2024-09-05 23:56:50"
"2024-09-10";"";"1 004 235";"131 178";"27 562 727";"2024-09-11 00:33:14"
"2024-09-06";"Tas-ix";"145 756";"24 986";"27 562 609";"2024-09-06 09:42:27"
"2024-09-03";"";"478 934";"117 184";"27 562 363";"2024-09-03 09:18:21"
"2024-09-07";"Odnoklassniki";"61 215";"7 898";"27 562 544";"2024-09-07 20:53:31"
"2024-09-10";"";"46 239";"14 647";"27 561 649";"2024-09-11 01:46:08"
"2024-09-06";"";"39 112";"2 293 565";"27 563 082";"2024-09-07 00:57:46"
"2024-09-07";"";"1 425 291";"171 554";"27 561 721";"2024-09-07 08:05:08"
"2024-09-09";"";"4 121 857";"216 201";"27 563 217";"2024-09-09 13:58:00"
"2024-09-05";"WhatsApp";"333 624";"458 294";"27 562 413";"2024-09-05 17:38:59"
"2024-09-02";"";"85 910";"46 908";"27 561 547";"2024-09-02 05:38:08"
"2024-09-01";"";"39 122";"8 970";"27 562 124";"2024-09-01 23:32:00"
"2024-09-07";"";"176 491";"229 500";"27 561 413";"2024-09-07 10:31:39"
"2024-09-04";"Instagram";"65 867 052";"1 554 565";"27 562 629";"2024-09-04 04:37:56"
"2024-09-05";"";"360 787";"545 962";"27 561 557";"2024-09-05 08:29:07"
"2024-09-06";"";"649 064";"886 411";"27 561 365";"2024-09-06 06:15:54"
"2024-09-04";"";"50 598";"1 360 245";"27 563 014";"2024-09-04 06:03:08"
"2024-09-10";"";"26 132";"35 937";"27 562 036";"2024-09-10 08:29:20"
"2024-09-10";"";"306 473";"51 492";"27 563 464";"2024-09-10 08:05:39"
"2024-09-09";"";"22 166";"26 701";"27 561 552";"2024-09-09 06:27:08"
"2024-09-01";"";"457 066";"17 173";"27 561 670";"2024-09-02 02:59:02"
"2024-09-02";"";"279 928";"74 885";"27 563 264";"2024-09-03 00:33:08"
"2024-09-06";"";"32 719";"20 109";"27 561 886";"2024-09-06 07:28:48"
"2024-09-10";"";"672 576";"71 305";"27 561 993";"2024-09-10 04:01:58"
"2024-09-07";"";"28 275";"3 119";"27 563 507";"2024-09-07 05:14:13"
"2024-09-07";"";"72 719";"53 231";"27 562 719";"2024-09-08 01:10:59"
"2024-09-03";"Telegram";"96 198";"19 098";"27 561 778";"2024-09-03 03:36:12"
"2024-09-02";"";"36 497";"5 839";"27 563 107";"2024-09-02 03:36:03"
"2024-09-02";"YouTube";"42 372 609";"3 371 778";"27 562 907";"2024-09-02 06:27:03"
"2024-09-07";"";"639 710";"784 799";"27 563 437";"2024-09-07 16:49:25"
"2024-09-01";"";"37 669";"5 865";"27 562 608";"2024-09-02 01:34:15"
"2024-09-09";"Facebook";"118 307";"9 554";"27 563 235";"2024-09-09 16:01:18"
"2024-09-07";"";"117 088";"5 842";"27 562 059";"2024-09-07 05:50:29"
"2024-09-10";"Instagram";"12 648";"81 566";"27 561 815";"2024-09-10 17:14:42"
"2024-09-05";"";"168 905";"8 963";"27 563 107";"2024-09-05 07:28:38"
"2024-09-08";"";"1 391";"26 925";"27 562 003";"2024-09-08 23:56:43"
"2024-09-01";"YouTube";"596 066";"235 584";"27 561 611";"2024-09-01 05:50:36"
"2024-09-05";"Instagram";"3 790 746";"3 364 734";"27 561 362";"2024-09-05 03:00:34"
"2024-09-04";"";"27 263";"9 108";"27 562 968";"2024-09-04 14:11:03"
"2024-09-07";"";"556 873";"22 105";"27 563 310";"2024-09-07 05:38:29"
"2024-09-08";"Instagram";"93 127";"6 485";"27 563 313";"2024-09-08 15:12:36"
"2024-09-05";"";"95 747";"17 265";"27 561 690";"2024-09-05 23:32:50"
"2024-09-04";"YouTube";"2 825 950";"180 719";"27 562 668";"2024-09-05 00:09:06"
"2024-09-02";"Instagram";"168 212 537";"4 258 955";"27 561 792";"2024-09-02 07:52:14"
"2024-09-08";"";"182 166";"6 049";"27 562 812";"2024-09-08 10:55:22"
"2024-09-04";"";"204 989";"24 381";"27 561 307";"2024-09-04 05:50:13"
"2024-09-01";"";"26 621";"5 075";"27 562 642";"2024-09-01 19:16:16"
"2024-09-07";"";"81 893";"99 728";"27 562 591";"2024-09-07 16:01:16"
"2024-09-05";"";"18 980 521";"734 222";"27 561 512";"2024-09-05 18:03:47"
"2024-09-09";"";"203 954";"577 357";"27 561 552";"2024-09-09 18:51:13"
"2024-09-06";"WhatsApp";"486 998";"46 533";"27 562 497";"2024-09-06 14:11:55"
"2024-09-10";"";"34 410";"9 806";"27 561 649";"2024-09-10 11:56:22"
"2024-09-03";"";"30 107";"7 300";"27 562 148";"2024-09-03 18:27:14"
"2024-09-07";"Instagram";"74 625 930";"3 040 228";"27 561 690";"2024-09-08 01:58:21"
"2024-09-02";"";"59 107";"5 010";"27 563 463";"2024-09-02 16:37:41"
"2024-09-05";"";"920 891";"76 688";"27 561 510";"2024-09-05 22:19:15"
"2024-09-10";"";"1 019 481";"54 668";"27 563 008";"2024-09-10 08:29:01"
"2024-09-03";"";"29 862";"14 481";"27 562 291";"2024-09-03 18:03:23"
"2024-09-04";"";"62 146";"60 422";"27 562 304";"2024-09-04 03:48:25"
"2024-09-06";"";"109 063";"7 978";"27 562 156";"2024-09-06 20:41:30"
"2024-09-06";"";"29 124";"6 208";"27 561 396";"2024-09-06 07:52:53"
"2024-09-10";"";"107 767";"121 400";"27 562 601";"2024-09-10 18:27:11"
"2024-09-03";"Tas-ix";"486 291";"8 206";"27 562 715";"2024-09-03 04:37:24"
"2024-09-06";"";"2 336 754";"112 023";"27 561 304";"2024-09-06 12:57:07"
"2024-09-07";"";"161 648";"35 721";"27 562 908";"2024-09-07 20:29:53"
"2024-09-01";"";"213 763";"459 258";"27 561 621";"2024-09-01 16:01:10"
"2024-09-08";"";"463 936";"42 977";"27 562 025";"2024-09-08 12:33:29"
"2024-09-04";"";"1 139 177";"170 274";"27 562 294";"2024-09-04 14:11:14"
"2024-09-02";"";"693 447";"433 052";"27 562 800";"2024-09-02 14:59:44"
"2024-09-06";"";"108 044";"5 275";"27 562 703";"2024-09-06 18:39:53"
"2024-09-06";"";"201 847";"57 990";"27 563 445";"2024-09-06 16:37:18"
"2024-09-06";"TikTok";"480";"28 585";"27 562 944";"2024-09-06 04:25:50"
"2024-09-04";"";"43 962";"26 797";"27 562 324";"2024-09-04 10:19:47"
"2024-09-06";"";"40 781";"2 960";"27 562 879";"2024-09-06 16:01:17"
"2024-09-07";"Instagram";"44 455";"4 315";"27 563 395";"2024-09-07 05:50:07"
"2024-09-06";"Facebook";"75 425";"81 730";"27 562 487";"2024-09-06 06:15:11"
"2024-09-07";"";"101 678";"11 143";"27 562 792";"2024-09-08 00:21:48"
"2024-09-09";"";"381 909";"14 627";"27 561 845";"2024-09-09 11:56:05"
"2024-09-03";"";"1 141 433";"66 667";"27 561 201";"2024-09-03 15:00:21"
"2024-09-08";"";"1 027 923";"469 019";"27 562 843";"2024-09-08 17:02:29"
"2024-09-03";"Instagram";"696 020";"105 072";"27 563 367";"2024-09-03 23:32:30"
"2024-09-05";"";"954 571";"69 843";"27 561 216";"2024-09-06 01:34:44"
"2024-09-04";"Telegram";"9 975 795";"617 100";"27 561 651";"2024-09-04 18:15:28"
"2024-09-07";"";"185 558";"9 853";"27 563 507";"2024-09-07 06:51:34"
"2024-09-03";"TikTok";"6 045";"48 971";"27 563 510";"2024-09-03 11:56:10"
"2024-09-03";"Instagram";"3 958 368";"4 990 926";"27 561 840";"2024-09-03 09:54:32"
"2024-09-09";"";"26 933";"3 413";"27 562 743";"2024-09-09 13:46:03"
"2024-09-02";"";"125 622";"90 118";"27 561 662";"2024-09-02 07:40:57"
"2024-09-05";"";"88 447";"8 853";"27 561 276";"2024-09-05 07:40:13"
"2024-09-09";"Instagram";"2 159 231";"1 107 140";"27 561 545";"2024-09-09 22:31:23"
"2024-09-10";"Facebook";"1 168 095";"55 024";"27 561 649";"2024-09-10 10:19:51"
"2024-09-03";"";"954 763";"283 051";"27 563 225";"2024-09-03 17:14:18"
"2024-09-08";"";"348 414";"846 081";"27 562 850";"2024-09-08 18:15:04"
"2024-09-08";"VKontakte";"430 506";"379 432";"27 563 106";"2024-09-08 13:58:59"
"2024-09-09";"Yandex";"582 772";"465 046";"27 561 815";"2024-09-09 05:38:38"
"2024-09-01";"";"225 947";"118 577";"27 562 595";"2024-09-01 07:04:25"
"2024-09-07";"";"351 915";"31 695";"27 561 826";"2024-09-07 21:30:56"
"2024-09-07";"";"27 735";"11 739";"27 563 290";"2024-09-07 21:54:34"
"2024-09-03";"";"31 485";"12 131";"27 561 697";"2024-09-03 11:56:16"
"2024-09-09";"Instagram";"34 522 174";"1 121 923";"27 561 822";"2024-09-09 20:17:40"
"2024-09-09";"Telegram";"34 016 415";"2 206 815";"27 562 574";"2024-09-09 09:30:12"
"2024-09-07";"";"32 587";"281 742";"27 561 249";"2024-09-07 04:49:23"
"2024-09-01";"Instagram";"2 175 927";"652 815";"27 563 481";"2024-09-01 09:42:27"
"2024-09-01";"YouTube";"420 052";"69 617";"27 563 264";"2024-09-02 00:09:36"
"2024-09-04";"YouTube";"4 122 953";"633 693";"27 563 502";"2024-09-04 17:26:46"
"2024-09-05";"";"72 634";"14 304";"27 563 395";"2024-09-05 13:58:29"
"2024-09-04";"Instagram";"11 990 726";"276 679";"27 562 747";"2024-09-05 00:45:34"
"2024-09-04";"";"225 469";"45 449";"27 562 580";"2024-09-04 09:18:09"
"2024-09-10";"";"720 522";"106 900";"27 561 800";"2024-09-11 01:22:54"
"2024-09-10";"";"54 710";"4 243";"27 562 149";"2024-09-10 12:33:49"
"2024-09-01";"";"57 353";"22 198";"27 563 471";"2024-09-01 18:51:15"
"2024-09-06";"";"102 083 701";"7 426 124";"27 562 344";"2024-09-06 12:45:38"
"2024-09-01";"Instagram";"2 092 602";"83 826";"27 562 450";"2024-09-01 15:48:44"
"2024-09-07";"";"551 624";"59 845";"27 561 596";"2024-09-08 00:09:54"
"2024-09-07";"Facebook";"8 190 371";"2 374 583";"27 562 205";"2024-09-07 13:34:49"
"2024-09-04";"Unknown";"735 462";"53 348";"27 561 600";"2024-09-04 05:50:28"
"2024-09-06";"Telegram";"267 952";"23 377";"27 561 432";"2024-09-06 20:29:33"
"2024-09-04";"";"157 698";"205 377";"27 561 286";"2024-09-04 06:15:30"
"2024-09-08";"";"78 268";"9 024";"27 561 815";"2024-09-08 07:52:32"
"2024-09-10";"";"454 457";"21 624";"27 561 915";"2024-09-10 20:41:20"
"2024-09-05";"WhatsApp";"266 463";"269 468";"27 562 300";"2024-09-05 14:11:19"
"2024-09-05";"YouTube";"198 297";"15 444";"27 562 714";"2024-09-06 00:21:37"
"2024-09-10";"";"914 670";"37 497";"27 563 507";"2024-09-10 18:27:41"
"2024-09-09";"";"4 794 307";"304 335";"27 562 778";"2024-09-09 13:22:46"
"2024-09-05";"";"39 192";"21 444";"27 562 620";"2024-09-05 15:36:06"
"2024-09-07";"";"146 543";"328 541";"27 563 390";"2024-09-07 07:04:10"
"2024-09-09";"YouTube";"1 882 468";"108 398";"27 562 157";"2024-09-09 21:06:48"
"2024-09-05";"Yandex";"1 675 921";"135 628";"27 561 770";"2024-09-05 08:29:55"
"2024-09-04";"";"43 602";"2 989";"27 561 511";"2024-09-04 10:31:45"
"2024-09-09";"";"92 074";"13 236";"27 562 984";"2024-09-10 01:10:33"
"2024-09-04";"";"17 175";"30 534";"27 562 771";"2024-09-05 00:09:57"
"2024-09-09";"";"349 763";"41 658";"27 561 725";"2024-09-09 08:41:14"
"2024-09-04";"YouTube";"137 790 587";"9 604 786";"27 563 087";"2024-09-05 00:33:53"
"2024-09-10";"";"75 119";"3 470";"27 563 083";"2024-09-10 16:49:05"
"2024-09-10";"Apple Music";"120 798";"27 601";"27 563 384";"2024-09-10 10:19:43"
"2024-09-05";"";"322 287";"20 677";"27 562 680";"2024-09-05 07:04:09"
"2024-09-08";"";"1 211 809";"97 480";"27 561 810";"2024-09-08 20:29:12"
"2024-09-08";"";"6 257 098";"359 990";"27 561 185";"2024-09-08 03:48:50"
"2024-09-06";"";"918 640";"2 292 856";"27 562 721";"2024-09-06 11:56:14"
"2024-09-04";"";"15 036";"38 319";"27 562 977";"2024-09-04 06:15:53"
"2024-09-04";"";"50 589";"9 590";"27 563 334";"2024-09-04 14:59:01"
"2024-09-01";"";"137 014";"7 729";"27 562 524";"2024-09-02 02:23:07"
"2024-09-04";"";"68 192";"2 345";"27 563 336";"2024-09-04 04:37:45"
"2024-09-03";"";"168 812";"59 968";"27 561 796";"2024-09-03 15:00:07"
"2024-09-05";"YouTube";"3 175 872";"1 232 924";"27 561 205";"2024-09-05 23:56:47"
"2024-09-04";"Instagram";"42 368 526";"1 034 513";"27 563 295";"2024-09-05 02:59:50"
"2024-09-04";"Facebook";"1 130 246";"18 677 872";"27 561 413";"2024-09-04 09:18:21"
"2024-09-07";"Instagram";"738 975";"67 648";"27 562 932";"2024-09-07 10:43:26"
"2024-09-06";"YouTube";"308 862 087";"15 186 152";"27 561 480";"2024-09-07 02:59:02"
"2024-09-05";"";"227 173";"284 112";"27 562 756";"2024-09-05 16:25:12"
"2024-09-06";"Unknown";"578 692";"8 228";"27 562 194";"2024-09-06 03:00:49"
"2024-09-02";"";"82 297";"5 370";"27 562 599";"2024-09-02 22:07:36"
"2024-09-03";"Apple Music";"26 340";"4 216";"27 561 706";"2024-09-03 07:16:05"
"2024-09-06";"";"1 530 403";"88 229";"27 562 535";"2024-09-06 03:12:46"
"2024-09-09";"";"238 647";"32 525";"27 561 974";"2024-09-09 23:32:11"
"2024-09-02";"";"37 706";"21 645";"27 563 031";"2024-09-03 02:11:53"
"2024-09-05";"";"69 262";"5 153";"27 561 466";"2024-09-05 18:15:24"
"2024-09-04";"";"61 991";"5 193";"27 562 289";"2024-09-04 11:44:11"
"2024-09-09";"";"512 293";"20 527";"27 563 334";"2024-09-09 23:20:48"
"2024-09-04";"";"1 003 190";"35 318";"27 563 072";"2024-09-04 07:28:05"
"2024-09-03";"Instagram";"1 557 483";"52 717";"27 562 264";"2024-09-03 19:40:22"
"2024-09-04";"Yandex";"32 891";"5 811";"27 563 247";"2024-09-04 17:02:27"
"2024-09-04";"";"0";"33 431";"27 562 867";"2024-09-05 02:11:34"
"2024-09-03";"PUBG";"3 933 545";"193 578";"27 562 850";"2024-09-03 14:23:51"
"2024-09-02";"Instagram";"58 079 933";"1 690 027";"27 561 491";"2024-09-02 03:00:39"
"2024-09-07";"";"246 957";"15 164";"27 561 508";"2024-09-07 20:41:41"
"2024-09-05";"Telegram";"51 026 728";"2 909 550";"27 562 125";"2024-09-06 01:58:22"
"2024-09-09";"";"74 888";"4 563";"27 562 107";"2024-09-09 14:11:14"
"2024-09-04";"";"28 402";"26 488";"27 561 887";"2024-09-04 05:50:08"
"2024-09-01";"";"11 200";"588 489";"27 563 291";"2024-09-01 04:49:56"
"2024-09-08";"";"88 067";"3 688";"27 562 168";"2024-09-08 06:15:17"
"2024-09-05";"Yandex";"591 803";"311 214";"27 561 454";"2024-09-05 20:17:30"
"2024-09-05";"Instagram";"269 188 837";"8 326 740";"27 563 136";"2024-09-05 04:37:35"
"2024-09-02";"";"38 832";"16 134";"27 563 357";"2024-09-02 09:06:09"
"2024-09-05";"WhatsApp";"29 362";"19 643";"27 561 630";"2024-09-06 00:45:10"
"2024-09-09";"";"29 637";"3 042";"27 561 355";"2024-09-09 18:39:26"
"2024-09-03";"";"961 837";"57 011";"27 562 495";"2024-09-03 03:48:48"
"2024-09-04";"";"41 499";"260 102";"27 561 233";"2024-09-04 20:41:16"
"2024-09-03";"";"833 102";"3 621 358";"27 562 598";"2024-09-03 15:00:24"
"2024-09-08";"";"234 501";"195 030";"27 561 906";"2024-09-08 06:51:35"
"2024-09-08";"";"65 629";"3 575";"27 563 503";"2024-09-08 15:24:32"
"2024-09-05";"Yandex Video";"1 657 873";"67 503";"27 561 368";"2024-09-05 19:16:33"
"2024-09-10";"";"35 994";"23 500";"27 561 906";"2024-09-11 01:34:54"
"2024-09-01";"";"28 306";"3 121";"27 562 034";"2024-09-01 14:47:14"
"2024-09-08";"";"32 498 163";"1 523 375";"27 562 436";"2024-09-08 05:38:15"
"2024-09-05";"";"464 621";"60 193";"27 563 245";"2024-09-05 09:54:28"
"2024-09-03";"";"100 798";"18 115";"27 562 957";"2024-09-03 20:53:49"
"2024-09-05";"";"54 415";"2 704";"27 561 326";"2024-09-06 02:59:31"
"2024-09-05";"Facebook";"1 177 229";"291 247";"27 563 403";"2024-09-05 15:36:44"
"2024-09-06";"";"37 465";"4 004";"27 563 371";"2024-09-07 00:09:54"
"2024-09-08";"";"147 867";"20 440";"27 562 722";"2024-09-08 22:07:03"
"2024-09-02";"";"4 584 870";"109 927";"27 562 808";"2024-09-02 16:37:27"
"2024-09-03";"";"152 705";"5 951";"27 561 596";"2024-09-03 19:16:26"
"2024-09-09";"";"122 164";"154 898";"27 562 004";"2024-09-09 09:42:10"
"2024-09-08";"";"103 579";"6 670";"27 562 622";"2024-09-08 20:29:22"
"2024-09-02";"";"34 574";"8 404";"27 561 873";"2024-09-02 21:18:09"
"2024-09-07";"";"884 786";"83 112";"27 561 215";"2024-09-07 05:38:18"
"2024-09-10";"";"122 112";"12 281";"27 562 895";"2024-09-10 20:53:23"
"2024-09-02";"";"2 549 507";"156 171";"27 563 030";"2024-09-02 17:38:56"
"2024-09-09";"";"7 658 683";"329 183";"27 562 428";"2024-09-09 21:06:18"
"2024-09-01";"Facebook";"68 590";"16 356";"27 561 302";"2024-09-01 13:46:09"
"2024-09-10";"";"60 756";"21 991";"27 563 187";"2024-09-10 22:07:47"
"2024-09-10";"Instagram";"6 157 515";"190 765";"27 562 460";"2024-09-10 19:40:02"
"2024-09-03";"";"59 813";"7 510";"27 561 922";"2024-09-03 06:03:13"
"2024-09-04";"Instagram";"4 461 241";"7 483 248";"27 561 420";"2024-09-04 04:49:44"
"2024-09-03";"";"1 945 292";"149 594";"27 563 326";"2024-09-04 01:46:08"
"2024-09-05";"Unknown";"88 398";"6 323";"27 563 023";"2024-09-05 20:41:47"
"2024-09-10";"Instagram";"6 269 973";"197 080";"27 561 367";"2024-09-10 16:13:50"
"2024-09-07";"Tas-ix";"2 525 392";"240 265";"27 562 025";"2024-09-07 20:17:56"
"2024-09-10";"Instagram";"70 978";"6 213";"27 562 775";"2024-09-10 10:31:51"
"2024-09-09";"";"41 425";"5 848";"27 561 428";"2024-09-09 20:53:52"
"2024-09-05";"";"637 258";"30 415";"27 562 838";"2024-09-05 20:53:16"
"2024-09-10";"";"72 353";"7 927";"27 562 674";"2024-09-10 03:00:22"
"2024-09-08";"";"64 090";"6 319";"27 562 255";"2024-09-08 20:29:44"
"2024-09-08";"Facebook";"234 381";"195 381";"27 562 590";"2024-09-08 21:42:37"
"2024-09-02";"YouTube";"3 088 513";"322 474";"27 563 130";"2024-09-02 14:47:29"
"2024-09-01";"YouTube";"2 075 725";"160 945";"27 562 405";"2024-09-01 17:50:46"
"2024-09-05";"";"26 699";"2 307";"27 562 530";"2024-09-05 17:26:50"
"2024-09-05";"";"31 864";"14 431";"27 561 293";"2024-09-06 02:35:42"
"2024-09-05";"YouTube";"1 325 768";"68 068";"27 562 659";"2024-09-05 15:36:18"
"2024-09-09";"Telegram";"11 521 937";"645 105";"27 563 097";"2024-09-09 05:02:50"
"2024-09-02";"";"40 825";"13 585";"27 562 522";"2024-09-02 05:50:04"
"2024-09-08";"";"7 660";"40 335";"27 562 758";"2024-09-08 22:55:59"
"2024-09-02";"YouTube";"32 991 427";"1 695 544";"27 563 509";"2024-09-02 14:11:09"
"2024-09-05";"";"3 682 163";"48 921";"27 562 318";"2024-09-05 23:44:50"
"2024-09-10";"";"43 898";"4 224";"27 563 258";"2024-09-10 05:02:01"
"2024-09-04";"YouTube";"1 104 196";"74 257";"27 563 453";"2024-09-04 08:53:24"
"2024-09-02";"";"95 568";"200 080";"27 562 150";"2024-09-02 19:28:16"
"2024-09-10";"";"560";"26 352";"27 563 165";"2024-09-10 11:32:29"
"2024-09-09";"";"33 024";"13 792";"27 561 800";"2024-09-09 19:16:48"
"2024-09-09";"";"4 554 730";"880 583";"27 561 627";"2024-09-09 12:33:53"
"2024-09-03";"";"33 488";"24 140";"27 562 405";"2024-09-03 07:28:36"
"2024-09-03";"";"279 203";"21 664";"27 561 607";"2024-09-03 06:27:08"
"2024-09-04";"";"35 706";"2 783";"27 561 482";"2024-09-04 20:29:24"
"2024-09-01";"YouTube";"163 704";"8 119";"27 561 307";"2024-09-01 10:43:38"
"2024-09-02";"";"49 145";"6 489";"27 562 527";"2024-09-02 05:14:16"
"2024-09-06";"";"2 418 767";"77 300";"27 562 689";"2024-09-06 22:07:00"
"2024-09-02";"";"114 327";"38 473";"27 563 450";"2024-09-02 19:40:28"
"2024-09-03";"";"68 515";"7 108";"27 562 398";"2024-09-04 02:23:36"
"2024-09-05";"";"31 322";"3 006";"27 562 660";"2024-09-05 11:08:43"
"2024-09-07";"";"250 615";"12 035";"27 561 275";"2024-09-07 21:30:46"
"2024-09-06";"";"405 824";"19 013";"27 561 567";"2024-09-06 16:37:48"
"2024-09-10";"";"135 783";"1 549 571";"27 561 213";"2024-09-10 05:14:53"
"2024-09-02";"YouTube";"45 104";"262 977";"27 563 390";"2024-09-02 20:41:20"
"2024-09-08";"Instagram";"7 372 373";"1 257 492";"27 562 973";"2024-09-08 20:05:18"
"2024-09-03";"Yandex";"1 382 463";"153 696";"27 561 424";"2024-09-03 18:39:01"
"2024-09-08";"";"42 270";"26 486";"27 563 110";"2024-09-08 23:56:27"
"2024-09-06";"YouTube";"245 662";"453 432";"27 561 953";"2024-09-07 01:34:30"
"2024-09-05";"";"31 177";"9 775";"27 561 810";"2024-09-05 11:32:49"
"2024-09-09";"";"510 592";"594 656";"27 562 896";"2024-09-09 03:48:12"
"2024-09-10";"PUBG";"3 585 693";"198 381";"27 562 073";"2024-09-10 21:54:40"
"2024-09-10";"";"52 228";"3 780";"27 562 708";"2024-09-10 19:28:20"
"2024-09-02";"Unknown";"297 042";"28 410";"27 561 952";"2024-09-02 15:12:14"
"2024-09-05";"";"35 711";"105 957";"27 562 439";"2024-09-05 23:08:36"
"2024-09-09";"Yandex";"464 988";"233 038";"27 562 025";"2024-09-09 13:46:20"
"2024-09-08";"";"32 327";"5 510";"27 562 760";"2024-09-08 16:37:18"
"2024-09-06";"Spotify";"81 468";"37 068";"27 563 174";"2024-09-06 03:36:45"
"2024-09-07";"Instagram";"496 716";"58 738";"27 563 503";"2024-09-08 01:34:34"
"2024-09-01";"";"100 632";"74 560";"27 562 428";"2024-09-01 19:52:11"
"2024-09-06";"";"87 810";"9 045";"27 563 129";"2024-09-06 18:15:08"
"2024-09-10";"VKontakte";"4 951 227";"226 284";"27 562 402";"2024-09-10 18:51:55"
"2024-09-07";"";"35 747";"11 065";"27 561 421";"2024-09-07 15:12:48"
"2024-09-06";"";"44 648";"77 955";"27 561 998";"2024-09-06 14:23:26"
"2024-09-07";"";"15 244";"26 435";"27 562 149";"2024-09-07 18:39:56"
"2024-09-09";"Instagram";"101 964";"3 087";"27 562 885";"2024-09-09 06:51:30"
"2024-09-01";"YouTube";"2 326 486";"1 010 413";"27 561 796";"2024-09-01 14:59:08"
"2024-09-03";"";"82 955";"317 902";"27 561 236";"2024-09-03 12:57:48"
"2024-09-06";"";"10 469";"42 078";"27 563 026";"2024-09-06 14:47:45"
"2024-09-01";"";"60 607";"6 939";"27 562 025";"2024-09-01 13:46:15"
"2024-09-02";"";"66 784";"8 438";"27 562 578";"2024-09-02 09:42:32"
"2024-09-07";"";"6 619";"28 835";"27 562 588";"2024-09-07 09:54:54"
"2024-09-04";"Facebook";"511 990";"216 231";"27 562 340";"2024-09-04 16:01:22"
"2024-09-02";"Facebook";"1 582 586";"106 893";"27 561 413";"2024-09-03 02:59:34"
"2024-09-03";"";"26 671";"1 386";"27 563 464";"2024-09-03 04:37:40"
"2024-09-06";"";"5 738 457";"4 935 077";"27 562 656";"2024-09-06 17:14:55"
"2024-09-01";"";"49 421";"31 825";"27 563 336";"2024-09-01 09:06:32"
"2024-09-02";"";"44 251";"23 527";"27 561 542";"2024-09-02 05:38:17"
"2024-09-04";"";"50 645";"11 190";"27 562 788";"2024-09-04 14:35:18"
"2024-09-03";"YouTube";"48 157";"5 486";"27 563 191";"2024-09-03 06:03:56"
"2024-09-01";"";"1 494 743";"77 333";"27 561 444";"2024-09-01 07:16:00"
"2024-09-07";"";"93 001";"10 978";"27 561 506";"2024-09-07 14:59:19"
"2024-09-02";"";"128 628";"5 490";"27 563 186";"2024-09-02 09:18:21"
"2024-09-01";"Facebook";"583 647";"2 225 970";"27 561 413";"2024-09-01 12:57:16"
"2024-09-09";"";"322 124";"69 078";"27 563 453";"2024-09-09 05:02:12"
"2024-09-06";"";"152 047";"19 339";"27 562 787";"2024-09-06 05:26:33"
"2024-09-05";"Instagram";"2 002 994";"3 356 688";"27 563 033";"2024-09-05 05:02:16"
"2024-09-01";"";"3 973 824";"165 906";"27 563 390";"2024-09-01 21:30:57"
"2024-09-03";"";"65 270";"10 834";"27 561 466";"2024-09-03 03:24:41"
"2024-09-02";"Facebook";"2 377 283";"1 220 233";"27 562 326";"2024-09-02 15:36:35"
"2024-09-09";"";"222 020";"111 264";"27 563 072";"2024-09-09 23:44:32"
"2024-09-06";"";"30 967";"3 080";"27 561 921";"2024-09-06 18:27:40"
"2024-09-05";"";"112 543";"6 727";"27 563 278";"2024-09-05 17:50:52"
"2024-09-09";"";"61 613";"7 527";"27 561 953";"2024-09-09 23:20:31"
"2024-09-02";"YouTube";"5 877 639";"375 182";"27 563 467";"2024-09-02 08:41:08"
"2024-09-10";"";"33 371";"5 577";"27 563 469";"2024-09-10 23:08:29"
"2024-09-10";"";"944 813";"178 966";"27 563 453";"2024-09-10 06:39:17"
"2024-09-10";"";"106 203";"6 292";"27 562 640";"2024-09-10 10:55:44"
"2024-09-10";"";"543 055";"44 106";"27 562 499";"2024-09-10 04:01:51"
"2024-09-06";"";"3 677 406";"161 194";"27 562 675";"2024-09-06 19:40:46"
"2024-09-08";"";"3 439";"43 405";"27 561 230";"2024-09-08 23:44:48"
"2024-09-03";"";"27 404";"10 860";"27 562 701";"2024-09-03 11:44:22"
"2024-09-07";"";"27 469";"10 298";"27 561 673";"2024-09-07 18:27:17"
"2024-09-04";"";"37 182";"13 296";"27 562 984";"2024-09-04 09:18:24"
"2024-09-06";"Instagram";"114 419 928";"2 446 317";"27 561 881";"2024-09-07 00:45:42"
"2024-09-05";"Telegram";"78 522 698";"7 918 629";"27 563 020";"2024-09-06 02:47:53"
"2024-09-08";"";"103 960";"22 489";"27 562 067";"2024-09-08 20:29:04"
"2024-09-07";"";"1 482 383";"1 471 345";"27 561 435";"2024-09-07 03:48:17"
"2024-09-06";"";"13 812";"58 401";"27 561 421";"2024-09-07 00:33:02"
"2024-09-07";"";"3 216 468";"355 198";"27 562 437";"2024-09-07 13:46:16"
"2024-09-08";"YouTube";"908 071";"302 613";"27 561 269";"2024-09-08 07:04:46"
"2024-09-08";"";"276 592";"61 719";"27 561 743";"2024-09-08 10:31:23"
"2024-09-06";"WhatsApp";"50 196";"3 288";"27 561 988";"2024-09-06 15:24:54"
"2024-09-09";"";"776 933";"249 688";"27 562 440";"2024-09-10 00:21:06"
"2024-09-07";"Instagram";"94 255 678";"2 368 176";"27 563 217";"2024-09-08 01:34:58"
"2024-09-05";"Telegram";"1 509 512";"120 075";"27 561 997";"2024-09-05 14:47:35"
"2024-09-04";"";"399 261";"25 394";"27 563 157";"2024-09-05 02:35:46"
"2024-09-06";"YouTube";"40 623 932";"1 368 875";"27 561 787";"2024-09-06 10:07:48"
"2024-09-10";"";"141 536";"5 927";"27 562 820";"2024-09-10 10:43:34"
"2024-09-04";"";"137 779 422";"5 674 257";"27 561 271";"2024-09-04 18:39:56"
"2024-09-10";"";"45 660";"3 837";"27 562 693";"2024-09-10 12:57:14"
"2024-09-07";"";"37 348";"2 363";"27 562 829";"2024-09-07 18:51:37"
"2024-09-10";"";"351 669";"161 642";"27 562 004";"2024-09-11 02:11:33"
"2024-09-07";"";"1 812 591";"760 575";"27 562 170";"2024-09-07 09:06:51"
"2024-09-10";"";"280 638";"132 249";"27 563 503";"2024-09-10 18:27:48"
"2024-09-07";"";"271 203";"367 696";"27 563 080";"2024-09-07 22:19:28"
"2024-09-07";"";"30 239";"4 905";"27 563 326";"2024-09-07 11:44:51"
"2024-09-07";"";"58 673";"3 823";"27 562 002";"2024-09-07 03:36:24"
"2024-09-02";"";"886 323";"46 173";"27 561 222";"2024-09-02 03:36:24"
"2024-09-06";"";"17 541 362";"530 323";"27 561 884";"2024-09-07 00:45:56"
"2024-09-04";"";"772 593";"86 544";"27 562 747";"2024-09-04 12:57:11"
"2024-09-09";"";"350 743";"306 028";"27 562 365";"2024-09-09 14:11:27"
"2024-09-03";"";"315 110";"41 939";"27 561 870";"2024-09-03 04:49:30"
"2024-09-03";"";"8 541";"73 643";"27 561 712";"2024-09-03 11:44:41"
"2024-09-10";"Telegram";"43 462 328";"16 456 833";"27 562 474";"2024-09-10 20:41:31"
"2024-09-08";"";"59 557";"6 534";"27 561 907";"2024-09-08 22:31:00"
"2024-09-07";"";"87 591";"14 533";"27 562 156";"2024-09-07 07:04:01"
"2024-09-07";"YouTube";"17 225 513";"846 988";"27 563 020";"2024-09-08 00:21:05"
"2024-09-09";"YouTube";"8 654 661";"535 674";"27 562 388";"2024-09-09 18:15:43"
"2024-09-03";"Instagram";"309 901 021";"8 286 583";"27 562 239";"2024-09-03 23:44:16"
"2024-09-06";"Instagram";"51 394 749";"599 418";"27 561 420";"2024-09-06 18:27:41"
"2024-09-08";"YouTube";"12 173 677";"892 324";"27 562 508";"2024-09-08 20:41:40"
"2024-09-03";"";"143 850";"32 942";"27 562 327";"2024-09-03 11:32:27"
"2024-09-05";"";"151 083";"76 847";"27 562 156";"2024-09-05 05:50:59"
"2024-09-05";"";"680 746";"441 393";"27 562 552";"2024-09-05 22:19:01"
"2024-09-06";"Instagram";"12 607 764";"8 273 203";"27 563 087";"2024-09-06 10:07:09"
"2024-09-04";"Yandex";"1 862 394";"88 071";"27 563 100";"2024-09-04 12:45:04"
"2024-09-04";"Unknown";"185 222";"99 404";"27 561 244";"2024-09-04 13:46:26"
"2024-09-09";"";"28 901";"4 554";"27 561 835";"2024-09-10 02:35:34"
"2024-09-01";"";"10 260";"28 245";"27 561 279";"2024-09-01 12:45:25"
"2024-09-09";"YouTube";"148 661";"67 823";"27 563 228";"2024-09-09 07:04:04"
"2024-09-10";"";"1 022 023";"362 713";"27 562 553";"2024-09-10 11:56:47"
"2024-09-01";"";"92 587";"31 102";"27 562 651";"2024-09-01 20:29:36"
"2024-09-04";"";"57 310 348";"2 797 878";"27 561 375";"2024-09-04 13:46:02"
"2024-09-07";"";"114 932";"122 754";"27 562 921";"2024-09-07 17:26:36"
"2024-09-02";"";"985 500";"53 318";"27 562 609";"2024-09-02 05:38:08"
"2024-09-06";"Apple Music";"37 889";"7 284";"27 563 491";"2024-09-06 08:53:31"
"2024-09-08";"";"52 095";"8 458";"27 561 414";"2024-09-08 04:13:05"
"2024-09-02";"";"4 945";"25 603";"27 562 559";"2024-09-02 23:08:05"
"2024-09-10";"";"303 606";"14 519";"27 563 157";"2024-09-10 08:05:01"
"2024-09-09";"";"665 722";"671 913";"27 562 398";"2024-09-09 22:55:56"
"2024-09-09";"";"102 091";"6 193";"27 562 026";"2024-09-09 23:44:02"
"2024-09-09";"";"1 838 714";"122 018";"27 561 691";"2024-09-09 07:52:47"
"2024-09-10";"";"81 080";"12 418";"27 563 478";"2024-09-10 21:18:34"
"2024-09-01";"";"94 045 162";"1 835 376";"27 561 502";"2024-09-01 13:58:05"
"2024-09-07";"";"1 357 592";"111 871";"27 563 266";"2024-09-07 18:03:54"
"2024-09-02";"Telegram";"64 708 656";"2 219 971";"27 562 970";"2024-09-02 22:07:46"
"2024-09-10";"";"38 687";"14 929";"27 562 096";"2024-09-10 03:36:56"
"2024-09-01";"";"5 239";"42 739";"27 561 688";"2024-09-01 05:38:59"
"2024-09-09";"";"166 215";"114 890";"27 562 784";"2024-09-09 20:05:51"
"2024-09-04";"";"12 098";"177 920";"27 562 604";"2024-09-04 13:58:40"
"2024-09-05";"";"301 488";"29 611";"27 563 471";"2024-09-05 22:19:10"
"2024-09-09";"";"7 254 499";"439 049";"27 563 105";"2024-09-09 15:48:15"
"2024-09-01";"";"30 831";"1 170 381";"27 563 287";"2024-09-01 15:12:12"
"2024-09-08";"YouTube";"7 078 539";"757 826";"27 562 537";"2024-09-08 08:05:03"
"2024-09-05";"Instagram";"124 265 259";"2 041 020";"27 562 413";"2024-09-05 18:39:02"
"2024-09-06";"";"41 402";"9 876";"27 562 593";"2024-09-06 17:38:32"
"2024-09-07";"";"77 654";"258 581";"27 563 047";"2024-09-07 22:55:02"
"2024-09-06";"";"64 517";"4 209";"27 563 269";"2024-09-06 17:26:27"
"2024-09-06";"";"60 165";"3 702";"27 561 503";"2024-09-06 06:27:38"
"2024-09-09";"";"25 685";"7 539";"27 562 561";"2024-09-09 11:44:32"
"2024-09-03";"";"1 144 835";"86 697";"27 561 230";"2024-09-03 23:32:15"
"2024-09-02";"";"26 169";"23 240";"27 563 051";"2024-09-02 20:29:14"
"2024-09-08";"";"67 012 340";"2 003 453";"27 562 314";"2024-09-08 04:13:37"
"2024-09-05";"Instagram";"486 120 789";"11 300 217";"27 563 242";"2024-09-05 09:06:30"
"2024-09-07";"";"1 222 816";"33 310";"27 563 113";"2024-09-07 17:26:21"
"2024-09-04";"";"65 307";"6 679";"27 563 511";"2024-09-04 13:46:59"
"2024-09-03";"";"517 454";"40 627";"27 563 099";"2024-09-03 12:21:00"
"2024-09-08";"";"90 490";"14 831";"27 562 861";"2024-09-08 12:21:33"
"2024-09-06";"";"238 556";"6 109";"27 561 458";"2024-09-06 12:45:46"
"2024-09-09";"Unknown";"3 359 407";"612 781";"27 563 355";"2024-09-09 23:08:01"
"2024-09-06";"";"1 113 087";"90 320";"27 561 290";"2024-09-07 02:47:34"
"2024-09-03";"";"55 955";"3 312";"27 563 447";"2024-09-03 14:47:52"
"2024-09-02";"Instagram";"85 810";"19 746";"27 561 894";"2024-09-02 07:16:35"
"2024-09-02";"";"29 989";"2 744";"27 562 497";"2024-09-03 00:33:27"
"2024-09-01";"";"26 645";"16 190";"27 561 796";"2024-09-01 22:55:08"
"2024-09-05";"";"2 112 996";"164 558";"27 563 087";"2024-09-05 05:14:35"
"2024-09-02";"YouTube";"5 469 018";"609 827";"27 562 829";"2024-09-02 08:05:08"
"2024-09-05";"";"89 221";"509 099";"27 562 886";"2024-09-05 03:00:43"
"2024-09-10";"";"48 292";"33 149";"27 561 804";"2024-09-10 12:21:34"
"2024-09-05";"";"1 096 089";"285 825";"27 562 224";"2024-09-05 21:54:19"
"2024-09-07";"";"6 113 066";"292 448";"27 561 176";"2024-09-07 13:34:35"
"2024-09-01";"";"39 107";"5 710";"27 562 590";"2024-09-01 12:57:28"
"2024-09-05";"";"128 503";"7 193";"27 561 883";"2024-09-05 03:36:36"
"2024-09-07";"YouTube";"1 030 074";"168 120";"27 563 072";"2024-09-07 21:54:41"
"2024-09-10";"";"866 668";"127 247";"27 562 495";"2024-09-10 06:15:39"
"2024-09-04";"";"446 951";"41 503";"27 561 352";"2024-09-04 09:54:24"
"2024-09-09";"";"107 296";"51 441";"27 561 315";"2024-09-09 04:37:27"
"2024-09-02";"Facebook";"344 054";"30 559";"27 563 515";"2024-09-03 00:33:26"
"2024-09-09";"YouTube";"68 986";"603 412";"27 561 373";"2024-09-09 17:38:03"
"2024-09-02";"PUBG";"169 059 934";"6 533 188";"27 563 264";"2024-09-02 05:02:31"
"2024-09-01";"";"1 469 522";"191 427";"27 561 480";"2024-09-01 08:29:49"
"2024-09-05";"";"1 157 515";"232 173";"27 562 168";"2024-09-05 19:28:36"
"2024-09-06";"";"38 040";"5 630";"27 562 542";"2024-09-06 17:50:16"
"2024-09-02";"";"50 855";"3 703";"27 562 583";"2024-09-02 09:18:05"
"2024-09-04";"WhatsApp";"1 846 596";"190 799";"27 562 232";"2024-09-04 14:35:33"
"2024-09-05";"";"3 542";"169 681";"27 561 836";"2024-09-05 18:03:52"
"2024-09-03";"";"1 122 477";"54 062";"27 562 156";"2024-09-03 14:59:05"
"2024-09-08";"TikTok";"42 283";"158 063";"27 562 057";"2024-09-08 21:06:23"
"2024-09-05";"";"175 354";"172 414";"27 562 512";"2024-09-05 11:08:57"
"2024-09-10";"Telegram";"3 392 351";"219 597";"27 562 639";"2024-09-10 23:08:59"
"2024-09-10";"";"10 192";"51 318";"27 561 947";"2024-09-11 01:10:15"
"2024-09-08";"";"32 640";"2 332";"27 562 917";"2024-09-08 07:52:49"
"2024-09-07";"YouTube";"2 044 488";"836 066";"27 561 393";"2024-09-07 05:14:05"
"2024-09-03";"";"92 088";"23 887";"27 563 289";"2024-09-03 10:55:19"
"2024-09-01";"Facebook";"473 857";"1 363 776";"27 561 567";"2024-09-01 04:13:16"
"2024-09-04";"";"2 495 608";"107 138";"27 562 698";"2024-09-04 21:06:47"
"2024-09-09";"Yandex";"115 356";"440 175";"27 561 365";"2024-09-09 06:51:35"
"2024-09-02";"YouTube";"2 514 823";"766 182";"27 563 223";"2024-09-02 16:25:50"
"2024-09-03";"Instagram";"258 709";"81 940";"27 562 294";"2024-09-03 20:29:46"
"2024-09-03";"";"37 378";"3 387";"27 561 772";"2024-09-03 16:25:47"
"2024-09-08";"";"75 496";"3 361";"27 562 025";"2024-09-08 20:17:08"
"2024-09-05";"";"508 412";"194 054";"27 561 940";"2024-09-05 13:46:04"
"2024-09-04";"";"62 473";"20 773";"27 562 059";"2024-09-04 17:26:52"
"2024-09-09";"";"140 971";"7 479";"27 562 401";"2024-09-09 13:10:44"
"2024-09-01";"";"179 160";"89 785";"27 561 669";"2024-09-01 04:25:49"
"2024-09-07";"YouTube";"410 229";"3 212 636";"27 562 156";"2024-09-07 20:05:48"
"2024-09-09";"";"102 202";"5 146";"27 562 360";"2024-09-09 23:08:53"
"2024-09-10";"";"58 674";"8 040";"27 561 922";"2024-09-10 21:54:07"
"2024-09-09";"";"214 061";"15 086";"27 562 356";"2024-09-09 22:07:11"
"2024-09-04";"";"202 495";"12 724";"27 562 557";"2024-09-04 14:59:52"
"2024-09-02";"YouTube";"484 970";"3 524 051";"27 561 898";"2024-09-02 16:01:10"
"2024-09-09";"Facebook";"195 738";"101 837";"27 562 251";"2024-09-10 02:35:35"
"2024-09-10";"";"42 518";"5 434";"27 561 611";"2024-09-10 03:12:59"
"2024-09-05";"";"214 385";"22 749";"27 561 658";"2024-09-05 17:14:31"
"2024-09-06";"";"890 242";"271 186";"27 562 107";"2024-09-06 23:08:34"
"2024-09-10";"";"118 003";"57 998";"27 563 081";"2024-09-10 12:21:20"
"2024-09-02";"";"595 466";"206 778";"27 563 072";"2024-09-02 23:44:42"
"2024-09-08";"";"26 715 381";"1 639 239";"27 561 243";"2024-09-08 15:00:46"
"2024-09-02";"";"77 314";"38 176";"27 562 818";"2024-09-02 05:50:14"
"2024-09-06";"";"42 631";"52 918";"27 562 693";"2024-09-06 08:29:55"
"2024-09-04";"YouTube";"494 242";"45 379";"27 562 028";"2024-09-04 08:41:56"
"2024-09-03";"";"30 693";"3 117";"27 561 669";"2024-09-03 21:30:38"
"2024-09-01";"";"23 274";"146 437";"27 561 424";"2024-09-01 10:31:17"
"2024-09-06";"";"109 526";"6 023";"27 563 051";"2024-09-06 16:49:15"
"2024-09-10";"";"51 261";"3 330";"27 561 877";"2024-09-10 18:51:05"
"2024-09-02";"";"212 398";"10 489";"27 562 045";"2024-09-03 02:47:08"
"2024-09-03";"YouTube";"33 969";"20 396";"27 562 599";"2024-09-03 08:05:03"
"2024-09-03";"YouTube";"3 704 956";"1 736 159";"27 561 770";"2024-09-03 06:15:51"
"2024-09-05";"Facebook";"28 112";"10 968";"27 561 468";"2024-09-05 11:20:30"
"2024-09-02";"";"132 935";"6 996";"27 563 076";"2024-09-02 14:11:19"
"2024-09-09";"Instagram";"66 794 494";"1 701 805";"27 562 484";"2024-09-09 14:59:02"
"2024-09-01";"Apple Music";"4 430 487";"262 146";"27 562 320";"2024-09-01 12:33:06"
"2024-09-09";"";"1 008 598";"43 744";"27 562 646";"2024-09-09 17:02:23"
"2024-09-05";"";"471 361";"913 895";"27 561 173";"2024-09-05 03:36:52"
"2024-09-01";"Facebook";"34 922";"14 671";"27 561 286";"2024-09-01 12:33:15"
"2024-09-04";"";"46 848";"3 775";"27 562 471";"2024-09-04 10:43:26"
"2024-09-01";"";"127 403";"15 710";"27 561 942";"2024-09-01 04:13:51"
"2024-09-09";"YouTube";"25 677";"21 316";"27 561 375";"2024-09-09 04:13:49"
"2024-09-05";"";"14 451";"30 225";"27 561 613";"2024-09-05 15:36:26"
"2024-09-06";"Yandex Video";"3 502";"28 298";"27 563 467";"2024-09-06 03:00:18"
"2024-09-07";"Likee";"273 510";"74 178";"27 563 066";"2024-09-07 03:48:56"
"2024-09-10";"";"27 695";"15 479";"27 561 529";"2024-09-11 01:34:11"
"2024-09-02";"";"107 128";"4 885";"27 563 191";"2024-09-02 08:53:40"
"2024-09-09";"";"1 180 825";"180 154";"27 561 629";"2024-09-09 14:59:49"
"2024-09-04";"YouTube";"284 040";"30 004";"27 562 527";"2024-09-04 07:04:20"
"2024-09-06";"";"98 903";"9 598";"27 561 687";"2024-09-07 00:21:05"
"2024-09-02";"Telegram";"20 534 261";"3 347 252";"27 561 582";"2024-09-02 04:13:15"
"2024-09-04";"Unknown";"35 852";"11 226";"27 561 600";"2024-09-04 17:38:50"
"2024-09-05";"";"8 375";"59 801";"27 561 556";"2024-09-05 19:16:21"
"2024-09-06";"";"75 705 664";"3 107 804";"27 561 306";"2024-09-06 15:48:34"
"2024-09-03";"Telegram";"6 879 981";"1 972 172";"27 563 404";"2024-09-03 20:53:21"
"2024-09-09";"VKontakte";"4 205 592";"183 064";"27 562 838";"2024-09-09 19:16:26"
"2024-09-04";"";"109 270";"98 153";"27 561 216";"2024-09-04 18:03:34"
"2024-09-03";"";"567 074";"31 219";"27 562 709";"2024-09-04 00:33:42"
"2024-09-07";"YouTube";"1 808 885";"610 635";"27 562 200";"2024-09-07 11:20:15"
"2024-09-06";"";"429 979";"52 445";"27 562 071";"2024-09-06 03:24:24"
"2024-09-04";"";"136 442";"56 680";"27 562 951";"2024-09-04 21:42:11"
"2024-09-02";"";"42 546";"12 977";"27 561 689";"2024-09-02 14:23:15"
"2024-09-04";"";"607 172";"97 280";"27 563 378";"2024-09-04 07:52:24"
"2024-09-01";"";"43 540";"6 580";"27 561 365";"2024-09-01 11:20:21"
"2024-09-05";"YouTube";"260 019";"2 055 362";"27 561 230";"2024-09-05 08:41:53"
"2024-09-07";"";"25 176 132";"1 436 795";"27 561 924";"2024-09-08 02:47:29"
"2024-09-05";"Tas-ix";"395 975";"119 672";"27 563 014";"2024-09-05 10:07:56"
"2024-09-04";"Instagram";"33 538 842";"20 537 596";"27 562 868";"2024-09-05 01:58:44"
"2024-09-10";"YouTube";"183 655";"19 492";"27 561 384";"2024-09-10 14:47:51"
"2024-09-04";"";"45 415 650";"2 440 285";"27 563 210";"2024-09-04 10:55:59"
"2024-09-06";"";"12 900";"25 925";"27 563 080";"2024-09-06 20:05:28"
"2024-09-04";"";"564 861";"221 981";"27 561 970";"2024-09-04 05:02:08"
"2024-09-10";"";"113 283";"16 058";"27 562 613";"2024-09-10 08:41:33"
"2024-09-05";"YouTube";"2 093 885";"921 737";"27 561 548";"2024-09-06 01:22:36"
"2024-09-07";"";"219 448";"44 647";"27 563 290";"2024-09-08 02:35:00"
"2024-09-03";"YouTube";"212 205 948";"15 647 568";"27 562 105";"2024-09-03 15:36:35"
"2024-09-09";"";"2 166 445";"138 222";"27 562 720";"2024-09-09 22:07:06"
"2024-09-05";"";"35 466";"7 236";"27 561 221";"2024-09-05 09:42:07"
"2024-09-03";"YouTube";"2 153 367";"1 012 574";"27 561 898";"2024-09-03 08:41:39"
"2024-09-07";"";"151 040";"134 103";"27 561 224";"2024-09-08 02:23:31"
"2024-09-02";"WhatsApp";"37 173";"2 419";"27 562 068";"2024-09-02 19:52:35"
"2024-09-06";"";"75 979";"6 683";"27 562 534";"2024-09-06 09:42:46"
"2024-09-04";"Instagram";"1 427 458";"2 389 090";"27 562 504";"2024-09-04 23:08:05"
"2024-09-02";"";"226 107";"8 989";"27 561 870";"2024-09-02 19:16:10"
"2024-09-09";"";"72 413";"23 889";"27 562 496";"2024-09-09 17:02:03"
"2024-09-10";"Telegram";"68 234 455";"3 251 139";"27 562 559";"2024-09-10 13:34:15"
"2024-09-03";"";"54 202";"2 520";"27 562 451";"2024-09-03 13:22:27"
"2024-09-10";"Telegram";"60 945 651";"37 574 992";"27 562 938";"2024-09-10 22:43:06"
"2024-09-01";"";"122 522";"12 049";"27 561 801";"2024-09-01 06:51:25"
"2024-09-06";"Telegram";"841 206";"172 325";"27 562 257";"2024-09-06 14:11:55"
"2024-09-03";"";"27 875";"2 202";"27 562 784";"2024-09-03 08:17:00"
"2024-09-01";"";"39 094";"1 927";"27 562 252";"2024-09-01 08:41:50"
"2024-09-04";"";"1 096 005";"51 140";"27 562 775";"2024-09-04 20:05:11"
"2024-09-06";"";"30 551";"2 054";"27 561 934";"2024-09-06 16:25:26"
"2024-09-04";"";"111 699";"4 273";"27 562 364";"2024-09-04 07:52:19"
"2024-09-04";"YouTube";"432 879 768";"13 272 850";"27 562 810";"2024-09-04 13:58:46"
"2024-09-07";"";"11 612 830";"18 369 727";"27 563 231";"2024-09-07 08:17:05"
"2024-09-07";"Facebook";"766 173";"4 795 249";"27 561 407";"2024-09-08 01:22:54"
"2024-09-09";"";"13 185 327";"307 298";"27 563 218";"2024-09-09 20:05:46"
"2024-09-09";"";"110 709";"6 447";"27 563 184";"2024-09-09 15:36:31"
"2024-09-05";"";"59 340";"13 650";"27 563 147";"2024-09-05 09:30:09"
"2024-09-09";"YouTube";"25 800 526";"1 937 726";"27 562 571";"2024-09-09 15:12:02"
"2024-09-02";"";"69 589";"9 141";"27 561 441";"2024-09-02 13:10:07"
"2024-09-09";"";"103 996";"33 787";"27 563 336";"2024-09-10 02:23:57"
"2024-09-04";"";"76 489";"42 774";"27 563 022";"2024-09-04 10:43:52"
"2024-09-09";"";"1 886 723";"570 617";"27 563 488";"2024-09-09 07:40:33"
"2024-09-05";"Facebook";"506 464";"236 397";"27 563 030";"2024-09-05 16:01:48"
"2024-09-08";"";"809 445";"44 494";"27 563 371";"2024-09-08 22:19:19"
"2024-09-04";"";"1 285";"37 286";"27 562 644";"2024-09-04 06:51:25"
"2024-09-04";"";"34 887";"2 414";"27 562 097";"2024-09-04 08:41:13"
"2024-09-05";"";"187 858";"9 280";"27 563 154";"2024-09-05 05:38:51"
"2024-09-04";"";"53 297";"18 539";"27 562 186";"2024-09-04 07:16:58"
"2024-09-07";"Facebook";"4 707 949";"233 534";"27 561 924";"2024-09-07 06:03:34"
"2024-09-01";"";"47 440";"2 659";"27 562 344";"2024-09-01 14:59:20"
"2024-09-10";"";"532 076";"44 912";"27 562 494";"2024-09-10 07:28:09"
"2024-09-05";"";"121 340";"11 069";"27 561 616";"2024-09-05 04:49:04"
"2024-09-01";"";"319 850";"24 439";"27 561 721";"2024-09-01 12:09:22"
"2024-09-05";"YouTube";"70 403";"4 805";"27 562 748";"2024-09-05 19:28:32"
"2024-09-07";"";"73 942";"43 835";"27 561 252";"2024-09-07 12:57:37"
"2024-09-10";"Unknown";"300 459";"37 229";"27 562 076";"2024-09-10 11:08:16"
"2024-09-04";"";"161 125";"42 357";"27 561 659";"2024-09-04 13:22:54"
"2024-09-09";"";"82 722";"8 016";"27 562 843";"2024-09-09 21:18:07"
"2024-09-01";"";"1 320 649";"455 871";"27 561 224";"2024-09-01 19:40:05"
"2024-09-03";"Unknown";"618 229";"741 274";"27 562 712";"2024-09-04 02:23:35"
"2024-09-10";"YouTube";"133 357";"54 682";"27 561 544";"2024-09-11 02:59:20"
"2024-09-05";"";"39 319";"2 706";"27 562 985";"2024-09-05 04:25:00"
"2024-09-09";"";"28 256";"11 311";"27 563 403";"2024-09-09 18:27:35"
"2024-09-04";"";"674 004";"33 832";"27 562 675";"2024-09-04 07:16:58"
"2024-09-01";"Telegram";"312 026";"114 921";"27 562 852";"2024-09-01 14:47:09"
"2024-09-04";"";"34 182";"3 107";"27 562 290";"2024-09-04 20:29:12"
"2024-09-06";"";"42 356";"3 306";"27 561 621";"2024-09-06 17:02:36"
"2024-09-04";"YouTube";"8 997 030";"463 280";"27 562 035";"2024-09-04 17:50:43"
"2024-09-06";"Likee";"670 488";"1 410";"27 562 047";"2024-09-06 21:18:58"
"2024-09-09";"";"118 295";"3 557";"27 562 322";"2024-09-09 07:52:18"
"2024-09-04";"Facebook";"1 506 719";"87 269";"27 563 439";"2024-09-04 07:28:39"
"2024-09-02";"Facebook";"36 596";"5 415";"27 563 099";"2024-09-02 14:11:00"
"2024-09-10";"";"361 489";"66 790";"27 561 729";"2024-09-11 02:59:22"
"2024-09-03";"Instagram";"3 919 818";"138 696";"27 562 454";"2024-09-03 21:54:25"
"2024-09-02";"YouTube";"340 016";"47 881";"27 562 522";"2024-09-02 12:57:38"
"2024-09-04";"";"111 061";"13 049";"27 562 984";"2024-09-04 09:30:41"
"2024-09-03";"";"76 253";"40 630";"27 562 314";"2024-09-03 06:03:28"
"2024-09-04";"";"863 927";"56 925";"27 561 397";"2024-09-04 23:32:28"
"2024-09-08";"WhatsApp";"334 371";"86 833";"27 563 083";"2024-09-08 07:04:12"
"2024-09-03";"";"407 308";"31 658";"27 561 775";"2024-09-03 09:06:09"
"2024-09-04";"Instagram";"660 861";"292 806";"27 562 760";"2024-09-04 06:27:56"
"2024-09-10";"";"181 279";"22 801";"27 561 914";"2024-09-10 11:20:00"
"2024-09-08";"";"35 994";"7 506";"27 562 607";"2024-09-08 15:00:15"
"2024-09-06";"";"33 067";"3 156";"27 562 591";"2024-09-06 10:43:02"
"2024-09-09";"";"167 327";"9 561";"27 562 898";"2024-09-09 11:08:28"
"2024-09-01";"YouTube";"710 682";"77 164";"27 561 921";"2024-09-02 01:46:18"
"2024-09-07";"YouTube";"1 673 166";"76 455";"27 562 144";"2024-09-08 00:21:36"
"2024-09-08";"";"122 071";"39 881";"27 562 459";"2024-09-08 03:12:59"
"2024-09-08";"";"59 374";"2 824";"27 563 094";"2024-09-08 17:38:21"
"2024-09-08";"";"306 491";"24 020";"27 562 593";"2024-09-08 10:31:05"
"2024-09-10";"Instagram";"208 635";"38 288";"27 563 122";"2024-09-10 14:23:09"
"2024-09-02";"";"35 649";"12 513";"27 561 486";"2024-09-02 21:42:01"
"2024-09-10";"VKontakte";"270 063";"149 346";"27 562 512";"2024-09-10 12:09:54"
"2024-09-07";"Instagram";"107 559";"12 121";"27 562 071";"2024-09-07 19:40:56"
"2024-09-01";"YouTube";"411 344";"515 213";"27 563 075";"2024-09-01 16:37:25"
"2024-09-04";"YouTube";"28 246";"5 966";"27 562 480";"2024-09-04 15:12:42"
"2024-09-08";"";"29 571";"9 793";"27 562 607";"2024-09-08 07:04:33"
"2024-09-07";"";"888 279";"347 455";"27 561 687";"2024-09-08 01:34:57"
"2024-09-10";"Instagram";"13 788 166";"712 231";"27 562 004";"2024-09-10 08:17:43"
"2024-09-03";"Telegram";"26 967";"3 128";"27 561 562";"2024-09-04 02:35:00"
"2024-09-10";"";"143 129 478";"7 637 843";"27 563 080";"2024-09-10 20:41:53"
"2024-09-05";"Facebook";"32 414";"1 960";"27 561 524";"2024-09-05 09:54:43"
"2024-09-04";"Telegram";"474 061 681";"13 351 606";"27 562 192";"2024-09-05 02:47:32"
"2024-09-06";"";"74 289";"13 093";"27 561 694";"2024-09-07 01:22:33"
"2024-09-05";"";"98 770";"20 119";"27 563 136";"2024-09-05 20:29:48"
"2024-09-08";"";"47 274";"65 847";"27 563 415";"2024-09-08 12:21:51"
"2024-09-06";"";"4 048";"28 822";"27 563 098";"2024-09-06 17:50:28"
"2024-09-07";"Facebook";"74 956";"6 899";"27 563 066";"2024-09-07 18:15:38"
"2024-09-09";"";"34 107";"2 291";"27 561 224";"2024-09-09 17:38:03"
"2024-09-07";"";"269 665";"247 158";"27 562 778";"2024-09-07 10:43:08"
"2024-09-05";"YouTube";"32 506";"2 967";"27 561 518";"2024-09-05 04:13:54"
"2024-09-08";"";"7 462";"28 261";"27 562 400";"2024-09-08 14:23:57"
"2024-09-02";"";"461 677";"34 839";"27 562 080";"2024-09-02 07:16:45"
"2024-09-05";"YouTube";"4 064 373";"183 798";"27 562 431";"2024-09-05 06:51:01"
"2024-09-01";"YouTube";"2 034 938";"562 303";"27 562 290";"2024-09-01 12:21:52"
"2024-09-01";"";"330 753";"904 631";"27 563 211";"2024-09-01 11:44:53"
"2024-09-05";"";"44 717";"4 327";"27 563 016";"2024-09-05 15:24:10"
"2024-09-08";"";"84 620";"54 542";"27 562 982";"2024-09-08 13:22:11"
"2024-09-10";"";"395 127";"99 857";"27 562 816";"2024-09-10 11:44:29"
"2024-09-02";"Facebook";"5 291 080";"170 338";"27 561 373";"2024-09-02 05:38:14"
"2024-09-06";"Instagram";"11 084 036";"26 034 503";"27 562 014";"2024-09-06 22:19:25"
"2024-09-07";"Telegram";"11 846 045";"2 206 520";"27 563 443";"2024-09-07 16:25:05"
"2024-09-05";"";"5 148 646";"250 504";"27 562 686";"2024-09-05 17:50:51"
"2024-09-08";"";"25 830";"11 787";"27 563 174";"2024-09-08 12:57:16"
"2024-09-10";"";"80 818";"65 473";"27 561 510";"2024-09-10 14:11:22"
"2024-09-07";"Instagram";"5 149 328";"7 411 298";"27 561 846";"2024-09-07 13:46:26"
"2024-09-10";"IMO";"197 693";"20 425";"27 561 886";"2024-09-10 09:18:21"
"2024-09-06";"Yandex";"295 844";"18 238";"27 563 174";"2024-09-06 21:42:20"
"2024-09-06";"";"55 656";"191 861";"27 563 221";"2024-09-06 08:17:15"
"2024-09-01";"";"73 731";"9 201";"27 561 694";"2024-09-01 15:12:49"
"2024-09-09";"YouTube";"47 231 166";"2 693 199";"27 561 673";"2024-09-10 00:45:43"
"2024-09-03";"Instagram";"50 956 605";"1 789 717";"27 561 964";"2024-09-03 13:22:03"
"2024-09-07";"";"1 453 001";"2 822 522";"27 561 428";"2024-09-07 22:43:35"
"2024-09-05";"Telegram";"24 743 818";"1 291 950";"27 563 359";"2024-09-05 19:28:17"
"2024-09-04";"";"150 061";"36 611";"27 562 281";"2024-09-04 03:12:06"
"2024-09-05";"";"49 076";"8 887";"27 561 890";"2024-09-05 06:03:39"
"2024-09-04";"";"101 767";"8 354";"27 561 688";"2024-09-04 12:21:21"
"2024-09-02";"Telegram";"59 836 793";"5 576 586";"27 563 211";"2024-09-02 14:59:13"
"2024-09-09";"";"201 826";"77 054";"27 561 902";"2024-09-09 03:00:28"
"2024-09-01";"";"421 984";"262 957";"27 561 649";"2024-09-01 08:41:09"
"2024-09-09";"Facebook";"483 592";"268 787";"27 561 533";"2024-09-09 06:39:23"
"2024-09-08";"";"56 441";"3 114";"27 563 017";"2024-09-08 14:35:55"
"2024-09-05";"";"158 652";"365 131";"27 561 379";"2024-09-05 10:43:17"
"2024-09-03";"";"34 211 174";"6 495 800";"27 563 409";"2024-09-04 01:34:29"
"2024-09-04";"Instagram";"1 236 542";"42 835";"27 562 663";"2024-09-04 12:57:13"
"2024-09-03";"";"779 670";"125 276";"27 561 176";"2024-09-03 05:26:49"
"2024-09-07";"";"78 336";"9 467";"27 563 162";"2024-09-07 14:23:38"
"2024-09-07";"";"100 731";"5 810";"27 563 102";"2024-09-07 08:41:45"
"2024-09-05";"YouTube";"1 130 217";"436 860";"27 563 205";"2024-09-06 00:57:10"
"2024-09-03";"";"1 722 414";"199 473";"27 562 938";"2024-09-03 18:27:18"
"2024-09-06";"Facebook";"38 552";"1 447";"27 563 205";"2024-09-06 18:39:39"
"2024-09-06";"";"1 780 020";"68 275";"27 561 204";"2024-09-06 10:55:02"
"2024-09-09";"";"253 606";"102 449";"27 562 988";"2024-09-09 18:15:20"
"2024-09-08";"";"38 916";"28 687";"27 563 119";"2024-09-08 22:43:16"
"2024-09-05";"";"48 752";"6 421";"27 561 429";"2024-09-06 00:33:11"
"2024-09-04";"";"54 132";"3 044";"27 563 107";"2024-09-04 11:56:31"
"2024-09-08";"";"20 289";"71 903";"27 562 100";"2024-09-08 11:32:21"
"2024-09-02";"Instagram";"4 122 188";"964 016";"27 563 434";"2024-09-02 07:04:42"
"2024-09-05";"";"19 543 673";"729 684";"27 562 504";"2024-09-05 08:17:53"
"2024-09-10";"YouTube";"64 191";"188 685";"27 562 733";"2024-09-10 15:36:08"
"2024-09-03";"";"28 162";"21 724";"27 561 914";"2024-09-03 17:26:18"
"2024-09-05";"Instagram";"3 987 453";"3 383 641";"27 562 985";"2024-09-06 01:34:30"
"2024-09-04";"Facebook";"41 117";"25 137";"27 563 452";"2024-09-04 17:14:02"
"2024-09-01";"Yandex";"89 861";"34 482";"27 562 685";"2024-09-02 02:23:43"
"2024-09-10";"Telegram";"29 323 672";"38 957 653";"27 561 707";"2024-09-10 08:05:13"
"2024-09-01";"";"120 181";"23 982";"27 562 170";"2024-09-01 22:43:01"
"2024-09-10";"Facebook";"91 200";"8 940";"27 563 313";"2024-09-10 15:00:41"
"2024-09-10";"Odnoklassniki";"67 373";"50 890";"27 561 301";"2024-09-10 18:03:42"
"2024-09-02";"Instagram";"132 708";"10 382";"27 563 195";"2024-09-02 05:50:50"
"2024-09-07";"";"91 638";"70 780";"27 561 545";"2024-09-07 13:58:04"
"2024-09-02";"";"526 235";"34 336";"27 561 401";"2024-09-02 06:51:25"
"2024-09-06";"";"1 674 377";"64 947";"27 561 265";"2024-09-06 23:44:53"
"2024-09-03";"";"78 118";"34 860";"27 562 143";"2024-09-03 13:58:49"
"2024-09-01";"";"21 615";"29 194";"27 561 975";"2024-09-01 04:49:28"
"2024-09-03";"YouTube";"587 095";"7 656 413";"27 562 499";"2024-09-03 15:48:55"
"2024-09-01";"";"1 166 840";"538 769";"27 562 393";"2024-09-01 04:49:16"
"2024-09-10";"YouTube";"35 026";"6 802";"27 561 271";"2024-09-10 23:08:58"
"2024-09-06";"Facebook";"75 271";"11 217";"27 562 827";"2024-09-06 19:28:24"
"2024-09-03";"";"137 665";"6 344";"27 563 048";"2024-09-03 12:09:00"
"2024-09-02";"Telegram";"5 279 785";"326 152";"27 561 298";"2024-09-02 20:17:19"
"2024-09-09";"YouTube";"746 600";"426 444";"27 563 308";"2024-09-09 23:44:30"
"2024-09-03";"";"341 473";"227 068";"27 561 802";"2024-09-03 08:41:45"
"2024-09-02";"";"1 647 970";"189 154";"27 563 295";"2024-09-02 23:44:11"
"2024-09-05";"";"174 471";"40 169";"27 561 730";"2024-09-05 11:20:46"
"2024-09-06";"Instagram";"1 615 685";"3 058 976";"27 561 320";"2024-09-06 16:01:06"
"2024-09-02";"YouTube";"91 257";"6 020";"27 562 266";"2024-09-02 08:17:12"
"2024-09-02";"Yandex Video";"3 170 835";"77 220";"27 561 429";"2024-09-02 18:15:20"
"2024-09-08";"";"164 780";"218 532";"27 562 172";"2024-09-08 11:32:53"
"2024-09-09";"";"69 307";"11 755";"27 561 435";"2024-09-09 17:02:30"
"2024-09-04";"";"45 469 034";"1 234 109";"27 561 224";"2024-09-04 10:43:51"
"2024-09-07";"Apple Music";"226 564";"54 164";"27 562 226";"2024-09-07 03:48:47"
"2024-09-03";"";"9 568";"79 885";"27 562 427";"2024-09-03 08:53:54"
"2024-09-01";"";"40 263";"30 845";"27 563 232";"2024-09-01 23:08:51"
"2024-09-10";"";"111 328";"9 558";"27 561 324";"2024-09-11 01:46:08"
"2024-09-02";"";"74 562";"3 901";"27 563 106";"2024-09-02 10:43:04"
"2024-09-01";"";"5 714 797";"121 092";"27 562 237";"2024-09-01 04:49:38"
"2024-09-04";"";"45 257 845";"2 215 512";"27 562 233";"2024-09-04 16:37:13"
"2024-09-05";"";"102 593";"8 617";"27 561 543";"2024-09-05 21:30:32"
"2024-09-09";"";"122 453";"75 542";"27 562 356";"2024-09-09 22:55:59"
"2024-09-09";"";"129 627";"5 579";"27 562 656";"2024-09-09 17:26:32"
"2024-09-01";"";"923 261";"268 979";"27 561 490";"2024-09-01 19:40:42"
"2024-09-01";"";"61 726";"4 457";"27 562 553";"2024-09-01 18:03:01"
"2024-09-10";"Instagram";"256 735";"22 724";"27 561 651";"2024-09-10 06:39:34"
"2024-09-06";"";"96 111";"82 352";"27 563 451";"2024-09-07 02:23:44"
"2024-09-04";"Instagram";"330 909";"25 526";"27 563 262";"2024-09-04 14:35:24"
"2024-09-06";"";"101 117";"9 583";"27 561 542";"2024-09-06 15:00:27"
"2024-09-04";"";"58 232";"4 512";"27 561 651";"2024-09-04 11:44:27"
"2024-09-09";"";"200 592";"5 219";"27 563 073";"2024-09-09 14:11:18"
"2024-09-01";"";"30 113 588";"892 785";"27 563 446";"2024-09-01 08:53:43"
"2024-09-02";"";"380 120";"146 514";"27 561 444";"2024-09-02 05:14:46"
"2024-09-04";"";"113 777";"108 938";"27 561 636";"2024-09-04 22:55:07"
"2024-09-10";"Instagram";"714 123";"67 720";"27 562 340";"2024-09-10 22:43:18"
"2024-09-08";"";"32 613";"13 287";"27 561 785";"2024-09-08 15:00:39"
"2024-09-04";"";"484 093";"24 925";"27 562 403";"2024-09-04 05:38:50"
"2024-09-08";"";"10 677 707";"1 642 617";"27 561 552";"2024-09-08 23:44:23"
"2024-09-04";"";"58 353 028";"5 131 249";"27 561 215";"2024-09-04 08:17:42"
"2024-09-08";"Facebook";"78 178";"7 564";"27 562 786";"2024-09-08 17:02:17"
"2024-09-04";"";"101 773";"11 960";"27 562 534";"2024-09-05 00:33:57"
"2024-09-08";"YouTube";"73 569 963";"6 211 677";"27 563 171";"2024-09-08 03:00:56"
"2024-09-04";"";"1 799 627";"48 090";"27 562 706";"2024-09-04 08:17:57"
"2024-09-06";"";"59 891";"92 908";"27 562 961";"2024-09-06 18:39:27"
"2024-09-09";"Facebook";"522 157";"495 547";"27 562 621";"2024-09-09 11:44:37"
"2024-09-08";"";"48 292";"4 292";"27 562 721";"2024-09-08 03:24:45"
"2024-09-06";"Facebook";"128 827";"10 907";"27 563 231";"2024-09-06 09:54:17"
"2024-09-03";"";"53 145";"23 130";"27 563 489";"2024-09-03 06:15:42"
"2024-09-10";"Facebook";"51 691";"3 057";"27 563 287";"2024-09-10 07:28:07"
"2024-09-05";"Facebook";"1 423 371";"87 567";"27 561 204";"2024-09-05 21:18:49"
"2024-09-09";"YouTube";"611 462";"4 407 717";"27 563 304";"2024-09-09 14:59:31"
"2024-09-10";"";"23 872";"80 968";"27 562 720";"2024-09-10 11:20:28"
"2024-09-10";"";"55 303";"7 277";"27 563 087";"2024-09-10 15:00:25"
"2024-09-06";"";"71 452";"5 049";"27 561 593";"2024-09-06 16:01:45"
"2024-09-05";"YouTube";"207 631 450";"12 172 050";"27 562 615";"2024-09-05 07:40:55"
"2024-09-05";"Instagram";"68 726 410";"1 956 434";"27 561 520";"2024-09-05 15:24:28"
"2024-09-01";"";"55 957";"56 156";"27 561 721";"2024-09-01 12:33:41"
"2024-09-04";"Apple Music";"99 828";"33 569";"27 563 145";"2024-09-04 08:17:13"
"2024-09-03";"YouTube";"26 088";"27 440";"27 561 489";"2024-09-03 11:08:55"
"2024-09-05";"";"742 123";"280 465";"27 561 293";"2024-09-05 23:08:25"
"2024-09-09";"";"13 180";"46 016";"27 561 809";"2024-09-09 15:36:51"
"2024-09-07";"Facebook";"375 074";"32 620";"27 561 500";"2024-09-07 09:54:56"
"2024-09-06";"";"58 648";"183 908";"27 561 982";"2024-09-06 15:36:25"
"2024-09-05";"";"0";"28 334";"27 561 626";"2024-09-05 17:14:43"
"2024-09-07";"";"273 536";"304 299";"27 562 660";"2024-09-07 14:35:18"
"2024-09-01";"";"70 467";"7 322";"27 561 655";"2024-09-01 08:29:57"
"2024-09-05";"";"739 609";"21 662";"27 562 591";"2024-09-05 18:51:52"
"2024-09-05";"Yandex";"145 152";"7 871";"27 561 252";"2024-09-06 02:23:30"
"2024-09-03";"Facebook";"813 326";"413 121";"27 562 204";"2024-09-04 02:47:24"
"2024-09-07";"";"287 611";"144 139";"27 562 438";"2024-09-07 17:50:57"
"2024-09-05";"Yandex";"778 427";"162 835";"27 561 259";"2024-09-05 09:42:52"
"2024-09-02";"";"33 334";"35 936";"27 561 892";"2024-09-02 09:30:32"
"2024-09-05";"";"512 518";"61 293";"27 561 670";"2024-09-05 22:31:38"
"2024-09-06";"Unknown";"1 991 242";"177 033";"27 563 087";"2024-09-06 22:55:22"
"2024-09-06";"";"40 529";"213 438";"27 562 624";"2024-09-07 02:47:19"
"2024-09-04";"Instagram";"6 250 179";"97 472";"27 563 128";"2024-09-04 14:11:56"
"2024-09-06";"";"374 259";"30 750";"27 562 784";"2024-09-06 12:09:30"
"2024-09-05";"";"53 325 771";"3 713 300";"27 562 651";"2024-09-06 02:11:30"
"2024-09-07";"";"61 518";"7 536";"27 563 269";"2024-09-07 09:54:30"
"2024-09-06";"";"12 046 704";"575 192";"27 562 024";"2024-09-06 11:56:38"
"2024-09-06";"PUBG";"874 642";"62 923";"27 561 884";"2024-09-06 08:05:15"
"2024-09-10";"";"8 999 960";"317 702";"27 561 205";"2024-09-11 01:22:56"
"2024-09-01";"";"328 815";"16 679";"27 562 542";"2024-09-01 17:14:34"
"2024-09-10";"Facebook";"4 020 310";"74 536";"27 562 890";"2024-09-10 17:26:28"
"2024-09-06";"";"125 603";"3 739";"27 562 183";"2024-09-06 09:42:33"
"2024-09-05";"";"662 732";"51 343";"27 562 555";"2024-09-05 06:15:00"
"2024-09-08";"";"40 391";"39 379";"27 561 485";"2024-09-08 21:30:17"
"2024-09-02";"";"26 513";"6 954";"27 561 924";"2024-09-02 14:47:34"
"2024-09-05";"";"457 848";"22 363";"27 561 693";"2024-09-05 22:31:02"
"2024-09-05";"";"96 137";"50 380";"27 561 502";"2024-09-06 00:57:25"
"2024-09-09";"YouTube";"59 531 083";"3 625 176";"27 561 723";"2024-09-09 22:19:02"
"2024-09-06";"";"135 845";"89 949";"27 562 197";"2024-09-06 05:14:37"
"2024-09-01";"";"109 572";"17 175";"27 561 247";"2024-09-01 06:27:07"
"2024-09-02";"Facebook";"32 086";"3 916";"27 562 611";"2024-09-02 05:02:00"
"2024-09-03";"Yandex Video";"194 159";"7 991";"27 562 156";"2024-09-04 01:10:41"
"2024-09-03";"YouTube";"865 520";"48 074";"27 563 514";"2024-09-03 13:34:15"
"2024-09-09";"";"1 100 314";"83 272";"27 561 424";"2024-09-09 05:26:15"
"2024-09-10";"YouTube";"292 550";"25 616";"27 562 645";"2024-09-11 01:46:01"
"2024-09-01";"Instagram";"746 852";"267 268";"27 561 668";"2024-09-01 03:00:01"
"2024-09-02";"Instagram";"107 658 542";"3 419 356";"27 562 779";"2024-09-02 21:18:58"
"2024-09-02";"";"90 136";"8 954";"27 562 520";"2024-09-02 21:30:30"
"2024-09-02";"";"17 364";"33 371";"27 562 120";"2024-09-03 02:35:27"
"2024-09-09";"";"547 656";"66 113";"27 562 016";"2024-09-09 20:29:17"
"2024-09-01";"YouTube";"159 971";"79 571";"27 563 113";"2024-09-02 01:22:55"
"2024-09-02";"";"29 884";"8 089";"27 562 527";"2024-09-02 08:53:19"
"2024-09-07";"";"20 602";"37 125";"27 561 884";"2024-09-07 10:07:37"
"2024-09-10";"YouTube";"718 193";"219 182";"27 561 942";"2024-09-10 10:55:13"
"2024-09-09";"Yandex";"262 372";"114 837";"27 561 557";"2024-09-09 04:49:52"
"2024-09-04";"";"257 079";"16 223";"27 561 314";"2024-09-04 17:02:33"
"2024-09-09";"";"51 679";"6 638";"27 563 008";"2024-09-10 00:57:43"
"2024-09-07";"YouTube";"338 983";"3 968 123";"27 563 247";"2024-09-07 21:06:51"
"2024-09-07";"Yandex";"196 692";"6 852";"27 562 014";"2024-09-07 03:24:55"
"2024-09-04";"Yandex";"110 558";"9 702";"27 562 780";"2024-09-04 23:20:02"
"2024-09-10";"TikTok";"2 026";"108 991";"27 561 908";"2024-09-10 20:17:30"
"2024-09-07";"";"2 636 947";"69 559";"27 562 028";"2024-09-07 05:26:05"
"2024-09-06";"Instagram";"452 616";"56 502";"27 563 062";"2024-09-06 09:18:51"
"2024-09-06";"Facebook";"29 329";"2 366";"27 562 670";"2024-09-06 18:15:16"
"2024-09-05";"Facebook";"85 973";"12 023";"27 563 116";"2024-09-05 07:16:19"
"2024-09-10";"YouTube";"25 949";"2 696";"27 562 232";"2024-09-10 16:25:46"
"2024-09-10";"";"78 300";"5 964";"27 562 484";"2024-09-10 03:24:02"
"2024-09-06";"";"4 031";"32 479";"27 562 622";"2024-09-06 09:30:05"
"2024-09-05";"";"113 564";"20 389";"27 561 428";"2024-09-05 12:33:19"
"2024-09-06";"YouTube";"448 710";"72 962";"27 563 044";"2024-09-06 11:32:56"
"2024-09-04";"";"60 561";"4 783";"27 562 156";"2024-09-04 19:04:53"
"2024-09-10";"";"251 249";"12 999";"27 563 331";"2024-09-10 11:08:02"
"2024-09-01";"";"27 036";"8 056";"27 561 205";"2024-09-01 07:52:50"
"2024-09-01";"";"66 920";"6 741";"27 561 897";"2024-09-01 08:41:16"
"2024-09-06";"";"60 911";"76 697";"27 562 014";"2024-09-06 19:28:56"
"2024-09-09";"";"1 108 053";"155 700";"27 561 383";"2024-09-09 12:33:37"
"2024-09-01";"Instagram";"182 172";"42 687";"27 562 559";"2024-09-01 06:39:28"
"2024-09-05";"";"1 421 335";"134 649";"27 561 884";"2024-09-05 19:04:19"
"2024-09-02";"Unknown";"5 752";"29 909";"27 562 296";"2024-09-03 00:21:56"
"2024-09-09";"";"237 413";"163 752";"27 561 312";"2024-09-09 08:05:51"
"2024-09-03";"Telegram";"2 206 053";"342 981";"27 561 840";"2024-09-03 21:54:50"
"2024-09-03";"";"251 110";"15 818";"27 561 370";"2024-09-03 03:48:29"
"2024-09-05";"";"54 912";"4 351";"27 562 614";"2024-09-05 10:43:52"
"2024-09-06";"YouTube";"542 956";"260 008";"27 561 273";"2024-09-06 23:44:49"
"2024-09-01";"YouTube";"1 360 344";"136 521";"27 561 326";"2024-09-01 12:45:28"
"2024-09-01";"";"145 820";"11 601";"27 563 009";"2024-09-01 08:41:14"
"2024-09-04";"Yandex";"2 592 974";"589 417";"27 561 485";"2024-09-04 18:51:23"
"2024-09-02";"Facebook";"3 285 792";"75 593";"27 563 047";"2024-09-02 20:05:13"
"2024-09-01";"YouTube";"153 612";"41 840";"27 562 840";"2024-09-01 23:32:34"
"2024-09-07";"YouTube";"2 228 790";"220 631";"27 563 367";"2024-09-07 08:41:14"
"2024-09-05";"Instagram";"330 117";"8 457";"27 562 096";"2024-09-05 09:54:25"
"2024-09-10";"";"26 134";"10 572";"27 561 835";"2024-09-10 13:46:07"
"2024-09-02";"";"60 398";"6 551";"27 561 778";"2024-09-02 16:49:09"
"2024-09-03";"YouTube";"105 022";"1 213 291";"27 562 897";"2024-09-03 20:53:43"
"2024-09-01";"Unknown";"7 682 592";"940 680";"27 562 041";"2024-09-01 03:12:12"
"2024-09-07";"";"105 221";"10 151";"27 562 628";"2024-09-07 07:52:13"
"2024-09-04";"";"44 954";"2 271";"27 561 956";"2024-09-04 20:05:52"
"2024-09-03";"";"254 379";"11 212";"27 562 004";"2024-09-03 10:31:15"
"2024-09-08";"WhatsApp";"39 350";"2 832";"27 561 805";"2024-09-08 17:02:01"
"2024-09-07";"";"433 133";"17 848";"27 562 170";"2024-09-08 00:21:09"
"2024-09-05";"";"42 232";"35 419";"27 563 419";"2024-09-05 14:11:56"
"2024-09-05";"";"428 396";"24 573";"27 561 302";"2024-09-05 20:29:29"
"2024-09-09";"";"1 060 843";"64 784";"27 562 440";"2024-09-09 06:27:36"
"2024-09-08";"";"1 589 992";"581 505";"27 562 069";"2024-09-08 04:37:54"
"2024-09-09";"PUBG";"1 791 948";"110 702";"27 563 177";"2024-09-09 05:50:06"
"2024-09-02";"";"29 186";"3 439";"27 561 417";"2024-09-02 12:45:26"
"2024-09-04";"";"1 113 204";"189 497";"27 563 415";"2024-09-04 08:41:07"
"2024-09-04";"Yandex";"190 385";"11 258";"27 563 315";"2024-09-04 22:43:36"
"2024-09-08";"Unknown";"1 693 777";"152 850";"27 561 668";"2024-09-08 22:07:46"
"2024-09-01";"Unknown";"1 268 164";"78 643";"27 563 293";"2024-09-02 02:47:28"
"2024-09-09";"";"31 450 540";"2 072 357";"27 562 098";"2024-09-09 12:57:08"
"2024-09-05";"Telegram";"4 873 970";"575 269";"27 561 350";"2024-09-05 18:39:12"
"2024-09-01";"Tas-ix";"42 795";"9 345";"27 562 168";"2024-09-01 15:00:41"
"2024-09-04";"";"942 249";"91 675";"27 561 219";"2024-09-04 07:04:19"
"2024-09-06";"";"334 677";"151 877";"27 561 884";"2024-09-06 05:14:05"
"2024-09-05";"";"68 735";"221 893";"27 561 417";"2024-09-05 15:48:26"
"2024-09-02";"";"135 565";"9 913";"27 561 744";"2024-09-02 17:38:14"
"2024-09-06";"";"188 157";"641 178";"27 562 255";"2024-09-06 18:15:13"
"2024-09-04";"Telegram";"250 439 549";"15 619 732";"27 562 964";"2024-09-04 12:21:12"
"2024-09-01";"";"57 826";"5 376";"27 563 220";"2024-09-01 13:22:32"
"2024-09-04";"YouTube";"113 197 583";"6 444 114";"27 563 371";"2024-09-04 20:17:16"
"2024-09-01";"YouTube";"148 723";"14 304";"27 562 787";"2024-09-01 22:07:10"
"2024-09-06";"";"61 050";"48 693";"27 562 934";"2024-09-06 18:03:17"
"2024-09-04";"";"92 018";"12 514";"27 562 499";"2024-09-04 15:12:25"
"2024-09-07";"";"2 664 168";"205 567";"27 561 510";"2024-09-07 10:55:17"
"2024-09-07";"";"4 506 039";"4 770 268";"27 562 906";"2024-09-07 22:07:03"
"2024-09-01";"";"136 555";"6 756";"27 562 428";"2024-09-01 10:31:53"
"2024-09-01";"WhatsApp";"35 243";"7 750";"27 561 257";"2024-09-01 12:33:09"
"2024-09-03";"TikTok";"68 322";"767 297";"27 563 173";"2024-09-03 14:59:16"
"2024-09-09";"Telegram";"827 413";"87 683";"27 561 358";"2024-09-09 03:36:30"
"2024-09-06";"";"966 287";"137 374";"27 562 073";"2024-09-07 00:21:56"
"2024-09-08";"";"212 831";"829 918";"27 561 775";"2024-09-09 00:09:47"
"2024-09-01";"";"29 456";"9 532";"27 561 674";"2024-09-01 15:48:29"
"2024-09-08";"";"157 908";"9 045";"27 563 402";"2024-09-08 12:33:49"
"2024-09-08";"";"145 553";"194 622";"27 563 225";"2024-09-09 02:35:41"
"2024-09-04";"Facebook";"987 410";"46 939";"27 562 474";"2024-09-05 00:09:23"
"2024-09-03";"Instagram";"263 190";"10 295";"27 562 264";"2024-09-03 08:05:34"
"2024-09-02";"Telegram";"18 126 664";"11 592 013";"27 562 674";"2024-09-02 08:17:06"
"2024-09-09";"Likee";"4 453 844";"399 937";"27 562 069";"2024-09-10 00:21:57"
"2024-09-09";"";"5 743 679";"265 447";"27 562 255";"2024-09-09 09:06:31"
"2024-09-01";"";"126 921";"33 653";"27 562 465";"2024-09-01 17:14:45"
"2024-09-04";"";"156 906";"18 407";"27 562 803";"2024-09-04 20:53:13"
"2024-09-08";"YouTube";"70 242";"13 728";"27 562 455";"2024-09-08 21:30:59"
"2024-09-07";"Telegram";"27 934";"3 050";"27 561 327";"2024-09-07 03:24:09"
"2024-09-04";"Telegram";"149 016 205";"8 978 965";"27 561 887";"2024-09-04 05:50:31"
"2024-09-08";"";"36 006";"27 518";"27 563 304";"2024-09-08 23:44:35"
"2024-09-05";"";"56 627";"37 569";"27 562 812";"2024-09-05 23:56:41"
"2024-09-01";"";"41 704";"29 570";"27 561 545";"2024-09-01 21:54:52"
"2024-09-04";"";"56 855";"8 207";"27 562 363";"2024-09-05 01:22:50"
"2024-09-04";"Telegram";"112 400 181";"24 808 726";"27 562 437";"2024-09-04 22:07:09"
"2024-09-08";"";"926 522";"66 272";"27 562 242";"2024-09-08 13:34:27"
"2024-09-10";"";"76 505";"234 757";"27 562 971";"2024-09-10 09:42:52"
"2024-09-06";"Facebook";"67 370";"6 822";"27 562 951";"2024-09-06 11:32:21"
"2024-09-02";"";"28 375";"1 917";"27 563 136";"2024-09-02 07:52:02"
"2024-09-01";"";"5 109 146";"2 568 927";"27 561 964";"2024-09-01 20:53:40"
"2024-09-07";"";"254 740";"159 177";"27 561 252";"2024-09-07 16:37:59"
"2024-09-03";"Yandex";"882 337";"305 784";"27 561 649";"2024-09-03 04:01:01"
"2024-09-08";"";"2 405 446";"104 469";"27 562 047";"2024-09-08 22:55:19"
"2024-09-03";"";"77 181";"8 716";"27 562 016";"2024-09-03 04:37:18"
"2024-09-01";"Instagram";"12 058 212";"27 208 924";"27 561 227";"2024-09-01 19:16:31"
"2024-09-03";"";"100 773";"5 476";"27 563 287";"2024-09-03 04:49:42"
"2024-09-10";"";"113 446";"5 555";"27 562 708";"2024-09-10 12:21:50"
"2024-09-04";"Telegram";"2 211 563";"257 432";"27 562 842";"2024-09-04 22:55:29"
"2024-09-05";"";"38 850";"8 984";"27 563 299";"2024-09-05 05:14:58"
"2024-09-06";"";"146 259";"222 352";"27 563 496";"2024-09-06 22:31:26"
"2024-09-10";"";"178 293";"514 028";"27 562 575";"2024-09-10 20:41:23"
"2024-09-02";"";"2 448 624";"87 637";"27 562 205";"2024-09-02 16:01:42"
"2024-09-07";"Instagram";"5 613 311";"290 026";"27 562 935";"2024-09-07 12:57:53"
"2024-09-04";"";"162 929";"714 570";"27 562 720";"2024-09-04 14:59:14"
"2024-09-05";"";"152 900";"195 350";"27 562 071";"2024-09-05 13:10:02"
"2024-09-08";"";"238 003";"143 551";"27 561 647";"2024-09-08 05:14:35"
"2024-09-06";"";"31 327";"3 463";"27 562 254";"2024-09-06 17:50:47"
"2024-09-08";"";"1 160";"28 504";"27 561 177";"2024-09-08 03:24:56"
"2024-09-06";"Instagram";"4 009 944";"87 706";"27 561 871";"2024-09-06 13:10:56"
"2024-09-10";"Instagram";"851 885";"20 858";"27 561 486";"2024-09-10 10:43:27"
"2024-09-08";"";"496 768";"128 670";"27 562 971";"2024-09-09 01:58:14"
"2024-09-06";"YouTube";"203 332";"21 782";"27 561 776";"2024-09-06 21:54:31"
"2024-09-07";"";"68 806";"43 045";"27 561 673";"2024-09-07 14:11:38"
"2024-09-09";"";"7 221 109";"308 533";"27 563 035";"2024-09-09 05:02:56"
"2024-09-04";"Instagram";"309 288";"45 807";"27 562 173";"2024-09-04 18:15:10"
"2024-09-05";"";"331 921";"83 274";"27 562 832";"2024-09-05 22:55:11"
"2024-09-03";"";"15 461";"38 720";"27 561 982";"2024-09-03 16:01:01"
"2024-09-05";"";"2 896 322";"185 344";"27 562 825";"2024-09-05 21:06:36"
"2024-09-09";"Tas-ix";"41 345";"4 280";"27 561 767";"2024-09-09 04:25:36"
"2024-09-10";"";"5 909 117";"245 276";"27 563 326";"2024-09-10 04:13:43"
"2024-09-04";"Instagram";"123 464";"5 808";"27 563 154";"2024-09-04 11:32:32"
"2024-09-03";"YouTube";"38 832 975";"2 011 548";"27 563 121";"2024-09-03 06:03:25"
"2024-09-03";"Facebook";"244 829";"25 218";"27 562 287";"2024-09-04 02:47:00"
"2024-09-02";"YouTube";"89 606 548";"5 684 076";"27 563 231";"2024-09-02 19:04:46"
"2024-09-05";"";"5 793 690";"164 242";"27 561 814";"2024-09-05 07:52:59"
"2024-09-06";"Yandex";"1 983 581";"1 117 400";"27 562 222";"2024-09-06 16:01:49"
"2024-09-03";"";"46 130";"27 445";"27 561 625";"2024-09-03 18:15:15"
"2024-09-02";"Odnoklassniki";"96 608";"53 771";"27 561 402";"2024-09-02 22:19:03"
"2024-09-09";"";"117 315";"5 637";"27 561 776";"2024-09-09 03:12:29"
"2024-09-09";"Apple Music";"365 173";"79 243";"27 561 511";"2024-09-09 11:56:04"
"2024-09-07";"";"1 140";"26 391";"27 561 421";"2024-09-07 06:51:35"
"2024-09-03";"";"98 187";"85 594";"27 563 041";"2024-09-03 16:01:37"
"2024-09-08";"Facebook";"33 513";"4 058";"27 563 452";"2024-09-08 14:11:15"
"2024-09-10";"";"3 044 207";"283 148";"27 561 884";"2024-09-10 22:55:33"
"2024-09-10";"YouTube";"56 622 225";"6 186 122";"27 562 126";"2024-09-10 14:47:03"
"2024-09-02";"";"92 468";"6 980";"27 562 527";"2024-09-02 19:28:34"
"2024-09-07";"";"290 458";"26 953";"27 562 512";"2024-09-07 14:11:54"
"2024-09-06";"";"72 740";"9 579";"27 562 376";"2024-09-07 02:59:43"
"2024-09-03";"TikTok";"819 267";"65 735";"27 563 152";"2024-09-03 05:02:30"
"2024-09-02";"";"337 412";"103 903";"27 562 234";"2024-09-02 06:15:33"
"2024-09-07";"Instagram";"198 113";"15 676";"27 561 676";"2024-09-08 00:09:37"
"2024-09-10";"";"857 033";"159 975";"27 561 324";"2024-09-10 11:08:30"
"2024-09-06";"";"35 539";"30 756";"27 562 028";"2024-09-06 10:55:02"
"2024-09-08";"Yandex Video";"1 561 885";"34 636";"27 562 014";"2024-09-08 20:41:05"
"2024-09-02";"";"544 853";"125 492";"27 563 100";"2024-09-02 04:25:43"
"2024-09-06";"WhatsApp";"1 175 695";"84 816";"27 562 973";"2024-09-06 10:31:05"
"2024-09-01";"";"1 395 645";"90 180";"27 561 874";"2024-09-01 12:45:38"
"2024-09-07";"";"1 186 302";"2 537 192";"27 563 268";"2024-09-07 17:14:34"
"2024-09-09";"";"176 031";"51 588";"27 562 704";"2024-09-09 06:39:56"
"2024-09-05";"";"130 069";"114 026";"27 561 959";"2024-09-05 18:15:40"
"2024-09-02";"Instagram";"157 314";"15 595";"27 561 720";"2024-09-02 16:49:49"
"2024-09-02";"Facebook";"60 692";"5 254";"27 561 394";"2024-09-02 21:06:59"
"2024-09-10";"WhatsApp";"71 175";"31 545";"27 562 003";"2024-09-10 03:00:07"
"2024-09-04";"Facebook";"476 094";"40 455";"27 561 794";"2024-09-05 00:09:05"
"2024-09-06";"";"46 389";"5 344";"27 561 587";"2024-09-06 16:13:37"
"2024-09-07";"";"5 256 080";"284 786";"27 561 981";"2024-09-07 13:46:28"
"2024-09-07";"WhatsApp";"27 693";"8 700";"27 562 405";"2024-09-07 12:33:03"
"2024-09-08";"YouTube";"77 354";"14 117";"27 562 704";"2024-09-08 10:31:14"
"2024-09-04";"";"108 095";"41 229";"27 561 920";"2024-09-04 23:44:53"
"2024-09-06";"";"50 869";"2 219";"27 561 689";"2024-09-06 03:48:50"
"2024-09-03";"YouTube";"648 121";"107 401";"27 562 224";"2024-09-03 05:02:55"
"2024-09-06";"";"38 692";"1 738";"27 562 497";"2024-09-06 17:50:44"
"2024-09-10";"";"38 149";"3 003";"27 562 320";"2024-09-10 19:52:51"
"2024-09-01";"";"89 483";"15 632";"27 562 861";"2024-09-01 22:55:31"
"2024-09-04";"";"34 005";"91 660";"27 561 236";"2024-09-04 04:25:56"
"2024-09-05";"";"73 089";"762 843";"27 561 491";"2024-09-05 15:12:19"
"2024-09-04";"Instagram";"13 692 747";"490 126";"27 561 516";"2024-09-04 04:13:48"
"2024-09-01";"";"28 956";"2 000";"27 563 268";"2024-09-01 23:56:09"
"2024-09-10";"";"103 953";"9 857";"27 562 973";"2024-09-10 05:50:58"
"2024-09-04";"";"2 422 837";"148 544";"27 561 453";"2024-09-05 00:21:33"
"2024-09-08";"";"56 864";"3 185";"27 562 521";"2024-09-08 04:49:00"
"2024-09-08";"Facebook";"1 469 494";"69 274";"27 562 644";"2024-09-08 11:08:27"
"2024-09-05";"Yandex";"8 844 507";"1 335 643";"27 562 791";"2024-09-06 01:10:41"
"2024-09-05";"";"27 033";"4 354";"27 561 201";"2024-09-05 22:07:13"
"2024-09-07";"Unknown";"110 331";"29 551";"27 561 619";"2024-09-07 13:22:18"
"2024-09-09";"";"65 731";"5 818";"27 563 266";"2024-09-09 08:29:55"
"2024-09-03";"";"508 028";"101 866";"27 561 343";"2024-09-03 09:54:38"
"2024-09-03";"YouTube";"4 405 500";"258 511";"27 563 092";"2024-09-03 22:31:20"
"2024-09-02";"YouTube";"4 340 449";"174 986";"27 562 344";"2024-09-02 06:15:34"
"2024-09-09";"YouTube";"51 281";"18 926";"27 563 476";"2024-09-09 10:07:42"
"2024-09-03";"Apple Music";"29 247";"7 507";"27 562 919";"2024-09-03 13:34:07"
"2024-09-02";"";"43 850";"67 169";"27 563 439";"2024-09-02 22:19:30"
"2024-09-05";"Facebook";"17 230 439";"380 929";"27 562 890";"2024-09-05 03:48:13"
"2024-09-03";"";"27 875";"17 247";"27 562 099";"2024-09-03 05:02:31"
"2024-09-03";"";"46 452";"2 727";"27 561 222";"2024-09-03 06:39:11"
"2024-09-09";"Yandex";"16 374 262";"5 686 405";"27 562 886";"2024-09-09 14:47:46"
"2024-09-05";"";"173 347";"134 593";"27 561 221";"2024-09-05 23:20:19"
"2024-09-10";"";"25 875";"17 578";"27 562 938";"2024-09-10 16:13:14"
"2024-09-09";"";"1 760";"86 969";"27 562 824";"2024-09-09 04:49:47"
"2024-09-04";"";"82 323";"4 882";"27 563 005";"2024-09-04 16:25:32"
"2024-09-01";"";"25 272";"26 102";"27 563 364";"2024-09-01 17:14:33"
"2024-09-04";"";"397 806";"90 216";"27 562 404";"2024-09-04 09:42:20"
"2024-09-08";"";"56 560";"162 304";"27 563 088";"2024-09-08 11:44:28"
"2024-09-03";"YouTube";"992 026";"52 585";"27 561 762";"2024-09-03 14:11:06"
"2024-09-03";"";"220 334";"16 670";"27 563 219";"2024-09-03 07:04:30"
"2024-09-04";"YouTube";"1 288 351";"494 615";"27 561 211";"2024-09-04 09:06:09"
"2024-09-08";"";"1 652 584";"91 521";"27 562 026";"2024-09-08 04:25:41"
"2024-09-08";"";"5 907 014";"520 475";"27 561 449";"2024-09-08 04:49:14"
"2024-09-03";"";"104 981";"7 427";"27 562 148";"2024-09-03 19:28:44"
"2024-09-02";"YouTube";"264 371";"19 634";"27 561 633";"2024-09-02 16:25:20"
"2024-09-07";"";"83 325";"205 293";"27 561 215";"2024-09-07 21:18:06"
"2024-09-06";"PUBG";"23 816 803";"905 095";"27 562 997";"2024-09-06 05:38:18"
"2024-09-08";"";"310 812";"183 437";"27 562 224";"2024-09-08 20:29:22"
"2024-09-06";"";"50 611";"8 289";"27 561 570";"2024-09-06 07:40:49"
"2024-09-07";"";"154 388";"12 463";"27 561 592";"2024-09-07 06:51:48"
"2024-09-09";"Facebook";"11 851 572";"186 453";"27 563 183";"2024-09-09 12:45:20"
"2024-09-02";"Telegram";"71 276 325";"4 462 614";"27 563 236";"2024-09-02 06:39:09"
"2024-09-06";"";"6 199";"29 021";"27 562 885";"2024-09-06 15:00:52"
"2024-09-07";"Telegram";"225 355";"17 769";"27 562 028";"2024-09-07 07:04:31"
"2024-09-09";"Yandex";"1 283 472";"159 482";"27 563 472";"2024-09-09 05:14:29"
"2024-09-03";"";"25 047";"706 821";"27 563 509";"2024-09-03 15:48:58"
"2024-09-10";"YouTube";"1 954 259";"141 567";"27 562 679";"2024-09-10 05:26:18"
"2024-09-06";"";"26 763";"19 370";"27 562 374";"2024-09-06 08:53:41"
"2024-09-04";"YouTube";"11 750 079";"993 265";"27 562 582";"2024-09-04 19:04:53"
"2024-09-09";"";"112 907";"39 350";"27 562 100";"2024-09-09 04:37:22"
"2024-09-04";"";"48 767";"9 794";"27 563 169";"2024-09-04 04:01:45"
"2024-09-04";"";"87 051";"25 618";"27 562 573";"2024-09-04 16:49:46"
"2024-09-03";"";"360 559";"73 960";"27 563 468";"2024-09-04 02:59:25"
"2024-09-01";"";"0";"114 916";"27 561 575";"2024-09-01 07:16:09"
"2024-09-09";"";"1 183 908";"188 859";"27 562 949";"2024-09-09 18:27:47"
"2024-09-09";"";"47 397";"14 421";"27 562 255";"2024-09-09 21:18:18"
"2024-09-08";"";"539 130";"112 716";"27 563 023";"2024-09-08 09:06:38"
"2024-09-07";"Likee";"172 717";"53 342";"27 562 352";"2024-09-07 06:39:40"
"2024-09-10";"";"48 384";"4 308";"27 562 352";"2024-09-10 15:12:46"
"2024-09-04";"";"53 101";"6 434";"27 561 758";"2024-09-04 18:15:55"
"2024-09-02";"YouTube";"31 204";"253 745";"27 562 241";"2024-09-03 00:09:29"
"2024-09-05";"";"2 368 489";"87 091";"27 561 697";"2024-09-05 23:20:15"
"2024-09-08";"";"29 833";"326 134";"27 561 845";"2024-09-09 02:47:19"
"2024-09-03";"Facebook";"660 830";"40 446";"27 562 497";"2024-09-03 23:56:52"
"2024-09-02";"Tas-ix";"45 629";"3 370";"27 561 355";"2024-09-02 18:39:09"
"2024-09-08";"";"29 542";"3 350";"27 562 099";"2024-09-08 15:12:28"
"2024-09-09";"Facebook";"97 626 632";"1 669 141";"27 563 325";"2024-09-10 00:33:17"
"2024-09-02";"";"21 432 467";"1 676 344";"27 561 315";"2024-09-02 06:51:28"
"2024-09-06";"";"149 586";"8 922";"27 562 240";"2024-09-06 15:48:25"
"2024-09-09";"";"817 583";"41 596";"27 563 290";"2024-09-09 06:39:11"
"2024-09-09";"";"67 711";"4 124";"27 562 708";"2024-09-09 06:15:58"
"2024-09-04";"";"428 685";"139 450";"27 563 087";"2024-09-04 10:55:41"
"2024-09-10";"";"41 789 349";"2 344 753";"27 561 232";"2024-09-11 01:22:41"
"2024-09-06";"";"986 275";"60 192";"27 562 447";"2024-09-06 22:07:24"
"2024-09-06";"";"25 801";"6 281";"27 562 545";"2024-09-06 21:42:20"
"2024-09-09";"Facebook";"557 136";"57 579";"27 561 908";"2024-09-09 06:15:27"
"2024-09-03";"YouTube";"15 889 252";"834 211";"27 561 359";"2024-09-04 02:23:14"
"2024-09-07";"YouTube";"664 875";"249 840";"27 562 090";"2024-09-07 06:15:27"
"2024-09-07";"YouTube";"85 076 371";"5 383 579";"27 563 093";"2024-09-07 17:50:39"
"2024-09-09";"";"30 706";"1 975";"27 562 145";"2024-09-09 20:41:26"
"2024-09-06";"";"70 452";"97 239";"27 563 219";"2024-09-06 06:51:56"
"2024-09-03";"Instagram";"18 055 402";"531 123";"27 561 251";"2024-09-03 16:25:45"
"2024-09-02";"";"1 759 316";"2 035 316";"27 562 545";"2024-09-02 19:52:26"
"2024-09-07";"Instagram";"55 115 545";"1 434 882";"27 563 451";"2024-09-07 22:07:04"
"2024-09-06";"Instagram";"81 149 748";"2 680 242";"27 561 800";"2024-09-06 09:30:39"
"2024-09-06";"";"67 882 676";"3 085 644";"27 561 895";"2024-09-06 11:20:03"
"2024-09-04";"YouTube";"3 191 293";"1 292 247";"27 561 260";"2024-09-04 07:40:15"
"2024-09-01";"Likee";"2 448 710";"153 891";"27 562 557";"2024-09-01 20:41:46"
"2024-09-07";"";"625 161";"456 988";"27 562 982";"2024-09-07 16:49:21"
"2024-09-03";"";"1 478 933";"47 801";"27 561 787";"2024-09-04 01:34:27"
"2024-09-07";"";"29 207";"4 592";"27 563 075";"2024-09-07 10:19:37"
"2024-09-03";"";"930 392";"101 066";"27 561 277";"2024-09-03 13:58:54"
"2024-09-03";"";"165 138";"47 549";"27 561 884";"2024-09-04 02:47:26"
"2024-09-10";"";"75 419";"22 298";"27 562 459";"2024-09-10 16:37:17"
"2024-09-03";"";"66 410";"56 062";"27 561 706";"2024-09-03 03:12:24"
"2024-09-07";"YouTube";"442 633";"98 227";"27 561 380";"2024-09-07 23:20:08"
"2024-09-01";"";"33 458 602";"2 273 614";"27 562 651";"2024-09-01 11:56:22"
"2024-09-03";"Telegram";"2 513 148";"123 587";"27 562 397";"2024-09-04 02:35:27"
"2024-09-03";"Shazam";"38 340";"47 119";"27 562 754";"2024-09-03 22:19:14"
"2024-09-08";"Instagram";"2 620 500";"138 182";"27 562 919";"2024-09-08 05:02:46"
"2024-09-03";"";"59 274";"7 001";"27 562 039";"2024-09-03 14:35:02"
"2024-09-01";"";"30 680";"125 092";"27 561 796";"2024-09-01 15:12:57"
"2024-09-06";"YouTube";"49 081";"7 350";"27 562 261";"2024-09-06 10:31:24"
"2024-09-05";"";"180 961";"110 320";"27 562 560";"2024-09-05 20:41:32"
"2024-09-08";"";"137 449";"159 372";"27 562 703";"2024-09-08 16:01:28"
"2024-09-03";"Yandex";"298 436";"111 179";"27 561 250";"2024-09-03 10:55:16"
"2024-09-02";"Instagram";"234 102 349";"7 926 506";"27 563 238";"2024-09-02 18:15:08"
"2024-09-09";"";"165 807";"17 044";"27 562 470";"2024-09-09 22:31:28"
"2024-09-03";"Telegram";"179 693 920";"10 371 192";"27 563 110";"2024-09-03 19:52:31"
"2024-09-04";"";"314 730";"46 183";"27 562 979";"2024-09-04 04:13:09"
"2024-09-02";"Yandex";"60 665";"5 917";"27 562 039";"2024-09-02 09:42:05"
"2024-09-06";"Telegram";"4 991 429";"974 674";"27 561 359";"2024-09-06 18:03:21"
"2024-09-06";"";"88 218";"25 904";"27 562 622";"2024-09-06 05:02:01"
"2024-09-02";"Facebook";"39 254";"10 899";"27 561 762";"2024-09-02 20:53:21"
"2024-09-05";"TikTok";"12 910";"742 412";"27 563 062";"2024-09-05 21:42:53"
"2024-09-08";"Facebook";"452 554";"58 020";"27 563 447";"2024-09-09 01:34:05"
"2024-09-09";"";"304 367";"11 046";"27 561 882";"2024-09-09 08:53:34"
"2024-09-02";"";"26 881";"7 898";"27 562 107";"2024-09-02 06:39:47"
"2024-09-03";"";"1 766 739";"93 929";"27 561 896";"2024-09-03 23:08:06"
"2024-09-10";"Facebook";"409 022";"17 605";"27 561 975";"2024-09-10 06:27:06"
"2024-09-07";"WhatsApp";"53 280";"57 100";"27 561 792";"2024-09-07 07:40:23"
"2024-09-09";"";"207 090";"21 237";"27 562 138";"2024-09-09 18:27:03"
"2024-09-07";"YouTube";"67 822";"568 863";"27 562 865";"2024-09-07 16:25:06"
"2024-09-02";"Telegram";"74 120 881";"12 362 364";"27 561 195";"2024-09-02 16:25:52"
"2024-09-08";"Telegram";"65 336 598";"3 785 708";"27 562 704";"2024-09-08 05:26:23"
"2024-09-05";"";"223 437";"9 984";"27 561 458";"2024-09-06 00:21:54"
"2024-09-05";"Instagram";"231 832";"31 111";"27 563 168";"2024-09-06 02:23:49"
"2024-09-01";"Tas-ix";"78 265";"17 718";"27 563 196";"2024-09-01 10:43:59"
"2024-09-07";"YouTube";"3 241 995";"1 156 264";"27 562 563";"2024-09-07 22:19:02"
"2024-09-08";"Telegram";"62 114 772";"3 542 111";"27 563 421";"2024-09-08 14:23:48"
"2024-09-04";"";"49 122";"2 430";"27 562 944";"2024-09-04 03:12:35"
"2024-09-08";"Facebook";"6 824 161";"677 892";"27 563 260";"2024-09-08 16:13:20"
"2024-09-10";"Facebook";"1 810 726";"39 508";"27 562 531";"2024-09-10 05:14:22"
"2024-09-02";"YouTube";"32 945";"18 625";"27 562 036";"2024-09-02 21:30:35"
"2024-09-01";"";"446 942";"19 728";"27 561 989";"2024-09-01 17:50:46"
"2024-09-07";"";"165 905";"7 404";"27 562 696";"2024-09-07 08:29:53"
"2024-09-03";"";"279 651";"713 920";"27 562 034";"2024-09-03 22:31:35"
"2024-09-07";"Unknown";"280 530";"49 878";"27 562 588";"2024-09-07 03:48:04"
"2024-09-05";"";"95 481";"4 551";"27 563 219";"2024-09-05 03:12:40"
"2024-09-04";"";"299 686";"12 737";"27 562 864";"2024-09-04 18:03:04"
"2024-09-06";"";"38 303";"9 932";"27 562 552";"2024-09-06 22:55:02"
"2024-09-06";"";"32 970";"5 611";"27 562 140";"2024-09-06 16:01:25"
"2024-09-05";"YouTube";"90 557";"37 607";"27 561 753";"2024-09-05 07:04:21"
"2024-09-06";"Instagram";"1 037 179";"232 438";"27 563 022";"2024-09-06 20:17:36"
"2024-09-05";"Facebook";"2 046 143";"61 325";"27 563 463";"2024-09-05 07:28:14"
"2024-09-04";"Instagram";"1 097 096";"468 897";"27 562 578";"2024-09-04 20:53:59"
"2024-09-08";"";"127 383";"86 850";"27 562 024";"2024-09-08 12:33:42"
"2024-09-05";"Telegram";"30 906";"4 287";"27 561 253";"2024-09-05 12:33:51"
"2024-09-06";"";"285 813";"17 748";"27 561 621";"2024-09-06 12:21:35"
"2024-09-04";"Yandex";"7 647 441";"201 072";"27 562 489";"2024-09-04 12:33:05"
"2024-09-04";"";"123 805";"18 761";"27 562 899";"2024-09-04 09:06:45"
"2024-09-02";"";"637 986";"89 603";"27 562 656";"2024-09-02 08:29:15"
"2024-09-09";"";"963 758";"354 493";"27 562 098";"2024-09-09 06:51:42"
"2024-09-02";"YouTube";"480 395";"29 215";"27 562 737";"2024-09-02 21:30:56"
"2024-09-06";"";"31 970";"425 304";"27 562 525";"2024-09-06 05:14:12"
"2024-09-04";"";"5 618 869";"189 821";"27 561 922";"2024-09-04 21:30:06"
"2024-09-03";"PUBG";"11 883 955";"367 443";"27 562 096";"2024-09-04 01:58:53"
"2024-09-03";"";"157 116";"9 353";"27 562 878";"2024-09-03 08:29:44"
"2024-09-05";"";"1 017 984";"46 965";"27 562 784";"2024-09-06 00:09:29"
"2024-09-09";"Yandex";"48 578";"43 550";"27 561 743";"2024-09-09 19:28:21"
"2024-09-05";"";"68 217";"68 593";"27 563 183";"2024-09-05 13:10:48"
"2024-09-10";"";"605 459";"269 629";"27 561 908";"2024-09-10 03:48:50"
"2024-09-07";"";"29 645";"4 061";"27 563 111";"2024-09-07 13:46:37"
"2024-09-03";"";"29 945";"4 195";"27 561 998";"2024-09-03 15:00:41"
"2024-09-07";"";"603 080";"37 385";"27 561 809";"2024-09-07 04:25:44"
"2024-09-02";"";"69 265";"4 122";"27 561 893";"2024-09-02 22:07:13"
"2024-09-07";"";"1 041 289";"160 448";"27 563 000";"2024-09-07 12:57:17"
"2024-09-07";"Facebook";"575 367";"248 719";"27 563 410";"2024-09-08 01:46:20"
"2024-09-09";"YouTube";"234 861";"2 338 064";"27 563 250";"2024-09-09 08:05:49"
"2024-09-01";"";"5 847 569";"1 293 345";"27 561 655";"2024-09-01 05:14:09"
"2024-09-05";"YouTube";"2 063 248";"100 476";"27 561 290";"2024-09-05 07:04:37"
"2024-09-06";"";"830 291";"82 834";"27 561 231";"2024-09-07 00:45:11"
"2024-09-06";"";"96 403";"21 565";"27 563 110";"2024-09-06 11:08:39"
"2024-09-03";"";"636 219";"135 898";"27 562 124";"2024-09-03 16:37:41"
"2024-09-06";"YouTube";"22 265 183";"675 740";"27 562 292";"2024-09-06 22:43:29"
"2024-09-04";"";"35 835";"25 401";"27 561 224";"2024-09-04 15:36:12"
"2024-09-03";"";"0";"86 272";"27 562 133";"2024-09-03 19:52:22"
"2024-09-04";"Facebook";"341 428";"27 525";"27 561 224";"2024-09-04 04:13:29"
"2024-09-08";"";"143 307";"8 706";"27 561 587";"2024-09-09 00:33:20"
"2024-09-09";"TikTok";"5 200";"312 361";"27 563 082";"2024-09-09 20:41:55"
"2024-09-02";"";"103 933";"73 758";"27 563 468";"2024-09-02 22:31:36"
"2024-09-08";"";"1 016 365";"35 781";"27 561 940";"2024-09-08 13:46:21"
"2024-09-08";"PUBG";"24 807 906";"1 363 409";"27 563 177";"2024-09-08 14:35:53"
"2024-09-04";"";"974 865";"52 405";"27 562 397";"2024-09-05 01:10:12"
"2024-09-07";"YouTube";"699 228";"5 144 944";"27 563 072";"2024-09-07 07:52:01"
"2024-09-05";"";"2 149 593";"69 069";"27 562 289";"2024-09-05 09:42:46"
"2024-09-10";"YouTube";"300 631";"21 510";"27 563 418";"2024-09-10 16:01:41"
"2024-09-04";"";"2 226";"92 931";"27 562 125";"2024-09-05 00:57:51"
"2024-09-09";"Instagram";"182 111";"4 285";"27 563 489";"2024-09-09 15:36:03"
"2024-09-04";"";"1 941 768";"68 680";"27 563 261";"2024-09-04 19:28:04"
"2024-09-09";"";"59 693";"199 854";"27 561 831";"2024-09-09 14:47:15"
"2024-09-01";"";"30 491";"11 238";"27 562 799";"2024-09-01 20:29:57"
"2024-09-06";"";"4 252 735";"302 224";"27 563 336";"2024-09-07 02:59:09"
"2024-09-03";"";"267 225";"14 744";"27 561 616";"2024-09-03 20:29:59"
"2024-09-04";"";"179 507 850";"25 371 467";"27 562 978";"2024-09-04 08:17:33"
"2024-09-10";"YouTube";"1 522 206";"224 587";"27 562 365";"2024-09-10 04:13:07"
"2024-09-02";"";"31 551";"2 193";"27 563 143";"2024-09-02 03:24:37"
"2024-09-07";"";"49 608";"593 122";"27 562 850";"2024-09-07 13:10:07"
"2024-09-05";"Facebook";"400 605";"145 521";"27 561 320";"2024-09-05 09:06:01"
"2024-09-09";"";"2 245 612";"520 495";"27 561 339";"2024-09-09 14:47:01"
"2024-09-07";"Instagram";"71 314 591";"1 366 141";"27 561 922";"2024-09-07 23:32:27"
"2024-09-07";"Facebook";"33 437";"3 285";"27 563 077";"2024-09-07 05:02:07"
"2024-09-05";"";"13 549";"55 660";"27 561 486";"2024-09-05 20:29:32"
"2024-09-06";"";"34 790";"23 940";"27 562 988";"2024-09-06 05:50:47"
"2024-09-07";"";"99 650";"461 896";"27 561 887";"2024-09-07 21:06:35"
"2024-09-03";"";"39 392 840";"1 070 169";"27 562 233";"2024-09-03 20:29:50"
"2024-09-06";"Yandex";"479 956";"32 116";"27 563 437";"2024-09-06 11:32:20"
"2024-09-10";"";"1 017 345";"177 002";"27 562 150";"2024-09-10 14:47:03"
"2024-09-04";"";"648 193";"16 167";"27 561 737";"2024-09-04 19:40:43"
"2024-09-01";"";"10 471 285";"270 527";"27 561 662";"2024-09-01 15:12:18"
"2024-09-09";"";"304 630";"32 564";"27 563 414";"2024-09-09 21:54:11"
"2024-09-10";"Tas-ix";"670 687";"23 784";"27 562 517";"2024-09-10 10:31:44"
"2024-09-03";"";"159 222";"20 822";"27 563 139";"2024-09-03 23:44:00"
"2024-09-08";"";"155 444";"191 016";"27 562 762";"2024-09-08 23:20:44"
"2024-09-05";"";"119 058";"334 456";"27 562 559";"2024-09-05 13:34:35"
"2024-09-03";"";"102 923";"27 798";"27 562 566";"2024-09-03 20:41:47"
"2024-09-04";"";"80 159";"41 531";"27 561 173";"2024-09-04 13:10:16"
"2024-09-02";"Instagram";"33 680 134";"1 154 550";"27 562 466";"2024-09-02 07:04:46"
"2024-09-01";"Facebook";"90 369";"10 135";"27 562 034";"2024-09-01 19:04:45"
"2024-09-10";"Unknown";"167 821";"40 482";"27 563 390";"2024-09-10 10:43:43"
"2024-09-08";"YouTube";"962 230";"69 174";"27 561 391";"2024-09-08 07:04:54"
"2024-09-09";"";"50 553";"21 831";"27 562 580";"2024-09-09 03:24:03"
"2024-09-04";"YouTube";"34 324";"127 149";"27 563 443";"2024-09-04 04:13:54"
"2024-09-07";"";"813 269";"72 054";"27 562 040";"2024-09-07 14:23:33"
"2024-09-06";"";"31 646";"11 513";"27 562 826";"2024-09-06 10:19:11"
"2024-09-08";"";"43 420";"128 890";"27 562 701";"2024-09-08 17:50:43"
"2024-09-03";"";"50 632";"2 383";"27 563 403";"2024-09-04 02:35:50"
"2024-09-03";"Telegram";"25 043 708";"12 886 739";"27 563 031";"2024-09-03 10:07:44"
"2024-09-02";"";"1 024 481";"1 883 678";"27 562 320";"2024-09-02 10:19:41"
"2024-09-06";"Facebook";"1 674 922";"131 660";"27 562 992";"2024-09-06 09:42:05"
"2024-09-04";"";"49 948";"9 674";"27 562 566";"2024-09-04 09:42:56"
"2024-09-07";"YouTube";"338 347";"3 571 022";"27 563 231";"2024-09-07 12:09:33"
"2024-09-09";"";"121 119";"16 619";"27 563 022";"2024-09-09 05:38:57"
"2024-09-08";"Telegram";"635 409";"44 170";"27 561 959";"2024-09-08 22:19:15"
"2024-09-02";"";"133 952";"255 642";"27 562 660";"2024-09-02 05:14:55"
"2024-09-01";"";"911 772";"36 878";"27 563 453";"2024-09-01 05:50:06"
"2024-09-08";"";"6 376 660";"209 287";"27 561 569";"2024-09-08 14:47:39"
"2024-09-03";"";"66 049";"51 213";"27 562 371";"2024-09-04 01:22:32"
"2024-09-05";"";"675 188";"158 258";"27 561 355";"2024-09-06 01:46:54"
"2024-09-04";"";"59 979";"9 342";"27 561 225";"2024-09-04 12:21:33"
"2024-09-06";"";"243 549";"71 767";"27 563 083";"2024-09-06 07:16:33"
"2024-09-02";"";"628 568 516";"28 588 971";"27 561 352";"2024-09-03 02:47:14"
"2024-09-09";"Facebook";"155 419";"53 285";"27 562 518";"2024-09-09 03:24:47"
"2024-09-10";"";"99 788";"12 890";"27 561 914";"2024-09-11 01:58:46"
"2024-09-02";"";"81 819";"49 845";"27 562 495";"2024-09-02 03:24:56"
"2024-09-06";"";"65 042";"3 293";"27 562 212";"2024-09-06 10:55:23"
"2024-09-01";"VKontakte";"93 164";"108 081";"27 563 451";"2024-09-01 08:05:32"
"2024-09-05";"Facebook";"196 499";"60 455";"27 561 182";"2024-09-05 13:34:49"
"2024-09-02";"";"1 723 494";"132 315";"27 563 030";"2024-09-02 12:09:18"
"2024-09-06";"";"22 942 911";"972 223";"27 561 547";"2024-09-07 01:34:51"
"2024-09-08";"Facebook";"725 610";"400 987";"27 563 136";"2024-09-08 16:37:45"
"2024-09-06";"";"379 686";"24 070";"27 562 491";"2024-09-06 07:16:17"
"2024-09-03";"";"30 539";"14 874";"27 561 437";"2024-09-03 08:53:34"
"2024-09-07";"";"68 978";"8 528";"27 562 792";"2024-09-07 13:46:55"
"2024-09-09";"";"92 779";"1 654 620";"27 563 122";"2024-09-09 10:19:13"
"2024-09-03";"";"48 092";"5 408";"27 562 143";"2024-09-03 07:40:55"
"2024-09-07";"";"33 215";"5 665";"27 563 182";"2024-09-07 03:00:28"
"2024-09-01";"";"14 446";"112 148";"27 561 341";"2024-09-01 21:54:05"
"2024-09-02";"YouTube";"9 837 446";"503 924";"27 562 841";"2024-09-02 13:10:33"
"2024-09-08";"PUBG";"328 732";"26 381";"27 562 982";"2024-09-08 12:33:11"
"2024-09-09";"";"46 659";"2 998";"27 561 692";"2024-09-09 04:37:16"
"2024-09-10";"";"23 831 611";"766 924";"27 561 177";"2024-09-11 02:35:45"
"2024-09-07";"";"18 503 294";"846 208";"27 561 818";"2024-09-07 09:42:55"
"2024-09-02";"";"26 810";"2 969";"27 563 295";"2024-09-02 22:19:57"
"2024-09-04";"";"110 635";"4 360";"27 561 697";"2024-09-04 14:35:09"
"2024-09-02";"Tas-ix";"294 655";"16 842";"27 562 511";"2024-09-02 04:37:54"
"2024-09-05";"WhatsApp";"75 267";"5 228";"27 562 905";"2024-09-06 02:35:24"
"2024-09-05";"";"30 079";"15 883";"27 562 793";"2024-09-05 05:02:39"
"2024-09-05";"YouTube";"8 681 014";"3 416 753";"27 561 424";"2024-09-05 18:27:17"
"2024-09-03";"";"3 893 142";"190 914";"27 562 550";"2024-09-03 03:36:40"
"2024-09-08";"Instagram";"390 129";"43 798";"27 563 047";"2024-09-08 10:07:19"
"2024-09-10";"";"607 430";"153 932";"27 563 058";"2024-09-10 13:22:53"
"2024-09-04";"";"820 068";"39 897";"27 561 722";"2024-09-05 00:45:19"
"2024-09-09";"";"14 296";"123 293";"27 561 676";"2024-09-10 00:09:55"
"2024-09-06";"";"276 705";"13 408";"27 561 177";"2024-09-06 04:13:21"
"2024-09-02";"";"10 078 796";"137 817";"27 562 784";"2024-09-02 08:53:46"
"2024-09-05";"";"166 671";"7 468";"27 562 840";"2024-09-05 22:19:01"
"2024-09-10";"Facebook";"9 496 105";"340 342";"27 563 394";"2024-09-11 02:47:24"
"2024-09-08";"";"68 621";"6 152";"27 563 093";"2024-09-08 16:13:27"
"2024-09-02";"";"26 564";"6 574";"27 563 048";"2024-09-02 21:18:31"
"2024-09-03";"Facebook";"822 048";"384 264";"27 562 772";"2024-09-03 03:12:03"
"2024-09-07";"";"3 570";"55 838";"27 562 138";"2024-09-07 11:08:54"
"2024-09-09";"";"27 604";"3 228";"27 562 239";"2024-09-09 19:52:08"
"2024-09-08";"Yandex";"66 769";"8 996";"27 561 884";"2024-09-09 00:45:37"
"2024-09-04";"";"26 433";"4 385";"27 563 467";"2024-09-04 05:38:08"
"2024-09-10";"";"105 079 588";"5 972 441";"27 561 801";"2024-09-11 00:09:40"
"2024-09-07";"";"455 356";"287 810";"27 562 398";"2024-09-07 09:06:51"
"2024-09-08";"";"1 560 718";"797 885";"27 562 698";"2024-09-08 06:03:06"
"2024-09-05";"";"52 126";"18 041";"27 561 251";"2024-09-05 18:27:41"
"2024-09-09";"";"152 565";"14 804";"27 562 784";"2024-09-09 20:29:53"
"2024-09-06";"";"26 771";"6 669";"27 561 402";"2024-09-06 11:20:34"
"2024-09-07";"Instagram";"17 895 615";"10 562 485";"27 562 759";"2024-09-07 07:40:01"
"2024-09-10";"";"211 747";"189 814";"27 562 289";"2024-09-10 20:41:55"
"2024-09-01";"YouTube";"44 260 337";"4 275 647";"27 561 950";"2024-09-01 19:04:19"
"2024-09-03";"";"1 762 842";"122 113";"27 561 608";"2024-09-03 22:55:09"
"2024-09-08";"";"212 317";"15 530";"27 561 698";"2024-09-08 18:27:58"
"2024-09-10";"";"4 303 282";"294 879";"27 563 514";"2024-09-10 04:01:21"
"2024-09-09";"YouTube";"12 234 277";"1 249 377";"27 563 447";"2024-09-10 01:34:16"
"2024-09-03";"";"125 068 964";"4 988 887";"27 561 796";"2024-09-03 06:51:18"
"2024-09-08";"";"91 037";"5 380";"27 562 436";"2024-09-08 12:57:04"
"2024-09-07";"";"1 263 855";"82 492";"27 563 139";"2024-09-07 22:07:23"
"2024-09-09";"";"266 865";"96 400";"27 562 590";"2024-09-09 04:25:32"
"2024-09-06";"";"62 622";"6 047";"27 563 116";"2024-09-06 08:29:26"
"2024-09-06";"Instagram";"3 797 776";"3 661 300";"27 562 313";"2024-09-06 23:56:10"
"2024-09-07";"Instagram";"169 474 379";"4 919 677";"27 563 083";"2024-09-07 03:36:40"
"2024-09-02";"Telegram";"9 164 026";"764 432";"27 563 404";"2024-09-02 21:18:44"
"2024-09-07";"";"54 325";"20 557";"27 562 710";"2024-09-07 05:02:28"
"2024-09-08";"";"3 613 940";"199 743";"27 562 593";"2024-09-08 14:23:36"
"2024-09-06";"";"77 316";"7 240";"27 562 849";"2024-09-06 07:16:05"
"2024-09-03";"";"53 588";"4 308";"27 562 558";"2024-09-03 11:56:38"
"2024-09-06";"";"270 850";"25 837";"27 561 669";"2024-09-07 02:47:26"
"2024-09-03";"Unknown";"82 260";"42 147";"27 561 536";"2024-09-03 18:27:44"
"2024-09-08";"";"116 333";"6 170";"27 561 692";"2024-09-08 10:43:25"
"2024-09-04";"Instagram";"38 900 769";"1 772 437";"27 561 758";"2024-09-05 01:46:52"
"2024-09-07";"";"30 506";"2 628";"27 563 109";"2024-09-07 17:14:31"
"2024-09-04";"";"82 032";"6 143";"27 561 224";"2024-09-05 02:35:41"
"2024-09-10";"TikTok";"104 728";"849 954";"27 563 136";"2024-09-10 13:22:06"
"2024-09-05";"";"9 429";"78 379";"27 563 471";"2024-09-05 19:28:38"
"2024-09-06";"";"481 936";"14 810";"27 561 524";"2024-09-06 21:06:47"
"2024-09-05";"";"239 466";"23 611";"27 562 608";"2024-09-05 16:37:50"
"2024-09-05";"YouTube";"2 352 753";"414 394";"27 563 148";"2024-09-05 22:07:11"
"2024-09-04";"";"217 770";"12 655";"27 562 376";"2024-09-04 04:25:24"
"2024-09-10";"";"3 313 308";"1 183 691";"27 563 445";"2024-09-11 02:59:29"
"2024-09-10";"";"248 370";"104 945";"27 561 562";"2024-09-10 14:35:53"
"2024-09-06";"Instagram";"699 652";"211 228";"27 561 745";"2024-09-06 11:20:48"
"2024-09-05";"";"27 077";"5 195";"27 562 445";"2024-09-05 19:52:22"
"2024-09-10";"";"50 209";"4 495";"27 562 720";"2024-09-10 11:44:07"
"2024-09-09";"YouTube";"12 228 958";"817 161";"27 562 826";"2024-09-09 10:19:21"
"2024-09-09";"";"73 893";"30 613";"27 562 090";"2024-09-09 13:46:25"
"2024-09-03";"YouTube";"256 144";"2 101 707";"27 561 934";"2024-09-03 22:31:58"
"2024-09-04";"";"54 353";"120 043";"27 562 066";"2024-09-04 15:36:03"
"2024-09-08";"";"661 335";"28 438";"27 562 527";"2024-09-08 16:13:57"
"2024-09-02";"Facebook";"37 681";"13 996";"27 561 940";"2024-09-02 08:17:36"
"2024-09-08";"Instagram";"31 680 214";"892 083";"27 563 451";"2024-09-08 04:37:42"
"2024-09-06";"Telegram";"287 106 901";"14 348 457";"27 561 203";"2024-09-07 01:58:33"
"2024-09-01";"";"427 098";"33 238";"27 562 480";"2024-09-01 19:16:43"
"2024-09-05";"Yandex";"71 028";"6 322";"27 561 552";"2024-09-06 01:10:53"
"2024-09-06";"YouTube";"222 487";"24 336";"27 561 742";"2024-09-06 10:43:08"
"2024-09-03";"";"39 752";"2 254";"27 561 433";"2024-09-03 09:06:00"
"2024-09-09";"Telegram";"3 774 200";"807 654";"27 562 701";"2024-09-09 17:14:38"
"2024-09-05";"";"36 208";"3 479";"27 563 267";"2024-09-05 18:27:36"
"2024-09-09";"YouTube";"5 898 121";"300 142";"27 562 651";"2024-09-10 02:23:02"
"2024-09-03";"Yandex";"42 933";"2 521";"27 561 707";"2024-09-04 01:34:34"
"2024-09-03";"YouTube";"6 108";"35 727";"27 563 280";"2024-09-03 06:15:58"
"2024-09-10";"";"9 242";"452 945";"27 562 404";"2024-09-10 22:07:01"
"2024-09-04";"";"63 734";"24 098";"27 563 318";"2024-09-04 19:52:38"
"2024-09-02";"";"392 899";"50 905";"27 563 083";"2024-09-02 23:44:58"
"2024-09-08";"YouTube";"133 438 575";"6 784 444";"27 563 195";"2024-09-08 22:19:30"
"2024-09-02";"";"7 039 107";"913 981";"27 563 261";"2024-09-02 19:28:30"
"2024-09-03";"Instagram";"2 285 491";"488 926";"27 562 512";"2024-09-03 20:17:24"
"2024-09-09";"";"52 388";"5 029";"27 561 906";"2024-09-09 12:57:34"
"2024-09-02";"Facebook";"305 428";"31 648";"27 563 219";"2024-09-02 23:56:10"
"2024-09-08";"";"104 618";"9 066";"27 563 231";"2024-09-08 23:44:56"
"2024-09-10";"";"4 495 734";"277 392";"27 561 200";"2024-09-10 09:06:31"
"2024-09-07";"Instagram";"83 507";"33 962";"27 562 752";"2024-09-07 16:49:34"
"2024-09-10";"";"213 722 371";"8 686 503";"27 563 404";"2024-09-10 13:34:08"
"2024-09-04";"";"49 525";"32 793";"27 561 613";"2024-09-05 01:58:43"
"2024-09-04";"Yandex";"1 154 694";"48 615";"27 562 839";"2024-09-05 00:09:33"
"2024-09-03";"";"64 232";"124 948";"27 563 502";"2024-09-03 15:00:31"
"2024-09-07";"";"5 476";"38 888";"27 561 707";"2024-09-07 15:24:23"
"2024-09-06";"";"35 445";"3 078";"27 563 107";"2024-09-06 06:03:25"
"2024-09-03";"";"29 283";"4 293";"27 561 800";"2024-09-03 03:36:35"
"2024-09-07";"";"83 539";"5 045";"27 562 969";"2024-09-07 03:24:45"
"2024-09-06";"";"168 049";"12 861";"27 562 756";"2024-09-07 01:10:09"
"2024-09-02";"YouTube";"1 783 793";"101 652";"27 561 190";"2024-09-02 08:05:14"
"2024-09-08";"";"27 825";"231 290";"27 563 427";"2024-09-08 14:35:11"
"2024-09-08";"";"31 013";"2 610";"27 562 226";"2024-09-09 02:23:36"
"2024-09-06";"";"608 395";"45 120";"27 561 339";"2024-09-06 22:55:55"
"2024-09-07";"";"1 964 762";"96 384";"27 561 743";"2024-09-07 05:26:31"
"2024-09-09";"Likee";"2 782 315";"175 155";"27 561 893";"2024-09-10 01:10:54"
"2024-09-01";"";"593 670";"71 074";"27 562 654";"2024-09-01 19:04:47"
"2024-09-03";"";"26 709";"16 843";"27 563 093";"2024-09-03 19:52:15"
"2024-09-10";"";"25 452";"31 192";"27 562 007";"2024-09-10 07:04:26"
"2024-09-08";"";"80 371";"4 789";"27 561 710";"2024-09-08 11:20:11"
"2024-09-02";"";"66 536";"5 490";"27 561 650";"2024-09-02 05:26:00"
"2024-09-02";"";"9 687 951";"423 102";"27 561 184";"2024-09-03 00:33:10"
"2024-09-06";"YouTube";"3 945 989";"523 963";"27 561 373";"2024-09-06 03:12:59"
"2024-09-04";"";"27 339";"32 712";"27 562 675";"2024-09-04 06:51:00"
"2024-09-01";"Telegram";"1 517 337";"112 046";"27 563 066";"2024-09-02 02:23:33"
"2024-09-09";"";"98 559";"39 811";"27 563 266";"2024-09-09 13:10:03"
"2024-09-07";"";"30 535";"2 345";"27 562 152";"2024-09-07 03:00:28"
"2024-09-01";"";"30 039";"2 719";"27 562 250";"2024-09-02 01:58:27"
"2024-09-01";"";"58 525";"12 269";"27 561 177";"2024-09-01 21:54:47"
"2024-09-07";"YouTube";"281 809 430";"16 845 578";"27 562 558";"2024-09-07 19:28:50"
"2024-09-05";"";"40 168";"75 535";"27 562 070";"2024-09-06 02:23:17"
"2024-09-03";"";"7 311 377";"200 758";"27 562 622";"2024-09-03 18:15:01"
"2024-09-09";"";"105 616";"404 472";"27 561 279";"2024-09-09 19:28:00"
"2024-09-02";"";"52 712";"132 194";"27 562 795";"2024-09-02 13:46:49"
"2024-09-09";"Facebook";"598 005";"324 275";"27 562 527";"2024-09-09 11:20:42"
"2024-09-04";"";"49 043";"19 091";"27 563 271";"2024-09-05 01:34:21"
"2024-09-05";"";"531 840";"371 536";"27 562 816";"2024-09-05 19:16:33"
"2024-09-08";"";"67 686";"26 878";"27 562 124";"2024-09-08 07:04:45"
"2024-09-09";"YouTube";"1 867 758";"967 919";"27 562 571";"2024-09-09 08:17:36"
"2024-09-09";"";"1 658 412";"157 101";"27 562 470";"2024-09-09 12:33:35"
"2024-09-02";"Instagram";"72 303 721";"3 407 853";"27 561 378";"2024-09-03 01:34:35"
"2024-09-06";"";"499 917";"37 417";"27 562 444";"2024-09-07 01:34:33"
"2024-09-07";"YouTube";"8 726 247";"460 417";"27 563 218";"2024-09-07 19:04:06"
"2024-09-01";"";"129 616";"23 508";"27 563 181";"2024-09-01 07:04:31"
"2024-09-07";"";"653 334";"157 126";"27 561 182";"2024-09-07 07:40:04"
"2024-09-02";"";"89 994";"3 749";"27 562 825";"2024-09-03 02:23:37"
"2024-09-05";"";"37 404 581";"2 531 566";"27 563 154";"2024-09-05 06:27:01"
"2024-09-03";"";"136 917";"10 572";"27 562 117";"2024-09-03 12:09:34"
"2024-09-07";"";"85 093";"12 196";"27 563 140";"2024-09-07 20:29:12"
"2024-09-07";"";"29 731";"7 251";"27 562 698";"2024-09-08 01:22:09"
"2024-09-04";"Apple Music";"38 577";"10 997";"27 561 312";"2024-09-04 17:14:15"
"2024-09-03";"";"30 326";"35 612";"27 562 489";"2024-09-03 13:58:59"
"2024-09-08";"";"29 518";"3 618";"27 561 555";"2024-09-08 19:16:31"
"2024-09-08";"";"35 061";"8 495";"27 562 344";"2024-09-08 23:56:15"
"2024-09-09";"Telegram";"141 586";"45 278";"27 562 871";"2024-09-09 03:24:08"
"2024-09-02";"";"1 738 990";"66 787";"27 561 825";"2024-09-02 20:17:57"
"2024-09-09";"Facebook";"88 520";"9 635";"27 561 775";"2024-09-09 22:55:21"
"2024-09-06";"";"342 290";"61 265";"27 562 170";"2024-09-06 22:55:15"
"2024-09-07";"";"1 261 790";"65 487";"27 561 199";"2024-09-07 08:17:12"
"2024-09-08";"";"1 663 942";"295 398";"27 562 025";"2024-09-08 07:40:33"
"2024-09-09";"YouTube";"10 834";"179 839";"27 562 895";"2024-09-09 20:53:46"
"2024-09-09";"";"82 872";"4 753";"27 561 573";"2024-09-09 04:25:36"
"2024-09-04";"";"4 578 582";"298 410";"27 562 497";"2024-09-04 03:12:49"
"2024-09-09";"Facebook";"305 276";"13 708";"27 563 122";"2024-09-09 03:24:09"
"2024-09-02";"";"79 074";"2 826";"27 561 796";"2024-09-02 15:00:39"
"2024-09-03";"";"192 850";"110 666";"27 563 445";"2024-09-03 15:36:35"
"2024-09-06";"Instagram";"247 866";"421 788";"27 563 151";"2024-09-06 09:54:36"
"2024-09-02";"Facebook";"1 293 365";"59 653";"27 562 919";"2024-09-02 21:18:30"
"2024-09-07";"";"18 351";"40 149";"27 561 873";"2024-09-07 15:00:45"
"2024-09-09";"";"40 510";"15 736";"27 561 375";"2024-09-09 17:26:22"
"2024-09-05";"";"195 442";"33 595";"27 561 828";"2024-09-05 08:17:10"
"2024-09-06";"YouTube";"32 222";"193 501";"27 562 633";"2024-09-06 06:03:37"
"2024-09-01";"Instagram";"5 372 935";"227 692";"27 562 453";"2024-09-01 14:47:26"
"2024-09-06";"";"95 483";"6 968";"27 561 770";"2024-09-06 22:31:04"
"2024-09-03";"Yandex";"1 694 348";"800 855";"27 562 721";"2024-09-03 22:43:52"
"2024-09-07";"";"129 383";"4 649";"27 562 302";"2024-09-07 19:52:20"
"2024-09-10";"YouTube";"49 218";"10 682";"27 563 306";"2024-09-10 23:20:59"
"2024-09-03";"";"56 779";"17 271";"27 562 156";"2024-09-03 13:10:20"
"2024-09-01";"";"27 620";"3 853";"27 562 443";"2024-09-01 12:33:14"
"2024-09-06";"";"30 034";"4 633";"27 561 251";"2024-09-06 14:47:46"
"2024-09-06";"Yandex";"66 639";"17 481";"27 561 792";"2024-09-06 03:00:01"
"2024-09-06";"";"30 789";"3 189";"27 563 134";"2024-09-06 21:18:39"
"2024-09-02";"";"119 753";"182 883";"27 561 680";"2024-09-02 23:56:26"
"2024-09-08";"";"32 337";"2 356";"27 561 862";"2024-09-08 16:13:46"
"2024-09-05";"";"87 120";"8 227";"27 561 234";"2024-09-05 22:07:53"
"2024-09-09";"";"35 208";"4 289";"27 561 761";"2024-09-09 20:17:34"
"2024-09-05";"Telegram";"2 765 201";"197 620";"27 561 481";"2024-09-06 00:21:48"
"2024-09-04";"YouTube";"311 339";"19 042";"27 562 420";"2024-09-05 00:21:03"
"2024-09-06";"YouTube";"110 875";"47 899";"27 561 888";"2024-09-06 17:14:27"
"2024-09-08";"Facebook";"2 288 807";"137 926";"27 563 439";"2024-09-09 00:33:27"
"2024-09-06";"Likee";"15 039 041";"1 085 268";"27 562 069";"2024-09-06 08:29:23"
"2024-09-10";"Instagram";"48 498 197";"2 444 058";"27 562 102";"2024-09-11 02:35:22"
"2024-09-06";"";"338 094";"36 962";"27 563 112";"2024-09-06 11:56:30"
"2024-09-08";"Instagram";"2 130 291";"154 255";"27 561 734";"2024-09-08 13:46:45"
"2024-09-09";"Tas-ix";"0";"70 877";"27 562 377";"2024-09-09 08:17:48"
"2024-09-03";"";"58 188";"3 065";"27 563 462";"2024-09-03 08:53:12"
"2024-09-03";"";"29 042";"2 317";"27 561 974";"2024-09-03 18:39:13"
"2024-09-08";"";"26 236";"1 558";"27 562 356";"2024-09-08 05:14:37"
"2024-09-05";"YouTube";"111 005";"46 020";"27 562 946";"2024-09-05 20:05:10"
"2024-09-04";"";"26 844";"3 482";"27 561 379";"2024-09-04 17:26:03"
"2024-09-08";"";"638 778";"162 846";"27 563 231";"2024-09-08 03:24:36"
"2024-09-05";"";"1 051 883";"108 143";"27 561 388";"2024-09-05 13:46:20"
"2024-09-04";"";"791 831";"43 528";"27 562 047";"2024-09-04 18:39:13"
"2024-09-01";"";"54 329";"2 627";"27 561 326";"2024-09-01 07:16:29"
"2024-09-05";"Facebook";"1 616 694";"71 050";"27 562 172";"2024-09-05 19:04:17"
"2024-09-10";"Facebook";"243 293";"128 525";"27 562 442";"2024-09-10 13:58:58"
"2024-09-07";"Telegram";"1 869 218";"460 270";"27 562 456";"2024-09-07 03:48:14"
"2024-09-09";"";"242 653";"140 593";"27 561 775";"2024-09-09 17:26:52"
"2024-09-09";"";"53 810";"72 223";"27 561 356";"2024-09-09 12:33:00"
"2024-09-02";"Telegram";"2 547 289";"124 062";"27 562 712";"2024-09-02 10:31:13"
"2024-09-10";"YouTube";"3 823 549";"119 630";"27 561 332";"2024-09-10 06:39:11"
"2024-09-07";"YouTube";"2 090 154";"101 535";"27 562 343";"2024-09-07 12:09:16"
"2024-09-06";"";"191 969";"16 770";"27 562 243";"2024-09-06 14:59:47"
"2024-09-09";"Instagram";"80 816 946";"2 950 258";"27 562 560";"2024-09-09 07:04:12"
"2024-09-10";"";"290 311";"81 314";"27 561 358";"2024-09-10 12:45:56"
"2024-09-05";"";"89 381";"8 505";"27 562 657";"2024-09-05 17:26:18"
"2024-09-03";"Facebook";"806 647";"463 193";"27 562 059";"2024-09-03 03:00:38"
"2024-09-10";"Facebook";"32 856";"11 266";"27 562 951";"2024-09-10 13:22:21"
"2024-09-06";"";"26 299";"2 683";"27 563 052";"2024-09-06 17:02:49"
"2024-09-08";"";"14 450 672";"742 542";"27 562 832";"2024-09-08 17:14:12"
"2024-09-02";"";"44 172";"5 440";"27 562 233";"2024-09-02 07:52:16"
"2024-09-05";"Telegram";"30 383 336";"1 102 126 071";"27 561 402";"2024-09-06 02:47:34"
"2024-09-04";"Facebook";"1 606 177";"53 412";"27 563 029";"2024-09-04 16:49:35"
"2024-09-01";"";"14 796";"27 718";"27 563 186";"2024-09-01 13:34:05"
"2024-09-01";"YouTube";"1 595 864";"681 432";"27 562 784";"2024-09-01 11:56:32"
"2024-09-07";"";"32 838";"2 128";"27 561 992";"2024-09-08 01:46:49"
"2024-09-07";"";"317 413";"45 017";"27 561 545";"2024-09-07 09:30:24"
"2024-09-01";"";"136 336";"5 085";"27 563 467";"2024-09-01 16:01:34"
"2024-09-10";"";"35 845 197";"1 591 513";"27 561 571";"2024-09-11 01:10:27"
"2024-09-09";"";"5 117 593";"401 412";"27 562 142";"2024-09-09 16:25:50"
"2024-09-02";"";"60 647";"32 202";"27 562 649";"2024-09-02 20:29:28"
"2024-09-10";"";"57 004";"2 799";"27 562 741";"2024-09-10 22:43:58"
"2024-09-06";"";"1 030 236";"108 185";"27 563 082";"2024-09-06 08:41:44"
"2024-09-04";"";"40 017";"3 155";"27 562 784";"2024-09-04 23:32:11"
"2024-09-09";"";"246 270";"16 136";"27 562 795";"2024-09-09 17:26:44"
"2024-09-06";"";"308 690";"112 531";"27 562 223";"2024-09-07 00:21:12"
"2024-09-08";"";"144 682";"28 144";"27 561 461";"2024-09-08 05:26:48"
"2024-09-09";"";"1 481 847";"73 529";"27 561 315";"2024-09-09 11:56:13"
"2024-09-02";"";"22 638 950";"4 551 727";"27 561 827";"2024-09-03 00:57:46"
"2024-09-10";"Instagram";"4 396 254";"127 381";"27 563 168";"2024-09-10 22:55:56"
"2024-09-02";"";"27 357";"1 954";"27 562 810";"2024-09-02 10:31:53"
"2024-09-03";"Instagram";"16 631 755";"703 027";"27 562 340";"2024-09-03 17:02:07"
"2024-09-04";"";"9 421";"90 584";"27 563 463";"2024-09-05 00:45:40"
"2024-09-06";"";"8 779 025";"775 514";"27 562 016";"2024-09-06 22:19:25"
"2024-09-10";"Yandex";"69 952";"7 096";"27 562 847";"2024-09-10 11:08:50"
"2024-09-03";"";"1 500";"85 990";"27 561 721";"2024-09-03 13:10:34"
"2024-09-05";"";"92 637";"9 617";"27 563 430";"2024-09-05 17:14:02"
"2024-09-06";"";"75 885";"7 376";"27 562 850";"2024-09-06 08:41:52"
"2024-09-02";"";"101 956";"6 009";"27 562 007";"2024-09-02 16:25:59"
"2024-09-08";"";"625 705";"134 029";"27 562 701";"2024-09-08 17:14:37"
"2024-09-03";"";"188 918";"152 814";"27 563 363";"2024-09-03 23:32:57"
"2024-09-05";"";"559 707";"28 431";"27 562 709";"2024-09-05 21:18:01"
"2024-09-04";"";"190 861";"8 165";"27 561 845";"2024-09-04 21:06:10"
"2024-09-08";"Yandex";"1 393 168";"403 464";"27 561 306";"2024-09-08 19:52:26"
"2024-09-08";"Yandex";"110 626";"7 487";"27 562 837";"2024-09-08 12:33:41"
"2024-09-05";"";"44 959";"6 261";"27 562 634";"2024-09-05 07:40:32"
"2024-09-07";"YouTube";"175 106 932";"10 814 034";"27 562 419";"2024-09-08 01:46:49"
"2024-09-01";"Facebook";"65 346";"66 172";"27 561 181";"2024-09-02 01:58:55"
"2024-09-07";"";"1 492 413";"66 676";"27 562 666";"2024-09-07 04:49:50"
"2024-09-06";"";"91 989";"307 965";"27 562 886";"2024-09-06 21:54:39"
"2024-09-10";"Telegram";"24 214 869";"2 893 887";"27 562 170";"2024-09-10 15:36:07"
"2024-09-04";"Unknown";"206 769";"6 325";"27 562 222";"2024-09-05 01:34:30"
"2024-09-10";"Telegram";"39 863 162";"2 252 190";"27 561 806";"2024-09-10 11:32:13"
"2024-09-03";"";"1 406 087";"137 411";"27 561 331";"2024-09-03 13:58:14"
"2024-09-04";"Yandex";"533 516";"39 141";"27 562 122";"2024-09-04 20:17:26"
"2024-09-09";"Instagram";"252 629 475";"6 094 177";"27 562 259";"2024-09-09 07:52:36"
"2024-09-04";"";"119 744 068";"3 743 537";"27 562 721";"2024-09-05 00:45:16"
"2024-09-05";"Instagram";"67 645";"2 503";"27 562 676";"2024-09-05 23:08:41"
"2024-09-08";"";"91 245";"13 042";"27 563 020";"2024-09-08 10:07:22"
"2024-09-06";"";"1 798 479";"56 043";"27 561 195";"2024-09-06 21:42:05"
"2024-09-10";"";"33 700";"2 679";"27 562 289";"2024-09-10 22:19:03"
"2024-09-04";"YouTube";"2 888 373";"161 454";"27 561 213";"2024-09-04 06:27:18"
"2024-09-02";"";"376 659";"39 613";"27 562 250";"2024-09-02 19:52:22"
"2024-09-02";"";"5 980";"37 824";"27 562 752";"2024-09-02 07:04:18"
"2024-09-10";"";"46 497";"3 650";"27 563 203";"2024-09-10 14:47:21"
"2024-09-09";"";"104 874";"93 555";"27 562 516";"2024-09-10 00:09:04"
"2024-09-05";"YouTube";"16 029 756";"841 091";"27 562 622";"2024-09-06 02:47:48"
"2024-09-10";"Unknown";"1 496 223";"138 754";"27 562 851";"2024-09-10 04:37:29"
"2024-09-02";"";"67 417";"12 018";"27 561 396";"2024-09-02 22:55:14"
"2024-09-05";"";"772 410";"40 989";"27 563 254";"2024-09-05 18:39:33"
"2024-09-07";"";"3 524 737";"205 022";"27 562 884";"2024-09-07 18:39:37"
"2024-09-09";"";"32 178";"3 049";"27 563 467";"2024-09-09 22:07:52"
"2024-09-10";"";"936 605";"792 651";"27 561 480";"2024-09-10 11:56:12"
"2024-09-08";"YouTube";"1 047 737";"268 062";"27 562 117";"2024-09-09 02:59:17"
"2024-09-09";"";"109 276";"23 451";"27 562 821";"2024-09-09 10:07:07"
"2024-09-05";"Yandex";"1 435 273";"188 611";"27 562 366";"2024-09-05 23:44:38"
"2024-09-04";"Telegram";"53 344 352";"3 117 274";"27 561 379";"2024-09-04 21:06:16"
"2024-09-06";"YouTube";"105 222";"14 046";"27 562 834";"2024-09-06 15:48:52"
"2024-09-10";"";"646 981";"255 424";"27 562 413";"2024-09-10 08:05:24"
"2024-09-01";"";"455 451";"14 939";"27 561 396";"2024-09-01 17:50:23"
"2024-09-03";"";"96 641";"6 584";"27 562 979";"2024-09-03 04:25:12"
"2024-09-05";"";"1 036 507";"52 210";"27 561 289";"2024-09-05 08:17:27"
"2024-09-02";"";"26 009";"8 419";"27 562 372";"2024-09-02 15:48:44"
"2024-09-07";"";"27 508 335";"1 826 107";"27 562 236";"2024-09-07 13:22:04"
"2024-09-09";"";"75 083";"49 443";"27 561 884";"2024-09-09 17:26:45"
"2024-09-10";"";"1 328 063";"93 092";"27 562 447";"2024-09-10 22:55:51"
"2024-09-07";"";"290 981";"439 546";"27 563 290";"2024-09-07 18:27:45"
"2024-09-04";"";"0";"546 084";"27 561 788";"2024-09-04 15:24:00"
"2024-09-05";"";"5 167 006";"214 261";"27 563 058";"2024-09-05 14:47:52"
"2024-09-04";"Yandex";"254 089";"9 284";"27 561 492";"2024-09-05 00:33:53"
"2024-09-06";"";"57 039";"48 144";"27 561 444";"2024-09-06 18:03:31"
"2024-09-05";"Instagram";"15 962 047";"18 360 253";"27 562 608";"2024-09-05 23:20:23"
"2024-09-10";"";"45 282";"3 812";"27 563 325";"2024-09-10 17:14:10"
"2024-09-09";"YouTube";"612 165";"6 605 103";"27 561 647";"2024-09-09 15:48:52"
"2024-09-09";"";"212 953";"49 313";"27 562 039";"2024-09-09 21:06:42"
"2024-09-09";"YouTube";"1 984 619";"569 469";"27 563 063";"2024-09-09 11:08:40"
"2024-09-03";"";"163 755";"103 536";"27 561 820";"2024-09-03 06:51:32"
"2024-09-01";"";"83 784";"84 816";"27 563 273";"2024-09-01 03:00:06"
"2024-09-06";"";"377 321";"40 551";"27 562 758";"2024-09-06 11:32:38"
"2024-09-08";"";"1 770 661";"93 374";"27 563 247";"2024-09-08 06:15:40"
"2024-09-09";"";"296 956";"12 437";"27 561 776";"2024-09-09 12:33:33"
"2024-09-06";"";"245 177";"13 322";"27 562 803";"2024-09-06 22:19:04"
"2024-09-02";"Telegram";"8 791 568";"453 361";"27 563 186";"2024-09-02 12:09:49"
"2024-09-03";"";"32 072";"2 630";"27 563 008";"2024-09-04 01:22:47"
"2024-09-05";"";"36 131";"29 693";"27 561 881";"2024-09-05 19:04:58"
"2024-09-01";"";"1 464 533";"688 503";"27 561 845";"2024-09-01 23:56:50"
"2024-09-03";"";"439 023";"16 045";"27 562 340";"2024-09-03 07:28:50"
"2024-09-09";"";"108 054";"94 886";"27 561 250";"2024-09-09 23:20:49"
"2024-09-01";"";"147 323";"36 654";"27 562 032";"2024-09-01 20:17:39"
"2024-09-05";"YouTube";"20 426 519";"968 207";"27 562 436";"2024-09-06 01:46:47"
"2024-09-05";"";"56 532";"6 941";"27 562 102";"2024-09-05 20:53:34"
"2024-09-03";"";"225 938";"19 744";"27 563 022";"2024-09-03 21:42:56"
"2024-09-02";"";"44 199";"6 384";"27 562 956";"2024-09-02 18:03:25"
"2024-09-05";"";"51 246";"70 580";"27 562 792";"2024-09-05 05:26:18"
"2024-09-06";"";"31 053";"5 186";"27 561 571";"2024-09-07 02:59:02"
"2024-09-07";"";"36 130";"25 334";"27 562 839";"2024-09-07 03:24:14"
"2024-09-04";"YouTube";"7 980 646";"2 000 526";"27 561 906";"2024-09-04 07:52:31"
"2024-09-03";"";"342 278";"21 966";"27 561 373";"2024-09-03 23:44:42"
"2024-09-03";"";"1 402 881";"714 584";"27 562 100";"2024-09-03 20:05:54"
"2024-09-09";"";"182 664";"141 124";"27 562 810";"2024-09-09 07:28:57"
"2024-09-02";"Facebook";"27 865";"33 124";"27 562 087";"2024-09-02 08:29:09"
"2024-09-01";"";"97 131";"5 501";"27 561 564";"2024-09-01 11:32:06"
"2024-09-08";"";"37 377";"5 916";"27 563 424";"2024-09-09 00:33:12"
"2024-09-01";"";"672";"34 044";"27 561 784";"2024-09-01 15:36:47"
"2024-09-10";"";"255 313";"219 690";"27 562 656";"2024-09-10 22:43:10"
"2024-09-08";"";"22 382 721";"2 139 194";"27 561 649";"2024-09-08 14:35:59"
"2024-09-07";"";"350 269";"199 998";"27 562 766";"2024-09-07 22:07:42"
"2024-09-01";"";"295 424";"21 233";"27 563 353";"2024-09-01 04:37:46"
"2024-09-06";"";"35 855";"3 163";"27 561 250";"2024-09-06 21:18:30"
"2024-09-10";"";"76 589";"6 882";"27 562 801";"2024-09-11 02:11:54"
"2024-09-01";"Instagram";"5 997 779";"218 458";"27 563 447";"2024-09-02 00:57:02"
"2024-09-04";"";"1 674 847";"615 612";"27 561 884";"2024-09-04 22:19:44"
"2024-09-08";"YouTube";"121 651";"33 574";"27 561 220";"2024-09-08 20:05:52"
"2024-09-05";"";"1 470 793";"106 830";"27 561 772";"2024-09-05 10:43:56"
"2024-09-05";"";"29 364";"11 315";"27 561 745";"2024-09-06 02:59:46"
"2024-09-07";"Facebook";"112 709";"389 982";"27 561 624";"2024-09-07 14:11:46"
"2024-09-02";"Yandex";"648 506";"23 826";"27 561 216";"2024-09-02 23:32:03"
"2024-09-07";"";"148 970";"22 331";"27 561 206";"2024-09-07 16:01:33"
"2024-09-08";"";"1 380";"93 043";"27 563 232";"2024-09-08 10:43:44"
"2024-09-08";"Instagram";"2 088 098";"1 946 446";"27 561 222";"2024-09-08 03:24:25"
"2024-09-09";"";"57 798";"6 224";"27 562 006";"2024-09-09 17:02:40"
"2024-09-08";"TikTok";"128 669";"1 794 697";"27 563 507";"2024-09-08 09:06:33"
"2024-09-04";"";"57 544";"10 091";"27 563 304";"2024-09-04 06:15:16"
"2024-09-06";"";"65 149";"45 994";"27 563 310";"2024-09-07 02:23:31"
"2024-09-05";"Instagram";"607 785";"27 626";"27 561 759";"2024-09-05 14:11:54"
"2024-09-07";"";"7 922";"30 812";"27 561 524";"2024-09-08 01:34:27"
"2024-09-05";"Instagram";"7 270 538";"978 477";"27 561 732";"2024-09-06 02:35:50"
"2024-09-02";"";"32 800";"9 986";"27 563 128";"2024-09-02 21:06:07"
"2024-09-09";"";"30 719";"32 674";"27 563 078";"2024-09-09 12:33:33"
"2024-09-09";"Facebook";"178 185";"11 796";"27 561 459";"2024-09-10 00:21:39"
"2024-09-10";"YouTube";"465 731";"3 773 671";"27 561 355";"2024-09-10 21:42:34"
"2024-09-06";"";"47 365";"13 374";"27 561 801";"2024-09-06 22:19:07"
"2024-09-03";"";"33 633";"4 059";"27 562 666";"2024-09-03 15:12:16"
"2024-09-09";"";"26 658";"8 900";"27 562 364";"2024-09-09 17:38:55"
"2024-09-05";"";"426 495";"93 882";"27 561 540";"2024-09-05 12:57:43"
"2024-09-08";"";"3 135 301";"28 225";"27 563 458";"2024-09-08 17:26:15"
"2024-09-03";"";"39 328";"4 254";"27 562 435";"2024-09-04 01:22:15"
"2024-09-05";"Instagram";"2 781 980";"236 136";"27 562 675";"2024-09-05 23:56:01"
"2024-09-09";"";"29 148";"3 285";"27 561 920";"2024-09-09 12:33:24"
"2024-09-01";"";"240 165";"20 608";"27 562 354";"2024-09-01 16:13:27"
"2024-09-08";"";"29 464";"6 625";"27 561 638";"2024-09-08 20:29:00"
"2024-09-09";"VKontakte";"2 879 583";"142 424";"27 561 420";"2024-09-10 02:47:40"
"2024-09-08";"";"699 206";"169 858";"27 561 232";"2024-09-08 03:24:50"
"2024-09-09";"YouTube";"98 981 764";"6 046 101";"27 563 315";"2024-09-09 04:25:38"
"2024-09-07";"YouTube";"97 553";"8 080";"27 562 140";"2024-09-07 12:33:36"
"2024-09-03";"WhatsApp";"1 814 321";"2 243 627";"27 563 418";"2024-09-03 07:28:19"
"2024-09-01";"";"1 728 683";"71 582";"27 561 670";"2024-09-01 04:25:02"
"2024-09-05";"";"173 278";"8 446";"27 562 067";"2024-09-05 23:44:17"
"2024-09-10";"";"93 583";"7 068";"27 562 029";"2024-09-10 22:31:46"
"2024-09-09";"YouTube";"4 084 604";"714 892";"27 562 106";"2024-09-09 03:36:54"
"2024-09-05";"";"421 213";"22 915";"27 562 508";"2024-09-05 11:08:01"
"2024-09-08";"YouTube";"23 885 343";"1 356 596";"27 563 468";"2024-09-08 14:59:59"
"2024-09-04";"Apple Music";"145 855";"7 977";"27 563 180";"2024-09-04 19:52:38"
"2024-09-01";"Telegram";"5 691 594";"420 150";"27 561 929";"2024-09-01 03:24:37"
"2024-09-02";"";"319 815";"15 433";"27 562 644";"2024-09-02 19:28:52"
"2024-09-10";"";"586 195";"133 398";"27 563 102";"2024-09-10 04:13:55"
"2024-09-02";"";"177 195";"76 130";"27 562 294";"2024-09-02 08:05:13"
"2024-09-06";"";"103 822";"21 341";"27 563 285";"2024-09-06 06:03:51"
"2024-09-06";"Instagram";"7 490 020";"205 252";"27 561 350";"2024-09-06 11:32:32"
"2024-09-10";"";"1 029 826";"155 332";"27 561 924";"2024-09-10 17:38:31"
"2024-09-04";"";"609 011";"21 779";"27 562 174";"2024-09-05 01:10:07"
"2024-09-05";"";"28 868";"20 505";"27 561 649";"2024-09-05 08:53:13"
"2024-09-07";"";"18 170";"26 193";"27 561 627";"2024-09-07 14:23:23"
"2024-09-10";"WhatsApp";"104 791";"7 046";"27 561 744";"2024-09-11 00:57:38"
"2024-09-01";"Facebook";"261 349";"113 054";"27 563 451";"2024-09-01 06:03:24"
"2024-09-01";"YouTube";"188 480";"13 631";"27 563 169";"2024-09-01 10:31:41"
"2024-09-02";"";"95 312";"25 863";"27 561 247";"2024-09-03 02:35:11"
"2024-09-06";"";"71 711";"81 568";"27 562 467";"2024-09-06 18:39:32"
"2024-09-02";"";"91 202";"312 691";"27 561 426";"2024-09-03 00:33:18"
"2024-09-06";"";"140 545";"77 508";"27 563 186";"2024-09-06 16:13:20"
"2024-09-06";"Instagram";"514 285";"49 111";"27 561 902";"2024-09-06 23:56:53"
"2024-09-07";"";"32 679";"18 153";"27 561 306";"2024-09-07 03:12:28"
"2024-09-05";"";"229 237";"1 288 987";"27 561 259";"2024-09-05 11:44:02"
"2024-09-07";"";"1 797 277";"256 129";"27 561 435";"2024-09-07 17:26:14"
"2024-09-02";"";"706 368";"188 170";"27 562 233";"2024-09-02 13:58:05"
"2024-09-04";"Instagram";"1 040 090";"58 460";"27 562 309";"2024-09-05 01:10:05"
"2024-09-09";"WhatsApp";"107 011";"76 355";"27 562 435";"2024-09-09 09:06:33"
"2024-09-02";"";"126 111";"54 946";"27 561 698";"2024-09-02 04:37:10"
"2024-09-02";"";"411 019";"1 170 699";"27 563 031";"2024-09-03 01:58:37"
"2024-09-09";"";"398 317";"256 996";"27 562 437";"2024-09-09 20:53:13"
"2024-09-02";"";"391 965";"14 611";"27 562 226";"2024-09-02 19:16:45"
"2024-09-02";"Apple Music";"877 375";"45 231";"27 562 041";"2024-09-03 01:46:46"
"2024-09-03";"";"174 259";"10 185";"27 561 518";"2024-09-03 07:04:44"
"2024-09-10";"";"29 639";"2 454";"27 563 453";"2024-09-10 08:53:20"
"2024-09-03";"";"36 373";"1 917";"27 563 264";"2024-09-03 13:10:22"
"2024-09-06";"";"28 043";"10 773";"27 561 707";"2024-09-06 11:56:28"
"2024-09-08";"YouTube";"38 214";"13 679";"27 561 818";"2024-09-08 08:53:38"
"2024-09-10";"";"2 472 706";"194 339";"27 562 677";"2024-09-11 00:45:30"
"2024-09-02";"Yandex";"49 173";"5 589";"27 561 567";"2024-09-02 21:42:07"
"2024-09-07";"";"104 973";"58 685";"27 563 515";"2024-09-07 05:38:16"
"2024-09-07";"";"10 890";"50 843";"27 562 628";"2024-09-07 08:53:17"
"2024-09-04";"";"650 468";"304 861";"27 562 984";"2024-09-04 12:09:13"
"2024-09-04";"Instagram";"104 777";"29 045";"27 562 067";"2024-09-05 01:22:18"
"2024-09-02";"";"71 619";"64 090";"27 563 291";"2024-09-02 16:49:37"
"2024-09-04";"";"167 761";"18 048";"27 562 489";"2024-09-04 04:49:58"
"2024-09-10";"";"615 686";"99 387";"27 561 762";"2024-09-10 20:53:10"
"2024-09-04";"";"85 225";"6 545";"27 563 119";"2024-09-04 21:30:17"
"2024-09-06";"";"73 080";"5 197";"27 562 490";"2024-09-06 16:37:02"
"2024-09-08";"Unknown";"762 873";"89 078";"27 562 879";"2024-09-09 02:11:59"
"2024-09-03";"";"4 090 604";"236 134";"27 562 800";"2024-09-03 21:18:07"
"2024-09-08";"Yandex";"6 294 906";"204 381";"27 561 330";"2024-09-08 18:27:12"
"2024-09-03";"";"32 835";"9 850";"27 563 458";"2024-09-03 16:25:06"
"2024-09-07";"YouTube";"101 596";"8 971";"27 561 378";"2024-09-08 02:47:25"
"2024-09-06";"";"32 223";"10 591";"27 563 371";"2024-09-07 01:34:08"
"2024-09-02";"";"27 806";"22 697";"27 561 896";"2024-09-02 10:43:25"
"2024-09-01";"";"179 478";"8 604";"27 561 573";"2024-09-01 21:42:20"
"2024-09-07";"YouTube";"773 102";"2 882 075";"27 563 367";"2024-09-07 04:37:11"
"2024-09-09";"YouTube";"111 147 533";"4 477 046";"27 561 212";"2024-09-09 22:19:45"
"2024-09-10";"Facebook";"1 292 629";"42 741";"27 562 681";"2024-09-10 13:10:33"
"2024-09-07";"";"192 509";"80 777";"27 563 304";"2024-09-08 01:46:32"
"2024-09-06";"";"155 043";"15 467";"27 562 973";"2024-09-06 17:50:25"
"2024-09-05";"";"120 530";"1 371 831";"27 562 674";"2024-09-05 20:41:43"
"2024-09-07";"";"74 782";"2 353";"27 561 890";"2024-09-08 02:35:51"
"2024-09-08";"Yandex";"342 368";"16 360";"27 562 360";"2024-09-08 03:48:47"
"2024-09-06";"";"513 336";"21 023";"27 563 252";"2024-09-07 02:59:03"
"2024-09-04";"";"23 611";"28 253";"27 562 866";"2024-09-04 03:24:38"
"2024-09-09";"";"551 869";"24 591";"27 561 204";"2024-09-09 07:40:04"
"2024-09-06";"Yandex";"365 774";"9 243";"27 563 372";"2024-09-06 20:17:30"
"2024-09-03";"";"137 926";"10 881";"27 561 884";"2024-09-03 10:07:48"
"2024-09-08";"";"287 532";"199 496";"27 562 069";"2024-09-08 23:08:10"
"2024-09-04";"";"84 943";"5 310";"27 561 304";"2024-09-04 16:13:02"
"2024-09-09";"";"29 124";"16 832";"27 561 428";"2024-09-09 23:56:39"
"2024-09-03";"";"273 159";"26 540";"27 562 894";"2024-09-03 14:59:56"
"2024-09-02";"";"946 510";"1 423 948";"27 563 254";"2024-09-02 05:38:04"
"2024-09-03";"YouTube";"382 942";"60 386";"27 561 602";"2024-09-03 03:48:53"
"2024-09-09";"";"28 782";"2 478";"27 562 553";"2024-09-09 15:00:12"
"2024-09-09";"";"55 079";"4 029";"27 561 279";"2024-09-09 23:08:51"
"2024-09-09";"";"28 480";"2 668";"27 562 360";"2024-09-09 23:08:11"
"2024-09-01";"";"111 975";"4 555";"27 562 340";"2024-09-01 13:10:25"
"2024-09-06";"";"1 962 361";"299 394";"27 562 473";"2024-09-06 22:55:57"
"2024-09-04";"";"32 367";"6 375";"27 562 139";"2024-09-04 09:42:27"
"2024-09-01";"";"104 954";"66 229";"27 561 233";"2024-09-01 18:03:31"
"2024-09-01";"";"67 153";"5 731";"27 562 146";"2024-09-01 23:44:08"
"2024-09-07";"";"238 985";"19 433";"27 563 141";"2024-09-07 13:58:04"
"2024-09-05";"";"198 371";"27 467";"27 561 818";"2024-09-06 01:58:38"
"2024-09-10";"TikTok";"2 860";"178 159";"27 563 473";"2024-09-10 14:59:10"
"2024-09-08";"";"293 411";"23 222";"27 561 239";"2024-09-08 04:13:46"
"2024-09-02";"Instagram";"485 945";"17 492";"27 562 527";"2024-09-02 16:37:54"
"2024-09-03";"TikTok";"158 900";"869 116";"27 562 193";"2024-09-03 03:36:20"
"2024-09-10";"";"774 937";"42 620";"27 562 622";"2024-09-11 00:57:15"
"2024-09-09";"";"521 967";"22 411";"27 561 975";"2024-09-09 13:58:43"
"2024-09-03";"";"1 066 083";"61 438";"27 562 360";"2024-09-03 04:01:55"
"2024-09-01";"";"26 413";"3 029";"27 562 152";"2024-09-01 21:42:54"
"2024-09-09";"";"333 435";"127 256";"27 561 643";"2024-09-09 14:11:46"
"2024-09-05";"Yandex";"306 360";"80 903";"27 562 816";"2024-09-06 02:23:32"
"2024-09-08";"";"432 292";"138 514";"27 561 881";"2024-09-08 17:26:08"
"2024-09-06";"YouTube";"50 443";"24 869";"27 562 415";"2024-09-06 03:12:33"
"2024-09-08";"";"278 168";"39 164";"27 562 102";"2024-09-08 07:52:53"
"2024-09-09";"";"27 424";"2 624";"27 562 622";"2024-09-09 03:48:00"
"2024-09-04";"";"517 018";"20 156";"27 562 791";"2024-09-04 09:54:31"
"2024-09-02";"";"163 190";"13 936";"27 562 451";"2024-09-02 09:06:31"
"2024-09-03";"YouTube";"106 583 232";"7 285 732";"27 562 439";"2024-09-03 07:04:09"
"2024-09-03";"";"47 135";"126 018";"27 563 297";"2024-09-03 20:53:51"
"2024-09-04";"";"248 892";"18 617";"27 562 615";"2024-09-04 08:29:35"
"2024-09-09";"";"80 537";"11 877";"27 562 868";"2024-09-09 17:14:24"
"2024-09-02";"";"33 929";"5 674";"27 561 418";"2024-09-02 06:03:36"
"2024-09-09";"";"490 612";"30 738";"27 562 435";"2024-09-10 01:10:53"
"2024-09-01";"";"16 074";"38 240";"27 561 775";"2024-09-01 05:14:03"
"2024-09-08";"";"510 142";"21 539";"27 562 825";"2024-09-08 12:21:36"
"2024-09-04";"";"761 950";"86 859";"27 563 464";"2024-09-04 04:49:28"
"2024-09-01";"Instagram";"2 450 911";"1 462 943";"27 562 466";"2024-09-01 09:54:18"
"2024-09-02";"";"200 911";"22 518";"27 562 651";"2024-09-02 16:49:14"
"2024-09-01";"";"60 919";"3 327";"27 563 218";"2024-09-02 01:46:42"
"2024-09-09";"";"870 659";"400 605";"27 563 310";"2024-09-09 11:44:52"
"2024-09-06";"YouTube";"7 864 237";"403 417";"27 561 414";"2024-09-06 17:14:56"
"2024-09-05";"";"1 303 227";"72 954";"27 562 317";"2024-09-06 00:21:21"
"2024-09-09";"Unknown";"30 784";"3 826";"27 561 973";"2024-09-09 05:50:46"
"2024-09-05";"";"7 822 023";"234 732";"27 561 744";"2024-09-05 06:15:47"
"2024-09-09";"";"87 301";"5 778";"27 562 710";"2024-09-09 10:19:30"
"2024-09-10";"";"29 469";"27 171";"27 561 368";"2024-09-10 03:00:26"
"2024-09-08";"";"718 025";"140 583";"27 562 022";"2024-09-08 11:08:06"
"2024-09-08";"";"623 895";"318 250";"27 561 383";"2024-09-08 04:25:01"
"2024-09-05";"Instagram";"8 336 908";"9 073 155";"27 561 802";"2024-09-05 10:43:40"
"2024-09-09";"YouTube";"4 380 057";"233 749";"27 562 965";"2024-09-10 01:46:58"
"2024-09-10";"";"22 301 754";"1 027 369";"27 563 017";"2024-09-10 22:43:11"
"2024-09-05";"YouTube";"1 271 434";"600 920";"27 561 381";"2024-09-05 21:54:03"
"2024-09-07";"IMO";"9 528";"38 413";"27 561 884";"2024-09-07 16:01:59"
"2024-09-02";"";"71 055";"9 430";"27 561 345";"2024-09-02 16:25:24"
"2024-09-09";"Unknown";"735 952";"172 404";"27 561 217";"2024-09-09 07:16:23"
"2024-09-06";"";"672 990";"26 572";"27 562 804";"2024-09-06 13:22:35"
"2024-09-02";"";"34 187";"6 910";"27 562 318";"2024-09-02 12:57:50"
"2024-09-06";"";"95 805";"8 387";"27 562 571";"2024-09-06 11:32:21"
"2024-09-05";"";"3 039 740";"86 676";"27 562 142";"2024-09-05 11:56:04"
"2024-09-02";"";"256 794";"6 634";"27 562 398";"2024-09-02 07:28:54"
"2024-09-02";"Instagram";"96 337 323";"2 984 828";"27 561 435";"2024-09-03 02:11:41"
"2024-09-09";"";"30 638";"3 065";"27 563 210";"2024-09-09 10:43:37"
"2024-09-08";"Telegram";"232 515 804";"12 547 042";"27 563 101";"2024-09-09 01:46:48"
"2024-09-04";"";"1 423 416";"1 264 549";"27 562 264";"2024-09-04 16:25:59"
"2024-09-02";"";"3 823";"28 694";"27 562 347";"2024-09-03 00:57:25"
"2024-09-09";"";"3 152 369";"100 152";"27 561 850";"2024-09-09 20:41:05"
"2024-09-10";"";"1 235 762";"39 327";"27 562 156";"2024-09-10 20:29:30"
"2024-09-10";"";"1 271 655";"48 172";"27 562 806";"2024-09-10 22:07:58"
"2024-09-02";"YouTube";"6 459 782";"360 787";"27 562 317";"2024-09-02 12:09:45"
"2024-09-07";"";"101 348";"316 636";"27 561 172";"2024-09-07 03:24:39"
"2024-09-06";"YouTube";"39 400";"3 153";"27 561 330";"2024-09-06 04:13:05"
"2024-09-08";"";"1 811 923";"61 748";"27 562 197";"2024-09-08 18:51:16"
"2024-09-07";"";"183 023";"20 955";"27 563 242";"2024-09-07 05:38:59"
"2024-09-03";"";"3 213 751";"626 845";"27 563 372";"2024-09-03 23:56:05"
"2024-09-07";"";"35 335";"42 707";"27 561 311";"2024-09-07 21:42:00"
"2024-09-07";"";"163 787";"41 062";"27 562 115";"2024-09-07 12:09:08"
"2024-09-03";"";"34 401";"28 826";"27 561 359";"2024-09-03 14:47:32"
"2024-09-05";"";"117 843";"5 948";"27 562 339";"2024-09-06 02:11:37"
"2024-09-02";"";"23 497 902";"1 258 594";"27 561 865";"2024-09-02 19:16:04"
"2024-09-08";"";"73 520";"18 295";"27 563 174";"2024-09-08 18:15:18"
"2024-09-07";"";"31 092";"1 919";"27 562 462";"2024-09-07 14:11:30"
"2024-09-01";"";"36 729";"4 734";"27 561 480";"2024-09-01 18:03:54"
"2024-09-04";"";"28 700";"3 561";"27 561 643";"2024-09-04 08:41:22"
"2024-09-09";"";"98 411";"5 472";"27 561 633";"2024-09-09 14:23:18"
"2024-09-07";"";"35 452";"11 318";"27 561 367";"2024-09-07 21:30:47"
"2024-09-09";"";"266 127";"671 411";"27 563 136";"2024-09-09 05:38:15"
"2024-09-04";"";"185 567";"129 538";"27 561 855";"2024-09-04 12:45:31"
"2024-09-03";"";"156 290";"310 522";"27 562 941";"2024-09-03 15:12:48"
"2024-09-08";"";"1 800 623";"276 615";"27 563 413";"2024-09-08 17:38:12"
"2024-09-04";"YouTube";"409 409";"95 751";"27 561 286";"2024-09-04 11:20:11"
"2024-09-07";"";"351 096";"65 727";"27 562 803";"2024-09-07 18:03:28"
"2024-09-10";"";"27 589";"7 434";"27 562 708";"2024-09-10 10:43:50"
"2024-09-03";"";"118 016";"76 885";"27 561 501";"2024-09-04 00:21:29"
"2024-09-04";"";"397 710";"21 785";"27 561 605";"2024-09-05 02:35:54"
"2024-09-06";"Apple Music";"47 905";"3 500";"27 562 124";"2024-09-07 00:45:34"
"2024-09-10";"";"25 971";"1 204";"27 561 306";"2024-09-10 10:55:31"
"2024-09-08";"";"1 327 145";"245 667";"27 562 298";"2024-09-08 23:32:08"
"2024-09-09";"Telegram";"1 009 781";"81 406";"27 562 516";"2024-09-09 06:27:51"
"2024-09-04";"";"1 739 401";"381 013";"27 562 903";"2024-09-04 17:14:24"
"2024-09-07";"Instagram";"2 067 137";"227 675";"27 561 794";"2024-09-07 07:52:28"
"2024-09-03";"YouTube";"2 492 687";"146 983";"27 563 403";"2024-09-03 09:30:56"
"2024-09-01";"";"760 428";"44 103";"27 563 284";"2024-09-01 06:51:05"
"2024-09-09";"";"1 300 207";"89 228";"27 562 474";"2024-09-09 06:15:34"
"2024-09-05";"";"48 334";"6 970";"27 561 540";"2024-09-05 11:44:13"
"2024-09-01";"";"2 381 301";"193 814";"27 561 270";"2024-09-01 14:35:11"
"2024-09-06";"";"54 887";"43 617";"27 562 592";"2024-09-06 11:44:25"
"2024-09-03";"";"548 120";"105 498";"27 561 365";"2024-09-03 05:38:56"
"2024-09-05";"";"28 885";"7 419";"27 561 890";"2024-09-05 19:04:03"
"2024-09-10";"Instagram";"7 130 209";"174 562";"27 563 395";"2024-09-10 14:11:27"
"2024-09-05";"";"41 914";"4 148";"27 561 504";"2024-09-05 09:42:40"
"2024-09-10";"";"91 901";"7 724";"27 561 944";"2024-09-10 04:25:36"
"2024-09-08";"TikTok";"15 322";"705 978";"27 562 105";"2024-09-08 07:40:13"
"2024-09-08";"Telegram";"4 341 638";"289 243";"27 563 199";"2024-09-08 12:21:48"
"2024-09-09";"";"6 460";"84 788";"27 563 240";"2024-09-09 03:48:12"
"2024-09-02";"Instagram";"4 114 126";"3 773 063";"27 562 778";"2024-09-03 00:09:31"
"2024-09-02";"WhatsApp";"332 496";"42 994";"27 563 143";"2024-09-02 13:10:34"
"2024-09-04";"Telegram";"113 496 178";"15 592 173";"27 562 644";"2024-09-04 10:31:43"
"2024-09-08";"";"2 733 652";"139 676";"27 562 534";"2024-09-08 03:48:53"
"2024-09-09";"Facebook";"153 092";"65 371";"27 562 644";"2024-09-09 18:03:24"
"2024-09-02";"";"30 585";"6 839";"27 562 243";"2024-09-02 11:44:14"
"2024-09-08";"YouTube";"133 777";"23 738";"27 563 154";"2024-09-08 06:15:15"
"2024-09-05";"";"76 386";"23 271";"27 561 216";"2024-09-05 12:57:36"
"2024-09-10";"";"26 479";"34 452";"27 563 514";"2024-09-10 22:31:09"
"2024-09-06";"";"1 222 805";"85 529";"27 561 650";"2024-09-07 01:34:03"
"2024-09-05";"";"380 494";"124 606";"27 561 368";"2024-09-05 23:20:11"
"2024-09-10";"YouTube";"302 250";"1 739 322";"27 561 499";"2024-09-10 15:12:15"
"2024-09-03";"Facebook";"53 998";"2 864";"27 563 448";"2024-09-03 09:42:28"
"2024-09-02";"";"11 379";"29 615";"27 561 689";"2024-09-02 05:14:49"
"2024-09-09";"";"46 301";"3 006";"27 561 629";"2024-09-09 14:47:13"
"2024-09-06";"Facebook";"66 871";"2 675";"27 563 198";"2024-09-06 21:06:35"
"2024-09-05";"";"5 855 401";"567 432";"27 561 835";"2024-09-05 04:13:28"
"2024-09-03";"";"117 467";"9 831";"27 562 480";"2024-09-03 05:38:12"
"2024-09-04";"Facebook";"578 141";"265 977";"27 562 451";"2024-09-04 17:38:41"
"2024-09-02";"Telegram";"10 125 159";"767 183";"27 563 008";"2024-09-02 17:02:23"
"2024-09-02";"Instagram";"5 706 396";"5 142 708";"27 563 099";"2024-09-02 03:24:11"
"2024-09-06";"";"38 547";"6 527";"27 562 966";"2024-09-06 05:14:30"
"2024-09-01";"";"545 032";"169 314";"27 561 818";"2024-09-01 13:46:03"
"2024-09-08";"";"29 540";"2 355";"27 561 252";"2024-09-09 02:35:18"
"2024-09-10";"";"2 690 430";"2 655 859";"27 562 090";"2024-09-10 04:49:02"
"2024-09-07";"";"40 014";"3 461";"27 562 850";"2024-09-07 14:35:14"
"2024-09-10";"Instagram";"846 966";"54 110";"27 562 969";"2024-09-10 23:56:10"
"2024-09-09";"";"113 381";"9 855";"27 561 179";"2024-09-09 23:56:32"
"2024-09-09";"";"130 959";"8 333";"27 562 263";"2024-09-09 23:32:12"
"2024-09-05";"";"164 686";"36 218";"27 563 052";"2024-09-05 03:24:29"
"2024-09-09";"Instagram";"7 121 117";"8 073 354";"27 561 787";"2024-09-10 02:11:24"
"2024-09-02";"Facebook";"58 042";"21 936";"27 562 232";"2024-09-02 13:58:19"
"2024-09-08";"";"13 804";"54 848";"27 562 393";"2024-09-08 15:12:26"
"2024-09-10";"Instagram";"494 705";"36 273";"27 562 743";"2024-09-10 05:38:29"
"2024-09-01";"";"86 282";"89 694";"27 561 999";"2024-09-01 11:56:19"
"2024-09-08";"";"35 898";"2 947";"27 561 176";"2024-09-08 16:25:28"
"2024-09-08";"";"1 049 131";"41 601";"27 561 433";"2024-09-08 07:52:47"
"2024-09-01";"YouTube";"21 140 406";"2 241 322";"27 561 219";"2024-09-01 19:28:57"
"2024-09-07";"Instagram";"209 940 862";"5 409 458";"27 563 184";"2024-09-07 03:00:43"
"2024-09-09";"";"271 791";"21 260";"27 561 247";"2024-09-09 14:11:50"
"2024-09-03";"";"26 580";"2 249";"27 562 670";"2024-09-03 08:29:48"
"2024-09-03";"";"84 234";"5 351";"27 562 801";"2024-09-03 20:05:55"
"2024-09-08";"Yandex";"404 509";"32 059";"27 562 587";"2024-09-08 11:08:45"
"2024-09-03";"";"70 965";"5 895";"27 562 156";"2024-09-03 15:00:48"
"2024-09-01";"";"100 372";"14 063";"27 563 008";"2024-09-01 06:15:04"
"2024-09-05";"Telegram";"1 570 929";"1 045 320";"27 563 213";"2024-09-05 12:09:02"
"2024-09-03";"YouTube";"486 315";"60 009";"27 561 307";"2024-09-03 15:24:03"
"2024-09-03";"";"26 590";"11 607";"27 561 921";"2024-09-03 16:37:21"
"2024-09-01";"Facebook";"951 228";"38 586";"27 562 071";"2024-09-01 09:54:58"
"2024-09-10";"Facebook";"1 167 917";"846 942";"27 563 355";"2024-09-10 14:59:48"
"2024-09-10";"YouTube";"1 383 496";"1 645 390";"27 562 720";"2024-09-10 17:26:48"
"2024-09-03";"";"109 741";"10 565";"27 563 239";"2024-09-03 21:06:03"
"2024-09-04";"";"158 491";"5 786";"27 562 698";"2024-09-05 00:57:22"
"2024-09-08";"Telegram";"3 014 264";"2 143 780";"27 562 329";"2024-09-08 15:24:40"
"2024-09-06";"";"1 369 113";"147 670";"27 562 099";"2024-09-06 10:43:47"
"2024-09-04";"";"26 788";"13 637";"27 562 875";"2024-09-04 12:45:44"
"2024-09-05";"";"135 836";"6 600";"27 563 493";"2024-09-05 23:56:44"
"2024-09-03";"TikTok";"4 826";"350 010";"27 562 544";"2024-09-03 23:56:08"
"2024-09-09";"";"54 676";"11 112";"27 561 218";"2024-09-09 07:28:57"
"2024-09-02";"Instagram";"87 837 349";"2 126 700";"27 562 459";"2024-09-02 04:49:00"
"2024-09-02";"Telegram";"325 382";"28 813";"27 561 198";"2024-09-02 06:15:01"
"2024-09-04";"Instagram";"4 575 775";"1 095 347";"27 563 059";"2024-09-04 21:42:11"
"2024-09-03";"YouTube";"347 888";"128 723";"27 563 368";"2024-09-03 22:31:26"
"2024-09-08";"YouTube";"357 556";"3 773 679";"27 561 794";"2024-09-08 22:55:32"
"2024-09-03";"YouTube";"2 224 577";"132 778";"27 563 293";"2024-09-03 06:15:53"
"2024-09-04";"";"8 444 555";"291 054";"27 562 846";"2024-09-04 20:29:56"
"2024-09-07";"";"118 103";"118 657";"27 562 889";"2024-09-07 03:00:27"
"2024-09-06";"";"68 330";"7 073";"27 563 414";"2024-09-06 22:43:34"
"2024-09-09";"";"94 809";"99 178";"27 562 644";"2024-09-09 22:07:19"
"2024-09-09";"";"104 728";"25 718";"27 561 940";"2024-09-09 09:06:44"
"2024-09-07";"";"44 825";"7 201";"27 562 260";"2024-09-07 21:06:40"
"2024-09-06";"Instagram";"260 591";"28 353";"27 562 894";"2024-09-06 11:44:09"
"2024-09-04";"";"187 277";"103 635";"27 561 189";"2024-09-04 11:32:29"
"2024-09-02";"";"30 661";"2 595";"27 562 427";"2024-09-02 19:16:32"
"2024-09-05";"";"48 574";"16 291";"27 563 080";"2024-09-05 20:05:48"
"2024-09-08";"";"87 251";"13 691";"27 561 230";"2024-09-09 01:22:49"
"2024-09-02";"";"30 474";"2 201";"27 562 690";"2024-09-02 14:35:26"
"2024-09-04";"Telegram";"47 049 506";"3 535 565";"27 561 554";"2024-09-04 10:31:50"
"2024-09-05";"";"247 449";"20 530";"27 561 952";"2024-09-05 22:19:39"
"2024-09-09";"";"185 636";"12 389";"27 563 174";"2024-09-09 04:25:00"
"2024-09-02";"Instagram";"148 318";"18 515";"27 562 211";"2024-09-02 12:33:48"
"2024-09-09";"";"15 994";"30 971";"27 561 827";"2024-09-10 00:45:49"
"2024-09-04";"";"489 667";"18 716";"27 562 710";"2024-09-04 18:03:43"
"2024-09-10";"";"64 085";"37 365";"27 563 278";"2024-09-10 05:50:54"
"2024-09-05";"";"52 951";"2 829";"27 562 497";"2024-09-05 07:40:17"
"2024-09-03";"";"797 071";"127 761";"27 562 832";"2024-09-03 19:52:08"
"2024-09-07";"";"2 526 666";"583 390";"27 563 143";"2024-09-07 19:16:20"
"2024-09-02";"Yandex";"6 362 596";"204 248";"27 561 330";"2024-09-02 15:24:28"
"2024-09-08";"";"499 468";"18 533";"27 562 255";"2024-09-08 12:21:20"
"2024-09-06";"";"3 663 844";"9 379 124";"27 563 113";"2024-09-06 03:48:49"
"2024-09-03";"";"15 807 673";"1 211 991";"27 561 424";"2024-09-03 19:04:36"
"2024-09-10";"";"31 362";"3 596";"27 563 098";"2024-09-10 17:38:49"
"2024-09-01";"";"123 103";"5 039";"27 562 997";"2024-09-01 09:42:21"
"2024-09-02";"";"21 917 092";"1 574 991";"27 561 224";"2024-09-02 22:43:20"
"2024-09-04";"";"546 698";"32 988";"27 561 912";"2024-09-04 17:26:36"
"2024-09-06";"";"417 436";"218 417";"27 562 239";"2024-09-07 00:33:58"
"2024-09-04";"";"73 128";"222 770";"27 562 656";"2024-09-04 05:38:18"
"2024-09-09";"Yandex";"172 671";"20 975";"27 561 457";"2024-09-09 17:26:16"
"2024-09-04";"Instagram";"9 535 127";"10 739 897";"27 562 858";"2024-09-04 19:04:10"
"2024-09-10";"";"587 933";"27 527";"27 561 649";"2024-09-10 07:40:34"
"2024-09-10";"YouTube";"10 989 123";"1 487 224";"27 562 595";"2024-09-10 22:07:23"
"2024-09-04";"";"193 053";"3 738";"27 562 791";"2024-09-04 18:51:47"
"2024-09-03";"Facebook";"1 287 357";"170 280";"27 562 340";"2024-09-04 00:57:56"
"2024-09-10";"";"30 814";"11 998";"27 562 917";"2024-09-10 23:32:08"
"2024-09-06";"";"1 971 259";"282 629";"27 562 401";"2024-09-06 03:48:38"
"2024-09-09";"";"398 947";"1 228 562";"27 563 368";"2024-09-10 00:09:15"
"2024-09-01";"";"398 912";"33 431";"27 562 508";"2024-09-01 10:43:03"
"2024-09-08";"";"239 524";"8 021";"27 562 663";"2024-09-08 12:45:15"
"2024-09-06";"Telegram";"240 915 154";"72 897 164";"27 562 036";"2024-09-06 09:18:03"
"2024-09-06";"YouTube";"204 560";"3 462 002";"27 561 583";"2024-09-06 13:22:05"
"2024-09-04";"";"448 275";"27 376";"27 562 942";"2024-09-04 22:31:16"
"2024-09-08";"";"1 085 547";"58 243";"27 562 846";"2024-09-09 01:10:37"
"2024-09-02";"Yandex";"96 695";"6 607";"27 561 965";"2024-09-02 09:42:13"
"2024-09-08";"";"118 477";"4 571";"27 561 251";"2024-09-08 03:48:30"
"2024-09-01";"";"803 806";"49 131";"27 562 484";"2024-09-01 04:37:09"
"2024-09-02";"";"1 038 925";"655 181";"27 562 239";"2024-09-02 21:06:21"
"2024-09-06";"YouTube";"5 611 264";"303 701";"27 561 692";"2024-09-07 00:45:49"
"2024-09-06";"";"17 277";"33 000";"27 561 650";"2024-09-07 00:57:22"
"2024-09-09";"";"3 262 534";"1 327 722";"27 562 496";"2024-09-09 19:16:02"
"2024-09-03";"";"64 506";"110 336";"27 561 403";"2024-09-03 05:02:08"
"2024-09-07";"";"31 849";"5 576";"27 561 372";"2024-09-07 12:45:14"
"2024-09-04";"Facebook";"831 550";"40 539";"27 562 899";"2024-09-04 04:49:20"
"2024-09-02";"";"3 259 419";"64 785";"27 562 784";"2024-09-02 15:24:02"
"2024-09-09";"";"108 364";"26 130";"27 563 169";"2024-09-10 01:34:24"
"2024-09-04";"";"931 735";"328 377";"27 563 326";"2024-09-04 19:52:01"
"2024-09-01";"YouTube";"225 067";"44 827";"27 563 023";"2024-09-01 17:14:58"
"2024-09-05";"";"507 901";"36 373";"27 563 147";"2024-09-05 05:14:42"
"2024-09-09";"YouTube";"66 215";"53 853";"27 563 507";"2024-09-09 23:08:00"
"2024-09-02";"";"114 654";"91 630";"27 562 459";"2024-09-02 07:04:22"
"2024-09-08";"YouTube";"890 398";"1 177 755";"27 561 965";"2024-09-08 04:13:41"
"2024-09-05";"";"49 589";"264 970";"27 562 545";"2024-09-05 18:39:25"
"2024-09-05";"Instagram";"231 778";"35 250";"27 562 468";"2024-09-05 07:28:30"
"2024-09-01";"Telegram";"8 986 031";"967 053";"27 562 149";"2024-09-01 23:44:50"
"2024-09-04";"";"16 379";"41 033";"27 561 260";"2024-09-04 07:52:34"
"2024-09-05";"";"1 452 438";"111 345";"27 561 792";"2024-09-05 18:03:37"
"2024-09-04";"";"686 188";"186 276";"27 562 675";"2024-09-04 19:04:24"
"2024-09-07";"";"911 639";"33 346";"27 562 445";"2024-09-07 12:45:29"
"2024-09-08";"Instagram";"55 325 916";"1 204 249";"27 563 439";"2024-09-08 16:25:41"
"2024-09-03";"";"1 647 098";"90 965";"27 562 622";"2024-09-03 10:43:40"
"2024-09-08";"Telegram";"13 546 180";"834 257";"27 562 447";"2024-09-09 00:57:44"
"2024-09-07";"Facebook";"29 931";"18 701";"27 562 470";"2024-09-07 11:32:06"
"2024-09-09";"";"235 395";"119 009";"27 562 681";"2024-09-09 23:44:04"
"2024-09-04";"";"230 723";"29 245";"27 562 559";"2024-09-04 03:48:19"
"2024-09-07";"";"69 517";"4 744";"27 563 030";"2024-09-07 08:41:22"
"2024-09-02";"Facebook";"52 113";"43 645";"27 562 861";"2024-09-03 01:58:57"
"2024-09-05";"";"9 565";"49 772";"27 563 476";"2024-09-05 12:57:53"
"2024-09-06";"";"15 057 376";"1 227 520";"27 563 452";"2024-09-06 11:56:08"
"2024-09-02";"Instagram";"508 136";"27 936";"27 561 441";"2024-09-02 11:32:20"
"2024-09-04";"Yandex";"47 080";"2 881";"27 562 934";"2024-09-04 20:41:19"
"2024-09-06";"YouTube";"1 008 534";"195 457";"27 561 361";"2024-09-06 10:31:39"
"2024-09-07";"";"35 990";"2 775";"27 562 681";"2024-09-07 08:05:27"
"2024-09-04";"YouTube";"196 001";"893 348";"27 561 912";"2024-09-04 16:49:33"
"2024-09-05";"";"45 327";"3 278";"27 562 377";"2024-09-05 08:05:06"
"2024-09-09";"";"151 032";"19 432";"27 563 445";"2024-09-09 19:04:24"
"2024-09-07";"";"91 112";"5 347";"27 563 129";"2024-09-07 06:39:04"
"2024-09-09";"";"3 478 553";"124 308";"27 562 033";"2024-09-09 08:41:28"
"2024-09-10";"";"125 272";"6 489";"27 562 257";"2024-09-10 04:01:57"
"2024-09-09";"";"148 845";"68 128";"27 561 199";"2024-09-09 16:13:09"
"2024-09-09";"";"74 958";"14 685";"27 561 197";"2024-09-09 06:03:56"
"2024-09-04";"YouTube";"3 018 915";"140 266";"27 561 592";"2024-09-04 16:01:31"
"2024-09-06";"";"621 518";"27 564";"27 562 775";"2024-09-06 05:02:10"
"2024-09-02";"";"295 940";"24 411";"27 561 396";"2024-09-03 02:11:23"
"2024-09-02";"";"249 296";"24 693";"27 561 232";"2024-09-02 08:29:39"
"2024-09-09";"Instagram";"154 168 733";"3 788 631";"27 563 503";"2024-09-09 23:44:13"
"2024-09-04";"Instagram";"19 922 969";"446 765";"27 562 230";"2024-09-05 01:34:57"
"2024-09-10";"YouTube";"144 715";"25 719";"27 563 039";"2024-09-10 13:34:24"
"2024-09-09";"";"181 271";"58 838";"27 561 458";"2024-09-09 16:49:01"
"2024-09-03";"";"2 738 409";"134 022";"27 561 216";"2024-09-03 18:51:44"
"2024-09-04";"";"294 659";"332 606";"27 562 350";"2024-09-04 04:25:32"
"2024-09-08";"";"64 520";"3 960";"27 561 201";"2024-09-08 11:20:24"
"2024-09-10";"";"1 230 112";"40 172";"27 562 044";"2024-09-10 15:24:42"
"2024-09-08";"Instagram";"7 248 454";"267 476";"27 563 345";"2024-09-08 21:30:39"
"2024-09-05";"WhatsApp";"5 595 355";"6 772 238";"27 563 357";"2024-09-05 12:33:15"
"2024-09-03";"";"1 748 731";"41 088";"27 562 083";"2024-09-03 22:19:18"
"2024-09-07";"Facebook";"4 292 197";"275 298";"27 561 306";"2024-09-07 10:55:14"
"2024-09-09";"YouTube";"49 564";"7 229";"27 562 553";"2024-09-09 12:33:27"
"2024-09-10";"";"50 368";"46 487";"27 562 873";"2024-09-10 18:15:08"
"2024-09-01";"";"3 812 925";"176 592";"27 562 674";"2024-09-02 00:57:55"
"2024-09-02";"Instagram";"471 762";"99 906";"27 562 094";"2024-09-02 15:48:16"
"2024-09-05";"WhatsApp";"445 887";"172 733";"27 562 138";"2024-09-05 23:20:06"
"2024-09-02";"";"94 310";"25 848";"27 563 009";"2024-09-02 17:38:01"
"2024-09-09";"";"28 861";"157 010";"27 563 426";"2024-09-09 18:51:58"
"2024-09-06";"Yandex Video";"17 315 246";"757 871";"27 563 266";"2024-09-06 16:37:11"
"2024-09-08";"";"26 536";"8 418";"27 562 982";"2024-09-08 13:34:49"
"2024-09-05";"";"4 968 838";"1 702 474";"27 563 446";"2024-09-05 11:32:53"
"2024-09-07";"";"40 461";"5 699";"27 563 273";"2024-09-07 11:20:41"
"2024-09-08";"YouTube";"39 748";"4 182";"27 562 263";"2024-09-08 13:10:19"
"2024-09-07";"";"31 048";"5 741";"27 561 564";"2024-09-08 00:09:07"
"2024-09-04";"";"165 349";"117 572";"27 562 758";"2024-09-04 12:21:09"
"2024-09-05";"";"3 979";"27 438";"27 561 265";"2024-09-05 04:37:14"
"2024-09-08";"Tas-ix";"188 275";"7 746";"27 562 675";"2024-09-08 16:01:40"
"2024-09-06";"";"34 401";"30 457";"27 562 670";"2024-09-06 13:58:48"
"2024-09-04";"";"51 274";"80 043";"27 562 538";"2024-09-04 16:37:53"
"2024-09-08";"";"28 265";"10 579";"27 561 761";"2024-09-08 15:24:28"
"2024-09-10";"Facebook";"95 841";"66 698";"27 561 336";"2024-09-10 14:59:05"
"2024-09-01";"Telegram";"4 225 456";"310 586";"27 561 545";"2024-09-01 21:42:00"
"2024-09-05";"";"25 935";"3 281";"27 561 640";"2024-09-05 11:56:52"
"2024-09-04";"";"345 904";"36 933";"27 562 508";"2024-09-04 16:37:48"
"2024-09-09";"";"3 162 004";"157 680";"27 563 043";"2024-09-09 07:04:16"
"2024-09-02";"";"44 410";"7 891";"27 563 468";"2024-09-02 08:41:43"
"2024-09-09";"";"29 696";"10 327";"27 562 645";"2024-09-09 18:03:40"
"2024-09-09";"Telegram";"91 098 204";"4 825 706";"27 561 195";"2024-09-09 17:50:19"
"2024-09-06";"YouTube";"77 689";"12 075";"27 562 464";"2024-09-06 07:04:57"
"2024-09-08";"";"851 637";"46 424";"27 562 202";"2024-09-08 08:41:40"
"2024-09-04";"";"138 124";"9 239";"27 561 814";"2024-09-04 06:03:33"
"2024-09-01";"";"7 855 848";"364 166";"27 563 204";"2024-09-01 17:14:00"
"2024-09-01";"";"7 779 681";"330 294";"27 562 139";"2024-09-01 18:15:39"
"2024-09-08";"Facebook";"453 770";"166 060";"27 562 824";"2024-09-08 09:30:18"
"2024-09-06";"Telegram";"334 530";"77 183";"27 562 866";"2024-09-06 20:53:37"
"2024-09-09";"";"697 998";"258 013";"27 563 467";"2024-09-09 22:31:20"
"2024-09-06";"";"49 481";"12 597";"27 561 629";"2024-09-06 17:38:20"
"2024-09-04";"WhatsApp";"413 983";"148 494";"27 561 492";"2024-09-04 16:37:44"
"2024-09-08";"Telegram";"13 765 253";"1 016 349";"27 562 142";"2024-09-08 05:02:36"
"2024-09-03";"";"715 917";"109 774";"27 561 753";"2024-09-03 22:31:36"
"2024-09-07";"";"451 085";"80 295";"27 563 079";"2024-09-07 23:20:33"
"2024-09-05";"YouTube";"460 414";"118 696";"27 563 472";"2024-09-05 17:50:31"
"2024-09-07";"Telegram";"3 299 356";"1 866 404";"27 562 120";"2024-09-07 03:00:57"
"2024-09-04";"";"27 699";"5 838";"27 562 628";"2024-09-04 12:57:35"
"2024-09-10";"Telegram";"85 736 192";"6 519 845";"27 561 407";"2024-09-10 16:37:00"
"2024-09-07";"";"1 508 747";"2 554 459";"27 563 096";"2024-09-07 09:06:12"
"2024-09-07";"";"21 097";"30 356";"27 563 452";"2024-09-08 00:33:34"
"2024-09-05";"";"85 258";"9 244";"27 561 745";"2024-09-05 17:02:45"
"2024-09-04";"";"730 700";"4 589 920";"27 563 426";"2024-09-04 15:00:46"
"2024-09-06";"Instagram";"311 831";"38 339";"27 562 401";"2024-09-06 13:10:21"
"2024-09-04";"";"321 820";"301 684";"27 562 352";"2024-09-04 11:44:55"
"2024-09-06";"YouTube";"2 511 473";"959 230";"27 562 313";"2024-09-06 18:03:27"
"2024-09-06";"";"2 067 077";"65 646";"27 562 762";"2024-09-06 14:23:27"
"2024-09-03";"";"24 930 020";"1 622 586";"27 561 964";"2024-09-03 17:26:26"
"2024-09-08";"";"2 159 863";"86 809";"27 561 480";"2024-09-08 11:32:26"
"2024-09-01";"YouTube";"138 624";"17 191";"27 563 123";"2024-09-01 10:55:58"
"2024-09-04";"";"417 311";"8 250";"27 563 287";"2024-09-04 20:41:55"
"2024-09-02";"";"362 462";"83 592";"27 562 418";"2024-09-02 17:14:20"
"2024-09-03";"";"241 145";"1 113 735";"27 562 457";"2024-09-03 11:20:48"
"2024-09-10";"";"237 964";"29 514";"27 562 758";"2024-09-11 01:58:34"
"2024-09-04";"";"90 253";"29 427";"27 562 322";"2024-09-04 19:40:56"
"2024-09-03";"";"233 039";"31 495";"27 562 281";"2024-09-03 09:54:05"
"2024-09-06";"";"33 916";"68 197";"27 562 795";"2024-09-06 20:53:01"
"2024-09-04";"YouTube";"1 550 231";"110 589";"27 561 775";"2024-09-04 23:20:48"
"2024-09-06";"";"996 928";"43 704";"27 561 622";"2024-09-06 19:52:26"
"2024-09-09";"Facebook";"27 566";"14 673";"27 562 846";"2024-09-10 02:59:02"
"2024-09-06";"";"84 915";"50 332";"27 562 542";"2024-09-06 10:07:32"
"2024-09-03";"Telegram";"93 514";"6 986";"27 562 058";"2024-09-03 15:00:45"
"2024-09-02";"";"282 632";"179 204";"27 561 776";"2024-09-02 07:16:58"
"2024-09-04";"";"67 412";"9 182";"27 561 362";"2024-09-04 13:34:45"
"2024-09-09";"";"266 472";"17 415";"27 562 291";"2024-09-09 18:27:18"
"2024-09-02";"";"30 954";"14 723";"27 562 825";"2024-09-02 08:17:36"
"2024-09-03";"";"3 529 252";"1 036 338";"27 561 649";"2024-09-04 01:10:55"
"2024-09-08";"Instagram";"10 072 487";"242 615";"27 561 224";"2024-09-09 01:22:11"
"2024-09-07";"";"35 907";"2 340";"27 561 689";"2024-09-07 18:27:22"
"2024-09-06";"";"6 332 125";"141 369";"27 561 841";"2024-09-07 01:34:54"
"2024-09-10";"";"492 980";"48 991";"27 563 219";"2024-09-10 06:51:19"
"2024-09-04";"";"52 376";"5 358";"27 562 919";"2024-09-04 17:14:37"
"2024-09-06";"";"1 453 051";"467 782";"27 562 204";"2024-09-06 20:53:08"
"2024-09-09";"";"1 063 986";"220 994";"27 563 295";"2024-09-09 23:20:09"
"2024-09-02";"";"1 026 749";"92 004";"27 562 984";"2024-09-02 20:53:27"
"2024-09-02";"";"44 304";"79 749";"27 562 580";"2024-09-03 00:33:40"
"2024-09-02";"";"275 486";"35 791";"27 561 266";"2024-09-03 00:57:52"
"2024-09-09";"";"38 341";"38 668";"27 561 436";"2024-09-09 20:29:50"
"2024-09-05";"";"595 315";"37 723";"27 562 808";"2024-09-05 17:38:30"
"2024-09-04";"Facebook";"276 754";"179 083";"27 562 710";"2024-09-04 08:17:58"
"2024-09-04";"";"141 152";"36 971";"27 563 365";"2024-09-04 22:43:41"
"2024-09-04";"";"26 718";"1 800";"27 562 420";"2024-09-04 09:18:45"
"2024-09-10";"Instagram";"8 059 303";"4 240 960";"27 561 924";"2024-09-11 02:23:02"
"2024-09-10";"";"174 829";"34 536";"27 561 269";"2024-09-10 16:25:53"
"2024-09-01";"";"25 820";"25 370";"27 562 050";"2024-09-02 01:10:31"
"2024-09-09";"";"12 227";"27 099";"27 562 783";"2024-09-09 17:26:33"
"2024-09-06";"";"75 175";"9 214";"27 562 779";"2024-09-06 08:29:03"
"2024-09-06";"YouTube";"91 365";"45 260";"27 562 660";"2024-09-06 20:05:46"
"2024-09-10";"YouTube";"1 603 692";"97 211";"27 562 006";"2024-09-11 02:23:29"
"2024-09-03";"";"55 712";"126 045";"27 562 261";"2024-09-03 08:17:17"
"2024-09-02";"";"26 824";"1 561";"27 562 317";"2024-09-02 20:05:43"
"2024-09-08";"";"37 954";"13 206";"27 563 281";"2024-09-08 19:40:31"
"2024-09-01";"";"228 018";"21 365";"27 561 433";"2024-09-02 02:23:33"
"2024-09-01";"";"27 101";"3 268";"27 562 547";"2024-09-01 12:09:03"
"2024-09-04";"Facebook";"182 870";"16 775";"27 561 767";"2024-09-04 16:25:16"
"2024-09-02";"Apple Music";"25 809";"5 959";"27 562 717";"2024-09-02 19:28:17"
"2024-09-09";"Facebook";"397 872";"369 261";"27 563 221";"2024-09-10 00:33:51"
"2024-09-10";"Telegram";"81 573 996";"27 359 111";"27 562 427";"2024-09-10 14:47:31"
"2024-09-08";"";"53 582";"5 781";"27 563 341";"2024-09-08 14:23:53"
"2024-09-06";"";"514 577";"31 212";"27 561 219";"2024-09-06 08:29:57"
"2024-09-07";"TikTok";"75 646";"398 059";"27 561 220";"2024-09-07 20:05:57"
"2024-09-07";"";"31 599";"5 544";"27 563 242";"2024-09-07 18:03:11"
"2024-09-01";"YouTube";"58 309";"333 370";"27 562 112";"2024-09-02 02:59:16"
"2024-09-02";"";"5 370";"237 928";"27 562 840";"2024-09-02 13:58:32"
"2024-09-08";"";"72 258";"35 350";"27 562 667";"2024-09-08 19:28:56"
"2024-09-09";"";"144 820";"30 888";"27 561 343";"2024-09-09 07:28:17"
"2024-09-02";"";"173 394";"561 067";"27 563 238";"2024-09-02 16:01:24"
"2024-09-05";"Instagram";"79 900";"6 349";"27 563 048";"2024-09-05 20:29:22"
"2024-09-05";"YouTube";"6 454 288";"305 202";"27 561 370";"2024-09-05 13:10:34"
"2024-09-08";"";"594 968";"117 841";"27 562 646";"2024-09-08 12:09:48"
"2024-09-08";"YouTube";"37 437";"16 278";"27 562 126";"2024-09-08 06:15:57"
"2024-09-03";"";"696 372";"37 197";"27 561 974";"2024-09-03 12:09:15"
"2024-09-06";"YouTube";"575 523";"128 407";"27 563 100";"2024-09-06 13:10:19"
"2024-09-08";"";"94 266";"130 119";"27 562 427";"2024-09-08 12:45:23"
"2024-09-01";"Facebook";"39 335";"12 998";"27 562 156";"2024-09-01 16:13:43"
"2024-09-06";"";"1 127 403";"1 587 597";"27 562 365";"2024-09-06 03:00:30"
"2024-09-06";"Telegram";"3 826 696";"343 497";"27 562 771";"2024-09-06 04:13:01"
"2024-09-04";"";"38 969";"30 065";"27 562 858";"2024-09-04 13:34:30"
"2024-09-01";"";"227 140";"295 448";"27 562 428";"2024-09-01 15:48:05"
"2024-09-06";"Unknown";"91 370";"11 425";"27 561 940";"2024-09-06 06:15:07"
"2024-09-08";"Instagram";"2 462 277";"105 061";"27 562 601";"2024-09-08 13:58:53"
"2024-09-07";"Facebook";"865 875";"33 823";"27 563 139";"2024-09-07 13:58:56"
"2024-09-10";"";"9 859 446";"2 191 733";"27 563 414";"2024-09-10 14:59:31"
"2024-09-05";"";"916 215";"85 430";"27 561 293";"2024-09-05 08:05:56"
"2024-09-03";"";"1 112 226";"1 530 145";"27 561 448";"2024-09-03 22:31:23"
"2024-09-08";"";"207 036";"11 433";"27 563 174";"2024-09-09 00:09:24"
"2024-09-05";"";"5 824 211";"312 747";"27 562 442";"2024-09-05 17:38:49"
"2024-09-04";"YouTube";"551 659";"199 039";"27 562 315";"2024-09-04 05:38:06"
"2024-09-04";"";"32 255";"4 055";"27 563 414";"2024-09-05 01:10:03"
"2024-09-02";"YouTube";"176 499";"2 359 027";"27 563 102";"2024-09-03 01:46:35"
"2024-09-02";"";"49 233";"6 116";"27 561 575";"2024-09-02 08:29:13"
"2024-09-05";"";"34 678";"2 878";"27 562 836";"2024-09-05 23:56:15"
"2024-09-06";"";"67 719";"55 660";"27 562 535";"2024-09-06 22:19:33"
"2024-09-04";"Facebook";"195 671";"22 942";"27 561 811";"2024-09-05 00:33:26"
"2024-09-06";"";"1 664 188";"134 260";"27 562 784";"2024-09-06 11:08:44"
"2024-09-02";"YouTube";"505 498";"42 728";"27 561 967";"2024-09-02 21:06:22"
"2024-09-10";"";"155 237";"23 468";"27 562 156";"2024-09-10 04:25:47"
"2024-09-07";"";"26 926";"2 441";"27 563 219";"2024-09-07 18:27:53"
"2024-09-09";"YouTube";"882 139";"115 054";"27 561 396";"2024-09-09 20:53:11"
"2024-09-10";"";"34 866 651";"2 609 848";"27 562 681";"2024-09-10 22:19:04"
"2024-09-07";"";"19 378";"26 725";"27 561 390";"2024-09-08 02:23:41"
"2024-09-04";"PUBG";"1 457 694";"39 956";"27 563 463";"2024-09-04 05:50:36"
"2024-09-03";"";"55 375";"54 159";"27 561 465";"2024-09-04 01:34:15"
"2024-09-10";"";"242 072";"74 007";"27 562 260";"2024-09-11 02:59:40"
"2024-09-07";"";"480";"28 256";"27 562 480";"2024-09-07 11:56:47"
"2024-09-02";"";"9 420 009";"894 611";"27 561 600";"2024-09-02 23:20:06"
"2024-09-06";"";"28 024";"125 904";"27 563 231";"2024-09-06 19:28:39"
"2024-09-05";"YouTube";"361 828";"3 134 279";"27 562 428";"2024-09-05 06:27:41"
"2024-09-03";"";"2 097 068";"33 938";"27 562 139";"2024-09-04 01:46:10"
"2024-09-07";"YouTube";"139 706 718";"7 727 807";"27 563 342";"2024-09-07 08:05:25"
"2024-09-02";"YouTube";"654 043";"292 600";"27 562 127";"2024-09-02 14:23:46"
"2024-09-09";"Instagram";"1 986 360";"774 265";"27 561 529";"2024-09-09 04:25:06"
"2024-09-07";"YouTube";"414 685";"82 900";"27 562 872";"2024-09-07 20:05:55"
"2024-09-09";"";"36 960";"5 115";"27 561 934";"2024-09-09 06:15:00"
"2024-09-04";"Telegram";"53 511 224";"2 848 361";"27 561 805";"2024-09-04 04:25:15"
"2024-09-02";"YouTube";"258 759";"46 603";"27 561 708";"2024-09-02 13:22:53"
"2024-09-01";"";"47 324";"6 490";"27 561 861";"2024-09-01 09:54:58"
"2024-09-01";"";"878 511";"162 134";"27 562 300";"2024-09-01 08:05:26"
"2024-09-03";"WhatsApp";"50 277";"35 746";"27 561 276";"2024-09-03 10:43:20"
"2024-09-04";"YouTube";"2 937 494";"998 741";"27 562 265";"2024-09-04 22:55:02"
"2024-09-08";"YouTube";"7 491 846";"2 402 476";"27 561 426";"2024-09-08 13:22:03"
"2024-09-08";"";"114 305";"254 287";"27 563 269";"2024-09-08 03:12:25"
"2024-09-06";"Unknown";"61 336";"36 074";"27 561 775";"2024-09-06 21:30:14"
"2024-09-06";"";"2 055 717";"67 474";"27 562 675";"2024-09-06 10:31:51"
"2024-09-10";"";"168 407";"11 923";"27 563 415";"2024-09-10 21:30:03"
"2024-09-10";"YouTube";"5 270 367";"543 046";"27 562 097";"2024-09-10 16:13:54"
"2024-09-02";"";"30 235";"3 299";"27 562 064";"2024-09-02 09:54:35"
"2024-09-04";"";"4 346 592";"343 053";"27 561 420";"2024-09-05 00:45:36"
"2024-09-07";"";"159 859";"74 190";"27 563 393";"2024-09-07 04:49:00"
"2024-09-09";"Instagram";"7 568 508";"234 796";"27 562 896";"2024-09-09 19:04:33"
"2024-09-01";"";"1 687";"56 314";"27 563 092";"2024-09-01 20:41:40"
"2024-09-01";"";"953 264";"66 682";"27 561 693";"2024-09-01 21:06:59"
"2024-09-10";"";"123 465";"11 104";"27 561 915";"2024-09-10 04:49:25"
"2024-09-05";"";"411 303";"34 593";"27 562 717";"2024-09-05 03:36:18"
"2024-09-05";"";"3 030 282";"50 320";"27 562 168";"2024-09-05 13:22:26"
"2024-09-06";"";"282 410";"222 970";"27 562 741";"2024-09-06 15:00:13"
"2024-09-04";"";"36 219";"31 185";"27 562 007";"2024-09-04 15:24:14"
"2024-09-07";"";"55 462";"4 336";"27 561 622";"2024-09-07 17:38:57"
"2024-09-01";"YouTube";"3 665 566";"1 387 697";"27 561 352";"2024-09-01 18:03:12"
"2024-09-03";"";"31 284";"7 158";"27 562 280";"2024-09-03 21:42:24"
"2024-09-07";"Instagram";"1 255 615";"1 038 035";"27 562 574";"2024-09-07 21:30:16"
"2024-09-07";"";"2 439 601";"316 316";"27 562 941";"2024-09-08 00:57:19"
"2024-09-07";"";"28 959";"11 644";"27 562 868";"2024-09-07 22:43:46"
"2024-09-01";"Facebook";"58 895";"18 639";"27 562 376";"2024-09-01 17:14:55"
"2024-09-08";"";"26 187";"7 801";"27 562 142";"2024-09-08 07:28:39"
"2024-09-07";"Yandex";"19 873 057";"668 613";"27 561 981";"2024-09-08 01:10:36"
"2024-09-01";"";"13 605 964";"451 770";"27 562 239";"2024-09-02 01:34:57"
"2024-09-05";"";"2 867 473";"608 810";"27 563 372";"2024-09-05 06:03:22"
"2024-09-07";"";"85 826";"86 740";"27 561 300";"2024-09-07 09:06:45"
"2024-09-01";"";"32 386 268";"1 179 741";"27 561 384";"2024-09-01 20:29:20"
"2024-09-07";"YouTube";"2 576 462";"114 310";"27 561 414";"2024-09-07 15:12:27"
"2024-09-01";"";"408 649";"19 898";"27 561 775";"2024-09-01 06:27:25"
"2024-09-06";"";"42 074";"3 849";"27 563 290";"2024-09-06 14:23:39"
"2024-09-02";"";"199 664";"85 204";"27 561 218";"2024-09-02 15:48:28"
"2024-09-01";"";"265 870";"12 320";"27 562 732";"2024-09-01 09:30:21"
"2024-09-03";"";"67 128";"26 302";"27 561 326";"2024-09-04 01:10:34"
"2024-09-05";"";"1 767 160";"57 312";"27 562 025";"2024-09-05 19:52:04"
"2024-09-06";"";"303 032";"15 736";"27 563 358";"2024-09-06 03:48:07"
"2024-09-06";"";"238 271";"40 292";"27 561 840";"2024-09-06 22:43:25"
"2024-09-01";"";"408 499";"130 409";"27 562 116";"2024-09-01 15:48:49"
"2024-09-07";"YouTube";"451 999";"180 625";"27 561 574";"2024-09-07 11:44:26"
"2024-09-01";"";"32 261";"13 127";"27 562 567";"2024-09-01 07:28:33"
"2024-09-02";"";"33 081 848";"577 791";"27 561 659";"2024-09-03 02:59:56"
"2024-09-07";"";"61 539";"13 906";"27 562 266";"2024-09-07 16:25:34"
"2024-09-01";"";"1 267 953";"113 961";"27 562 957";"2024-09-01 21:54:19"
"2024-09-04";"Instagram";"1 155 363";"636 251";"27 562 739";"2024-09-04 17:14:36"
"2024-09-04";"";"108 437 856";"1 859 068";"27 563 289";"2024-09-04 07:04:49"
"2024-09-04";"Instagram";"700 592";"119 673";"27 562 690";"2024-09-04 20:05:42"
"2024-09-08";"";"198 421";"179 508";"27 561 981";"2024-09-08 04:49:59"
"2024-09-06";"";"160 480";"169 401";"27 563 023";"2024-09-06 04:01:58"
"2024-09-07";"";"43 805 219";"1 917 157";"27 561 290";"2024-09-07 03:36:23"
"2024-09-04";"Yandex";"10 753 363";"2 320 413";"27 563 041";"2024-09-04 19:16:57"
"2024-09-10";"";"36 953";"2 351";"27 563 211";"2024-09-10 19:04:33"
"2024-09-09";"YouTube";"97 260";"7 111";"27 562 771";"2024-09-09 22:31:23"
"2024-09-06";"";"129 791";"6 677";"27 562 098";"2024-09-06 07:28:44"
"2024-09-06";"";"59 867";"28 647";"27 563 022";"2024-09-06 05:14:45"
"2024-09-07";"";"148 922";"33 694";"27 562 082";"2024-09-07 03:36:26"
"2024-09-05";"";"30 620";"38 317";"27 562 484";"2024-09-05 12:57:29"
"2024-09-04";"Tas-ix";"153 795";"5 390";"27 562 698";"2024-09-04 20:05:31"
"2024-09-03";"Instagram";"1 334 680";"274 704";"27 562 139";"2024-09-03 19:04:13"
"2024-09-04";"";"29 261";"4 675";"27 563 041";"2024-09-04 03:36:39"
"2024-09-05";"Yandex";"959 136";"1 469 935";"27 561 776";"2024-09-05 10:31:50"
"2024-09-03";"";"40 335";"1 363";"27 561 794";"2024-09-03 13:58:56"
"2024-09-03";"Yandex";"90 533";"8 443";"27 562 453";"2024-09-03 03:36:29"
"2024-09-06";"YouTube";"17 786 783";"717 075";"27 563 273";"2024-09-06 05:38:58"
"2024-09-01";"";"748 223";"37 195";"27 562 397";"2024-09-01 21:18:54"
"2024-09-06";"YouTube";"538 298";"91 629";"27 562 823";"2024-09-07 02:47:59"
"2024-09-05";"";"6 808 116";"6 631 821";"27 562 281";"2024-09-05 12:57:59"
"2024-09-09";"";"176 456";"564 414";"27 562 656";"2024-09-09 17:50:28"
"2024-09-04";"";"83 965";"154 045";"27 562 083";"2024-09-04 05:50:40"
"2024-09-07";"YouTube";"252 045";"52 344";"27 563 062";"2024-09-08 00:09:43"
"2024-09-06";"";"147 511";"26 820";"27 563 304";"2024-09-06 22:31:03"
"2024-09-07";"";"74 387";"5 880";"27 562 645";"2024-09-07 14:47:22"
"2024-09-05";"";"78 449";"9 366";"27 562 917";"2024-09-06 02:35:38"
"2024-09-09";"";"154 038";"11 334";"27 563 072";"2024-09-09 15:12:33"
"2024-09-01";"";"55 375";"27 790";"27 561 872";"2024-09-01 08:05:51"
"2024-09-03";"Instagram";"2 460 632";"1 339 378";"27 561 221";"2024-09-03 21:30:20"
"2024-09-03";"YouTube";"217 807";"10 733";"27 562 863";"2024-09-03 15:00:05"
"2024-09-05";"";"97 522";"4 283";"27 563 420";"2024-09-06 00:45:58"
"2024-09-09";"YouTube";"1 063 991";"2 888 886";"27 561 758";"2024-09-09 08:17:48"
"2024-09-09";"Unknown";"83 598";"24 767";"27 562 646";"2024-09-09 08:05:03"
"2024-09-04";"YouTube";"239 501 635";"11 978 236";"27 563 204";"2024-09-05 02:11:18"
"2024-09-02";"Facebook";"218 056";"21 245";"27 562 894";"2024-09-03 00:21:53"
"2024-09-02";"";"102 450";"14 896";"27 563 404";"2024-09-02 13:46:33"
"2024-09-06";"";"14 137";"27 056";"27 561 466";"2024-09-06 12:33:51"
"2024-09-03";"";"242 395";"16 837";"27 561 236";"2024-09-03 11:32:12"
"2024-09-07";"Telegram";"39 040";"5 926";"27 563 497";"2024-09-07 17:26:29"
"2024-09-08";"";"192 963";"22 916";"27 561 634";"2024-09-09 02:59:58"
"2024-09-10";"Telegram";"274 354";"29 201";"27 562 979";"2024-09-10 06:15:35"
"2024-09-03";"";"1 000 291";"37 721";"27 562 216";"2024-09-03 15:12:00"
"2024-09-04";"";"4 903 003";"125 653";"27 561 179";"2024-09-04 11:56:06"
"2024-09-06";"";"41 001 872";"20 905 439";"27 562 634";"2024-09-06 10:31:53"
"2024-09-05";"";"34 844";"2 198";"27 562 759";"2024-09-05 13:22:10"
"2024-09-07";"YouTube";"113 539 352";"6 285 130";"27 563 060";"2024-09-07 21:42:44"
"2024-09-07";"";"91 730";"31 083";"27 561 339";"2024-09-07 08:53:28"
"2024-09-07";"";"587 151";"18 780";"27 561 350";"2024-09-07 06:51:59"
"2024-09-04";"";"89 442";"6 276";"27 562 714";"2024-09-04 09:18:57"
"2024-09-10";"";"40 758";"26 770";"27 562 787";"2024-09-10 19:28:15"
"2024-09-05";"";"2 686 219";"201 749";"27 562 192";"2024-09-05 03:48:19"
"2024-09-07";"";"419 255";"285 521";"27 562 422";"2024-09-07 19:16:27"
"2024-09-08";"Tas-ix";"1 130 566";"45 519";"27 561 605";"2024-09-08 16:25:00"
"2024-09-09";"Instagram";"167 560";"36 898";"27 561 848";"2024-09-09 05:38:04"
"2024-09-02";"";"5 125 432";"480 638";"27 561 870";"2024-09-02 09:30:20"
"2024-09-10";"";"158 442";"32 889";"27 562 942";"2024-09-10 06:51:53"
"2024-09-07";"";"8 610";"39 091";"27 562 812";"2024-09-07 16:01:57"
"2024-09-06";"";"33 687";"8 099";"27 561 998";"2024-09-06 05:26:57"
"2024-09-08";"Yandex";"83 851";"6 498";"27 561 375";"2024-09-08 16:49:03"
"2024-09-09";"";"62 087";"15 008";"27 563 008";"2024-09-09 10:55:50"
"2024-09-01";"YouTube";"2 303 027";"515 334";"27 562 423";"2024-09-01 20:41:43"
"2024-09-02";"";"1 717 538";"65 536";"27 562 733";"2024-09-02 21:54:10"
"2024-09-09";"";"1 370 367";"515 898";"27 562 039";"2024-09-09 12:45:22"
"2024-09-06";"";"428 959";"242 525";"27 561 294";"2024-09-06 15:24:54"
"2024-09-08";"";"4 966 286";"1 036 415";"27 563 008";"2024-09-08 16:01:27"
"2024-09-06";"";"68 295";"23 738";"27 563 174";"2024-09-06 20:53:20"
"2024-09-04";"";"25 824";"5 257";"27 562 156";"2024-09-04 04:01:10"
"2024-09-10";"";"518 696";"36 281";"27 562 167";"2024-09-10 04:37:29"
"2024-09-03";"";"39 935";"4 395";"27 561 466";"2024-09-03 05:50:23"
"2024-09-10";"";"236 831";"59 750";"27 563 022";"2024-09-10 16:01:25"
"2024-09-05";"";"133 687";"317 953";"27 561 311";"2024-09-05 11:20:16"
"2024-09-10";"";"7 860";"469 953";"27 563 414";"2024-09-11 00:33:38"
"2024-09-01";"";"391 130";"42 122";"27 563 000";"2024-09-01 07:52:12"
"2024-09-07";"";"1 232 037";"62 429";"27 562 291";"2024-09-07 05:26:44"
"2024-09-05";"";"49 089";"106 097";"27 561 725";"2024-09-05 05:26:51"
"2024-09-10";"Tas-ix";"80 544";"10 007";"27 562 922";"2024-09-11 02:11:05"
"2024-09-05";"Facebook";"7 038 609";"1 456 275";"27 561 902";"2024-09-05 15:24:48"
"2024-09-08";"";"86 297";"456 085";"27 561 369";"2024-09-08 09:42:23"
"2024-09-01";"";"104 997";"5 940";"27 562 863";"2024-09-01 12:57:29"
"2024-09-01";"Unknown";"38 758";"4 805";"27 562 989";"2024-09-01 06:03:15"
"2024-09-05";"Facebook";"5 780 024";"169 377";"27 561 753";"2024-09-05 20:41:34"
"2024-09-05";"";"77 618";"6 753";"27 562 398";"2024-09-05 14:11:03"
"2024-09-09";"Telegram";"54 382 976";"6 603 196";"27 561 744";"2024-09-09 15:12:21"
"2024-09-03";"";"31 963";"2 876";"27 562 413";"2024-09-03 18:39:48"
"2024-09-07";"YouTube";"1 608 430";"564 367";"27 562 788";"2024-09-07 08:17:07"
"2024-09-05";"";"140 164";"32 647";"27 561 227";"2024-09-05 14:11:48"
"2024-09-07";"";"438 840";"116 309";"27 562 935";"2024-09-07 08:29:31"
"2024-09-08";"YouTube";"4 318 934";"203 507";"27 562 352";"2024-09-08 04:01:44"
"2024-09-08";"";"69 265";"11 866";"27 561 398";"2024-09-08 14:11:31"
"2024-09-03";"YouTube";"156 050 747";"10 628 422";"27 561 337";"2024-09-03 12:09:51"
"2024-09-06";"";"864 763";"26 794";"27 562 800";"2024-09-06 08:17:35"
"2024-09-09";"";"43 445";"3 324";"27 563 176";"2024-09-09 20:29:47"
"2024-09-09";"";"14 134";"26 298";"27 562 716";"2024-09-09 19:52:44"
"2024-09-05";"PUBG";"30 133";"12 454";"27 562 900";"2024-09-05 14:47:05"
"2024-09-02";"YouTube";"137 832";"203 457";"27 561 506";"2024-09-02 12:09:52"
"2024-09-02";"";"168 712";"8 551";"27 561 689";"2024-09-03 02:23:32"
"2024-09-03";"Instagram";"26 741";"4 249";"27 562 931";"2024-09-03 09:30:09"
"2024-09-05";"Unknown";"226 470";"26 350";"27 561 449";"2024-09-05 07:40:08"
"2024-09-10";"";"251 179";"66 328";"27 562 047";"2024-09-10 14:47:55"
"2024-09-04";"";"36 767";"3 221";"27 561 950";"2024-09-04 07:28:39"
"2024-09-08";"";"34 891";"8 526";"27 562 445";"2024-09-08 04:37:14"
"2024-09-03";"Instagram";"19 722 116";"1 257 839";"27 562 521";"2024-09-03 22:55:39"
"2024-09-10";"";"39 842";"5 895";"27 563 453";"2024-09-10 20:17:37"
"2024-09-03";"";"682 709";"41 398";"27 563 363";"2024-09-03 06:27:41"
"2024-09-07";"";"84 115";"2 789";"27 562 090";"2024-09-07 03:24:29"
"2024-09-06";"YouTube";"2 017 193";"810 770";"27 563 495";"2024-09-06 22:43:19"
"2024-09-08";"";"360 214";"8 945";"27 563 177";"2024-09-08 18:39:31"
"2024-09-10";"";"178 687";"49 086";"27 563 153";"2024-09-10 16:13:57"
"2024-09-07";"";"397 680";"28 725";"27 561 480";"2024-09-08 00:45:04"
"2024-09-08";"";"29 311";"21 515";"27 562 880";"2024-09-08 21:06:28"
"2024-09-09";"";"37 146";"4 402";"27 562 090";"2024-09-09 07:28:55"
"2024-09-04";"";"6 516";"46 777";"27 562 124";"2024-09-04 16:13:52"
"2024-09-03";"";"28 188";"7 765";"27 562 204";"2024-09-03 04:13:59"
"2024-09-04";"";"1 313 542";"73 438";"27 561 762";"2024-09-04 23:20:09"
"2024-09-07";"YouTube";"12 574 872";"583 943";"27 562 971";"2024-09-08 02:35:08"
"2024-09-02";"";"121 564";"534 021";"27 561 219";"2024-09-02 04:25:15"
"2024-09-08";"";"1 369 224";"57 859";"27 561 902";"2024-09-08 22:43:50"
"2024-09-03";"YouTube";"484 571";"50 602";"27 562 497";"2024-09-04 00:33:11"
"2024-09-10";"";"34 161";"3 851";"27 562 896";"2024-09-10 23:32:20"
"2024-09-07";"";"254 470";"8 609";"27 562 560";"2024-09-07 18:39:50"
"2024-09-04";"";"31 583";"5 617";"27 562 609";"2024-09-04 03:00:12"
"2024-09-05";"";"20 493";"133 395";"27 561 845";"2024-09-05 03:48:38"
"2024-09-06";"";"162 521";"44 631";"27 561 290";"2024-09-06 11:32:31"
"2024-09-09";"";"133 255";"8 484";"27 562 340";"2024-09-09 22:19:37"
"2024-09-02";"";"127 564 820";"7 883 081";"27 563 199";"2024-09-02 16:01:39"
"2024-09-09";"";"209 435";"53 406";"27 561 192";"2024-09-09 20:41:48"
"2024-09-06";"Yandex";"27 272 515";"902 935";"27 562 900";"2024-09-06 05:50:54"
"2024-09-01";"";"1 119 512";"497 822";"27 561 994";"2024-09-02 01:34:33"
"2024-09-07";"";"20 362";"39 482";"27 563 242";"2024-09-07 15:24:58"
"2024-09-01";"";"7 872";"51 038";"27 561 874";"2024-09-01 17:50:49"
"2024-09-04";"";"99 156";"7 447";"27 562 435";"2024-09-04 22:43:46"
"2024-09-07";"";"638 522";"22 815";"27 562 840";"2024-09-07 20:17:13"
"2024-09-09";"Yandex";"706 258";"40 316";"27 562 504";"2024-09-09 09:54:25"
"2024-09-02";"";"4 737 065";"211 290";"27 562 304";"2024-09-02 14:35:43"
"2024-09-10";"PUBG";"414 126";"31 665";"27 562 073";"2024-09-10 18:51:17"
"2024-09-08";"";"40 612";"31 634";"27 562 609";"2024-09-08 09:06:02"
"2024-09-04";"";"26 877";"1 499";"27 561 706";"2024-09-04 11:56:43"
"2024-09-10";"";"250 702";"52 827";"27 561 591";"2024-09-10 04:49:35"
"2024-09-08";"";"133 538";"433 241";"27 562 355";"2024-09-08 22:19:27"
"2024-09-10";"";"331 281";"1 060 756";"27 562 437";"2024-09-10 16:37:00"
"2024-09-07";"";"78 874";"51 822";"27 563 021";"2024-09-07 19:16:46"
"2024-09-05";"Telegram";"53 704 684";"4 241 509";"27 562 435";"2024-09-05 20:53:41"
"2024-09-01";"";"130 371";"19 099";"27 561 752";"2024-09-02 01:10:54"
"2024-09-01";"";"138 274";"26 472";"27 561 311";"2024-09-01 13:46:27"
"2024-09-08";"YouTube";"46 692 750";"1 737 226";"27 562 721";"2024-09-08 19:16:39"
"2024-09-03";"";"28 789";"2 571";"27 563 210";"2024-09-03 19:40:13"
"2024-09-08";"Instagram";"21 590 047";"171 065";"27 562 812";"2024-09-08 03:12:51"
"2024-09-06";"";"235 164";"20 040";"27 561 697";"2024-09-06 15:24:32"
"2024-09-06";"Apple Music";"33 865";"4 835";"27 563 453";"2024-09-06 15:00:27"
"2024-09-07";"";"368 384";"192 020";"27 562 741";"2024-09-07 07:04:24"
"2024-09-01";"";"78 064";"453 683";"27 563 440";"2024-09-01 06:27:37"
"2024-09-08";"Instagram";"38 161 677";"1 266 621";"27 562 998";"2024-09-08 21:18:22"
"2024-09-10";"";"267 061";"8 794";"27 561 804";"2024-09-11 02:35:58"
"2024-09-07";"";"74 586";"15 781";"27 562 497";"2024-09-07 10:07:03"
"2024-09-09";"Spotify";"8 303";"28 946";"27 563 262";"2024-09-09 04:49:12"
"2024-09-09";"Unknown";"30 786";"5 565";"27 561 940";"2024-09-09 18:51:03"
"2024-09-03";"";"2 231 244";"1 018 549";"27 561 204";"2024-09-03 04:13:37"
"2024-09-04";"";"2 137 885";"1 012 138";"27 562 156";"2024-09-05 02:23:00"
"2024-09-09";"";"50 412";"23 451";"27 562 720";"2024-09-09 18:03:18"
"2024-09-03";"Instagram";"908 050";"328 829";"27 563 016";"2024-09-03 18:39:08"
"2024-09-04";"";"1 362 037";"241 916";"27 561 725";"2024-09-04 12:33:19"
"2024-09-03";"";"1 774 954";"77 506";"27 562 841";"2024-09-03 23:20:44"
"2024-09-08";"";"120 047";"2 084 044";"27 562 149";"2024-09-08 06:51:20"
"2024-09-08";"Facebook";"478 808";"1 221 904";"27 562 453";"2024-09-08 03:12:27"
"2024-09-01";"Unknown";"198 232";"16 332";"27 562 076";"2024-09-01 07:04:45"
"2024-09-05";"";"27 159";"7 470";"27 563 151";"2024-09-06 00:09:46"
"2024-09-05";"";"44 030";"3 681";"27 561 224";"2024-09-06 02:11:57"
"2024-09-04";"";"78 619";"18 745";"27 563 153";"2024-09-04 23:44:13"
"2024-09-08";"";"673 048";"42 482";"27 562 527";"2024-09-08 21:30:15"
"2024-09-04";"";"94 312";"23 149";"27 561 459";"2024-09-04 08:41:34"
"2024-09-10";"";"28 586";"3 731";"27 563 121";"2024-09-10 16:37:23"
"2024-09-09";"";"328 685";"110 961";"27 561 655";"2024-09-09 17:26:16"
"2024-09-04";"";"128 156";"5 435";"27 561 956";"2024-09-04 10:31:15"
"2024-09-01";"";"185 292";"6 907";"27 562 226";"2024-09-01 10:19:01"
"2024-09-09";"";"25 820";"4 057";"27 562 759";"2024-09-10 00:57:58"
"2024-09-01";"";"31 579";"14 639";"27 561 454";"2024-09-01 21:18:42"
"2024-09-09";"Instagram";"52 706 320";"1 095 029";"27 563 152";"2024-09-10 00:09:53"
"2024-09-02";"";"939 226";"58 327";"27 563 264";"2024-09-02 20:53:15"
"2024-09-08";"";"26 471";"14 251";"27 562 470";"2024-09-08 21:42:47"
"2024-09-03";"";"38 662";"6 066";"27 563 445";"2024-09-03 19:28:27"
"2024-09-09";"Telegram";"250 145 306";"13 850 526";"27 561 988";"2024-09-09 11:32:18"
"2024-09-03";"";"139 204";"17 938";"27 563 357";"2024-09-03 17:02:11"
"2024-09-04";"";"2 625 715";"116 171";"27 562 100";"2024-09-04 09:06:58"
"2024-09-08";"Facebook";"290 261";"170 993";"27 562 003";"2024-09-09 01:34:52"
"2024-09-08";"";"533 132";"96 980";"27 563 207";"2024-09-08 19:52:01"
"2024-09-06";"Instagram";"16 932 800";"3 755 520";"27 562 591";"2024-09-06 11:20:03"
"2024-09-04";"Facebook";"75 830";"23 663";"27 561 506";"2024-09-04 16:13:34"
"2024-09-05";"YouTube";"191 412";"1 236 268";"27 562 984";"2024-09-05 19:40:56"
"2024-09-06";"";"8 533 292";"290 163";"27 562 981";"2024-09-07 02:35:34"
"2024-09-07";"Facebook";"479 501";"44 712";"27 562 470";"2024-09-07 08:53:22"
"2024-09-07";"Telegram";"901 528";"87 212";"27 561 540";"2024-09-07 15:00:47"
"2024-09-05";"";"221 843";"7 156";"27 561 573";"2024-09-05 18:39:09"
"2024-09-07";"";"33 411 327";"2 089 988";"27 563 077";"2024-09-07 14:35:53"
"2024-09-01";"";"491 961";"18 641";"27 562 583";"2024-09-01 05:02:06"
"2024-09-04";"Yandex";"765 159";"29 428";"27 562 784";"2024-09-04 22:07:25"
"2024-09-09";"";"36 966";"11 982";"27 562 496";"2024-09-09 15:48:09"
"2024-09-09";"";"43 389";"201 530";"27 562 466";"2024-09-10 02:59:49"
"2024-09-10";"";"49 808";"14 460";"27 561 239";"2024-09-10 23:08:42"
"2024-09-05";"";"139 402";"15 009";"27 562 971";"2024-09-05 22:31:44"
"2024-09-03";"";"266 740";"105 790";"27 562 024";"2024-09-03 05:50:05"
"2024-09-01";"";"425 470";"12 683";"27 561 279";"2024-09-01 12:33:01"
"2024-09-10";"";"724 251";"12 116";"27 562 677";"2024-09-11 02:47:43"
"2024-09-05";"";"370 193";"19 569";"27 562 698";"2024-09-05 05:02:57"
"2024-09-01";"Facebook";"3 711 167";"151 931";"27 562 276";"2024-09-01 13:58:50"
"2024-09-02";"YouTube";"198 229";"23 833";"27 562 024";"2024-09-02 17:02:00"
"2024-09-09";"";"36 848";"5 841";"27 562 900";"2024-09-09 20:29:06"
"2024-09-05";"";"5 830 915";"306 273";"27 563 471";"2024-09-05 07:28:51"
"2024-09-04";"";"27 907 224";"767 570";"27 563 080";"2024-09-04 05:14:07"
"2024-09-07";"YouTube";"54 171";"224 152";"27 563 198";"2024-09-07 22:43:23"
"2024-09-04";"";"28 873";"14 881";"27 563 035";"2024-09-04 05:14:17"
"2024-09-08";"";"353 811";"81 582";"27 562 025";"2024-09-08 12:33:33"
"2024-09-03";"";"381 527";"80 636";"27 562 553";"2024-09-03 22:43:01"
"2024-09-04";"";"55 922";"3 980";"27 561 234";"2024-09-05 01:22:59"
"2024-09-07";"";"8 810";"404 688";"27 562 721";"2024-09-07 05:38:54"
"2024-09-04";"Telegram";"114 541 322";"6 232 530";"27 563 225";"2024-09-04 23:32:58"
"2024-09-03";"YouTube";"261 379";"264 231";"27 563 451";"2024-09-03 13:10:36"
"2024-09-08";"YouTube";"6 750";"46 117";"27 563 503";"2024-09-08 22:07:48"
"2024-09-05";"";"4 288 433";"218 260";"27 563 153";"2024-09-06 00:33:06"
"2024-09-05";"";"62 505";"9 095";"27 562 567";"2024-09-05 11:20:56"
"2024-09-04";"";"123 888";"1 163 740";"27 563 311";"2024-09-04 07:28:36"
"2024-09-10";"Facebook";"385 086";"20 674";"27 562 733";"2024-09-10 19:40:37"
"2024-09-02";"";"48 869 448";"864 799";"27 562 646";"2024-09-02 10:07:02"
"2024-09-01";"";"417 033";"16 851";"27 561 232";"2024-09-01 15:24:18"
"2024-09-02";"";"3 818 299";"220 552";"27 561 435";"2024-09-02 14:11:08"
"2024-09-01";"";"126 575";"9 991";"27 562 758";"2024-09-01 09:06:45"
"2024-09-07";"Instagram";"29 167 881";"739 510";"27 562 846";"2024-09-07 10:31:33"
"2024-09-02";"";"53 193";"4 502";"27 563 440";"2024-09-03 02:35:36"
"2024-09-06";"";"27 755";"10 876";"27 563 252";"2024-09-06 18:51:26"
"2024-09-04";"Telegram";"20 667 082";"1 949 732";"27 562 951";"2024-09-04 09:54:28"
"2024-09-04";"";"41 539";"21 723";"27 561 324";"2024-09-05 01:22:32"
"2024-09-02";"";"25 836";"6 485";"27 561 772";"2024-09-02 20:41:23"
"2024-09-02";"";"78 729";"7 418";"27 562 204";"2024-09-02 14:47:21"
"2024-09-05";"";"10 472 929";"595 389";"27 562 793";"2024-09-06 01:58:43"
"2024-09-06";"Telegram";"98 032";"7 924";"27 562 192";"2024-09-06 23:56:39"
"2024-09-09";"Instagram";"2 471 921";"86 802";"27 562 932";"2024-09-09 14:23:27"
"2024-09-07";"YouTube";"387 151 053";"20 443 567";"27 563 414";"2024-09-07 07:40:26"
"2024-09-02";"";"30 816";"16 839";"27 562 842";"2024-09-02 18:15:56"
"2024-09-07";"";"67 925";"36 899";"27 562 170";"2024-09-07 19:04:28"
"2024-09-04";"";"164 779";"15 213";"27 561 286";"2024-09-04 19:52:59"
"2024-09-07";"Facebook";"522 487";"31 871";"27 561 520";"2024-09-07 09:18:23"
"2024-09-05";"";"53 755";"6 984";"27 561 373";"2024-09-05 22:19:07"
"2024-09-04";"";"1 104 975";"61 058";"27 562 982";"2024-09-04 20:53:20"
"2024-09-03";"";"3 275 287";"1 841 054";"27 561 230";"2024-09-04 00:21:43"
"2024-09-05";"";"42 112";"3 297";"27 562 330";"2024-09-05 04:49:34"
"2024-09-02";"";"105 838";"301 504";"27 562 015";"2024-09-02 17:02:53"
"2024-09-08";"";"12 241";"36 671";"27 563 264";"2024-09-08 03:12:09"
"2024-09-07";"";"187 780";"216 777";"27 562 934";"2024-09-07 16:37:25"
"2024-09-08";"";"124 152";"384 914";"27 562 364";"2024-09-08 05:26:50"
"2024-09-07";"";"63 621";"98 594";"27 562 294";"2024-09-08 02:35:02"
"2024-09-07";"";"27 052";"6 830";"27 563 130";"2024-09-07 21:42:38"
"2024-09-08";"";"27 088";"19 438";"27 562 737";"2024-09-08 17:26:45"
"2024-09-05";"";"248 087";"15 937";"27 562 364";"2024-09-05 03:24:00"
"2024-09-06";"YouTube";"91 453";"355 347";"27 563 033";"2024-09-06 19:40:28"
"2024-09-05";"YouTube";"3 911 857";"307 067";"27 562 849";"2024-09-05 15:24:09"
"2024-09-06";"";"200 806";"34 307";"27 561 838";"2024-09-06 12:33:11"
"2024-09-04";"";"1 571 165";"72 735";"27 561 250";"2024-09-04 23:20:59"
"2024-09-08";"";"68 092";"163 386";"27 561 721";"2024-09-09 01:58:34"
"2024-09-04";"";"16 849";"29 179";"27 562 573";"2024-09-04 23:08:40"
"2024-09-01";"YouTube";"16 720 857";"2 530 288";"27 562 091";"2024-09-01 04:25:31"
"2024-09-03";"";"3 016 584";"102 825";"27 562 700";"2024-09-03 12:09:54"
"2024-09-03";"";"71 951";"4 014";"27 562 388";"2024-09-03 08:05:39"
"2024-09-07";"";"144 693";"15 175";"27 561 485";"2024-09-07 07:28:38"
"2024-09-06";"Telegram";"44 845 704";"1 886 593";"27 563 088";"2024-09-06 04:37:42"
"2024-09-10";"";"15 642";"27 754";"27 561 888";"2024-09-10 07:16:13"
"2024-09-03";"Instagram";"355 139 311";"5 498 245";"27 563 184";"2024-09-03 23:56:15"
"2024-09-09";"";"12 407 802";"13 314 208";"27 562 259";"2024-09-09 13:10:00"
"2024-09-01";"";"966 492";"21 211";"27 562 233";"2024-09-01 10:43:37"
"2024-09-10";"Instagram";"3 746 087";"86 859";"27 561 474";"2024-09-10 05:26:49"
"2024-09-10";"";"51 514";"99 882";"27 563 240";"2024-09-10 07:16:13"
"2024-09-07";"";"32 396";"3 827";"27 563 281";"2024-09-07 10:43:02"
"2024-09-09";"";"128 071";"214 247";"27 561 578";"2024-09-09 09:18:03"
"2024-09-03";"Facebook";"36 498";"2 947";"27 563 326";"2024-09-03 16:25:34"
"2024-09-05";"";"111 315";"156 529";"27 561 830";"2024-09-05 07:04:38"
"2024-09-09";"";"164 511";"66 363";"27 562 643";"2024-09-09 21:54:28"
"2024-09-02";"TikTok";"0";"26 120";"27 563 147";"2024-09-02 11:20:21"
"2024-09-03";"YouTube";"5 984 536";"2 236 137";"27 563 031";"2024-09-03 04:13:06"
"2024-09-05";"";"450 877";"76 086";"27 562 420";"2024-09-05 22:43:49"
"2024-09-02";"";"386 526";"25 003";"27 562 419";"2024-09-02 04:49:35"
"2024-09-02";"";"396 317";"54 479";"27 561 214";"2024-09-02 07:16:07"
"2024-09-05";"";"5 430";"243 566";"27 561 862";"2024-09-05 23:56:29"
"2024-09-02";"";"48 394";"2 869";"27 562 849";"2024-09-03 02:23:32"
"2024-09-04";"";"55 675";"26 127";"27 563 154";"2024-09-04 13:22:38"
"2024-09-04";"";"550 824";"17 205";"27 562 674";"2024-09-05 00:09:40"
"2024-09-03";"";"22 453";"66 878";"27 562 393";"2024-09-03 06:51:53"
"2024-09-06";"WhatsApp";"60 436";"19 500";"27 561 862";"2024-09-06 19:16:19"
"2024-09-09";"";"6 005";"35 399";"27 561 538";"2024-09-09 07:04:54"
"2024-09-03";"";"57 841";"85 357";"27 563 128";"2024-09-03 17:38:51"
"2024-09-02";"Telegram";"622 221";"53 622";"27 563 213";"2024-09-02 06:03:38"
"2024-09-06";"";"1 768 528";"864 328";"27 562 490";"2024-09-06 11:56:48"
"2024-09-06";"";"59 046";"31 173";"27 563 204";"2024-09-06 06:39:02"
"2024-09-01";"";"145 978";"26 392";"27 563 464";"2024-09-01 05:50:43"
"2024-09-05";"";"63 078";"5 084";"27 561 339";"2024-09-05 05:02:21"
"2024-09-06";"";"46 340";"2 291";"27 561 307";"2024-09-06 10:31:06"
"2024-09-10";"";"25 743";"5 686";"27 563 186";"2024-09-10 16:49:14"
"2024-09-03";"";"76 511";"5 580";"27 561 915";"2024-09-03 14:11:40"
"2024-09-08";"YouTube";"604 347";"4 136 797";"27 561 350";"2024-09-08 19:04:11"
"2024-09-08";"";"4 525 065";"209 797";"27 561 963";"2024-09-09 01:22:08"
"2024-09-07";"";"9 486 246";"229 370";"27 562 578";"2024-09-07 11:56:16"
"2024-09-08";"Yandex";"48 974";"2 574";"27 562 240";"2024-09-08 23:08:35"
"2024-09-07";"";"630 907";"33 726";"27 562 839";"2024-09-07 04:13:46"
"2024-09-07";"";"7 752";"41 501";"27 562 834";"2024-09-07 08:53:12"
"2024-09-05";"";"560 758";"20 305";"27 561 392";"2024-09-06 02:23:50"
"2024-09-06";"YouTube";"1 126 105";"338 827";"27 562 203";"2024-09-06 23:32:09"
"2024-09-09";"";"666 195";"250 349";"27 561 956";"2024-09-09 11:44:45"
"2024-09-02";"";"835 669";"338 577";"27 562 107";"2024-09-03 01:46:42"
"2024-09-10";"YouTube";"902 423";"50 586";"27 562 967";"2024-09-10 20:29:50"
"2024-09-03";"";"542 572";"414 025";"27 562 337";"2024-09-03 08:17:25"
"2024-09-07";"Instagram";"8 272 046";"2 380 840";"27 561 540";"2024-09-07 09:06:28"
"2024-09-09";"";"33 069";"35 232";"27 561 649";"2024-09-10 00:21:23"
"2024-09-10";"Yandex";"261 992";"149 794";"27 562 958";"2024-09-10 21:06:37"
"2024-09-10";"";"1 306 591";"573 216";"27 562 851";"2024-09-10 10:07:18"
"2024-09-07";"YouTube";"3 131 818";"160 879";"27 561 608";"2024-09-07 20:17:46"
"2024-09-03";"";"61 727";"2 452";"27 561 623";"2024-09-03 06:39:41"
"2024-09-02";"WhatsApp";"55 690";"4 031";"27 561 995";"2024-09-02 12:21:57"
"2024-09-04";"";"77 324";"11 445";"27 563 334";"2024-09-04 20:29:47"
"2024-09-05";"";"58 081";"113 245";"27 563 058";"2024-09-05 17:26:33"
"2024-09-08";"";"39 568";"6 204";"27 562 282";"2024-09-08 07:52:37"
"2024-09-03";"YouTube";"1 742 269";"53 446";"27 562 481";"2024-09-03 14:35:17"
"2024-09-02";"";"26 332";"14 980";"27 561 646";"2024-09-02 11:32:53"
"2024-09-10";"";"26 101";"12 179";"27 562 758";"2024-09-10 03:00:22"
"2024-09-03";"YouTube";"140 451 462";"8 220 370";"27 562 107";"2024-09-03 19:52:38"
"2024-09-03";"";"18 562 141";"683 897";"27 562 861";"2024-09-03 09:18:40"
"2024-09-04";"";"26 974";"35 412";"27 561 668";"2024-09-04 13:46:23"
"2024-09-09";"Unknown";"1 390 658";"114 544";"27 562 348";"2024-09-09 21:42:52"
"2024-09-03";"";"31 763";"4 343";"27 563 174";"2024-09-03 13:46:01"
"2024-09-05";"";"70 721";"15 994";"27 563 311";"2024-09-05 06:15:27"
"2024-09-03";"";"35 160";"14 768";"27 561 662";"2024-09-03 11:08:19"
"2024-09-06";"";"120 505";"7 540";"27 563 254";"2024-09-06 08:05:20"
"2024-09-10";"";"253 501";"87 413";"27 562 516";"2024-09-10 21:54:49"
"2024-09-03";"Instagram";"13 966 826";"331 720";"27 561 251";"2024-09-03 21:06:05"
"2024-09-01";"";"246 893";"233 793";"27 563 216";"2024-09-01 17:26:06"
"2024-09-07";"";"49 654";"5 496";"27 561 997";"2024-09-08 01:10:11"
"2024-09-05";"";"26 657";"2 351";"27 562 670";"2024-09-05 19:28:50"
"2024-09-09";"Telegram";"177 372";"32 732";"27 562 743";"2024-09-09 11:44:01"
"2024-09-09";"";"655 309";"34 686";"27 561 396";"2024-09-09 22:55:59"
"2024-09-09";"";"780";"32 857";"27 561 294";"2024-09-09 16:37:36"
"2024-09-03";"";"435 169";"70 510";"27 563 109";"2024-09-04 02:59:16"
"2024-09-03";"";"73 858";"8 380";"27 561 662";"2024-09-03 17:38:42"
"2024-09-06";"Instagram";"1 003 368";"135 001";"27 562 417";"2024-09-06 04:49:43"
"2024-09-01";"";"155 732";"97 711";"27 562 559";"2024-09-01 06:03:14"
"2024-09-02";"YouTube";"495 686";"75 751";"27 562 224";"2024-09-03 00:57:14"
"2024-09-01";"YouTube";"86 654 556";"7 834 966";"27 562 527";"2024-09-01 13:22:15"
"2024-09-10";"YouTube";"736 646";"2 196 561";"27 561 583";"2024-09-11 02:47:52"
"2024-09-10";"Yandex";"101 966";"14 141";"27 561 820";"2024-09-10 22:07:21"
"2024-09-04";"";"44 139";"4 777";"27 561 361";"2024-09-04 07:16:09"
"2024-09-02";"";"415 429";"16 095";"27 563 024";"2024-09-02 07:04:55"
"2024-09-01";"";"23 679";"97 345";"27 562 598";"2024-09-01 19:04:10"
"2024-09-02";"YouTube";"58 546";"5 389";"27 563 252";"2024-09-03 02:35:39"
"2024-09-04";"";"906 360";"47 604";"27 562 152";"2024-09-04 15:24:59"
"2024-09-05";"";"132 987";"358 746";"27 562 725";"2024-09-06 00:33:57"
"2024-09-01";"";"36 771";"10 024";"27 561 386";"2024-09-01 22:55:47"
"2024-09-04";"";"425 639";"21 675";"27 562 941";"2024-09-04 05:14:33"
"2024-09-07";"";"41 971";"14 556";"27 562 483";"2024-09-07 10:07:25"
"2024-09-03";"Instagram";"2 135 376";"131 708";"27 563 121";"2024-09-03 23:44:50"
"2024-09-09";"Telegram";"34 410 488";"1 471 354";"27 562 281";"2024-09-09 21:42:18"
"2024-09-03";"";"82 620";"71 460";"27 563 221";"2024-09-03 03:00:40"
"2024-09-06";"Instagram";"24 989 428";"577 929";"27 562 893";"2024-09-06 16:37:13"
"2024-09-09";"";"29 181";"21 724";"27 562 384";"2024-09-09 04:25:29"
"2024-09-05";"";"133 165";"21 015";"27 563 165";"2024-09-05 07:40:41"
"2024-09-07";"";"14 398 718";"644 129";"27 563 014";"2024-09-07 10:07:08"
"2024-09-09";"YouTube";"239 535";"1 317 195";"27 562 593";"2024-09-09 21:30:27"
"2024-09-05";"Telegram";"12 743 621";"1 257 837";"27 561 189";"2024-09-05 05:38:34"
"2024-09-10";"Telegram";"169 785";"15 737";"27 561 337";"2024-09-10 05:02:55"
"2024-09-05";"";"1 771";"53 002";"27 562 261";"2024-09-05 08:53:07"
"2024-09-06";"Telegram";"27 015 147";"8 006 668";"27 561 722";"2024-09-06 10:55:58"
"2024-09-10";"";"734 105";"116 294";"27 562 545";"2024-09-10 10:19:43"
"2024-09-05";"Instagram";"1 232 795";"47 167";"27 562 121";"2024-09-05 21:42:19"
"2024-09-08";"";"177 920";"119 687";"27 562 566";"2024-09-08 10:07:36"
"2024-09-03";"";"120 194";"13 091";"27 562 968";"2024-09-03 16:25:12"
"2024-09-08";"";"2 058 950";"242 046";"27 563 030";"2024-09-08 23:56:29"
"2024-09-09";"";"276 780";"50 457";"27 562 804";"2024-09-10 00:57:32"
"2024-09-04";"";"16 074 108";"486 619";"27 561 737";"2024-09-04 10:07:07"
"2024-09-03";"";"57 635";"1 487";"27 561 840";"2024-09-03 13:22:51"
"2024-09-06";"";"27 327";"2 458";"27 562 156";"2024-09-06 04:25:57"
"2024-09-06";"";"35 713";"17 746";"27 563 224";"2024-09-06 14:59:54"
"2024-09-02";"";"95 900";"9 523";"27 563 446";"2024-09-02 18:03:34"
"2024-09-01";"";"121 526";"27 529";"27 563 244";"2024-09-01 18:15:50"
"2024-09-06";"";"32 507";"3 583";"27 562 698";"2024-09-06 21:30:00"
"2024-09-08";"";"43 738";"140 261";"27 561 574";"2024-09-08 18:39:39"
"2024-09-09";"YouTube";"114 511";"40 324";"27 562 741";"2024-09-09 14:35:48"
"2024-09-09";"";"225 921";"12 741";"27 563 304";"2024-09-09 09:42:46"
"2024-09-02";"Tas-ix";"67 525";"26 111";"27 561 900";"2024-09-02 15:36:36"
"2024-09-05";"";"32 169";"3 170";"27 561 410";"2024-09-05 14:59:53"
"2024-09-10";"";"50 061";"14 660";"27 562 980";"2024-09-10 20:41:47"
"2024-09-06";"";"3 538";"150 706";"27 561 805";"2024-09-06 23:44:42"
"2024-09-02";"";"350 898";"261 681";"27 563 083";"2024-09-02 06:39:05"
"2024-09-07";"";"398 796";"113 227";"27 562 207";"2024-09-07 10:43:20"
"2024-09-08";"Facebook";"79 351";"6 642";"27 563 266";"2024-09-08 04:13:19"
"2024-09-03";"YouTube";"9 883 326";"518 824";"27 561 252";"2024-09-04 01:10:41"
"2024-09-08";"";"379 090";"90 976";"27 563 378";"2024-09-08 05:26:20"
"2024-09-09";"";"666 099";"686 572";"27 561 312";"2024-09-09 10:31:26"
"2024-09-02";"YouTube";"16 410 185";"790 050";"27 562 404";"2024-09-02 14:35:42"
"2024-09-08";"";"67 462";"7 831";"27 561 464";"2024-09-08 08:53:32"
"2024-09-10";"";"115 229";"23 273";"27 561 264";"2024-09-11 01:22:05"
"2024-09-02";"YouTube";"884 231";"68 882";"27 563 504";"2024-09-02 04:13:51"
"2024-09-04";"";"28 162";"14 188";"27 562 474";"2024-09-04 17:50:03"
"2024-09-04";"";"36 893";"4 169";"27 562 757";"2024-09-05 01:22:50"
"2024-09-04";"";"1 120 706";"51 993";"27 562 156";"2024-09-04 14:59:26"
"2024-09-04";"";"286 286";"15 091";"27 563 336";"2024-09-04 12:57:13"
"2024-09-09";"TikTok";"9 163";"44 210";"27 563 422";"2024-09-10 00:33:53"
"2024-09-02";"Telegram";"4 534 642";"360 844";"27 561 586";"2024-09-02 17:26:54"
"2024-09-09";"Instagram";"1 161 432";"260 737";"27 562 696";"2024-09-09 04:49:01"
"2024-09-03";"";"76 937";"8 300";"27 561 827";"2024-09-03 16:37:12"
"2024-09-01";"";"59 286";"5 095";"27 563 020";"2024-09-01 16:01:43"
"2024-09-02";"Instagram";"13 388 750";"5 472 992";"27 563 384";"2024-09-03 01:22:37"
"2024-09-07";"";"52 715";"26 543";"27 562 684";"2024-09-07 13:58:12"
"2024-09-03";"";"149 565";"9 061";"27 563 082";"2024-09-03 13:46:26"
"2024-09-04";"";"40 752";"19 315";"27 562 808";"2024-09-04 22:07:00"
"2024-09-09";"Yandex";"75 565";"8 150";"27 562 982";"2024-09-09 06:15:57"
"2024-09-03";"YouTube";"546 304";"61 315";"27 561 876";"2024-09-03 14:59:16"
"2024-09-05";"";"594 612";"635 644";"27 561 207";"2024-09-05 19:16:02"
"2024-09-06";"";"28 317";"1 823";"27 562 639";"2024-09-06 23:20:01"
"2024-09-04";"";"717 762";"50 641";"27 563 107";"2024-09-04 22:43:04"
"2024-09-08";"";"32 096 827";"1 720 340";"27 562 558";"2024-09-08 18:27:11"
"2024-09-07";"Instagram";"154 870 712";"3 529 430";"27 563 113";"2024-09-08 01:22:01"
"2024-09-03";"";"56 814";"2 740";"27 561 629";"2024-09-03 13:34:55"
"2024-09-01";"";"28 295";"17 596";"27 561 629";"2024-09-01 06:51:38"
"2024-09-10";"";"351 366";"27 175";"27 561 874";"2024-09-10 16:01:05"
"2024-09-02";"";"31 936 066";"14 005 930";"27 562 608";"2024-09-02 23:56:59"
"2024-09-01";"";"98 661";"11 381";"27 562 502";"2024-09-01 05:02:20"
"2024-09-05";"";"79 697";"5 629";"27 561 693";"2024-09-05 09:06:13"
"2024-09-04";"";"593 347";"37 357";"27 562 156";"2024-09-04 11:44:07"
"2024-09-08";"";"166 093";"12 707";"27 562 328";"2024-09-08 03:00:48"
"2024-09-10";"";"207 334";"141 754";"27 561 542";"2024-09-10 11:08:10"
"2024-09-02";"YouTube";"619 232";"262 543";"27 561 375";"2024-09-02 18:15:57"
"2024-09-07";"";"54 778 167";"2 815 490";"27 563 223";"2024-09-07 20:17:56"
"2024-09-10";"";"271 092";"37 062";"27 562 156";"2024-09-10 21:54:21"
"2024-09-04";"";"77 099";"133 065";"27 562 865";"2024-09-04 23:44:01"
"2024-09-03";"Instagram";"2 785 051";"114 520";"27 563 345";"2024-09-03 14:11:15"
"2024-09-02";"Instagram";"719 654";"71 881";"27 561 974";"2024-09-02 18:15:55"
"2024-09-05";"";"2 395 182";"74 163";"27 562 330";"2024-09-05 12:45:33"
"2024-09-07";"";"8 725 288";"340 070";"27 563 414";"2024-09-07 09:18:53"
"2024-09-10";"";"43 639";"4 637";"27 562 322";"2024-09-10 15:36:02"
"2024-09-10";"";"14 085";"660 900";"27 562 263";"2024-09-10 12:45:29"
"2024-09-03";"";"487 633";"146 563";"27 562 898";"2024-09-03 23:56:41"
"2024-09-02";"";"1 251 989";"85 319";"27 561 763";"2024-09-02 07:28:53"
"2024-09-09";"YouTube";"4 822 409";"274 445";"27 562 525";"2024-09-10 01:34:28"
"2024-09-02";"YouTube";"205 454";"8 366";"27 563 495";"2024-09-02 07:40:38"
"2024-09-06";"YouTube";"49 948";"7 178";"27 562 614";"2024-09-06 09:06:31"
"2024-09-06";"YouTube";"126 259";"397 595";"27 562 377";"2024-09-06 09:54:18"
"2024-09-04";"";"351 631";"7 116";"27 562 907";"2024-09-04 22:07:47"
"2024-09-02";"";"35 198";"1 913";"27 561 836";"2024-09-02 10:31:11"
"2024-09-03";"Instagram";"691 888";"200 058";"27 561 559";"2024-09-03 13:46:39"
"2024-09-02";"";"8 999 278";"377 555";"27 563 114";"2024-09-02 12:33:48"
"2024-09-02";"YouTube";"966 928";"149 844";"27 561 796";"2024-09-02 07:52:07"
"2024-09-04";"YouTube";"229 873";"30 982";"27 562 322";"2024-09-05 02:35:28"
"2024-09-01";"";"228 843";"53 174";"27 563 299";"2024-09-01 20:17:00"
"2024-09-08";"";"323 624";"37 336";"27 561 666";"2024-09-08 03:00:09"
"2024-09-06";"";"137 808";"206 046";"27 562 824";"2024-09-06 09:54:18"
"2024-09-10";"";"25 799";"2 292";"27 561 715";"2024-09-10 14:11:40"
"2024-09-09";"";"58 166 047";"1 563 909";"27 562 025";"2024-09-09 07:16:59"
"2024-09-10";"";"31 641";"16 208";"27 562 508";"2024-09-10 20:29:58"
"2024-09-02";"";"39 830 202";"1 798 959";"27 562 574";"2024-09-02 12:21:11"
"2024-09-02";"";"43 450";"64 177";"27 563 447";"2024-09-02 14:47:56"
"2024-09-10";"";"184 334";"119 642";"27 561 197";"2024-09-10 19:16:39"
"2024-09-01";"YouTube";"147 922";"50 645";"27 561 805";"2024-09-01 18:27:05"
"2024-09-02";"";"986 996";"35 783";"27 562 615";"2024-09-02 22:19:27"
"2024-09-04";"Tas-ix";"960 379";"100 678";"27 563 295";"2024-09-04 20:17:50"
"2024-09-08";"";"31 922";"3 957";"27 562 155";"2024-09-09 02:59:58"
"2024-09-07";"";"411 101";"349 503";"27 562 713";"2024-09-07 23:44:46"
"2024-09-01";"";"9 722 315";"534 145";"27 562 971";"2024-09-01 15:00:24"
"2024-09-07";"";"102 067";"7 322";"27 561 213";"2024-09-08 00:09:13"
"2024-09-10";"";"68 699";"137 427";"27 563 406";"2024-09-10 17:26:21"
"2024-09-02";"YouTube";"1 190 307";"77 795";"27 563 087";"2024-09-02 17:02:21"
"2024-09-09";"";"27 925";"2 078";"27 563 488";"2024-09-09 06:03:00"
"2024-09-06";"";"187 387";"368 445";"27 563 022";"2024-09-06 19:52:38"
"2024-09-05";"Facebook";"205 727";"32 474";"27 562 203";"2024-09-05 04:01:42"
"2024-09-06";"";"1 229 964";"682 871";"27 562 646";"2024-09-06 14:35:48"
"2024-09-01";"";"575 959";"155 272";"27 561 884";"2024-09-02 02:11:52"
"2024-09-05";"YouTube";"27 197";"3 665";"27 562 175";"2024-09-06 01:22:08"
"2024-09-01";"";"28 181";"7 706";"27 562 762";"2024-09-01 10:07:58"
"2024-09-03";"YouTube";"6 493 330";"368 823";"27 563 058";"2024-09-03 04:13:41"
"2024-09-02";"";"83 590";"15 955";"27 562 827";"2024-09-02 20:05:35"
"2024-09-01";"YouTube";"1 721 465";"364 349";"27 562 115";"2024-09-02 01:34:38"
"2024-09-10";"Tas-ix";"1 415 559";"63 947";"27 561 768";"2024-09-10 05:26:35"
"2024-09-07";"";"1 224 773";"190 537";"27 561 562";"2024-09-07 09:30:53"
"2024-09-03";"";"29 557";"6 317";"27 562 598";"2024-09-03 21:54:58"
"2024-09-06";"YouTube";"121 058";"848 137";"27 562 222";"2024-09-06 06:15:31"
"2024-09-02";"YouTube";"189 681 713";"12 252 875";"27 561 251";"2024-09-02 07:28:45"
"2024-09-08";"";"12 550";"54 432";"27 562 628";"2024-09-09 01:22:09"
"2024-09-06";"";"2 534 538";"227 982";"27 561 199";"2024-09-06 03:00:25"
"2024-09-02";"";"68 985";"23 543";"27 562 965";"2024-09-02 11:08:25"
"2024-09-04";"";"184 452";"10 904";"27 563 485";"2024-09-04 23:56:33"
"2024-09-04";"YouTube";"32 490";"209 563";"27 563 280";"2024-09-04 16:13:20"
"2024-09-09";"";"91 541";"19 646";"27 563 213";"2024-09-09 22:07:31"
"2024-09-07";"Telegram";"27 649";"2 612";"27 563 171";"2024-09-08 00:21:02"
"2024-09-08";"";"43 920 485";"1 672 803";"27 563 445";"2024-09-08 11:08:52"
"2024-09-01";"";"27 171";"9 112";"27 562 037";"2024-09-01 22:43:02"
"2024-09-03";"";"360 652";"21 721";"27 562 243";"2024-09-03 08:53:43"
"2024-09-01";"YouTube";"187 516";"102 579";"27 561 471";"2024-09-01 10:55:20"
"2024-09-09";"";"164 416";"144 004";"27 562 254";"2024-09-09 23:20:24"
"2024-09-02";"Apple Music";"70 522";"30 784";"27 562 580";"2024-09-02 05:26:53"
"2024-09-08";"";"33 192";"6 836";"27 561 611";"2024-09-08 23:08:40"
"2024-09-02";"YouTube";"409 314";"152 709";"27 562 314";"2024-09-02 18:03:40"
"2024-09-02";"";"125 820";"4 924";"27 562 593";"2024-09-02 19:04:47"
"2024-09-04";"";"407 791";"31 977";"27 563 512";"2024-09-04 19:28:17"
"2024-09-02";"";"239 033";"109 716";"27 563 273";"2024-09-02 08:29:07"
"2024-09-08";"";"5 529 821";"652 885";"27 562 685";"2024-09-08 21:06:27"
"2024-09-09";"Instagram";"85 851";"7 773";"27 562 599";"2024-09-09 03:24:36"
"2024-09-10";"YouTube";"162 805";"16 191";"27 561 649";"2024-09-10 07:16:49"
"2024-09-07";"";"2 212 049";"435 172";"27 561 499";"2024-09-08 00:21:12"
"2024-09-07";"";"104 481";"249 364";"27 563 408";"2024-09-07 16:25:58"
"2024-09-09";"";"83 104";"18 694";"27 562 636";"2024-09-09 17:38:57"
"2024-09-01";"";"131 068";"38 855";"27 562 371";"2024-09-01 06:03:19"
"2024-09-01";"";"1 382 704";"138 931";"27 561 501";"2024-09-01 14:35:36"
"2024-09-02";"";"336 468";"12 412";"27 561 547";"2024-09-02 19:40:08"
"2024-09-01";"";"27 633";"1 625";"27 561 747";"2024-09-01 05:38:52"
"2024-09-04";"";"90 526 454";"4 244 777";"27 562 595";"2024-09-04 10:31:12"
"2024-09-06";"";"41 286";"31 488";"27 561 626";"2024-09-06 09:54:07"
"2024-09-09";"";"42 630";"2 346";"27 562 421";"2024-09-09 03:36:29"
"2024-09-10";"";"158 323";"8 994";"27 562 016";"2024-09-10 16:37:53"
"2024-09-09";"";"7 122";"34 483";"27 561 524";"2024-09-09 16:25:56"
"2024-09-10";"";"7 820 317";"301 683";"27 561 508";"2024-09-10 19:40:40"
"2024-09-04";"Instagram";"842 123";"142 918";"27 562 647";"2024-09-04 12:21:10"
"2024-09-06";"";"26 200";"14 423";"27 561 793";"2024-09-06 18:03:46"
"2024-09-03";"Unknown";"60 533";"33 298";"27 563 158";"2024-09-03 18:51:38"
"2024-09-09";"";"105 868";"27 662";"27 561 281";"2024-09-09 21:30:15"
"2024-09-09";"";"3 263 889";"144 477";"27 562 291";"2024-09-09 09:06:03"
"2024-09-04";"";"2 144 488";"461 401";"27 561 638";"2024-09-04 20:29:18"
"2024-09-02";"";"320 874";"326 566";"27 563 186";"2024-09-02 19:40:54"
"2024-09-07";"";"310 568";"31 020";"27 561 231";"2024-09-07 23:08:55"
"2024-09-07";"Unknown";"239 735";"12 983";"27 561 792";"2024-09-08 01:58:07"
"2024-09-10";"";"30 972";"17 423";"27 562 644";"2024-09-10 14:35:03"
"2024-09-05";"";"29 278";"5 634";"27 561 958";"2024-09-05 19:52:49"
"2024-09-09";"";"43 277";"3 697";"27 562 821";"2024-09-09 09:54:49"
"2024-09-06";"";"42 648";"84 911";"27 561 723";"2024-09-07 02:59:15"
"2024-09-07";"Likee";"815 947 112";"31 718 890";"27 562 004";"2024-09-07 21:42:40"
"2024-09-04";"";"250 663";"26 241";"27 561 380";"2024-09-04 19:04:09"
"2024-09-10";"YouTube";"8 330 382";"492 195";"27 563 247";"2024-09-10 12:57:25"
"2024-09-04";"";"587 345";"102 886";"27 562 341";"2024-09-04 18:51:02"
"2024-09-02";"YouTube";"2 110 612";"961 114";"27 561 216";"2024-09-02 17:26:57"
"2024-09-01";"Instagram";"1 999 753";"571 465";"27 562 364";"2024-09-01 05:38:32"
"2024-09-07";"";"36 499";"38 419";"27 563 335";"2024-09-07 17:38:29"
"2024-09-02";"";"195 542";"40 819";"27 563 110";"2024-09-02 12:21:23"
"2024-09-09";"";"55 082";"6 666";"27 561 674";"2024-09-09 23:08:17"
"2024-09-07";"YouTube";"39 133 531";"2 545 754";"27 561 500";"2024-09-08 00:45:32"
"2024-09-09";"";"23 307 558";"3 575 239";"27 562 698";"2024-09-09 16:37:27"
"2024-09-10";"Facebook";"17 072 453";"7 174 495";"27 561 850";"2024-09-10 15:48:09"
"2024-09-07";"";"155 416";"23 391";"27 563 336";"2024-09-07 10:07:48"
"2024-09-03";"Instagram";"71 799";"10 410";"27 562 544";"2024-09-03 12:09:42"
"2024-09-10";"";"978 057";"724 003";"27 563 169";"2024-09-10 07:40:40"
"2024-09-03";"";"43 124";"37 706";"27 562 606";"2024-09-04 01:10:28"
"2024-09-01";"";"30 439 919";"1 617 435";"27 562 365";"2024-09-01 05:14:53"
"2024-09-09";"WhatsApp";"289 348";"17 705";"27 562 615";"2024-09-10 00:33:10"
"2024-09-10";"YouTube";"323 631";"4 521 400";"27 562 033";"2024-09-10 10:31:30"
"2024-09-10";"Instagram";"16 899 676";"511 210";"27 563 042";"2024-09-10 17:26:48"
"2024-09-01";"Yandex";"166 745";"20 210";"27 561 460";"2024-09-01 22:55:09"
"2024-09-02";"";"1 966 406";"169 560";"27 562 775";"2024-09-02 17:26:59"
"2024-09-06";"";"428 243";"19 234";"27 561 193";"2024-09-07 00:57:34"
"2024-09-03";"Facebook";"333 868";"34 127";"27 563 030";"2024-09-03 06:15:19"
"2024-09-07";"";"10 462 021";"2 140 855";"27 562 966";"2024-09-07 23:56:28"
"2024-09-02";"Instagram";"486 252";"208 441";"27 562 689";"2024-09-02 16:13:46"
"2024-09-07";"YouTube";"954 125";"124 872";"27 562 089";"2024-09-07 08:17:49"
"2024-09-04";"";"98 085";"3 809";"27 562 413";"2024-09-04 17:14:58"
"2024-09-06";"";"3 455 299";"196 386";"27 561 821";"2024-09-06 16:25:36"
"2024-09-01";"YouTube";"3 370 574";"223 116";"27 561 872";"2024-09-01 05:50:56"
"2024-09-03";"";"541 125";"111 684";"27 562 685";"2024-09-03 12:09:48"
"2024-09-05";"";"177 260";"35 364";"27 562 720";"2024-09-05 11:44:26"
"2024-09-09";"Facebook";"194 107";"19 316";"27 561 616";"2024-09-09 18:03:34"
"2024-09-01";"Instagram";"449 578";"36 983";"27 561 844";"2024-09-01 12:21:05"
"2024-09-03";"Unknown";"321 579";"103 904";"27 562 754";"2024-09-03 14:23:54"
"2024-09-10";"";"2 322 026";"1 064 727";"27 562 025";"2024-09-10 20:53:27"
"2024-09-08";"";"29 086";"1 781";"27 561 669";"2024-09-08 06:27:08"
"2024-09-08";"";"22 741";"47 753";"27 561 315";"2024-09-08 09:54:44"
"2024-09-02";"Yandex";"5 240 417";"317 551";"27 563 446";"2024-09-02 03:48:19"
"2024-09-06";"Instagram";"25 456 062";"857 338";"27 563 045";"2024-09-06 19:40:34"
"2024-09-04";"";"45 225";"3 076";"27 561 467";"2024-09-04 16:01:03"
"2024-09-06";"";"12 304 934";"1 116 744";"27 562 729";"2024-09-06 17:38:56"
"2024-09-07";"";"47 870";"4 009";"27 561 227";"2024-09-07 18:39:38"
"2024-09-08";"";"28 223";"24 932";"27 561 485";"2024-09-08 22:55:51"
"2024-09-03";"YouTube";"13 754 184";"14 140 606";"27 562 224";"2024-09-04 01:10:07"
"2024-09-05";"";"30 778";"5 749";"27 561 999";"2024-09-06 02:47:05"
"2024-09-08";"YouTube";"56 146";"11 032";"27 561 608";"2024-09-08 05:38:11"
"2024-09-01";"VKontakte";"7 616 380";"249 219";"27 562 041";"2024-09-01 10:19:55"
"2024-09-08";"";"197 454";"18 192";"27 561 743";"2024-09-08 09:06:56"
"2024-09-10";"YouTube";"789 686 242";"49 728 284";"27 563 509";"2024-09-10 09:06:25"
"2024-09-06";"";"378 244";"276 904";"27 562 875";"2024-09-06 23:08:11"
"2024-09-09";"";"254 574";"78 836";"27 562 821";"2024-09-09 05:50:34"
"2024-09-09";"YouTube";"20 038 634";"944 298";"27 561 251";"2024-09-09 23:32:09"
"2024-09-06";"";"151 517";"73 051";"27 563 097";"2024-09-06 03:48:25"
"2024-09-10";"";"73 854";"22 957";"27 562 243";"2024-09-10 22:31:08"
"2024-09-04";"";"68 995";"55 309";"27 561 927";"2024-09-04 11:44:43"
"2024-09-06";"";"33 952";"12 004";"27 561 760";"2024-09-06 23:56:39"
"2024-09-02";"";"72 990";"6 201";"27 561 998";"2024-09-02 18:51:11"
"2024-09-03";"";"121 506";"107 343";"27 561 401";"2024-09-03 12:09:08"
"2024-09-05";"Instagram";"351 451 336";"31 951 166";"27 562 604";"2024-09-05 09:42:25"
"2024-09-10";"";"256 922";"68 542";"27 562 487";"2024-09-10 03:24:14"
"2024-09-10";"";"59 100";"22 929";"27 561 775";"2024-09-11 00:09:40"
"2024-09-10";"";"78 486";"10 129";"27 562 185";"2024-09-10 10:55:46"
"2024-09-05";"";"992 648";"58 906";"27 563 273";"2024-09-05 21:54:15"
"2024-09-08";"";"55 082";"14 776";"27 563 478";"2024-09-08 21:18:38"
"2024-09-01";"";"64 281";"4 226";"27 561 457";"2024-09-01 14:47:25"
"2024-09-02";"";"32 028";"3 800";"27 562 067";"2024-09-02 23:08:58"
"2024-09-09";"";"465 862";"134 363";"27 562 804";"2024-09-09 12:45:02"
"2024-09-08";"";"82 026";"6 791";"27 563 030";"2024-09-08 20:17:48"
"2024-09-05";"";"266 851";"24 567";"27 561 974";"2024-09-05 13:58:34"
"2024-09-10";"YouTube";"879 985";"351 477";"27 561 300";"2024-09-11 01:22:14"
"2024-09-04";"";"2 964 694";"227 288";"27 562 264";"2024-09-04 09:42:59"
"2024-09-06";"";"1 021 608";"124 895";"27 562 146";"2024-09-07 02:23:05"
"2024-09-03";"Instagram";"393 220";"7 655";"27 562 243";"2024-09-03 06:15:48"
"2024-09-05";"Instagram";"1 967 459";"1 749 055";"27 563 084";"2024-09-05 21:54:25"
"2024-09-03";"";"244 696";"63 400";"27 561 393";"2024-09-03 11:56:20"
"2024-09-10";"YouTube";"92 193";"351 014";"27 561 951";"2024-09-11 02:47:52"
"2024-09-08";"";"15 590 062";"1 393 424";"27 562 437";"2024-09-08 09:06:34"
"2024-09-09";"";"92 006";"251 497";"27 562 938";"2024-09-09 18:03:15"
"2024-09-08";"";"65 799";"13 238";"27 563 424";"2024-09-08 08:17:10"
"2024-09-01";"";"3 441 719";"75 006";"27 561 417";"2024-09-01 08:05:07"
"2024-09-07";"TikTok";"980";"50 808";"27 563 098";"2024-09-07 23:08:37"
"2024-09-02";"WhatsApp";"68 054";"6 662";"27 562 050";"2024-09-02 07:16:27"
"2024-09-04";"";"167 888";"11 370";"27 562 465";"2024-09-04 05:38:52"
"2024-09-09";"";"190 761";"35 538";"27 561 330";"2024-09-09 06:39:42"
"2024-09-08";"Facebook";"85 726";"44 397";"27 563 113";"2024-09-08 22:43:41"
"2024-09-01";"";"5 826 808";"255 082";"27 561 449";"2024-09-01 05:50:38"
"2024-09-06";"";"314 198";"810 217";"27 563 211";"2024-09-06 18:15:24"
"2024-09-10";"YouTube";"863 992";"199 600";"27 562 982";"2024-09-10 11:32:15"
"2024-09-04";"";"91 087";"7 788";"27 562 239";"2024-09-04 22:55:28"
"2024-09-04";"";"46 908 288";"892 192";"27 562 365";"2024-09-04 19:40:44"
"2024-09-09";"";"13 157 515";"2 243 017";"27 561 172";"2024-09-09 23:32:45"
"2024-09-08";"";"36 879";"5 816";"27 562 921";"2024-09-09 02:35:06"
"2024-09-05";"";"9 814 732";"493 589";"27 563 205";"2024-09-05 12:21:03"
"2024-09-02";"";"91 596";"2 791";"27 562 622";"2024-09-02 22:07:43"
"2024-09-03";"";"39 275";"872 815";"27 561 662";"2024-09-03 21:30:00"
"2024-09-08";"YouTube";"39 059";"2 333";"27 563 463";"2024-09-08 19:52:53"
"2024-09-02";"";"71 816";"10 452";"27 561 907";"2024-09-02 23:08:42"
"2024-09-03";"";"128 771";"372 697";"27 561 828";"2024-09-03 15:48:34"
"2024-09-09";"";"7 017 630";"523 522";"27 562 866";"2024-09-09 19:52:51"
"2024-09-09";"Instagram";"3 376 390";"2 641 919";"27 561 435";"2024-09-10 00:09:03"
"2024-09-05";"";"151 841";"99 401";"27 562 672";"2024-09-05 13:22:52"
"2024-09-03";"VKontakte";"77 762";"4 132";"27 562 803";"2024-09-03 09:54:38"
"2024-09-02";"Yandex Video";"207 587";"2 510";"27 562 264";"2024-09-02 04:37:00"
"2024-09-10";"";"2 200 684";"398 259";"27 563 266";"2024-09-10 10:43:09"
"2024-09-08";"";"243 786";"40 788";"27 561 418";"2024-09-08 09:54:25"
"2024-09-07";"WhatsApp";"451 510";"30 733";"27 562 696";"2024-09-07 14:23:22"
"2024-09-10";"YouTube";"6 035";"31 268";"27 563 147";"2024-09-10 10:43:13"
"2024-09-10";"Telegram";"1 565 371";"103 969";"27 561 339";"2024-09-10 23:20:13"
"2024-09-01";"";"137 441";"589 452";"27 562 841";"2024-09-01 08:53:08"
"2024-09-10";"YouTube";"882 585";"53 878";"27 562 505";"2024-09-10 10:43:04"
"2024-09-02";"";"39 146 357";"1 287 911";"27 563 441";"2024-09-02 07:28:02"
"2024-09-09";"";"5 991";"36 542";"27 561 687";"2024-09-09 08:53:05"
"2024-09-02";"";"622 205";"26 965";"27 562 917";"2024-09-02 21:30:11"
"2024-09-05";"Instagram";"303 591";"16 431";"27 562 631";"2024-09-05 09:42:20"
"2024-09-08";"";"36 660";"2 969";"27 562 438";"2024-09-08 08:29:36"
"2024-09-06";"Yandex";"1 019 577";"32 904";"27 562 578";"2024-09-06 12:21:24"
"2024-09-10";"Instagram";"678 337";"30 036";"27 562 747";"2024-09-10 16:13:03"
"2024-09-07";"";"208 054";"31 056";"27 562 278";"2024-09-08 01:10:51"
"2024-09-08";"YouTube";"11 482 995";"823 343";"27 562 775";"2024-09-08 05:38:03"
"2024-09-08";"";"43 218";"15 393";"27 562 783";"2024-09-08 06:51:46"
"2024-09-01";"";"148 052";"101 080";"27 563 152";"2024-09-01 15:12:31"
"2024-09-01";"";"26 269";"4 432";"27 561 530";"2024-09-01 08:41:07"
"2024-09-05";"";"33 181";"1 526";"27 561 433";"2024-09-05 06:27:47"
"2024-09-01";"Facebook";"87 138";"14 788";"27 563 076";"2024-09-02 01:46:59"
"2024-09-03";"PUBG";"2 651 973";"116 949";"27 562 615";"2024-09-03 21:42:29"
"2024-09-01";"";"61 257";"31 858";"27 561 645";"2024-09-01 22:55:31"
"2024-09-07";"YouTube";"351 535 979";"21 073 194";"27 561 247";"2024-09-07 08:53:31"
"2024-09-04";"";"408 673";"42 205";"27 561 386";"2024-09-04 17:38:08"
"2024-09-10";"";"49 851";"55 071";"27 563 267";"2024-09-10 21:42:29"
"2024-09-03";"";"85 194";"14 058";"27 563 439";"2024-09-03 15:12:32"
"2024-09-03";"";"42 607";"3 496";"27 562 636";"2024-09-04 02:23:41"
"2024-09-10";"";"279 770";"177 627";"27 562 050";"2024-09-10 08:17:13"
"2024-09-07";"Apple Music";"480 429";"52 025";"27 562 263";"2024-09-07 17:14:44"
"2024-09-01";"YouTube";"113 724";"11 533";"27 561 444";"2024-09-01 04:37:52"
"2024-09-10";"Instagram";"7 994 451";"361 312";"27 561 384";"2024-09-10 22:43:37"
"2024-09-02";"YouTube";"3 967 082";"227 976";"27 563 145";"2024-09-02 05:38:10"
"2024-09-04";"YouTube";"213 369";"1 959 899";"27 562 639";"2024-09-04 23:08:12"
"2024-09-03";"";"59 199";"68 100";"27 562 037";"2024-09-03 06:39:12"
"2024-09-10";"Apple Music";"304 078";"16 392";"27 562 988";"2024-09-11 01:10:24"
"2024-09-01";"";"396 672";"160 957";"27 562 539";"2024-09-01 16:49:56"
"2024-09-06";"";"6 292 835";"286 933";"27 561 375";"2024-09-06 03:48:37"
"2024-09-08";"";"306 643 134";"34 252 989";"27 563 392";"2024-09-08 06:03:01"
"2024-09-09";"";"341 814";"52 662";"27 561 693";"2024-09-09 15:36:44"
"2024-09-04";"";"44 363";"254 373";"27 562 384";"2024-09-04 11:56:47"
"2024-09-05";"Unknown";"125 219";"22 630";"27 562 391";"2024-09-05 12:09:38"
"2024-09-07";"Yandex";"113 557";"15 968";"27 561 547";"2024-09-08 00:45:35"
"2024-09-09";"Yandex";"4 915 825";"2 811 979";"27 561 629";"2024-09-09 23:44:58"
"2024-09-03";"YouTube";"784 689 957";"39 604 655";"27 563 507";"2024-09-03 23:32:26"
"2024-09-08";"YouTube";"520 708";"38 172";"27 562 421";"2024-09-08 19:40:08"
"2024-09-02";"";"94 284";"6 608";"27 561 542";"2024-09-02 23:32:48"
"2024-09-10";"Tas-ix";"1 340 567";"99 531";"27 563 476";"2024-09-10 05:38:00"
"2024-09-06";"Instagram";"20 579 389";"789 006";"27 561 805";"2024-09-06 22:55:23"
"2024-09-08";"";"43 955";"104 597";"27 563 333";"2024-09-08 19:52:45"
"2024-09-09";"YouTube";"9 842";"47 286";"27 561 959";"2024-09-09 11:08:31"
"2024-09-04";"";"2 013 397";"206 893";"27 563 403";"2024-09-04 05:50:02"
"2024-09-03";"YouTube";"38 195";"33 130";"27 562 992";"2024-09-04 00:45:53"
"2024-09-03";"";"44 461";"8 657";"27 561 558";"2024-09-03 09:18:51"
"2024-09-03";"";"7 381 218";"181 308";"27 562 156";"2024-09-03 09:06:25"
"2024-09-09";"";"181 446";"99 405";"27 562 282";"2024-09-09 06:51:48"
"2024-09-05";"Unknown";"4 186 560";"227 934";"27 562 843";"2024-09-05 09:54:44"
"2024-09-04";"Instagram";"72 176 840";"975 279";"27 562 059";"2024-09-05 02:59:01"
"2024-09-05";"YouTube";"848 090";"32 879";"27 562 322";"2024-09-05 04:49:49"
"2024-09-04";"Facebook";"527 434";"237 770";"27 561 845";"2024-09-04 15:24:32"
"2024-09-05";"";"1 112 559";"34 466";"27 561 828";"2024-09-05 20:05:10"
"2024-09-04";"";"2 060 425";"87 720";"27 561 252";"2024-09-04 04:25:01"
"2024-09-08";"Unknown";"123 695";"8 988";"27 562 677";"2024-09-08 14:23:06"
"2024-09-02";"";"31 295";"2 669";"27 561 902";"2024-09-02 07:04:39"
"2024-09-04";"";"1 689 549";"141 717";"27 561 720";"2024-09-04 21:06:12"
"2024-09-10";"";"5 900";"275 307";"27 561 651";"2024-09-11 02:47:52"
"2024-09-06";"";"112 548";"417 455";"27 562 619";"2024-09-06 14:23:20"
"2024-09-03";"";"54 475";"12 286";"27 561 884";"2024-09-03 20:41:07"
"2024-09-03";"";"778 795";"229 448";"27 562 401";"2024-09-03 06:03:02"
"2024-09-06";"";"321 304";"73 091";"27 562 233";"2024-09-06 06:15:43"
"2024-09-08";"Instagram";"8 990 624";"270 129";"27 561 767";"2024-09-08 20:53:27"
"2024-09-08";"";"245 263";"52 848";"27 563 154";"2024-09-08 10:31:41"
"2024-09-04";"Instagram";"1 029 458";"25 099";"27 562 907";"2024-09-05 00:57:45"
"2024-09-02";"Telegram";"38 967 756";"3 244 430";"27 562 634";"2024-09-02 05:26:21"
"2024-09-09";"";"1 368 477";"38 797";"27 563 371";"2024-09-09 13:34:32"
"2024-09-02";"";"28 999";"11 207";"27 562 014";"2024-09-02 09:06:42"
"2024-09-09";"";"131 224";"64 659";"27 562 620";"2024-09-09 22:43:38"
"2024-09-08";"";"83 398";"9 593";"27 561 776";"2024-09-08 18:51:29"
"2024-09-08";"";"788 658";"35 840";"27 563 478";"2024-09-08 05:38:24"
"2024-09-04";"";"773 354";"22 323";"27 562 290";"2024-09-04 08:17:36"
"2024-09-02";"";"26 372";"3 674";"27 562 832";"2024-09-03 01:46:00"
"2024-09-05";"Instagram";"40 963 023";"819 137";"27 561 660";"2024-09-05 11:20:41"
"2024-09-05";"";"111 833";"116 290";"27 562 178";"2024-09-05 06:03:01"
"2024-09-03";"Instagram";"3 385 871";"185 835";"27 562 481";"2024-09-03 05:26:17"
"2024-09-01";"";"2 644 577";"52 556";"27 562 465";"2024-09-01 16:13:31"
"2024-09-03";"";"49 839";"3 722";"27 562 504";"2024-09-03 20:41:55"
"2024-09-03";"";"1 342 775";"64 098";"27 561 384";"2024-09-03 20:53:28"
"2024-09-03";"Facebook";"65 044";"7 190";"27 562 508";"2024-09-03 21:54:02"
"2024-09-03";"";"304 041";"86 542";"27 562 615";"2024-09-03 10:43:05"
"2024-09-08";"";"43 113";"2 899";"27 563 075";"2024-09-08 07:52:40"
"2024-09-03";"YouTube";"38 941";"7 379";"27 563 143";"2024-09-03 03:00:43"
"2024-09-01";"YouTube";"3 438 049";"1 306 615";"27 561 612";"2024-09-01 11:44:46"
"2024-09-02";"";"431 522";"17 553";"27 563 372";"2024-09-02 14:35:50"
"2024-09-02";"Telegram";"12 152 265";"866 864";"27 563 065";"2024-09-02 20:29:51"
"2024-09-01";"";"28 692";"4 355";"27 562 886";"2024-09-02 02:47:30"
"2024-09-03";"YouTube";"654 478";"4 693 068";"27 563 020";"2024-09-03 13:46:15"
"2024-09-05";"";"4 153 522";"93 597";"27 562 829";"2024-09-05 10:19:51"
"2024-09-01";"Telegram";"38 875 906";"9 442 649";"27 562 539";"2024-09-01 06:15:05"
"2024-09-05";"";"1 160 840";"98 644";"27 562 240";"2024-09-05 15:24:54"
"2024-09-03";"";"47 028";"4 452";"27 561 458";"2024-09-03 03:00:34"
"2024-09-03";"";"93 445";"11 446";"27 562 886";"2024-09-03 14:11:28"
"2024-09-09";"YouTube";"863 130";"58 035";"27 562 553";"2024-09-10 00:45:31"
"2024-09-01";"";"433 776";"21 931";"27 561 852";"2024-09-01 22:07:57"
"2024-09-02";"Instagram";"2 962 612";"789 723";"27 563 141";"2024-09-02 10:55:23"
"2024-09-07";"YouTube";"78 106 668";"3 456 415";"27 562 722";"2024-09-07 22:43:50"
"2024-09-01";"Telegram";"13 135 077";"5 065 687";"27 561 433";"2024-09-01 07:04:27"
"2024-09-01";"";"33 752";"2 808";"27 561 259";"2024-09-01 11:20:05"
"2024-09-09";"Telegram";"6 202 767";"206 858";"27 563 106";"2024-09-09 20:05:16"
"2024-09-03";"";"380 934";"99 933";"27 562 034";"2024-09-03 06:27:08"
"2024-09-09";"";"41 510";"4 337";"27 562 696";"2024-09-09 10:07:38"
"2024-09-04";"Instagram";"35 343 491";"1 034 128";"27 562 470";"2024-09-04 06:39:56"
"2024-09-01";"";"1 525 251";"173 771";"27 561 720";"2024-09-01 17:02:10"
"2024-09-10";"YouTube";"9 313 407";"369 001";"27 562 934";"2024-09-10 19:28:44"
"2024-09-05";"";"3 641 446";"156 102";"27 561 745";"2024-09-05 07:28:55"
"2024-09-01";"";"2 576 870";"158 449";"27 562 050";"2024-09-01 18:39:53"
"2024-09-04";"";"168 553";"205 534";"27 562 364";"2024-09-05 02:47:20"
"2024-09-07";"";"72 284";"4 772";"27 563 144";"2024-09-07 19:16:50"
"2024-09-09";"Unknown";"2 058 468";"228 924";"27 561 172";"2024-09-09 03:12:13"
"2024-09-10";"YouTube";"348 078";"4 479 343";"27 561 205";"2024-09-10 16:01:34"
"2024-09-01";"";"41 646";"142 295";"27 562 732";"2024-09-01 08:41:39"
"2024-09-07";"";"206 493";"26 477";"27 562 071";"2024-09-07 05:50:49"
"2024-09-10";"";"51 427";"74 750";"27 562 942";"2024-09-10 12:57:01"
"2024-09-06";"";"89 491";"10 818";"27 562 571";"2024-09-06 16:49:43"
"2024-09-09";"";"30 074";"3 181";"27 563 252";"2024-09-09 18:15:32"
"2024-09-08";"VKontakte";"124 252";"11 756";"27 562 076";"2024-09-08 03:48:40"
"2024-09-03";"";"1 025 088";"108 914";"27 562 281";"2024-09-03 05:02:00"
"2024-09-06";"";"113 090 480";"7 083 168";"27 562 701";"2024-09-06 11:08:56"
"2024-09-08";"";"45 777";"36 279";"27 562 377";"2024-09-08 03:36:40"
"2024-09-05";"Facebook";"33 419";"6 430";"27 563 096";"2024-09-05 12:09:38"
"2024-09-06";"";"181 516";"3 286";"27 561 216";"2024-09-06 05:02:48"
"2024-09-06";"";"228 572";"27 487";"27 562 890";"2024-09-06 06:39:40"
"2024-09-09";"Facebook";"936 726";"476 645";"27 561 435";"2024-09-09 14:11:33"
"2024-09-07";"YouTube";"338 259";"114 448";"27 562 034";"2024-09-07 22:07:27"
"2024-09-08";"Instagram";"115 258";"26 809";"27 562 173";"2024-09-08 14:47:40"
"2024-09-02";"YouTube";"60 528 158";"4 287 453";"27 562 839";"2024-09-02 14:11:36"
"2024-09-04";"";"354 486";"27 269";"27 563 009";"2024-09-04 14:35:37"
"2024-09-06";"";"546 743";"305 664";"27 561 302";"2024-09-07 02:47:04"
"2024-09-09";"Facebook";"278 294";"90 442";"27 561 384";"2024-09-09 03:36:27"
"2024-09-01";"Facebook";"31 880";"3 124";"27 562 273";"2024-09-01 15:24:50"
"2024-09-05";"YouTube";"66 579";"8 568";"27 561 544";"2024-09-05 06:27:31"
"2024-09-05";"";"90 730";"35 483";"27 562 379";"2024-09-06 00:33:02"
"2024-09-04";"";"167 033";"11 031";"27 561 680";"2024-09-04 11:44:40"
"2024-09-05";"";"106 997";"5 435";"27 563 096";"2024-09-05 19:52:44"
"2024-09-07";"YouTube";"9 909 841";"583 033";"27 561 432";"2024-09-07 05:14:48"
"2024-09-03";"";"496 552";"14 909";"27 562 792";"2024-09-04 00:21:14"
"2024-09-08";"";"62 949";"9 318";"27 561 449";"2024-09-08 06:27:02"
"2024-09-07";"";"51 644";"19 937";"27 562 642";"2024-09-07 16:01:55"
"2024-09-10";"Instagram";"4 425 185";"475 477";"27 562 612";"2024-09-10 09:42:46"
"2024-09-05";"";"1 408 220";"96 290";"27 561 802";"2024-09-06 01:10:45"
"2024-09-04";"";"772 265";"43 610";"27 561 432";"2024-09-04 22:55:58"
"2024-09-08";"YouTube";"7 700 493";"585 349";"27 562 286";"2024-09-08 13:22:58"
"2024-09-03";"";"26 930";"11 657";"27 561 994";"2024-09-03 22:07:25"
"2024-09-06";"Facebook";"601 264";"36 053";"27 562 571";"2024-09-07 00:57:13"
"2024-09-10";"Telegram";"125 220";"20 133";"27 562 058";"2024-09-10 12:33:13"
"2024-09-01";"";"801 698";"156 434";"27 561 596";"2024-09-01 07:52:41"
"2024-09-06";"";"454 424";"25 963";"27 562 364";"2024-09-06 06:27:03"
"2024-09-05";"";"42 338";"41 683";"27 563 344";"2024-09-06 00:21:00"
"2024-09-01";"Unknown";"124 395";"28 165";"27 563 478";"2024-09-01 19:40:25"
"2024-09-03";"";"5 457 888";"229 096";"27 562 846";"2024-09-03 19:04:49"
"2024-09-04";"";"783 631";"44 300";"27 562 382";"2024-09-04 06:51:59"
"2024-09-09";"";"312 389";"20 641";"27 563 014";"2024-09-09 09:30:30"
"2024-09-05";"";"83 028";"5 770";"27 561 396";"2024-09-06 01:58:47"
"2024-09-04";"";"75 523";"9 190";"27 563 131";"2024-09-04 20:53:07"
"2024-09-01";"";"27 230";"1 894";"27 561 262";"2024-09-01 15:24:51"
"2024-09-05";"";"416 245";"146 320";"27 561 239";"2024-09-05 08:05:45"
"2024-09-09";"";"67 814";"36 081";"27 563 135";"2024-09-10 02:35:18"
"2024-09-10";"";"283 240";"41 844";"27 562 086";"2024-09-10 07:04:10"
"2024-09-02";"";"4 742 332";"108 638";"27 562 535";"2024-09-02 21:30:29"
"2024-09-05";"";"28 835";"252 072";"27 561 503";"2024-09-05 14:47:49"
"2024-09-04";"";"729 446";"341 577";"27 561 676";"2024-09-05 02:23:30"
"2024-09-06";"";"26 966";"17 529";"27 562 366";"2024-09-07 02:35:24"
"2024-09-06";"";"135 906";"7 882";"27 561 888";"2024-09-06 07:28:57"
"2024-09-05";"";"605 753";"480 761";"27 561 842";"2024-09-05 13:34:05"
"2024-09-05";"Instagram";"1 566 370";"5 741 793";"27 563 467";"2024-09-05 22:43:01"
"2024-09-09";"Instagram";"5 842 149";"786 301";"27 563 413";"2024-09-09 13:10:44"
"2024-09-09";"";"181 839";"11 451";"27 562 919";"2024-09-09 21:30:12"
"2024-09-10";"";"26 107";"20 864";"27 563 355";"2024-09-10 06:51:49"
"2024-09-10";"";"1 024 437";"79 950";"27 561 743";"2024-09-10 06:27:03"
"2024-09-08";"";"3 364 128";"261 520";"27 561 182";"2024-09-08 19:28:16"
"2024-09-07";"";"444 005";"137 832";"27 562 447";"2024-09-07 08:17:58"
"2024-09-09";"";"193 362";"15 371";"27 562 542";"2024-09-09 08:53:47"
"2024-09-02";"Telegram";"168 924 770";"12 423 687";"27 563 378";"2024-09-02 20:17:44"
"2024-09-06";"";"29 432";"2 982";"27 561 697";"2024-09-06 17:14:24"
"2024-09-10";"Telegram";"60 235";"6 493";"27 561 247";"2024-09-10 11:08:07"
"2024-09-01";"Facebook";"141 100";"41 425";"27 561 536";"2024-09-01 08:05:25"
"2024-09-01";"Unknown";"885 175";"86 508";"27 562 585";"2024-09-01 22:43:56"
"2024-09-01";"";"32 502";"11 736";"27 561 498";"2024-09-01 09:18:22"
"2024-09-07";"Yandex";"36 254";"43 021";"27 563 238";"2024-09-07 06:15:12"
"2024-09-03";"";"4 375 135";"295 017";"27 561 468";"2024-09-03 19:52:21"
"2024-09-09";"";"39 909";"3 209";"27 562 670";"2024-09-09 17:38:11"
"2024-09-02";"";"26 055";"1 276";"27 562 051";"2024-09-02 22:31:33"
"2024-09-02";"Instagram";"5 848 267";"1 154 617";"27 562 858";"2024-09-02 23:44:08"
"2024-09-03";"";"2 354 008";"40 140";"27 563 326";"2024-09-03 07:28:01"
"2024-09-04";"Instagram";"471 200";"97 475";"27 563 420";"2024-09-04 22:55:46"
"2024-09-03";"Instagram";"5 555 275";"130 527";"27 561 180";"2024-09-03 13:22:38"
"2024-09-06";"Instagram";"519 808";"261 582";"27 562 857";"2024-09-07 01:10:13"
"2024-09-08";"";"41 655";"42 087";"27 563 281";"2024-09-08 09:42:57"
"2024-09-02";"Instagram";"29 568 746";"1 140 053";"27 561 872";"2024-09-02 10:19:07"
"2024-09-02";"Instagram";"56 052 198";"2 330 899";"27 561 890";"2024-09-02 04:37:30"
"2024-09-01";"";"31 050";"4 836";"27 563 364";"2024-09-01 09:06:58"
"2024-09-09";"";"29 017";"14 678";"27 561 556";"2024-09-09 18:15:16"
"2024-09-04";"";"41 918";"68 296";"27 561 896";"2024-09-04 09:54:22"
"2024-09-04";"";"1 009 822";"625 746";"27 561 426";"2024-09-04 19:28:35"
"2024-09-01";"";"952 439";"20 449";"27 561 413";"2024-09-01 03:48:08"
"2024-09-06";"";"92 613";"53 789";"27 561 578";"2024-09-06 05:02:24"
"2024-09-02";"";"26 535";"2 278";"27 563 295";"2024-09-02 16:13:48"
"2024-09-10";"YouTube";"782 987";"34 944";"27 561 906";"2024-09-10 14:11:19"
"2024-09-02";"";"30 066";"22 448";"27 561 429";"2024-09-02 05:14:45"
"2024-09-05";"";"13 567 619";"711 939";"27 563 084";"2024-09-05 17:38:55"
"2024-09-06";"YouTube";"752 116";"167 932";"27 561 249";"2024-09-06 11:08:20"
"2024-09-10";"YouTube";"22 200 487";"899 524";"27 562 853";"2024-09-10 14:11:00"
"2024-09-02";"";"34 203";"5 299";"27 563 218";"2024-09-03 01:22:35"
"2024-09-01";"YouTube";"554 674";"75 695";"27 561 468";"2024-09-01 12:09:03"
"2024-09-04";"Telegram";"1 159 577";"61 053";"27 561 658";"2024-09-04 17:50:26"
"2024-09-10";"";"170 104";"11 888";"27 561 179";"2024-09-10 03:12:19"
"2024-09-03";"YouTube";"76 615";"14 918";"27 562 056";"2024-09-04 00:33:15"
"2024-09-01";"";"37 903";"2 207";"27 561 420";"2024-09-01 09:30:41"
"2024-09-07";"";"77 224";"277 014";"27 561 651";"2024-09-08 01:58:02"
"2024-09-07";"YouTube";"4 187 031";"263 517";"27 561 215";"2024-09-07 15:48:45"
"2024-09-02";"";"26 347";"3 507";"27 561 723";"2024-09-03 01:34:58"
"2024-09-03";"";"65 003";"3 791";"27 561 298";"2024-09-03 13:34:27"
"2024-09-06";"Facebook";"234 694";"71 096";"27 562 849";"2024-09-06 09:30:57"
"2024-09-03";"";"626 644";"35 928";"27 561 698";"2024-09-03 07:52:25"
"2024-09-09";"";"1 520 456";"627 380";"27 561 390";"2024-09-09 07:16:58"
"2024-09-03";"";"203 917";"11 267";"27 562 371";"2024-09-03 03:24:51"
"2024-09-05";"";"272 835";"84 629";"27 561 435";"2024-09-05 11:44:34"
"2024-09-04";"Yandex";"9 137";"49 535";"27 561 392";"2024-09-04 19:52:46"
"2024-09-04";"";"76 004";"8 382";"27 562 364";"2024-09-04 05:26:03"
"2024-09-06";"";"2 055 250";"117 596";"27 562 840";"2024-09-06 09:06:08"
"2024-09-08";"";"27 514";"14 062";"27 563 284";"2024-09-08 11:56:55"
"2024-09-04";"";"11 773";"28 105";"27 562 766";"2024-09-04 17:38:38"
"2024-09-02";"";"32 340";"2 545";"27 561 448";"2024-09-02 16:25:48"
"2024-09-10";"YouTube";"105 927";"55 439";"27 562 980";"2024-09-10 17:26:53"
"2024-09-02";"";"3 418 391";"89 239";"27 561 219";"2024-09-02 09:30:36"
"2024-09-05";"YouTube";"2 594 738";"335 105";"27 562 138";"2024-09-05 22:43:18"
"2024-09-02";"";"29 612";"10 121";"27 562 595";"2024-09-02 16:13:37"
"2024-09-10";"";"247 506 357";"9 462 138";"27 561 838";"2024-09-10 18:15:04"
"2024-09-07";"";"26 444";"1 723";"27 563 145";"2024-09-07 18:27:41"
"2024-09-08";"Tas-ix";"221 223";"21 693";"27 563 488";"2024-09-08 15:36:29"
"2024-09-10";"";"91 589";"56 901";"27 563 156";"2024-09-10 05:50:44"
"2024-09-04";"";"157 691";"42 470";"27 563 446";"2024-09-04 04:01:21"
"2024-09-08";"YouTube";"5 783 603";"383 664";"27 562 126";"2024-09-08 14:47:52"
"2024-09-03";"";"250 734";"92 856";"27 563 083";"2024-09-03 09:30:15"
"2024-09-06";"";"30 670";"13 978";"27 563 463";"2024-09-06 11:08:26"
"2024-09-01";"Instagram";"95 066";"8 062";"27 561 362";"2024-09-01 03:48:11"
"2024-09-06";"PUBG";"17 596 290";"871 672";"27 563 413";"2024-09-06 13:22:59"
"2024-09-03";"";"111 303";"294 875";"27 561 428";"2024-09-03 05:38:41"
"2024-09-08";"Instagram";"156 500 520";"5 782 663";"27 562 458";"2024-09-08 10:43:11"
"2024-09-02";"";"35 013";"21 409";"27 562 083";"2024-09-03 01:22:24"
"2024-09-05";"Instagram";"2 107 952";"478 226";"27 563 199";"2024-09-05 13:58:01"
"2024-09-01";"";"282 162";"307 950";"27 562 535";"2024-09-01 03:12:21"
"2024-09-02";"YouTube";"86 031 111";"4 279 064";"27 563 466";"2024-09-03 02:35:41"
"2024-09-04";"";"8 000";"40 877";"27 561 616";"2024-09-04 16:37:08"
"2024-09-05";"";"0";"26 325";"27 561 974";"2024-09-06 00:45:23"
"2024-09-02";"";"50 614";"7 249";"27 562 535";"2024-09-03 02:23:38"
"2024-09-02";"Facebook";"31 195";"2 538";"27 561 761";"2024-09-02 16:13:37"
"2024-09-02";"";"11 677";"57 796";"27 562 443";"2024-09-02 20:53:34"
"2024-09-02";"";"309 484";"22 466";"27 561 341";"2024-09-02 09:30:19"
"2024-09-04";"";"174 541";"8 523";"27 563 445";"2024-09-04 19:04:30"
"2024-09-09";"";"41 628";"13 132";"27 563 478";"2024-09-09 19:40:07"
"2024-09-06";"Apple Music";"6 473 138";"517 280";"27 562 070";"2024-09-06 13:58:04"
"2024-09-03";"";"100 678";"4 791";"27 563 189";"2024-09-03 16:49:34"
"2024-09-10";"YouTube";"4 280 533";"1 621 372";"27 561 721";"2024-09-10 20:05:39"
"2024-09-09";"Instagram";"84 659 969";"2 416 497";"27 562 542";"2024-09-09 05:26:44"
"2024-09-03";"";"78 481";"3 178";"27 563 409";"2024-09-03 14:59:36"
"2024-09-03";"YouTube";"665 523";"7 785 571";"27 561 182";"2024-09-04 01:34:30"
"2024-09-09";"Yandex";"109 892";"13 252";"27 562 612";"2024-09-09 03:24:31"
"2024-09-01";"";"63 924";"8 230";"27 563 432";"2024-09-01 13:34:01"
"2024-09-08";"";"245 437";"15 434";"27 563 030";"2024-09-08 18:51:28"
"2024-09-08";"YouTube";"922 610";"167 221";"27 562 397";"2024-09-08 18:51:38"
"2024-09-02";"";"38 364";"1 848";"27 562 499";"2024-09-02 15:12:42"
"2024-09-08";"YouTube";"3 758 605";"1 039 447";"27 562 243";"2024-09-08 23:32:40"
"2024-09-08";"Telegram";"5 370 548";"373 425";"27 562 757";"2024-09-08 08:53:19"
"2024-09-08";"";"50 864";"7 548";"27 561 503";"2024-09-08 23:32:44"
"2024-09-10";"Likee";"61 461";"10 678";"27 563 011";"2024-09-10 22:19:01"
"2024-09-08";"";"1 857 364";"79 301";"27 562 804";"2024-09-08 12:45:46"
"2024-09-06";"YouTube";"889 023";"1 197 559";"27 561 892";"2024-09-07 01:22:45"
"2024-09-10";"YouTube";"645 461";"123 550";"27 562 064";"2024-09-10 06:51:10"
"2024-09-07";"";"32 823";"12 417";"27 562 300";"2024-09-07 03:00:32"
"2024-09-01";"YouTube";"5 249 287";"679 480";"27 563 047";"2024-09-02 02:47:07"
"2024-09-05";"";"74 151";"9 097";"27 562 825";"2024-09-05 19:28:52"
"2024-09-02";"";"364 424";"85 712";"27 563 266";"2024-09-02 19:16:01"
"2024-09-06";"Facebook";"1 001 428";"49 153";"27 561 687";"2024-09-06 08:41:05"
"2024-09-10";"";"215 111";"10 677";"27 562 687";"2024-09-10 23:08:37"
"2024-09-07";"Telegram";"6 652 232";"500 261";"27 561 182";"2024-09-07 16:13:04"
"2024-09-08";"";"1 008 271";"57 157";"27 563 107";"2024-09-08 23:08:34"
"2024-09-04";"";"70 497";"16 040";"27 563 024";"2024-09-04 20:17:25"
"2024-09-01";"Telegram";"1 890 101";"223 450";"27 562 101";"2024-09-01 18:51:15"
"2024-09-05";"Unknown";"869 573";"413 232";"27 561 693";"2024-09-05 08:05:48"
"2024-09-04";"";"10 707";"33 009";"27 562 858";"2024-09-04 15:36:17"
"2024-09-10";"Yandex";"4 517 355";"170 133";"27 563 358";"2024-09-10 03:48:14"
"2024-09-04";"";"71 857";"53 753";"27 562 889";"2024-09-04 21:30:56"
"2024-09-04";"";"1 974 575";"122 046";"27 561 375";"2024-09-04 08:41:26"
"2024-09-09";"";"1 860";"108 282";"27 562 839";"2024-09-09 09:42:21"
"2024-09-07";"";"76 582";"176 403";"27 562 355";"2024-09-07 04:25:09"
"2024-09-10";"";"40 390";"5 746";"27 563 097";"2024-09-10 11:56:41"
"2024-09-10";"";"2 000 810";"983 058";"27 563 177";"2024-09-10 23:08:18"
"2024-09-05";"";"58 686 681";"3 034 216";"27 563 151";"2024-09-05 04:37:48"
"2024-09-07";"Telegram";"65 524";"6 347";"27 563 139";"2024-09-07 18:51:58"
"2024-09-05";"";"188 662";"11 239";"27 563 075";"2024-09-05 08:41:19"
"2024-09-03";"";"40 195";"45 449";"27 561 792";"2024-09-03 15:24:16"
"2024-09-05";"";"176 506";"16 022";"27 561 279";"2024-09-05 03:48:05"
"2024-09-05";"Odnoklassniki";"34 944";"14 840";"27 562 521";"2024-09-05 11:44:17"
"2024-09-01";"";"28 371";"13 423";"27 563 154";"2024-09-01 13:34:57"
"2024-09-02";"";"6 413 181";"279 093";"27 562 917";"2024-09-02 21:54:22"
"2024-09-01";"";"180 219";"28 694";"27 561 721";"2024-09-01 20:53:49"
"2024-09-08";"Unknown";"89 108";"89 063";"27 563 195";"2024-09-08 22:31:41"
"2024-09-03";"";"5 901 992";"304 288";"27 563 363";"2024-09-03 03:00:22"
"2024-09-02";"";"311 391";"99 615";"27 561 543";"2024-09-02 09:06:30"
"2024-09-01";"";"12 107";"84 284";"27 562 732";"2024-09-01 10:31:03"
"2024-09-06";"";"109 313";"6 768";"27 563 175";"2024-09-06 20:41:20"
"2024-09-07";"";"20 420";"868 226";"27 562 840";"2024-09-08 01:46:06"
"2024-09-06";"";"33 282";"16 896";"27 561 785";"2024-09-06 21:18:21"
"2024-09-04";"Yandex";"1 532 379";"135 213";"27 563 278";"2024-09-04 03:12:55"
"2024-09-09";"";"80 445";"6 932";"27 562 541";"2024-09-09 20:17:33"
"2024-09-08";"";"187 412";"10 378";"27 561 281";"2024-09-08 09:30:57"
"2024-09-01";"";"34 054";"3 376";"27 563 204";"2024-09-01 17:50:14"
"2024-09-01";"";"647 384";"40 672";"27 563 141";"2024-09-01 03:36:40"
"2024-09-09";"Unknown";"31 033 163";"593 147";"27 561 825";"2024-09-10 01:10:03"
"2024-09-01";"Unknown";"852 048";"112 155";"27 563 238";"2024-09-01 06:03:42"
"2024-09-08";"Instagram";"59 177 060";"2 889 378";"27 561 302";"2024-09-08 17:38:24"
"2024-09-06";"WhatsApp";"42 925 386";"1 071 528";"27 563 219";"2024-09-06 21:54:49"
"2024-09-08";"";"740";"32 146";"27 562 413";"2024-09-08 09:06:28"
"2024-09-06";"";"681 760 644";"204 409 705";"27 562 934";"2024-09-06 16:49:03"
"2024-09-02";"YouTube";"66 719";"521 340";"27 562 721";"2024-09-02 14:59:00"
"2024-09-10";"YouTube";"5 496 834";"1 893 505";"27 562 938";"2024-09-10 22:19:43"
"2024-09-02";"";"340 651";"21 934";"27 561 888";"2024-09-02 20:05:25"
"2024-09-10";"YouTube";"10 708 681";"534 325";"27 562 211";"2024-09-10 17:26:50"
"2024-09-06";"";"27 000";"1 907";"27 561 924";"2024-09-06 14:47:49"
"2024-09-05";"Telegram";"73 143";"7 527";"27 561 605";"2024-09-05 09:30:26"
"2024-09-05";"";"45 893";"3 972";"27 562 853";"2024-09-05 20:05:18"
"2024-09-07";"Telegram";"10 333 382";"5 414 693";"27 562 804";"2024-09-07 22:55:40"
"2024-09-03";"YouTube";"2 438 096";"153 590";"27 561 492";"2024-09-04 01:46:56"
"2024-09-09";"Telegram";"2 859 828";"613 721";"27 563 261";"2024-09-09 08:29:55"
"2024-09-02";"YouTube";"4 478 673";"1 326 027";"27 562 639";"2024-09-02 15:00:27"
"2024-09-10";"Yandex";"349 940";"17 433";"27 561 971";"2024-09-10 08:53:13"
"2024-09-09";"YouTube";"347 251";"54 064";"27 562 957";"2024-09-09 14:35:53"
"2024-09-04";"";"321 832";"8 270";"27 561 761";"2024-09-04 09:42:01"
"2024-09-08";"YouTube";"455 077";"106 600";"27 562 322";"2024-09-08 08:17:36"
"2024-09-10";"YouTube";"32 274";"42 194";"27 562 552";"2024-09-10 23:08:24"
"2024-09-03";"";"250 886";"989 964";"27 562 841";"2024-09-03 05:50:48"
"2024-09-10";"Unknown";"36 920";"92 334";"27 561 536";"2024-09-10 17:14:32"
"2024-09-04";"";"30 754";"9 755";"27 562 289";"2024-09-05 00:09:45"
"2024-09-03";"YouTube";"4 455 570";"251 989";"27 562 820";"2024-09-03 10:19:35"
"2024-09-10";"";"29 305";"2 346";"27 561 862";"2024-09-10 22:31:16"
"2024-09-06";"";"152 975";"8 683";"27 561 225";"2024-09-06 21:18:56"
"2024-09-04";"Instagram";"551 259";"47 981";"27 562 904";"2024-09-04 11:20:52"
"2024-09-03";"";"26 196";"7 645";"27 562 234";"2024-09-03 04:01:38"
"2024-09-10";"";"153 308";"19 968";"27 561 981";"2024-09-10 23:56:52"
"2024-09-01";"";"391 868";"76 840";"27 562 893";"2024-09-01 15:48:07"
"2024-09-04";"";"31 916";"2 425";"27 562 063";"2024-09-05 00:21:43"
"2024-09-06";"";"706 022";"277 621";"27 562 898";"2024-09-06 06:03:56"
"2024-09-03";"";"38 433";"4 756";"27 562 013";"2024-09-03 16:49:11"
"2024-09-02";"Apple Music";"169 868 314";"4 751 833";"27 562 076";"2024-09-02 14:47:21"
"2024-09-02";"";"16 210";"29 204";"27 563 176";"2024-09-02 09:54:34"
"2024-09-06";"Instagram";"451 062";"24 283";"27 562 063";"2024-09-06 04:25:13"
"2024-09-10";"Instagram";"7 263 834";"10 606 966";"27 561 204";"2024-09-10 19:40:28"
"2024-09-10";"";"35 069";"7 640";"27 561 591";"2024-09-10 16:49:07"
"2024-09-03";"";"27 471";"7 386";"27 561 906";"2024-09-03 12:57:48"
"2024-09-03";"";"15 120";"226 449";"27 561 956";"2024-09-03 12:09:15"
"2024-09-05";"YouTube";"2 884 179";"159 243";"27 562 197";"2024-09-05 09:42:14"
"2024-09-01";"Instagram";"42 331 473";"1 756 792";"27 563 432";"2024-09-01 04:25:02"
"2024-09-01";"";"41 745";"27 206";"27 561 906";"2024-09-02 02:11:29"
"2024-09-01";"WhatsApp";"294 867";"316 734";"27 561 600";"2024-09-01 12:21:56"
"2024-09-05";"Yandex";"253 181";"381 171";"27 563 469";"2024-09-05 11:32:43"
"2024-09-08";"Unknown";"148 558";"43 149";"27 563 219";"2024-09-08 22:07:57"
"2024-09-09";"Instagram";"1 060 856";"14 569";"27 561 823";"2024-09-09 12:45:14"
"2024-09-04";"Facebook";"308 422";"148 575";"27 562 858";"2024-09-04 16:37:09"
"2024-09-06";"";"58 801";"18 100";"27 561 989";"2024-09-06 08:41:49"
"2024-09-07";"";"2 578 952";"111 440";"27 563 005";"2024-09-07 19:52:23"
"2024-09-09";"";"753 119";"37 926";"27 563 218";"2024-09-09 08:05:50"
"2024-09-06";"";"765 515";"56 359";"27 561 373";"2024-09-06 21:54:58"
"2024-09-08";"";"88 961";"38 034";"27 561 433";"2024-09-08 14:35:09"
"2024-09-06";"TikTok";"69 557";"308 556";"27 561 355";"2024-09-06 20:53:01"
"2024-09-07";"";"65 029";"24 115";"27 563 096";"2024-09-07 11:44:51"
"2024-09-02";"";"152 364";"10 701";"27 561 302";"2024-09-02 12:45:10"
"2024-09-05";"Yandex";"240 845";"11 352";"27 563 273";"2024-09-05 08:17:01"
"2024-09-08";"";"198 613";"111 183";"27 561 616";"2024-09-08 07:16:37"
"2024-09-07";"";"47 885";"17 172";"27 562 912";"2024-09-07 20:17:50"
"2024-09-06";"YouTube";"118 468";"39 185";"27 561 570";"2024-09-07 00:33:16"
"2024-09-06";"";"742 843";"27 225";"27 561 826";"2024-09-06 07:28:20"
"2024-09-09";"";"200 635";"20 512";"27 562 615";"2024-09-09 14:47:51"
"2024-09-03";"";"1 125 102";"57 549";"27 563 088";"2024-09-03 06:51:06"
"2024-09-07";"";"56 339";"7 805";"27 561 908";"2024-09-07 19:04:41"
"2024-09-10";"";"714 364";"484 547";"27 562 968";"2024-09-10 18:51:49"
"2024-09-05";"";"31 014";"18 976";"27 563 497";"2024-09-06 01:10:19"
"2024-09-10";"";"11 584 962";"441 659";"27 562 957";"2024-09-10 08:41:26"
"2024-09-09";"";"31 182";"1 576";"27 563 152";"2024-09-10 01:58:27"
"2024-09-01";"";"28 899";"2 373";"27 563 290";"2024-09-01 03:12:12"
"2024-09-10";"";"35 465";"3 392";"27 561 638";"2024-09-10 04:37:28"
"2024-09-05";"WhatsApp";"79 257";"25 852";"27 561 418";"2024-09-05 16:49:31"
"2024-09-08";"";"2 112 501";"1 289 669";"27 561 956";"2024-09-08 05:50:01"
"2024-09-02";"";"67 723";"13 336";"27 561 802";"2024-09-02 14:59:30"
"2024-09-03";"";"27 580";"2 454";"27 561 468";"2024-09-03 13:34:00"
"2024-09-02";"";"132 591";"9 303";"27 563 491";"2024-09-02 09:54:38"
"2024-09-05";"";"88 799";"10 114";"27 562 667";"2024-09-05 12:33:29"
"2024-09-06";"";"1 361 266";"267 134";"27 561 410";"2024-09-06 03:00:24"
"2024-09-05";"";"673 882";"138 963";"27 563 136";"2024-09-05 16:25:28"
"2024-09-02";"";"81 468";"2 865";"27 563 401";"2024-09-03 00:33:03"
"2024-09-02";"";"8 283";"27 675";"27 561 886";"2024-09-02 09:18:59"
"2024-09-07";"Facebook";"151 308";"44 626";"27 562 564";"2024-09-08 01:34:39"
"2024-09-05";"";"438 831";"31 901";"27 562 838";"2024-09-05 23:32:27"
"2024-09-10";"YouTube";"81 003 555";"4 969 984";"27 563 058";"2024-09-10 22:19:55"
"2024-09-06";"";"63 295";"67 550";"27 562 542";"2024-09-07 00:45:48"
"2024-09-09";"YouTube";"2 383 935";"842 550";"27 563 033";"2024-09-10 00:45:44"
"2024-09-10";"";"168 166";"61 160";"27 562 193";"2024-09-10 09:06:13"
"2024-09-10";"";"77 884";"20 538";"27 563 154";"2024-09-11 01:22:24"
"2024-09-02";"";"91 551";"982 010";"27 562 590";"2024-09-02 20:41:55"
"2024-09-09";"";"319 878";"65 449";"27 562 622";"2024-09-09 10:07:13"
"2024-09-05";"Instagram";"5 285 536";"205 361";"27 562 439";"2024-09-05 12:57:08"
"2024-09-02";"";"927 978";"54 631";"27 563 467";"2024-09-02 04:49:46"
"2024-09-01";"";"261 199";"403 547";"27 561 545";"2024-09-01 21:06:47"
"2024-09-05";"Facebook";"569 043";"13 047";"27 561 627";"2024-09-05 21:30:00"
"2024-09-07";"Yandex";"8 080 391";"270 511";"27 561 306";"2024-09-07 09:42:49"
"2024-09-10";"";"1 751 266";"91 356";"27 562 447";"2024-09-11 01:22:06"
"2024-09-02";"";"0";"27 071";"27 561 674";"2024-09-03 02:11:30"
"2024-09-07";"";"66 692";"144 453";"27 562 791";"2024-09-07 20:05:11"
"2024-09-01";"";"25 904 908";"599 408";"27 562 622";"2024-09-01 15:36:23"
"2024-09-09";"";"362 755";"119 760";"27 562 267";"2024-09-09 22:55:25"
"2024-09-01";"";"4 115 625";"610 074";"27 562 037";"2024-09-01 06:39:36"
"2024-09-02";"";"85 172";"17 104";"27 562 281";"2024-09-02 15:36:02"
"2024-09-01";"Instagram";"888 742";"234 254";"27 563 325";"2024-09-01 15:36:09"
"2024-09-04";"WhatsApp";"10 104 619";"35 216 039";"27 561 357";"2024-09-04 21:18:26"
"2024-09-09";"";"3 289 543";"126 843";"27 563 154";"2024-09-09 13:46:23"
"2024-09-04";"";"59 882";"6 967";"27 561 692";"2024-09-04 12:09:08"
"2024-09-09";"";"28 166";"2 455";"27 561 331";"2024-09-10 00:21:06"
"2024-09-08";"";"6 780";"305 520";"27 562 965";"2024-09-08 15:00:03"
"2024-09-03";"";"143 807";"17 286";"27 562 633";"2024-09-03 08:53:50"
"2024-09-10";"Facebook";"852 506";"38 519";"27 563 143";"2024-09-10 04:25:30"
"2024-09-08";"YouTube";"398 526";"135 989";"27 561 724";"2024-09-08 14:35:05"
"2024-09-06";"";"1 586 475";"169 961";"27 561 547";"2024-09-06 23:56:44"
"2024-09-02";"Facebook";"38 649";"9 954";"27 561 691";"2024-09-02 06:03:06"
"2024-09-02";"";"414 221";"596 055";"27 561 470";"2024-09-02 23:56:22"
"2024-09-10";"Instagram";"1 459 155";"56 029";"27 561 185";"2024-09-10 19:04:31"
"2024-09-04";"";"19 925";"44 064";"27 562 997";"2024-09-04 08:29:39"
"2024-09-02";"";"93 905";"32 444";"27 562 720";"2024-09-02 16:49:03"
"2024-09-07";"";"91 673";"0";"27 563 181";"2024-09-07 20:53:16"
"2024-09-04";"";"311 447";"48 515";"27 563 075";"2024-09-04 13:22:59"
"2024-09-07";"YouTube";"58 281";"340 413";"27 562 040";"2024-09-07 09:54:26"
"2024-09-04";"";"366 389";"12 397";"27 563 005";"2024-09-04 21:06:07"
"2024-09-06";"";"26 019";"3 037";"27 561 533";"2024-09-06 19:16:50"
"2024-09-05";"";"205 094";"47 493";"27 561 745";"2024-09-05 14:47:05"
"2024-09-08";"";"1 065 844";"155 748";"27 562 156";"2024-09-08 19:52:35"
"2024-09-08";"";"500 107";"45 471";"27 562 203";"2024-09-08 13:58:55"
"2024-09-04";"";"193 320";"7 322";"27 562 047";"2024-09-04 05:02:26"
"2024-09-06";"YouTube";"83 369";"319 631";"27 562 521";"2024-09-06 19:40:10"
"2024-09-03";"Instagram";"4 665 763";"107 979";"27 561 204";"2024-09-04 01:22:37"
"2024-09-08";"";"1 275 453";"137 719";"27 563 443";"2024-09-08 07:52:31"
"2024-09-05";"";"38 348";"5 647";"27 562 398";"2024-09-05 06:15:19"
"2024-09-03";"Yandex";"217 923";"58 170";"27 561 646";"2024-09-04 00:33:00"
"2024-09-04";"";"17 150 922";"821 331";"27 561 608";"2024-09-05 00:33:22"
"2024-09-08";"WhatsApp";"101 920";"10 760";"27 563 402";"2024-09-08 03:00:46"
"2024-09-07";"";"45 239";"78 983";"27 561 534";"2024-09-08 01:22:42"
"2024-09-10";"";"30 132";"8 460";"27 563 073";"2024-09-10 03:12:25"
"2024-09-05";"Facebook";"33 790";"2 496";"27 562 686";"2024-09-06 01:46:02"
"2024-09-10";"YouTube";"105 113 688";"5 692 129";"27 563 211";"2024-09-10 04:37:38"
"2024-09-04";"";"78 015";"48 358";"27 562 656";"2024-09-04 16:13:03"
"2024-09-10";"";"27 643";"8 569";"27 562 324";"2024-09-10 23:32:02"
"2024-09-06";"YouTube";"4 109 853";"1 849 800";"27 561 634";"2024-09-07 00:33:16"
"2024-09-01";"";"145 344";"13 211";"27 562 563";"2024-09-01 14:35:25"
"2024-09-07";"YouTube";"349 229";"17 197";"27 562 619";"2024-09-07 21:06:04"
"2024-09-05";"";"150 351";"18 665";"27 561 921";"2024-09-05 11:56:10"
"2024-09-08";"";"445 058";"44 024";"27 562 202";"2024-09-08 13:22:30"
"2024-09-07";"";"36 674";"2 538";"27 563 310";"2024-09-07 23:32:32"
"2024-09-07";"";"158 640";"23 298";"27 562 668";"2024-09-07 21:18:19"
"2024-09-05";"";"575 849";"90 727";"27 561 999";"2024-09-05 03:36:05"
"2024-09-01";"YouTube";"156 488";"58 987";"27 563 087";"2024-09-01 06:15:54"
"2024-09-08";"";"48 356";"1 951";"27 563 221";"2024-09-08 06:27:23"
"2024-09-10";"";"217 057";"514 990";"27 561 317";"2024-09-11 02:47:00"
"2024-09-03";"YouTube";"35 477";"9 458";"27 561 689";"2024-09-03 10:55:29"
"2024-09-08";"";"244 571";"51 537";"27 561 180";"2024-09-08 23:08:21"
"2024-09-04";"YouTube";"279 066";"298 876";"27 561 671";"2024-09-05 01:22:19"
"2024-09-03";"";"123 301";"49 248";"27 561 418";"2024-09-03 16:49:45"
"2024-09-07";"";"291 500";"23 695";"27 562 820";"2024-09-07 06:15:31"
"2024-09-06";"";"35 800";"11 487";"27 561 213";"2024-09-06 10:07:52"
"2024-09-02";"";"78 020";"9 070";"27 562 984";"2024-09-02 21:30:30"
"2024-09-10";"";"31 703";"3 407";"27 562 715";"2024-09-11 01:10:51"
"2024-09-10";"";"132 471";"68 193";"27 563 000";"2024-09-10 03:24:26"
"2024-09-05";"";"730";"37 318";"27 561 836";"2024-09-05 11:08:20"
"2024-09-05";"";"596 839";"129 136";"27 562 967";"2024-09-06 02:35:59"
"2024-09-06";"";"435 254";"757 787";"27 562 290";"2024-09-06 04:01:50"
"2024-09-01";"YouTube";"1 895 874";"196 960";"27 561 745";"2024-09-01 13:34:48"
"2024-09-04";"";"59 573";"2 815";"27 563 176";"2024-09-04 15:48:23"
"2024-09-07";"";"19 701";"113 945";"27 561 539";"2024-09-07 17:26:16"
"2024-09-07";"";"21 703 843";"995 196";"27 563 447";"2024-09-07 10:19:10"
"2024-09-01";"YouTube";"32 582";"4 067";"27 563 075";"2024-09-01 04:49:06"
"2024-09-08";"";"636 343";"59 310";"27 562 906";"2024-09-08 16:13:56"
"2024-09-10";"";"141 025";"145 414";"27 562 326";"2024-09-11 02:59:44"
"2024-09-02";"";"1 496 970";"265 366";"27 562 014";"2024-09-02 19:16:43"
"2024-09-05";"";"164 800";"14 534";"27 562 264";"2024-09-05 09:54:53"
"2024-09-01";"";"122 003";"38 328";"27 562 762";"2024-09-01 14:11:43"
"2024-09-02";"";"38 660";"1 301 579";"27 563 453";"2024-09-02 10:19:22"
"2024-09-02";"WhatsApp";"36 522";"2 484";"27 562 859";"2024-09-02 09:06:30"
"2024-09-04";"YouTube";"354 850";"5 234 633";"27 562 859";"2024-09-04 06:03:34"
"2024-09-02";"";"28 032";"25 551";"27 561 350";"2024-09-02 18:03:55"
"2024-09-02";"";"156 233";"18 621";"27 561 752";"2024-09-02 17:14:08"
"2024-09-03";"";"155 189";"46 870";"27 563 402";"2024-09-03 06:39:40"
"2024-09-06";"";"95 287";"9 216";"27 561 259";"2024-09-06 10:43:25"
"2024-09-01";"";"615 844";"30 385";"27 561 314";"2024-09-01 08:29:42"
"2024-09-01";"";"1 191 605";"224 040";"27 561 854";"2024-09-01 08:05:56"
"2024-09-01";"";"336 634";"16 199";"27 562 889";"2024-09-01 12:33:48"
"2024-09-09";"";"401 634";"15 823";"27 563 042";"2024-09-09 04:37:34"
"2024-09-03";"YouTube";"408 344";"77 396";"27 561 893";"2024-09-03 07:40:57"
"2024-09-03";"";"167 607";"22 168";"27 562 872";"2024-09-03 10:55:37"
"2024-09-02";"";"2 334 349";"140 527";"27 563 264";"2024-09-02 23:56:28"
"2024-09-05";"";"34 765";"13 742";"27 563 088";"2024-09-05 06:27:05"
"2024-09-09";"";"3 856 501";"546 210";"27 562 100";"2024-09-09 10:31:47"
"2024-09-10";"";"518 648";"30 336";"27 562 372";"2024-09-10 11:44:29"
"2024-09-02";"";"2 206 824";"76 224";"27 561 638";"2024-09-02 03:48:30"
"2024-09-08";"Facebook";"407 382";"133 480";"27 561 252";"2024-09-09 01:22:08"
"2024-09-04";"YouTube";"363 084";"42 182";"27 563 094";"2024-09-04 05:26:32"
"2024-09-07";"";"167 214";"4 373";"27 561 752";"2024-09-07 14:47:35"
"2024-09-05";"Telegram";"19 327 565";"1 058 334";"27 562 200";"2024-09-05 14:59:38"
"2024-09-10";"";"196 847";"468 739";"27 562 257";"2024-09-10 21:06:55"
"2024-09-06";"";"39 910";"7 382";"27 561 759";"2024-09-06 15:12:52"
"2024-09-08";"";"79 132";"389 461";"27 563 210";"2024-09-08 20:53:05"
"2024-09-07";"";"72 640";"74 071";"27 562 090";"2024-09-08 02:11:27"
"2024-09-04";"";"97 910";"10 754";"27 561 294";"2024-09-04 19:04:06"
"2024-09-01";"";"627 680";"41 005";"27 561 262";"2024-09-02 00:45:26"
"2024-09-04";"";"54 063 949";"4 492 100";"27 563 001";"2024-09-04 12:09:20"
"2024-09-10";"";"163 410";"19 521";"27 562 762";"2024-09-10 06:51:29"
"2024-09-01";"";"7 449 245";"349 140";"27 562 850";"2024-09-01 20:05:43"
"2024-09-05";"Unknown";"171 773";"5 842";"27 562 791";"2024-09-05 18:15:36"
"2024-09-10";"";"239 380 556";"32 890 810";"27 562 567";"2024-09-10 09:06:33"
"2024-09-07";"";"377 199";"12 103";"27 561 234";"2024-09-08 01:22:53"
"2024-09-01";"";"26 414";"13 890";"27 561 474";"2024-09-01 11:44:43"
"2024-09-02";"";"250 283";"117 322";"27 561 830";"2024-09-03 00:45:16"
"2024-09-05";"YouTube";"371 084";"48 510";"27 562 538";"2024-09-05 05:14:55"
"2024-09-03";"";"583 997";"1 782 959";"27 561 485";"2024-09-03 07:16:29"
"2024-09-01";"";"910 773";"58 545";"27 563 432";"2024-09-01 09:18:33"
"2024-09-10";"";"8 488";"183 811";"27 562 238";"2024-09-10 14:59:02"
"2024-09-07";"";"96 736";"5 039";"27 563 260";"2024-09-07 18:15:57"
"2024-09-04";"";"139 748";"10 660";"27 562 421";"2024-09-04 03:48:04"
"2024-09-04";"";"797 636";"71 191";"27 563 367";"2024-09-04 06:27:48"
"2024-09-10";"Yandex";"10 438 636";"773 500";"27 563 069";"2024-09-10 11:56:41"
"2024-09-04";"";"15 157";"31 332";"27 562 304";"2024-09-04 04:49:44"
"2024-09-02";"";"44 847";"2 723";"27 561 874";"2024-09-02 05:50:55"
"2024-09-04";"";"58 792";"47 864";"27 563 369";"2024-09-04 03:36:46"
"2024-09-08";"";"63 744";"3 447";"27 562 255";"2024-09-08 18:51:11"
"2024-09-04";"YouTube";"699 711";"103 328";"27 562 230";"2024-09-05 02:59:50"
"2024-09-09";"Likee";"404 018";"426 247";"27 561 611";"2024-09-09 12:45:22"
"2024-09-02";"";"39 741";"4 474";"27 562 255";"2024-09-02 10:55:22"
"2024-09-03";"";"1 732 282";"52 561";"27 562 545";"2024-09-03 14:23:28"
"2024-09-04";"Facebook";"610 846";"3 072 598";"27 562 613";"2024-09-04 23:44:54"
"2024-09-02";"Yandex";"45 330";"4 241";"27 563 047";"2024-09-02 14:11:15"
"2024-09-09";"Tas-ix";"44 229";"3 172";"27 562 155";"2024-09-09 04:01:54"
"2024-09-05";"Instagram";"2 569 749";"402 211";"27 562 592";"2024-09-05 19:40:19"
"2024-09-04";"Instagram";"207 939";"10 326";"27 562 845";"2024-09-04 12:45:22"
"2024-09-09";"";"332 596";"9 130";"27 562 216";"2024-09-09 17:26:57"
"2024-09-05";"";"1 798 579";"41 373";"27 563 081";"2024-09-05 19:52:39"
"2024-09-03";"Telegram";"61 624 820";"3 573 890";"27 561 984";"2024-09-04 01:10:27"
"2024-09-08";"";"140 231";"76 426";"27 562 760";"2024-09-08 12:57:06"
"2024-09-10";"";"611 301";"62 784";"27 562 679";"2024-09-11 00:45:20"
"2024-09-07";"";"705 462";"243 994";"27 563 381";"2024-09-07 19:16:14"
"2024-09-06";"";"1 222 244";"131 943";"27 562 155";"2024-09-06 14:47:41"
"2024-09-01";"";"1 204 444";"35 634";"27 561 262";"2024-09-02 01:58:40"
"2024-09-10";"";"258 108";"10 933";"27 561 772";"2024-09-10 04:01:50"
"2024-09-04";"";"29 229";"5 727";"27 562 471";"2024-09-04 15:36:49"
"2024-09-01";"Instagram";"44 526 839";"1 465 549";"27 562 453";"2024-09-01 15:48:23"
"2024-09-05";"";"146 990";"6 321";"27 562 942";"2024-09-06 02:11:33"
"2024-09-07";"";"30 845";"3 375";"27 561 922";"2024-09-07 23:20:42"
"2024-09-05";"";"53 610";"7 082";"27 561 884";"2024-09-05 23:32:06"
"2024-09-10";"";"10 685";"27 070";"27 563 079";"2024-09-10 06:15:17"
"2024-09-02";"Facebook";"1 442 822";"757 940";"27 563 283";"2024-09-02 13:22:47"
"2024-09-01";"";"52 456";"7 657";"27 561 583";"2024-09-01 20:53:01"
"2024-09-08";"Instagram";"2 981 909";"887 291";"27 561 800";"2024-09-08 19:40:52"
"2024-09-01";"";"35 867";"2 841";"27 561 464";"2024-09-01 23:08:27"
"2024-09-04";"YouTube";"536 835";"101 473";"27 561 770";"2024-09-04 07:28:23"
"2024-09-02";"";"635 087";"45 780";"27 561 352";"2024-09-02 14:47:28"
"2024-09-10";"";"84 362";"16 910";"27 562 480";"2024-09-10 19:52:52"
"2024-09-09";"";"2 897 853";"106 057";"27 563 023";"2024-09-10 01:10:39"
"2024-09-10";"YouTube";"169 009";"7 522";"27 563 158";"2024-09-10 14:11:25"
"2024-09-02";"YouTube";"1 332 780";"141 444";"27 561 647";"2024-09-02 03:24:42"
"2024-09-02";"Instagram";"113 709";"38 395";"27 562 009";"2024-09-02 19:04:21"
"2024-09-02";"Spotify";"534 999";"383 587";"27 562 311";"2024-09-02 13:46:05"
"2024-09-03";"";"227 143";"141 548";"27 562 757";"2024-09-03 06:51:26"
"2024-09-06";"";"50 244";"203 965";"27 562 799";"2024-09-06 04:49:22"
"2024-09-05";"";"37 457";"20 484";"27 562 871";"2024-09-05 08:41:39"
"2024-09-04";"";"99 717";"56 609";"27 563 219";"2024-09-04 17:26:03"
"2024-09-08";"WhatsApp";"821 196";"218 825";"27 562 663";"2024-09-08 08:41:20"
"2024-09-03";"";"498 138";"47 170";"27 561 304";"2024-09-03 07:28:53"
"2024-09-06";"";"32 714";"2 610";"27 563 022";"2024-09-06 23:44:53"
"2024-09-07";"";"92 601";"19 135";"27 561 557";"2024-09-07 19:16:37"
"2024-09-10";"";"43 919";"117 138";"27 561 482";"2024-09-10 20:17:50"
"2024-09-08";"";"43 357";"3 259";"27 562 832";"2024-09-08 11:56:46"
"2024-09-05";"";"100 498";"75 314";"27 562 843";"2024-09-05 15:12:18"
"2024-09-10";"Facebook";"4 646 325";"162 532";"27 562 061";"2024-09-10 04:37:28"
"2024-09-02";"";"93 194";"14 115";"27 563 403";"2024-09-02 08:29:53"
"2024-09-01";"YouTube";"51 737";"487 203";"27 561 815";"2024-09-01 23:20:49"
"2024-09-02";"Telegram";"24 130 092";"2 312 631";"27 563 205";"2024-09-02 06:03:07"
"2024-09-09";"";"30 353";"3 350";"27 561 640";"2024-09-09 10:43:37"
"2024-09-06";"";"143 561";"848 799";"27 563 031";"2024-09-06 11:20:23"
"2024-09-02";"";"28 990";"33 074";"27 562 788";"2024-09-02 03:24:20"
"2024-09-08";"Instagram";"2 440 132";"86 398";"27 561 953";"2024-09-08 05:50:05"
"2024-09-07";"";"3 280 056";"60 979";"27 562 666";"2024-09-07 22:55:50"
"2024-09-08";"";"855 827";"33 725";"27 561 776";"2024-09-08 19:52:15"
"2024-09-10";"Facebook";"748 221";"14 508";"27 561 218";"2024-09-10 12:09:07"
"2024-09-04";"Instagram";"76 625 249";"1 400 738";"27 562 239";"2024-09-04 22:07:19"
"2024-09-02";"";"155 766";"7 658";"27 562 445";"2024-09-02 11:44:14"
"2024-09-06";"";"16 148 320";"461 805";"27 563 051";"2024-09-06 16:25:21"
"2024-09-03";"";"37 762";"9 089";"27 562 040";"2024-09-03 06:51:48"
"2024-09-05";"";"81 681";"54 434";"27 563 315";"2024-09-05 14:35:41"
"2024-09-06";"";"28 226";"11 447";"27 563 273";"2024-09-06 04:13:36"
"2024-09-06";"";"679 678";"46 254";"27 562 051";"2024-09-06 07:52:59"
"2024-09-07";"";"1 120 040";"55 205";"27 561 555";"2024-09-07 16:25:52"
"2024-09-04";"";"108 626";"58 525";"27 563 500";"2024-09-04 18:51:51"
"2024-09-08";"Telegram";"110 982 237";"6 190 049";"27 562 416";"2024-09-08 17:26:42"
"2024-09-10";"Telegram";"7 544 543";"964 885";"27 561 486";"2024-09-10 15:48:14"
"2024-09-02";"";"2 333 003";"1 497 128";"27 562 107";"2024-09-02 22:31:21"
"2024-09-02";"Yandex";"1 028 512";"53 212";"27 563 186";"2024-09-02 23:44:17"
"2024-09-06";"";"46 797";"6 440";"27 562 016";"2024-09-06 08:17:52"
"2024-09-01";"";"20 772";"119 228";"27 561 770";"2024-09-01 11:20:20"
"2024-09-08";"Facebook";"2 390 149";"74 147";"27 561 846";"2024-09-08 03:36:42"
"2024-09-05";"Facebook";"591 041";"2 021 195";"27 562 518";"2024-09-05 07:16:22"
"2024-09-03";"Facebook";"135 842";"5 810";"27 562 236";"2024-09-03 07:52:36"
"2024-09-07";"Facebook";"1 658 733";"101 148";"27 563 083";"2024-09-07 12:21:18"
"2024-09-04";"";"0";"29 416";"27 562 260";"2024-09-04 19:16:54"
"2024-09-06";"";"492 652";"83 712";"27 563 447";"2024-09-06 07:04:03"
"2024-09-07";"WhatsApp";"30 280";"4 523";"27 561 186";"2024-09-07 06:03:48"
"2024-09-06";"";"68 685";"44 140";"27 562 865";"2024-09-06 04:25:48"
"2024-09-04";"";"14 398";"98 537";"27 562 382";"2024-09-04 18:15:49"
"2024-09-09";"";"113 813";"42 647";"27 563 136";"2024-09-09 07:40:04"
"2024-09-03";"Instagram";"90 333";"7 328";"27 562 479";"2024-09-03 08:41:16"
"2024-09-02";"Instagram";"5 772 149";"246 521";"27 563 136";"2024-09-03 01:10:06"
"2024-09-06";"";"31 754";"4 955";"27 562 614";"2024-09-06 16:49:07"
"2024-09-03";"";"119 489";"40 991";"27 563 344";"2024-09-03 19:40:44"
"2024-09-08";"";"233 423";"63 722";"27 561 211";"2024-09-08 04:25:31"
"2024-09-05";"YouTube";"100 274 658";"7 845 533";"27 563 100";"2024-09-06 02:11:01"
"2024-09-10";"Facebook";"333 864";"90 441";"27 563 476";"2024-09-10 12:45:43"
"2024-09-04";"Apple Music";"81 156";"18 816";"27 561 897";"2024-09-04 15:12:39"
"2024-09-05";"";"31 815";"16 769";"27 563 022";"2024-09-05 11:44:05"
"2024-09-07";"";"249 419";"13 285";"27 563 171";"2024-09-07 03:24:47"
"2024-09-02";"Instagram";"102 758";"13 603";"27 563 219";"2024-09-02 12:21:23"
"2024-09-06";"";"62 796 811";"6 620 574";"27 562 801";"2024-09-06 04:25:33"
"2024-09-03";"";"178 113";"9 452";"27 563 030";"2024-09-03 08:05:15"
"2024-09-04";"YouTube";"7 105 977";"1 076 907";"27 562 701";"2024-09-04 15:24:48"
"2024-09-04";"";"130 590";"60 251";"27 561 882";"2024-09-04 20:41:48"
"2024-09-09";"Facebook";"218 335";"8 840";"27 562 203";"2024-09-09 18:15:51"
"2024-09-01";"";"61 234 827";"6 108 429";"27 562 105";"2024-09-01 03:36:52"
"2024-09-09";"YouTube";"5 156 183";"299 965";"27 562 230";"2024-09-09 15:48:21"
"2024-09-01";"";"2 904 486";"301 509";"27 562 897";"2024-09-01 06:15:19"
"2024-09-05";"Instagram";"104 725 961";"2 638 831";"27 562 571";"2024-09-05 03:12:07"
"2024-09-04";"";"3 415";"35 986";"27 561 426";"2024-09-04 20:41:34"
"2024-09-09";"YouTube";"5 132 999";"258 567";"27 562 537";"2024-09-09 17:26:35"
"2024-09-09";"";"44 142";"3 342";"27 561 506";"2024-09-09 15:24:54"
"2024-09-09";"";"31 493";"10 550";"27 562 821";"2024-09-09 22:43:00"
"2024-09-03";"YouTube";"10 837 402";"2 591 192";"27 563 507";"2024-09-03 21:54:05"
"2024-09-09";"";"1 271 556";"46 154";"27 562 061";"2024-09-09 17:50:37"
"2024-09-10";"";"249 299";"9 759";"27 562 861";"2024-09-10 05:38:10"
"2024-09-08";"";"68 320";"16 987";"27 563 221";"2024-09-08 14:47:13"
"2024-09-08";"Unknown";"5 103 278";"278 255";"27 562 780";"2024-09-08 16:13:55"
"2024-09-08";"WhatsApp";"8 257 218";"9 144 116";"27 562 540";"2024-09-08 17:14:13"
"2024-09-05";"Instagram";"580 566";"5 672";"27 562 732";"2024-09-05 17:38:42"
"2024-09-01";"";"73 999";"4 198";"27 562 438";"2024-09-01 08:17:01"
"2024-09-01";"";"33 894";"3 656";"27 563 290";"2024-09-01 17:50:15"
"2024-09-02";"";"42 003";"8 216";"27 563 152";"2024-09-02 14:59:22"
"2024-09-10";"Facebook";"750 385";"402 214";"27 563 462";"2024-09-11 02:59:05"
"2024-09-10";"";"27 707";"33 673";"27 561 855";"2024-09-10 15:00:13"
"2024-09-05";"Yandex";"5 918 323";"1 566 130";"27 562 265";"2024-09-05 08:53:24"
"2024-09-06";"Yandex";"178 750";"5 896";"27 562 401";"2024-09-06 17:26:46"
"2024-09-07";"";"27 336 586";"2 155 488";"27 562 459";"2024-09-07 13:34:20"
"2024-09-03";"";"31 187";"3 149";"27 561 898";"2024-09-03 19:16:43"
"2024-09-07";"";"400 874";"27 484";"27 562 435";"2024-09-07 09:18:23"
"2024-09-04";"";"570 403";"62 572";"27 563 464";"2024-09-05 02:35:29"
"2024-09-10";"";"13 224";"28 405";"27 562 573";"2024-09-10 16:49:56"
"2024-09-07";"";"21 322";"49 807";"27 562 762";"2024-09-07 20:29:51"
"2024-09-06";"";"66 594";"21 067";"27 561 534";"2024-09-06 16:01:36"
"2024-09-03";"Telegram";"1 675 545";"112 751";"27 562 566";"2024-09-03 11:56:02"
"2024-09-05";"Telegram";"1 019 317";"235 312";"27 562 139";"2024-09-05 08:29:06"
"2024-09-07";"";"30 120";"17 452";"27 562 786";"2024-09-07 07:52:55"
"2024-09-07";"Yandex";"152 055";"9 535";"27 561 315";"2024-09-08 01:10:55"
"2024-09-03";"";"434 202";"128 075";"27 562 069";"2024-09-03 08:17:42"
"2024-09-01";"";"116 930";"22 224";"27 562 928";"2024-09-01 05:14:11"
"2024-09-08";"";"360 882";"39 641";"27 561 386";"2024-09-08 14:23:45"
"2024-09-06";"";"980 834";"28 347";"27 562 035";"2024-09-06 08:41:11"
"2024-09-06";"";"92 582";"65 802";"27 561 660";"2024-09-06 11:44:23"
"2024-09-04";"";"81 287";"6 767";"27 562 097";"2024-09-05 01:34:40"
"2024-09-06";"";"252 419";"22 006";"27 562 398";"2024-09-06 12:45:44"
"2024-09-09";"";"25 676";"2 576";"27 561 822";"2024-09-09 07:52:42"
"2024-09-10";"";"581 840";"22 748";"27 561 518";"2024-09-10 07:28:45"
"2024-09-09";"";"167 901";"13 236";"27 561 800";"2024-09-09 12:57:11"
"2024-09-02";"";"72 055";"35 314";"27 561 643";"2024-09-02 20:29:53"
"2024-09-09";"";"1 089 821";"61 495";"27 563 496";"2024-09-09 15:36:53"
"2024-09-04";"Unknown";"6 550";"51 704";"27 562 580";"2024-09-04 09:54:42"
"2024-09-03";"";"15 592";"57 300";"27 561 547";"2024-09-03 07:52:08"
"2024-09-08";"";"13 458 541";"726 476";"27 562 711";"2024-09-08 12:57:10"
"2024-09-08";"Telegram";"2 017 477";"108 397";"27 561 820";"2024-09-08 05:14:18"
"2024-09-05";"Instagram";"50 555 955";"1 137 362";"27 561 815";"2024-09-05 08:17:33"
"2024-09-07";"";"49 916";"4 095";"27 562 607";"2024-09-07 14:11:00"
"2024-09-08";"";"26 091";"6 980";"27 561 884";"2024-09-09 02:11:30"
"2024-09-03";"WhatsApp";"7 901";"29 332";"27 561 484";"2024-09-03 12:33:12"
"2024-09-01";"";"30 705";"8 864";"27 562 224";"2024-09-01 20:29:35"
"2024-09-03";"";"271 525";"18 007";"27 563 083";"2024-09-03 23:32:15"
"2024-09-08";"Instagram";"190 166 709";"10 143 645";"27 562 795";"2024-09-08 21:54:03"
"2024-09-05";"";"27 792";"2 343";"27 561 410";"2024-09-05 18:15:01"
"2024-09-09";"";"33 099";"109 488";"27 561 952";"2024-09-09 06:27:45"
"2024-09-02";"Instagram";"86 394 928";"2 668 261";"27 561 462";"2024-09-02 08:29:51"
"2024-09-01";"YouTube";"380 787";"251 941";"27 561 718";"2024-09-01 19:28:27"
"2024-09-06";"";"48 872";"17 817";"27 563 048";"2024-09-06 20:29:06"
"2024-09-04";"";"452 448";"41 569";"27 562 192";"2024-09-04 04:37:20"
"2024-09-01";"";"111 289";"44 929";"27 561 596";"2024-09-01 05:38:02"
"2024-09-09";"";"62 093";"4 319";"27 562 559";"2024-09-09 07:52:04"
"2024-09-04";"";"66 621 901";"20 200 607";"27 561 887";"2024-09-04 15:48:25"
"2024-09-04";"Instagram";"17 344 199";"1 014 003";"27 562 538";"2024-09-04 05:02:42"
"2024-09-06";"";"70 941";"57 561";"27 562 997";"2024-09-06 09:42:25"
"2024-09-01";"Shazam";"167 379";"13 147";"27 561 981";"2024-09-02 01:46:05"
"2024-09-02";"Unknown";"1 885 517";"101 788";"27 562 898";"2024-09-02 12:45:13"
"2024-09-06";"Telegram";"513 473 763";"20 644 359";"27 561 708";"2024-09-06 21:42:41"
"2024-09-08";"";"547 312";"56 009";"27 562 708";"2024-09-08 12:21:33"
"2024-09-08";"";"58 053";"110 005";"27 561 453";"2024-09-08 13:58:00"
"2024-09-05";"";"37 114";"9 312";"27 561 611";"2024-09-05 13:46:44"
"2024-09-02";"";"252 245";"13 727";"27 561 216";"2024-09-02 07:52:19"
"2024-09-04";"Instagram";"2 273 224";"2 082 477";"27 562 979";"2024-09-04 16:01:57"
"2024-09-07";"";"202 501";"12 165";"27 561 608";"2024-09-07 13:46:46"
"2024-09-10";"";"66 698";"40 097";"27 563 129";"2024-09-10 22:55:47"
"2024-09-03";"Unknown";"183 056";"36 194";"27 561 301";"2024-09-03 13:10:32"
"2024-09-07";"";"14 801 300";"684 207";"27 562 536";"2024-09-07 14:47:55"
"2024-09-01";"";"793 619";"65 980";"27 562 494";"2024-09-01 18:39:15"
"2024-09-01";"";"1 099 551";"60 574";"27 561 354";"2024-09-01 16:25:21"
"2024-09-04";"Instagram";"32 835 326";"1 179 366";"27 561 691";"2024-09-04 23:32:06"
"2024-09-07";"";"290 183";"18 898";"27 562 338";"2024-09-07 12:21:30"
"2024-09-05";"";"454 065";"22 862";"27 563 095";"2024-09-06 02:47:29"
"2024-09-07";"WhatsApp";"18 397 407";"61 161 429";"27 562 762";"2024-09-07 15:36:48"
"2024-09-03";"";"1 092 586";"294 766";"27 562 427";"2024-09-03 11:32:13"
"2024-09-06";"Instagram";"4 111 056";"239 789";"27 563 047";"2024-09-06 08:05:08"
"2024-09-02";"";"96 335";"18 889";"27 562 222";"2024-09-02 03:24:12"
"2024-09-08";"";"200 883";"165 626";"27 561 689";"2024-09-08 08:29:05"
"2024-09-04";"";"1 033 870";"57 751";"27 562 173";"2024-09-04 08:41:56"
"2024-09-03";"YouTube";"3 142 910";"196 486";"27 562 826";"2024-09-03 15:36:33"
"2024-09-03";"";"69 569";"111 114";"27 561 386";"2024-09-03 14:23:06"
"2024-09-02";"";"106 517";"89 757";"27 562 989";"2024-09-02 05:14:42"
"2024-09-06";"YouTube";"3 858 511";"1 311 482";"27 563 107";"2024-09-06 12:33:39"
"2024-09-07";"Yandex";"106 546";"12 569";"27 562 444";"2024-09-07 06:15:51"
"2024-09-07";"";"48 176";"12 642";"27 562 752";"2024-09-07 05:38:08"
"2024-09-01";"";"647 995";"283 394";"27 562 156";"2024-09-02 00:09:13"
"2024-09-05";"Facebook";"1 708 042";"679 379";"27 562 711";"2024-09-06 00:21:54"
"2024-09-03";"";"32 785";"3 322";"27 562 437";"2024-09-03 14:47:01"
"2024-09-06";"Instagram";"1 137 795";"48 680";"27 563 445";"2024-09-06 14:35:44"
"2024-09-07";"";"5 046 541";"259 549";"27 563 005";"2024-09-07 05:50:20"
"2024-09-02";"Facebook";"2 012 214";"2 181 432";"27 562 868";"2024-09-02 09:06:56"
"2024-09-10";"";"135 959";"11 671";"27 563 123";"2024-09-10 09:30:36"
"2024-09-05";"Instagram";"1 173 166";"262 789";"27 562 484";"2024-09-05 14:35:19"
"2024-09-03";"Tas-ix";"146 491";"7 524";"27 562 846";"2024-09-03 10:55:40"
"2024-09-07";"Instagram";"45 620";"10 091";"27 562 459";"2024-09-07 10:31:17"
"2024-09-10";"";"27 544";"5 152";"27 562 520";"2024-09-10 11:56:26"
"2024-09-02";"";"404 759";"12 972";"27 563 102";"2024-09-02 14:11:37"
"2024-09-09";"";"62 815";"5 161";"27 562 534";"2024-09-09 11:56:19"
"2024-09-03";"";"96 678";"269 419";"27 563 047";"2024-09-03 04:37:00"
"2024-09-09";"";"30 178";"7 164";"27 563 336";"2024-09-10 01:22:13"
"2024-09-07";"";"30 826";"3 266";"27 562 495";"2024-09-07 15:12:40"
"2024-09-06";"";"841 066";"384 066";"27 563 036";"2024-09-06 07:52:11"
"2024-09-02";"";"26 901";"8 983";"27 562 404";"2024-09-02 07:04:58"
"2024-09-07";"";"26 808";"6 345";"27 561 327";"2024-09-07 12:33:31"
"2024-09-02";"";"140 915";"12 469";"27 561 179";"2024-09-02 03:24:33"
"2024-09-01";"";"29 413";"8 339";"27 561 688";"2024-09-01 03:12:17"
"2024-09-05";"YouTube";"97 571";"7 014";"27 562 806";"2024-09-05 20:05:25"
"2024-09-03";"";"31 423 419";"1 496 066";"27 562 330";"2024-09-03 08:05:34"
"2024-09-03";"";"83 854";"315 012";"27 562 124";"2024-09-03 13:46:28"
"2024-09-05";"";"29 068";"12 292";"27 562 047";"2024-09-05 11:20:53"
"2024-09-01";"";"26 517";"9 901";"27 561 623";"2024-09-01 13:58:04"
"2024-09-03";"Telegram";"19 125 932";"1 100 129";"27 563 033";"2024-09-03 16:01:00"
"2024-09-05";"";"1 089 507";"221 799";"27 562 704";"2024-09-05 21:06:33"
"2024-09-07";"";"32 363";"12 329";"27 563 452";"2024-09-07 07:52:26"
"2024-09-09";"Facebook";"22 966 007";"248 950";"27 561 997";"2024-09-10 00:57:09"
"2024-09-09";"";"71 443";"9 008";"27 563 452";"2024-09-09 06:51:24"
"2024-09-04";"";"44 465";"10 218";"27 562 614";"2024-09-04 14:23:06"
"2024-09-01";"";"238 090";"57 125";"27 562 468";"2024-09-01 18:15:12"
"2024-09-01";"";"304 001";"27 975";"27 562 474";"2024-09-01 11:56:19"
"2024-09-10";"";"140 891";"6 716";"27 561 743";"2024-09-10 10:07:36"
"2024-09-08";"";"162 581";"190 578";"27 562 835";"2024-09-09 02:59:51"
"2024-09-02";"";"588 705";"28 495";"27 562 527";"2024-09-02 19:40:52"
"2024-09-09";"";"5 787 049";"6 196 832";"27 563 394";"2024-09-09 12:21:18"
"2024-09-05";"Facebook";"2 324 857";"93 249";"27 562 993";"2024-09-05 13:46:01"
"2024-09-10";"";"270 420";"19 298";"27 561 361";"2024-09-10 17:38:17"
"2024-09-06";"YouTube";"2 158 117";"560 522";"27 563 022";"2024-09-06 18:39:06"
"2024-09-04";"";"29 192 187";"31 214 252";"27 562 561";"2024-09-05 02:59:44"
"2024-09-06";"";"454 820";"114 225";"27 563 065";"2024-09-06 08:05:50"
"2024-09-07";"YouTube";"55 587";"414 506";"27 561 730";"2024-09-07 08:53:20"
"2024-09-02";"";"108 159";"17 500";"27 563 205";"2024-09-02 22:19:56"
"2024-09-10";"";"218 378";"23 723";"27 562 563";"2024-09-10 16:01:21"
"2024-09-09";"";"196 011";"19 959";"27 563 169";"2024-09-09 21:30:59"
"2024-09-09";"Unknown";"38 024";"137 586";"27 562 320";"2024-09-09 05:50:16"
"2024-09-03";"";"87 345";"6 356";"27 561 835";"2024-09-03 08:41:37"
"2024-09-04";"";"264 672";"9 025";"27 561 480";"2024-09-04 04:37:36"
"2024-09-01";"";"6 001";"74 809";"27 562 552";"2024-09-01 05:50:28"
"2024-09-06";"";"37 646";"4 442";"27 561 491";"2024-09-06 19:28:00"
"2024-09-07";"";"16 540";"40 934";"27 562 315";"2024-09-07 21:54:34"
"2024-09-04";"";"385 092";"18 880";"27 561 335";"2024-09-04 07:52:19"
"2024-09-09";"Facebook";"26 226";"6 047";"27 563 342";"2024-09-09 20:53:22"
"2024-09-08";"Instagram";"170 874 785";"4 991 647";"27 562 402";"2024-09-08 03:12:04"
"2024-09-01";"";"30 837";"1 449";"27 562 656";"2024-09-01 09:06:22"
"2024-09-02";"";"24 567";"113 131";"27 563 310";"2024-09-02 13:58:56"
"2024-09-05";"";"251 614";"53 723";"27 561 659";"2024-09-05 12:57:53"
"2024-09-04";"";"51 216";"5 691";"27 562 314";"2024-09-04 06:27:29"
"2024-09-08";"";"40 425 146";"391 074";"27 563 262";"2024-09-08 23:20:42"
"2024-09-01";"";"45 381";"4 095";"27 563 308";"2024-09-01 15:36:14"
"2024-09-08";"Instagram";"4 063 457";"1 247 828";"27 561 366";"2024-09-08 16:25:12"
"2024-09-03";"";"2 596";"33 147";"27 563 236";"2024-09-03 10:43:57"
"2024-09-10";"Facebook";"47 515";"5 045";"27 562 044";"2024-09-10 03:00:45"
"2024-09-02";"";"5 143 649";"109 332";"27 562 453";"2024-09-02 08:41:29"
"2024-09-07";"";"171 631";"110 596";"27 562 144";"2024-09-07 14:47:02"
"2024-09-07";"";"87 946";"9 022";"27 562 865";"2024-09-07 11:08:09"
"2024-09-06";"YouTube";"923 519";"260 447";"27 563 014";"2024-09-07 01:46:19"
"2024-09-09";"";"52 150";"6 666";"27 563 503";"2024-09-09 19:16:48"
"2024-09-10";"Tas-ix";"2 459 754";"373 943";"27 561 480";"2024-09-10 20:17:16"
"2024-09-08";"Yandex";"340 402";"30 318";"27 562 837";"2024-09-08 19:40:47"
"2024-09-08";"Instagram";"1 208 848";"151 101";"27 563 503";"2024-09-08 16:49:39"
"2024-09-05";"";"81 449";"4 628";"27 563 333";"2024-09-05 16:37:20"
"2024-09-08";"";"18 299";"28 920";"27 563 464";"2024-09-08 14:59:52"
"2024-09-06";"";"54 413";"3 046";"27 561 392";"2024-09-06 06:39:34"
"2024-09-06";"Telegram";"10 156 495";"504 050";"27 563 008";"2024-09-06 12:45:45"
"2024-09-03";"";"75 970";"44 516";"27 562 712";"2024-09-03 09:06:04"
"2024-09-08";"";"80 344";"20 695";"27 561 686";"2024-09-09 02:59:50"
"2024-09-09";"Yandex";"45 483";"3 215";"27 562 041";"2024-09-09 05:38:06"
"2024-09-06";"Instagram";"6 000 857";"1 603 084";"27 563 033";"2024-09-07 00:21:19"
"2024-09-10";"";"445 764";"27 410";"27 562 582";"2024-09-10 17:14:51"
"2024-09-02";"";"1 700";"91 654";"27 562 473";"2024-09-02 21:54:33"
"2024-09-03";"Yandex";"448 201";"104 345";"27 561 862";"2024-09-03 21:06:05"
"2024-09-06";"Yandex";"409 488";"18 606";"27 562 255";"2024-09-06 09:54:20"
"2024-09-06";"";"1 533 286";"169 456";"27 563 326";"2024-09-06 17:02:47"
"2024-09-02";"Instagram";"32 441 018";"959 943";"27 563 141";"2024-09-02 20:41:49"
"2024-09-04";"";"1 098 136";"122 132";"27 563 035";"2024-09-04 15:48:22"
"2024-09-10";"";"42 620";"32 055";"27 562 675";"2024-09-10 14:35:26"
"2024-09-08";"";"4 780";"276 647";"27 561 994";"2024-09-08 06:27:54"
"2024-09-01";"";"77 026";"18 534";"27 563 364";"2024-09-01 19:40:55"
"2024-09-04";"";"45 965";"6 402";"27 562 863";"2024-09-05 02:47:43"
"2024-09-06";"";"551 012";"16 634";"27 563 313";"2024-09-07 01:46:36"
"2024-09-05";"";"546 454";"326 166";"27 562 884";"2024-09-05 07:40:26"
"2024-09-01";"";"117 477";"5 705";"27 562 770";"2024-09-01 17:02:31"
"2024-09-03";"";"121 097";"47 419";"27 562 574";"2024-09-03 15:36:05"
"2024-09-07";"";"92 403";"140 230";"27 562 377";"2024-09-07 04:13:46"
"2024-09-06";"Yandex";"274 497";"9 593";"27 562 233";"2024-09-06 05:50:20"
"2024-09-09";"";"10 548";"26 481";"27 562 701";"2024-09-10 00:09:10"
"2024-09-04";"Yandex";"411 758";"32 826";"27 561 252";"2024-09-04 11:44:05"
"2024-09-01";"Instagram";"3 057 578";"132 421";"27 563 100";"2024-09-01 18:39:39"
"2024-09-02";"";"32 753 059";"2 090 077";"27 562 007";"2024-09-02 11:56:11"
"2024-09-05";"";"8 186";"27 391";"27 563 154";"2024-09-05 12:57:55"
"2024-09-07";"Yandex";"256 939";"6 038";"27 562 580";"2024-09-07 12:57:49"
"2024-09-04";"";"681 610";"23 896";"27 561 828";"2024-09-04 05:26:35"
"2024-09-03";"YouTube";"844 171";"4 129 228";"27 562 066";"2024-09-04 02:59:53"
"2024-09-10";"Facebook";"53 474 215";"1 630 835";"27 561 428";"2024-09-10 21:30:10"
"2024-09-10";"";"157 625";"24 596";"27 562 617";"2024-09-10 16:01:22"
"2024-09-06";"Yandex";"1 079 392";"592 244";"27 563 058";"2024-09-06 15:36:36"
"2024-09-10";"Unknown";"1 709 783";"140 195";"27 561 354";"2024-09-10 13:58:19"
"2024-09-09";"IMO";"46 756";"7 685";"27 562 393";"2024-09-09 12:21:04"
"2024-09-08";"";"17 410";"27 302";"27 562 139";"2024-09-08 03:12:27"
"2024-09-09";"YouTube";"284 870";"10 799";"27 562 442";"2024-09-09 16:49:16"
"2024-09-10";"";"27 300";"2 391";"27 563 154";"2024-09-10 06:51:56"
"2024-09-10";"";"28 599";"12 207";"27 563 136";"2024-09-10 09:06:48"
"2024-09-07";"Instagram";"3 391 239";"2 477 106";"27 562 547";"2024-09-07 12:45:03"
"2024-09-01";"";"63 813";"9 885";"27 562 341";"2024-09-01 21:18:16"
"2024-09-08";"";"897 255";"44 982";"27 563 070";"2024-09-09 00:57:02"
"2024-09-10";"";"59 012";"9 620";"27 562 494";"2024-09-10 19:52:26"
"2024-09-02";"";"96 005";"43 864";"27 563 148";"2024-09-03 00:09:18"
"2024-09-07";"";"309 473";"10 104";"27 561 555";"2024-09-07 20:17:15"
"2024-09-01";"";"17 806";"33 189";"27 561 624";"2024-09-01 22:55:29"
"2024-09-04";"Instagram";"3 339 079";"3 316 423";"27 561 591";"2024-09-04 17:02:15"
"2024-09-08";"Yandex";"627 665";"153 071";"27 561 698";"2024-09-08 19:16:07"
"2024-09-07";"Facebook";"571 082";"38 030";"27 563 445";"2024-09-07 19:52:31"
"2024-09-02";"";"289 755";"55 968";"27 562 289";"2024-09-02 06:03:37"
"2024-09-06";"";"32 168";"416 022";"27 561 466";"2024-09-06 17:50:41"
"2024-09-06";"Telegram";"8 606 153";"673 891";"27 561 862";"2024-09-06 15:24:40"
"2024-09-03";"";"27 578";"27 728";"27 561 341";"2024-09-03 13:46:13"
"2024-09-06";"Facebook";"78 395";"6 372";"27 561 920";"2024-09-07 02:47:07"
"2024-09-04";"TikTok";"1 370";"77 486";"27 562 714";"2024-09-04 19:16:08"
"2024-09-01";"";"48 102 166";"2 507 496";"27 561 247";"2024-09-02 01:22:56"
"2024-09-08";"";"137 458";"24 014";"27 561 305";"2024-09-08 03:12:54"
"2024-09-08";"Unknown";"164 625";"33 752";"27 561 846";"2024-09-08 20:17:03"
"2024-09-05";"";"1 526 556";"4 018 773";"27 561 983";"2024-09-05 12:09:13"
"2024-09-02";"";"6 110 591";"162 130";"27 561 592";"2024-09-02 12:21:27"
"2024-09-10";"Facebook";"146 036";"11 500";"27 562 708";"2024-09-10 03:36:15"
"2024-09-03";"";"9 350 389";"2 259 974";"27 562 462";"2024-09-03 06:03:03"
"2024-09-02";"";"325 148";"619 368";"27 562 778";"2024-09-02 23:56:25"
"2024-09-09";"";"87 875";"155 152";"27 563 489";"2024-09-09 06:27:30"
"2024-09-06";"";"27 150";"5 396";"27 562 252";"2024-09-06 05:26:25"
"2024-09-06";"";"247 548";"11 181";"27 563 058";"2024-09-06 12:09:07"
"2024-09-08";"";"94 376";"104 109";"27 563 402";"2024-09-08 08:05:04"
"2024-09-06";"";"3 041 730";"284 675";"27 561 994";"2024-09-06 08:05:24"
"2024-09-08";"";"66 840";"260 518";"27 562 538";"2024-09-09 01:58:33"
"2024-09-02";"";"523 853";"30 515";"27 562 447";"2024-09-02 19:28:23"
"2024-09-02";"";"442 176";"17 057";"27 562 890";"2024-09-02 20:53:32"
"2024-09-02";"";"1 900 461";"259 977";"27 563 031";"2024-09-02 09:18:04"
"2024-09-06";"";"11 476";"29 862";"27 563 252";"2024-09-06 13:58:53"
"2024-09-04";"";"394 441";"28 163";"27 562 236";"2024-09-04 15:24:26"
"2024-09-04";"";"386 831";"125 218";"27 561 640";"2024-09-04 12:09:20"
"2024-09-10";"YouTube";"660 939";"34 911";"27 562 633";"2024-09-10 21:30:58"
"2024-09-04";"";"839 025";"40 297";"27 562 956";"2024-09-04 13:22:33"
"2024-09-03";"";"57 536";"2 737";"27 563 392";"2024-09-03 12:33:02"
"2024-09-01";"";"51 936";"2 922";"27 562 847";"2024-09-01 21:18:08"
"2024-09-06";"";"207 878";"66 204";"27 561 508";"2024-09-06 05:02:40"
"2024-09-02";"Yandex";"4 064 593";"252 066";"27 562 489";"2024-09-02 22:19:26"
"2024-09-09";"YouTube";"385 241";"34 890";"27 563 203";"2024-09-09 14:11:01"
"2024-09-07";"";"351 444";"169 152";"27 563 291";"2024-09-07 15:36:45"
"2024-09-09";"Instagram";"21 671 011";"744 278";"27 563 128";"2024-09-09 12:09:52"
"2024-09-05";"";"220 588";"13 793";"27 562 613";"2024-09-06 00:21:03"
"2024-09-10";"";"247 253";"11 625";"27 562 025";"2024-09-10 17:38:08"
"2024-09-07";"";"5 340";"54 566";"27 563 130";"2024-09-07 05:26:59"
"2024-09-08";"";"161 633";"197 777";"27 562 100";"2024-09-08 13:10:54"
"2024-09-08";"Instagram";"117 937 830";"3 674 958";"27 563 416";"2024-09-08 15:48:47"
"2024-09-05";"";"28 551";"136 322";"27 562 885";"2024-09-05 20:53:28"
"2024-09-04";"Facebook";"104 021";"57 870";"27 562 402";"2024-09-04 14:11:58"
"2024-09-02";"";"133 758";"227 987";"27 562 651";"2024-09-02 20:05:17"
"2024-09-01";"";"5 933 529";"161 898";"27 562 621";"2024-09-01 06:27:54"
"2024-09-04";"";"97 366";"24 161";"27 563 095";"2024-09-04 18:27:15"
"2024-09-04";"Telegram";"99 644 746";"5 221 195";"27 561 485";"2024-09-04 08:41:39"
"2024-09-09";"";"27 287";"2 607";"27 562 981";"2024-09-09 17:14:58"
"2024-09-06";"";"126 337 638";"4 460 005";"27 562 758";"2024-09-06 22:43:36"
"2024-09-05";"";"226 728";"119 214";"27 562 143";"2024-09-05 09:42:39"
"2024-09-09";"YouTube";"130 543 319";"7 341 612";"27 562 458";"2024-09-09 14:11:49"
"2024-09-01";"";"194 473";"15 461";"27 561 557";"2024-09-01 09:54:59"
"2024-09-06";"";"31 064";"19 560";"27 561 924";"2024-09-06 11:44:26"
"2024-09-04";"";"105 439";"8 238";"27 563 211";"2024-09-04 16:37:56"
"2024-09-09";"";"327 506";"60 021";"27 563 238";"2024-09-10 02:47:35"
"2024-09-03";"";"14 721 714";"649 600";"27 561 715";"2024-09-03 13:34:53"
"2024-09-04";"";"191 015";"24 088";"27 563 443";"2024-09-04 18:03:51"
"2024-09-05";"";"69 503 379";"2 701 745";"27 562 656";"2024-09-05 23:44:11"
"2024-09-06";"";"40 115";"5 624";"27 562 071";"2024-09-06 22:19:37"
"2024-09-05";"Yandex";"3 788 331";"67 765";"27 561 172";"2024-09-05 19:16:40"
"2024-09-08";"";"88 808";"12 219";"27 561 689";"2024-09-08 14:47:50"
"2024-09-07";"";"2 520";"152 058";"27 562 473";"2024-09-07 21:18:45"
"2024-09-08";"";"170 273";"8 832";"27 562 712";"2024-09-08 20:05:51"
"2024-09-09";"Yandex";"6 671 910";"2 927 301";"27 562 192";"2024-09-09 06:51:52"
"2024-09-01";"Telegram";"249 662";"21 528";"27 561 249";"2024-09-01 17:50:11"
"2024-09-05";"Unknown";"46 260";"3 591";"27 561 676";"2024-09-05 06:51:18"
"2024-09-07";"";"300 669";"66 902";"27 561 723";"2024-09-07 14:11:15"
"2024-09-05";"Instagram";"38 945 638";"1 087 225";"27 562 810";"2024-09-06 02:23:08"
"2024-09-01";"";"6 321 611";"556 866";"27 563 509";"2024-09-01 08:17:24"
"2024-09-10";"";"747 120";"30 011";"27 563 119";"2024-09-10 14:11:31"
"2024-09-02";"YouTube";"4 431 299";"251 916";"27 562 788";"2024-09-03 02:35:32"
"2024-09-03";"";"87 310";"204 004";"27 562 098";"2024-09-03 05:14:33"
"2024-09-02";"";"204 690";"66 603";"27 561 872";"2024-09-03 00:33:12"
"2024-09-01";"";"29 851";"28 717";"27 562 124";"2024-09-01 11:08:45"
"2024-09-09";"";"27 817";"6 646";"27 561 221";"2024-09-10 02:23:44"
"2024-09-04";"";"7 340";"363 167";"27 563 174";"2024-09-04 22:07:45"
"2024-09-10";"";"4 600 031";"243 436";"27 563 514";"2024-09-10 06:27:14"
"2024-09-05";"";"3 115 466";"63 452";"27 561 989";"2024-09-06 01:58:49"
"2024-09-07";"";"442 760";"69 663";"27 562 708";"2024-09-08 02:23:24"
"2024-09-06";"";"108 154";"70 214";"27 563 494";"2024-09-06 03:48:43"
"2024-09-08";"";"323 584";"97 979";"27 562 634";"2024-09-08 06:03:15"
"2024-09-04";"YouTube";"2 067 545";"89 331";"27 561 219";"2024-09-04 23:56:28"
"2024-09-07";"Facebook";"572 016";"39 871";"27 562 824";"2024-09-07 10:07:58"
"2024-09-05";"YouTube";"712 914";"89 211";"27 562 893";"2024-09-06 00:45:41"
"2024-09-02";"Yandex";"192 818";"27 569";"27 561 279";"2024-09-02 22:07:43"
"2024-09-05";"";"382 002";"159 407";"27 563 143";"2024-09-05 20:29:14"
"2024-09-02";"Yandex";"8 362 336";"969 620";"27 562 105";"2024-09-02 15:36:19"
"2024-09-09";"";"137 619";"110 357";"27 563 050";"2024-09-09 11:56:19"
"2024-09-02";"";"289 322";"19 994";"27 563 184";"2024-09-02 07:16:33"
"2024-09-08";"YouTube";"6 900 617";"364 398";"27 562 105";"2024-09-09 02:35:50"
"2024-09-06";"";"4 575 439";"156 833";"27 561 180";"2024-09-06 03:12:42"
"2024-09-10";"Instagram";"161 631";"30 562";"27 562 687";"2024-09-10 04:13:01"
"2024-09-09";"";"34 539";"9 611";"27 563 084";"2024-09-09 17:50:21"
"2024-09-10";"";"36 641";"3 509";"27 562 034";"2024-09-11 01:10:41"
"2024-09-04";"";"7 919 923";"265 016";"27 562 758";"2024-09-04 06:39:09"
"2024-09-01";"Instagram";"18 346 441";"611 871";"27 563 177";"2024-09-01 19:52:43"
"2024-09-09";"";"1 082 078";"200 111";"27 561 624";"2024-09-09 16:49:41"
"2024-09-09";"";"182 641";"10 727";"27 562 534";"2024-09-09 03:48:13"
"2024-09-09";"YouTube";"204 766";"30 352";"27 562 965";"2024-09-09 17:38:11"
"2024-09-07";"";"365 534";"14 803";"27 561 595";"2024-09-07 12:57:23"
"2024-09-01";"";"26 827";"15 327";"27 561 997";"2024-09-01 13:34:01"
"2024-09-01";"";"542 487";"23 017";"27 563 318";"2024-09-01 19:04:15"
"2024-09-07";"";"258 253";"6 864";"27 561 666";"2024-09-07 16:37:11"
"2024-09-04";"";"18 419";"208 316";"27 562 969";"2024-09-04 10:55:47"
"2024-09-02";"";"329 612";"96 076";"27 561 717";"2024-09-02 03:48:56"
"2024-09-09";"";"175 817";"9 608";"27 562 155";"2024-09-09 04:25:54"
"2024-09-07";"";"1 169 738";"156 216";"27 561 355";"2024-09-07 05:14:59"
"2024-09-06";"Facebook";"276 244";"57 566";"27 561 908";"2024-09-06 21:30:38"
"2024-09-05";"";"37 889";"4 068";"27 561 506";"2024-09-05 08:17:59"
"2024-09-08";"YouTube";"716 115";"58 769";"27 562 296";"2024-09-08 23:44:08"
"2024-09-07";"";"151 751";"275 197";"27 561 293";"2024-09-07 15:48:09"
"2024-09-09";"";"943 668";"104 793";"27 561 273";"2024-09-10 00:21:44"
"2024-09-08";"";"3 173 981";"378 528";"27 561 232";"2024-09-08 08:29:05"
"2024-09-09";"";"80 388";"19 043";"27 562 324";"2024-09-10 02:11:34"
"2024-09-10";"";"550 071";"55 963";"27 561 827";"2024-09-10 13:34:00"
"2024-09-06";"YouTube";"579 897";"481 295";"27 563 041";"2024-09-06 11:32:51"
"2024-09-06";"";"64 080";"4 272";"27 561 375";"2024-09-06 03:12:23"
"2024-09-07";"";"43 816";"2 139";"27 561 477";"2024-09-07 22:55:39"
"2024-09-10";"";"129 650";"63 727";"27 561 883";"2024-09-10 12:57:13"
"2024-09-07";"Facebook";"42 051";"3 925";"27 561 881";"2024-09-07 19:16:39"
"2024-09-05";"";"67 461";"6 680";"27 561 787";"2024-09-05 08:41:21"
"2024-09-03";"";"175 337";"10 652";"27 561 688";"2024-09-03 16:49:59"
"2024-09-04";"";"1 943 067";"84 712";"27 561 802";"2024-09-04 22:19:57"
"2024-09-06";"Telegram";"1 711 553";"146 021";"27 562 648";"2024-09-07 01:34:35"
"2024-09-06";"";"1 184 367";"328 051";"27 562 293";"2024-09-06 13:58:04"
"2024-09-06";"YouTube";"73 490 845";"5 300 653";"27 562 320";"2024-09-06 05:38:54"
"2024-09-07";"";"322 058";"34 537";"27 562 878";"2024-09-07 06:15:25"
"2024-09-02";"Telegram";"3 459 100";"641 431";"27 562 125";"2024-09-02 14:11:25"
"2024-09-01";"";"23 343 946";"410 796";"27 563 211";"2024-09-02 01:22:07"
"2024-09-10";"Telegram";"307 918 276";"17 191 641";"27 563 184";"2024-09-10 16:37:59"
"2024-09-01";"";"18 712";"52 624";"27 562 419";"2024-09-01 11:56:53"
"2024-09-10";"";"9 196";"37 519";"27 562 571";"2024-09-10 14:35:47"
"2024-09-09";"";"2 405 036";"116 151";"27 563 273";"2024-09-09 14:47:11"
"2024-09-03";"";"804 336";"31 537";"27 561 307";"2024-09-03 04:13:18"
"2024-09-07";"YouTube";"1 765 496";"132 415";"27 562 224";"2024-09-07 18:51:19"
"2024-09-02";"";"80 018";"6 966";"27 563 393";"2024-09-02 11:44:29"
"2024-09-04";"";"93 909";"37 069";"27 562 560";"2024-09-04 13:58:49"
"2024-09-03";"Facebook";"62 722";"35 111";"27 561 524";"2024-09-03 12:33:18"
"2024-09-07";"";"36 575";"9 848";"27 561 466";"2024-09-07 10:43:44"
"2024-09-01";"Facebook";"32 125 545";"1 062 106";"27 563 082";"2024-09-01 22:31:16"
"2024-09-02";"";"9 367 516";"217 054";"27 563 000";"2024-09-02 05:50:25"
"2024-09-10";"Instagram";"345 002 861";"7 927 415";"27 562 112";"2024-09-10 07:16:42"
"2024-09-01";"";"399 960";"23 723";"27 562 405";"2024-09-01 14:23:36"
"2024-09-05";"Facebook";"1 281 096";"686 592";"27 561 293";"2024-09-05 03:48:56"
"2024-09-09";"";"554 205";"298 905";"27 563 174";"2024-09-09 09:30:11"
"2024-09-02";"";"70 099";"13 646";"27 563 409";"2024-09-02 12:45:57"
"2024-09-05";"";"196 501";"11 300";"27 561 892";"2024-09-05 12:21:38"
"2024-09-02";"";"111 331";"7 997";"27 563 514";"2024-09-02 03:48:53"
"2024-09-01";"";"180 962";"143 455";"27 563 168";"2024-09-01 12:57:04"
"2024-09-02";"YouTube";"90 080 146";"7 099 692";"27 562 431";"2024-09-03 01:58:38"
"2024-09-03";"Facebook";"244 016";"71 292";"27 563 489";"2024-09-03 23:08:33"
"2024-09-02";"";"948 011 961";"76 264 200";"27 563 273";"2024-09-02 12:21:41"
"2024-09-08";"";"26 103";"9 432";"27 561 860";"2024-09-08 18:15:55"
"2024-09-03";"";"146 179";"38 177";"27 561 373";"2024-09-03 15:36:43"
"2024-09-10";"YouTube";"17 771";"131 506";"27 563 438";"2024-09-11 00:57:52"
"2024-09-07";"";"101 873";"326 268";"27 562 558";"2024-09-07 08:41:21"
"2024-09-03";"";"366 884";"15 645";"27 561 890";"2024-09-03 20:29:45"
"2024-09-03";"Facebook";"377 442";"29 276";"27 563 177";"2024-09-03 17:38:47"
"2024-09-08";"";"728 100";"29 569";"27 562 445";"2024-09-08 16:49:16"
"2024-09-07";"YouTube";"3 875 109";"287 049";"27 561 464";"2024-09-07 09:18:41"
"2024-09-03";"";"6 701 167";"891 716";"27 562 998";"2024-09-03 06:03:28"
"2024-09-01";"";"247 416 227";"38 898 845";"27 561 339";"2024-09-01 19:52:10"
"2024-09-04";"";"13 092 950";"715 050";"27 562 961";"2024-09-04 11:20:20"
"2024-09-07";"";"21 908";"29 050";"27 562 630";"2024-09-07 09:18:29"
"2024-09-02";"";"310 398";"71 469";"27 561 722";"2024-09-02 06:27:38"
"2024-09-06";"";"109 438";"16 029";"27 562 932";"2024-09-06 22:07:54"
"2024-09-02";"Yandex";"1 320 559";"277 263";"27 562 993";"2024-09-03 01:22:18"
"2024-09-10";"";"93 227";"6 488";"27 563 488";"2024-09-10 22:55:37"
"2024-09-08";"";"75 402";"17 345";"27 562 495";"2024-09-08 14:47:27"
"2024-09-05";"";"3 974 673";"154 391";"27 562 689";"2024-09-05 11:44:10"
"2024-09-09";"";"978 620";"130 560";"27 562 143";"2024-09-09 23:20:51"
"2024-09-04";"";"38 431";"119 032";"27 561 302";"2024-09-05 02:23:14"
"2024-09-07";"";"2 636 146";"909 830";"27 563 144";"2024-09-07 03:36:59"
"2024-09-04";"Yandex";"56 125";"94 152";"27 562 752";"2024-09-04 16:37:02"
"2024-09-03";"Facebook";"9 942 023";"391 054";"27 561 171";"2024-09-04 00:57:10"
"2024-09-09";"Telegram";"157 112";"16 373";"27 562 152";"2024-09-09 16:25:54"
"2024-09-10";"";"30 567";"3 522";"27 561 845";"2024-09-10 12:09:40"
"2024-09-06";"Unknown";"330 518";"45 770";"27 562 473";"2024-09-06 19:28:42"
"2024-09-01";"Instagram";"26 552 718";"1 032 540";"27 562 022";"2024-09-01 21:18:32"
"2024-09-07";"";"29 214";"2 808";"27 561 224";"2024-09-07 09:42:20"
"2024-09-04";"";"53 917";"2 654";"27 562 720";"2024-09-04 06:51:25"
"2024-09-10";"YouTube";"12 791 870";"589 434";"27 562 069";"2024-09-10 11:44:13"
"2024-09-10";"Telegram";"34 727 199";"2 082 128";"27 561 999";"2024-09-11 02:47:53"
"2024-09-07";"YouTube";"130 618";"1 390 409";"27 561 564";"2024-09-07 06:27:30"
"2024-09-08";"YouTube";"357 024";"40 911";"27 562 511";"2024-09-08 18:15:19"
"2024-09-02";"";"133 796";"4 702";"27 563 017";"2024-09-02 21:18:04"
"2024-09-06";"YouTube";"39 343";"5 683";"27 562 692";"2024-09-06 05:26:30"
"2024-09-01";"Instagram";"7 877 058";"268 726";"27 561 545";"2024-09-01 19:04:37"
"2024-09-08";"";"39 253";"60 795";"27 561 836";"2024-09-08 19:28:40"
"2024-09-10";"";"423 847";"38 709";"27 562 609";"2024-09-10 07:16:05"
"2024-09-06";"";"58 581";"1 906";"27 563 333";"2024-09-06 10:07:04"
"2024-09-09";"";"67 908";"12 590";"27 562 656";"2024-09-09 05:38:24"
"2024-09-06";"";"31 373";"2 379";"27 562 595";"2024-09-06 11:32:37"
"2024-09-07";"Likee";"17 583 515";"1 029 482";"27 562 900";"2024-09-07 16:37:09"
"2024-09-07";"Apple Music";"126 727";"30 617";"27 562 418";"2024-09-07 03:24:13"
"2024-09-08";"";"84 976";"262 604";"27 562 143";"2024-09-08 15:00:55"
"2024-09-09";"YouTube";"991 043";"64 026";"27 563 107";"2024-09-09 08:29:50"
"2024-09-07";"YouTube";"273 802 429";"13 152 767";"27 562 971";"2024-09-07 15:36:51"
"2024-09-04";"";"35 060";"14 723";"27 562 215";"2024-09-04 10:43:17"
"2024-09-07";"";"300 563";"259 444";"27 562 620";"2024-09-07 18:27:20"
"2024-09-07";"";"60 384";"177 120";"27 561 596";"2024-09-07 03:24:35"
"2024-09-08";"";"252 401";"42 177";"27 562 397";"2024-09-08 05:38:05"
"2024-09-02";"";"1 265 126";"60 629 081";"27 563 361";"2024-09-02 10:07:42"
"2024-09-05";"";"928 569";"80 136";"27 562 172";"2024-09-05 12:45:07"
"2024-09-03";"Facebook";"241 124";"59 277";"27 562 545";"2024-09-03 20:41:04"
"2024-09-02";"";"33 987";"6 829";"27 562 254";"2024-09-02 19:16:48"
"2024-09-02";"";"124 141";"20 991";"27 561 851";"2024-09-02 07:52:11"
"2024-09-09";"";"27 102";"10 926";"27 562 505";"2024-09-09 15:48:20"
"2024-09-06";"";"2 896 154";"277 908";"27 562 512";"2024-09-06 17:02:00"
"2024-09-04";"";"55 091";"2 870";"27 563 268";"2024-09-04 04:01:39"
"2024-09-07";"YouTube";"142 985";"58 053";"27 561 250";"2024-09-07 17:38:30"
"2024-09-06";"";"728 310";"233 617";"27 561 381";"2024-09-06 10:07:19"
"2024-09-09";"VKontakte";"72 069";"3 600";"27 561 462";"2024-09-10 00:09:36"
"2024-09-05";"";"369 409";"74 284";"27 562 287";"2024-09-05 08:53:56"
"2024-09-06";"";"71 504";"13 757";"27 562 067";"2024-09-06 16:01:12"
"2024-09-06";"YouTube";"518 306";"160 581";"27 561 396";"2024-09-07 02:47:08"
"2024-09-03";"";"532 065";"71 722";"27 562 497";"2024-09-03 22:07:37"
"2024-09-04";"Instagram";"233 755";"59 650";"27 561 320";"2024-09-04 08:05:54"
"2024-09-04";"";"48 354";"36 263";"27 561 929";"2024-09-04 20:17:06"
"2024-09-08";"";"23 787";"38 878";"27 563 250";"2024-09-08 04:25:26"
"2024-09-06";"";"80 634";"8 604";"27 561 199";"2024-09-06 09:18:52"
"2024-09-07";"";"88 495";"23 282";"27 561 555";"2024-09-07 12:57:37"
"2024-09-01";"";"48 573";"4 082";"27 562 957";"2024-09-02 02:35:46"
"2024-09-08";"YouTube";"10 997 822";"651 339";"27 562 240";"2024-09-08 20:41:31"
"2024-09-07";"";"30 073";"18 550";"27 562 899";"2024-09-08 02:23:06"
"2024-09-10";"";"29 522";"8 317";"27 562 150";"2024-09-10 18:39:18"
"2024-09-08";"";"99 395";"14 004";"27 562 733";"2024-09-09 02:59:53"
"2024-09-05";"";"4 537 751";"182 161";"27 563 008";"2024-09-05 03:12:39"
"2024-09-02";"";"176 198";"13 935";"27 563 047";"2024-09-02 08:53:41"
"2024-09-02";"Instagram";"28 109 246";"698 372";"27 563 113";"2024-09-02 13:58:16"
"2024-09-10";"";"298 378";"108 304";"27 563 453";"2024-09-10 05:02:46"
"2024-09-01";"";"61 678";"2 526";"27 562 156";"2024-09-01 07:04:42"
"2024-09-08";"";"141 972";"6 730";"27 563 334";"2024-09-09 01:22:47"
"2024-09-02";"";"78 841";"8 425";"27 563 134";"2024-09-02 05:26:32"
"2024-09-01";"Telegram";"3 055 862";"164 720";"27 562 885";"2024-09-02 01:22:45"
"2024-09-10";"";"168 217";"22 523";"27 562 156";"2024-09-10 15:00:47"
"2024-09-09";"YouTube";"102 924";"13 595";"27 563 225";"2024-09-10 02:59:25"
"2024-09-04";"";"107 182";"3 221";"27 562 965";"2024-09-04 06:03:24"
"2024-09-01";"";"8 583 847";"661 194";"27 561 867";"2024-09-01 04:01:50"
"2024-09-05";"";"1 819 562";"133 788";"27 562 732";"2024-09-05 17:50:33"
"2024-09-02";"";"28 384";"17 313";"27 561 176";"2024-09-02 04:37:36"
"2024-09-05";"";"3 050 272";"88 922";"27 563 411";"2024-09-05 21:54:11"
"2024-09-01";"";"19 774";"85 947";"27 562 036";"2024-09-01 04:01:37"
"2024-09-06";"";"91 969";"69 001";"27 561 279";"2024-09-06 05:50:49"
"2024-09-06";"";"8 337 857";"241 881";"27 562 366";"2024-09-06 05:38:57"
"2024-09-10";"";"88 785";"5 760";"27 562 534";"2024-09-10 12:45:45"
"2024-09-06";"";"2 697 143";"386 019";"27 562 698";"2024-09-06 05:02:51"
"2024-09-02";"";"3 964 285";"942 067";"27 561 649";"2024-09-02 11:32:43"
"2024-09-01";"";"24 700";"28 756";"27 562 686";"2024-09-01 11:56:54"
"2024-09-03";"YouTube";"101 743";"13 885";"27 562 257";"2024-09-03 23:08:16"
"2024-09-08";"Yandex";"365 370";"25 225";"27 563 514";"2024-09-08 22:55:05"
"2024-09-05";"Instagram";"163 678 092";"20 084 067";"27 561 539";"2024-09-05 18:39:01"
"2024-09-10";"";"27 598";"6 923";"27 562 711";"2024-09-10 12:21:45"
"2024-09-02";"Yandex";"539 527";"38 369";"27 563 388";"2024-09-02 03:36:18"
"2024-09-07";"";"133 692";"14 369";"27 561 882";"2024-09-07 08:41:40"
"2024-09-02";"";"90 444 647";"2 160 233";"27 563 153";"2024-09-02 19:40:08"
"2024-09-08";"";"38 026";"2 972";"27 563 099";"2024-09-08 09:18:49"
"2024-09-07";"Telegram";"24 306 810";"1 179 827";"27 561 674";"2024-09-07 08:17:46"
"2024-09-07";"Facebook";"226 864";"19 098";"27 561 172";"2024-09-07 13:22:59"
"2024-09-10";"";"215 270";"113 775";"27 562 075";"2024-09-10 08:05:50"
"2024-09-08";"";"93 455";"6 374";"27 563 148";"2024-09-08 16:49:38"
"2024-09-10";"Instagram";"185 569 303";"5 770 692";"27 562 487";"2024-09-10 22:55:59"
"2024-09-05";"";"33 200";"3 390";"27 561 902";"2024-09-05 17:50:05"
"2024-09-08";"";"32 529";"16 280";"27 563 363";"2024-09-08 20:29:08"
"2024-09-09";"";"60 261";"11 394";"27 563 254";"2024-09-09 18:15:56"
"2024-09-04";"";"366 385";"12 043";"27 563 014";"2024-09-04 23:08:04"
"2024-09-08";"";"267 895";"449 729";"27 561 185";"2024-09-08 03:24:36"
"2024-09-04";"Facebook";"64 998";"47 313";"27 561 186";"2024-09-04 18:51:43"
"2024-09-06";"";"56 633";"166 214";"27 563 264";"2024-09-06 10:07:08"
"2024-09-01";"Instagram";"8 896 824";"6 493 701";"27 561 815";"2024-09-02 00:45:05"
"2024-09-07";"";"15 574 473";"623 565";"27 561 433";"2024-09-07 09:18:40"
"2024-09-04";"Facebook";"100 283";"12 767";"27 562 455";"2024-09-04 13:10:50"
"2024-09-10";"";"95 551";"350 955";"27 562 703";"2024-09-10 13:46:25"
"2024-09-10";"Instagram";"78 697 128";"2 916 648";"27 563 147";"2024-09-10 03:36:17"
"2024-09-10";"";"58 967";"4 069";"27 561 249";"2024-09-10 15:36:30"
"2024-09-04";"Facebook";"54 929";"86 893";"27 561 173";"2024-09-04 09:42:38"
"2024-09-10";"";"188 648";"29 170";"27 563 156";"2024-09-10 21:18:18"
"2024-09-10";"Facebook";"7 061 326";"146 563";"27 563 418";"2024-09-10 20:29:18"
"2024-09-07";"";"28 912";"2 990";"27 562 265";"2024-09-07 09:42:19"
"2024-09-02";"";"877 085";"142 994";"27 562 243";"2024-09-02 10:19:00"
"2024-09-03";"YouTube";"208 287";"61 665";"27 561 557";"2024-09-03 03:12:59"
"2024-09-04";"";"75 126";"6 323";"27 562 842";"2024-09-04 20:29:34"
"2024-09-08";"";"237 952";"91 740";"27 562 063";"2024-09-08 07:52:56"
"2024-09-04";"";"8 140";"38 633";"27 562 007";"2024-09-05 00:33:47"
"2024-09-05";"";"25 920";"27 283";"27 562 889";"2024-09-05 22:43:52"
"2024-09-08";"Instagram";"160 810";"33 426";"27 562 139";"2024-09-08 07:16:22"
"2024-09-08";"";"700 489";"311 194";"27 563 469";"2024-09-08 14:23:36"
"2024-09-08";"";"6 244 561";"311 353";"27 562 006";"2024-09-08 05:14:39"
"2024-09-03";"Telegram";"61 660 046";"3 595 252";"27 561 511";"2024-09-03 21:18:52"
"2024-09-07";"";"91 828";"101 168";"27 563 005";"2024-09-07 15:36:09"
"2024-09-09";"";"34 131";"2 330";"27 562 847";"2024-09-09 08:41:04"
"2024-09-06";"";"1 920 756";"155 708";"27 563 095";"2024-09-06 11:44:04"
"2024-09-03";"Facebook";"90 048";"7 632";"27 563 410";"2024-09-03 03:00:16"
"2024-09-06";"";"263 602";"15 440";"27 563 336";"2024-09-06 21:42:30"
"2024-09-10";"";"7 175";"43 811";"27 563 106";"2024-09-10 13:46:29"
"2024-09-01";"";"112 138";"33 398";"27 562 971";"2024-09-01 03:36:15"
"2024-09-02";"";"770 088";"160 633";"27 562 069";"2024-09-02 04:01:07"
"2024-09-06";"";"30 881";"3 071";"27 562 962";"2024-09-06 19:52:39"
"2024-09-01";"";"214 848";"61 861";"27 561 908";"2024-09-01 16:49:07"
"2024-09-10";"";"1 182 609";"209 111";"27 563 207";"2024-09-10 11:20:57"
"2024-09-09";"";"27 615";"11 928";"27 561 649";"2024-09-09 18:03:35"
"2024-09-10";"Telegram";"8 169 173";"742 570";"27 561 734";"2024-09-10 18:03:17"
"2024-09-03";"";"43 909";"11 236";"27 563 128";"2024-09-03 20:05:11"
"2024-09-07";"";"3 799 037";"226 790";"27 561 298";"2024-09-07 22:07:58"
"2024-09-04";"";"370 240";"44 860";"27 563 507";"2024-09-04 23:20:11"
"2024-09-07";"";"25 674";"12 877";"27 561 597";"2024-09-07 10:31:25"
"2024-09-10";"";"73 993";"294 951";"27 562 451";"2024-09-10 19:04:29"
"2024-09-10";"";"656 901";"236 144";"27 562 575";"2024-09-10 08:05:50"
"2024-09-01";"";"29 807";"1 991";"27 562 029";"2024-09-02 01:58:17"
"2024-09-04";"Instagram";"238 554 866";"6 844 380";"27 562 371";"2024-09-04 17:26:52"
"2024-09-06";"";"67 536";"14 679";"27 562 097";"2024-09-06 18:15:42"
"2024-09-09";"";"217 290";"39 162";"27 563 491";"2024-09-09 15:12:44"
"2024-09-09";"YouTube";"23 644 263";"1 439 734";"27 561 570";"2024-09-09 16:37:39"
"2024-09-04";"";"39 335";"20 555";"27 561 741";"2024-09-04 13:10:58"
"2024-09-02";"";"165 299";"19 659";"27 563 295";"2024-09-02 17:38:49"
"2024-09-07";"Telegram";"163 852";"17 804";"27 561 743";"2024-09-07 03:36:16"
"2024-09-10";"";"659 059";"33 436";"27 561 940";"2024-09-11 02:35:24"
"2024-09-05";"";"26 275";"19 199";"27 563 238";"2024-09-05 21:54:34"
"2024-09-05";"Likee";"4 670 630";"247 292";"27 562 326";"2024-09-05 13:22:39"
"2024-09-03";"Telegram";"14 515 012";"2 009 842";"27 563 203";"2024-09-03 17:14:08"
"2024-09-06";"YouTube";"2 748 881";"770 371";"27 561 607";"2024-09-06 15:12:32"
"2024-09-08";"YouTube";"1 371 447";"64 858";"27 562 965";"2024-09-08 04:25:23"
"2024-09-07";"";"451 842";"129 457";"27 562 291";"2024-09-07 22:19:52"
"2024-09-02";"YouTube";"2 265 883";"4 757 988";"27 562 418";"2024-09-02 10:31:38"
"2024-09-08";"";"5 561 351";"250 309";"27 563 491";"2024-09-08 15:00:36"
"2024-09-08";"";"55 227";"15 159";"27 562 100";"2024-09-08 21:06:43"
"2024-09-06";"";"168 584";"34 379";"27 561 217";"2024-09-06 22:43:49"
"2024-09-09";"";"27 284";"72 957";"27 561 978";"2024-09-09 20:41:42"
"2024-09-07";"";"57 928";"39 492";"27 561 776";"2024-09-07 07:40:14"
"2024-09-05";"";"46 124";"39 076";"27 561 221";"2024-09-05 03:00:12"
"2024-09-03";"WhatsApp";"1 047 523";"13 567 189";"27 562 740";"2024-09-03 11:32:47"
"2024-09-10";"Tas-ix";"1 303 394";"29 065";"27 563 097";"2024-09-10 06:39:04"
"2024-09-06";"YouTube";"346 376";"79 466";"27 561 662";"2024-09-06 13:22:58"
"2024-09-02";"YouTube";"179 400";"9 320";"27 562 101";"2024-09-02 11:20:27"
"2024-09-07";"YouTube";"428 001";"2 544 361";"27 562 197";"2024-09-07 13:22:23"
"2024-09-09";"";"199 885";"137 562";"27 562 840";"2024-09-09 10:07:14"
"2024-09-10";"";"232 856";"21 312";"27 562 445";"2024-09-10 11:08:21"
"2024-09-03";"Telegram";"65 037 907";"3 484 503";"27 561 179";"2024-09-03 13:10:24"
"2024-09-01";"";"33 337";"3 178";"27 561 744";"2024-09-01 14:35:05"
"2024-09-05";"Yandex";"47 847 507";"6 370 994";"27 562 732";"2024-09-05 08:41:25"
"2024-09-08";"";"103 632";"8 139";"27 562 973";"2024-09-08 06:51:37"
"2024-09-01";"YouTube";"138 935";"845 854";"27 561 542";"2024-09-02 00:09:07"
"2024-09-06";"Facebook";"112 557";"57 328";"27 563 395";"2024-09-06 16:25:18"
"2024-09-08";"";"49 230";"10 429";"27 563 101";"2024-09-08 22:19:56"
"2024-09-09";"";"42 304";"2 784";"27 562 982";"2024-09-09 19:28:30"
"2024-09-09";"";"32 482";"86 467";"27 561 801";"2024-09-09 08:29:49"
"2024-09-10";"Instagram";"1 195 197";"70 024";"27 562 733";"2024-09-10 16:01:52"
"2024-09-09";"Instagram";"8 485 328";"7 302 277";"27 562 239";"2024-09-10 00:45:16"
"2024-09-03";"Yandex";"234 430";"364 374";"27 563 152";"2024-09-03 07:04:48"
"2024-09-03";"Yandex Video";"1 978 595";"49 201";"27 563 467";"2024-09-03 15:36:57"
"2024-09-05";"";"89 481";"13 763";"27 563 432";"2024-09-05 23:44:12"
"2024-09-07";"Facebook";"103 512";"57 634";"27 562 072";"2024-09-07 13:46:51"
"2024-09-04";"";"139 851";"28 779";"27 561 936";"2024-09-04 09:30:06"
"2024-09-09";"";"363 911";"78 681";"27 562 615";"2024-09-09 11:32:45"
"2024-09-03";"";"395 936";"58 096";"27 562 859";"2024-09-03 03:12:40"
"2024-09-02";"WhatsApp";"42 083";"20 557";"27 561 879";"2024-09-02 03:00:26"
"2024-09-10";"Telegram";"249 345 553";"20 180 216";"27 561 335";"2024-09-10 12:09:57"
"2024-09-08";"Instagram";"77 790 449";"1 720 860";"27 561 881";"2024-09-08 08:29:53"
"2024-09-05";"Unknown";"100 674";"22 802";"27 561 224";"2024-09-05 23:56:34"
"2024-09-02";"";"134 875";"3 681";"27 562 000";"2024-09-02 07:16:05"
"2024-09-02";"";"43 608";"2 536";"27 562 829";"2024-09-02 19:04:41"
"2024-09-02";"Telegram";"6 700 603";"724 158";"27 562 066";"2024-09-02 04:01:27"
"2024-09-02";"";"57 716";"86 921";"27 561 564";"2024-09-02 16:37:06"
"2024-09-08";"";"239 001";"39 792";"27 563 404";"2024-09-08 12:33:27"
"2024-09-09";"";"76 282";"8 108";"27 563 467";"2024-09-09 09:30:03"
"2024-09-07";"Telegram";"281 750 893";"14 935 817";"27 562 957";"2024-09-07 09:30:47"
"2024-09-05";"";"64 448";"20 828";"27 562 083";"2024-09-05 07:16:12"
"2024-09-10";"";"404 317";"20 957";"27 563 000";"2024-09-10 21:54:52"
"2024-09-07";"YouTube";"107 157";"33 052";"27 563 258";"2024-09-07 04:49:22"
"2024-09-07";"";"52 525";"16 318";"27 563 198";"2024-09-07 14:23:28"
"2024-09-06";"";"170 284";"28 776";"27 561 529";"2024-09-06 07:40:10"
"2024-09-03";"";"8 792";"30 545";"27 563 278";"2024-09-03 04:37:33"
"2024-09-04";"Facebook";"94 494";"35 021";"27 562 822";"2024-09-04 14:35:35"
"2024-09-01";"";"13 675 057";"483 458";"27 561 697";"2024-09-01 06:15:45"
"2024-09-02";"";"428 328";"168 723";"27 562 317";"2024-09-02 06:51:30"
"2024-09-03";"";"32 253";"7 221";"27 561 707";"2024-09-03 21:54:34"
"2024-09-02";"";"1 060 667";"295 582";"27 561 706";"2024-09-02 12:09:02"
"2024-09-01";"";"8 976 042";"454 946";"27 563 391";"2024-09-01 23:08:49"
"2024-09-04";"";"27 885";"2 217";"27 562 965";"2024-09-04 09:42:01"
"2024-09-02";"YouTube";"2 100 579";"784 972";"27 562 462";"2024-09-02 10:31:55"
"2024-09-06";"";"34 385";"2 849";"27 562 314";"2024-09-06 13:34:12"
"2024-09-02";"Telegram";"11 211 660";"818 808";"27 563 437";"2024-09-02 15:48:04"
"2024-09-09";"";"33 024";"2 131";"27 563 100";"2024-09-09 22:55:51"
"2024-09-10";"";"70 680";"9 129";"27 562 238";"2024-09-10 12:09:18"
"2024-09-05";"";"82 539";"110 465";"27 562 561";"2024-09-05 23:44:10"
"2024-09-09";"YouTube";"38 229";"14 618";"27 561 172";"2024-09-10 02:47:48"
"2024-09-08";"";"88 052";"6 704";"27 563 156";"2024-09-08 07:16:47"
"2024-09-02";"Telegram";"206 344";"32 691";"27 562 254";"2024-09-02 22:55:50"
"2024-09-01";"YouTube";"103 020 176";"7 358 502";"27 562 360";"2024-09-01 17:38:26"
"2024-09-09";"Telegram";"46 589 444";"5 397 571";"27 562 355";"2024-09-09 18:15:30"
"2024-09-07";"";"132 761";"13 862";"27 562 942";"2024-09-07 10:43:26"
"2024-09-08";"Facebook";"210 869";"71 429";"27 562 413";"2024-09-08 13:58:02"
"2024-09-01";"";"130 383";"40 392";"27 562 414";"2024-09-01 18:15:27"
"2024-09-09";"Telegram";"26 849 992";"1 887 490";"27 562 884";"2024-09-09 05:02:34"
"2024-09-07";"";"754 493";"32 607";"27 562 069";"2024-09-07 23:20:11"
"2024-09-10";"YouTube";"336 835";"22 163";"27 563 488";"2024-09-10 09:18:49"
"2024-09-08";"YouTube";"737 175";"328 224";"27 562 474";"2024-09-08 18:39:33"
"2024-09-01";"";"32 431";"8 511";"27 561 778";"2024-09-02 01:22:49"
"2024-09-05";"";"596 585";"40 218";"27 561 758";"2024-09-05 14:23:08"
"2024-09-07";"YouTube";"3 812 575";"209 722";"27 561 300";"2024-09-07 20:17:22"
"2024-09-08";"";"4 232 092";"195 818";"27 562 809";"2024-09-08 09:30:59"
"2024-09-06";"Telegram";"11 454 472";"740 143";"27 561 676";"2024-09-07 02:35:26"
"2024-09-06";"Instagram";"910 559";"223 643";"27 562 489";"2024-09-06 13:22:02"
"2024-09-06";"";"76 034";"10 463";"27 562 572";"2024-09-06 04:37:24"
"2024-09-02";"";"32 568 977";"1 898 119";"27 563 358";"2024-09-02 03:36:30"
"2024-09-07";"";"91 355";"11 621";"27 561 689";"2024-09-07 19:16:09"
"2024-09-01";"";"64 840";"341 641";"27 562 293";"2024-09-01 20:41:44"
"2024-09-03";"Yandex";"4 974 737";"195 908";"27 562 775";"2024-09-03 16:25:46"
"2024-09-03";"YouTube";"933 935";"43 438";"27 562 965";"2024-09-04 00:33:53"
"2024-09-02";"";"25 899";"5 030";"27 561 516";"2024-09-02 20:29:09"
"2024-09-09";"YouTube";"4 188 096";"1 541 332";"27 562 984";"2024-09-09 07:28:54"
"2024-09-05";"Telegram";"878 303";"97 395";"27 562 464";"2024-09-05 05:38:36"
"2024-09-03";"Facebook";"29 549";"2 861";"27 563 283";"2024-09-03 13:10:24"
"2024-09-03";"";"22 711";"59 400";"27 562 709";"2024-09-03 10:31:41"
"2024-09-01";"";"471 323";"37 194";"27 561 453";"2024-09-01 08:17:45"
"2024-09-02";"";"24 455";"51 288";"27 562 895";"2024-09-03 02:23:37"
"2024-09-06";"Facebook";"2 896 242";"58 584";"27 562 699";"2024-09-06 21:06:28"
"2024-09-06";"Yandex";"9 482 397";"564 582";"27 561 610";"2024-09-06 06:39:29"
"2024-09-07";"";"30 586";"2 590";"27 561 760";"2024-09-07 11:56:31"
"2024-09-09";"";"5 411";"38 146";"27 561 245";"2024-09-10 00:57:15"
"2024-09-09";"";"16 970";"32 866";"27 563 514";"2024-09-09 15:36:18"
"2024-09-05";"";"91 343";"34 299";"27 563 463";"2024-09-05 05:02:56"
"2024-09-09";"WhatsApp";"27 550";"2 163";"27 561 543";"2024-09-09 04:13:57"
"2024-09-07";"YouTube";"169 656";"17 351";"27 562 438";"2024-09-08 02:47:10"
"2024-09-04";"YouTube";"1 189 708";"293 779";"27 561 514";"2024-09-05 02:47:14"
"2024-09-05";"";"185 519";"13 808";"27 563 261";"2024-09-05 10:07:13"
"2024-09-08";"Yandex";"542 656";"287 728";"27 561 331";"2024-09-08 11:44:23"
"2024-09-10";"YouTube";"34 767 532";"1 825 155";"27 562 636";"2024-09-10 10:07:46"
"2024-09-05";"Instagram";"34 787 152";"1 259 465";"27 562 293";"2024-09-05 12:57:46"
"2024-09-09";"";"30 781";"41 713";"27 562 467";"2024-09-09 17:14:04"
"2024-09-05";"";"1 196 250";"934 368";"27 562 007";"2024-09-05 21:18:06"
"2024-09-03";"Facebook";"73 705";"6 018";"27 563 403";"2024-09-03 22:43:17"
"2024-09-04";"YouTube";"917 620";"152 211";"27 561 548";"2024-09-04 10:31:18"
"2024-09-07";"";"532 427";"39 471";"27 562 156";"2024-09-07 05:38:18"
"2024-09-03";"";"181 556";"24 437";"27 561 432";"2024-09-03 04:13:19"
"2024-09-09";"";"59 769";"8 345";"27 562 006";"2024-09-09 05:14:21"
"2024-09-03";"";"32 333";"18 214";"27 563 333";"2024-09-03 06:27:25"
"2024-09-05";"";"49 635";"7 611";"27 561 767";"2024-09-05 09:06:32"
"2024-09-04";"Tas-ix";"1 459 060";"92 624";"27 561 552";"2024-09-04 15:24:36"
"2024-09-08";"";"60 944";"3 867";"27 561 571";"2024-09-08 14:11:48"
"2024-09-08";"YouTube";"341 874";"44 957";"27 561 722";"2024-09-09 02:11:28"
"2024-09-02";"YouTube";"1 735 819";"663 607";"27 561 392";"2024-09-02 05:26:54"
"2024-09-05";"";"2 225 405";"57 588";"27 563 264";"2024-09-05 20:53:29"
"2024-09-09";"Instagram";"11 170 903";"8 077 642";"27 563 503";"2024-09-09 20:05:05"
"2024-09-02";"YouTube";"61 157";"19 246";"27 563 462";"2024-09-02 06:03:24"
"2024-09-04";"";"64 987";"4 940";"27 562 984";"2024-09-04 18:27:39"
"2024-09-06";"";"49 567";"1 008 156";"27 562 317";"2024-09-06 22:43:17"
"2024-09-07";"WhatsApp";"4 572 158";"11 049 480";"27 563 216";"2024-09-07 17:38:36"
"2024-09-02";"VKontakte";"6 200 762";"343 814";"27 563 424";"2024-09-02 19:16:45"
"2024-09-07";"";"324 595";"8 372";"27 562 615";"2024-09-07 18:27:29"
"2024-09-03";"";"161 022";"153 728";"27 563 014";"2024-09-03 17:50:27"
"2024-09-10";"";"185 747";"12 987";"27 562 815";"2024-09-10 17:14:07"
"2024-09-02";"";"47 614";"95 448";"27 563 087";"2024-09-03 01:22:50"
"2024-09-05";"";"36 591";"23 807";"27 561 384";"2024-09-05 17:38:03"
"2024-09-07";"Facebook";"93 530";"59 727";"27 562 293";"2024-09-07 20:17:32"
"2024-09-03";"";"60 262";"8 948";"27 562 678";"2024-09-03 21:30:32"
"2024-09-02";"";"9 770 269";"467 664";"27 561 279";"2024-09-02 16:13:19"
"2024-09-02";"";"57 636";"6 675";"27 562 609";"2024-09-02 18:51:43"
"2024-09-03";"YouTube";"405 885";"25 104";"27 563 285";"2024-09-04 00:09:49"
"2024-09-06";"";"461 190";"46 708";"27 561 315";"2024-09-06 13:58:38"
"2024-09-03";"YouTube";"59 209";"8 809";"27 561 556";"2024-09-03 05:38:20"
"2024-09-10";"";"1 047 830";"66 631";"27 562 553";"2024-09-11 00:21:44"
"2024-09-07";"YouTube";"14 748 614";"746 392";"27 561 424";"2024-09-07 09:06:30"
"2024-09-08";"";"221 135";"47 879";"27 561 171";"2024-09-09 01:34:50"
"2024-09-02";"YouTube";"1 281 571";"635 639";"27 561 605";"2024-09-02 21:30:32"
"2024-09-05";"WhatsApp";"23 628";"25 670";"27 561 417";"2024-09-05 05:38:12"
"2024-09-04";"";"16 004";"29 151";"27 563 335";"2024-09-04 14:35:31"
"2024-09-01";"";"32 250 092";"1 818 342";"27 562 735";"2024-09-01 05:14:04"
"2024-09-05";"";"1 277 832";"144 736";"27 561 836";"2024-09-05 19:28:05"
"2024-09-08";"";"563 584";"24 458";"27 561 222";"2024-09-08 21:42:00"
"2024-09-01";"";"847 859";"108 510";"27 562 358";"2024-09-01 20:29:23"
"2024-09-04";"YouTube";"222 758";"1 071 016";"27 563 168";"2024-09-04 09:54:37"
"2024-09-02";"";"159 850";"226 090";"27 561 811";"2024-09-02 23:20:19"
"2024-09-02";"";"34 918";"10 069";"27 562 663";"2024-09-02 14:47:29"
"2024-09-07";"";"3 720 248";"154 951";"27 562 635";"2024-09-07 18:39:51"
"2024-09-03";"WhatsApp";"1 750 371";"77 348";"27 561 982";"2024-09-04 02:59:37"
"2024-09-03";"YouTube";"1 184 269";"894 501";"27 561 240";"2024-09-03 13:10:27"
"2024-09-02";"";"72 836";"265 536";"27 562 259";"2024-09-02 23:32:23"
"2024-09-04";"Telegram";"41 650 710";"10 238 848";"27 561 213";"2024-09-05 01:58:15"
"2024-09-04";"Instagram";"134 903 224";"1 962 426";"27 562 699";"2024-09-04 13:10:56"
"2024-09-10";"";"445 766";"34 447";"27 562 829";"2024-09-11 00:33:02"
"2024-09-08";"Facebook";"413 883";"16 491";"27 562 384";"2024-09-08 09:54:43"
"2024-09-06";"";"162 336";"17 601";"27 563 157";"2024-09-06 12:57:59"
"2024-09-09";"Instagram";"97 616 434";"3 720 602";"27 561 369";"2024-09-09 15:36:30"
"2024-09-09";"";"73 344";"7 479";"27 561 279";"2024-09-09 18:03:28"
"2024-09-06";"";"147 309";"26 791";"27 562 197";"2024-09-06 07:40:01"
"2024-09-03";"";"30 167";"2 588";"27 561 295";"2024-09-03 22:55:27"
"2024-09-05";"";"1 071 511";"50 579";"27 561 600";"2024-09-05 21:30:00"
"2024-09-02";"";"694 151";"18 517";"27 562 557";"2024-09-02 15:48:46"
"2024-09-05";"YouTube";"11 160 252";"443 204";"27 563 153";"2024-09-05 11:56:54"
"2024-09-03";"Likee";"228 792";"115 991";"27 563 284";"2024-09-04 02:23:27"
"2024-09-03";"Facebook";"642 935";"48 671";"27 561 802";"2024-09-04 01:46:16"
"2024-09-02";"Instagram";"974 480";"720 046";"27 561 684";"2024-09-02 09:06:25"
"2024-09-09";"";"32 973";"132 520";"27 563 192";"2024-09-09 16:13:34"
"2024-09-09";"Telegram";"33 644 600";"2 341 443";"27 562 720";"2024-09-09 14:23:40"
"2024-09-03";"";"431 221";"49 233";"27 561 388";"2024-09-04 01:34:04"
"2024-09-05";"Telegram";"62 116";"5 317";"27 562 343";"2024-09-05 20:53:14"
"2024-09-01";"";"397 632";"11 632";"27 561 247";"2024-09-01 19:04:12"
"2024-09-03";"Telegram";"43 485 741";"2 741 898";"27 561 862";"2024-09-03 18:39:36"
"2024-09-02";"";"29 553";"31 976";"27 562 033";"2024-09-02 20:29:15"
"2024-09-02";"";"649 895";"147 357";"27 562 733";"2024-09-02 23:32:52"
"2024-09-06";"";"788 066";"28 694";"27 561 295";"2024-09-06 19:40:07"
"2024-09-03";"";"291 508";"46 178";"27 563 096";"2024-09-03 09:06:16"
"2024-09-04";"";"77 604";"100 723";"27 562 988";"2024-09-04 10:07:43"
"2024-09-08";"";"221 687";"27 128";"27 561 262";"2024-09-08 10:55:28"
"2024-09-05";"";"909 801";"498 181";"27 563 001";"2024-09-06 01:22:39"
"2024-09-03";"YouTube";"2 635 191";"177 425";"27 562 860";"2024-09-03 11:56:46"
"2024-09-04";"";"90 850";"8 757";"27 563 467";"2024-09-04 10:07:36"
"2024-09-08";"VKontakte";"127 104";"109 858";"27 561 317";"2024-09-08 13:22:29"
"2024-09-05";"";"71 059";"4 047";"27 562 360";"2024-09-05 13:46:31"
"2024-09-01";"";"32 221";"14 177";"27 562 115";"2024-09-01 09:18:43"
"2024-09-10";"Instagram";"47 849 936";"1 516 000";"27 563 081";"2024-09-10 03:36:39"
"2024-09-09";"WhatsApp";"1 419 269";"55 880";"27 563 234";"2024-09-09 16:49:51"
"2024-09-02";"Telegram";"1 380 779";"106 330";"27 561 809";"2024-09-03 00:09:51"
"2024-09-03";"";"249 184";"25 782";"27 563 059";"2024-09-04 01:46:49"
"2024-09-01";"";"242 567 097";"12 049 979";"27 563 012";"2024-09-01 23:56:10"
"2024-09-08";"";"968 959";"129 348";"27 563 000";"2024-09-08 22:07:03"
"2024-09-03";"Facebook";"366 981";"24 128";"27 563 366";"2024-09-03 08:29:11"
"2024-09-07";"";"52 478";"6 752";"27 563 011";"2024-09-08 01:10:52"
"2024-09-10";"";"29 805";"4 004";"27 561 200";"2024-09-10 20:29:38"
"2024-09-03";"YouTube";"3 269 501";"1 619 182";"27 563 273";"2024-09-03 06:03:46"
"2024-09-03";"";"37 407";"1 825";"27 562 047";"2024-09-03 19:52:32"
"2024-09-02";"";"299 388";"40 484";"27 561 690";"2024-09-02 11:32:38"
"2024-09-07";"";"41 331 892";"490 970";"27 563 452";"2024-09-07 09:42:28"
"2024-09-06";"";"161 675";"35 883";"27 562 815";"2024-09-06 17:38:55"
"2024-09-05";"Telegram";"10 152 240";"710 234";"27 563 127";"2024-09-05 05:14:24"
