"date_id";"option_name";"bytes_in";"bytes_out";"account_id";"option_datetime"
"2024-09-05";"";"39 273";"6 801";"27 561 448";"2024-09-05 21:54:40"
"2024-09-07";"";"1 233 125";"66 451";"27 563 414";"2024-09-07 03:36:35"
"2024-09-08";"";"2 321 183";"116 429";"27 562 622";"2024-09-08 07:52:16"
"2024-09-01";"";"124 665";"11 811";"27 563 161";"2024-09-01 15:36:44"
"2024-09-08";"YouTube";"1 596 711";"96 922";"27 562 890";"2024-09-08 04:13:16"
"2024-09-07";"Unknown";"1 001 884";"132 256";"27 562 663";"2024-09-07 23:20:01"
"2024-09-09";"";"130 118";"5 994";"27 562 438";"2024-09-09 11:32:41"
"2024-09-08";"";"106 816";"714 797";"27 562 205";"2024-09-09 00:33:56"
"2024-09-09";"";"11 186 686";"914 919";"27 561 974";"2024-09-09 16:25:56"
"2024-09-07";"";"853 262";"1 438 365";"27 562 371";"2024-09-07 14:47:56"
"2024-09-06";"";"130 235";"97 589";"27 563 224";"2024-09-06 19:04:58"
"2024-09-01";"YouTube";"524 649";"72 413";"27 561 347";"2024-09-01 17:02:30"
"2024-09-09";"VKontakte";"555 330";"253 141";"27 562 941";"2024-09-09 10:31:44"
"2024-09-01";"";"5 379 819";"241 840";"27 562 834";"2024-09-01 22:19:56"
"2024-09-04";"";"93 996";"8 098";"27 562 398";"2024-09-05 01:34:00"
"2024-09-09";"";"28 478";"189 491";"27 561 993";"2024-09-09 04:49:19"
"2024-09-08";"";"717 083";"134 710";"27 563 268";"2024-09-08 12:33:57"
"2024-09-02";"VKontakte";"210 576";"216 026";"27 563 254";"2024-09-02 05:02:06"
"2024-09-07";"";"402 523";"194 508";"27 562 863";"2024-09-07 10:31:30"
"2024-09-06";"";"190 324";"118 234";"27 562 260";"2024-09-06 17:38:25"
"2024-09-08";"YouTube";"10 751";"31 429";"27 561 627";"2024-09-08 15:00:01"
"2024-09-09";"";"31 082";"5 285";"27 562 654";"2024-09-09 10:07:03"
"2024-09-02";"";"595 825";"23 235";"27 561 365";"2024-09-02 07:40:10"
"2024-09-08";"";"227 452";"9 745";"27 562 360";"2024-09-08 08:17:31"
"2024-09-03";"";"74 473";"48 824";"27 561 676";"2024-09-03 12:57:32"
"2024-09-01";"";"461 663";"58 732";"27 562 438";"2024-09-01 06:15:43"
"2024-09-06";"";"165 375";"12 983";"27 562 997";"2024-09-06 17:38:43"
"2024-09-07";"";"58 257";"12 294";"27 563 114";"2024-09-07 18:51:45"
"2024-09-07";"";"42 432";"2 799";"27 561 237";"2024-09-07 18:51:32"
"2024-09-09";"";"14 848";"70 643";"27 562 024";"2024-09-09 06:51:14"
"2024-09-05";"";"992 150";"46 641";"27 562 812";"2024-09-06 02:11:07"
"2024-09-09";"Yandex";"2 789 179";"421 210";"27 561 259";"2024-09-09 08:29:03"
"2024-09-06";"";"72 161";"73 991";"27 561 892";"2024-09-06 19:52:21"
"2024-09-10";"";"43 134";"75 111";"27 561 578";"2024-09-11 00:45:42"
"2024-09-05";"YouTube";"13 527 324";"648 406";"27 561 920";"2024-09-05 13:10:37"
"2024-09-05";"";"49 046";"2 273";"27 562 646";"2024-09-05 10:19:33"
"2024-09-04";"";"51 084";"14 509";"27 562 443";"2024-09-04 04:13:55"
"2024-09-03";"";"28 918";"6 411";"27 562 070";"2024-09-03 04:49:53"
"2024-09-10";"Facebook";"126 629";"13 856";"27 562 641";"2024-09-10 16:25:24"
"2024-09-09";"Instagram";"25 528 497";"531 268";"27 561 429";"2024-09-09 16:25:17"
"2024-09-05";"";"1 222 683";"44 062";"27 561 744";"2024-09-05 04:25:07"
"2024-09-04";"Instagram";"47 347 204";"2 065 137";"27 562 435";"2024-09-04 16:01:23"
"2024-09-03";"";"279 132";"19 656";"27 562 784";"2024-09-03 15:48:47"
"2024-09-05";"Facebook";"3 456 018";"130 795";"27 563 109";"2024-09-05 16:13:48"
"2024-09-10";"";"32 511";"10 129";"27 563 199";"2024-09-10 19:40:06"
"2024-09-08";"";"99 100";"11 230";"27 563 169";"2024-09-08 05:50:23"
"2024-09-02";"";"552 709";"73 737";"27 563 237";"2024-09-03 01:46:24"
"2024-09-07";"Telegram";"598 124";"71 497";"27 562 666";"2024-09-08 00:21:36"
"2024-09-07";"";"11 323";"46 014";"27 561 835";"2024-09-07 04:37:33"
"2024-09-04";"";"109 138";"260 684";"27 562 063";"2024-09-04 09:42:38"
"2024-09-10";"";"251 976";"71 035";"27 561 173";"2024-09-10 22:31:50"
"2024-09-05";"";"30 115";"2 706";"27 561 276";"2024-09-05 16:01:28"
"2024-09-04";"";"41 536";"4 158";"27 561 449";"2024-09-05 01:34:36"
"2024-09-08";"";"18 313";"28 014";"27 561 273";"2024-09-08 10:07:43"
"2024-09-09";"";"57 657";"13 597";"27 562 318";"2024-09-10 01:34:52"
"2024-09-07";"Instagram";"1 254 507";"65 206";"27 563 044";"2024-09-07 04:13:57"
"2024-09-01";"YouTube";"39 903 860";"3 085 011";"27 562 890";"2024-09-02 02:11:48"
"2024-09-07";"Instagram";"46 887 063";"1 265 609";"27 562 483";"2024-09-07 11:32:26"
"2024-09-03";"Instagram";"7 334 074";"293 219";"27 562 505";"2024-09-04 00:33:12"
"2024-09-09";"";"34 149";"4 772";"27 561 562";"2024-09-09 20:41:29"
"2024-09-09";"";"71 649";"11 261";"27 561 605";"2024-09-09 17:50:49"
"2024-09-04";"";"2 349 622";"173 563";"27 561 865";"2024-09-04 20:05:31"
"2024-09-05";"";"249 702";"127 988";"27 561 370";"2024-09-05 05:50:56"
"2024-09-09";"";"296 956";"12 437";"27 561 776";"2024-09-09 12:33:33"
"2024-09-09";"";"297 486";"96 312";"27 562 788";"2024-09-09 09:18:37"
"2024-09-05";"";"106 510";"82 128";"27 562 552";"2024-09-06 01:58:26"
"2024-09-04";"Facebook";"1 309 761";"457 122";"27 562 265";"2024-09-04 06:03:28"
"2024-09-06";"Yandex";"168 451";"138 703";"27 563 266";"2024-09-06 05:14:11"
"2024-09-02";"Instagram";"11 073 414";"407 032";"27 563 347";"2024-09-03 01:46:24"
"2024-09-07";"";"5 952 719";"239 863";"27 561 950";"2024-09-07 09:42:05"
"2024-09-02";"Apple Music";"15 482 882";"550 107";"27 562 886";"2024-09-02 08:29:09"
"2024-09-01";"";"309 078";"92 687";"27 562 696";"2024-09-01 08:05:57"
"2024-09-05";"";"197 769";"215 394";"27 561 533";"2024-09-05 06:03:51"
"2024-09-02";"";"26 090";"4 629";"27 562 825";"2024-09-03 02:59:07"
"2024-09-02";"Telegram";"176 932 042";"6 685 293";"27 562 437";"2024-09-02 10:55:53"
"2024-09-07";"";"150 850";"30 776";"27 561 863";"2024-09-07 21:06:16"
"2024-09-01";"Telegram";"1 020 393";"180 900";"27 561 353";"2024-09-02 00:33:12"
"2024-09-08";"";"369 817";"69 013";"27 563 336";"2024-09-08 17:50:08"
"2024-09-05";"Instagram";"5 166 282";"1 684 548";"27 563 210";"2024-09-05 09:30:48"
"2024-09-02";"";"0";"40 324";"27 561 402";"2024-09-02 07:04:43"
"2024-09-09";"";"16 318";"33 211";"27 561 971";"2024-09-09 20:29:15"
"2024-09-03";"";"275 224";"17 063";"27 563 145";"2024-09-03 18:27:42"
"2024-09-05";"";"2 094 454";"143 796";"27 561 745";"2024-09-05 13:10:02"
"2024-09-04";"Odnoklassniki";"71 275";"38 091";"27 562 641";"2024-09-05 01:46:13"
"2024-09-06";"";"11 908";"33 227";"27 561 181";"2024-09-06 18:15:31"
"2024-09-10";"";"203 185";"22 362";"27 562 878";"2024-09-10 22:07:35"
"2024-09-08";"";"32 117";"7 105";"27 562 477";"2024-09-08 09:42:32"
"2024-09-01";"Yandex";"1 632 565";"110 532";"27 562 352";"2024-09-01 04:37:30"
"2024-09-03";"";"97 183";"158 513";"27 561 290";"2024-09-03 03:36:36"
"2024-09-07";"WhatsApp";"159 569";"53 051";"27 562 700";"2024-09-07 07:40:26"
"2024-09-06";"";"49 479";"4 068";"27 562 541";"2024-09-06 06:27:55"
"2024-09-02";"YouTube";"52 726 937";"4 478 957";"27 561 357";"2024-09-03 01:34:18"
"2024-09-10";"";"71 462";"54 623";"27 563 418";"2024-09-10 16:25:00"
"2024-09-04";"";"217 770";"12 655";"27 562 376";"2024-09-04 04:25:24"
"2024-09-08";"";"851 587";"63 920";"27 562 935";"2024-09-08 06:27:35"
"2024-09-09";"";"952 665";"48 182";"27 561 542";"2024-09-10 02:47:48"
"2024-09-08";"";"423 917";"12 864";"27 563 238";"2024-09-08 08:41:47"
"2024-09-07";"";"29 796 360";"1 303 878";"27 562 704";"2024-09-07 09:18:22"
"2024-09-10";"YouTube";"69 663";"7 698";"27 562 080";"2024-09-10 12:21:53"
"2024-09-10";"";"199 303";"21 655";"27 563 476";"2024-09-10 17:38:49"
"2024-09-10";"";"383 945";"17 338";"27 562 382";"2024-09-10 06:03:52"
"2024-09-01";"YouTube";"3 489 769";"900 099";"27 562 401";"2024-09-01 07:28:38"
"2024-09-07";"";"143 141";"20 189";"27 562 144";"2024-09-07 13:10:13"
"2024-09-02";"";"162 461";"29 370";"27 563 410";"2024-09-03 02:11:58"
"2024-09-03";"";"8 650";"30 157";"27 561 825";"2024-09-04 02:47:28"
"2024-09-03";"Telegram";"38 274";"14 220";"27 561 325";"2024-09-03 09:54:44"
"2024-09-02";"Telegram";"28 903 091";"1 840 190";"27 561 547";"2024-09-02 04:01:52"
"2024-09-04";"Yandex";"403 788";"20 690";"27 561 641";"2024-09-04 17:38:44"
"2024-09-06";"";"45 770";"17 774";"27 562 673";"2024-09-06 19:04:35"
"2024-09-06";"Telegram";"8 251 271";"896 554";"27 562 587";"2024-09-06 12:45:38"
"2024-09-07";"";"83 617";"17 891";"27 561 640";"2024-09-07 15:48:55"
"2024-09-02";"";"34 220";"4 900";"27 563 128";"2024-09-02 03:00:31"
"2024-09-07";"";"86 942";"51 248";"27 563 005";"2024-09-08 01:10:01"
"2024-09-05";"Yandex";"778 427";"162 835";"27 561 259";"2024-09-05 09:42:52"
"2024-09-02";"Facebook";"1 974 115";"723 282";"27 562 039";"2024-09-02 16:37:33"
"2024-09-02";"";"1 985 668";"783 664";"27 562 666";"2024-09-02 23:32:33"
"2024-09-04";"";"44 793";"114 261";"27 562 553";"2024-09-04 09:54:30"
"2024-09-02";"";"521 980";"18 267";"27 561 884";"2024-09-02 10:07:02"
"2024-09-03";"YouTube";"15 207 909";"1 326 892";"27 563 504";"2024-09-03 04:01:48"
"2024-09-02";"";"560 403";"19 278";"27 563 238";"2024-09-02 12:21:36"
"2024-09-05";"";"1 513 740";"143 548";"27 562 879";"2024-09-05 19:28:12"
"2024-09-01";"Facebook";"207 139";"127 194";"27 562 658";"2024-09-01 16:13:43"
"2024-09-09";"Yandex";"99 864";"9 417";"27 562 969";"2024-09-09 12:21:12"
"2024-09-08";"Facebook";"324 846";"251 691";"27 562 061";"2024-09-08 12:57:05"
"2024-09-08";"";"791 011";"117 604";"27 562 550";"2024-09-09 02:35:26"
"2024-09-10";"YouTube";"94 347 803";"5 093 561";"27 562 185";"2024-09-10 07:04:33"
"2024-09-07";"";"69 454";"14 593";"27 561 295";"2024-09-08 02:47:00"
"2024-09-04";"Instagram";"1 633 494";"64 760";"27 562 792";"2024-09-04 17:14:02"
"2024-09-01";"Apple Music";"456 440";"10 339";"27 562 266";"2024-09-01 06:39:47"
"2024-09-06";"Instagram";"60 588 174";"1 978 699";"27 562 645";"2024-09-06 04:13:48"
"2024-09-02";"";"1 321 565";"298 895";"27 561 435";"2024-09-02 07:40:04"
"2024-09-04";"";"1 444 129";"620 145";"27 563 447";"2024-09-04 13:34:02"
"2024-09-09";"";"143 642";"10 039";"27 563 116";"2024-09-09 12:21:36"
"2024-09-06";"";"91 589";"7 480";"27 562 372";"2024-09-07 00:09:30"
"2024-09-03";"";"231 402";"10 963";"27 561 485";"2024-09-03 16:25:23"
"2024-09-10";"";"918 492";"129 920";"27 562 322";"2024-09-10 23:32:44"
"2024-09-07";"Facebook";"175 128";"123 893";"27 562 290";"2024-09-07 08:41:50"
"2024-09-03";"YouTube";"221 880 166";"11 301 806";"27 561 720";"2024-09-03 15:12:39"
"2024-09-03";"";"47 717";"2 205";"27 561 830";"2024-09-03 05:02:19"
"2024-09-03";"YouTube";"18 747 004";"881 117";"27 562 762";"2024-09-03 12:21:21"
"2024-09-06";"";"493 919";"44 695";"27 562 674";"2024-09-06 09:54:46"
"2024-09-03";"";"49 918";"6 478";"27 563 336";"2024-09-03 23:56:23"
"2024-09-02";"Instagram";"813 623";"1 420 549";"27 561 824";"2024-09-02 15:12:21"
"2024-09-02";"Unknown";"28 354";"5 674";"27 563 511";"2024-09-02 23:08:40"
"2024-09-06";"";"27 327";"2 458";"27 562 156";"2024-09-06 04:25:57"
"2024-09-05";"";"32 263";"2 422";"27 561 480";"2024-09-05 08:05:46"
"2024-09-09";"";"417 601";"35 236";"27 562 555";"2024-09-09 08:17:28"
"2024-09-06";"Facebook";"150 925";"77 711";"27 561 994";"2024-09-06 15:36:06"
"2024-09-05";"";"297 731";"17 578";"27 563 130";"2024-09-06 00:09:33"
"2024-09-05";"YouTube";"127 986";"887 027";"27 562 388";"2024-09-05 08:53:10"
"2024-09-07";"Instagram";"2 028 468";"387 861";"27 561 776";"2024-09-07 12:09:43"
"2024-09-03";"YouTube";"19 732 793";"1 057 028";"27 562 696";"2024-09-03 16:01:58"
"2024-09-06";"YouTube";"31 488";"21 400";"27 563 395";"2024-09-06 19:28:48"
"2024-09-05";"Telegram";"1 745 740";"251 419";"27 562 697";"2024-09-06 02:59:51"
"2024-09-05";"";"342 946";"37 729";"27 563 017";"2024-09-05 14:35:26"
"2024-09-10";"";"208 787";"29 199";"27 563 326";"2024-09-10 05:26:39"
"2024-09-04";"";"47 830";"3 793";"27 562 004";"2024-09-05 02:23:36"
"2024-09-08";"";"49 980";"3 334";"27 562 025";"2024-09-08 13:34:53"
"2024-09-05";"YouTube";"135 971 770";"7 459 784";"27 562 679";"2024-09-05 21:54:15"
"2024-09-01";"";"2 377 624";"135 131";"27 562 089";"2024-09-01 06:15:47"
"2024-09-05";"YouTube";"2 920 885";"824 600";"27 562 903";"2024-09-06 00:45:14"
"2024-09-05";"WhatsApp";"1 200 698";"1 249 810";"27 561 758";"2024-09-05 15:48:25"
"2024-09-01";"";"72 485";"10 225";"27 561 953";"2024-09-01 09:30:47"
"2024-09-07";"";"12 430 124";"787 237";"27 562 774";"2024-09-07 12:21:53"
"2024-09-07";"";"5 963 337";"231 187";"27 562 792";"2024-09-07 07:04:25"
"2024-09-03";"";"1 240";"72 766";"27 561 776";"2024-09-03 17:26:20"
"2024-09-08";"";"121 488";"27 031";"27 561 458";"2024-09-08 10:19:45"
"2024-09-02";"";"91 148";"3 209";"27 563 048";"2024-09-02 16:37:43"
"2024-09-09";"YouTube";"79 907";"45 897";"27 562 156";"2024-09-09 23:44:58"
"2024-09-09";"";"27 973";"8 129";"27 563 254";"2024-09-09 09:42:01"
"2024-09-08";"YouTube";"359 459";"47 738";"27 562 466";"2024-09-08 16:37:51"
"2024-09-06";"";"1 201 626";"186 738";"27 562 545";"2024-09-06 15:24:23"
"2024-09-08";"";"77 369";"8 189";"27 562 793";"2024-09-09 01:58:15"
"2024-09-07";"";"52 464";"15 718";"27 561 809";"2024-09-08 01:22:21"
"2024-09-02";"";"683 562";"48 759";"27 562 102";"2024-09-02 12:21:03"
"2024-09-10";"";"43 639";"4 637";"27 562 322";"2024-09-10 15:36:02"
"2024-09-06";"YouTube";"1 031 797";"474 797";"27 562 243";"2024-09-06 21:54:05"
"2024-09-09";"";"31 282";"17 783";"27 563 122";"2024-09-09 12:45:10"
"2024-09-03";"Telegram";"326 542";"65 160";"27 563 258";"2024-09-04 01:22:17"
"2024-09-01";"";"27 932";"2 251";"27 561 433";"2024-09-01 18:03:01"
"2024-09-04";"";"236 631";"28 791";"27 563 447";"2024-09-04 09:42:14"
"2024-09-06";"";"448 861";"52 952";"27 561 800";"2024-09-07 00:33:38"
"2024-09-09";"";"4 557 265";"1 598 810";"27 561 884";"2024-09-09 06:15:00"
"2024-09-07";"Facebook";"1 051 555";"36 552";"27 563 158";"2024-09-07 22:07:21"
"2024-09-06";"";"88 733";"15 340";"27 562 101";"2024-09-06 12:33:20"
"2024-09-06";"Instagram";"4 569 987";"5 840 293";"27 561 367";"2024-09-06 19:40:02"
"2024-09-09";"";"108 126";"6 415";"27 563 204";"2024-09-09 16:01:05"
"2024-09-07";"Instagram";"99 232 587";"1 768 942";"27 561 201";"2024-09-07 04:49:35"
"2024-09-06";"Yandex Video";"3 295 613";"95 282";"27 562 965";"2024-09-06 10:55:08"
"2024-09-02";"";"236 695";"4 791";"27 562 317";"2024-09-03 01:46:14"
"2024-09-08";"Facebook";"1 475 907";"75 906";"27 563 263";"2024-09-09 00:33:38"
"2024-09-09";"";"155 488";"177 154";"27 562 971";"2024-09-09 05:02:26"
"2024-09-06";"Yandex";"423 251";"121 338";"27 561 607";"2024-09-06 08:29:45"
"2024-09-06";"YouTube";"3 915 227";"589 203";"27 562 759";"2024-09-06 17:50:44"
"2024-09-01";"";"159 271";"192 244";"27 562 692";"2024-09-01 14:35:35"
"2024-09-07";"Instagram";"53 610 701";"2 559 378";"27 562 864";"2024-09-08 02:59:40"
"2024-09-09";"";"213 953";"30 851";"27 563 331";"2024-09-09 07:04:48"
"2024-09-09";"YouTube";"27 984";"11 978";"27 562 490";"2024-09-09 05:02:39"
"2024-09-01";"YouTube";"1 161 183";"77 444";"27 563 437";"2024-09-01 14:47:26"
"2024-09-07";"";"50 834";"18 433";"27 561 600";"2024-09-07 06:27:32"
"2024-09-10";"";"35 842";"20 231";"27 562 558";"2024-09-10 12:33:20"
"2024-09-08";"";"99 299";"24 485";"27 562 781";"2024-09-08 19:04:37"
"2024-09-10";"";"69 204";"38 690";"27 562 238";"2024-09-10 17:14:58"
"2024-09-09";"YouTube";"221 576";"2 835 233";"27 561 325";"2024-09-09 04:49:28"
"2024-09-03";"Telegram";"1 087 873";"522 320";"27 562 133";"2024-09-03 12:33:21"
"2024-09-10";"";"43 488";"4 295";"27 562 687";"2024-09-11 02:23:57"
"2024-09-06";"";"30 250";"17 883";"27 562 866";"2024-09-06 16:13:01"
"2024-09-04";"YouTube";"132 019 986";"7 738 664";"27 562 508";"2024-09-04 05:50:06"
"2024-09-06";"YouTube";"4 550 595";"734 518";"27 561 466";"2024-09-06 04:13:51"
"2024-09-05";"YouTube";"359 439";"48 280";"27 562 233";"2024-09-05 10:19:57"
"2024-09-01";"Unknown";"3 832 299";"1 571 369";"27 562 988";"2024-09-01 23:08:36"
"2024-09-05";"";"5 364 342";"296 713";"27 562 827";"2024-09-05 10:55:30"
"2024-09-10";"";"4 003 290";"719 343";"27 563 422";"2024-09-10 12:33:06"
"2024-09-01";"";"18 780 150";"1 182 997";"27 563 106";"2024-09-01 22:07:11"
"2024-09-05";"";"4 585";"37 021";"27 563 328";"2024-09-05 17:26:56"
"2024-09-09";"";"29 723";"2 417";"27 562 267";"2024-09-09 07:40:21"
"2024-09-09";"";"38 421";"5 215";"27 562 511";"2024-09-09 07:16:16"
"2024-09-10";"YouTube";"10 604 231";"1 168 069";"27 562 566";"2024-09-10 15:00:03"
"2024-09-06";"";"1 351 963";"42 454";"27 562 067";"2024-09-06 20:17:24"
"2024-09-10";"YouTube";"43 579";"59 657";"27 562 906";"2024-09-10 15:36:12"
"2024-09-09";"YouTube";"43 782";"48 213";"27 562 961";"2024-09-09 06:15:19"
"2024-09-05";"";"54 984";"3 113";"27 561 922";"2024-09-05 20:17:40"
"2024-09-06";"";"31 573";"13 487";"27 562 653";"2024-09-06 15:00:30"
"2024-09-07";"";"683 581";"74 796";"27 561 906";"2024-09-07 04:37:23"
"2024-09-04";"";"26 877";"1 499";"27 561 706";"2024-09-04 11:56:43"
"2024-09-06";"Facebook";"9 412 055";"96 380";"27 562 608";"2024-09-06 22:55:44"
"2024-09-04";"";"280 341";"27 783";"27 562 622";"2024-09-04 15:24:21"
"2024-09-08";"YouTube";"65 305";"120 502";"27 563 509";"2024-09-09 02:47:58"
"2024-09-05";"";"57 274";"3 437";"27 562 982";"2024-09-05 18:51:07"
"2024-09-10";"";"153 690";"24 135";"27 562 896";"2024-09-10 12:45:38"
"2024-09-09";"";"10 982 151";"247 200";"27 561 873";"2024-09-09 18:51:33"
"2024-09-07";"";"30 717 693";"1 518 402";"27 562 957";"2024-09-07 18:15:40"
"2024-09-05";"";"1 660 344";"77 508";"27 561 449";"2024-09-05 15:12:38"
"2024-09-02";"";"2 511 023";"408 902";"27 562 473";"2024-09-02 16:25:39"
"2024-09-01";"";"143 447";"49 595";"27 561 921";"2024-09-01 13:22:10"
"2024-09-09";"";"103 710";"17 187";"27 561 870";"2024-09-09 12:57:08"
"2024-09-07";"YouTube";"121 609";"22 109";"27 562 388";"2024-09-07 09:18:57"
"2024-09-01";"";"128 885";"87 321";"27 561 662";"2024-09-01 17:26:02"
"2024-09-03";"";"269 089";"23 933";"27 563 031";"2024-09-03 09:42:50"
"2024-09-10";"";"209 079";"58 557";"27 562 197";"2024-09-10 15:36:36"
"2024-09-06";"";"125 952";"12 507";"27 561 564";"2024-09-06 06:39:04"
"2024-09-01";"";"913 613";"1 420 294";"27 563 154";"2024-09-01 06:27:59"
"2024-09-10";"";"62 910";"5 099";"27 563 295";"2024-09-10 20:29:20"
"2024-09-04";"";"143 067";"13 332";"27 563 142";"2024-09-04 18:39:03"
"2024-09-06";"";"1 213 156";"166 368";"27 562 233";"2024-09-06 07:04:55"
"2024-09-06";"";"459 343";"1 336 738";"27 562 656";"2024-09-06 20:41:20"
"2024-09-02";"";"89 362";"12 661";"27 561 368";"2024-09-03 02:23:00"
"2024-09-10";"";"12 116";"65 222";"27 563 509";"2024-09-10 13:58:53"
"2024-09-03";"Instagram";"33 169";"1 600";"27 563 504";"2024-09-03 20:29:47"
"2024-09-06";"YouTube";"71 804";"22 964";"27 562 816";"2024-09-06 19:28:47"
"2024-09-07";"";"1 876 801";"5 601 783";"27 561 578";"2024-09-07 19:04:25"
"2024-09-04";"YouTube";"62 186";"15 381";"27 562 090";"2024-09-05 02:47:55"
"2024-09-04";"";"6 908 002";"969 794";"27 563 386";"2024-09-04 15:36:57"
"2024-09-02";"";"568 165";"45 282";"27 562 481";"2024-09-02 10:07:14"
"2024-09-08";"";"3 644 585";"132 561";"27 562 675";"2024-09-08 05:26:31"
"2024-09-09";"YouTube";"878 717";"92 577";"27 561 940";"2024-09-09 17:14:52"
"2024-09-09";"";"691 313";"75 621";"27 563 291";"2024-09-09 17:14:49"
"2024-09-07";"";"26 733";"8 789";"27 561 458";"2024-09-07 05:02:55"
"2024-09-04";"";"520 981";"21 576";"27 563 469";"2024-09-04 16:37:25"
"2024-09-05";"YouTube";"4 243 788";"225 641";"27 561 874";"2024-09-05 08:29:54"
"2024-09-03";"Yandex";"818 583";"49 728";"27 562 692";"2024-09-03 18:51:43"
"2024-09-07";"Apple Music";"223 247";"8 474";"27 562 942";"2024-09-07 04:01:37"
"2024-09-04";"";"27 317";"21 517";"27 563 094";"2024-09-04 21:54:08"
"2024-09-09";"";"182 487";"73 335";"27 562 300";"2024-09-09 09:42:38"
"2024-09-02";"Instagram";"1 969 844";"93 715";"27 563 024";"2024-09-02 18:39:55"
"2024-09-02";"";"327 950";"21 674";"27 562 401";"2024-09-02 19:04:16"
"2024-09-09";"";"48 210";"11 899";"27 562 751";"2024-09-09 16:49:01"
"2024-09-08";"YouTube";"216 940";"33 918";"27 563 390";"2024-09-08 13:58:48"
"2024-09-07";"";"90 762";"9 872";"27 561 464";"2024-09-07 05:14:46"
"2024-09-10";"YouTube";"732 091";"127 892";"27 561 232";"2024-09-10 18:03:19"
"2024-09-08";"Yandex";"215 600";"9 777";"27 562 150";"2024-09-08 20:17:33"
"2024-09-05";"";"28 745";"7 311";"27 563 077";"2024-09-05 11:56:00"
"2024-09-02";"";"96 467";"15 464";"27 561 330";"2024-09-02 22:31:39"
"2024-09-07";"";"488 187";"23 180";"27 562 172";"2024-09-08 02:47:13"
"2024-09-05";"";"42 413";"2 544";"27 562 473";"2024-09-05 08:17:29"
"2024-09-01";"";"27 198";"2 006";"27 563 442";"2024-09-01 23:44:52"
"2024-09-05";"";"5 857";"41 484";"27 562 604";"2024-09-05 16:01:53"
"2024-09-08";"";"76 456";"9 644";"27 562 497";"2024-09-08 15:00:21"
"2024-09-04";"";"9 778 692";"201 839";"27 562 803";"2024-09-04 14:11:25"
"2024-09-06";"";"30 726";"7 596";"27 562 646";"2024-09-06 21:42:23"
"2024-09-06";"";"38 229";"2 343";"27 562 355";"2024-09-06 15:12:45"
"2024-09-02";"";"0";"132 336";"27 561 777";"2024-09-02 03:36:03"
"2024-09-09";"";"56 300";"83 998";"27 562 692";"2024-09-09 21:18:22"
"2024-09-09";"";"69 114";"2 877";"27 562 401";"2024-09-09 18:51:59"
"2024-09-08";"Facebook";"694 369";"48 111";"27 561 952";"2024-09-08 19:40:44"
"2024-09-10";"";"161 747";"8 118";"27 561 508";"2024-09-10 20:05:18"
"2024-09-02";"";"10 976 192";"624 525";"27 561 197";"2024-09-02 08:17:27"
"2024-09-03";"";"63 778";"6 052";"27 563 205";"2024-09-03 17:50:38"
"2024-09-07";"YouTube";"22 557 384";"1 084 996";"27 562 548";"2024-09-07 07:40:23"
"2024-09-06";"";"1 375 996";"76 207";"27 562 444";"2024-09-06 14:23:02"
"2024-09-07";"Yandex";"359 695";"165 062";"27 563 136";"2024-09-08 00:57:27"
"2024-09-09";"";"328 912";"17 112";"27 563 088";"2024-09-09 19:04:40"
"2024-09-07";"";"32 353";"2 381";"27 562 595";"2024-09-07 09:54:47"
"2024-09-10";"VKontakte";"103 178";"7 131";"27 563 436";"2024-09-10 08:29:23"
"2024-09-06";"Apple Music";"217 106";"33 776";"27 563 169";"2024-09-06 13:22:48"
"2024-09-09";"";"134 202";"13 226";"27 562 143";"2024-09-09 23:08:34"
"2024-09-09";"Yandex";"89 530";"22 420";"27 562 622";"2024-09-09 17:50:39"
"2024-09-03";"";"8 275";"28 410";"27 561 171";"2024-09-03 16:25:06"
"2024-09-02";"";"185 620";"1 100 309";"27 562 552";"2024-09-02 12:09:19"
"2024-09-08";"";"121 939";"26 776";"27 563 410";"2024-09-08 14:35:47"
"2024-09-07";"";"51 044";"5 345";"27 561 269";"2024-09-07 16:49:23"
"2024-09-03";"";"259 785";"9 726";"27 562 354";"2024-09-03 18:51:55"
"2024-09-03";"";"30 790";"2 606";"27 561 220";"2024-09-03 15:36:33"
"2024-09-07";"VKontakte";"39 236 746";"1 437 421";"27 562 563";"2024-09-08 02:47:01"
"2024-09-04";"";"6 969";"38 966";"27 563 289";"2024-09-05 02:35:39"
"2024-09-04";"Instagram";"22 612 951";"834 387";"27 561 607";"2024-09-04 13:58:53"
"2024-09-08";"";"73 971";"158 320";"27 561 508";"2024-09-08 22:31:42"
"2024-09-01";"";"11 482";"35 203";"27 563 060";"2024-09-01 08:05:46"
"2024-09-03";"YouTube";"58 960";"8 254";"27 562 875";"2024-09-03 17:14:12"
"2024-09-03";"";"101 341";"532 102";"27 563 379";"2024-09-03 14:23:34"
"2024-09-03";"";"27 433";"9 818";"27 563 339";"2024-09-03 06:51:12"
"2024-09-08";"Instagram";"1 471 217";"12 009";"27 563 152";"2024-09-08 05:26:12"
"2024-09-05";"";"29 044";"13 876";"27 563 001";"2024-09-05 11:20:09"
"2024-09-10";"";"217 779";"41 987";"27 561 884";"2024-09-10 17:26:17"
"2024-09-05";"";"32 137";"1 903";"27 561 253";"2024-09-05 11:20:40"
"2024-09-01";"Facebook";"2 622 195";"62 454";"27 563 225";"2024-09-01 12:09:26"
"2024-09-04";"";"28 262";"21 102";"27 563 216";"2024-09-04 23:44:13"
"2024-09-02";"";"26 418";"1 774";"27 563 097";"2024-09-02 19:52:41"
"2024-09-05";"";"32 911";"10 589";"27 561 796";"2024-09-05 15:00:15"
"2024-09-08";"Instagram";"5 978 767";"1 528 358";"27 561 375";"2024-09-09 00:45:11"
"2024-09-04";"";"215 814";"15 119";"27 563 096";"2024-09-04 08:53:29"
"2024-09-10";"WhatsApp";"2 239 504";"1 425 528";"27 563 357";"2024-09-10 19:52:50"
"2024-09-06";"";"38 750";"2 916";"27 561 586";"2024-09-06 05:26:56"
"2024-09-09";"";"588 342";"114 296";"27 561 396";"2024-09-09 17:38:06"
"2024-09-08";"";"43 505";"35 347";"27 561 662";"2024-09-08 15:12:08"
"2024-09-09";"";"29 013";"1 642";"27 563 488";"2024-09-09 10:55:06"
"2024-09-05";"";"27 941";"5 121";"27 562 037";"2024-09-05 17:02:30"
"2024-09-06";"Instagram";"49 865 280";"1 622 723";"27 562 102";"2024-09-06 14:23:20"
"2024-09-04";"";"487 942";"133 567";"27 562 083";"2024-09-04 08:29:35"
"2024-09-01";"Facebook";"706 694";"301 051";"27 561 216";"2024-09-01 12:45:57"
"2024-09-02";"";"5 602 135";"323 568";"27 563 191";"2024-09-02 10:43:37"
"2024-09-03";"Instagram";"390 695";"19 343";"27 561 227";"2024-09-04 01:58:20"
"2024-09-07";"";"586 712";"167 247";"27 562 668";"2024-09-08 02:59:39"
"2024-09-05";"";"278 392";"15 445";"27 562 863";"2024-09-05 08:17:58"
"2024-09-01";"";"61 570";"5 406";"27 561 767";"2024-09-01 19:16:09"
"2024-09-09";"Yandex";"207 066";"18 831";"27 561 315";"2024-09-09 12:57:38"
"2024-09-01";"";"2 080 095";"310 244";"27 562 403";"2024-09-01 14:59:23"
"2024-09-05";"";"106 763";"124 064";"27 562 496";"2024-09-05 22:07:28"
"2024-09-05";"";"794 237";"1 125 519";"27 561 540";"2024-09-05 23:56:57"
"2024-09-10";"";"1 504 270";"15 641";"27 563 291";"2024-09-10 18:51:19"
"2024-09-07";"";"353 139";"10 536";"27 561 689";"2024-09-07 06:15:36"
"2024-09-08";"";"48 860";"105 061";"27 563 308";"2024-09-08 12:21:39"
"2024-09-04";"";"372 121";"14 804";"27 562 156";"2024-09-05 00:45:29"
"2024-09-07";"Yandex";"38 877";"6 886";"27 562 051";"2024-09-07 22:43:37"
"2024-09-10";"";"49 094";"3 968";"27 563 488";"2024-09-11 01:22:50"
"2024-09-05";"";"120 202";"208 955";"27 561 250";"2024-09-06 00:57:51"
"2024-09-02";"";"404 856";"11 033";"27 563 450";"2024-09-02 20:29:18"
"2024-09-10";"";"53 643";"10 721";"27 562 815";"2024-09-10 23:44:43"
"2024-09-01";"";"18 288";"72 824";"27 562 886";"2024-09-01 11:32:11"
"2024-09-04";"";"142 265";"7 525";"27 561 567";"2024-09-04 09:30:57"
"2024-09-02";"";"5 254";"32 492";"27 563 331";"2024-09-02 21:06:17"
"2024-09-10";"";"85 366";"62 652";"27 563 495";"2024-09-10 13:58:40"
"2024-09-05";"";"1 601 399";"51 981";"27 561 714";"2024-09-05 23:20:33"
"2024-09-08";"Instagram";"1 296 348";"121 728";"27 563 195";"2024-09-08 15:36:20"
"2024-09-10";"";"407 469";"281 318";"27 562 364";"2024-09-10 14:47:47"
"2024-09-04";"";"446 660";"108 819";"27 561 520";"2024-09-05 02:59:34"
"2024-09-06";"YouTube";"88 814 586";"4 019 245";"27 561 554";"2024-09-06 10:31:18"
"2024-09-02";"";"93 501";"10 358";"27 561 692";"2024-09-02 14:59:18"
"2024-09-03";"";"282 081";"180 873";"27 562 642";"2024-09-03 21:54:09"
"2024-09-04";"";"2 799 835";"235 810";"27 563 061";"2024-09-04 08:05:56"
"2024-09-07";"Yandex";"27 557";"18 447";"27 561 265";"2024-09-07 23:44:40"
"2024-09-05";"";"602 464";"25 094";"27 561 518";"2024-09-05 09:18:35"
"2024-09-07";"Facebook";"380 802";"39 733";"27 563 426";"2024-09-07 10:55:05"
"2024-09-08";"";"10 513 730";"395 278";"27 561 562";"2024-09-08 03:48:10"
"2024-09-08";"";"140 355";"72 450";"27 561 331";"2024-09-09 00:45:28"
"2024-09-02";"YouTube";"1 424 121";"90 683";"27 561 357";"2024-09-02 23:44:28"
"2024-09-08";"Yandex";"47 179";"19 245";"27 562 260";"2024-09-08 19:04:04"
"2024-09-06";"";"91 733";"619 198";"27 562 552";"2024-09-06 06:51:29"
"2024-09-02";"Telegram";"768 280";"53 468";"27 562 710";"2024-09-02 15:48:57"
"2024-09-06";"";"4 692";"36 862";"27 562 039";"2024-09-06 13:34:55"
"2024-09-03";"";"351 364";"71 400";"27 561 903";"2024-09-03 07:04:27"
"2024-09-07";"Yandex";"53 268";"87 839";"27 561 921";"2024-09-07 14:47:31"
"2024-09-06";"";"200 359";"9 877";"27 561 216";"2024-09-06 23:56:02"
"2024-09-09";"YouTube";"464 825";"23 202";"27 562 451";"2024-09-09 14:47:20"
"2024-09-10";"";"63 939";"8 951";"27 562 365";"2024-09-10 05:50:08"
"2024-09-09";"";"34 165";"2 841";"27 562 604";"2024-09-10 01:46:10"
"2024-09-10";"VKontakte";"2 467 679";"693 972";"27 561 306";"2024-09-10 14:11:56"
"2024-09-09";"YouTube";"5 271 064";"236 432";"27 563 243";"2024-09-09 03:36:54"
"2024-09-07";"YouTube";"31 967 587";"3 152 993";"27 563 080";"2024-09-07 15:00:25"
"2024-09-08";"YouTube";"88 184 184";"4 517 845";"27 561 176";"2024-09-08 16:49:20"
"2024-09-01";"";"264 523";"18 999";"27 561 890";"2024-09-01 13:22:15"
"2024-09-07";"";"53 145";"252 295";"27 562 459";"2024-09-07 19:40:54"
"2024-09-01";"Instagram";"42 192 571";"1 867 898";"27 563 153";"2024-09-02 00:09:24"
"2024-09-08";"";"1 337 388";"191 931";"27 561 940";"2024-09-08 18:39:53"
"2024-09-10";"Telegram";"472 514";"24 426";"27 561 418";"2024-09-10 23:20:49"
"2024-09-10";"Unknown";"527 714";"107 496";"27 561 669";"2024-09-10 05:50:52"
"2024-09-06";"";"263 534";"30 624";"27 562 520";"2024-09-06 17:38:01"
"2024-09-07";"";"160 806";"79 905";"27 563 145";"2024-09-07 18:51:07"
"2024-09-05";"";"121 492";"6 839";"27 562 893";"2024-09-05 06:51:23"
"2024-09-06";"";"32 110";"15 133";"27 562 023";"2024-09-06 14:23:52"
"2024-09-09";"";"93 099";"10 180";"27 561 485";"2024-09-09 10:19:12"
"2024-09-10";"";"69 440";"15 815";"27 563 008";"2024-09-10 10:55:12"
"2024-09-04";"YouTube";"82 152 916";"6 194 736";"27 562 061";"2024-09-04 07:52:36"
"2024-09-01";"";"94 347";"19 834";"27 562 415";"2024-09-01 16:01:01"
"2024-09-10";"";"6 277 662";"6 065 655";"27 562 965";"2024-09-11 00:57:13"
"2024-09-04";"";"333 188";"34 930";"27 563 442";"2024-09-04 09:18:21"
"2024-09-05";"Facebook";"13 901 599";"549 132";"27 561 567";"2024-09-05 22:31:27"
"2024-09-04";"";"62 311";"84 382";"27 562 127";"2024-09-04 08:53:26"
"2024-09-09";"";"56 898";"14 450";"27 563 307";"2024-09-09 23:08:53"
"2024-09-10";"Facebook";"384 533";"29 827";"27 563 084";"2024-09-10 03:00:03"
"2024-09-05";"";"46 714";"1 479";"27 562 339";"2024-09-05 04:13:01"
"2024-09-06";"WhatsApp";"32 446";"4 004";"27 562 709";"2024-09-06 21:30:04"
"2024-09-03";"";"117 467";"9 831";"27 562 480";"2024-09-03 05:38:12"
"2024-09-05";"";"295 141";"9 834";"27 561 805";"2024-09-05 10:55:49"
"2024-09-08";"";"26 700";"3 867";"27 562 524";"2024-09-08 18:27:05"
"2024-09-06";"";"39 295";"20 280";"27 561 276";"2024-09-06 10:55:55"
"2024-09-01";"Instagram";"6 786 215";"263 931";"27 563 048";"2024-09-01 05:26:01"
"2024-09-07";"";"150 993";"28 670";"27 562 998";"2024-09-08 02:23:56"
"2024-09-06";"";"146 360";"208 445";"27 562 560";"2024-09-06 16:25:08"
"2024-09-04";"";"79 307";"3 826";"27 562 083";"2024-09-05 00:33:51"
"2024-09-07";"YouTube";"7 678 809";"503 956";"27 561 501";"2024-09-07 16:25:47"
"2024-09-03";"";"1 040 166";"977 449";"27 561 830";"2024-09-03 10:55:16"
"2024-09-05";"Facebook";"6 235 658";"329 037";"27 562 858";"2024-09-06 02:35:06"
"2024-09-09";"";"29 852";"2 774";"27 562 829";"2024-09-09 13:46:26"
"2024-09-09";"";"3 194 589";"706 560";"27 563 097";"2024-09-10 00:09:11"
"2024-09-05";"";"91 563";"4 161";"27 562 203";"2024-09-05 15:24:57"
"2024-09-05";"";"26 163";"14 459";"27 562 611";"2024-09-05 17:02:46"
"2024-09-01";"";"22 396";"97 526";"27 562 328";"2024-09-01 21:42:59"
"2024-09-04";"YouTube";"162 531";"6 983";"27 561 284";"2024-09-04 05:14:15"
"2024-09-02";"";"39 659";"4 002";"27 561 697";"2024-09-02 08:41:16"
"2024-09-03";"";"26 168";"12 595";"27 561 410";"2024-09-03 06:03:27"
"2024-09-08";"";"27 671";"7 330";"27 562 965";"2024-09-08 12:21:50"
"2024-09-02";"";"6 943 680";"359 401";"27 562 066";"2024-09-02 04:01:10"
"2024-09-06";"Instagram";"5 183 736";"4 827 781";"27 563 511";"2024-09-06 16:37:35"
"2024-09-03";"";"497 645";"114 283";"27 561 940";"2024-09-03 03:48:59"
"2024-09-06";"";"159 678";"113 667";"27 561 719";"2024-09-06 12:45:33"
"2024-09-01";"";"107 481";"4 250";"27 562 174";"2024-09-01 14:11:37"
"2024-09-01";"YouTube";"330 968";"46 511";"27 562 466";"2024-09-01 10:19:54"
"2024-09-06";"";"144 748";"37 517";"27 563 269";"2024-09-06 12:45:22"
"2024-09-10";"WhatsApp";"36 895";"2 771";"27 562 086";"2024-09-10 21:06:36"
"2024-09-02";"";"17 468";"27 938";"27 563 297";"2024-09-03 01:46:34"
"2024-09-07";"";"41 675";"2 510";"27 563 182";"2024-09-07 04:25:21"
"2024-09-07";"Facebook";"183 745";"23 252";"27 562 127";"2024-09-08 00:57:29"
"2024-09-10";"Facebook";"3 191 474";"98 396";"27 563 403";"2024-09-11 01:10:18"
"2024-09-10";"";"25 667 947";"1 240 065";"27 562 971";"2024-09-10 07:52:40"
"2024-09-02";"";"105 973";"3 026 214";"27 561 896";"2024-09-02 22:07:01"
"2024-09-03";"";"19 525 916";"503 250";"27 562 384";"2024-09-03 17:26:11"
"2024-09-04";"Yandex";"393 613";"30 552";"27 561 449";"2024-09-04 16:25:41"
"2024-09-09";"";"16 472";"41 040";"27 562 829";"2024-09-09 11:32:35"
"2024-09-02";"";"518 356";"128 887";"27 562 886";"2024-09-02 14:23:52"
"2024-09-02";"";"96 695";"11 674";"27 563 287";"2024-09-02 12:09:03"
"2024-09-01";"YouTube";"139 441 980";"10 825 720";"27 561 956";"2024-09-01 07:40:37"
"2024-09-07";"";"213 812";"14 707";"27 562 968";"2024-09-07 18:39:05"
"2024-09-05";"";"30 507";"15 157";"27 562 252";"2024-09-05 19:04:36"
"2024-09-07";"";"90 505";"113 711";"27 562 100";"2024-09-07 03:36:02"
"2024-09-09";"";"226 081";"129 683";"27 562 391";"2024-09-09 15:24:17"
"2024-09-05";"Instagram";"315 980";"53 396";"27 562 330";"2024-09-05 19:16:33"
"2024-09-08";"";"79 562";"8 066";"27 561 315";"2024-09-08 07:28:36"
"2024-09-07";"";"88 832";"70 514";"27 561 499";"2024-09-07 13:46:33"
"2024-09-01";"Apple Music";"29 277";"7 606";"27 562 518";"2024-09-01 22:43:08"
"2024-09-04";"";"682 256";"39 003";"27 561 375";"2024-09-04 14:59:12"
"2024-09-03";"WhatsApp";"3 246 801";"21 165 647";"27 561 392";"2024-09-03 11:08:44"
"2024-09-03";"";"108 679";"3 079 490";"27 562 459";"2024-09-03 12:09:21"
"2024-09-10";"YouTube";"1 111 796";"86 050";"27 562 703";"2024-09-10 09:06:38"
"2024-09-05";"";"29 722";"5 260";"27 562 451";"2024-09-05 17:02:49"
"2024-09-06";"";"108 979";"35 123";"27 561 381";"2024-09-06 09:42:01"
"2024-09-08";"";"97 432";"5 401";"27 562 393";"2024-09-08 20:53:08"
"2024-09-02";"";"170 804";"143 056";"27 563 418";"2024-09-02 15:00:18"
"2024-09-09";"";"29 741";"1 650";"27 562 604";"2024-09-10 02:11:13"
"2024-09-09";"";"10 958";"43 760";"27 561 396";"2024-09-10 01:58:07"
"2024-09-06";"";"74 560";"51 982";"27 562 917";"2024-09-06 17:02:05"
"2024-09-01";"";"512 300";"169 283";"27 562 921";"2024-09-01 10:43:35"
"2024-09-07";"Instagram";"6 700 900";"424 790";"27 563 420";"2024-09-07 21:30:36"
"2024-09-06";"Instagram";"474 064";"38 029";"27 562 754";"2024-09-06 08:53:20"
"2024-09-10";"";"940 632";"122 284";"27 561 562";"2024-09-10 07:16:09"
"2024-09-04";"";"2 094 937";"251 476";"27 563 134";"2024-09-04 08:53:04"
"2024-09-04";"Instagram";"620 615";"787 536";"27 562 688";"2024-09-05 02:11:41"
"2024-09-06";"Unknown";"27 145";"4 260";"27 562 706";"2024-09-06 16:25:14"
"2024-09-07";"";"9 436 212";"9 666 999";"27 563 514";"2024-09-07 06:51:52"
"2024-09-02";"Instagram";"924 164";"24 636";"27 562 979";"2024-09-02 11:20:08"
"2024-09-03";"";"537 803";"73 738";"27 561 179";"2024-09-04 00:21:55"
"2024-09-05";"";"460 377";"24 670";"27 561 800";"2024-09-05 10:07:50"
"2024-09-10";"";"356 079";"33 737";"27 563 360";"2024-09-10 11:56:58"
"2024-09-05";"YouTube";"559 003";"20 652";"27 561 219";"2024-09-05 10:55:36"
"2024-09-05";"";"141 576";"6 585";"27 561 306";"2024-09-05 12:21:41"
"2024-09-06";"";"124 178";"8 270";"27 562 799";"2024-09-06 19:28:04"
"2024-09-02";"";"62 598";"3 996";"27 561 998";"2024-09-02 21:54:05"
"2024-09-08";"YouTube";"243 207";"85 317";"27 562 257";"2024-09-08 15:24:45"
"2024-09-01";"";"4 130";"241 036";"27 563 225";"2024-09-01 09:06:51"
"2024-09-10";"YouTube";"21 536";"270 600";"27 563 493";"2024-09-10 11:56:41"
"2024-09-06";"";"1 324 058";"154 250";"27 563 404";"2024-09-06 07:28:23"
"2024-09-07";"Telegram";"61 343 406";"4 722 226";"27 562 559";"2024-09-07 19:52:56"
"2024-09-05";"PUBG";"5 255 125";"296 593";"27 562 816";"2024-09-05 17:38:17"
"2024-09-03";"";"33 602";"31 176";"27 562 906";"2024-09-03 05:38:47"
"2024-09-06";"YouTube";"30 487";"7 351";"27 561 465";"2024-09-06 17:38:18"
"2024-09-04";"";"21 341 837";"678 584";"27 561 269";"2024-09-04 16:01:04"
"2024-09-07";"YouTube";"242 350";"102 215";"27 563 347";"2024-09-08 00:45:25"
"2024-09-03";"";"896 804";"184 831";"27 562 656";"2024-09-03 06:15:16"
"2024-09-10";"YouTube";"552 279";"7 055 378";"27 562 278";"2024-09-10 20:17:56"
"2024-09-04";"Instagram";"30 990";"4 918";"27 563 315";"2024-09-04 07:28:59"
"2024-09-08";"";"946 915";"53 272";"27 561 806";"2024-09-08 14:47:41"
"2024-09-04";"";"78 357";"7 387";"27 562 156";"2024-09-04 19:04:17"
"2024-09-09";"Yandex Video";"710 175";"41 353";"27 563 052";"2024-09-09 19:28:15"
"2024-09-01";"";"14 960 033";"1 878 165";"27 561 855";"2024-09-01 17:38:21"
"2024-09-03";"";"135 721";"10 609";"27 561 460";"2024-09-03 05:50:23"
"2024-09-06";"";"443 163";"29 901";"27 562 613";"2024-09-06 03:24:50"
"2024-09-01";"";"5 683 842";"190 568";"27 562 004";"2024-09-01 05:50:04"
"2024-09-05";"";"83 819";"17 019";"27 563 111";"2024-09-05 17:38:48"
"2024-09-06";"Telegram";"288 941 349";"21 822 172";"27 563 048";"2024-09-06 04:01:55"
"2024-09-05";"";"118 482";"47 439";"27 562 766";"2024-09-05 12:21:39"
"2024-09-06";"";"45 166";"9 618";"27 562 142";"2024-09-06 19:04:07"
"2024-09-01";"YouTube";"7 377";"39 001";"27 563 329";"2024-09-01 13:58:43"
"2024-09-02";"";"659 391";"185 766";"27 563 273";"2024-09-03 00:57:51"
"2024-09-07";"";"1 781 777";"333 757";"27 563 463";"2024-09-07 09:54:35"
"2024-09-05";"";"3 148 462";"137 296";"27 562 996";"2024-09-05 17:38:37"
"2024-09-06";"Instagram";"10 016 865";"10 483 562";"27 562 675";"2024-09-06 14:47:44"
"2024-09-04";"Instagram";"58 565";"3 582";"27 563 445";"2024-09-04 14:47:21"
"2024-09-09";"";"71 747";"3 874";"27 562 692";"2024-09-10 00:21:36"
"2024-09-04";"";"745 669";"165 231";"27 563 503";"2024-09-04 07:40:49"
"2024-09-03";"";"31 715";"29 655";"27 562 156";"2024-09-03 05:50:13"
"2024-09-07";"";"676 371";"112 454";"27 562 630";"2024-09-07 20:05:28"
"2024-09-09";"";"49 026";"140 025";"27 562 985";"2024-09-09 06:51:30"
"2024-09-05";"";"663 944";"41 042";"27 562 680";"2024-09-05 13:46:29"
"2024-09-07";"";"1 305 286";"124 474";"27 562 014";"2024-09-07 11:20:17"
"2024-09-05";"WhatsApp";"8 040 511";"12 314 547";"27 561 953";"2024-09-05 13:58:30"
"2024-09-09";"";"30 101";"2 505";"27 563 463";"2024-09-09 17:26:26"
"2024-09-06";"Instagram";"38 269 898";"26 645 484";"27 562 608";"2024-09-06 17:02:13"
"2024-09-09";"";"41 957";"6 522";"27 562 643";"2024-09-10 02:59:04"
"2024-09-06";"";"406 095";"10 446";"27 562 784";"2024-09-07 00:21:25"
"2024-09-07";"YouTube";"6 517 894";"1 840 295";"27 562 273";"2024-09-08 00:09:01"
"2024-09-06";"";"187 770";"8 244";"27 562 712";"2024-09-06 09:54:40"
"2024-09-06";"Instagram";"13 054 845";"488 953";"27 563 469";"2024-09-07 01:58:17"
"2024-09-04";"YouTube";"2 585 395";"179 127";"27 563 129";"2024-09-04 13:22:45"
"2024-09-08";"Telegram";"10 681 946";"637 745";"27 563 211";"2024-09-08 22:31:36"
"2024-09-03";"";"77 996";"8 440";"27 562 622";"2024-09-03 15:36:24"
"2024-09-08";"";"239 366";"23 812";"27 562 781";"2024-09-08 21:18:51"
"2024-09-01";"";"7 184 610";"290 107";"27 561 482";"2024-09-01 16:37:47"
"2024-09-08";"";"736 949";"86 991";"27 561 456";"2024-09-08 23:20:19"
"2024-09-10";"";"45 241";"49 148";"27 561 973";"2024-09-11 00:09:43"
"2024-09-03";"YouTube";"5 526 295";"2 027 964";"27 562 379";"2024-09-03 22:19:02"
"2024-09-04";"";"35 380";"11 812";"27 562 328";"2024-09-04 11:32:51"
"2024-09-07";"";"13 059";"78 842";"27 563 094";"2024-09-07 08:41:19"
"2024-09-05";"";"130 409";"5 373";"27 561 222";"2024-09-05 17:02:37"
"2024-09-09";"";"9 714";"62 428";"27 562 360";"2024-09-10 01:22:01"
"2024-09-09";"YouTube";"32 317";"6 131";"27 562 606";"2024-09-09 03:48:24"
"2024-09-05";"";"6 753 440";"162 527";"27 561 232";"2024-09-05 10:07:39"
"2024-09-08";"Instagram";"17 193 857";"272 416";"27 562 988";"2024-09-08 12:33:02"
"2024-09-01";"Apple Music";"29 760";"5 105";"27 561 524";"2024-09-01 20:05:48"
"2024-09-06";"";"71 630";"11 045";"27 561 647";"2024-09-06 22:55:46"
"2024-09-07";"";"26 233 325";"2 100 221";"27 561 708";"2024-09-07 13:46:15"
"2024-09-02";"";"478";"28 985";"27 563 393";"2024-09-02 18:03:54"
"2024-09-05";"";"100 262";"115 538";"27 562 264";"2024-09-05 19:40:58"
"2024-09-03";"";"156 110";"16 584";"27 561 998";"2024-09-03 17:14:46"
"2024-09-04";"Tas-ix";"1 378 409";"54 747";"27 562 917";"2024-09-04 23:56:51"
"2024-09-02";"";"268 489";"86 678";"27 562 024";"2024-09-02 18:27:11"
"2024-09-02";"";"4 249 838";"180 577";"27 562 754";"2024-09-02 18:15:24"
"2024-09-05";"";"28 566";"19 997";"27 562 350";"2024-09-05 14:23:05"
"2024-09-02";"";"1 261 116";"191 396";"27 562 170";"2024-09-02 11:32:05"
"2024-09-09";"Telegram";"41 043 754";"2 601 821";"27 561 485";"2024-09-09 18:15:15"
"2024-09-02";"";"63 846";"9 364";"27 562 317";"2024-09-02 13:10:12"
"2024-09-10";"";"84 801";"36 873";"27 563 318";"2024-09-10 21:54:16"
"2024-09-10";"";"5 350 261";"208 092";"27 563 193";"2024-09-10 04:13:23"
"2024-09-02";"";"27 946";"39 999";"27 562 754";"2024-09-02 04:25:19"
"2024-09-02";"";"321 657";"214 498";"27 562 895";"2024-09-02 22:55:21"
"2024-09-01";"";"256 849";"6 848";"27 561 243";"2024-09-01 12:57:56"
"2024-09-07";"";"92 138";"10 709";"27 562 942";"2024-09-07 10:07:08"
"2024-09-05";"Odnoklassniki";"30 616 689";"8 780 239";"27 561 306";"2024-09-05 19:28:09"
"2024-09-08";"";"1 557 111";"77 544";"27 562 223";"2024-09-08 18:15:26"
"2024-09-05";"";"438 758";"24 774";"27 561 929";"2024-09-05 23:32:15"
"2024-09-07";"";"271 584";"38 240";"27 562 004";"2024-09-07 11:44:38"
"2024-09-01";"";"260 045";"23 102";"27 561 396";"2024-09-01 22:07:11"
"2024-09-02";"";"120 714";"4 431";"27 561 394";"2024-09-02 12:45:51"
"2024-09-03";"";"377 578";"20 770";"27 561 260";"2024-09-03 23:08:23"
"2024-09-05";"";"34 344";"7 852";"27 562 287";"2024-09-05 07:16:01"
"2024-09-05";"YouTube";"2 364 858";"1 174 880";"27 561 314";"2024-09-05 05:38:57"
"2024-09-08";"";"194 952";"15 477";"27 562 026";"2024-09-09 00:09:04"
"2024-09-10";"";"78 119";"2 128";"27 562 791";"2024-09-10 18:27:22"
"2024-09-09";"";"106 982";"18 344";"27 563 022";"2024-09-10 01:46:53"
"2024-09-02";"";"526 272";"1 535 654";"27 563 497";"2024-09-02 17:26:39"
"2024-09-06";"";"4 163 827";"145 812";"27 563 195";"2024-09-06 10:19:16"
"2024-09-01";"";"719 820";"267 075";"27 562 360";"2024-09-01 18:15:28"
"2024-09-04";"";"3 402";"99 802";"27 563 489";"2024-09-04 07:04:12"
"2024-09-09";"";"126 174";"526 951";"27 562 339";"2024-09-09 16:25:51"
"2024-09-09";"";"76 212";"8 179";"27 562 170";"2024-09-09 10:31:03"
"2024-09-08";"Telegram";"478 830";"40 081";"27 561 629";"2024-09-08 10:31:29"
"2024-09-03";"";"26 689";"10 928";"27 561 264";"2024-09-03 12:57:16"
"2024-09-09";"";"53 680";"2 226";"27 562 360";"2024-09-09 13:46:19"
"2024-09-01";"";"32 103";"15 999";"27 563 088";"2024-09-01 09:42:01"
"2024-09-01";"";"44 774";"2 594";"27 562 097";"2024-09-01 19:28:53"
"2024-09-05";"YouTube";"999 908";"65 559";"27 562 795";"2024-09-05 14:47:34"
"2024-09-05";"";"44 221";"7 972";"27 561 516";"2024-09-05 20:53:41"
"2024-09-09";"";"86 325";"3 892";"27 562 533";"2024-09-09 04:37:02"
"2024-09-02";"";"25 941";"1 434";"27 562 675";"2024-09-02 18:15:33"
"2024-09-06";"";"9 691 507";"702 155";"27 561 490";"2024-09-06 09:42:16"
"2024-09-06";"";"151 850";"18 612";"27 563 395";"2024-09-06 17:02:24"
"2024-09-03";"";"61 224";"7 700";"27 562 522";"2024-09-03 23:44:29"
"2024-09-07";"YouTube";"620 517";"301 825";"27 563 438";"2024-09-08 01:22:43"
"2024-09-06";"";"104 873";"4 669";"27 562 889";"2024-09-06 09:42:15"
"2024-09-03";"VKontakte";"174 035";"7 280";"27 562 709";"2024-09-03 22:55:13"
"2024-09-07";"Instagram";"348 747";"16 515";"27 563 262";"2024-09-07 09:42:52"
"2024-09-05";"Odnoklassniki";"247 345";"160 319";"27 562 205";"2024-09-05 03:24:56"
"2024-09-03";"";"343 994";"25 536";"27 562 535";"2024-09-03 05:50:35"
"2024-09-07";"";"1 476 233";"217 127";"27 561 818";"2024-09-07 19:40:13"
"2024-09-08";"";"23 766";"967 444";"27 561 361";"2024-09-08 13:10:12"
"2024-09-03";"";"210 130";"50 505";"27 563 488";"2024-09-03 22:55:26"
"2024-09-01";"";"68 653";"18 617";"27 561 181";"2024-09-01 09:30:32"
"2024-09-01";"Yandex";"342 328";"263 188";"27 561 250";"2024-09-01 23:56:55"
"2024-09-07";"";"123 435";"11 218";"27 561 698";"2024-09-07 16:13:26"
"2024-09-10";"";"362 916";"169 713";"27 562 458";"2024-09-11 00:09:46"
"2024-09-09";"";"888 143";"349 165";"27 561 873";"2024-09-09 15:48:13"
"2024-09-02";"";"94 495";"8 996";"27 561 555";"2024-09-02 06:51:14"
"2024-09-09";"YouTube";"221 186 116";"13 936 406";"27 561 420";"2024-09-09 21:42:05"
"2024-09-08";"";"123 840";"29 045";"27 563 189";"2024-09-08 08:05:28"
"2024-09-05";"";"42 459";"5 969";"27 562 224";"2024-09-05 23:08:04"
"2024-09-10";"YouTube";"740 243";"224 330";"27 562 856";"2024-09-10 16:13:45"
"2024-09-09";"";"58 274";"33 442";"27 562 981";"2024-09-09 15:36:17"
"2024-09-09";"";"505 456";"68 116";"27 562 622";"2024-09-09 23:32:35"
"2024-09-09";"";"154 927";"127 390";"27 561 460";"2024-09-09 08:17:03"
"2024-09-05";"YouTube";"66 752";"3 638";"27 562 534";"2024-09-06 01:10:43"
"2024-09-03";"";"9 079 370";"416 447";"27 561 896";"2024-09-03 04:37:38"
"2024-09-07";"Unknown";"102 592";"46 128";"27 562 339";"2024-09-07 19:40:47"
"2024-09-08";"";"201 860";"45 978";"27 562 318";"2024-09-08 17:38:18"
"2024-09-10";"";"106 291";"37 371";"27 562 051";"2024-09-11 01:22:56"
"2024-09-04";"";"50 016";"35 831";"27 562 985";"2024-09-05 02:47:18"
"2024-09-04";"Tas-ix";"233 956";"15 780";"27 562 578";"2024-09-04 19:16:37"
"2024-09-01";"Yandex";"138 996";"8 517";"27 562 473";"2024-09-01 12:33:35"
"2024-09-04";"";"84 597";"14 129";"27 562 320";"2024-09-04 17:26:27"
"2024-09-05";"";"457 847";"28 688";"27 562 593";"2024-09-05 10:55:05"
"2024-09-03";"";"277 578";"425 572";"27 563 445";"2024-09-04 01:10:11"
"2024-09-10";"YouTube";"166 378 482";"8 537 694";"27 562 820";"2024-09-10 03:36:41"
"2024-09-04";"";"44 061";"3 156";"27 563 445";"2024-09-04 12:57:52"
"2024-09-04";"";"119 261";"15 904";"27 563 451";"2024-09-05 00:45:31"
"2024-09-05";"";"896 761";"61 850";"27 563 446";"2024-09-05 06:51:46"
"2024-09-04";"Yandex";"36 016";"7 681";"27 562 122";"2024-09-04 20:17:16"
"2024-09-07";"";"8 898";"40 632";"27 561 324";"2024-09-07 21:30:15"
"2024-09-07";"";"109 067";"13 702";"27 562 792";"2024-09-07 12:09:27"
"2024-09-07";"Apple Music";"879 030";"32 294";"27 561 217";"2024-09-07 23:44:53"
"2024-09-03";"";"28 873";"7 076";"27 562 025";"2024-09-04 00:09:59"
"2024-09-05";"Instagram";"20 369 574";"568 461";"27 562 041";"2024-09-05 06:15:40"
"2024-09-08";"";"43 420";"128 890";"27 562 701";"2024-09-08 17:50:43"
"2024-09-07";"";"329 278";"26 817";"27 562 455";"2024-09-07 10:55:20"
"2024-09-04";"";"553 450";"26 280";"27 562 290";"2024-09-04 13:10:37"
"2024-09-04";"";"7 347";"78 469";"27 563 424";"2024-09-04 19:16:18"
"2024-09-06";"";"48 741";"32 887";"27 562 254";"2024-09-06 07:28:36"
"2024-09-05";"";"100 079";"426 017";"27 562 204";"2024-09-05 19:16:40"
"2024-09-08";"";"70 976";"20 174";"27 563 134";"2024-09-09 01:10:11"
"2024-09-05";"Telegram";"223 264 061";"12 747 299";"27 563 336";"2024-09-05 19:40:13"
"2024-09-04";"";"28 952 847";"1 261 268";"27 561 273";"2024-09-04 14:35:41"
"2024-09-06";"";"86 708";"37 042";"27 561 638";"2024-09-06 09:30:37"
"2024-09-09";"Yandex";"5 456";"35 450";"27 562 978";"2024-09-09 13:46:49"
"2024-09-05";"";"36 137";"36 489";"27 562 365";"2024-09-05 05:26:06"
"2024-09-02";"";"30 811";"2 044";"27 562 197";"2024-09-03 02:35:28"
"2024-09-10";"";"1 765 504";"555 014";"27 563 363";"2024-09-10 09:18:45"
"2024-09-10";"";"1 784 491";"62 160";"27 561 725";"2024-09-10 22:31:46"
"2024-09-01";"";"2 046 570";"239 732";"27 561 424";"2024-09-01 17:02:03"
"2024-09-05";"TikTok";"32 660";"499 315";"27 562 867";"2024-09-05 18:15:39"
"2024-09-04";"Instagram";"1 362 364";"62 531";"27 563 097";"2024-09-04 18:15:28"
"2024-09-10";"";"316 646";"24 519";"27 562 029";"2024-09-10 08:05:51"
"2024-09-01";"Tas-ix";"914 018";"16 202";"27 561 270";"2024-09-01 07:40:02"
"2024-09-03";"VKontakte";"2 871 014";"1 454 602";"27 562 941";"2024-09-03 03:36:56"
"2024-09-04";"";"26 630";"3 063";"27 562 439";"2024-09-04 08:53:56"
"2024-09-03";"";"74 513";"7 229";"27 563 154";"2024-09-04 01:22:37"
"2024-09-05";"";"59 989";"7 638";"27 562 578";"2024-09-05 22:07:16"
"2024-09-05";"TikTok";"2 136";"129 287";"27 562 294";"2024-09-06 02:23:54"
"2024-09-05";"WhatsApp";"73 176";"17 637";"27 561 368";"2024-09-06 00:33:08"
"2024-09-08";"YouTube";"191 915 442";"11 280 042";"27 562 654";"2024-09-08 15:24:54"
"2024-09-02";"Instagram";"587 289";"74 662";"27 561 548";"2024-09-02 10:31:19"
"2024-09-05";"";"1 671 588";"58 027";"27 562 192";"2024-09-05 10:55:16"
"2024-09-02";"";"27 362";"13 443";"27 562 367";"2024-09-02 08:05:48"
"2024-09-03";"";"9 251";"35 319";"27 562 504";"2024-09-03 05:50:25"
"2024-09-07";"";"66 600";"7 329";"27 562 646";"2024-09-07 12:09:19"
"2024-09-03";"";"26 837";"41 208";"27 562 192";"2024-09-03 08:05:20"
"2024-09-03";"";"121 682";"11 303";"27 561 357";"2024-09-03 04:25:09"
"2024-09-06";"YouTube";"36 377 334";"2 353 803";"27 562 117";"2024-09-06 12:57:11"
"2024-09-06";"";"98 395";"4 646";"27 561 873";"2024-09-06 12:21:10"
"2024-09-05";"";"387 358";"25 274";"27 562 202";"2024-09-05 03:12:46"
"2024-09-06";"";"527 186";"234 213";"27 562 092";"2024-09-07 02:59:53"
"2024-09-04";"Instagram";"2 246 489";"68 915";"27 563 069";"2024-09-04 07:04:54"
"2024-09-06";"";"24 314";"25 624";"27 562 607";"2024-09-06 21:18:19"
"2024-09-10";"";"8 796";"40 608";"27 561 836";"2024-09-10 15:24:14"
"2024-09-09";"YouTube";"344 039";"21 559";"27 562 897";"2024-09-09 09:18:55"
"2024-09-02";"";"33 189";"7 683";"27 562 552";"2024-09-02 03:12:48"
"2024-09-01";"Instagram";"272 742 987";"7 605 612";"27 561 270";"2024-09-01 18:39:45"
"2024-09-09";"";"3 070";"136 153";"27 563 264";"2024-09-10 02:23:12"
"2024-09-04";"";"101 126";"27 335";"27 561 402";"2024-09-04 16:01:24"
"2024-09-08";"";"196 956";"77 632";"27 563 175";"2024-09-08 07:28:45"
"2024-09-03";"Instagram";"8 163 344";"5 455 991";"27 561 302";"2024-09-03 10:55:53"
"2024-09-06";"Facebook";"32 051";"4 158";"27 563 192";"2024-09-06 20:29:02"
"2024-09-07";"";"76 541";"4 335";"27 562 615";"2024-09-07 23:56:28"
"2024-09-01";"";"61 354";"24 940";"27 562 521";"2024-09-01 17:14:22"
"2024-09-01";"";"60 130";"16 011";"27 561 224";"2024-09-01 16:01:41"
"2024-09-07";"";"47 166";"3 265";"27 561 490";"2024-09-07 10:31:24"
"2024-09-07";"";"1 438 202";"91 819";"27 561 953";"2024-09-08 00:21:00"
"2024-09-03";"YouTube";"1 065 864";"90 677";"27 562 468";"2024-09-03 08:41:45"
"2024-09-01";"Yandex";"12 402 393";"607 395";"27 561 662";"2024-09-01 15:48:17"
"2024-09-07";"";"39 395";"13 453";"27 561 921";"2024-09-07 03:48:48"
"2024-09-05";"";"51 110";"31 789";"27 561 433";"2024-09-05 06:39:48"
"2024-09-03";"YouTube";"5 423 077";"2 266 315";"27 563 128";"2024-09-03 11:32:33"
"2024-09-09";"Instagram";"8 896 300";"7 932 286";"27 562 436";"2024-09-09 05:26:45"
"2024-09-02";"";"3 754 572";"214 644";"27 562 363";"2024-09-02 03:36:32"
"2024-09-06";"";"667 483";"77 243";"27 563 289";"2024-09-06 09:06:07"
"2024-09-02";"Facebook";"22 255 948";"366 997";"27 563 254";"2024-09-02 20:05:29"
"2024-09-04";"";"172 345";"12 956";"27 563 403";"2024-09-05 00:21:53"
"2024-09-03";"Telegram";"601 044";"59 948";"27 563 409";"2024-09-03 11:32:09"
"2024-09-08";"";"54 271";"7 049";"27 563 026";"2024-09-08 03:00:13"
"2024-09-04";"Unknown";"1 016 825";"55 425";"27 562 194";"2024-09-04 05:50:42"
"2024-09-02";"";"5 622 337";"341 157";"27 562 495";"2024-09-03 01:34:54"
"2024-09-04";"Facebook";"61 589";"248 237";"27 562 647";"2024-09-04 13:46:38"
"2024-09-02";"Instagram";"3 371 580";"122 919";"27 562 473";"2024-09-02 06:39:24"
"2024-09-07";"";"724 696";"33 794";"27 561 680";"2024-09-07 21:30:24"
"2024-09-01";"";"263 185";"11 781";"27 561 449";"2024-09-02 01:46:49"
"2024-09-10";"";"1 997 643";"154 962";"27 562 845";"2024-09-11 00:45:46"
"2024-09-07";"Telegram";"121 282";"12 405";"27 562 820";"2024-09-07 10:07:16"
"2024-09-01";"Instagram";"501 217";"26 003";"27 561 418";"2024-09-01 15:00:52"
"2024-09-08";"Yandex";"784 611";"519 331";"27 561 315";"2024-09-09 01:22:19"
"2024-09-08";"Instagram";"368 180";"37 769";"27 563 114";"2024-09-08 16:49:39"
"2024-09-01";"Instagram";"30 509";"3 050";"27 561 257";"2024-09-01 10:19:35"
"2024-09-07";"Yandex Video";"153 867";"7 576";"27 561 965";"2024-09-07 22:43:54"
"2024-09-08";"";"161 438";"169 693";"27 562 698";"2024-09-08 06:51:11"
"2024-09-10";"WhatsApp";"85 122";"42 669";"27 562 050";"2024-09-10 18:51:17"
"2024-09-04";"YouTube";"3 532 113";"1 124 136";"27 562 025";"2024-09-04 12:09:02"
"2024-09-10";"YouTube";"640 657";"7 295 754";"27 562 039";"2024-09-10 22:31:44"
"2024-09-02";"";"1 176 584";"86 776";"27 562 069";"2024-09-02 03:00:33"
"2024-09-10";"";"84 052";"5 543";"27 561 224";"2024-09-10 06:15:55"
"2024-09-02";"";"5 806 930";"1 525 704";"27 561 198";"2024-09-02 13:34:06"
"2024-09-02";"";"28 307";"15 405";"27 563 009";"2024-09-02 11:32:17"
"2024-09-03";"";"35 607";"2 528";"27 562 393";"2024-09-04 02:35:21"
"2024-09-08";"";"62 949";"9 318";"27 561 449";"2024-09-08 06:27:02"
"2024-09-05";"";"2 012 794";"169 851";"27 561 243";"2024-09-05 16:25:46"
"2024-09-10";"";"538 311";"175 079";"27 561 293";"2024-09-10 17:50:53"
"2024-09-03";"YouTube";"68 676 128";"2 990 315";"27 561 722";"2024-09-03 22:43:24"
"2024-09-01";"Unknown";"44 526";"3 679";"27 563 467";"2024-09-01 16:25:02"
"2024-09-08";"";"99 099";"15 645";"27 562 590";"2024-09-08 03:24:07"
"2024-09-06";"";"30 871";"8 173";"27 562 004";"2024-09-06 23:44:30"
"2024-09-03";"Telegram";"123 237 441";"6 850 378";"27 563 471";"2024-09-03 22:19:18"
"2024-09-06";"";"521 602";"311 202";"27 562 004";"2024-09-06 07:04:48"
"2024-09-09";"Telegram";"5 499 554";"421 164";"27 563 047";"2024-09-09 17:38:47"
"2024-09-06";"";"126 562";"3 944";"27 562 034";"2024-09-06 21:06:45"
"2024-09-03";"";"244 801";"27 499";"27 562 784";"2024-09-03 23:20:23"
"2024-09-01";"Instagram";"36 696 183";"1 170 144";"27 561 592";"2024-09-01 18:27:03"
"2024-09-10";"";"157 277";"59 874";"27 563 174";"2024-09-11 02:11:11"
"2024-09-03";"";"66 090";"42 253";"27 563 059";"2024-09-03 10:43:03"
"2024-09-04";"";"15 827";"29 779";"27 563 093";"2024-09-04 09:06:36"
"2024-09-02";"Telegram";"86 827";"3 182";"27 561 407";"2024-09-02 12:09:00"
"2024-09-06";"Instagram";"103 412";"23 850";"27 563 338";"2024-09-06 17:02:12"
"2024-09-01";"";"171 624";"18 444";"27 561 942";"2024-09-01 15:48:40"
"2024-09-07";"Facebook";"39 117";"2 734";"27 562 152";"2024-09-07 22:31:58"
"2024-09-05";"";"28 046";"3 452";"27 561 265";"2024-09-05 13:58:14"
"2024-09-05";"Instagram";"1 531 795";"689 002";"27 562 752";"2024-09-05 08:17:07"
"2024-09-10";"";"69 648";"11 890";"27 562 968";"2024-09-10 13:58:35"
"2024-09-09";"YouTube";"10 890 894";"579 220";"27 561 708";"2024-09-09 13:34:41"
"2024-09-05";"";"1 549 460";"83 356";"27 561 974";"2024-09-05 03:36:08"
"2024-09-05";"";"12 492";"26 358";"27 561 510";"2024-09-05 21:30:28"
"2024-09-06";"Telegram";"106 518 186";"10 330 621";"27 561 855";"2024-09-06 10:07:48"
"2024-09-04";"";"48 670";"8 257";"27 563 512";"2024-09-05 02:47:29"
"2024-09-05";"";"540 974";"99 753";"27 561 840";"2024-09-06 02:47:47"
"2024-09-04";"";"190 712";"644 101";"27 563 228";"2024-09-05 00:33:08"
"2024-09-07";"Instagram";"631 431";"1 043 450";"27 562 396";"2024-09-07 20:41:08"
"2024-09-01";"";"34 994";"4 407";"27 562 716";"2024-09-01 20:41:34"
"2024-09-07";"Instagram";"29 829 318";"530 208";"27 561 281";"2024-09-07 09:06:55"
"2024-09-08";"WhatsApp";"410 794";"22 991";"27 561 944";"2024-09-08 12:45:17"
"2024-09-01";"";"304 034";"44 025";"27 561 213";"2024-09-01 14:59:00"
"2024-09-01";"YouTube";"164 664";"1 696 194";"27 563 342";"2024-09-01 21:18:08"
"2024-09-10";"";"81 228";"125 124";"27 562 639";"2024-09-10 03:12:23"
"2024-09-08";"";"44 208";"27 195";"27 562 900";"2024-09-08 06:03:54"
"2024-09-03";"";"64 145";"5 968";"27 561 591";"2024-09-03 12:33:41"
"2024-09-06";"";"336 960";"84 398";"27 562 140";"2024-09-06 17:38:13"
"2024-09-08";"";"34 803";"6 322";"27 563 066";"2024-09-08 16:25:51"
"2024-09-02";"YouTube";"2 175 137";"1 466 000";"27 562 971";"2024-09-02 04:37:51"
"2024-09-01";"";"36 025";"4 308";"27 563 287";"2024-09-01 16:13:43"
"2024-09-04";"";"281 749";"21 913";"27 562 260";"2024-09-04 17:02:36"
"2024-09-07";"";"48 930";"5 333";"27 563 111";"2024-09-08 02:23:02"
"2024-09-04";"";"149 226";"380 632";"27 562 582";"2024-09-04 13:58:18"
"2024-09-08";"";"30 408";"3 612";"27 563 493";"2024-09-08 15:00:40"
"2024-09-02";"";"112 438";"15 886";"27 561 845";"2024-09-02 23:44:23"
"2024-09-02";"";"8 989";"34 907";"27 561 760";"2024-09-02 03:36:18"
"2024-09-09";"WhatsApp";"118 094";"39 604";"27 561 205";"2024-09-09 21:18:16"
"2024-09-09";"";"4 194 337";"804 710";"27 561 884";"2024-09-09 18:27:10"
"2024-09-06";"";"33 112";"61 518";"27 562 613";"2024-09-07 01:10:46"
"2024-09-08";"";"40 513";"20 274";"27 562 039";"2024-09-08 22:07:07"
"2024-09-08";"Yandex";"1 032 737";"31 794";"27 563 372";"2024-09-08 14:11:25"
"2024-09-03";"";"794 757";"169 579";"27 563 231";"2024-09-03 19:16:43"
"2024-09-03";"";"930 374";"237 815";"27 563 060";"2024-09-03 16:49:41"
"2024-09-03";"Telegram";"441 775 024";"22 352 303";"27 562 956";"2024-09-03 18:27:33"
"2024-09-04";"YouTube";"959 828";"103 460";"27 561 252";"2024-09-04 19:28:12"
"2024-09-08";"";"625 634";"53 771";"27 561 383";"2024-09-08 16:25:14"
"2024-09-02";"";"37 321";"2 313";"27 561 922";"2024-09-02 13:34:36"
"2024-09-08";"";"28 509";"11 257";"27 562 365";"2024-09-09 01:46:37"
"2024-09-08";"";"434 626";"25 656";"27 563 216";"2024-09-08 13:22:42"
"2024-09-03";"YouTube";"37 370";"167 964";"27 561 967";"2024-09-03 17:14:13"
"2024-09-02";"";"591 482";"44 821";"27 562 663";"2024-09-02 18:03:03"
"2024-09-02";"Instagram";"7 570 616";"8 735 365";"27 563 207";"2024-09-03 00:21:39"
"2024-09-08";"";"256 045";"196 657";"27 563 020";"2024-09-08 17:02:27"
"2024-09-01";"";"53 835 660";"3 671 302";"27 561 567";"2024-09-01 13:22:29"
"2024-09-04";"";"73 173";"6 423";"27 563 171";"2024-09-04 15:36:15"
"2024-09-08";"";"41 060";"132 963";"27 563 396";"2024-09-09 02:23:00"
"2024-09-10";"";"4 745 375";"846 731";"27 561 375";"2024-09-10 13:46:01"
"2024-09-07";"Facebook";"140 991";"42 794";"27 561 965";"2024-09-07 20:05:37"
"2024-09-02";"";"13 702";"546 089";"27 562 544";"2024-09-02 18:51:17"
"2024-09-01";"YouTube";"1 093 122";"66 900";"27 561 547";"2024-09-01 09:42:20"
"2024-09-03";"";"109 217";"34 997";"27 562 552";"2024-09-04 01:34:02"
"2024-09-03";"";"46 016";"17 623";"27 562 215";"2024-09-03 18:39:36"
"2024-09-09";"";"379 440";"99 409";"27 562 988";"2024-09-09 04:49:48"
"2024-09-02";"";"15 259";"42 799";"27 563 509";"2024-09-02 05:38:40"
"2024-09-04";"Instagram";"119 388 806";"3 163 802";"27 562 670";"2024-09-04 19:28:26"
"2024-09-08";"";"31 745";"5 971";"27 561 491";"2024-09-08 15:36:17"
"2024-09-02";"Telegram";"46 049 853";"3 109 769";"27 561 207";"2024-09-02 17:02:16"
"2024-09-02";"";"968 802";"62 323";"27 562 685";"2024-09-02 16:25:51"
"2024-09-03";"YouTube";"619 246";"7 417 288";"27 561 337";"2024-09-03 17:14:25"
"2024-09-02";"YouTube";"35 701";"4 523";"27 561 564";"2024-09-02 03:24:42"
"2024-09-01";"";"234 585";"73 492";"27 562 363";"2024-09-01 16:37:20"
"2024-09-06";"";"30 338";"4 289";"27 561 290";"2024-09-06 22:07:46"
"2024-09-06";"";"46 357";"2 902";"27 562 824";"2024-09-06 14:59:12"
"2024-09-10";"Telegram";"8 156 166";"500 596";"27 561 659";"2024-09-10 13:22:47"
"2024-09-10";"YouTube";"111 867";"1 466 268";"27 561 332";"2024-09-10 18:15:01"
"2024-09-04";"Yandex";"1 430 993";"55 694";"27 561 547";"2024-09-04 10:07:46"
"2024-09-10";"";"613 138";"67 036";"27 563 166";"2024-09-10 17:14:21"
"2024-09-09";"";"27 087";"4 066";"27 563 266";"2024-09-09 04:13:11"
"2024-09-08";"";"1 668 755";"95 908";"27 562 979";"2024-09-08 18:03:06"
"2024-09-01";"";"63 070 060";"4 694 988";"27 561 326";"2024-09-01 19:28:10"
"2024-09-10";"";"180 619";"6 761";"27 562 595";"2024-09-10 15:00:13"
"2024-09-06";"Tas-ix";"151 016";"7 421";"27 563 500";"2024-09-06 16:37:24"
"2024-09-05";"";"413 159";"27 813";"27 561 539";"2024-09-05 23:32:29"
"2024-09-08";"";"29 172";"8 035";"27 562 768";"2024-09-08 10:07:12"
"2024-09-08";"";"1 434 586";"87 625";"27 562 260";"2024-09-08 14:11:42"
"2024-09-04";"Yandex";"1 029 755";"579 595";"27 561 737";"2024-09-04 09:30:13"
"2024-09-07";"";"27 397";"17 287";"27 562 457";"2024-09-07 23:44:26"
"2024-09-08";"YouTube";"508 646";"26 721";"27 563 130";"2024-09-09 02:47:13"
"2024-09-06";"Telegram";"69 328 291";"3 935 098";"27 561 421";"2024-09-06 08:29:33"
"2024-09-09";"YouTube";"341 816";"198 312";"27 561 367";"2024-09-09 11:08:01"
"2024-09-03";"";"799 240";"42 693";"27 562 732";"2024-09-03 16:13:19"
"2024-09-02";"";"85 055";"4 506";"27 561 762";"2024-09-02 20:41:55"
"2024-09-03";"";"36 973";"26 902";"27 562 659";"2024-09-03 14:35:38"
"2024-09-02";"TikTok";"37 736";"1 718 408";"27 562 352";"2024-09-02 19:04:41"
"2024-09-05";"";"27 581";"7 362";"27 561 435";"2024-09-06 02:23:49"
"2024-09-07";"";"63 938";"8 283";"27 562 906";"2024-09-07 08:41:02"
"2024-09-06";"";"46 723";"1 819";"27 561 192";"2024-09-06 17:02:05"
"2024-09-09";"";"147 393";"137 412";"27 563 442";"2024-09-10 00:45:28"
"2024-09-04";"Instagram";"9 742 828";"179 948";"27 562 041";"2024-09-04 03:36:47"
"2024-09-06";"";"2 470 457";"58 436";"27 563 154";"2024-09-06 16:13:28"
"2024-09-08";"Yandex";"5 501 504";"1 645 177";"27 562 202";"2024-09-08 12:21:06"
"2024-09-06";"";"14 224";"581 600";"27 562 560";"2024-09-06 03:24:18"
"2024-09-04";"";"27 315";"10 707";"27 562 895";"2024-09-04 09:42:20"
"2024-09-01";"";"7 510 852";"742 342";"27 561 341";"2024-09-01 05:14:31"
"2024-09-07";"";"81 563";"42 740";"27 562 259";"2024-09-07 10:43:43"
"2024-09-03";"";"16 495";"52 928";"27 563 141";"2024-09-03 18:03:34"
"2024-09-04";"";"0";"33 431";"27 562 867";"2024-09-05 02:11:34"
"2024-09-03";"";"131 610";"29 814";"27 561 324";"2024-09-03 03:24:54"
"2024-09-06";"";"126 880";"5 975";"27 562 563";"2024-09-06 18:15:08"
"2024-09-08";"";"273 962";"8 521";"27 561 670";"2024-09-08 06:03:04"
"2024-09-06";"";"111 850";"190 560";"27 562 525";"2024-09-06 13:10:24"
"2024-09-09";"VKontakte";"9 372";"50 675";"27 563 136";"2024-09-10 02:47:00"
"2024-09-07";"Facebook";"355 289";"45 731";"27 562 779";"2024-09-07 07:40:50"
"2024-09-05";"";"189 981";"8 560";"27 562 593";"2024-09-05 16:01:05"
"2024-09-06";"YouTube";"10 639";"33 582";"27 562 418";"2024-09-06 16:01:22"
"2024-09-04";"";"70 718";"192 030";"27 561 745";"2024-09-04 23:08:47"
"2024-09-02";"";"477 733";"1 435 396";"27 563 094";"2024-09-02 20:29:51"
"2024-09-05";"Facebook";"340 072";"28 805";"27 561 884";"2024-09-06 00:57:28"
"2024-09-10";"Instagram";"45 961 323";"807 659";"27 561 805";"2024-09-10 17:02:49"
"2024-09-04";"Yandex";"12 773 109";"581 840";"27 561 772";"2024-09-04 08:29:49"
"2024-09-03";"";"175 502";"200 922";"27 562 098";"2024-09-03 11:44:44"
"2024-09-02";"YouTube";"512 896";"58 849";"27 562 538";"2024-09-02 20:05:17"
"2024-09-04";"";"70 220";"8 762";"27 561 307";"2024-09-05 01:22:09"
"2024-09-06";"Yandex";"917 020";"169 782";"27 561 592";"2024-09-06 13:22:08"
"2024-09-03";"";"58 872";"4 169";"27 562 604";"2024-09-03 20:41:30"
"2024-09-08";"Instagram";"403 258 666";"10 485 206";"27 562 993";"2024-09-08 03:12:18"
"2024-09-08";"Facebook";"5 174 943";"212 539";"27 561 492";"2024-09-08 13:22:54"
"2024-09-05";"";"186 539";"72 379";"27 562 063";"2024-09-05 09:18:09"
"2024-09-02";"Facebook";"215 755";"10 605 186";"27 562 287";"2024-09-02 16:01:29"
"2024-09-08";"";"207 316";"10 658";"27 562 512";"2024-09-08 09:54:19"
"2024-09-04";"";"35 073";"6 516";"27 563 041";"2024-09-05 00:09:55"
"2024-09-10";"";"152 683";"14 454";"27 562 984";"2024-09-10 04:37:51"
"2024-09-01";"";"553 214";"192 313";"27 561 668";"2024-09-01 18:27:15"
"2024-09-04";"Likee";"89 721";"48 120";"27 562 934";"2024-09-04 12:21:58"
"2024-09-09";"Tas-ix";"2 955 577";"175 007";"27 563 023";"2024-09-09 03:24:45"
"2024-09-08";"YouTube";"61 311 756";"3 850 973";"27 562 903";"2024-09-08 20:29:27"
"2024-09-09";"";"4 600";"41 048";"27 562 824";"2024-09-09 03:48:36"
"2024-09-04";"";"59 130";"190 640";"27 561 934";"2024-09-04 05:50:37"
"2024-09-08";"";"27 582";"4 719";"27 561 384";"2024-09-09 00:21:23"
"2024-09-01";"";"71 183";"38 630";"27 562 450";"2024-09-01 16:13:18"
"2024-09-02";"";"183 766";"182 739";"27 562 133";"2024-09-02 04:25:05"
"2024-09-02";"";"569 383";"36 457";"27 561 489";"2024-09-02 11:20:58"
"2024-09-02";"";"1 790 541";"143 472";"27 562 829";"2024-09-03 00:33:20"
"2024-09-03";"Telegram";"8 880 392";"442 648";"27 562 557";"2024-09-03 03:00:50"
"2024-09-09";"";"464 394";"25 739";"27 562 590";"2024-09-09 08:53:41"
"2024-09-05";"";"32 628";"9 708";"27 562 620";"2024-09-05 03:36:03"
"2024-09-10";"";"50 032";"4 446";"27 561 301";"2024-09-11 01:58:04"
"2024-09-09";"";"3 128 332";"4 468 815";"27 563 460";"2024-09-09 22:07:11"
"2024-09-08";"";"135 057";"66 991";"27 561 767";"2024-09-08 19:28:40"
"2024-09-02";"";"972 968";"31 145";"27 563 152";"2024-09-02 04:13:21"
"2024-09-01";"Facebook";"29 831";"1 739";"27 562 112";"2024-09-01 13:10:15"
"2024-09-01";"";"37 136";"21 288";"27 563 232";"2024-09-01 11:44:44"
"2024-09-02";"";"21 711";"114 657";"27 562 197";"2024-09-02 03:48:43"
"2024-09-08";"";"797 786";"61 254";"27 563 318";"2024-09-08 11:20:10"
"2024-09-07";"Telegram";"60 563";"7 206";"27 561 872";"2024-09-07 20:29:17"
"2024-09-07";"Yandex";"134 743";"7 236";"27 561 643";"2024-09-07 22:19:39"
"2024-09-01";"Facebook";"34 922";"14 671";"27 561 286";"2024-09-01 12:33:15"
"2024-09-05";"YouTube";"29 853";"12 563";"27 561 688";"2024-09-05 11:56:04"
"2024-09-02";"";"758 199";"63 146";"27 561 480";"2024-09-02 20:05:53"
"2024-09-10";"Facebook";"41 557";"14 111";"27 561 485";"2024-09-10 15:48:16"
"2024-09-08";"";"4 744 283";"1 862 485";"27 562 799";"2024-09-08 03:48:07"
"2024-09-02";"";"438 676";"17 027";"27 561 772";"2024-09-02 18:03:57"
"2024-09-04";"";"938 994";"347 132";"27 562 553";"2024-09-04 17:26:21"
"2024-09-05";"";"140 032";"13 770";"27 562 627";"2024-09-05 13:22:38"
"2024-09-04";"";"31 178";"34 389";"27 561 302";"2024-09-05 02:47:55"
"2024-09-04";"YouTube";"112 264";"422 513";"27 561 879";"2024-09-04 12:57:07"
"2024-09-07";"";"158 043";"21 017";"27 562 232";"2024-09-07 23:20:50"
"2024-09-08";"Telegram";"81 435 996";"13 638 184";"27 563 225";"2024-09-08 07:40:41"
"2024-09-02";"";"97 333";"22 287";"27 562 516";"2024-09-02 07:40:56"
"2024-09-04";"";"29 186";"5 152";"27 562 438";"2024-09-04 21:18:43"
"2024-09-03";"";"29 074";"8 044";"27 563 462";"2024-09-03 17:38:11"
"2024-09-06";"Unknown";"26 497";"4 901";"27 562 230";"2024-09-06 09:18:13"
"2024-09-06";"Unknown";"536 139";"151 875";"27 561 845";"2024-09-06 09:54:40"
"2024-09-08";"WhatsApp";"839 382";"406 716";"27 562 879";"2024-09-08 21:18:40"
"2024-09-04";"YouTube";"417 364";"2 462 995";"27 561 244";"2024-09-05 02:59:03"
"2024-09-02";"YouTube";"1 740 954";"108 188";"27 561 907";"2024-09-02 17:02:11"
"2024-09-09";"";"142 664";"27 928";"27 563 210";"2024-09-09 03:12:25"
"2024-09-10";"";"0";"26 178";"27 561 671";"2024-09-10 21:18:21"
"2024-09-08";"";"60 460";"3 064";"27 562 622";"2024-09-08 23:44:35"
"2024-09-10";"Yandex";"2 353 465";"91 944";"27 562 142";"2024-09-10 04:49:34"
"2024-09-10";"Facebook";"471 613";"227 249";"27 561 506";"2024-09-10 09:42:28"
"2024-09-05";"";"78 182";"11 513";"27 563 239";"2024-09-05 10:55:56"
"2024-09-05";"Telegram";"3 426 253";"239 314";"27 561 778";"2024-09-06 02:47:55"
"2024-09-01";"";"47 564";"5 612";"27 562 801";"2024-09-01 19:16:51"
"2024-09-10";"YouTube";"6 593 221";"606 942";"27 561 465";"2024-09-10 22:43:01"
"2024-09-05";"";"12 834";"76 979";"27 563 207";"2024-09-05 08:53:58"
"2024-09-05";"";"40 558";"4 831";"27 561 997";"2024-09-05 08:29:33"
"2024-09-05";"";"56 518";"20 852";"27 561 796";"2024-09-05 21:30:53"
"2024-09-10";"";"50 484";"67 923";"27 563 121";"2024-09-10 18:27:44"
"2024-09-04";"";"6 080";"93 981";"27 562 806";"2024-09-04 08:41:40"
"2024-09-07";"";"103 338";"9 258";"27 562 205";"2024-09-07 15:36:45"
"2024-09-05";"Instagram";"136 591 172";"4 379 325";"27 561 691";"2024-09-05 20:17:04"
"2024-09-03";"";"37 583";"39 540";"27 563 284";"2024-09-03 14:23:51"
"2024-09-07";"";"96 140 503";"1 449 999";"27 561 253";"2024-09-08 01:22:05"
"2024-09-05";"";"878 387";"74 240";"27 561 246";"2024-09-05 22:07:46"
"2024-09-08";"";"40 620";"4 287";"27 562 454";"2024-09-08 06:27:29"
"2024-09-07";"";"354 799";"14 153";"27 563 497";"2024-09-07 03:12:29"
"2024-09-06";"";"834 537";"33 764";"27 561 216";"2024-09-06 08:41:43"
"2024-09-05";"";"30 514";"18 717";"27 563 240";"2024-09-05 10:31:12"
"2024-09-08";"";"1 106 852";"65 700";"27 562 073";"2024-09-08 11:32:25"
"2024-09-09";"";"30 113";"3 465";"27 562 897";"2024-09-09 05:38:35"
"2024-09-08";"WhatsApp";"27 048";"10 853";"27 563 378";"2024-09-08 08:41:19"
"2024-09-02";"";"371 126";"93 414";"27 562 360";"2024-09-02 23:20:25"
"2024-09-05";"";"91 530";"47 668";"27 561 721";"2024-09-06 01:58:11"
"2024-09-05";"";"0";"25 876";"27 562 892";"2024-09-05 07:16:18"
"2024-09-06";"";"298 929";"32 612";"27 562 097";"2024-09-06 08:41:15"
"2024-09-04";"";"48 248";"69 025";"27 561 173";"2024-09-04 12:33:32"
"2024-09-02";"";"674 974";"130 310";"27 562 445";"2024-09-02 15:24:12"
"2024-09-07";"";"57 335";"5 032";"27 563 238";"2024-09-07 18:27:23"
"2024-09-05";"Yandex";"246 727";"20 291";"27 561 234";"2024-09-05 21:18:30"
"2024-09-08";"";"2 619 779";"9 350 020";"27 561 206";"2024-09-08 18:39:57"
"2024-09-04";"YouTube";"6 703 582";"2 832 638";"27 562 083";"2024-09-04 15:00:22"
"2024-09-09";"";"146 553";"12 687";"27 563 153";"2024-09-09 03:00:32"
"2024-09-07";"YouTube";"40 766";"6 161";"27 562 821";"2024-09-07 10:07:49"
"2024-09-05";"";"731 534";"92 458";"27 561 314";"2024-09-05 03:12:19"
"2024-09-04";"";"29 542";"1 551";"27 563 333";"2024-09-04 16:13:10"
"2024-09-02";"";"214 549";"404 651";"27 561 448";"2024-09-02 03:00:12"
"2024-09-07";"Likee";"175 758";"169 555";"27 561 722";"2024-09-07 04:13:33"
"2024-09-08";"Instagram";"1 520 191";"72 414";"27 562 286";"2024-09-08 16:25:26"
"2024-09-05";"";"266 733";"78 796";"27 561 745";"2024-09-05 04:49:35"
"2024-09-03";"";"15 575";"37 025";"27 561 732";"2024-09-03 19:40:46"
"2024-09-05";"Facebook";"30 331 583";"2 209 053";"27 563 347";"2024-09-05 23:56:26"
"2024-09-05";"";"258 020";"158 164";"27 562 762";"2024-09-05 03:24:21"
"2024-09-05";"";"1 016 488";"102 176";"27 562 397";"2024-09-05 03:24:26"
"2024-09-09";"YouTube";"496 820";"36 614";"27 562 204";"2024-09-09 13:34:54"
"2024-09-05";"Instagram";"111 704 970";"1 659 244";"27 561 722";"2024-09-06 01:34:02"
"2024-09-02";"";"742 975";"173 262";"27 561 422";"2024-09-02 16:37:42"
"2024-09-02";"YouTube";"693 218";"11 895 944";"27 562 829";"2024-09-02 13:22:11"
"2024-09-08";"Instagram";"65 079 157";"1 811 795";"27 561 872";"2024-09-08 03:12:29"
"2024-09-08";"";"226 073";"10 418";"27 561 830";"2024-09-08 22:31:24"
"2024-09-07";"YouTube";"26 958";"6 251";"27 561 354";"2024-09-07 20:29:32"
"2024-09-05";"";"32 809";"2 691";"27 561 410";"2024-09-05 07:40:55"
"2024-09-05";"";"198 537";"38 323";"27 563 393";"2024-09-05 07:40:28"
"2024-09-07";"TikTok";"428 094";"458 043";"27 562 398";"2024-09-07 12:57:41"
"2024-09-03";"";"26 837";"12 219";"27 561 890";"2024-09-03 11:56:30"
"2024-09-10";"";"192 528";"20 294";"27 563 218";"2024-09-10 17:02:28"
"2024-09-09";"";"465 470";"38 064";"27 562 699";"2024-09-09 17:14:55"
"2024-09-08";"";"159 423";"84 954";"27 563 070";"2024-09-08 12:57:43"
"2024-09-07";"";"41 331";"11 119";"27 563 489";"2024-09-07 13:10:44"
"2024-09-02";"";"1 173 784";"103 372";"27 561 794";"2024-09-02 23:56:51"
"2024-09-02";"";"27 269";"5 703";"27 562 044";"2024-09-02 23:32:29"
"2024-09-04";"Yandex";"565 518";"32 946";"27 562 204";"2024-09-04 03:24:44"
"2024-09-07";"";"30 178";"1 698";"27 562 850";"2024-09-07 07:16:18"
"2024-09-07";"Instagram";"49 625 712";"785 978";"27 561 401";"2024-09-07 05:50:56"
"2024-09-10";"";"152 654";"26 268";"27 562 578";"2024-09-10 05:02:49"
"2024-09-09";"";"144 606";"392 105";"27 563 101";"2024-09-10 02:11:27"
"2024-09-07";"YouTube";"462 415";"2 609 090";"27 561 368";"2024-09-07 12:45:55"
"2024-09-08";"";"37 351";"9 678";"27 562 700";"2024-09-08 16:49:50"
"2024-09-08";"Tas-ix";"169 408";"49 187";"27 563 419";"2024-09-08 06:15:25"
"2024-09-10";"";"9 782 993";"472 207";"27 562 673";"2024-09-10 03:00:12"
"2024-09-08";"";"1 052 830";"45 812";"27 561 989";"2024-09-08 21:42:06"
"2024-09-04";"";"674 807";"86 533";"27 562 667";"2024-09-04 15:00:53"
"2024-09-08";"YouTube";"48 956";"25 509";"27 561 184";"2024-09-08 20:05:24"
"2024-09-04";"";"66 369";"98 771";"27 561 741";"2024-09-04 23:20:31"
"2024-09-09";"";"240 070";"125 265";"27 561 247";"2024-09-09 10:55:53"
"2024-09-08";"";"40 504";"5 345";"27 562 658";"2024-09-08 12:09:38"
"2024-09-02";"";"2 419 256";"78 661";"27 562 371";"2024-09-03 00:57:19"
"2024-09-07";"";"9 452 580";"404 149";"27 561 597";"2024-09-07 04:49:47"
"2024-09-06";"";"27 089";"577 160";"27 561 343";"2024-09-06 04:49:42"
"2024-09-07";"YouTube";"1 786 044";"169 633";"27 563 271";"2024-09-07 16:37:56"
"2024-09-04";"";"161 612";"44 792";"27 563 136";"2024-09-04 07:04:24"
"2024-09-05";"YouTube";"696 214";"754 476";"27 562 604";"2024-09-05 13:10:46"
"2024-09-04";"";"614 693";"148 054";"27 561 741";"2024-09-04 06:27:07"
"2024-09-09";"";"106 359";"4 484";"27 562 480";"2024-09-09 14:23:28"
"2024-09-04";"";"44 320";"3 336";"27 561 810";"2024-09-04 19:16:56"
"2024-09-10";"Instagram";"1 988 305";"3 574 058";"27 563 139";"2024-09-10 06:03:03"
"2024-09-02";"Telegram";"474 735 889";"25 808 546";"27 563 267";"2024-09-02 06:15:04"
"2024-09-01";"Unknown";"4 877 764";"305 845";"27 562 741";"2024-09-01 20:29:56"
"2024-09-08";"";"472 675";"206 070";"27 561 690";"2024-09-08 04:25:07"
"2024-09-05";"";"820 795";"287 582";"27 562 516";"2024-09-05 12:57:43"
"2024-09-07";"";"5 184 864";"236 438";"27 561 789";"2024-09-07 17:02:33"
"2024-09-05";"";"2 084 023";"83 709";"27 561 811";"2024-09-05 07:52:17"
"2024-09-10";"";"1 308 578";"29 459";"27 562 022";"2024-09-10 16:37:00"
"2024-09-02";"Yandex";"46 529";"46 720";"27 562 445";"2024-09-02 12:09:32"
"2024-09-07";"";"104 609";"8 171";"27 562 489";"2024-09-07 07:40:47"
"2024-09-01";"";"414 641";"26 910";"27 562 124";"2024-09-02 02:11:35"
"2024-09-06";"WhatsApp";"1 955 325";"3 565 413";"27 561 890";"2024-09-06 21:18:07"
"2024-09-06";"Telegram";"211 696";"22 287";"27 563 304";"2024-09-06 10:43:59"
"2024-09-07";"";"93 344";"11 873";"27 561 608";"2024-09-07 04:37:32"
"2024-09-07";"";"807 648";"113 133";"27 562 197";"2024-09-08 00:21:27"
"2024-09-05";"Instagram";"1 900 698";"75 697";"27 563 121";"2024-09-05 22:55:23"
"2024-09-02";"Facebook";"735 508";"63 977";"27 563 083";"2024-09-03 00:45:14"
"2024-09-08";"YouTube";"110 753";"20 234";"27 561 775";"2024-09-08 22:07:49"
"2024-09-05";"YouTube";"816 760";"81 187";"27 561 897";"2024-09-05 14:47:39"
"2024-09-10";"YouTube";"344 818";"101 531";"27 563 221";"2024-09-11 00:09:23"
"2024-09-01";"Unknown";"42 859";"13 726";"27 561 172";"2024-09-01 20:05:25"
"2024-09-08";"Yandex";"1 580 117";"60 645";"27 562 617";"2024-09-08 05:02:27"
"2024-09-08";"Telegram";"4 211 995";"340 275";"27 562 690";"2024-09-09 01:10:42"
"2024-09-07";"";"133 669";"48 965";"27 562 597";"2024-09-07 21:54:26"
"2024-09-06";"Instagram";"41 815 238";"946 460";"27 562 757";"2024-09-06 13:58:56"
"2024-09-09";"Telegram";"1 009 532";"172 420";"27 561 860";"2024-09-09 03:12:59"
"2024-09-09";"";"294 677";"19 139";"27 561 199";"2024-09-09 19:16:18"
"2024-09-01";"";"720";"35 573";"27 562 692";"2024-09-01 08:53:02"
"2024-09-09";"Instagram";"94 934 999";"2 130 889";"27 563 467";"2024-09-09 03:48:38"
"2024-09-09";"Instagram";"226 792";"9 027";"27 562 278";"2024-09-09 22:19:18"
"2024-09-02";"Instagram";"8 933 955";"337 181";"27 562 047";"2024-09-02 11:56:11"
"2024-09-01";"Instagram";"7 024 726";"291 752";"27 562 293";"2024-09-01 09:18:24"
"2024-09-08";"";"25 712 728";"1 117 233";"27 562 527";"2024-09-08 04:01:39"
"2024-09-01";"";"3 346 625";"179 240";"27 563 220";"2024-09-01 04:25:38"
"2024-09-09";"Facebook";"3 610";"720 539";"27 561 500";"2024-09-10 00:09:41"
"2024-09-03";"";"8 790 801";"1 749 891";"27 562 932";"2024-09-03 15:12:46"
"2024-09-08";"";"5 982 918";"285 188";"27 562 025";"2024-09-08 05:26:41"
"2024-09-02";"";"208 448";"25 227";"27 562 099";"2024-09-02 14:35:56"
"2024-09-04";"Facebook";"36 224";"5 202";"27 561 410";"2024-09-04 05:26:54"
"2024-09-04";"";"674 163";"31 529";"27 561 927";"2024-09-04 23:32:36"
"2024-09-07";"";"38 931";"8 740";"27 562 780";"2024-09-07 10:31:56"
"2024-09-02";"";"96 557";"14 350";"27 562 971";"2024-09-02 06:27:29"
"2024-09-07";"";"233 945";"13 804";"27 561 298";"2024-09-08 00:09:17"
"2024-09-02";"Yandex";"72 549";"6 018";"27 563 281";"2024-09-02 18:27:05"
"2024-09-03";"";"56 375 848";"1 511 517";"27 561 262";"2024-09-03 16:25:53"
"2024-09-03";"";"27 665";"18 760";"27 563 427";"2024-09-03 12:45:44"
"2024-09-04";"";"1 170 185";"74 374";"27 562 530";"2024-09-04 18:39:25"
"2024-09-07";"YouTube";"1 221 663";"65 334";"27 562 399";"2024-09-08 00:57:29"
"2024-09-04";"Telegram";"6 530 196";"1 086 089";"27 562 230";"2024-09-04 08:05:22"
"2024-09-07";"";"1 042 093";"124 375";"27 562 919";"2024-09-07 23:08:24"
"2024-09-01";"";"2 181 392";"137 707";"27 562 686";"2024-09-01 06:39:30"
"2024-09-07";"";"227 191";"14 040";"27 563 427";"2024-09-07 10:31:12"
"2024-09-10";"";"45 888";"9 853";"27 563 418";"2024-09-10 16:01:17"
"2024-09-02";"Instagram";"504 427 172";"17 387 098";"27 561 688";"2024-09-02 09:30:02"
"2024-09-07";"Instagram";"36 649 460";"2 210 952";"27 562 371";"2024-09-07 23:32:44"
"2024-09-10";"";"37 900";"4 771";"27 561 337";"2024-09-11 02:11:06"
"2024-09-02";"";"124 286";"15 383";"27 562 344";"2024-09-02 16:49:16"
"2024-09-09";"";"1 904 039";"105 557";"27 562 382";"2024-09-09 07:16:55"
"2024-09-01";"";"5 547 408";"177 119";"27 561 542";"2024-09-02 02:47:05"
"2024-09-03";"Instagram";"1 472 818";"77 480";"27 561 536";"2024-09-03 21:18:22"
"2024-09-09";"";"67 383";"211 603";"27 562 028";"2024-09-09 13:46:29"
"2024-09-03";"Tas-ix";"987 610";"61 374";"27 563 392";"2024-09-03 19:04:49"
"2024-09-07";"";"2 032 546";"75 729";"27 562 445";"2024-09-07 22:55:22"
"2024-09-01";"YouTube";"7 480 289";"1 024 213";"27 562 211";"2024-09-01 09:42:25"
"2024-09-06";"YouTube";"450 225";"17 576";"27 561 180";"2024-09-06 20:41:58"
"2024-09-07";"Facebook";"23 313 129";"549 556";"27 562 298";"2024-09-07 16:25:06"
"2024-09-03";"Instagram";"2 484 279";"76 281";"27 562 350";"2024-09-03 03:00:45"
"2024-09-08";"Facebook";"32 506";"2 174";"27 563 496";"2024-09-08 03:00:46"
"2024-09-04";"";"28 790";"10 522";"27 562 535";"2024-09-04 03:12:33"
"2024-09-03";"";"13 004";"30 428";"27 562 696";"2024-09-03 19:52:14"
"2024-09-05";"YouTube";"43 609 112";"4 567 309";"27 561 670";"2024-09-06 00:21:24"
"2024-09-07";"";"181 966";"118 600";"27 561 775";"2024-09-07 17:26:05"
"2024-09-08";"";"592 658";"37 751";"27 562 445";"2024-09-08 04:49:04"
"2024-09-06";"";"131 512";"11 836";"27 563 390";"2024-09-06 23:08:53"
"2024-09-05";"Facebook";"81 441";"23 151";"27 562 082";"2024-09-05 03:12:25"
"2024-09-02";"";"50 995";"2 974";"27 561 775";"2024-09-02 20:29:59"
"2024-09-07";"";"2 685 882";"109 102";"27 562 326";"2024-09-07 19:04:49"
"2024-09-02";"Instagram";"28 318 785";"516 081";"27 563 174";"2024-09-02 21:06:48"
"2024-09-09";"YouTube";"2 209 135";"872 085";"27 563 481";"2024-09-09 07:40:32"
"2024-09-07";"";"116 057";"12 016";"27 562 903";"2024-09-07 12:33:20"
"2024-09-02";"YouTube";"722 714";"40 817";"27 561 484";"2024-09-02 22:31:15"
"2024-09-07";"";"50 735";"282 455";"27 562 203";"2024-09-08 01:10:31"
"2024-09-06";"";"39 766";"2 557";"27 563 273";"2024-09-06 14:23:03"
"2024-09-08";"YouTube";"309 451";"16 571";"27 562 400";"2024-09-08 09:42:20"
"2024-09-03";"";"85 370";"29 354";"27 562 156";"2024-09-03 07:04:07"
"2024-09-10";"Facebook";"62 078";"4 956";"27 562 416";"2024-09-10 05:14:10"
"2024-09-02";"Instagram";"22 807 510";"933 466";"27 561 252";"2024-09-02 11:56:49"
"2024-09-08";"";"264 129";"12 024";"27 562 063";"2024-09-08 12:33:01"
"2024-09-09";"YouTube";"75 130";"8 375";"27 562 663";"2024-09-09 12:45:55"
"2024-09-01";"YouTube";"41 124";"3 509";"27 561 645";"2024-09-01 20:53:26"
"2024-09-05";"Instagram";"1 747 738";"1 443 256";"27 562 760";"2024-09-05 05:14:49"
"2024-09-10";"";"42 193";"3 167";"27 561 384";"2024-09-10 03:00:33"
"2024-09-08";"";"29 504";"78 869";"27 561 454";"2024-09-08 16:13:03"
"2024-09-08";"Yandex";"502 757";"958 941";"27 561 815";"2024-09-08 05:38:36"
"2024-09-04";"";"178 022";"222 214";"27 561 172";"2024-09-04 15:36:42"
"2024-09-09";"YouTube";"1 151 931";"385 982";"27 561 743";"2024-09-09 20:53:19"
"2024-09-01";"";"36 892";"11 762";"27 562 355";"2024-09-01 09:54:06"
"2024-09-06";"";"39 317";"2 604";"27 561 492";"2024-09-06 20:41:59"
"2024-09-05";"Telegram";"86 298 427";"4 491 245";"27 561 670";"2024-09-05 03:12:36"
"2024-09-04";"";"33 055";"2 961";"27 561 206";"2024-09-04 19:16:00"
"2024-09-07";"";"25 782";"7 573";"27 562 935";"2024-09-07 22:55:33"
"2024-09-09";"";"39 122";"2 581";"27 563 177";"2024-09-09 18:03:57"
"2024-09-04";"Facebook";"10 493 611";"284 720";"27 562 512";"2024-09-04 06:51:23"
"2024-09-02";"";"35 968";"13 100";"27 562 689";"2024-09-02 15:48:10"
"2024-09-04";"";"70 220";"55 971";"27 561 578";"2024-09-05 02:11:01"
"2024-09-02";"";"234 675";"33 365";"27 562 431";"2024-09-02 11:20:40"
"2024-09-08";"";"46 695 396";"2 536 528";"27 563 192";"2024-09-08 07:04:19"
"2024-09-01";"";"32 433";"7 835";"27 562 280";"2024-09-01 23:08:42"
"2024-09-02";"";"128 404";"34 034";"27 562 194";"2024-09-02 09:18:04"
"2024-09-04";"";"340 942";"18 845";"27 562 050";"2024-09-04 06:27:57"
"2024-09-02";"";"1 080";"53 583";"27 563 098";"2024-09-02 18:03:06"
"2024-09-07";"";"37 292";"23 055";"27 561 249";"2024-09-07 14:47:03"
"2024-09-03";"";"163 842";"59 643";"27 561 474";"2024-09-04 00:45:14"
"2024-09-04";"";"289 717";"76 066";"27 562 143";"2024-09-05 02:23:57"
"2024-09-01";"";"28 401";"13 916";"27 562 105";"2024-09-01 08:17:03"
"2024-09-10";"";"1 819 172";"2 731 865";"27 562 305";"2024-09-10 16:37:30"
"2024-09-02";"";"93 152";"66 832";"27 562 516";"2024-09-02 03:24:39"
"2024-09-06";"";"70 618";"5 949";"27 563 334";"2024-09-06 10:07:45"
"2024-09-03";"Tas-ix";"137 549";"39 534";"27 563 419";"2024-09-03 14:23:30"
"2024-09-03";"";"134 172";"17 793";"27 561 712";"2024-09-04 00:45:19"
"2024-09-02";"YouTube";"10 222 029";"609 508";"27 561 687";"2024-09-02 04:37:15"
"2024-09-07";"";"31 434";"2 190";"27 562 949";"2024-09-07 03:24:36"
"2024-09-04";"";"514 481";"38 007";"27 563 158";"2024-09-04 11:08:04"
"2024-09-09";"Instagram";"36 139 342";"993 726";"27 563 081";"2024-09-09 07:28:50"
"2024-09-08";"";"455 720 647";"2 643 222";"27 563 458";"2024-09-08 16:49:58"
"2024-09-05";"";"170 072";"10 530";"27 562 648";"2024-09-05 05:02:06"
"2024-09-02";"";"36 810";"133 413";"27 562 377";"2024-09-02 18:03:22"
"2024-09-08";"";"159 724";"18 819";"27 562 024";"2024-09-08 10:43:45"
"2024-09-09";"YouTube";"4 430 752";"236 433";"27 561 809";"2024-09-09 04:25:51"
"2024-09-01";"";"178 233";"160 802";"27 561 895";"2024-09-01 14:35:30"
"2024-09-09";"";"95 811";"9 001";"27 561 863";"2024-09-09 07:52:28"
"2024-09-07";"";"442 952";"4 972";"27 562 232";"2024-09-07 15:24:39"
"2024-09-06";"";"189 080";"1 031 107";"27 561 244";"2024-09-06 06:27:21"
"2024-09-09";"";"202 823";"8 856";"27 563 131";"2024-09-10 02:59:16"
"2024-09-09";"YouTube";"72 585";"14 567";"27 563 058";"2024-09-09 11:32:31"
"2024-09-04";"";"131 528";"13 025";"27 563 110";"2024-09-04 04:13:05"
"2024-09-08";"";"2 497 494";"117 415";"27 561 407";"2024-09-08 16:49:49"
"2024-09-06";"YouTube";"166 617";"10 377";"27 563 107";"2024-09-06 21:54:29"
"2024-09-09";"";"206 406";"181 509";"27 561 670";"2024-09-09 06:15:39"
"2024-09-05";"";"641 217";"31 274";"27 561 259";"2024-09-05 14:11:04"
"2024-09-05";"Facebook";"628 654";"257 713";"27 562 096";"2024-09-06 02:47:43"
"2024-09-06";"";"53 655";"174 944";"27 562 138";"2024-09-07 02:59:05"
"2024-09-06";"";"154 245";"16 499";"27 562 643";"2024-09-06 11:44:27"
"2024-09-01";"";"1 086 495";"109 521";"27 562 799";"2024-09-01 03:36:20"
"2024-09-05";"";"555 681";"317 642";"27 562 629";"2024-09-05 14:23:33"
"2024-09-08";"";"2 446 663";"209 607";"27 562 445";"2024-09-09 01:10:42"
"2024-09-09";"";"933 482";"282 063";"27 561 276";"2024-09-09 20:05:35"
"2024-09-09";"";"79 617";"8 487";"27 562 204";"2024-09-09 03:24:41"
"2024-09-08";"Odnoklassniki";"425 286";"207 995";"27 563 186";"2024-09-08 20:41:32"
"2024-09-06";"";"86 393";"24 148";"27 563 452";"2024-09-07 00:21:25"
"2024-09-01";"";"98 749";"129 971";"27 563 006";"2024-09-01 03:00:07"
"2024-09-02";"";"86 263";"5 375";"27 562 649";"2024-09-02 09:18:16"
"2024-09-10";"";"750 566";"26 786";"27 562 965";"2024-09-10 19:52:33"
"2024-09-02";"YouTube";"4 366 382";"341 413";"27 561 184";"2024-09-02 06:15:37"
"2024-09-01";"";"29 048";"8 853";"27 562 116";"2024-09-01 08:41:19"
"2024-09-02";"Instagram";"210 369";"8 411";"27 563 212";"2024-09-02 23:20:27"
"2024-09-05";"";"705 879";"407 623";"27 563 453";"2024-09-06 01:22:35"
"2024-09-10";"";"49 928";"207 942";"27 561 276";"2024-09-10 17:50:58"
"2024-09-03";"";"26 929";"30 019";"27 562 969";"2024-09-03 23:08:29"
"2024-09-07";"Facebook";"98 442";"5 238";"27 563 065";"2024-09-07 03:00:16"
"2024-09-05";"";"193 626";"9 465";"27 562 263";"2024-09-05 06:51:50"
"2024-09-07";"";"315 004";"27 908";"27 562 957";"2024-09-07 03:12:09"
"2024-09-07";"YouTube";"2 139 367";"702 594";"27 562 524";"2024-09-07 04:01:39"
"2024-09-05";"";"67 854";"6 348";"27 563 284";"2024-09-05 21:42:22"
"2024-09-09";"";"1 351 877 005";"182 152 232";"27 561 552";"2024-09-10 00:57:32"
"2024-09-06";"YouTube";"4 641 613";"1 558 396";"27 562 105";"2024-09-06 20:29:20"
"2024-09-01";"YouTube";"22 314 926";"1 511 217";"27 561 173";"2024-09-02 02:23:01"
"2024-09-08";"Instagram";"3 499 536";"2 386 704";"27 562 961";"2024-09-08 03:00:02"
"2024-09-02";"Yandex";"4 857 485";"139 293";"27 562 615";"2024-09-02 05:38:47"
"2024-09-06";"";"1 874 769";"103 165";"27 563 258";"2024-09-07 01:34:39"
"2024-09-04";"";"114 054";"95 511";"27 562 845";"2024-09-05 00:45:55"
"2024-09-09";"Telegram";"487 609 962";"7 229 933";"27 562 047";"2024-09-10 02:35:18"
"2024-09-10";"";"1 166 422";"1 570 706";"27 563 458";"2024-09-10 03:48:11"
"2024-09-06";"Instagram";"2 855 378";"341 181";"27 561 744";"2024-09-07 02:59:45"
"2024-09-10";"Instagram";"18 995 360";"600 450";"27 561 997";"2024-09-10 05:50:58"
"2024-09-04";"";"5 566 748";"7 077 252";"27 562 033";"2024-09-04 11:20:20"
"2024-09-05";"";"77 096";"40 338";"27 562 015";"2024-09-05 05:14:34"
"2024-09-04";"Unknown";"122 150";"21 193";"27 563 387";"2024-09-04 18:03:53"
"2024-09-02";"Instagram";"4 230 056";"13 953 396";"27 561 815";"2024-09-02 23:32:34"
"2024-09-01";"";"27 941";"215 286";"27 561 224";"2024-09-01 14:47:32"
"2024-09-09";"VKontakte";"221 274";"248 688";"27 561 281";"2024-09-09 21:42:19"
"2024-09-07";"YouTube";"38 466";"2 521";"27 562 379";"2024-09-07 22:07:49"
"2024-09-02";"";"146 736";"72 409";"27 561 873";"2024-09-02 04:25:31"
"2024-09-05";"Apple Music";"72 838";"15 142";"27 562 202";"2024-09-05 23:20:39"
"2024-09-03";"";"26 888";"9 728";"27 561 355";"2024-09-03 19:16:06"
"2024-09-02";"Telegram";"14 669 766";"653 060";"27 562 320";"2024-09-02 05:26:48"
"2024-09-08";"Yandex";"72 187";"72 805";"27 562 903";"2024-09-08 11:32:09"
"2024-09-06";"";"54 547 626";"2 843 713";"27 562 490";"2024-09-06 22:19:13"
"2024-09-05";"";"1 065 464";"159 878";"27 562 304";"2024-09-06 01:22:13"
"2024-09-07";"Yandex";"2 208 328";"74 319";"27 563 000";"2024-09-07 10:07:26"
"2024-09-02";"Telegram";"121 656";"11 823";"27 563 082";"2024-09-02 18:39:14"
"2024-09-10";"Facebook";"32 419";"6 554";"27 562 659";"2024-09-11 00:33:29"
"2024-09-07";"Instagram";"9 135 312";"100 334";"27 563 225";"2024-09-07 17:26:16"
"2024-09-06";"";"7 842 194";"490 373";"27 562 117";"2024-09-06 10:07:45"
"2024-09-01";"";"49 433";"3 810";"27 562 025";"2024-09-01 14:23:52"
"2024-09-09";"";"1 464 708";"734 723";"27 563 060";"2024-09-10 02:11:34"
"2024-09-09";"";"201 378";"23 454";"27 562 542";"2024-09-09 03:12:28"
"2024-09-02";"";"63 904";"60 012";"27 562 022";"2024-09-02 07:16:39"
"2024-09-03";"Instagram";"1 653 963";"76 059";"27 563 265";"2024-09-03 09:42:20"
"2024-09-06";"";"365 808";"73 060";"27 562 438";"2024-09-06 07:28:08"
"2024-09-04";"Facebook";"530 119";"258 765";"27 561 251";"2024-09-04 07:04:28"
"2024-09-04";"";"82 175";"63 012";"27 563 258";"2024-09-04 14:47:11"
"2024-09-06";"";"1 645 925";"295 220";"27 562 257";"2024-09-06 04:25:31"
"2024-09-05";"";"1 306 886";"148 397";"27 561 958";"2024-09-05 22:43:32"
"2024-09-09";"";"789 314";"80 493";"27 561 800";"2024-09-10 02:47:58"
"2024-09-07";"";"219 981";"47 667";"27 562 051";"2024-09-07 03:48:36"
"2024-09-09";"Yandex";"4 591 397";"204 531";"27 562 291";"2024-09-09 11:08:19"
"2024-09-06";"";"123 195";"105 944";"27 562 127";"2024-09-06 14:59:11"
"2024-09-06";"";"94 357";"7 514";"27 561 305";"2024-09-06 18:51:58"
"2024-09-02";"Instagram";"424 315";"60 522";"27 563 366";"2024-09-02 16:37:48"
"2024-09-10";"";"31 129";"1 513";"27 561 895";"2024-09-10 05:02:26"
"2024-09-07";"";"64 758";"6 793";"27 562 932";"2024-09-07 10:31:55"
"2024-09-08";"";"179 465";"17 132";"27 562 035";"2024-09-08 16:37:45"
"2024-09-02";"";"85 111";"59 557";"27 562 906";"2024-09-02 23:08:06"
"2024-09-07";"";"102 043";"6 558";"27 562 866";"2024-09-07 04:01:06"
"2024-09-10";"";"281 677";"116 543";"27 561 254";"2024-09-10 15:00:22"
"2024-09-06";"";"110 154";"13 016";"27 562 473";"2024-09-06 05:50:31"
"2024-09-07";"";"301 017";"22 957";"27 563 351";"2024-09-08 01:34:59"
"2024-09-02";"";"86 650";"5 947";"27 561 484";"2024-09-02 08:17:25"
"2024-09-01";"";"317 717";"23 332";"27 561 890";"2024-09-01 12:09:50"
"2024-09-10";"";"2 547 265";"98 941";"27 561 281";"2024-09-10 17:26:02"
"2024-09-02";"Instagram";"11 930 576";"13 407 578";"27 562 698";"2024-09-02 13:34:01"
"2024-09-03";"";"28 128";"64 372";"27 562 668";"2024-09-03 07:40:25"
"2024-09-08";"";"39 020";"7 682";"27 562 679";"2024-09-09 01:22:47"
"2024-09-03";"Telegram";"76 385 631";"17 195 995";"27 562 644";"2024-09-03 13:46:56"
"2024-09-07";"Instagram";"335 699";"21 214";"27 562 037";"2024-09-07 12:33:29"
"2024-09-08";"Telegram";"23 517 030";"13 588 283";"27 561 669";"2024-09-08 20:53:13"
"2024-09-05";"";"25 869";"4 601";"27 561 772";"2024-09-05 17:50:04"
"2024-09-09";"Instagram";"5 134 024";"4 070 307";"27 563 285";"2024-09-09 22:31:03"
"2024-09-08";"YouTube";"3 454 998";"1 829 357";"27 562 242";"2024-09-08 14:35:43"
"2024-09-07";"YouTube";"339 136";"55 487";"27 562 497";"2024-09-07 18:03:46"
"2024-09-01";"Facebook";"118 900";"74 560";"27 563 174";"2024-09-01 23:20:14"
"2024-09-05";"YouTube";"2 682 524";"165 592";"27 561 690";"2024-09-05 15:36:41"
"2024-09-07";"";"216 916";"4 449 479";"27 561 224";"2024-09-07 06:15:43"
"2024-09-02";"";"66 709";"6 440";"27 563 361";"2024-09-03 00:09:11"
"2024-09-02";"";"312 290";"10 071";"27 562 552";"2024-09-02 20:41:43"
"2024-09-09";"Facebook";"10 440 781";"279 867";"27 563 192";"2024-09-09 19:28:46"
"2024-09-06";"";"134 209";"9 226";"27 563 366";"2024-09-06 14:35:54"
"2024-09-01";"";"144 323";"49 982";"27 563 087";"2024-09-01 04:25:23"
"2024-09-06";"WhatsApp";"307 654";"127 618";"27 561 454";"2024-09-06 11:32:32"
"2024-09-04";"";"146 563";"6 435";"27 562 146";"2024-09-05 01:58:29"
"2024-09-04";"";"334 637";"34 342";"27 562 398";"2024-09-04 06:39:29"
"2024-09-01";"";"34 357";"141 449";"27 563 403";"2024-09-01 09:06:18"
"2024-09-08";"Telegram";"15 019 520";"1 459 873";"27 563 418";"2024-09-08 12:33:33"
"2024-09-01";"";"294 954";"35 245";"27 562 497";"2024-09-01 10:19:01"
"2024-09-02";"";"882 749";"407 663";"27 562 696";"2024-09-02 07:52:04"
"2024-09-04";"";"7 621 586";"177 633";"27 562 803";"2024-09-04 14:59:52"
"2024-09-05";"";"0";"28 658";"27 562 275";"2024-09-05 05:38:46"
"2024-09-01";"";"32 597";"2 919";"27 561 666";"2024-09-01 23:56:55"
"2024-09-10";"Telegram";"3 305 930";"186 674";"27 562 538";"2024-09-10 07:04:06"
"2024-09-06";"";"89 870";"5 248";"27 562 102";"2024-09-06 09:18:51"
"2024-09-03";"YouTube";"120 900";"1 561 130";"27 562 960";"2024-09-03 17:50:20"
"2024-09-10";"Instagram";"236 507";"16 944";"27 562 085";"2024-09-10 14:11:14"
"2024-09-07";"Instagram";"86 236 144";"3 505 725";"27 561 361";"2024-09-07 16:49:58"
"2024-09-09";"YouTube";"141 800";"7 374";"27 561 662";"2024-09-09 17:14:51"
"2024-09-04";"YouTube";"587 704";"83 065";"27 561 785";"2024-09-04 20:29:47"
"2024-09-10";"YouTube";"586 428";"7 731 054";"27 562 273";"2024-09-10 21:42:14"
"2024-09-01";"";"147 086";"27 094";"27 562 916";"2024-09-01 15:00:01"
"2024-09-07";"";"519 673";"24 174";"27 561 457";"2024-09-07 10:07:38"
"2024-09-03";"";"666 439";"250 835";"27 563 372";"2024-09-03 21:54:52"
"2024-09-07";"";"73 375";"73 733";"27 562 172";"2024-09-07 15:48:31"
"2024-09-02";"";"33 929";"5 674";"27 561 418";"2024-09-02 06:03:36"
"2024-09-06";"";"397 099";"22 095";"27 561 689";"2024-09-06 13:34:51"
"2024-09-08";"";"5 067 691";"483 068";"27 563 289";"2024-09-08 18:39:07"
"2024-09-08";"";"185 592";"12 724";"27 562 737";"2024-09-08 07:16:03"
"2024-09-07";"YouTube";"34 961";"5 296";"27 561 171";"2024-09-07 12:57:42"
"2024-09-02";"";"63 840";"44 613";"27 562 098";"2024-09-03 00:33:04"
"2024-09-07";"";"64 193";"16 155";"27 562 563";"2024-09-07 23:08:23"
"2024-09-03";"";"786 519";"32 869";"27 561 641";"2024-09-03 07:28:33"
"2024-09-08";"";"696 350";"306 252";"27 562 780";"2024-09-08 05:02:06"
"2024-09-02";"";"99 669";"67 976";"27 561 292";"2024-09-02 08:05:56"
"2024-09-06";"";"219 781";"26 459";"27 562 207";"2024-09-06 03:00:02"
"2024-09-06";"";"28 354";"2 621";"27 563 336";"2024-09-06 18:15:09"
"2024-09-01";"YouTube";"23 985";"251 710";"27 562 173";"2024-09-01 10:55:56"
"2024-09-05";"";"167 565";"832 358";"27 563 032";"2024-09-05 14:23:39"
"2024-09-04";"";"90 060";"268 860";"27 562 703";"2024-09-04 03:00:49"
"2024-09-10";"";"9 251 634";"317 411";"27 562 133";"2024-09-10 08:05:50"
"2024-09-02";"";"53 947";"11 529";"27 562 530";"2024-09-02 07:16:54"
"2024-09-09";"";"152 565";"14 804";"27 562 784";"2024-09-09 20:29:53"
"2024-09-10";"";"40 939";"464 978";"27 561 975";"2024-09-11 00:57:19"
"2024-09-10";"Instagram";"466 673 048";"17 516 307";"27 562 087";"2024-09-10 14:35:13"
"2024-09-02";"";"46 450";"5 294";"27 562 917";"2024-09-02 03:24:37"
"2024-09-09";"";"29 148 069";"2 526 255";"27 561 974";"2024-09-09 15:24:03"
"2024-09-01";"Odnoklassniki";"26 606";"3 724";"27 563 066";"2024-09-01 21:30:03"
"2024-09-06";"";"2 228 706";"582 635";"27 561 569";"2024-09-06 08:41:33"
"2024-09-08";"";"641 567";"60 285";"27 562 293";"2024-09-08 23:32:58"
"2024-09-06";"";"193 857";"19 931";"27 562 438";"2024-09-06 23:08:37"
"2024-09-03";"Instagram";"1 379 257";"310 043";"27 561 744";"2024-09-03 15:00:33"
"2024-09-06";"";"28 841";"2 535";"27 561 298";"2024-09-06 11:56:13"
"2024-09-08";"";"43 181";"6 474";"27 561 790";"2024-09-09 02:35:16"
"2024-09-03";"";"26 322";"28 616";"27 562 850";"2024-09-03 05:38:09"
"2024-09-02";"";"94 194";"25 757";"27 562 766";"2024-09-03 02:11:59"
"2024-09-09";"YouTube";"148 908";"952 376";"27 561 772";"2024-09-09 23:44:32"
"2024-09-10";"Yandex";"1 916 974";"512 288";"27 562 993";"2024-09-10 09:42:52"
"2024-09-06";"Yandex";"806 206";"278 977";"27 563 415";"2024-09-07 02:23:51"
"2024-09-05";"YouTube";"102 705";"1 007 421";"27 561 254";"2024-09-05 09:06:01"
"2024-09-10";"Yandex";"121 794";"1 032 576";"27 563 403";"2024-09-10 21:30:23"
"2024-09-04";"Facebook";"173 985";"178 085";"27 563 029";"2024-09-04 17:50:40"
"2024-09-09";"";"19 369";"60 366";"27 562 294";"2024-09-09 10:55:17"
"2024-09-06";"Yandex";"417 633";"222 805";"27 563 304";"2024-09-07 01:58:44"
"2024-09-04";"";"26 194";"3 477";"27 561 429";"2024-09-04 10:31:56"
"2024-09-06";"";"1 180";"44 255";"27 563 023";"2024-09-06 06:15:34"
"2024-09-03";"YouTube";"71 117";"22 178";"27 562 757";"2024-09-03 10:55:32"
"2024-09-05";"";"1 546 118";"166 608";"27 562 413";"2024-09-05 17:26:27"
"2024-09-02";"YouTube";"199 453";"2 014 284";"27 562 520";"2024-09-02 04:37:57"
"2024-09-05";"Odnoklassniki";"44 165";"11 089";"27 561 636";"2024-09-05 09:54:12"
"2024-09-07";"";"85 093";"12 196";"27 563 140";"2024-09-07 20:29:12"
"2024-09-01";"";"333 362";"191 950";"27 562 782";"2024-09-01 03:12:33"
"2024-09-10";"";"405 411";"36 340";"27 561 971";"2024-09-10 10:31:37"
"2024-09-09";"";"2 504";"124 864";"27 561 651";"2024-09-09 03:48:13"
"2024-09-03";"";"8 435 769";"366 994";"27 562 907";"2024-09-03 22:43:07"
"2024-09-08";"Telegram";"90 789";"15 904";"27 562 706";"2024-09-08 16:13:46"
"2024-09-09";"";"121 238";"12 369";"27 562 496";"2024-09-10 02:47:16"
"2024-09-01";"";"38 565";"9 955";"27 562 298";"2024-09-01 19:40:05"
"2024-09-01";"Facebook";"376 106";"21 002 356";"27 562 192";"2024-09-01 09:42:04"
"2024-09-01";"Instagram";"14 405 131";"717 785";"27 562 102";"2024-09-01 15:36:29"
"2024-09-06";"";"54 387";"2 986";"27 563 291";"2024-09-06 16:13:33"
"2024-09-09";"YouTube";"2 239 782";"139 796";"27 562 837";"2024-09-09 05:38:35"
"2024-09-08";"";"88 319";"4 256";"27 561 587";"2024-09-08 10:55:25"
"2024-09-02";"";"169 861";"677 053";"27 563 199";"2024-09-02 05:14:09"
"2024-09-02";"YouTube";"1 387 201";"2 349 970";"27 562 105";"2024-09-02 14:11:51"
"2024-09-06";"YouTube";"181 648";"23 176";"27 561 827";"2024-09-06 11:44:08"
"2024-09-08";"YouTube";"157 892";"20 466";"27 561 593";"2024-09-08 17:38:43"
"2024-09-07";"Yandex";"47 469";"168 261";"27 562 303";"2024-09-07 21:30:57"
"2024-09-03";"Apple Music";"214 620";"20 588";"27 562 597";"2024-09-03 11:08:12"
"2024-09-07";"";"473 170";"23 291";"27 561 383";"2024-09-08 00:21:44"
"2024-09-05";"";"976 241";"37 776";"27 562 698";"2024-09-05 20:17:00"
"2024-09-10";"Yandex";"209 394";"12 214";"27 561 801";"2024-09-10 19:28:56"
"2024-09-08";"";"87 836";"8 624";"27 563 234";"2024-09-08 07:40:04"
"2024-09-02";"";"38 612";"16 919";"27 561 623";"2024-09-02 22:31:15"
"2024-09-04";"Yandex Video";"26 853";"180 397";"27 563 467";"2024-09-04 13:10:32"
"2024-09-10";"";"305 350";"56 720";"27 563 106";"2024-09-10 09:30:20"
"2024-09-03";"";"254 624";"592 056";"27 563 225";"2024-09-03 11:20:06"
"2024-09-10";"";"467 770";"20 035";"27 563 147";"2024-09-10 08:05:18"
"2024-09-03";"";"63 492";"146 901";"27 561 760";"2024-09-03 12:33:03"
"2024-09-06";"";"6 744 966";"340 709";"27 562 197";"2024-09-06 14:35:56"
"2024-09-05";"";"619 856";"45 918";"27 563 267";"2024-09-05 17:14:57"
"2024-09-02";"";"95 352";"49 870";"27 561 817";"2024-09-03 01:22:12"
"2024-09-02";"Facebook";"1 597 250";"81 720";"27 563 452";"2024-09-02 05:50:49"
"2024-09-02";"";"71 279";"66 582";"27 563 430";"2024-09-02 08:41:58"
"2024-09-06";"YouTube";"6 118 725";"364 104";"27 561 612";"2024-09-07 00:09:28"
"2024-09-09";"YouTube";"51 790";"2 681";"27 562 143";"2024-09-09 18:51:04"
"2024-09-05";"WhatsApp";"624 183";"517 686";"27 562 863";"2024-09-06 00:09:18"
"2024-09-08";"";"63 183";"3 849";"27 562 617";"2024-09-08 03:12:10"
"2024-09-03";"";"1 929 898";"416 601";"27 563 415";"2024-09-03 22:19:04"
"2024-09-10";"Yandex";"16 312 576";"880 527";"27 563 404";"2024-09-10 10:43:31"
"2024-09-08";"";"1 600 957";"244 569";"27 561 449";"2024-09-09 01:46:35"
"2024-09-02";"";"57 836";"2 639";"27 561 567";"2024-09-02 22:55:04"
"2024-09-06";"YouTube";"168 850";"22 436";"27 561 470";"2024-09-06 09:06:52"
"2024-09-04";"";"1 826 109";"140 638";"27 563 141";"2024-09-04 22:07:47"
"2024-09-05";"";"27 515";"1 738";"27 562 843";"2024-09-06 00:33:52"
"2024-09-06";"";"1 679 994";"58 979";"27 563 404";"2024-09-06 08:53:49"
"2024-09-04";"";"43 731";"1 863 057";"27 561 597";"2024-09-04 15:48:47"
"2024-09-09";"Unknown";"439 978";"26 523";"27 562 016";"2024-09-09 16:01:45"
"2024-09-03";"Facebook";"177 037 537";"6 984 357";"27 562 784";"2024-09-04 01:34:18"
"2024-09-08";"Yandex Music";"28 819";"10 587";"27 562 185";"2024-09-09 01:46:34"
"2024-09-08";"";"483 406";"26 517";"27 561 230";"2024-09-08 22:43:59"
"2024-09-01";"";"1 261 492";"48 258";"27 563 293";"2024-09-02 01:10:17"
"2024-09-06";"";"88 172";"9 628";"27 561 289";"2024-09-06 03:00:18"
"2024-09-04";"Instagram";"54 326 388";"1 057 014";"27 561 545";"2024-09-04 21:42:34"
"2024-09-07";"";"3 739 733";"1 114 416";"27 561 437";"2024-09-07 08:29:01"
"2024-09-07";"";"367 181";"14 465";"27 561 762";"2024-09-08 01:46:36"
"2024-09-01";"";"27 614 178";"3 298 369";"27 563 247";"2024-09-01 22:07:05"
"2024-09-06";"";"688 000";"56 925";"27 562 900";"2024-09-06 16:25:09"
"2024-09-07";"";"11 444";"31 704";"27 561 449";"2024-09-07 23:08:11"
"2024-09-07";"Yandex";"685 943";"27 094";"27 562 330";"2024-09-08 00:57:50"
"2024-09-09";"";"1 562 656";"154 760";"27 562 150";"2024-09-09 03:36:14"
"2024-09-03";"";"184 054";"13 900";"27 563 122";"2024-09-03 05:14:59"
"2024-09-04";"Unknown";"1 669 643";"316 391";"27 563 312";"2024-09-04 13:34:00"
"2024-09-10";"";"1 835 249";"68 356";"27 563 509";"2024-09-11 00:45:16"
"2024-09-01";"";"40 363 612";"2 094 490";"27 561 401";"2024-09-01 17:02:21"
"2024-09-07";"Tas-ix";"3 176 558";"305 637";"27 563 467";"2024-09-07 14:35:21"
"2024-09-06";"";"37 391";"10 454";"27 563 314";"2024-09-06 16:25:58"
"2024-09-07";"";"162 363";"114 303";"27 561 251";"2024-09-07 21:06:06"
"2024-09-01";"Instagram";"697 440";"155 641";"27 562 495";"2024-09-01 04:01:10"
"2024-09-02";"";"123 297";"17 289";"27 562 087";"2024-09-02 21:06:25"
"2024-09-06";"";"46 386";"6 431";"27 562 006";"2024-09-06 20:17:48"
"2024-09-08";"YouTube";"11 776 252";"633 264";"27 561 215";"2024-09-08 07:16:15"
"2024-09-01";"";"27 751";"19 182";"27 561 517";"2024-09-01 16:13:49"
"2024-09-09";"YouTube";"597 363";"6 077";"27 563 180";"2024-09-09 11:20:34"
"2024-09-02";"YouTube";"298 386";"20 727";"27 561 373";"2024-09-02 12:33:11"
"2024-09-06";"Unknown";"61 336";"36 074";"27 561 775";"2024-09-06 21:30:14"
"2024-09-10";"WhatsApp";"1 343 238";"1 791 479";"27 563 165";"2024-09-10 08:17:27"
"2024-09-01";"Instagram";"91 434";"7 188";"27 562 769";"2024-09-01 09:42:26"
"2024-09-02";"";"189 442";"54 562";"27 562 204";"2024-09-02 23:44:40"
"2024-09-09";"";"2 557 216";"452 208";"27 563 218";"2024-09-09 19:04:34"
"2024-09-10";"Apple Music";"150 359";"24 454";"27 563 059";"2024-09-11 00:33:08"
"2024-09-01";"";"164 780";"12 000";"27 562 360";"2024-09-01 23:20:27"
"2024-09-02";"";"68 379";"46 858";"27 562 508";"2024-09-02 16:37:12"
"2024-09-06";"Facebook";"60 255";"66 218";"27 563 195";"2024-09-06 20:53:04"
"2024-09-06";"Yandex";"7 499 330";"390 382";"27 561 547";"2024-09-06 03:12:57"
"2024-09-10";"YouTube";"3 257 104";"1 150 338";"27 563 367";"2024-09-10 13:22:34"
"2024-09-03";"";"5 457 888";"229 096";"27 562 846";"2024-09-03 19:04:49"
"2024-09-05";"Instagram";"540 235";"100 445";"27 563 345";"2024-09-05 03:00:46"
"2024-09-06";"";"28 158";"1 809";"27 562 900";"2024-09-06 18:27:59"
"2024-09-03";"Facebook";"287 124";"28 709";"27 562 675";"2024-09-03 20:53:38"
"2024-09-07";"";"604 344";"57 405";"27 563 410";"2024-09-08 00:09:17"
"2024-09-04";"";"1 322 976";"82 926";"27 562 239";"2024-09-04 09:42:19"
"2024-09-10";"";"63 739";"12 622";"27 561 426";"2024-09-10 20:41:43"
"2024-09-10";"";"31 905";"24 358";"27 562 261";"2024-09-10 10:43:22"
"2024-09-09";"";"158 750";"16 859";"27 561 396";"2024-09-09 04:49:16"
"2024-09-02";"WhatsApp";"5 158";"28 353";"27 563 289";"2024-09-02 10:31:35"
"2024-09-03";"YouTube";"8 881 915";"382 148";"27 561 190";"2024-09-03 18:03:00"
"2024-09-01";"";"615 790";"44 608";"27 561 518";"2024-09-01 17:38:03"
"2024-09-09";"";"156 220";"13 337";"27 563 313";"2024-09-10 00:57:15"
"2024-09-07";"Yandex";"69 640";"19 841";"27 562 512";"2024-09-07 12:21:54"
"2024-09-04";"Facebook";"114 138";"54 445";"27 561 785";"2024-09-04 10:43:05"
"2024-09-03";"WhatsApp";"832 833";"455 826";"27 562 934";"2024-09-03 06:39:46"
"2024-09-10";"";"39 073";"2 585";"27 561 185";"2024-09-10 21:18:56"
"2024-09-06";"Facebook";"391 000";"1 271 924";"27 562 142";"2024-09-06 15:24:09"
"2024-09-04";"";"125 183";"4 826";"27 561 840";"2024-09-04 04:49:40"
"2024-09-09";"";"80 487";"36 758";"27 563 212";"2024-09-09 08:05:32"
"2024-09-08";"Telegram";"46 891";"4 353";"27 563 242";"2024-09-08 07:04:32"
"2024-09-05";"";"47 265";"3 071";"27 561 182";"2024-09-05 11:56:23"
"2024-09-06";"Instagram";"147 588 039";"3 971 882";"27 561 295";"2024-09-06 20:41:59"
"2024-09-02";"";"270 271";"51 035";"27 563 368";"2024-09-02 21:06:33"
"2024-09-07";"";"26 138";"3 654";"27 562 417";"2024-09-07 11:32:57"
"2024-09-07";"";"4 895";"58 776";"27 561 195";"2024-09-08 02:11:36"
"2024-09-06";"Instagram";"16 175 163";"181 124";"27 562 453";"2024-09-07 02:47:02"
"2024-09-05";"Instagram";"81 027 898";"323 701";"27 561 912";"2024-09-06 02:59:35"
"2024-09-04";"";"41 490 906";"2 496 227";"27 562 273";"2024-09-04 08:53:11"
"2024-09-08";"";"39 205";"5 742";"27 561 279";"2024-09-08 22:07:29"
"2024-09-10";"Telegram";"130 196 938";"6 965 248";"27 561 825";"2024-09-10 05:26:21"
"2024-09-10";"";"310 533";"13 808";"27 562 086";"2024-09-10 08:41:03"
"2024-09-07";"";"4 954";"258 033";"27 562 613";"2024-09-07 22:07:49"
"2024-09-07";"";"522 298";"706 572";"27 562 525";"2024-09-08 01:10:48"
"2024-09-10";"";"480 052";"32 375";"27 561 723";"2024-09-10 06:27:24"
"2024-09-09";"";"160 978";"85 547";"27 562 879";"2024-09-10 00:45:05"
"2024-09-02";"";"80 913";"8 847";"27 562 226";"2024-09-02 03:00:57"
"2024-09-02";"Instagram";"2 383 385";"87 473";"27 563 394";"2024-09-02 13:58:48"
"2024-09-06";"";"104 743 955";"7 429 064";"27 562 748";"2024-09-06 22:19:30"
"2024-09-08";"VKontakte";"64 837";"55 587";"27 563 062";"2024-09-08 19:04:04"
"2024-09-09";"";"26 976";"9 236";"27 562 687";"2024-09-09 23:32:02"
"2024-09-07";"";"74 171";"5 907";"27 562 801";"2024-09-07 17:38:20"
"2024-09-04";"WhatsApp";"45 132 458";"71 792 373";"27 562 033";"2024-09-05 02:11:28"
"2024-09-01";"";"70 503";"8 317";"27 562 150";"2024-09-01 07:40:08"
"2024-09-08";"";"44 133";"6 915";"27 563 048";"2024-09-08 03:48:30"
"2024-09-03";"";"1 114 775";"47 566";"27 563 445";"2024-09-04 00:21:43"
"2024-09-06";"";"141 411";"80 115";"27 561 219";"2024-09-06 09:06:55"
"2024-09-02";"";"327 289";"18 814";"27 561 879";"2024-09-03 02:23:41"
"2024-09-05";"";"193 752";"17 956";"27 561 358";"2024-09-05 07:28:17"
"2024-09-09";"YouTube";"38 774";"2 240";"27 562 441";"2024-09-10 01:34:50"
"2024-09-04";"";"59 470";"3 725";"27 561 222";"2024-09-04 06:15:31"
"2024-09-03";"Telegram";"36 661 694";"3 682 898";"27 561 929";"2024-09-03 19:52:05"
"2024-09-06";"YouTube";"4 269 469";"1 031 740";"27 562 861";"2024-09-06 20:29:32"
"2024-09-03";"";"228 480";"9 534";"27 561 290";"2024-09-03 09:54:40"
"2024-09-01";"";"42 949";"256 745";"27 563 469";"2024-09-01 09:54:56"
"2024-09-02";"";"49 754";"4 671";"27 562 784";"2024-09-02 20:05:04"
"2024-09-03";"TikTok";"265 454";"2 455 147";"27 563 127";"2024-09-03 12:21:26"
"2024-09-01";"";"50 960";"7 062";"27 563 114";"2024-09-01 17:02:40"
"2024-09-05";"YouTube";"65 514 653";"3 982 806";"27 563 224";"2024-09-05 14:59:54"
"2024-09-05";"";"174 371";"8 354";"27 563 467";"2024-09-05 16:25:27"
"2024-09-06";"";"301 995";"119 187";"27 562 508";"2024-09-06 09:42:11"
"2024-09-07";"";"916 933";"66 882";"27 563 326";"2024-09-07 10:55:58"
"2024-09-06";"";"82 809";"176 986";"27 563 264";"2024-09-06 22:55:17"
"2024-09-10";"Yandex";"130 149";"7 406";"27 563 331";"2024-09-10 14:35:55"
"2024-09-09";"";"1 563 911";"572 728";"27 562 506";"2024-09-09 18:39:06"
"2024-09-06";"";"33 790";"4 143";"27 562 853";"2024-09-06 16:13:19"
"2024-09-10";"";"417 073";"28 835";"27 562 850";"2024-09-10 15:48:19"
"2024-09-05";"";"13 501 784";"341 322";"27 562 025";"2024-09-05 05:26:11"
"2024-09-02";"";"94 146";"56 465";"27 562 143";"2024-09-02 14:11:06"
"2024-09-02";"Facebook";"434 579";"190 616";"27 561 221";"2024-09-02 22:55:11"
"2024-09-01";"";"188 958";"12 107";"27 563 281";"2024-09-01 20:05:30"
"2024-09-04";"";"595 634";"30 719";"27 563 311";"2024-09-04 04:13:23"
"2024-09-08";"";"39 923";"5 886";"27 563 030";"2024-09-08 20:29:38"
"2024-09-08";"";"3 168 795";"166 754";"27 562 028";"2024-09-08 08:29:55"
"2024-09-06";"";"806 368";"498 222";"27 561 246";"2024-09-07 01:10:25"
"2024-09-07";"";"133 083";"7 587";"27 562 912";"2024-09-07 09:30:26"
"2024-09-10";"Instagram";"711 050";"74 575";"27 561 370";"2024-09-10 12:45:56"
"2024-09-03";"";"98 502";"24 384";"27 561 520";"2024-09-03 09:06:28"
"2024-09-07";"";"83 251";"38 976";"27 562 571";"2024-09-07 22:07:22"
"2024-09-05";"";"33 526";"2 142";"27 562 320";"2024-09-05 07:28:56"
"2024-09-10";"";"35 324";"1 576";"27 561 629";"2024-09-10 15:00:09"
"2024-09-08";"";"36 439";"3 126";"27 561 761";"2024-09-08 16:25:35"
"2024-09-05";"Telegram";"4 850 742";"351 794";"27 562 865";"2024-09-05 11:56:05"
"2024-09-08";"";"98 995";"110 102";"27 562 504";"2024-09-08 12:57:50"
"2024-09-04";"Instagram";"1 035 604";"143 349";"27 562 895";"2024-09-04 04:13:29"
"2024-09-09";"";"3 274 242";"178 462";"27 563 075";"2024-09-09 19:04:27"
"2024-09-09";"";"61 780";"12 340";"27 561 398";"2024-09-09 11:20:21"
"2024-09-09";"";"29 582";"8 953";"27 562 141";"2024-09-09 18:15:25"
"2024-09-10";"";"221 711";"21 655";"27 561 670";"2024-09-10 09:06:33"
"2024-09-10";"Instagram";"784 350";"206 727";"27 562 470";"2024-09-11 00:57:10"
"2024-09-06";"Telegram";"247 669";"22 714";"27 561 225";"2024-09-07 02:23:03"
"2024-09-07";"Telegram";"81 930 702";"3 474 125";"27 563 285";"2024-09-07 14:47:08"
"2024-09-03";"";"138 595";"9 743";"27 562 156";"2024-09-03 21:18:43"
"2024-09-07";"Facebook";"71 117";"20 271";"27 561 874";"2024-09-07 23:08:13"
"2024-09-05";"";"89 524";"13 355";"27 563 258";"2024-09-05 18:39:08"
"2024-09-03";"YouTube";"55 442 179";"2 187 511";"27 563 217";"2024-09-03 05:50:56"
"2024-09-08";"WhatsApp";"1 721 663";"1 656 171";"27 562 674";"2024-09-08 05:14:58"
"2024-09-07";"";"79 511";"36 573";"27 562 061";"2024-09-07 23:44:20"
"2024-09-03";"";"80 479";"177 782";"27 563 514";"2024-09-04 00:21:02"
"2024-09-08";"Telegram";"1 835 158";"4 906 299";"27 562 681";"2024-09-08 04:37:34"
"2024-09-08";"YouTube";"887 191";"55 537";"27 562 939";"2024-09-08 11:08:07"
"2024-09-03";"YouTube";"1 951 954";"755 810";"27 563 231";"2024-09-03 15:24:17"
"2024-09-10";"";"176 077";"48 926";"27 563 060";"2024-09-10 06:03:30"
"2024-09-08";"";"368 320";"22 254";"27 562 316";"2024-09-09 01:34:05"
"2024-09-01";"";"37 900";"10 673";"27 563 114";"2024-09-02 00:33:05"
"2024-09-07";"";"184 217";"25 282";"27 561 624";"2024-09-07 06:39:54"
"2024-09-09";"";"82 583";"3 348";"27 561 801";"2024-09-09 14:11:19"
"2024-09-01";"";"102 844";"5 563";"27 562 343";"2024-09-02 02:47:04"
"2024-09-02";"Facebook";"2 132 033";"127 279";"27 561 753";"2024-09-02 03:12:33"
"2024-09-09";"Telegram";"47 657 183";"2 874 517";"27 561 805";"2024-09-09 15:00:57"
"2024-09-06";"Instagram";"525 814";"114 862";"27 562 521";"2024-09-06 23:56:46"
"2024-09-09";"";"15 872 836";"1 112 521";"27 563 130";"2024-09-09 08:17:53"
"2024-09-10";"";"28 691";"18 556";"27 561 220";"2024-09-10 18:27:52"
"2024-09-04";"";"812 888";"74 316";"27 563 017";"2024-09-04 23:44:52"
"2024-09-10";"";"33 028";"12 354";"27 562 838";"2024-09-11 01:22:33"
"2024-09-06";"";"28 551";"12 840";"27 562 404";"2024-09-06 18:51:53"
"2024-09-10";"";"340 173";"464 482";"27 562 232";"2024-09-10 10:55:06"
"2024-09-06";"";"219 295";"20 002";"27 561 330";"2024-09-06 20:17:52"
"2024-09-06";"";"955 090";"67 649";"27 561 302";"2024-09-06 06:39:27"
"2024-09-05";"";"98 252";"21 330";"27 562 941";"2024-09-05 17:02:55"
"2024-09-10";"";"672 186";"36 446";"27 562 622";"2024-09-10 11:32:06"
"2024-09-03";"";"33 945";"4 744";"27 562 897";"2024-09-03 04:49:26"
"2024-09-04";"Telegram";"69 258";"6 841";"27 562 436";"2024-09-04 22:19:40"
"2024-09-04";"";"160 845";"82 436";"27 561 435";"2024-09-04 20:41:32"
"2024-09-04";"";"29 415";"3 627";"27 563 225";"2024-09-04 21:42:30"
"2024-09-03";"";"26 863";"4 852";"27 561 373";"2024-09-03 14:35:17"
"2024-09-01";"YouTube";"1 343 513";"535 090";"27 562 921";"2024-09-01 06:03:06"
"2024-09-06";"Telegram";"223 773";"19 886";"27 562 544";"2024-09-06 14:59:36"
"2024-09-03";"Unknown";"48 094";"16 628";"27 562 518";"2024-09-03 21:42:47"
"2024-09-02";"";"10 109";"25 734";"27 562 649";"2024-09-02 14:23:58"
"2024-09-04";"";"274 033";"179 130";"27 562 035";"2024-09-04 22:43:31"
"2024-09-08";"";"835 546";"203 719";"27 562 087";"2024-09-08 20:05:12"
"2024-09-09";"";"135 603";"6 594";"27 562 899";"2024-09-10 00:57:41"
"2024-09-02";"";"47 009";"3 430";"27 562 505";"2024-09-02 18:39:24"
"2024-09-02";"";"13 031";"40 779";"27 563 211";"2024-09-02 05:50:58"
"2024-09-03";"Facebook";"356 184";"156 268";"27 563 216";"2024-09-03 07:52:24"
"2024-09-02";"";"224 066";"7 709";"27 562 224";"2024-09-02 10:55:37"
"2024-09-04";"";"27 164";"9 608";"27 561 543";"2024-09-04 07:52:07"
"2024-09-03";"";"30 022";"5 431";"27 561 533";"2024-09-03 08:53:54"
"2024-09-05";"";"117 072";"4 501";"27 563 512";"2024-09-05 16:13:15"
"2024-09-07";"";"191 239";"65 503";"27 562 273";"2024-09-07 17:02:47"
"2024-09-07";"YouTube";"679 305 702";"38 815 632";"27 561 903";"2024-09-07 09:54:53"
"2024-09-04";"";"55 380";"7 293";"27 561 872";"2024-09-04 12:33:26"
"2024-09-09";"";"154 872";"52 440";"27 562 593";"2024-09-09 03:12:33"
"2024-09-07";"";"470 054";"23 463";"27 563 145";"2024-09-07 08:17:15"
"2024-09-08";"Yandex";"32 357";"18 415";"27 562 997";"2024-09-08 15:12:27"
"2024-09-06";"YouTube";"227 403";"2 149 738";"27 563 243";"2024-09-06 16:01:11"
"2024-09-10";"";"142 868";"10 388";"27 562 613";"2024-09-10 19:16:32"
"2024-09-08";"";"1 130 556";"295 999";"27 562 521";"2024-09-08 22:55:45"
"2024-09-05";"";"25 612";"2 863";"27 562 961";"2024-09-05 14:35:44"
"2024-09-10";"";"1 518 964";"74 622";"27 563 136";"2024-09-10 13:46:35"
"2024-09-06";"";"168 754 360";"21 160 185";"27 563 098";"2024-09-06 04:25:25"
"2024-09-08";"Yandex";"83 211";"21 685";"27 561 720";"2024-09-08 19:16:28"
"2024-09-03";"Telegram";"5 463 690";"421 394";"27 562 588";"2024-09-03 23:44:50"
"2024-09-05";"";"306 308";"56 465";"27 561 906";"2024-09-05 16:13:27"
"2024-09-10";"Yandex";"9 834 892";"443 191";"27 561 873";"2024-09-10 14:23:00"
"2024-09-09";"";"1 102 193";"387 585";"27 562 035";"2024-09-09 05:38:17"
"2024-09-01";"";"282 003";"87 277";"27 561 204";"2024-09-01 19:40:32"
"2024-09-02";"";"160 947";"7 726";"27 563 020";"2024-09-02 04:13:06"
"2024-09-05";"Facebook";"121 898";"48 132";"27 562 504";"2024-09-05 17:50:20"
"2024-09-04";"Telegram";"843 222 330";"21 943 215";"27 562 615";"2024-09-04 12:45:15"
"2024-09-01";"";"137 014";"7 729";"27 562 524";"2024-09-02 02:23:07"
"2024-09-04";"";"908 363";"432 220";"27 562 595";"2024-09-04 18:03:25"
"2024-09-03";"";"73 762";"54 464";"27 562 004";"2024-09-03 21:06:22"
"2024-09-03";"";"309 178";"769 123";"27 561 224";"2024-09-03 08:41:43"
"2024-09-10";"Instagram";"13 751 095";"1 058 867";"27 561 189";"2024-09-10 21:42:19"
"2024-09-07";"Telegram";"1 736 225";"181 229";"27 561 362";"2024-09-08 01:34:34"
"2024-09-07";"";"532 841";"41 176";"27 561 204";"2024-09-07 12:57:40"
"2024-09-08";"";"9 099";"70 819";"27 561 743";"2024-09-09 01:58:19"
"2024-09-10";"Facebook";"95 070";"3 820";"27 561 491";"2024-09-10 13:10:28"
"2024-09-09";"";"26 964 274";"1 136 429";"27 561 668";"2024-09-09 18:03:27"
"2024-09-03";"YouTube";"207 791";"59 607";"27 562 139";"2024-09-03 17:38:33"
"2024-09-01";"Tas-ix";"79 838";"27 040";"27 561 311";"2024-09-01 09:18:48"
"2024-09-09";"Instagram";"61 317";"2 453";"27 562 779";"2024-09-09 05:50:37"
"2024-09-08";"Apple Music";"53 976";"3 566";"27 562 542";"2024-09-08 17:02:35"
"2024-09-07";"";"381 261";"56 511";"27 563 443";"2024-09-07 15:12:57"
"2024-09-01";"";"100 632";"74 560";"27 562 428";"2024-09-01 19:52:11"
"2024-09-06";"Unknown";"3 565 669";"209 212";"27 561 480";"2024-09-06 20:41:08"
"2024-09-10";"";"10 395";"58 780";"27 562 791";"2024-09-10 10:55:31"
"2024-09-06";"Telegram";"89 978 920";"3 057 565";"27 563 397";"2024-09-06 08:05:04"
"2024-09-07";"YouTube";"479 485";"397 535";"27 562 858";"2024-09-07 15:00:10"
"2024-09-05";"Apple Music";"76 080";"7 488";"27 561 821";"2024-09-05 03:48:55"
"2024-09-04";"YouTube";"119 958";"11 589";"27 563 372";"2024-09-04 06:27:55"
"2024-09-01";"";"63 246";"4 872";"27 561 484";"2024-09-01 09:18:21"
"2024-09-04";"YouTube";"418 249";"49 665";"27 561 719";"2024-09-04 13:34:59"
"2024-09-07";"Telegram";"3 680 268";"333 477";"27 563 095";"2024-09-07 12:45:57"
"2024-09-06";"";"21 685";"29 186";"27 561 700";"2024-09-06 18:51:28"
"2024-09-06";"Instagram";"14 423 586";"445 165";"27 562 492";"2024-09-06 10:31:07"
"2024-09-03";"";"44 100";"7 566";"27 562 084";"2024-09-03 21:06:36"
"2024-09-10";"";"56 765";"5 038";"27 562 821";"2024-09-10 06:03:18"
"2024-09-04";"";"138 180";"19 624";"27 562 487";"2024-09-04 07:04:18"
"2024-09-03";"";"98 972";"42 599";"27 563 066";"2024-09-03 22:31:35"
"2024-09-02";"";"25 757";"10 334";"27 562 557";"2024-09-02 22:31:00"
"2024-09-08";"";"38 280";"5 194";"27 562 816";"2024-09-08 13:34:14"
"2024-09-03";"";"521 172";"31 929";"27 562 674";"2024-09-04 00:21:11"
"2024-09-10";"";"36 219";"61 573";"27 562 535";"2024-09-10 19:52:17"
"2024-09-03";"";"8 486";"37 140";"27 562 973";"2024-09-03 05:26:36"
"2024-09-03";"Telegram";"7 387 022";"667 804";"27 562 800";"2024-09-03 21:06:28"
"2024-09-01";"Likee";"62 313";"59 840";"27 562 170";"2024-09-01 20:53:21"
"2024-09-02";"";"350 946";"18 656";"27 563 240";"2024-09-02 05:02:36"
"2024-09-03";"";"526 079";"706 147";"27 562 040";"2024-09-03 21:06:22"
"2024-09-02";"YouTube";"1 215 317";"53 324";"27 562 232";"2024-09-02 04:01:26"
"2024-09-10";"";"637 427";"99 500";"27 562 087";"2024-09-10 10:07:49"
"2024-09-02";"";"81 189";"5 450";"27 561 312";"2024-09-03 02:59:26"
"2024-09-05";"Likee";"467 906";"23 362";"27 562 340";"2024-09-05 15:48:52"
"2024-09-05";"";"784 248";"132 306";"27 561 907";"2024-09-05 21:54:45"
"2024-09-10";"";"8 103";"43 638";"27 562 204";"2024-09-11 00:21:37"
"2024-09-06";"";"70 186";"8 205";"27 563 445";"2024-09-06 10:31:03"
"2024-09-09";"";"944 636";"52 951";"27 562 899";"2024-09-09 06:27:15"
"2024-09-06";"";"54 930";"3 775";"27 562 438";"2024-09-06 04:25:47"
"2024-09-05";"Yandex";"53 941";"41 359";"27 563 022";"2024-09-05 23:20:53"
"2024-09-05";"";"29 407";"3 771";"27 561 573";"2024-09-05 13:58:31"
"2024-09-10";"";"78 371";"5 215";"27 562 155";"2024-09-10 21:06:55"
"2024-09-04";"";"451 688";"16 163";"27 563 029";"2024-09-04 22:31:58"
"2024-09-08";"";"321 149";"11 688";"27 561 887";"2024-09-08 08:17:28"
"2024-09-10";"Instagram";"41 706";"4 810";"27 562 841";"2024-09-10 07:16:45"
"2024-09-02";"";"577 270";"105 389";"27 563 273";"2024-09-02 06:39:46"
"2024-09-03";"";"89 045";"30 990";"27 562 586";"2024-09-03 14:35:00"
"2024-09-01";"";"28 676";"5 855";"27 563 050";"2024-09-01 22:31:45"
"2024-09-06";"YouTube";"121 689";"943 584";"27 562 117";"2024-09-06 12:33:32"
"2024-09-01";"";"271 079";"18 489";"27 561 489";"2024-09-01 11:08:15"
"2024-09-04";"";"39 325";"5 334";"27 561 883";"2024-09-04 22:19:26"
"2024-09-10";"Unknown";"5 728 280";"172 130";"27 563 097";"2024-09-10 13:10:24"
"2024-09-03";"Instagram";"61 595 652";"1 737 971";"27 562 759";"2024-09-04 02:23:36"
"2024-09-01";"";"29 813";"21 300";"27 563 109";"2024-09-01 20:53:31"
"2024-09-07";"Instagram";"32 491 889";"921 912";"27 562 172";"2024-09-07 20:41:58"
"2024-09-06";"Facebook";"327 305";"129 962";"27 561 947";"2024-09-06 22:07:12"
"2024-09-09";"";"87 875";"155 152";"27 563 489";"2024-09-09 06:27:30"
"2024-09-05";"Instagram";"15 751 225";"419 991";"27 561 207";"2024-09-05 19:16:12"
"2024-09-02";"Facebook";"307 036";"24 827";"27 561 912";"2024-09-02 18:03:18"
"2024-09-08";"";"107 913";"8 627";"27 563 295";"2024-09-08 23:20:25"
"2024-09-06";"";"4 710 118";"1 153 160";"27 563 136";"2024-09-06 09:18:12"
"2024-09-06";"";"68 976";"144 822";"27 563 464";"2024-09-06 09:18:37"
"2024-09-03";"";"27 749";"100 676";"27 562 064";"2024-09-03 04:25:24"
"2024-09-05";"";"95 108";"5 742";"27 562 240";"2024-09-05 05:50:48"
"2024-09-10";"YouTube";"333 737";"1 710 224";"27 561 286";"2024-09-10 04:01:39"
"2024-09-03";"";"26 652";"6 103";"27 561 230";"2024-09-03 22:55:27"
"2024-09-05";"Facebook";"626 753";"849 673";"27 562 553";"2024-09-05 21:06:04"
"2024-09-02";"";"43 147";"32 169";"27 563 437";"2024-09-02 07:16:33"
"2024-09-03";"";"6 499";"29 658";"27 561 456";"2024-09-03 16:37:01"
"2024-09-04";"Telegram";"27 658 892";"4 044 115";"27 563 247";"2024-09-04 18:27:50"
"2024-09-02";"Unknown";"32 165";"10 143";"27 563 030";"2024-09-02 23:08:03"
"2024-09-07";"Instagram";"66 273";"7 539";"27 562 416";"2024-09-07 15:12:18"
"2024-09-05";"";"987 669";"107 573";"27 561 482";"2024-09-05 05:02:32"
"2024-09-06";"Telegram";"1 007 683";"78 173";"27 562 795";"2024-09-06 03:36:58"
"2024-09-06";"";"327 813";"13 095";"27 562 624";"2024-09-06 15:48:49"
"2024-09-01";"WhatsApp";"59 251";"14 098";"27 563 280";"2024-09-01 08:29:13"
"2024-09-10";"";"68 034";"908 733";"27 561 373";"2024-09-10 18:27:47"
"2024-09-06";"YouTube";"90 431 387";"5 415 713";"27 562 066";"2024-09-06 07:40:31"
"2024-09-07";"";"3 221 038";"107 728";"27 562 668";"2024-09-07 17:26:47"
"2024-09-02";"";"129 282";"334 279";"27 561 903";"2024-09-02 04:01:15"
"2024-09-04";"";"123 297";"5 708";"27 563 107";"2024-09-04 08:05:30"
"2024-09-02";"YouTube";"1 364 148";"83 236";"27 562 669";"2024-09-02 19:04:13"
"2024-09-06";"";"273 767";"26 490";"27 562 281";"2024-09-06 20:17:02"
"2024-09-06";"";"82 354";"7 412";"27 563 187";"2024-09-06 09:06:57"
"2024-09-05";"";"93 429";"38 887";"27 563 041";"2024-09-05 07:16:03"
"2024-09-09";"";"107 770";"4 140";"27 561 970";"2024-09-10 01:10:39"
"2024-09-10";"";"228 416";"63 269";"27 561 595";"2024-09-10 16:25:36"
"2024-09-01";"";"307 587";"111 832";"27 563 096";"2024-09-01 22:19:54"
"2024-09-03";"";"153 023 201";"5 478 637";"27 561 994";"2024-09-03 09:18:58"
"2024-09-02";"";"492 538";"281 416";"27 563 404";"2024-09-02 05:14:59"
"2024-09-09";"";"174 122";"133 928";"27 562 363";"2024-09-09 13:10:20"
"2024-09-05";"VKontakte";"20 617 847";"961 474";"27 562 239";"2024-09-05 12:21:33"
"2024-09-09";"YouTube";"24 940 634";"1 771 202";"27 561 992";"2024-09-09 07:16:58"
"2024-09-08";"";"376 631";"45 985";"27 562 921";"2024-09-08 03:36:26"
"2024-09-07";"";"312 960";"25 213";"27 562 098";"2024-09-07 16:13:21"
"2024-09-09";"Instagram";"770 422";"570 535";"27 562 121";"2024-09-09 08:17:29"
"2024-09-05";"Unknown";"9 122";"29 243";"27 562 287";"2024-09-05 16:25:23"
"2024-09-03";"";"202 718";"235 172";"27 563 066";"2024-09-03 13:10:58"
"2024-09-06";"";"57 728";"19 581";"27 561 942";"2024-09-06 08:29:53"
"2024-09-09";"WhatsApp";"14 931 108";"12 329 573";"27 562 520";"2024-09-09 20:41:26"
"2024-09-02";"";"164 695";"46 728";"27 563 128";"2024-09-02 10:43:14"
"2024-09-01";"Facebook";"254 829";"18 403";"27 562 617";"2024-09-01 19:52:32"
"2024-09-05";"";"8 680";"111 653";"27 561 250";"2024-09-06 00:33:03"
"2024-09-01";"";"429 726";"63 573";"27 561 776";"2024-09-01 06:39:12"
"2024-09-08";"";"11 096 434";"437 001";"27 563 458";"2024-09-08 22:55:14"
"2024-09-07";"";"2 033 284";"98 815";"27 561 776";"2024-09-07 14:59:20"
"2024-09-03";"";"150 237";"15 506";"27 561 981";"2024-09-04 02:23:37"
"2024-09-03";"Yandex";"283 588";"20 374";"27 561 252";"2024-09-03 05:02:39"
"2024-09-05";"YouTube";"6 975";"51 348";"27 562 175";"2024-09-05 06:03:43"
"2024-09-03";"";"5 883";"31 196";"27 563 144";"2024-09-04 02:59:10"
"2024-09-09";"";"2 349 096";"55 769";"27 562 024";"2024-09-09 20:05:48"
"2024-09-05";"";"4 523 234";"3 595 298";"27 561 422";"2024-09-05 07:52:05"
"2024-09-07";"";"3 435";"40 726";"27 562 076";"2024-09-07 04:01:21"
"2024-09-06";"Instagram";"11 899 514";"333 017";"27 562 760";"2024-09-06 22:31:45"
"2024-09-07";"Telegram";"1 346 295";"188 012";"27 562 619";"2024-09-07 14:47:43"
"2024-09-03";"Facebook";"470 857";"20 174";"27 563 144";"2024-09-03 18:51:50"
"2024-09-06";"";"3 624 358";"102 109";"27 562 942";"2024-09-06 14:47:04"
"2024-09-09";"Instagram";"5 614 121";"5 048 232";"27 562 858";"2024-09-09 20:53:03"
"2024-09-07";"";"72 161";"122 795";"27 563 142";"2024-09-07 07:16:29"
"2024-09-01";"";"88 444";"14 150";"27 561 262";"2024-09-01 21:54:05"
"2024-09-02";"Facebook";"2 617 047";"91 658";"27 562 699";"2024-09-02 20:05:27"
"2024-09-02";"";"35 662";"11 439";"27 561 873";"2024-09-02 16:01:51"
"2024-09-05";"";"306 926";"11 124";"27 561 670";"2024-09-05 05:50:00"
"2024-09-07";"YouTube";"603 832";"95 820";"27 562 561";"2024-09-07 07:52:36"
"2024-09-07";"Yandex";"2 938 614";"2 367 194";"27 562 674";"2024-09-07 11:08:18"
"2024-09-09";"";"907 438";"388 430";"27 561 339";"2024-09-09 15:48:58"
"2024-09-06";"";"53 448";"11 108";"27 561 502";"2024-09-06 23:56:45"
"2024-09-06";"";"31 050";"4 624";"27 562 107";"2024-09-06 13:34:56"
"2024-09-04";"Instagram";"3 188 595";"58 724";"27 562 827";"2024-09-05 02:59:13"
"2024-09-10";"Unknown";"27 397";"9 002";"27 563 310";"2024-09-10 18:39:03"
"2024-09-07";"";"26 162";"9 750";"27 561 380";"2024-09-07 11:32:59"
"2024-09-02";"Instagram";"87 837 349";"2 126 700";"27 562 459";"2024-09-02 04:49:00"
"2024-09-06";"YouTube";"187 414 437";"10 420 109";"27 561 659";"2024-09-06 05:26:25"
"2024-09-10";"YouTube";"981 334";"151 344";"27 562 541";"2024-09-11 01:58:46"
"2024-09-07";"";"187 265";"157 721";"27 561 362";"2024-09-07 13:46:29"
"2024-09-10";"Instagram";"4 676 418";"193 355";"27 562 677";"2024-09-10 08:53:37"
"2024-09-10";"";"176 957";"35 793";"27 562 120";"2024-09-10 17:50:27"
"2024-09-09";"";"728 922";"46 233";"27 561 785";"2024-09-09 06:15:11"
"2024-09-08";"Likee";"174 565 610";"6 258 079";"27 561 398";"2024-09-08 12:09:16"
"2024-09-02";"";"2 723 116";"40 960";"27 562 646";"2024-09-02 23:56:40"
"2024-09-06";"YouTube";"439 352";"57 143";"27 562 598";"2024-09-06 10:55:44"
"2024-09-07";"";"33 594";"3 117";"27 562 824";"2024-09-07 18:51:07"
"2024-09-02";"Instagram";"68 544";"10 514";"27 561 428";"2024-09-02 05:38:10"
"2024-09-04";"Instagram";"7 783 251";"386 815";"27 562 988";"2024-09-04 13:46:40"
"2024-09-02";"";"12 448";"718 097";"27 562 597";"2024-09-02 12:45:45"
"2024-09-06";"";"28 208";"22 052";"27 562 636";"2024-09-06 07:40:22"
"2024-09-07";"";"452 919";"70 864";"27 563 177";"2024-09-07 10:43:17"
"2024-09-08";"";"677 444";"51 021";"27 563 158";"2024-09-08 20:05:24"
"2024-09-09";"";"633 658";"126 062";"27 562 879";"2024-09-09 03:00:37"
"2024-09-03";"";"169 214 974";"8 171 058";"27 561 315";"2024-09-03 19:52:20"
"2024-09-02";"YouTube";"4 729 181";"292 548";"27 561 950";"2024-09-02 20:29:57"
"2024-09-10";"";"177 848";"30 097";"27 562 545";"2024-09-10 12:45:39"
"2024-09-03";"Telegram";"2 100 216";"170 733";"27 561 392";"2024-09-04 00:09:29"
"2024-09-02";"";"4 139";"39 302";"27 562 634";"2024-09-02 04:01:14"
"2024-09-03";"";"118 996";"498 666";"27 562 859";"2024-09-04 01:22:56"
"2024-09-03";"Facebook";"88 779";"8 611";"27 563 441";"2024-09-04 01:10:13"
"2024-09-07";"Instagram";"4 515 390";"265 957";"27 561 964";"2024-09-07 22:07:53"
"2024-09-04";"";"288 321";"18 024";"27 562 622";"2024-09-04 12:45:03"
"2024-09-01";"";"65 563";"47 128";"27 562 709";"2024-09-01 14:11:46"
"2024-09-08";"Instagram";"34 619 721";"902 989";"27 561 407";"2024-09-09 01:10:27"
"2024-09-09";"";"33 727";"72 255";"27 562 200";"2024-09-10 01:22:39"
"2024-09-06";"";"98 063";"4 854";"27 561 326";"2024-09-06 08:17:09"
"2024-09-09";"";"67 640";"16 346";"27 561 372";"2024-09-09 13:46:59"
"2024-09-04";"Facebook";"5 128 189";"245 732";"27 561 396";"2024-09-04 12:21:39"
"2024-09-04";"";"3 262 960";"111 997";"27 563 284";"2024-09-04 08:17:29"
"2024-09-04";"";"88 268";"9 820";"27 561 590";"2024-09-04 03:48:20"
"2024-09-07";"";"188 351";"11 124";"27 561 418";"2024-09-07 14:35:14"
"2024-09-07";"YouTube";"3 971 320";"290 706";"27 562 115";"2024-09-07 13:46:20"
"2024-09-01";"Likee";"30 696";"9 549";"27 562 834";"2024-09-02 00:45:42"
"2024-09-06";"";"32 493";"6 284";"27 561 367";"2024-09-06 20:17:27"
"2024-09-10";"Unknown";"1 168 010";"39 365";"27 563 458";"2024-09-10 10:55:13"
"2024-09-03";"";"9 139";"33 692";"27 562 084";"2024-09-03 18:51:08"
"2024-09-08";"Apple Music";"212 810";"56 181";"27 563 047";"2024-09-09 02:11:49"
"2024-09-05";"YouTube";"645 178";"191 581";"27 561 510";"2024-09-06 02:59:27"
"2024-09-03";"Unknown";"59 475";"14 271";"27 562 934";"2024-09-03 21:06:17"
"2024-09-10";"";"175 978";"30 725";"27 563 414";"2024-09-10 18:03:27"
"2024-09-05";"";"2 179 452";"164 909";"27 561 290";"2024-09-05 20:41:43"
"2024-09-08";"YouTube";"6 498 195";"2 169 478";"27 561 670";"2024-09-08 04:13:36"
"2024-09-09";"Telegram";"3 238 804";"249 988";"27 563 286";"2024-09-09 11:32:27"
"2024-09-03";"";"54 607";"338 528";"27 563 378";"2024-09-03 18:15:31"
"2024-09-03";"YouTube";"917 897";"69 886";"27 561 953";"2024-09-03 18:03:37"
"2024-09-01";"";"538 513";"18 540";"27 561 591";"2024-09-01 16:13:50"
"2024-09-06";"";"21 545";"139 646";"27 561 559";"2024-09-06 10:31:51"
"2024-09-01";"";"36 009";"2 260";"27 561 386";"2024-09-01 16:49:22"
"2024-09-04";"";"1 080";"66 068";"27 561 884";"2024-09-04 23:08:11"
"2024-09-06";"";"1 602 421";"72 121";"27 563 267";"2024-09-06 17:02:05"
"2024-09-09";"Unknown";"121 253";"72 539";"27 562 698";"2024-09-09 19:52:17"
"2024-09-06";"YouTube";"446 159";"42 069";"27 562 117";"2024-09-06 23:08:22"
"2024-09-10";"";"4 220 310";"105 958";"27 562 515";"2024-09-10 07:28:02"
"2024-09-07";"";"7 331 843";"297 540";"27 562 681";"2024-09-08 02:23:33"
"2024-09-02";"";"39 338";"2 902";"27 562 069";"2024-09-02 03:00:02"
"2024-09-02";"";"120 997";"30 766";"27 562 553";"2024-09-02 14:23:17"
"2024-09-08";"";"26 724";"15 303";"27 563 183";"2024-09-08 06:27:00"
"2024-09-06";"";"249 626";"80 494";"27 561 691";"2024-09-06 03:00:01"
"2024-09-01";"Instagram";"767 626";"792 551";"27 562 583";"2024-09-01 12:57:01"
"2024-09-04";"";"32 459";"8 669";"27 561 761";"2024-09-04 19:28:51"
"2024-09-06";"Telegram";"21 268 194";"1 228 046";"27 563 216";"2024-09-06 11:20:22"
"2024-09-03";"";"147 898";"60 453";"27 561 626";"2024-09-03 10:31:43"
"2024-09-10";"Facebook";"2 091 350";"1 243 489";"27 561 974";"2024-09-10 18:39:48"
"2024-09-07";"";"155 085";"38 359";"27 561 621";"2024-09-07 07:04:14"
"2024-09-05";"Odnoklassniki";"3 295 808";"123 744";"27 562 861";"2024-09-05 11:32:55"
"2024-09-03";"";"119 538";"193 727";"27 562 015";"2024-09-03 20:05:12"
"2024-09-08";"";"149 500";"35 893";"27 562 004";"2024-09-08 20:53:53"
"2024-09-06";"";"66 431";"6 437";"27 563 334";"2024-09-06 07:28:08"
"2024-09-02";"Instagram";"1 732 800";"945 228";"27 563 177";"2024-09-02 15:48:20"
"2024-09-02";"YouTube";"94 368";"5 291";"27 561 352";"2024-09-02 14:59:36"
"2024-09-01";"Tas-ix";"96 609";"9 599";"27 561 303";"2024-09-01 11:08:42"
"2024-09-04";"";"162 542";"29 018";"27 561 737";"2024-09-04 19:40:55"
"2024-09-08";"";"381 744";"74 446";"27 563 501";"2024-09-09 01:10:01"
"2024-09-09";"Instagram";"210 384 279";"5 243 534";"27 562 293";"2024-09-09 08:53:58"
"2024-09-10";"Facebook";"30 691";"1 767";"27 563 325";"2024-09-10 13:58:24"
"2024-09-02";"YouTube";"4 463";"37 831";"27 562 779";"2024-09-02 09:54:02"
"2024-09-06";"Facebook";"459 800";"28 203";"27 562 376";"2024-09-06 14:23:20"
"2024-09-09";"";"44 690";"17 426";"27 563 180";"2024-09-09 07:16:21"
"2024-09-04";"Telegram";"917 702";"64 769";"27 563 088";"2024-09-04 10:31:44"
"2024-09-09";"";"38 567";"21 221";"27 561 259";"2024-09-09 07:28:57"
"2024-09-02";"";"3 566 309";"142 787";"27 562 868";"2024-09-02 19:16:10"
"2024-09-05";"";"423 991";"211 936";"27 561 370";"2024-09-06 02:47:59"
"2024-09-01";"Unknown";"26 034";"5 348";"27 562 382";"2024-09-01 17:02:13"
"2024-09-09";"Telegram";"6 813 673";"14 635 215";"27 562 012";"2024-09-09 19:28:48"
"2024-09-05";"YouTube";"2 016 165";"540 313";"27 561 542";"2024-09-06 01:58:04"
"2024-09-04";"";"277 200";"479 193";"27 562 292";"2024-09-04 12:33:03"
"2024-09-05";"";"9 603 736";"593 136";"27 561 914";"2024-09-05 19:52:28"
"2024-09-05";"YouTube";"39 198";"2 699";"27 561 691";"2024-09-05 20:17:58"
"2024-09-10";"YouTube";"608 779";"282 562";"27 561 225";"2024-09-10 08:41:33"
"2024-09-05";"";"44 078";"8 193";"27 561 410";"2024-09-06 02:11:42"
"2024-09-08";"";"270 492";"22 240";"27 562 818";"2024-09-08 07:52:47"
"2024-09-04";"";"79 826";"12 679";"27 562 629";"2024-09-04 12:45:25"
"2024-09-03";"";"458 161";"95 550";"27 562 674";"2024-09-03 10:31:17"
"2024-09-09";"Facebook";"309 436";"30 862";"27 563 445";"2024-09-09 05:38:42"
"2024-09-08";"YouTube";"47 095 887";"3 137 894";"27 563 403";"2024-09-08 08:41:17"
"2024-09-03";"";"660 402";"292 752";"27 562 907";"2024-09-03 21:54:51"
"2024-09-05";"";"104 365";"6 199";"27 562 265";"2024-09-05 23:44:25"
"2024-09-08";"YouTube";"679 981";"1 049 769";"27 563 012";"2024-09-09 01:10:17"
"2024-09-06";"";"109 574";"5 891";"27 562 962";"2024-09-06 04:25:14"
"2024-09-06";"";"75 311";"5 191";"27 561 621";"2024-09-06 09:42:25"
"2024-09-10";"";"231 067";"17 141";"27 562 281";"2024-09-10 03:48:22"
"2024-09-01";"Yandex";"511 242";"147 954";"27 561 624";"2024-09-01 15:36:51"
"2024-09-06";"";"67 225";"95 155";"27 562 733";"2024-09-06 23:20:03"
"2024-09-10";"";"116 594";"38 571";"27 563 463";"2024-09-10 08:05:51"
"2024-09-01";"";"25 705";"8 409";"27 562 924";"2024-09-01 13:34:41"
"2024-09-06";"";"29 188";"10 918";"27 563 287";"2024-09-06 05:26:41"
"2024-09-03";"YouTube";"27 831 651";"714 151";"27 563 411";"2024-09-03 13:22:38"
"2024-09-10";"";"31 175";"2 538";"27 562 956";"2024-09-10 20:53:37"
"2024-09-07";"";"1 263 117";"178 881";"27 561 958";"2024-09-07 09:18:19"
"2024-09-04";"";"672 730";"1 017 622";"27 561 682";"2024-09-04 11:32:43"
"2024-09-04";"YouTube";"442 343";"6 210 198";"27 563 365";"2024-09-04 08:41:45"
"2024-09-03";"";"73 166";"22 473";"27 563 494";"2024-09-04 02:59:56"
"2024-09-05";"";"6 842 473";"5 886 068";"27 562 732";"2024-09-06 00:21:25"
"2024-09-06";"";"86 981";"8 366";"27 562 706";"2024-09-06 22:07:53"
"2024-09-06";"Telegram";"3 219 002";"229 902";"27 562 379";"2024-09-06 11:44:49"
"2024-09-10";"";"537 435";"16 748";"27 561 828";"2024-09-11 02:23:21"
"2024-09-03";"";"340 388";"13 213";"27 562 621";"2024-09-03 12:21:56"
"2024-09-05";"Facebook";"33 602";"2 174";"27 562 936";"2024-09-05 19:16:57"
"2024-09-03";"YouTube";"281 999 726";"20 430 200";"27 562 371";"2024-09-04 01:46:59"
"2024-09-09";"WhatsApp";"1 245 622";"4 726 716";"27 561 658";"2024-09-09 13:58:23"
"2024-09-08";"";"6 149 931";"184 591";"27 561 224";"2024-09-08 13:22:45"
"2024-09-08";"";"573 039";"58 288";"27 561 199";"2024-09-08 10:07:13"
"2024-09-10";"";"88 109";"4 809";"27 561 963";"2024-09-10 17:38:29"
"2024-09-06";"";"15 029";"41 450";"27 563 102";"2024-09-06 10:19:24"
"2024-09-01";"";"88 051";"31 575";"27 561 890";"2024-09-01 13:46:56"
"2024-09-05";"";"107 545";"160 166";"27 563 244";"2024-09-05 18:51:37"
"2024-09-05";"";"85 196";"3 955";"27 562 791";"2024-09-05 18:51:51"
"2024-09-09";"";"38 676";"38 445";"27 561 857";"2024-09-09 12:21:51"
"2024-09-05";"";"223 110";"17 635";"27 563 278";"2024-09-05 04:25:07"
"2024-09-01";"";"227 963";"46 107";"27 563 419";"2024-09-01 17:50:40"
"2024-09-03";"Tas-ix";"3 937 131";"260 083";"27 562 442";"2024-09-04 01:34:32"
"2024-09-07";"YouTube";"1 386 417";"113 115";"27 561 821";"2024-09-07 15:12:55"
"2024-09-07";"";"43 157 734";"2 027 948";"27 563 121";"2024-09-07 21:42:56"
"2024-09-08";"";"972";"59 512";"27 563 313";"2024-09-08 07:04:04"
"2024-09-01";"";"52 712";"1 737 472";"27 561 612";"2024-09-01 03:24:21"
"2024-09-09";"";"4 514 762";"131 200";"27 561 906";"2024-09-09 21:42:19"
"2024-09-01";"";"9 210";"31 824";"27 561 356";"2024-09-01 21:54:50"
"2024-09-07";"";"414 422";"20 126";"27 563 135";"2024-09-07 07:28:25"
"2024-09-09";"Facebook";"343 006";"264 683";"27 562 815";"2024-09-09 12:09:16"
"2024-09-03";"";"1 349 540";"250 892";"27 563 336";"2024-09-03 19:52:44"
"2024-09-07";"";"2 850";"164 001";"27 563 512";"2024-09-07 06:51:48"
"2024-09-01";"";"127 297";"72 054";"27 561 788";"2024-09-01 10:31:13"
"2024-09-01";"Instagram";"7 420 535";"221 524";"27 563 048";"2024-09-01 06:39:40"
"2024-09-08";"";"348 378";"123 974";"27 562 360";"2024-09-08 11:32:43"
"2024-09-05";"Yandex";"43 339";"6 839";"27 562 204";"2024-09-05 21:18:21"
"2024-09-09";"";"362 084";"18 626";"27 562 622";"2024-09-10 01:10:27"
"2024-09-02";"";"189 942";"55 959";"27 561 271";"2024-09-03 00:21:59"
"2024-09-09";"";"396 942";"36 722";"27 562 580";"2024-09-09 11:44:16"
"2024-09-03";"";"61 612";"14 771";"27 563 326";"2024-09-03 18:03:43"
"2024-09-04";"";"7 365 870";"299 354";"27 562 778";"2024-09-04 11:44:32"
"2024-09-02";"YouTube";"526 634";"49 421";"27 561 995";"2024-09-02 10:55:00"
"2024-09-10";"";"26 542";"2 769";"27 563 366";"2024-09-10 10:31:53"
"2024-09-04";"Instagram";"817 809";"41 765";"27 561 809";"2024-09-04 17:14:15"
"2024-09-10";"";"73 058 786";"4 875 919";"27 563 286";"2024-09-10 12:45:07"
"2024-09-05";"";"52 983";"1 613";"27 561 464";"2024-09-05 23:56:05"
"2024-09-10";"TikTok";"3 451";"38 247";"27 561 440";"2024-09-10 13:58:56"
"2024-09-02";"";"32 950";"9 545";"27 562 133";"2024-09-02 18:15:04"
"2024-09-01";"";"58 506";"2 420";"27 561 562";"2024-09-01 17:26:09"
"2024-09-03";"";"43 732";"27 471";"27 561 689";"2024-09-03 22:43:52"
"2024-09-07";"YouTube";"1 312 173";"603 677";"27 562 900";"2024-09-07 05:50:18"
"2024-09-05";"Telegram";"41 343 793";"14 571 313";"27 563 096";"2024-09-05 05:26:11"
"2024-09-06";"Instagram";"54 575 312";"1 424 069";"27 562 685";"2024-09-06 16:01:13"
"2024-09-05";"";"44 433";"28 362";"27 562 298";"2024-09-05 06:15:07"
"2024-09-10";"";"892 164";"126 731";"27 563 122";"2024-09-11 02:35:48"
"2024-09-01";"Instagram";"2 840 576";"1 567 292";"27 562 841";"2024-09-01 07:28:38"
"2024-09-09";"";"64 389";"18 976";"27 561 172";"2024-09-09 16:25:53"
"2024-09-05";"";"74 921";"51 914";"27 562 775";"2024-09-05 22:55:08"
"2024-09-07";"Instagram";"5 624 505";"202 163";"27 562 405";"2024-09-07 23:08:06"
"2024-09-03";"TikTok";"16 551 701";"868 232";"27 562 608";"2024-09-03 16:13:19"
"2024-09-07";"YouTube";"264 192 604";"16 802 990";"27 562 366";"2024-09-07 21:54:35"
"2024-09-02";"";"41 491";"2 865";"27 563 500";"2024-09-02 07:16:23"
"2024-09-10";"YouTube";"1 711 525";"129 326";"27 561 417";"2024-09-10 06:51:48"
"2024-09-07";"";"28 707";"27 588";"27 562 635";"2024-09-07 18:15:22"
"2024-09-07";"";"597 645";"108 721";"27 561 485";"2024-09-08 01:46:43"
"2024-09-05";"";"28 551";"2 557";"27 563 008";"2024-09-05 07:28:11"
"2024-09-08";"";"226 346";"70 476";"27 563 140";"2024-09-08 17:02:28"
"2024-09-07";"";"4 809 967";"100 986";"27 562 240";"2024-09-07 04:13:29"
"2024-09-01";"";"60 467 411";"4 457 177";"27 562 191";"2024-09-01 07:28:45"
"2024-09-09";"";"244 047";"17 891";"27 562 607";"2024-09-09 05:38:39"
"2024-09-02";"Instagram";"1 684 542";"1 293 637";"27 562 769";"2024-09-02 22:19:21"
"2024-09-05";"";"104 755";"56 717";"27 563 502";"2024-09-05 03:12:54"
"2024-09-02";"Yandex";"79 924";"105 117";"27 563 419";"2024-09-02 04:01:50"
"2024-09-09";"Yandex";"110 304";"7 319";"27 563 210";"2024-09-10 02:23:36"
"2024-09-08";"Unknown";"86 013";"46 389";"27 561 571";"2024-09-08 21:42:04"
"2024-09-03";"Facebook";"29 875";"13 254";"27 562 905";"2024-09-03 04:49:11"
"2024-09-06";"";"128 112";"14 933";"27 562 971";"2024-09-06 08:05:50"
"2024-09-03";"";"73 387";"406 774";"27 562 051";"2024-09-03 20:41:01"
"2024-09-06";"";"228 333";"543 162";"27 562 847";"2024-09-06 18:15:34"
"2024-09-03";"YouTube";"83 656";"354 503";"27 562 455";"2024-09-03 18:39:01"
"2024-09-09";"";"7 504 926";"2 539 415";"27 562 800";"2024-09-09 08:41:03"
"2024-09-08";"";"541 024";"36 342";"27 561 343";"2024-09-09 01:46:13"
"2024-09-02";"YouTube";"37 287";"8 831";"27 562 587";"2024-09-02 17:38:41"
"2024-09-01";"";"31 765";"15 870";"27 561 698";"2024-09-01 22:55:56"
"2024-09-06";"";"73 438";"102 156";"27 561 714";"2024-09-06 13:34:15"
"2024-09-02";"";"6 576 154";"369 485";"27 561 841";"2024-09-02 18:39:36"
"2024-09-08";"YouTube";"29 405 674";"1 784 533";"27 562 050";"2024-09-09 02:47:22"
"2024-09-10";"Yandex";"23 332";"28 604";"27 563 481";"2024-09-10 03:36:39"
"2024-09-04";"";"390 336";"20 501";"27 562 156";"2024-09-04 08:17:28"
"2024-09-03";"";"187 518";"21 711";"27 561 669";"2024-09-04 00:09:52"
"2024-09-02";"";"33 627";"2 315";"27 562 156";"2024-09-02 17:02:59"
"2024-09-06";"";"7 620";"138 986";"27 561 176";"2024-09-06 17:26:26"
"2024-09-03";"Facebook";"825 032";"37 145";"27 562 553";"2024-09-03 04:37:41"
"2024-09-06";"";"27 639";"3 201";"27 561 643";"2024-09-06 03:00:08"
"2024-09-05";"";"32 791";"2 673";"27 562 607";"2024-09-05 19:04:54"
"2024-09-09";"";"76 339";"45 366";"27 561 437";"2024-09-09 04:25:17"
"2024-09-04";"YouTube";"229 892 005";"11 203 763";"27 561 810";"2024-09-04 03:48:37"
"2024-09-06";"";"17 860";"36 450";"27 561 850";"2024-09-07 01:10:03"
"2024-09-07";"WhatsApp";"159 432";"135 601";"27 562 371";"2024-09-07 04:13:10"
"2024-09-09";"Yandex";"182 366";"23 810";"27 563 458";"2024-09-09 19:16:21"
"2024-09-08";"";"202 536";"24 499";"27 562 405";"2024-09-08 22:55:50"
"2024-09-08";"Tas-ix";"73 428";"3 280";"27 563 152";"2024-09-08 07:28:47"
"2024-09-09";"";"180 264";"152 744";"27 561 893";"2024-09-09 11:08:30"
"2024-09-07";"Instagram";"20 049 205";"861 597";"27 562 497";"2024-09-07 13:22:08"
"2024-09-09";"";"487 302";"23 404 533";"27 563 318";"2024-09-09 06:15:58"
"2024-09-08";"";"171 074";"30 129";"27 561 317";"2024-09-08 14:23:32"
"2024-09-10";"";"611 730";"59 257";"27 563 129";"2024-09-10 22:07:49"
"2024-09-05";"Instagram";"356 775 413";"8 443 777";"27 562 071";"2024-09-05 09:30:51"
"2024-09-09";"";"67 269";"11 741";"27 562 809";"2024-09-09 05:50:10"
"2024-09-08";"";"11 408";"26 284";"27 562 792";"2024-09-08 15:12:16"
"2024-09-02";"";"8 848 363";"215 122";"27 561 257";"2024-09-02 08:05:34"
"2024-09-07";"";"4 323 491";"215 854";"27 562 613";"2024-09-07 12:45:33"
"2024-09-07";"WhatsApp";"949 290";"3 016 445";"27 562 747";"2024-09-08 02:35:57"
"2024-09-04";"Instagram";"89 741";"7 554";"27 563 238";"2024-09-05 02:35:12"
"2024-09-07";"YouTube";"26 552";"5 752";"27 561 818";"2024-09-07 03:24:23"
"2024-09-03";"";"51 805";"8 237";"27 562 696";"2024-09-03 21:42:00"
"2024-09-07";"";"284 042";"777 619";"27 562 238";"2024-09-08 00:21:56"
"2024-09-04";"";"355 804";"99 477";"27 562 620";"2024-09-04 04:01:52"
"2024-09-06";"";"218 532";"11 164";"27 562 784";"2024-09-06 19:16:16"
"2024-09-09";"";"532 027";"291 576";"27 562 356";"2024-09-09 22:43:16"
"2024-09-10";"";"639 432";"1 536 455";"27 561 480";"2024-09-11 02:47:38"
"2024-09-09";"Telegram";"557 223";"52 381";"27 561 629";"2024-09-09 07:04:36"
"2024-09-04";"";"252 038";"10 680";"27 562 039";"2024-09-04 17:38:47"
"2024-09-10";"";"1 165 312";"34 165";"27 562 829";"2024-09-10 08:17:54"
"2024-09-04";"YouTube";"14 094 635";"916 517";"27 561 908";"2024-09-04 19:52:51"
"2024-09-03";"";"33 842";"14 572";"27 561 575";"2024-09-03 09:54:04"
"2024-09-02";"";"47 172";"5 405";"27 562 563";"2024-09-02 20:17:45"
"2024-09-08";"";"871 886";"48 097";"27 563 107";"2024-09-08 18:03:19"
"2024-09-02";"Instagram";"24 527 927";"620 166";"27 562 524";"2024-09-02 08:53:20"
"2024-09-05";"Instagram";"50 031";"4 285";"27 561 219";"2024-09-05 07:16:03"
"2024-09-09";"";"42 700";"6 117";"27 563 488";"2024-09-09 04:37:08"
"2024-09-10";"Yandex";"171 980";"20 663";"27 561 384";"2024-09-10 22:43:06"
"2024-09-04";"Likee";"733 743";"863 493";"27 562 721";"2024-09-04 15:36:12"
"2024-09-04";"";"117 740";"6 869";"27 561 827";"2024-09-04 04:49:46"
"2024-09-04";"YouTube";"552 561";"86 849";"27 562 908";"2024-09-04 05:50:34"
"2024-09-03";"";"73 111";"6 854";"27 562 636";"2024-09-04 00:45:19"
"2024-09-02";"";"126 458";"90 922";"27 563 016";"2024-09-02 15:00:13"
"2024-09-03";"";"33 712";"50 198";"27 562 320";"2024-09-03 09:30:59"
"2024-09-03";"";"113 959";"12 137";"27 561 484";"2024-09-03 03:36:00"
"2024-09-10";"";"157 336";"26 142";"27 561 934";"2024-09-11 01:58:34"
"2024-09-03";"";"35 106";"32 725";"27 563 024";"2024-09-03 10:31:18"
"2024-09-07";"Telegram";"140 909";"19 067";"27 562 790";"2024-09-07 19:16:39"
"2024-09-05";"";"44 623";"303 225";"27 561 339";"2024-09-05 19:28:58"
"2024-09-07";"YouTube";"1 085 445";"1 427 290";"27 562 204";"2024-09-07 10:55:47"
"2024-09-07";"";"308 173";"11 318";"27 563 171";"2024-09-07 06:51:14"
"2024-09-02";"";"119 808";"10 445";"27 561 611";"2024-09-02 08:53:42"
"2024-09-09";"YouTube";"213 001";"1 532 066";"27 561 357";"2024-09-09 06:27:50"
"2024-09-05";"";"3 292 361";"394 244";"27 562 216";"2024-09-05 16:25:26"
"2024-09-01";"";"625 741 222";"9 302 610";"27 562 775";"2024-09-01 19:52:38"
"2024-09-05";"";"66 355";"3 861";"27 562 747";"2024-09-05 19:16:42"
"2024-09-04";"YouTube";"12 939 666";"765 015";"27 561 828";"2024-09-04 12:21:06"
"2024-09-03";"";"86 263";"25 208";"27 562 320";"2024-09-03 18:51:34"
"2024-09-10";"";"34 754";"2 150";"27 562 741";"2024-09-10 19:04:09"
"2024-09-08";"YouTube";"4 690 630";"292 475";"27 562 200";"2024-09-08 12:45:31"
"2024-09-08";"YouTube";"2 880 916";"193 186";"27 563 503";"2024-09-08 17:02:21"
"2024-09-03";"";"70 773";"53 117";"27 563 273";"2024-09-03 05:50:38"
"2024-09-10";"";"33 149";"9 689";"27 563 291";"2024-09-11 01:58:08"
"2024-09-05";"";"3 069 579";"30 950";"27 562 812";"2024-09-05 20:29:45"
"2024-09-07";"";"970 718";"74 943";"27 561 686";"2024-09-07 08:41:16"
"2024-09-06";"Facebook";"25 875";"23 764";"27 563 333";"2024-09-06 10:19:16"
"2024-09-02";"";"105 740";"24 594";"27 562 033";"2024-09-02 17:14:43"
"2024-09-04";"";"55 035";"3 528";"27 562 142";"2024-09-04 06:03:45"
"2024-09-06";"";"15 736";"532 742";"27 561 758";"2024-09-06 09:18:24"
"2024-09-05";"";"162 037";"28 025";"27 563 411";"2024-09-05 09:42:40"
"2024-09-04";"";"120 198";"14 494";"27 563 234";"2024-09-04 07:52:26"
"2024-09-08";"";"201 488";"28 907";"27 563 096";"2024-09-08 22:55:23"
"2024-09-10";"";"70 453";"79 974";"27 561 785";"2024-09-10 22:07:04"
"2024-09-09";"";"91 578";"575 382";"27 562 352";"2024-09-09 03:00:09"
"2024-09-01";"YouTube";"915 263";"358 398";"27 562 560";"2024-09-01 08:41:16"
"2024-09-07";"";"250 785";"78 099";"27 563 395";"2024-09-07 15:24:48"
"2024-09-02";"";"142 303";"51 414";"27 562 956";"2024-09-02 16:37:17"
"2024-09-08";"Instagram";"22 230 626";"554 657";"27 561 866";"2024-09-08 22:43:32"
"2024-09-10";"YouTube";"155 034";"20 616";"27 562 733";"2024-09-10 21:30:16"
"2024-09-01";"";"146 169";"7 330";"27 561 262";"2024-09-01 22:19:34"
"2024-09-03";"";"317 311";"182 634";"27 561 480";"2024-09-03 04:25:19"
"2024-09-01";"";"3 305 315";"87 647";"27 562 654";"2024-09-01 13:22:29"
"2024-09-06";"";"261 685";"32 800";"27 561 669";"2024-09-06 08:05:04"
"2024-09-10";"";"776 091";"36 832";"27 562 506";"2024-09-10 22:43:29"
"2024-09-09";"Telegram";"99 190 671";"6 095 976";"27 562 934";"2024-09-09 18:27:46"
"2024-09-06";"";"1 826 669";"94 112";"27 562 622";"2024-09-06 16:01:07"
"2024-09-09";"Yandex";"62 595";"54 634";"27 563 387";"2024-09-09 16:49:32"
"2024-09-07";"Yandex";"796 214";"30 768";"27 562 821";"2024-09-07 17:02:49"
"2024-09-09";"Yandex";"59 528";"67 724";"27 563 240";"2024-09-09 07:52:12"
"2024-09-05";"";"1 956 220";"116 187";"27 561 953";"2024-09-05 10:07:24"
"2024-09-03";"Yandex";"2 481 325";"96 970";"27 562 087";"2024-09-04 02:35:42"
"2024-09-06";"YouTube";"1 204 284";"310 208";"27 563 225";"2024-09-06 23:32:24"
"2024-09-03";"Telegram";"14 694 160";"3 964 047";"27 563 035";"2024-09-03 10:07:42"
"2024-09-08";"";"188 086";"65 224";"27 562 102";"2024-09-08 17:50:13"
"2024-09-06";"Telegram";"195 092 216";"27 685 241";"27 562 612";"2024-09-06 04:37:34"
"2024-09-03";"";"3 896 782";"250 101";"27 561 634";"2024-09-03 22:43:08"
"2024-09-04";"Apple Music";"232 893";"14 079";"27 562 415";"2024-09-04 15:12:09"
"2024-09-02";"";"86 980 203";"4 657 330";"27 563 114";"2024-09-02 16:13:55"
"2024-09-04";"YouTube";"203 831";"690 535";"27 561 989";"2024-09-04 09:06:03"
"2024-09-01";"";"35 780";"7 505";"27 561 742";"2024-09-01 16:25:12"
"2024-09-05";"YouTube";"608 975";"208 257";"27 562 680";"2024-09-05 11:32:12"
"2024-09-07";"";"31 619";"2 672";"27 562 050";"2024-09-07 22:31:42"
"2024-09-05";"";"46 732";"2 736";"27 563 293";"2024-09-05 07:28:14"
"2024-09-10";"";"19 046";"31 262";"27 562 674";"2024-09-10 07:28:23"
"2024-09-06";"";"27 630";"13 083";"27 561 605";"2024-09-06 12:33:47"
"2024-09-10";"";"50 316";"6 608";"27 562 480";"2024-09-10 23:44:29"
"2024-09-10";"";"527 239";"129 166";"27 562 858";"2024-09-10 08:05:24"
"2024-09-04";"YouTube";"513 123";"213 106";"27 561 324";"2024-09-04 16:49:02"
"2024-09-03";"";"84 506";"7 882";"27 562 494";"2024-09-03 15:48:23"
"2024-09-07";"";"103 051";"10 759";"27 562 795";"2024-09-07 05:50:58"
"2024-09-06";"YouTube";"179 214 648";"11 517 210";"27 563 495";"2024-09-06 21:18:38"
"2024-09-04";"";"172 770";"11 734";"27 561 427";"2024-09-04 19:04:45"
"2024-09-02";"";"53 847";"169 346";"27 561 784";"2024-09-02 20:53:11"
"2024-09-07";"";"27 961";"29 199";"27 561 698";"2024-09-07 19:40:31"
"2024-09-08";"Instagram";"1 122 260";"394 167";"27 563 122";"2024-09-08 14:47:44"
"2024-09-02";"Yandex";"343 783";"181 611";"27 563 096";"2024-09-02 13:34:33"
"2024-09-03";"";"37 267";"3 980";"27 562 535";"2024-09-03 18:27:52"
"2024-09-10";"";"83 844";"20 070";"27 563 157";"2024-09-10 21:54:19"
"2024-09-02";"YouTube";"1 585 358";"672 796";"27 562 524";"2024-09-02 21:54:21"
"2024-09-05";"";"1 148 160";"186 147";"27 563 369";"2024-09-05 06:27:23"
"2024-09-03";"";"32 209";"5 644";"27 562 202";"2024-09-03 08:53:18"
"2024-09-03";"";"94 713";"333 730";"27 562 230";"2024-09-03 22:43:24"
"2024-09-01";"";"36 090";"19 655";"27 561 861";"2024-09-01 20:05:17"
"2024-09-04";"";"81 772";"7 860";"27 561 687";"2024-09-04 19:52:56"
"2024-09-07";"YouTube";"16 042 004";"1 262 179";"27 562 125";"2024-09-07 18:03:01"
"2024-09-02";"IMO";"100 898";"15 643";"27 562 372";"2024-09-03 00:21:25"
"2024-09-09";"";"27 049";"4 723";"27 562 261";"2024-09-09 23:32:17"
"2024-09-08";"";"29 543";"23 597";"27 561 542";"2024-09-08 07:40:51"
"2024-09-04";"Instagram";"3 168 738";"5 183 355";"27 562 127";"2024-09-05 00:33:00"
"2024-09-10";"";"28 042";"9 082";"27 563 199";"2024-09-10 23:44:11"
"2024-09-09";"YouTube";"7 779 306";"429 086";"27 561 721";"2024-09-09 11:32:03"
"2024-09-05";"Facebook";"4 221 475";"216 371 250";"27 563 384";"2024-09-05 16:25:27"
"2024-09-07";"Facebook";"41 123 809";"3 792 777";"27 561 768";"2024-09-07 13:46:05"
"2024-09-03";"";"37 816";"15 526";"27 563 481";"2024-09-03 17:02:53"
"2024-09-04";"";"23 204";"70 323";"27 562 604";"2024-09-05 02:47:35"
"2024-09-02";"";"126 034";"8 499";"27 562 803";"2024-09-02 16:13:25"
"2024-09-07";"YouTube";"913 874";"131 207";"27 562 754";"2024-09-07 04:01:10"
"2024-09-05";"Instagram";"117 427";"7 359";"27 561 542";"2024-09-05 13:46:47"
"2024-09-01";"Yandex";"435 535";"138 806";"27 563 100";"2024-09-02 00:21:43"
"2024-09-05";"";"1 055 288";"107 623";"27 561 417";"2024-09-05 18:51:49"
"2024-09-10";"";"185 463";"11 208";"27 561 971";"2024-09-10 18:51:46"
"2024-09-01";"YouTube";"4 629 134";"659 036";"27 563 472";"2024-09-01 13:10:21"
"2024-09-04";"Yandex Video";"763 277";"4 798 672";"27 561 224";"2024-09-05 00:09:59"
"2024-09-04";"";"265 200";"37 102";"27 561 701";"2024-09-05 01:22:23"
"2024-09-05";"";"1 437 521";"264 909";"27 561 723";"2024-09-05 17:50:44"
"2024-09-06";"";"52 982";"9 123";"27 563 291";"2024-09-06 20:05:21"
"2024-09-03";"";"175 325";"1 677 007";"27 561 999";"2024-09-03 15:12:43"
"2024-09-03";"";"100 461";"79 199";"27 563 080";"2024-09-03 23:20:56"
"2024-09-04";"";"95 077";"57 221";"27 562 907";"2024-09-04 21:18:22"
"2024-09-04";"Instagram";"2 807 622";"432 432";"27 562 595";"2024-09-04 09:54:00"
"2024-09-09";"";"28 235";"8 107";"27 563 419";"2024-09-09 09:42:03"
"2024-09-10";"Facebook";"229 091";"24 424";"27 561 616";"2024-09-10 06:15:15"
"2024-09-03";"";"26 999";"3 939";"27 562 813";"2024-09-03 05:38:09"
"2024-09-10";"";"37 996";"30 093";"27 563 174";"2024-09-10 04:49:20"
"2024-09-07";"YouTube";"618 039";"266 528";"27 561 171";"2024-09-08 02:47:25"
"2024-09-05";"";"389 970";"96 016";"27 562 139";"2024-09-05 13:46:59"
"2024-09-03";"";"46 989";"5 194";"27 561 556";"2024-09-03 10:43:41"
"2024-09-09";"";"37 907";"15 556";"27 563 359";"2024-09-09 18:03:54"
"2024-09-10";"Facebook";"161 860";"9 724 690";"27 563 080";"2024-09-10 17:50:45"
"2024-09-09";"Instagram";"96 294";"5 826";"27 561 676";"2024-09-09 03:00:01"
"2024-09-05";"";"811 849";"46 805";"27 562 812";"2024-09-05 09:54:06"
"2024-09-06";"Instagram";"1 411 147";"125 421";"27 562 239";"2024-09-06 19:28:05"
"2024-09-06";"";"4 597";"38 702";"27 563 442";"2024-09-06 06:39:12"
"2024-09-02";"Facebook";"238 821";"173 053";"27 563 221";"2024-09-02 13:34:38"
"2024-09-06";"";"259 419";"12 598";"27 563 427";"2024-09-06 04:37:20"
"2024-09-02";"";"95 276";"21 787";"27 563 378";"2024-09-02 18:03:30"
"2024-09-08";"";"249 640";"54 243";"27 561 365";"2024-09-08 22:43:38"
"2024-09-01";"YouTube";"188 922";"82 804";"27 561 320";"2024-09-02 01:46:17"
"2024-09-07";"";"31 002";"26 216";"27 563 109";"2024-09-07 05:38:32"
"2024-09-07";"";"78 662";"8 493";"27 561 643";"2024-09-07 14:35:31"
"2024-09-08";"Instagram";"33 601 730";"847 749";"27 561 335";"2024-09-09 02:59:34"
"2024-09-07";"Instagram";"25 097 949";"1 107 625";"27 563 351";"2024-09-08 01:34:35"
"2024-09-02";"Instagram";"3 442 706";"1 035 239";"27 562 257";"2024-09-02 04:25:19"
"2024-09-04";"Telegram";"644 668";"36 498";"27 561 552";"2024-09-05 01:46:31"
"2024-09-10";"Unknown";"48 538";"13 681";"27 563 199";"2024-09-10 14:59:22"
"2024-09-01";"";"1 675 952";"48 847";"27 561 865";"2024-09-01 18:39:27"
"2024-09-01";"";"35 422";"10 054";"27 562 089";"2024-09-01 23:56:34"
"2024-09-06";"Telegram";"6 317 864";"761 856";"27 561 862";"2024-09-06 11:20:57"
"2024-09-04";"Facebook";"1 147 440";"393 474";"27 561 207";"2024-09-04 21:54:49"
"2024-09-05";"Instagram";"879 251";"65 857";"27 561 520";"2024-09-05 15:48:31"
"2024-09-03";"YouTube";"71 098";"99 609";"27 562 080";"2024-09-03 22:07:27"
"2024-09-07";"";"165 407";"65 890";"27 562 860";"2024-09-07 12:57:32"
"2024-09-05";"";"27 036";"1 940";"27 562 280";"2024-09-05 11:56:49"
"2024-09-07";"";"29 306";"2 957";"27 562 846";"2024-09-07 10:43:22"
"2024-09-08";"";"35 462";"15 029";"27 563 143";"2024-09-08 22:31:24"
"2024-09-04";"YouTube";"686 180";"54 743";"27 563 382";"2024-09-04 22:43:29"
"2024-09-02";"";"4 757 030";"217 337";"27 563 231";"2024-09-02 10:07:03"
"2024-09-06";"YouTube";"210 695 491";"11 203 822";"27 561 838";"2024-09-06 20:53:13"
"2024-09-03";"Unknown";"29 772";"38 886";"27 561 725";"2024-09-03 21:18:26"
"2024-09-04";"YouTube";"7 434 617";"605 950";"27 561 655";"2024-09-04 18:27:05"
"2024-09-01";"";"3 065 987";"227 984";"27 562 438";"2024-09-01 22:31:59"
"2024-09-01";"Facebook";"151 193";"142 353";"27 562 039";"2024-09-01 05:26:55"
"2024-09-10";"";"2 311 687";"220 672";"27 562 741";"2024-09-11 02:59:03"
"2024-09-10";"WhatsApp";"36 490";"22 412";"27 562 879";"2024-09-10 09:42:49"
"2024-09-05";"YouTube";"41 473 988";"2 057 599";"27 562 364";"2024-09-05 06:27:15"
"2024-09-04";"";"150 560";"9 444";"27 562 642";"2024-09-04 23:44:40"
"2024-09-03";"";"220 809";"16 588";"27 561 845";"2024-09-03 16:37:33"
"2024-09-08";"";"157 723";"480 178";"27 563 005";"2024-09-08 08:41:19"
"2024-09-02";"";"835 899";"30 543";"27 561 981";"2024-09-02 21:42:24"
"2024-09-03";"";"8 214";"31 625";"27 561 213";"2024-09-04 02:59:38"
"2024-09-08";"Instagram";"217 523";"24 303";"27 562 674";"2024-09-08 05:26:18"
"2024-09-09";"";"1 129 118";"405 702";"27 563 316";"2024-09-09 23:20:48"
"2024-09-03";"";"57 227";"6 942";"27 563 140";"2024-09-03 20:29:41"
"2024-09-07";"Apple Music";"418 101";"10 002";"27 563 198";"2024-09-07 18:03:21"
"2024-09-04";"Telegram";"38 456 216";"13 024 325";"27 563 452";"2024-09-04 16:01:05"
"2024-09-10";"WhatsApp";"104 791";"7 046";"27 561 744";"2024-09-11 00:57:38"
"2024-09-09";"";"318 213";"55 709";"27 561 668";"2024-09-09 05:02:19"
"2024-09-04";"";"66 394";"86 388";"27 561 964";"2024-09-05 01:22:27"
"2024-09-02";"";"247 301";"26 357";"27 562 839";"2024-09-02 13:58:36"
"2024-09-05";"";"6 980";"30 171";"27 562 388";"2024-09-06 02:11:11"
"2024-09-02";"";"386 889";"57 678";"27 562 469";"2024-09-02 18:27:05"
"2024-09-01";"Unknown";"3 617 075";"211 907";"27 561 655";"2024-09-02 01:22:09"
"2024-09-10";"";"5 889 250";"437 607";"27 562 436";"2024-09-10 04:37:28"
"2024-09-04";"YouTube";"6 073 467";"247 760";"27 562 254";"2024-09-04 14:47:32"
"2024-09-08";"Instagram";"468 081";"59 618";"27 563 117";"2024-09-08 14:59:56"
"2024-09-09";"Telegram";"715 545 216";"36 644 253";"27 562 007";"2024-09-10 00:09:54"
"2024-09-06";"";"265 415";"31 953";"27 561 569";"2024-09-06 11:08:33"
"2024-09-03";"Instagram";"12 242 753";"11 967 629";"27 562 698";"2024-09-04 01:22:03"
"2024-09-01";"";"81 408";"6 651";"27 562 149";"2024-09-01 06:39:40"
"2024-09-04";"YouTube";"211 774 138";"13 413 443";"27 562 566";"2024-09-05 00:21:15"
"2024-09-03";"YouTube";"39 187 622";"2 286 359";"27 563 500";"2024-09-03 16:01:19"
"2024-09-01";"";"42 805";"3 739";"27 561 564";"2024-09-01 11:44:45"
"2024-09-10";"";"758 330";"136 005";"27 561 965";"2024-09-11 02:35:03"
"2024-09-03";"WhatsApp";"113 881";"7 719";"27 561 259";"2024-09-03 19:40:16"
"2024-09-03";"Unknown";"3 334 066";"202 448";"27 561 244";"2024-09-03 21:54:25"
"2024-09-04";"";"537 774";"40 213";"27 562 101";"2024-09-04 22:07:19"
"2024-09-06";"";"1 594 064";"51 448";"27 562 646";"2024-09-06 03:12:15"
"2024-09-07";"";"59 305";"7 312";"27 562 420";"2024-09-07 20:17:06"
"2024-09-07";"";"224 065";"542 294";"27 563 101";"2024-09-07 18:39:43"
"2024-09-04";"";"84 332";"830 032";"27 562 024";"2024-09-04 15:24:23"
"2024-09-02";"";"55 235";"23 732";"27 563 093";"2024-09-02 10:07:09"
"2024-09-01";"Instagram";"1 690 457";"115 922";"27 563 353";"2024-09-01 22:19:03"
"2024-09-07";"";"35 297";"2 616";"27 562 622";"2024-09-07 20:53:19"
"2024-09-08";"";"32 239";"13 445";"27 561 279";"2024-09-08 15:24:36"
"2024-09-06";"Telegram";"77 962";"17 773";"27 562 148";"2024-09-07 02:35:57"
"2024-09-06";"";"300 356";"33 821";"27 562 759";"2024-09-06 04:37:41"
"2024-09-05";"";"690 946";"40 558";"27 563 031";"2024-09-05 11:44:55"
"2024-09-01";"";"15 611";"85 983";"27 563 446";"2024-09-01 05:14:55"
"2024-09-07";"";"358 199";"70 425";"27 563 093";"2024-09-07 11:44:26"
"2024-09-08";"";"197 245 801";"9 134 985";"27 562 058";"2024-09-08 13:46:47"
"2024-09-08";"";"147 788";"6 988";"27 561 231";"2024-09-08 03:36:47"
"2024-09-03";"";"15 183";"26 401";"27 562 396";"2024-09-03 19:04:55"
"2024-09-09";"Telegram";"46 450";"23 732";"27 562 243";"2024-09-09 09:42:41"
"2024-09-01";"Instagram";"48 296";"9 599";"27 561 679";"2024-09-01 10:55:38"
"2024-09-06";"Instagram";"371 900";"50 522";"27 561 707";"2024-09-07 01:22:24"
"2024-09-03";"Facebook";"1 217 229";"453 283";"27 563 136";"2024-09-03 19:52:25"
"2024-09-07";"Instagram";"267 215";"14 806";"27 562 956";"2024-09-08 00:21:00"
"2024-09-10";"";"1 055 099";"146 252";"27 563 031";"2024-09-10 10:31:13"
"2024-09-10";"";"47 592";"13 951";"27 561 424";"2024-09-10 10:43:15"
"2024-09-08";"Telegram";"6 575 270";"492 623";"27 561 940";"2024-09-08 16:13:58"
"2024-09-07";"";"520 195";"1 680 421";"27 562 989";"2024-09-07 11:56:46"
"2024-09-07";"";"150 205";"267 970";"27 563 207";"2024-09-08 02:35:41"
"2024-09-07";"Instagram";"10 109 002";"994 447";"27 561 641";"2024-09-07 20:29:34"
"2024-09-06";"";"674 060";"96 055";"27 562 469";"2024-09-06 06:15:21"
"2024-09-02";"";"1 708 245";"23 282";"27 561 693";"2024-09-03 02:47:35"
"2024-09-10";"";"2 343 279";"491 631";"27 562 391";"2024-09-10 09:30:29"
"2024-09-06";"";"41 809";"5 058";"27 562 668";"2024-09-06 22:07:48"
"2024-09-10";"";"648 235";"21 628";"27 562 048";"2024-09-11 02:23:38"
"2024-09-03";"Odnoklassniki";"41 727";"8 911";"27 563 345";"2024-09-04 01:58:26"
"2024-09-05";"";"205 975";"15 470";"27 562 419";"2024-09-06 00:45:54"
"2024-09-05";"Unknown";"9 947";"55 687";"27 563 159";"2024-09-05 21:54:56"
"2024-09-07";"YouTube";"21 971 225";"1 427 074";"27 562 993";"2024-09-07 06:39:42"
"2024-09-09";"";"32 087";"8 370";"27 562 291";"2024-09-09 20:17:44"
"2024-09-01";"";"174 372";"9 264";"27 563 234";"2024-09-01 15:36:36"
"2024-09-06";"";"42 598";"145 141";"27 563 177";"2024-09-06 14:59:17"
"2024-09-04";"Instagram";"307 144";"6 930";"27 562 538";"2024-09-04 13:34:20"
"2024-09-10";"";"61 593";"14 207";"27 563 372";"2024-09-10 11:20:38"
"2024-09-01";"";"126 922";"45 981";"27 561 171";"2024-09-01 10:43:49"
"2024-09-08";"";"60 822";"9 956";"27 562 086";"2024-09-08 05:38:47"
"2024-09-06";"Instagram";"107 166 348";"3 671 262";"27 561 417";"2024-09-06 21:30:56"
"2024-09-09";"YouTube";"34 581";"124 275";"27 562 458";"2024-09-09 03:36:28"
"2024-09-06";"WhatsApp";"60 498";"17 852";"27 562 222";"2024-09-06 17:50:03"
"2024-09-03";"YouTube";"333 478";"2 747 185";"27 561 325";"2024-09-04 02:23:26"
"2024-09-05";"";"32 324 796";"1 413 955";"27 561 251";"2024-09-05 10:31:07"
"2024-09-09";"";"52 388";"5 029";"27 561 906";"2024-09-09 12:57:34"
"2024-09-07";"Facebook";"24 258 134";"1 904 356";"27 561 741";"2024-09-07 21:30:24"
"2024-09-02";"";"288 187";"11 974";"27 561 325";"2024-09-02 20:41:01"
"2024-09-05";"PUBG";"254 392";"10 491";"27 561 204";"2024-09-05 22:43:08"
"2024-09-05";"";"7 440";"95 633";"27 561 555";"2024-09-05 20:53:10"
"2024-09-06";"Likee";"9 673 473";"1 762 057";"27 562 762";"2024-09-06 13:10:55"
"2024-09-02";"";"17 872 343";"1 126 465";"27 562 178";"2024-09-02 03:48:28"
"2024-09-09";"";"72 608 464";"4 970 447";"27 561 793";"2024-09-09 18:51:49"
"2024-09-07";"";"62 854";"3 101";"27 563 503";"2024-09-07 06:15:59"
"2024-09-04";"";"79 944";"128 830";"27 561 708";"2024-09-05 01:34:47"
"2024-09-06";"";"63 175";"6 390";"27 563 507";"2024-09-06 16:25:35"
"2024-09-08";"Facebook";"101 705";"7 480";"27 561 224";"2024-09-08 12:45:11"
"2024-09-10";"Telegram";"79 632 717";"3 507 864";"27 562 281";"2024-09-11 00:21:45"
"2024-09-05";"";"355 259";"192 002";"27 561 453";"2024-09-05 16:01:12"
"2024-09-03";"";"27 505";"2 216";"27 563 326";"2024-09-03 12:21:57"
"2024-09-02";"YouTube";"2 464 252";"959 689";"27 562 522";"2024-09-02 08:41:39"
"2024-09-04";"Facebook";"247 185";"22 487";"27 563 147";"2024-09-04 11:32:56"
"2024-09-01";"";"16 364";"56 768";"27 561 386";"2024-09-01 07:52:11"
"2024-09-06";"";"2 640";"115 064";"27 562 884";"2024-09-06 11:44:37"
"2024-09-05";"";"120 239";"7 202";"27 561 189";"2024-09-05 04:01:14"
"2024-09-09";"";"485 801";"233 077";"27 561 305";"2024-09-09 09:18:48"
"2024-09-10";"Facebook";"489 815";"204 825";"27 561 994";"2024-09-10 11:20:46"
"2024-09-03";"";"11 018 483";"474 118";"27 563 176";"2024-09-03 12:21:26"
"2024-09-09";"";"56 501";"13 440";"27 563 106";"2024-09-09 08:41:39"
"2024-09-04";"";"2 207 774";"79 391";"27 561 884";"2024-09-04 16:25:11"
"2024-09-07";"";"55 271";"33 622";"27 562 259";"2024-09-08 00:33:48"
"2024-09-02";"";"31 852";"9 676";"27 562 156";"2024-09-02 11:08:55"
"2024-09-05";"YouTube";"1 564 707";"87 892";"27 563 504";"2024-09-05 10:19:25"
"2024-09-02";"";"62 183";"33 381";"27 561 548";"2024-09-02 23:44:55"
"2024-09-10";"YouTube";"117 649";"1 132 602";"27 562 722";"2024-09-10 22:31:22"
"2024-09-02";"";"71 609 440";"5 265 654";"27 561 873";"2024-09-03 01:34:30"
"2024-09-08";"Yandex";"6 541 829";"4 719 234";"27 563 289";"2024-09-09 02:23:50"
"2024-09-07";"Instagram";"328 838";"50 073";"27 562 642";"2024-09-08 02:11:09"
"2024-09-02";"";"191 980";"269 259";"27 561 250";"2024-09-02 10:19:52"
"2024-09-02";"";"106 402";"135 960";"27 562 230";"2024-09-02 13:22:23"
"2024-09-08";"";"33 774";"2 007";"27 562 854";"2024-09-09 00:21:57"
"2024-09-01";"YouTube";"16 382";"126 814";"27 563 403";"2024-09-01 15:36:51"
"2024-09-08";"";"232 064";"15 476";"27 562 400";"2024-09-08 07:40:15"
"2024-09-10";"";"35 955";"7 923";"27 561 253";"2024-09-10 09:18:18"
"2024-09-02";"";"2 916 041";"88 317";"27 563 402";"2024-09-02 17:38:43"
"2024-09-03";"";"26 858";"18 030";"27 562 397";"2024-09-03 11:08:28"
"2024-09-03";"";"37 549";"3 757";"27 561 520";"2024-09-03 05:26:53"
"2024-09-04";"";"1 537 577";"128 060";"27 562 835";"2024-09-04 16:37:36"
"2024-09-10";"";"64 543";"300 736";"27 562 538";"2024-09-11 02:59:52"
"2024-09-02";"YouTube";"252 793";"112 679";"27 562 029";"2024-09-02 03:12:54"
"2024-09-09";"YouTube";"192 051 247";"14 229 386";"27 561 456";"2024-09-09 12:33:06"
"2024-09-08";"";"59 947 672";"8 748 734";"27 562 490";"2024-09-08 09:06:24"
"2024-09-07";"Instagram";"104 289 980";"3 798 661";"27 562 599";"2024-09-07 12:21:46"
"2024-09-10";"";"131 942";"37 361";"27 563 060";"2024-09-10 10:43:13"
"2024-09-05";"Yandex";"387 684";"25 662";"27 562 841";"2024-09-05 21:06:53"
"2024-09-06";"";"943 154";"112 253";"27 562 824";"2024-09-06 10:07:54"
"2024-09-09";"";"122 164";"154 898";"27 562 004";"2024-09-09 09:42:10"
"2024-09-06";"Yandex";"818 707";"39 571";"27 562 762";"2024-09-06 17:38:02"
"2024-09-02";"";"28 138";"5 215";"27 561 596";"2024-09-02 20:53:33"
"2024-09-06";"Unknown";"283 481";"37 815";"27 562 041";"2024-09-06 11:56:32"
"2024-09-05";"Yandex";"324 917";"51 074";"27 561 818";"2024-09-05 10:31:39"
"2024-09-06";"";"28 979";"7 848";"27 562 661";"2024-09-06 14:47:08"
"2024-09-05";"";"42 054";"4 817";"27 563 403";"2024-09-06 02:11:48"
"2024-09-10";"Instagram";"4 360 020";"118 088";"27 563 335";"2024-09-10 23:08:21"
"2024-09-06";"";"305 991";"60 164";"27 563 218";"2024-09-06 14:35:01"
"2024-09-07";"";"58 937";"9 387";"27 562 343";"2024-09-07 23:44:23"
"2024-09-02";"Unknown";"817 015";"24 384";"27 562 327";"2024-09-02 10:19:13"
"2024-09-06";"Telegram";"889 713 102";"32 411 753";"27 562 400";"2024-09-07 02:35:28"
"2024-09-02";"";"3 256 261";"120 976";"27 563 205";"2024-09-02 08:17:52"
"2024-09-06";"";"67 432";"6 922";"27 561 466";"2024-09-06 05:14:23"
"2024-09-05";"TikTok";"35 548";"282 451";"27 561 176";"2024-09-06 02:59:59"
"2024-09-10";"Instagram";"250 428";"12 054";"27 562 173";"2024-09-10 21:42:44"
"2024-09-01";"Telegram";"4 854 338";"529 295";"27 563 183";"2024-09-01 04:13:16"
"2024-09-10";"";"27 569";"3 320";"27 563 224";"2024-09-10 04:49:08"
"2024-09-07";"TikTok";"468";"28 600";"27 561 401";"2024-09-07 07:28:50"
"2024-09-07";"Tas-ix";"6 278 417";"322 087";"27 562 880";"2024-09-07 03:24:05"
"2024-09-09";"";"131 776";"18 574";"27 561 963";"2024-09-09 17:50:03"
"2024-09-08";"";"3 022 324";"1 994 329";"27 562 069";"2024-09-08 08:53:06"
"2024-09-06";"";"116 894";"38 875";"27 563 157";"2024-09-06 12:09:57"
"2024-09-01";"";"42 276";"4 704";"27 562 762";"2024-09-01 15:00:49"
"2024-09-01";"";"11 090 480";"1 069 291";"27 561 542";"2024-09-01 06:51:37"
"2024-09-01";"";"27 556";"211 921";"27 561 941";"2024-09-01 08:17:54"
"2024-09-08";"";"588 099 629";"32 836 430";"27 562 622";"2024-09-08 22:19:20"
"2024-09-02";"";"25 080";"47 134";"27 561 984";"2024-09-03 01:34:02"
"2024-09-03";"YouTube";"6 053 264";"2 816 414";"27 562 653";"2024-09-04 01:58:16"
"2024-09-01";"";"29 591";"15 502";"27 563 348";"2024-09-02 00:33:30"
"2024-09-06";"";"734 280";"40 217";"27 561 834";"2024-09-06 20:17:04"
"2024-09-04";"";"872 283";"685 382";"27 563 157";"2024-09-04 20:05:36"
"2024-09-01";"YouTube";"7 151 231";"631 703";"27 563 156";"2024-09-02 01:34:09"
"2024-09-06";"";"364 208";"290 555";"27 563 211";"2024-09-06 22:43:07"
"2024-09-07";"";"59 825";"76 893";"27 563 311";"2024-09-07 17:38:47"
"2024-09-02";"Tas-ix";"390 702";"29 020";"27 561 688";"2024-09-02 13:22:57"
"2024-09-02";"";"77 314";"38 176";"27 562 818";"2024-09-02 05:50:14"
"2024-09-04";"";"40 315";"15 896";"27 561 231";"2024-09-04 06:51:22"
"2024-09-05";"";"2 054 093";"225 774";"27 563 122";"2024-09-05 14:47:58"
"2024-09-01";"";"17 380 190";"699 149";"27 563 157";"2024-09-01 22:19:13"
"2024-09-10";"";"36 651";"5 809";"27 562 040";"2024-09-10 07:40:04"
"2024-09-04";"";"49 043";"6 216";"27 561 289";"2024-09-04 14:59:12"
"2024-09-04";"";"29 665";"3 033";"27 563 080";"2024-09-04 13:58:26"
"2024-09-02";"WhatsApp";"1 216 496";"361 731";"27 562 473";"2024-09-02 14:47:02"
"2024-09-01";"";"348 620";"38 860";"27 561 269";"2024-09-01 03:00:34"
"2024-09-08";"";"98 379";"11 618";"27 562 815";"2024-09-08 08:17:19"
"2024-09-08";"Apple Music";"95 848";"12 830";"27 562 212";"2024-09-08 09:18:06"
"2024-09-06";"Odnoklassniki";"27 178";"4 261";"27 563 317";"2024-09-07 02:59:14"
"2024-09-06";"";"134 289";"7 165";"27 561 375";"2024-09-07 01:34:34"
"2024-09-05";"";"138 804";"11 596";"27 562 470";"2024-09-05 19:40:04"
"2024-09-01";"";"1 497 179";"130 248";"27 561 484";"2024-09-01 14:47:14"
"2024-09-06";"";"225 636";"119 038";"27 563 048";"2024-09-06 13:34:26"
"2024-09-06";"";"597 324";"43 516";"27 563 225";"2024-09-06 19:40:48"
"2024-09-09";"";"543 084";"71 395";"27 563 469";"2024-09-09 10:19:24"
"2024-09-04";"";"25 609";"4 594";"27 561 907";"2024-09-04 14:23:02"
"2024-09-05";"";"39 858";"10 540";"27 561 512";"2024-09-06 01:58:23"
"2024-09-03";"";"31 351";"10 188";"27 562 783";"2024-09-03 22:19:55"
"2024-09-07";"";"3 870 731";"200 970";"27 561 737";"2024-09-07 08:41:37"
"2024-09-04";"";"78 569";"4 862";"27 561 697";"2024-09-04 10:31:54"
"2024-09-09";"";"12 583 522";"691 880";"27 562 906";"2024-09-09 21:42:34"
"2024-09-04";"";"905 975";"149 598";"27 561 320";"2024-09-04 08:53:55"
"2024-09-04";"";"321 387";"46 579";"27 563 083";"2024-09-05 01:46:19"
"2024-09-02";"";"702 164";"103 717";"27 562 701";"2024-09-02 12:21:18"
"2024-09-08";"";"28 462";"17 591";"27 562 512";"2024-09-09 00:33:40"
"2024-09-09";"";"60 689";"19 818";"27 561 760";"2024-09-09 14:47:25"
"2024-09-04";"Telegram";"7 087 710";"474 894";"27 561 595";"2024-09-04 15:24:26"
"2024-09-07";"";"623 935";"661 308";"27 563 041";"2024-09-07 22:43:12"
"2024-09-05";"Likee";"1 581 129";"96 058";"27 562 747";"2024-09-05 22:07:31"
"2024-09-06";"";"55 462";"3 799";"27 561 418";"2024-09-06 08:41:52"
"2024-09-01";"";"129 522";"31 779";"27 562 430";"2024-09-02 00:21:53"
"2024-09-01";"Instagram";"17 816 351";"886 300";"27 561 688";"2024-09-01 06:51:06"
"2024-09-02";"Instagram";"480 631";"47 532";"27 563 287";"2024-09-02 22:43:01"
"2024-09-02";"Instagram";"2 356 957";"147 927";"27 562 120";"2024-09-02 07:04:28"
"2024-09-04";"Instagram";"10 719 936";"193 524";"27 562 803";"2024-09-04 15:00:54"
"2024-09-07";"YouTube";"3 108 215";"1 342 986";"27 561 355";"2024-09-07 20:41:52"
"2024-09-04";"";"70 130";"7 941";"27 561 774";"2024-09-05 02:11:00"
"2024-09-10";"PUBG";"2 855 068";"150 810";"27 561 975";"2024-09-11 01:58:58"
"2024-09-07";"";"6 195 632";"238 261";"27 561 722";"2024-09-08 00:33:18"
"2024-09-10";"YouTube";"58 390";"12 374";"27 561 863";"2024-09-10 15:24:47"
"2024-09-03";"";"143 925 615";"3 015 610";"27 562 792";"2024-09-03 04:25:12"
"2024-09-07";"";"32 611";"81 548";"27 561 449";"2024-09-07 18:39:01"
"2024-09-01";"";"103 056";"4 500";"27 562 701";"2024-09-01 15:36:55"
"2024-09-08";"";"59 412";"30 255";"27 562 957";"2024-09-08 06:27:56"
"2024-09-08";"";"1 515 252";"159 061";"27 562 025";"2024-09-08 04:13:03"
"2024-09-10";"";"66 945";"36 252";"27 562 729";"2024-09-11 00:57:11"
"2024-09-08";"";"43 357";"3 259";"27 562 832";"2024-09-08 11:56:46"
"2024-09-01";"";"185 040";"38 206";"27 563 388";"2024-09-02 01:46:12"
"2024-09-06";"";"83 392";"22 254";"27 563 075";"2024-09-07 01:46:36"
"2024-09-10";"";"35 091";"5 969";"27 562 067";"2024-09-10 23:20:50"
"2024-09-03";"";"89 467";"24 989";"27 563 211";"2024-09-03 03:36:04"
"2024-09-06";"";"379 458";"372 087";"27 561 975";"2024-09-06 12:45:15"
"2024-09-03";"";"63 050";"38 170";"27 562 563";"2024-09-03 15:00:52"
"2024-09-09";"Telegram";"77 733 209";"91 788 883";"27 563 096";"2024-09-09 15:12:40"
"2024-09-04";"";"167 033";"11 031";"27 561 680";"2024-09-04 11:44:40"
"2024-09-05";"Telegram";"221 877";"77 997";"27 561 550";"2024-09-05 21:54:58"
"2024-09-05";"";"13 656 542";"9 654 635";"27 562 264";"2024-09-05 04:37:11"
"2024-09-07";"";"705 304";"548 931";"27 562 508";"2024-09-07 22:55:02"
"2024-09-05";"PUBG";"1 918 465";"97 662";"27 563 174";"2024-09-05 10:07:01"
"2024-09-02";"WhatsApp";"30 656";"24 382";"27 562 025";"2024-09-02 09:18:10"
"2024-09-07";"";"26 923";"1 983";"27 562 456";"2024-09-07 13:46:49"
"2024-09-05";"Facebook";"43 515";"3 766";"27 563 414";"2024-09-05 04:01:52"
"2024-09-05";"";"153 559";"7 474";"27 562 592";"2024-09-05 20:53:50"
"2024-09-09";"";"38 316";"11 149";"27 563 285";"2024-09-09 04:25:14"
"2024-09-06";"";"4 549 025";"166 100";"27 562 034";"2024-09-06 16:25:51"
"2024-09-07";"";"33 215";"8 505";"27 563 366";"2024-09-07 11:20:57"
"2024-09-01";"Facebook";"226 464";"109 496";"27 562 170";"2024-09-01 11:20:59"
"2024-09-03";"";"420 452";"156 795";"27 561 778";"2024-09-04 02:47:12"
"2024-09-02";"Facebook";"31 528";"18 540";"27 562 663";"2024-09-02 07:28:20"
"2024-09-05";"";"40 868";"12 608";"27 563 153";"2024-09-05 07:16:54"
"2024-09-06";"YouTube";"75 212";"131 530";"27 562 028";"2024-09-06 09:42:27"
"2024-09-04";"";"170 462";"99 234";"27 561 684";"2024-09-04 11:56:56"
"2024-09-05";"Facebook";"91 993";"9 798";"27 561 744";"2024-09-05 10:31:57"
"2024-09-08";"";"117 571";"66 838";"27 561 480";"2024-09-08 20:29:44"
"2024-09-02";"Yandex";"422 121";"24 845";"27 563 410";"2024-09-02 17:26:29"
"2024-09-10";"Yandex";"288 669";"10 148";"27 563 514";"2024-09-10 20:17:48"
"2024-09-09";"Yandex";"2 435 463";"479 031";"27 561 199";"2024-09-09 09:54:44"
"2024-09-06";"Instagram";"56 955 048";"1 061 987";"27 561 207";"2024-09-06 14:35:30"
"2024-09-04";"YouTube";"101 547 885";"6 270 621";"27 561 257";"2024-09-04 21:06:45"
"2024-09-04";"";"26 955";"3 578";"27 561 547";"2024-09-04 08:53:05"
"2024-09-01";"";"1 145 041";"287 756";"27 562 524";"2024-09-02 00:57:47"
"2024-09-05";"";"425 585";"615 184";"27 561 375";"2024-09-05 12:09:27"
"2024-09-01";"";"3 975 861";"259 679";"27 562 364";"2024-09-01 23:20:55"
"2024-09-10";"";"834 823";"111 091";"27 561 424";"2024-09-10 05:14:39"
"2024-09-01";"Facebook";"339 337";"17 054";"27 563 299";"2024-09-01 18:51:23"
"2024-09-06";"";"33 341";"3 044";"27 563 328";"2024-09-06 04:25:03"
"2024-09-07";"";"41 176";"6 099";"27 561 884";"2024-09-07 22:55:52"
"2024-09-10";"";"110 256";"13 567";"27 561 341";"2024-09-10 10:43:38"
"2024-09-07";"";"87 947";"7 190";"27 562 872";"2024-09-07 04:37:51"
"2024-09-09";"Facebook";"32 465";"5 521";"27 563 427";"2024-09-09 21:06:19"
"2024-09-05";"Yandex";"106 746";"6 135";"27 563 481";"2024-09-05 12:21:48"
"2024-09-05";"";"1 320 623";"76 393";"27 561 796";"2024-09-05 03:36:50"
"2024-09-08";"Facebook";"63 654";"8 852";"27 561 401";"2024-09-08 05:26:05"
"2024-09-06";"YouTube";"4 605 939";"411 119";"27 561 998";"2024-09-06 05:38:10"
"2024-09-07";"";"63 099";"6 416";"27 562 251";"2024-09-07 14:35:35"
"2024-09-10";"";"121 056";"80 663";"27 563 177";"2024-09-11 02:59:37"
"2024-09-09";"YouTube";"325 340";"34 454";"27 561 216";"2024-09-09 13:34:57"
"2024-09-07";"YouTube";"3 494 145";"1 448 579";"27 562 057";"2024-09-07 23:44:47"
"2024-09-09";"Unknown";"48 874";"6 398";"27 562 034";"2024-09-09 03:12:12"
"2024-09-04";"";"540 247";"2 886 811";"27 562 808";"2024-09-04 05:38:10"
"2024-09-03";"";"170 285";"11 426";"27 563 130";"2024-09-03 10:31:17"
"2024-09-05";"WhatsApp";"4 175 689";"8 215 666";"27 562 965";"2024-09-05 14:35:13"
"2024-09-08";"YouTube";"133 775 244";"8 015 132";"27 563 278";"2024-09-08 11:56:43"
"2024-09-06";"";"41 602";"2 639";"27 561 221";"2024-09-06 12:21:22"
"2024-09-06";"";"429 326";"455 689";"27 561 232";"2024-09-06 18:15:30"
"2024-09-01";"";"151 251 899";"10 850 953";"27 561 276";"2024-09-01 15:12:08"
"2024-09-10";"";"1 591 817";"67 716";"27 562 715";"2024-09-10 08:53:35"
"2024-09-09";"";"240 305 326";"28 075 827";"27 563 119";"2024-09-09 04:13:11"
"2024-09-10";"";"155 517";"28 893";"27 562 575";"2024-09-10 21:30:44"
"2024-09-07";"";"4 753 286";"202 082";"27 562 698";"2024-09-07 19:28:53"
"2024-09-10";"WhatsApp";"38 585";"2 715";"27 563 260";"2024-09-10 23:20:53"
"2024-09-05";"";"1 862 804";"2 711 830";"27 562 007";"2024-09-05 21:54:26"
"2024-09-10";"";"51 419 338";"3 559 950";"27 562 733";"2024-09-10 19:28:12"
"2024-09-09";"";"37 860";"5 200";"27 563 127";"2024-09-09 07:40:10"
"2024-09-05";"Facebook";"80 571";"40 014";"27 563 152";"2024-09-05 12:45:05"
"2024-09-02";"Instagram";"13 401 364";"502 468";"27 563 051";"2024-09-02 11:32:18"
"2024-09-01";"";"25 361";"94 173";"27 561 540";"2024-09-01 17:14:55"
"2024-09-06";"";"389 401";"15 186";"27 561 192";"2024-09-06 22:07:25"
"2024-09-06";"";"417 437";"17 920";"27 562 035";"2024-09-07 00:57:33"
"2024-09-04";"";"8 520";"31 241";"27 561 604";"2024-09-04 20:41:37"
"2024-09-04";"";"27 905";"7 645";"27 562 028";"2024-09-04 09:30:55"
"2024-09-01";"Yandex";"1 021 621";"1 262 729";"27 561 480";"2024-09-01 09:30:43"
"2024-09-08";"";"2 009 419";"2 138 357";"27 562 026";"2024-09-08 03:36:17"
"2024-09-02";"Instagram";"1 724 883";"122 517";"27 561 967";"2024-09-02 03:00:54"
"2024-09-06";"";"76 639";"96 625";"27 562 462";"2024-09-06 11:44:52"
"2024-09-07";"";"48 176";"12 642";"27 562 752";"2024-09-07 05:38:08"
"2024-09-03";"";"193 882";"3 676";"27 562 287";"2024-09-03 17:38:55"
"2024-09-09";"";"37 181";"85 917";"27 562 148";"2024-09-09 05:38:30"
"2024-09-10";"Tas-ix";"1 671 997";"83 539";"27 561 388";"2024-09-10 11:56:35"
"2024-09-09";"Facebook";"4 070 399";"192 351";"27 562 578";"2024-09-09 17:50:27"
"2024-09-06";"";"215 812";"27 922";"27 562 122";"2024-09-06 17:14:37"
"2024-09-07";"";"55 081";"77 204";"27 563 469";"2024-09-08 00:45:02"
"2024-09-03";"";"534 130";"33 716";"27 561 884";"2024-09-03 09:06:38"
"2024-09-01";"";"178 279";"78 481";"27 562 800";"2024-09-01 11:20:47"
"2024-09-04";"Telegram";"22 750 481";"1 693 071";"27 562 070";"2024-09-04 11:32:55"
"2024-09-02";"YouTube";"18 154";"40 187";"27 562 782";"2024-09-03 00:21:43"
"2024-09-07";"";"34 126";"3 299";"27 563 147";"2024-09-07 12:45:14"
"2024-09-03";"";"1 144 847";"79 029";"27 562 350";"2024-09-03 23:56:58"
"2024-09-08";"";"249 868";"26 351";"27 562 737";"2024-09-08 06:39:02"
"2024-09-10";"";"1 200";"65 544";"27 562 680";"2024-09-10 03:24:07"
"2024-09-06";"Telegram";"22 349 740";"1 907 521";"27 562 992";"2024-09-06 08:41:52"
"2024-09-07";"";"78 413";"5 210";"27 562 751";"2024-09-07 10:43:56"
"2024-09-02";"";"201 469";"16 196";"27 562 732";"2024-09-02 12:45:16"
"2024-09-10";"";"193 451";"23 726";"27 563 030";"2024-09-10 04:37:11"
"2024-09-04";"";"478 131";"260 904";"27 563 186";"2024-09-04 06:15:10"
"2024-09-07";"YouTube";"158 862 225";"10 868 910";"27 562 667";"2024-09-07 18:15:31"
"2024-09-02";"";"51 009";"6 470";"27 563 110";"2024-09-03 02:59:34"
"2024-09-09";"";"89 655";"50 557";"27 561 763";"2024-09-09 07:52:22"
"2024-09-02";"";"19 566";"40 978";"27 561 463";"2024-09-02 19:04:05"
"2024-09-09";"WhatsApp";"1 493 517";"75 068";"27 563 152";"2024-09-09 20:05:25"
"2024-09-01";"";"59 093";"52 224";"27 563 364";"2024-09-01 08:17:33"
"2024-09-05";"Yandex";"83 404";"36 350";"27 561 420";"2024-09-05 21:54:57"
"2024-09-08";"Telegram";"311 770 496";"15 748 963";"27 563 386";"2024-09-08 06:39:34"
"2024-09-04";"";"2 844 068";"98 108";"27 562 656";"2024-09-04 19:16:21"
"2024-09-09";"IMO";"59 617";"11 204";"27 561 337";"2024-09-10 00:21:48"
"2024-09-03";"";"101 850";"123 967";"27 562 595";"2024-09-03 04:37:38"
"2024-09-02";"";"240 613";"36 349";"27 563 271";"2024-09-02 05:02:09"
"2024-09-06";"";"975 530";"258 703";"27 561 457";"2024-09-06 12:33:42"
"2024-09-03";"";"71 005";"94 243";"27 563 183";"2024-09-03 11:08:32"
"2024-09-10";"";"58 990";"3 789";"27 562 267";"2024-09-10 22:19:27"
"2024-09-02";"";"238 332";"12 735";"27 562 037";"2024-09-02 06:27:50"
"2024-09-02";"YouTube";"51 881";"18 043";"27 562 479";"2024-09-02 15:24:39"
"2024-09-09";"";"36 538";"22 146";"27 562 863";"2024-09-09 07:04:46"
"2024-09-09";"";"527 263";"247 718";"27 561 413";"2024-09-10 00:21:09"
"2024-09-07";"";"54 262";"23 966";"27 561 224";"2024-09-07 15:48:02"
"2024-09-04";"";"36 036";"9 579";"27 561 794";"2024-09-04 18:15:36"
"2024-09-07";"";"6 884";"31 914";"27 561 658";"2024-09-07 17:38:27"
"2024-09-09";"";"43 884";"11 081";"27 561 436";"2024-09-09 08:05:09"
"2024-09-01";"";"433 649";"98 710";"27 563 466";"2024-09-01 18:39:43"
"2024-09-10";"";"184 464";"15 550";"27 561 251";"2024-09-11 01:34:20"
"2024-09-04";"";"38 022";"3 123";"27 562 441";"2024-09-04 12:45:51"
"2024-09-04";"";"27 780 361";"748 451";"27 561 201";"2024-09-04 15:12:48"
"2024-09-08";"YouTube";"105 874";"675 624";"27 561 741";"2024-09-08 13:58:14"
"2024-09-08";"";"391 904";"22 650";"27 562 094";"2024-09-08 05:14:05"
"2024-09-09";"";"53 336";"10 007";"27 561 510";"2024-09-09 10:43:33"
"2024-09-07";"Telegram";"759 223";"62 300";"27 562 578";"2024-09-07 06:03:55"
"2024-09-10";"";"152 367";"30 916";"27 562 590";"2024-09-10 22:43:32"
"2024-09-04";"Instagram";"28 530";"3 915";"27 562 466";"2024-09-05 00:45:24"
"2024-09-09";"";"102 371";"8 626";"27 563 442";"2024-09-10 00:57:29"
"2024-09-04";"";"1 206 123";"85 043";"27 562 133";"2024-09-04 17:26:11"
"2024-09-01";"YouTube";"2 157 613";"1 173 504";"27 562 431";"2024-09-01 16:37:11"
"2024-09-08";"Telegram";"1 219 518";"93 747";"27 561 690";"2024-09-08 12:45:52"
"2024-09-02";"";"46 717";"3 394";"27 562 366";"2024-09-03 02:11:21"
"2024-09-08";"";"28 598";"3 750";"27 561 970";"2024-09-08 23:08:23"
"2024-09-06";"Facebook";"1 207 539";"60 092";"27 562 172";"2024-09-07 02:11:16"
"2024-09-02";"";"430 028";"26 491";"27 563 268";"2024-09-02 18:39:05"
"2024-09-02";"";"107 746";"395 039";"27 562 146";"2024-09-02 12:45:47"
"2024-09-02";"Instagram";"1 932 878";"348 626";"27 561 352";"2024-09-02 19:04:15"
"2024-09-09";"";"35 521";"1 811";"27 562 757";"2024-09-09 15:12:13"
"2024-09-05";"Facebook";"83 472 793";"2 924 530";"27 561 737";"2024-09-05 14:23:33"
"2024-09-08";"";"26 828";"5 317";"27 561 900";"2024-09-08 12:45:21"
"2024-09-09";"";"9 948 048";"524 267";"27 562 771";"2024-09-09 14:35:23"
"2024-09-10";"Instagram";"737 716";"23 665";"27 563 065";"2024-09-10 08:41:53"
"2024-09-07";"";"1 131 100";"101 245";"27 562 615";"2024-09-07 20:05:23"
"2024-09-10";"YouTube";"1 865 260";"148 523";"27 561 851";"2024-09-10 18:03:37"
"2024-09-02";"";"26 681";"9 175";"27 561 342";"2024-09-02 03:36:58"
"2024-09-05";"";"95 632";"6 073";"27 562 993";"2024-09-05 20:05:57"
"2024-09-01";"";"64 096";"6 370";"27 563 299";"2024-09-01 05:26:44"
"2024-09-02";"YouTube";"225 419 906";"18 294 534";"27 561 533";"2024-09-02 11:20:04"
"2024-09-09";"";"54 385";"4 463";"27 562 230";"2024-09-09 03:48:48"
"2024-09-10";"";"228 214";"79 673";"27 561 902";"2024-09-10 18:27:18"
"2024-09-08";"";"180 060";"24 797";"27 562 858";"2024-09-08 20:17:08"
"2024-09-04";"";"84 827";"3 857";"27 561 361";"2024-09-04 07:04:46"
"2024-09-04";"";"3 583 914";"159 432";"27 563 287";"2024-09-04 21:06:53"
"2024-09-01";"YouTube";"660 499";"663 549";"27 561 205";"2024-09-01 19:28:40"
"2024-09-09";"";"7 728";"47 455";"27 562 372";"2024-09-09 10:43:11"
"2024-09-05";"";"67 844";"5 780";"27 561 689";"2024-09-05 19:04:16"
"2024-09-09";"YouTube";"2 116 060";"354 191";"27 562 804";"2024-09-09 06:51:42"
"2024-09-07";"";"563 449";"50 121";"27 561 855";"2024-09-07 13:10:15"
"2024-09-05";"";"59 919";"1 300";"27 562 907";"2024-09-05 22:19:12"
"2024-09-09";"";"66 861";"3 725";"27 562 818";"2024-09-09 05:26:45"
"2024-09-03";"";"719 937";"300 950";"27 562 466";"2024-09-04 02:47:08"
"2024-09-09";"";"31 059";"2 880";"27 562 656";"2024-09-09 06:39:39"
"2024-09-04";"";"47 992";"3 478";"27 562 438";"2024-09-04 17:50:34"
"2024-09-07";"";"125 408";"16 499";"27 562 203";"2024-09-07 22:07:39"
"2024-09-02";"";"29 655";"21 195";"27 562 829";"2024-09-02 21:30:28"
"2024-09-02";"PUBG";"2 204 232";"126 373";"27 562 590";"2024-09-02 16:25:26"
"2024-09-03";"Instagram";"46 219";"4 074";"27 563 299";"2024-09-03 16:13:22"
"2024-09-01";"";"32 339";"7 675";"27 562 034";"2024-09-01 09:54:40"
"2024-09-08";"";"319 905";"13 019";"27 562 004";"2024-09-08 23:44:29"
"2024-09-02";"YouTube";"515 351";"58 118";"27 562 350";"2024-09-02 16:49:34"
"2024-09-05";"";"59 763";"5 391";"27 563 006";"2024-09-05 21:54:51"
"2024-09-05";"YouTube";"182 638";"12 887";"27 563 042";"2024-09-06 00:45:35"
"2024-09-03";"YouTube";"130 372";"7 733";"27 562 436";"2024-09-03 12:45:01"
"2024-09-07";"Instagram";"93 779 332";"3 100 348";"27 562 382";"2024-09-07 11:20:36"
"2024-09-01";"";"145 209";"6 662";"27 561 794";"2024-09-02 02:11:18"
"2024-09-08";"Instagram";"11 106 639";"7 076 605";"27 562 518";"2024-09-08 07:04:32"
"2024-09-07";"";"216 502";"126 702";"27 563 410";"2024-09-07 07:04:12"
"2024-09-05";"";"190 510";"451 335";"27 562 453";"2024-09-05 16:25:58"
"2024-09-01";"";"4 698 544";"244 985";"27 562 867";"2024-09-01 12:09:55"
"2024-09-05";"YouTube";"47 481";"25 260";"27 562 416";"2024-09-06 00:21:07"
"2024-09-07";"";"308 925";"125 709";"27 563 418";"2024-09-07 21:54:26"
"2024-09-01";"";"136 278";"58 652";"27 562 784";"2024-09-01 05:50:29"
"2024-09-09";"YouTube";"907 931";"420 292";"27 561 607";"2024-09-09 18:03:22"
"2024-09-08";"";"410 287";"42 785";"27 562 289";"2024-09-08 03:12:30"
"2024-09-07";"YouTube";"73 909";"29 890";"27 561 673";"2024-09-08 02:59:17"
"2024-09-01";"";"159 319";"19 579";"27 563 388";"2024-09-01 05:38:48"
"2024-09-01";"Instagram";"5 591 713";"267 401";"27 563 031";"2024-09-01 21:54:31"
"2024-09-10";"";"337 547";"15 436";"27 563 088";"2024-09-10 18:03:49"
"2024-09-08";"";"216 142";"28 683";"27 562 985";"2024-09-08 04:25:48"
"2024-09-10";"";"38 357";"17 267";"27 561 593";"2024-09-10 19:04:16"
"2024-09-01";"";"413 024";"15 400";"27 561 772";"2024-09-01 03:24:24"
"2024-09-01";"";"902 689";"176 963";"27 563 268";"2024-09-01 15:12:56"
"2024-09-10";"";"26 540";"2 794";"27 561 314";"2024-09-10 09:54:53"
"2024-09-10";"Instagram";"37 528 962";"907 835";"27 561 380";"2024-09-10 08:17:07"
"2024-09-02";"";"101 925";"11 828";"27 562 451";"2024-09-02 20:53:57"
"2024-09-10";"Facebook";"169 740";"86 296";"27 561 887";"2024-09-10 07:16:40"
"2024-09-01";"";"118 058";"41 853";"27 561 867";"2024-09-02 02:11:39"
"2024-09-01";"";"435 937";"22 615";"27 561 249";"2024-09-01 11:32:25"
"2024-09-06";"";"26 008";"27 644";"27 561 982";"2024-09-06 15:12:56"
"2024-09-06";"";"112 549";"7 350";"27 563 045";"2024-09-06 22:19:58"
"2024-09-09";"";"155 499";"217 142";"27 562 462";"2024-09-09 20:41:06"
"2024-09-06";"Yandex";"658 168";"271 944";"27 562 651";"2024-09-06 19:52:01"
"2024-09-09";"";"105 303";"17 070";"27 561 269";"2024-09-10 00:33:23"
"2024-09-01";"";"159 443";"26 889";"27 562 542";"2024-09-01 23:32:03"
"2024-09-01";"";"71 157";"9 359";"27 561 511";"2024-09-01 23:56:25"
"2024-09-01";"";"141 250";"11 455";"27 562 355";"2024-09-01 20:05:27"
"2024-09-06";"";"612 091";"11 478";"27 562 841";"2024-09-06 04:49:55"
"2024-09-02";"YouTube";"272 306";"18 919";"27 561 574";"2024-09-02 12:45:32"
"2024-09-02";"";"49 359";"4 930";"27 563 401";"2024-09-02 04:49:02"
"2024-09-09";"";"127 954 026";"16 620 326";"27 562 292";"2024-09-09 11:32:43"
"2024-09-01";"";"59 282";"5 083";"27 562 720";"2024-09-02 00:45:43"
"2024-09-03";"";"59 261";"18 792";"27 563 244";"2024-09-03 08:53:00"
"2024-09-04";"";"1 334 248";"53 850";"27 561 866";"2024-09-04 13:58:20"
"2024-09-05";"";"3 219 165";"156 433";"27 562 816";"2024-09-06 01:58:35"
"2024-09-07";"Instagram";"25 280 513";"1 236 498";"27 562 356";"2024-09-07 14:11:30"
"2024-09-03";"Spotify";"201 047";"15 188";"27 562 311";"2024-09-03 22:55:02"
"2024-09-10";"YouTube";"165 680 287";"8 635 201";"27 561 480";"2024-09-10 11:08:34"
"2024-09-08";"";"59 499";"3 230";"27 563 093";"2024-09-08 20:29:27"
"2024-09-08";"";"1 205 136";"101 795";"27 562 939";"2024-09-08 14:11:49"
"2024-09-03";"Telegram";"6 645 115";"1 029 369";"27 562 439";"2024-09-03 07:04:04"
"2024-09-04";"";"25 990";"7 022";"27 563 331";"2024-09-04 15:12:30"
"2024-09-08";"Telegram";"1 591 681";"129 144";"27 563 467";"2024-09-08 04:25:48"
"2024-09-09";"";"234 005";"10 945";"27 561 305";"2024-09-09 09:30:49"
"2024-09-03";"";"5 137 684";"255 953";"27 562 934";"2024-09-04 00:57:56"
"2024-09-02";"";"1 770 275";"112 801";"27 562 150";"2024-09-02 15:36:50"
"2024-09-05";"";"28 275";"15 617";"27 562 124";"2024-09-05 23:32:18"
"2024-09-08";"";"5 279";"78 413";"27 561 497";"2024-09-08 07:52:56"
"2024-09-09";"";"43 640";"66 929";"27 562 806";"2024-09-09 04:49:25"
"2024-09-05";"";"28 493";"327 439";"27 563 075";"2024-09-05 15:12:19"
"2024-09-08";"Spotify";"501 673";"349 670";"27 562 572";"2024-09-08 18:03:53"
"2024-09-04";"Yandex";"445 140";"23 554";"27 563 095";"2024-09-05 01:34:06"
"2024-09-04";"Facebook";"907 346";"37 111";"27 562 298";"2024-09-04 12:57:24"
"2024-09-08";"Yandex";"147 525";"9 453";"27 563 035";"2024-09-08 21:18:09"
"2024-09-09";"Telegram";"15 584 733";"1 542 608";"27 562 257";"2024-09-09 08:41:33"
"2024-09-03";"";"117 527";"99 904";"27 562 729";"2024-09-03 18:51:14"
"2024-09-10";"";"2 361 420";"330 445";"27 561 354";"2024-09-10 04:25:38"
"2024-09-07";"Facebook";"1 724 966";"456 794";"27 563 458";"2024-09-07 19:40:37"
"2024-09-09";"";"333 675";"19 041";"27 561 888";"2024-09-09 15:36:47"
"2024-09-06";"YouTube";"317 956";"154 467";"27 561 907";"2024-09-06 10:43:44"
"2024-09-06";"";"39 977";"5 902";"27 562 560";"2024-09-06 18:39:38"
"2024-09-04";"YouTube";"131 560";"18 022";"27 562 145";"2024-09-04 17:02:55"
"2024-09-04";"";"22 136 685";"1 202 729";"27 561 380";"2024-09-04 17:14:54"
"2024-09-06";"";"335 990";"251 638";"27 562 674";"2024-09-06 15:48:56"
"2024-09-08";"";"43 596 839";"2 321 416";"27 562 699";"2024-09-08 18:15:02"
"2024-09-04";"";"6 544 813";"750 142";"27 562 591";"2024-09-04 14:35:49"
"2024-09-08";"";"29 715";"7 584";"27 561 485";"2024-09-08 06:39:12"
"2024-09-04";"";"363 276";"15 328";"27 561 259";"2024-09-04 07:04:06"
"2024-09-07";"";"29 557 322";"1 531 796";"27 562 575";"2024-09-08 01:58:31"
"2024-09-10";"";"30 728";"6 303";"27 561 600";"2024-09-11 02:11:10"
"2024-09-07";"";"41 800";"5 520";"27 561 611";"2024-09-07 19:40:53"
"2024-09-08";"";"28 267";"3 298";"27 561 540";"2024-09-08 08:05:15"
"2024-09-08";"Likee";"10 587 069";"723 631";"27 563 154";"2024-09-08 07:40:07"
"2024-09-04";"";"34 829";"4 747";"27 562 339";"2024-09-04 03:36:35"
"2024-09-07";"";"5 746 091";"419 847";"27 563 211";"2024-09-07 05:38:39"
"2024-09-08";"";"88 525";"253 385";"27 561 269";"2024-09-08 09:30:59"
"2024-09-05";"";"171 369";"107 897";"27 562 087";"2024-09-05 05:26:32"
"2024-09-03";"YouTube";"5 313 336";"363 552";"27 562 917";"2024-09-03 03:48:08"
"2024-09-10";"";"471 050";"34 953";"27 561 643";"2024-09-10 14:23:20"
"2024-09-02";"YouTube";"805 594";"112 526";"27 561 741";"2024-09-02 03:00:01"
"2024-09-04";"Facebook";"2 882 969";"44 189";"27 561 284";"2024-09-05 01:58:51"
"2024-09-07";"";"212 745";"9 180";"27 562 666";"2024-09-08 00:45:59"
"2024-09-07";"";"93 711";"8 661";"27 561 805";"2024-09-07 15:12:03"
"2024-09-02";"";"837 526";"52 993";"27 562 252";"2024-09-03 02:59:25"
"2024-09-07";"YouTube";"1 355 216";"93 947";"27 561 999";"2024-09-07 22:43:31"
"2024-09-10";"";"68 670";"70 972";"27 562 050";"2024-09-10 13:22:16"
"2024-09-05";"";"57 280";"13 436";"27 561 715";"2024-09-05 15:36:47"
"2024-09-09";"";"26 511";"3 008";"27 562 912";"2024-09-10 02:59:55"
"2024-09-10";"";"2 274 150";"63 586";"27 562 617";"2024-09-10 19:16:37"
"2024-09-05";"";"570";"32 222";"27 562 086";"2024-09-05 11:32:27"
"2024-09-05";"Facebook";"134 598";"12 432";"27 561 420";"2024-09-05 09:30:30"
"2024-09-01";"";"1 687";"56 314";"27 563 092";"2024-09-01 20:41:40"
"2024-09-08";"Apple Music";"899 577";"276 175";"27 562 296";"2024-09-08 19:52:57"
"2024-09-03";"";"7 697";"103 388";"27 562 453";"2024-09-03 16:25:30"
"2024-09-10";"Yandex";"249 336";"52 147";"27 562 829";"2024-09-10 22:43:14"
"2024-09-04";"YouTube";"68 940";"14 787";"27 563 234";"2024-09-04 18:27:57"
"2024-09-06";"";"747 135";"93 610";"27 562 613";"2024-09-06 04:25:07"
"2024-09-02";"";"55 992";"3 024";"27 561 697";"2024-09-02 03:36:50"
"2024-09-05";"";"62 071";"61 460";"27 561 993";"2024-09-05 06:51:35"
"2024-09-05";"";"106 656";"12 180";"27 561 232";"2024-09-05 15:36:48"
"2024-09-02";"";"32 753";"14 099";"27 562 894";"2024-09-02 07:52:48"
"2024-09-04";"";"44 140";"10 552";"27 562 365";"2024-09-04 23:32:06"
"2024-09-04";"Telegram";"161 386 652";"13 063 773";"27 562 836";"2024-09-04 20:05:04"
"2024-09-04";"";"2 312 317";"4 226 185";"27 562 674";"2024-09-04 17:02:45"
"2024-09-06";"";"10 121";"56 191";"27 563 491";"2024-09-06 03:12:03"
"2024-09-02";"";"104 830";"86 207";"27 562 174";"2024-09-03 00:57:50"
"2024-09-07";"YouTube";"30 636 057";"5 444 020";"27 562 459";"2024-09-07 16:37:20"
"2024-09-09";"";"36 479";"9 339";"27 563 134";"2024-09-09 05:38:38"
"2024-09-04";"";"1 167 184";"165 566";"27 562 604";"2024-09-04 09:30:07"
"2024-09-02";"YouTube";"2 553 545";"187 346";"27 561 952";"2024-09-02 22:31:48"
"2024-09-01";"Instagram";"705 807";"125 477";"27 562 063";"2024-09-01 23:44:32"
"2024-09-05";"";"6 976 341";"407 305";"27 562 294";"2024-09-06 01:46:36"
"2024-09-03";"Facebook";"963 023";"742 022";"27 562 840";"2024-09-03 16:25:10"
"2024-09-07";"";"13 171";"57 090";"27 561 743";"2024-09-07 16:01:42"
"2024-09-08";"";"162 125";"116 122";"27 561 368";"2024-09-08 18:27:22"
"2024-09-01";"";"470 405";"34 042";"27 562 957";"2024-09-01 18:27:04"
"2024-09-06";"Yandex";"846 424";"212 893";"27 561 687";"2024-09-06 08:17:33"
"2024-09-08";"";"52 915";"36 445";"27 561 690";"2024-09-08 11:20:53"
"2024-09-03";"";"590 731";"31 337";"27 563 174";"2024-09-03 15:48:40"
"2024-09-02";"";"189 311";"22 585";"27 563 059";"2024-09-02 03:36:18"
"2024-09-04";"Facebook";"907 946";"39 494";"27 562 919";"2024-09-04 19:40:54"
"2024-09-02";"";"181 017";"22 227";"27 561 890";"2024-09-02 15:24:52"
"2024-09-03";"YouTube";"86 670";"11 475";"27 562 006";"2024-09-03 12:45:21"
"2024-09-07";"";"67 634";"132 090";"27 562 083";"2024-09-07 23:44:17"
"2024-09-08";"";"669 664";"379 372";"27 562 641";"2024-09-08 23:56:50"
"2024-09-01";"";"134 854";"5 148";"27 563 481";"2024-09-01 13:22:20"
"2024-09-01";"";"27 365";"19 580";"27 563 331";"2024-09-01 04:25:49"
"2024-09-10";"Facebook";"138 722";"3 529";"27 562 026";"2024-09-10 06:51:42"
"2024-09-05";"Instagram";"40 648 297";"1 426 864";"27 561 595";"2024-09-05 20:41:31"
"2024-09-03";"Facebook";"1 654 918";"80 883";"27 561 688";"2024-09-03 04:01:18"
"2024-09-02";"";"231 941";"759 423";"27 562 779";"2024-09-02 23:44:13"
"2024-09-02";"";"9 263 363";"2 807 573";"27 562 059";"2024-09-02 19:16:49"
"2024-09-04";"Yandex";"20 450";"29 244";"27 562 080";"2024-09-04 17:14:16"
"2024-09-01";"";"29 285";"6 991";"27 562 865";"2024-09-01 15:36:02"
"2024-09-09";"YouTube";"64 030";"23 986";"27 563 460";"2024-09-09 11:56:40"
"2024-09-10";"";"78 575";"11 548";"27 561 720";"2024-09-10 06:03:01"
"2024-09-10";"";"732 666";"32 905";"27 563 058";"2024-09-10 22:31:35"
"2024-09-03";"Tas-ix";"1 573 156";"206 895";"27 561 649";"2024-09-03 22:31:40"
"2024-09-10";"Telegram";"5 673 737";"996 732";"27 561 369";"2024-09-10 08:29:44"
"2024-09-08";"Telegram";"5 763 322";"510 167";"27 562 663";"2024-09-08 12:09:34"
"2024-09-07";"";"1 767 666";"41 970";"27 563 017";"2024-09-07 15:36:36"
"2024-09-06";"";"153 056";"437 248";"27 561 811";"2024-09-06 03:24:23"
"2024-09-04";"";"655 828";"32 484";"27 561 828";"2024-09-04 19:52:43"
"2024-09-08";"Unknown";"720 309";"25 218";"27 561 357";"2024-09-08 18:27:15"
"2024-09-08";"";"14 761";"30 442";"27 562 841";"2024-09-08 14:23:32"
"2024-09-05";"Yandex";"117 861";"16 217";"27 561 753";"2024-09-05 17:38:20"
"2024-09-05";"";"42 359";"9 387";"27 563 491";"2024-09-05 05:26:37"
"2024-09-07";"";"115 422";"132 986";"27 561 725";"2024-09-07 11:08:24"
"2024-09-06";"";"334 660";"19 645 652";"27 561 373";"2024-09-06 03:12:03"
"2024-09-02";"";"63 268";"18 400";"27 562 447";"2024-09-02 23:08:36"
"2024-09-05";"YouTube";"184 569";"29 869";"27 561 352";"2024-09-06 01:58:44"
"2024-09-05";"YouTube";"536 203";"57 058";"27 562 504";"2024-09-05 08:41:52"
"2024-09-10";"Yandex";"79 754";"22 552";"27 562 521";"2024-09-10 21:06:03"
"2024-09-04";"";"620 567";"227 937";"27 563 047";"2024-09-04 11:44:25"
"2024-09-07";"";"2 274 113";"970 586";"27 562 847";"2024-09-07 22:19:46"
"2024-09-06";"Instagram";"2 675 426";"167 278";"27 562 932";"2024-09-06 03:24:47"
"2024-09-02";"YouTube";"43 063 912";"3 516 758";"27 562 003";"2024-09-02 09:30:26"
"2024-09-09";"YouTube";"2 343 044";"182 031";"27 561 838";"2024-09-09 14:35:50"
"2024-09-04";"";"72 983";"5 742";"27 562 427";"2024-09-04 08:05:07"
"2024-09-08";"Yandex";"365 370";"25 225";"27 563 514";"2024-09-08 22:55:05"
"2024-09-06";"YouTube";"14 995 713";"781 784";"27 562 799";"2024-09-06 20:17:34"
"2024-09-02";"";"29 870";"2 798";"27 562 569";"2024-09-02 07:28:26"
"2024-09-08";"";"27 921 891";"3 890 664";"27 563 485";"2024-09-08 06:15:05"
"2024-09-04";"";"92 960";"5 884";"27 563 515";"2024-09-04 15:24:28"
"2024-09-03";"";"36 116";"3 057";"27 563 502";"2024-09-03 08:53:31"
"2024-09-04";"";"135 475";"79 175";"27 561 668";"2024-09-04 21:30:46"
"2024-09-03";"";"571 163";"32 352";"27 562 752";"2024-09-03 14:35:35"
"2024-09-08";"";"9 711";"29 742";"27 562 657";"2024-09-09 00:33:34"
"2024-09-05";"";"4 132";"25 796";"27 561 402";"2024-09-05 03:48:59"
"2024-09-10";"WhatsApp";"477 491";"2 388 082";"27 562 741";"2024-09-11 00:33:35"
"2024-09-05";"";"182 671";"21 985";"27 563 066";"2024-09-05 11:56:06"
"2024-09-01";"";"2 988 017";"117 526";"27 563 014";"2024-09-01 18:03:35"
"2024-09-10";"";"72 079";"4 587";"27 563 488";"2024-09-10 13:46:46"
"2024-09-09";"YouTube";"114 900 477";"7 740 425";"27 561 964";"2024-09-09 17:02:09"
"2024-09-10";"";"167 031";"13 268";"27 562 646";"2024-09-10 14:59:02"
"2024-09-07";"Telegram";"80 443 285";"7 665 199";"27 563 446";"2024-09-07 23:44:44"
"2024-09-10";"";"49 280";"58 352";"27 561 366";"2024-09-10 19:52:56"
"2024-09-09";"Tas-ix";"99 148";"15 363";"27 563 458";"2024-09-09 10:31:05"
"2024-09-06";"";"61 234";"28 109";"27 561 820";"2024-09-06 18:03:53"
"2024-09-02";"";"46 504";"43 954";"27 563 219";"2024-09-02 05:38:04"
"2024-09-08";"";"383 044";"8 811";"27 562 668";"2024-09-08 10:55:18"
"2024-09-05";"";"109 233";"20 083";"27 562 240";"2024-09-05 07:16:33"
"2024-09-05";"";"32 413";"9 615";"27 561 893";"2024-09-05 07:28:00"
"2024-09-04";"";"62 546";"68 308";"27 561 865";"2024-09-04 09:54:48"
"2024-09-02";"";"29 108 737";"2 242 480";"27 561 247";"2024-09-02 20:17:12"
"2024-09-02";"";"273 364";"31 337";"27 562 048";"2024-09-03 00:21:47"
"2024-09-05";"YouTube";"618 679";"231 114";"27 563 324";"2024-09-05 04:13:37"
"2024-09-04";"Facebook";"627 051";"154 662";"27 562 203";"2024-09-04 12:33:17"
"2024-09-09";"";"49 808";"4 048";"27 563 269";"2024-09-09 03:36:58"
"2024-09-02";"";"28 557";"1 389";"27 562 859";"2024-09-02 21:06:59"
"2024-09-02";"";"609 724";"77 666";"27 563 291";"2024-09-02 09:30:33"
"2024-09-10";"Instagram";"545 616";"25 832";"27 563 406";"2024-09-10 11:08:14"
"2024-09-02";"";"39 674";"3 530";"27 562 734";"2024-09-02 07:04:12"
"2024-09-03";"Telegram";"11 782 437";"712 249";"27 562 293";"2024-09-04 01:46:26"
"2024-09-08";"WhatsApp";"257 735";"15 171";"27 562 330";"2024-09-08 05:26:29"
"2024-09-08";"";"10 713";"126 190";"27 563 183";"2024-09-08 10:43:49"
"2024-09-03";"Instagram";"295 793";"9 900";"27 563 410";"2024-09-03 08:53:56"
"2024-09-10";"Facebook";"184 990";"10 788";"27 561 176";"2024-09-10 13:58:37"
"2024-09-06";"";"58 194";"46 478";"27 561 828";"2024-09-06 11:32:26"
"2024-09-07";"";"377 584";"619 163";"27 561 629";"2024-09-07 06:27:07"
"2024-09-05";"";"27 208";"25 302";"27 561 861";"2024-09-06 01:10:45"
"2024-09-06";"";"30 955";"1 789";"27 563 189";"2024-09-06 11:44:27"
"2024-09-02";"";"962 874";"80 110";"27 562 821";"2024-09-02 19:04:49"
"2024-09-09";"";"26 344";"9 668";"27 562 379";"2024-09-09 15:12:00"
"2024-09-04";"";"131 181";"19 137";"27 561 453";"2024-09-04 09:18:03"
"2024-09-06";"";"38 915";"3 566";"27 561 624";"2024-09-06 04:01:04"
"2024-09-09";"WhatsApp";"352 593";"386 795";"27 561 392";"2024-09-09 23:08:13"
"2024-09-06";"Instagram";"18 896 069";"23 094 082";"27 561 924";"2024-09-06 18:51:21"
"2024-09-01";"";"59 501";"393 694";"27 562 326";"2024-09-01 06:15:31"
"2024-09-04";"";"182 623";"6 713";"27 562 133";"2024-09-04 03:36:33"
"2024-09-08";"YouTube";"601 677";"31 658";"27 561 884";"2024-09-09 02:35:33"
"2024-09-10";"YouTube";"428 165";"46 506";"27 561 787";"2024-09-11 02:11:06"
"2024-09-02";"";"6 271 390";"351 277";"27 561 831";"2024-09-02 14:47:46"
"2024-09-07";"";"315 272";"356 039";"27 563 462";"2024-09-07 10:31:53"
"2024-09-06";"YouTube";"26 335";"8 290";"27 561 428";"2024-09-06 20:05:46"
"2024-09-02";"Unknown";"5 790";"26 605";"27 561 846";"2024-09-02 22:55:23"
"2024-09-02";"";"89 158";"6 788";"27 562 985";"2024-09-02 21:06:59"
"2024-09-04";"Facebook";"291 408";"12 007";"27 563 269";"2024-09-04 10:55:34"
"2024-09-04";"Yandex";"347 510";"27 282";"27 562 087";"2024-09-04 11:32:27"
"2024-09-06";"";"95 564";"29 530";"27 563 193";"2024-09-06 09:54:50"
"2024-09-10";"";"44 398";"7 208";"27 562 152";"2024-09-10 09:06:36"
"2024-09-07";"";"7 000 532";"1 567 775";"27 562 935";"2024-09-07 22:07:03"
"2024-09-07";"";"41 036";"3 723";"27 562 538";"2024-09-08 02:59:27"
"2024-09-04";"Instagram";"19 534 756";"695 973";"27 562 371";"2024-09-04 04:49:47"
"2024-09-01";"Instagram";"64 850";"439 681";"27 561 915";"2024-09-01 06:51:05"
"2024-09-02";"Yandex";"2 628 485";"1 276 070";"27 561 796";"2024-09-02 22:55:45"
"2024-09-01";"";"457 865";"2 935";"27 562 287";"2024-09-01 03:00:48"
"2024-09-03";"";"439 826";"119 200";"27 563 228";"2024-09-03 21:06:10"
"2024-09-10";"Instagram";"91 541 871";"2 390 053";"27 562 239";"2024-09-10 07:04:19"
"2024-09-09";"";"92 489";"8 801";"27 561 721";"2024-09-09 13:10:52"
"2024-09-08";"Facebook";"2 114 922";"141 225";"27 561 690";"2024-09-08 06:27:01"
"2024-09-02";"Facebook";"8 788 576";"1 997 715";"27 562 469";"2024-09-02 22:31:42"
"2024-09-05";"";"1 190 747";"92 839";"27 562 595";"2024-09-05 21:06:55"
"2024-09-09";"";"873 933";"40 520";"27 561 449";"2024-09-09 08:53:24"
"2024-09-10";"";"36 660";"5 685";"27 561 372";"2024-09-10 12:45:03"
"2024-09-04";"Tas-ix";"55 849";"14 970";"27 563 228";"2024-09-04 22:19:48"
"2024-09-06";"Telegram";"101 115 251";"5 769 374";"27 562 090";"2024-09-06 04:25:06"
"2024-09-03";"Yandex";"48 348";"9 224";"27 562 354";"2024-09-03 23:32:35"
"2024-09-03";"";"1 013 645";"31 986";"27 563 453";"2024-09-04 02:11:16"
"2024-09-03";"";"1 241 652";"21 370";"27 563 287";"2024-09-04 01:22:30"
"2024-09-05";"";"5 824 069";"1 422 593";"27 561 361";"2024-09-05 09:42:46"
"2024-09-06";"";"1 775 107";"127 511";"27 563 424";"2024-09-06 21:18:06"
"2024-09-04";"YouTube";"247 913";"2 164 481";"27 561 225";"2024-09-04 13:34:03"
"2024-09-03";"";"2 527 045";"493 996";"27 563 153";"2024-09-03 20:41:30"
"2024-09-05";"YouTube";"10 587 240";"474 404";"27 561 906";"2024-09-05 23:44:36"
"2024-09-10";"YouTube";"172 345";"31 218";"27 561 658";"2024-09-10 22:43:55"
"2024-09-07";"";"10 964";"28 436";"27 561 246";"2024-09-07 19:40:34"
"2024-09-03";"Instagram";"151 507";"8 973";"27 563 409";"2024-09-03 19:40:44"
"2024-09-08";"";"5 933 084";"305 479";"27 563 273";"2024-09-08 06:03:45"
"2024-09-07";"";"79 664";"56 957";"27 561 775";"2024-09-07 16:01:46"
"2024-09-03";"Instagram";"178 135";"19 364";"27 562 921";"2024-09-03 06:39:54"
"2024-09-08";"";"385 876";"47 191";"27 562 192";"2024-09-08 14:47:10"
"2024-09-04";"Yandex";"780 551";"33 164";"27 562 243";"2024-09-04 22:55:37"
"2024-09-02";"";"84 176";"70 775";"27 561 232";"2024-09-02 10:31:49"
"2024-09-09";"";"538 010";"78 650";"27 562 194";"2024-09-09 07:40:46"
"2024-09-04";"Telegram";"77 538 742";"4 395 012";"27 563 418";"2024-09-04 13:34:37"
"2024-09-08";"YouTube";"776 998";"6 631 877";"27 561 970";"2024-09-08 06:15:48"
"2024-09-05";"";"112 752";"6 606";"27 561 216";"2024-09-05 09:18:53"
"2024-09-03";"Yandex";"67 534";"15 482";"27 563 148";"2024-09-03 03:36:50"
"2024-09-04";"";"319 489";"48 425";"27 563 312";"2024-09-04 21:54:19"
"2024-09-07";"Yandex";"1 296 785";"54 342";"27 563 143";"2024-09-08 02:47:11"
"2024-09-04";"";"316 753";"58 093";"27 562 096";"2024-09-04 17:26:28"
"2024-09-08";"";"79 828";"4 943";"27 562 250";"2024-09-08 06:51:07"
"2024-09-08";"";"30 258";"2 207";"27 561 444";"2024-09-08 20:05:24"
"2024-09-01";"";"42 777";"7 055";"27 563 076";"2024-09-01 11:32:18"
"2024-09-05";"YouTube";"1 071 323";"75 933";"27 561 485";"2024-09-05 11:56:12"
"2024-09-01";"";"52 113";"4 532";"27 562 437";"2024-09-01 08:05:26"
"2024-09-04";"";"35 212";"7 962";"27 561 902";"2024-09-05 01:34:11"
"2024-09-10";"";"592 100";"110 664";"27 562 350";"2024-09-10 23:44:07"
"2024-09-10";"";"617 047";"55 274";"27 561 420";"2024-09-10 12:21:03"
"2024-09-05";"";"30 023";"12 938";"27 563 047";"2024-09-05 04:01:09"
"2024-09-10";"";"40 043";"6 148";"27 562 372";"2024-09-10 18:51:41"
"2024-09-07";"";"113 173";"37 563";"27 562 039";"2024-09-07 19:16:07"
"2024-09-05";"Telegram";"162 812";"18 992";"27 561 952";"2024-09-05 07:04:18"
"2024-09-01";"";"300 481";"11 728";"27 561 956";"2024-09-01 20:29:02"
"2024-09-07";"";"124 058";"91 421";"27 561 370";"2024-09-07 10:19:54"
"2024-09-09";"Facebook";"57 051";"26 897";"27 562 499";"2024-09-09 23:08:59"
"2024-09-01";"YouTube";"13 054 754";"1 063 811";"27 563 143";"2024-09-01 16:25:05"
"2024-09-09";"";"177 495";"45 387";"27 561 785";"2024-09-09 21:42:08"
"2024-09-08";"";"176 927";"56 653";"27 563 030";"2024-09-08 15:00:55"
"2024-09-05";"";"51 315";"49 110";"27 562 784";"2024-09-05 12:45:44"
"2024-09-06";"YouTube";"309 435";"3 410 004";"27 562 537";"2024-09-06 18:39:54"
"2024-09-10";"Facebook";"52 714";"4 932";"27 562 575";"2024-09-11 01:46:36"
"2024-09-03";"YouTube";"748 056";"60 341";"27 562 455";"2024-09-03 08:17:43"
"2024-09-03";"";"264 874";"135 573";"27 561 809";"2024-09-03 10:07:44"
"2024-09-08";"";"53 429";"17 445";"27 563 097";"2024-09-08 05:14:48"
"2024-09-07";"";"153 497";"31 212";"27 562 243";"2024-09-07 08:29:47"
"2024-09-02";"";"143 753";"46 981";"27 562 070";"2024-09-02 09:54:47"
"2024-09-05";"";"40 304";"4 667";"27 562 503";"2024-09-05 22:31:29"
"2024-09-04";"Instagram";"10 730 100";"291 138";"27 563 507";"2024-09-04 09:18:52"
"2024-09-09";"YouTube";"846 087";"944 517";"27 561 863";"2024-09-09 15:24:26"
"2024-09-07";"";"283 414";"13 802";"27 562 834";"2024-09-07 03:36:32"
"2024-09-01";"Yandex Video";"86 301 048";"5 216 062";"27 562 684";"2024-09-02 01:10:51"
"2024-09-01";"TikTok";"653 082";"6 551 384";"27 561 772";"2024-09-01 05:26:44"
"2024-09-09";"";"412 996";"25 493";"27 561 176";"2024-09-09 12:09:04"
"2024-09-04";"";"67 156";"4 145";"27 562 290";"2024-09-05 00:21:53"
"2024-09-08";"";"6 829";"33 641";"27 561 217";"2024-09-08 09:30:44"
"2024-09-01";"Facebook";"488 456";"25 454";"27 562 858";"2024-09-02 01:10:39"
"2024-09-03";"WhatsApp";"37 553";"2 069";"27 561 844";"2024-09-04 01:22:36"
"2024-09-05";"";"2 485 743";"95 492";"27 561 834";"2024-09-05 14:35:12"
"2024-09-10";"";"901 168";"195 143";"27 562 677";"2024-09-10 18:51:43"
"2024-09-01";"Telegram";"54 128";"4 170";"27 562 934";"2024-09-01 05:38:42"
"2024-09-04";"";"6 988 588";"536 573";"27 561 484";"2024-09-04 12:21:11"
"2024-09-06";"Instagram";"122 193 146";"4 491 956";"27 563 174";"2024-09-07 01:22:11"
"2024-09-10";"Facebook";"161 905";"17 241";"27 562 675";"2024-09-10 13:46:51"
"2024-09-07";"WhatsApp";"59 488";"5 265";"27 561 347";"2024-09-07 04:13:47"
"2024-09-01";"";"27 486";"17 242";"27 562 037";"2024-09-01 19:28:27"
"2024-09-06";"Telegram";"24 952 538";"3 822 036";"27 563 203";"2024-09-06 17:14:45"
"2024-09-10";"";"1 204 798";"63 511";"27 562 804";"2024-09-10 08:29:23"
"2024-09-03";"";"60 841";"10 937";"27 561 796";"2024-09-03 21:18:57"
"2024-09-02";"";"2 559 548";"562 000";"27 561 611";"2024-09-02 15:48:15"
"2024-09-04";"";"50 991";"3 440";"27 561 666";"2024-09-05 02:11:04"
"2024-09-04";"";"472 669";"41 195";"27 562 223";"2024-09-04 03:24:38"
"2024-09-10";"";"418 257";"79 332";"27 561 992";"2024-09-11 00:09:55"
"2024-09-10";"";"117 808";"8 969";"27 561 850";"2024-09-10 12:57:07"
"2024-09-01";"Instagram";"75 788 576";"2 357 891";"27 563 203";"2024-09-01 22:07:24"
"2024-09-03";"";"551 083";"65 299";"27 561 649";"2024-09-03 17:02:43"
"2024-09-06";"";"41 762";"15 606";"27 563 287";"2024-09-06 11:08:33"
"2024-09-03";"";"61 837";"11 418";"27 562 255";"2024-09-03 10:55:12"
"2024-09-03";"Telegram";"2 738 504";"370 678";"27 563 136";"2024-09-03 09:42:11"
"2024-09-09";"";"42 395";"3 354";"27 563 204";"2024-09-09 08:29:37"
"2024-09-10";"";"14 326 730";"10 202 443";"27 561 271";"2024-09-11 00:33:11"
"2024-09-01";"";"1 841 668";"100 751";"27 562 037";"2024-09-01 06:39:44"
"2024-09-05";"Telegram";"131 550";"20 204";"27 562 555";"2024-09-05 05:14:17"
"2024-09-07";"";"38 749";"110 280";"27 561 327";"2024-09-07 16:49:50"
"2024-09-09";"";"245 767";"139 296";"27 562 533";"2024-09-09 10:43:10"
"2024-09-06";"Yandex";"156 674";"6 962";"27 561 314";"2024-09-06 07:16:16"
"2024-09-01";"";"4 169 123";"207 362";"27 562 191";"2024-09-01 16:25:24"
"2024-09-06";"";"390 838";"23 977";"27 561 571";"2024-09-07 02:35:08"
"2024-09-02";"";"5 730 481";"554 250";"27 562 668";"2024-09-02 22:31:27"
"2024-09-01";"";"13 175";"172 566";"27 561 420";"2024-09-01 08:41:57"
"2024-09-07";"";"4 185 048";"239 427";"27 561 676";"2024-09-07 06:15:24"
"2024-09-05";"TikTok";"55 353";"695 030";"27 563 076";"2024-09-06 02:23:03"
"2024-09-07";"";"59 829";"7 881";"27 562 286";"2024-09-07 09:30:17"
"2024-09-08";"Telegram";"230 701";"24 521";"27 563 265";"2024-09-08 09:42:32"
"2024-09-10";"";"66 622";"32 930";"27 561 865";"2024-09-10 03:12:35"
"2024-09-10";"Instagram";"4 543 232";"153 808";"27 562 098";"2024-09-10 03:00:50"
"2024-09-04";"";"31 581";"2 989";"27 562 156";"2024-09-04 13:10:45"
"2024-09-03";"Facebook";"2 415 510";"150 425";"27 561 834";"2024-09-04 02:35:39"
"2024-09-09";"";"72 314";"10 139";"27 562 316";"2024-09-09 16:13:44"
"2024-09-01";"";"134 681";"22 077";"27 562 025";"2024-09-01 17:38:07"
"2024-09-03";"";"318 686";"288 166";"27 562 084";"2024-09-03 15:12:08"
"2024-09-02";"";"25 785";"2 733";"27 563 088";"2024-09-02 09:18:45"
"2024-09-06";"";"2 383 083";"89 145";"27 562 215";"2024-09-06 15:48:02"
"2024-09-10";"";"25 882";"6 265";"27 562 582";"2024-09-10 14:47:21"
"2024-09-01";"";"257 783";"7 660";"27 561 220";"2024-09-01 06:03:14"
"2024-09-07";"";"94 627";"374 892";"27 562 400";"2024-09-07 10:19:15"
"2024-09-09";"";"34 497";"62 722";"27 563 196";"2024-09-09 22:19:12"
"2024-09-07";"";"431 304";"41 804";"27 563 128";"2024-09-07 23:08:51"
"2024-09-10";"Yandex";"1 025 044";"82 878";"27 562 601";"2024-09-10 13:22:39"
"2024-09-09";"";"581 440";"61 804";"27 562 560";"2024-09-09 23:44:12"
"2024-09-05";"Apple Music";"25 877";"4 308";"27 562 226";"2024-09-05 20:05:01"
"2024-09-05";"";"301 824";"36 087";"27 563 395";"2024-09-05 18:51:19"
"2024-09-06";"";"130 913";"223 481";"27 561 244";"2024-09-06 13:34:03"
"2024-09-01";"";"6 802";"29 458";"27 562 864";"2024-09-01 23:20:02"
"2024-09-05";"";"105 192";"10 587";"27 562 438";"2024-09-05 06:39:17"
"2024-09-10";"";"30 351";"2 368";"27 562 185";"2024-09-10 10:19:27"
"2024-09-10";"";"33 449";"10 813";"27 562 238";"2024-09-10 09:42:22"
"2024-09-03";"";"4 304 617";"519 633";"27 561 171";"2024-09-03 13:10:02"
"2024-09-03";"";"37 271";"68 490";"27 561 436";"2024-09-03 20:41:37"
"2024-09-09";"Likee";"59 580";"44 595";"27 563 154";"2024-09-09 18:15:21"
"2024-09-03";"";"2 676 765";"226 065";"27 563 216";"2024-09-03 09:30:48"
"2024-09-01";"";"67 797";"5 340";"27 562 841";"2024-09-01 12:57:11"
"2024-09-09";"";"216 909";"753 836";"27 561 592";"2024-09-09 20:05:47"
"2024-09-04";"";"9 238 198";"327 340";"27 563 154";"2024-09-04 05:38:15"
"2024-09-03";"Telegram";"165 310 694";"23 673 490";"27 562 224";"2024-09-03 03:24:21"
"2024-09-10";"";"91 230";"8 371";"27 561 974";"2024-09-10 04:01:36"
"2024-09-07";"Instagram";"7 860 153";"7 032 554";"27 563 369";"2024-09-07 14:47:07"
"2024-09-07";"";"486 998";"19 096";"27 562 328";"2024-09-07 09:54:20"
"2024-09-08";"";"25 898";"10 847";"27 563 017";"2024-09-08 04:25:07"
"2024-09-08";"";"91 382";"23 849";"27 562 193";"2024-09-08 10:31:12"
"2024-09-09";"";"675 712";"216 318";"27 563 043";"2024-09-10 01:10:40"
"2024-09-03";"Yandex Video";"33 412";"144 713";"27 562 352";"2024-09-04 00:45:41"
"2024-09-01";"YouTube";"1 981 976";"746 662";"27 562 701";"2024-09-01 09:18:46"
"2024-09-07";"";"43 952";"2 834";"27 562 233";"2024-09-07 13:46:47"
"2024-09-01";"";"31 515";"4 745";"27 563 148";"2024-09-01 23:20:02"
"2024-09-10";"";"351 363";"24 026";"27 561 458";"2024-09-10 08:29:33"
"2024-09-07";"";"2 093 309";"5 098 771";"27 563 213";"2024-09-07 03:00:40"
"2024-09-07";"Telegram";"105 396";"9 825";"27 563 308";"2024-09-08 00:21:12"
"2024-09-03";"";"31 831";"33 857";"27 561 243";"2024-09-03 03:48:56"
"2024-09-08";"";"46 552";"29 418";"27 563 460";"2024-09-08 13:10:39"
"2024-09-09";"YouTube";"2 445 750";"869 358";"27 561 958";"2024-09-09 15:48:31"
"2024-09-05";"";"358 325";"53 782";"27 563 382";"2024-09-05 06:27:41"
"2024-09-08";"";"94 856";"10 936";"27 562 696";"2024-09-08 03:12:37"
"2024-09-01";"";"33 511";"18 632";"27 562 170";"2024-09-01 18:03:41"
"2024-09-04";"Telegram";"32 880 646";"4 058 041";"27 563 218";"2024-09-05 02:47:26"
"2024-09-05";"";"54 601";"5 092";"27 562 233";"2024-09-05 08:53:56"
"2024-09-10";"";"37 005";"3 724";"27 562 167";"2024-09-10 04:49:47"
"2024-09-08";"";"83 955";"56 257";"27 562 101";"2024-09-08 07:52:22"
"2024-09-04";"";"45 293";"21 507";"27 561 689";"2024-09-04 11:20:08"
"2024-09-02";"";"143 023";"15 342";"27 562 739";"2024-09-02 16:25:23"
"2024-09-10";"";"74 341";"6 851";"27 561 570";"2024-09-10 03:12:31"
"2024-09-02";"YouTube";"953 223";"75 539";"27 561 243";"2024-09-02 05:02:27"
"2024-09-06";"";"261 282";"20 986";"27 562 560";"2024-09-06 07:28:02"
"2024-09-10";"";"743 036";"57 516";"27 562 150";"2024-09-10 11:32:25"
"2024-09-03";"";"108 062";"4 011";"27 561 533";"2024-09-03 20:53:40"
"2024-09-05";"";"67 394";"4 767";"27 562 544";"2024-09-05 20:41:01"
"2024-09-03";"";"98 511";"46 594";"27 562 659";"2024-09-03 04:25:11"
"2024-09-08";"Instagram";"22 060 422";"1 032 432";"27 563 022";"2024-09-08 09:54:48"
"2024-09-03";"YouTube";"8 224 384";"489 346";"27 563 336";"2024-09-03 05:50:17"
"2024-09-03";"";"568 301";"27 527";"27 562 613";"2024-09-03 07:28:18"
"2024-09-10";"Facebook";"42 184";"20 858";"27 562 825";"2024-09-10 21:42:30"
"2024-09-10";"";"551 813";"100 283";"27 561 630";"2024-09-10 19:16:40"
"2024-09-01";"Instagram";"2 534 162";"126 687";"27 563 325";"2024-09-01 20:29:28"
"2024-09-03";"";"1 576 477";"115 385";"27 561 690";"2024-09-03 09:42:58"
"2024-09-04";"Facebook";"523 483";"155 144";"27 561 172";"2024-09-04 06:27:06"
"2024-09-01";"";"36 702";"2 106";"27 563 081";"2024-09-01 03:48:28"
"2024-09-02";"";"112 186";"97 094";"27 563 418";"2024-09-02 03:00:52"
"2024-09-03";"";"34 446";"8 068";"27 562 639";"2024-09-03 13:34:05"
"2024-09-04";"";"101 748";"13 460";"27 563 082";"2024-09-04 11:08:12"
"2024-09-01";"";"14 849";"53 853";"27 562 003";"2024-09-01 17:02:27"
"2024-09-02";"";"5 330";"33 682";"27 561 693";"2024-09-02 15:12:30"
"2024-09-05";"";"249 031";"53 212";"27 561 670";"2024-09-05 14:23:22"
"2024-09-06";"";"138 088";"6 140";"27 561 435";"2024-09-06 15:48:02"
"2024-09-04";"";"888 106";"36 459";"27 561 306";"2024-09-04 16:25:05"
"2024-09-03";"";"500 794";"28 622";"27 562 567";"2024-09-03 03:36:14"
"2024-09-09";"";"1 168 394";"51 340";"27 561 753";"2024-09-09 09:54:17"
"2024-09-07";"";"57 427";"2 478";"27 562 085";"2024-09-07 04:25:59"
"2024-09-03";"YouTube";"3 830 094";"102 333";"27 563 333";"2024-09-03 06:27:24"
"2024-09-04";"";"70 528";"12 509";"27 562 264";"2024-09-05 00:57:50"
"2024-09-02";"";"1 154 814";"41 325";"27 562 535";"2024-09-02 06:39:21"
"2024-09-02";"";"375 526";"12 110";"27 562 569";"2024-09-02 15:36:36"
"2024-09-05";"";"508 618";"76 492";"27 562 226";"2024-09-05 17:50:31"
"2024-09-01";"";"35 011";"15 700";"27 563 096";"2024-09-02 02:11:27"
"2024-09-03";"";"5 093 125";"210 143";"27 561 796";"2024-09-03 15:48:52"
"2024-09-08";"";"35 181";"14 102";"27 562 468";"2024-09-08 14:23:12"
"2024-09-07";"";"150 691";"26 389";"27 562 401";"2024-09-07 11:20:30"
"2024-09-10";"";"313 369";"85 800";"27 562 804";"2024-09-10 04:49:31"
"2024-09-02";"YouTube";"100 693";"1 196 605";"27 563 171";"2024-09-02 05:38:12"
"2024-09-09";"";"224 907";"37 331";"27 561 929";"2024-09-09 17:38:42"
"2024-09-03";"";"32 143";"2 999";"27 563 254";"2024-09-03 09:42:51"
"2024-09-01";"YouTube";"1 991 846";"134 492";"27 563 472";"2024-09-01 13:58:23"
"2024-09-05";"";"37 173";"100 890";"27 562 552";"2024-09-05 18:03:00"
"2024-09-07";"Facebook";"303 634";"7 858";"27 561 760";"2024-09-07 23:32:54"
"2024-09-04";"";"945 485";"714 266";"27 561 347";"2024-09-04 10:31:37"
"2024-09-07";"Instagram";"204 814 199";"6 872 818";"27 562 791";"2024-09-07 12:57:10"
"2024-09-09";"";"445 622";"163 838";"27 562 035";"2024-09-09 07:40:34"
"2024-09-04";"";"39 010";"4 132";"27 561 669";"2024-09-04 17:02:11"
"2024-09-05";"";"885 636";"164 148";"27 562 140";"2024-09-05 03:24:57"
"2024-09-03";"";"336 185";"87 872";"27 561 556";"2024-09-03 04:37:40"
"2024-09-09";"";"35 558";"3 331";"27 563 153";"2024-09-09 12:09:28"
"2024-09-03";"VKontakte";"916 151";"750 361";"27 562 893";"2024-09-03 03:12:45"
"2024-09-07";"Unknown";"2 621 240";"104 026";"27 562 194";"2024-09-07 21:06:12"
"2024-09-07";"";"57 705";"4 030";"27 561 480";"2024-09-07 10:55:17"
"2024-09-05";"";"1 332 180";"51 069";"27 562 067";"2024-09-05 12:09:32"
"2024-09-05";"";"110 237";"6 506";"27 561 796";"2024-09-05 10:43:27"
"2024-09-09";"Facebook";"35 860";"3 014";"27 562 069";"2024-09-09 21:54:28"
"2024-09-09";"";"3 648 766";"185 573";"27 561 970";"2024-09-09 06:39:03"
"2024-09-09";"YouTube";"25 376";"266 514";"27 562 022";"2024-09-09 05:50:38"
"2024-09-05";"";"1 707 566";"97 070";"27 561 893";"2024-09-05 07:16:46"
"2024-09-08";"";"54 804";"2 300";"27 561 201";"2024-09-08 11:44:31"
"2024-09-06";"YouTube";"106 465";"58 565";"27 562 067";"2024-09-06 09:30:30"
"2024-09-10";"";"540 262";"1 209 480";"27 561 398";"2024-09-11 01:22:37"
"2024-09-07";"Instagram";"1 788 352";"245 649";"27 561 429";"2024-09-07 04:01:00"
"2024-09-06";"YouTube";"3 983 235";"346 408";"27 561 362";"2024-09-06 22:43:36"
"2024-09-09";"";"77 088";"282 820";"27 563 451";"2024-09-09 07:28:59"
"2024-09-08";"Instagram";"632 413";"110 533";"27 562 706";"2024-09-08 05:26:49"
"2024-09-07";"";"133 059";"43 077";"27 562 758";"2024-09-07 03:36:21"
"2024-09-07";"";"2 831 778";"464 464";"27 562 720";"2024-09-07 13:22:22"
"2024-09-08";"";"1 390 462";"85 559";"27 562 048";"2024-09-09 00:21:00"
"2024-09-01";"";"12 575 042";"1 054 335";"27 561 484";"2024-09-01 20:17:33"
"2024-09-02";"";"790 611";"83 383";"27 561 888";"2024-09-02 13:34:39"
"2024-09-03";"Facebook";"25 483 609";"863 620";"27 562 865";"2024-09-03 08:29:12"
"2024-09-08";"";"127 817";"61 797";"27 562 670";"2024-09-08 17:14:36"
"2024-09-02";"";"81 722";"11 848";"27 561 462";"2024-09-02 21:30:35"
"2024-09-10";"";"316 706";"88 024";"27 563 107";"2024-09-10 21:30:27"
"2024-09-02";"";"45 648";"8 055";"27 562 756";"2024-09-02 18:03:57"
"2024-09-08";"";"60 582";"13 049";"27 562 073";"2024-09-09 02:11:16"
"2024-09-01";"";"60 619 159";"17 834 621";"27 562 283";"2024-09-01 15:00:37"
"2024-09-06";"";"17 804";"142 300";"27 562 534";"2024-09-06 03:24:41"
"2024-09-09";"VKontakte";"971 244";"584 068";"27 562 674";"2024-09-09 19:52:13"
"2024-09-05";"Facebook";"60 566";"47 463";"27 562 580";"2024-09-05 08:29:00"
"2024-09-06";"";"54 889";"24 992";"27 562 854";"2024-09-06 12:21:18"
"2024-09-07";"Instagram";"322 408";"71 984";"27 562 846";"2024-09-07 03:12:43"
"2024-09-02";"Tas-ix";"242 520";"8 950";"27 561 221";"2024-09-03 01:10:54"
"2024-09-04";"";"35 899";"8 338";"27 561 897";"2024-09-04 08:17:22"
"2024-09-10";"Yandex";"36 319";"6 193";"27 563 467";"2024-09-10 11:32:05"
"2024-09-07";"YouTube";"25 613";"7 668";"27 562 037";"2024-09-07 20:41:32"
"2024-09-05";"Yandex";"136 367";"83 053";"27 563 100";"2024-09-05 15:00:34"
"2024-09-09";"";"134 302";"58 904";"27 562 939";"2024-09-09 09:06:12"
"2024-09-10";"";"22 397";"37 952";"27 562 783";"2024-09-10 16:49:03"
"2024-09-07";"";"777 117";"53 503";"27 561 350";"2024-09-07 07:40:26"
"2024-09-04";"";"31 386";"2 106";"27 561 670";"2024-09-04 15:12:34"
"2024-09-10";"Facebook";"65 499";"5 968";"27 561 997";"2024-09-10 22:07:54"
"2024-09-08";"Instagram";"1 701 061";"163 121";"27 561 777";"2024-09-08 09:42:41"
"2024-09-05";"Facebook";"212 370";"17 312";"27 562 832";"2024-09-05 05:02:16"
"2024-09-01";"";"39 888";"24 602";"27 562 215";"2024-09-01 05:50:44"
"2024-09-05";"";"449 647";"81 630";"27 561 176";"2024-09-05 16:37:32"
"2024-09-06";"";"48 533 410";"3 239 373";"27 562 193";"2024-09-06 10:43:47"
"2024-09-08";"";"142 203";"787 105";"27 563 372";"2024-09-08 07:28:53"
"2024-09-04";"";"109 978";"86 467";"27 562 968";"2024-09-04 08:05:44"
"2024-09-04";"";"130 352";"256 571";"27 562 666";"2024-09-04 22:43:29"
"2024-09-08";"";"207 036";"11 433";"27 563 174";"2024-09-09 00:09:24"
"2024-09-09";"";"40 045";"220 214";"27 563 496";"2024-09-09 06:39:22"
"2024-09-01";"Instagram";"61 787";"36 548";"27 561 865";"2024-09-01 10:55:23"
"2024-09-02";"TikTok";"6 628";"62 342";"27 561 842";"2024-09-02 21:30:29"
"2024-09-04";"";"168 029";"90 466";"27 563 469";"2024-09-04 18:15:04"
"2024-09-10";"YouTube";"796 017";"71 170";"27 561 186";"2024-09-10 22:07:31"
"2024-09-05";"";"35 124";"3 878";"27 561 305";"2024-09-05 05:02:30"
"2024-09-02";"";"58 228";"21 557";"27 563 048";"2024-09-02 12:45:17"
"2024-09-06";"";"67 755";"10 964";"27 562 156";"2024-09-07 02:59:07"
"2024-09-08";"";"32 149";"3 422";"27 562 073";"2024-09-08 06:51:55"
"2024-09-05";"";"101 168";"9 977";"27 561 347";"2024-09-05 04:25:31"
"2024-09-06";"Instagram";"370 257 162";"16 240 690";"27 563 355";"2024-09-06 07:52:18"
"2024-09-01";"";"1 361 537";"65 297";"27 562 124";"2024-09-01 13:34:48"
"2024-09-09";"YouTube";"8 381 045";"279 727";"27 562 597";"2024-09-09 15:12:27"
"2024-09-06";"";"71 375";"6 997";"27 562 719";"2024-09-06 15:12:03"
"2024-09-07";"Instagram";"1 165 942";"37 510";"27 561 384";"2024-09-07 23:32:34"
"2024-09-10";"";"70 333";"18 037";"27 561 335";"2024-09-10 05:50:43"
"2024-09-03";"";"415 146";"6 543";"27 562 710";"2024-09-03 12:09:16"
"2024-09-07";"";"59 590";"23 007";"27 562 291";"2024-09-07 16:37:45"
"2024-09-08";"";"98 820";"55 989";"27 562 242";"2024-09-08 12:09:48"
"2024-09-01";"";"412 731";"49 706";"27 561 320";"2024-09-01 08:17:04"
"2024-09-06";"Instagram";"1 048 131";"217 829";"27 563 410";"2024-09-06 11:20:59"
"2024-09-10";"Facebook";"91 200";"69 369";"27 561 375";"2024-09-10 12:09:45"
"2024-09-09";"";"230 662";"29 307";"27 563 336";"2024-09-09 04:49:19"
"2024-09-01";"";"1 067 726";"37 567";"27 561 411";"2024-09-02 00:33:12"
"2024-09-10";"Tas-ix";"1 712 522";"172 552";"27 561 224";"2024-09-10 21:54:10"
"2024-09-02";"";"920 106";"40 666";"27 562 143";"2024-09-02 07:52:07"
"2024-09-09";"WhatsApp";"66 602";"34 719";"27 562 266";"2024-09-09 20:41:53"
"2024-09-06";"";"123 102";"12 487";"27 561 436";"2024-09-06 16:49:35"
"2024-09-06";"Tas-ix";"32 764";"9 971";"27 562 958";"2024-09-06 18:15:07"
"2024-09-07";"";"27 223";"1 907";"27 561 372";"2024-09-07 21:30:51"
"2024-09-05";"";"89 338";"11 958";"27 561 970";"2024-09-05 19:16:52"
"2024-09-07";"";"31 027";"15 754";"27 563 211";"2024-09-07 08:41:47"
"2024-09-04";"YouTube";"4 832 593";"386 136";"27 563 079";"2024-09-04 04:49:47"
"2024-09-10";"YouTube";"3 739 902";"98 537";"27 561 732";"2024-09-11 02:59:44"
"2024-09-04";"";"113 863";"39 610";"27 562 260";"2024-09-04 20:53:34"
"2024-09-04";"";"905 396";"58 882";"27 563 014";"2024-09-04 09:18:42"
"2024-09-03";"";"279 441";"317 402";"27 561 239";"2024-09-03 14:23:28"
"2024-09-05";"";"63 950";"140 211";"27 562 223";"2024-09-05 20:41:01"
"2024-09-05";"";"287 384";"110 288";"27 562 931";"2024-09-05 19:52:16"
"2024-09-05";"";"35 561";"2 672";"27 562 672";"2024-09-05 04:13:22"
"2024-09-08";"Instagram";"3 177 346";"1 759 644";"27 562 658";"2024-09-09 01:10:49"
"2024-09-02";"";"55 478";"2 276";"27 563 236";"2024-09-02 13:34:37"
"2024-09-09";"";"63 957";"6 553";"27 563 336";"2024-09-10 01:10:45"
"2024-09-01";"";"265 482";"99 569";"27 563 507";"2024-09-01 14:11:50"
"2024-09-10";"";"84 577";"3 679";"27 562 305";"2024-09-10 11:56:42"
"2024-09-06";"";"70 478";"17 641";"27 562 854";"2024-09-06 18:39:41"
"2024-09-03";"";"49 544";"14 677";"27 562 624";"2024-09-04 00:21:42"
"2024-09-02";"";"7 898";"41 632";"27 561 616";"2024-09-02 21:30:15"
"2024-09-04";"Facebook";"31 135";"3 378";"27 561 463";"2024-09-04 04:13:45"
"2024-09-03";"";"132 354";"49 912";"27 563 195";"2024-09-03 13:46:22"
"2024-09-07";"";"73 016";"127 484";"27 561 662";"2024-09-07 07:40:25"
"2024-09-03";"";"14 487";"92 441";"27 562 842";"2024-09-03 11:08:49"
"2024-09-01";"";"33 023";"11 545";"27 561 629";"2024-09-01 03:48:25"
"2024-09-08";"";"197 975";"41 864";"27 563 445";"2024-09-08 10:19:58"
"2024-09-05";"";"41 075";"3 139";"27 561 835";"2024-09-05 09:54:22"
"2024-09-04";"YouTube";"165 930";"26 238";"27 561 398";"2024-09-04 03:48:01"
"2024-09-01";"YouTube";"78 545";"722 324";"27 561 265";"2024-09-01 16:49:28"
"2024-09-06";"Unknown";"6 441 297";"288 154";"27 561 538";"2024-09-06 22:31:34"
"2024-09-10";"";"95 330";"378 031";"27 562 494";"2024-09-10 12:21:53"
"2024-09-10";"";"45 239";"2 970";"27 562 832";"2024-09-10 20:29:02"
"2024-09-10";"";"112 063";"21 354";"27 562 795";"2024-09-10 04:37:14"
"2024-09-01";"Instagram";"95 756";"8 345";"27 563 421";"2024-09-01 16:01:21"
"2024-09-08";"";"28 604";"3 241";"27 562 634";"2024-09-09 00:45:18"
"2024-09-10";"Facebook";"193 047";"15 158";"27 561 684";"2024-09-10 08:05:42"
"2024-09-06";"YouTube";"2 023 980";"497 045";"27 562 211";"2024-09-06 20:05:10"
"2024-09-09";"";"248 264 196";"3 267 524";"27 563 273";"2024-09-09 11:20:57"
"2024-09-04";"";"30 319";"1 556";"27 562 812";"2024-09-04 06:15:18"
"2024-09-07";"";"227 344";"31 876";"27 562 721";"2024-09-07 23:20:12"
"2024-09-02";"YouTube";"2 124 182";"1 089 922";"27 562 527";"2024-09-02 03:24:41"
"2024-09-08";"YouTube";"515 241";"138 388";"27 562 681";"2024-09-08 16:49:56"
"2024-09-03";"YouTube";"38 195";"33 130";"27 562 992";"2024-09-04 00:45:53"
"2024-09-10";"";"120 153";"44 306";"27 563 514";"2024-09-10 14:59:24"
"2024-09-05";"Facebook";"632 464";"972 991";"27 562 934";"2024-09-06 02:35:34"
"2024-09-08";"";"118 948";"540 571";"27 561 428";"2024-09-09 02:59:55"
"2024-09-01";"VKontakte";"28 958";"5 930";"27 561 402";"2024-09-01 19:28:48"
"2024-09-07";"YouTube";"4 134 581";"1 262 750";"27 563 141";"2024-09-07 22:31:33"
"2024-09-05";"";"262 121";"35 724";"27 562 205";"2024-09-05 08:05:38"
"2024-09-08";"";"38 751";"423 401";"27 562 014";"2024-09-08 11:32:01"
"2024-09-09";"Telegram";"333 474 937";"17 056 096";"27 561 243";"2024-09-09 20:53:50"
"2024-09-08";"YouTube";"39 118";"10 729";"27 562 003";"2024-09-09 02:47:18"
"2024-09-07";"Facebook";"43 462";"12 205";"27 561 441";"2024-09-07 14:47:16"
"2024-09-04";"Yandex";"86 983";"15 658";"27 561 725";"2024-09-04 20:41:06"
"2024-09-03";"";"129 335";"36 268";"27 562 781";"2024-09-03 06:03:36"
"2024-09-03";"Facebook";"1 355 104";"48 813";"27 561 744";"2024-09-03 16:37:59"
"2024-09-01";"";"2 213 381";"197 478";"27 562 614";"2024-09-01 14:59:48"
"2024-09-07";"";"4 887 418";"3 412 918";"27 561 621";"2024-09-07 11:56:23"
"2024-09-04";"";"27 842";"192 836";"27 562 740";"2024-09-05 01:58:46"
"2024-09-07";"";"195 332";"17 855";"27 562 497";"2024-09-07 22:07:31"
"2024-09-02";"Likee";"94 987";"77 723";"27 562 900";"2024-09-02 09:30:47"
"2024-09-04";"";"190 298";"25 181";"27 562 041";"2024-09-04 10:19:54"
"2024-09-03";"Instagram";"782 130";"37 434";"27 563 165";"2024-09-03 15:24:35"
"2024-09-09";"";"144 368";"12 591";"27 563 269";"2024-09-10 02:59:09"
"2024-09-10";"YouTube";"1 681 624";"96 401";"27 563 476";"2024-09-10 12:45:20"
"2024-09-03";"";"396 878";"738 435";"27 561 552";"2024-09-03 20:53:13"
"2024-09-03";"";"43 754";"12 785";"27 562 156";"2024-09-03 22:19:25"
"2024-09-10";"Telegram";"704 763";"54 119";"27 562 417";"2024-09-10 05:02:28"
"2024-09-04";"Instagram";"6 400 484";"4 982 183";"27 561 964";"2024-09-04 22:07:06"
"2024-09-05";"YouTube";"3 878 324";"253 382";"27 562 861";"2024-09-05 13:46:37"
"2024-09-07";"";"61 541";"32 644";"27 562 423";"2024-09-07 12:45:41"
"2024-09-06";"";"170 240";"693 941";"27 561 552";"2024-09-06 16:01:01"
"2024-09-06";"";"148 305";"20 333";"27 561 921";"2024-09-06 17:38:06"
"2024-09-03";"";"593 323";"87 969";"27 562 989";"2024-09-03 07:52:32"
"2024-09-06";"";"82 035";"5 444";"27 561 344";"2024-09-07 02:59:34"
"2024-09-08";"";"271 554";"48 870";"27 563 372";"2024-09-08 03:24:24"
"2024-09-05";"Likee";"35 096";"10 058";"27 562 186";"2024-09-05 13:34:31"
"2024-09-10";"";"26 442";"7 279";"27 562 893";"2024-09-10 04:01:37"
"2024-09-04";"";"38 179";"2 264";"27 561 457";"2024-09-04 06:03:44"
"2024-09-02";"YouTube";"1 660 853";"238 365";"27 561 929";"2024-09-02 05:38:32"
"2024-09-05";"";"82 684";"11 015";"27 563 446";"2024-09-05 06:39:36"
"2024-09-06";"";"16 381";"42 420";"27 561 770";"2024-09-06 04:01:48"
"2024-09-05";"Instagram";"2 387 955";"87 114";"27 562 034";"2024-09-06 00:09:30"
"2024-09-10";"";"363 770";"23 889";"27 561 879";"2024-09-10 14:59:36"
"2024-09-07";"";"570 283";"32 089";"27 563 030";"2024-09-07 23:32:23"
"2024-09-03";"";"58 993";"33 510";"27 563 051";"2024-09-03 10:43:25"
"2024-09-01";"";"12 724";"35 721";"27 562 156";"2024-09-01 16:25:04"
"2024-09-04";"";"143 198";"21 960";"27 562 615";"2024-09-04 17:38:31"
"2024-09-01";"Facebook";"236 401";"149 239";"27 561 222";"2024-09-01 11:20:16"
"2024-09-09";"Instagram";"843 902";"263 726";"27 563 426";"2024-09-09 07:28:36"
"2024-09-04";"Instagram";"3 345 463";"645 354";"27 562 479";"2024-09-04 04:37:08"
"2024-09-10";"Likee";"1 789 222";"99 071";"27 562 747";"2024-09-11 00:33:42"
"2024-09-02";"";"32 683";"17 084";"27 562 545";"2024-09-02 18:27:17"
"2024-09-07";"";"105 892";"59 243";"27 561 311";"2024-09-07 18:15:31"
"2024-09-01";"YouTube";"31 722";"6 391";"27 562 331";"2024-09-01 04:13:21"
"2024-09-05";"";"82 517";"30 451";"27 562 719";"2024-09-05 03:48:49"
"2024-09-10";"";"30 889";"6 631";"27 561 554";"2024-09-10 11:20:15"
"2024-09-04";"";"7 835";"86 945";"27 562 059";"2024-09-04 07:40:47"
"2024-09-01";"YouTube";"1 641 648";"4 566 014";"27 562 563";"2024-09-01 17:02:36"
"2024-09-06";"";"102 513";"28 945";"27 563 058";"2024-09-06 13:58:54"
"2024-09-06";"Instagram";"27 109 023";"791 150";"27 562 685";"2024-09-06 08:53:01"
"2024-09-02";"";"23 470";"27 558";"27 562 782";"2024-09-02 07:28:30"
"2024-09-04";"";"47 590";"6 894";"27 562 133";"2024-09-04 07:04:04"
"2024-09-09";"";"118 050";"13 476";"27 561 994";"2024-09-09 09:06:55"
"2024-09-07";"";"150 971";"545 414";"27 562 083";"2024-09-07 04:25:03"
"2024-09-01";"";"241 290";"11 983";"27 562 427";"2024-09-01 04:13:12"
"2024-09-04";"Instagram";"921 026 636";"15 479 724";"27 562 899";"2024-09-04 11:20:23"
"2024-09-05";"Telegram";"274 679";"22 421";"27 561 502";"2024-09-05 07:40:31"
"2024-09-03";"";"615 879";"204 493";"27 563 144";"2024-09-03 07:52:43"
"2024-09-08";"";"1 745 764";"43 058";"27 562 453";"2024-09-08 09:42:08"
"2024-09-01";"";"272 787";"8 236";"27 562 260";"2024-09-01 10:43:50"
"2024-09-06";"";"33 023";"8 330";"27 562 458";"2024-09-06 04:13:53"
"2024-09-08";"";"440 446";"77 745";"27 561 586";"2024-09-08 10:31:21"
"2024-09-07";"Yandex";"476 770";"189 980";"27 562 200";"2024-09-07 09:30:07"
"2024-09-06";"";"1 665 043";"70 444";"27 563 239";"2024-09-07 02:47:14"
"2024-09-04";"Facebook";"2 185 422";"764 456";"27 563 075";"2024-09-04 17:38:38"
"2024-09-04";"";"67 380";"8 245";"27 563 008";"2024-09-04 04:25:36"
"2024-09-08";"";"1 986 368";"116 512";"27 562 588";"2024-09-08 03:00:28"
"2024-09-06";"";"731 886";"1 393 764";"27 562 804";"2024-09-06 21:30:16"
"2024-09-05";"";"77 338";"7 910";"27 561 307";"2024-09-05 03:48:12"
"2024-09-08";"";"792 828";"121 410";"27 563 047";"2024-09-08 09:18:22"
"2024-09-08";"";"741 564";"160 645";"27 561 823";"2024-09-08 04:49:22"
"2024-09-08";"";"299 146";"243 476";"27 561 593";"2024-09-08 09:42:26"
"2024-09-10";"";"18 679 352";"2 769 658";"27 562 792";"2024-09-10 21:30:50"
"2024-09-06";"Tas-ix";"32 742";"738 302";"27 563 187";"2024-09-06 23:44:30"
"2024-09-01";"";"73 398";"4 011";"27 562 325";"2024-09-01 12:09:54"
"2024-09-08";"YouTube";"72 329";"16 119";"27 563 099";"2024-09-08 11:08:44"
"2024-09-04";"";"36 905";"29 185";"27 562 347";"2024-09-04 21:30:00"
"2024-09-02";"Spotify";"23 721 765";"650 595";"27 561 172";"2024-09-02 03:00:03"
"2024-09-01";"";"91 105";"46 979";"27 561 975";"2024-09-01 15:24:00"
"2024-09-03";"";"675 772";"24 371";"27 562 851";"2024-09-03 18:03:41"
"2024-09-05";"";"1 058 252";"35 087";"27 561 271";"2024-09-05 22:19:13"
"2024-09-05";"";"2 069 213";"2 992 747";"27 562 454";"2024-09-05 03:00:39"
"2024-09-04";"";"1 304 724";"62 735";"27 561 251";"2024-09-04 14:59:54"
"2024-09-10";"YouTube";"84 145";"10 906";"27 562 042";"2024-09-10 14:11:50"
"2024-09-08";"Yandex";"9 800 435";"3 279 045";"27 563 514";"2024-09-08 11:20:54"
"2024-09-01";"Tas-ix";"168 835";"5 518";"27 563 451";"2024-09-01 20:53:03"
"2024-09-02";"YouTube";"576 568";"4 013 629";"27 563 304";"2024-09-02 08:17:01"
"2024-09-04";"";"567 692";"78 988";"27 562 698";"2024-09-04 03:00:46"
"2024-09-08";"";"1 693 712";"295 762";"27 561 331";"2024-09-08 21:54:34"
"2024-09-08";"";"58 439";"8 459";"27 562 282";"2024-09-08 13:58:08"
"2024-09-03";"";"18 535";"57 885";"27 563 445";"2024-09-03 07:40:44"
"2024-09-06";"";"29 938";"16 017";"27 561 398";"2024-09-06 22:55:39"
"2024-09-04";"Facebook";"273 699";"20 695";"27 562 445";"2024-09-04 13:34:03"
"2024-09-06";"";"99 081";"24 497";"27 562 477";"2024-09-06 05:38:35"
"2024-09-09";"";"68 935";"206 575";"27 562 238";"2024-09-09 17:50:55"
"2024-09-05";"";"105 761";"6 895";"27 561 940";"2024-09-05 03:36:46"
"2024-09-02";"YouTube";"111 058";"1 215 631";"27 562 661";"2024-09-02 20:29:06"
"2024-09-04";"";"5 609 123";"199 974";"27 562 790";"2024-09-04 20:17:10"
"2024-09-08";"Facebook";"1 248 806";"41 694";"27 563 093";"2024-09-08 23:20:05"
"2024-09-05";"";"215 955";"17 580";"27 562 666";"2024-09-05 18:15:55"
"2024-09-07";"";"47 591";"2 548";"27 562 289";"2024-09-07 06:39:21"
"2024-09-01";"";"52 689";"2 432";"27 562 812";"2024-09-01 20:41:11"
"2024-09-02";"";"29 319";"10 357";"27 562 757";"2024-09-02 07:16:36"
"2024-09-02";"";"396 519";"60 869";"27 561 393";"2024-09-02 23:08:13"
"2024-09-01";"";"34 450";"4 344";"27 562 280";"2024-09-01 13:34:27"
"2024-09-08";"YouTube";"39 355";"5 942";"27 562 374";"2024-09-08 12:57:32"
"2024-09-08";"Yandex";"262 903";"17 418";"27 562 004";"2024-09-08 04:01:43"
"2024-09-05";"";"395 432";"203 433";"27 561 429";"2024-09-05 20:05:48"
"2024-09-08";"VKontakte";"1 426 897";"57 130";"27 561 301";"2024-09-08 14:47:20"
"2024-09-10";"";"307 658";"49 094";"27 561 697";"2024-09-10 19:52:27"
"2024-09-02";"";"282 303";"21 129";"27 562 812";"2024-09-02 03:12:34"
"2024-09-03";"";"132 848";"11 650";"27 563 336";"2024-09-03 21:18:04"
"2024-09-03";"Instagram";"834 599";"31 216";"27 563 472";"2024-09-03 18:15:18"
"2024-09-08";"";"30 624";"2 303";"27 563 453";"2024-09-09 02:47:29"
"2024-09-02";"";"1 711 844";"78 302";"27 562 343";"2024-09-02 13:46:21"
"2024-09-09";"";"962 860";"160 063";"27 562 238";"2024-09-09 14:23:09"
"2024-09-03";"Telegram";"55 220";"6 048";"27 561 768";"2024-09-03 23:08:12"
"2024-09-03";"";"66 342";"10 736";"27 563 245";"2024-09-03 17:38:50"
"2024-09-09";"Facebook";"37 903";"2 367";"27 561 252";"2024-09-10 01:10:42"
"2024-09-08";"";"111 250";"6 053";"27 561 480";"2024-09-08 18:03:33"
"2024-09-03";"Apple Music";"27 812";"7 194";"27 562 985";"2024-09-03 17:26:50"
"2024-09-10";"";"473 539";"178 643";"27 563 031";"2024-09-10 09:42:41"
"2024-09-08";"";"238 893";"15 717";"27 562 795";"2024-09-08 21:30:26"
"2024-09-08";"Instagram";"11 452 804";"2 442 732";"27 562 629";"2024-09-08 19:16:55"
"2024-09-06";"";"1 853 847";"93 756";"27 563 072";"2024-09-06 06:03:36"
"2024-09-04";"";"177 219";"67 237";"27 561 809";"2024-09-04 19:16:44"
"2024-09-09";"";"27 563";"6 140";"27 563 006";"2024-09-09 10:43:37"
"2024-09-09";"";"99 736";"7 479";"27 563 427";"2024-09-09 10:55:52"
"2024-09-08";"";"36 936";"58 357";"27 562 820";"2024-09-08 16:13:52"
"2024-09-07";"";"62 643";"16 653";"27 563 371";"2024-09-07 03:36:12"
"2024-09-04";"Facebook";"32 049";"5 297";"27 562 382";"2024-09-04 05:26:13"
"2024-09-10";"";"17 533";"61 670";"27 561 592";"2024-09-10 06:03:12"
"2024-09-02";"";"97 095";"35 966";"27 561 216";"2024-09-02 08:41:10"
"2024-09-09";"";"26 263";"7 987";"27 561 994";"2024-09-09 05:50:42"
"2024-09-05";"";"54 232";"6 352";"27 563 331";"2024-09-05 11:44:05"
"2024-09-02";"";"28 624";"21 561";"27 562 094";"2024-09-02 04:25:21"
"2024-09-07";"YouTube";"6 223 642";"3 438 896";"27 561 873";"2024-09-07 21:18:25"
"2024-09-10";"";"37 691";"34 553";"27 563 267";"2024-09-10 07:04:02"
"2024-09-10";"Yandex";"205 207";"8 773";"27 563 281";"2024-09-10 23:20:39"
"2024-09-08";"";"206 568";"10 459";"27 563 402";"2024-09-08 22:07:10"
"2024-09-10";"";"38 841";"3 120";"27 561 201";"2024-09-10 12:21:59"
"2024-09-04";"";"27 979";"21 394";"27 562 588";"2024-09-04 08:53:13"
"2024-09-10";"";"780 315";"259 355";"27 562 459";"2024-09-10 17:50:16"
"2024-09-05";"";"8 154";"37 528";"27 562 044";"2024-09-05 13:22:36"
"2024-09-05";"Instagram";"10 402 766";"9 838 170";"27 563 044";"2024-09-05 11:56:29"
"2024-09-04";"YouTube";"542 788";"26 749";"27 563 365";"2024-09-04 20:17:55"
"2024-09-06";"YouTube";"137 244 228";"6 613 707";"27 563 127";"2024-09-06 18:15:19"
"2024-09-03";"";"106 856";"342 245";"27 561 590";"2024-09-03 16:01:51"
"2024-09-07";"";"309 263";"45 558";"27 561 697";"2024-09-07 08:41:08"
"2024-09-03";"WhatsApp";"21 420 922";"2 314 632";"27 561 418";"2024-09-03 13:34:55"
"2024-09-02";"";"246 229";"185 581";"27 561 796";"2024-09-02 05:50:58"
"2024-09-09";"";"1 942 039";"145 547";"27 561 401";"2024-09-09 21:06:55"
"2024-09-01";"Instagram";"1 530 248";"63 646";"27 563 403";"2024-09-01 09:54:38"
"2024-09-06";"";"1 576 825";"394 368";"27 563 436";"2024-09-06 04:13:31"
"2024-09-01";"";"101 953";"14 642";"27 562 508";"2024-09-01 06:15:25"
"2024-09-08";"YouTube";"162 403";"22 940";"27 563 097";"2024-09-08 18:03:53"
"2024-09-04";"YouTube";"200 004";"2 611 009";"27 561 725";"2024-09-04 16:13:30"
"2024-09-05";"YouTube";"341 700";"11 599";"27 561 714";"2024-09-05 22:19:52"
"2024-09-06";"Instagram";"308 831";"58 466";"27 562 648";"2024-09-06 04:37:12"
"2024-09-05";"";"62 211";"3 333";"27 561 265";"2024-09-05 03:24:55"
"2024-09-01";"";"29 134";"1 767";"27 562 787";"2024-09-01 16:01:09"
"2024-09-05";"";"65 126";"143 210";"27 563 238";"2024-09-05 19:16:43"
"2024-09-02";"";"27 288";"9 602";"27 562 124";"2024-09-02 05:50:08"
"2024-09-03";"";"783 183";"63 386";"27 561 965";"2024-09-03 20:29:05"
"2024-09-03";"Instagram";"71 799";"10 410";"27 562 544";"2024-09-03 12:09:42"
"2024-09-04";"YouTube";"5 383 004";"727 399";"27 562 633";"2024-09-04 06:03:24"
"2024-09-07";"";"65 366";"3 701";"27 563 268";"2024-09-07 22:07:30"
"2024-09-05";"";"78 477";"439 350";"27 563 152";"2024-09-05 06:27:18"
"2024-09-09";"Unknown";"5 366";"26 660";"27 563 458";"2024-09-09 13:46:20"
"2024-09-01";"";"508 246";"76 056";"27 562 753";"2024-09-02 01:22:23"
"2024-09-05";"";"33 090";"14 995";"27 561 720";"2024-09-05 16:25:00"
"2024-09-02";"Yandex Video";"4 901";"27 356";"27 561 898";"2024-09-02 04:37:22"
"2024-09-02";"";"123 220";"30 345";"27 563 087";"2024-09-02 16:25:35"
"2024-09-06";"";"5 994 834";"871 787";"27 561 745";"2024-09-06 08:41:26"
"2024-09-02";"";"928 477";"28 369";"27 561 275";"2024-09-02 17:26:28"
"2024-09-05";"Facebook";"91 854";"9 267";"27 562 170";"2024-09-05 12:21:51"
"2024-09-04";"YouTube";"107 860";"1 351 253";"27 563 075";"2024-09-04 12:33:11"
"2024-09-05";"";"189 596";"12 643";"27 563 110";"2024-09-05 18:39:42"
"2024-09-01";"Instagram";"1 337 061";"2 004 729";"27 562 608";"2024-09-01 09:30:57"
"2024-09-07";"Tas-ix";"152 649";"6 610";"27 562 634";"2024-09-07 22:19:32"
"2024-09-02";"";"121 946";"141 343";"27 561 490";"2024-09-02 12:09:52"
"2024-09-08";"YouTube";"2 395 539";"1 134 625";"27 562 223";"2024-09-08 07:04:21"
"2024-09-09";"YouTube";"1 743 703";"181 666";"27 561 866";"2024-09-09 20:29:53"
"2024-09-07";"";"25 704";"14 398";"27 561 846";"2024-09-08 01:22:41"
"2024-09-02";"Yandex";"2 561 032";"145 218";"27 562 801";"2024-09-02 13:10:02"
"2024-09-05";"Instagram";"241 521";"7 831";"27 561 474";"2024-09-05 19:52:33"
"2024-09-05";"";"46 193";"8 386";"27 561 276";"2024-09-05 06:39:05"
"2024-09-07";"Facebook";"548 971";"27 604";"27 563 489";"2024-09-08 02:35:05"
"2024-09-01";"Instagram";"594 235";"104 367";"27 563 423";"2024-09-01 13:22:26"
"2024-09-01";"Instagram";"2 120 406";"711 086";"27 561 715";"2024-09-01 23:32:54"
"2024-09-04";"";"58 929";"2 076";"27 562 322";"2024-09-05 00:45:10"
"2024-09-10";"";"56 280";"67 200";"27 563 218";"2024-09-10 03:00:34"
"2024-09-03";"";"347 943";"292 894";"27 561 801";"2024-09-03 16:37:48"
"2024-09-06";"";"1 560 265";"997 874";"27 562 868";"2024-09-06 06:39:21"
"2024-09-02";"Yandex";"199 246";"116 369";"27 563 072";"2024-09-02 18:15:36"
"2024-09-07";"Yandex";"177 716";"20 448";"27 562 473";"2024-09-07 23:44:01"
"2024-09-03";"";"28 843";"3 972";"27 562 941";"2024-09-03 10:55:28"
"2024-09-02";"Tas-ix";"342 644";"34 284";"27 563 240";"2024-09-02 11:08:49"
"2024-09-03";"";"122 136";"441 232";"27 562 512";"2024-09-03 19:28:53"
"2024-09-04";"";"240 348";"74 737";"27 561 956";"2024-09-04 16:25:30"
"2024-09-05";"Facebook";"30 789";"2 646";"27 562 681";"2024-09-05 06:15:34"
"2024-09-10";"";"375 605";"22 580";"27 561 981";"2024-09-10 04:25:21"
"2024-09-08";"";"38 461";"11 897";"27 561 879";"2024-09-08 09:18:23"
"2024-09-10";"";"1 042";"33 091";"27 562 090";"2024-09-10 08:53:41"
"2024-09-06";"";"202 375";"9 544";"27 562 508";"2024-09-07 02:59:19"
"2024-09-08";"Facebook";"352 191";"139 727";"27 563 148";"2024-09-08 17:38:59"
"2024-09-10";"";"0";"26 044";"27 561 895";"2024-09-10 07:04:20"
"2024-09-09";"";"967 071";"80 473";"27 561 992";"2024-09-09 19:04:35"
"2024-09-05";"";"19 552";"28 617";"27 562 656";"2024-09-05 04:49:01"
"2024-09-01";"";"273 386";"15 605";"27 561 378";"2024-09-01 10:31:09"
"2024-09-07";"TikTok";"22 308";"1 060 106";"27 561 573";"2024-09-07 17:14:24"
"2024-09-07";"";"902 804";"148 281";"27 561 793";"2024-09-07 08:05:10"
"2024-09-08";"";"64 505";"14 403";"27 561 800";"2024-09-08 23:08:09"
"2024-09-02";"YouTube";"46 225 266";"2 995 995";"27 562 535";"2024-09-03 00:21:32"
"2024-09-05";"Telegram";"7 858 840";"367 399";"27 563 331";"2024-09-06 02:59:02"
"2024-09-07";"YouTube";"165 609";"30 372";"27 562 788";"2024-09-08 00:21:39"
"2024-09-02";"";"2 613 581";"118 483";"27 563 252";"2024-09-02 03:24:20"
"2024-09-06";"Telegram";"23 956 580";"1 147 857";"27 562 291";"2024-09-06 08:17:04"
"2024-09-04";"";"343 254";"328 555";"27 562 261";"2024-09-04 04:49:58"
"2024-09-07";"YouTube";"1 190 772";"130 472";"27 561 762";"2024-09-07 23:44:12"
"2024-09-02";"Unknown";"81 392";"6 116";"27 563 391";"2024-09-02 07:28:35"
"2024-09-10";"Telegram";"12 798 924";"722 745";"27 561 257";"2024-09-11 00:09:36"
"2024-09-06";"WhatsApp";"55 080";"22 100";"27 563 308";"2024-09-06 23:20:51"
"2024-09-09";"";"7 722 735";"182 691";"27 562 646";"2024-09-09 21:06:34"
"2024-09-10";"";"36 868";"4 751";"27 562 226";"2024-09-10 06:39:56"
"2024-09-07";"Tas-ix";"566 019";"144 523";"27 561 649";"2024-09-08 01:22:25"
"2024-09-07";"";"62 664";"3 463";"27 561 213";"2024-09-07 10:07:01"
"2024-09-06";"";"42 966";"2 472";"27 563 156";"2024-09-06 09:18:34"
"2024-09-10";"Facebook";"5 354 611";"260 465";"27 563 357";"2024-09-10 15:36:50"
"2024-09-06";"";"130 327";"28 863";"27 562 402";"2024-09-07 01:10:31"
"2024-09-01";"Telegram";"29 103 679";"6 443 923";"27 562 242";"2024-09-01 05:02:36"
"2024-09-09";"";"732 870";"50 431";"27 562 680";"2024-09-09 16:01:33"
"2024-09-03";"";"182 578";"350 837";"27 563 039";"2024-09-03 18:15:54"
"2024-09-05";"";"125 817";"9 278";"27 562 125";"2024-09-06 02:35:30"
"2024-09-07";"Yandex";"365 061";"39 710";"27 563 035";"2024-09-07 14:11:27"
"2024-09-10";"";"788 785";"44 824";"27 562 289";"2024-09-10 20:29:56"
"2024-09-04";"";"1 352 090";"90 898";"27 562 205";"2024-09-04 15:48:29"
"2024-09-06";"";"19 963";"26 108";"27 563 267";"2024-09-06 18:51:40"
"2024-09-04";"Instagram";"2 045 466";"936 814";"27 562 647";"2024-09-04 19:40:02"
"2024-09-06";"TikTok";"920 994";"6 128 218";"27 562 875";"2024-09-06 07:52:52"
"2024-09-07";"";"183 421";"14 110";"27 562 559";"2024-09-07 14:11:55"
"2024-09-05";"";"179 332";"194 994";"27 562 838";"2024-09-06 01:46:23"
"2024-09-01";"";"892 559";"80 002";"27 562 226";"2024-09-01 12:21:05"
"2024-09-05";"";"274 536";"27 948";"27 561 723";"2024-09-05 15:24:24"
"2024-09-09";"";"28 475";"37 087";"27 562 993";"2024-09-09 21:42:55"
"2024-09-04";"WhatsApp";"38 374";"2 105";"27 562 255";"2024-09-04 18:39:44"
"2024-09-09";"";"83 911";"209 912";"27 562 793";"2024-09-09 18:03:58"
"2024-09-09";"";"272 321";"15 372";"27 561 305";"2024-09-09 08:53:56"
"2024-09-07";"Telegram";"1 605 641";"347 789";"27 561 877";"2024-09-08 01:10:34"
"2024-09-03";"";"333 753";"17 054";"27 561 247";"2024-09-04 02:47:28"
"2024-09-07";"Facebook";"39 200";"2 346";"27 562 737";"2024-09-07 05:26:55"
"2024-09-02";"";"49 484";"3 946";"27 562 599";"2024-09-02 09:30:54"
"2024-09-09";"";"85 056";"7 387";"27 562 712";"2024-09-09 22:43:24"
"2024-09-01";"";"581 957";"19 817";"27 563 242";"2024-09-02 01:34:17"
"2024-09-06";"";"71 610";"43 289";"27 563 114";"2024-09-06 14:59:08"
"2024-09-08";"";"584 398";"117 879";"27 563 411";"2024-09-08 16:37:02"
"2024-09-07";"Unknown";"54 150";"13 993";"27 561 722";"2024-09-07 10:43:21"
"2024-09-03";"";"249 282";"9 577";"27 562 193";"2024-09-03 22:19:08"
"2024-09-10";"";"28 879";"8 223";"27 563 310";"2024-09-11 01:22:11"
"2024-09-08";"";"43 997";"6 994";"27 562 900";"2024-09-08 18:51:29"
"2024-09-04";"";"504 960";"80 000";"27 562 774";"2024-09-04 11:20:29"
"2024-09-05";"Yandex";"1 343 303";"322 884";"27 562 447";"2024-09-05 14:47:41"
"2024-09-07";"";"87 058";"3 914";"27 563 317";"2024-09-07 15:12:09"
"2024-09-07";"";"47 233";"5 780";"27 562 105";"2024-09-08 00:33:50"
"2024-09-07";"";"28 131";"5 250";"27 561 567";"2024-09-08 00:21:33"
"2024-09-09";"";"26 254";"3 907";"27 562 824";"2024-09-09 20:41:01"
"2024-09-10";"";"965 826";"1 593 145";"27 561 689";"2024-09-10 22:31:29"
"2024-09-07";"";"143 707";"32 054";"27 562 544";"2024-09-07 12:21:17"
"2024-09-08";"";"135 153";"36 318";"27 561 379";"2024-09-08 18:51:34"
"2024-09-06";"";"28 551";"3 722";"27 562 286";"2024-09-06 20:53:22"
"2024-09-07";"";"53 731";"13 394";"27 562 865";"2024-09-08 00:45:11"
"2024-09-08";"";"418 227";"20 179";"27 563 463";"2024-09-09 01:46:04"
"2024-09-07";"";"27 723";"5 882";"27 562 254";"2024-09-07 08:05:36"
"2024-09-07";"";"23 609";"181 388";"27 562 400";"2024-09-07 16:37:09"
"2024-09-07";"YouTube";"37 602 188";"1 820 771";"27 561 448";"2024-09-07 10:19:29"
"2024-09-01";"";"30 260";"77 162";"27 561 182";"2024-09-02 01:22:54"
"2024-09-01";"";"208 854";"8 946";"27 561 352";"2024-09-01 03:00:18"
"2024-09-04";"";"1 689 523";"161 380";"27 563 304";"2024-09-05 02:23:29"
"2024-09-09";"Telegram";"321 531";"35 957";"27 562 099";"2024-09-09 11:08:34"
"2024-09-04";"";"168 553";"205 534";"27 562 364";"2024-09-05 02:47:20"
"2024-09-05";"Telegram";"19 428 702";"1 138 475";"27 563 291";"2024-09-05 20:17:51"
"2024-09-05";"";"17 752 699";"1 039 410";"27 562 207";"2024-09-05 16:49:01"
"2024-09-06";"";"560";"26 375";"27 561 850";"2024-09-06 10:55:29"
"2024-09-09";"";"367 715";"154 103";"27 563 119";"2024-09-09 13:58:58"
"2024-09-02";"YouTube";"68 807";"50 106";"27 562 067";"2024-09-02 20:53:49"
"2024-09-08";"";"585 787";"132 819";"27 562 024";"2024-09-09 01:46:46"
"2024-09-03";"";"3 122 821";"110 164";"27 562 445";"2024-09-03 20:05:49"
"2024-09-03";"";"52 633";"3 911";"27 561 410";"2024-09-03 03:24:25"
"2024-09-09";"";"50 280";"41 003";"27 563 081";"2024-09-09 14:23:12"
"2024-09-07";"";"200 670";"131 456";"27 563 452";"2024-09-07 17:26:21"
"2024-09-08";"";"327 773";"94 105";"27 561 570";"2024-09-08 09:18:18"
"2024-09-03";"";"195 761";"31 092";"27 562 971";"2024-09-03 08:53:48"
"2024-09-07";"";"32 421";"17 880";"27 561 895";"2024-09-08 00:21:23"
"2024-09-01";"";"1 443 524";"788 175";"27 561 498";"2024-09-01 14:59:56"
"2024-09-04";"";"253 992";"60 562";"27 562 849";"2024-09-04 13:34:25"
"2024-09-05";"Yandex";"683 039";"36 924";"27 561 542";"2024-09-05 14:23:59"
"2024-09-04";"Facebook";"16 215 718";"387 797";"27 562 864";"2024-09-04 06:15:15"
"2024-09-08";"";"249 587";"14 772";"27 563 139";"2024-09-09 02:59:03"
"2024-09-01";"";"15 151";"37 240";"27 561 564";"2024-09-02 02:11:43"
"2024-09-05";"";"40 906";"6 737";"27 561 250";"2024-09-05 06:03:56"
"2024-09-04";"YouTube";"101 464 921";"5 466 426";"27 562 703";"2024-09-04 22:07:53"
"2024-09-04";"";"427 730";"34 385";"27 561 940";"2024-09-04 22:55:01"
"2024-09-04";"";"425 398";"56 726";"27 561 356";"2024-09-04 15:24:21"
"2024-09-05";"YouTube";"9 451 066";"383 361";"27 561 331";"2024-09-05 22:07:04"
"2024-09-04";"Telegram";"936 548 948";"42 748 467";"27 561 295";"2024-09-05 02:35:14"
"2024-09-02";"";"37 911";"6 738";"27 562 865";"2024-09-02 12:09:26"
"2024-09-09";"Facebook";"28 100";"5 723";"27 562 988";"2024-09-09 10:43:38"
"2024-09-06";"";"29 164";"14 150";"27 561 173";"2024-09-06 21:54:13"
"2024-09-09";"Facebook";"203 759";"14 280";"27 561 336";"2024-09-10 02:59:20"
"2024-09-03";"";"183 451";"13 063";"27 561 383";"2024-09-03 05:14:45"
"2024-09-06";"Instagram";"3 976 182";"1 230 622";"27 561 378";"2024-09-06 07:04:48"
"2024-09-04";"YouTube";"180 005";"74 449";"27 561 788";"2024-09-04 09:54:24"
"2024-09-01";"Unknown";"794 931";"132 082";"27 561 290";"2024-09-01 16:13:30"
"2024-09-05";"";"13 316";"31 466";"27 562 958";"2024-09-06 01:22:27"
"2024-09-05";"";"114 977";"68 404";"27 563 267";"2024-09-06 00:21:33"
"2024-09-05";"";"130 357";"59 592";"27 561 689";"2024-09-05 16:49:39"
"2024-09-04";"";"6 798 294";"197 981";"27 562 821";"2024-09-04 14:35:02"
"2024-09-09";"Telegram";"22 710 094";"12 005 019";"27 562 847";"2024-09-09 04:13:51"
"2024-09-06";"";"331 020";"21 880";"27 562 397";"2024-09-06 07:40:49"
"2024-09-03";"";"142 913";"19 774";"27 563 096";"2024-09-03 18:27:06"
"2024-09-03";"";"32 125";"10 814";"27 561 606";"2024-09-03 06:39:09"
"2024-09-05";"";"155 946";"22 721";"27 563 105";"2024-09-05 14:47:46"
"2024-09-01";"";"2 511 686";"70 532";"27 561 981";"2024-09-01 13:58:22"
"2024-09-10";"";"186 786";"4 523 433";"27 561 634";"2024-09-10 06:39:02"
"2024-09-05";"IMO";"391 902";"727 670";"27 562 692";"2024-09-05 23:32:35"
"2024-09-10";"";"13 737 639";"465 241";"27 562 993";"2024-09-10 19:40:08"
"2024-09-01";"Facebook";"9 926 221";"393 385";"27 561 426";"2024-09-01 17:26:56"
"2024-09-01";"";"182 821";"256 276";"27 563 310";"2024-09-01 20:17:10"
"2024-09-09";"";"1 039 047";"88 490";"27 562 696";"2024-09-09 20:17:55"
"2024-09-02";"Instagram";"43 771 167";"1 031 037";"27 562 759";"2024-09-02 15:24:02"
"2024-09-09";"";"28 984";"2 953";"27 562 820";"2024-09-09 20:17:19"
"2024-09-10";"";"63 195";"29 020";"27 562 438";"2024-09-10 10:55:22"
"2024-09-09";"YouTube";"76 956";"11 836 840";"27 561 314";"2024-09-09 07:16:37"
"2024-09-07";"";"1 688 514";"149 654";"27 561 706";"2024-09-07 11:08:21"
"2024-09-06";"";"22 957 537";"1 731 067";"27 562 222";"2024-09-06 23:44:46"
"2024-09-09";"";"633 762";"40 121";"27 562 861";"2024-09-09 14:23:18"
"2024-09-08";"";"145 774";"7 308";"27 563 074";"2024-09-08 13:22:30"
"2024-09-01";"";"59 177";"2 604";"27 562 187";"2024-09-01 08:41:17"
"2024-09-10";"";"57 843";"12 581";"27 562 617";"2024-09-10 11:44:44"
"2024-09-03";"";"152 308";"96 076";"27 563 488";"2024-09-03 11:44:23"
"2024-09-02";"YouTube";"360 615";"57 904";"27 561 651";"2024-09-02 10:19:45"
"2024-09-02";"";"28 907 104";"2 276 480";"27 563 047";"2024-09-02 03:24:15"
"2024-09-06";"";"913 078";"154 571";"27 563 217";"2024-09-06 12:09:56"
"2024-09-08";"YouTube";"3 158 147";"280 996";"27 561 529";"2024-09-08 18:03:11"
"2024-09-06";"";"58 172";"2 248";"27 562 969";"2024-09-06 15:00:04"
"2024-09-09";"";"61 333";"14 594";"27 562 140";"2024-09-09 18:27:39"
"2024-09-07";"Instagram";"2 282 640";"118 134";"27 562 825";"2024-09-07 09:54:07"
"2024-09-06";"";"35 673";"50 833";"27 562 656";"2024-09-06 13:46:25"
"2024-09-02";"";"3 662";"235 291";"27 563 128";"2024-09-02 12:33:49"
"2024-09-07";"";"738 463";"62 609";"27 561 974";"2024-09-07 03:12:30"
"2024-09-05";"Unknown";"26 800";"7 912";"27 562 843";"2024-09-05 11:32:47"
"2024-09-02";"";"186 401";"15 841";"27 561 380";"2024-09-02 21:42:42"
"2024-09-03";"";"462 760";"95 875";"27 561 770";"2024-09-03 14:35:06"
"2024-09-07";"";"59 432";"32 578";"27 563 211";"2024-09-07 21:30:20"
"2024-09-01";"";"99 017";"4 670";"27 561 861";"2024-09-01 10:07:16"
"2024-09-10";"YouTube";"11 002 144";"714 169";"27 561 230";"2024-09-10 20:53:43"
"2024-09-08";"";"40 909";"27 963";"27 562 360";"2024-09-08 19:52:28"
"2024-09-10";"";"259 908";"23 356";"27 561 253";"2024-09-10 19:04:12"
"2024-09-01";"Likee";"368 687";"500 061";"27 561 534";"2024-09-01 23:08:47"
"2024-09-09";"";"48 929";"13 374";"27 561 398";"2024-09-10 02:23:23"
"2024-09-08";"YouTube";"18 390";"81 830";"27 562 780";"2024-09-08 23:20:42"
"2024-09-09";"YouTube";"579 133";"55 622";"27 562 422";"2024-09-09 06:15:47"
"2024-09-06";"YouTube";"85 195";"1 202 340";"27 562 360";"2024-09-06 10:55:35"
"2024-09-05";"";"12 561 000";"957 910";"27 561 742";"2024-09-06 01:10:09"
"2024-09-08";"YouTube";"35 475 505";"1 976 657";"27 561 616";"2024-09-08 21:42:01"
"2024-09-06";"";"71 613 422";"1 829 162";"27 561 361";"2024-09-06 19:04:25"
"2024-09-05";"Instagram";"355 705";"36 560";"27 563 100";"2024-09-05 12:45:22"
"2024-09-04";"";"30 869";"7 380";"27 561 288";"2024-09-04 20:29:22"
"2024-09-07";"Instagram";"1 159 362";"59 828";"27 563 452";"2024-09-07 17:50:11"
"2024-09-05";"";"95 040";"355 929";"27 561 874";"2024-09-05 12:09:09"
"2024-09-09";"";"44 579";"7 321";"27 563 184";"2024-09-09 15:00:39"
"2024-09-04";"";"2 430 566";"370 221";"27 563 177";"2024-09-04 14:47:47"
"2024-09-03";"";"326 516";"73 554";"27 561 177";"2024-09-03 17:50:40"
"2024-09-02";"";"119 080";"35 128";"27 561 998";"2024-09-02 11:08:42"
"2024-09-05";"";"70 411";"77 112";"27 561 997";"2024-09-05 22:43:35"
"2024-09-07";"";"99 320";"55 959";"27 561 651";"2024-09-08 02:59:52"
"2024-09-05";"";"1 040 928";"38 537";"27 562 025";"2024-09-05 20:05:54"
"2024-09-05";"Instagram";"1 525 259";"116 692";"27 563 001";"2024-09-05 18:51:39"
"2024-09-02";"Odnoklassniki";"120 373";"49 949";"27 563 336";"2024-09-02 21:42:23"
"2024-09-09";"";"109 260";"9 295";"27 562 609";"2024-09-09 22:55:45"
"2024-09-06";"";"64 720";"2 245";"27 562 536";"2024-09-06 08:05:09"
"2024-09-05";"";"18 059";"199 725";"27 563 177";"2024-09-05 11:44:17"
"2024-09-06";"";"67 248";"6 433";"27 562 073";"2024-09-06 04:01:16"
"2024-09-08";"";"121 730";"9 587";"27 563 403";"2024-09-08 16:37:53"
"2024-09-06";"TikTok";"1 548";"71 945";"27 562 365";"2024-09-06 08:53:14"
"2024-09-10";"";"1 910";"87 798";"27 561 279";"2024-09-10 23:08:57"
"2024-09-01";"Tas-ix";"37 202";"2 767";"27 561 604";"2024-09-01 12:09:39"
"2024-09-08";"Tas-ix";"345 348";"46 729";"27 562 594";"2024-09-08 16:37:20"
"2024-09-02";"";"19 815 666";"231 196";"27 562 998";"2024-09-03 01:22:08"
"2024-09-06";"";"33 871";"3 130";"27 562 156";"2024-09-06 20:41:10"
"2024-09-10";"";"181 263";"9 157";"27 562 758";"2024-09-10 07:40:44"
"2024-09-08";"Instagram";"45 844 806";"1 372 713";"27 562 708";"2024-09-08 18:39:35"
"2024-09-02";"";"30 109";"2 581";"27 562 036";"2024-09-02 05:50:26"
"2024-09-01";"Facebook";"1 981 384";"65 150";"27 563 237";"2024-09-01 09:54:05"
"2024-09-04";"YouTube";"105 342";"1 439 256";"27 561 796";"2024-09-04 09:18:25"
"2024-09-04";"";"33 965";"41 931";"27 562 784";"2024-09-04 11:56:38"
"2024-09-02";"";"73 640 225";"8 659 204";"27 561 298";"2024-09-03 00:09:34"
"2024-09-10";"";"48 139";"7 352";"27 561 392";"2024-09-10 06:51:14"
"2024-09-02";"";"228 524";"15 938";"27 563 225";"2024-09-03 01:22:44"
"2024-09-09";"WhatsApp";"29 180";"1 904";"27 562 861";"2024-09-09 07:04:10"
"2024-09-10";"";"145 144";"7 571";"27 561 607";"2024-09-10 06:15:27"
"2024-09-06";"";"1 851 176";"123 347";"27 561 981";"2024-09-06 22:43:05"
"2024-09-05";"YouTube";"193 014";"18 198";"27 562 036";"2024-09-05 15:12:12"
"2024-09-06";"Instagram";"2 253 812";"131 871";"27 563 159";"2024-09-06 14:23:36"
"2024-09-10";"";"6 483 179";"211 482";"27 562 679";"2024-09-10 08:41:46"
"2024-09-02";"";"700 557";"86 087";"27 563 005";"2024-09-02 23:44:06"
"2024-09-03";"";"333 442";"269 697";"27 562 156";"2024-09-03 22:19:31"
"2024-09-01";"Facebook";"344 715";"120 613";"27 562 630";"2024-09-01 19:28:33"
"2024-09-04";"";"56 973";"4 465";"27 562 806";"2024-09-05 01:58:14"
"2024-09-04";"";"394 301";"1 093 203";"27 562 593";"2024-09-04 11:44:55"
"2024-09-04";"";"26 017";"7 701";"27 562 442";"2024-09-05 01:58:37"
"2024-09-09";"";"868 015";"62 647";"27 562 984";"2024-09-09 17:02:06"
"2024-09-09";"";"141 503";"7 267";"27 561 294";"2024-09-09 21:30:47"
"2024-09-02";"";"43 262";"73 991";"27 561 506";"2024-09-02 16:13:32"
"2024-09-01";"";"36 116";"2 246";"27 561 215";"2024-09-01 13:22:23"
"2024-09-08";"";"138 562";"7 538";"27 562 436";"2024-09-08 15:00:21"
"2024-09-04";"Instagram";"246 708";"18 722";"27 561 908";"2024-09-04 17:50:14"
"2024-09-02";"";"581 190";"96 385";"27 563 509";"2024-09-02 10:55:55"
"2024-09-08";"YouTube";"101 897";"40 610";"27 562 101";"2024-09-08 22:07:45"
"2024-09-02";"";"915 165";"18 148";"27 561 454";"2024-09-02 04:13:33"
"2024-09-08";"";"30 627";"5 765";"27 562 440";"2024-09-08 11:32:03"
"2024-09-02";"Telegram";"83 644";"8 748";"27 562 751";"2024-09-02 19:52:23"
"2024-09-10";"Facebook";"44 072";"56 612";"27 563 415";"2024-09-10 07:04:46"
"2024-09-07";"";"194 252";"63 888";"27 562 497";"2024-09-07 23:20:01"
"2024-09-03";"";"852 512";"29 360";"27 563 096";"2024-09-03 19:52:58"
"2024-09-05";"";"1 186 927";"49 898";"27 562 803";"2024-09-05 12:45:08"
"2024-09-02";"Odnoklassniki";"13 830 189";"217 360";"27 562 721";"2024-09-02 16:49:15"
"2024-09-08";"";"74 637";"4 153";"27 562 721";"2024-09-09 01:10:07"
"2024-09-03";"Apple Music";"76 640";"11 175";"27 561 221";"2024-09-04 02:35:38"
"2024-09-01";"Telegram";"729 145";"82 676";"27 563 033";"2024-09-02 00:21:18"
"2024-09-06";"YouTube";"89 952 298";"5 872 170";"27 561 953";"2024-09-06 07:28:44"
"2024-09-08";"";"60 074 911";"1 954 743";"27 562 800";"2024-09-09 01:34:16"
"2024-09-08";"";"865 160";"226 966";"27 563 124";"2024-09-08 09:06:01"
"2024-09-07";"PUBG";"4 347 957";"156 133";"27 562 259";"2024-09-07 13:10:40"
"2024-09-02";"";"59 191";"9 547";"27 563 291";"2024-09-02 05:38:27"
"2024-09-04";"TikTok";"483 021";"3 501 585";"27 562 473";"2024-09-04 09:06:06"
"2024-09-07";"";"385 229";"15 764";"27 563 395";"2024-09-07 04:13:49"
"2024-09-05";"";"129 254";"52 539";"27 562 620";"2024-09-05 20:53:17"
"2024-09-01";"";"120 486";"10 308";"27 563 172";"2024-09-01 21:54:47"
"2024-09-09";"";"1 851 671";"288 851";"27 563 047";"2024-09-09 13:22:45"
"2024-09-10";"Telegram";"486 205";"49 468";"27 561 920";"2024-09-10 20:53:16"
"2024-09-03";"";"111 908";"9 234";"27 561 794";"2024-09-03 17:02:11"
"2024-09-07";"";"345 240";"14 908";"27 562 242";"2024-09-07 07:28:01"
"2024-09-08";"";"34 915";"10 005";"27 561 687";"2024-09-08 19:40:29"
"2024-09-08";"";"366 830";"37 518";"27 561 915";"2024-09-08 23:08:23"
"2024-09-06";"";"139 851";"7 390";"27 561 234";"2024-09-06 04:01:32"
"2024-09-07";"Telegram";"21 946 123";"1 177 888";"27 563 515";"2024-09-07 14:11:00"
"2024-09-05";"";"28 475";"14 545";"27 563 129";"2024-09-05 15:00:10"
"2024-09-04";"";"904 076";"114 076";"27 562 575";"2024-09-04 03:12:41"
"2024-09-03";"YouTube";"709 215";"91 583";"27 563 404";"2024-09-03 17:38:27"
"2024-09-09";"Yandex";"100 863";"9 693";"27 562 261";"2024-09-09 15:36:25"
"2024-09-06";"";"386 711";"22 736";"27 561 940";"2024-09-06 10:07:14"
"2024-09-10";"";"36 630";"3 010";"27 562 172";"2024-09-10 19:40:36"
"2024-09-07";"";"1 334 101";"29 955";"27 561 865";"2024-09-07 19:16:20"
"2024-09-09";"Instagram";"3 032 336";"105 094";"27 561 805";"2024-09-09 09:30:54"
"2024-09-02";"";"95 598";"9 663";"27 561 383";"2024-09-03 00:21:32"
"2024-09-09";"Instagram";"7 014 670";"6 181 842";"27 563 451";"2024-09-09 19:52:25"
"2024-09-04";"Facebook";"117 020";"24 753";"27 561 586";"2024-09-04 08:53:37"
"2024-09-06";"YouTube";"31 604 363";"1 375 466";"27 561 610";"2024-09-06 16:49:38"
"2024-09-03";"YouTube";"227 755";"85 406";"27 562 628";"2024-09-03 12:21:11"
"2024-09-04";"Instagram";"1 245 939";"1 486 745";"27 561 855";"2024-09-04 23:44:26"
"2024-09-07";"";"78 892";"105 289";"27 563 142";"2024-09-07 08:41:41"
"2024-09-07";"";"1 616 331";"63 285";"27 561 752";"2024-09-07 03:36:56"
"2024-09-09";"";"189 737";"107 602";"27 562 642";"2024-09-09 06:39:33"
"2024-09-10";"";"649 662";"108 979";"27 563 430";"2024-09-10 04:01:26"
"2024-09-10";"";"152 577";"543 301";"27 562 666";"2024-09-11 01:58:58"
"2024-09-01";"";"31 679";"1 868";"27 562 812";"2024-09-01 22:07:35"
"2024-09-07";"";"426 433";"17 555";"27 561 177";"2024-09-07 15:48:59"
"2024-09-02";"WhatsApp";"25 711";"11 467";"27 561 398";"2024-09-02 05:38:11"
"2024-09-04";"";"205 674";"16 094";"27 561 742";"2024-09-04 11:08:57"
"2024-09-02";"Unknown";"273 201";"106 582";"27 562 768";"2024-09-02 10:43:17"
"2024-09-02";"";"169 666";"9 262";"27 563 369";"2024-09-02 11:08:49"
"2024-09-06";"Yandex";"349 287";"22 497";"27 563 308";"2024-09-06 03:24:57"
"2024-09-10";"";"44 604";"2 546";"27 563 311";"2024-09-10 17:50:51"
"2024-09-02";"";"278 894";"589 449";"27 563 258";"2024-09-03 02:23:43"
"2024-09-01";"YouTube";"68 089";"12 982";"27 563 353";"2024-09-02 02:11:30"
"2024-09-01";"";"59 596";"2 532";"27 562 641";"2024-09-01 19:28:21"
"2024-09-06";"";"9 889";"25 843";"27 563 243";"2024-09-06 23:32:57"
"2024-09-01";"Telegram";"1 337 133";"122 982";"27 562 213";"2024-09-01 06:15:21"
"2024-09-04";"";"63 414";"31 344";"27 562 762";"2024-09-04 09:18:47"
"2024-09-02";"";"387 834";"137 093";"27 561 570";"2024-09-03 02:47:29"
"2024-09-08";"";"16 690 240";"726 712";"27 562 906";"2024-09-08 11:32:49"
"2024-09-09";"";"44 567";"4 141";"27 563 113";"2024-09-09 15:48:07"
"2024-09-04";"";"27 474";"2 618";"27 562 899";"2024-09-04 23:32:00"
"2024-09-05";"";"446 618";"66 601";"27 563 031";"2024-09-05 06:39:32"
"2024-09-06";"";"47 124";"6 731";"27 562 810";"2024-09-07 02:35:58"
"2024-09-01";"Unknown";"3 715 682";"217 030";"27 562 865";"2024-09-01 03:12:27"
"2024-09-08";"";"181 866";"9 584";"27 563 291";"2024-09-08 05:50:54"
"2024-09-01";"YouTube";"75 561";"329 886";"27 561 294";"2024-09-01 18:27:34"
"2024-09-08";"";"80 813";"30 587";"27 562 883";"2024-09-08 19:40:34"
"2024-09-05";"";"475 466";"14 679";"27 562 330";"2024-09-05 20:05:41"
"2024-09-09";"";"728 859";"103 598";"27 561 436";"2024-09-09 20:17:44"
"2024-09-01";"";"59 609";"4 151";"27 562 355";"2024-09-01 19:40:37"
"2024-09-08";"";"55 870";"4 745";"27 561 761";"2024-09-08 18:15:06"
"2024-09-07";"";"105 023";"6 355";"27 563 463";"2024-09-07 21:18:33"
"2024-09-03";"Telegram";"34 916 406";"3 508 892";"27 562 304";"2024-09-03 05:38:12"
"2024-09-07";"";"223 884";"7 743";"27 563 260";"2024-09-07 06:27:36"
"2024-09-10";"Likee";"57 015";"84 053";"27 561 722";"2024-09-10 23:08:30"
"2024-09-06";"";"49 920";"7 305";"27 562 260";"2024-09-06 12:45:32"
"2024-09-04";"";"74 051";"42 578";"27 562 539";"2024-09-04 16:49:26"
"2024-09-09";"YouTube";"443 423";"90 681";"27 563 099";"2024-09-09 11:44:01"
"2024-09-04";"";"8 220 710";"304 544";"27 561 529";"2024-09-05 01:34:52"
"2024-09-04";"";"34 264";"74 252";"27 563 515";"2024-09-04 15:36:05"
"2024-09-08";"";"2 587";"34 423";"27 562 294";"2024-09-08 05:50:10"
"2024-09-02";"";"63 509";"9 610";"27 561 692";"2024-09-02 18:39:11"
"2024-09-05";"WhatsApp";"1 228 530";"357 341";"27 562 473";"2024-09-06 02:11:18"
"2024-09-01";"WhatsApp";"124 795";"112 231";"27 562 897";"2024-09-01 05:26:30"
"2024-09-02";"YouTube";"1 409 107";"174 112";"27 561 247";"2024-09-02 14:59:52"
"2024-09-09";"";"77 496";"6 904";"27 562 622";"2024-09-09 19:40:04"
"2024-09-05";"";"1 054 911";"56 190";"27 563 493";"2024-09-06 00:21:11"
"2024-09-10";"";"308 728";"231 952";"27 562 025";"2024-09-10 11:20:06"
"2024-09-01";"YouTube";"62 610 089";"5 094 605";"27 562 143";"2024-09-02 01:34:06"
"2024-09-08";"";"140 292";"137 934";"27 562 934";"2024-09-08 21:06:22"
"2024-09-02";"";"116 868";"10 044";"27 563 026";"2024-09-02 03:12:09"
"2024-09-01";"";"5 712";"27 770";"27 561 836";"2024-09-01 05:02:34"
"2024-09-05";"Instagram";"9 448 475";"310 403";"27 563 393";"2024-09-06 01:58:28"
"2024-09-09";"YouTube";"7 377 827";"1 465 372";"27 561 729";"2024-09-09 18:39:51"
"2024-09-09";"";"584 040";"332 560";"27 561 289";"2024-09-09 19:40:46"
"2024-09-05";"Yandex";"45 340";"39 309";"27 563 271";"2024-09-05 04:49:06"
"2024-09-01";"";"125 925";"233 813";"27 561 375";"2024-09-01 05:38:57"
"2024-09-06";"";"189 614";"25 098";"27 562 490";"2024-09-06 11:32:47"
"2024-09-09";"";"35 346";"8 215";"27 562 961";"2024-09-09 04:01:15"
"2024-09-04";"VKontakte";"26 151";"12 509";"27 563 122";"2024-09-04 23:20:26"
"2024-09-08";"";"7 194";"329 967";"27 562 051";"2024-09-08 12:21:11"
"2024-09-01";"Instagram";"921 404";"159 038";"27 562 701";"2024-09-01 13:22:04"
"2024-09-09";"";"83 502";"98 325";"27 561 176";"2024-09-09 06:27:18"
"2024-09-09";"";"48 407";"4 792";"27 561 177";"2024-09-09 18:39:51"
"2024-09-03";"YouTube";"1 879 201";"278 052";"27 561 571";"2024-09-03 16:13:32"
"2024-09-08";"Instagram";"516 866";"24 754";"27 563 195";"2024-09-08 15:00:16"
"2024-09-03";"YouTube";"25 081 249";"1 384 283";"27 562 530";"2024-09-03 15:12:55"
"2024-09-07";"YouTube";"53 459";"3 302";"27 561 386";"2024-09-07 04:01:27"
"2024-09-07";"";"162 813";"88 225";"27 563 217";"2024-09-08 01:58:50"
"2024-09-06";"";"41 359";"2 407";"27 562 560";"2024-09-06 17:26:17"
"2024-09-01";"Unknown";"164 366";"56 634";"27 562 834";"2024-09-01 11:20:50"
"2024-09-02";"";"1 189 559";"30 928";"27 561 974";"2024-09-02 18:27:24"
"2024-09-04";"";"164 829 861";"1 683 899";"27 562 317";"2024-09-04 11:20:17"
"2024-09-03";"";"359 609";"266 953";"27 562 239";"2024-09-03 21:42:25"
"2024-09-04";"YouTube";"113 121";"7 726";"27 561 508";"2024-09-04 10:07:08"
"2024-09-03";"";"60 398";"12 377";"27 561 882";"2024-09-03 10:55:07"
"2024-09-04";"YouTube";"3 903 552";"695 386";"27 561 332";"2024-09-04 13:58:29"
"2024-09-02";"";"58 763";"21 253";"27 563 511";"2024-09-02 03:36:20"
"2024-09-08";"";"57 832";"30 009";"27 561 846";"2024-09-08 04:01:38"
"2024-09-09";"Yandex";"58 161";"19 177";"27 561 393";"2024-09-09 13:58:53"
"2024-09-10";"";"322 749";"11 457";"27 561 420";"2024-09-10 09:06:42"
"2024-09-07";"";"457 972";"59 763";"27 562 599";"2024-09-07 10:55:17"
"2024-09-01";"";"83 933";"10 015";"27 562 654";"2024-09-01 15:48:39"
"2024-09-06";"";"571 798";"31 421";"27 562 898";"2024-09-06 06:39:32"
"2024-09-09";"";"27 038";"2 525";"27 562 026";"2024-09-09 22:43:55"
"2024-09-03";"";"70 332";"62 183";"27 562 266";"2024-09-03 14:35:05"
"2024-09-10";"";"18 218 264";"959 190";"27 562 601";"2024-09-10 17:14:14"
"2024-09-06";"";"38 125";"3 541";"27 562 646";"2024-09-06 05:26:56"
"2024-09-06";"";"32 505";"2 714";"27 562 708";"2024-09-06 14:59:52"
"2024-09-03";"Instagram";"1 754 897";"3 846 344";"27 562 451";"2024-09-03 04:01:32"
"2024-09-07";"Instagram";"1 330 563";"431 064";"27 561 529";"2024-09-07 06:27:36"
"2024-09-09";"";"3 200 331";"144 448";"27 563 058";"2024-09-09 22:19:27"
"2024-09-09";"YouTube";"2 188 309";"748 198";"27 561 686";"2024-09-09 14:47:25"
"2024-09-04";"";"64 010";"29 921";"27 562 553";"2024-09-04 22:31:39"
"2024-09-03";"Telegram";"1 860 056";"99 862";"27 562 717";"2024-09-03 09:18:39"
"2024-09-07";"";"590 740";"60 193";"27 563 290";"2024-09-07 08:53:29"
"2024-09-09";"Telegram";"13 684 310";"902 358";"27 562 659";"2024-09-09 23:08:06"
"2024-09-07";"";"1 044 572";"49 255";"27 561 212";"2024-09-07 06:27:18"
"2024-09-08";"";"800 266";"38 766";"27 563 162";"2024-09-08 19:52:50"
"2024-09-07";"";"2 552 534";"347 367";"27 561 893";"2024-09-07 08:41:19"
"2024-09-06";"";"118 067";"23 424";"27 563 065";"2024-09-06 14:11:34"
"2024-09-08";"YouTube";"1 656 779";"198 576";"27 563 326";"2024-09-08 14:35:13"
"2024-09-02";"";"85 332";"4 690";"27 561 466";"2024-09-03 01:22:00"
"2024-09-08";"";"26 591";"2 478";"27 562 535";"2024-09-08 08:29:50"
"2024-09-10";"";"29 837";"5 375";"27 563 143";"2024-09-10 07:52:52"
"2024-09-07";"Facebook";"221 443";"23 934";"27 561 732";"2024-09-07 04:37:53"
"2024-09-04";"";"199 277";"43 564";"27 563 210";"2024-09-04 12:21:28"
"2024-09-10";"";"56 691";"2 643";"27 562 149";"2024-09-10 09:54:53"
"2024-09-04";"";"175 145";"31 643";"27 562 642";"2024-09-04 07:28:27"
"2024-09-09";"Unknown";"2 488 929";"329 930";"27 562 597";"2024-09-09 14:59:48"
"2024-09-07";"";"79 849";"8 059";"27 563 165";"2024-09-07 23:08:39"
"2024-09-04";"";"453 484";"19 049";"27 562 447";"2024-09-05 00:33:45"
"2024-09-02";"Telegram";"74 696 005";"5 624 789";"27 561 929";"2024-09-02 21:54:47"
"2024-09-07";"";"2 066 718";"97 557";"27 561 676";"2024-09-07 06:15:42"
"2024-09-03";"";"31 655";"2 727";"27 563 105";"2024-09-03 17:02:43"
"2024-09-05";"";"32 854";"2 769";"27 562 455";"2024-09-05 10:43:56"
"2024-09-01";"";"18 731 837";"570 823";"27 562 240";"2024-09-01 15:00:06"
"2024-09-05";"";"45 023";"5 832";"27 561 940";"2024-09-06 02:35:28"
"2024-09-07";"";"103 528";"6 777";"27 562 934";"2024-09-07 04:25:23"
"2024-09-05";"Instagram";"2 060 584";"526 416";"27 563 198";"2024-09-05 19:40:10"
"2024-09-03";"YouTube";"590 288";"63 000";"27 562 897";"2024-09-03 11:08:52"
"2024-09-02";"";"34 252";"3 556";"27 562 898";"2024-09-02 11:08:18"
"2024-09-06";"";"149 914";"133 426";"27 562 490";"2024-09-06 23:20:13"
"2024-09-05";"";"14 528";"123 021";"27 562 812";"2024-09-05 08:29:55"
"2024-09-06";"Telegram";"208 044 553";"9 763 709";"27 561 970";"2024-09-06 09:42:22"
"2024-09-07";"PUBG";"29 699";"13 526";"27 563 402";"2024-09-07 04:25:12"
"2024-09-09";"";"253 606";"102 449";"27 562 988";"2024-09-09 18:15:20"
"2024-09-02";"Telegram";"42 283 948";"2 318 764";"27 563 297";"2024-09-02 11:32:47"
"2024-09-10";"Yandex";"75 304";"75 779";"27 561 761";"2024-09-10 06:03:10"
"2024-09-09";"";"3 755 438";"227 874";"27 561 676";"2024-09-09 11:32:53"
"2024-09-08";"Telegram";"65 696 987";"17 049 544";"27 561 533";"2024-09-08 06:51:05"
"2024-09-04";"";"54 351";"6 594";"27 563 093";"2024-09-04 12:45:09"
"2024-09-04";"";"35 058";"3 608";"27 563 390";"2024-09-04 05:26:26"
"2024-09-02";"";"4 489";"64 012";"27 561 890";"2024-09-02 08:41:25"
"2024-09-05";"";"39 025";"3 130";"27 562 316";"2024-09-05 14:35:01"
"2024-09-06";"Yandex";"820 862";"366 896";"27 562 676";"2024-09-07 01:58:57"
"2024-09-01";"";"832 306";"98 786";"27 561 286";"2024-09-01 15:12:10"
"2024-09-02";"Apple Music";"110 843";"55 972";"27 561 504";"2024-09-02 18:15:48"
"2024-09-02";"";"38 710";"2 671";"27 561 232";"2024-09-02 08:41:53"
"2024-09-04";"Instagram";"6 442 536";"145 085";"27 561 217";"2024-09-04 08:41:56"
"2024-09-05";"YouTube";"39 638 901";"3 743 514";"27 562 685";"2024-09-05 18:15:24"
"2024-09-09";"";"50 434";"3 311";"27 562 654";"2024-09-09 12:45:57"
"2024-09-03";"";"35 410";"1 702";"27 563 387";"2024-09-03 11:32:11"
"2024-09-06";"YouTube";"86 661 788";"7 226 728";"27 562 497";"2024-09-06 15:36:05"
"2024-09-05";"";"1 174 460";"76 416";"27 562 372";"2024-09-05 23:56:28"
"2024-09-02";"";"24 329";"41 766";"27 561 359";"2024-09-03 02:35:00"
"2024-09-01";"";"89 605";"6 941";"27 562 417";"2024-09-01 21:06:05"
"2024-09-09";"";"15 048";"42 544";"27 561 185";"2024-09-09 19:52:35"
"2024-09-01";"";"52 346";"142 588";"27 562 715";"2024-09-01 09:54:29"
"2024-09-08";"Instagram";"7 930 189";"1 610 855";"27 562 868";"2024-09-08 15:24:10"
"2024-09-05";"YouTube";"57 727";"577 637";"27 563 205";"2024-09-05 15:24:53"
"2024-09-07";"";"34 438";"23 878";"27 563 107";"2024-09-07 23:56:43"
"2024-09-02";"";"8 950 657";"191 975";"27 562 330";"2024-09-02 03:12:46"
"2024-09-07";"";"377 641";"49 488";"27 561 767";"2024-09-07 04:49:11"
"2024-09-10";"";"28 798";"2 558";"27 562 716";"2024-09-10 15:36:13"
"2024-09-02";"";"234 026";"824 289";"27 562 644";"2024-09-02 14:35:23"
"2024-09-02";"";"77 588";"75 216";"27 562 474";"2024-09-02 23:44:28"
"2024-09-03";"";"26 656";"2 264";"27 562 812";"2024-09-03 03:00:49"
"2024-09-02";"Facebook";"229 797";"96 674";"27 563 402";"2024-09-03 02:11:24"
"2024-09-09";"";"99 641";"11 658";"27 561 386";"2024-09-09 14:59:32"
"2024-09-02";"";"487 811";"42 449";"27 562 069";"2024-09-02 07:40:22"
"2024-09-08";"Instagram";"948 943";"726 228";"27 563 093";"2024-09-08 22:31:11"
"2024-09-05";"";"1 396 965";"568 681";"27 563 177";"2024-09-06 01:46:36"
"2024-09-04";"";"892 313";"2 011 502";"27 562 821";"2024-09-04 10:55:58"
"2024-09-08";"Telegram";"45 951 098";"10 797 056";"27 563 035";"2024-09-08 13:34:01"
"2024-09-07";"";"7 848 756";"216 978";"27 561 787";"2024-09-07 09:54:17"
"2024-09-05";"YouTube";"570 392";"160 014";"27 562 633";"2024-09-05 17:26:44"
"2024-09-08";"Instagram";"611 934";"81 212";"27 562 969";"2024-09-08 05:26:31"
"2024-09-07";"YouTube";"73 958 519";"5 008 717";"27 561 759";"2024-09-07 15:36:12"
"2024-09-05";"Yandex";"60 618";"5 738";"27 562 252";"2024-09-05 23:56:03"
"2024-09-07";"";"165 001";"16 852";"27 561 943";"2024-09-07 08:53:18"
"2024-09-06";"";"863 393";"69 264";"27 561 796";"2024-09-06 20:17:26"
"2024-09-02";"";"53 549";"42 050";"27 562 222";"2024-09-02 10:19:55"
"2024-09-01";"";"92 620";"83 944";"27 562 771";"2024-09-01 23:44:25"
"2024-09-10";"";"155 304";"24 612";"27 561 206";"2024-09-10 15:36:59"
"2024-09-02";"";"45 353";"7 036";"27 563 359";"2024-09-03 00:09:43"
"2024-09-02";"";"269 617";"62 554";"27 562 965";"2024-09-02 14:11:21"
"2024-09-06";"";"18 343 801";"878 393";"27 562 645";"2024-09-06 21:54:41"
"2024-09-04";"";"220 586";"13 644";"27 563 494";"2024-09-04 17:50:02"
"2024-09-10";"";"57 659";"7 062";"27 562 357";"2024-09-10 20:41:47"
"2024-09-02";"";"80 517";"14 024";"27 563 041";"2024-09-02 08:41:45"
"2024-09-06";"";"174 608";"59 164";"27 562 936";"2024-09-06 15:12:57"
"2024-09-09";"";"7 224";"27 886";"27 561 517";"2024-09-10 01:10:51"
"2024-09-10";"";"2 764 256";"87 852";"27 561 712";"2024-09-10 23:08:21"
"2024-09-07";"Instagram";"105 954";"4 947";"27 561 789";"2024-09-08 00:21:29"
"2024-09-06";"Tas-ix";"3 420 981";"145 905";"27 562 059";"2024-09-06 09:06:28"
"2024-09-04";"YouTube";"26 642";"10 715";"27 562 854";"2024-09-04 16:37:13"
"2024-09-09";"";"740 295";"426 475";"27 563 036";"2024-09-09 13:10:27"
"2024-09-04";"PUBG";"53 335";"3 250";"27 563 048";"2024-09-04 20:05:25"
"2024-09-10";"";"2 303 853";"34 312";"27 562 721";"2024-09-10 16:25:41"
"2024-09-02";"YouTube";"937 115";"60 325";"27 561 971";"2024-09-02 03:00:14"
"2024-09-03";"";"15 295";"29 443";"27 562 485";"2024-09-03 05:38:27"
"2024-09-01";"";"40 212";"91 610";"27 561 266";"2024-09-01 17:02:58"
"2024-09-03";"";"130 375";"21 994";"27 562 698";"2024-09-03 20:29:23"
"2024-09-02";"";"105 838";"301 504";"27 562 015";"2024-09-02 17:02:53"
"2024-09-08";"";"1 552 675";"127 689";"27 562 552";"2024-09-08 07:04:03"
"2024-09-01";"Telegram";"239 638";"17 067";"27 562 911";"2024-09-01 04:25:47"
"2024-09-04";"Facebook";"799 248";"198 801";"27 563 016";"2024-09-04 12:09:20"
"2024-09-09";"";"161 646";"8 544";"27 562 527";"2024-09-09 09:30:21"
"2024-09-10";"Instagram";"1 352 613";"336 526";"27 561 940";"2024-09-10 22:19:31"
"2024-09-04";"";"41 524";"41 858";"27 561 818";"2024-09-04 09:42:53"
"2024-09-03";"";"32 075";"8 826";"27 561 688";"2024-09-03 08:41:49"
"2024-09-04";"";"6 292";"40 065";"27 561 682";"2024-09-04 16:37:43"
"2024-09-02";"";"4 518 243";"233 617";"27 562 699";"2024-09-02 07:40:58"
"2024-09-08";"";"742 597";"344 276";"27 563 414";"2024-09-08 12:33:08"
"2024-09-03";"Telegram";"1 184 645";"160 757";"27 562 681";"2024-09-03 13:22:14"
"2024-09-08";"";"40 546";"28 694";"27 561 763";"2024-09-08 03:00:32"
"2024-09-09";"";"140 275";"118 543";"27 561 555";"2024-09-09 05:38:08"
"2024-09-10";"Telegram";"4 307 460";"1 744 375";"27 562 122";"2024-09-10 22:55:38"
"2024-09-04";"Telegram";"20 686 217";"1 708 972";"27 561 575";"2024-09-05 00:09:31"
"2024-09-10";"YouTube";"25 383 714";"1 554 739";"27 562 673";"2024-09-10 16:13:44"
"2024-09-01";"";"6 355";"62 418";"27 563 219";"2024-09-01 16:13:27"
"2024-09-07";"";"25 957";"37 566";"27 562 698";"2024-09-07 22:43:35"
"2024-09-02";"";"1 344 517";"151 587";"27 563 501";"2024-09-02 19:04:21"
"2024-09-04";"";"26 936";"7 267";"27 561 714";"2024-09-04 06:03:42"
"2024-09-05";"";"115 299";"14 302";"27 562 004";"2024-09-05 04:01:36"
"2024-09-01";"";"576 069";"38 145";"27 563 313";"2024-09-01 09:54:22"
"2024-09-10";"Yandex";"213 665";"180 790";"27 561 254";"2024-09-10 18:15:44"
"2024-09-07";"YouTube";"3 198 656";"200 469";"27 563 058";"2024-09-07 08:05:31"
"2024-09-07";"Apple Music";"106 473";"4 174";"27 563 198";"2024-09-07 10:07:26"
"2024-09-09";"Yandex Music";"2 421 202";"600 484";"27 563 518";"2024-09-09 17:26:36"
"2024-09-01";"WhatsApp";"3 977 040";"202 371";"27 562 338";"2024-09-01 06:51:34"
"2024-09-10";"";"4 312 405";"531 330";"27 563 042";"2024-09-10 10:55:17"
"2024-09-01";"";"8 340 290";"646 653";"27 562 858";"2024-09-02 02:23:49"
"2024-09-04";"Unknown";"46 881";"2 307";"27 562 656";"2024-09-04 15:48:11"
"2024-09-05";"";"16 235 580";"863 388";"27 562 142";"2024-09-05 03:48:49"
"2024-09-09";"";"746 888";"190 985";"27 562 437";"2024-09-09 04:13:18"
"2024-09-06";"";"15 547";"43 215";"27 563 357";"2024-09-06 13:22:47"
"2024-09-07";"YouTube";"449 641";"109 243";"27 563 432";"2024-09-07 23:44:08"
"2024-09-06";"";"26 459";"5 623";"27 562 689";"2024-09-06 21:42:20"
"2024-09-05";"";"170 760";"9 913";"27 562 571";"2024-09-05 04:13:06"
"2024-09-05";"Instagram";"24 948 805";"3 039 626";"27 561 884";"2024-09-05 18:51:44"
"2024-09-03";"YouTube";"156 050 747";"10 628 422";"27 561 337";"2024-09-03 12:09:51"
"2024-09-02";"";"48 196 135";"5 796 905";"27 562 311";"2024-09-02 03:00:50"
"2024-09-09";"";"526 285";"33 089";"27 561 384";"2024-09-09 09:54:13"
"2024-09-08";"";"32 195";"21 566";"27 561 841";"2024-09-08 04:01:57"
"2024-09-08";"VKontakte";"66 781";"52 002";"27 563 022";"2024-09-08 10:43:47"
"2024-09-03";"";"287 166";"36 551";"27 561 583";"2024-09-03 08:17:57"
"2024-09-01";"";"10 556";"56 997";"27 562 912";"2024-09-01 20:53:15"
"2024-09-05";"";"449 513";"22 322";"27 562 866";"2024-09-05 22:55:38"
"2024-09-02";"";"49 200";"68 114";"27 562 900";"2024-09-02 05:14:33"
"2024-09-01";"";"146 536";"50 100";"27 562 986";"2024-09-01 07:16:46"
"2024-09-03";"";"488 846";"157 544";"27 561 674";"2024-09-04 01:10:43"
"2024-09-04";"";"150 812";"156 234";"27 562 331";"2024-09-04 17:26:10"
"2024-09-09";"Instagram";"22 714 263";"714 366";"27 563 113";"2024-09-10 00:09:46"
"2024-09-06";"";"390 948";"22 654";"27 563 048";"2024-09-06 13:22:56"
"2024-09-06";"";"233 667";"16 541";"27 562 391";"2024-09-06 11:08:42"
"2024-09-09";"";"26 764";"11 641";"27 563 177";"2024-09-09 08:05:24"
"2024-09-08";"";"1 064 832";"59 910";"27 563 402";"2024-09-08 09:42:27"
"2024-09-10";"";"78 731";"183 290";"27 563 488";"2024-09-10 16:01:40"
"2024-09-08";"Instagram";"32 018 700";"1 025 857";"27 562 458";"2024-09-08 16:37:25"
"2024-09-04";"";"71 897";"226 843";"27 561 974";"2024-09-04 15:00:47"
"2024-09-10";"";"231 783";"13 791";"27 561 373";"2024-09-10 09:54:55"
"2024-09-03";"Telegram";"4 169 307";"257 333";"27 563 416";"2024-09-03 11:20:46"
"2024-09-10";"";"56 977";"5 202";"27 561 224";"2024-09-10 22:19:21"
"2024-09-03";"";"2 817 040";"156 708";"27 562 895";"2024-09-03 07:28:37"
"2024-09-05";"";"428 098";"18 652";"27 562 317";"2024-09-05 17:50:27"
"2024-09-05";"";"40 350";"173 087";"27 561 506";"2024-09-05 08:17:34"
"2024-09-07";"";"61 210";"9 351";"27 562 949";"2024-09-07 04:01:45"
"2024-09-07";"";"76 102";"8 607";"27 562 936";"2024-09-07 16:49:07"
"2024-09-01";"";"89 275";"22 374";"27 561 432";"2024-09-01 04:49:36"
"2024-09-02";"Instagram";"5 699 406";"274 640";"27 561 815";"2024-09-02 17:26:40"
"2024-09-05";"";"30 406";"3 437";"27 561 368";"2024-09-05 06:03:38"
"2024-09-02";"Instagram";"10 495";"67 831";"27 561 947";"2024-09-02 17:26:03"
"2024-09-01";"";"81 391";"10 252";"27 561 373";"2024-09-01 14:23:16"
"2024-09-06";"";"31 150";"4 397";"27 562 146";"2024-09-06 06:27:55"
"2024-09-08";"YouTube";"164 999";"261 620";"27 563 203";"2024-09-08 22:19:06"
"2024-09-04";"Facebook";"151 880";"13 014";"27 561 552";"2024-09-04 17:14:28"
"2024-09-09";"";"32 852";"3 009";"27 561 375";"2024-09-09 08:41:58"
"2024-09-03";"";"866 165";"71 265";"27 562 293";"2024-09-03 17:50:14"
"2024-09-03";"WhatsApp";"15 642 703";"833 078";"27 563 075";"2024-09-04 00:21:57"
"2024-09-09";"Instagram";"27 481 178";"34 378 967";"27 562 458";"2024-09-09 04:25:01"
"2024-09-04";"";"158 156";"28 018";"27 561 271";"2024-09-04 09:54:01"
"2024-09-07";"";"36 404";"2 364";"27 562 222";"2024-09-07 11:08:27"
"2024-09-10";"Instagram";"1 452 255";"241 382";"27 562 542";"2024-09-10 08:17:16"
"2024-09-05";"";"6 018 401";"481 527";"27 562 550";"2024-09-05 11:08:19"
"2024-09-07";"";"355 361";"157 848";"27 562 304";"2024-09-07 20:29:32"
"2024-09-05";"";"46 040";"9 004";"27 563 452";"2024-09-05 15:24:10"
"2024-09-06";"";"41 169";"16 561";"27 563 112";"2024-09-06 13:10:37"
"2024-09-05";"";"1 512 592";"34 636";"27 562 382";"2024-09-05 23:08:52"
"2024-09-03";"";"751 948";"46 631";"27 561 232";"2024-09-03 06:39:05"
"2024-09-05";"";"55 956 122";"27 230 624";"27 563 244";"2024-09-05 13:46:27"
"2024-09-03";"";"46 982";"27 244";"27 563 107";"2024-09-03 21:06:22"
"2024-09-07";"";"27 127";"3 974";"27 563 468";"2024-09-08 00:21:11"
"2024-09-07";"";"219 592";"176 564";"27 562 326";"2024-09-07 15:36:01"
"2024-09-01";"";"121 610";"85 968";"27 562 845";"2024-09-01 05:38:35"
"2024-09-01";"YouTube";"1 021 998";"67 998";"27 563 140";"2024-09-01 15:36:39"
"2024-09-08";"";"29 914";"5 382";"27 563 047";"2024-09-08 19:16:52"
"2024-09-04";"Instagram";"7 861 764";"380 661";"27 561 251";"2024-09-04 12:45:44"
"2024-09-09";"";"64 630";"3 929";"27 562 620";"2024-09-09 18:39:25"
"2024-09-04";"";"70 081 695";"4 145 440";"27 562 252";"2024-09-04 10:55:11"
"2024-09-05";"";"34 738";"5 464";"27 562 771";"2024-09-05 05:02:42"
"2024-09-01";"";"94 644";"13 572";"27 561 762";"2024-09-01 03:36:02"
"2024-09-10";"";"69 596";"9 722";"27 562 754";"2024-09-11 01:58:13"
"2024-09-03";"";"1 049 549";"40 188";"27 562 363";"2024-09-03 20:17:37"
"2024-09-04";"";"78 318";"73 470";"27 562 063";"2024-09-04 15:48:17"
"2024-09-04";"";"227 981";"11 417";"27 561 355";"2024-09-05 01:58:53"
"2024-09-09";"";"64 154";"2 903";"27 562 566";"2024-09-09 04:37:10"
"2024-09-09";"Telegram";"33 886 581";"3 333 889";"27 561 831";"2024-09-10 01:10:24"
"2024-09-09";"";"2 311 369";"473 614";"27 561 730";"2024-09-10 02:23:09"
"2024-09-09";"";"306 618";"18 306";"27 563 128";"2024-09-09 15:24:09"
"2024-09-03";"";"43 112";"37 361";"27 562 254";"2024-09-03 04:13:24"
"2024-09-04";"";"89 843";"147 269";"27 561 760";"2024-09-04 19:52:31"
"2024-09-06";"";"98 693 606";"157 566 032";"27 561 396";"2024-09-07 01:58:56"
"2024-09-09";"";"55 956";"2 876";"27 561 384";"2024-09-09 11:32:48"
"2024-09-04";"Instagram";"198 073";"13 828";"27 562 168";"2024-09-04 08:41:19"
"2024-09-05";"";"5 665 149";"434 987";"27 562 639";"2024-09-05 11:56:41"
"2024-09-08";"Facebook";"25 142";"27 883";"27 562 896";"2024-09-08 12:45:50"
"2024-09-02";"Facebook";"44 849";"12 794";"27 561 302";"2024-09-02 22:43:36"
"2024-09-04";"";"26 503";"6 618";"27 562 133";"2024-09-04 04:01:31"
"2024-09-09";"";"71 978";"4 908";"27 562 436";"2024-09-09 17:26:48"
"2024-09-09";"Yandex";"65 299";"3 354";"27 561 820";"2024-09-09 16:13:26"
"2024-09-09";"";"473 381";"56 569";"27 562 124";"2024-09-09 09:30:19"
"2024-09-10";"YouTube";"402 647";"54 843";"27 562 352";"2024-09-10 05:50:14"
"2024-09-06";"";"44 703";"16 217";"27 563 512";"2024-09-06 11:20:09"
"2024-09-08";"";"28 569";"69 144";"27 561 354";"2024-09-08 12:33:17"
"2024-09-10";"";"1 511 704";"196 199";"27 561 850";"2024-09-10 18:03:39"
"2024-09-02";"";"373 752";"16 601";"27 563 514";"2024-09-02 20:53:03"
"2024-09-10";"";"488 113";"29 462";"27 563 267";"2024-09-10 18:15:15"
"2024-09-08";"";"5 020";"72 740";"27 561 857";"2024-09-08 03:00:57"
"2024-09-08";"YouTube";"422 969";"543 733";"27 562 541";"2024-09-08 09:42:07"
"2024-09-08";"";"87 266 920";"1 303 663";"27 562 680";"2024-09-09 02:23:45"
"2024-09-08";"";"70 092 480";"27 729 474";"27 562 799";"2024-09-08 21:54:39"
"2024-09-10";"Instagram";"6 944 775";"198 595";"27 561 997";"2024-09-10 13:10:33"
"2024-09-01";"YouTube";"1 415 784";"103 520";"27 563 469";"2024-09-01 11:44:13"
"2024-09-05";"";"1 738 400";"350 496";"27 562 575";"2024-09-05 11:56:08"
"2024-09-06";"Apple Music";"67 707";"17 272";"27 563 041";"2024-09-06 22:19:09"
"2024-09-06";"";"3 779 460";"223 389";"27 562 639";"2024-09-06 12:09:08"
"2024-09-02";"";"42 826 818";"3 373 448";"27 563 110";"2024-09-02 05:26:02"
"2024-09-10";"";"31 963";"22 082";"27 562 527";"2024-09-11 00:45:00"
"2024-09-05";"";"289 724";"11 870";"27 563 514";"2024-09-05 13:34:15"
"2024-09-08";"";"1 251 656";"85 822";"27 562 069";"2024-09-08 09:18:54"
"2024-09-08";"Odnoklassniki";"416 288";"141 534";"27 563 136";"2024-09-08 17:02:58"
"2024-09-05";"";"2 601 157";"84 305";"27 562 981";"2024-09-05 09:42:34"
"2024-09-09";"";"81 093";"8 238";"27 563 514";"2024-09-09 06:51:53"
"2024-09-07";"";"26 643";"14 309";"27 562 572";"2024-09-07 11:32:49"
"2024-09-09";"";"506 042";"841 789";"27 561 259";"2024-09-09 18:51:38"
"2024-09-07";"";"151 870";"19 273";"27 562 951";"2024-09-08 02:23:31"
"2024-09-03";"Facebook";"639 321";"34 709";"27 561 294";"2024-09-03 17:50:20"
"2024-09-04";"";"113 048";"32 583";"27 561 422";"2024-09-05 02:11:16"
"2024-09-10";"";"38 789 512";"1 984 655";"27 562 693";"2024-09-10 18:27:41"
"2024-09-03";"";"4 964 905";"169 935";"27 562 564";"2024-09-03 19:40:48"
"2024-09-04";"Likee";"219 290";"15 570";"27 563 325";"2024-09-04 23:20:08"
"2024-09-05";"";"390 349";"63 365";"27 561 270";"2024-09-05 21:54:37"
"2024-09-01";"";"16 173";"88 261";"27 563 489";"2024-09-01 13:34:24"
"2024-09-02";"";"156 877";"30 977";"27 562 660";"2024-09-02 09:54:18"
"2024-09-07";"Telegram";"95 672 165";"5 961 140";"27 562 420";"2024-09-07 04:25:53"
"2024-09-08";"";"45 214";"6 810";"27 562 649";"2024-09-08 19:04:40"
"2024-09-08";"Instagram";"3 902 428";"102 291";"27 561 173";"2024-09-08 10:19:27"
"2024-09-03";"";"66 091";"3 832";"27 563 269";"2024-09-03 14:23:39"
"2024-09-08";"";"301 794";"97 338";"27 562 022";"2024-09-08 15:12:31"
"2024-09-09";"";"93 911";"39 823";"27 563 105";"2024-09-09 09:54:17"
"2024-09-08";"";"11 978";"27 612";"27 561 479";"2024-09-08 17:50:35"
"2024-09-01";"";"189 691";"3 122 720";"27 562 064";"2024-09-01 06:51:04"
"2024-09-10";"";"134 342";"17 838";"27 562 473";"2024-09-10 23:20:21"
"2024-09-06";"";"490 230";"27 288";"27 561 687";"2024-09-06 09:18:15"
"2024-09-08";"";"153 101";"37 125";"27 562 587";"2024-09-08 05:26:42"
"2024-09-09";"Instagram";"121 450 533";"2 961 959";"27 562 458";"2024-09-09 23:32:24"
"2024-09-04";"Telegram";"57 660 707";"54 705 327";"27 562 708";"2024-09-04 05:14:40"
"2024-09-08";"";"30 951";"6 996";"27 562 453";"2024-09-08 06:27:19"
"2024-09-07";"";"460 514";"18 205";"27 561 398";"2024-09-07 18:39:47"
"2024-09-04";"";"116 077";"6 814";"27 562 866";"2024-09-04 14:11:28"
"2024-09-02";"Odnoklassniki";"46 972";"4 669";"27 563 489";"2024-09-02 20:41:36"
"2024-09-06";"IMO";"258";"81 360";"27 562 692";"2024-09-06 21:18:36"
"2024-09-03";"Telegram";"1 715 945";"266 746";"27 562 646";"2024-09-03 06:51:26"
"2024-09-05";"";"85 258";"9 244";"27 561 745";"2024-09-05 17:02:45"
"2024-09-02";"Facebook";"130 311";"10 088";"27 562 484";"2024-09-03 02:59:23"
"2024-09-08";"Facebook";"57 523";"31 217";"27 563 326";"2024-09-08 15:00:47"
"2024-09-07";"YouTube";"1 283 501";"69 798";"27 562 255";"2024-09-07 14:59:32"
"2024-09-06";"";"46 356";"6 224";"27 561 659";"2024-09-06 23:20:45"
"2024-09-06";"";"33 388 751";"4 066 612";"27 562 355";"2024-09-06 06:03:33"
"2024-09-07";"";"59 999";"8 376";"27 562 063";"2024-09-08 02:35:23"
"2024-09-10";"";"303 816";"19 802";"27 561 362";"2024-09-10 05:38:56"
"2024-09-09";"";"100 969";"332 088";"27 563 145";"2024-09-09 04:37:10"
"2024-09-02";"IMO";"344 908";"19 405";"27 562 545";"2024-09-02 20:53:43"
"2024-09-08";"";"81 565";"4 812";"27 563 187";"2024-09-08 04:37:23"
"2024-09-02";"";"161 874";"6 135";"27 562 316";"2024-09-02 12:09:00"
"2024-09-04";"";"35 783";"4 678";"27 562 688";"2024-09-05 00:21:44"
"2024-09-04";"WhatsApp";"4 582 637";"622 076";"27 563 310";"2024-09-04 04:13:27"
"2024-09-07";"";"75 484";"5 994";"27 562 692";"2024-09-08 01:58:34"
"2024-09-04";"";"67 864";"22 209";"27 562 211";"2024-09-04 04:13:00"
"2024-09-06";"Yandex";"524 927";"26 354";"27 562 843";"2024-09-06 04:01:52"
"2024-09-05";"";"59 477";"5 650";"27 562 821";"2024-09-05 18:27:51"
"2024-09-08";"";"62 565";"7 221";"27 563 452";"2024-09-08 21:06:37"
"2024-09-04";"";"152 150";"4 410";"27 562 721";"2024-09-04 11:20:05"
"2024-09-09";"Unknown";"8 787";"50 746";"27 562 677";"2024-09-09 16:13:55"
"2024-09-07";"";"237 484";"253 479";"27 561 597";"2024-09-07 22:43:49"
"2024-09-02";"";"124 073";"57 505";"27 561 514";"2024-09-02 21:18:15"
"2024-09-08";"";"141 164";"28 362";"27 562 936";"2024-09-08 17:26:15"
"2024-09-07";"PUBG";"620 961";"37 892";"27 562 100";"2024-09-07 08:53:48"
"2024-09-04";"";"33 496";"3 007";"27 562 524";"2024-09-05 02:23:05"
"2024-09-04";"Apple Music";"189 158";"60 430";"27 562 847";"2024-09-04 15:48:35"
"2024-09-10";"Instagram";"11 362 652";"337 697";"27 562 202";"2024-09-10 16:49:03"
"2024-09-01";"YouTube";"2 000 704";"443 163";"27 562 684";"2024-09-01 22:07:18"
"2024-09-04";"Apple Music";"32 970 986";"1 372 852";"27 562 364";"2024-09-04 09:18:58"
"2024-09-04";"YouTube";"1 870 375";"434 696";"27 561 293";"2024-09-04 18:51:10"
"2024-09-07";"";"42 822";"3 256";"27 563 059";"2024-09-08 01:58:40"
"2024-09-07";"YouTube";"79 776 449";"5 328 781";"27 562 174";"2024-09-07 09:30:12"
"2024-09-09";"";"6 702";"26 904";"27 561 851";"2024-09-09 09:06:36"
"2024-09-03";"Telegram";"90 528 897";"5 087 812";"27 562 291";"2024-09-03 16:49:07"
"2024-09-09";"";"29 804";"3 369";"27 561 277";"2024-09-09 08:53:31"
"2024-09-09";"";"240 901";"186 083";"27 563 216";"2024-09-09 03:24:09"
"2024-09-09";"YouTube";"351 559";"41 525";"27 563 403";"2024-09-09 15:24:30"
"2024-09-06";"Instagram";"251 628 103";"7 814 997";"27 561 920";"2024-09-06 07:40:31"
"2024-09-02";"";"123 202";"573 964";"27 562 150";"2024-09-02 17:26:11"
"2024-09-06";"";"120 565";"6 199";"27 561 562";"2024-09-06 23:44:07"
"2024-09-05";"";"953 062";"65 397";"27 562 117";"2024-09-05 22:19:44"
"2024-09-09";"";"1 034 296";"616 256";"27 562 034";"2024-09-09 03:12:05"
"2024-09-01";"";"10 103 124";"391 199";"27 562 608";"2024-09-01 14:23:03"
"2024-09-08";"Apple Music";"156 450";"40 246";"27 562 810";"2024-09-08 19:16:46"
"2024-09-10";"";"376 605";"40 708";"27 562 733";"2024-09-10 04:13:33"
"2024-09-06";"";"236 073";"5 723";"27 561 172";"2024-09-06 23:56:17"
"2024-09-01";"";"112 566";"16 247";"27 562 479";"2024-09-01 08:53:28"
"2024-09-07";"YouTube";"148 802 571";"10 462 878";"27 562 199";"2024-09-07 12:09:14"
"2024-09-10";"YouTube";"3 934 760";"254 862";"27 561 393";"2024-09-10 17:02:16"
"2024-09-06";"";"76 034";"7 574";"27 562 749";"2024-09-06 19:28:56"
"2024-09-08";"YouTube";"7 901 032";"441 730";"27 563 141";"2024-09-08 05:02:27"
"2024-09-05";"";"405 637";"66 662";"27 561 403";"2024-09-05 06:39:42"
"2024-09-08";"Instagram";"123 763";"10 720";"27 561 506";"2024-09-08 14:23:24"
"2024-09-10";"";"19 652 860";"721 845";"27 561 204";"2024-09-10 04:25:47"
"2024-09-04";"Telegram";"317 748 889";"9 363 357";"27 562 695";"2024-09-05 01:46:42"
"2024-09-04";"";"157 335";"20 908";"27 561 788";"2024-09-04 22:43:42"
"2024-09-09";"";"34 871";"3 674";"27 562 560";"2024-09-09 04:25:25"
"2024-09-05";"";"288 184";"133 445";"27 562 413";"2024-09-06 00:09:16"
"2024-09-04";"";"26 166";"1 542";"27 562 622";"2024-09-04 15:48:37"
"2024-09-02";"";"694 257";"170 569";"27 561 737";"2024-09-02 13:46:08"
"2024-09-03";"Telegram";"23 760 220";"1 476 265";"27 563 031";"2024-09-03 08:05:04"
"2024-09-10";"";"26 033";"16 707";"27 561 536";"2024-09-10 23:20:07"
"2024-09-04";"";"964 003";"39 899";"27 562 156";"2024-09-04 09:42:19"
"2024-09-05";"";"45 823";"27 067";"27 563 446";"2024-09-05 05:50:08"
"2024-09-02";"WhatsApp";"690 742";"117 614";"27 562 050";"2024-09-02 15:36:43"
"2024-09-03";"YouTube";"50 342";"8 624";"27 562 912";"2024-09-04 01:46:49"
"2024-09-03";"";"883 443";"88 224";"27 563 304";"2024-09-03 06:27:56"
"2024-09-08";"YouTube";"39 710";"13 316";"27 562 511";"2024-09-08 13:46:50"
"2024-09-10";"Telegram";"3 147 858";"160 758";"27 561 204";"2024-09-10 03:36:26"
"2024-09-02";"";"494 517";"27 006";"27 563 379";"2024-09-02 06:03:55"
"2024-09-08";"Telegram";"13 521 480";"858 422";"27 561 227";"2024-09-08 17:02:39"
"2024-09-02";"";"203 328";"26 327";"27 561 796";"2024-09-03 02:35:16"
"2024-09-02";"Telegram";"4 467 937";"241 959";"27 562 890";"2024-09-02 19:16:58"
"2024-09-03";"YouTube";"4 073 577";"2 328 002";"27 562 957";"2024-09-03 14:59:55"
"2024-09-10";"";"38 709";"230 847";"27 561 666";"2024-09-10 15:36:55"
"2024-09-06";"";"238 332";"183 393";"27 561 796";"2024-09-07 00:45:17"
"2024-09-03";"Instagram";"1 219 655";"905 592";"27 561 481";"2024-09-04 02:47:12"
"2024-09-06";"YouTube";"550 352";"150 852";"27 561 181";"2024-09-06 23:44:52"
"2024-09-07";"";"78 924";"12 727";"27 561 276";"2024-09-07 22:31:16"
"2024-09-04";"Facebook";"3 202 166";"116 059";"27 563 177";"2024-09-04 12:45:02"
"2024-09-03";"";"1 602 656";"41 334";"27 562 365";"2024-09-03 17:50:59"
"2024-09-10";"Instagram";"7 786 178";"15 771 651";"27 563 333";"2024-09-10 08:29:18"
"2024-09-10";"Facebook";"31 649";"2 450";"27 563 065";"2024-09-10 22:19:40"
"2024-09-07";"";"77 791";"25 681";"27 562 266";"2024-09-07 11:32:14"
"2024-09-02";"";"618 221";"969 404";"27 562 265";"2024-09-02 04:25:36"
"2024-09-01";"Instagram";"3 578 826";"101 545";"27 562 613";"2024-09-01 22:31:23"
"2024-09-07";"";"54 967";"7 127";"27 562 438";"2024-09-07 09:54:20"
"2024-09-10";"Facebook";"307 616";"158 496";"27 563 210";"2024-09-10 11:32:41"
"2024-09-04";"";"604 389";"97 397";"27 563 048";"2024-09-04 05:26:57"
"2024-09-10";"";"36 356";"3 311";"27 562 087";"2024-09-10 22:07:36"
"2024-09-04";"Yandex";"641 441";"29 848";"27 562 290";"2024-09-04 12:09:52"
"2024-09-06";"PUBG";"3 705 291";"135 184";"27 562 076";"2024-09-06 22:55:04"
"2024-09-01";"YouTube";"5 895 827";"334 224";"27 563 020";"2024-09-01 14:11:20"
"2024-09-03";"Instagram";"1 048 908";"554 752";"27 561 669";"2024-09-03 07:40:16"
"2024-09-10";"Facebook";"1 245 201";"32 506";"27 561 555";"2024-09-10 22:07:57"
"2024-09-08";"";"44 844";"3 280";"27 563 096";"2024-09-08 07:04:01"
"2024-09-03";"Facebook";"34 373";"4 948";"27 562 699";"2024-09-03 12:21:33"
"2024-09-05";"Instagram";"983 743";"52 204";"27 561 907";"2024-09-05 14:47:39"
"2024-09-03";"";"31 625";"3 069";"27 563 384";"2024-09-03 17:14:46"
"2024-09-02";"";"594 233";"117 354";"27 561 429";"2024-09-02 14:47:35"
"2024-09-08";"YouTube";"24 049 386";"1 342 396";"27 561 217";"2024-09-09 01:22:57"
"2024-09-07";"Facebook";"1 286 154";"993 047";"27 562 759";"2024-09-07 20:41:52"
"2024-09-01";"";"165 019";"12 020";"27 562 720";"2024-09-01 18:39:30"
"2024-09-01";"Facebook";"131 699";"12 164";"27 561 815";"2024-09-01 10:43:58"
"2024-09-03";"";"122 362";"24 809";"27 562 956";"2024-09-03 06:51:31"
"2024-09-07";"";"67 374";"7 138";"27 562 760";"2024-09-07 19:52:25"
"2024-09-06";"YouTube";"40 956 771";"3 547 039";"27 562 617";"2024-09-06 13:10:18"
"2024-09-05";"";"36 630";"31 247";"27 561 341";"2024-09-05 08:17:18"
"2024-09-09";"Instagram";"2 709 406";"736 290";"27 562 572";"2024-09-09 19:16:16"
"2024-09-01";"WhatsApp";"30 664";"33 615";"27 561 420";"2024-09-01 10:19:42"
"2024-09-07";"";"33 273";"29 504";"27 561 569";"2024-09-07 20:17:27"
"2024-09-06";"";"257 606";"12 695";"27 562 863";"2024-09-06 16:01:03"
"2024-09-09";"Unknown";"2 259 925";"213 740";"27 562 035";"2024-09-09 12:45:16"
"2024-09-05";"";"58 672";"8 156";"27 562 514";"2024-09-05 15:48:08"
"2024-09-01";"";"12 767 382";"682 981";"27 561 645";"2024-09-01 22:43:43"
"2024-09-06";"Telegram";"54 810 468";"2 550 477";"27 561 881";"2024-09-06 12:45:09"
"2024-09-05";"YouTube";"169 347 920";"5 050 220";"27 561 742";"2024-09-05 07:40:21"
"2024-09-08";"Facebook";"250 764";"15 664";"27 563 329";"2024-09-08 07:28:24"
"2024-09-03";"";"280 393";"15 048";"27 562 553";"2024-09-03 04:01:14"
"2024-09-01";"";"26 148";"82 153";"27 562 801";"2024-09-01 16:01:03"
"2024-09-06";"";"149 652";"71 400";"27 561 302";"2024-09-06 15:12:50"
"2024-09-06";"Instagram";"125 382";"101 926";"27 561 578";"2024-09-06 07:28:53"
"2024-09-03";"Instagram";"752 224";"183 824";"27 561 669";"2024-09-03 03:48:00"
"2024-09-07";"";"5 845";"133 533";"27 562 780";"2024-09-07 13:58:13"
"2024-09-09";"Apple Music";"207 857";"50 783";"27 561 343";"2024-09-09 19:40:06"
"2024-09-02";"";"26 854";"2 402";"27 563 145";"2024-09-02 03:36:52"
"2024-09-07";"";"32 312";"5 792";"27 561 339";"2024-09-07 19:04:21"
"2024-09-07";"";"101 591";"160 054";"27 563 211";"2024-09-08 00:45:36"
"2024-09-08";"";"18 992";"69 178";"27 561 866";"2024-09-08 21:30:41"
"2024-09-02";"";"102 674";"101 401";"27 561 454";"2024-09-02 06:15:00"
"2024-09-03";"";"40 335";"1 363";"27 561 794";"2024-09-03 13:58:56"
"2024-09-06";"Yandex";"41 840";"33 632";"27 562 696";"2024-09-06 19:52:34"
"2024-09-06";"";"462 256";"121 082";"27 562 853";"2024-09-06 21:18:13"
"2024-09-08";"";"30 681";"17 695";"27 563 318";"2024-09-08 19:16:03"
"2024-09-04";"";"202 566";"84 954";"27 562 729";"2024-09-04 03:00:55"
"2024-09-07";"";"206 901";"20 758";"27 562 564";"2024-09-07 22:19:56"
"2024-09-09";"";"9 408";"120 892";"27 563 463";"2024-09-09 07:40:43"
"2024-09-02";"Instagram";"63 372";"11 940";"27 562 083";"2024-09-02 03:12:33"
"2024-09-09";"";"12 356";"26 208";"27 561 669";"2024-09-09 23:44:25"
"2024-09-05";"";"304 089";"55 616";"27 561 758";"2024-09-05 20:05:57"
"2024-09-07";"Yandex";"332 918";"31 110";"27 562 291";"2024-09-07 23:08:40"
"2024-09-08";"Yandex";"61 997";"29 656";"27 562 527";"2024-09-09 00:33:16"
"2024-09-07";"";"1 815 620";"24 886";"27 561 172";"2024-09-07 21:06:45"
"2024-09-05";"YouTube";"67 858";"658 555";"27 561 398";"2024-09-05 08:53:04"
"2024-09-05";"";"103 026";"10 334";"27 561 673";"2024-09-05 11:20:53"
"2024-09-06";"";"242 747";"162 672";"27 562 422";"2024-09-06 14:59:34"
"2024-09-02";"";"200 407";"6 002";"27 563 083";"2024-09-02 12:09:24"
"2024-09-05";"";"466 554";"24 032";"27 561 529";"2024-09-05 05:26:45"
"2024-09-05";"YouTube";"540 971";"345 682";"27 562 838";"2024-09-06 00:33:46"
"2024-09-10";"Yandex";"277 208";"10 217";"27 562 917";"2024-09-10 04:25:54"
"2024-09-07";"Instagram";"19 632";"230 668";"27 563 402";"2024-09-07 07:40:43"
"2024-09-09";"";"67 709";"42 356";"27 562 317";"2024-09-09 04:25:20"
"2024-09-07";"";"1 104 125";"114 351";"27 562 754";"2024-09-07 23:56:04"
"2024-09-06";"";"31 240";"2 979";"27 562 693";"2024-09-06 22:19:42"
"2024-09-05";"VKontakte";"134 202";"169 777";"27 562 236";"2024-09-05 22:19:39"
"2024-09-09";"WhatsApp";"1 608 092";"484 173";"27 562 721";"2024-09-09 20:05:42"
"2024-09-10";"";"454 298";"26 566";"27 563 029";"2024-09-10 03:24:08"
"2024-09-07";"Instagram";"121 559";"4 602";"27 563 069";"2024-09-07 20:41:01"
"2024-09-03";"Instagram";"25 292 619";"776 354";"27 563 242";"2024-09-03 08:53:49"
"2024-09-08";"";"358 302";"23 892";"27 563 469";"2024-09-08 21:54:41"
"2024-09-03";"";"38 886";"2 091";"27 561 311";"2024-09-03 12:57:49"
"2024-09-08";"Instagram";"1 009 480";"21 359";"27 563 372";"2024-09-08 18:39:48"
"2024-09-09";"Telegram";"99 560 391";"2 540 621";"27 561 458";"2024-09-09 23:32:50"
"2024-09-06";"Instagram";"1 006 871";"138 365";"27 562 747";"2024-09-06 07:16:52"
"2024-09-01";"";"1 308 601";"36 773";"27 562 758";"2024-09-01 09:54:13"
"2024-09-08";"";"46 880";"3 290";"27 561 947";"2024-09-08 13:10:21"
"2024-09-08";"";"28 999";"6 353";"27 562 561";"2024-09-08 03:12:53"
"2024-09-04";"YouTube";"34 055";"4 674";"27 562 415";"2024-09-04 20:29:27"
"2024-09-06";"";"114 962";"4 893";"27 561 670";"2024-09-07 02:35:58"
"2024-09-05";"";"56 966";"5 427";"27 563 088";"2024-09-05 20:53:23"
"2024-09-04";"";"239 676";"51 245";"27 561 768";"2024-09-04 20:41:29"
"2024-09-03";"";"465 453";"21 215";"27 562 447";"2024-09-03 23:08:06"
"2024-09-07";"";"141 809";"52 819";"27 562 791";"2024-09-07 15:48:26"
"2024-09-07";"";"31 626";"2 615";"27 561 237";"2024-09-07 20:41:42"
"2024-09-05";"YouTube";"753 899";"7 124 538";"27 561 687";"2024-09-05 08:17:04"
"2024-09-05";"";"37 319";"30 541";"27 562 784";"2024-09-05 15:00:18"
"2024-09-08";"Yandex";"170 221";"219 115";"27 562 762";"2024-09-08 11:56:53"
"2024-09-07";"Instagram";"27 016 319";"927 924";"27 563 414";"2024-09-07 14:23:22"
"2024-09-04";"";"41 607";"4 888";"27 562 371";"2024-09-04 10:55:44"
"2024-09-03";"";"61 121";"51 179";"27 562 898";"2024-09-03 07:40:43"
"2024-09-08";"";"482 193";"72 892";"27 561 789";"2024-09-08 16:25:30"
"2024-09-02";"";"147 204";"9 264";"27 562 621";"2024-09-02 15:48:04"
"2024-09-05";"";"32 860";"3 501";"27 561 403";"2024-09-05 04:01:03"
"2024-09-08";"";"68 360";"72 807";"27 562 331";"2024-09-09 02:47:31"
"2024-09-08";"Facebook";"246 138";"98 569";"27 562 437";"2024-09-08 22:07:27"
"2024-09-10";"Yandex";"273 660";"122 499";"27 562 266";"2024-09-10 18:39:01"
"2024-09-05";"";"2 116 401";"89 220";"27 561 776";"2024-09-06 00:21:36"
"2024-09-08";"";"137 508";"163 632";"27 562 044";"2024-09-08 15:00:11"
"2024-09-05";"";"35 039";"6 720";"27 562 629";"2024-09-06 02:59:57"
"2024-09-07";"";"45 399";"25 323";"27 563 083";"2024-09-07 21:42:47"
"2024-09-05";"YouTube";"933 912";"341 964";"27 561 772";"2024-09-05 15:36:38"
"2024-09-08";"YouTube";"653 937";"20 857";"27 561 290";"2024-09-08 13:34:27"
"2024-09-05";"YouTube";"11 572 131";"837 194";"27 562 535";"2024-09-05 08:05:13"
"2024-09-08";"";"986 620";"164 390";"27 562 935";"2024-09-08 21:30:50"
"2024-09-01";"";"110 293";"8 944";"27 561 413";"2024-09-01 08:17:52"
"2024-09-03";"";"39 152 002";"3 310 726";"27 562 087";"2024-09-03 11:08:07"
"2024-09-04";"";"36 190";"4 892";"27 563 211";"2024-09-04 21:42:50"
"2024-09-04";"";"454 644";"16 856";"27 563 219";"2024-09-04 23:20:35"
"2024-09-10";"";"67 574";"38 067";"27 561 414";"2024-09-10 20:41:36"
"2024-09-06";"";"84 421";"10 776";"27 561 436";"2024-09-06 16:37:51"
"2024-09-01";"";"102 375";"492 932";"27 562 890";"2024-09-01 14:47:13"
"2024-09-08";"Instagram";"323 686";"33 876";"27 563 463";"2024-09-08 13:22:35"
"2024-09-02";"";"581 265";"130 937";"27 563 420";"2024-09-02 05:02:42"
"2024-09-03";"YouTube";"316 269";"19 333";"27 561 982";"2024-09-03 13:22:56"
"2024-09-02";"Instagram";"202 643 037";"2 999 744";"27 561 307";"2024-09-02 08:41:47"
"2024-09-01";"Yandex";"179 229";"7 541";"27 562 732";"2024-09-01 05:50:07"
"2024-09-10";"Instagram";"496 935";"61 174";"27 561 511";"2024-09-10 16:49:01"
"2024-09-01";"";"136 431";"4 389";"27 562 684";"2024-09-01 15:00:28"
"2024-09-10";"";"36 629";"2 702";"27 561 915";"2024-09-10 22:31:33"
"2024-09-03";"";"36 606";"4 192";"27 561 463";"2024-09-04 01:58:47"
"2024-09-09";"";"204 043";"12 630";"27 562 379";"2024-09-09 04:13:06"
"2024-09-01";"YouTube";"282 832";"12 632";"27 561 339";"2024-09-01 03:24:14"
"2024-09-02";"Yandex";"31 581";"8 882";"27 561 217";"2024-09-03 02:23:44"
"2024-09-03";"Facebook";"171 450";"94 001";"27 562 522";"2024-09-03 14:11:14"
"2024-09-07";"";"418 270";"19 021";"27 563 446";"2024-09-07 14:11:52"
"2024-09-06";"Telegram";"200 143 091";"15 850 739";"27 562 841";"2024-09-07 01:10:58"
"2024-09-07";"";"143 282";"38 593";"27 561 942";"2024-09-07 06:15:18"
"2024-09-05";"";"290 732";"206 689";"27 562 720";"2024-09-06 00:21:54"
"2024-09-10";"";"255 689";"16 739";"27 563 488";"2024-09-10 07:28:24"
"2024-09-07";"";"68 528";"62 909";"27 561 555";"2024-09-07 16:37:54"
"2024-09-09";"Yandex Video";"375 572";"23 050";"27 562 291";"2024-09-09 09:42:26"
"2024-09-02";"";"27 759 683";"3 251 190";"27 563 009";"2024-09-02 20:53:28"
"2024-09-04";"Apple Music";"1 921 570";"424 940";"27 561 173";"2024-09-04 09:30:05"
"2024-09-10";"";"850 168";"112 727";"27 562 374";"2024-09-10 18:15:28"
"2024-09-08";"Instagram";"827 113";"605 503";"27 562 880";"2024-09-08 11:56:46"
"2024-09-10";"";"659 391";"66 438";"27 561 427";"2024-09-11 00:09:58"
"2024-09-01";"";"8 600";"128 831";"27 562 762";"2024-09-01 10:31:54"
"2024-09-08";"";"326 016";"9 413";"27 563 472";"2024-09-08 08:29:54"
"2024-09-01";"";"11 177";"26 485";"27 561 645";"2024-09-01 09:42:16"
"2024-09-07";"";"118 380";"13 798";"27 562 522";"2024-09-07 13:58:01"
"2024-09-02";"";"60 005";"15 737";"27 562 622";"2024-09-03 01:22:37"
"2024-09-10";"YouTube";"46 965";"3 591";"27 561 694";"2024-09-10 15:36:25"
"2024-09-08";"";"3 953 294";"115 235";"27 561 865";"2024-09-08 04:49:05"
"2024-09-06";"Facebook";"39 481";"19 128";"27 561 944";"2024-09-06 04:49:46"
"2024-09-04";"";"393 678";"1 581 268";"27 563 225";"2024-09-04 13:46:09"
"2024-09-07";"";"26 979";"3 869";"27 562 066";"2024-09-07 11:08:08"
"2024-09-02";"Instagram";"187 788";"15 739";"27 561 855";"2024-09-02 10:07:55"
"2024-09-09";"Facebook";"64 431";"14 305";"27 561 963";"2024-09-09 19:16:07"
"2024-09-08";"Instagram";"266 542 790";"6 874 206";"27 561 402";"2024-09-08 23:56:29"
"2024-09-05";"";"81 396";"5 586";"27 561 357";"2024-09-05 09:42:29"
"2024-09-10";"";"33 874";"86 406";"27 562 324";"2024-09-10 19:40:02"
"2024-09-10";"";"247 511";"8 358 134";"27 562 451";"2024-09-10 16:25:16"
"2024-09-10";"";"338 803";"182 203";"27 561 259";"2024-09-10 17:26:50"
"2024-09-03";"";"286 650";"19 045";"27 563 122";"2024-09-03 10:55:56"
"2024-09-07";"";"68 387";"51 538";"27 561 403";"2024-09-08 00:45:59"
"2024-09-09";"";"14 678";"51 921";"27 561 615";"2024-09-10 02:59:05"
"2024-09-04";"Instagram";"16 802 765";"14 074 353";"27 561 744";"2024-09-04 17:38:11"
"2024-09-08";"Instagram";"77 380";"12 436";"27 562 033";"2024-09-08 11:56:58"
"2024-09-10";"YouTube";"37 297";"406 841";"27 562 300";"2024-09-10 21:18:01"
"2024-09-10";"";"1 281 573";"81 348";"27 562 780";"2024-09-10 12:21:09"
"2024-09-10";"";"53 189";"7 986";"27 562 801";"2024-09-11 02:35:11"
"2024-09-06";"";"73 424";"4 278";"27 563 136";"2024-09-06 17:02:57"
"2024-09-02";"WhatsApp";"701 865";"173 905";"27 562 762";"2024-09-02 13:10:57"
"2024-09-10";"";"44 531";"3 366";"27 562 106";"2024-09-10 20:17:58"
"2024-09-08";"";"186 814";"12 135";"27 561 730";"2024-09-08 16:49:09"
"2024-09-02";"Instagram";"202 729 411";"2 129 066";"27 561 846";"2024-09-03 00:57:04"
"2024-09-02";"Telegram";"37 926 176";"12 031 406";"27 562 204";"2024-09-03 01:22:15"
"2024-09-01";"";"60 444";"319 873";"27 562 810";"2024-09-01 16:37:23"
"2024-09-08";"";"326 984";"98 551";"27 562 571";"2024-09-08 18:15:55"
"2024-09-05";"";"16 663";"41 036";"27 562 419";"2024-09-05 06:39:36"
"2024-09-03";"Instagram";"13 169 688";"355 430";"27 562 239";"2024-09-03 17:38:11"
"2024-09-02";"";"326 243";"66 371";"27 563 388";"2024-09-03 01:34:26"
"2024-09-05";"Odnoklassniki";"686 291";"49 279";"27 561 630";"2024-09-05 21:30:35"
"2024-09-01";"YouTube";"234 070";"87 682";"27 562 264";"2024-09-01 11:32:37"
"2024-09-10";"";"36 716";"7 017";"27 562 714";"2024-09-10 08:53:17"
"2024-09-07";"";"1 332 362";"131 096";"27 563 336";"2024-09-07 13:58:54"
"2024-09-05";"YouTube";"76 670";"9 680";"27 563 083";"2024-09-06 01:10:23"
"2024-09-05";"";"221 361";"12 949";"27 562 692";"2024-09-06 01:10:03"
"2024-09-04";"Yandex";"1 924 258";"115 859";"27 562 352";"2024-09-05 00:57:01"
"2024-09-10";"";"33 965";"7 336";"27 562 580";"2024-09-11 00:21:53"
"2024-09-06";"";"113 434";"22 331";"27 562 316";"2024-09-07 00:45:37"
"2024-09-09";"";"7 793 282";"517 451";"27 561 199";"2024-09-09 16:13:07"
"2024-09-04";"";"166 750";"23 451";"27 562 613";"2024-09-04 04:01:42"
"2024-09-10";"";"105 289";"6 391";"27 561 997";"2024-09-10 11:20:36"
"2024-09-04";"";"41 325";"21 011";"27 562 865";"2024-09-04 11:56:23"
"2024-09-01";"";"37 862";"25 608";"27 562 453";"2024-09-01 17:50:34"
"2024-09-03";"";"38 621";"12 662";"27 562 259";"2024-09-03 22:43:32"
"2024-09-03";"Telegram";"6 241 040";"1 172 335";"27 562 178";"2024-09-03 18:15:33"
"2024-09-01";"";"388 058";"192 548";"27 562 698";"2024-09-02 01:46:46"
"2024-09-04";"";"33 819";"4 714";"27 563 371";"2024-09-04 16:13:25"
"2024-09-04";"";"2 399 157";"549 407";"27 561 888";"2024-09-04 23:44:25"
"2024-09-08";"YouTube";"54 201 724";"3 382 750";"27 561 823";"2024-09-08 05:14:24"
"2024-09-04";"";"59 981";"28 046";"27 561 529";"2024-09-04 22:07:40"
"2024-09-09";"";"36 736";"12 440";"27 561 611";"2024-09-09 03:36:11"
"2024-09-07";"Telegram";"36 505 289";"3 029 989";"27 562 401";"2024-09-07 09:18:12"
"2024-09-04";"";"36 051";"2 571";"27 562 365";"2024-09-04 09:42:26"
"2024-09-03";"";"30 986";"1 829";"27 562 050";"2024-09-03 10:55:28"
"2024-09-05";"Instagram";"31 680 116";"18 364 573";"27 563 384";"2024-09-05 12:09:46"
"2024-09-02";"";"72 195";"21 401";"27 562 810";"2024-09-02 23:56:35"
"2024-09-04";"";"288 097";"64 323";"27 562 009";"2024-09-04 07:40:44"
"2024-09-10";"Instagram";"3 948 196";"2 690 546";"27 561 983";"2024-09-10 09:42:27"
"2024-09-10";"";"118 931";"9 701";"27 561 485";"2024-09-10 19:52:26"
"2024-09-03";"Instagram";"782 488";"35 019";"27 561 761";"2024-09-03 22:07:15"
"2024-09-05";"YouTube";"2 169 168";"121 107";"27 563 006";"2024-09-05 06:15:42"
"2024-09-08";"";"87 106";"14 533";"27 562 837";"2024-09-09 02:59:56"
"2024-09-05";"";"11 457";"50 652";"27 563 006";"2024-09-06 00:09:21"
"2024-09-01";"";"84 765";"74 343";"27 561 362";"2024-09-01 15:48:31"
"2024-09-01";"";"21 054";"155 839";"27 561 448";"2024-09-01 16:13:28"
"2024-09-02";"";"27 696";"2 599";"27 561 872";"2024-09-02 10:55:02"
"2024-09-07";"";"36 305 625";"1 744 799";"27 561 759";"2024-09-07 11:44:44"
"2024-09-03";"";"54 566";"3 278";"27 561 684";"2024-09-03 07:04:38"
"2024-09-07";"YouTube";"12 344 264";"682 274";"27 562 614";"2024-09-07 13:58:05"
"2024-09-05";"";"777 743";"820 156";"27 561 695";"2024-09-05 06:39:18"
"2024-09-03";"";"73 408";"8 006";"27 562 037";"2024-09-03 09:54:34"
"2024-09-02";"";"44 202";"2 940";"27 561 612";"2024-09-02 09:42:51"
"2024-09-08";"Telegram";"816 568";"95 740";"27 562 006";"2024-09-08 23:08:03"
"2024-09-07";"";"31 558";"4 502";"27 563 083";"2024-09-07 15:00:00"
"2024-09-08";"";"179 223";"34 468";"27 561 331";"2024-09-08 22:31:36"
"2024-09-04";"";"16 602";"29 979";"27 561 863";"2024-09-05 00:21:45"
"2024-09-04";"YouTube";"11 663 848";"3 260 361";"27 561 246";"2024-09-04 04:49:22"
"2024-09-10";"";"1 513 654";"103 567";"27 562 073";"2024-09-10 08:41:32"
"2024-09-04";"YouTube";"151 080";"22 238";"27 563 503";"2024-09-04 17:38:53"
"2024-09-07";"WhatsApp";"7 430 807";"9 436 899";"27 561 372";"2024-09-07 05:26:17"
"2024-09-09";"YouTube";"77 429";"47 530";"27 561 306";"2024-09-09 18:39:49"
"2024-09-04";"YouTube";"5 035 093";"1 936 494";"27 562 653";"2024-09-04 22:07:55"
"2024-09-07";"YouTube";"5 458 611";"430 216";"27 562 252";"2024-09-07 22:07:28"
"2024-09-06";"";"463 037";"26 132";"27 563 304";"2024-09-06 04:49:31"
"2024-09-09";"";"82 841";"175 880";"27 562 314";"2024-09-09 04:01:07"
"2024-09-09";"";"102 165";"14 233";"27 562 397";"2024-09-10 01:58:23"
"2024-09-05";"";"45 950";"4 535";"27 561 485";"2024-09-05 16:25:24"
"2024-09-02";"";"124 956";"15 165";"27 563 402";"2024-09-02 12:21:21"
"2024-09-07";"";"194 533";"19 482";"27 562 489";"2024-09-07 10:55:40"
"2024-09-02";"Facebook";"210 721";"7 985";"27 561 866";"2024-09-02 21:06:27"
"2024-09-05";"";"2 616 124";"181 403";"27 562 058";"2024-09-05 18:27:15"
"2024-09-10";"Telegram";"22 485 254";"2 076 228";"27 562 643";"2024-09-10 05:02:34"
"2024-09-05";"";"364 372";"59 542";"27 561 239";"2024-09-05 05:14:39"
"2024-09-02";"";"30 149";"5 745";"27 563 404";"2024-09-02 17:14:58"
"2024-09-05";"";"198 371";"27 467";"27 561 818";"2024-09-06 01:58:38"
"2024-09-08";"Unknown";"3 993 121";"543 299";"27 563 514";"2024-09-08 15:00:04"
"2024-09-03";"";"470 535";"20 462";"27 561 802";"2024-09-03 08:17:49"
"2024-09-08";"Telegram";"9 066 982";"1 152 139";"27 562 677";"2024-09-08 20:41:11"
"2024-09-05";"Instagram";"16 099 240";"7 589 508";"27 562 560";"2024-09-05 07:28:07"
"2024-09-03";"";"840";"53 794";"27 562 033";"2024-09-03 13:34:06"
"2024-09-04";"YouTube";"153 215";"982 166";"27 561 759";"2024-09-04 16:01:13"
"2024-09-10";"Yandex";"1 299 598";"576 370";"27 562 255";"2024-09-10 11:08:39"
"2024-09-10";"";"58 507";"26 192";"27 562 699";"2024-09-10 06:39:06"
"2024-09-02";"Telegram";"96 764 230";"4 087 134";"27 561 410";"2024-09-02 07:04:33"
"2024-09-01";"";"96 197";"6 753";"27 563 006";"2024-09-01 17:50:09"
"2024-09-05";"Instagram";"8 007 084";"554 817";"27 561 872";"2024-09-06 00:21:59"
"2024-09-09";"YouTube";"3 283";"26 709";"27 561 214";"2024-09-09 19:52:59"
"2024-09-08";"Facebook";"808 063";"60 431";"27 563 453";"2024-09-08 09:54:44"
"2024-09-02";"";"36 824";"19 155";"27 563 403";"2024-09-02 14:59:19"
"2024-09-01";"";"478 823";"59 353";"27 561 830";"2024-09-01 03:36:41"
"2024-09-06";"";"145 341";"26 820";"27 562 152";"2024-09-06 12:21:41"
"2024-09-03";"Telegram";"36 919";"3 812";"27 563 232";"2024-09-03 06:51:47"
"2024-09-04";"YouTube";"21 671 239";"1 240 562";"27 561 650";"2024-09-04 12:21:38"
"2024-09-02";"Facebook";"2 464 866";"67 976";"27 562 791";"2024-09-02 05:02:08"
"2024-09-04";"";"404 853";"349 392";"27 563 289";"2024-09-05 00:45:42"
"2024-09-01";"Facebook";"1 545 863";"51 193";"27 563 378";"2024-09-01 03:36:10"
"2024-09-02";"Tas-ix";"31 945";"6 208";"27 562 545";"2024-09-02 20:53:21"
"2024-09-07";"";"61 780";"20 618";"27 563 211";"2024-09-07 09:18:43"
"2024-09-07";"Tas-ix";"303 001";"15 062";"27 562 992";"2024-09-07 18:03:00"
"2024-09-01";"";"20 002";"27 351";"27 561 624";"2024-09-01 04:13:53"
"2024-09-01";"";"26 334";"23 175";"27 562 421";"2024-09-02 00:09:15"
"2024-09-01";"";"376 154";"40 550";"27 562 149";"2024-09-01 19:04:27"
"2024-09-04";"";"197 557";"5 083";"27 562 264";"2024-09-04 11:20:46"
"2024-09-09";"";"193 528";"9 539";"27 563 395";"2024-09-09 06:27:50"
"2024-09-07";"";"96 466";"6 641";"27 562 371";"2024-09-07 06:27:11"
"2024-09-06";"WhatsApp";"25 889";"10 092";"27 561 272";"2024-09-06 08:41:59"
"2024-09-02";"YouTube";"23 761";"73 935";"27 562 690";"2024-09-02 19:16:16"
"2024-09-10";"YouTube";"802 838";"260 304";"27 561 195";"2024-09-10 17:02:11"
"2024-09-09";"";"423 430";"107 691";"27 562 838";"2024-09-09 04:01:31"
"2024-09-02";"";"127 154";"96 921";"27 562 100";"2024-09-02 14:35:20"
"2024-09-09";"";"7 945 672";"228 351";"27 562 168";"2024-09-09 10:43:20"
"2024-09-02";"";"100 247";"206 864";"27 562 609";"2024-09-02 10:31:11"
"2024-09-07";"";"200 443";"502 942";"27 562 853";"2024-09-07 20:05:13"
"2024-09-02";"";"1 044 676";"91 500";"27 561 592";"2024-09-02 19:16:21"
"2024-09-03";"";"633 763";"243 240";"27 562 772";"2024-09-03 22:43:10"
"2024-09-07";"";"190 961";"27 062";"27 561 212";"2024-09-07 10:43:20"
"2024-09-07";"Instagram";"1 053 457";"36 563";"27 561 556";"2024-09-07 15:00:40"
"2024-09-06";"Telegram";"1 072 724";"180 286";"27 561 216";"2024-09-06 21:30:50"
"2024-09-02";"YouTube";"1 193 463";"217 379";"27 562 494";"2024-09-02 05:02:08"
"2024-09-05";"";"70 621";"3 996";"27 562 587";"2024-09-05 04:37:26"
"2024-09-07";"";"305 365";"45 033";"27 562 372";"2024-09-08 01:58:23"
"2024-09-08";"YouTube";"2 360 246";"850 714";"27 561 857";"2024-09-08 03:00:09"
"2024-09-02";"";"267 496";"18 969";"27 561 441";"2024-09-02 04:25:44"
"2024-09-04";"";"46 806";"2 982";"27 563 152";"2024-09-04 15:48:17"
"2024-09-09";"";"340 275";"228 881";"27 562 898";"2024-09-09 23:56:51"
"2024-09-05";"YouTube";"1 867 009";"144 743";"27 562 799";"2024-09-05 03:12:17"
"2024-09-03";"Tas-ix";"1 045 072";"50 854";"27 562 582";"2024-09-03 17:26:39"
"2024-09-07";"";"394 164";"407 335";"27 562 670";"2024-09-07 22:19:34"
"2024-09-04";"";"251 440";"94 244";"27 561 607";"2024-09-04 15:24:36"
"2024-09-07";"";"19 205 223";"354 812";"27 563 129";"2024-09-07 14:35:00"
"2024-09-07";"";"3 416 460";"181 574";"27 561 638";"2024-09-07 05:14:40"
"2024-09-08";"";"935 718";"34 226";"27 562 289";"2024-09-08 11:44:39"
"2024-09-04";"";"3 004";"77 300";"27 561 485";"2024-09-04 03:24:23"
"2024-09-03";"";"294 178 855";"19 810 302";"27 562 197";"2024-09-03 16:37:31"
"2024-09-10";"";"127 247";"7 051";"27 561 670";"2024-09-10 21:18:22"
"2024-09-04";"Yandex";"411 945";"16 968";"27 561 433";"2024-09-04 12:33:29"
"2024-09-02";"";"245 389";"122 549";"27 562 608";"2024-09-02 21:18:19"
"2024-09-04";"Telegram";"206 926 096";"7 549 820";"27 561 380";"2024-09-04 15:36:59"
"2024-09-08";"";"95 033";"87 042";"27 562 460";"2024-09-08 14:35:20"
"2024-09-05";"YouTube";"76 709";"4 325";"27 562 670";"2024-09-05 13:34:30"
"2024-09-07";"YouTube";"504 809";"41 877";"27 563 113";"2024-09-07 17:26:06"
"2024-09-06";"Telegram";"294 488";"295 266";"27 563 103";"2024-09-06 05:14:17"
"2024-09-10";"";"37 216";"3 452";"27 561 670";"2024-09-10 15:48:46"
"2024-09-06";"YouTube";"5 853";"66 501";"27 562 676";"2024-09-06 21:54:03"
"2024-09-09";"";"218 036";"51 483";"27 562 419";"2024-09-10 02:59:55"
"2024-09-05";"";"614 248";"229 964";"27 562 696";"2024-09-05 15:12:42"
"2024-09-09";"Instagram";"4 343 728";"109 139";"27 562 886";"2024-09-09 06:27:08"
"2024-09-05";"";"1 386 927";"165 819";"27 563 278";"2024-09-05 21:06:47"
"2024-09-03";"";"23 057";"98 727";"27 561 276";"2024-09-03 11:44:17"
"2024-09-04";"";"42 577";"440 685";"27 562 539";"2024-09-05 01:22:32"
"2024-09-06";"YouTube";"64 702";"30 133";"27 563 140";"2024-09-06 14:35:48"
"2024-09-06";"";"97 219";"5 921";"27 563 008";"2024-09-06 15:00:11"
"2024-09-05";"";"33 654";"2 567";"27 562 580";"2024-09-05 08:41:02"
"2024-09-03";"";"680 981";"24 746";"27 562 315";"2024-09-03 10:07:37"
"2024-09-10";"";"60 464";"28 537";"27 562 645";"2024-09-10 12:21:50"
"2024-09-02";"";"27 197";"11 304";"27 563 017";"2024-09-02 08:41:25"
"2024-09-05";"";"152 332";"26 519";"27 562 048";"2024-09-05 06:51:48"
"2024-09-06";"";"0";"374 867";"27 561 915";"2024-09-06 14:47:28"
"2024-09-07";"";"5 177 489";"379 883";"27 563 496";"2024-09-07 07:52:13"
"2024-09-04";"Apple Music";"291 573 697";"4 966 341";"27 562 317";"2024-09-05 01:58:20"
"2024-09-05";"Facebook";"69 336";"21 784";"27 562 267";"2024-09-05 19:40:11"
"2024-09-08";"";"30 095";"2 710";"27 562 564";"2024-09-09 00:45:28"
"2024-09-04";"Facebook";"127 833";"14 239";"27 562 144";"2024-09-04 19:52:40"
"2024-09-07";"";"3 823 448";"147 143";"27 562 304";"2024-09-07 10:31:45"
"2024-09-02";"";"196 127";"77 106";"27 563 333";"2024-09-02 20:53:32"
"2024-09-09";"YouTube";"1 487 307";"357 209";"27 562 090";"2024-09-09 23:56:25"
"2024-09-04";"Telegram";"110 569 074";"13 270 091";"27 562 025";"2024-09-04 08:05:51"
"2024-09-05";"";"1 487 375";"739 823";"27 561 352";"2024-09-06 01:58:11"
"2024-09-09";"YouTube";"15 594";"50 838";"27 562 003";"2024-09-09 03:12:04"
"2024-09-05";"YouTube";"2 884 179";"159 243";"27 562 197";"2024-09-05 09:42:14"
"2024-09-01";"";"252 421";"13 228";"27 561 845";"2024-09-01 20:29:16"
"2024-09-02";"";"43 330";"3 689";"27 561 182";"2024-09-02 06:39:50"
"2024-09-03";"";"870 194";"65 412";"27 561 708";"2024-09-03 17:26:56"
"2024-09-03";"Facebook";"787 274";"34 365";"27 562 012";"2024-09-04 02:59:56"
"2024-09-07";"";"491 665";"51 834";"27 561 275";"2024-09-07 22:19:34"
"2024-09-05";"";"118 966";"511 778";"27 561 457";"2024-09-05 03:24:07"
"2024-09-02";"YouTube";"49 020";"10 763";"27 562 703";"2024-09-03 02:23:57"
"2024-09-01";"YouTube";"210 659";"1 775 054";"27 561 437";"2024-09-01 04:13:57"
"2024-09-03";"";"30 933";"1 673";"27 562 535";"2024-09-03 17:26:26"
"2024-09-10";"";"72 717";"10 655";"27 561 762";"2024-09-10 23:32:53"
"2024-09-01";"";"537 666";"47 178";"27 563 105";"2024-09-01 15:24:28"
"2024-09-10";"";"28 822";"39 549";"27 563 331";"2024-09-10 22:31:23"
"2024-09-09";"";"32 294";"3 182";"27 562 016";"2024-09-09 07:16:54"
"2024-09-08";"YouTube";"75 553 360";"4 138 135";"27 563 507";"2024-09-09 02:35:54"
"2024-09-04";"Instagram";"2 190 018";"200 009";"27 563 020";"2024-09-04 14:47:20"
"2024-09-03";"";"68 125";"19 407";"27 561 692";"2024-09-03 07:52:35"
"2024-09-10";"Facebook";"36 376";"3 764";"27 562 152";"2024-09-10 15:00:41"
"2024-09-07";"";"17 665 446";"536 544";"27 561 305";"2024-09-07 09:30:39"
"2024-09-06";"";"37 339";"6 179";"27 562 155";"2024-09-06 09:18:15"
"2024-09-06";"";"6 457 959";"5 775 165";"27 563 000";"2024-09-06 15:24:51"
"2024-09-09";"YouTube";"381 238 622";"19 722 174";"27 562 853";"2024-09-09 23:56:47"
"2024-09-04";"";"62 470";"278 732";"27 563 008";"2024-09-04 21:42:52"
"2024-09-09";"Telegram";"184 994 355";"42 786 363";"27 562 267";"2024-09-09 09:18:27"
"2024-09-03";"Telegram";"40 314";"4 354";"27 563 392";"2024-09-03 07:28:26"
"2024-09-05";"";"203 367";"20 407";"27 561 730";"2024-09-06 01:34:17"
"2024-09-08";"TikTok";"18 464";"804 422";"27 562 541";"2024-09-09 01:46:08"
"2024-09-10";"";"190 161";"90 348";"27 562 717";"2024-09-11 00:09:45"
"2024-09-07";"Instagram";"204 618 128";"5 672 365";"27 562 997";"2024-09-08 00:33:24"
"2024-09-05";"Tas-ix";"29 699";"6 152";"27 563 357";"2024-09-05 22:31:58"
"2024-09-07";"";"1 167 378";"154 402";"27 563 005";"2024-09-07 07:40:17"
"2024-09-04";"";"42 200";"1 766";"27 562 070";"2024-09-05 01:46:19"
"2024-09-08";"YouTube";"61 127 957";"2 770 605";"27 561 339";"2024-09-08 05:02:45"
"2024-09-04";"";"298 424";"12 625";"27 561 600";"2024-09-04 12:09:50"
"2024-09-02";"";"2 496";"29 808";"27 561 352";"2024-09-02 03:24:23"
"2024-09-04";"YouTube";"4 488 543";"243 224";"27 562 711";"2024-09-05 02:47:37"
"2024-09-01";"";"185 891";"77 787";"27 561 645";"2024-09-01 17:38:56"
"2024-09-10";"";"105 004";"7 626";"27 561 253";"2024-09-11 01:10:46"
"2024-09-07";"";"94 230";"7 461";"27 563 224";"2024-09-07 06:51:56"
"2024-09-02";"YouTube";"282 353";"95 378";"27 562 260";"2024-09-02 22:31:57"
"2024-09-04";"";"677 252";"62 481";"27 562 557";"2024-09-04 08:53:17"
"2024-09-06";"";"152 858";"28 168";"27 561 934";"2024-09-06 21:06:10"
"2024-09-04";"";"83 344";"2 798";"27 563 096";"2024-09-04 09:42:21"
"2024-09-01";"";"8 429";"109 274";"27 561 984";"2024-09-01 10:43:37"
"2024-09-09";"";"52 423";"4 273";"27 562 172";"2024-09-09 11:56:26"
"2024-09-06";"";"65 576";"8 013";"27 563 336";"2024-09-06 08:29:15"
"2024-09-07";"";"10 753";"33 170";"27 561 276";"2024-09-07 06:03:19"
"2024-09-06";"";"8 611 242";"474 028";"27 562 803";"2024-09-07 01:10:12"
"2024-09-09";"YouTube";"552 127";"300 362";"27 561 350";"2024-09-09 12:09:04"
"2024-09-07";"";"46 692";"19 842";"27 561 224";"2024-09-07 09:54:05"
"2024-09-02";"YouTube";"274 908";"18 003";"27 561 499";"2024-09-02 18:51:49"
"2024-09-01";"";"7 727 830";"400 763";"27 562 800";"2024-09-01 12:33:45"
"2024-09-03";"";"3 467 692";"545 555";"27 562 675";"2024-09-03 18:27:52"
"2024-09-05";"Instagram";"274 928";"6 329";"27 563 335";"2024-09-05 04:37:52"
"2024-09-03";"Telegram";"78 413 139";"4 370 393";"27 562 934";"2024-09-03 23:32:15"
"2024-09-06";"Yandex";"95 619";"105 877";"27 562 834";"2024-09-06 19:16:34"
"2024-09-05";"";"251 941";"22 983";"27 563 207";"2024-09-05 07:04:49"
"2024-09-03";"";"1 500";"81 250";"27 561 524";"2024-09-04 01:10:47"
"2024-09-03";"";"7 916";"45 422";"27 563 129";"2024-09-03 13:58:53"
"2024-09-09";"";"73 545";"319 245";"27 563 395";"2024-09-09 09:30:27"
"2024-09-07";"";"404 699";"22 007";"27 561 776";"2024-09-07 13:46:07"
"2024-09-05";"";"202 673";"48 888";"27 562 050";"2024-09-05 20:41:55"
"2024-09-10";"";"1 000 493";"73 206";"27 562 630";"2024-09-10 14:59:56"
"2024-09-05";"Instagram";"762 300";"54 011";"27 563 345";"2024-09-06 02:11:03"
"2024-09-06";"";"929 580";"78 571";"27 562 774";"2024-09-06 10:31:01"
"2024-09-06";"Unknown";"90 145";"29 629";"27 562 075";"2024-09-06 17:14:57"
"2024-09-01";"";"4 174";"33 283";"27 562 088";"2024-09-01 20:17:14"
"2024-09-08";"";"28 857";"14 055";"27 563 485";"2024-09-08 03:12:09"
"2024-09-06";"Instagram";"9 300 487";"258 689";"27 563 338";"2024-09-06 03:36:11"
"2024-09-06";"Facebook";"652 871";"78 194";"27 561 809";"2024-09-06 04:25:50"
"2024-09-01";"Telegram";"419 044";"38 368";"27 562 270";"2024-09-01 23:32:14"
"2024-09-04";"";"172 203";"268 603";"27 561 501";"2024-09-05 01:46:28"
"2024-09-10";"";"38 676";"3 562";"27 561 699";"2024-09-11 01:58:02"
"2024-09-02";"";"1 408 229";"129 679";"27 561 362";"2024-09-02 15:48:19"
"2024-09-08";"";"51 936";"8 658";"27 561 555";"2024-09-08 21:54:05"
"2024-09-05";"Yandex";"175 078";"17 176";"27 561 381";"2024-09-05 17:14:02"
"2024-09-10";"";"496 317";"71 020";"27 563 467";"2024-09-10 04:37:33"
"2024-09-10";"";"35 092";"3 166";"27 562 601";"2024-09-10 05:38:22"
"2024-09-08";"";"675 101";"34 313";"27 562 865";"2024-09-09 01:34:14"
"2024-09-01";"";"27 072";"7 472";"27 561 320";"2024-09-01 11:44:45"
"2024-09-09";"Instagram";"30 719 379";"629 394";"27 561 983";"2024-09-10 00:33:47"
"2024-09-09";"";"58 761";"111 417";"27 562 516";"2024-09-09 21:18:21"
"2024-09-07";"Facebook";"114 842";"65 949";"27 561 953";"2024-09-08 02:11:07"
"2024-09-10";"Instagram";"13 541 280";"594 227";"27 561 570";"2024-09-10 14:47:55"
"2024-09-07";"YouTube";"129 325";"9 441";"27 562 107";"2024-09-08 01:46:07"
"2024-09-07";"Yandex";"1 350 462";"134 855";"27 562 788";"2024-09-07 08:17:33"
"2024-09-05";"";"55 565";"10 151";"27 562 535";"2024-09-05 07:16:57"
"2024-09-10";"";"206 439";"12 531";"27 561 269";"2024-09-10 21:30:29"
"2024-09-05";"YouTube";"56 435";"12 334";"27 561 570";"2024-09-05 12:09:27"
"2024-09-06";"YouTube";"444 823";"1 930 861";"27 562 957";"2024-09-06 23:44:56"
"2024-09-07";"";"191 393";"9 792";"27 563 427";"2024-09-07 20:05:31"
"2024-09-07";"Telegram";"38 755";"4 996";"27 561 721";"2024-09-08 02:11:17"
"2024-09-04";"";"193 971";"155 931";"27 562 561";"2024-09-04 09:42:19"
"2024-09-06";"Instagram";"23 802 769";"851 042";"27 561 768";"2024-09-06 06:51:58"
"2024-09-06";"";"292 530";"57 016";"27 563 107";"2024-09-06 13:46:15"
"2024-09-04";"";"80 185";"7 580";"27 562 675";"2024-09-05 00:45:37"
"2024-09-08";"";"184 627 245";"24 248 265";"27 561 607";"2024-09-08 09:30:35"
"2024-09-01";"";"1 653 228";"73 671";"27 561 449";"2024-09-01 06:39:48"
"2024-09-10";"";"525 506";"12 703";"27 562 004";"2024-09-10 12:09:42"
"2024-09-05";"Telegram";"195 514 133";"10 525 596";"27 562 438";"2024-09-05 20:29:57"
"2024-09-07";"TikTok";"42 832";"105 126";"27 562 192";"2024-09-08 01:58:39"
"2024-09-05";"";"2 535 824";"1 369 383";"27 561 547";"2024-09-06 02:47:52"
"2024-09-03";"";"74 836";"77 248";"27 562 032";"2024-09-03 23:44:20"
"2024-09-01";"YouTube";"1 251 781";"196 953";"27 561 920";"2024-09-02 01:34:27"
"2024-09-04";"Telegram";"67 681 232";"14 362 646";"27 563 223";"2024-09-05 01:58:58"
"2024-09-01";"";"129 768";"4 249";"27 561 941";"2024-09-01 04:37:20"
"2024-09-08";"";"824 960";"681 896";"27 562 365";"2024-09-08 19:16:08"
"2024-09-03";"YouTube";"2 930 982";"1 786 791";"27 561 760";"2024-09-04 00:33:17"
"2024-09-06";"";"74 847";"7 129";"27 562 894";"2024-09-06 19:16:39"
"2024-09-08";"";"17 965";"37 250";"27 561 272";"2024-09-08 18:15:12"
"2024-09-05";"";"5 613 168";"135 520";"27 561 480";"2024-09-05 19:28:06"
"2024-09-01";"Unknown";"1 150 756";"65 869";"27 563 453";"2024-09-01 20:05:46"
"2024-09-03";"";"1 121 206";"215 753";"27 561 420";"2024-09-03 18:39:49"
"2024-09-09";"Instagram";"249 614";"9 969";"27 562 832";"2024-09-10 02:23:15"
"2024-09-09";"";"2 246 462";"174 382";"27 562 758";"2024-09-09 15:24:28"
"2024-09-01";"";"28 226";"122 705";"27 563 283";"2024-09-01 22:31:09"
"2024-09-05";"Likee";"233 508";"254 184";"27 562 202";"2024-09-05 15:12:16"
"2024-09-08";"YouTube";"32 711";"169 623";"27 561 649";"2024-09-08 17:14:43"
"2024-09-05";"";"203 022";"58 189";"27 562 388";"2024-09-05 22:31:32"
"2024-09-05";"";"27 144";"20 508";"27 561 613";"2024-09-05 15:12:56"
"2024-09-02";"";"510 946";"424 391";"27 562 192";"2024-09-02 12:57:53"
"2024-09-04";"";"570 687";"86 327";"27 563 101";"2024-09-04 17:14:30"
"2024-09-03";"YouTube";"1 517 846";"87 395";"27 561 940";"2024-09-03 04:01:32"
"2024-09-10";"";"122 210";"8 645";"27 562 677";"2024-09-10 10:55:48"
"2024-09-09";"Yandex";"345 788";"14 852";"27 563 463";"2024-09-09 19:40:06"
"2024-09-07";"";"1 309 690";"173 419";"27 562 156";"2024-09-07 08:29:11"
"2024-09-07";"";"79 938";"9 342";"27 562 850";"2024-09-07 03:00:52"
"2024-09-05";"WhatsApp";"1 908 769";"2 737 146";"27 561 608";"2024-09-05 22:55:19"
"2024-09-10";"";"46 002";"100 885";"27 562 352";"2024-09-10 10:07:28"
"2024-09-02";"";"89 459";"20 271";"27 563 510";"2024-09-02 05:50:17"
"2024-09-06";"";"22 150 659";"4 567 611";"27 562 490";"2024-09-06 09:30:02"
"2024-09-09";"";"86 281";"11 817";"27 563 518";"2024-09-09 13:58:20"
"2024-09-03";"";"30 872";"6 019";"27 562 048";"2024-09-03 06:51:08"
"2024-09-02";"";"5 707 034";"801 863";"27 562 397";"2024-09-02 04:37:48"
"2024-09-05";"";"66 309";"8 752";"27 563 219";"2024-09-05 16:01:30"
"2024-09-08";"";"8 087";"39 315";"27 561 219";"2024-09-08 05:02:54"
"2024-09-04";"";"105 977";"22 805";"27 561 929";"2024-09-05 01:22:27"
"2024-09-06";"Facebook";"202 909";"12 690";"27 562 255";"2024-09-06 10:19:55"
"2024-09-07";"";"56 004";"11 305";"27 562 906";"2024-09-07 16:49:13"
"2024-09-08";"";"24 891 510";"1 083 571";"27 562 242";"2024-09-08 04:01:10"
"2024-09-04";"YouTube";"888 398";"112 892";"27 562 419";"2024-09-04 13:10:52"
"2024-09-05";"";"1 220 859";"170 782";"27 561 997";"2024-09-05 04:01:56"
"2024-09-03";"YouTube";"14 952";"93 172";"27 562 343";"2024-09-03 07:04:01"
"2024-09-01";"Telegram";"1 869 077";"273 799";"27 563 147";"2024-09-01 15:36:08"
"2024-09-10";"";"85 126";"10 127";"27 562 837";"2024-09-11 00:33:52"
"2024-09-08";"";"99 920";"65 030";"27 561 272";"2024-09-09 01:10:29"
"2024-09-01";"Telegram";"11 176 418";"1 339 178";"27 561 502";"2024-09-01 07:16:55"
"2024-09-04";"YouTube";"131 621";"7 602";"27 562 977";"2024-09-05 02:23:12"
"2024-09-05";"";"26 887";"3 033";"27 562 791";"2024-09-05 19:40:59"
"2024-09-09";"Facebook";"885 152";"329 531";"27 561 801";"2024-09-09 22:43:26"
"2024-09-01";"";"11 723";"31 081";"27 561 388";"2024-09-01 15:24:08"
"2024-09-04";"";"255 255";"158 959";"27 562 698";"2024-09-05 01:34:02"
"2024-09-05";"";"142 072";"10 136";"27 562 122";"2024-09-05 03:48:22"
"2024-09-07";"YouTube";"6 855 466";"385 975";"27 562 172";"2024-09-07 20:41:54"
"2024-09-07";"Facebook";"82 970";"36 792";"27 562 479";"2024-09-07 05:02:57"
"2024-09-02";"";"253 587";"127 453";"27 562 651";"2024-09-02 19:40:30"
"2024-09-04";"";"32 335";"7 188";"27 561 789";"2024-09-04 22:43:35"
"2024-09-07";"Unknown";"30 901";"12 770";"27 561 725";"2024-09-07 18:51:16"
"2024-09-01";"";"127 608";"110 635";"27 562 146";"2024-09-01 22:43:42"
"2024-09-01";"";"103 375";"8 468";"27 562 520";"2024-09-01 06:03:38"
"2024-09-09";"";"30 442";"9 248";"27 561 804";"2024-09-09 21:30:36"
"2024-09-03";"";"35 225";"10 981";"27 563 022";"2024-09-03 09:06:42"
"2024-09-04";"YouTube";"4 161 612";"294 350";"27 561 725";"2024-09-04 05:02:39"
"2024-09-01";"";"91 697";"62 237";"27 562 826";"2024-09-02 01:34:39"
"2024-09-05";"";"363 650";"97 357";"27 562 059";"2024-09-05 18:27:50"
"2024-09-01";"WhatsApp";"971 461";"1 648 709";"27 562 747";"2024-09-01 21:30:41"
"2024-09-07";"Instagram";"25 891 300";"893 985";"27 561 253";"2024-09-07 16:25:12"
"2024-09-04";"";"205 645";"9 084";"27 562 578";"2024-09-04 04:49:47"
"2024-09-09";"Yandex Video";"1 534 500";"80 480";"27 561 276";"2024-09-09 23:20:09"
"2024-09-02";"";"480 235";"101 682";"27 561 670";"2024-09-02 16:37:59"
"2024-09-07";"YouTube";"72 310";"25 233";"27 563 378";"2024-09-07 10:43:15"
"2024-09-10";"";"116 102";"572 354";"27 562 405";"2024-09-10 19:16:44"
"2024-09-07";"Facebook";"360 294";"14 191";"27 562 915";"2024-09-07 16:25:24"
"2024-09-07";"Yandex Video";"4 710 102";"257 034";"27 563 005";"2024-09-07 03:36:51"
"2024-09-04";"";"58 320";"19 446";"27 561 567";"2024-09-04 09:06:57"
"2024-09-10";"";"834 976";"46 967";"27 561 295";"2024-09-10 18:03:59"
"2024-09-07";"";"366 121";"20 081";"27 562 511";"2024-09-07 21:42:22"
"2024-09-04";"";"224 959";"16 608";"27 561 269";"2024-09-04 10:07:15"
"2024-09-02";"YouTube";"19 254 551";"1 121 837";"27 562 622";"2024-09-02 07:28:03"
"2024-09-10";"Instagram";"429 173";"108 983";"27 563 287";"2024-09-10 07:16:41"
"2024-09-04";"";"337 907";"215 978";"27 562 706";"2024-09-04 16:25:18"
"2024-09-07";"Yandex";"725 413";"30 067";"27 562 083";"2024-09-07 11:20:54"
"2024-09-07";"Instagram";"132 059 482";"2 891 941";"27 563 284";"2024-09-08 02:23:54"
"2024-09-01";"";"56 967";"21 630";"27 562 318";"2024-09-02 00:57:05"
"2024-09-04";"Telegram";"18 905 169";"881 606";"27 562 066";"2024-09-05 02:35:47"
"2024-09-05";"";"66 968";"37 062";"27 563 022";"2024-09-05 17:50:20"
"2024-09-05";"YouTube";"244 932";"26 854";"27 562 601";"2024-09-05 13:46:17"
"2024-09-08";"";"4 700 495";"335 952";"27 561 934";"2024-09-09 02:47:24"
"2024-09-07";"";"115 907";"284 871";"27 561 759";"2024-09-07 05:38:47"
"2024-09-02";"Instagram";"2 506 951";"2 633 129";"27 562 760";"2024-09-02 03:00:40"
"2024-09-07";"";"27 765";"8 701";"27 562 474";"2024-09-07 13:46:04"
"2024-09-09";"YouTube";"514 158";"141 649";"27 563 293";"2024-09-09 10:07:18"
"2024-09-09";"Facebook";"66 624";"7 050";"27 562 298";"2024-09-09 21:54:16"
"2024-09-07";"";"71 009";"60 735";"27 561 380";"2024-09-07 11:44:57"
"2024-09-10";"";"1 994 533";"2 072 564";"27 563 174";"2024-09-10 12:57:50"
"2024-09-05";"Instagram";"448 622";"59 796";"27 561 421";"2024-09-05 05:38:44"
"2024-09-01";"YouTube";"2 083 892";"137 259";"27 563 379";"2024-09-02 02:11:11"
"2024-09-05";"";"70 935";"6 061";"27 563 171";"2024-09-05 07:16:49"
"2024-09-08";"Yandex";"64 420";"104 696";"27 562 572";"2024-09-08 15:36:11"
"2024-09-04";"";"66 453";"49 805";"27 562 470";"2024-09-04 05:38:22"
"2024-09-06";"";"29 705";"5 163";"27 563 223";"2024-09-06 23:08:48"
"2024-09-01";"";"194 400";"10 803";"27 561 787";"2024-09-01 06:03:12"
"2024-09-05";"Instagram";"8 195 379";"359 987";"27 562 051";"2024-09-05 17:26:53"
"2024-09-09";"";"284 490";"61 653";"27 562 883";"2024-09-09 18:03:41"
"2024-09-03";"";"119 156 314";"16 793 308";"27 562 363";"2024-09-03 17:02:16"
"2024-09-02";"Telegram";"4 960 690";"716 717";"27 562 670";"2024-09-02 18:27:14"
"2024-09-10";"";"188 680";"496 809";"27 561 662";"2024-09-10 04:49:14"
"2024-09-04";"";"882 765";"47 105";"27 561 497";"2024-09-04 17:50:58"
"2024-09-04";"";"362 470";"8 857";"27 561 420";"2024-09-05 02:47:53"
"2024-09-08";"";"25 371 342";"1 539 752";"27 563 254";"2024-09-08 17:14:10"
"2024-09-08";"";"2 135 932";"819 188";"27 562 564";"2024-09-08 03:00:31"
"2024-09-06";"";"3 182 479";"3 300 317";"27 563 460";"2024-09-06 15:36:27"
"2024-09-02";"";"26 481";"2 485";"27 563 076";"2024-09-03 01:46:49"
"2024-09-10";"";"749 178";"158 391";"27 563 426";"2024-09-10 12:09:15"
"2024-09-09";"";"152 845";"68 175";"27 563 315";"2024-09-09 07:40:50"
"2024-09-05";"WhatsApp";"105 110";"7 542";"27 561 458";"2024-09-05 23:32:46"
"2024-09-06";"";"38 706";"4 150";"27 562 126";"2024-09-06 19:16:08"
"2024-09-07";"Instagram";"33 068 154";"753 637";"27 563 152";"2024-09-07 10:31:57"
"2024-09-02";"";"148 825";"25 470";"27 563 511";"2024-09-02 10:55:02"
"2024-09-10";"Instagram";"2 036 687";"428 431";"27 561 788";"2024-09-10 09:18:51"
"2024-09-05";"";"33 419";"3 428";"27 562 806";"2024-09-05 10:07:08"
"2024-09-05";"";"80 415";"194 715";"27 561 720";"2024-09-05 21:30:51"
"2024-09-09";"";"908 307";"34 685";"27 562 356";"2024-09-09 11:32:09"
"2024-09-01";"";"16 818 022";"834 988";"27 562 560";"2024-09-01 05:50:10"
"2024-09-10";"Facebook";"1 027 580";"474 199";"27 563 467";"2024-09-10 06:39:17"
"2024-09-04";"";"26 674";"2 977";"27 563 076";"2024-09-04 14:11:56"
"2024-09-02";"";"5 166 901";"6 810 282";"27 562 734";"2024-09-02 10:43:11"
"2024-09-03";"";"48 862";"104 868";"27 561 230";"2024-09-03 13:10:37"
"2024-09-06";"";"82 459";"15 067";"27 562 880";"2024-09-06 17:26:15"
"2024-09-08";"";"132 429";"29 671";"27 562 376";"2024-09-08 07:40:01"
"2024-09-10";"";"33 759";"16 145";"27 561 697";"2024-09-10 11:44:19"
"2024-09-02";"";"89 196";"232 032";"27 562 867";"2024-09-02 15:48:32"
"2024-09-02";"";"27 383";"7 626";"27 561 426";"2024-09-02 20:29:50"
"2024-09-02";"";"112 645";"13 082";"27 561 533";"2024-09-02 18:27:57"
"2024-09-05";"Instagram";"13 415 338";"12 142 445";"27 562 309";"2024-09-05 18:03:37"
"2024-09-06";"";"48 336";"5 754";"27 561 866";"2024-09-06 21:30:00"
"2024-09-07";"";"24 431";"70 680";"27 563 177";"2024-09-08 02:11:51"
"2024-09-01";"Telegram";"1 549 788";"178 177";"27 563 095";"2024-09-01 16:25:59"
"2024-09-05";"Unknown";"116 942";"10 028";"27 563 060";"2024-09-05 13:10:09"
"2024-09-06";"YouTube";"14 295 468";"771 994";"27 562 548";"2024-09-07 01:22:14"
"2024-09-10";"";"623 637";"153 720";"27 561 730";"2024-09-11 00:57:33"
"2024-09-02";"";"29 266";"17 448";"27 562 593";"2024-09-02 13:34:47"
"2024-09-05";"";"24 422";"61 051";"27 563 371";"2024-09-05 12:33:14"
"2024-09-06";"YouTube";"58 689";"176 910";"27 562 328";"2024-09-06 18:39:15"
"2024-09-02";"";"365 972";"54 659";"27 562 222";"2024-09-02 10:31:06"
"2024-09-01";"YouTube";"2 678 822";"161 053";"27 561 715";"2024-09-01 06:15:18"
"2024-09-03";"Yandex";"194 059";"11 596";"27 563 291";"2024-09-04 02:35:16"
"2024-09-04";"";"277 393";"178 315";"27 563 463";"2024-09-04 23:08:57"
"2024-09-10";"";"719 072";"28 918";"27 561 542";"2024-09-10 09:30:39"
"2024-09-04";"";"5 025 640";"126 502";"27 562 156";"2024-09-04 17:02:41"
"2024-09-08";"Facebook";"301 304";"24 042";"27 562 197";"2024-09-08 05:26:13"
"2024-09-02";"PUBG";"601 250";"20 936";"27 562 712";"2024-09-02 13:46:41"
"2024-09-04";"";"144 562";"42 402";"27 563 329";"2024-09-04 07:04:09"
"2024-09-06";"";"43 913";"3 248";"27 562 748";"2024-09-06 04:01:51"
"2024-09-02";"";"164 471";"9 190";"27 562 906";"2024-09-03 00:21:56"
"2024-09-05";"";"67 022";"61 791";"27 563 242";"2024-09-05 08:53:28"
"2024-09-08";"";"262 557";"66 124";"27 562 803";"2024-09-08 04:01:46"
"2024-09-09";"";"140 605";"11 699";"27 563 119";"2024-09-09 03:24:23"
"2024-09-03";"YouTube";"588 835";"317 680";"27 562 170";"2024-09-03 14:35:05"
"2024-09-10";"YouTube";"588 565";"62 622";"27 563 042";"2024-09-10 22:07:31"
"2024-09-03";"";"30 576";"2 944";"27 563 426";"2024-09-03 19:40:35"
"2024-09-01";"";"48 325";"74 104";"27 562 889";"2024-09-01 08:29:24"
"2024-09-01";"";"25 382 338";"536 288";"27 562 642";"2024-09-01 21:06:46"
"2024-09-02";"Telegram";"35 503 501";"1 659 181";"27 562 316";"2024-09-02 05:02:46"
"2024-09-10";"Instagram";"348 391";"52 450";"27 563 106";"2024-09-10 20:41:48"
"2024-09-02";"Facebook";"5 476 100";"1 053 997";"27 562 836";"2024-09-02 12:57:20"
"2024-09-08";"";"496 130";"24 416";"27 563 171";"2024-09-08 13:46:45"
"2024-09-10";"Yandex";"4 158 604";"1 994 070";"27 562 646";"2024-09-10 13:34:26"
"2024-09-05";"";"55 179";"43 640";"27 562 416";"2024-09-05 14:59:28"
"2024-09-10";"";"63 979";"14 105";"27 563 216";"2024-09-10 15:24:00"
"2024-09-04";"";"312 164";"50 522";"27 561 569";"2024-09-05 01:46:26"
"2024-09-01";"";"41 056";"3 286";"27 562 799";"2024-09-01 17:02:23"
"2024-09-01";"VKontakte";"36 910 407";"1 712 581";"27 563 075";"2024-09-01 07:28:09"
"2024-09-02";"";"33 828";"10 826";"27 561 825";"2024-09-02 17:14:26"
"2024-09-05";"";"47 695";"6 056";"27 563 036";"2024-09-05 18:51:57"
"2024-09-01";"";"36 726";"30 902";"27 563 378";"2024-09-01 23:08:16"
"2024-09-08";"";"70 183";"9 516";"27 561 591";"2024-09-08 22:19:16"
"2024-09-04";"";"29 648";"7 699";"27 563 029";"2024-09-04 06:27:13"
"2024-09-09";"";"7 235 481";"354 147";"27 561 222";"2024-09-09 15:48:56"
"2024-09-07";"";"1 851 109";"84 245";"27 561 752";"2024-09-07 21:54:33"
"2024-09-07";"";"55 368";"14 331";"27 563 403";"2024-09-07 06:39:36"
"2024-09-06";"";"133 869";"83 017";"27 562 036";"2024-09-07 01:46:08"
"2024-09-08";"";"2 045 697";"74 979";"27 563 518";"2024-09-08 15:36:26"
"2024-09-10";"";"1 707 767";"80 466";"27 561 997";"2024-09-10 20:53:02"
"2024-09-03";"";"18 970";"27 529";"27 562 326";"2024-09-03 14:59:44"
"2024-09-05";"";"53 415";"22 983";"27 562 291";"2024-09-05 09:18:43"
"2024-09-03";"";"152 176";"10 400";"27 563 041";"2024-09-03 03:36:05"
"2024-09-08";"";"1 066 741";"271 765";"27 562 047";"2024-09-08 05:26:05"
"2024-09-10";"VKontakte";"20 898 202";"802 672";"27 563 424";"2024-09-10 05:14:48"
"2024-09-09";"";"117 901";"14 323";"27 561 221";"2024-09-09 11:44:02"
"2024-09-02";"";"122 131";"68 652";"27 562 044";"2024-09-02 10:43:47"
"2024-09-08";"";"29 230";"2 152";"27 563 390";"2024-09-08 17:02:13"
"2024-09-10";"WhatsApp";"1 257 554";"2 092 071";"27 561 610";"2024-09-10 20:05:16"
"2024-09-05";"Instagram";"26 730 969";"1 164 838";"27 563 420";"2024-09-05 10:07:18"
"2024-09-08";"";"1 057 521";"161 447";"27 563 107";"2024-09-08 11:08:09"
"2024-09-03";"YouTube";"85 953 040";"5 759 481";"27 561 902";"2024-09-03 04:01:25"
"2024-09-05";"";"53 728";"4 596";"27 561 344";"2024-09-05 07:04:43"
"2024-09-10";"Unknown";"3 365 428";"239 433";"27 563 458";"2024-09-10 16:01:48"
"2024-09-10";"Tas-ix";"74 876";"3 026";"27 561 480";"2024-09-11 01:22:59"
"2024-09-09";"Instagram";"496 543";"89 193";"27 562 641";"2024-09-09 19:16:37"
"2024-09-10";"";"57 082";"88 014";"27 563 000";"2024-09-10 19:16:10"
"2024-09-05";"";"54 062 915";"1 942 476";"27 562 364";"2024-09-06 02:11:13"
"2024-09-09";"";"4 001 468";"185 967";"27 562 437";"2024-09-09 14:35:54"
"2024-09-10";"";"481 940";"46 110";"27 562 393";"2024-09-10 05:50:00"
"2024-09-06";"";"76 740";"4 904";"27 561 592";"2024-09-06 23:44:36"
"2024-09-02";"Instagram";"12 871 191";"20 052 079";"27 562 100";"2024-09-03 01:10:12"
"2024-09-02";"Likee";"243 486";"125 507";"27 561 611";"2024-09-02 20:53:29"
"2024-09-01";"";"2 819 167";"289 685";"27 563 154";"2024-09-01 15:12:08"
"2024-09-05";"";"117 080";"27 770";"27 562 775";"2024-09-05 13:10:08"
"2024-09-05";"";"1 314 930";"703 209";"27 561 772";"2024-09-05 06:39:21"
"2024-09-01";"";"319 047";"24 423";"27 562 365";"2024-09-01 09:30:14"
"2024-09-05";"";"29 759";"16 817";"27 561 989";"2024-09-05 19:16:45"
"2024-09-01";"";"38 184";"79 615";"27 561 567";"2024-09-01 10:19:37"
"2024-09-05";"Instagram";"80 050";"22 536";"27 561 636";"2024-09-05 13:46:05"
"2024-09-06";"";"120 339";"20 490";"27 562 156";"2024-09-07 00:09:28"
"2024-09-09";"";"116 928";"46 484";"27 561 288";"2024-09-09 23:32:14"
"2024-09-01";"Instagram";"65 342";"7 274";"27 562 647";"2024-09-01 19:16:06"
"2024-09-07";"";"596 769";"25 611";"27 563 030";"2024-09-07 15:00:43"
"2024-09-08";"";"11 377";"71 513";"27 561 290";"2024-09-08 21:30:48"
"2024-09-07";"";"40 516";"56 097";"27 562 675";"2024-09-07 16:13:06"
"2024-09-03";"YouTube";"442 425";"59 114";"27 562 397";"2024-09-03 14:59:35"
"2024-09-05";"";"80 627 182";"3 231 183";"27 561 796";"2024-09-05 16:25:23"
"2024-09-10";"";"52 678";"2 577";"27 562 401";"2024-09-10 10:55:12"
"2024-09-07";"";"150 991";"26 695";"27 563 189";"2024-09-07 17:26:36"
"2024-09-06";"";"130 050";"7 437";"27 563 082";"2024-09-06 18:27:54"
"2024-09-05";"";"41 650";"2 723";"27 563 087";"2024-09-06 00:33:23"
"2024-09-03";"";"29 000";"13 188";"27 562 753";"2024-09-03 23:08:01"
"2024-09-07";"";"36 897";"4 616";"27 562 455";"2024-09-07 20:53:55"
"2024-09-03";"YouTube";"11 441 455";"650 733";"27 561 794";"2024-09-03 07:28:21"
"2024-09-01";"";"146 193";"372 858";"27 561 462";"2024-09-01 06:51:30"
"2024-09-06";"Facebook";"720 987";"331 074";"27 562 695";"2024-09-07 00:21:20"
"2024-09-09";"";"472 275";"125 523";"27 561 344";"2024-09-09 09:18:37"
"2024-09-01";"";"137 295";"4 576";"27 561 401";"2024-09-01 10:31:38"
"2024-09-01";"Instagram";"18 841 738";"769 606";"27 561 562";"2024-09-01 11:44:33"
"2024-09-09";"YouTube";"1 161 697";"42 223";"27 563 098";"2024-09-09 11:20:39"
"2024-09-05";"Unknown";"388 308";"78 808";"27 561 840";"2024-09-05 07:16:51"
"2024-09-08";"";"20 570";"31 442";"27 563 390";"2024-09-08 07:52:40"
"2024-09-05";"";"35 801";"30 416";"27 563 094";"2024-09-05 04:37:02"
"2024-09-04";"Instagram";"11 940 448";"417 887";"27 561 367";"2024-09-04 18:15:43"
"2024-09-01";"YouTube";"30 405";"9 009";"27 562 168";"2024-09-01 09:54:34"
"2024-09-02";"";"81 605";"13 276";"27 561 862";"2024-09-02 12:21:48"
"2024-09-06";"";"513 672";"29 981";"27 561 888";"2024-09-06 08:53:36"
"2024-09-07";"";"62 666";"8 500";"27 562 698";"2024-09-07 09:06:51"
"2024-09-10";"";"447 711";"99 934";"27 561 984";"2024-09-10 16:25:16"
"2024-09-05";"";"57 132 860";"3 692 191";"27 562 535";"2024-09-05 06:51:30"
"2024-09-06";"Instagram";"47 642 554";"1 027 914";"27 563 168";"2024-09-06 07:28:44"
"2024-09-10";"";"52 037 439";"2 472 517";"27 563 442";"2024-09-10 07:16:59"
"2024-09-08";"Instagram";"90 480";"5 092";"27 563 060";"2024-09-08 07:52:55"
"2024-09-10";"";"1 300";"56 968";"27 562 007";"2024-09-10 23:08:42"
"2024-09-10";"";"608 927";"35 242";"27 563 443";"2024-09-10 12:09:21"
"2024-09-05";"YouTube";"41 801";"54 311";"27 562 894";"2024-09-05 19:52:01"
"2024-09-03";"Telegram";"67 527 748";"3 671 861";"27 563 403";"2024-09-03 12:09:36"
"2024-09-01";"";"119 157";"10 091";"27 562 352";"2024-09-01 11:08:32"
"2024-09-07";"";"51 871 623";"1 860 594";"27 561 908";"2024-09-07 12:57:22"
"2024-09-09";"";"27 647";"2 031";"27 562 497";"2024-09-09 17:38:56"
"2024-09-08";"";"114 829";"6 509";"27 563 360";"2024-09-08 21:18:13"
"2024-09-05";"";"46 883";"7 259";"27 562 069";"2024-09-06 01:22:01"
"2024-09-03";"";"281 099";"24 663";"27 561 884";"2024-09-03 05:02:57"
"2024-09-05";"";"26 607 791";"1 357 190";"27 562 224";"2024-09-05 16:01:49"
"2024-09-02";"";"424 840";"50 040";"27 562 508";"2024-09-02 19:40:08"
"2024-09-04";"Yandex";"1 951 839";"91 766";"27 563 216";"2024-09-04 08:05:36"
"2024-09-10";"";"66 939";"24 928";"27 561 482";"2024-09-10 22:07:18"
"2024-09-05";"";"2 359 922";"302 016";"27 562 175";"2024-09-05 05:38:39"
"2024-09-08";"YouTube";"796 289";"415 067";"27 563 098";"2024-09-08 07:16:53"
"2024-09-07";"";"165 522";"103 427";"27 561 361";"2024-09-07 08:29:49"
"2024-09-04";"";"1 331 429";"106 154";"27 561 331";"2024-09-04 10:43:35"
"2024-09-01";"";"224 570";"95 048";"27 562 402";"2024-09-01 13:58:16"
"2024-09-04";"YouTube";"814 345";"56 110";"27 563 122";"2024-09-05 02:35:04"
"2024-09-09";"";"918 490";"141 415";"27 561 193";"2024-09-09 20:05:39"
"2024-09-06";"Odnoklassniki";"107 275";"18 770";"27 562 350";"2024-09-07 00:45:00"
"2024-09-07";"";"242 147";"103 944";"27 561 295";"2024-09-07 14:11:40"
"2024-09-02";"";"118 659";"107 723";"27 562 088";"2024-09-02 17:02:43"
"2024-09-10";"Facebook";"4 669 855";"183 227";"27 562 456";"2024-09-10 21:42:50"
"2024-09-08";"";"0";"74 093";"27 563 469";"2024-09-08 08:53:20"
"2024-09-10";"";"184 309";"93 275";"27 563 189";"2024-09-10 03:24:15"
"2024-09-09";"";"8 815 540";"530 593";"27 561 275";"2024-09-09 08:53:41"
"2024-09-09";"";"34 172";"3 376";"27 561 569";"2024-09-09 15:48:15"
"2024-09-04";"YouTube";"1 846 954";"394 343";"27 562 886";"2024-09-04 12:57:32"
"2024-09-07";"YouTube";"200 018";"10 900";"27 561 237";"2024-09-07 09:18:09"
"2024-09-09";"";"25 488";"43 481";"27 562 993";"2024-09-09 20:29:29"
"2024-09-02";"";"69 017";"37 128";"27 562 593";"2024-09-02 20:05:41"
"2024-09-10";"";"190 190";"98 748";"27 562 604";"2024-09-10 05:38:09"
"2024-09-01";"";"36 555";"6 660";"27 562 533";"2024-09-01 18:15:12"
"2024-09-09";"";"88 027";"4 903";"27 563 445";"2024-09-09 05:50:29"
"2024-09-06";"Instagram";"6 497 361";"158 974";"27 562 878";"2024-09-06 10:55:23"
"2024-09-10";"";"22 319";"192 274";"27 561 424";"2024-09-10 12:33:45"
"2024-09-05";"";"32 083";"12 247";"27 562 456";"2024-09-05 05:50:23"
"2024-09-10";"";"727 212";"98 963";"27 561 806";"2024-09-11 02:35:41"
"2024-09-09";"";"54 443";"2 276";"27 563 235";"2024-09-09 10:19:27"
"2024-09-02";"";"1 837 493";"102 956";"27 561 687";"2024-09-02 04:49:24"
"2024-09-07";"";"54 007";"4 613";"27 562 445";"2024-09-07 15:00:46"
"2024-09-02";"Instagram";"5 531 671";"475 280";"27 561 744";"2024-09-02 18:51:09"
"2024-09-05";"";"877 151";"58 528";"27 563 009";"2024-09-05 18:39:56"
"2024-09-08";"";"1 036 572";"64 905";"27 561 232";"2024-09-09 00:57:34"
"2024-09-07";"";"774 752";"114 984";"27 561 506";"2024-09-07 11:56:17"
"2024-09-09";"Yandex";"99 601";"35 941";"27 563 514";"2024-09-09 17:02:35"
"2024-09-03";"";"30 503";"4 663";"27 563 092";"2024-09-03 09:06:51"
"2024-09-02";"";"30 972";"8 085";"27 562 264";"2024-09-02 12:57:30"
"2024-09-02";"YouTube";"513 736";"73 969";"27 562 097";"2024-09-02 20:05:57"
"2024-09-06";"";"82 556";"6 504";"27 563 058";"2024-09-06 23:20:50"
"2024-09-06";"";"7 698";"40 717";"27 562 193";"2024-09-06 10:55:04"
"2024-09-03";"";"53 482";"9 220";"27 563 030";"2024-09-03 17:02:27"
"2024-09-08";"Telegram";"49 890 023";"2 721 916";"27 562 701";"2024-09-08 06:39:39"
"2024-09-08";"Yandex";"539 403";"804 616";"27 563 143";"2024-09-08 22:19:00"
"2024-09-05";"VKontakte";"952 624";"727 178";"27 561 306";"2024-09-05 21:42:58"
"2024-09-04";"";"222 487";"115 178";"27 562 365";"2024-09-04 12:45:16"
"2024-09-09";"";"119 259";"88 035";"27 562 238";"2024-09-09 09:54:32"
"2024-09-04";"";"362 436";"35 944";"27 562 615";"2024-09-04 07:40:23"
"2024-09-02";"";"66 564";"42 294";"27 563 213";"2024-09-02 21:18:08"
"2024-09-04";"";"56 981";"8 774";"27 561 485";"2024-09-04 22:55:57"
"2024-09-07";"Instagram";"26 201 128";"781 786";"27 562 824";"2024-09-07 05:14:09"
"2024-09-07";"";"122 785";"34 861";"27 562 624";"2024-09-07 17:26:16"
"2024-09-10";"Facebook";"3 367 021";"1 068 777";"27 561 171";"2024-09-11 01:58:17"
"2024-09-01";"";"34 163";"15 334";"27 563 136";"2024-09-01 12:57:14"
"2024-09-07";"Instagram";"14 122 687";"597 294";"27 562 142";"2024-09-07 16:01:19"
"2024-09-08";"Yandex";"282 884";"117 987";"27 562 708";"2024-09-09 02:11:48"
"2024-09-04";"";"59 546";"33 480";"27 562 903";"2024-09-04 05:26:30"
"2024-09-08";"";"213 792";"17 444";"27 561 312";"2024-09-08 23:56:32"
"2024-09-05";"";"58 336";"23 803";"27 563 075";"2024-09-05 14:59:41"
"2024-09-03";"";"142 299";"16 107";"27 562 156";"2024-09-03 09:06:24"
"2024-09-04";"";"54 387";"2 224";"27 562 341";"2024-09-04 22:31:26"
"2024-09-10";"";"69 576";"3 055";"27 561 970";"2024-09-10 10:31:06"
"2024-09-09";"YouTube";"828 194";"953 267";"27 561 801";"2024-09-09 16:01:54"
"2024-09-09";"";"4 989 567";"11 915 170";"27 563 000";"2024-09-09 04:37:27"
"2024-09-02";"Instagram";"8 524 483";"3 008 184";"27 563 284";"2024-09-02 22:07:06"
"2024-09-07";"";"16 398";"26 166";"27 563 012";"2024-09-07 15:24:05"
"2024-09-02";"";"791 794";"502 018";"27 561 173";"2024-09-02 23:32:38"
"2024-09-06";"Yandex";"58 486";"183 540";"27 563 225";"2024-09-06 13:46:20"
"2024-09-10";"";"1 065 115";"54 124";"27 562 445";"2024-09-11 02:59:32"
"2024-09-04";"";"12 744";"28 051";"27 562 141";"2024-09-04 22:55:47"
"2024-09-10";"Telegram";"17 517 632";"1 144 267";"27 562 832";"2024-09-10 06:39:18"
"2024-09-09";"";"48 435";"4 190";"27 561 224";"2024-09-09 20:05:46"
"2024-09-03";"";"79 860";"5 536";"27 563 096";"2024-09-03 07:16:13"
"2024-09-06";"Facebook";"463 028";"50 572";"27 563 295";"2024-09-06 03:00:36"
"2024-09-10";"";"62 230";"61 872";"27 561 232";"2024-09-11 01:22:41"
"2024-09-02";"YouTube";"74 945";"10 580";"27 562 102";"2024-09-02 16:25:15"
"2024-09-05";"";"14 959 684";"3 062 266";"27 563 052";"2024-09-05 17:50:39"
"2024-09-01";"";"93 409";"333 568";"27 563 136";"2024-09-01 20:17:09"
"2024-09-07";"";"212 708";"19 661";"27 561 951";"2024-09-07 04:49:43"
"2024-09-09";"TikTok";"115 300";"5 387 200";"27 561 222";"2024-09-09 23:20:05"
"2024-09-06";"";"92 685";"7 393";"27 561 567";"2024-09-07 01:58:40"
"2024-09-08";"";"2 733 652";"139 676";"27 562 534";"2024-09-08 03:48:53"
"2024-09-09";"";"67 556";"7 095";"27 562 063";"2024-09-09 14:11:26"
"2024-09-03";"";"21 960 457";"6 516 634";"27 561 575";"2024-09-03 14:11:10"
"2024-09-04";"";"201 109";"92 147";"27 563 082";"2024-09-04 03:36:52"
"2024-09-07";"";"86 646";"6 474";"27 561 924";"2024-09-07 03:00:31"
"2024-09-02";"";"65 030";"11 631";"27 563 326";"2024-09-02 08:41:46"
"2024-09-06";"";"421 732";"25 189";"27 561 689";"2024-09-06 20:41:29"
"2024-09-05";"WhatsApp";"44 776";"4 297";"27 563 174";"2024-09-05 20:53:10"
"2024-09-04";"";"364 001";"18 995";"27 562 905";"2024-09-04 07:16:49"
"2024-09-03";"";"46 441";"7 542";"27 562 290";"2024-09-03 10:43:59"
"2024-09-02";"";"159 357";"13 094";"27 562 906";"2024-09-02 14:11:44"
"2024-09-10";"Telegram";"25 944 699";"6 763 600";"27 562 673";"2024-09-10 22:19:22"
"2024-09-08";"YouTube";"4 452 172";"274 363";"27 561 607";"2024-09-09 02:35:45"
"2024-09-10";"";"116 905";"75 611";"27 562 240";"2024-09-10 15:36:05"
"2024-09-07";"";"109 054 352";"12 985 706";"27 563 417";"2024-09-07 13:58:00"
"2024-09-02";"Instagram";"9 948 443";"361 270";"27 562 259";"2024-09-02 12:33:17"
"2024-09-05";"";"52 681";"3 971";"27 562 608";"2024-09-05 15:12:26"
"2024-09-08";"Facebook";"291 647";"264 872";"27 561 840";"2024-09-08 10:19:45"
"2024-09-08";"YouTube";"41 334";"469 745";"27 561 298";"2024-09-09 02:59:10"
"2024-09-02";"";"525 888";"16 534";"27 563 284";"2024-09-03 01:22:24"
"2024-09-02";"YouTube";"1 803 010";"136 386";"27 561 593";"2024-09-02 07:16:13"
"2024-09-08";"";"240 031";"13 474";"27 562 505";"2024-09-08 20:05:15"
"2024-09-09";"";"176 755";"34 549";"27 561 361";"2024-09-09 11:44:13"
"2024-09-05";"";"196 228";"8 902";"27 562 780";"2024-09-05 05:50:11"
"2024-09-09";"";"417 559 584";"242 656 497";"27 562 988";"2024-09-09 12:21:00"
"2024-09-06";"";"1 499 311";"184 600";"27 563 113";"2024-09-07 02:11:39"
"2024-09-02";"";"49 746";"135 981";"27 562 439";"2024-09-02 18:27:57"
"2024-09-09";"";"31 537";"2 783";"27 562 563";"2024-09-09 03:00:43"
"2024-09-02";"";"845 688";"318 779";"27 563 076";"2024-09-02 14:47:04"
"2024-09-01";"";"1 344 692";"787 694";"27 561 557";"2024-09-01 13:46:23"
"2024-09-02";"YouTube";"4 665 334";"236 825";"27 562 236";"2024-09-02 18:39:01"
"2024-09-06";"";"286 939";"80 340";"27 562 681";"2024-09-06 10:19:12"
"2024-09-10";"";"2 443 525";"326 845";"27 561 305";"2024-09-10 05:50:43"
"2024-09-02";"";"40 840";"2 917";"27 561 662";"2024-09-02 08:17:17"
"2024-09-01";"";"743 570";"10 366 236";"27 561 480";"2024-09-01 17:26:38"
"2024-09-03";"Facebook";"567 613";"7 153 040";"27 563 453";"2024-09-04 00:33:46"
"2024-09-02";"Telegram";"28 556 767";"3 079 351";"27 562 801";"2024-09-02 17:38:41"
"2024-09-03";"";"93 996 571";"65 556 239";"27 561 557";"2024-09-03 21:30:08"
"2024-09-05";"";"144 864";"376 987";"27 563 101";"2024-09-05 22:31:58"
"2024-09-02";"";"116 717";"8 756";"27 563 134";"2024-09-02 04:13:54"
"2024-09-04";"";"30 604";"59 515";"27 563 507";"2024-09-05 02:59:01"
"2024-09-07";"";"1 331 031";"131 040";"27 563 403";"2024-09-07 18:51:40"
"2024-09-05";"YouTube";"5 354 407";"240 369";"27 561 655";"2024-09-05 19:16:27"
"2024-09-10";"";"1 412 911";"52 131";"27 563 096";"2024-09-10 13:22:10"
"2024-09-07";"YouTube";"834 540";"5 035 095";"27 561 222";"2024-09-07 06:15:16"
"2024-09-03";"";"2 762 983";"62 821";"27 561 785";"2024-09-03 23:44:58"
"2024-09-10";"";"603 692";"76 411";"27 562 674";"2024-09-10 18:03:21"
"2024-09-04";"";"143 995";"392 283";"27 562 656";"2024-09-05 01:58:22"
"2024-09-02";"";"69 539";"174 115";"27 561 836";"2024-09-02 09:54:36"
"2024-09-10";"";"58 937";"2 628";"27 563 419";"2024-09-10 08:05:15"
"2024-09-05";"";"385 484";"25 248";"27 562 996";"2024-09-05 23:32:27"
"2024-09-10";"";"333 976";"33 249";"27 561 181";"2024-09-10 04:25:12"
"2024-09-06";"";"35 818";"28 216";"27 563 304";"2024-09-06 05:14:40"
"2024-09-08";"";"46 434";"37 925";"27 563 203";"2024-09-09 02:59:03"
"2024-09-10";"";"771 531";"218 960";"27 562 812";"2024-09-10 14:11:04"
"2024-09-04";"YouTube";"23 821 607";"1 297 988";"27 562 607";"2024-09-04 22:55:35"
"2024-09-02";"Facebook";"39 904";"427 954";"27 562 699";"2024-09-02 05:38:58"
"2024-09-10";"";"235 985";"809 525";"27 563 211";"2024-09-11 01:10:15"
"2024-09-04";"Telegram";"12 400 602";"1 448 903";"27 562 582";"2024-09-04 20:05:15"
"2024-09-07";"";"11 109 339";"594 187";"27 561 356";"2024-09-08 01:46:35"
"2024-09-06";"";"11 220";"621 315";"27 563 041";"2024-09-06 18:15:25"
"2024-09-03";"";"52 254";"6 778";"27 561 422";"2024-09-03 19:52:50"
"2024-09-10";"Telegram";"71 924";"6 292";"27 562 403";"2024-09-10 03:36:02"
"2024-09-07";"Instagram";"3 230 836";"138 191";"27 562 840";"2024-09-07 06:27:30"
"2024-09-08";"";"53 188";"32 762";"27 561 302";"2024-09-08 09:30:19"
"2024-09-07";"Yandex";"2 904 552";"2 843 932";"27 563 512";"2024-09-07 07:04:04"
"2024-09-07";"";"2 061 784";"78 384";"27 563 191";"2024-09-07 19:28:41"
"2024-09-06";"Telegram";"1 012 120";"62 391";"27 562 278";"2024-09-06 10:31:05"
"2024-09-09";"";"54 707";"47 102";"27 563 496";"2024-09-09 04:49:58"
"2024-09-08";"";"67 329";"4 222";"27 561 815";"2024-09-08 10:31:55"
"2024-09-05";"";"155 092";"19 435";"27 563 110";"2024-09-06 02:47:05"
"2024-09-05";"PUBG";"10 418 932";"391 367";"27 562 087";"2024-09-05 06:39:42"
"2024-09-03";"";"202 571";"108 553";"27 563 418";"2024-09-03 15:24:51"
"2024-09-06";"";"181 325";"10 116";"27 561 796";"2024-09-06 20:41:54"
"2024-09-02";"";"13 086";"29 452";"27 563 489";"2024-09-02 13:58:05"
"2024-09-08";"";"62 166";"2 740";"27 561 379";"2024-09-08 13:46:49"
"2024-09-02";"Likee";"38 180";"10 600";"27 562 781";"2024-09-02 15:00:07"
"2024-09-07";"";"1 713 263";"59 611";"27 561 171";"2024-09-07 21:54:28"
"2024-09-08";"";"77 118";"6 609";"27 562 028";"2024-09-08 18:27:57"
"2024-09-01";"WhatsApp";"3 631 121";"212 844";"27 562 476";"2024-09-01 08:05:39"
"2024-09-03";"";"1 741 824";"280 427";"27 561 428";"2024-09-03 14:11:02"
"2024-09-01";"";"2 564 983";"85 635";"27 561 424";"2024-09-01 13:58:46"
"2024-09-02";"";"254 612";"607 614";"27 561 421";"2024-09-02 05:26:42"
"2024-09-05";"";"502 630";"25 154";"27 563 096";"2024-09-05 03:24:57"
"2024-09-04";"";"152 415";"6 179";"27 562 445";"2024-09-04 05:14:25"
"2024-09-09";"Telegram";"195 787 747";"15 261 350";"27 561 290";"2024-09-09 12:57:50"
"2024-09-10";"Instagram";"56 469 770";"1 967 932";"27 562 641";"2024-09-10 09:42:37"
"2024-09-03";"Facebook";"15 409 840";"4 303 669";"27 563 180";"2024-09-03 08:29:35"
"2024-09-08";"";"120 434";"110 931";"27 563 098";"2024-09-08 08:05:33"
"2024-09-07";"";"787 867";"58 580";"27 563 305";"2024-09-07 18:27:04"
"2024-09-01";"";"94 459";"5 096";"27 563 287";"2024-09-01 06:15:35"
"2024-09-03";"Unknown";"91 414";"20 920";"27 563 124";"2024-09-03 17:14:43"
"2024-09-01";"Instagram";"969 949";"559 623";"27 562 747";"2024-09-01 07:52:55"
"2024-09-04";"";"33 873";"1 761";"27 562 098";"2024-09-04 21:54:56"
"2024-09-01";"";"584 437";"50 951";"27 561 626";"2024-09-01 15:48:53"
"2024-09-07";"";"222 996";"8 907";"27 563 392";"2024-09-07 18:03:39"
"2024-09-07";"";"3 329 863";"931 348";"27 561 428";"2024-09-07 14:11:12"
"2024-09-03";"";"60 907";"7 354";"27 561 312";"2024-09-03 08:41:22"
"2024-09-05";"";"29 695";"9 611";"27 562 149";"2024-09-05 21:06:33"
"2024-09-02";"Yandex";"27 631";"29 405";"27 562 080";"2024-09-02 15:36:30"
"2024-09-05";"YouTube";"1 822 040";"129 890";"27 563 254";"2024-09-05 13:10:19"
"2024-09-07";"";"68 803";"60 732";"27 561 884";"2024-09-07 10:55:35"
"2024-09-07";"";"158 328";"14 567";"27 563 271";"2024-09-08 02:35:48"
"2024-09-09";"YouTube";"6 189 488";"365 278";"27 563 247";"2024-09-09 09:06:27"
"2024-09-02";"Instagram";"6 657 523";"4 969 303";"27 562 459";"2024-09-02 05:26:48"
"2024-09-01";"";"70 496";"8 908";"27 563 502";"2024-09-01 15:24:14"
"2024-09-04";"";"171 854";"438 630";"27 562 633";"2024-09-04 23:44:44"
"2024-09-03";"Facebook";"632 138";"43 792";"27 563 335";"2024-09-03 21:30:39"
"2024-09-01";"";"303 560";"14 887";"27 562 116";"2024-09-01 18:27:04"
"2024-09-08";"";"18 990";"30 543";"27 563 342";"2024-09-09 00:33:15"
"2024-09-02";"";"41 390";"25 698";"27 562 445";"2024-09-02 11:08:10"
"2024-09-04";"";"39 622";"8 607";"27 562 978";"2024-09-04 16:49:02"
"2024-09-06";"";"5 009 824";"169 533";"27 562 097";"2024-09-06 16:37:13"
"2024-09-05";"";"399 104";"19 873";"27 561 629";"2024-09-05 12:57:49"
"2024-09-07";"Instagram";"196 528";"40 678";"27 561 936";"2024-09-07 17:26:32"
"2024-09-02";"";"32 534";"2 554";"27 562 257";"2024-09-02 03:48:50"
"2024-09-06";"";"361 732 741";"46 331 496";"27 563 392";"2024-09-06 16:37:42"
"2024-09-08";"";"41 655";"42 087";"27 563 281";"2024-09-08 09:42:57"
"2024-09-09";"";"94 711";"32 296";"27 562 012";"2024-09-10 02:47:10"
"2024-09-03";"";"31 731";"9 555";"27 561 706";"2024-09-03 09:06:52"
"2024-09-08";"";"39 731";"3 084";"27 563 145";"2024-09-09 02:35:08"
"2024-09-07";"WhatsApp";"79 572";"47 485";"27 562 057";"2024-09-07 04:37:10"
"2024-09-06";"";"210 793";"77 858";"27 562 292";"2024-09-06 06:51:06"
"2024-09-03";"Yandex";"238 167";"96 131";"27 561 753";"2024-09-03 05:38:42"
"2024-09-02";"";"30 307";"2 161";"27 562 859";"2024-09-02 23:08:24"
"2024-09-02";"Unknown";"87 399";"16 512";"27 563 414";"2024-09-02 18:51:19"
"2024-09-08";"Instagram";"1 083 162";"100 145";"27 563 073";"2024-09-08 14:47:13"
"2024-09-03";"";"13 183 365";"294 593";"27 562 774";"2024-09-03 17:38:19"
"2024-09-10";"";"28 036";"2 607";"27 562 893";"2024-09-10 22:43:06"
"2024-09-10";"YouTube";"1 457 124";"84 472";"27 563 507";"2024-09-10 07:16:55"
"2024-09-05";"";"15 473";"28 805";"27 563 106";"2024-09-06 01:58:22"
"2024-09-07";"";"27 368";"6 906";"27 562 504";"2024-09-07 05:14:42"
"2024-09-06";"Yandex";"661 324";"82 906";"27 562 992";"2024-09-06 17:50:02"
"2024-09-02";"";"190 850";"48 600";"27 561 772";"2024-09-02 05:50:54"
"2024-09-03";"YouTube";"129 927";"20 923";"27 563 148";"2024-09-03 13:10:08"
"2024-09-08";"Facebook";"704 722";"37 247";"27 562 628";"2024-09-08 12:09:39"
"2024-09-04";"Instagram";"65 538 990";"1 062 587";"27 562 580";"2024-09-04 20:17:15"
"2024-09-05";"Instagram";"25 849 355";"1 086 933";"27 562 427";"2024-09-05 11:08:22"
"2024-09-09";"";"64 999";"6 062";"27 563 073";"2024-09-10 00:21:50"
"2024-09-09";"";"35 134";"4 447";"27 563 186";"2024-09-09 08:41:35"
"2024-09-08";"";"236 544";"73 557";"27 563 509";"2024-09-09 00:21:41"
"2024-09-08";"Yandex";"155 754";"103 568";"27 563 191";"2024-09-08 05:02:13"
"2024-09-07";"";"33 045";"4 648";"27 562 748";"2024-09-07 16:13:16"
"2024-09-09";"Instagram";"2 755 977";"1 665 349";"27 561 871";"2024-09-10 01:46:53"
"2024-09-09";"YouTube";"4 773 687";"1 544 172";"27 562 316";"2024-09-09 06:39:58"
"2024-09-06";"";"31 324";"10 143";"27 561 971";"2024-09-06 22:07:54"
"2024-09-05";"Instagram";"104 243 888";"2 379 537";"27 563 076";"2024-09-05 20:05:34"
"2024-09-08";"YouTube";"90 973";"7 711 265";"27 563 271";"2024-09-08 09:18:22"
"2024-09-10";"";"116 003";"15 668";"27 561 651";"2024-09-10 10:31:56"
"2024-09-02";"Telegram";"3 831 202";"364 391";"27 562 885";"2024-09-02 12:33:15"
"2024-09-03";"";"272 655";"13 093";"27 562 675";"2024-09-03 07:28:37"
"2024-09-05";"Yandex";"126 440";"132 176";"27 563 199";"2024-09-05 19:16:06"
"2024-09-04";"YouTube";"37 760";"2 904";"27 561 775";"2024-09-04 11:44:46"
"2024-09-05";"YouTube";"9 661 823";"694 842";"27 562 710";"2024-09-05 20:05:06"
"2024-09-08";"";"186 784";"64 767";"27 563 458";"2024-09-08 10:31:55"
"2024-09-05";"";"133 390";"37 473";"27 561 536";"2024-09-05 10:43:28"
"2024-09-06";"";"832 395";"36 276";"27 563 107";"2024-09-06 18:51:46"
"2024-09-03";"";"157 620";"7 026";"27 562 328";"2024-09-03 09:06:26"
"2024-09-09";"";"27 799";"9 132";"27 563 289";"2024-09-09 22:31:09"
"2024-09-07";"";"187 448";"9 313";"27 562 595";"2024-09-07 12:21:47"
"2024-09-05";"";"30 861";"13 779";"27 562 276";"2024-09-05 03:00:26"
"2024-09-10";"Instagram";"1 669 948";"1 554 189";"27 562 096";"2024-09-10 04:37:21"
"2024-09-07";"";"965 074";"185 467";"27 562 998";"2024-09-07 08:41:45"
"2024-09-06";"";"332 991";"120 264";"27 562 202";"2024-09-06 18:15:32"
"2024-09-04";"YouTube";"602 701";"4 176 574";"27 562 371";"2024-09-04 14:35:32"
"2024-09-09";"";"10 942 408";"1 208 867";"27 561 435";"2024-09-09 06:15:12"
"2024-09-07";"";"562 595";"111 339";"27 562 825";"2024-09-07 17:14:19"
"2024-09-05";"";"26 989";"160 270";"27 563 328";"2024-09-05 14:59:12"
"2024-09-04";"";"561 896";"88 299";"27 561 303";"2024-09-04 14:35:21"
"2024-09-02";"";"83 110";"15 627";"27 562 812";"2024-09-02 04:37:27"
"2024-09-03";"";"93 167";"10 810";"27 561 547";"2024-09-03 12:57:19"
"2024-09-06";"";"7 760 877";"199 014";"27 562 222";"2024-09-06 06:51:38"
"2024-09-05";"Yandex";"173 306";"600 994";"27 562 593";"2024-09-05 15:00:03"
"2024-09-10";"Likee";"5 258 714";"247 411";"27 562 762";"2024-09-11 00:45:41"
"2024-09-06";"";"174 961";"124 087";"27 561 668";"2024-09-06 11:08:50"
"2024-09-03";"";"51 126";"6 464";"27 563 218";"2024-09-03 17:50:35"
"2024-09-02";"";"29 496";"13 233";"27 561 838";"2024-09-02 12:09:07"
"2024-09-05";"";"304 520";"47 288";"27 561 510";"2024-09-05 19:28:38"
"2024-09-06";"";"65 374 759";"5 506 246";"27 561 582";"2024-09-06 08:05:30"
"2024-09-09";"";"8 413 923";"406 249";"27 562 428";"2024-09-09 07:52:01"
"2024-09-01";"";"40 226 443";"3 002 403";"27 563 005";"2024-09-02 01:46:48"
"2024-09-05";"Unknown";"8 218 614";"181 953";"27 562 597";"2024-09-05 18:27:05"
"2024-09-07";"Unknown";"791 185";"33 844";"27 561 792";"2024-09-07 08:29:30"
"2024-09-05";"";"105 922";"69 782";"27 561 700";"2024-09-05 03:24:17"
"2024-09-01";"";"131 161";"54 846";"27 563 136";"2024-09-01 10:07:00"
"2024-09-05";"";"73 698";"106 336";"27 561 796";"2024-09-05 13:34:00"
"2024-09-01";"Instagram";"806 430";"46 303";"27 561 497";"2024-09-01 16:13:07"
"2024-09-07";"";"99 570 193";"6 024 523";"27 563 156";"2024-09-07 23:56:07"
"2024-09-01";"Apple Music";"158 392";"27 063";"27 562 473";"2024-09-01 10:55:54"
"2024-09-04";"";"116 294";"15 492";"27 562 787";"2024-09-04 05:26:57"
"2024-09-09";"TikTok";"446";"30 288";"27 562 813";"2024-09-09 17:14:07"
"2024-09-04";"";"53 195";"4 114";"27 561 460";"2024-09-05 00:09:33"
"2024-09-04";"";"9 964 086";"573 298";"27 562 099";"2024-09-04 19:04:13"
"2024-09-09";"";"442 543";"17 231";"27 561 384";"2024-09-09 09:54:37"
"2024-09-08";"";"80 725";"17 102";"27 563 006";"2024-09-08 06:27:18"
"2024-09-06";"";"497 958";"77 924";"27 563 395";"2024-09-06 05:02:58"
"2024-09-10";"";"53 180";"43 808";"27 562 039";"2024-09-10 07:28:09"
"2024-09-05";"YouTube";"283 206";"2 173 865";"27 563 216";"2024-09-06 02:11:30"
"2024-09-09";"";"25 738";"18 518";"27 563 488";"2024-09-09 03:36:22"
"2024-09-07";"WhatsApp";"153 905";"257 852";"27 563 031";"2024-09-07 16:37:37"
"2024-09-09";"Telegram";"534 320 232";"30 206 712";"27 563 267";"2024-09-09 03:24:49"
"2024-09-02";"";"171 268";"6 387";"27 563 157";"2024-09-02 10:55:36"
"2024-09-02";"";"380 587";"14 003";"27 563 509";"2024-09-02 09:30:45"
"2024-09-05";"";"92 799";"52 310";"27 562 653";"2024-09-05 08:29:11"
"2024-09-05";"";"2 340 656";"82 716";"27 562 427";"2024-09-05 23:32:53"
"2024-09-08";"Instagram";"7 501 470";"7 918 114";"27 562 402";"2024-09-08 19:04:55"
"2024-09-05";"";"3 030 437";"124 638";"27 561 357";"2024-09-05 14:35:50"
"2024-09-02";"";"777 612";"75 740";"27 562 698";"2024-09-02 11:32:13"
"2024-09-04";"";"27 644";"2 586";"27 562 849";"2024-09-04 17:50:02"
"2024-09-03";"";"346 688";"5 145";"27 562 675";"2024-09-03 20:53:38"
"2024-09-08";"";"26 304";"6 274";"27 562 039";"2024-09-08 13:58:25"
"2024-09-08";"";"104 754";"8 472";"27 562 365";"2024-09-08 21:06:52"
"2024-09-01";"Tas-ix";"284 267";"9 982";"27 561 697";"2024-09-01 12:09:02"
"2024-09-10";"YouTube";"94 372";"739 757";"27 563 317";"2024-09-10 12:09:01"
"2024-09-09";"YouTube";"1 867 758";"967 919";"27 562 571";"2024-09-09 08:17:36"
"2024-09-08";"Facebook";"62 598";"7 993";"27 563 247";"2024-09-08 10:31:45"
"2024-09-05";"Apple Music";"33 751";"5 767";"27 562 048";"2024-09-05 17:38:35"
"2024-09-07";"";"3 260";"192 037";"27 562 468";"2024-09-07 12:57:32"
"2024-09-02";"";"7 513";"33 576";"27 561 392";"2024-09-02 04:49:50"
"2024-09-07";"IMO";"25 761";"4 874";"27 562 799";"2024-09-07 14:35:06"
"2024-09-02";"";"93 189";"276 725";"27 561 279";"2024-09-02 05:14:39"
"2024-09-04";"Instagram";"204 884";"25 198";"27 561 461";"2024-09-04 21:42:20"
"2024-09-09";"";"77 208";"56 391";"27 561 898";"2024-09-09 18:39:15"
"2024-09-08";"";"194 396";"55 750";"27 562 677";"2024-09-08 21:06:41"
"2024-09-02";"YouTube";"16 607";"165 788";"27 563 462";"2024-09-02 22:55:23"
"2024-09-09";"";"51 633 270";"3 188 294";"27 561 275";"2024-09-09 23:44:55"
"2024-09-05";"";"1 303 031";"143 353";"27 561 708";"2024-09-05 03:24:03"
"2024-09-04";"";"1 884 229";"105 691";"27 561 402";"2024-09-04 11:20:39"
"2024-09-06";"";"39 396";"4 445";"27 561 908";"2024-09-06 20:41:18"
"2024-09-03";"YouTube";"1 311 080";"364 019";"27 561 993";"2024-09-03 22:19:10"
"2024-09-06";"";"723 144";"782 328";"27 561 787";"2024-09-06 03:12:54"
"2024-09-05";"Instagram";"2 644 915";"186 534";"27 562 544";"2024-09-05 04:49:54"
"2024-09-07";"";"28 224";"1 619";"27 562 824";"2024-09-07 14:23:58"
"2024-09-07";"";"210 142";"62 845";"27 562 402";"2024-09-07 14:47:29"
"2024-09-03";"";"10 103 856";"1 477 467";"27 563 100";"2024-09-03 06:03:13"
"2024-09-05";"YouTube";"218 539";"32 097";"27 561 862";"2024-09-05 07:16:46"
"2024-09-02";"Yandex";"1 218 480";"39 699";"27 562 740";"2024-09-02 06:39:41"
"2024-09-06";"";"410 345";"21 423";"27 562 653";"2024-09-06 11:08:57"
"2024-09-03";"";"17 989";"49 116";"27 561 491";"2024-09-03 04:25:11"
"2024-09-08";"";"41 130";"11 208";"27 562 152";"2024-09-08 21:18:43"
"2024-09-06";"";"143 063";"143 556";"27 561 222";"2024-09-06 14:59:46"
"2024-09-06";"";"749 903";"63 989";"27 563 174";"2024-09-06 07:52:38"
"2024-09-04";"YouTube";"3 045 104";"1 094 239";"27 561 491";"2024-09-04 18:03:53"
"2024-09-03";"Telegram";"68 050 117";"10 697 836";"27 562 405";"2024-09-03 20:53:39"
"2024-09-04";"";"73 762";"3 616";"27 562 527";"2024-09-04 05:38:53"
